acceleration_ecic_x_m_s2,acceleration_ecic_y_m_s2,acceleration_ecic_z_m_s2,aero_force_body_x_n,aero_force_body_y_n,aero_force_body_z_n,aero_moment_body_x_nm,aero_moment_body_y_nm,aero_moment_body_z_nm,air_relative_speed_m_s,air_relative_velocity_m_s,angular_acceleration_body_x_rad_s2,angular_acceleration_body_y_rad_s2,angular_acceleration_body_z_rad_s2,attitude_control_error_magnitude_rad,attitude_control_error_rad,attitude_quaternion,attitude_rate_rad_s,candidate_index,configuration_variant_id,drag_force_n,event_id,fidelity,force_body_x_n,force_body_y_n,force_body_z_n,force_ecic_x_n,force_ecic_y_n,force_ecic_z_n,gravity_force_body_x_n,gravity_force_body_y_n,gravity_force_body_z_n,heat_rate_w_m2,inertia_x_kg_m2,inertia_xz_kg_m2,inertia_y_kg_m2,inertia_z_kg_m2,left_wing_flap_deg,lower_left_body_flap_deg,lower_right_body_flap_deg,mass_kg,mass_property_profile_id,mission_bank_command_deg,mission_profile_id,mission_segment,moment_body_x_nm,moment_body_y_nm,moment_body_z_nm,pitch_deg,position_m,projected_area_m2,propellant_mass_rate_kg_s,propulsion_force_body_x_n,propulsion_force_body_y_n,propulsion_force_body_z_n,propulsion_moment_body_x_nm,propulsion_moment_body_y_nm,propulsion_moment_body_z_nm,pseudo6dof_profile_id,query_id,right_wing_flap_deg,roll_deg,rotation_equation_residual_nm,rotation_equation_residual_normalized,rudder_deg,specific_energy_j_per_kg,surface_allocation_achieved_bank_deg,surface_allocation_achieved_pitch_deg,surface_allocation_achieved_yaw_deg,surface_allocation_active,surface_allocation_requested_bank_deg,surface_allocation_requested_pitch_deg,surface_allocation_requested_yaw_deg,surface_allocation_residual_deg,surface_allocation_saturated,termination,time_s,total_force_body_x_n,total_force_body_y_n,total_force_body_z_n,total_force_ecic_n,total_force_ecic_x_n,total_force_ecic_y_n,total_force_ecic_z_n,total_moment_body_x_nm,total_moment_body_y_nm,total_moment_body_z_nm,translation_equation_residual_n,translation_equation_residual_normalized,upper_left_body_flap_deg,upper_right_body_flap_deg,velocity_m_s,wind_velocity_m_s,yaw_deg
2.523786163463105,0.0,-5.4353241374425725,-61124.61162150002,0.0,-3.4745319011051388e-12,0.0,0.0,0.0,250.0,"[125.00000000000003, 0.0, 216.50635094610965]",0.0,0.0,0.0,0.0,"[0.0, 0.0, 0.0]","[0.8660254037844387, 0.0, -0.49999999999999994, 0.0]","[0.0, 0.0, 0.0]",0,nominal,61124.61162149999,,rigid_body_6dof_surface_allocated,58875.38837849998,0.0,-3.4745319011051388e-12,29437.694189250004,0.0,50987.581993456086,-99060.96209633096,0.0,-57192.87313250001,0.0,31190.760000000002,0.0,160480.6870520227,160480.6870520227,-0.0,14.999999999999998,14.999999999999998,11664.1,generic_slender_body_v1,0.0,none,unprofiled,0.0,0.0,0.0,-59.99999999999999,"[0.0, 0.0, 0.0]",26.612075808,100.0,120000.0,0.0,0.0,0.0,0.0,0.0,,query-000000,0.0,0.0,0.0,0.0,0.0,31250.0,0.0,59.99999999999999,0.0,1.0,0.0,59.99999999999999,0.0,0.0,0.0,,0.0,-40185.57371783098,0.0,-57192.87313250001,69899.24943932853,29437.694189250004,0.0,-63398.16427154391,0.0,0.0,0.0,2.9103830456733704e-11,2.544358139632906e-16,14.999999999999998,14.999999999999998,"[125.00000000000003, 0.0, 216.50635094610965]","[0.0, 0.0, 0.0]",0.0
2.5926126646720467,0.0,-5.118581184987518,-58059.291877860924,0.0,1142.13964303261,0.0,0.0,0.0,246.7588889695603,"[127.55865097783237, 0.0, 211.23148403163609]",0.0,0.0,0.0,0.0,"[0.0, 0.0, 0.0]","[0.8660254037844387, 0.0, -0.49999999999999994, 0.0]","[0.0, 0.0, 0.0]",0,nominal,58070.524849727626,,rigid_body_6dof_surface_allocated,61940.708122139076,0.0,1142.13964303261,29981.232115534018,0.0,54213.29658368585,-98211.6812937287,0.0,-56702.54063250002,0.0,31190.760000000002,0.0,160480.6870520227,160480.6870520227,-0.0,14.999999999999998,14.999999999999998,11564.1,generic_slender_body_v1,0.0,none,unprofiled,0.0,0.0,0.0,-59.99999999999999,"[126.2735907274151, 0.0, 213.84252703182167]",26.612075808,100.0,120000.0,0.0,0.0,0.0,0.0,0.0,,query-000000,0.0,0.0,0.0,0.0,0.0,32542.05346046251,0.0,59.99999999999999,0.0,1.0,0.0,59.99999999999999,0.0,0.0,0.0,,1.0,-36270.97317158963,0.0,-55560.40098946741,66351.6514709663,29981.232115534018,0.0,-59191.78468131415,0.0,0.0,0.0,1.0289757937229989e-11,9.073454048487771e-17,14.999999999999998,14.999999999999998,"[127.55865097783237, 0.0, 211.23148403163609]","[0.0, 0.0, 0.0]",0.0
2.65628525598545,0.0,-4.825240365148808,-55317.599838121816,0.0,2181.552953920691,0.0,0.0,0.0,243.90881142204907,"[130.18350829121027, 0.0, 206.26139352362839]",0.0,0.0,0.0,0.0,"[0.0, 0.0, 0.0]","[0.8660254037844387, 0.0, -0.49999999999999994, 0.0]","[0.0, 0.0, 0.0]",0,nominal,55360.59993480322,,rigid_body_6dof_surface_allocated,64682.400161878184,0.0,2181.552953920691,30451.919803142802,0.0,57107.37819489754,-97362.40049112642,0.0,-56212.20813250002,0.0,31190.760000000002,0.0,160480.6870520227,160480.6870520227,-0.0,14.999999999999998,14.999999999999998,11464.1,generic_slender_body_v1,0.0,none,unprofiled,0.0,0.0,0.0,-59.99999999999999,"[255.13936497638434, 0.0, 422.564524822452]",26.612075808,100.0,120000.0,0.0,0.0,0.0,0.0,0.0,,query-000000,0.0,0.0,0.0,0.0,0.0,33889.696542008445,0.0,59.99999999999999,0.0,1.0,0.0,59.99999999999999,0.0,0.0,0.0,,2.0000000000000004,-32680.000329248236,0.0,-54030.65517857933,63145.024511407115,30451.919803142802,0.0,-55317.038070102455,0.0,0.0,0.0,1.0289757937229989e-11,9.152600724183968e-17,14.999999999999998,14.999999999999998,"[130.18350829121027, 0.0, 206.26139352362839]","[0.0, 0.0, 0.0]",0.0
2.715283493746906,0.0,-4.552353563706763,-52860.94334145704,0.0,3132.442958518004,0.0,0.0,0.0,241.42597562360666,"[132.86966413118594, 0.0, 201.57418996358675]",0.0,0.0,0.0,0.0,"[0.0, 0.0, 0.0]","[0.8660254037844387, 0.0, -0.49999999999999994, 0.0]","[0.0, 0.0, 0.0]",0,nominal,52953.67343100098,,rigid_body_6dof_surface_allocated,67139.05665854296,0.0,3132.442958518004,30856.753151289216,0.0,59710.350131679974,-96513.11968852417,0.0,-55721.87563250003,0.0,31190.760000000002,0.0,160480.6870520227,160480.6870520227,-0.0,14.999999999999998,14.999999999999998,11364.1,generic_slender_body_v1,0.0,none,unprofiled,0.0,0.0,0.0,-59.99999999999999,"[386.66103523654004, 0.0, 626.4595794967562]",26.612075808,100.0,120000.0,0.0,0.0,0.0,0.0,0.0,,query-000000,0.0,0.0,0.0,0.0,0.0,35286.720688177025,0.0,59.99999999999999,0.0,1.0,0.0,59.99999999999999,0.0,0.0,0.0,,2.999999999999997,-29374.063029981204,0.0,-52589.432673982024,60236.89905581623,30856.753151289216,0.0,-51733.401133320025,0.0,0.0,0.0,2.4404303740081994e-11,2.1898315036122087e-16,14.999999999999998,14.999999999999998,"[132.86966413118594, 0.0, 201.57418996358675]","[0.0, 0.0, 0.0]",0.0
2.770018236437169,0.0,-4.2973949401701494,-50656.35358368007,0.0,4006.881063701219,0.0,0.0,0.0,239.2889388148153,"[135.61265473465036, 0.0, 197.1507142136212]",0.0,0.0,0.0,0.0,"[0.0, 0.0, 0.0]","[0.8660254037844387, 0.0, -0.49999999999999994, 0.0]","[0.0, 0.0, 0.0]",0,nominal,50814.57718266938,,rigid_body_6dof_surface_allocated,69343.64641631993,0.0,4006.881063701219,31201.762417051912,0.0,62056.79991942941,-95663.83888592188,0.0,-55231.54313250002,0.0,31190.760000000002,0.0,160480.6870520227,160480.6870520227,-0.0,14.999999999999998,14.999999999999998,11264.1,generic_slender_body_v1,0.0,none,unprofiled,0.0,0.0,0.0,-59.99999999999999,"[520.8976339320125, 0.0, 825.800788046071]",26.612075808,100.0,120000.0,0.0,0.0,0.0,0.0,0.0,,query-000000,0.0,0.0,0.0,0.0,0.0,36727.93741765222,0.0,59.99999999999999,0.0,1.0,0.0,59.99999999999999,0.0,0.0,0.0,,3.9999999999999933,-26320.192469601956,0.0,-51224.662068798796,57590.95880170364,31201.762417051912,0.0,-48406.28634557058,0.0,0.0,0.0,7.275957614183426e-12,6.586777411531365e-17,14.999999999999998,14.999999999999998,"[135.61265473465036, 0.0, 197.1507142136212]","[0.0, 0.0, 0.0]",0.0
2.820844168604346,0.0,-4.058189204782,-48675.52173750336,0.0,4815.162153800422,0.0,0.0,0.0,237.47822671726598,"[138.40839817674828, 0.0, 192.97415235964604]",0.0,0.0,0.0,0.0,"[0.0, 0.0, 0.0]","[0.8660254037844387, 0.0, -0.49999999999999994, 0.0]","[0.0, 0.0, 0.0]",0,nominal,48913.10870293926,,rigid_body_6dof_surface_allocated,71324.47826249665,0.0,4815.162153800422,31492.18638271578,0.0,64176.39116389328,-94814.55808331963,0.0,-54741.21063250002,0.0,31190.760000000002,0.0,160480.6870520227,160480.6870520227,-0.0,14.999999999999998,14.999999999999998,11164.1,generic_slender_body_v1,0.0,none,unprofiled,0.0,0.0,0.0,-59.99999999999999,"[657.9039253207552, 0.0, 1020.8432901290304]",26.612075808,100.0,120000.0,0.0,0.0,0.0,0.0,0.0,,query-000000,0.0,0.0,0.0,0.0,0.0,38209.006933532444,0.0,59.99999999999999,0.0,1.0,0.0,59.99999999999999,0.0,0.0,0.0,,4.99999999999999,-23490.079820822983,0.0,-49926.048478699595,55176.02891370579,31492.18638271578,0.0,-45306.03010110672,0.0,0.0,0.0,1.4999770885397668e-11,1.3700620348074898e-16,14.999999999999998,14.999999999999998,"[138.40839817674828, 0.0, 192.97415235964604]","[0.0, 0.0, 0.0]",0.0
2.8680698912760434,0.0,-3.8328538779142507,-46894.02403701868,0.0,5566.090643945168,0.0,0.0,0.0,235.97602357190138,"[141.25314342125296, 0.0, 189.02971505671138]",0.0,0.0,0.0,0.0,"[0.0, 0.0, 0.0]","[0.8660254037844387, 0.0, -0.49999999999999994, 0.0]","[0.0, 0.0, 0.0]",0,nominal,47223.202511489,,rigid_body_6dof_surface_allocated,73105.97596298132,0.0,5566.090643945168,31732.61208406727,0.0,66094.67767436894,-93965.27728071736,0.0,-54250.87813250002,0.0,31190.760000000002,0.0,160480.6870520227,160480.6870520227,-0.0,14.999999999999998,14.999999999999998,11064.1,generic_slender_body_v1,0.0,none,unprofiled,0.0,0.0,0.0,-59.99999999999999,"[797.73076101783, 0.0, 1211.8264481605047]",26.612075808,100.0,120000.0,0.0,0.0,0.0,0.0,0.0,,query-000000,0.0,0.0,0.0,0.0,0.0,39726.29968825649,0.0,59.99999999999999,0.0,1.0,0.0,59.99999999999999,0.0,0.0,0.0,,5.999999999999987,-20859.30131773604,0.0,-48684.78748855485,52965.26205230983,31732.61208406727,0.0,-42407.07859063106,0.0,0.0,0.0,3.637978807091713e-12,3.3529215860861003e-17,14.999999999999998,14.999999999999998,"[141.25314342125296, 0.0, 189.02971505671138]","[0.0, 0.0, 0.0]",0.0
2.9119660956847664,0.0,-3.6197524915971897,-45290.6942972117,0.0,6267.212668333892,0.0,0.0,0.0,234.76591982680867,"[144.14342846559447, 0.0, 185.30436892397222]",0.0,0.0,0.0,0.0,"[0.0, 0.0, 0.0]","[0.8660254037844387, 0.0, -0.49999999999999994, 0.0]","[0.0, 0.0, 0.0]",0,nominal,45722.258742909995,,rigid_body_6dof_surface_allocated,74709.30570278829,0.0,6267.212668333892,31927.087469697348,0.0,67833.76297187925,-93115.99647811509,0.0,-53760.54563250002,0.0,31190.760000000002,0.0,160480.6870520227,160480.6870520227,-0.0,14.999999999999998,14.999999999999998,10964.1,generic_slender_body_v1,0.0,none,unprofiled,0.0,0.0,0.0,-59.99999999999999,"[940.4253892759505, 0.0, 1398.9757336815364]",26.612075808,100.0,120000.0,0.0,0.0,0.0,0.0,0.0,,query-000000,0.0,0.0,0.0,0.0,0.0,41276.78393477181,0.0,59.99999999999999,0.0,1.0,0.0,59.99999999999999,0.0,0.0,0.0,,6.999999999999983,-18406.690775326802,0.0,-47493.332964166126,50935.47821846427,31927.087469697348,0.0,-39687.32829312075,0.0,0.0,0.0,1.0913936421275139e-11,1.0150507489155122e-16,14.999999999999998,14.999999999999998,"[144.14342846559447, 0.0, 185.30436892397222]","[0.0, 0.0, 0.0]",0.0
2.9527722150721014,0.0,-3.417456415885104,-43847.11261746317,0.0,6925.005944740605,0.0,0.0,0.0,233.8327071596072,"[147.0760458699252, 0.0, 181.78661025735167]",0.0,0.0,0.0,0.0,"[0.0, 0.0, 0.0]","[0.8660254037844387, 0.0, -0.49999999999999994, 0.0]","[0.0, 0.0, 0.0]",0,nominal,44390.59576332798,,rigid_body_6dof_surface_allocated,76152.88738253684,0.0,6925.005944740605,32079.212621764815,0.0,69412.83801718264,-92266.71567551284,0.0,-53270.21313250002,0.0,31190.760000000002,0.0,160480.6870520227,160480.6870520227,-0.0,14.999999999999998,14.999999999999998,10864.1,generic_slender_body_v1,0.0,none,unprofiled,0.0,0.0,0.0,-59.99999999999999,"[1086.0317262297713, 0.0, 1582.5043670010973]",26.612075808,100.0,120000.0,0.0,0.0,0.0,0.0,0.0,,query-000000,0.0,0.0,0.0,0.0,0.0,42857.933919446616,0.0,59.99999999999999,0.0,1.0,0.0,59.99999999999999,0.0,0.0,0.0,,7.99999999999998,-16113.828292976003,0.0,-46345.20718775942,49066.625026914786,32079.212621764815,0.0,-37127.58824781736,0.0,0.0,0.0,9.094947017729282e-12,8.536615946239271e-17,14.999999999999998,14.999999999999998,"[147.0760458699252, 0.0, 181.78661025735167]","[0.0, 0.0, 0.0]",0.0
2.9907018590942256,0.0,-3.224713529265409,-42547.18626835839,0.0,7545.03615689671,0.0,0.0,0.0,233.16221247422467,"[150.04801430701315, 0.0, 178.46627336389884]",0.0,0.0,0.0,0.0,"[0.0, 0.0, 0.0]","[0.8660254037844387, 0.0, -0.49999999999999994, 0.0]","[0.0, 0.0, 0.0]",0,nominal,43211.00126082782,,rigid_body_6dof_surface_allocated,77452.81373164161,0.0,7545.03615689671,32192.213881476157,0.0,70848.6223646342,-91417.43487291055,0.0,-52779.880632500004,0.0,31190.760000000002,0.0,160480.6870520227,160480.6870520227,-0.0,14.999999999999998,14.999999999999998,10764.1,generic_slender_body_v1,0.0,none,unprofiled,0.0,0.0,0.0,-59.99999999999999,"[1234.59059578102, 0.0, 1762.6147484311355]",26.612075808,100.0,120000.0,0.0,0.0,0.0,0.0,0.0,,query-000000,0.0,0.0,0.0,0.0,0.0,44467.65458563994,0.0,59.99999999999999,0.0,1.0,0.0,59.99999999999999,0.0,0.0,0.0,,8.999999999999991,-13964.621141268944,0.0,-45234.84447560329,47341.33287467933,32192.213881476157,0.0,-34711.1389003658,0.0,0.0,0.0,1.1647215137477994e-11,1.1033764189972465e-16,14.999999999999998,14.999999999999998,"[150.04801430701315, 0.0, 178.46627336389884]","[0.0, 0.0, 0.0]",0.0
3.0259472680308566,0.0,-3.0404223541297792,-41376.804186540765,0.0,8132.086674301222,0.0,0.0,0.0,232.74116401968092,"[153.05655503900272, 0.0, 175.33436739221648]",0.0,0.0,0.0,0.0,"[0.0, 0.0, 0.0]","[0.8660254037844387, 0.0, -0.49999999999999994, 0.0]","[0.0, 0.0, 0.0]",0,nominal,42168.36205462202,,rigid_body_6dof_surface_allocated,78623.19581345923,0.0,8132.086674301222,32269.004261007856,0.0,72155.72823832462,-90568.1540703083,0.0,-52289.54813250002,0.0,31190.760000000002,0.0,160480.6870520227,160480.6870520227,-0.0,14.999999999999998,14.999999999999998,10664.1,generic_slender_body_v1,0.0,none,unprofiled,0.0,0.0,0.0,-59.99999999999999,"[1386.1399435785654, 0.0, 1939.4997125590212]",26.612075808,100.0,120000.0,0.0,0.0,0.0,0.0,0.0,,query-000000,0.0,0.0,0.0,0.0,0.0,46104.21957078493,0.0,59.99999999999999,0.0,1.0,0.0,59.99999999999999,0.0,0.0,0.0,,10.000000000000004,-11944.958256849073,0.0,-44157.4614581988,45744.54535996809,32269.004261007856,0.0,-32423.36802667538,0.0,0.0,0.0,1.0289757937229989e-11,9.839210994093963e-17,14.999999999999998,14.999999999999998,"[153.05655503900272, 0.0, 175.33436739221648]","[0.0, 0.0, 0.0]",0.0
3.058682973322852,0.0,-2.8636105818780786,-40323.550597423724,0.0,8690.26690201053,0.0,0.0,0.0,232.55708395942904,"[156.09907243776752, 0.0, 172.38293675355902]",0.0,0.0,0.0,0.0,"[0.0, 0.0, 0.0]","[0.8660254037844387, 0.0, -0.49999999999999994, 0.0]","[0.0, 0.0, 0.0]",0,nominal,41249.357226642576,,rigid_body_6dof_surface_allocated,79676.44940257628,0.0,8690.26690201053,32312.232798479945,0.0,73346.96271698178,-89718.87326770602,0.0,-51799.21563250001,0.0,31190.760000000002,0.0,160480.6870520227,160480.6870520227,-0.0,14.999999999999998,14.999999999999998,10564.1,generic_slender_body_v1,0.0,none,unprofiled,0.0,0.0,0.0,-59.99999999999999,"[1540.7150295631284, 0.0, 2113.343631511237]",26.612075808,100.0,120000.0,0.0,0.0,0.0,0.0,0.0,,query-000000,0.0,0.0,0.0,0.0,0.0,47766.219973816136,0.0,59.99999999999999,0.0,1.0,0.0,59.99999999999999,0.0,0.0,0.0,,11.000000000000016,-10042.423865129735,0.0,-43108.94873048948,44263.209754093725,32312.232798479945,0.0,-30251.46854801821,0.0,0.0,0.0,1.4665161412810538e-11,1.4155775559282102e-16,14.999999999999998,14.999999999999998,"[156.09907243776752, 0.0, 172.38293675355902]","[0.0, 0.0, 0.0]",0.0
3.0890688124605625,0.0,-2.6934171434287384,-39376.46640191467,0.0,9223.103391274477,0.0,0.0,0.0,232.59820266056673,"[159.1731378319886, 0.0, 169.60494118287008]",0.0,0.0,0.0,0.0,"[0.0, 0.0, 0.0]","[0.8660254037844387, 0.0, -0.49999999999999994, 0.0]","[0.0, 0.0, 0.0]",0,nominal,40442.202492782904,,rigid_body_6dof_surface_allocated,80623.53359808533,0.0,9223.103391274477,32324.324960468573,0.0,74433.57993444733,-88869.59246510376,0.0,-51308.88313250002,0.0,31190.760000000002,0.0,160480.6870520227,160480.6870520227,-0.0,14.999999999999998,14.999999999999998,10464.1,generic_slender_body_v1,0.0,none,unprofiled,0.0,0.0,0.0,-59.99999999999999,"[1698.3486027494755, 0.0, 2284.323388753352]",26.612075808,100.0,120000.0,0.0,0.0,0.0,0.0,0.0,,query-000000,0.0,0.0,0.0,0.0,0.0,49452.521900781096,0.0,59.99999999999999,0.0,1.0,0.0,59.99999999999999,0.0,0.0,0.0,,12.000000000000028,-8246.058867018437,0.0,-42085.779741225546,42886.0157075157,32324.324960468573,0.0,-28184.186330552664,0.0,0.0,0.0,1.0289757937229989e-11,1.002726751102507e-16,14.999999999999998,14.999999999999998,"[159.1731378319886, 0.0, 169.60494118287008]","[0.0, 0.0, 0.0]",0.0
3.1172524167067817,0.0,-2.5290771583623632,-38525.8493532248,0.0,9733.616952297916,0.0,0.0,0.0,232.85339073534269,"[162.2764760967055, 0.0, 166.99415224067442]",0.0,0.0,0.0,0.0,"[0.0, 0.0, 0.0]","[0.8660254037844387, 0.0, -0.49999999999999994, 0.0]","[0.0, 0.0, 0.0]",0,nominal,39736.436269014266,,rigid_body_6dof_surface_allocated,81474.1506467752,0.0,9733.616952297916,32307.51577199076,0.0,75425.49268801663,-88020.3116625015,0.0,-50818.55063250001,0.0,31190.760000000002,0.0,160480.6870520227,160480.6870520227,-0.0,14.999999999999998,14.999999999999998,10364.1,generic_slender_body_v1,0.0,none,unprofiled,0.0,0.0,0.0,-59.99999999999999,"[1859.0710612708215, 0.0, 2452.6092414111367]",26.612075808,100.0,120000.0,0.0,0.0,0.0,0.0,0.0,,query-000000,0.0,0.0,0.0,0.0,0.0,51162.231205757605,0.0,59.99999999999999,0.0,1.0,0.0,59.99999999999999,0.0,0.0,0.0,,13.00000000000004,-6546.161015726291,0.0,-41084.93368020209,41603.17295051448,32307.51577199076,0.0,-26211.608576983373,0.0,0.0,0.0,7.332580706405269e-12,7.214472486072695e-17,14.999999999999998,14.999999999999998,"[162.2764760967055, 0.0, 166.99415224067442]","[0.0, 0.0, 0.0]",0.0
3.1433712672480643,0.0,-2.3699092331036073,-37763.08589603079,0.0,10224.388325250262,0.0,0.0,0.0,233.31210549764728,"[165.40695450765065, 0.0, 164.54506365202596]",0.0,0.0,0.0,0.0,"[0.0, 0.0, 0.0]","[0.8660254037844387, 0.0, -0.49999999999999994, 0.0]","[0.0, 0.0, 0.0]",0,nominal,39122.739845472395,,rigid_body_6dof_surface_allocated,82236.9141039692,0.0,10224.388325250262,32263.877024160858,0.0,76331.45090550126,-87171.03085989923,0.0,-50328.21813250001,0.0,31190.760000000002,0.0,160480.6870520227,160480.6870520227,-0.0,14.999999999999998,14.999999999999998,10264.1,generic_slender_body_v1,0.0,none,unprofiled,0.0,0.0,0.0,-59.99999999999999,"[2022.9106001811174, 0.0, 2618.365586207732]",26.612075808,100.0,120000.0,0.0,0.0,0.0,0.0,0.0,,query-000000,0.0,0.0,0.0,0.0,0.0,52894.6641618567,0.0,59.99999999999999,0.0,1.0,0.0,59.99999999999999,0.0,0.0,0.0,,14.000000000000053,-4934.116755930023,0.0,-40103.82980724975,40406.22072614566,32263.877024160858,0.0,-24324.985359498736,0.0,0.0,0.0,7.275957614183426e-12,7.228507072342481e-17,14.999999999999998,14.999999999999998,"[165.40695450765065, 0.0, 164.54506365202596]","[0.0, 0.0, 0.0]",0.0
-2.7336719718611606,0.0,-12.437379059082884,-37049.3050528986,0.0,10693.292277890017,0.0,0.0,0.0,233.86982040474138,"[168.51338072192974, 0.0, 162.16760901552428]",0.0,0.0,0.0,0.0,"[0.0, 0.0, 0.0]","[0.8660254037844387, 0.0, -0.49999999999999994, 0.0]","[0.0, 0.0, 0.0]",0,nominal,38561.60661387334,,rigid_body_6dof_surface_allocated,-37049.3050528986,0.0,10693.292277890017,-27785.315289194023,0.0,-26738.993229424334,-86321.75005729697,0.0,-49837.88563250002,0.0,31190.760000000002,0.0,160480.6870520227,160480.6870520227,-0.0,14.999999999999998,14.999999999999998,10164.1,generic_slender_body_v1,0.0,none,unprofiled,0.0,0.0,0.0,-59.99999999999999,"[2189.8933490778186, 0.0, 2781.7516417537695]",26.612075808,0.0,0.0,0.0,0.0,0.0,0.0,0.0,,query-000000,0.0,0.0,0.0,0.0,0.0,54627.211185677595,0.0,59.99999999999999,0.0,1.0,0.0,59.99999999999999,0.0,0.0,0.0,,15.000000000000012,-123371.05511019556,0.0,-39144.593354610006,129432.28510654012,-27785.315289194023,0.0,-126414.76449442434,0.0,0.0,0.0,2.1827872842550278e-11,1.6864318531178688e-16,14.999999999999998,14.999999999999998,"[168.51338072192974, 0.0, 162.16760901552428]","[0.0, 0.0, 0.0]",0.0
-2.525917300320071,0.0,-12.089278419866385,-32929.3752161945,0.0,10633.62389122037,0.0,0.0,0.0,223.58545983327812,"[165.88563341910427, 0.0, 149.90802004562994]",0.0,0.0,0.0,0.0,"[0.0, 0.0, 0.0]","[0.8660254037844387, 0.0, -0.49999999999999994, 0.0]","[0.0, 0.0, 0.0]",0,nominal,34603.72392082761,,rigid_body_6dof_surface_allocated,-32929.3752161945,0.0,10633.62389122037,-25673.67603218323,0.0,-23200.863522363936,-86321.75005729697,0.0,-49837.88563250002,0.0,31190.760000000002,0.0,160480.6870520227,160480.6870520227,-0.0,14.999999999999998,14.999999999999998,10164.1,generic_slender_body_v1,0.0,none,unprofiled,0.0,0.0,0.0,-59.99999999999999,"[2357.0755480469084, 0.0, 2937.760457412623]",26.612075808,0.0,0.0,0.0,0.0,0.0,0.0,0.0,,query-000000,0.0,0.0,0.0,0.0,0.0,53804.81751411471,0.0,59.99999999999999,0.0,1.0,0.0,59.99999999999999,0.0,0.0,0.0,,16.000000000000025,-119251.12527349147,0.0,-39204.26174127965,125530.09606334537,-25673.67603218323,0.0,-122876.63478736393,0.0,0.0,0.0,3.253907165344266e-11,2.592133095877079e-16,14.999999999999998,14.999999999999998,"[165.88563341910427, 0.0, 149.90802004562994]","[0.0, 0.0, 0.0]",0.0
-2.341127064774887,0.0,-11.782848907597756,-29292.956419425398,0.0,10564.322188916969,0.0,0.0,0.0,213.9026078043625,"[163.4538982656895, 0.0, 137.97517445996056]",0.0,0.0,0.0,0.0,"[0.0, 0.0, 0.0]","[0.8660254037844387, 0.0, -0.49999999999999994, 0.0]","[0.0, 0.0, 0.0]",0,nominal,31139.72060089171,,rigid_body_6dof_surface_allocated,-29292.956419425398,0.0,10564.322188916969,-23795.449599078427,0.0,-20086.283316714358,-86321.75005729697,0.0,-49837.88563250002,0.0,31190.760000000002,0.0,160480.6870520227,160480.6870520227,-0.0,14.999999999999998,14.999999999999998,10164.1,generic_slender_body_v1,0.0,none,unprofiled,0.0,0.0,0.0,-59.99999999999999,"[2521.7299186207374, 0.0, 3081.676526804005]",26.612075808,0.0,0.0,0.0,0.0,0.0,0.0,0.0,,query-000000,0.0,0.0,0.0,0.0,0.0,53098.08592433595,0.0,59.99999999999999,0.0,1.0,0.0,59.99999999999999,0.0,0.0,0.0,,17.00000000000004,-115614.70647672238,0.0,-39273.56344358306,122103.12501838687,-23795.449599078427,0.0,-119762.05458171436,0.0,0.0,0.0,1.4551915228366852e-11,1.1917725468677033e-16,14.999999999999998,14.999999999999998,"[163.4538982656895, 0.0, 137.97517445996056]","[0.0, 0.0, 0.0]",0.0
-2.176467644597294,0.0,-11.51235471287938,-26075.159351154976,0.0,10489.594267300516,0.0,0.0,0.0,204.80167531802445,"[161.1966746402761, 0.0, 126.33035382672873]",0.0,0.0,0.0,0.0,"[0.0, 0.0, 0.0]","[0.8660254037844387, 0.0, -0.49999999999999994, 0.0]","[0.0, 0.0, 0.0]",0,nominal,28105.96952749911,,rigid_body_6dof_surface_allocated,-26075.159351154976,0.0,10489.594267300516,-22121.834786451353,0.0,-17336.953272177307,-86321.75005729697,0.0,-49837.88563250002,0.0,31190.760000000002,0.0,160480.6870520227,160480.6870520227,-0.0,14.999999999999998,14.999999999999998,10164.1,generic_slender_body_v1,0.0,none,unprofiled,0.0,0.0,0.0,-59.99999999999999,"[2684.0414866698516, 0.0, 3213.806756440467]",26.612075808,0.0,0.0,0.0,0.0,0.0,0.0,0.0,,query-000000,0.0,0.0,0.0,0.0,0.0,52488.541134581654,0.0,59.99999999999999,0.0,1.0,0.0,59.99999999999999,0.0,0.0,0.0,,18.000000000000053,-112396.90940845195,0.0,-39348.291365199504,119085.48726831656,-22121.834786451353,0.0,-117012.7245371773,0.0,0.0,0.0,0.0,0.0,14.999999999999998,14.999999999999998,"[161.1966746402761, 0.0, 126.33035382672873]","[0.0, 0.0, 0.0]",0.0
-2.0296146293542514,0.0,-11.272969295660245,-23221.68625575312,0.0,10413.508526347723,0.0,0.0,0.0,196.27138510727957,"[159.0950320949655, 0.0, 114.94010342187771]",0.0,0.0,0.0,0.0,"[0.0, 0.0, 0.0]","[0.8660254037844387, 0.0, -0.49999999999999994, 0.0]","[0.0, 0.0, 0.0]",0,nominal,25449.712618985497,,rigid_body_6dof_surface_allocated,-23221.68625575312,0.0,10413.508526347723,-20629.206054219547,0.0,-14903.815953020281,-86321.75005729697,0.0,-49837.88563250002,0.0,31190.760000000002,0.0,160480.6870520227,160480.6870520227,-0.0,14.999999999999998,14.999999999999998,10164.1,generic_slender_body_v1,0.0,none,unprofiled,0.0,0.0,0.0,-59.99999999999999,"[2844.1751049270147, 0.0, 3334.4220419578714]",26.612075808,0.0,0.0,0.0,0.0,0.0,0.0,0.0,,query-000000,0.0,0.0,0.0,0.0,0.0,51960.73822373118,0.0,59.99999999999999,0.0,1.0,0.0,59.99999999999999,0.0,0.0,0.0,,19.000000000000068,-109543.4363130501,0.0,-39424.3771061523,116421.84481221455,-20629.206054219547,0.0,-114579.58721802029,0.0,0.0,0.0,0.0,0.0,14.999999999999998,14.999999999999998,"[159.0950320949655, 0.0, 114.94010342187771]","[0.0, 0.0, 0.0]",0.0
-1.8986587623723257,0.0,-11.060588867539469,-20686.711136333823,0.0,10340.114642515233,0.0,0.0,0.0,188.30786063209135,"[157.132150102578, 0.0, 103.77541992194509]",0.0,0.0,0.0,0.0,"[0.0, 0.0, 0.0]","[0.8660254037844387, 0.0, -0.49999999999999994, 0.0]","[0.0, 0.0, 0.0]",0,nominal,23126.996961526926,,rigid_body_6dof_surface_allocated,-20686.711136333823,0.0,10340.114642515233,-19298.157526628554,0.0,-12745.160043557924,-86321.75005729697,0.0,-49837.88563250002,0.0,31190.760000000002,0.0,160480.6870520227,160480.6870520227,-0.0,14.999999999999998,14.999999999999998,10164.1,generic_slender_body_v1,0.0,none,unprofiled,0.0,0.0,0.0,-59.99999999999999,"[3002.2777852061467, 0.0, 3443.7621101444774]",26.612075808,0.0,0.0,0.0,0.0,0.0,0.0,0.0,,query-000000,0.0,0.0,0.0,0.0,0.0,51501.69488536591,0.0,59.99999999999999,0.0,1.0,0.0,59.99999999999999,0.0,0.0,0.0,,20.00000000000008,-107008.46119363079,0.0,-39497.77098998479,114065.26500300637,-19298.157526628554,0.0,-112420.93130855792,0.0,0.0,0.0,7.275957614183426e-12,6.378767115468198e-17,14.999999999999998,14.999999999999998,"[157.132150102578, 0.0, 103.77541992194509]","[0.0, 0.0, 0.0]",0.0
-1.7820318432914486,0.0,-10.871684532215351,-18431.201673529296,0.0,10273.542765321165,0.0,0.0,0.0,180.91378863345724,"[155.2929413691019, 0.0, 92.81110536268774]",0.0,0.0,0.0,0.0,"[0.0, 0.0, 0.0]","[0.8660254037844387, 0.0, -0.49999999999999994, 0.0]","[0.0, 0.0, 0.0]",0,nominal,21101.063387450213,,rigid_body_6dof_surface_allocated,-18431.201673529296,0.0,10273.542765321165,-18112.749858398613,0.0,-10825.117488890044,-86321.75005729697,0.0,-49837.88563250002,0.0,31190.760000000002,0.0,160480.6870520227,160480.6870520227,-0.0,14.999999999999998,14.999999999999998,10164.1,generic_slender_body_v1,0.0,none,unprofiled,0.0,0.0,0.0,-59.99999999999999,"[3158.4806138118142, 0.0, 3542.039635012174]",26.612075808,0.0,0.0,0.0,0.0,0.0,0.0,0.0,,query-000000,0.0,0.0,0.0,0.0,0.0,51100.44244554776,0.0,59.99999999999999,0.0,1.0,0.0,59.99999999999999,0.0,0.0,0.0,,21.000000000000096,-104752.95173082627,0.0,-39564.34286717886,111975.52465977779,-18112.749858398613,0.0,-110500.88875389005,0.0,0.0,0.0,0.0,0.0,14.999999999999998,14.999999999999998,"[155.2929413691019, 0.0, 92.81110536268774]","[0.0, 0.0, 0.0]",0.0
-1.6784472514057305,0.0,-10.703183649181485,-16421.57268163371,0.0,10218.082897483631,0.0,0.0,0.0,174.0975731038755,"[153.56374154924626, 0.0, 82.02525368479863]",0.0,0.0,0.0,0.0,"[0.0, 0.0, 0.0]","[0.8660254037844387, 0.0, -0.49999999999999994, 0.0]","[0.0, 0.0, 0.0]",0,nominal,19341.077204696387,,rigid_body_6dof_surface_allocated,-16421.57268163371,0.0,10218.082897483631,-17059.905708012986,0.0,-9112.45766364552,-86321.75005729697,0.0,-49837.88563250002,0.0,31190.760000000002,0.0,160480.6870520227,160480.6870520227,-0.0,14.999999999999998,14.999999999999998,10164.1,generic_slender_body_v1,0.0,none,unprofiled,0.0,0.0,0.0,-59.99999999999999,"[3312.90032467934, 0.0, 3629.4437765514476]",26.612075808,0.0,0.0,0.0,0.0,0.0,0.0,0.0,,query-000000,0.0,0.0,0.0,0.0,0.0,50747.667291647886,0.0,59.99999999999999,0.0,1.0,0.0,59.99999999999999,0.0,0.0,0.0,,22.00000000000011,-102743.32273893068,0.0,-39619.80273501639,110117.75123111477,-17059.905708012986,0.0,-108788.22892864552,0.0,0.0,0.0,1.4551915228366852e-11,1.3214867780786167e-16,14.999999999999998,14.999999999999998,"[153.56374154924626, 0.0, 82.02525368479863]","[0.0, 0.0, 0.0]",0.0
-1.5868510551343855,0.0,-10.552373691134347,-14628.591361933331,0.0,10178.243143914491,0.0,0.0,0.0,167.8724028464428,"[151.93205285333596, 0.0, 71.39884420079578]",0.0,0.0,0.0,0.0,"[0.0, 0.0, 0.0]","[0.8660254037844387, 0.0, -0.49999999999999994, 0.0]","[0.0, 0.0, 0.0]",0,nominal,17821.120018985144,,rigid_body_6dof_surface_allocated,-14628.591361933331,0.0,10178.243143914491,-16128.912809491407,0.0,-7579.610169058615,-86321.75005729697,0.0,-49837.88563250002,0.0,31190.760000000002,0.0,160480.6870520227,160480.6870520227,-0.0,14.999999999999998,14.999999999999998,10164.1,generic_slender_body_v1,0.0,none,unprofiled,0.0,0.0,0.0,-59.99999999999999,"[3465.6405900570053, 0.0, 3706.1432613643547]",26.612075808,0.0,0.0,0.0,0.0,0.0,0.0,0.0,,query-000000,0.0,0.0,0.0,0.0,0.0,50435.421632777936,0.0,59.99999999999999,0.0,1.0,0.0,59.99999999999999,0.0,0.0,0.0,,23.000000000000124,-100950.3414192303,0.0,-39659.64248858553,108461.32340600304,-16128.912809491407,0.0,-107255.38143405863,0.0,0.0,0.0,1.4551915228366852e-11,1.3416686032766444e-16,14.999999999999998,14.999999999999998,"[151.93205285333596, 0.0, 71.39884420079578]","[0.0, 0.0, 0.0]",0.0
-1.506380632087371,0.0,-10.416823878962242,-13026.477210082281,0.0,10158.783725180358,0.0,0.0,0.0,162.25516219673858,"[150.3863325669499, 0.0, 60.91542199273257]",0.0,0.0,0.0,0.0,"[0.0, 0.0, 0.0]","[0.8660254037844387, 0.0, -0.49999999999999994, 0.0]","[0.0, 0.0, 0.0]",0,nominal,16519.3824121782,,rigid_body_6dof_surface_allocated,-13026.477210082281,0.0,10158.783725180358,-15311.003382599247,0.0,-6201.8683231601135,-86321.75005729697,0.0,-49837.88563250002,0.0,31190.760000000002,0.0,160480.6870520227,160480.6870520227,-0.0,14.999999999999998,14.999999999999998,10164.1,generic_slender_body_v1,0.0,none,unprofiled,0.0,0.0,0.0,-59.99999999999999,"[3616.7930778763557, 0.0, 3772.2891017091624]",26.612075808,0.0,0.0,0.0,0.0,0.0,0.0,0.0,,query-000000,0.0,0.0,0.0,0.0,0.0,50156.88774902112,0.0,59.99999999999999,0.0,1.0,0.0,59.99999999999999,0.0,0.0,0.0,,24.00000000000014,-99348.22726737926,0.0,-39679.101907319666,106978.97638948644,-15311.003382599247,0.0,-105877.63958816012,0.0,0.0,0.0,7.275957614183426e-12,6.801296721790735e-17,14.999999999999998,14.999999999999998,"[150.3863325669499, 0.0, 60.91542199273257]","[0.0, 0.0, 0.0]",0.0
-3.516960724539735,0.0,-4.9876633650403335,20922.800658715845,0.0,47265.01043037665,0.0,0.0,0.0,157.26513474690225,"[148.90281561728986, 0.0, 50.599151259726696]",0.0,0.0,0.0,0.0,"[0.0, 0.0, 0.0]","[0.8660254037844387, 0.0, -0.49999999999999994, 0.0]","[0.0, 0.0, 0.0]",0,nominal,15417.513261193331,booster-release,rigid_body_6dof_surface_allocated,20922.800658715845,0.0,47265.01043037665,-30471.299413484718,0.0,41752.182103954045,-73582.53801826296,0.0,-42482.898132500006,0.0,31190.760000000002,0.0,160480.6870520227,160480.6870520227,-0.0,14.999999999999998,14.999999999999998,8664.1,generic_slender_body_v1,0.0,none,unprofiled,0.0,0.0,0.0,-59.99999999999999,"[3766.438317383044, 0.0, 3828.017031585556]",26.612075808,0.0,0.0,0.0,0.0,0.0,0.0,0.0,,query-000000,0.0,0.0,0.0,0.0,0.0,49906.18452627915,0.0,59.99999999999999,0.0,1.0,0.0,59.99999999999999,0.0,0.0,0.0,,25.000000000000014,-52659.737359547114,0.0,4782.112297876643,52876.427042737916,-30471.299413484718,0.0,-43213.61416104595,0.0,0.0,0.0,3.637978807091713e-12,4.281698009096759e-17,14.999999999999998,14.999999999999998,"[148.90281561728986, 0.0, 50.599151259726696]","[0.0, 0.0, 0.0]",0.0
-3.1763905733576223,0.0,-5.221046680608727,20647.015385355437,0.0,43698.5717669839,0.0,0.0,0.0,152.50129076514696,"[145.55798658948368, 0.0, 45.49193582440292]",0.0,0.0,0.0,0.0,"[0.0, 0.0, 0.0]","[0.8660254037844387, 0.0, -0.49999999999999994, 0.0]","[0.0, 0.0, 0.0]",0,nominal,14415.86345350441,booster-release,rigid_body_6dof_surface_allocated,20647.015385355437,0.0,43698.5717669839,-27520.565566627778,0.0,39730.12571953792,-73582.53801826296,0.0,-42482.898132500006,0.0,31190.760000000002,0.0,160480.6870520227,160480.6870520227,-0.0,14.999999999999998,14.999999999999998,8664.1,generic_slender_body_v1,0.0,none,unprofiled,0.0,0.0,0.0,-59.99999999999999,"[3913.6403382234544, 0.0, 3876.082019481488]",26.612075808,0.0,0.0,0.0,0.0,0.0,0.0,0.0,,query-000000,0.0,0.0,0.0,0.0,0.0,49639.70157886608,0.0,59.99999999999999,0.0,1.0,0.0,59.99999999999999,0.0,0.0,0.0,,26.00000000000003,-52935.52263290752,0.0,1215.6736344838937,52949.47987284335,-27520.565566627778,0.0,-45235.670545462075,0.0,0.0,0.0,2.0463630789890885e-12,2.4084551301169267e-17,14.999999999999998,14.999999999999998,"[145.55798658948368, 0.0, 45.49193582440292]","[0.0, 0.0, 0.0]",0.0
-2.8577037328438997,0.0,-5.421546846680409,20523.163661175946,0.0,40438.782268144474,0.0,0.0,0.0,148.0942299434977,"[142.54273615069982, 0.0, 40.168013558421634]",0.0,0.0,0.0,0.0,"[0.0, 0.0, 0.0]","[0.8660254037844387, 0.0, -0.49999999999999994, 0.0]","[0.0, 0.0, 0.0]",0,nominal,13526.352814490778,booster-release,rigid_body_6dof_surface_allocated,20523.163661175946,0.0,40438.782268144474,-24759.430911732834,0.0,37992.97223067626,-73582.53801826296,0.0,-42482.898132500006,0.0,31190.760000000002,0.0,160480.6870520227,160480.6870520227,-0.0,14.999999999999998,14.999999999999998,8664.1,generic_slender_body_v1,0.0,none,unprofiled,0.0,0.0,0.0,-59.99999999999999,"[4057.664143425358, 0.0, 3918.9286989379398]",26.612075808,0.0,0.0,0.0,0.0,0.0,0.0,0.0,,query-000000,0.0,0.0,0.0,0.0,0.0,49397.51259671854,0.0,59.99999999999999,0.0,1.0,0.0,59.99999999999999,0.0,0.0,0.0,,27.000000000000043,-53059.374357087014,0.0,-2044.1158643555318,53098.73460669673,-24759.430911732834,0.0,-46972.824034323734,0.0,0.0,0.0,1.129568986323122e-11,1.329439652163215e-16,14.999999999999998,14.999999999999998,"[142.54273615069982, 0.0, 40.168013558421634]","[0.0, 0.0, 0.0]",0.0
-2.560136456904896,0.0,-5.591747170582062,20535.170663268214,0.0,37468.72027784146,0.0,0.0,0.0,144.06671732440006,"[139.83553596389558, 0.0, 34.658937120440676]",0.0,0.0,0.0,0.0,"[0.0, 0.0, 0.0]","[0.8660254037844387, 0.0, -0.49999999999999994, 0.0]","[0.0, 0.0, 0.0]",0,nominal,12744.401580982752,booster-release,rigid_body_6dof_surface_allocated,20535.170663268214,0.0,37468.72027784146,-22181.278276269713,0.0,36518.33960435995,-73582.53801826296,0.0,-42482.898132500006,0.0,31190.760000000002,0.0,160480.6870520227,160480.6870520227,-0.0,14.999999999999998,14.999999999999998,8664.1,generic_slender_body_v1,0.0,none,unprofiled,0.0,0.0,0.0,-59.99999999999999,"[4198.828483691445, 0.0, 3956.356354675223]",26.612075808,0.0,0.0,0.0,0.0,0.0,0.0,0.0,,query-000000,0.0,0.0,0.0,0.0,0.0,49176.21156589007,0.0,59.99999999999999,0.0,1.0,0.0,59.99999999999999,0.0,0.0,0.0,,28.000000000000057,-53047.36735499474,0.0,-5014.177854658548,53283.81708224281,-22181.278276269713,0.0,-48447.45666064005,0.0,0.0,0.0,1.2370465364015621e-11,1.4559347299510208e-16,14.999999999999998,14.999999999999998,"[139.83553596389558, 0.0, 34.658937120440676]","[0.0, 0.0, 0.0]",0.0
-2.2826265295377266,0.0,-5.733785389336316,20671.59781663514,0.0,34771.154854460496,0.0,0.0,0.0,140.44123852314078,"[137.41577463214446, 0.0, 28.99390212029774]",0.0,0.0,0.0,0.0,"[0.0, 0.0, 0.0]","[0.8660254037844387, 0.0, -0.49999999999999994, 0.0]","[0.0, 0.0, 0.0]",0,nominal,12065.760525742,booster-release,rigid_body_6dof_surface_allocated,20671.59781663514,0.0,34771.154854460496,-19776.904514567817,0.0,35287.70627325122,-73582.53801826296,0.0,-42482.898132500006,0.0,31190.760000000002,0.0,160480.6870520227,160480.6870520227,-0.0,14.999999999999998,14.999999999999998,8664.1,generic_slender_body_v1,0.0,none,unprofiled,0.0,0.0,0.0,-59.99999999999999,"[4337.431014996776, 0.0, 3988.1946084094457]",26.612075808,0.0,0.0,0.0,0.0,0.0,0.0,0.0,,query-000000,0.0,0.0,0.0,0.0,0.0,48972.699395515345,0.0,59.99999999999999,0.0,1.0,0.0,59.99999999999999,0.0,0.0,0.0,,29.00000000000007,-52910.94020162782,0.0,-7711.74327803951,53469.97828133674,-19776.904514567817,0.0,-49678.08999174878,0.0,0.0,0.0,1.8749713606747085e-11,2.206736643562848e-16,14.999999999999998,14.999999999999998,"[137.41577463214446, 0.0, 28.99390212029774]","[0.0, 0.0, 0.0]",0.0
-2.0238571945368737,0.0,-5.849397875754886,20925.120795570416,0.0,32328.683886900108,0.0,0.0,0.0,137.23923175645604,"[135.2640336486991, 0.0, 23.20017099475453]",0.0,0.0,0.0,0.0,"[0.0, 0.0, 0.0]","[0.8660254037844387, 0.0, -0.49999999999999994, 0.0]","[0.0, 0.0, 0.0]",0,nominal,11486.509502402529,booster-release,rigid_body_6dof_surface_allocated,20925.120795570416,0.0,32328.683886900108,-17534.90111918693,0.0,34286.028129672086,-73582.53801826296,0.0,-42482.898132500006,0.0,31190.760000000002,0.0,160480.6870520227,160480.6870520227,-0.0,14.999999999999998,14.999999999999998,8664.1,generic_slender_body_v1,0.0,none,unprofiled,0.0,0.0,0.0,-59.99999999999999,"[4473.7493571595505, 0.0, 4014.3012774269705]",26.612075808,0.0,0.0,0.0,0.0,0.0,0.0,0.0,,query-000000,0.0,0.0,0.0,0.0,0.0,48784.150988830326,0.0,59.99999999999999,0.0,1.0,0.0,59.99999999999999,0.0,0.0,0.0,,30.000000000000085,-52657.417222692544,0.0,-10154.214245599898,53627.52703146269,-17534.90111918693,0.0,-50679.76813532791,0.0,0.0,0.0,9.094947017729282e-12,1.0704245022741896e-16,14.999999999999998,14.999999999999998,"[135.2640336486991, 0.0, 23.20017099475453]","[0.0, 0.0, 0.0]",0.0
-1.7822962714231338,0.0,-5.9399681702313085,21291.995921408197,0.0,30123.817352169513,0.0,0.0,0.0,134.48017831725903,"[133.36232213002555, 0.0, 17.30345041687024]",0.0,0.0,0.0,0.0,"[0.0, 0.0, 0.0]","[0.8660254037844387, 0.0, -0.49999999999999994, 0.0]","[0.0, 0.0, 0.0]",0,nominal,11003.04657820491,booster-release,rigid_body_6dof_surface_allocated,21291.995921408197,0.0,30123.817352169513,-15441.993125237175,0.0,33501.31804129892,-73582.53801826296,0.0,-42482.898132500006,0.0,31190.760000000002,0.0,160480.6870520227,160480.6870520227,-0.0,14.999999999999998,14.999999999999998,8664.1,generic_slender_body_v1,0.0,none,unprofiled,0.0,0.0,0.0,-59.99999999999999,"[4608.042407352522, 0.0, 4034.560634162084]",26.612075808,0.0,0.0,0.0,0.0,0.0,0.0,0.0,,query-000000,0.0,0.0,0.0,0.0,0.0,48607.983223126495,0.0,59.99999999999999,0.0,1.0,0.0,59.99999999999999,0.0,0.0,0.0,,31.0000000000001,-52290.54209685476,0.0,-12359.080780330492,53731.25413125656,-15441.993125237175,0.0,-51464.47822370108,0.0,0.0,0.0,1.1647215137477994e-11,1.3708122149707713e-16,14.999999999999998,14.999999999999998,"[133.36232213002555, 0.0, 17.30345041687024]","[0.0, 0.0, 0.0]",0.0
-1.5562339858102192,0.0,-6.006578560882802,21771.509256621415,0.0,28139.0377213862,0.0,0.0,0.0,132.18059679635337,"[131.69427335440318, 0.0, 11.328218531431839]",0.0,0.0,0.0,0.0,"[0.0, 0.0, 0.0]","[0.8660254037844387, 0.0, -0.49999999999999994, 0.0]","[0.0, 0.0, 0.0]",0,nominal,10612.069520196797,booster-release,rigid_body_6dof_surface_allocated,21771.509256621415,0.0,28139.0377213862,-13483.366876458322,0.0,32924.19895565531,-73582.53801826296,0.0,-42482.898132500006,0.0,31190.760000000002,0.0,160480.6870520227,160480.6870520227,-0.0,14.999999999999998,14.999999999999998,8664.1,generic_slender_body_v1,0.0,none,unprofiled,0.0,0.0,0.0,-59.99999999999999,"[4740.551869143766, 0.0, 4048.882018351577]",26.612075808,0.0,0.0,0.0,0.0,0.0,0.0,0.0,,query-000000,0.0,0.0,0.0,0.0,0.0,48441.82392998756,0.0,59.99999999999999,0.0,1.0,0.0,59.99999999999999,0.0,0.0,0.0,,32.000000000000114,-51811.028761641544,0.0,-14343.860411113805,53759.920320189885,-13483.366876458322,0.0,-52041.59730934469,0.0,0.0,0.0,7.275957614183426e-12,8.563396018193518e-17,14.999999999999998,14.999999999999998,"[131.69427335440318, 0.0, 11.328218531431839]","[0.0, 0.0, 0.0]",0.0
-1.3438225467841045,0.0,-6.050063099191072,22365.40735975034,0.0,26356.867255534755,0.0,0.0,0.0,130.35301188590864,"[130.2453028192384, 0.0, 5.297999740726172]",0.0,0.0,0.0,0.0,"[0.0, 0.0, 0.0]","[0.8660254037844387, 0.0, -0.49999999999999994, 0.0]","[0.0, 0.0, 0.0]",0,nominal,10310.551111623292,booster-release,rigid_body_6dof_surface_allocated,22365.40735975034,0.0,26356.867255534755,-11643.01292759216,0.0,32547.444567298626,-73582.53801826296,0.0,-42482.898132500006,0.0,31190.760000000002,0.0,160480.6870520227,160480.6870520227,-0.0,14.999999999999998,14.999999999999998,8664.1,generic_slender_body_v1,0.0,none,unprofiled,0.0,0.0,0.0,-59.99999999999999,"[4871.503958982196, 0.0, 4057.198750320165]",26.612075808,0.0,0.0,0.0,0.0,0.0,0.0,0.0,,query-000000,0.0,0.0,0.0,0.0,0.0,48283.48197869117,0.0,59.99999999999999,0.0,1.0,0.0,59.99999999999999,0.0,0.0,0.0,,33.00000000000006,-51217.130658512615,0.0,-16126.030876965251,53695.841037607286,-11643.01292759216,0.0,-52418.35169770137,0.0,0.0,0.0,1.1647215137477994e-11,1.3708122149707713e-16,14.999999999999998,14.999999999999998,"[130.2453028192384, 0.0, 5.297999740726172]","[0.0, 0.0, 0.0]",0.0
-1.143119646440998,0.0,-6.071060024376152,23077.31548581538,0.0,24759.967291876856,0.0,0.0,0.0,129.00498966502485,"[129.00272489604555, 0.0, -0.7644134145618159]",0.0,0.0,0.0,0.0,"[0.0, 0.0, 0.0]","[0.8660254037844387, 0.0, -0.49999999999999994, 0.0]","[0.0, 0.0, 0.0]",0,nominal,10095.709556665659,booster-release,rigid_body_6dof_surface_allocated,23077.31548581538,0.0,24759.967291876856,-9904.102928729451,0.0,32365.525107802576,-73582.53801826296,0.0,-42482.898132500006,0.0,31190.760000000002,0.0,160480.6870520227,160480.6870520227,-0.0,14.999999999999998,14.999999999999998,8664.1,generic_slender_body_v1,0.0,none,unprofiled,0.0,0.0,0.0,-59.99999999999999,"[5001.1112503677405, 0.0, 4059.4672925504187]",26.612075808,0.0,0.0,0.0,0.0,0.0,0.0,0.0,,query-000000,0.0,0.0,0.0,0.0,0.0,48130.918603726146,0.0,59.99999999999999,0.0,1.0,0.0,59.99999999999999,0.0,0.0,0.0,,34.0,-50505.22253244758,0.0,-17722.93084062315,53524.571746381705,-9904.102928729451,0.0,-52600.27115719742,0.0,0.0,0.0,7.275957614183426e-12,8.563396018193518e-17,14.999999999999998,14.999999999999998,"[129.00272489604555, 0.0, -0.7644134145618159]","[0.0, 0.0, 0.0]",0.0
-0.9521368700664479,0.0,-6.0700612605376785,23912.15647758095,0.0,23331.287057443544,0.0,0.0,0.0,128.13834115246934,"[127.95582355696664, 0.0, -6.836789536400548]",0.0,0.0,0.0,0.0,"[0.0, 0.0, 0.0]","[0.8660254037844387, 0.0, -0.49999999999999994, 0.0]","[0.0, 0.0, 0.0]",0,nominal,9964.975064675475,booster-release,rigid_body_6dof_surface_allocated,23912.15647758095,0.0,23331.287057443544,-8249.409055942711,0.0,32374.178497575493,-73582.53801826296,0.0,-42482.898132500006,0.0,31190.760000000002,0.0,160480.6870520227,160480.6870520227,-0.0,14.999999999999998,14.999999999999998,8664.1,generic_slender_body_v1,0.0,none,unprofiled,0.0,0.0,0.0,-59.99999999999999,"[5129.574612123438, 0.0, 4055.6666073087376]",26.612075808,0.0,0.0,0.0,0.0,0.0,0.0,0.0,,query-000000,0.0,0.0,0.0,0.0,0.0,47982.220171217545,0.0,59.99999999999999,0.0,1.0,0.0,59.99999999999999,0.0,0.0,0.0,,34.99999999999994,-49670.38154068201,0.0,-19151.611075056462,53234.678633078554,-8249.409055942711,0.0,-52591.617767424505,0.0,0.0,0.0,8.134767913360665e-12,9.574167807465865e-17,14.999999999999998,14.999999999999998,"[127.95582355696664, 0.0, -6.836789536400548]","[0.0, 0.0, 0.0]",0.0
-0.7688926311922617,0.0,-6.047456627777626,24875.58971756759,0.0,22054.269333478725,0.0,0.0,0.0,127.7485890631991,"[127.09587233849736, 0.0, -12.897334691884916]",0.0,0.0,0.0,0.0,"[0.0, 0.0, 0.0]","[0.8660254037844387, 0.0, -0.49999999999999994, 0.0]","[0.0, 0.0, 0.0]",0,nominal,9915.953569800122,booster-release,rigid_body_6dof_surface_allocated,24875.58971756759,0.0,22054.269333478725,-6661.762645912875,0.0,32570.027296271866,-73582.53801826296,0.0,-42482.898132500006,0.0,31190.760000000002,0.0,160480.6870520227,160480.6870520227,-0.0,14.999999999999998,14.999999999999998,8664.1,generic_slender_body_v1,0.0,none,unprofiled,0.0,0.0,0.0,-59.99999999999999,"[5257.085192391595, 0.0, 4045.797661028535]",26.612075808,0.0,0.0,0.0,0.0,0.0,0.0,0.0,,query-000000,0.0,0.0,0.0,0.0,0.0,47835.572636344536,0.0,59.99999999999999,0.0,1.0,0.0,59.99999999999999,0.0,0.0,0.0,,35.999999999999886,-48706.94830069537,0.0,-20428.62879902128,52817.56987381011,-6661.762645912875,0.0,-52395.76896872813,0.0,0.0,0.0,7.275957614183426e-12,8.563396018193518e-17,14.999999999999998,14.999999999999998,"[127.09587233849736, 0.0, -12.897334691884916]","[0.0, 0.0, 0.0]",0.0
-0.5914679228091322,0.0,-6.003570789125051,25973.492386016587,0.0,20913.10871929914,0.0,0.0,0.0,127.82476725690705,"[126.41609977116455, 0.0, -18.924609452494]",0.0,0.0,0.0,0.0,"[0.0, 0.0, 0.0]","[0.8660254037844387, 0.0, -0.49999999999999994, 0.0]","[0.0, 0.0, 0.0]",0,nominal,9946.388420852945,booster-release,rigid_body_6dof_surface_allocated,25973.492386016587,0.0,20913.10871929914,-5124.537230010603,0.0,32950.25859094164,-73582.53801826296,0.0,-42482.898132500006,0.0,31190.760000000002,0.0,160480.6870520227,160480.6870520227,-0.0,14.999999999999998,14.999999999999998,8664.1,generic_slender_body_v1,0.0,none,unprofiled,0.0,0.0,0.0,-59.99999999999999,"[5383.826395562765, 0.0, 4029.88303140609]",26.612075808,0.0,0.0,0.0,0.0,0.0,0.0,0.0,,query-000000,0.0,0.0,0.0,0.0,0.0,47689.23799207976,0.0,59.99999999999999,0.0,1.0,0.0,59.99999999999999,0.0,0.0,0.0,,36.99999999999983,-47609.04563224637,0.0,-21569.789413200866,52267.361147690914,-5124.537230010603,0.0,-52015.53767405836,0.0,0.0,0.0,7.275957614183426e-12,8.563396018193518e-17,14.999999999999998,14.999999999999998,"[126.41609977116455, 0.0, -18.924609452494]","[0.0, 0.0, 0.0]",0.0
-0.418062178845925,0.0,-5.938691736766407,27211.503724562182,0.0,19893.047375672882,0.0,0.0,0.0,128.34958178963652,"[125.91159874901925, 0.0, -24.897478708507148]",0.0,0.0,0.0,0.0,"[0.0, 0.0, 0.0]","[0.8660254037844387, 0.0, -0.49999999999999994, 0.0]","[0.0, 0.0, 0.0]",0,nominal,10054.120757335308,booster-release,rigid_body_6dof_surface_allocated,27211.503724562182,0.0,19893.047375672882,-3622.132523738979,0.0,33512.37718848216,-73582.53801826296,0.0,-42482.898132500006,0.0,31190.760000000002,0.0,160480.6870520227,160480.6870520227,-0.0,14.999999999999998,14.999999999999998,8664.1,generic_slender_body_v1,0.0,none,unprofiled,0.0,0.0,0.0,-59.99999999999999,"[5509.97579661413, 0.0, 4007.966580363026]",26.612075808,0.0,0.0,0.0,0.0,0.0,0.0,0.0,,query-000000,0.0,0.0,0.0,0.0,0.0,47541.53303810436,0.0,59.99999999999999,0.0,1.0,0.0,59.99999999999999,0.0,0.0,0.0,,37.99999999999977,-46371.03429370078,0.0,-22589.850756827123,51580.75395613462,-3622.132523738979,0.0,-51453.419076517835,0.0,0.0,0.0,7.275957614183426e-12,8.563396018193518e-17,14.999999999999998,14.999999999999998,"[125.91159874901925, 0.0, -24.897478708507148]","[0.0, 0.0, 0.0]",0.0
-0.2470460857497306,0.0,-5.853090667607698,28594.64712091042,0.0,18980.685185640305,0.0,0.0,0.0,129.29991521331888,"[125.5791812968731, 0.0, -30.79508563031651]",0.0,0.0,0.0,0.0,"[0.0, 0.0, 0.0]","[0.8660254037844387, 0.0, -0.49999999999999994, 0.0]","[0.0, 0.0, 0.0]",0,nominal,10237.049166161461,booster-release,rigid_body_6dof_surface_allocated,28594.64712091042,0.0,18980.685185640305,-2140.431991544241,0.0,34254.03341178014,-73582.53801826296,0.0,-42482.898132500006,0.0,31190.760000000002,0.0,160480.6870520227,160480.6870520227,-0.0,14.999999999999998,14.999999999999998,8664.1,generic_slender_body_v1,0.0,none,unprofiled,0.0,0.0,0.0,-59.99999999999999,"[5635.706937261853, 0.0, 3980.113164401822]",26.612075808,0.0,0.0,0.0,0.0,0.0,0.0,0.0,,query-000000,0.0,0.0,0.0,0.0,0.0,47390.81080076685,0.0,59.99999999999999,0.0,1.0,0.0,59.99999999999999,0.0,0.0,0.0,,38.999999999999716,-44987.89089735254,0.0,-23502.2129468597,50756.91421660339,-2140.431991544241,0.0,-50711.76285321986,0.0,0.0,0.0,0.0,0.0,14.999999999999998,14.999999999999998,"[125.5791812968731, 0.0, -30.79508563031651]","[0.0, 0.0, 0.0]",0.0
-0.07700834977258927,0.0,-5.747034180729649,30127.03598907491,0.0,18164.277824946654,0.0,0.0,0.0,130.6476126201915,"[125.41718332081008, 0.0, -36.5968415471873]",0.0,0.0,0.0,0.0,"[0.0, 0.0, 0.0]","[0.8660254037844387, 0.0, -0.49999999999999994, 0.0]","[0.0, 0.0, 0.0]",0,nominal,10493.08909320179,booster-release,rigid_body_6dof_surface_allocated,30127.03598907491,0.0,18164.277824946654,-667.2080432646908,0.0,35172.91741974024,-73582.53801826296,0.0,-42482.898132500006,0.0,31190.760000000002,0.0,160480.6870520227,160480.6870520227,-0.0,14.999999999999998,14.999999999999998,8664.1,generic_slender_body_v1,0.0,none,unprofiled,0.0,0.0,0.0,-59.99999999999999,"[5761.190951367605, 0.0, 3946.4083624002014]",26.612075808,0.0,0.0,0.0,0.0,0.0,0.0,0.0,,query-000000,0.0,0.0,0.0,0.0,0.0,47235.444908809746,0.0,59.99999999999999,0.0,1.0,0.0,59.99999999999999,0.0,0.0,0.0,,39.99999999999966,-43455.50202918805,0.0,-24318.620307553352,49797.348827740956,-667.2080432646908,0.0,-49792.87884525976,0.0,0.0,0.0,7.275957614183426e-12,8.563396018193518e-17,14.999999999999998,14.999999999999998,"[125.41718332081008, 0.0, -36.5968415471873]","[0.0, 0.0, 0.0]",0.0
0.09320588083400261,0.0,-5.620790608261311,31811.659819870798,0.0,17433.99763081271,0.0,0.0,0.0,132.36045832077383,"[125.42522661123365, 0.0, -42.28242491161062]",0.0,0.0,0.0,0.0,"[0.0, 0.0, 0.0]","[0.8660254037844387, 0.0, -0.49999999999999994, 0.0]","[0.0, 0.0, 0.0]",0,nominal,10820.13237352656,booster-release,rigid_body_6dof_surface_allocated,31811.659819870798,0.0,17433.99763081271,807.5450721338821,0.0,36266.70435596317,-73582.53801826296,0.0,-42482.898132500006,0.0,31190.760000000002,0.0,160480.6870520227,160480.6870520227,-0.0,14.999999999999998,14.999999999999998,8664.1,generic_slender_body_v1,0.0,none,unprofiled,0.0,0.0,0.0,-59.99999999999999,"[5886.597973025024, 0.0, 3906.958208494369]",26.612075808,0.0,0.0,0.0,0.0,0.0,0.0,0.0,,query-000000,0.0,0.0,0.0,0.0,0.0,47073.817178773956,0.0,59.99999999999999,0.0,1.0,0.0,59.99999999999999,0.0,0.0,0.0,,40.9999999999996,-41770.878198392165,0.0,-25048.900501687294,48705.78694373333,807.5450721338821,0.0,-48699.091909036826,0.0,0.0,0.0,7.275957614183426e-12,8.563396018193518e-17,14.999999999999998,14.999999999999998,"[125.42522661123365, 0.0, -42.28242491161062]","[0.0, 0.0, 0.0]",0.0
0.2644662406664305,0.0,-5.474632799323293,33650.23863666798,0.0,16782.137451239894,0.0,0.0,0.0,134.40324091241564,"[125.60394718332783, 0.0, -47.83178461785246]",0.0,0.0,0.0,0.0,"[0.0, 0.0, 0.0]","[0.8660254037844387, 0.0, -0.49999999999999994, 0.0]","[0.0, 0.0, 0.0]",0,nominal,11216.007156053578,booster-release,rigid_body_6dof_surface_allocated,33650.23863666798,0.0,16782.137451239894,2291.3619557580205,0.0,37533.03022838305,-73582.53801826296,0.0,-42482.898132500006,0.0,31190.760000000002,0.0,160480.6870520227,160480.6870520227,-0.0,14.999999999999998,14.999999999999998,8664.1,generic_slender_body_v1,0.0,none,unprofiled,0.0,0.0,0.0,-59.99999999999999,"[6012.098289012538, 0.0, 3861.888923525104]",26.612075808,0.0,0.0,0.0,0.0,0.0,0.0,0.0,,query-000000,0.0,0.0,0.0,0.0,0.0,46904.30859576788,0.0,59.99999999999999,0.0,1.0,0.0,59.99999999999999,0.0,0.0,0.0,,41.999999999999545,-39932.29938159498,0.0,-25700.76068126011,47488.07885666398,2291.3619557580205,0.0,-47432.766036616944,0.0,0.0,0.0,7.275957614183426e-12,8.563396018193518e-17,14.999999999999998,14.999999999999998,"[125.60394718332783, 0.0, -47.83178461785246]","[0.0, 0.0, 0.0]",0.0
0.43733828428606325,0.0,-5.308839764596634,35643.1289406951,0.0,16203.245055104027,0.0,0.0,0.0,136.73881125081834,"[125.95469981600299, 0.0, -53.225145340783264]",0.0,0.0,0.0,0.0,"[0.0, 0.0, 0.0]","[0.8660254037844387, 0.0, -0.49999999999999994, 0.0]","[0.0, 0.0, 0.0]",0,nominal,11678.438442963281,booster-release,rigid_body_6dof_surface_allocated,35643.1289406951,0.0,16203.245055104027,3789.1426288828807,0.0,38969.477660558296,-73582.53801826296,0.0,-42482.898132500006,0.0,31190.760000000002,0.0,160480.6870520227,160480.6870520227,-0.0,14.999999999999998,14.999999999999998,8664.1,generic_slender_body_v1,0.0,none,unprofiled,0.0,0.0,0.0,-59.99999999999999,"[6137.863206858653, 0.0, 3811.346642060618]",26.612075808,0.0,0.0,0.0,0.0,0.0,0.0,0.0,,query-000000,0.0,0.0,0.0,0.0,0.0,46725.29379850722,0.0,59.99999999999999,0.0,1.0,0.0,59.99999999999999,0.0,0.0,0.0,,42.99999999999949,-37939.40907756786,0.0,-26279.65307739598,46152.12808769848,3789.1426288828807,0.0,-45996.3186044417,0.0,0.0,0.0,1.0913936421275139e-11,1.2845094027290276e-16,14.999999999999998,14.999999999999998,"[125.95469981600299, 0.0, -53.225145340783264]","[0.0, 0.0, 0.0]",0.0
0.6120739500385837,0.0,-5.12369931857947,37789.26257410253,0.0,15694.183238884576,0.0,0.0,0.0,139.32905755342645,"[126.47924846778764, 0.0, -58.443014858489754]",0.0,0.0,0.0,0.0,"[0.0, 0.0, 0.0]","[0.8660254037844387, 0.0, -0.49999999999999994, 0.0]","[0.0, 0.0, 0.0]",0,nominal,12205.009448716213,booster-release,rigid_body_6dof_surface_allocated,37789.26257410253,0.0,15694.183238884576,5303.069910529293,0.0,40573.55299889561,-73582.53801826296,0.0,-42482.898132500006,0.0,31190.760000000002,0.0,160480.6870520227,160480.6870520227,-0.0,14.999999999999998,14.999999999999998,8664.1,generic_slender_body_v1,0.0,none,unprofiled,0.0,0.0,0.0,-59.99999999999999,"[6264.065619606703, 0.0, 3755.497133172547]",26.612075808,0.0,0.0,0.0,0.0,0.0,0.0,0.0,,query-000000,0.0,0.0,0.0,0.0,0.0,46535.13910038957,0.0,59.99999999999999,0.0,1.0,0.0,59.99999999999999,0.0,0.0,0.0,,43.99999999999943,-35793.27544416043,0.0,-26788.71489361543,44707.871931830436,5303.069910529293,0.0,-44392.243266104386,0.0,0.0,0.0,3.637978807091713e-12,4.281698009096759e-17,14.999999999999998,14.999999999999998,"[126.47924846778764, 0.0, -58.443014858489754]","[0.0, 0.0, 0.0]",0.0
0.7886102263074816,0.0,-4.9195133557499,40086.10135331102,0.0,15254.11697760435,0.0,0.0,0.0,142.13574773933559,"[127.1794513648502, 0.0, -63.46619522199003]",0.0,0.0,0.0,0.0,"[0.0, 0.0, 0.0]","[0.8660254037844387, 0.0, -0.49999999999999994, 0.0]","[0.0, 0.0, 0.0]",0,nominal,12793.12400972975,booster-release,rigid_body_6dof_surface_allocated,40086.10135331102,0.0,15254.11697760435,6832.597861750652,0.0,42342.64059944729,-73582.53801826296,0.0,-42482.898132500006,0.0,31190.760000000002,0.0,160480.6870520227,160480.6870520227,-0.0,14.999999999999998,14.999999999999998,8664.1,generic_slender_body_v1,0.0,none,unprofiled,0.0,0.0,0.0,-59.99999999999999,"[6390.880257647737, 0.0, 3694.5255121861105]",26.612075808,0.0,0.0,0.0,0.0,0.0,0.0,0.0,,query-000000,0.0,0.0,0.0,0.0,0.0,46332.20400678994,0.0,59.99999999999999,0.0,1.0,0.0,59.99999999999999,0.0,0.0,0.0,,44.999999999999375,-33496.436664951936,0.0,-27228.781154895656,43167.323202051084,6832.597861750652,0.0,-42623.15566555271,0.0,0.0,0.0,1.0289757937229989e-11,1.2110470788901031e-16,14.999999999999998,14.999999999999998,"[127.1794513648502, 0.0, -63.46619522199003]","[0.0, 0.0, 0.0]",0.0
0.9665746903716084,0.0,-4.6966068051108225,42529.59387470834,0.0,14884.433073413675,0.0,0.0,0.0,145.12121487870755,"[128.05694830300223, 0.0, -68.27580097804952]",0.0,0.0,0.0,0.0,"[0.0, 0.0, 0.0]","[0.8660254037844387, 0.0, -0.49999999999999994, 0.0]","[0.0, 0.0, 0.0]",0,nominal,13439.970340880627,booster-release,rigid_body_6dof_surface_allocated,42529.59387470834,0.0,14884.433073413675,8374.499774848653,0.0,44273.925244839316,-73582.53801826296,0.0,-42482.898132500006,0.0,31190.760000000002,0.0,160480.6870520227,160480.6870520227,-0.0,14.999999999999998,14.999999999999998,8664.1,generic_slender_body_v1,0.0,none,unprofiled,0.0,0.0,0.0,-59.99999999999999,"[6518.483626175806, 0.0, 3628.635938041344]",26.612075808,0.0,0.0,0.0,0.0,0.0,0.0,0.0,,query-000000,0.0,0.0,0.0,0.0,0.0,46114.84612572915,0.0,59.99999999999999,0.0,1.0,0.0,59.99999999999999,0.0,0.0,0.0,,45.99999999999932,-31052.944143554618,0.0,-27598.46505908633,41544.68213382229,8374.499774848653,0.0,-40691.87102016068,0.0,0.0,0.0,1.4999770885397668e-11,1.7653893148502782e-16,14.999999999999998,14.999999999999998,"[128.05694830300223, 0.0, -68.27580097804952]","[0.0, 0.0, 0.0]",0.0
1.1452966607704995,0.0,-4.455340735190947,45114.12549609709,0.0,14588.59970418559,0.0,0.0,0.0,148.24888302094163,"[129.11285639171777, 0.0, -72.85328840435756]",0.0,0.0,0.0,0.0,"[0.0, 0.0, 0.0]","[0.8660254037844387, 0.0, -0.49999999999999994, 0.0]","[0.0, 0.0, 0.0]",0,nominal,14142.486532461982,booster-release,rigid_body_6dof_surface_allocated,45114.12549609709,0.0,14588.59970418559,9922.964798581685,0.0,46364.278601232116,-73582.53801826296,0.0,-42482.898132500006,0.0,31190.760000000002,0.0,160480.6870520227,160480.6870520227,-0.0,14.999999999999998,14.999999999999998,8664.1,generic_slender_body_v1,0.0,none,unprofiled,0.0,0.0,0.0,-59.99999999999999,"[6647.053633698845, 0.0, 3558.051287271885]",26.612075808,0.0,0.0,0.0,0.0,0.0,0.0,0.0,,query-000000,0.0,0.0,0.0,0.0,0.0,45881.429314803245,0.0,59.99999999999999,0.0,1.0,0.0,59.99999999999999,0.0,0.0,0.0,,46.99999999999926,-28468.41252216587,0.0,-27894.298428314418,39856.52263231296,9922.964798581685,0.0,-38601.51766376788,0.0,0.0,0.0,3.637978807091713e-12,4.281698009096759e-17,14.999999999999998,14.999999999999998,"[129.11285639171777, 0.0, -72.85328840435756]","[0.0, 0.0, 0.0]",0.0
1.323822956406178,0.0,-4.196129592627505,47832.45725912473,0.0,14371.973499361276,0.0,0.0,0.0,151.48364577245587,"[130.34747932437398, 0.0, -77.18049993551989]",0.0,0.0,0.0,0.0,"[0.0, 0.0, 0.0]","[0.8660254037844387, 0.0, -0.49999999999999994, 0.0]","[0.0, 0.0, 0.0]",0,nominal,14897.328302209158,booster-release,rigid_body_6dof_surface_allocated,47832.45725912473,0.0,14371.973499361276,11469.73447659877,0.0,48610.10986151603,-73582.53801826296,0.0,-42482.898132500006,0.0,31190.760000000002,0.0,160480.6870520227,160480.6870520227,-0.0,14.999999999999998,14.999999999999998,8664.1,generic_slender_body_v1,0.0,none,unprofiled,0.0,0.0,0.0,-59.99999999999999,"[6776.768922673264, 0.0, 3483.0127914981695]",26.612075808,0.0,0.0,0.0,0.0,0.0,0.0,0.0,,query-000000,0.0,0.0,0.0,0.0,0.0,45630.33486000297,0.0,59.99999999999999,0.0,1.0,0.0,59.99999999999999,0.0,0.0,0.0,,47.999999999999204,-25750.080759138233,0.0,-28110.92463313873,38122.050611583676,11469.73447659877,0.0,-36355.68640348397,0.0,0.0,0.0,1.3116919128020487e-11,1.5437881717850442e-16,14.999999999999998,14.999999999999998,"[130.34747932437398, 0.0, -77.18049993551989]","[0.0, 0.0, 0.0]",0.0
1.5009375915583933,0.0,-3.919462173059156,50675.6538575298,0.0,14241.560914780934,0.0,0.0,0.0,154.79211876866705,"[131.76003441686507, 0.0, -81.23972774055596]",0.0,0.0,0.0,0.0,"[0.0, 0.0, 0.0]","[0.8660254037844387, 0.0, -0.49999999999999994, 0.0]","[0.0, 0.0, 0.0]",0,nominal,15700.839651532362,booster-release,rigid_body_6dof_surface_allocated,50675.6538575298,0.0,14241.560914780934,13004.273387021076,0.0,51007.18405139816,-73582.53801826296,0.0,-42482.898132500006,0.0,31190.760000000002,0.0,160480.6870520227,160480.6870520227,-0.0,14.999999999999998,14.999999999999998,8664.1,generic_slender_body_v1,0.0,none,unprofiled,0.0,0.0,0.0,-59.99999999999999,"[6907.807917965459, 0.0, 3403.7796212303138]",26.612075808,0.0,0.0,0.0,0.0,0.0,0.0,0.0,,query-000000,0.0,0.0,0.0,0.0,0.0,45359.97543898482,0.0,59.99999999999999,0.0,1.0,0.0,59.99999999999999,0.0,0.0,0.0,,48.99999999999915,-22906.884160733163,0.0,-28241.337217719072,36363.42214091205,13004.273387021076,0.0,-33958.61221360184,0.0,0.0,0.0,1.1504299109832135e-11,1.3539917961754107e-16,14.999999999999998,14.999999999999998,"[131.76003441686507, 0.0, -81.23972774055596]","[0.0, 0.0, 0.0]",0.0
1.6751850751535282,0.0,-3.625925634947597,53633.004387094916,0.0,14205.739381488154,0.0,0.0,0.0,158.14279072415292,"[133.34840115793313, 0.0, -85.01379986005897]",0.0,0.0,0.0,0.0,"[0.0, 0.0, 0.0]","[0.8660254037844387, 0.0, -0.49999999999999994, 0.0]","[0.0, 0.0, 0.0]",0,nominal,16549.027212706897,booster-release,rigid_body_6dof_surface_allocated,53633.004387094916,0.0,14205.739381488154,14513.971009637684,0.0,53550.41397125052,-73582.53801826296,0.0,-42482.898132500006,0.0,31190.760000000002,0.0,160480.6870520227,160480.6870520227,-0.0,14.999999999999998,14.999999999999998,8664.1,generic_slender_body_v1,0.0,none,unprofiled,0.0,0.0,0.0,-59.99999999999999,"[7040.347612807836, 0.0, 3320.628395067538]",26.612075808,0.0,0.0,0.0,0.0,0.0,0.0,0.0,,query-000000,0.0,0.0,0.0,0.0,0.0,45068.81157950068,0.0,59.99999999999999,0.0,1.0,0.0,59.99999999999999,0.0,0.0,0.0,,49.99999999999909,-19949.533631168044,0.0,-28277.15875101185,34606.091936695644,14513.971009637684,0.0,-31415.382293749477,0.0,0.0,0.0,5.1448789686149945e-12,6.055235394450516e-17,14.999999999999998,14.999999999999998,"[133.34840115793313, 0.0, -85.01379986005897]","[0.0, 0.0, 0.0]",0.0
1.844897269475271,0.0,-3.3162316529080904,56691.94246183633,0.0,14273.942478406083,0.0,0.0,0.0,161.50609756507674,"[135.10889483234578, 0.0, -88.48619150964862]",0.0,0.0,0.0,0.0,"[0.0, 0.0, 0.0]","[0.8660254037844387, 0.0, -0.49999999999999994, 0.0]","[0.0, 0.0, 0.0]",0,nominal,17437.539203830995,booster-release,rigid_body_6dof_surface_allocated,56691.94246183633,0.0,14273.942478406083,15984.374432460696,0.0,56233.63360103901,-73582.53801826296,0.0,-42482.898132500006,0.0,31190.760000000002,0.0,160480.6870520227,160480.6870520227,-0.0,14.999999999999998,14.999999999999998,8664.1,generic_slender_body_v1,0.0,none,unprofiled,0.0,0.0,0.0,-59.99999999999999,"[7174.562115545259, 0.0, 3233.8525903557916]",26.612075808,0.0,0.0,0.0,0.0,0.0,0.0,0.0,,query-000000,0.0,0.0,0.0,0.0,0.0,44755.37028056267,0.0,59.99999999999999,0.0,1.0,0.0,59.99999999999999,0.0,0.0,0.0,,50.999999999999034,-16890.595556426633,0.0,-28208.955654093923,32879.133159884506,15984.374432460696,0.0,-28732.16266396099,0.0,0.0,0.0,1.1504299109832135e-11,1.3539917961754107e-16,14.999999999999998,14.999999999999998,"[135.10889483234578, 0.0, -88.48619150964862]","[0.0, 0.0, 0.0]",0.0
2.008223965740889,0.0,-2.9912436431217704,59837.97438765724,0.0,14456.312571829836,0.0,0.0,0.0,164.85444170678124,"[137.03606884224135, 0.0, -91.64116316764547]",0.0,0.0,0.0,0.0,"[0.0, 0.0, 0.0]","[0.8660254037844387, 0.0, -0.49999999999999994, 0.0]","[0.0, 0.0, 0.0]",0,nominal,18361.65002003894,booster-release,rigid_body_6dof_surface_allocated,59837.97438765724,0.0,14456.312571829836,17399.45326157564,0.0,59049.362216628666,-73582.53801826296,0.0,-42482.898132500006,0.0,31190.760000000002,0.0,160480.6870520227,160480.6870520227,-0.0,14.999999999999998,14.999999999999998,8664.1,generic_slender_body_v1,0.0,none,unprofiled,0.0,0.0,0.0,-59.99999999999999,"[7310.620984044153, 0.0, 3143.761829239345]",26.612075808,0.0,0.0,0.0,0.0,0.0,0.0,0.0,,query-000000,0.0,0.0,0.0,0.0,0.0,44418.26541793729,0.0,59.99999999999999,0.0,1.0,0.0,59.99999999999999,0.0,0.0,0.0,,51.99999999999898,-13744.56363060572,0.0,-28026.58556067017,31215.421310392976,17399.45326157564,0.0,-25916.43404837133,0.0,0.0,0.0,1.3116919128020487e-11,1.5437881717850442e-16,14.999999999999998,14.999999999999998,"[137.03606884224135, 0.0, -91.64116316764547]","[0.0, 0.0, 0.0]",0.0
2.1631674369405327,0.0,-2.6520038608975836,63054.62552500677,0.0,14763.324166053368,0.0,0.0,0.0,168.16217499972313,"[139.12254956940305, 0.0, -94.4639259291424]",0.0,0.0,0.0,0.0,"[0.0, 0.0, 0.0]","[0.8660254037844387, 0.0, -0.49999999999999994, 0.0]","[0.0, 0.0, 0.0]",0,nominal,19316.251571677174,booster-release,rigid_body_6dof_surface_allocated,63054.62552500677,0.0,14763.324166053368,18741.898990396472,0.0,61988.56961379724,-73582.53801826296,0.0,-42482.898132500006,0.0,31190.760000000002,0.0,160480.6870520227,160480.6870520227,-0.0,14.999999999999998,14.999999999999998,8664.1,generic_slender_body_v1,0.0,none,unprofiled,0.0,0.0,0.0,-59.99999999999999,"[7448.687378361994, 0.0, 3050.681012981007]",26.612075808,0.0,0.0,0.0,0.0,0.0,0.0,0.0,,query-000000,0.0,0.0,0.0,0.0,0.0,44056.21950626894,0.0,59.99999999999999,0.0,1.0,0.0,59.99999999999999,0.0,0.0,0.0,,52.99999999999892,-10527.91249325619,0.0,-27719.57396644664,29651.504554524152,18741.898990396472,0.0,-22977.226651202756,0.0,0.0,0.0,7.499885442698834e-12,8.826946574251391e-17,14.999999999999998,14.999999999999998,"[139.12254956940305, 0.0, -94.4639259291424]","[0.0, 0.0, 0.0]",0.0
2.3076212290879634,0.0,-2.2997590596040527,66323.41580706734,0.0,15205.381684011605,0.0,0.0,0.0,171.40556003492847,"[141.35890789042665, 0.0, -96.94083335165496]",0.0,0.0,0.0,0.0,"[0.0, 0.0, 0.0]","[0.8660254037844387, 0.0, -0.49999999999999994, 0.0]","[0.0, 0.0, 0.0]",0,nominal,20295.85252162382,booster-release,rigid_body_6dof_surface_allocated,66323.41580706734,0.0,15205.381684011605,19993.461090941026,0.0,65040.453796684524,-73582.53801826296,0.0,-42482.898132500006,0.0,31190.760000000002,0.0,160480.6870520227,160480.6870520227,-0.0,14.999999999999998,14.999999999999998,8664.1,generic_slender_body_v1,0.0,none,unprofiled,0.0,0.0,0.0,-59.99999999999999,"[7588.916066252171, 0.0, 2954.9492775627214]",26.612075808,0.0,0.0,0.0,0.0,0.0,0.0,0.0,,query-000000,0.0,0.0,0.0,0.0,0.0,43668.086338254194,0.0,59.99999999999999,0.0,1.0,0.0,59.99999999999999,0.0,0.0,0.0,,53.99999999999886,-7259.122211195616,0.0,-27277.5164484884,28226.897790487514,19993.461090941026,0.0,-19925.342468315474,0.0,0.0,0.0,5.1448789686149945e-12,6.055235394450516e-17,14.999999999999998,14.999999999999998,"[141.35890789042665, 0.0, -96.94083335165496]","[0.0, 0.0, 0.0]",0.0
2.439413354765102,0.0,-1.9359833101913306,69623.87563392884,0.0,15792.396516521061,0.0,0.0,0.0,174.5627208644187,"[143.7335716771203, 0.0, -99.05959765982846]",0.0,0.0,0.0,0.0,"[0.0, 0.0, 0.0]","[0.8660254037844387, 0.0, -0.49999999999999994, 0.0]","[0.0, 0.0, 0.0]",0,nominal,21294.586563397588,booster-release,rigid_body_6dof_surface_allocated,69623.87563392884,0.0,15792.396516521061,21135.321247020318,0.0,68192.24326717129,-73582.53801826296,0.0,-42482.898132500006,0.0,31190.760000000002,0.0,160480.6870520227,160480.6870520227,-0.0,14.999999999999998,14.999999999999998,8664.1,generic_slender_body_v1,0.0,none,unprofiled,0.0,0.0,0.0,-59.99999999999999,"[7731.451320309512, 0.0, 2856.918745024455]",26.612075808,0.0,0.0,0.0,0.0,0.0,0.0,0.0,,query-000000,0.0,0.0,0.0,0.0,0.0,43252.87396868855,0.0,59.99999999999999,0.0,1.0,0.0,59.99999999999999,0.0,0.0,0.0,,54.999999999998806,-3958.662384334122,0.0,-26690.501615978945,26982.47365208974,21135.321247020318,0.0,-16773.55299782871,0.0,0.0,0.0,8.348051665364355e-12,9.825190879548283e-17,14.999999999999998,14.999999999999998,"[143.7335716771203, 0.0, -99.05959765982846]","[0.0, 0.0, 0.0]",0.0
2.5563538663104817,0.0,-1.5623965183497133,72933.61302165569,0.0,16533.349847657777,0.0,0.0,0.0,177.61359100104087,"[146.23278369207088, 0.0, -100.80952674203483]",0.0,0.0,0.0,0.0,"[0.0, 0.0, 0.0]","[0.8660254037844387, 0.0, -0.49999999999999994, 0.0]","[0.0, 0.0, 0.0]",0,nominal,22306.230808466407,booster-release,rigid_body_6dof_surface_allocated,72933.61302165569,0.0,16533.349847657777,22148.505533100644,0.0,71429.03659036625,-73582.53801826296,0.0,-42482.898132500006,0.0,31190.760000000002,0.0,160480.6870520227,160480.6870520227,-0.0,14.999999999999998,14.999999999999998,8664.1,generic_slender_body_v1,0.0,none,unprofiled,0.0,0.0,0.0,-59.99999999999999,"[7876.42474994847, 0.0, 2756.9530478439356]",26.612075808,0.0,0.0,0.0,0.0,0.0,0.0,0.0,,query-000000,0.0,0.0,0.0,0.0,0.0,42809.767460781244,0.0,59.99999999999999,0.0,1.0,0.0,59.99999999999999,0.0,0.0,0.0,,55.99999999999875,-648.9249966072675,0.0,-25949.54828484223,25957.66090845977,22148.505533100644,0.0,-13536.759674633751,0.0,0.0,0.0,9.519872681020534e-12,1.1204358812020056e-16,14.999999999999998,14.999999999999998,"[146.23278369207088, 0.0, -100.80952674203483]","[0.0, 0.0, 0.0]",0.0
2.65628652251562,0.0,-1.1809771547352923,76228.44190590596,0.0,17435.849834474255,0.0,0.0,0.0,180.53986390428955,"[148.8406091407253, 0.0, -102.18177689391212]",0.0,0.0,0.0,0.0,"[0.0, 0.0, 0.0]","[0.8660254037844387, 0.0, -0.49999999999999994, 0.0]","[0.0, 0.0, 0.0]",0,nominal,23324.235205909885,booster-release,rigid_body_6dof_surface_allocated,76228.44190590596,0.0,17435.849834474255,23014.33205972758,0.0,74733.69209865795,-73582.53801826296,0.0,-42482.898132500006,0.0,31190.760000000002,0.0,160480.6870520227,160480.6870520227,-0.0,14.999999999999998,14.999999999999998,8664.1,generic_slender_body_v1,0.0,none,unprofiled,0.0,0.0,0.0,-59.99999999999999,"[8023.953115763531, 0.0, 2655.425607964036]",26.612075808,0.0,0.0,0.0,0.0,0.0,0.0,0.0,,query-000000,0.0,0.0,0.0,0.0,0.0,42338.150767630206,0.0,59.99999999999999,0.0,1.0,0.0,59.99999999999999,0.0,0.0,0.0,,56.99999999999869,2645.9038876429986,0.0,-25047.04829802575,25186.413715062314,23014.33205972758,0.0,-10232.104166342047,0.0,0.0,0.0,1.0219175716994974e-11,1.2027399455096455e-16,14.999999999999998,14.999999999999998,"[148.8406091407253, 0.0, -102.18177689391212]","[0.0, 0.0, 0.0]",0.0
2.7371439382110845,0.0,-0.7939677487319039,79482.57983118291,0.0,18505.6940021657,0.0,0.0,0.0,183.32494902828844,"[151.5389966972706, 0.0, -103.16961479141604]",0.0,0.0,0.0,0.0,"[0.0, 0.0, 0.0]","[0.8660254037844387, 0.0, -0.49999999999999994, 0.0]","[0.0, 0.0, 0.0]",0,nominal,24341.76369346265,booster-release,rigid_body_6dof_surface_allocated,79482.57983118291,0.0,18505.6940021657,23714.88879505466,0.0,78086.78029321191,-73582.53801826296,0.0,-42482.898132500006,0.0,31190.760000000002,0.0,160480.6870520227,160480.6870520227,-0.0,14.999999999999998,14.999999999999998,8664.1,generic_slender_body_v1,0.0,none,unprofiled,0.0,0.0,0.0,-59.99999999999999,"[8174.13617788787, 0.0, 2552.717657858661]",26.612075808,0.0,0.0,0.0,0.0,0.0,0.0,0.0,,query-000000,0.0,0.0,0.0,0.0,0.0,41837.62708755191,0.0,59.99999999999999,0.0,1.0,0.0,59.99999999999999,0.0,0.0,0.0,,57.999999999998636,5900.041812919953,0.0,-23977.204130334307,24692.444417309613,23714.88879505466,0.0,-6879.015971788089,0.0,0.0,0.0,7.77072613829435e-12,9.14571095651033e-17,14.999999999999998,14.999999999999998,"[151.5389966972706, 0.0, -103.16961479141604]","[0.0, 0.0, 0.0]",0.0
2.797005240801627,0.0,-0.4038718047804267,82668.92085962917,0.0,19746.449986635496,0.0,0.0,0.0,185.95393485214464,"[154.30789603075772, 0.0, -103.76868077390462]",0.0,0.0,0.0,0.0,"[0.0, 0.0, 0.0]","[0.8660254037844387, 0.0, -0.49999999999999994, 0.0]","[0.0, 0.0, 0.0]",0,nominal,25351.747472830855,booster-release,rigid_body_6dof_surface_allocated,82668.92085962917,0.0,19746.449986635496,24233.533106829378,0.0,81466.6105612019,-73582.53801826296,0.0,-42482.898132500006,0.0,31190.760000000002,0.0,160480.6870520227,160480.6870520227,-0.0,14.999999999999998,14.999999999999998,8664.1,generic_slender_body_v1,0.0,none,unprofiled,0.0,0.0,0.0,-59.99999999999999,"[8327.054633418553, 0.0, 2449.215998255535]",26.612075808,0.0,0.0,0.0,0.0,0.0,0.0,0.0,,query-000000,0.0,0.0,0.0,0.0,0.0,41308.03701279047,0.0,59.99999999999999,0.0,1.0,0.0,59.99999999999999,0.0,0.0,0.0,,58.99999999999858,9086.382841366212,0.0,-22736.44814586451,24484.86118869087,24233.533106829378,0.0,-3499.1857037980953,0.0,0.0,0.0,1.0913936421275139e-11,1.2845094027290276e-16,14.999999999999998,14.999999999999998,"[154.30789603075772, 0.0, -103.76868077390462]","[0.0, 0.0, 0.0]",0.0
2.8341548764731925,0.0,-0.013440997322038148,85759.38640303111,0.0,21159.069764222833,0.0,0.0,0.0,188.41355906140066,"[157.12543369148187, 0.0, -103.97724426742444]",0.0,0.0,0.0,0.0,"[0.0, 0.0, 0.0]","[0.8660254037844387, 0.0, -0.49999999999999994, 0.0]","[0.0, 0.0, 0.0]",0,nominal,26346.950415938027,booster-release,rigid_body_6dof_surface_allocated,85759.38640303111,0.0,21159.069764222833,24555.40126525139,0.0,84849.34212010213,-73582.53801826296,0.0,-42482.898132500006,0.0,31190.760000000002,0.0,160480.6870520227,160480.6870520227,-0.0,14.999999999999998,14.999999999999998,8664.1,generic_slender_body_v1,0.0,none,unprofiled,0.0,0.0,0.0,-59.99999999999999,"[8482.768200451665, 0.0, 2345.310495695245]",26.612075808,0.0,0.0,0.0,0.0,0.0,0.0,0.0,,query-000000,0.0,0.0,0.0,0.0,0.0,40749.473791701734,0.0,59.99999999999999,0.0,1.0,0.0,59.99999999999999,0.0,0.0,0.0,,59.99999999999852,12176.84838476815,0.0,-21323.828368277173,24555.677405955907,24555.40126525139,0.0,-116.45414489787072,0.0,0.0,0.0,1.1504299109832135e-11,1.3539917961754107e-16,14.999999999999998,14.999999999999998,"[157.12543369148187, 0.0, -103.97724426742444]","[0.0, 0.0, 0.0]",0.0
2.8471408409098933,0.0,0.3743482038926343,88725.3528692318,0.0,22741.55398770579,0.0,0.0,0.0,190.69218513242495,"[159.96814767395054, 0.0, -103.79644117379067]",0.0,0.0,0.0,0.0,"[0.0, 0.0, 0.0]","[0.8660254037844387, 0.0, -0.49999999999999994, 0.0]","[0.0, 0.0, 0.0]",0,nominal,27320.04615054197,booster-release,rigid_body_6dof_surface_allocated,88725.3528692318,0.0,22741.55398770579,24667.912959727408,0.0,88209.18653834617,-73582.53801826296,0.0,-42482.898132500006,0.0,31190.760000000002,0.0,160480.6870520227,160480.6870520227,-0.0,14.999999999999998,14.999999999999998,8664.1,generic_slender_body_v1,0.0,none,unprofiled,0.0,0.0,0.0,-59.99999999999999,"[8641.313907389631, 0.0, 2241.3913328027743]",26.612075808,0.0,0.0,0.0,0.0,0.0,0.0,0.0,,query-000000,0.0,0.0,0.0,0.0,0.0,40162.29504911984,0.0,59.99999999999999,0.0,1.0,0.0,59.99999999999999,0.0,0.0,0.0,,60.999999999998465,15142.814850968847,0.0,-19741.344144794217,24880.223275805303,24667.912959727408,0.0,3243.3902733461728,0.0,0.0,0.0,1.1064480586898243e-11,1.3022276107893124e-16,14.999999999999998,14.999999999999998,"[159.96814767395054, 0.0, -103.79644117379067]","[0.0, 0.0, 0.0]",0.0
2.8348302881836602,0.0,0.7563289290858903,91538.15064179973,0.0,24488.68373649537,0.0,0.0,0.0,192.77978392799272,"[162.811279081674, 0.0, -103.23048239310336]",0.0,0.0,0.0,0.0,"[0.0, 0.0, 0.0]","[0.8660254037844387, 0.0, -0.49999999999999994, 0.0]","[0.0, 0.0, 0.0]",0,nominal,28263.705858700876,booster-release,rigid_body_6dof_surface_allocated,91538.15064179973,0.0,24488.68373649537,24561.253099852052,0.0,91518.70573949306,-73582.53801826296,0.0,-42482.898132500006,0.0,31190.760000000002,0.0,160480.6870520227,160480.6870520227,-0.0,14.999999999999998,14.999999999999998,8664.1,generic_slender_body_v1,0.0,none,unprofiled,0.0,0.0,0.0,-59.99999999999999,"[8802.704645580567, 0.0, 2137.8460346841466]",26.612075808,0.0,0.0,0.0,0.0,0.0,0.0,0.0,,query-000000,0.0,0.0,0.0,0.0,0.0,39547.13036169707,0.0,59.99999999999999,0.0,1.0,0.0,59.99999999999999,0.0,0.0,0.0,,61.99999999999841,17955.61262353677,0.0,-17994.214396004634,25420.381122553867,24561.253099852052,0.0,6552.909474493063,0.0,0.0,0.0,1.0913936421275139e-11,1.2845094027290276e-16,14.999999999999998,14.999999999999998,"[162.811279081674, 0.0, -103.23048239310336]","[0.0, 0.0, 0.0]",0.0
2.7964602322255923,0.0,1.1291892831207335,94169.62418247538,0.0,26391.836652058544,0.0,0.0,0.0,194.66791849204344,"[165.62911714475104, 0.0, -102.28682243512704]",0.0,0.0,0.0,0.0,"[0.0, 0.0, 0.0]","[0.8660254037844387, 0.0, -0.49999999999999994, 0.0]","[0.0, 0.0, 0.0]",0,nominal,29170.695272503875,booster-release,rigid_body_6dof_surface_allocated,94169.62418247538,0.0,26391.836652058544,24228.811098025755,0.0,94749.20513288635,-73582.53801826296,0.0,-42482.898132500006,0.0,31190.760000000002,0.0,160480.6870520227,160480.6870520227,-0.0,14.999999999999998,14.999999999999998,8664.1,generic_slender_body_v1,0.0,none,unprofiled,0.0,0.0,0.0,-59.99999999999999,"[8966.928040707558, 0.0, 2035.0563058404002]",26.612075808,0.0,0.0,0.0,0.0,0.0,0.0,0.0,,query-000000,0.0,0.0,0.0,0.0,0.0,38904.8841666822,0.0,59.99999999999999,0.0,1.0,0.0,59.99999999999999,0.0,0.0,0.0,,62.99999999999835,20587.086164212422,0.0,-16091.061480441462,26129.492461585494,24228.811098025755,0.0,9783.408867886348,0.0,0.0,0.0,8.134767913360665e-12,9.574167807465865e-17,14.999999999999998,14.999999999999998,"[165.62911714475104, 0.0, -102.28682243512704]","[0.0, 0.0, 0.0]",0.0
2.731680932301829,0.0,1.4895280891934177,96592.73824258182,0.0,28438.902886808362,0.0,0.0,0.0,196.34972999568544,"[168.3953914831082, 0.0, -100.97627739538287]",0.0,0.0,0.0,0.0,"[0.0, 0.0, 0.0]","[0.8660254037844387, 0.0, -0.49999999999999994, 0.0]","[0.0, 0.0, 0.0]",0,nominal,30033.97879799126,booster-release,rigid_body_6dof_surface_allocated,96592.73824258182,0.0,28438.902886808362,23667.556765556277,0.0,97871.21658258069,-73582.53801826296,0.0,-42482.898132500006,0.0,31190.760000000002,0.0,160480.6870520227,160480.6870520227,-0.0,14.999999999999998,14.999999999999998,8664.1,generic_slender_body_v1,0.0,none,unprofiled,0.0,0.0,0.0,-59.99999999999999,"[9133.945693428097, 0.0, 1933.3947229228554]",26.612075808,0.0,0.0,0.0,0.0,0.0,0.0,0.0,,query-000000,0.0,0.0,0.0,0.0,0.0,38236.73359424071,0.0,59.99999999999999,0.0,1.0,0.0,59.99999999999999,0.0,0.0,0.0,,63.999999999998295,23010.20022431886,0.0,-14043.995245691644,26957.431569499593,23667.556765556277,0.0,12905.42031758069,0.0,0.0,0.0,5.1448789686149945e-12,6.055235394450516e-17,14.999999999999998,14.999999999999998,"[168.3953914831082, 0.0, -100.97627739538287]","[0.0, 0.0, 0.0]",0.0
2.6405895770424768,0.0,1.8339197745612166,98782.21064299536,0.0,30614.31344991264,0.0,0.0,0.0,197.81992270498466,"[171.0837030980107, 0.0, -99.31308248804804]",0.0,0.0,0.0,0.0,"[0.0, 0.0, 0.0]","[0.8660254037844387, 0.0, -0.49999999999999994, 0.0]","[0.0, 0.0, 0.0]",0,nominal,30846.828175661893,booster-release,rigid_body_6dof_surface_allocated,98782.21064299536,0.0,30614.31344991264,22878.332154453725,0.0,100855.06058377583,-73582.53801826296,0.0,-42482.898132500006,0.0,31190.760000000002,0.0,160480.6870520227,160480.6870520227,-0.0,14.999999999999998,14.999999999999998,8664.1,generic_slender_body_v1,0.0,none,unprofiled,0.0,0.0,0.0,-59.99999999999999,"[9303.692832449582, 0.0, 1833.2213389711949]",26.612075808,0.0,0.0,0.0,0.0,0.0,0.0,0.0,,query-000000,0.0,0.0,0.0,0.0,0.0,37544.12095332492,0.0,59.99999999999999,0.0,1.0,0.0,59.99999999999999,0.0,0.0,0.0,,64.99999999999824,25199.672624732397,0.0,-11868.584682587367,27854.74470824377,22878.332154453725,0.0,15889.264318775837,0.0,0.0,0.0,1.4551915228366852e-11,1.7126792036387035e-16,14.999999999999998,14.999999999999998,"[171.0837030980107, 0.0, -99.31308248804804]","[0.0, 0.0, 0.0]",0.0
2.5237520720916145,0.0,2.1589865474207346,100715.14822632162,0.0,32899.18940119643,0.0,0.0,0.0,199.07474589041038,"[173.66798326973662, 0.0, -97.31488086800468]",0.0,0.0,0.0,0.0,"[0.0, 0.0, 0.0]","[0.8660254037844387, 0.0, -0.49999999999999994, 0.0]","[0.0, 0.0, 0.0]",0,nominal,31602.93263328012,booster-release,rigid_body_6dof_surface_allocated,100715.14822632162,0.0,32899.18940119643,21866.040327808958,0.0,103671.47161050799,-73582.53801826296,0.0,-42482.898132500006,0.0,31190.760000000002,0.0,160480.6870520227,160480.6870520227,-0.0,14.999999999999998,14.999999999999998,8664.1,generic_slender_body_v1,0.0,none,unprofiled,0.0,0.0,0.0,-59.99999999999999,"[9476.078413541285, 0.0, 1734.8802638656466]",26.612075808,0.0,0.0,0.0,0.0,0.0,0.0,0.0,,query-000000,0.0,0.0,0.0,0.0,0.0,36828.74076530377,0.0,59.99999999999999,0.0,1.0,0.0,59.99999999999999,0.0,0.0,0.0,,65.99999999999818,27132.610208058657,0.0,-9583.708731303574,28775.441086956653,21866.040327808958,0.0,18705.67534550799,0.0,0.0,0.0,1.8189894035458565e-12,2.1408490045483794e-17,14.999999999999998,14.999999999999998,"[173.66798326973662, 0.0, -97.31488086800468]","[0.0, 0.0, 0.0]",0.0
2.382211103141933,0.0,2.4614754312264706,102371.65980033242,0.0,35271.615068046434,0.0,0.0,0.0,200.11197075836452,"[176.12296751307122, 0.0, -95.00263762225867]",0.0,0.0,0.0,0.0,"[0.0, 0.0, 0.0]","[0.8660254037844387, 0.0, -0.49999999999999994, 0.0]","[0.0, 0.0, 0.0]",0,nominal,32296.50714312948,booster-release,rigid_body_6dof_surface_allocated,102371.65980033242,0.0,35271.615068046434,20639.715218732024,0.0,106292.26554868926,-73582.53801826296,0.0,-42482.898132500006,0.0,31190.760000000002,0.0,160480.6870520227,160480.6870520227,-0.0,14.999999999999998,14.999999999999998,8664.1,generic_slender_body_v1,0.0,none,unprofiled,0.0,0.0,0.0,-59.99999999999999,"[9650.985686117385, 0.0, 1638.696292966962]",26.612075808,0.0,0.0,0.0,0.0,0.0,0.0,0.0,,query-000000,0.0,0.0,0.0,0.0,0.0,36092.52142182273,0.0,59.99999999999999,0.0,1.0,0.0,59.99999999999999,0.0,0.0,0.0,,66.99999999999812,28789.12178206946,0.0,-7211.283064453572,29678.546736969787,20639.715218732024,0.0,21326.469283689265,0.0,0.0,0.0,2.5270208406163518e-11,2.974162488555773e-16,14.999999999999998,14.999999999999998,"[176.12296751307122, 0.0, -95.00263762225867]","[0.0, 0.0, 0.0]",0.0
2.217479182115604,0.0,2.738337233301399,103735.41854127355,0.0,37707.03231818494,0.0,0.0,0.0,200.9308607389713,"[178.42467016866922, 0.0, -92.40047549934725]",0.0,0.0,0.0,0.0,"[0.0, 0.0, 0.0]","[0.8660254037844387, 0.0, -0.49999999999999994, 0.0]","[0.0, 0.0, 0.0]",0,nominal,32922.39519737038,booster-release,rigid_body_6dof_surface_allocated,103735.41854127355,0.0,37707.03231818494,19212.461381767804,0.0,108691.02388804665,-73582.53801826296,0.0,-42482.898132500006,0.0,31190.760000000002,0.0,160480.6870520227,160480.6870520227,-0.0,14.999999999999998,14.999999999999998,8664.1,generic_slender_body_v1,0.0,none,unprofiled,0.0,0.0,0.0,-59.99999999999999,"[9828.27323534577, 0.0, 1544.9716607343037]",26.612075808,0.0,0.0,0.0,0.0,0.0,0.0,0.0,,query-000000,0.0,0.0,0.0,0.0,0.0,35337.601735391996,0.0,59.99999999999999,0.0,1.0,0.0,59.99999999999999,0.0,0.0,0.0,,67.99999999999807,30152.880523010594,0.0,-4775.865814315068,30528.758541927236,19212.461381767804,0.0,23725.227623046652,0.0,0.0,0.0,8.134767913360665e-12,9.574167807465865e-17,14.999999999999998,14.999999999999998,"[178.42467016866922, 0.0, -92.40047549934725]","[0.0, 0.0, 0.0]",0.0
2.031516065334231,0.0,2.9868041794101603,104794.1466861247,0.0,40178.746315461496,0.0,0.0,0.0,201.5321337931998,"[180.5508442460184, 0.0, -89.53543205508183]",0.0,0.0,0.0,0.0,"[0.0, 0.0, 0.0]","[0.8660254037844387, 0.0, -0.49999999999999994, 0.0]","[0.0, 0.0, 0.0]",0,nominal,33476.16249041973,booster-release,rigid_body_6dof_surface_allocated,104794.1466861247,0.0,40178.746315461496,17601.25834166231,0.0,110843.76635582757,-73582.53801826296,0.0,-42482.898132500006,0.0,31190.760000000002,0.0,160480.6870520227,160480.6870520227,-0.0,14.999999999999998,14.999999999999998,8664.1,generic_slender_body_v1,0.0,none,unprofiled,0.0,0.0,0.0,-59.99999999999999,"[10007.776492777448, 0.0, 1453.9829980165025]",26.612075808,0.0,0.0,0.0,0.0,0.0,0.0,0.0,,query-000000,0.0,0.0,0.0,0.0,0.0,34566.302843118625,0.0,59.99999999999999,0.0,1.0,0.0,59.99999999999999,0.0,0.0,0.0,,68.99999999999801,31211.608667861743,0.0,-2304.1518170385098,31296.54343903977,17601.25834166231,0.0,25877.97009082757,0.0,0.0,0.0,2.156576684024799e-11,2.538170391881749e-16,14.999999999999998,14.999999999999998,"[180.5508442460184, 0.0, -89.53543205508183]","[0.0, 0.0, 0.0]",0.0
1.8266907174360376,0.0,3.204462788336793,105539.99756044298,0.0,42658.52661347503,0.0,0.0,0.0,201.91791578729402,"[182.48141090851334, 0.0, -86.43714125723423]",0.0,0.0,0.0,0.0,"[0.0, 0.0, 0.0]","[0.8660254037844387, 0.0, -0.49999999999999994, 0.0]","[0.0, 0.0, 0.0]",0,nominal,33954.17806393504,booster-release,rigid_body_6dof_surface_allocated,105539.99756044298,0.0,42658.52661347503,15826.631044937574,0.0,112729.5823094288,-73582.53801826296,0.0,-42482.898132500006,0.0,31190.760000000002,0.0,160480.6870520227,160480.6870520227,-0.0,14.999999999999998,14.999999999999998,8664.1,generic_slender_body_v1,0.0,none,unprofiled,0.0,0.0,0.0,-59.99999999999999,"[10189.309692928979, 0.0, 1365.9785703648527]",26.612075808,0.0,0.0,0.0,0.0,0.0,0.0,0.0,,query-000000,0.0,0.0,0.0,0.0,0.0,33781.09610501086,0.0,59.99999999999999,0.0,1.0,0.0,59.99999999999999,0.0,0.0,0.0,,69.99999999999795,31957.45954218002,0.0,175.62848097502138,31957.9421389019,15826.631044937574,0.0,27763.78604442881,0.0,0.0,0.0,7.821755645621585e-12,9.205769838519838e-17,14.999999999999998,14.999999999999998,"[182.48141090851334, 0.0, -86.43714125723423]","[0.0, 0.0, 0.0]",0.0
1.6057288279009263,0.0,3.389318620167233,105969.81404510145,0.0,45117.281449240116,0.0,0.0,0.0,202.09168440280504,"[184.19884358005785, 0.0, -83.13744600679249]",0.0,0.0,0.0,0.0,"[0.0, 0.0, 0.0]","[0.8660254037844387, 0.0, -0.49999999999999994, 0.0]","[0.0, 0.0, 0.0]",0,nominal,34353.67983175168,booster-release,rigid_body_6dof_surface_allocated,105969.81404510145,0.0,45117.281449240116,13912.195137816416,0.0,114331.19172199092,-73582.53801826296,0.0,-42482.898132500006,0.0,31190.760000000002,0.0,160480.6870520227,160480.6870520227,-0.0,14.999999999999998,14.999999999999998,8664.1,generic_slender_body_v1,0.0,none,unprofiled,0.0,0.0,0.0,-59.99999999999999,"[10372.668237865864, 0.0, 1281.1758699605202]",26.612075808,0.0,0.0,0.0,0.0,0.0,0.0,0.0,,query-000000,0.0,0.0,0.0,0.0,0.0,32984.56779752981,0.0,59.99999999999999,0.0,1.0,0.0,59.99999999999999,0.0,0.0,0.0,,70.9999999999979,32387.276026838488,0.0,2634.38331674011,32494.239857213863,13912.195137816416,0.0,29365.395456990926,0.0,0.0,0.0,6.9414170513817895e-12,8.169660447519599e-17,14.999999999999998,14.999999999999998,"[184.19884358005785, 0.0, -83.13744600679249]","[0.0, 0.0, 0.0]",0.0
1.3716477031629284,0.0,3.539849820181537,106085.24828319518,0.0,47525.778224016634,0.0,0.0,0.0,202.0582034844616,"[185.6884930717997, 0.0, -79.66995127456948]",0.0,0.0,0.0,0.0,"[0.0, 0.0, 0.0]","[0.8660254037844387, 0.0, -0.49999999999999994, 0.0]","[0.0, 0.0, 0.0]",0,nominal,34672.8219470374,booster-release,rigid_body_6dof_surface_allocated,106085.24828319518,0.0,47525.778224016634,11884.092864973929,0.0,115635.40909203485,-73582.53801826296,0.0,-42482.898132500006,0.0,31190.760000000002,0.0,160480.6870520227,160480.6870520227,-0.0,14.999999999999998,14.999999999999998,8664.1,generic_slender_body_v1,0.0,none,unprofiled,0.0,0.0,0.0,-59.99999999999999,"[10557.631417455643, 0.0, 1199.7596256474349]",26.612075808,0.0,0.0,0.0,0.0,0.0,0.0,0.0,,query-000000,0.0,0.0,0.0,0.0,0.0,32179.381530539456,0.0,59.99999999999999,0.0,1.0,0.0,59.99999999999999,0.0,0.0,0.0,,71.99999999999784,32502.71026493222,0.0,5042.880091516628,32891.591846299336,11884.092864973929,0.0,30669.612827034856,0.0,0.0,0.0,9.094947017729282e-12,1.0704245022741896e-16,14.999999999999998,14.999999999999998,"[185.6884930717997, 0.0, -79.66995127456948]","[0.0, 0.0, 0.0]",0.0
1.1276810883873212,0.0,3.655046886841808,105892.73439658547,0.0,49855.37986728974,0.0,0.0,0.0,201.82344815341273,"[186.93884232598165, 0.0, -76.06953039394321]",0.0,0.0,0.0,0.0,"[0.0, 0.0, 0.0]","[0.8660254037844387, 0.0, -0.49999999999999994, 0.0]","[0.0, 0.0, 0.0]",0,nominal,34910.70217437067,booster-release,rigid_body_6dof_surface_allocated,105892.73439658547,0.0,49855.37986728974,9770.34171789659,0.0,116633.48799728611,-73582.53801826296,0.0,-42482.898132500006,0.0,31190.760000000002,0.0,160480.6870520227,160480.6870520227,-0.0,14.999999999999998,14.999999999999998,8664.1,generic_slender_body_v1,0.0,none,unprofiled,0.0,0.0,0.0,-59.99999999999999,"[10743.965420396291, 0.0, 1121.8802843994656]",26.612075808,0.0,0.0,0.0,0.0,0.0,0.0,0.0,,query-000000,0.0,0.0,0.0,0.0,0.0,31368.23940327266,0.0,59.99999999999999,0.0,1.0,0.0,59.99999999999999,0.0,0.0,0.0,,72.99999999999778,32310.196378322507,0.0,7372.481734789733,33140.64388233235,9770.34171789659,0.0,31667.69173228611,0.0,0.0,0.0,1.7659192816561335e-11,2.078388433091834e-16,14.999999999999998,14.999999999999998,"[186.93884232598165, 0.0, -76.06953039394321]","[0.0, 0.0, 0.0]",0.0
0.8771970557495683,0.0,3.7344367853883207,105403.31370610475,0.0,52078.765409471445,0.0,0.0,0.0,201.39452140842843,"[187.94168223408406, 0.0, -72.37179928917418]",0.0,0.0,0.0,0.0,"[0.0, 0.0, 0.0]","[0.8660254037844387, 0.0, -0.49999999999999994, 0.0]","[0.0, 0.0, 0.0]",0,nominal,35067.36824387888,booster-release,rigid_body_6dof_surface_allocated,105403.31370610475,0.0,52078.765409471445,7600.123010719835,0.0,117321.33001728295,-73582.53801826296,0.0,-42482.898132500006,0.0,31190.760000000002,0.0,160480.6870520227,160480.6870520227,-0.0,14.999999999999998,14.999999999999998,8664.1,generic_slender_body_v1,0.0,none,unprofiled,0.0,0.0,0.0,-59.99999999999999,"[10931.426561103981, 0.0, 1047.653003832763]",26.612075808,0.0,0.0,0.0,0.0,0.0,0.0,0.0,,query-000000,0.0,0.0,0.0,0.0,0.0,30553.842956701534,0.0,59.99999999999999,0.0,1.0,0.0,59.99999999999999,0.0,0.0,0.0,,73.99999999999773,31820.775687841786,0.0,9595.86727697144,33236.1615439147,7600.123010719835,0.0,32355.53375228295,0.0,0.0,0.0,1.2202151870040997e-11,1.4361251711198799e-16,14.999999999999998,14.999999999999998,"[187.94168223408406, 0.0, -72.37179928917418]","[0.0, 0.0, 0.0]",0.0
0.623612479325069,0.0,3.7780903568659907,104632.31982487859,0.0,54170.60380135924,0.0,0.0,0.0,200.77956328278594,"[188.6922033332148, 0.0, -68.61257489180076]",0.0,0.0,0.0,0.0,"[0.0, 0.0, 0.0]","[0.8660254037844387, 0.0, -0.49999999999999994, 0.0]","[0.0, 0.0, 0.0]",0,nominal,35143.803040980514,booster-release,rigid_body_6dof_surface_allocated,104632.31982487859,0.0,54170.60380135924,5403.040882120331,0.0,117699.54892592263,-73582.53801826296,0.0,-42482.898132500006,0.0,31190.760000000002,0.0,160480.6870520227,160480.6870520227,-0.0,14.999999999999998,14.999999999999998,8664.1,generic_slender_body_v1,0.0,none,unprofiled,0.0,0.0,0.0,-59.99999999999999,"[11119.764640642717, 0.0, 977.1571797890474]",26.612075808,0.0,0.0,0.0,0.0,0.0,0.0,0.0,,query-000000,0.0,0.0,0.0,0.0,0.0,29738.854973191384,0.0,59.99999999999999,0.0,1.0,0.0,59.99999999999999,0.0,0.0,0.0,,74.99999999999767,31049.781806615632,0.0,11687.705668859235,33176.669724978776,5403.040882120331,0.0,32733.752660922633,0.0,0.0,0.0,4.067383956680332e-12,4.7870839037329327e-17,14.999999999999998,14.999999999999998,"[188.6922033332148, 0.0, -68.61257489180076]","[0.0, 0.0, 0.0]",0.0
0.37030776765120604,0.0,3.7866128707975606,103598.93838910369,0.0,56108.15277762891,0.0,0.0,0.0,199.9876539033893,"[189.18900180044898, 0.0, -64.82733460147445]",0.0,0.0,0.0,0.0,"[0.0, 0.0, 0.0]","[0.8660254037844387, 0.0, -0.49999999999999994, 0.0]","[0.0, 0.0, 0.0]",0,nominal,35141.889365952025,booster-release,rigid_body_6dof_surface_allocated,103598.93838910369,0.0,56108.15277762891,3208.3835297068144,0.0,117773.38883887714,-73582.53801826296,0.0,-42482.898132500006,0.0,31190.760000000002,0.0,160480.6870520227,160480.6870520227,-0.0,14.999999999999998,14.999999999999998,8664.1,generic_slender_body_v1,0.0,none,unprofiled,0.0,0.0,0.0,-59.99999999999999,"[11308.726356477768, 0.0, 910.4365163862373]",26.612075808,0.0,0.0,0.0,0.0,0.0,0.0,0.0,,query-000000,0.0,0.0,0.0,0.0,0.0,28925.86312031,0.0,59.99999999999999,0.0,1.0,0.0,59.99999999999999,0.0,0.0,0.0,,75.99999999999761,30016.400370840725,0.0,13625.254645128902,32964.09949273927,3208.3835297068144,0.0,32807.59257387715,0.0,0.0,0.0,1.4206761399521663e-11,1.672056524393906e-16,14.999999999999998,14.999999999999998,"[189.18900180044898, 0.0, -64.82733460147445]","[0.0, 0.0, 0.0]",0.0
0.12054543303937967,0.0,3.761118466114422,102325.66251808761,0.0,57871.75913504988,0.0,0.0,0.0,199.0287119990587,"[189.43400180995704, 0.0, -61.050693347982886]",0.0,0.0,0.0,0.0,"[0.0, 0.0, 0.0]","[0.8660254037844387, 0.0, -0.49999999999999994, 0.0]","[0.0, 0.0, 0.0]",0,nominal,35064.35582454979,booster-release,rigid_body_6dof_surface_allocated,102325.66251808761,0.0,57871.75913504988,1044.4176863964894,0.0,117552.50276726196,-73582.53801826296,0.0,-42482.898132500006,0.0,31190.760000000002,0.0,160480.6870520227,160480.6870520227,-0.0,14.999999999999998,14.999999999999998,8664.1,generic_slender_body_v1,0.0,none,unprofiled,0.0,0.0,0.0,-59.99999999999999,"[11498.058676084645, 0.0, 847.4996291514439]",26.612075808,0.0,0.0,0.0,0.0,0.0,0.0,0.0,,query-000000,0.0,0.0,0.0,0.0,0.0,28117.34633822013,0.0,59.99999999999999,0.0,1.0,0.0,59.99999999999999,0.0,0.0,0.0,,76.99999999999756,28743.124499824655,0.0,15388.861002549871,32603.43921993844,1044.4176863964894,0.0,32586.706502261964,0.0,0.0,0.0,1.2732925824820995e-11,1.4985943031838654e-16,14.999999999999998,14.999999999999998,"[189.43400180995704, 0.0, -61.050693347982886]","[0.0, 0.0, 0.0]",0.0
-0.12260424559422632,0.0,3.703190048459676,100837.66987811783,0.0,59445.24278196113,0.0,0.0,0.0,197.91339051988197,"[189.43229975376312, 0.0, -57.3159136460002]",0.0,0.0,0.0,0.0,"[0.0, 0.0, 0.0]","[0.8660254037844387, 0.0, -0.49999999999999994, 0.0]","[0.0, 0.0, 0.0]",0,nominal,34914.70613162201,booster-release,rigid_body_6dof_surface_allocated,100837.66987811783,0.0,59445.24278196113,-1062.2554442529363,0.0,117050.60516385948,-73582.53801826296,0.0,-42482.898132500006,0.0,31190.760000000002,0.0,160480.6870520227,160480.6870520227,-0.0,14.999999999999998,14.999999999999998,8664.1,generic_slender_body_v1,0.0,none,unprofiled,0.0,0.0,0.0,-59.99999999999999,"[11687.51209325515, 0.0, 788.3211558085145]",26.612075808,0.0,0.0,0.0,0.0,0.0,0.0,0.0,,query-000000,0.0,0.0,0.0,0.0,0.0,27315.64473614722,0.0,59.99999999999999,0.0,1.0,0.0,59.99999999999999,0.0,0.0,0.0,,77.9999999999975,27255.131859854868,0.0,16962.344649461127,32102.388520251538,-1062.2554442529363,0.0,32084.808898859483,0.0,0.0,0.0,1.1504299109832135e-11,1.3539917961754107e-16,14.999999999999998,14.999999999999998,"[189.43229975376312, 0.0, -57.3159136460002]","[0.0, 0.0, 0.0]",0.0
-0.35632772839116217,0.0,3.6148269006903915,99162.15014497939,0.0,60816.15379166544,0.0,0.0,0.0,196.6529710574335,"[189.19193883883332, 0.0, -53.65446210818738]",0.0,0.0,0.0,0.0,"[0.0, 0.0, 0.0]","[0.8660254037844387, 0.0, -0.49999999999999994, 0.0]","[0.0, 0.0, 0.0]",0,nominal,34697.13468149206,booster-release,rigid_body_6dof_surface_allocated,99162.15014497939,0.0,60816.15379166544,-3087.259071553868,0.0,116285.01801527162,-73582.53801826296,0.0,-42482.898132500006,0.0,31190.760000000002,0.0,160480.6870520227,160480.6870520227,-0.0,14.999999999999998,14.999999999999998,8664.1,generic_slender_body_v1,0.0,none,unprofiled,0.0,0.0,0.0,-59.99999999999999,"[11876.843692992168, 0.0, 732.8433348062583]",26.612075808,0.0,0.0,0.0,0.0,0.0,0.0,0.0,,query-000000,0.0,0.0,0.0,0.0,0.0,26522.93360213568,0.0,59.99999999999999,0.0,1.0,0.0,59.99999999999999,0.0,0.0,0.0,,78.99999999999744,25579.612126716427,0.0,18333.255659165436,31471.015547922485,-3087.259071553868,0.0,31319.221750271623,0.0,0.0,0.0,1.543463690584498e-11,1.8165706183351545e-16,14.999999999999998,14.999999999999998,"[189.19193883883332, 0.0, -53.65446210818738]","[0.0, 0.0, 0.0]",0.0
-0.5781208154992071,0.0,3.498382770802757,97327.61258724415,0.0,61975.89887853727,0.0,0.0,0.0,195.25925870021186,"[188.72362498853056, 0.0, -50.095623355186916]",0.0,0.0,0.0,0.0,"[0.0, 0.0, 0.0]","[0.8660254037844387, 0.0, -0.49999999999999994, 0.0]","[0.0, 0.0, 0.0]",0,nominal,34416.43163296511,booster-release,rigid_body_6dof_surface_allocated,97327.61258724415,0.0,61975.89887853727,-5008.896557566681,0.0,115276.13442951217,-73582.53801826296,0.0,-42482.898132500006,0.0,31190.760000000002,0.0,160480.6870520227,160480.6870520227,-0.0,14.999999999999998,14.999999999999998,8664.1,generic_slender_body_v1,0.0,none,unprofiled,0.0,0.0,0.0,-59.99999999999999,"[12065.819960660547, 0.0, 680.9779994290872]",26.612075808,0.0,0.0,0.0,0.0,0.0,0.0,0.0,,query-000000,0.0,0.0,0.0,0.0,0.0,25741.201952179385,0.0,59.99999999999999,0.0,1.0,0.0,59.99999999999999,0.0,0.0,0.0,,79.99999999999739,23745.07456898119,0.0,19493.000746037265,30721.41996020832,-5008.896557566681,0.0,30310.33816451217,0.0,0.0,0.0,7.275957614183426e-12,8.563396018193518e-17,14.999999999999998,14.999999999999998,"[188.72362498853056, 0.0, -50.095623355186916]","[0.0, 0.0, 0.0]",0.0
-0.7858280202445926,0.0,3.356497500547151,95363.20248660842,0.0,62919.74063969661,0.0,0.0,0.0,193.74447882822557,"[188.0403966790632, 0.0, -46.666179329374046]",0.0,0.0,0.0,0.0,"[0.0, 0.0, 0.0]","[0.8660254037844387, 0.0, -0.49999999999999994, 0.0]","[0.0, 0.0, 0.0]",0,nominal,34077.88095964962,booster-release,rigid_body_6dof_surface_allocated,95363.20248660842,0.0,62919.74063969661,-6808.492550201176,0.0,114046.82625949057,-73582.53801826296,0.0,-42482.898132500006,0.0,31190.760000000002,0.0,160480.6870520227,160480.6870520227,-0.0,14.999999999999998,14.999999999999998,8664.1,generic_slender_body_v1,0.0,none,unprofiled,0.0,0.0,0.0,-59.99999999999999,"[12254.21928290362, 0.0, 632.6089258341768]",26.612075808,0.0,0.0,0.0,0.0,0.0,0.0,0.0,,query-000000,0.0,0.0,0.0,0.0,0.0,24972.235860742105,0.0,59.99999999999999,0.0,1.0,0.0,59.99999999999999,0.0,0.0,0.0,,80.99999999999733,21780.664468345465,0.0,20436.842507196605,29867.404914833245,-6808.492550201176,0.0,29081.02999449057,0.0,0.0,0.0,1.4551915228366852e-11,1.7126792036387035e-16,14.999999999999998,14.999999999999998,"[188.0403966790632, 0.0, -46.666179329374046]","[0.0, 0.0, 0.0]",0.0
-0.9776681634251472,0.0,3.1920253425466107,93298.05240176966,0.0,63646.679063627606,0.0,0.0,0.0,192.12117715747428,"[187.15726227786416, 0.0, -43.39015889609507]",0.0,0.0,0.0,0.0,"[0.0, 0.0, 0.0]","[0.8660254037844387, 0.0, -0.49999999999999994, 0.0]","[0.0, 0.0, 0.0]",0,nominal,33687.15492998552,booster-release,rigid_body_6dof_surface_allocated,93298.05240176966,0.0,63646.679063627606,-8470.614734731818,0.0,112621.82303535809,-73582.53801826296,0.0,-42482.898132500006,0.0,31190.760000000002,0.0,160480.6870520227,160480.6870520227,-0.0,14.999999999999998,14.999999999999998,8664.1,generic_slender_body_v1,0.0,none,unprofiled,0.0,0.0,0.0,-59.99999999999999,"[12441.834100997794, 0.0, 587.5944669069233]",26.612075808,0.0,0.0,0.0,0.0,0.0,0.0,0.0,,query-000000,0.0,0.0,0.0,0.0,0.0,24217.606635079588,0.0,59.99999999999999,0.0,1.0,0.0,59.99999999999999,0.0,0.0,0.0,,81.99999999999727,19715.5143835067,0.0,21163.7809311276,28924.161711396566,-8470.614734731818,0.0,27656.02677035809,0.0,0.0,0.0,1.4999770885397668e-11,1.7653893148502782e-16,14.999999999999998,14.999999999999998,"[187.15726227786416, 0.0, -43.39015889609507]","[0.0, 0.0, 0.0]",0.0
-1.1522463718818508,0.0,3.007962997266773,91160.69022760165,0.0,64159.22981198441,0.0,0.0,0.0,190.40212410407227,"[186.09081862941093, 0.0, -40.28865951081303]",0.0,0.0,0.0,0.0,"[0.0, 0.0, 0.0]","[0.8660254037844387, 0.0, -0.49999999999999994, 0.0]","[0.0, 0.0, 0.0]",0,nominal,33250.208321986436,booster-release,rigid_body_6dof_surface_allocated,91160.69022760165,0.0,64159.22981198441,-9983.177790621543,0.0,111027.08846961905,-73582.53801826296,0.0,-42482.898132500006,0.0,31190.760000000002,0.0,160480.6870520227,160480.6870520227,-0.0,14.999999999999998,14.999999999999998,8664.1,generic_slender_body_v1,0.0,none,unprofiled,0.0,0.0,0.0,-59.99999999999999,"[12628.47269103542, 0.0, 545.7704005051498]",26.612075808,0.0,0.0,0.0,0.0,0.0,0.0,0.0,,query-000000,0.0,0.0,0.0,0.0,0.0,23478.663729785098,0.0,59.99999999999999,0.0,1.0,0.0,59.99999999999999,0.0,0.0,0.0,,82.99999999999721,17578.15220933869,0.0,21676.331679484407,27907.97001169553,-9983.177790621543,0.0,26061.29220461905,0.0,0.0,0.0,1.626953582672133e-11,1.914833561493173e-16,14.999999999999998,14.999999999999998,"[186.09081862941093, 0.0, -40.28865951081303]","[0.0, 0.0, 0.0]",0.0
-1.3085533113106744,0.0,2.8073801133285534,88978.52103951454,0.0,64463.11738700434,0.0,0.0,0.0,188.60022426535483,"[184.8588641184132, 0.0, -37.379739830450646]",0.0,0.0,0.0,0.0,"[0.0, 0.0, 0.0]","[0.8660254037844387, 0.0, -0.49999999999999994, 0.0]","[0.0, 0.0, 0.0]",0,nominal,32773.17537237484,booster-release,rigid_body_6dof_surface_allocated,88978.52103951454,0.0,64463.11738700434,-11337.436744526814,0.0,109289.21830488992,-73582.53801826296,0.0,-42482.898132500006,0.0,31190.760000000002,0.0,160480.6870520227,160480.6870520227,-0.0,14.999999999999998,14.999999999999998,8664.1,generic_slender_body_v1,0.0,none,unprofiled,0.0,0.0,0.0,-59.99999999999999,"[12813.960558867586, 0.0, 506.9529203581995]",26.612075808,0.0,0.0,0.0,0.0,0.0,0.0,0.0,,query-000000,0.0,0.0,0.0,0.0,0.0,22756.532152901804,0.0,59.99999999999999,0.0,1.0,0.0,59.99999999999999,0.0,0.0,0.0,,83.99999999999716,15395.98302125158,0.0,21980.219254504336,26835.91495862866,-11337.436744526814,0.0,24323.42203988992,0.0,0.0,0.0,8.134767913360665e-12,9.574167807465865e-17,14.999999999999998,14.999999999999998,"[184.8588641184132, 0.0, -37.379739830450646]","[0.0, 0.0, 0.0]",0.0
-1.4459530064898176,0.0,2.593354576205193,86777.39430653326,0.0,64566.90341004501,0.0,0.0,0.0,186.7284315283083,"[183.48001833732658, 0.0, -34.67837960396108]",0.0,0.0,0.0,0.0,"[0.0, 0.0, 0.0]","[0.8660254037844387, 0.0, -0.49999999999999994, 0.0]","[0.0, 0.0, 0.0]",0,nominal,32262.272043112134,booster-release,rigid_body_6dof_surface_allocated,86777.39430653326,0.0,64566.90341004501,-12527.88144352843,0.0,107434.87964869941,-73582.53801826296,0.0,-42482.898132500006,0.0,31190.760000000002,0.0,160480.6870520227,160480.6870520227,-0.0,14.999999999999998,14.999999999999998,8664.1,generic_slender_body_v1,0.0,none,unprofiled,0.0,0.0,0.0,-59.99999999999999,"[12998.14145046069, 0.0, 470.9417003153364]",26.612075808,0.0,0.0,0.0,0.0,0.0,0.0,0.0,,query-000000,0.0,0.0,0.0,0.0,0.0,22052.113995908454,0.0,59.99999999999999,0.0,1.0,0.0,59.99999999999999,0.0,0.0,0.0,,84.9999999999971,13194.856288270297,0.0,22084.005277545002,25725.619945236325,-12527.88144352843,0.0,22469.083383699413,0.0,0.0,0.0,1.3116919128020487e-11,1.5437881717850442e-16,14.999999999999998,14.999999999999998,"[183.48001833732658, 0.0, -34.67837960396108]","[0.0, 0.0, 0.0]",0.0
-1.5641609809472252,0.0,2.368914407692883,84581.262643865,0.0,64481.57090188213,0.0,0.0,0.0,184.79967003019166,"[181.97335893005962, 0.0, -32.19650109840211]",0.0,0.0,0.0,0.0,"[0.0, 0.0, 0.0]","[0.8660254037844387, 0.0, -0.49999999999999994, 0.0]","[0.0, 0.0, 0.0]",0,nominal,31723.705698402766,booster-release,rigid_body_6dof_surface_allocated,84581.262643865,0.0,64481.57090188213,-13552.047155024855,0.0,105490.30758469191,-73582.53801826296,0.0,-42482.898132500006,0.0,31190.760000000002,0.0,160480.6870520227,160480.6870520227,-0.0,14.999999999999998,14.999999999999998,8664.1,generic_slender_body_v1,0.0,none,unprofiled,0.0,0.0,0.0,-59.99999999999999,"[13180.877989701612, 0.0, 437.52296738416754]",26.612075808,0.0,0.0,0.0,0.0,0.0,0.0,0.0,,query-000000,0.0,0.0,0.0,0.0,0.0,21366.093629731804,0.0,59.99999999999999,0.0,1.0,0.0,59.99999999999999,0.0,0.0,0.0,,85.99999999999704,10998.724625602044,0.0,21998.672769382123,24594.99028266079,-13552.047155024855,0.0,20524.511319691912,0.0,0.0,0.0,1.55414522765887e-11,1.829142191302066e-16,14.999999999999998,14.999999999999998,"[181.97335893005962, 0.0, -32.19650109840211]","[0.0, 0.0, 0.0]",0.0
-1.6632146768931866,0.0,2.1369875583194173,82411.93323106869,0.0,64220.084831885586,0.0,0.0,0.0,182.82676092699845,"[180.35808432494616, 0.0, -29.943044763240948]",0.0,0.0,0.0,0.0,"[0.0, 0.0, 0.0]","[0.8660254037844387, 0.0, -0.49999999999999994, 0.0]","[0.0, 0.0, 0.0]",0,nominal,31163.593760037245,booster-release,rigid_body_6dof_surface_allocated,82411.93323106869,0.0,64220.084831885586,-14410.25828207026,0.0,103480.87016903526,-73582.53801826296,0.0,-42482.898132500006,0.0,31190.760000000002,0.0,160480.6870520227,160480.6870520227,-0.0,14.999999999999998,14.999999999999998,8664.1,generic_slender_body_v1,0.0,none,unprofiled,0.0,0.0,0.0,-59.99999999999999,"[13362.051965347791, 0.0, 406.4725255653837]",26.612075808,0.0,0.0,0.0,0.0,0.0,0.0,0.0,,query-000000,0.0,0.0,0.0,0.0,0.0,20698.94604836469,0.0,59.99999999999999,0.0,1.0,0.0,59.99999999999999,0.0,0.0,0.0,,86.99999999999699,8829.395212805728,0.0,21737.18669938558,23461.958686943897,-14410.25828207026,0.0,18515.073904035264,0.0,0.0,0.0,3.637978807091713e-12,4.281698009096759e-17,14.999999999999998,14.999999999999998,"[180.35808432494616, 0.0, -29.943044763240948]","[0.0, 0.0, 0.0]",0.0
-1.7434382024694448,0.0,1.900360339424775,80288.9086308885,0.0,63796.94753066613,0.0,0.0,0.0,180.8223546851771,"[178.65320905483972, 0.0, -27.9240908231533]",0.0,0.0,0.0,0.0,"[0.0, 0.0, 0.0]","[0.8660254037844387, 0.0, -0.49999999999999994, 0.0]","[0.0, 0.0, 0.0]",0,nominal,30587.892383133334,booster-release,rigid_body_6dof_surface_allocated,80288.9086308885,0.0,63796.94753066613,-15105.322930015518,0.0,101430.70828181019,-73582.53801826296,0.0,-42482.898132500006,0.0,31190.760000000002,0.0,160480.6870520227,160480.6870520227,-0.0,14.999999999999998,14.999999999999998,8664.1,generic_slender_body_v1,0.0,none,unprofiled,0.0,0.0,0.0,-59.99999999999999,"[13541.564296531145, 0.0, 377.5586803382821]",26.612075808,0.0,0.0,0.0,0.0,0.0,0.0,0.0,,query-000000,0.0,0.0,0.0,0.0,0.0,20050.947809485406,0.0,59.99999999999999,0.0,1.0,0.0,59.99999999999999,0.0,0.0,0.0,,87.99999999999693,6706.370612625542,0.0,21314.049398166128,22344.21868272313,-15105.322930015518,0.0,16464.912016810194,0.0,0.0,0.0,0.0,0.0,14.999999999999998,14.999999999999998,"[178.65320905483972, 0.0, -27.9240908231533]","[0.0, 0.0, 0.0]",0.0
-1.805403414636499,0.0,1.6616447459005153,78229.31019183922,0.0,63227.76512258199,0.0,0.0,0.0,178.79886841126785,"[176.87729632502376, 0.0, -26.143017995243298]",0.0,0.0,0.0,0.0,"[0.0, 0.0, 0.0]","[0.8660254037844387, 0.0, -0.49999999999999994, 0.0]","[0.0, 0.0, 0.0]",0,nominal,30002.33569716455,booster-release,rigid_body_6dof_surface_allocated,78229.31019183922,0.0,63227.76512258199,-15642.195724752091,0.0,99362.45250795665,-73582.53801826296,0.0,-42482.898132500006,0.0,31190.760000000002,0.0,160480.6870520227,160480.6870520227,-0.0,14.999999999999998,14.999999999999998,8664.1,generic_slender_body_v1,0.0,none,unprofiled,0.0,0.0,0.0,-59.99999999999999,"[13719.334711900872, 0.0, 350.54502224979143]",26.612075808,0.0,0.0,0.0,0.0,0.0,0.0,0.0,,query-000000,0.0,0.0,0.0,0.0,0.0,19422.190015020853,0.0,59.99999999999999,0.0,1.0,0.0,59.99999999999999,0.0,0.0,0.0,,88.99999999999687,4646.772173576261,0.0,20744.866990081988,21258.92749104045,-15642.195724752091,0.0,14396.656242956655,0.0,0.0,0.0,1.546140993013978e-11,1.8197216538661223e-16,14.999999999999998,14.999999999999998,"[176.87729632502376, 0.0, -26.143017995243298]","[0.0, 0.0, 0.0]",0.0
-1.8498892065568584,0.0,1.423254490117996,76247.87459193538,0.0,62528.83822329049,0.0,0.0,0.0,176.768427580936,"[175.04823054376317, 0.0, -24.600690497101045]",0.0,0.0,0.0,0.0,"[0.0, 0.0, 0.0]","[0.8660254037844387, 0.0, -0.49999999999999994, 0.0]","[0.0, 0.0, 0.0]",0,nominal,29412.385711048235,booster-release,rigid_body_6dof_surface_allocated,76247.87459193538,0.0,62528.83822329049,-16027.625074529278,0.0,97297.01549283133,-73582.53801826296,0.0,-42482.898132500006,0.0,31190.760000000002,0.0,160480.6870520227,160480.6870520227,-0.0,14.999999999999998,14.999999999999998,8664.1,generic_slender_body_v1,0.0,none,unprofiled,0.0,0.0,0.0,-59.99999999999999,"[13895.301181166093, 0.0, 325.19303691443986]",26.612075808,0.0,0.0,0.0,0.0,0.0,0.0,0.0,,query-000000,0.0,0.0,0.0,0.0,0.0,18812.5927901753,0.0,59.99999999999999,0.0,1.0,0.0,59.99999999999999,0.0,0.0,0.0,,89.99999999999682,2665.3365736724227,0.0,20045.940090790486,20222.357260579607,-16027.625074529278,0.0,12331.21922783133,0.0,0.0,0.0,1.241218711944037e-11,1.4608451477024912e-16,14.999999999999998,14.999999999999998,"[175.04823054376317, 0.0, -24.600690497101045]","[0.0, 0.0, 0.0]",0.0
-1.8778406554519644,0.0,1.1873892182737429,74357.01238223744,0.0,61716.78703702768,0.0,0.0,0.0,174.74281142906588,"[173.18303076294697, 0.0, -23.295664873410328]",0.0,0.0,0.0,0.0,"[0.0, 0.0, 0.0]","[0.8660254037844387, 0.0, -0.49999999999999994, 0.0]","[0.0, 0.0, 0.0]",0,nominal,28823.192601180323,booster-release,rigid_body_6dof_surface_allocated,74357.01238223744,0.0,61716.78703702768,-16269.799222901365,0.0,95253.45519104553,-73582.53801826296,0.0,-42482.898132500006,0.0,31190.760000000002,0.0,160480.6870520227,160480.6870520227,-0.0,14.999999999999998,14.999999999999998,8664.1,generic_slender_body_v1,0.0,none,unprofiled,0.0,0.0,0.0,-59.99999999999999,"[14069.4191396129, 0.0, 301.26451741475853]",26.612075808,0.0,0.0,0.0,0.0,0.0,0.0,0.0,,query-000000,0.0,0.0,0.0,0.0,0.0,18221.92075277248,0.0,59.99999999999999,0.0,1.0,0.0,59.99999999999999,0.0,0.0,0.0,,90.99999999999676,774.4743639744847,0.0,19233.888904527674,19249.475133939788,-16269.799222901365,0.0,10287.658926045537,0.0,0.0,0.0,7.332580706405269e-12,8.630038237428704e-17,14.999999999999998,14.999999999999998,"[173.18303076294697, 0.0, -23.295664873410328]","[0.0, 0.0, 0.0]",0.0
-1.8903294279464011,0.0,0.9560261189891384,72566.91654942873,0.0,60808.217912846245,0.0,0.0,0.0,172.73340121967078,"[171.29770444702532, 0.0, -22.224408835677114]",0.0,0.0,0.0,0.0,"[0.0, 0.0, 0.0]","[0.8660254037844387, 0.0, -0.49999999999999994, 0.0]","[0.0, 0.0, 0.0]",0,nominal,28239.564795869956,booster-release,rigid_body_6dof_surface_allocated,72566.91654942873,0.0,60808.217912846245,-16378.003196670415,0.0,93248.90216253379,-73582.53801826296,0.0,-42482.898132500006,0.0,31190.760000000002,0.0,160480.6870520227,160480.6870520227,-0.0,14.999999999999998,14.999999999999998,8664.1,generic_slender_body_v1,0.0,none,unprofiled,0.0,0.0,0.0,-59.99999999999999,"[14241.660546331337, 0.0, 278.52376325225686]",26.612075808,0.0,0.0,0.0,0.0,0.0,0.0,0.0,,query-000000,0.0,0.0,0.0,0.0,0.0,17649.799011355626,0.0,59.99999999999999,0.0,1.0,0.0,59.99999999999999,0.0,0.0,0.0,,91.9999999999967,-1015.6214688342297,0.0,18325.31978034624,18353.441966560535,-16378.003196670415,0.0,8283.105897533795,0.0,0.0,0.0,2.461103418269851e-11,2.896581361509178e-16,14.999999999999998,14.999999999999998,"[171.29770444702532, 0.0, -22.224408835677114]","[0.0, 0.0, 0.0]",0.0
-1.8885165598223115,0.0,0.7309179595671536,70885.70902116515,0.0,59819.43556177001,0.0,0.0,0.0,170.75113062977974,"[169.40713973066082, 0.0, -21.381525194065613]",0.0,0.0,0.0,0.0,"[0.0, 0.0, 0.0]","[0.8660254037844387, 0.0, -0.49999999999999994, 0.0]","[0.0, 0.0, 0.0]",0,nominal,27665.948040742518,booster-release,rigid_body_6dof_surface_allocated,70885.70902116515,0.0,59819.43556177001,-16362.29632595649,0.0,91298.54255848577,-73582.53801826296,0.0,-42482.898132500006,0.0,31190.760000000002,0.0,160480.6870520227,160480.6870520227,-0.0,14.999999999999998,14.999999999999998,8664.1,generic_slender_body_v1,0.0,none,unprofiled,0.0,0.0,0.0,-59.99999999999999,"[14412.012815653932, 0.0, 256.7395573768447]",26.612075808,0.0,0.0,0.0,0.0,0.0,0.0,0.0,,query-000000,0.0,0.0,0.0,0.0,0.0,17095.729286023685,0.0,59.99999999999999,0.0,1.0,0.0,59.99999999999999,0.0,0.0,0.0,,92.99999999999665,-2696.8289970978076,0.0,17336.537429270007,17545.039660145172,-16362.29632595649,0.0,6332.746293485776,0.0,0.0,0.0,1.8925358787496237e-11,2.227409101006939e-16,14.999999999999998,14.999999999999998,"[169.40713973066082, 0.0, -21.381525194065613]","[0.0, 0.0, 0.0]",0.0
-1.8736184468677488,0.0,0.5135964909853297,69319.61354420903,0.0,58766.20262548224,0.0,0.0,0.0,168.80643755448259,"[167.52503334944691, 0.0, -20.75997497835979]",0.0,0.0,0.0,0.0,"[0.0, 0.0, 0.0]","[0.8660254037844387, 0.0, -0.49999999999999994, 0.0]","[0.0, 0.0, 0.0]",0,nominal,27106.41247447645,booster-release,rigid_body_6dof_surface_allocated,69319.61354420903,0.0,58766.20262548224,-16233.217585506864,0.0,89415.64762254599,-73582.53801826296,0.0,-42482.898132500006,0.0,31190.760000000002,0.0,160480.6870520227,160480.6870520227,-0.0,14.999999999999998,14.999999999999998,8664.1,generic_slender_body_v1,0.0,none,unprofiled,0.0,0.0,0.0,-59.99999999999999,"[14580.477658956384, 0.0, 235.68691924243132]",26.612075808,0.0,0.0,0.0,0.0,0.0,0.0,0.0,,query-000000,0.0,0.0,0.0,0.0,0.0,16559.105806506504,0.0,59.99999999999999,0.0,1.0,0.0,59.99999999999999,0.0,0.0,0.0,,93.99999999999659,-4262.924474053929,0.0,16283.304492982235,16832.068508732467,-16233.217585506864,0.0,4449.851357545995,0.0,0.0,0.0,7.103380699760832e-12,8.36028262196953e-17,14.999999999999998,14.999999999999998,"[167.52503334944691, 0.0, -20.75997497835979]","[0.0, 0.0, 0.0]",0.0
-1.8468766192865707,0.0,0.30538013768970296,67873.14432226357,0.0,57663.546196299125,0.0,0.0,0.0,166.9092167681066,"[165.66385072534885, 0.0, -20.35129492175207]",0.0,0.0,0.0,0.0,"[0.0, 0.0, 0.0]","[0.8660254037844387, 0.0, -0.49999999999999994, 0.0]","[0.0, 0.0, 0.0]",0,nominal,26564.646656191137,booster-release,rigid_body_6dof_surface_allocated,67873.14432226357,0.0,57663.546196299125,-16001.523717160777,0.0,87611.64031595735,-73582.53801826296,0.0,-42482.898132500006,0.0,31190.760000000002,0.0,160480.6870520227,160480.6870520227,-0.0,14.999999999999998,14.999999999999998,8664.1,generic_slender_body_v1,0.0,none,unprofiled,0.0,0.0,0.0,-59.99999999999999,"[14747.069870781948, 0.0, 215.14863720312636]",26.612075808,0.0,0.0,0.0,0.0,0.0,0.0,0.0,,query-000000,0.0,0.0,0.0,0.0,0.0,16039.230704099438,0.0,59.99999999999999,0.0,1.0,0.0,59.99999999999999,0.0,0.0,0.0,,94.99999999999653,-5709.393695999388,0.0,15180.648063799119,16218.793173748942,-16001.523717160777,0.0,2645.8440509573556,0.0,0.0,0.0,9.668061295755842e-12,1.137876854069855e-16,14.999999999999998,14.999999999999998,"[165.66385072534885, 0.0, -20.35129492175207]","[0.0, 0.0, 0.0]",0.0
-1.809531635134065,0.0,0.1073849195873319,66549.30106223683,0.0,56525.609245601554,0.0,0.0,0.0,165.0687730539209,"[163.83481423716097, 0.0, -20.145805553558805]",0.0,0.0,0.0,0.0,"[0.0, 0.0, 0.0]","[0.8660254037844387, 0.0, -0.49999999999999994, 0.0]","[0.0, 0.0, 0.0]",0,nominal,26043.957455994132,booster-release,rigid_body_6dof_surface_allocated,66549.30106223683,0.0,56525.609245601554,-15677.963039965052,0.0,85896.1899467966,-73582.53801826296,0.0,-42482.898132500006,0.0,31190.760000000002,0.0,160480.6870520227,160480.6870520227,-0.0,14.999999999999998,14.999999999999998,8664.1,generic_slender_body_v1,0.0,none,unprofiled,0.0,0.0,0.0,-59.99999999999999,"[14911.816089487327, 0.0, 194.91658785194446]",26.612075808,0.0,0.0,0.0,0.0,0.0,0.0,0.0,,query-000000,0.0,0.0,0.0,0.0,0.0,15535.328675021692,0.0,59.99999999999999,0.0,1.0,0.0,59.99999999999999,0.0,0.0,0.0,,95.99999999999648,-7033.236956026129,0.0,14042.711113101548,15705.54543738094,-15677.963039965052,0.0,930.3936817966023,0.0,0.0,0.0,1.1647215137477994e-11,1.3708122149707713e-16,14.999999999999998,14.999999999999998,"[163.83481423716097, 0.0, -20.145805553558805]","[0.0, 0.0, 0.0]",0.0
-1.7628012249984564,0.0,-0.07946237227398417,65349.76251405637,0.0,55365.54371385623,0.0,0.0,0.0,163.29377463421554,"[162.04791547541075, 0.0, -20.132807165522447]",0.0,0.0,0.0,0.0,"[0.0, 0.0, 0.0]","[0.8660254037844387, 0.0, -0.49999999999999994, 0.0]","[0.0, 0.0, 0.0]",0,nominal,25547.27473848368,booster-release,rigid_body_6dof_surface_allocated,65349.76251405637,0.0,55365.54371385623,-15273.086093509126,0.0,84277.32632538097,-73582.53801826296,0.0,-42482.898132500006,0.0,31190.760000000002,0.0,160480.6870520227,160480.6870520227,-0.0,14.999999999999998,14.999999999999998,8664.1,generic_slender_body_v1,0.0,none,unprofiled,0.0,0.0,0.0,-59.99999999999999,"[15074.753558505712, 0.0, 174.79285314233917]",26.612075808,0.0,0.0,0.0,0.0,0.0,0.0,0.0,,query-000000,0.0,0.0,0.0,0.0,0.0,15046.560750413308,0.0,59.99999999999999,0.0,1.0,0.0,59.99999999999999,0.0,0.0,0.0,,96.99999999999642,-8232.775504206591,0.0,12882.64558135622,15288.595412185545,-15273.086093509126,0.0,-688.4699396190263,0.0,0.0,0.0,9.094947017729282e-12,1.0704245022741896e-16,14.999999999999998,14.999999999999998,"[162.04791547541075, 0.0, -20.132807165522447]","[0.0, 0.0, 0.0]",0.0
-1.70786265323327,0.0,-0.2544096210685706,64275.07209094832,0.0,54195.44121252475,0.0,0.0,0.0,161.5922069838045,"[160.31194723541878, 0.0, -20.300761844941174]",0.0,0.0,0.0,0.0,"[0.0, 0.0, 0.0]","[0.8660254037844387, 0.0, -0.49999999999999994, 0.0]","[0.0, 0.0, 0.0]",0,nominal,25077.15982494507,booster-release,rigid_body_6dof_surface_allocated,64275.07209094832,0.0,54195.44121252475,-14797.092813878375,0.0,82761.5658670998,-73582.53801826296,0.0,-42482.898132500006,0.0,31190.760000000002,0.0,160480.6870520227,160480.6870520227,-0.0,14.999999999999998,14.999999999999998,8664.1,generic_slender_body_v1,0.0,none,unprofiled,0.0,0.0,0.0,-59.99999999999999,"[15235.928910085393, 0.0, 154.590648395279]",26.612075808,0.0,0.0,0.0,0.0,0.0,0.0,0.0,,query-000000,0.0,0.0,0.0,0.0,0.0,14572.03706103392,0.0,59.99999999999999,0.0,1.0,0.0,59.99999999999999,0.0,0.0,0.0,,97.99999999999636,-9307.465927314639,0.0,11712.543080024741,14960.36722107978,-14797.092813878375,0.0,-2204.2303979002027,0.0,0.0,0.0,1.1647215137477994e-11,1.3708122149707713e-16,14.999999999999998,14.999999999999998,"[160.31194723541878, 0.0, -20.300761844941174]","[0.0, 0.0, 0.0]",0.0
-1.6458391299058563,0.0,-0.41686420360112525,63324.81063855575,0.0,53026.29683150222,0.0,0.0,0.0,159.97132737998027,"[158.6345511053846, 0.0, -20.63746058278361]",0.0,0.0,0.0,0.0,"[0.0, 0.0, 0.0]","[0.8660254037844387, 0.0, -0.49999999999999994, 0.0]","[0.0, 0.0, 0.0]",0,nominal,24635.81680357518,booster-release,rigid_body_6dof_surface_allocated,63324.81063855575,0.0,53026.29683150222,-14259.71480541733,0.0,81354.04311857949,-73582.53801826296,0.0,-42482.898132500006,0.0,31190.760000000002,0.0,160480.6870520227,160480.6870520227,-0.0,14.999999999999998,14.999999999999998,8664.1,generic_slender_body_v1,0.0,none,unprofiled,0.0,0.0,0.0,-59.99999999999999,"[15395.396989156634, 0.0, 134.13507568371875]",26.612075808,0.0,0.0,0.0,0.0,0.0,0.0,0.0,,query-000000,0.0,0.0,0.0,0.0,0.0,14110.828531810152,0.0,59.99999999999999,0.0,1.0,0.0,59.99999999999999,0.0,0.0,0.0,,98.9999999999963,-10257.727379707212,0.0,10543.398699002217,14710.004320955064,-14259.71480541733,0.0,-3611.7531464205094,0.0,0.0,0.0,1.0606439709309235e-11,1.2483187559649047e-16,14.999999999999998,14.999999999999998,"[158.6345511053846, 0.0, -20.63746058278361]","[0.0, 0.0, 0.0]",0.0
-1.5777900094848833,0.0,-0.5663778070713432,62497.752819550864,0.0,51868.00137116319,0.0,0.0,0.0,158.4376208151302,"[157.0222767238634, 0.0, -21.130175153402007]",0.0,0.0,0.0,0.0,"[0.0, 0.0, 0.0]","[0.8660254037844387, 0.0, -0.49999999999999994, 0.0]","[0.0, 0.0, 0.0]",0,nominal,24225.105859228057,booster-release,rigid_body_6dof_surface_allocated,62497.752819550864,0.0,51868.00137116319,-13670.130421177979,0.0,80058.64230675317,-73582.53801826296,0.0,-42482.898132500006,0.0,31190.760000000002,0.0,160480.6870520227,160480.6870520227,-0.0,14.999999999999998,14.999999999999998,8664.1,generic_slender_body_v1,0.0,none,unprofiled,0.0,0.0,0.0,-59.99999999999999,"[15553.21973093697, 0.0, 113.26371772311892]",26.612075808,0.0,0.0,0.0,0.0,0.0,0.0,0.0,,query-000000,0.0,0.0,0.0,0.0,0.0,13661.977482188913,0.0,59.99999999999999,0.0,1.0,0.0,59.99999999999999,0.0,0.0,0.0,,99.99999999999625,-11084.785198712096,0.0,9385.103238663185,14524.208264203358,-13670.130421177979,0.0,-4907.153958246825,0.0,0.0,0.0,9.275062463698822e-12,1.0916230849847874e-16,14.999999999999998,14.999999999999998,"[157.0222767238634, 0.0, -21.130175153402007]","[0.0, 0.0, 0.0]",0.0
-1.5047044429975203,0.0,-0.7026317368803671,61792.004853194194,0.0,50729.35735971461,0.0,0.0,0.0,156.9967581569446,"[155.48064908183417, 0.0, -21.76579502066694]",0.0,0.0,0.0,0.0,"[0.0, 0.0, 0.0]","[0.8660254037844387, 0.0, -0.49999999999999994, 0.0]","[0.0, 0.0, 0.0]",0,nominal,23846.55790702425,booster-release,rigid_body_6dof_surface_allocated,61792.004853194194,0.0,50729.35735971461,-13036.909764574815,0.0,78878.12463349481,-73582.53801826296,0.0,-42482.898132500006,0.0,31190.760000000002,0.0,160480.6870520227,160480.6870520227,-0.0,14.999999999999998,14.999999999999998,8664.1,generic_slender_body_v1,0.0,none,unprofiled,0.0,0.0,0.0,-59.99999999999999,"[15709.465102104135, 0.0, 91.82708741013212]",26.612075808,0.0,0.0,0.0,0.0,0.0,0.0,0.0,,query-000000,0.0,0.0,0.0,0.0,0.0,13224.507142645647,0.0,59.99999999999999,0.0,1.0,0.0,59.99999999999999,0.0,0.0,0.0,,100.99999999999619,-11790.533165068766,0.0,8246.459227214604,14388.216084793112,-13036.909764574815,0.0,-6087.671631505189,0.0,0.0,0.0,7.71731845292249e-12,9.082853091675772e-17,14.999999999999998,14.999999999999998,"[155.48064908183417, 0.0, -21.76579502066694]","[0.0, 0.0, 0.0]",0.0
-1.42749810517384,0.0,-0.8254230857197079,61205.12247140859,0.0,49618.11441207645,0.0,0.0,0.0,155.6535576664727,"[154.01424060223673, 0.0, -22.530949956588014]",0.0,0.0,0.0,0.0,"[0.0, 0.0, 0.0]","[0.8660254037844387, 0.0, -0.49999999999999994, 0.0]","[0.0, 0.0, 0.0]",0,nominal,23501.389931164118,booster-release,rigid_body_6dof_surface_allocated,61205.12247140859,0.0,49618.11441207645,-12367.986333036668,0.0,77814.24810801588,-73582.53801826296,0.0,-42482.898132500006,0.0,31190.760000000002,0.0,160480.6870520227,160480.6870520227,-0.0,14.999999999999998,14.999999999999998,8664.1,generic_slender_body_v1,0.0,none,unprofiled,0.0,0.0,0.0,-59.99999999999999,"[15864.206111916104, 0.0, 69.68894767084342]",26.612075808,0.0,0.0,0.0,0.0,0.0,0.0,0.0,,query-000000,0.0,0.0,0.0,0.0,0.0,12797.430125791247,0.0,59.99999999999999,0.0,1.0,0.0,59.99999999999999,0.0,0.0,0.0,,101.99999999999613,-12377.415546854369,0.0,7135.216279576445,14286.767548184047,-12367.986333036668,0.0,-7151.548156984121,0.0,0.0,0.0,8.185452315956354e-12,9.633820520467707e-17,14.999999999999998,14.999999999999998,"[154.01424060223673, 0.0, -22.530949956588014]","[0.0, 0.0, 0.0]",0.0
-1.3470125921648752,0.0,-0.9346520212635191,60734.208912543436,0.0,48541.019781113726,0.0,0.0,0.0,154.41195115731597,"[152.62674512271977, 0.0, -23.412119371250178]",0.0,0.0,0.0,0.0,"[0.0, 0.0, 0.0]","[0.8660254037844387, 0.0, -0.49999999999999994, 0.0]","[0.0, 0.0, 0.0]",0,nominal,23190.520546225107,booster-release,rigid_body_6dof_surface_allocated,60734.208912543436,0.0,48541.019781113726,-11670.651799775696,0.0,76867.87768757074,-73582.53801826296,0.0,-42482.898132500006,0.0,31190.760000000002,0.0,160480.6870520227,160480.6870520227,-0.0,14.999999999999998,14.999999999999998,8664.1,generic_slender_body_v1,0.0,none,unprofiled,0.0,0.0,0.0,-59.99999999999999,"[16017.51989658478, 0.0, 46.72651542808711]",26.612075808,0.0,0.0,0.0,0.0,0.0,0.0,0.0,,query-000000,0.0,0.0,0.0,0.0,0.0,12379.755912627517,0.0,59.99999999999999,0.0,1.0,0.0,59.99999999999999,0.0,0.0,0.0,,102.99999999999608,-12848.329105719524,0.0,6058.12164861372,14204.942756599956,-11670.651799775696,0.0,-8097.918577429256,0.0,0.0,0.0,1.812155355325674e-11,2.132805711222595e-16,14.999999999999998,14.999999999999998,"[152.62674512271977, 0.0, -23.412119371250178]","[0.0, 0.0, 0.0]",0.0
-1.2640170743859833,0.0,-1.0303103501946602,60375.99356906891,0.0,47503.88030067773,0.0,0.0,0.0,153.274956182728,"[151.32105131834805, 0.0, -24.395729559229558]",0.0,0.0,0.0,0.0,"[0.0, 0.0, 0.0]","[0.8660254037844387, 0.0, -0.49999999999999994, 0.0]","[0.0, 0.0, 0.0]",0,nominal,22914.585409138854,booster-release,rigid_body_6dof_surface_allocated,60375.99356906891,0.0,47503.88030067773,-10951.5703341876,0.0,76039.08435987844,-73582.53801826296,0.0,-42482.898132500006,0.0,31190.760000000002,0.0,160480.6870520227,160480.6870520227,-0.0,14.999999999999998,14.999999999999998,8664.1,generic_slender_body_v1,0.0,none,unprofiled,0.0,0.0,0.0,-59.99999999999999,"[16169.486877540396, 0.0, 22.83056238706662]",26.612075808,0.0,0.0,0.0,0.0,0.0,0.0,0.0,,query-000000,0.0,0.0,0.0,0.0,0.0,11970.497431041722,0.0,59.99999999999999,0.0,1.0,0.0,59.99999999999999,0.0,0.0,0.0,,103.99999999999602,-13206.54444919405,0.0,5020.982168177725,14128.803141869335,-10951.5703341876,0.0,-8926.711905121556,0.0,0.0,0.0,1.0913936421275139e-11,1.2845094027290276e-16,14.999999999999998,14.999999999999998,"[151.32105131834805, 0.0, -24.395729559229558]","[0.0, 0.0, 0.0]",0.0
-1.178916822543921,0.0,-1.1146098988733755,60112.124723385874,0.0,46500.155108520776,0.0,0.0,0.0,152.24468227078694,"[150.09932559604164, 0.0, -25.468328083059305]",0.0,0.0,0.0,0.0,"[0.0, 0.0, 0.0]","[0.8660254037844387, 0.0, -0.49999999999999994, 0.0]","[0.0, 0.0, 0.0]",0,nominal,22668.37349543421,booster-release,rigid_body_6dof_surface_allocated,60112.124723385874,0.0,46500.155108520776,-10214.253242202787,0.0,75308.70464017119,-73582.53801826296,0.0,-42482.898132500006,0.0,31190.760000000002,0.0,160480.6870520227,160480.6870520227,-0.0,14.999999999999998,14.999999999999998,8664.1,generic_slender_body_v1,0.0,none,unprofiled,0.0,0.0,0.0,-59.99999999999999,"[16320.189992300631, 0.0, -2.0945783530960105]",26.612075808,0.0,0.0,0.0,0.0,0.0,0.0,0.0,,query-000000,0.0,0.0,0.0,0.0,0.0,11568.680843060045,0.0,59.99999999999999,0.0,1.0,0.0,59.99999999999999,0.0,0.0,0.0,ground_contact,104.99999999999596,-13470.413294877086,0.0,4017.25697602077,14056.68481350382,-10214.253242202787,0.0,-9657.091624828812,0.0,0.0,0.0,4.290077928115626e-12,5.049182278872893e-17,14.999999999999998,14.999999999999998,"[150.09932559604164, 0.0, -25.468328083059305]","[0.0, 0.0, 0.0]",0.0
1.7263714107019807,0.0,-5.063483531504284,-61124.61162150003,0.0,6.9490638022102775e-12,0.0,0.0,0.0,249.99999999999997,"[85.5050358314172, 0.0, 234.92315519647707]",0.0,0.0,0.0,0.0,"[0.0, 0.0, 0.0]","[0.8191520442889919, 0.0, -0.5735764363510462, 0.0]","[0.0, 0.0, 0.0]",1,nominal,61124.611621499986,,rigid_body_6dof_surface_allocated,58875.38837849997,0.0,6.9490638022102775e-12,20136.568771568975,0.0,55324.76800518087,-107487.4416883098,0.0,-39122.229331968876,0.0,31190.760000000002,0.0,160480.6870520227,160480.6870520227,-0.0,17.5,17.5,11664.1,generic_slender_body_v1,0.0,none,unprofiled,0.0,0.0,0.0,-70.00000000000004,"[0.0, 0.0, 0.0]",26.612075808,100.0,120000.0,0.0,0.0,0.0,0.0,0.0,,query-000001,0.0,0.0,0.0,0.0,0.0,31249.999999999993,0.0,70.0,0.0,1.0,0.0,70.0,0.0,0.0,0.0,,0.0,-48612.05330980983,0.0,-39122.22933196887,62399.3634174176,20136.568771568975,0.0,-59060.97825981912,0.0,0.0,0.0,3.253907165344266e-11,2.8446788796620403e-16,17.5,17.5,"[85.5050358314172, 0.0, 234.92315519647707]","[0.0, 0.0, 0.0]",0.0
1.7824668934569896,0.0,-4.712836729659804,-57597.12911342597,0.0,777.2897496230257,0.0,0.0,0.0,246.03138267882832,"[87.25977067311176, 0.0, 230.0373310680943]",0.0,0.0,0.0,0.0,"[0.0, 0.0, 0.0]","[0.8191520442889919, 0.0, -0.5735764363510462, 0.0]","[0.0, 0.0, 0.0]",1,nominal,57602.37374851429,,rigid_body_6dof_surface_allocated,62402.87088657403,0.0,777.2897496230257,20612.625402625974,0.0,58905.36603954106,-106565.9180243468,0.0,-38786.82214811443,0.0,31190.760000000002,0.0,160480.6870520227,160480.6870520227,-0.0,17.5,17.5,11564.1,generic_slender_body_v1,0.0,none,unprofiled,0.0,0.0,0.0,-70.00000000000004,"[86.37772926880237, 0.0, 232.45102802206213]",26.612075808,100.0,120000.0,0.0,0.0,0.0,0.0,0.0,,query-000001,0.0,0.0,0.0,0.0,0.0,32545.28650538059,0.0,70.0,0.0,1.0,0.0,70.0,0.0,0.0,0.0,,1.0,-44163.04713777277,0.0,-38009.5323984914,58267.48051567961,20612.625402625974,0.0,-54499.71522545894,0.0,0.0,0.0,3.710024985479529e-11,3.2714803817388976e-16,17.5,17.5,"[87.25977067311176, 0.0, 230.0373310680943]","[0.0, 0.0, 0.0]",0.0
1.8349909687288972,0.0,-4.38837186009506,-54435.43801801554,0.0,1476.9520275654825,0.0,0.0,0.0,242.44263017978838,"[89.06877993750116, 0.0, 225.48876107012214]",0.0,0.0,0.0,0.0,"[0.0, 0.0, 0.0]","[0.8191520442889919, 0.0, -0.5735764363510462, 0.0]","[0.0, 0.0, 0.0]",1,nominal,54455.470794998546,,rigid_body_6dof_surface_allocated,65564.56198198446,0.0,1476.9520275654825,21036.51996460495,0.0,62115.68242368421,-105644.39436038378,0.0,-38451.41496425996,0.0,31190.760000000002,0.0,160480.6870520227,160480.6870520227,-0.0,17.5,17.5,11464.1,generic_slender_body_v1,0.0,none,unprofiled,0.0,0.0,0.0,-70.00000000000004,"[174.53762810934074, 0.0, 460.18703997770774]",26.612075808,100.0,120000.0,0.0,0.0,0.0,0.0,0.0,,query-000001,0.0,0.0,0.0,0.0,0.0,33902.10769984421,0.0,70.0,0.0,1.0,0.0,70.0,0.0,0.0,0.0,,2.0000000000000004,-40079.832378399326,0.0,-36974.46293669448,54529.84387413533,21036.51996460495,0.0,-50308.733841315785,0.0,0.0,0.0,4.601719643932854e-11,4.0931674780378314e-16,17.5,17.5,"[89.06877993750116, 0.0, 225.48876107012214]","[0.0, 0.0, 0.0]",0.0
1.8843349246011423,0.0,-4.0867468913491045,-51594.58140238618,0.0,2109.477623321711,0.0,0.0,0.0,239.20892162562578,"[90.92869321421533, 0.0, 221.25297949553106]",0.0,0.0,0.0,0.0,"[0.0, 0.0, 0.0]","[0.8191520442889919, 0.0, -0.5735764363510462, 0.0]","[0.0, 0.0, 0.0]",1,nominal,51637.68706991771,,rigid_body_6dof_surface_allocated,68405.41859761381,0.0,2109.477623321711,21413.770516659843,0.0,65001.55091701964,-104722.87069642077,0.0,-38116.00778040549,0.0,31190.760000000002,0.0,160480.6870520227,160480.6870520227,-0.0,17.5,17.5,11364.1,generic_slender_body_v1,0.0,none,unprofiled,0.0,0.0,0.0,-70.00000000000004,"[264.53225314990823, 0.0, 683.5327787907978]",26.612075808,100.0,120000.0,0.0,0.0,0.0,0.0,0.0,,query-000001,0.0,0.0,0.0,0.0,0.0,35313.620817776165,0.0,70.0,0.0,1.0,0.0,70.0,0.0,0.0,0.0,,2.999999999999997,-36317.452098806956,0.0,-36006.53015708378,51141.25087345946,21413.770516659843,0.0,-46442.20034798036,0.0,0.0,0.0,2.9103830456733704e-11,2.6115264540519863e-16,17.5,17.5,"[90.92869321421533, 0.0, 221.25297949553106]","[0.0, 0.0, 0.0]",0.0
1.9308318251820606,0.0,-3.8051127183197604,-49036.353891467894,0.0,2683.7644514115186,0.0,0.0,0.0,236.3083730309107,"[92.83650129621113, 0.0, 217.30860818567365]",0.0,0.0,0.0,0.0,"[0.0, 0.0, 0.0]","[0.8191520442889919, 0.0, -0.5735764363510462, 0.0]","[0.0, 0.0, 0.0]",1,nominal,49109.74032307581,,rigid_body_6dof_surface_allocated,70963.6461085321,0.0,2683.7644514115186,21749.08276203325,0.0,67601.91609457438,-103801.34703245775,0.0,-37780.60059655102,0.0,31190.760000000002,0.0,160480.6870520227,160480.6870520227,-0.0,17.5,17.5,11264.1,generic_slender_body_v1,0.0,none,unprofiled,0.0,0.0,0.0,-70.00000000000004,"[356.4109760584137, 0.0, 902.7901064989308]",26.612075808,100.0,120000.0,0.0,0.0,0.0,0.0,0.0,,query-000001,0.0,0.0,0.0,0.0,0.0,36774.17018015576,0.0,70.0,0.0,1.0,0.0,70.0,0.0,0.0,0.0,,3.9999999999999933,-32837.700923925644,0.0,-35096.8361451395,48063.52576921458,21749.08276203325,0.0,-42861.17017042561,0.0,0.0,0.0,3.637978807091713e-11,3.293388705765683e-16,17.5,17.5,"[92.83650129621113, 0.0, 217.30860818567365]","[0.0, 0.0, 0.0]",0.0
1.9747669774844403,0.0,-3.541026969330218,-46728.11591055147,0.0,3207.3937987937284,0.0,0.0,0.0,233.7215834016498,"[94.78950338362735, 0.0, 213.63690831890366]",0.0,0.0,0.0,0.0,"[0.0, 0.0, 0.0]","[0.8191520442889919, 0.0, -0.5735764363510462, 0.0]","[0.0, 0.0, 0.0]",1,nominal,46838.06349039713,,rigid_body_6dof_surface_allocated,73271.88408944853,0.0,3207.3937987937284,22046.49601333404,0.0,69950.04207670051,-102879.82336849475,0.0,-37445.19341269655,0.0,31190.760000000002,0.0,160480.6870520227,160480.6870520227,-0.0,17.5,17.5,11164.1,generic_slender_body_v1,0.0,none,unprofiled,0.0,0.0,0.0,-70.00000000000004,"[450.2203174762308, 0.0, 1118.2408605203705]",26.612075808,100.0,120000.0,0.0,0.0,0.0,0.0,0.0,,query-000001,0.0,0.0,0.0,0.0,0.0,38279.08600870926,0.0,70.0,0.0,1.0,0.0,70.0,0.0,0.0,0.0,,4.99999999999999,-29607.939279046215,0.0,-34237.79961390282,45264.301505197756,22046.49601333404,0.0,-39532.379188299485,0.0,0.0,0.0,5.5052609060736564e-11,5.028442778725438e-16,17.5,17.5,"[94.78950338362735, 0.0, 213.63690831890366]","[0.0, 0.0, 0.0]",0.0
2.016386336592066,0.0,-3.292384967319972,-44641.84482341772,0.0,3686.851307469948,0.0,0.0,0.0,231.43126032843392,"[96.78526368016904, 0.0, 210.22140945100597]",0.0,0.0,0.0,0.0,"[0.0, 0.0, 0.0]","[0.8191520442889919, 0.0, -0.5735764363510462, 0.0]","[0.0, 0.0, 0.0]",1,nominal,44793.82972912117,,rigid_body_6dof_surface_allocated,75358.15517658228,0.0,3686.851307469948,22309.500066688277,0.0,72074.4797480751,-101958.29970453173,0.0,-37109.786228842095,0.0,31190.760000000002,0.0,160480.6870520227,160480.6870520227,-0.0,17.5,17.5,11064.1,generic_slender_body_v1,0.0,none,unprofiled,0.0,0.0,0.0,-70.00000000000004,"[546.0042330237668, 0.0, 1330.149301763268]",26.612075808,100.0,120000.0,0.0,0.0,0.0,0.0,0.0,,query-000001,0.0,0.0,0.0,0.0,0.0,39824.52277874043,0.0,70.0,0.0,1.0,0.0,70.0,0.0,0.0,0.0,,5.999999999999987,-26600.14452794945,0.0,-33422.93492137214,42716.04227531002,22309.500066688277,0.0,-36427.2765169249,0.0,0.0,0.0,4.729372449219227e-11,4.3587980619119306e-16,17.5,17.5,"[96.78526368016904, 0.0, 210.22140945100597]","[0.0, 0.0, 0.0]",0.0
2.055903303890029,0.0,-3.0573640377039686,-42753.37025555594,0.0,4127.705035285863,0.0,0.0,0.0,229.421909872299,"[98.82157555843585, 0.0, 207.04760064681176]",0.0,0.0,0.0,0.0,"[0.0, 0.0, 0.0]","[0.8191520442889919, 0.0, -0.5735764363510462, 0.0]","[0.0, 0.0, 0.0]",1,nominal,42952.166616679286,,rigid_body_6dof_surface_allocated,77246.62974444406,0.0,4127.705035285863,22541.12941418067,0.0,73999.84621920991,-101036.77604056871,0.0,-36774.37904498762,0.0,31190.760000000002,0.0,160480.6870520227,160480.6870520227,-0.0,17.5,17.5,10964.1,generic_slender_body_v1,0.0,none,unprofiled,0.0,0.0,0.0,-70.00000000000004,"[643.8043598206468, 0.0, 1538.7642239318532]",26.612075808,100.0,120000.0,0.0,0.0,0.0,0.0,0.0,,query-000001,0.0,0.0,0.0,0.0,0.0,41407.32854134795,0.0,70.0,0.0,1.0,0.0,70.0,0.0,0.0,0.0,,6.999999999999983,-23790.146296124658,0.0,-32646.674009701754,40395.2520067241,22541.12941418067,0.0,-33521.245045790085,0.0,0.0,0.0,4.001776687800884e-11,3.721852746023545e-16,17.5,17.5,"[98.82157555843585, 0.0, 207.04760064681176]","[0.0, 0.0, 0.0]",0.0
2.093504262299644,0.0,-2.8343782821795136,-41041.75375148833,0.0,4534.749926040656,0.0,0.0,0.0,227.67957884911627,"[100.89643186709276, 0.0, 204.10267186247233]",0.0,0.0,0.0,0.0,"[0.0, 0.0, 0.0]","[0.8191520442889919, 0.0, -0.5735764363510462, 0.0]","[0.0, 0.0, 0.0]",1,nominal,41291.51859510052,,rigid_body_6dof_surface_allocated,78958.24624851167,0.0,4534.749926040656,22744.039656049565,0.0,75747.45716957355,-100115.2523766057,0.0,-36438.97186113316,0.0,31190.760000000002,0.0,160480.6870520227,160480.6870520227,-0.0,17.5,17.5,10864.1,generic_slender_body_v1,0.0,none,unprofiled,0.0,0.0,0.0,-70.00000000000004,"[743.6602303472871, 0.0, 1744.3207799607947]",26.612075808,100.0,120000.0,0.0,0.0,0.0,0.0,0.0,,query-000001,0.0,0.0,0.0,0.0,0.0,43024.93868925801,0.0,70.0,0.0,1.0,0.0,70.0,0.0,0.0,0.0,,7.99999999999998,-21157.006128094028,0.0,-31904.221935092508,38281.82709312402,22744.039656049565,0.0,-30792.96909542645,0.0,0.0,0.0,2.121287941861847e-11,1.9910638770916194e-16,17.5,17.5,"[100.89643186709276, 0.0, 204.10267186247233]","[0.0, 0.0, 0.0]",0.0
2.129353110946881,0.0,-2.6220416198754655,-39488.78237456349,0.0,4912.125803618756,0.0,0.0,0.0,226.1916401202259,"[103.00800025391423, 0.0, 201.37529626040876]",0.0,0.0,0.0,0.0,"[0.0, 0.0, 0.0]","[0.8191520442889919, 0.0, -0.5735764363510462, 0.0]","[0.0, 0.0, 0.0]",1,nominal,39793.12645842509,,rigid_body_6dof_surface_allocated,80511.21762543652,0.0,4912.125803618756,22920.569821543326,0.0,77335.84306449849,-99193.72871264268,0.0,-36103.56467727868,0.0,31190.760000000002,0.0,160480.6870520227,160480.6870520227,-0.0,17.5,17.5,10764.1,generic_slender_body_v1,0.0,none,unprofiled,0.0,0.0,0.0,-70.00000000000004,"[845.6094592048702, 0.0, 1947.0420709864243]",26.612075808,100.0,120000.0,0.0,0.0,0.0,0.0,0.0,,query-000001,0.0,0.0,0.0,0.0,0.0,44675.28915557791,0.0,70.0,0.0,1.0,0.0,70.0,0.0,0.0,0.0,,8.999999999999991,-18682.511087206163,0.0,-31191.43887365992,36358.52141565774,22920.569821543326,0.0,-28223.918200501503,0.0,0.0,0.0,5.5052609060736564e-11,5.215302535833806e-16,17.5,17.5,"[103.00800025391423, 0.0, 201.37529626040876]","[0.0, 0.0, 0.0]",0.0
2.1635950012026086,0.0,-2.4191374040532216,-38078.55288160733,0.0,5263.414358215951,0.0,0.0,0.0,224.94661340498854,"[105.15460260943767, 0.0, 198.8554460718253]",0.0,0.0,0.0,0.0,"[0.0, 0.0, 0.0]","[0.8191520442889919, 0.0, -0.5735764363510462, 0.0]","[0.0, 0.0, 0.0]",1,nominal,38440.59989468996,,rigid_body_6dof_surface_allocated,81921.44711839268,0.0,5263.414358215951,23072.79345232474,0.0,78781.17307443604,-98272.20504867968,0.0,-35768.15749342422,0.0,31190.760000000002,0.0,160480.6870520227,160480.6870520227,-0.0,17.5,17.5,10664.1,generic_slender_body_v1,0.0,none,unprofiled,0.0,0.0,0.0,-70.00000000000004,"[949.6879073251612, 0.0, 2147.140534954128]",26.612075808,100.0,120000.0,0.0,0.0,0.0,0.0,0.0,,query-000001,0.0,0.0,0.0,0.0,0.0,46356.74516829458,0.0,70.0,0.0,1.0,0.0,70.0,0.0,0.0,0.0,,10.000000000000004,-16350.757930287,0.0,-30504.74313520827,34610.49896548556,23072.79345232474,0.0,-25797.92319056396,0.0,0.0,0.0,4.3807065881236834e-11,4.1888931388574217e-16,17.5,17.5,"[105.15460260943767, 0.0, 198.8554460718253]","[0.0, 0.0, 0.0]",0.0
2.196359430761987,0.0,-2.22459330248914,-36797.128366925055,0.0,5591.719358341069,0.0,0.0,0.0,223.93401559712146,"[107.33469791418844, 0.0, 196.53423611452982]",0.0,0.0,0.0,0.0,"[0.0, 0.0, 0.0]","[0.8191520442889919, 0.0, -0.5735764363510462, 0.0]","[0.0, 0.0, 0.0]",1,nominal,37219.56449818301,,rigid_body_6dof_surface_allocated,83202.87163307494,0.0,5591.719358341069,23202.560662512707,0.0,80097.60515817447,-97350.68138471665,0.0,-35432.75030956974,0.0,31190.760000000002,0.0,160480.6870520227,160480.6870520227,-0.0,17.5,17.5,10564.1,generic_slender_body_v1,0.0,none,unprofiled,0.0,0.0,0.0,-70.00000000000004,"[1055.9298273792117, 0.0, 2344.8191653541544]",26.612075808,100.0,120000.0,0.0,0.0,0.0,0.0,0.0,,query-000001,0.0,0.0,0.0,0.0,0.0,48068.04253864623,0.0,70.0,0.0,1.0,0.0,70.0,0.0,0.0,0.0,,11.000000000000016,-14147.809751641704,0.0,-29841.03095122867,33024.95494320672,23202.560662512707,0.0,-23500.826106825523,0.0,0.0,0.0,4.601719643932854e-11,4.441881588111956e-16,17.5,17.5,"[107.33469791418844, 0.0, 196.53423611452982]","[0.0, 0.0, 0.0]",0.0
2.227762818279945,0.0,-2.0374604168593415,-35632.25324540102,0.0,5899.73338906487,0.0,0.0,0.0,223.14423570212992,"[109.54686791124102, 0.0, 194.4037902354911]",0.0,0.0,0.0,0.0,"[0.0, 0.0, 0.0]","[0.8191520442889919, 0.0, -0.5735764363510462, 0.0]","[0.0, 0.0, 0.0]",1,nominal,36117.3687497641,,rigid_body_6dof_surface_allocated,84367.74675459898,0.0,5899.73338906487,23311.532906763176,0.0,81297.57671694216,-96429.15772075365,0.0,-35097.343125715284,0.0,31190.760000000002,0.0,160480.6870520227,160480.6870520227,-0.0,17.5,17.5,10464.1,generic_slender_body_v1,0.0,none,unprofiled,0.0,0.0,0.0,-70.00000000000004,"[1164.3679934892089, 0.0, 2540.2725852905533]",26.612075808,100.0,120000.0,0.0,0.0,0.0,0.0,0.0,,query-000001,0.0,0.0,0.0,0.0,0.0,49808.23911208346,0.0,70.0,0.0,1.0,0.0,70.0,0.0,0.0,0.0,,12.000000000000028,-12061.410966154668,0.0,-29197.609736650415,31590.790569851477,23311.532906763176,0.0,-21320.18954805784,0.0,0.0,0.0,5.1223206684257905e-11,4.991650914713847e-16,17.5,17.5,"[109.54686791124102, 0.0, 194.4037902354911]","[0.0, 0.0, 0.0]",0.0
2.257910655124053,0.0,-1.8568958352678064,-34573.11547138352,0.0,6189.793705847077,0.0,0.0,0.0,222.56843039951104,"[111.78980513483559, 0.0, 192.4571268579511]",0.0,0.0,0.0,0.0,"[0.0, 0.0, 0.0]","[0.8191520442889919, 0.0, -0.5735764363510462, 0.0]","[0.0, 0.0, 0.0]",1,nominal,35122.839570834265,,rigid_body_6dof_surface_allocated,85426.88452861647,0.0,6189.793705847077,23401.2118207712,0.0,82392.04713870093,-95507.63405679064,0.0,-34761.93594186083,0.0,31190.760000000002,0.0,160480.6870520227,160480.6870520227,-0.0,17.5,17.5,10364.1,generic_slender_body_v1,0.0,none,unprofiled,0.0,0.0,0.0,-70.00000000000004,"[1275.0338178261254, 0.0, 2733.6879978308175]",26.612075808,100.0,120000.0,0.0,0.0,0.0,0.0,0.0,,query-000001,0.0,0.0,0.0,0.0,0.0,51576.674509178585,0.0,70.0,0.0,1.0,0.0,70.0,0.0,0.0,0.0,,13.00000000000004,-10080.749528174172,0.0,-28572.14223601375,30298.33036661893,23401.2118207712,0.0,-19245.054126299074,0.0,0.0,0.0,3.905535878144999e-11,3.842628163865117e-16,17.5,17.5,"[111.78980513483559, 0.0, 192.4571268579511]","[0.0, 0.0, 0.0]",0.0
2.2868993109362363,0.0,-1.6821479800397234,-33610.147212215736,0.0,6463.929247311456,0.0,0.0,0.0,222.19843693128047,"[114.06230291195818, 0.0, 190.6880605311327]",0.0,0.0,0.0,0.0,"[0.0, 0.0, 0.0]","[0.8191520442889919, 0.0, -0.5735764363510462, 0.0]","[0.0, 0.0, 0.0]",1,nominal,34226.07744017797,,rigid_body_6dof_surface_allocated,86389.85278778427,0.0,6463.929247311456,23472.963217380624,0.0,83390.70118307427,-94586.11039282763,0.0,-34426.52875800635,0.0,31190.760000000002,0.0,160480.6870520227,160480.6870520227,-0.0,17.5,17.5,10264.1,generic_slender_body_v1,0.0,none,unprofiled,0.0,0.0,0.0,-70.00000000000004,"[1387.957456251298, 0.0, 2925.2460301367]",26.612075808,100.0,120000.0,0.0,0.0,0.0,0.0,0.0,,query-000001,0.0,0.0,0.0,0.0,0.0,53372.93666879218,0.0,70.0,0.0,1.0,0.0,70.0,0.0,0.0,0.0,,14.000000000000053,-8196.257605043356,0.0,-27962.599510694898,29139.073597555303,23472.963217380624,0.0,-17265.735081925726,0.0,0.0,0.0,4.018278929720422e-11,3.9920735114657024e-16,17.5,17.5,"[114.06230291195818, 0.0, 190.6880605311327]","[0.0, 0.0, 0.0]",0.0
-1.7219149000768643,0.0,-12.60421506418301,-32705.84611285965,0.0,6720.981862645303,0.0,0.0,0.0,221.93032801286455,"[116.32959720172725, 0.0, 188.9986648280393]",0.0,0.0,0.0,0.0,"[0.0, 0.0, 0.0]","[0.8191520442889919, 0.0, -0.5735764363510462, 0.0]","[0.0, 0.0, 0.0]",1,nominal,33389.27922486592,,rigid_body_6dof_surface_allocated,-32705.84611285965,0.0,6720.981862645303,-17501.715235871256,0.0,-28434.73106886254,-93664.58672886461,0.0,-34091.121574151875,0.0,31190.760000000002,0.0,160480.6870520227,160480.6870520227,-0.0,17.5,17.5,10164.1,generic_slender_body_v1,0.0,none,unprofiled,0.0,0.0,0.0,-70.00000000000004,"[1503.167904812586, 0.0, 3115.121486070598]",26.612075808,0.0,0.0,0.0,0.0,0.0,0.0,0.0,,query-000001,0.0,0.0,0.0,0.0,0.0,55175.44136732305,0.0,70.0,0.0,1.0,0.0,70.0,0.0,0.0,0.0,,15.000000000000012,-126370.43284172427,0.0,-27370.13971150657,129300.46730167734,-17501.715235871256,0.0,-128110.50233386255,0.0,0.0,0.0,1.626953582672133e-11,1.2582735520021028e-16,17.5,17.5,"[116.32959720172725, 0.0, 188.9986648280393]","[0.0, 0.0, 0.0]",0.0
-1.576264069299491,0.0,-12.233734646941807,-28661.00966499597,0.0,6617.762931974176,0.0,0.0,0.0,210.55581827706987,"[114.68187486723811, 0.0, 176.5837483667781]",0.0,0.0,0.0,0.0,"[0.0, 0.0, 0.0]","[0.8191520442889919, 0.0, -0.5735764363510462, 0.0]","[0.0, 0.0, 0.0]",1,nominal,29415.102604628173,,rigid_body_6dof_surface_allocated,-28661.00966499597,0.0,6617.762931974176,-16021.305626766956,0.0,-24669.131059981213,-93664.58672886461,0.0,-34091.121574151875,0.0,31190.760000000002,0.0,160480.6870520227,160480.6870520227,-0.0,17.5,17.5,10164.1,generic_slender_body_v1,0.0,none,unprofiled,0.0,0.0,0.0,-70.00000000000004,"[1618.6615066488105, 0.0, 3297.8818295381025]",26.612075808,0.0,0.0,0.0,0.0,0.0,0.0,0.0,,query-000001,0.0,0.0,0.0,0.0,0.0,54508.04914880307,0.0,70.0,0.0,1.0,0.0,70.0,0.0,0.0,0.0,,16.000000000000025,-122325.59639386059,0.0,-27473.3586421777,125372.79197734808,-16021.305626766956,0.0,-124344.90232498122,0.0,0.0,0.0,2.6233838256040975e-11,2.0924666223259038e-16,17.5,17.5,"[114.68187486723811, 0.0, 176.5837483667781]","[0.0, 0.0, 0.0]",0.0
-1.4458897572814102,0.0,-11.908514554578364,-25101.56662702685,0.0,6503.112327729658,0.0,0.0,0.0,199.6833797900457,"[113.17198177332074, 0.0, 164.51612293594448]",0.0,0.0,0.0,0.0,"[0.0, 0.0, 0.0]","[0.8191520442889919, 0.0, -0.5735764363510462, 0.0]","[0.0, 0.0, 0.0]",1,nominal,25930.274141978076,,rigid_body_6dof_surface_allocated,-25101.56662702685,0.0,6503.112327729658,-14696.168081983982,0.0,-21363.561519189938,-93664.58672886461,0.0,-34091.121574151875,0.0,31190.760000000002,0.0,160480.6870520227,160480.6870520227,-0.0,17.5,17.5,10164.1,generic_slender_body_v1,0.0,none,unprofiled,0.0,0.0,0.0,-70.00000000000004,"[1732.5775732032375, 0.0, 3468.404671979935]",26.612075808,0.0,0.0,0.0,0.0,0.0,0.0,0.0,,query-000001,0.0,0.0,0.0,0.0,0.0,53950.15675865984,0.0,70.0,0.0,1.0,0.0,70.0,0.0,0.0,0.0,,17.00000000000004,-118766.15335589147,0.0,-27588.009246422218,121928.2470846514,-14696.168081983982,0.0,-121039.33278418994,0.0,0.0,0.0,3.253907165344266e-11,2.668706590266296e-16,17.5,17.5,"[113.17198177332074, 0.0, 164.51612293594448]","[0.0, 0.0, 0.0]",0.0
-1.3287957536276016,0.0,-11.62243231654413,-21962.101008277194,0.0,6379.247694686608,0.0,0.0,0.0,189.28741306358188,"[111.78567254259102, 0.0, 152.7536845987804]",0.0,0.0,0.0,0.0,"[0.0, 0.0, 0.0]","[0.8191520442889919, 0.0, -0.5735764363510462, 0.0]","[0.0, 0.0, 0.0]",1,nominal,22869.820328282727,,rigid_body_6dof_surface_allocated,-21962.101008277194,0.0,6379.247694686608,-13506.012919446306,0.0,-18455.793043586185,-93664.58672886461,0.0,-34091.121574151875,0.0,31190.760000000002,0.0,160480.6870520227,160480.6870520227,-0.0,17.5,17.5,10164.1,generic_slender_body_v1,0.0,none,unprofiled,0.0,0.0,0.0,-70.00000000000004,"[1845.046644792461, 0.0, 3627.015742613121]",26.612075808,0.0,0.0,0.0,0.0,0.0,0.0,0.0,,query-000001,0.0,0.0,0.0,0.0,0.0,53483.736304448496,0.0,70.0,0.0,1.0,0.0,70.0,0.0,0.0,0.0,,18.000000000000053,-115626.68773714181,0.0,-27711.873879465267,118901.13065473299,-13506.012919446306,0.0,-118131.56430858618,0.0,0.0,0.0,1.626953582672133e-11,1.3683247364539423e-16,17.5,17.5,"[111.78567254259102, 0.0, 152.7536845987804]","[0.0, 0.0, 0.0]",0.0
-1.2233445632854327,0.0,-11.370388621141405,-19188.216152836656,0.0,6248.255979728567,0.0,0.0,0.0,179.35143913794417,"[110.51051258602085, 0.0, 141.25992116954694]",0.0,0.0,0.0,0.0,"[0.0, 0.0, 0.0]","[0.8191520442889919, 0.0, -0.5735764363510462, 0.0]","[0.0, 0.0, 0.0]",1,nominal,20179.89945257892,,rigid_body_6dof_surface_allocated,-19188.216152836656,0.0,6248.255979728567,-12434.196475689467,0.0,-15893.99571914335,-93664.58672886461,0.0,-34091.121574151875,0.0,31190.760000000002,0.0,160480.6870520227,160480.6870520227,-0.0,17.5,17.5,10164.1,generic_slender_body_v1,0.0,none,unprofiled,0.0,0.0,0.0,-70.00000000000004,"[1956.1859516150168, 0.0, 3774.0015477766933]",26.612075808,0.0,0.0,0.0,0.0,0.0,0.0,0.0,,query-000001,0.0,0.0,0.0,0.0,0.0,53093.78163893016,0.0,70.0,0.0,1.0,0.0,70.0,0.0,0.0,0.0,,19.000000000000068,-112852.80288170127,0.0,-27842.86559442331,116236.74239570394,-12434.196475689467,0.0,-115569.76698414335,0.0,0.0,0.0,1.4551915228366852e-11,1.2519204279510744e-16,17.5,17.5,"[110.51051258602085, 0.0, 141.25992116954694]","[0.0, 0.0, 0.0]",0.0
-1.1281936744627734,0.0,-11.14810347163426,-16734.36624656973,0.0,6112.193346466245,0.0,0.0,0.0,169.86771860574297,"[109.33555270561052, 0.0, 130.0029951150301]",0.0,0.0,0.0,0.0,"[0.0, 0.0, 0.0]","[0.8191520442889919, 0.0, -0.5735764363510462, 0.0]","[0.0, 0.0, 0.0]",1,nominal,17815.66505014388,,rigid_body_6dof_surface_allocated,-16734.36624656973,0.0,6112.193346466245,-11467.073326607075,0.0,-13634.667231037776,-93664.58672886461,0.0,-34091.121574151875,0.0,31190.760000000002,0.0,160480.6870520227,160480.6870520227,-0.0,17.5,17.5,10164.1,generic_slender_body_v1,0.0,none,unprofiled,0.0,0.0,0.0,-70.00000000000004,"[2066.1010565369274, 0.0, 3909.6144871674787]",26.612075808,0.0,0.0,0.0,0.0,0.0,0.0,0.0,,query-000001,0.0,0.0,0.0,0.0,0.0,52767.74182274089,0.0,70.0,0.0,1.0,0.0,70.0,0.0,0.0,0.0,,20.00000000000008,-110398.95297543434,0.0,-27978.928227685632,113889.1972174804,-11467.073326607075,0.0,-113310.43849603778,0.0,0.0,0.0,2.9330322825621076e-11,2.575338446684501e-16,17.5,17.5,"[109.33555270561052, 0.0, 130.0029951150301]","[0.0, 0.0, 0.0]",0.0
-1.042247042156819,0.0,-10.951955234036763,-14562.150382539121,0.0,5973.181310635149,0.0,0.0,0.0,160.83714045444287,"[108.25105946778416, 0.0, 118.9550077704358]",0.0,0.0,0.0,0.0,"[0.0, 0.0, 0.0]","[0.8191520442889919, 0.0, -0.5735764363510462, 0.0]","[0.0, 0.0, 0.0]",1,nominal,15739.603512585865,,rigid_body_6dof_surface_allocated,-14562.150382539121,0.0,5973.181310635149,-10593.503161186125,0.0,-11640.996929273068,-93664.58672886461,0.0,-34091.121574151875,0.0,31190.760000000002,0.0,160480.6870520227,160480.6870520227,-0.0,17.5,17.5,10164.1,generic_slender_body_v1,0.0,none,unprofiled,0.0,0.0,0.0,-70.00000000000004,"[2174.887201631432, 0.0, 4034.077147203313]",26.612075808,0.0,0.0,0.0,0.0,0.0,0.0,0.0,,query-000001,0.0,0.0,0.0,0.0,0.0,52495.075530402464,0.0,70.0,0.0,1.0,0.0,70.0,0.0,0.0,0.0,,21.000000000000096,-108226.73711140374,0.0,-28117.940263516728,111819.69947394595,-10593.503161186125,0.0,-111316.76819427307,0.0,0.0,0.0,7.275957614183426e-12,6.506865649266681e-17,17.5,17.5,"[108.25105946778416, 0.0, 118.9550077704358]","[0.0, 0.0, 0.0]",0.0
-0.9646181072495954,0.0,-10.778851339176128,-12638.949061917674,0.0,5833.503012578837,0.0,0.0,0.0,152.26932635598095,"[107.24828806061582, 0.0, 108.09140787764495]",0.0,0.0,0.0,0.0,"[0.0, 0.0, 0.0]","[0.8191520442889919, 0.0, -0.5735764363510462, 0.0]","[0.0, 0.0, 0.0]",1,nominal,13920.229552256524,,rigid_body_6dof_surface_allocated,-12638.949061917674,0.0,5833.503012578837,-9804.474903895612,0.0,-9881.551631520086,-93664.58672886461,0.0,-34091.121574151875,0.0,31190.760000000002,0.0,160480.6870520227,160480.6870520227,-0.0,17.5,17.5,10164.1,generic_slender_body_v1,0.0,none,unprofiled,0.0,0.0,0.0,-70.00000000000004,"[2282.6304072941466, 0.0, 4147.585933397295]",26.612075808,0.0,0.0,0.0,0.0,0.0,0.0,0.0,,query-000001,0.0,0.0,0.0,0.0,0.0,52266.8974682027,0.0,70.0,0.0,1.0,0.0,70.0,0.0,0.0,0.0,,22.00000000000011,-106303.53579078229,0.0,-28257.61856157304,109995.15774975497,-9804.474903895612,0.0,-109557.32289652008,0.0,0.0,0.0,1.8189894035458565e-11,1.6536995271047812e-16,17.5,17.5,"[107.24828806061582, 0.0, 108.09140787764495]","[0.0, 0.0, 0.0]",0.0
-0.8946015287029226,0.0,-10.626122247695756,-10936.813171840562,0.0,5695.701840091181,0.0,0.0,0.0,144.18288298597125,"[106.3192875659687, 0.0, 97.39051718525336]",0.0,0.0,0.0,0.0,"[0.0, 0.0, 0.0]","[0.8191520442889919, 0.0, -0.5735764363510462, 0.0]","[0.0, 0.0, 0.0]",1,nominal,12331.054367204903,,rigid_body_6dof_surface_allocated,-10936.813171840562,0.0,5695.701840091181,-9092.819397889376,0.0,-8329.197872804441,-93664.58672886461,0.0,-34091.121574151875,0.0,31190.760000000002,0.0,160480.6870520227,160480.6870520227,-0.0,17.5,17.5,10164.1,generic_slender_body_v1,0.0,none,unprofiled,0.0,0.0,0.0,-70.00000000000004,"[2389.408361148315, 0.0, 4250.314171736989]",26.612075808,0.0,0.0,0.0,0.0,0.0,0.0,0.0,,query-000001,0.0,0.0,0.0,0.0,0.0,52075.69534533768,0.0,70.0,0.0,1.0,0.0,70.0,0.0,0.0,0.0,,23.000000000000124,-104601.39990070518,0.0,-28395.419734060695,108387.0505321587,-9092.819397889376,0.0,-108004.96913780444,0.0,0.0,0.0,3.637978807091713e-12,3.356469974254272e-17,17.5,17.5,"[106.3192875659687, 0.0, 97.39051718525336]","[0.0, 0.0, 0.0]",0.0
-0.8316513087637246,0.0,-10.491432324547931,-9431.536692181304,0.0,5562.682328815627,0.0,0.0,0.0,136.60570496270145,"[105.4567311224947, 0.0, 86.83315316925037]",0.0,0.0,0.0,0.0,"[0.0, 0.0, 0.0]","[0.8191520442889919, 0.0, -0.5735764363510462, 0.0]","[0.0, 0.0, 0.0]",1,nominal,10949.763425174064,,rigid_body_6dof_surface_allocated,-9431.536692181304,0.0,5562.682328815627,-8452.987067405373,0.0,-6960.1960249376225,-93664.58672886461,0.0,-34091.121574151875,0.0,31190.760000000002,0.0,160480.6870520227,160480.6870520227,-0.0,17.5,17.5,10164.1,generic_slender_body_v1,0.0,none,unprofiled,0.0,0.0,0.0,-70.00000000000004,"[2495.2911252000854, 0.0, 4342.414785630988]",26.612075808,0.0,0.0,0.0,0.0,0.0,0.0,0.0,,query-000001,0.0,0.0,0.0,0.0,0.0,51915.10127168644,0.0,70.0,0.0,1.0,0.0,70.0,0.0,0.0,0.0,,24.00000000000014,-103096.12342104592,0.0,-28528.43924533625,106970.47494623164,-8452.987067405373,0.0,-106635.96728993763,0.0,0.0,0.0,2.329443027495599e-11,2.177650448562078e-16,17.5,17.5,"[105.4567311224947, 0.0, 86.83315316925037]","[0.0, 0.0, 0.0]",0.0
-3.0350124306423574,0.0,-7.560580617170539,9292.935511327529,0.0,31365.59943524766,0.0,0.0,0.0,129.57518294043243,"[104.63867090538648, 0.0, 76.42301083574735]",0.0,0.0,0.0,0.0,"[0.0, 0.0, 0.0]","[0.8191520442889919, 0.0, -0.5735764363510462, 0.0]","[0.0, 0.0, 0.0]",1,nominal,9757.556968969122,booster-release,rigid_body_6dof_surface_allocated,9292.935511327529,0.0,31365.59943524766,-26295.65120032845,0.0,19460.169739772726,-79841.73176941942,0.0,-29060.01381633489,0.0,31190.760000000002,0.0,160480.6870520227,160480.6870520227,-0.0,17.5,17.5,8664.1,generic_slender_body_v1,0.0,none,unprofiled,0.0,0.0,0.0,-70.00000000000004,"[2600.3416832932257, 0.0, 4424.022637947945]",26.612075808,0.0,0.0,0.0,0.0,0.0,0.0,0.0,,query-000001,0.0,0.0,0.0,0.0,0.0,51779.705619455475,0.0,70.0,0.0,1.0,0.0,70.0,0.0,0.0,0.0,,25.000000000000014,-70548.7962580919,0.0,2305.58561891277,70586.46030586811,-26295.65120032845,0.0,-65505.62652522727,0.0,0.0,0.0,3.172820205238606e-11,3.7342322966560455e-16,17.5,17.5,"[104.63867090538648, 0.0, 76.42301083574735]","[0.0, 0.0, 0.0]",0.0
-2.6306737760590546,0.0,-7.706528666683865,9302.861619341595,0.0,27641.152173586204,0.0,0.0,0.0,122.86924505286548,"[101.80936576661065, 0.0, 68.78738563182638]",0.0,0.0,0.0,0.0,"[0.0, 0.0, 0.0]","[0.8191520442889919, 0.0, -0.5735764363510462, 0.0]","[0.0, 0.0, 0.0]",1,nominal,8699.084337382521,booster-release,rigid_body_6dof_surface_allocated,9302.861619341595,0.0,27641.152173586204,-22792.420663153258,0.0,18195.661243984323,-79841.73176941942,0.0,-29060.01381633489,0.0,31190.760000000002,0.0,160480.6870520227,160480.6870520227,-0.0,17.5,17.5,8664.1,generic_slender_body_v1,0.0,none,unprofiled,0.0,0.0,0.0,-70.00000000000004,"[2703.5320106864133, 0.0, 4496.63999359933]",26.612075808,0.0,0.0,0.0,0.0,0.0,0.0,0.0,,query-000001,0.0,0.0,0.0,0.0,0.0,51645.40028316143,0.0,70.0,0.0,1.0,0.0,70.0,0.0,0.0,0.0,,26.00000000000003,-70538.87015007783,0.0,-1418.861642748685,70553.13862905605,-22792.420663153258,0.0,-66770.13502101568,0.0,0.0,0.0,2.5011104298755527e-11,2.9436673812540216e-16,17.5,17.5,"[101.80936576661065, 0.0, 68.78738563182638]","[0.0, 0.0, 0.0]",0.0
-2.2673573189046183,0.0,-7.8292288112788,9380.501713746095,0.0,24319.581299053574,0.0,0.0,0.0,116.60314506010369,"[99.36364844682772, 0.0, 61.017692559148884]",0.0,0.0,0.0,0.0,"[0.0, 0.0, 0.0]","[0.8191520442889919, 0.0, -0.5735764363510462, 0.0]","[0.0, 0.0, 0.0]",1,nominal,7774.833058607961,booster-release,rigid_body_6dof_surface_allocated,9380.501713746095,0.0,24319.581299053574,-19644.610546721506,0.0,17132.574921199335,-79841.73176941942,0.0,-29060.01381633489,0.0,31190.760000000002,0.0,160480.6870520227,160480.6870520227,-0.0,17.5,17.5,8664.1,generic_slender_body_v1,0.0,none,unprofiled,0.0,0.0,0.0,-70.00000000000004,"[2804.0882454723446, 0.0, 4561.552754067776]",26.612075808,0.0,0.0,0.0,0.0,0.0,0.0,0.0,,query-000001,0.0,0.0,0.0,0.0,0.0,51531.69803463254,0.0,70.0,0.0,1.0,0.0,70.0,0.0,0.0,0.0,,27.000000000000043,-70461.23005567332,0.0,-4740.432517281315,70620.5114779652,-19644.610546721506,0.0,-67833.22134380066,0.0,0.0,0.0,2.7765668205527158e-11,3.2678641790078397e-16,17.5,17.5,"[99.36364844682772, 0.0, 61.017692559148884]","[0.0, 0.0, 0.0]",0.0
-1.9421428132736873,0.0,-7.931309907820829,9513.106272700537,0.0,21369.321281411765,0.0,0.0,0.0,110.83004614897479,"[97.26194924661874, 0.0, 53.13579168632045]",0.0,0.0,0.0,0.0,"[0.0, 0.0, 0.0]","[0.8191520442889919, 0.0, -0.5735764363510462, 0.0]","[0.0, 0.0, 0.0]",1,nominal,6977.00265886216,booster-release,rigid_body_6dof_surface_allocated,9513.106272700537,0.0,21369.321281411765,-16826.919548484555,0.0,16248.134092649554,-79841.73176941942,0.0,-29060.01381633489,0.0,31190.760000000002,0.0,160480.6870520227,160480.6870520227,-0.0,17.5,17.5,8664.1,generic_slender_body_v1,0.0,none,unprofiled,0.0,0.0,0.0,-70.00000000000004,"[2902.373947315256, 0.0, 4618.638000476846]",26.612075808,0.0,0.0,0.0,0.0,0.0,0.0,0.0,,query-000001,0.0,0.0,0.0,0.0,0.0,51435.01591206821,0.0,70.0,0.0,1.0,0.0,70.0,0.0,0.0,0.0,,28.000000000000057,-70328.62549671889,0.0,-7690.692534923124,70747.87852596327,-16826.919548484555,0.0,-68717.66217235045,0.0,0.0,0.0,2.123236759858401e-11,2.4989311619421933e-16,17.5,17.5,"[97.26194924661874, 0.0, 53.13579168632045]","[0.0, 0.0, 0.0]",0.0
-1.6519963463290614,0.0,-8.014560204314682,9695.106496608252,0.0,18760.3721342552,0.0,0.0,0.0,105.61071470732385,"[95.46767159001789, 0.0, 45.16134123531143]",0.0,0.0,0.0,0.0,"[0.0, 0.0, 0.0]","[0.8191520442889919, 0.0, -0.5735764363510462, 0.0]","[0.0, 0.0, 0.0]",1,nominal,6298.806957845173,booster-release,rigid_body_6dof_surface_allocated,9695.106496608252,0.0,18760.3721342552,-14313.061544229622,0.0,15526.845198797146,-79841.73176941942,0.0,-29060.01381633489,0.0,31190.760000000002,0.0,160480.6870520227,160480.6870520227,-0.0,17.5,17.5,8664.1,generic_slender_body_v1,0.0,none,unprofiled,0.0,0.0,0.0,-70.00000000000004,"[2998.7145833020422, 0.0, 4667.793503045674]",26.612075808,0.0,0.0,0.0,0.0,0.0,0.0,0.0,,query-000001,0.0,0.0,0.0,0.0,0.0,51352.22868713873,0.0,70.0,0.0,1.0,0.0,70.0,0.0,0.0,0.0,,29.00000000000007,-70146.62527281117,0.0,-10299.641682079688,70898.74227335361,-14313.061544229622,0.0,-69438.95106620285,0.0,0.0,0.0,3.4175708111535524e-11,4.022290099529561e-16,17.5,17.5,"[95.46767159001789, 0.0, 45.16134123531143]","[0.0, 0.0, 0.0]",0.0
-1.3937128672924957,0.0,-8.080009489521158,9927.615783202358,0.0,16463.588075878553,0.0,0.0,0.0,101.01210942097894,"[93.94733287710167, 0.0, 37.11259752368291]",0.0,0.0,0.0,0.0,"[0.0, 0.0, 0.0]","[0.8191520442889919, 0.0, -0.5735764363510462, 0.0]","[0.0, 0.0, 0.0]",1,nominal,5734.3884267724015,booster-release,rigid_body_6dof_surface_allocated,9927.615783202358,0.0,16463.588075878553,-12075.267653508912,0.0,14959.78604683973,-79841.73176941942,0.0,-29060.01381633489,0.0,31190.760000000002,0.0,160480.6870520227,160480.6870520227,-0.0,17.5,17.5,8664.1,generic_slender_body_v1,0.0,none,unprofiled,0.0,0.0,0.0,-70.00000000000004,"[3093.4005666881167, 0.0, 4708.93592604325]",26.612075808,0.0,0.0,0.0,0.0,0.0,0.0,0.0,,query-000001,0.0,0.0,0.0,0.0,0.0,51280.60962396995,0.0,70.0,0.0,1.0,0.0,70.0,0.0,0.0,0.0,,30.000000000000085,-69914.11598621706,0.0,-12596.425740456336,71039.80261493579,-12075.267653508912,0.0,-70006.01021816027,0.0,0.0,0.0,2.9330322825621076e-11,3.4520152949714815e-16,17.5,17.5,"[93.94733287710167, 0.0, 37.11259752368291]","[0.0, 0.0, 0.0]",0.0
-1.1638464634708616,0.0,-8.12802204637094,10217.879551706748,0.0,14449.834416663616,0.0,0.0,0.0,97.10450616913275,"[92.67077006113209, 0.0, 29.00712834163223]",0.0,0.0,0.0,0.0,"[0.0, 0.0, 0.0]","[0.8191520442889919, 0.0, -0.5735764363510462, 0.0]","[0.0, 0.0, 0.0]",1,nominal,5278.7324013742855,booster-release,rigid_body_6dof_surface_allocated,10217.879551706748,0.0,14449.834416663616,-10083.682144157892,0.0,14543.800453037533,-79841.73176941942,0.0,-29060.01381633489,0.0,31190.760000000002,0.0,160480.6870520227,160480.6870520227,-0.0,17.5,17.5,8664.1,generic_slender_body_v1,0.0,none,unprofiled,0.0,0.0,0.0,-70.00000000000004,"[3186.690467828386, 0.0, 4741.999790302451]",26.612075808,0.0,0.0,0.0,0.0,0.0,0.0,0.0,,query-000001,0.0,0.0,0.0,0.0,0.0,51217.7748027451,0.0,70.0,0.0,1.0,0.0,70.0,0.0,0.0,0.0,,31.0000000000001,-69623.85221771267,0.0,-14610.179399671273,71140.27087188007,-10083.682144157892,0.0,-70421.99581196246,0.0,0.0,0.0,1.6370904631912708e-11,1.9267641040935414e-16,17.5,17.5,"[92.67077006113209, 0.0, 29.00712834163223]","[0.0, 0.0, 0.0]",0.0
-0.9586452270993499,0.0,-8.158411597787733,10578.532409846128,0.0,12689.116652985736,0.0,0.0,0.0,93.95686212061854,"[91.61141434026639, 0.0, 20.862423208461575]",0.0,0.0,0.0,0.0,"[0.0, 0.0, 0.0]","[0.8191520442889919, 0.0, -0.5735764363510462, 0.0]","[0.0, 0.0, 0.0]",1,nominal,4927.580789380915,booster-release,rigid_body_6dof_surface_allocated,10578.532409846128,0.0,12689.116652985736,-8305.798112111477,0.0,14280.502340607292,-79841.73176941942,0.0,-29060.01381633489,0.0,31190.760000000002,0.0,160480.6870520227,160480.6870520227,-0.0,17.5,17.5,8664.1,generic_slender_body_v1,0.0,none,unprofiled,0.0,0.0,0.0,-70.00000000000004,"[3278.814465615876, 0.0, 4766.937099389486]",26.612075808,0.0,0.0,0.0,0.0,0.0,0.0,0.0,,query-000001,0.0,0.0,0.0,0.0,0.0,51161.629675504366,0.0,70.0,0.0,1.0,0.0,70.0,0.0,0.0,0.0,,32.000000000000114,-69263.1993595733,0.0,-16370.897163349153,71171.60290071415,-8305.798112111477,0.0,-70685.29392439271,0.0,0.0,0.0,2.6233838256040975e-11,3.0875763435700884e-16,17.5,17.5,"[91.61141434026639, 0.0, 20.862423208461575]","[0.0, 0.0, 0.0]",0.0
-0.7740138280980334,0.0,-8.170584968679123,11026.539424725563,0.0,11149.850036804783,0.0,0.0,0.0,91.63049073802817,"[90.74661925490406, 0.0, 12.696374549348382]",0.0,0.0,0.0,0.0,"[0.0, 0.0, 0.0]","[0.8191520442889919, 0.0, -0.5735764363510462, 0.0]","[0.0, 0.0, 0.0]",1,nominal,4677.344955198041,booster-release,rigid_body_6dof_surface_allocated,11026.539424725563,0.0,11149.850036804783,-6706.133208024172,0.0,14175.031037867197,-79841.73176941942,0.0,-29060.01381633489,0.0,31190.760000000002,0.0,160480.6870520227,160480.6870520227,-0.0,17.5,17.5,8664.1,generic_slender_body_v1,0.0,none,unprofiled,0.0,0.0,0.0,-70.00000000000004,"[3369.978102619548, 0.0, 4783.717513897265]",26.612075808,0.0,0.0,0.0,0.0,0.0,0.0,0.0,,query-000001,0.0,0.0,0.0,0.0,0.0,51110.31677410655,0.0,70.0,0.0,1.0,0.0,70.0,0.0,0.0,0.0,,33.00000000000006,-68815.19234469386,0.0,-17910.163779530107,71107.69764270812,-6706.133208024172,0.0,-70790.7652271328,0.0,0.0,0.0,2.0579515874459978e-11,2.4220941577802063e-16,17.5,17.5,"[90.74661925490406, 0.0, 12.696374549348382]","[0.0, 0.0, 0.0]",0.0
-0.6055293049209569,0.0,-8.163711042618505,11581.773753685933,0.0,9798.487469515381,0.0,0.0,0.0,90.17174077456292,"[90.05800162669034, 0.0, 4.527601718571548]",0.0,0.0,0.0,0.0,"[0.0, 0.0, 0.0]","[0.8191520442889919, 0.0, -0.5735764363510462, 0.0]","[0.0, 0.0, 0.0]",1,nominal,4525.017842435653,booster-release,rigid_body_6dof_surface_allocated,11581.773753685933,0.0,9798.487469515381,-5246.366450765663,0.0,14234.587420649004,-79841.73176941942,0.0,-29060.01381633489,0.0,31190.760000000002,0.0,160480.6870520227,160480.6870520227,-0.0,17.5,17.5,8664.1,generic_slender_body_v1,0.0,none,unprofiled,0.0,0.0,0.0,-70.00000000000004,"[3460.3663791837835, 0.0, 4792.328930467141]",26.612075808,0.0,0.0,0.0,0.0,0.0,0.0,0.0,,query-000001,0.0,0.0,0.0,0.0,0.0,51062.16392312307,0.0,70.0,0.0,1.0,0.0,70.0,0.0,0.0,0.0,,34.0,-68259.95801573349,0.0,-19261.526346819508,70925.51209204567,-5246.366450765663,0.0,-70731.208844351,0.0,0.0,0.0,2.329443027495599e-11,2.7416244299415426e-16,17.5,17.5,"[90.05800162669034, 0.0, 4.527601718571548]","[0.0, 0.0, 0.0]",0.0
-0.44852902011451196,0.0,-8.136897578064533,12265.316440574003,0.0,8599.711641191094,0.0,0.0,0.0,89.60506259259743,"[89.5317316238825, 0.0, -3.624399902381611]",0.0,0.0,0.0,0.0,"[0.0, 0.0, 0.0]","[0.8191520442889919, 0.0, -0.5735764363510462, 0.0]","[0.0, 0.0, 0.0]",1,nominal,4468.085999610535,booster-release,rigid_body_6dof_surface_allocated,12265.316440574003,0.0,8599.711641191094,-3886.1002831741434,0.0,14466.901958891078,-79841.73176941942,0.0,-29060.01381633489,0.0,31190.760000000002,0.0,160480.6870520227,160480.6870520227,-0.0,17.5,17.5,8664.1,generic_slender_body_v1,0.0,none,unprofiled,0.0,0.0,0.0,-70.00000000000004,"[3550.148169069173, 0.0, 4792.778298043761]",26.612075808,0.0,0.0,0.0,0.0,0.0,0.0,0.0,,query-000001,0.0,0.0,0.0,0.0,0.0,51015.632917622504,0.0,70.0,0.0,1.0,0.0,70.0,0.0,0.0,0.0,,34.99999999999994,-67576.41532884541,0.0,-20460.302175143795,70605.91953791695,-3886.1002831741434,0.0,-70498.89430610892,0.0,0.0,0.0,2.1827872842550278e-11,2.569018805458055e-16,17.5,17.5,"[89.5317316238825, 0.0, -3.624399902381611]","[0.0, 0.0, 0.0]",0.0
-0.29827198912619646,0.0,-8.089346819028084,13097.711432231954,0.0,7517.287383155786,0.0,0.0,0.0,89.92821564977206,"[89.15869730705452, 0.0, -11.739278702754119]",0.0,0.0,0.0,0.0,"[0.0, 0.0, 0.0]","[0.8191520442889919, 0.0, -0.5735764363510462, 0.0]","[0.0, 0.0, 0.0]",1,nominal,4504.442788688005,booster-release,rigid_body_6dof_surface_allocated,13097.711432231954,0.0,7517.287383155786,-2584.258340988279,0.0,14878.886490258785,-79841.73176941942,0.0,-29060.01381633489,0.0,31190.760000000002,0.0,160480.6870520227,160480.6870520227,-0.0,17.5,17.5,8664.1,generic_slender_body_v1,0.0,none,unprofiled,0.0,0.0,0.0,-70.00000000000004,"[3639.4808685484113, 0.0, 4785.092497015161]",26.612075808,0.0,0.0,0.0,0.0,0.0,0.0,0.0,,query-000001,0.0,0.0,0.0,0.0,0.0,50969.269320829684,0.0,70.0,0.0,1.0,0.0,70.0,0.0,0.0,0.0,,35.999999999999886,-66744.02033718747,0.0,-21542.7264331791,70134.53723341791,-2584.258340988279,0.0,-70086.90977474122,0.0,0.0,0.0,1.0913936421275139e-11,1.2845094027290276e-16,17.5,17.5,"[89.15869730705452, 0.0, -11.739278702754119]","[0.0, 0.0, 0.0]",0.0
-0.15015087936736593,0.0,-8.020459687557599,14097.489069785392,0.0,6515.4789243596215,0.0,0.0,0.0,91.11104459574074,"[88.93447966690988, 0.0, -19.795978725565746]",0.0,0.0,0.0,0.0,"[0.0, 0.0, 0.0]","[0.8191520442889919, 0.0, -0.5735764363510462, 0.0]","[0.0, 0.0, 0.0]",1,nominal,4632.3044049610735,booster-release,rigid_body_6dof_surface_allocated,14097.489069785392,0.0,6515.4789243596215,-1300.9222339267953,0.0,15475.73148603219,-79841.73176941942,0.0,-29060.01381633489,0.0,31190.760000000002,0.0,160480.6870520227,160480.6870520227,-0.0,17.5,17.5,8664.1,generic_slender_body_v1,0.0,none,unprofiled,0.0,0.0,0.0,-70.00000000000004,"[3728.515119543842, 0.0, 4769.319128208745]",26.612075808,0.0,0.0,0.0,0.0,0.0,0.0,0.0,,query-000001,0.0,0.0,0.0,0.0,0.0,50921.654652311816,0.0,70.0,0.0,1.0,0.0,70.0,0.0,0.0,0.0,,36.99999999999983,-65744.24269963402,0.0,-22544.53489197527,69502.24098289109,-1300.9222339267953,0.0,-69490.0647789678,0.0,0.0,0.0,2.329443027495599e-11,2.7416244299415426e-16,17.5,17.5,"[88.93447966690988, 0.0, -19.795978725565746]","[0.0, 0.0, 0.0]",0.0
8.64133807016358e-05,0.0,-7.929871163546549,15280.221444089111,0.0,5560.749034948619,0.0,0.0,0.0,93.09821869266115,"[88.85910706395755, 0.0, -27.772961951198017]",0.0,0.0,0.0,0.0,"[0.0, 0.0, 0.0]","[0.8191520442889919, 0.0, -0.5735764363510462, 0.0]","[0.0, 0.0, 0.0]",1,nominal,4850.130214435731,booster-release,rigid_body_6dof_surface_allocated,15280.221444089111,0.0,5560.749034948619,0.7486941717370428,0.0,16260.599516916338,-79841.73176941942,0.0,-29060.01381633489,0.0,31190.760000000002,0.0,160480.6870520227,160480.6870520227,-0.0,17.5,17.5,8664.1,generic_slender_body_v1,0.0,none,unprofiled,0.0,0.0,0.0,-70.00000000000004,"[3817.3993983051027, 0.0, 4745.527109038328]",26.612075808,0.0,0.0,0.0,0.0,0.0,0.0,0.0,,query-000001,0.0,0.0,0.0,0.0,0.0,50871.362585724,0.0,70.0,0.0,1.0,0.0,70.0,0.0,0.0,0.0,,37.99999999999977,-64561.51032533031,0.0,-23499.26478138627,68705.196752163,0.7486941717370428,0.0,-68705.19674808366,0.0,0.0,0.0,2.0579515874459978e-11,2.4220941577802063e-16,17.5,17.5,"[88.85910706395755, 0.0, -27.772961951198017]","[0.0, 0.0, 0.0]",0.0
0.15614895111071517,0.0,-7.817420570805493,16658.207766185857,0.0,4623.376181019446,0.0,0.0,0.0,95.81508155327613,"[88.93660176424488, 0.0, -35.648432219230486]",0.0,0.0,0.0,0.0,"[0.0, 0.0, 0.0]","[0.8191520442889919, 0.0, -0.5735764363510462, 0.0]","[0.0, 0.0, 0.0]",1,nominal,5156.548313209324,booster-release,rigid_body_6dof_surface_allocated,16658.207766185857,0.0,4623.376181019446,1352.8901273183474,0.0,17234.882697484118,-79841.73176941942,0.0,-29060.01381633489,0.0,31190.760000000002,0.0,160480.6870520227,160480.6870520227,-0.0,17.5,17.5,8664.1,generic_slender_body_v1,0.0,none,unprofiled,0.0,0.0,0.0,-70.00000000000004,"[3906.284251738881, 0.0, 4713.807041097599]",26.612075808,0.0,0.0,0.0,0.0,0.0,0.0,0.0,,query-000001,0.0,0.0,0.0,0.0,0.0,50816.92074611024,0.0,70.0,0.0,1.0,0.0,70.0,0.0,0.0,0.0,,38.999999999999716,-63183.524003233564,0.0,-24436.63763531544,67744.42386194528,1352.8901273183474,0.0,-67730.91356751588,0.0,0.0,0.0,2.329443027495599e-11,2.7416244299415426e-16,17.5,17.5,"[88.93660176424488, 0.0, -35.648432219230486]","[0.0, 0.0, 0.0]",0.0
0.32107733280297246,0.0,-7.68307850607239,18240.697622401098,0.0,3678.692180369003,0.0,0.0,0.0,99.17495576575989,"[89.17436838116166, 0.0, -43.40050546896093]",0.0,0.0,0.0,0.0,"[0.0, 0.0, 0.0]","[0.8191520442889919, 0.0, -0.5735764363510462, 0.0]","[0.0, 0.0, 0.0]",1,nominal,5550.286340516484,booster-release,rigid_body_6dof_surface_allocated,18240.697622401098,0.0,3678.692180369003,2781.846119138234,0.0,18398.835780538204,-79841.73176941942,0.0,-29060.01381633489,0.0,31190.760000000002,0.0,160480.6870520227,160480.6870520227,-0.0,17.5,17.5,8664.1,generic_slender_body_v1,0.0,none,unprofiled,0.0,0.0,0.0,-70.00000000000004,"[3995.325995995198, 0.0, 4674.271377050159]",26.612075808,0.0,0.0,0.0,0.0,0.0,0.0,0.0,,query-000001,0.0,0.0,0.0,0.0,0.0,50756.77932531915,0.0,70.0,0.0,1.0,0.0,70.0,0.0,0.0,0.0,,39.99999999999966,-61601.03414701832,0.0,-25381.321635965887,66625.06207104398,2781.846119138234,0.0,-66566.9604844618,0.0,0.0,0.0,1.0913936421275139e-11,1.2845094027290276e-16,17.5,17.5,"[89.17436838116166, 0.0, -43.40050546896093]","[0.0, 0.0, 0.0]",0.0
0.4971870489757493,0.0,-7.526858802243861,20034.43987641722,0.0,2707.8042656361786,0.0,0.0,0.0,103.0862123090496,"[89.5824916434184, 0.0, -51.00729711701379]",0.0,0.0,0.0,0.0,"[0.0, 0.0, 0.0]","[0.8191520442889919, 0.0, -0.5735764363510462, 0.0]","[0.0, 0.0, 0.0]",1,nominal,6030.106739247956,booster-release,rigid_body_6dof_surface_allocated,20034.43987641722,0.0,2707.8042656361786,4307.67831103079,0.0,19752.338916478955,-79841.73176941942,0.0,-29060.01381633489,0.0,31190.760000000002,0.0,160480.6870520227,160480.6870520227,-0.0,17.5,17.5,8664.1,generic_slender_body_v1,0.0,none,unprofiled,0.0,0.0,0.0,-70.00000000000004,"[4084.689752401075, 0.0, 4627.054457470834]",26.612075808,0.0,0.0,0.0,0.0,0.0,0.0,0.0,,query-000001,0.0,0.0,0.0,0.0,0.0,50689.287179469575,0.0,70.0,0.0,1.0,0.0,70.0,0.0,0.0,0.0,,40.9999999999996,-59807.2918930022,0.0,-26352.20955069871,65355.57445068246,4307.67831103079,0.0,-65213.45734852104,0.0,0.0,0.0,1.626953582672133e-11,1.914833561493173e-16,17.5,17.5,"[89.5824916434184, 0.0, -51.00729711701379]","[0.0, 0.0, 0.0]",0.0
0.6860687399804903,0.0,-7.348739263380462,22044.328777833573,0.0,1697.8278670673171,0.0,0.0,0.0,107.45796491688337,"[90.17300746909602, 0.0, -58.4469241967145]",0.0,0.0,0.0,0.0,"[0.0, 0.0, 0.0]","[0.8191520442889919, 0.0, -0.5735764363510462, 0.0]","[0.0, 0.0, 0.0]",1,nominal,6594.74509563941,booster-release,rigid_body_6dof_surface_allocated,22044.328777833573,0.0,1697.8278670673171,5944.168170064967,0.0,21295.584413145334,-79841.73176941942,0.0,-29060.01381633489,0.0,31190.760000000002,0.0,160480.6870520227,160480.6870520227,-0.0,17.5,17.5,8664.1,generic_slender_body_v1,0.0,none,unprofiled,0.0,0.0,0.0,-70.00000000000004,"[4174.551763061818, 0.0, 4572.312503674455]",26.612075808,0.0,0.0,0.0,0.0,0.0,0.0,0.0,,query-000001,0.0,0.0,0.0,0.0,0.0,50612.67552619816,0.0,70.0,0.0,1.0,0.0,70.0,0.0,0.0,0.0,,41.999999999999545,-57797.40299158585,0.0,-27362.185949267572,63947.079780816166,5944.168170064967,0.0,-63670.21185185466,0.0,0.0,0.0,3.086927381168996e-11,3.633141236670309e-16,17.5,17.5,"[90.17300746909602, 0.0, -58.4469241967145]","[0.0, 0.0, 0.0]",0.0
0.8886250941771965,0.0,-7.148604817806076,24273.97612661366,0.0,641.754656903935,0.0,0.0,0.0,112.20395938630381,"[90.95919439255633, 0.0, -65.69743874323004]",0.0,0.0,0.0,0.0,"[0.0, 0.0, 0.0]","[0.8191520442889919, 0.0, -0.5735764363510462, 0.0]","[0.0, 0.0, 0.0]",1,nominal,7242.849990284731,booster-release,rigid_body_6dof_surface_allocated,24273.97612661366,0.0,641.754656903935,7699.136678460649,0.0,23029.569263046367,-79841.73176941942,0.0,-29060.01381633489,0.0,31190.760000000002,0.0,160480.6870520227,160480.6870520227,-0.0,17.5,17.5,8664.1,generic_slender_body_v1,0.0,none,unprofiled,0.0,0.0,0.0,-70.00000000000004,"[4265.1009846608695, 0.0, 4510.223644664208]",26.612075808,0.0,0.0,0.0,0.0,0.0,0.0,0.0,,query-000001,0.0,0.0,0.0,0.0,0.0,50525.04895592791,0.0,70.0,0.0,1.0,0.0,70.0,0.0,0.0,0.0,,42.99999999999949,-55567.75564280576,0.0,-28418.259159430956,62412.922707009544,7699.136678460649,0.0,-61936.22700195363,0.0,0.0,0.0,2.4404303740081994e-11,2.8722503422397597e-16,17.5,17.5,"[90.95919439255633, 0.0, -65.69743874323004]","[0.0, 0.0, 0.0]",0.0
1.1051246325229869,0.0,-6.926217216261021,26726.117358019255,0.0,-461.89554936699733,0.0,0.0,0.0,117.24476912464027,"[91.95491179892666, 0.0, -72.73671757195136]",0.0,0.0,0.0,0.0,"[0.0, 0.0, 0.0]","[0.8191520442889919, 0.0, -0.5735764363510462, 0.0]","[0.0, 0.0, 0.0]",1,nominal,7972.922907664458,booster-release,rigid_body_6dof_surface_allocated,26726.117358019255,0.0,-461.89554936699733,9574.91032864241,0.0,24956.357681592886,-79841.73176941942,0.0,-29060.01381633489,0.0,31190.760000000002,0.0,160480.6870520227,160480.6870520227,-0.0,17.5,17.5,8664.1,generic_slender_body_v1,0.0,none,unprofiled,0.0,0.0,0.0,-70.00000000000004,"[4356.539995691034, 0.0, 4440.988034718634]",26.612075808,0.0,0.0,0.0,0.0,0.0,0.0,0.0,,query-000001,0.0,0.0,0.0,0.0,0.0,50424.383254218585,0.0,70.0,0.0,1.0,0.0,70.0,0.0,0.0,0.0,,43.99999999999943,-53115.614411400165,0.0,-29521.909365701886,60768.508513022214,9574.91032864241,0.0,-60009.438583407114,0.0,0.0,0.0,1.8189894035458565e-11,2.1408490045483792e-16,17.5,17.5,"[91.95491179892666, 0.0, -72.73671757195136]","[0.0, 0.0, 0.0]",0.0
1.3352578594567293,0.0,-6.681209374422751,29402.823995224382,0.0,-1609.5151857509118,0.0,0.0,0.0,122.5086777781251,"[93.17399407263429, 0.0, -79.54233438551572]",0.0,0.0,0.0,0.0,"[0.0, 0.0, 0.0]","[0.8191520442889919, 0.0, -0.5735764363510462, 0.0]","[0.0, 0.0, 0.0]",1,nominal,8783.257072789087,booster-release,rigid_body_6dof_surface_allocated,29402.823995224382,0.0,-1609.5151857509118,11568.807620119049,0.0,27079.130124063835,-79841.73176941942,0.0,-29060.01381633489,0.0,31190.760000000002,0.0,160480.6870520227,160480.6870520227,-0.0,17.5,17.5,8664.1,generic_slender_body_v1,0.0,none,unprofiled,0.0,0.0,0.0,-70.00000000000004,"[4449.08526968884, 0.0, 4364.828092092871]",26.612075808,0.0,0.0,0.0,0.0,0.0,0.0,0.0,,query-000001,0.0,0.0,0.0,0.0,0.0,50308.52947479479,0.0,70.0,0.0,1.0,0.0,70.0,0.0,0.0,0.0,,44.999999999999375,-50438.90777419504,0.0,-30669.5290020858,59031.37662856534,11568.807620119049,0.0,-57886.66614093616,0.0,0.0,0.0,2.6233838256040975e-11,3.0875763435700884e-16,17.5,17.5,"[93.17399407263429, 0.0, -79.54233438551572]","[0.0, 0.0, 0.0]",0.0
1.5781874109529714,0.0,-6.413099968750593,32305.533419483607,0.0,-2792.8604725008263,0.0,0.0,0.0,127.93168213058308,"[94.62969835847504, 0.0, -86.0914367480563]",0.0,0.0,0.0,0.0,"[0.0, 0.0, 0.0]","[0.8191520442889919, 0.0, -0.5735764363510462, 0.0]","[0.0, 0.0, 0.0]",1,nominal,9671.874508428127,booster-release,rigid_body_6dof_surface_allocated,32305.533419483607,0.0,-2792.8604725008263,13673.57354723764,0.0,29402.05682574798,-79841.73176941942,0.0,-29060.01381633489,0.0,31190.760000000002,0.0,160480.6870520227,160480.6870520227,-0.0,17.5,17.5,8664.1,generic_slender_body_v1,0.0,none,unprofiled,0.0,0.0,0.0,-70.00000000000004,"[4542.9668699309905, 0.0, 4281.988864867114]",26.612075808,0.0,0.0,0.0,0.0,0.0,0.0,0.0,,query-000001,0.0,0.0,0.0,0.0,0.0,50175.223748029355,0.0,70.0,0.0,1.0,0.0,70.0,0.0,0.0,0.0,,45.99999999999932,-47536.19834993582,0.0,-31852.874288835716,57221.46235482633,13673.57354723764,0.0,-55563.73943925202,0.0,0.0,0.0,3.10829045531774e-11,3.658284382604132e-16,17.5,17.5,"[94.62969835847504, 0.0, -86.0914367480563]","[0.0, 0.0, 0.0]",0.0
1.8325888597778526,0.0,-6.121323710042245,35434.92331330293,0.0,-3999.4733453457593,0.0,0.0,0.0,133.45698403921423,"[96.33419791230575, 0.0, -92.36064584787067]",0.0,0.0,0.0,0.0,"[0.0, 0.0, 0.0]","[0.8191520442889919, 0.0, -0.5735764363510462, 0.0]","[0.0, 0.0, 0.0]",1,nominal,10636.461066852618,booster-release,rigid_body_6dof_surface_allocated,35434.92331330293,0.0,-3999.4733453457593,15877.733140001294,0.0,31930.035508822977,-79841.73176941942,0.0,-29060.01381633489,0.0,31190.760000000002,0.0,160480.6870520227,160480.6870520227,-0.0,17.5,17.5,8664.1,generic_slender_body_v1,0.0,none,unprofiled,0.0,0.0,0.0,-70.00000000000004,"[4638.427615469915, 0.0, 4192.738509731764]",26.612075808,0.0,0.0,0.0,0.0,0.0,0.0,0.0,,query-000001,0.0,0.0,0.0,0.0,0.0,50022.10240088254,0.0,70.0,0.0,1.0,0.0,70.0,0.0,0.0,0.0,,46.99999999999926,-44406.808456116494,0.0,-33059.48716168065,55361.48777491029,15877.733140001294,0.0,-53035.76075617702,0.0,0.0,0.0,3.918223088210291e-11,4.611529886673147e-16,17.5,17.5,"[96.33419791230575, 0.0, -92.36064584787067]","[0.0, 0.0, 0.0]",0.0
2.09668221041315,0.0,-5.805273570283611,38790.661195511464,0.0,-5213.063004961441,0.0,0.0,0.0,139.03423887546657,"[98.29811149944608, 0.0, -98.32599277567844]",0.0,0.0,0.0,0.0,"[0.0, 0.0, 0.0]","[0.8191520442889919, 0.0, -0.5735764363510462, 0.0]","[0.0, 0.0, 0.0]",1,nominal,11674.299653903558,booster-release,rigid_body_6dof_surface_allocated,38790.661195511464,0.0,-5213.063004961441,18165.864339240572,0.0,34668.32552470576,-79841.73176941942,0.0,-29060.01381633489,0.0,31190.760000000002,0.0,160480.6870520227,160480.6870520227,-0.0,17.5,17.5,8664.1,generic_slender_body_v1,0.0,none,unprofiled,0.0,0.0,0.0,-70.00000000000004,"[4735.721759322337, 0.0, 4097.368853746714]",26.612075808,0.0,0.0,0.0,0.0,0.0,0.0,0.0,,query-000001,0.0,0.0,0.0,0.0,0.0,49846.722059435364,0.0,70.0,0.0,1.0,0.0,70.0,0.0,0.0,0.0,,47.999999999999204,-41051.07057390796,0.0,-34273.07682129633,53477.4175709939,18165.864339240572,0.0,-50297.47074029424,0.0,0.0,0.0,2.9999541770795335e-11,3.5307786297005564e-16,17.5,17.5,"[98.29811149944608, 0.0, -98.32599277567844]","[0.0, 0.0, 0.0]",0.0
2.368256068088446,0.0,-5.464352289622293,42371.05669257187,0.0,-6413.855321786961,0.0,0.0,0.0,144.61873325099205,"[100.53006040738137, 0.0, -103.9629018525832]",0.0,0.0,0.0,0.0,"[0.0, 0.0, 0.0]","[0.8191520442889919, 0.0, -0.5735764363510462, 0.0]","[0.0, 0.0, 0.0]",1,nominal,12782.202322138703,booster-release,rigid_body_6dof_surface_allocated,42371.05669257187,0.0,-6413.855321786961,20518.807399525107,0.0,37622.10159248349,-79841.73176941942,0.0,-29060.01381633489,0.0,31190.760000000002,0.0,160480.6870520227,160480.6870520227,-0.0,17.5,17.5,8664.1,generic_slender_body_v1,0.0,none,unprofiled,0.0,0.0,0.0,-70.00000000000004,"[4835.113210475205, 0.0, 3996.195997069695]",26.612075808,0.0,0.0,0.0,0.0,0.0,0.0,0.0,,query-000001,0.0,0.0,0.0,0.0,0.0,49646.58447822432,0.0,70.0,0.0,1.0,0.0,70.0,0.0,0.0,0.0,,48.99999999999915,-37470.675076847554,0.0,-35473.86913812185,51598.903887033055,20518.807399525107,0.0,-47343.69467251651,0.0,0.0,0.0,2.300859821966427e-11,2.7079835923508214e-16,17.5,17.5,"[100.53006040738137, 0.0, -103.9629018525832]","[0.0, 0.0, 0.0]",0.0
2.64468744678747,0.0,-5.098031334960268,46172.64021884282,0.0,-7578.928816512154,0.0,0.0,0.0,150.17059250129208,"[103.03624717675827, 0.0, -109.24622931670956]",0.0,0.0,0.0,0.0,"[0.0, 0.0, 0.0]","[0.8191520442889919, 0.0, -0.5735764363510462, 0.0]","[0.0, 0.0, 0.0]",1,nominal,13956.442366224588,booster-release,rigid_body_6dof_surface_allocated,46172.64021884282,0.0,-7578.928816512154,22913.83650771132,0.0,40795.94297577073,-79841.73176941942,0.0,-29060.01381633489,0.0,31190.760000000002,0.0,160480.6870520227,160480.6870520227,-0.0,17.5,17.5,8664.1,generic_slender_body_v1,0.0,none,unprofiled,0.0,0.0,0.0,-70.00000000000004,"[4936.873324127424, 0.0, 3889.5609052975565]",26.612075808,0.0,0.0,0.0,0.0,0.0,0.0,0.0,,query-000001,0.0,0.0,0.0,0.0,0.0,49419.16587803084,0.0,70.0,0.0,1.0,0.0,70.0,0.0,0.0,0.0,,49.99999999999909,-33669.0915505766,0.0,-36638.94263284704,49759.62060842266,22913.83650771132,0.0,-44169.853289229264,0.0,0.0,0.0,3.710024985479529e-11,4.3664923399391495e-16,17.5,17.5,"[103.03624717675827, 0.0, -109.24622931670956]","[0.0, 0.0, 0.0]",0.0
2.9229605828021588,0.0,-4.705915987061577,50189.68881412272,0.0,-8682.560704749938,0.0,0.0,0.0,155.6540694086161,"[105.8200533556528, 0.0, -114.15036413112782]",0.0,0.0,0.0,0.0,"[0.0, 0.0, 0.0]","[0.8191520442889919, 0.0, -0.5735764363510462, 0.0]","[0.0, 0.0, 0.0]",1,nominal,15192.688011277638,booster-release,rigid_body_6dof_surface_allocated,50189.68881412272,0.0,-8682.560704749938,25324.822785456185,0.0,44193.26956149978,-79841.73176941942,0.0,-29060.01381633489,0.0,31190.760000000002,0.0,160480.6870520227,160480.6870520227,-0.0,17.5,17.5,8664.1,generic_slender_body_v1,0.0,none,unprofiled,0.0,0.0,0.0,-70.00000000000004,"[5041.278280257148, 0.0, 3777.8299325707853]",26.612075808,0.0,0.0,0.0,0.0,0.0,0.0,0.0,,query-000001,0.0,0.0,0.0,0.0,0.0,49161.95056997643,0.0,70.0,0.0,1.0,0.0,70.0,0.0,0.0,0.0,,50.999999999999034,-29652.042955296703,0.0,-37742.574521084825,47997.349748735076,25324.822785456185,0.0,-40772.52670350022,0.0,0.0,0.0,3.354050734667139e-11,3.947530514757001e-16,17.5,17.5,"[105.8200533556528, 0.0, -114.15036413112782]","[0.0, 0.0, 0.0]",0.0
3.199688205004431,0.0,-4.287815400473939,54413.71877456045,0.0,-9696.60767922221,0.0,0.0,0.0,161.03693524834054,"[108.88165700990272, 0.0, -118.64939646267116]",0.0,0.0,0.0,0.0,"[0.0, 0.0, 0.0]","[0.8191520442889919, 0.0, -0.5735764363510462, 0.0]","[0.0, 0.0, 0.0]",1,nominal,16485.939742577026,booster-release,rigid_body_6dof_surface_allocated,54413.71877456045,0.0,-9696.60767922221,27722.418576978893,0.0,47815.73485375375,-79841.73176941942,0.0,-29060.01381633489,0.0,31190.760000000002,0.0,160480.6870520227,160480.6870520227,-0.0,17.5,17.5,8664.1,generic_slender_body_v1,0.0,none,unprofiled,0.0,0.0,0.0,-70.00000000000004,"[5148.60606961656, 0.0, 3661.3952104492046]",26.612075808,0.0,0.0,0.0,0.0,0.0,0.0,0.0,,query-000001,0.0,0.0,0.0,0.0,0.0,48872.46859764081,0.0,70.0,0.0,1.0,0.0,70.0,0.0,0.0,0.0,,51.99999999999898,-25428.012994858967,0.0,-38756.6214955571,46353.63582952897,27722.418576978893,0.0,-37150.06141124625,0.0,0.0,0.0,2.648488549050132e-11,3.117123201893802e-16,17.5,17.5,"[108.88165700990272, 0.0, -118.64939646267116]","[0.0, 0.0, 0.0]",0.0
3.471138622099709,0.0,-3.8438163609555485,58832.96541743501,0.0,-10590.945008236135,0.0,0.0,0.0,166.2899768165405,"[112.21767413926254, 0.0, -122.71735818709539]",0.0,0.0,0.0,0.0,"[0.0, 0.0, 0.0]","[0.8191520442889919, 0.0, -0.5735764363510462, 0.0]","[0.0, 0.0, 0.0]",1,nominal,17830.473774291855,booster-release,rigid_body_6dof_surface_allocated,58832.96541743501,0.0,-10590.945008236135,30074.29213573409,0.0,51662.58693204503,-79841.73176941942,0.0,-29060.01381633489,0.0,31190.760000000002,0.0,160480.6870520227,160480.6870520227,-0.0,17.5,17.5,8664.1,generic_slender_body_v1,0.0,none,unprofiled,0.0,0.0,0.0,-70.00000000000004,"[5259.1331087048175, 0.0, 3540.6748326043185]",26.612075808,0.0,0.0,0.0,0.0,0.0,0.0,0.0,,query-000001,0.0,0.0,0.0,0.0,0.0,48548.337041981926,0.0,70.0,0.0,1.0,0.0,70.0,0.0,0.0,0.0,,52.99999999999892,-21008.766351984414,0.0,-39650.958824571026,44872.78461762871,30074.29213573409,0.0,-33303.20933295497,0.0,0.0,0.0,4.067383956680332e-11,4.787083903732933e-16,17.5,17.5,"[112.21767413926254, 0.0, -122.71735818709539]","[0.0, 0.0, 0.0]",0.0
3.733271777137026,0.0,-3.374359120687903,63431.87250209339,0.0,-11333.98479899087,0.0,0.0,0.0,171.3865939612246,"[115.82083141357774, 0.0, -126.32853834465621]",0.0,0.0,0.0,0.0,"[0.0, 0.0, 0.0]","[0.8191520442889919, 0.0, -0.5735764363510462, 0.0]","[0.0, 0.0, 0.0]",1,nominal,19219.794577655044,booster-release,rigid_body_6dof_surface_allocated,63431.87250209339,0.0,-11333.98479899087,32345.44000429291,0.0,55730.011407447935,-79841.73176941942,0.0,-29060.01381633489,0.0,31190.760000000002,0.0,160480.6870520227,160480.6870520227,-0.0,17.5,17.5,8664.1,generic_slender_body_v1,0.0,none,unprofiled,0.0,0.0,0.0,-70.00000000000004,"[5373.130511069462, 0.0, 3416.1127617051366]",26.612075808,0.0,0.0,0.0,0.0,0.0,0.0,0.0,,query-000001,0.0,0.0,0.0,0.0,0.0,48187.30450939051,0.0,70.0,0.0,1.0,0.0,70.0,0.0,0.0,0.0,,53.99999999999886,-16409.85926732603,0.0,-40393.99861532576,43599.984005827144,32345.44000429291,0.0,-29235.784857552062,0.0,0.0,0.0,3.58299359569941e-11,4.2169834841827455e-16,17.5,17.5,"[115.82083141357774, 0.0, -126.32853834465621]","[0.0, 0.0, 0.0]",0.0
3.981787094515966,0.0,-2.8803131839118468,68190.61699918956,0.0,-11893.290123657822,0.0,0.0,0.0,176.30248794709055,"[119.6796806412357, 0.0, -129.45787460771106]",0.0,0.0,0.0,0.0,"[0.0, 0.0, 0.0]","[0.8191520442889919, 0.0, -0.5735764363510462, 0.0]","[0.0, 0.0, 0.0]",1,nominal,20646.599757745884,booster-release,rigid_body_6dof_surface_allocated,68190.61699918956,0.0,-11893.290123657822,34498.60156559578,0.0,60010.47480826936,-79841.73176941942,0.0,-29060.01381633489,0.0,31190.760000000002,0.0,160480.6870520227,160480.6870520227,-0.0,17.5,17.5,8664.1,generic_slender_body_v1,0.0,none,unprofiled,0.0,0.0,0.0,-70.00000000000004,"[5490.860051226794, 0.0, 3288.17838283914]",26.612075808,0.0,0.0,0.0,0.0,0.0,0.0,0.0,,query-000001,0.0,0.0,0.0,0.0,0.0,47787.298166236455,0.0,70.0,0.0,1.0,0.0,70.0,0.0,0.0,0.0,,54.999999999998806,-11651.114770229862,0.0,-40953.30393999271,42578.4168210901,34498.60156559578,0.0,-24955.321456730635,0.0,0.0,0.0,4.729372449219227e-11,5.566207411825786e-16,17.5,17.5,"[119.6796806412357, 0.0, -129.45787460771106]","[0.0, 0.0, 0.0]",0.0
4.212185480952937,0.0,-2.363050306117612,73084.69848840809,0.0,-12236.296124140154,0.0,0.0,0.0,181.01542953974993,"[123.77836798843012, 0.0, -132.081419395693]",0.0,0.0,0.0,0.0,"[0.0, 0.0, 0.0]","[0.8191520442889919, 0.0, -0.5735764363510462, 0.0]","[0.0, 0.0, 0.0]",1,nominal,22102.760845849596,booster-release,rigid_body_6dof_surface_allocated,73084.69848840809,0.0,-12236.296124140154,36494.79622552434,0.0,64492.092107766395,-79841.73176941942,0.0,-29060.01381633489,0.0,31190.760000000002,0.0,160480.6870520227,160480.6870520227,-0.0,17.5,17.5,8664.1,generic_slender_body_v1,0.0,none,unprofiled,0.0,0.0,0.0,-70.00000000000004,"[5612.569869245721, 0.0, 3157.365627910658]",26.612075808,0.0,0.0,0.0,0.0,0.0,0.0,0.0,,query-000001,0.0,0.0,0.0,0.0,0.0,47346.47250068014,0.0,70.0,0.0,1.0,0.0,70.0,0.0,0.0,0.0,,55.99999999999875,-6757.033281011332,0.0,-41296.30994047504,41845.46228040109,36494.79622552434,0.0,-20473.704157233602,0.0,0.0,0.0,4.874925537754242e-11,5.737515273263404e-16,17.5,17.5,"[123.77836798843012, 0.0, -132.081419395693]","[0.0, 0.0, 0.0]",0.0
4.419847205528725,0.0,-1.824511324185273,78084.62583649479,0.0,-12331.14211709049,0.0,0.0,0.0,185.50509565033798,"[128.0964730268622, 0.0, -134.1768762131516]",0.0,0.0,0.0,0.0,"[0.0, 0.0, 0.0]","[0.8191520442889919, 0.0, -0.5735764363510462, 0.0]","[0.0, 0.0, 0.0]",1,nominal,23579.32371663615,booster-release,rigid_body_6dof_surface_allocated,78084.62583649479,0.0,-12331.14211709049,38293.99817342142,0.0,69158.04770112637,-79841.73176941942,0.0,-29060.01381633489,0.0,31190.760000000002,0.0,160480.6870520227,160480.6870520227,-0.0,17.5,17.5,8664.1,generic_slender_body_v1,0.0,none,unprofiled,0.0,0.0,0.0,-70.00000000000004,"[5738.489978140673, 0.0, 3024.191598299516]",26.612075808,0.0,0.0,0.0,0.0,0.0,0.0,0.0,,query-000001,0.0,0.0,0.0,0.0,0.0,46863.258793584464,0.0,70.0,0.0,1.0,0.0,70.0,0.0,0.0,0.0,,56.99999999999869,-1757.1059329246345,0.0,-41391.15593342538,41428.434809495906,38293.99817342142,0.0,-15807.748563873625,0.0,0.0,0.0,4.201678500720039e-11,4.945141086673766e-16,17.5,17.5,"[128.0964730268622, 0.0, -134.1768762131516]","[0.0, 0.0, 0.0]",0.0
4.600126544355478,0.0,-1.2672628270485105,83155.73626813154,0.0,-12147.610084056567,0.0,0.0,0.0,189.75296394943803,"[132.60893401075344, 0.0, -135.72419809351746]",0.0,0.0,0.0,0.0,"[0.0, 0.0, 0.0]","[0.8191520442889919, 0.0, -0.5735764363510462, 0.0]","[0.0, 0.0, 0.0]",1,nominal,25066.53229656016,booster-release,rigid_body_6dof_surface_allocated,83155.73626813154,0.0,-12147.610084056567,39855.956392950306,0.0,73986.104405169,-79841.73176941942,0.0,-29060.01381633489,0.0,31190.760000000002,0.0,160480.6870520227,160480.6870520227,-0.0,17.5,17.5,8664.1,generic_slender_body_v1,0.0,none,unprofiled,0.0,0.0,0.0,-70.00000000000004,"[5868.8276520283625, 0.0, 2889.1946192828386]",26.612075808,0.0,0.0,0.0,0.0,0.0,0.0,0.0,,query-000001,0.0,0.0,0.0,0.0,0.0,46336.41407698841,0.0,70.0,0.0,1.0,0.0,70.0,0.0,0.0,0.0,,57.999999999998636,3314.004498712122,0.0,-41207.62390039145,41340.66875769664,39855.956392950306,0.0,-10979.691859831,0.0,0.0,0.0,5.5412042317503864e-11,6.521688109022027e-16,17.5,17.5,"[132.60893401075344, 0.0, -135.72419809351746]","[0.0, 0.0, 0.0]",0.0
4.748463016019055,0.0,-0.694539191044261,88258.18275494078,0.0,-11658.154868153091,0.0,0.0,0.0,193.74225561095318,"[137.2860761583374, 0.0, -136.7062357841335]",0.0,0.0,0.0,0.0,"[0.0, 0.0, 0.0]","[0.8191520442889919, 0.0, -0.5735764363510462, 0.0]","[0.0, 0.0, 0.0]",1,nominal,26553.87895164284,booster-release,rigid_body_6dof_surface_allocated,88258.18275494078,0.0,-11658.154868153091,41141.15841709069,0.0,78948.23925987341,-79841.73176941942,0.0,-29060.01381633489,0.0,31190.760000000002,0.0,160480.6870520227,160480.6870520227,-0.0,17.5,17.5,8664.1,generic_slender_body_v1,0.0,none,unprofiled,0.0,0.0,0.0,-70.00000000000004,"[6003.762789679432, 0.0, 2752.931669923232]",26.612075808,0.0,0.0,0.0,0.0,0.0,0.0,0.0,,query-000001,0.0,0.0,0.0,0.0,0.0,45765.068165462624,0.0,70.0,0.0,1.0,0.0,70.0,0.0,0.0,0.0,,58.99999999999858,8416.450985521355,0.0,-40718.16868448798,41578.91182089907,41141.15841709069,0.0,-6017.557005126582,0.0,0.0,0.0,5.144878968614994e-11,6.055235394450516e-16,17.5,17.5,"[137.2860761583374, 0.0, -136.7062357841335]","[0.0, 0.0, 0.0]",0.0
4.860507762006374,0.0,-0.11026523430877894,93347.12407536834,0.0,-10839.000243488641,0.0,0.0,0.0,197.45791706957868,"[142.09375891980372, 0.0, -137.10941867536783]",0.0,0.0,0.0,0.0,"[0.0, 0.0, 0.0]","[0.8191520442889919, 0.0, -0.5735764363510462, 0.0]","[0.0, 0.0, 0.0]",1,nominal,28030.184384039505,booster-release,rigid_body_6dof_surface_allocated,93347.12407536834,0.0,-10839.000243488641,42111.92530079943,0.0,84010.4472484253,-79841.73176941942,0.0,-29060.01381633489,0.0,31190.760000000002,0.0,160480.6870520227,160480.6870520227,-0.0,17.5,17.5,8664.1,generic_slender_body_v1,0.0,none,unprofiled,0.0,0.0,0.0,-70.00000000000004,"[6143.443364580753, 0.0, 2615.9751467847827]",26.612075808,0.0,0.0,0.0,0.0,0.0,0.0,0.0,,query-000001,0.0,0.0,0.0,0.0,0.0,45148.767179945295,0.0,70.0,0.0,1.0,0.0,70.0,0.0,0.0,0.0,,59.99999999999852,13505.392305948917,0.0,-39899.01405982353,42122.7604067395,42111.92530079943,0.0,-955.3490165746916,0.0,0.0,0.0,5.144878968614994e-11,6.055235394450516e-16,17.5,17.5,"[142.09375891980372, 0.0, -137.10941867536783]","[0.0, 0.0, 0.0]",0.0
4.932262181041393,0.0,0.48094521357420045,98373.14727469653,0.0,-9671.263380648004,0.0,0.0,0.0,200.8866322858743,"[146.99365605707726, 0.0, -136.92444672202896]",0.0,0.0,0.0,0.0,"[0.0, 0.0, 0.0]","[0.8191520442889919, 0.0, -0.5735764363510462, 0.0]","[0.0, 0.0, 0.0]",1,nominal,29483.708994882712,booster-release,rigid_body_6dof_surface_allocated,98373.14727469653,0.0,-9671.263380648004,42733.612762760735,0.0,89132.75368992823,-79841.73176941942,0.0,-29060.01381633489,0.0,31190.760000000002,0.0,160480.6870520227,160480.6870520227,-0.0,17.5,17.5,8664.1,generic_slender_body_v1,0.0,none,unprofiled,0.0,0.0,0.0,-70.00000000000004,"[6287.981087648239, 0.0, 2478.9089392161086]",26.612075808,0.0,0.0,0.0,0.0,0.0,0.0,0.0,,query-000001,0.0,0.0,0.0,0.0,0.0,44487.51186434369,0.0,70.0,0.0,1.0,0.0,70.0,0.0,0.0,0.0,,60.999999999998465,18531.41550527711,0.0,-38731.27719698289,42936.292270511105,42733.612762760735,0.0,4166.9574249282305,0.0,0.0,0.0,5.866064565124215e-11,6.904030589942963e-16,17.5,17.5,"[146.99365605707726, 0.0, -136.92444672202896]","[0.0, 0.0, 0.0]",0.0
4.960224384547089,0.0,1.0738190882179435,103282.94408529066,0.0,-8142.058990106118,0.0,0.0,0.0,204.01685750059656,"[151.9436787026675, 0.0, -136.14696708601062]",0.0,0.0,0.0,0.0,"[0.0, 0.0, 0.0]","[0.8191520442889919, 0.0, -0.5735764363510462, 0.0]","[0.0, 0.0, 0.0]",1,nominal,30902.29647388286,booster-release,rigid_body_6dof_surface_allocated,103282.94408529066,0.0,-8142.058990106118,42975.88009015443,0.0,94269.47222722908,-79841.73176941942,0.0,-29060.01381633489,0.0,31190.760000000002,0.0,160480.6870520227,160480.6870520227,-0.0,17.5,17.5,8664.1,generic_slender_body_v1,0.0,none,unprofiled,0.0,0.0,0.0,-70.00000000000004,"[6437.447420855094, 0.0, 2342.323817987947]",26.612075808,0.0,0.0,0.0,0.0,0.0,0.0,0.0,,query-000001,0.0,0.0,0.0,0.0,0.0,43781.78894188086,0.0,70.0,0.0,1.0,0.0,70.0,0.0,0.0,0.0,,61.99999999999841,23441.212315871235,0.0,-37202.07280644101,43971.407254413534,42975.88009015443,0.0,9303.675962229085,0.0,0.0,0.0,5.296977098100264e-11,6.234246403787604e-16,17.5,17.5,"[151.9436787026675, 0.0, -136.14696708601062]","[0.0, 0.0, 0.0]",0.0
4.941537518528233,0.0,1.6624855646303323,108020.25094611217,0.0,-6245.524732021473,0.0,0.0,0.0,206.83887085586508,"[156.89854636360272, 0.0, -134.77820538172202]",0.0,0.0,0.0,0.0,"[0.0, 0.0, 0.0]","[0.8191520442889919, 0.0, -0.5735764363510462, 0.0]","[0.0, 0.0, 0.0]",1,nominal,32273.548871010076,booster-release,rigid_body_6dof_surface_allocated,108020.25094611217,0.0,-6245.524732021473,42813.975214280465,0.0,99369.73744551366,-79841.73176941942,0.0,-29060.01381633489,0.0,31190.760000000002,0.0,160480.6870520227,160480.6870520227,-0.0,17.5,17.5,8664.1,generic_slender_body_v1,0.0,none,unprofiled,0.0,0.0,0.0,-70.00000000000004,"[6591.870087734007, 0.0, 2206.812167343272]",26.612075808,0.0,0.0,0.0,0.0,0.0,0.0,0.0,,query-000001,0.0,0.0,0.0,0.0,0.0,43032.59378934151,0.0,70.0,0.0,1.0,0.0,70.0,0.0,0.0,0.0,,62.99999999999835,28178.519176692746,0.0,-35305.53854835636,45172.00455127843,42813.975214280465,0.0,14403.941180513662,0.0,0.0,0.0,5.820766091346741e-11,6.850716814554814e-16,17.5,17.5,"[156.89854636360272, 0.0, -134.77820538172202]","[0.0, 0.0, 0.0]",0.0
4.874132646223797,0.0,2.2405711714773284,112527.04678783024,0.0,-3983.7026565440465,0.0,0.0,0.0,209.34482961650636,"[161.81050418499532, 0.0, -132.82551871745764]",0.0,0.0,0.0,0.0,"[0.0, 0.0, 0.0]","[0.8191520442889919, 0.0, -0.5735764363510462, 0.0]","[0.0, 0.0, 0.0]",1,nominal,33585.03064492405,booster-release,rigid_body_6dof_surface_allocated,112527.04678783024,0.0,-3983.7026565440465,42229.9726601476,0.0,104378.32895179672,-79841.73176941942,0.0,-29060.01381633489,0.0,31190.760000000002,0.0,160480.6870520227,160480.6870520227,-0.0,17.5,17.5,8664.1,generic_slender_body_v1,0.0,none,unprofiled,0.0,0.0,0.0,-70.00000000000004,"[6751.230228464951, 0.0, 2072.9621220980434]",26.612075808,0.0,0.0,0.0,0.0,0.0,0.0,0.0,,query-000001,0.0,0.0,0.0,0.0,0.0,42241.442838254814,0.0,70.0,0.0,1.0,0.0,70.0,0.0,0.0,0.0,,63.999999999998295,32685.315018410824,0.0,-33043.716472878936,46478.134818350496,42229.9726601476,0.0,19412.532686796723,0.0,0.0,0.0,6.21658091063548e-11,7.316568765208264e-16,17.5,17.5,"[161.81050418499532, 0.0, -132.82551871745764]","[0.0, 0.0, 0.0]",0.0
4.756857880504759,0.0,2.801328603319738,116744.98442695955,0.0,-1367.2088380827117,0.0,0.0,0.0,211.52882809957157,"[166.63017694308587, 0.0, -130.30283668859244]",0.0,0.0,0.0,0.0,"[0.0, 0.0, 0.0]","[0.8191520442889919, 0.0, -0.5735764363510462, 0.0]","[0.0, 0.0, 0.0]",1,nominal,34824.49725881189,booster-release,rigid_body_6dof_surface_allocated,116744.98442695955,0.0,-1367.2088380827117,41213.89236248128,0.0,109236.78741702254,-79841.73176941942,0.0,-29060.01381633489,0.0,31190.760000000002,0.0,160480.6870520227,160480.6870520227,-0.0,17.5,17.5,8664.1,generic_slender_body_v1,0.0,none,unprofiled,0.0,0.0,0.0,-70.00000000000004,"[6915.460341736434, 0.0, 1941.3512049133312]",26.612075808,0.0,0.0,0.0,0.0,0.0,0.0,0.0,,query-000001,0.0,0.0,0.0,0.0,0.0,41410.374352252365,0.0,70.0,0.0,1.0,0.0,70.0,0.0,0.0,0.0,,64.99999999999824,36903.25265754013,0.0,-30427.2226544176,47829.550856847374,41213.89236248128,0.0,24270.991152022543,0.0,0.0,0.0,7.357356813793262e-11,8.659198332993181e-16,17.5,17.5,"[166.63017694308587, 0.0, -130.30283668859244]","[0.0, 0.0, 0.0]",0.0
4.589584973914196,0.0,3.3377970161264288,120617.01148425818,0.0,1584.3738153702652,0.0,0.0,0.0,213.38694987073504,"[171.30754163526484, 0.0, -127.23095753006653]",0.0,0.0,0.0,0.0,"[0.0, 0.0, 0.0]","[0.8191520442889919, 0.0, -0.5735764363510462, 0.0]","[0.0, 0.0, 0.0]",1,nominal,35980.14193773384,booster-release,rigid_body_6dof_surface_allocated,120617.01148425818,0.0,1584.3738153702652,39764.623172489984,0.0,113884.80339242099,-79841.73176941942,0.0,-29060.01381633489,0.0,31190.760000000002,0.0,160480.6870520227,160480.6870520227,-0.0,17.5,17.5,8664.1,generic_slender_body_v1,0.0,none,unprofiled,0.0,0.0,0.0,-70.00000000000004,"[7084.443141777087, 0.0, 1812.539592367486]",26.612075808,0.0,0.0,0.0,0.0,0.0,0.0,0.0,,query-000001,0.0,0.0,0.0,0.0,0.0,40541.9365810584,0.0,70.0,0.0,1.0,0.0,70.0,0.0,0.0,0.0,,65.99999999999818,40775.27971483876,0.0,-27475.640000964624,49168.42715895998,39764.623172489984,0.0,28919.00712742099,0.0,0.0,0.0,8.7387249728376e-11,1.0284991557758575e-15,17.5,17.5,"[171.30754163526484, 0.0, -127.23095753006653]","[0.0, 0.0, 0.0]",0.0
4.373284774509075,0.0,3.8429890887161817,124089.11696049721,0.0,4842.435550207003,0.0,0.0,0.0,214.91730834113014,"[175.79299178039483, 0.0, -123.63767009085232]",0.0,0.0,0.0,0.0,"[0.0, 0.0, 0.0]","[0.8191520442889919, 0.0, -0.5735764363510462, 0.0]","[0.0, 0.0, 0.0]",1,nominal,37040.85237505031,booster-release,rigid_body_6dof_surface_allocated,124089.11696049721,0.0,4842.435550207003,37890.57661482407,0.0,118261.83802854587,-79841.73176941942,0.0,-29060.01381633489,0.0,31190.760000000002,0.0,160480.6870520227,160480.6870520227,-0.0,17.5,17.5,8664.1,generic_slender_body_v1,0.0,none,unprofiled,0.0,0.0,0.0,-70.00000000000004,"[7258.011436428302, 0.0, 1687.0631697308083]",26.612075808,0.0,0.0,0.0,0.0,0.0,0.0,0.0,,query-000001,0.0,0.0,0.0,0.0,0.0,39639.16274573884,0.0,70.0,0.0,1.0,0.0,70.0,0.0,0.0,0.0,,66.99999999999812,44247.38519107779,0.0,-24217.578266127886,50441.27469963109,37890.57661482407,0.0,33296.04176354587,0.0,0.0,0.0,6.588659844519438e-11,7.754484903513471e-16,17.5,17.5,"[175.79299178039483, 0.0, -123.63767009085232]","[0.0, 0.0, 0.0]",0.0
4.110063943366342,0.0,4.310097622184377,127112.12208932504,0.0,8369.653043697166,0.0,0.0,0.0,216.12007063045445,"[180.03845837661683, 0.0, -119.55767827573365]",0.0,0.0,0.0,0.0,"[0.0, 0.0, 0.0]","[0.8191520442889919, 0.0, -0.5735764363510462, 0.0]","[0.0, 0.0, 0.0]",1,nominal,37996.46765999841,booster-release,rigid_body_6dof_surface_allocated,127112.12208932504,0.0,8369.653043697166,35610.00501172032,0.0,122308.91307336766,-79841.73176941942,0.0,-29060.01381633489,0.0,31190.760000000002,0.0,160480.6870520227,160480.6870520227,-0.0,17.5,17.5,8664.1,generic_slender_body_v1,0.0,none,unprofiled,0.0,0.0,0.0,-70.00000000000004,"[7435.949101076642, 0.0, 1565.4265609007625]",26.612075808,0.0,0.0,0.0,0.0,0.0,0.0,0.0,,query-000001,0.0,0.0,0.0,0.0,0.0,38705.53284811377,0.0,70.0,0.0,1.0,0.0,70.0,0.0,0.0,0.0,,67.99999999999807,47270.39031990562,0.0,-20690.360772637723,51600.20183970347,35610.00501172032,0.0,37343.11680836766,0.0,0.0,0.0,7.357356813793262e-11,8.659198332993181e-16,17.5,17.5,"[180.03845837661683, 0.0, -119.55767827573365]","[0.0, 0.0, 0.0]",0.0
3.803157132069761,0.0,4.7327121983684135,129643.42110141652,0.0,12120.69511501021,0.0,0.0,0.0,216.99746046602135,"[183.99854569439222, 0.0, -115.03231298661761]",0.0,0.0,0.0,0.0,"[0.0, 0.0, 0.0]","[0.8191520442889919, 0.0, -0.5735764363510462, 0.0]","[0.0, 0.0, 0.0]",1,nominal,38838.024674058266,booster-release,rigid_body_6dof_surface_allocated,129643.42110141652,0.0,12120.69511501021,32950.93370796562,0.0,125970.48802288377,-79841.73176941942,0.0,-29060.01381633489,0.0,31190.760000000002,0.0,160480.6870520227,160480.6870520227,-0.0,17.5,17.5,8664.1,generic_slender_body_v1,0.0,none,unprofiled,0.0,0.0,0.0,-70.00000000000004,"[7617.99318467692, 0.0, 1448.0963393049753]",26.612075808,0.0,0.0,0.0,0.0,0.0,0.0,0.0,,query-000001,0.0,0.0,0.0,0.0,0.0,37744.92289019639,0.0,70.0,0.0,1.0,0.0,70.0,0.0,0.0,0.0,,68.99999999999801,49801.6893319971,0.0,-16939.31870132468,52603.6954822169,32950.93370796562,0.0,41004.691757883775,0.0,0.0,0.0,5.999908354159067e-11,7.061557259401113e-16,17.5,17.5,"[183.99854569439222, 0.0, -115.03231298661761]","[0.0, 0.0, 0.0]",0.0
3.456871363779136,0.0,5.1050347088302255,131648.57115786627,0.0,16043.314228120202,0.0,0.0,0.0,217.55373695526976,"[187.63163549741225, 0.0, -110.10902698584225]",0.0,0.0,0.0,0.0,"[0.0, 0.0, 0.0]","[0.8191520442889919, 0.0, -0.5735764363510462, 0.0]","[0.0, 0.0, 0.0]",1,nominal,39557.98282620672,booster-release,rigid_body_6dof_surface_allocated,131648.57115786627,0.0,16043.314228120202,29950.679182918815,0.0,129196.32748577595,-79841.73176941942,0.0,-29060.01381633489,0.0,31190.760000000002,0.0,160480.6870520227,160480.6870520227,-0.0,17.5,17.5,8664.1,generic_slender_body_v1,0.0,none,unprofiled,0.0,0.0,0.0,-70.00000000000004,"[7803.837139769616, 0.0, 1335.4946354947595]",26.612075808,0.0,0.0,0.0,0.0,0.0,0.0,0.0,,query-000001,0.0,0.0,0.0,0.0,0.0,36761.54269877603,0.0,70.0,0.0,1.0,0.0,70.0,0.0,0.0,0.0,,69.99999999999795,51806.83938844685,0.0,-13016.699588214688,53417.06726871256,29950.679182918815,0.0,44230.531220775956,0.0,0.0,0.0,8.207654298660402e-11,9.659951014949042e-16,17.5,17.5,"[187.63163549741225, 0.0, -110.10902698584225]","[0.0, 0.0, 0.0]",0.0
3.0764824713656473,0.0,5.422081653650712,133102.63249966546,0.0,20079.789121488924,0.0,0.0,0.0,217.79514727133792,"[190.9009115456202, 0.0, -104.84067982417446]",0.0,0.0,0.0,0.0,"[0.0, 0.0, 0.0]","[0.8191520442889919, 0.0, -0.5735764363510462, 0.0]","[0.0, 0.0, 0.0]",1,nominal,40150.41637404636,booster-release,rigid_body_6dof_surface_allocated,133102.63249966546,0.0,20079.789121488924,26654.951780159106,0.0,131943.25392039513,-79841.73176941942,0.0,-29060.01381633489,0.0,31190.760000000002,0.0,160480.6870520227,160480.6870520227,-0.0,17.5,17.5,8664.1,generic_slender_body_v1,0.0,none,unprofiled,0.0,0.0,0.0,-70.00000000000004,"[7993.135120860319, 0.0, 1227.9933559455799]",26.612075808,0.0,0.0,0.0,0.0,0.0,0.0,0.0,,query-000001,0.0,0.0,0.0,0.0,0.0,35759.86413155561,0.0,70.0,0.0,1.0,0.0,70.0,0.0,0.0,0.0,,70.9999999999979,53260.90073024604,0.0,-8980.224694845965,54012.66501633714,26654.951780159106,0.0,46977.457655395134,0.0,0.0,0.0,6.708101469334278e-11,7.895061029514002e-16,17.5,17.5,"[190.9009115456202, 0.0, -104.84067982417446]","[0.0, 0.0, 0.0]",0.0
2.6680868464819345,0.0,5.6798611816954105,133991.1705256112,0.0,24168.65642931749,0.0,0.0,0.0,217.72985257778447,"[193.77525777754343, 0.0, -99.28463212799024]",0.0,0.0,0.0,0.0,"[0.0, 0.0, 0.0]","[0.8191520442889919, 0.0, -0.5735764363510462, 0.0]","[0.0, 0.0, 0.0]",1,nominal,40611.16474779758,booster-release,rigid_body_6dof_surface_allocated,133991.1705256112,0.0,24168.65642931749,23116.57124660413,0.0,134176.6815293272,-79841.73176941942,0.0,-29060.01381633489,0.0,31190.760000000002,0.0,160480.6870520227,160480.6870520227,-0.0,17.5,17.5,8664.1,generic_slender_body_v1,0.0,none,unprofiled,0.0,0.0,0.0,-70.00000000000004,"[8185.507247870614, 0.0, 1125.909214356401]",26.612075808,0.0,0.0,0.0,0.0,0.0,0.0,0.0,,query-000001,0.0,0.0,0.0,0.0,0.0,34744.54194874008,0.0,70.0,0.0,1.0,0.0,70.0,0.0,0.0,0.0,,71.99999999999784,54149.43875619178,0.0,-4891.3573870174005,54369.90982793793,23116.57124660413,0.0,49210.88526432721,0.0,0.0,0.0,8.32026114160865e-11,9.79248298416291e-16,17.5,17.5,"[193.77525777754343, 0.0, -99.28463212799024]","[0.0, 0.0, 0.0]",0.0
2.2384151034113273,0.0,5.8755139818290205,134310.8507016227,0.0,28246.64525671825,0.0,0.0,0.0,217.36782782389963,"[196.22998851737376, 0.0, -93.50168008839113]",0.0,0.0,0.0,0.0,"[0.0, 0.0, 0.0]","[0.8191520442889919, 0.0, -0.5735764363510462, 0.0]","[0.0, 0.0, 0.0]",1,nominal,40937.93321408598,booster-release,rigid_body_6dof_surface_allocated,134310.8507016227,0.0,28246.64525671825,19393.85229746608,0.0,135871.83695496482,-79841.73176941942,0.0,-29060.01381633489,0.0,31190.760000000002,0.0,160480.6870520227,160480.6870520227,-0.0,17.5,17.5,8664.1,generic_slender_body_v1,0.0,none,unprofiled,0.0,0.0,0.0,-70.00000000000004,"[8380.545686961577, 0.0, 1029.499751576325]",26.612075808,0.0,0.0,0.0,0.0,0.0,0.0,0.0,,query-000001,0.0,0.0,0.0,0.0,0.0,33720.3300252362,0.0,70.0,0.0,1.0,0.0,70.0,0.0,0.0,0.0,,72.99999999999778,54469.11893220327,0.0,-813.3685596166397,54475.19146973496,19393.85229746608,0.0,50906.04068996482,0.0,0.0,0.0,7.633197077204301e-11,8.983846927529646e-16,17.5,17.5,"[196.22998851737376, 0.0, -93.50168008839113]","[0.0, 0.0, 0.0]",0.0
1.7946171979012309,0.0,6.007409288950263,134069.58344593758,0.0,32250.711148620205,0.0,0.0,0.0,216.7207372917359,"[198.2473771734685, 0.0, -87.55487088742767]",0.0,0.0,0.0,0.0,"[0.0, 0.0, 0.0]","[0.8191520442889919, 0.0, -0.5735764363510462, 0.0]","[0.0, 0.0, 0.0]",1,nominal,41130.33875930781,booster-release,rigid_body_6dof_surface_allocated,134069.58344593758,0.0,32250.711148620205,15548.742864336054,0.0,137014.59108539397,-79841.73176941942,0.0,-29060.01381633489,0.0,31190.760000000002,0.0,160480.6870520227,160480.6870520227,-0.0,17.5,17.5,8664.1,generic_slender_body_v1,0.0,none,unprofiled,0.0,0.0,0.0,-70.00000000000004,"[8577.821363191917, 0.0, 938.9604843181874]",26.612075808,0.0,0.0,0.0,0.0,0.0,0.0,0.0,,query-000001,0.0,0.0,0.0,0.0,0.0,32691.995819675754,0.0,70.0,0.0,1.0,0.0,70.0,0.0,0.0,0.0,,73.99999999999773,54227.851676518156,0.0,3190.6973322853155,54321.638846013404,15548.742864336054,0.0,52048.794820393974,0.0,0.0,0.0,7.609514493727134e-11,8.955973848575259e-16,17.5,17.5,"[198.2473771734685, 0.0, -87.55487088742767]","[0.0, 0.0, 0.0]",0.0
1.3440307313137956,0.0,6.075190257884744,133286.20696123113,0.0,36120.05691888068,0.0,0.0,0.0,215.80178889436758,"[199.81696060444997, 0.0, -81.50824709689732]",0.0,0.0,0.0,0.0,"[0.0, 0.0, 0.0]","[0.8191520442889919, 0.0, -0.5735764363510462, 0.0]","[0.0, 0.0, 0.0]",1,nominal,41189.899037682226,booster-release,rigid_body_6dof_surface_allocated,133286.20696123113,0.0,36120.05691888068,11644.816659175856,0.0,137601.8521783392,-79841.73176941942,0.0,-29060.01381633489,0.0,31190.760000000002,0.0,160480.6870520227,160480.6870520227,-0.0,17.5,17.5,8664.1,generic_slender_body_v1,0.0,none,unprofiled,0.0,0.0,0.0,-70.00000000000004,"[8776.891091111263, 0.0, 854.4232781839446]",26.612075808,0.0,0.0,0.0,0.0,0.0,0.0,0.0,,query-000001,0.0,0.0,0.0,0.0,0.0,31664.23608600717,0.0,70.0,0.0,1.0,0.0,70.0,0.0,0.0,0.0,,74.99999999999767,53444.47519181171,0.0,7060.043102545787,53908.77606789076,11644.816659175856,0.0,52636.05591333921,0.0,0.0,0.0,1.0816488609502635e-10,1.2730403391697839e-15,17.5,17.5,"[199.81696060444997, 0.0, -81.50824709689732]","[0.0, 0.0, 0.0]",0.0
0.8939453636985492,0.0,6.079766487146321,131989.72825217035,0.0,39798.028548340815,0.0,0.0,0.0,214.62557114350489,"[200.9356087465778, 0.0, -75.42557209804835]",0.0,0.0,0.0,0.0,"[0.0, 0.0, 0.0]","[0.8191520442889919, 0.0, -0.5735764363510462, 0.0]","[0.0, 0.0, 0.0]",1,nominal,41119.965365239055,booster-release,rigid_body_6dof_surface_allocated,131989.72825217035,0.0,39798.028548340815,7745.2320256206,0.0,137641.50108628444,-79841.73176941942,0.0,-29060.01381633489,0.0,31190.760000000002,0.0,160480.6870520227,160480.6870520227,-0.0,17.5,17.5,8664.1,generic_slender_body_v1,0.0,none,unprofiled,0.0,0.0,0.0,-70.00000000000004,"[8977.304892674601, 0.0, 775.9559901901875]",26.612075808,0.0,0.0,0.0,0.0,0.0,0.0,0.0,,query-000001,0.0,0.0,0.0,0.0,0.0,30641.596705536438,0.0,70.0,0.0,1.0,0.0,70.0,0.0,0.0,0.0,,75.99999999999761,52147.996482750925,0.0,10738.014732005926,53242.07450456629,7745.2320256206,0.0,52675.70482128444,0.0,0.0,0.0,9.147545614309026e-11,1.0766150635225882e-15,17.5,17.5,"[200.9356087465778, 0.0, -75.42557209804835]","[0.0, 0.0, 0.0]",0.0
0.45137632677245654,0.0,6.023255175460705,130218.17289766138,0.0,43233.78477879057,0.0,0.0,0.0,213.20787736961594,"[201.60736214888288, 0.0, -69.36908893611307]",0.0,0.0,0.0,0.0,"[0.0, 0.0, 0.0]","[0.8191520442889919, 0.0, -0.5735764363510462, 0.0]","[0.0, 0.0, 0.0]",1,nominal,40925.60377568387,booster-release,rigid_body_6dof_surface_allocated,130218.17289766138,0.0,43233.78477879057,3910.769632789241,0.0,137151.8814307091,-79841.73176941942,0.0,-29060.01381633489,0.0,31190.760000000002,0.0,160480.6870520227,160480.6870520227,-0.0,17.5,17.5,8664.1,generic_slender_body_v1,0.0,none,unprofiled,0.0,0.0,0.0,-70.00000000000004,"[9178.613267978139, 0.0, 703.563373442034]",26.612075808,0.0,0.0,0.0,0.0,0.0,0.0,0.0,,query-000001,0.0,0.0,0.0,0.0,0.0,29628.39924239392,0.0,70.0,0.0,1.0,0.0,70.0,0.0,0.0,0.0,,76.99999999999756,50376.44112824196,0.0,14173.770962455681,52332.414467931725,3910.769632789241,0.0,52186.0851657091,0.0,0.0,0.0,1.0944210921655266e-10,1.2880725424524175e-15,17.5,17.5,"[201.60736214888288, 0.0, -69.36908893611307]","[0.0, 0.0, 0.0]",0.0
0.02285898141487768,0.0,5.90887587940976,128017.11942354895,0.0,46383.65787745733,0.0,0.0,0.0,211.56552215550914,"[201.8430526189051, 0.0, -63.39836176444261]",0.0,0.0,0.0,0.0,"[0.0, 0.0, 0.0]","[0.8191520442889919, 0.0, -0.5735764363510462, 0.0]","[0.0, 0.0, 0.0]",1,nominal,40613.43082854662,booster-release,rigid_body_6dof_surface_allocated,128017.11942354895,0.0,46383.65787745733,198.05250087664172,0.0,136160.8877717941,-79841.73176941942,0.0,-29060.01381633489,0.0,31190.760000000002,0.0,160480.6870520227,160480.6870520227,-0.0,17.5,17.5,8664.1,generic_slender_body_v1,0.0,none,unprofiled,0.0,0.0,0.0,-70.00000000000004,"[9380.374193329015, 0.0, 637.1891855283549]",26.612075808,0.0,0.0,0.0,0.0,0.0,0.0,0.0,,query-000001,0.0,0.0,0.0,0.0,0.0,28628.676408728254,0.0,70.0,0.0,1.0,0.0,70.0,0.0,0.0,0.0,,77.9999999999975,48175.38765412953,0.0,17323.64406112244,51195.47459670753,198.05250087664172,0.0,51195.09150679411,0.0,0.0,0.0,8.30384103065686e-11,9.773157430029835e-16,17.5,17.5,"[201.8430526189051, 0.0, -63.39836176444261]","[0.0, 0.0, 0.0]",0.0
-0.3857256469488897,0.0,5.740806760312117,125438.01193311033,0.0,49212.14807338063,0.0,0.0,0.0,209.71615502441261,"[201.65973319187754, 0.0, -57.569242544993024]",0.0,0.0,0.0,0.0,"[0.0, 0.0, 0.0]","[0.8191520442889919, 0.0, -0.5735764363510462, 0.0]","[0.0, 0.0, 0.0]",1,nominal,40191.41296068679,booster-release,rigid_body_6dof_surface_allocated,125438.01193311033,0.0,49212.14807338063,-3341.965577729876,0.0,134704.72011702022,-79841.73176941942,0.0,-29060.01381633489,0.0,31190.760000000002,0.0,160480.6870520227,160480.6870520227,-0.0,17.5,17.5,8664.1,generic_slender_body_v1,0.0,none,unprofiled,0.0,0.0,0.0,-70.00000000000004,"[9582.159642037237, 0.0, 576.7193960568443]",26.612075808,0.0,0.0,0.0,0.0,0.0,0.0,0.0,,query-000001,0.0,0.0,0.0,0.0,0.0,27646.11810445258,0.0,70.0,0.0,1.0,0.0,70.0,0.0,0.0,0.0,,78.99999999999744,45596.28016369091,0.0,20152.134257045742,49851.07100032854,-3341.965577729876,0.0,49738.92385202022,0.0,0.0,0.0,8.295868065754897e-11,9.763773695336059e-16,17.5,17.5,"[201.65973319187754, 0.0, -57.569242544993024]","[0.0, 0.0, 0.0]",0.0
-0.7692871391582888,0.0,5.524012297812943,122536.35361075013,0.0,51692.52248284054,0.0,0.0,0.0,207.6780762186351,"[201.07995225679446, 0.0, -51.932996661838054]",0.0,0.0,0.0,0.0,"[0.0, 0.0, 0.0]","[0.8191520442889919, 0.0, -0.5735764363510462, 0.0]","[0.0, 0.0, 0.0]",1,nominal,39668.63955485805,booster-release,rigid_body_6dof_surface_allocated,122536.35361075013,0.0,51692.52248284054,-6665.180702381331,0.0,132826.39121448112,-79841.73176941942,0.0,-29060.01381633489,0.0,31190.760000000002,0.0,160480.6870520227,160480.6870520227,-0.0,17.5,17.5,8664.1,generic_slender_body_v1,0.0,none,unprofiled,0.0,0.0,0.0,-70.00000000000004,"[9783.56145406802, 0.0, 521.9863504114116]",26.612075808,0.0,0.0,0.0,0.0,0.0,0.0,0.0,,query-000001,0.0,0.0,0.0,0.0,0.0,26684.029114198675,0.0,70.0,0.0,1.0,0.0,70.0,0.0,0.0,0.0,,79.99999999999739,42694.62184133071,0.0,22632.50866650565,48322.47078444659,-6665.180702381331,0.0,47860.59494948112,0.0,0.0,0.0,1.0270446519638866e-10,1.208774232822623e-15,17.5,17.5,"[201.07995225679446, 0.0, -51.932996661838054]","[0.0, 0.0, 0.0]",0.0
-1.1236196422440885,0.0,5.264053559349315,119369.88358247551,0.0,53807.017864763366,0.0,0.0,0.0,205.47005894807833,"[200.13091235674457, 0.0, -46.535610486849755]",0.0,0.0,0.0,0.0,"[0.0, 0.0, 0.0]","[0.8191520442889919, 0.0, -0.5735764363510462, 0.0]","[0.0, 0.0, 0.0]",1,nominal,39055.080501628385,booster-release,rigid_body_6dof_surface_allocated,119369.88358247551,0.0,53807.017864763366,-9735.152942367007,0.0,130574.0827085584,-79841.73176941942,0.0,-29060.01381633489,0.0,31190.760000000002,0.0,160480.6870520227,160480.6870520227,-0.0,17.5,17.5,8664.1,generic_slender_body_v1,0.0,none,unprofiled,0.0,0.0,0.0,-70.00000000000004,"[9984.196418627029, 0.0, 472.7737183737986]",26.612075808,0.0,0.0,0.0,0.0,0.0,0.0,0.0,,query-000001,0.0,0.0,0.0,0.0,0.0,25745.298947353804,0.0,70.0,0.0,1.0,0.0,70.0,0.0,0.0,0.0,,80.99999999999733,39528.15181305609,0.0,24747.004048428476,46635.705153122224,-9735.152942367007,0.0,45608.286443558405,0.0,0.0,0.0,7.16598719139882e-11,8.433966968365491e-16,17.5,17.5,"[200.13091235674457, 0.0, -46.535610486849755]","[0.0, 0.0, 0.0]",0.0
-1.4454525412983679,0.0,4.9668922292409095,115996.83124515056,0.0,55546.67245040021,0.0,0.0,0.0,203.11118182801386,"[198.843556717791, 0.0, -41.41729270958138]",0.0,0.0,0.0,0.0,"[0.0, 0.0, 0.0]","[0.8191520442889919, 0.0, -0.5735764363510462, 0.0]","[0.0, 0.0, 0.0]",1,nominal,38361.338874132234,booster-release,rigid_body_6dof_surface_allocated,115996.83124515056,0.0,55546.67245040021,-12523.54536306319,0.0,127999.44722836616,-79841.73176941942,0.0,-29060.01381633489,0.0,31190.760000000002,0.0,160480.6870520227,160480.6870520227,-0.0,17.5,17.5,8664.1,generic_slender_body_v1,0.0,none,unprofiled,0.0,0.0,0.0,-70.00000000000004,"[10183.710475798836, 0.0, 428.8220388163245]",26.612075808,0.0,0.0,0.0,0.0,0.0,0.0,0.0,,query-000001,0.0,0.0,0.0,0.0,0.0,24832.383738744364,0.0,70.0,0.0,1.0,0.0,70.0,0.0,0.0,0.0,,81.99999999999727,36155.09947573114,0.0,26486.658634065323,44818.90565037847,-12523.54536306319,0.0,43033.65096336616,0.0,0.0,0.0,7.674324700830398e-11,9.032251845077671e-16,17.5,17.5,"[198.843556717791, 0.0, -41.41729270958138]","[0.0, 0.0, 0.0]",0.0
-1.7324597392802228,0.0,4.638698816108545,112474.32727095502,0.0,56910.83315738001,0.0,0.0,0.0,200.62067442105078,"[197.251626067832, 0.0, -36.61217036387549]",0.0,0.0,0.0,0.0,"[0.0, 0.0, 0.0]","[0.8191520442889919, 0.0, -0.5735764363510462, 0.0]","[0.0, 0.0, 0.0]",1,nominal,37598.40851117296,booster-release,rigid_body_6dof_surface_allocated,112474.32727095502,0.0,56910.83315738001,-15010.204427097779,0.0,125155.94667764605,-79841.73176941942,0.0,-29060.01381633489,0.0,31190.760000000002,0.0,160480.6870520227,160480.6870520227,-0.0,17.5,17.5,8664.1,generic_slender_body_v1,0.0,none,unprofiled,0.0,0.0,0.0,-70.00000000000004,"[10381.781986406659, 0.0, 389.8346653660776]",26.612075808,0.0,0.0,0.0,0.0,0.0,0.0,0.0,,query-000001,0.0,0.0,0.0,0.0,0.0,23947.299623690873,0.0,70.0,0.0,1.0,0.0,70.0,0.0,0.0,0.0,,82.99999999999721,32632.5955015356,0.0,27850.81934104512,42901.68326691133,-15010.204427097779,0.0,40190.15041264605,0.0,0.0,0.0,6.02192644046112e-11,7.087471318081126e-16,17.5,17.5,"[197.251626067832, 0.0, -36.61217036387549]","[0.0, 0.0, 0.0]",0.0
-1.983231808863789,0.0,4.285673959368351,108857.03128031218,0.0,57906.39933957,0.0,0.0,0.0,198.01777791075838,"[195.39072517711895, 0.0, -32.14817076404198]",0.0,0.0,0.0,0.0,"[0.0, 0.0, 0.0]","[0.8191520442889919, 0.0, -0.5735764363510462, 0.0]","[0.0, 0.0, 0.0]",1,nominal,36777.44495773074,booster-release,rigid_body_6dof_surface_allocated,108857.03128031218,0.0,57906.39933957,-17182.918715176755,0.0,122097.30401636333,-79841.73176941942,0.0,-29060.01381633489,0.0,31190.760000000002,0.0,160480.6870520227,160480.6870520227,-0.0,17.5,17.5,8664.1,generic_slender_body_v1,0.0,none,unprofiled,0.0,0.0,0.0,-70.00000000000004,"[10578.124060455326, 0.0, 355.4839219933453]",26.612075808,0.0,0.0,0.0,0.0,0.0,0.0,0.0,,query-000001,0.0,0.0,0.0,0.0,0.0,23091.626587973253,0.0,70.0,0.0,1.0,0.0,70.0,0.0,0.0,0.0,,83.99999999999716,29015.299510892757,0.0,28846.385523235112,40914.564197384854,-17182.918715176755,0.0,37131.50775136333,0.0,0.0,0.0,7.063677126624534e-11,8.313553732367336e-16,17.5,17.5,"[195.39072517711895, 0.0, -32.14817076404198]","[0.0, 0.0, 0.0]",0.0
-2.197216995751119,0.0,3.913889783386529,105196.0150370189,0.0,58546.87234547527,0.0,0.0,0.0,195.32162202313634,"[193.29743337232438, 0.0, -28.047072599841]",0.0,0.0,0.0,0.0,"[0.0, 0.0, 0.0]","[0.8191520442889919, 0.0, -0.5735764363510462, 0.0]","[0.0, 0.0, 0.0]",1,nominal,35909.55651645845,booster-release,rigid_body_6dof_surface_allocated,105196.0150370189,0.0,58546.87234547527,-19036.907772887273,0.0,118876.12873723923,-79841.73176941942,0.0,-29060.01381633489,0.0,31190.760000000002,0.0,160480.6870520227,160480.6870520227,-0.0,17.5,17.5,8664.1,generic_slender_body_v1,0.0,none,unprofiled,0.0,0.0,0.0,-70.00000000000004,"[10772.485971504493, 0.0, 325.4172904107429]",26.612075808,0.0,0.0,0.0,0.0,0.0,0.0,0.0,,query-000001,0.0,0.0,0.0,0.0,0.0,22266.52148588098,0.0,70.0,0.0,1.0,0.0,70.0,0.0,0.0,0.0,,84.9999999999971,25354.283267599472,0.0,29486.85852914038,38888.48809006617,-19036.907772887273,0.0,33910.33247223923,0.0,0.0,0.0,7.674324700830398e-11,9.032251845077671e-16,17.5,17.5,"[193.29743337232438, 0.0, -28.047072599841]","[0.0, 0.0, 0.0]",0.0
-2.374638062347608,0.0,3.5291560533059285,101537.91916061396,0.0,58851.28187346789,0.0,0.0,0.0,192.55111842926758,"[191.0084867332202, 0.0, -24.324703579839767]",0.0,0.0,0.0,0.0,"[0.0, 0.0, 0.0]","[0.8191520442889919, 0.0, -0.5735764363510462, 0.0]","[0.0, 0.0, 0.0]",1,nominal,35005.620298133465,booster-release,rigid_body_6dof_surface_allocated,101537.91916061396,0.0,58851.28187346789,-20574.101635985913,0.0,115542.7572264479,-79841.73176941942,0.0,-29060.01381633489,0.0,31190.760000000002,0.0,160480.6870520227,160480.6870520227,-0.0,17.5,17.5,8664.1,generic_slender_body_v1,0.0,none,unprofiled,0.0,0.0,0.0,-70.00000000000004,"[10964.653715383436, 0.0, 299.2634710333025]",26.612075808,0.0,0.0,0.0,0.0,0.0,0.0,0.0,,query-000001,0.0,0.0,0.0,0.0,0.0,21472.73872238965,0.0,70.0,0.0,1.0,0.0,70.0,0.0,0.0,0.0,,85.99999999999704,21696.187391194544,0.0,29791.268057133,36854.36473154553,-20574.101635985913,0.0,30576.960961447898,0.0,0.0,0.0,7.570143514998495e-11,8.909636404027755e-16,17.5,17.5,"[191.0084867332202, 0.0, -24.324703579839767]","[0.0, 0.0, 0.0]",0.0
-2.516392295604674,0.0,3.136913700729501,97924.3825624905,0.0,58843.056361561954,0.0,0.0,0.0,189.72487005050868,"[188.56005247163884, 0.0, -20.991258360927688]",0.0,0.0,0.0,0.0,"[0.0, 0.0, 0.0]","[0.8191520442889919, 0.0, -0.5735764363510462, 0.0]","[0.0, 0.0, 0.0]",1,nominal,34076.126287466046,booster-release,rigid_body_6dof_surface_allocated,97924.3825624905,0.0,58843.056361561954,-21802.274488348456,0.0,112144.33025949047,-79841.73176941942,0.0,-29060.01381633489,0.0,31190.760000000002,0.0,160480.6870520227,160480.6870520227,-0.0,17.5,17.5,8664.1,generic_slender_body_v1,0.0,none,unprofiled,0.0,0.0,0.0,-70.00000000000004,"[11154.449795791055, 0.0, 276.63818386852074]",26.612075808,0.0,0.0,0.0,0.0,0.0,0.0,0.0,,query-000001,0.0,0.0,0.0,0.0,0.0,20710.65700367543,0.0,70.0,0.0,1.0,0.0,70.0,0.0,0.0,0.0,,86.99999999999699,18082.65079307108,0.0,29783.042545227065,34842.67330379465,-21802.274488348456,0.0,27178.53399449047,0.0,0.0,0.0,8.375256171872998e-11,9.857209065341298e-16,17.5,17.5,"[188.56005247163884, 0.0, -20.991258360927688]","[0.0, 0.0, 0.0]",0.0
-2.62394175847933,0.0,2.742156296811423,94391.72832942454,0.0,58548.89676117074,0.0,0.0,0.0,186.8610949780444,"[185.98710874769006, 0.0, -18.051708951471884]",0.0,0.0,0.0,0.0,"[0.0, 0.0, 0.0]","[0.8191520442889919, 0.0, -0.5735764363510462, 0.0]","[0.0, 0.0, 0.0]",1,nominal,33131.0506982596,booster-release,rigid_body_6dof_surface_allocated,94391.72832942454,0.0,58548.89676117074,-22734.093789640763,0.0,108724.11263620385,-79841.73176941942,0.0,-29060.01381633489,0.0,31190.760000000002,0.0,160480.6870520227,160480.6870520227,-0.0,17.5,17.5,8664.1,generic_slender_body_v1,0.0,none,unprofiled,0.0,0.0,0.0,-70.00000000000004,"[11341.732336181416, 0.0, 257.1496029087957]",26.612075808,0.0,0.0,0.0,0.0,0.0,0.0,0.0,,query-000001,0.0,0.0,0.0,0.0,0.0,19980.310561562408,0.0,70.0,0.0,1.0,0.0,70.0,0.0,0.0,0.0,,87.99999999999693,14549.996560005122,0.0,29488.882944835852,32883.07493575374,-22734.093789640763,0.0,23758.31637120385,0.0,0.0,0.0,7.464508427322723e-11,8.785309801654365e-16,17.5,17.5,"[185.98710874769006, 0.0, -18.051708951471884]","[0.0, 0.0, 0.0]",0.0
-2.69920017539737,0.0,2.3493783838698716,90970.87825264342,0.0,57997.70249606785,0.0,0.0,0.0,183.9775631326499,"[183.32293641240094, 0.0, -15.506280062058154]",0.0,0.0,0.0,0.0,"[0.0, 0.0, 0.0]","[0.8191520442889919, 0.0, -0.5735764363510462, 0.0]","[0.0, 0.0, 0.0]",1,nominal,32179.7583767899,booster-release,rigid_body_6dof_surface_allocated,90970.87825264342,0.0,57997.70249606785,-23386.14023966035,0.0,105321.04552068695,-79841.73176941942,0.0,-29060.01381633489,0.0,31190.760000000002,0.0,160480.6870520227,160480.6870520227,-0.0,17.5,17.5,8664.1,generic_slender_body_v1,0.0,none,unprofiled,0.0,0.0,0.0,-70.00000000000004,"[11526.393627149608, 0.0, 240.4033454069359]",26.612075808,0.0,0.0,0.0,0.0,0.0,0.0,0.0,,query-000001,0.0,0.0,0.0,0.0,0.0,19281.423335349016,0.0,70.0,0.0,1.0,0.0,70.0,0.0,0.0,0.0,,88.99999999999687,11129.146483224002,0.0,28937.688679732957,31003.99534850638,-23386.14023966035,0.0,20355.249255686955,0.0,0.0,0.0,7.674324700830398e-11,9.032251845077671e-16,17.5,17.5,"[183.32293641240094, 0.0, -15.506280062058154]","[0.0, 0.0, 0.0]",0.0
-2.7444218577627906,0.0,1.9625483039104659,87687.46075545541,0.0,57219.58662218509,0.0,0.0,0.0,181.09154334019522,"[180.5987232493381, 0.0, -13.350963637235756]",0.0,0.0,0.0,0.0,"[0.0, 0.0, 0.0]","[0.8191520442889919, 0.0, -0.5735764363510462, 0.0]","[0.0, 0.0, 0.0]",1,nominal,31230.932783705415,booster-release,rigid_body_6dof_surface_allocated,87687.46075545541,0.0,57219.58662218509,-23777.945417842595,0.0,101969.51102491067,-79841.73176941942,0.0,-29060.01381633489,0.0,31190.760000000002,0.0,160480.6870520227,160480.6870520227,-0.0,17.5,17.5,8664.1,generic_slender_body_v1,0.0,none,unprofiled,0.0,0.0,0.0,-70.00000000000004,"[11708.358221981316, 0.0, 226.00696416782307]",26.612075808,0.0,0.0,0.0,0.0,0.0,0.0,0.0,,query-000001,0.0,0.0,0.0,0.0,0.0,18613.444729823284,0.0,70.0,0.0,1.0,0.0,70.0,0.0,0.0,0.0,,89.99999999999682,7845.728986035989,0.0,28159.5728058502,29232.12280916844,-23777.945417842595,0.0,17003.71475991067,0.0,0.0,0.0,5.752149554916067e-11,6.769958980877053e-16,17.5,17.5,"[180.5987232493381, 0.0, -13.350963637235756]","[0.0, 0.0, 0.0]",0.0
-2.7620969398332704,0.0,1.5851022997189204,84562.07331394647,0.0,56245.00540076359,0.0,0.0,0.0,178.21975818917196,"[177.8432764425226, 0.0, -11.578049628301427]",0.0,0.0,0.0,0.0,"[0.0, 0.0, 0.0]","[0.8191520442889919, 0.0, -0.5735764363510462, 0.0]","[0.0, 0.0, 0.0]",1,nominal,30292.53116621283,booster-release,rigid_body_6dof_surface_allocated,84562.07331394647,0.0,56245.00540076359,-23931.08409640944,0.0,98699.2810999947,-79841.73176941942,0.0,-29060.01381633489,0.0,31190.760000000002,0.0,160480.6870520227,160480.6870520227,-0.0,17.5,17.5,8664.1,generic_slender_body_v1,0.0,none,unprofiled,0.0,0.0,0.0,-70.00000000000004,"[11887.580691084682, 0.0, 213.57391541444022]",26.612075808,0.0,0.0,0.0,0.0,0.0,0.0,0.0,,query-000001,0.0,0.0,0.0,0.0,0.0,17975.58574210248,0.0,70.0,0.0,1.0,0.0,70.0,0.0,0.0,0.0,,90.99999999999676,4720.341544527051,0.0,27184.991584428702,27591.763114060872,-23931.08409640944,0.0,13733.484834994699,0.0,0.0,0.0,7.570689839360696e-11,8.910279397310014e-16,17.5,17.5,"[177.8432764425226, 0.0, -11.578049628301427]","[0.0, 0.0, 0.0]",0.0
-2.7548560320904367,0.0,1.2199561859532233,81610.6600185931,0.0,55104.016610016246,0.0,0.0,0.0,175.37834386939375,"[175.08283531139173, 0.0, -10.17665356074382]",0.0,0.0,0.0,0.0,"[0.0, 0.0, 0.0]","[0.8191520442889919, 0.0, -0.5735764363510462, 0.0]","[0.0, 0.0, 0.0]",1,nominal,29371.761917731397,booster-release,rigid_body_6dof_surface_allocated,81610.6600185931,0.0,55104.016610016246,-23868.348147634755,0.0,95535.61865571732,-79841.73176941942,0.0,-29060.01381633489,0.0,31190.760000000002,0.0,160480.6870520227,160480.6870520227,-0.0,17.5,17.5,8664.1,generic_slender_body_v1,0.0,none,unprofiled,0.0,0.0,0.0,-70.00000000000004,"[12064.04313980992, 0.0, 202.72699601942475]",26.612075808,0.0,0.0,0.0,0.0,0.0,0.0,0.0,,query-000001,0.0,0.0,0.0,0.0,0.0,17366.85444469955,0.0,70.0,0.0,1.0,0.0,70.0,0.0,0.0,0.0,,91.9999999999967,1768.9282491736813,0.0,26044.002793681357,26104.00713813894,-23868.348147634755,0.0,10569.822390717323,0.0,0.0,0.0,6.83756156985055e-11,8.047428342253e-16,17.5,17.5,"[175.08283531139173, 0.0, -10.17665356074382]","[0.0, 0.0, 0.0]",0.0
-2.7253863043612547,0.0,0.8695307402434788,78844.96696881943,0.0,53825.67156960064,0.0,0.0,0.0,172.58281216495692,"[172.3409738027427, 0.0, -9.133225251090487]",0.0,0.0,0.0,0.0,"[0.0, 0.0, 0.0]","[0.8191520442889919, 0.0, -0.5735764363510462, 0.0]","[0.0, 0.0, 0.0]",1,nominal,28475.080783792007,booster-release,rigid_body_6dof_surface_allocated,78844.96696881943,0.0,53825.67156960064,-23613.01947961635,0.0,92499.49755154352,-79841.73176941942,0.0,-29060.01381633489,0.0,31190.760000000002,0.0,160480.6870520227,160480.6870520227,-0.0,17.5,17.5,8664.1,generic_slender_body_v1,0.0,none,unprofiled,0.0,0.0,0.0,-70.00000000000004,"[12237.752584836171, 0.0, 193.10126145131227]",26.612075808,0.0,0.0,0.0,0.0,0.0,0.0,0.0,,query-000001,0.0,0.0,0.0,0.0,0.0,16786.09001299391,0.0,70.0,0.0,1.0,0.0,70.0,0.0,0.0,0.0,,92.99999999999665,-996.7648005999945,0.0,24765.657753265754,24785.70846313675,-23613.01947961635,0.0,7533.7012865435245,0.0,0.0,0.0,6.69147244972123e-11,7.875489601546466e-16,17.5,17.5,"[172.3409738027427, 0.0, -9.133225251090487]","[0.0, 0.0, 0.0]",0.0
-2.6763600495596944,0.0,0.5357870789863809,76273.04197507165,0.0,52437.538364808905,0.0,0.0,0.0,169.84801188795174,"[169.63858071108166, 0.0, -8.43202683935638]",0.0,0.0,0.0,0.0,"[0.0, 0.0, 0.0]","[0.8191520442889919, 0.0, -0.5735764363510462, 0.0]","[0.0, 0.0, 0.0]",1,nominal,27608.20246927862,booster-release,rigid_body_6dof_surface_allocated,76273.04197507165,0.0,52437.538364808905,-23188.25110539015,0.0,89607.9090960459,-79841.73176941942,0.0,-29060.01381633489,0.0,31190.760000000002,0.0,160480.6870520227,160480.6870520227,-0.0,17.5,17.5,8664.1,generic_slender_body_v1,0.0,none,unprofiled,0.0,0.0,0.0,-70.00000000000004,"[12408.738272955727, 0.0, 184.3464495145072]",26.612075808,0.0,0.0,0.0,0.0,0.0,0.0,0.0,,query-000001,0.0,0.0,0.0,0.0,0.0,16231.99468027634,0.0,70.0,0.0,1.0,0.0,70.0,0.0,0.0,0.0,,93.99999999999659,-3568.689794347767,0.0,23377.524548474015,23648.344569182605,-23188.25110539015,0.0,4642.112831045903,0.0,0.0,0.0,6.503364107893415e-11,7.654096582123539e-16,17.5,17.5,"[169.63858071108166, 0.0, -8.43202683935638]","[0.0, 0.0, 0.0]",0.0
-2.610375987339563,0.0,0.22026858672222058,73899.74986534286,0.0,50965.348214110956,0.0,0.0,0.0,167.18808729087195,"[166.99390495869832, 0.0, -8.055571899340721]",0.0,0.0,0.0,0.0,"[0.0, 0.0, 0.0]","[0.8191520442889919, 0.0, -0.5735764363510462, 0.0]","[0.0, 0.0, 0.0]",1,nominal,26776.12428524619,booster-release,rigid_body_6dof_surface_allocated,73899.74986534286,0.0,50965.348214110956,-22616.55859190871,0.0,86874.22532721999,-79841.73176941942,0.0,-29060.01381633489,0.0,31190.760000000002,0.0,160480.6870520227,160480.6870520227,-0.0,17.5,17.5,8664.1,generic_slender_body_v1,0.0,none,unprofiled,0.0,0.0,0.0,-70.00000000000004,"[12577.049013670874, 0.0, 176.1289449723491]",26.612075808,0.0,0.0,0.0,0.0,0.0,0.0,0.0,,query-000001,0.0,0.0,0.0,0.0,0.0,15703.163184203197,0.0,70.0,0.0,1.0,0.0,70.0,0.0,0.0,0.0,,94.99999999999653,-5941.981904076558,0.0,21905.334397776067,22696.934242905263,-22616.55859190871,0.0,1908.4290622199915,0.0,0.0,0.0,6.621221372625331e-11,7.792808004734505e-16,17.5,17.5,"[166.99390495869832, 0.0, -8.055571899340721]","[0.0, 0.0, 0.0]",0.0
-2.5299129571532335,0.0,-0.07585360649808133,71727.27996449512,0.0,49432.75321991855,0.0,0.0,0.0,164.61643138361794,"[164.42265332750702, 0.0, -7.985020614865792]",0.0,0.0,0.0,0.0,"[0.0, 0.0, 0.0]","[0.8191520442889919, 0.0, -0.5735764363510462, 0.0]","[0.0, 0.0, 0.0]",1,nominal,25983.158694925754,booster-release,rigid_body_6dof_surface_allocated,71727.27996449512,0.0,49432.75321991855,-21919.418852071332,0.0,84308.59303293997,-79841.73176941942,0.0,-29060.01381633489,0.0,31190.760000000002,0.0,160480.6870520227,160480.6870520227,-0.0,17.5,17.5,8664.1,generic_slender_body_v1,0.0,none,unprofiled,0.0,0.0,0.0,-70.00000000000004,"[12742.75058432984, 0.0, 168.13332673192954]",26.612075808,0.0,0.0,0.0,0.0,0.0,0.0,0.0,,query-000001,0.0,0.0,0.0,0.0,0.0,15198.109429334372,0.0,70.0,0.0,1.0,0.0,70.0,0.0,0.0,0.0,,95.99999999999648,-8114.451804924305,0.0,20372.739403583662,21929.269000602148,-21919.418852071332,0.0,-657.2032320600265,0.0,0.0,0.0,5.922200433305882e-11,6.970099373676342e-16,17.5,17.5,"[164.42265332750702, 0.0, -7.985020614865792]","[0.0, 0.0, 0.0]",0.0
-2.437295215600469,0.0,-0.35173411713200103,69755.62757746359,0.0,47861.181650746155,0.0,0.0,0.0,162.14563260224426,"[161.93812861645176, 0.0, -8.20052877462799]",0.0,0.0,0.0,0.0,"[0.0, 0.0, 0.0]","[0.8191520442889919, 0.0, -0.5735764363510462, 0.0]","[0.0, 0.0, 0.0]",1,nominal,25232.971933047782,booster-release,rigid_body_6dof_surface_allocated,69755.62757746359,0.0,47861.181650746155,-21116.969477484025,0.0,81918.33670075663,-79841.73176941942,0.0,-29060.01381633489,0.0,31190.760000000002,0.0,160480.6870520227,160480.6870520227,-0.0,17.5,17.5,8664.1,generic_slender_body_v1,0.0,none,unprofiled,0.0,0.0,0.0,-70.00000000000004,"[12905.923254174713, 0.0, 160.06354285818603]",26.612075808,0.0,0.0,0.0,0.0,0.0,0.0,0.0,,query-000001,0.0,0.0,0.0,0.0,0.0,14715.290228561218,0.0,70.0,0.0,1.0,0.0,70.0,0.0,0.0,0.0,,96.99999999999642,-10086.104191955834,0.0,18801.167834411266,21335.730821996473,-21116.969477484025,0.0,-3047.4595642433706,0.0,0.0,0.0,5.275069270282984e-11,6.2084621131903e-16,17.5,17.5,"[161.93812861645176, 0.0, -8.20052877462799]","[0.0, 0.0, 0.0]",0.0
-2.3346682743107454,0.0,-0.6068077825443461,67983.03623959719,0.0,46269.7761289996,0.0,0.0,0.0,159.78741392395253,"[159.5513971346776, 0.0, -8.681550603258524]",0.0,0.0,0.0,0.0,"[0.0, 0.0, 0.0]","[0.8191520442889919, 0.0, -0.5735764363510462, 0.0]","[0.0, 0.0, 0.0]",1,nominal,24528.626241253427,booster-release,rigid_body_6dof_surface_allocated,67983.03623959719,0.0,46269.7761289996,-20227.79939545573,0.0,79708.35295625753,-79841.73176941942,0.0,-29060.01381633489,0.0,31190.760000000002,0.0,160480.6870520227,160480.6870520227,-0.0,17.5,17.5,8664.1,generic_slender_body_v1,0.0,none,unprofiled,0.0,0.0,0.0,-70.00000000000004,"[13066.65946209325, 0.0, 151.64375975758315]",26.612075808,0.0,0.0,0.0,0.0,0.0,0.0,0.0,,query-000001,0.0,0.0,0.0,0.0,0.0,14253.126100878972,0.0,70.0,0.0,1.0,0.0,70.0,0.0,0.0,0.0,,97.99999999999636,-11858.695529822231,0.0,17209.76231266471,20899.87029929708,-20227.79939545573,0.0,-5257.4433087424695,0.0,0.0,0.0,4.590921694807171e-11,5.403258601247655e-16,17.5,17.5,"[159.5513971346776, 0.0, -8.681550603258524]","[0.0, 0.0, 0.0]",0.0
-2.2239840654720093,0.0,-0.8407466442949006,66406.39190006968,0.0,44675.40032606367,0.0,0.0,0.0,157.5525642818626,"[157.2714755885794, 0.0, -9.407097213345217]",0.0,0.0,0.0,0.0,"[0.0, 0.0, 0.0]","[0.8191520442889919, 0.0, -0.5735764363510462, 0.0]","[0.0, 0.0, 0.0]",1,nominal,23872.623653382896,booster-release,rigid_body_6dof_surface_allocated,66406.39190006968,0.0,44675.40032606367,-19268.82034165604,0.0,77681.48326416455,-79841.73176941942,0.0,-29060.01381633489,0.0,31190.760000000002,0.0,160480.6870520227,160480.6870520227,-0.0,17.5,17.5,8664.1,generic_slender_body_v1,0.0,none,unprofiled,0.0,0.0,0.0,-70.00000000000004,"[13225.061672338164, 0.0, 142.6189309299487]",26.612075808,0.0,0.0,0.0,0.0,0.0,0.0,0.0,,query-000001,0.0,0.0,0.0,0.0,0.0,13810.019194899405,0.0,70.0,0.0,1.0,0.0,70.0,0.0,0.0,0.0,,98.9999999999963,-13435.339869349744,0.0,15615.386509728778,20599.724591682236,-19268.82034165604,0.0,-7284.313000835449,0.0,0.0,0.0,6.407904931187126e-11,7.541746459012163e-16,17.5,17.5,"[157.2714755885794, 0.0, -9.407097213345217]","[0.0, 0.0, 0.0]",0.0
-2.106994173209493,0.0,-1.0534205209079048,65021.56397969139,0.0,43092.70068954106,0.0,0.0,0.0,155.45086297887812,"[155.10552866530452, 0.0, -10.355953762659318]",0.0,0.0,0.0,0.0,"[0.0, 0.0, 0.0]","[0.8191520442889919, 0.0, -0.5735764363510462, 0.0]","[0.0, 0.0, 0.0]",1,nominal,23266.949653570897,booster-release,rigid_body_6dof_surface_allocated,65021.56397969139,0.0,43092.70068954106,-18255.20821610437,0.0,75838.85552980182,-79841.73176941942,0.0,-29060.01381633489,0.0,31190.760000000002,0.0,160480.6870520227,160480.6870520227,-0.0,17.5,17.5,8664.1,generic_slender_body_v1,0.0,none,unprofiled,0.0,0.0,0.0,-70.00000000000004,"[13381.240423153782, 0.0, 132.7551282153535]",26.612075808,0.0,0.0,0.0,0.0,0.0,0.0,0.0,,query-000001,0.0,0.0,0.0,0.0,0.0,13384.368478552067,0.0,70.0,0.0,1.0,0.0,70.0,0.0,0.0,0.0,,99.99999999999625,-14820.167789728031,0.0,14032.68687320617,20409.64659657644,-18255.20821610437,0.0,-9126.940735198179,0.0,0.0,0.0,5.1480935137387517e-11,6.059018734647472e-16,17.5,17.5,"[155.10552866530452, 0.0, -10.355953762659318]","[0.0, 0.0, 0.0]",0.0
-1.9852498915433692,0.0,-1.244861858559728,63823.69137048249,0.0,41534.2110729618,0.0,0.0,0.0,153.49099869427283,"[153.05906987063346, 0.0, -11.506859280525024]",0.0,0.0,0.0,0.0,"[0.0, 0.0, 0.0]","[0.8191520442889919, 0.0, -0.5735764363510462, 0.0]","[0.0, 0.0, 0.0]",1,nominal,22713.11540003007,booster-release,rigid_body_6dof_surface_allocated,63823.69137048249,0.0,41534.2110729618,-17200.403585320906,0.0,74180.18863625266,-79841.73176941942,0.0,-29060.01381633489,0.0,31190.760000000002,0.0,160480.6870520227,160480.6870520227,-0.0,17.5,17.5,8664.1,generic_slender_body_v1,0.0,none,unprofiled,0.0,0.0,0.0,-70.00000000000004,"[13535.312575182232, 0.0, 121.83967490614891]",26.612075808,0.0,0.0,0.0,0.0,0.0,0.0,0.0,,query-000001,0.0,0.0,0.0,0.0,0.0,12974.582388001018,0.0,70.0,0.0,1.0,0.0,70.0,0.0,0.0,0.0,,100.99999999999619,-16018.04039893693,0.0,12474.19725662691,20302.295816464037,-17200.403585320906,0.0,-10785.60762874734,0.0,0.0,0.0,6.079344518027357e-11,7.155049190696073e-16,17.5,17.5,"[153.05906987063346, 0.0, -11.506859280525024]","[0.0, 0.0, 0.0]",0.0
-1.8601079376375278,0.0,-1.4152352156650612,62807.41394963515,0.0,40010.48967694302,0.0,0.0,0.0,151.68048556663535,"[151.13615938725349, 0.0, -12.838653644404827]",0.0,0.0,0.0,0.0,"[0.0, 0.0, 0.0]","[0.8191520442889919, 0.0, -0.5735764363510462, 0.0]","[0.0, 0.0, 0.0]",1,nominal,22212.197546849853,booster-release,rigid_body_6dof_surface_allocated,62807.41394963515,0.0,40010.48967694302,-16116.161182485306,0.0,72704.05683295634,-79841.73176941942,0.0,-29060.01381633489,0.0,31190.760000000002,0.0,160480.6870520227,160480.6870520227,-0.0,17.5,17.5,8664.1,generic_slender_body_v1,0.0,none,unprofiled,0.0,0.0,0.0,-70.00000000000004,"[13687.399759688786, 0.0, 109.68111584406167]",26.612075808,0.0,0.0,0.0,0.0,0.0,0.0,0.0,,query-000001,0.0,0.0,0.0,0.0,0.0,12579.089165557305,0.0,70.0,0.0,1.0,0.0,70.0,0.0,0.0,0.0,,101.99999999999613,-17034.31781978427,0.0,10950.47586060813,20250.4544432756,-16116.161182485306,0.0,-12261.739432043658,0.0,0.0,0.0,5.8008367774535054e-11,6.82726112441913e-16,17.5,17.5,"[151.13615938725349, 0.0, -12.838653644404827]","[0.0, 0.0, 0.0]",0.0
-1.732740740771488,0.0,-1.5648114654355898,61967.05212244857,0.0,38530.27926326168,0.0,0.0,0.0,150.025579656173,"[149.3395938460689, 0.0, -14.330396402817506]",0.0,0.0,0.0,0.0,"[0.0, 0.0, 0.0]","[0.8191520442889919, 0.0, -0.5735764363510462, 0.0]","[0.0, 0.0, 0.0]",1,nominal,21764.874998621544,booster-release,rigid_body_6dof_surface_allocated,61967.05212244857,0.0,38530.27926326168,-15012.639052118251,0.0,71408.1132473195,-79841.73176941942,0.0,-29060.01381633489,0.0,31190.760000000002,0.0,160480.6870520227,160480.6870520227,-0.0,17.5,17.5,8664.1,generic_slender_body_v1,0.0,none,unprofiled,0.0,0.0,0.0,-70.00000000000004,"[13837.627020983215, 0.0, 96.10905501099805]",26.612075808,0.0,0.0,0.0,0.0,0.0,0.0,0.0,,query-000001,0.0,0.0,0.0,0.0,0.0,12196.345139908959,0.0,70.0,0.0,1.0,0.0,70.0,0.0,0.0,0.0,,102.99999999999608,-17874.67964697085,0.0,9470.265446926787,20228.447793073203,-15012.639052118251,0.0,-13557.683017680494,0.0,0.0,0.0,4.964874847776148e-11,5.843380590809965e-16,17.5,17.5,"[149.3395938460689, 0.0, -14.330396402817506]","[0.0, 0.0, 0.0]",0.0
-1.6041503262001082,0.0,-1.693946586733147,61296.73835652866,0.0,37100.68304055486,0.0,0.0,0.0,148.53119976241513,"[147.671083933419, 0.0, -15.961462113214806]",0.0,0.0,0.0,0.0,"[0.0, 0.0, 0.0]","[0.8191520442889919, 0.0, -0.5735764363510462, 0.0]","[0.0, 0.0, 0.0]",1,nominal,21371.462195467135,booster-release,rigid_body_6dof_surface_allocated,61296.73835652866,0.0,37100.68304055486,-13898.518841230358,0.0,70289.27364288534,-79841.73176941942,0.0,-29060.01381633489,0.0,31190.760000000002,0.0,160480.6870520227,160480.6870520227,-0.0,17.5,17.5,8664.1,generic_slender_body_v1,0.0,none,unprofiled,0.0,0.0,0.0,-70.00000000000004,"[13986.121642829825, 0.0, 80.9738864220299]",26.612075808,0.0,0.0,0.0,0.0,0.0,0.0,0.0,,query-000001,0.0,0.0,0.0,0.0,0.0,11824.841214711832,0.0,70.0,0.0,1.0,0.0,70.0,0.0,0.0,0.0,,103.99999999999602,-18544.993412890763,0.0,8040.6692242199715,20213.09333717822,-13898.518841230358,0.0,-14676.522622114659,0.0,0.0,0.0,6.022613208603909e-11,7.088279605854534e-16,17.5,17.5,"[147.671083933419, 0.0, -15.961462113214806]","[0.0, 0.0, 0.0]",0.0
-1.475184907291535,0.0,-1.8030647536848294,60790.50569179458,0.0,35727.34986120635,0.0,0.0,0.0,147.2008570226055,"[146.13141669007666, 0.0, -17.711616649553317]",0.0,0.0,0.0,0.0,"[0.0, 0.0, 0.0]","[0.8191520442889919, 0.0, -0.5735764363510462, 0.0]","[0.0, 0.0, 0.0]",1,nominal,21031.938749001216,booster-release,rigid_body_6dof_surface_allocated,60790.50569179458,0.0,35727.34986120635,-12781.14955526459,0.0,69343.86293259927,-79841.73176941942,0.0,-29060.01381633489,0.0,31190.760000000002,0.0,160480.6870520227,160480.6870520227,-0.0,17.5,17.5,8664.1,generic_slender_body_v1,0.0,none,unprofiled,0.0,0.0,0.0,-70.00000000000004,"[14133.012145036184, 0.0, 64.14643955403967]",26.612075808,0.0,0.0,0.0,0.0,0.0,0.0,0.0,,query-000001,0.0,0.0,0.0,0.0,0.0,11463.107835547398,0.0,70.0,0.0,1.0,0.0,70.0,0.0,0.0,0.0,,104.99999999999596,-19051.226077624844,0.0,6667.336044871459,20184.216234375148,-12781.14955526459,0.0,-15621.933332400731,0.0,0.0,0.0,6.36386382558554e-11,7.489912535789428e-16,17.5,17.5,"[146.13141669007666, 0.0, -17.711616649553317]","[0.0, 0.0, 0.0]",0.0
-1.3465573825093864,0.0,-1.8926453233625757,60442.338869420775,0.0,34414.66337557353,0.0,0.0,0.0,146.03659787261026,"[144.72060020185083, 0.0, -19.561078585357404]",0.0,0.0,0.0,0.0,"[0.0, 0.0, 0.0]","[0.8191520442889919, 0.0, -0.5735764363510462, 0.0]","[0.0, 0.0, 0.0]",1,nominal,20745.97543455864,booster-release,rigid_body_6dof_surface_allocated,60442.338869420775,0.0,34414.66337557353,-11666.707817799575,0.0,68567.7279188543,-79841.73176941942,0.0,-29060.01381633489,0.0,31190.760000000002,0.0,160480.6870520227,160480.6870520227,-0.0,17.5,17.5,8664.1,generic_slender_body_v1,0.0,none,unprofiled,0.0,0.0,0.0,-70.00000000000004,"[14278.427433695291, 0.0, 45.51755625398093]",26.612075808,0.0,0.0,0.0,0.0,0.0,0.0,0.0,,query-000001,0.0,0.0,0.0,0.0,0.0,11109.718702141341,0.0,70.0,0.0,1.0,0.0,70.0,0.0,0.0,0.0,,105.99999999999591,-19399.392899998646,0.0,5354.649559238642,20124.828366740698,-11666.707817799575,0.0,-16398.068346145694,0.0,0.0,0.0,4.493492934502001e-11,5.288590388168948e-16,17.5,17.5,"[144.72060020185083, 0.0, -19.561078585357404]","[0.0, 0.0, 0.0]",0.0
-1.2188650037857072,0.0,-1.963213252663723,60246.19407044918,0.0,33165.93056145897,0.0,0.0,0.0,145.03896476738888,"[143.43798914897076, 0.0, -21.49056931995102]",0.0,0.0,0.0,0.0,"[0.0, 0.0, 0.0]","[0.8191520442889919, 0.0, -0.5735764363510462, 0.0]","[0.0, 0.0, 0.0]",1,nominal,20512.956694419492,booster-release,rigid_body_6dof_surface_allocated,60246.19407044918,0.0,33165.93056145897,-10560.368279299746,0.0,67956.32032259624,-79841.73176941942,0.0,-29060.01381633489,0.0,31190.760000000002,0.0,160480.6870520227,160480.6870520227,-0.0,17.5,17.5,8664.1,generic_slender_body_v1,0.0,none,unprofiled,0.0,0.0,0.0,-70.00000000000004,"[14422.496086645271, 0.0, 24.99761217830038]",26.612075808,0.0,0.0,0.0,0.0,0.0,0.0,0.0,,query-000001,0.0,0.0,0.0,0.0,0.0,10763.293483866266,0.0,70.0,0.0,1.0,0.0,70.0,0.0,0.0,0.0,,106.99999999999585,-19595.53769897024,0.0,4105.916745124079,20021.080141432245,-10560.368279299746,0.0,-17009.475942403762,0.0,0.0,0.0,4.743344037853712e-11,5.582651191850997e-16,17.5,17.5,"[143.43798914897076, 0.0, -21.49056931995102]","[0.0, 0.0, 0.0]",0.0
-1.0926095410055652,0.0,-2.015332444347358,60195.99333628767,0.0,31983.565612762053,0.0,0.0,0.0,144.20697851461023,"[142.2823903849448, 0.0, -23.481355128259224]",0.0,0.0,0.0,0.0,"[0.0, 0.0, 0.0]","[0.8191520442889919, 0.0, -0.5735764363510462, 0.0]","[0.0, 0.0, 0.0]",1,nominal,20331.99992405481,booster-release,rigid_body_6dof_surface_allocated,60195.99333628767,0.0,31983.565612762053,-9466.478324226318,0.0,67504.75443393005,-79841.73176941942,0.0,-29060.01381633489,0.0,31190.760000000002,0.0,160480.6870520227,160480.6870520227,-0.0,17.5,17.5,8664.1,generic_slender_body_v1,0.0,none,unprofiled,0.0,0.0,0.0,-70.00000000000004,"[14565.345754534472, 0.0, 2.515992388439405]",26.612075808,0.0,0.0,0.0,0.0,0.0,0.0,0.0,,query-000001,0.0,0.0,0.0,0.0,0.0,10422.499782912717,0.0,70.0,0.0,1.0,0.0,70.0,0.0,0.0,0.0,,107.9999999999958,-19645.73843313175,0.0,2923.551796427164,19862.07928917366,-9466.478324226318,0.0,-17461.041831069946,0.0,0.0,0.0,4.067383956680332e-11,4.787083903732933e-16,17.5,17.5,"[142.2823903849448, 0.0, -23.481355128259224]","[0.0, 0.0, 0.0]",0.0
-0.965302841942737,0.0,-2.0692753442147676,60134.05984132245,0.0,30787.237739893666,0.0,0.0,0.0,143.54094858366952,"[141.25341695873396, 0.0, -25.52403020256995]",0.0,0.0,0.0,0.0,"[0.0, 0.0, 0.0]","[0.8191520442889919, 0.0, -0.5735764363510462, 0.0]","[0.0, 0.0, 0.0]",1,nominal,20150.58779961888,booster-release,rigid_body_6dof_surface_allocated,60134.05984132245,0.0,30787.237739893666,-8363.480352876068,0.0,67037.38775518883,-79841.73176941942,0.0,-29060.01381633489,0.0,31190.760000000002,0.0,160480.6870520227,160480.6870520227,-0.0,17.5,17.5,8664.1,generic_slender_body_v1,0.0,none,unprofiled,0.0,0.0,0.0,-70.00000000000004,"[14707.103030208777, 0.0, -21.982070894924476]",26.612075808,0.0,0.0,0.0,0.0,0.0,0.0,0.0,,query-000001,0.0,0.0,0.0,0.0,0.0,10086.431484608116,0.0,70.0,0.0,1.0,0.0,70.0,0.0,0.0,0.0,ground_contact,108.99999999999574,-19707.67192809697,0.0,1727.2239235587767,19783.216000125296,-8363.480352876068,0.0,-17928.40850981117,0.0,0.0,0.0,5.272765628755948e-11,6.205750855686337e-16,17.5,17.5,"[141.25341695873396, 0.0, -25.52403020256995]","[0.0, 0.0, 0.0]",0.0
0.876501736212764,0.0,-4.835761638553195,-61124.61162149999,0.0,3.4745319011051376e-12,0.0,0.0,0.0,249.99999999999997,"[43.412044416732606, 0.0, 246.201938253052]",0.0,0.0,0.0,0.0,"[0.0, 0.0, 0.0]","[0.7660444431189781, 0.0, -0.6427876096865394, 0.0]","[0.0, 0.0, 0.0]",2,nominal,61124.611621499986,,rigid_body_6dof_surface_allocated,58875.38837850001,0.0,3.4745319011051376e-12,10223.6039013593,0.0,57980.93893675167,-112647.96975585923,0.0,-19862.87638998915,0.0,31190.760000000002,0.0,160480.6870520227,160480.6870520227,-0.0,20.0,20.0,11664.1,generic_slender_body_v1,0.0,none,unprofiled,0.0,0.0,0.0,-80.00000000000006,"[0.0, 0.0, 0.0]",26.612075808,100.0,120000.0,0.0,0.0,0.0,0.0,0.0,,query-000002,0.0,0.0,0.0,0.0,0.0,31249.999999999993,0.0,80.0,0.0,1.0,0.0,80.0,0.0,0.0,0.0,,0.0,-53772.58137735922,0.0,-19862.876389989146,57323.85512566915,10223.6039013593,0.0,-56404.807328248324,0.0,0.0,0.0,2.2128961173796485e-11,1.934590794427291e-16,20.0,20.0,"[43.412044416732606, 0.0, 246.201938253052]","[0.0, 0.0, 0.0]",0.0
0.9077819000623546,0.0,-4.462452743906127,-57315.15888867601,0.0,393.404453434085,0.0,0.0,0.0,245.58471081839053,"[44.30434915786807, 0.0, 241.55532458103715]",0.0,0.0,0.0,0.0,"[0.0, 0.0, 0.0]","[0.7660444431189781, 0.0, -0.6427876096865394, 0.0]","[0.0, 0.0, 0.0]",2,nominal,57316.5090135308,,rigid_body_6dof_surface_allocated,62684.84111132399,0.0,393.404453434085,10497.680670511076,0.0,61800.83148919516,-111682.20326075153,0.0,-19692.585699837393,0.0,31190.760000000002,0.0,160480.6870520227,160480.6870520227,-0.0,20.0,20.0,11564.1,generic_slender_body_v1,0.0,none,unprofiled,0.0,0.0,0.0,-80.00000000000006,"[43.85559046944331, 0.0, 243.84752826094152]",26.612075808,100.0,120000.0,0.0,0.0,0.0,0.0,0.0,,query-000002,0.0,0.0,0.0,0.0,0.0,32547.252456896415,0.0,80.0,0.0,1.0,0.0,80.0,0.0,0.0,0.0,,1.0,-48997.362149427536,0.0,-19299.181246403306,52661.18014613493,10497.680670511076,0.0,-51604.24977580484,0.0,0.0,0.0,3.798161381895825e-11,3.3491985892770083e-16,20.0,20.0,"[44.30434915786807, 0.0, 241.55532458103715]","[0.0, 0.0, 0.0]",0.0
0.9372297103855347,0.0,-4.11706160062894,-53899.15729229708,0.0,745.1157379354198,0.0,0.0,0.0,241.539766951903,"[45.226997883401, 0.0, 237.26773417730962]",0.0,0.0,0.0,0.0,"[0.0, 0.0, 0.0]","[0.7660444431189781, 0.0, -0.6427876096865394, 0.0]","[0.0, 0.0, 0.0]",2,nominal,53904.307381532104,,rigid_body_6dof_surface_allocated,66100.84270770292,0.0,745.1157379354198,10744.49512283081,0.0,65226.010369229756,-110716.4367656438,0.0,-19522.29500968565,0.0,31190.760000000002,0.0,160480.6870520227,160480.6870520227,-0.0,20.0,20.0,11464.1,generic_slender_body_v1,0.0,none,unprofiled,0.0,0.0,0.0,-80.00000000000006,"[88.61881031193427, 0.0, 483.23028004661444]",26.612075808,100.0,120000.0,0.0,0.0,0.0,0.0,0.0,,query-000002,0.0,0.0,0.0,0.0,0.0,33909.59973540894,0.0,80.0,0.0,1.0,0.0,80.0,0.0,0.0,0.0,,2.0000000000000004,-44615.59405794088,0.0,-18777.179271750232,48405.926233741404,10744.49512283081,0.0,-47198.40589577024,0.0,0.0,0.0,2.6233838256040975e-11,2.333464484636875e-16,20.0,20.0,"[45.226997883401, 0.0, 237.26773417730962]","[0.0, 0.0, 0.0]",0.0
0.9650663270137143,0.0,-3.7959739949956672,-50827.37855870663,0.0,1060.703886330516,0.0,0.0,0.0,237.83910173500684,"[46.178271882184376, 0.0, 233.31310619013666]",0.0,0.0,0.0,0.0,"[0.0, 0.0, 0.0]","[0.7660444431189781, 0.0, -0.6427876096865394, 0.0]","[0.0, 0.0, 0.0]",2,nominal,50838.44513637828,,rigid_body_6dof_surface_allocated,69172.62144129336,0.0,1060.703886330516,10967.110246816552,0.0,68305.92318846974,-109750.6702705361,0.0,-19352.00431953393,0.0,31190.760000000002,0.0,160480.6870520227,160480.6870520227,-0.0,20.0,20.0,11364.1,generic_slender_body_v1,0.0,none,unprofiled,0.0,0.0,0.0,-80.00000000000006,"[134.31912573668637, 0.0, 718.4939471825417]",26.612075808,100.0,120000.0,0.0,0.0,0.0,0.0,0.0,,query-000002,0.0,0.0,0.0,0.0,0.0,35329.73782419514,0.0,80.0,0.0,1.0,0.0,80.0,0.0,0.0,0.0,,2.999999999999997,-40578.04882924273,0.0,-18291.300433203414,44510.10804666858,10967.110246816552,0.0,-43137.82807653026,0.0,0.0,0.0,3.10829045531774e-11,2.7891114755519977e-16,20.0,20.0,"[46.178271882184376, 0.0, 233.31310619013666]","[0.0, 0.0, 0.0]",0.0
0.9914795970391128,0.0,-3.496117745111848,-48058.1114020054,0.0,1344.8843389988938,0.0,0.0,0.0,234.45995059039666,"[47.15665639084171, 0.0, 229.66871399667681]",0.0,0.0,0.0,0.0,"[0.0, 0.0, 0.0]","[0.7660444431189781, 0.0, -0.6427876096865394, 0.0]","[0.0, 0.0, 0.0]",2,nominal,48076.92570675506,,rigid_body_6dof_surface_allocated,71941.8885979946,0.0,1344.8843389988938,11168.125329008271,0.0,71082.46637228562,-108784.90377542835,0.0,-19181.713629382182,0.0,31190.760000000002,0.0,160480.6870520227,160480.6870520227,-0.0,20.0,20.0,11264.1,generic_slender_body_v1,0.0,none,unprofiled,0.0,0.0,0.0,-80.00000000000006,"[180.9843889895719, 0.0, 949.959872891496]",26.612075808,100.0,120000.0,0.0,0.0,0.0,0.0,0.0,,query-000002,0.0,0.0,0.0,0.0,0.0,36801.65820291701,0.0,80.0,0.0,1.0,0.0,80.0,0.0,0.0,0.0,,3.9999999999999933,-36843.01517743374,0.0,-17836.829290383288,40933.60778747565,11168.125329008271,0.0,-39380.61989271437,0.0,0.0,0.0,8.134767913360665e-12,7.364241022422121e-17,20.0,20.0,"[47.15665639084171, 0.0, 229.66871399667681]","[0.0, 0.0, 0.0]",0.0
1.0166300217007556,0.0,-3.2148664677928704,-45555.82213126099,0.0,1601.6695590843985,0.0,0.0,0.0,231.38235655882602,"[48.16081037741624, 0.0, 226.31467312241654]",0.0,0.0,0.0,0.0,"[0.0, 0.0, 0.0]","[0.7660444431189781, 0.0, -0.6427876096865394, 0.0]","[0.0, 0.0, 0.0]",2,nominal,45583.9695005995,,rigid_body_6dof_surface_allocated,74444.177868739,0.0,1601.6695590843985,11349.759225269405,0.0,73591.33053191361,-107819.13728032065,0.0,-19011.422939230448,0.0,31190.760000000002,0.0,160480.6870520227,160480.6870520227,-0.0,20.0,20.0,11164.1,generic_slender_body_v1,0.0,none,unprofiled,0.0,0.0,0.0,-80.00000000000006,"[228.6410266959716, 0.0, 1177.9281319707281]",26.612075808,100.0,120000.0,0.0,0.0,0.0,0.0,0.0,,query-000002,0.0,0.0,0.0,0.0,0.0,38320.42637874858,0.0,80.0,0.0,1.0,0.0,80.0,0.0,0.0,0.0,,4.99999999999999,-33374.95941158164,0.0,-17409.75338014605,37642.89346586188,11349.759225269405,0.0,-35891.090733086385,0.0,0.0,0.0,1.4551915228366852e-11,1.3291554078023389e-16,20.0,20.0,"[48.16081037741624, 0.0, 226.31467312241654]","[0.0, 0.0, 0.0]",0.0
1.040655528473055,0.0,-2.949962753466672,-43290.08650764922,0.0,1834.4898776740995,0.0,0.0,0.0,228.58876236439335,"[49.189541668751744, 0.0, 223.23353527125627]",0.0,0.0,0.0,0.0,"[0.0, 0.0, 0.0]","[0.7660444431189781, 0.0, -0.6427876096865394, 0.0]","[0.0, 0.0, 0.0]",2,nominal,43328.93886250897,,rigid_body_6dof_surface_allocated,76709.91349235078,0.0,1834.4898776740995,11513.916832578729,0.0,75863.0733643694,-106853.37078521293,0.0,-18841.132249078706,0.0,31190.760000000002,0.0,160480.6870520227,160480.6870520227,-0.0,20.0,20.0,11064.1,generic_slender_body_v1,0.0,none,unprofiled,0.0,0.0,0.0,-80.00000000000006,"[277.31420075858006, 0.0, 1402.6801635592499]",26.612075808,100.0,120000.0,0.0,0.0,0.0,0.0,0.0,,query-000002,0.0,0.0,0.0,0.0,0.0,39882.00456561086,0.0,80.0,0.0,1.0,0.0,80.0,0.0,0.0,0.0,,5.999999999999987,-30143.45729286215,0.0,-17006.642371404607,34610.026037485964,11513.916832578729,0.0,-32638.682900630607,0.0,0.0,0.0,3.637978807091713e-11,3.3529215860861e-16,20.0,20.0,"[49.189541668751744, 0.0, 223.23353527125627]","[0.0, 0.0, 0.0]",0.0
1.0636753171427742,0.0,-2.699456382095255,-41234.73166245632,0.0,2046.2905165117704,0.0,0.0,0.0,226.063671893361,"[50.24178636763939, 0.0, 220.40995134634383]",0.0,0.0,0.0,0.0,"[0.0, 0.0, 0.0]","[0.7660444431189781, 0.0, -0.6427876096865394, 0.0]","[0.0, 0.0, 0.0]",2,nominal,41285.47444504836,,rigid_body_6dof_surface_allocated,78765.26833754368,0.0,2046.2905165117704,11662.24254468509,0.0,77923.98154606941,-105887.60429010521,0.0,-18670.841558926964,0.0,31190.760000000002,0.0,160480.6870520227,160480.6870520227,-0.0,20.0,20.0,10964.1,generic_slender_body_v1,0.0,none,unprofiled,0.0,0.0,0.0,-80.00000000000006,"[327.0279466045526, 0.0, 1624.4810336825208]",26.612075808,100.0,120000.0,0.0,0.0,0.0,0.0,0.0,,query-000002,0.0,0.0,0.0,0.0,0.0,41483.108803917276,0.0,80.0,0.0,1.0,0.0,80.0,0.0,0.0,0.0,,6.999999999999983,-27122.335952561538,0.0,-16624.551042415194,31811.897222351865,11662.24254468509,0.0,-29597.109718930587,0.0,0.0,0.0,2.9103830456733704e-11,2.7068019971080325e-16,20.0,20.0,"[50.24178636763939, 0.0, 220.40995134634383]","[0.0, 0.0, 0.0]",0.0
1.0857929823346817,0.0,-2.4616542906736996,-39367.142018780294,0.0,2239.61001767789,0.0,0.0,0.0,223.7933677682039,"[51.31659173964517, 0.0, 217.8303901416447]",0.0,0.0,0.0,0.0,"[0.0, 0.0, 0.0]","[0.7660444431189781, 0.0, -0.6427876096865394, 0.0]","[0.0, 0.0, 0.0]",2,nominal,39430.7966411801,,rigid_body_6dof_surface_allocated,80632.85798121971,0.0,2239.61001767789,11796.163539382214,0.0,79796.76788569186,-104921.83779499751,0.0,-18500.550868775223,0.0,31190.760000000002,0.0,160480.6870520227,160480.6870520227,-0.0,20.0,20.0,10864.1,generic_slender_body_v1,0.0,none,unprofiled,0.0,0.0,0.0,-80.00000000000006,"[377.805292644867, 0.0, 1843.5813896315447]",26.612075808,100.0,120000.0,0.0,0.0,0.0,0.0,0.0,,query-000002,0.0,0.0,0.0,0.0,0.0,43121.09316314747,0.0,80.0,0.0,1.0,0.0,80.0,0.0,0.0,0.0,,7.99999999999998,-24288.979813777798,0.0,-16260.940851097334,29229.655108416668,11796.163539382214,0.0,-26743.658379308137,0.0,0.0,0.0,4.3807065881236834e-11,4.111778731978667e-16,20.0,20.0,"[51.31659173964517, 0.0, 217.8303901416447]","[0.0, 0.0, 0.0]",0.0
1.1070990663533062,0.0,-2.2350797922699766,-37667.694238433054,0.0,2416.6440517954547,0.0,0.0,0.0,221.76567457444827,"[52.413101926458644, 0.0, 215.48290225887237]",0.0,0.0,0.0,0.0,"[0.0, 0.0, 0.0]","[0.7660444431189781, 0.0, -0.6427876096865394, 0.0]","[0.0, 0.0, 0.0]",2,nominal,37745.136875008946,,rigid_body_6dof_surface_allocated,82332.30576156694,0.0,2416.6440517954547,11916.925060133624,0.0,81501.13887302674,-103956.07129988978,0.0,-18330.260178623474,0.0,31190.760000000002,0.0,160480.6870520227,160480.6870520227,-0.0,20.0,20.0,10764.1,generic_slender_body_v1,0.0,none,unprofiled,0.0,0.0,0.0,-80.00000000000006,"[429.6683640811991, 0.0, 2060.21915641638]",26.612075808,100.0,120000.0,0.0,0.0,0.0,0.0,0.0,,query-000002,0.0,0.0,0.0,0.0,0.0,44793.85540000074,0.0,80.0,0.0,1.0,0.0,80.0,0.0,0.0,0.0,,8.999999999999991,-21623.76553832284,0.0,-15913.61612682802,26848.28512751602,11916.925060133624,0.0,-24058.62239197326,0.0,0.0,0.0,4.547473508864641e-11,4.30796115334947e-16,20.0,20.0,"[52.413101926458644, 0.0, 215.48290225887237]","[0.0, 0.0, 0.0]",0.0
1.1276731602623644,0.0,-2.018439130494737,-36119.29440557207,0.0,2579.2976464344915,0.0,0.0,0.0,219.96975949078396,"[53.53054597761117, 0.0, 213.3569209980595]",0.0,0.0,0.0,0.0,"[0.0, 0.0, 0.0]","[0.7660444431189781, 0.0, -0.6427876096865394, 0.0]","[0.0, 0.0, 0.0]",2,nominal,36211.271790773804,,rigid_body_6dof_surface_allocated,83880.70559442793,0.0,2579.2976464344915,12025.619348353881,0.0,83054.25953349107,-102990.30480478206,0.0,-18159.969488471746,0.0,31190.760000000002,0.0,160480.6870520227,160480.6870520227,-0.0,20.0,20.0,10664.1,generic_slender_body_v1,0.0,none,unprofiled,0.0,0.0,0.0,-80.00000000000006,"[482.6384736229403, 0.0, 2274.6210162340894]",26.612075808,100.0,120000.0,0.0,0.0,0.0,0.0,0.0,,query-000002,0.0,0.0,0.0,0.0,0.0,46499.7597340687,0.0,80.0,0.0,1.0,0.0,80.0,0.0,0.0,0.0,,10.000000000000004,-19109.599210354136,0.0,-15580.671842037254,24656.320022047472,12025.619348353881,0.0,-21524.836731508927,0.0,0.0,0.0,1.8550124927397645e-11,1.7737889874657394e-16,20.0,20.0,"[53.53054597761117, 0.0, 213.3569209980595]","[0.0, 0.0, 0.0]",0.0
1.1475856442922219,0.0,-1.8105938891660833,-34706.99676847236,0.0,2729.2281826639996,0.0,0.0,0.0,218.39596375839346,"[54.668227796274216, 0.0, 211.44309365777875]",0.0,0.0,0.0,0.0,"[0.0, 0.0, 0.0]","[0.7660444431189781, 0.0, -0.6427876096865394, 0.0]","[0.0, 0.0, 0.0]",2,nominal,34814.13952921711,,rigid_body_6dof_surface_allocated,85293.00323152763,0.0,2729.2281826639996,12123.20950486746,0.0,84471.13636046057,-102024.53830967433,0.0,-17989.678798320012,0.0,31190.760000000002,0.0,160480.6870520227,160480.6870520227,-0.0,20.0,20.0,10564.1,generic_slender_body_v1,0.0,none,unprofiled,0.0,0.0,0.0,-80.00000000000006,"[536.7362012230024, 0.0, 2487.003704519557]",26.612075808,100.0,120000.0,0.0,0.0,0.0,0.0,0.0,,query-000002,0.0,0.0,0.0,0.0,0.0,48237.57337190547,0.0,80.0,0.0,1.0,0.0,80.0,0.0,0.0,0.0,,11.000000000000016,-16731.5350781467,0.0,-15260.450615656013,22645.65342541761,12123.20950486746,0.0,-19127.29490453942,0.0,0.0,0.0,1.7160311712462504e-11,1.656425826426582e-16,20.0,20.0,"[54.668227796274216, 0.0, 211.44309365777875]","[0.0, 0.0, 0.0]",0.0
1.166899138467858,0.0,-1.6105381050909582,-33417.68795809846,0.0,2867.880985690413,0.0,0.0,0.0,217.0356597305231,"[55.82551767536985, 0.0, 209.73313798954226]",0.0,0.0,0.0,0.0,"[0.0, 0.0, 0.0]","[0.7660444431189781, 0.0, -0.6427876096865394, 0.0]","[0.0, 0.0, 0.0]",2,nominal,33540.52190728288,,rigid_body_6dof_surface_allocated,86582.31204190155,0.0,2867.880985690413,12210.549274841513,0.0,85764.9344795177,-101058.77181456663,0.0,-17819.388108168263,0.0,31190.760000000002,0.0,160480.6870520227,160480.6870520227,-0.0,20.0,20.0,10464.1,generic_slender_body_v1,0.0,none,unprofiled,0.0,0.0,0.0,-80.00000000000006,"[591.9814645787046, 0.0, 2697.5751502652083]",26.612075808,100.0,120000.0,0.0,0.0,0.0,0.0,0.0,,query-000002,0.0,0.0,0.0,0.0,0.0,50006.414144680006,0.0,80.0,0.0,1.0,0.0,80.0,0.0,0.0,0.0,,12.000000000000028,-14476.459772665083,0.0,-14951.50712247785,20811.426015126763,12210.549274841513,0.0,-16852.831785482296,0.0,0.0,0.0,2.8760747774580334e-11,2.802706472903397e-16,20.0,20.0,"[55.82551767536985, 0.0, 209.73313798954226]","[0.0, 0.0, 0.0]",0.0
1.1856697190241696,0.0,-1.4173791809433003,-32239.82408927887,0.0,2996.518939520355,0.0,0.0,0.0,215.88112926095178,"[57.001845163107554, 0.0, 208.2197195728226]",0.0,0.0,0.0,0.0,"[0.0, 0.0, 0.0]","[0.7660444431189781, 0.0, -0.6427876096865394, 0.0]","[0.0, 0.0, 0.0]",2,nominal,32378.779826648028,,rigid_body_6dof_surface_allocated,87760.17591072113,0.0,2996.518939520355,12288.399534938399,0.0,86947.24169578555,-100093.00531945891,0.0,-17649.09741801652,0.0,31190.760000000002,0.0,160480.6870520227,160480.6870520227,-0.0,20.0,20.0,10364.1,generic_slender_body_v1,0.0,none,unprofiled,0.0,0.0,0.0,-80.00000000000006,"[648.3935818529848, 0.0, 2906.535483571853]",26.612075808,100.0,120000.0,0.0,0.0,0.0,0.0,0.0,,query-000002,0.0,0.0,0.0,0.0,0.0,51805.7071854618,0.0,80.0,0.0,1.0,0.0,80.0,0.0,0.0,0.0,,13.00000000000004,-12332.829408737787,0.0,-14652.578478496165,19151.93821245035,12288.399534938399,0.0,-14689.859569214459,0.0,0.0,0.0,2.1978932588525954e-11,2.1624910898649047e-16,20.0,20.0,"[57.001845163107554, 0.0, 208.2197195728226]","[0.0, 0.0, 0.0]",0.0
1.2039479444596881,0.0,-1.2303218856893319,-31163.210815631057,0.0,3116.24725285871,0.0,0.0,0.0,214.92545998876804,"[58.19669304651268, 0.0, 206.89634668073168]",0.0,0.0,0.0,0.0,"[0.0, 0.0, 0.0]","[0.7660444431189781, 0.0, -0.6427876096865394, 0.0]","[0.0, 0.0, 0.0]",2,nominal,31318.631919041636,,rigid_body_6dof_surface_allocated,88836.78918436894,0.0,3116.24725285871,12357.442096728686,0.0,88028.28939809612,-99127.2388243512,0.0,-17478.80672786478,0.0,31190.760000000002,0.0,160480.6870520227,160480.6870520227,-0.0,20.0,20.0,10264.1,generic_slender_body_v1,0.0,none,unprofiled,0.0,0.0,0.0,-80.00000000000006,"[705.9913278359945, 0.0, 3114.077929576961]",26.612075808,100.0,120000.0,0.0,0.0,0.0,0.0,0.0,,query-000002,0.0,0.0,0.0,0.0,0.0,53635.14900377767,0.0,80.0,0.0,1.0,0.0,80.0,0.0,0.0,0.0,,14.000000000000053,-10290.449639982253,0.0,-14362.55947500607,17668.516306303038,12357.442096728686,0.0,-12628.146866903873,0.0,0.0,0.0,4.2191144547334994e-11,4.191599276995821e-16,20.0,20.0,"[58.19669304651268, 0.0, 206.89634668073168]","[0.0, 0.0, 0.0]",0.0
-0.8277391974829426,0.0,-12.672889726756239,-30151.096327659092,0.0,3226.5597376332826,0.0,0.0,0.0,214.06462950989928,"[59.39250781890971, 0.0, 205.66038904512263]",0.0,0.0,0.0,0.0,"[0.0, 0.0, 0.0]","[0.7660444431189781, 0.0, -0.6427876096865394, 0.0]","[0.0, 0.0, 0.0]",2,nominal,30323.246816597533,,rigid_body_6dof_surface_allocated,-30151.096327659092,0.0,3226.5597376332826,-8413.223977136377,0.0,-29132.747206723085,-98161.4723292435,0.0,-17308.516037713045,0.0,31190.760000000002,0.0,160480.6870520227,160480.6870520227,-0.0,20.0,20.0,10164.1,generic_slender_body_v1,0.0,none,unprofiled,0.0,0.0,0.0,-80.00000000000006,"[764.7929845760227, 0.0, 3320.389604806979]",26.612075808,0.0,0.0,0.0,0.0,0.0,0.0,0.0,,query-000002,0.0,0.0,0.0,0.0,0.0,55473.73152158558,0.0,80.0,0.0,1.0,0.0,80.0,0.0,0.0,0.0,,15.000000000000012,-128312.56865690259,0.0,-14081.956300079763,129082.98403960798,-8413.223977136377,0.0,-128808.51847172309,0.0,0.0,0.0,1.4551915228366852e-11,1.1273302470216927e-16,20.0,20.0,"[59.39250781890971, 0.0, 205.66038904512263]","[0.0, 0.0, 0.0]",0.0
-0.7523827997963839,0.0,-12.286873986871209,-26154.198224098862,0.0,3153.5750464562884,0.0,0.0,0.0,201.8778586506656,"[58.60312456039814, 0.0, 193.184739576232]",0.0,0.0,0.0,0.0,"[0.0, 0.0, 0.0]","[0.7660444431189781, 0.0, -0.6427876096865394, 0.0]","[0.0, 0.0, 0.0]",2,nominal,26343.635290503986,,rigid_body_6dof_surface_allocated,-26154.198224098862,0.0,3153.5750464562884,-7647.294015410425,0.0,-25209.244624957646,-98161.4723292435,0.0,-17308.516037713045,0.0,31190.760000000002,0.0,160480.6870520227,160480.6870520227,-0.0,20.0,20.0,10164.1,generic_slender_body_v1,0.0,none,unprofiled,0.0,0.0,0.0,-80.00000000000006,"[823.7845228296301, 0.0, 3519.780011868839]",26.612075808,0.0,0.0,0.0,0.0,0.0,0.0,0.0,,query-000002,0.0,0.0,0.0,0.0,0.0,54894.58556008261,0.0,80.0,0.0,1.0,0.0,80.0,0.0,0.0,0.0,,16.000000000000025,-124315.67055334235,0.0,-14154.940991256757,125118.93661469917,-7647.294015410425,0.0,-124885.01588995765,0.0,0.0,0.0,1.4999770885397668e-11,1.198840982127998e-16,20.0,20.0,"[58.60312456039814, 0.0, 193.184739576232]","[0.0, 0.0, 0.0]",0.0
-0.6845669627830538,0.0,-11.948045518426946,-22642.938738738674,0.0,3072.784518766687,0.0,0.0,0.0,190.09834460460252,"[57.88523116546258, 0.0, 181.07092708198954]",0.0,0.0,0.0,0.0,"[0.0, 0.0, 0.0]","[0.7660444431189781, 0.0, -0.6427876096865394, 0.0]","[0.0, 0.0, 0.0]",2,nominal,22850.48532143343,,rigid_body_6dof_surface_allocated,-22642.938738738674,0.0,3072.784518766687,-6958.007066423238,0.0,-21765.35818884333,-98161.4723292435,0.0,-17308.516037713045,0.0,31190.760000000002,0.0,160480.6870520227,160480.6870520227,-0.0,20.0,20.0,10164.1,generic_slender_body_v1,0.0,none,unprofiled,0.0,0.0,0.0,-80.00000000000006,"[882.0230508280467, 0.0, 3706.8796183327395]",26.612075808,0.0,0.0,0.0,0.0,0.0,0.0,0.0,,query-000002,0.0,0.0,0.0,0.0,0.0,54420.76131982786,0.0,80.0,0.0,1.0,0.0,80.0,0.0,0.0,0.0,,17.00000000000004,-120804.41106798218,0.0,-14235.731518946359,121640.29671684268,-6958.007066423238,0.0,-121441.12945384333,0.0,0.0,0.0,7.275957614183426e-12,5.981535568858879e-17,20.0,20.0,"[57.88523116546258, 0.0, 181.07092708198954]","[0.0, 0.0, 0.0]",0.0
-0.6232392441771344,0.0,-11.650009935786153,-19551.454552031588,0.0,2984.939485956984,0.0,0.0,0.0,178.6883580458022,"[57.231829910350115, 0.0, 169.27506297803455]",0.0,0.0,0.0,0.0,"[0.0, 0.0, 0.0]","[0.7660444431189781, 0.0, -0.6427876096865394, 0.0]","[0.0, 0.0, 0.0]",2,nominal,19777.99885820053,,rigid_body_6dof_surface_allocated,-19551.454552031588,0.0,2984.939485956984,-6334.666001740811,0.0,-18736.094723324044,-98161.4723292435,0.0,-17308.516037713045,0.0,31190.760000000002,0.0,160480.6870520227,160480.6870520227,-0.0,20.0,20.0,10164.1,generic_slender_body_v1,0.0,none,unprofiled,0.0,0.0,0.0,-80.00000000000006,"[939.576471930097, 0.0, 3882.027784395271]",26.612075808,0.0,0.0,0.0,0.0,0.0,0.0,0.0,,query-000002,0.0,0.0,0.0,0.0,0.0,54034.452422392285,0.0,80.0,0.0,1.0,0.0,80.0,0.0,0.0,0.0,,18.000000000000053,-117712.92688127508,0.0,-14323.576551756061,118581.18737890266,-6334.666001740811,0.0,-118411.86598832405,0.0,0.0,0.0,1.8189894035458565e-12,1.533961198865075e-17,20.0,20.0,"[57.231829910350115, 0.0, 169.27506297803455]","[0.0, 0.0, 0.0]",0.0
-0.5675267928941952,0.0,-11.387466321112766,-16825.144586496746,0.0,2890.6589844777754,0.0,0.0,0.0,167.61761771318365,"[56.63688253461782, 0.0, 157.75908628222618]",0.0,0.0,0.0,0.0,"[0.0, 0.0, 0.0]","[0.7660444431189781, 0.0, -0.6427876096865394, 0.0]","[0.0, 0.0, 0.0]",2,nominal,17071.654861818835,,rigid_body_6dof_surface_allocated,-16825.144586496746,0.0,2890.6589844777754,-5768.399075655889,0.0,-16067.575169422274,-98161.4723292435,0.0,-17308.516037713045,0.0,31190.760000000002,0.0,160480.6870520227,160480.6870520227,-0.0,20.0,20.0,10164.1,generic_slender_body_v1,0.0,none,unprofiled,0.0,0.0,0.0,-80.00000000000006,"[996.5061864538784, 0.0, 4045.5229865051892]",26.612075808,0.0,0.0,0.0,0.0,0.0,0.0,0.0,,query-000002,0.0,0.0,0.0,0.0,0.0,53720.8608795326,0.0,80.0,0.0,1.0,0.0,80.0,0.0,0.0,0.0,,19.000000000000068,-114986.61691574025,0.0,-14417.85705323527,115886.9995803443,-5768.399075655889,0.0,-115743.34643442227,0.0,0.0,0.0,5.4569682106375694e-12,4.708870046164462e-17,20.0,20.0,"[56.63688253461782, 0.0, 157.75908628222618]","[0.0, 0.0, 0.0]",0.0
-0.516702903651722,0.0,-11.155994776703125,-14418.484442244975,0.0,2790.469943485077,0.0,0.0,0.0,156.86274748343484,"[56.09514813776939, 0.0, 146.4897808840383]",0.0,0.0,0.0,0.0,"[0.0, 0.0, 0.0]","[0.7660444431189781, 0.0, -0.6427876096865394, 0.0]","[0.0, 0.0, 0.0]",2,nominal,14686.027921693249,,rigid_body_6dof_surface_allocated,-14418.484442244975,0.0,2790.469943485077,-5251.819983006468,0.0,-13714.87524488823,-98161.4723292435,0.0,-17308.516037713045,0.0,31190.760000000002,0.0,160480.6870520227,160480.6870520227,-0.0,20.0,20.0,10164.1,generic_slender_body_v1,0.0,none,unprofiled,0.0,0.0,0.0,-80.00000000000006,"[1052.8679673047013, 0.0, 4197.62813591861]",26.612075808,0.0,0.0,0.0,0.0,0.0,0.0,0.0,,query-000002,0.0,0.0,0.0,0.0,0.0,53467.63073313215,0.0,80.0,0.0,1.0,0.0,80.0,0.0,0.0,0.0,,20.00000000000008,-112579.95677148848,0.0,-14518.046094227968,113512.20343674213,-5251.819983006468,0.0,-113390.64650988823,0.0,0.0,0.0,1.55414522765887e-11,1.369143740148574e-16,20.0,20.0,"[56.09514813776939, 0.0, 146.4897808840383]","[0.0, 0.0, 0.0]",0.0
-0.4701616709445057,0.0,-10.951890992559603,-12293.325735426024,0.0,2684.845463631891,0.0,0.0,0.0,146.40708517591787,"[55.60205029983007, 0.0, 135.43798061165722]",0.0,0.0,0.0,0.0,"[0.0, 0.0, 0.0]","[0.7660444431189781, 0.0, -0.6427876096865394, 0.0]","[0.0, 0.0, 0.0]",2,nominal,12583.093928000078,,rigid_body_6dof_surface_allocated,-12293.325735426024,0.0,2684.845463631891,-4778.77023964705,0.0,-11640.343972475053,-98161.4723292435,0.0,-17308.516037713045,0.0,31190.760000000002,0.0,160480.6870520227,160480.6870520227,-0.0,20.0,20.0,10164.1,generic_slender_body_v1,0.0,none,unprofiled,0.0,0.0,0.0,-80.00000000000006,"[1108.7126887855038, 0.0, 4338.57501233431]",26.612075808,0.0,0.0,0.0,0.0,0.0,0.0,0.0,,query-000002,0.0,0.0,0.0,0.0,0.0,53264.403939562486,0.0,80.0,0.0,1.0,0.0,80.0,0.0,0.0,0.0,,21.000000000000096,-110454.79806466952,0.0,-14623.670574081154,111418.64366687543,-4778.77023964705,0.0,-111316.11523747505,0.0,0.0,0.0,3.637978807091713e-12,3.2651436845423353e-17,20.0,20.0,"[55.60205029983007, 0.0, 135.43798061165722]","[0.0, 0.0, 0.0]",0.0
-0.4273990305969961,0.0,-10.772036037944199,-10417.5592915306,0.0,2574.244863959772,0.0,0.0,0.0,136.24086883035534,"[55.15356623852911, 0.0, 124.57792128151067]",0.0,0.0,0.0,0.0,"[0.0, 0.0, 0.0]","[0.7660444431189781, 0.0, -0.6427876096865394, 0.0]","[0.0, 0.0, 0.0]",2,nominal,10730.902954186973,,rigid_body_6dof_surface_allocated,-10417.5592915306,0.0,2574.244863959772,-4344.1264868909275,0.0,-9812.280228268632,-98161.4723292435,0.0,-17308.516037713045,0.0,31190.760000000002,0.0,160480.6870520227,160480.6870520227,-0.0,20.0,20.0,10164.1,generic_slender_body_v1,0.0,none,unprofiled,0.0,0.0,0.0,-80.00000000000006,"[1164.0869340776283, 0.0, 4468.567979018499]",26.612075808,0.0,0.0,0.0,0.0,0.0,0.0,0.0,,query-000002,0.0,0.0,0.0,0.0,0.0,53102.469341266806,0.0,80.0,0.0,1.0,0.0,80.0,0.0,0.0,0.0,,22.00000000000011,-108579.0316207741,0.0,-14734.271173753274,109574.19794242964,-4344.1264868909275,0.0,-109488.05149326863,0.0,0.0,0.0,9.094947017729282e-12,8.300263372685395e-17,20.0,20.0,"[55.15356623852911, 0.0, 124.57792128151067]","[0.0, 0.0, 0.0]",0.0
-0.38799907207178624,0.0,-10.613792635585254,-8764.052724460116,0.0,2459.159746110797,0.0,0.0,0.0,126.36186726657868,"[54.74613221784567, 0.0, 113.88670908531253]",0.0,0.0,0.0,0.0,"[0.0, 0.0, 0.0]","[0.7660444431189781, 0.0, -0.6427876096865394, 0.0]","[0.0, 0.0, 0.0]",2,nominal,9102.531890304392,,rigid_body_6dof_surface_allocated,-8764.052724460116,0.0,2459.159746110797,-3943.6613684448425,0.0,-8203.878462352077,-98161.4723292435,0.0,-17308.516037713045,0.0,31190.760000000002,0.0,160480.6870520227,160480.6870520227,-0.0,20.0,20.0,10164.1,generic_slender_body_v1,0.0,none,unprofiled,0.0,0.0,0.0,-80.00000000000006,"[1219.033500443031, 0.0, 4587.787110351934]",26.612075808,0.0,0.0,0.0,0.0,0.0,0.0,0.0,,query-000002,0.0,0.0,0.0,0.0,0.0,52974.48321528101,0.0,80.0,0.0,1.0,0.0,80.0,0.0,0.0,0.0,,23.000000000000124,-106925.5250537036,0.0,-14849.356291602247,107951.70813972857,-3943.6613684448425,0.0,-107879.64972735208,0.0,0.0,0.0,1.8189894035458565e-12,1.6850028914701615e-17,20.0,20.0,"[54.74613221784567, 0.0, 113.88670908531253]","[0.0, 0.0, 0.0]",0.0
-0.3516249893392047,0.0,-10.474921242620539,-7309.794461733974,0.0,2340.171530629813,0.0,0.0,0.0,116.77657436153497,"[54.37656029076698, 0.0, 103.34388230833837]",0.0,0.0,0.0,0.0,"[0.0, 0.0, 0.0]","[0.7660444431189781, 0.0, -0.6427876096865394, 0.0]","[0.0, 0.0, 0.0]",2,nominal,7675.252299798807,,rigid_body_6dof_surface_allocated,-7309.794461733974,0.0,2340.171530629813,-3573.951554142611,0.0,-6792.375737119421,-98161.4723292435,0.0,-17308.516037713045,0.0,31190.760000000002,0.0,160480.6870520227,160480.6870520227,-0.0,20.0,20.0,10164.1,generic_slender_body_v1,0.0,none,unprofiled,0.0,0.0,0.0,-80.00000000000006,"[1273.5918158880886, 0.0, 4696.390836078433]",26.612075808,0.0,0.0,0.0,0.0,0.0,0.0,0.0,,query-000002,0.0,0.0,0.0,0.0,0.0,52874.24535243611,0.0,80.0,0.0,1.0,0.0,80.0,0.0,0.0,0.0,,24.00000000000014,-105471.26679097746,0.0,-14968.344507083231,106528.11579942766,-3573.951554142611,0.0,-106468.14700211943,0.0,0.0,0.0,1.0913936421275139e-11,1.0245122932451015e-16,20.0,20.0,"[54.37656029076698, 0.0, 103.34388230833837]","[0.0, 0.0, 0.0]",0.0
-2.4260786475717184,0.0,-9.25473867040184,1059.1205540336914,0.0,21530.803651482638,0.0,0.0,0.0,107.50215745678277,"[54.027378923326815, 0.0, 92.93952971980318]",0.0,0.0,0.0,0.0,"[0.0, 0.0, 0.0]","[0.7660444431189781, 0.0, -0.6427876096865394, 0.0]","[0.0, 0.0, 0.0]",2,nominal,6429.86555198536,booster-release,rigid_body_6dof_surface_allocated,1059.1205540336914,0.0,21530.803651482638,-21019.788010426128,0.0,4781.814950771417,-83674.97490262773,0.0,-14754.155685436926,0.0,31190.760000000002,0.0,160480.6870520227,160480.6870520227,-0.0,20.0,20.0,8664.1,generic_slender_body_v1,0.0,none,unprofiled,0.0,0.0,0.0,-80.00000000000006,"[1327.798276354626, 0.0, 4794.518186617799]",26.612075808,0.0,0.0,0.0,0.0,0.0,0.0,0.0,,query-000002,0.0,0.0,0.0,0.0,0.0,52796.51870372689,0.0,80.0,0.0,1.0,0.0,80.0,0.0,0.0,0.0,,25.000000000000014,-82615.85434859403,0.0,6776.647966045712,82893.3190758086,-21019.788010426128,0.0,-80183.98131422859,0.0,0.0,0.0,1.4999770885397668e-11,1.7653893148502782e-16,20.0,20.0,"[54.027378923326815, 0.0, 92.93952971980318]","[0.0, 0.0, 0.0]",0.0
-1.998573562867982,0.0,-9.292801844445187,1377.5311675707726,0.0,17825.86187941488,0.0,0.0,0.0,98.41295821760906,"[51.819704931489404, 0.0, 83.66497789370555]",0.0,0.0,0.0,0.0,"[0.0, 0.0, 0.0]","[0.7660444431189781, 0.0, -0.6427876096865394, 0.0]","[0.0, 0.0, 0.0]",2,nominal,5332.861128593994,booster-release,rigid_body_6dof_surface_allocated,1377.5311675707726,0.0,17825.86187941488,-17315.841206044483,0.0,4452.031804542454,-83674.97490262773,0.0,-14754.155685436926,0.0,31190.760000000002,0.0,160480.6870520227,160480.6870520227,-0.0,20.0,20.0,8664.1,generic_slender_body_v1,0.0,none,unprofiled,0.0,0.0,0.0,-80.00000000000006,"[1380.6861991755802, 0.0, 4882.823607097823]",26.612075808,0.0,0.0,0.0,0.0,0.0,0.0,0.0,,query-000002,0.0,0.0,0.0,0.0,0.0,52726.6972991163,0.0,80.0,0.0,1.0,0.0,80.0,0.0,0.0,0.0,,26.00000000000003,-82297.44373505695,0.0,3071.7061939779524,82354.748644307,-17315.841206044483,0.0,-80513.76446045755,0.0,0.0,0.0,4.547473508864641e-13,5.3521225113709485e-18,20.0,20.0,"[51.819704931489404, 0.0, 83.66497789370555]","[0.0, 0.0, 0.0]",0.0
-1.6247176800788203,0.0,-9.323200407066023,1680.6243680228245,0.0,14590.21191381968,0.0,0.0,0.0,89.61093840015833,"[50.012354545873386, 0.0, 74.35647028829992]",0.0,0.0,0.0,0.0,"[0.0, 0.0, 0.0]","[0.7660444431189781, 0.0, -0.6427876096865394, 0.0]","[0.0, 0.0, 0.0]",2,nominal,4380.671534390638,booster-release,rigid_body_6dof_surface_allocated,1680.6243680228245,0.0,14590.21191381968,-14076.716451970908,0.0,4188.655618139245,-83674.97490262773,0.0,-14754.155685436926,0.0,31190.760000000002,0.0,160480.6870520227,160480.6870520227,-0.0,20.0,20.0,8664.1,generic_slender_body_v1,0.0,none,unprofiled,0.0,0.0,0.0,-80.00000000000006,"[1431.5710798481668, 0.0, 4961.836860472214]",26.612075808,0.0,0.0,0.0,0.0,0.0,0.0,0.0,,query-000002,0.0,0.0,0.0,0.0,0.0,52674.057588228316,0.0,80.0,0.0,1.0,0.0,80.0,0.0,0.0,0.0,,27.000000000000043,-81994.3505346049,0.0,-163.94377161724697,81994.51443329554,-14076.716451970908,0.0,-80777.14064686075,0.0,0.0,0.0,3.0202422836420296e-11,3.554656598782632e-16,20.0,20.0,"[50.012354545873386, 0.0, 74.35647028829992]","[0.0, 0.0, 0.0]",0.0
-1.300477662724955,0.0,-9.348769683071886,1950.2759990506433,0.0,11785.173659832168,0.0,0.0,0.0,81.14855923010363,"[48.55373593498582, 0.0, 65.02017680595235]",0.0,0.0,0.0,0.0,"[0.0, 0.0, 0.0]","[0.7660444431189781, 0.0, -0.6427876096865394, 0.0]","[0.0, 0.0, 0.0]",2,nominal,3563.030501986327,booster-release,rigid_body_6dof_surface_allocated,1950.2759990506433,0.0,11785.173659832168,-11267.468517615283,0.0,3967.120853896869,-83674.97490262773,0.0,-14754.155685436926,0.0,31190.760000000002,0.0,160480.6870520227,160480.6870520227,-0.0,20.0,20.0,8664.1,generic_slender_body_v1,0.0,none,unprofiled,0.0,0.0,0.0,-80.00000000000006,"[1480.8271100555612, 0.0, 5031.527312117944]",26.612075808,0.0,0.0,0.0,0.0,0.0,0.0,0.0,,query-000002,0.0,0.0,0.0,0.0,0.0,52634.97164794226,0.0,80.0,0.0,1.0,0.0,80.0,0.0,0.0,0.0,,28.000000000000057,-81724.69890357708,0.0,-2968.9820256047587,81778.61129383829,-11267.468517615283,0.0,-80998.67541110313,0.0,0.0,0.0,5.9117155615240335e-12,6.957759264782233e-17,20.0,20.0,"[48.55373593498582, 0.0, 65.02017680595235]","[0.0, 0.0, 0.0]",0.0
-1.0222630143073126,0.0,-9.371432403491028,2175.4823309199483,0.0,9377.218544761357,0.0,0.0,0.0,73.10547102445939,"[47.39606103153892, 0.0, 55.65988943936836]",0.0,0.0,0.0,0.0,"[0.0, 0.0, 0.0]","[0.7660444431189781, 0.0, -0.6427876096865394, 0.0]","[0.0, 0.0, 0.0]",2,nominal,2871.273710944988,booster-release,rigid_body_6dof_surface_allocated,2175.4823309199483,0.0,9377.218544761357,-8856.988982259987,0.0,3770.7687779133903,-83674.97490262773,0.0,-14754.155685436926,0.0,31190.760000000002,0.0,160480.6870520227,160480.6870520227,-0.0,20.0,20.0,8664.1,generic_slender_body_v1,0.0,none,unprofiled,0.0,0.0,0.0,-80.00000000000006,"[1528.7788285045676, 0.0, 5091.869232419621]",26.612075808,0.0,0.0,0.0,0.0,0.0,0.0,0.0,,query-000002,0.0,0.0,0.0,0.0,0.0,52606.384354961905,0.0,80.0,0.0,1.0,0.0,80.0,0.0,0.0,0.0,,29.00000000000007,-81499.49257170779,0.0,-5376.937140675569,81676.67195999496,-8856.988982259987,0.0,-81195.02748708661,0.0,0.0,0.0,1.8189894035458565e-12,2.1408490045483794e-17,20.0,20.0,"[47.39606103153892, 0.0, 55.65988943936836]","[0.0, 0.0, 0.0]",0.0
-0.7867964990450843,0.0,-9.392170108130834,2352.7990200658032,0.0,7336.906911554252,0.0,0.0,0.0,65.60052882496764,"[46.494961722590716, 0.0, 46.27794200837191]",0.0,0.0,0.0,0.0,"[0.0, 0.0, 0.0]","[0.7660444431189781, 0.0, -0.6427876096865394, 0.0]","[0.0, 0.0, 0.0]",2,nominal,2298.186393458516,booster-release,rigid_body_6dof_surface_allocated,2352.7990200658032,0.0,7336.906911554252,-6816.883547376516,0.0,3591.0952311436313,-83674.97490262773,0.0,-14754.155685436926,0.0,31190.760000000002,0.0,160480.6870520227,160480.6870520227,-0.0,20.0,20.0,8664.1,generic_slender_body_v1,0.0,none,unprofiled,0.0,0.0,0.0,-80.00000000000006,"[1575.7047220452782, 0.0, 5142.839876363926]",26.612075808,0.0,0.0,0.0,0.0,0.0,0.0,0.0,,query-000002,0.0,0.0,0.0,0.0,0.0,52585.745364602,0.0,80.0,0.0,1.0,0.0,80.0,0.0,0.0,0.0,,30.000000000000085,-81322.17588256192,0.0,-7417.248773882675,81659.73224085417,-6816.883547376516,0.0,-81374.70103385637,0.0,0.0,0.0,1.7160311712462504e-11,2.019672911549157e-16,20.0,20.0,"[46.494961722590716, 0.0, 46.27794200837191]","[0.0, 0.0, 0.0]",0.0
-0.590888505105885,0.0,-9.410903702309184,2487.6997272278973,0.0,5637.142482198476,0.0,0.0,0.0,58.80768988858754,"[45.80927878291454, 0.0, 36.87620326743924]",0.0,0.0,0.0,0.0,"[0.0, 0.0, 0.0]","[0.7660444431189781, 0.0, -0.6427876096865394, 0.0]","[0.0, 0.0, 0.0]",2,nominal,1837.8684005610485,booster-release,rigid_body_6dof_surface_allocated,2487.6997272278973,0.0,5637.142482198476,-5119.517097087898,0.0,3428.7854978229916,-83674.97490262773,0.0,-14754.155685436926,0.0,31190.760000000002,0.0,160480.6870520227,160480.6870520227,-0.0,20.0,20.0,8664.1,generic_slender_body_v1,0.0,none,unprofiled,0.0,0.0,0.0,-80.00000000000006,"[1621.8405213942099, 0.0, 5184.418511962628]",26.612075808,0.0,0.0,0.0,0.0,0.0,0.0,0.0,,query-000002,0.0,0.0,0.0,0.0,0.0,52570.949995354444,0.0,80.0,0.0,1.0,0.0,80.0,0.0,0.0,0.0,,31.0000000000001,-81187.27517539983,0.0,-9117.01320323845,81697.57389392977,-5119.517097087898,0.0,-81537.01076717701,0.0,0.0,0.0,1.7160311712462504e-11,2.019672911549157e-16,20.0,20.0,"[45.80927878291454, 0.0, 36.87620326743924]","[0.0, 0.0, 0.0]",0.0
-0.4310405000434738,0.0,-9.426292474644855,2596.887596044243,0.0,4250.091230784323,0.0,0.0,0.0,52.97258006444286,"[45.30115440330756, 0.0, 27.45723308003735]",0.0,0.0,0.0,0.0,"[0.0, 0.0, 0.0]","[0.7660444431189781, 0.0, -0.6427876096865394, 0.0]","[0.0, 0.0, 0.0]",2,nominal,1485.610118757131,booster-release,rigid_body_6dof_surface_allocated,2596.887596044243,0.0,4250.091230784323,-3734.5779964266612,0.0,3295.4556354295055,-83674.97490262773,0.0,-14754.155685436926,0.0,31190.760000000002,0.0,160480.6870520227,160480.6870520227,-0.0,20.0,20.0,8664.1,generic_slender_body_v1,0.0,none,unprofiled,0.0,0.0,0.0,-80.00000000000006,"[1667.3824233768573, 0.0, 5216.586516416343]",26.612075808,0.0,0.0,0.0,0.0,0.0,0.0,0.0,,query-000002,0.0,0.0,0.0,0.0,0.0,52560.285280556236,0.0,80.0,0.0,1.0,0.0,80.0,0.0,0.0,0.0,,32.000000000000114,-81078.08730658349,0.0,-10504.064454652604,81755.68244080326,-3734.5779964266612,0.0,-81670.34062957049,0.0,0.0,0.0,1.4999770885397668e-11,1.7653893148502782e-16,20.0,20.0,"[45.30115440330756, 0.0, 27.45723308003735]","[0.0, 0.0, 0.0]",0.0
-0.3027913672829459,0.0,-9.435542670960146,2710.9120311719107,0.0,3141.892018864086,0.0,0.0,0.0,48.41720760434127,"[44.93664421615412, 0.0, 18.025648359841725]",0.0,0.0,0.0,0.0,"[0.0, 0.0, 0.0]","[0.7660444431189781, 0.0, -0.6427876096865394, 0.0]","[0.0, 0.0, 0.0]",2,nominal,1237.7704060926621,booster-release,rigid_body_6dof_surface_allocated,2710.9120311719107,0.0,3141.892018864086,-2623.414685276172,0.0,3215.311009534192,-83674.97490262773,0.0,-14754.155685436926,0.0,31190.760000000002,0.0,160480.6870520227,160480.6870520227,-0.0,20.0,20.0,8664.1,generic_slender_body_v1,0.0,none,unprofiled,0.0,0.0,0.0,-80.00000000000006,"[1712.4906438907724, 0.0, 5239.328733874925]",26.612075808,0.0,0.0,0.0,0.0,0.0,0.0,0.0,,query-000002,0.0,0.0,0.0,0.0,0.0,52552.376124155475,0.0,80.0,0.0,1.0,0.0,80.0,0.0,0.0,0.0,,33.00000000000006,-80964.06287145581,0.0,-11612.26366657284,81792.56778042277,-2623.414685276172,0.0,-81750.4852554658,0.0,0.0,0.0,1.626953582672133e-11,1.914833561493173e-16,20.0,20.0,"[44.93664421615412, 0.0, 18.025648359841725]","[0.0, 0.0, 0.0]",0.0
-0.19983751317865714,0.0,-9.434492556766312,2874.766708425029,0.0,2265.02095586073,0.0,0.0,0.0,45.505149260970114,"[44.68711045756166, 0.0, 8.589573226700642]",0.0,0.0,0.0,0.0,"[0.0, 0.0, 0.0]","[0.7660444431189781, 0.0, -0.6427876096865394, 0.0]","[0.0, 0.0, 0.0]",2,nominal,1091.6458711683422,booster-release,rigid_body_6dof_surface_allocated,2874.766708425029,0.0,2265.02095586073,-1731.4121979312033,0.0,3224.4093039209793,-83674.97490262773,0.0,-14754.155685436926,0.0,31190.760000000002,0.0,160480.6870520227,160480.6870520227,-0.0,20.0,20.0,8664.1,generic_slender_body_v1,0.0,none,unprofiled,0.0,0.0,0.0,-80.00000000000006,"[1757.2939540338286, 0.0, 5252.636264025274]",26.612075808,0.0,0.0,0.0,0.0,0.0,0.0,0.0,,query-000002,0.0,0.0,0.0,0.0,0.0,52546.124723235036,0.0,80.0,0.0,1.0,0.0,80.0,0.0,0.0,0.0,,34.0,-80800.2081942027,0.0,-12489.134729576197,81759.72193274634,-1731.4121979312033,0.0,-81741.38696107901,0.0,0.0,0.0,2.9160618472599524e-11,3.4320420397933317e-16,20.0,20.0,"[44.68711045756166, 0.0, 8.589573226700642]","[0.0, 0.0, 0.0]",0.0
-0.1133618516345782,0.0,-9.41836798843694,3142.4522303615217,0.0,1551.4292178159449,0.0,0.0,0.0,44.539340657302546,"[44.53145085096108, 0.0, -0.8383026277434386]",0.0,0.0,0.0,0.0,"[0.0, 0.0, 0.0]","[0.7660444431189781, 0.0, -0.6427876096865394, 0.0]","[0.0, 0.0, 0.0]",2,nominal,1045.3225182122458,booster-release,rigid_body_6dof_surface_allocated,3142.4522303615217,0.0,1551.4292178159449,-982.178418747149,0.0,3364.114176383503,-83674.97490262773,0.0,-14754.155685436926,0.0,31190.760000000002,0.0,160480.6870520227,160480.6870520227,-0.0,20.0,20.0,8664.1,generic_slender_body_v1,0.0,none,unprofiled,0.0,0.0,0.0,-80.00000000000006,"[1801.8960438460908, 0.0, 5256.510561317126]",26.612075808,0.0,0.0,0.0,0.0,0.0,0.0,0.0,,query-000002,0.0,0.0,0.0,0.0,0.0,52540.63572923422,0.0,80.0,0.0,1.0,0.0,80.0,0.0,0.0,0.0,,34.99999999999994,-80532.5226722662,0.0,-13202.726467620982,81607.59274808863,-982.178418747149,0.0,-81601.6820886165,0.0,0.0,0.0,1.0913936421275139e-11,1.2845094027290276e-16,20.0,20.0,"[44.53145085096108, 0.0, -0.8383026277434386]","[0.0, 0.0, 0.0]",0.0
-0.032452168694370905,0.0,-9.38320528976113,3564.2060390287156,0.0,913.9720067583037,0.0,0.0,0.0,45.62274185254925,"[44.45852827348084, 0.0, -10.240792835540331]",0.0,0.0,0.0,0.0,"[0.0, 0.0, 0.0]","[0.7660444431189781, 0.0, -0.6427876096865394, 0.0]","[0.0, 0.0, 0.0]",2,nominal,1097.5105086189617,booster-release,rigid_body_6dof_surface_allocated,3564.2060390287156,0.0,913.9720067583037,-281.168834784899,0.0,3668.7673139805793,-83674.97490262773,0.0,-14754.155685436926,0.0,31190.760000000002,0.0,160480.6870520227,160480.6870520227,-0.0,20.0,20.0,8664.1,generic_slender_body_v1,0.0,none,unprofiled,0.0,0.0,0.0,-80.00000000000006,"[1846.3843067866444, 0.0, 5250.968086110937]",26.612075808,0.0,0.0,0.0,0.0,0.0,0.0,0.0,,query-000002,0.0,0.0,0.0,0.0,0.0,52535.123468731996,0.0,80.0,0.0,1.0,0.0,80.0,0.0,0.0,0.0,,35.999999999999886,-80110.768863599,0.0,-13840.183678678623,81297.51516606484,-281.168834784899,0.0,-81297.02895101941,0.0,0.0,0.0,1.8189894035458565e-12,2.1408490045483794e-17,20.0,20.0,"[44.45852827348084, 0.0, -10.240792835540331]","[0.0, 0.0, 0.0]",0.0
0.05405094849914346,0.0,-9.327007300096993,4173.85824779252,0.0,260.4366739532056,0.0,0.0,0.0,48.595376433914616,"[44.46843356619908, 0.0, -19.597679120814348]",0.0,0.0,0.0,0.0,"[0.0, 0.0, 0.0]","[0.7660444431189781, 0.0, -0.6427876096865394, 0.0]","[0.0, 0.0, 0.0]",2,nominal,1247.3787439128535,booster-release,rigid_body_6dof_surface_allocated,4173.85824779252,0.0,260.4366739532056,468.30282289142883,0.0,4155.672316229635,-83674.97490262773,0.0,-14754.155685436926,0.0,31190.760000000002,0.0,160480.6870520227,160480.6870520227,-0.0,20.0,20.0,8664.1,generic_slender_body_v1,0.0,none,unprofiled,0.0,0.0,0.0,-80.00000000000006,"[1890.840592170472, 0.0, 5236.044166944331]",26.612075808,0.0,0.0,0.0,0.0,0.0,0.0,0.0,,query-000002,0.0,0.0,0.0,0.0,0.0,52528.807835141546,0.0,80.0,0.0,1.0,0.0,80.0,0.0,0.0,0.0,,36.99999999999983,-79501.1166548352,0.0,-14493.719011483721,80811.48086843574,468.30282289142883,0.0,-80810.12394877036,0.0,0.0,0.0,5.4569682106375694e-12,6.422547013645138e-17,20.0,20.0,"[44.46843356619908, 0.0, -19.597679120814348]","[0.0, 0.0, 0.0]",0.0
0.15545030433179086,0.0,-9.24966596972785,4986.326905278175,0.0,-488.3901451189802,0.0,0.0,0.0,53.11433094707149,"[44.57162845002117, 0.0, -28.887749813169915]",0.0,0.0,0.0,0.0,"[0.0, 0.0, 0.0]","[0.7660444431189781, 0.0, -0.6427876096865394, 0.0]","[0.0, 0.0, 0.0]",2,nominal,1494.4137063196895,booster-release,rigid_body_6dof_surface_allocated,4986.326905278175,0.0,-488.3901451189802,1346.8369817610692,0.0,4825.765336680919,-83674.97490262773,0.0,-14754.155685436926,0.0,31190.760000000002,0.0,160480.6870520227,160480.6870520227,-0.0,20.0,20.0,8664.1,generic_slender_body_v1,0.0,none,unprofiled,0.0,0.0,0.0,-80.00000000000006,"[1935.3521822037346, 0.0, 5211.79500610894]",26.612075808,0.0,0.0,0.0,0.0,0.0,0.0,0.0,,query-000002,0.0,0.0,0.0,0.0,0.0,52520.81557263575,0.0,80.0,0.0,1.0,0.0,80.0,0.0,0.0,0.0,,37.99999999999977,-78688.64799734956,0.0,-15242.545830555906,80151.34763088751,1346.8369817610692,0.0,-80140.03092831907,0.0,0.0,0.0,2.9999541770795335e-11,3.5307786297005564e-16,20.0,20.0,"[44.57162845002117, 0.0, -28.887749813169915]","[0.0, 0.0, 0.0]",0.0
0.27824864147989203,0.0,-9.151983504598359,6004.5506210560225,0.0,-1389.1998488092315,0.0,0.0,0.0,58.79367266377538,"[44.78649587491518, 0.0, -38.09023145822789]",0.0,0.0,0.0,0.0,"[0.0, 0.0, 0.0]","[0.7660444431189781, 0.0, -0.6427876096865394, 0.0]","[0.0, 0.0, 0.0]",2,nominal,1838.3156160838396,booster-release,rigid_body_6dof_surface_allocated,6004.5506210560225,0.0,-1389.1998488092315,2410.7740546459327,0.0,5672.095982809344,-83674.97490262773,0.0,-14754.155685436926,0.0,31190.760000000002,0.0,160480.6870520227,160480.6870520227,-0.0,20.0,20.0,8664.1,generic_slender_body_v1,0.0,none,unprofiled,0.0,0.0,0.0,-80.00000000000006,"[1980.0210165600909, 0.0, 5178.297874097676]",26.612075808,0.0,0.0,0.0,0.0,0.0,0.0,0.0,,query-000002,0.0,0.0,0.0,0.0,0.0,52510.102819667554,0.0,80.0,0.0,1.0,0.0,80.0,0.0,0.0,0.0,,38.999999999999716,-77670.4242815717,0.0,-16143.355534246159,79330.33931595425,2410.7740546459327,0.0,-79293.70028219065,0.0,0.0,0.0,1.4665161412810538e-11,1.7260076474857407e-16,20.0,20.0,"[44.78649587491518, 0.0, -38.09023145822789]","[0.0, 0.0, 0.0]",0.0
0.42640902858162044,0.0,-9.034757614440514,7227.685415772824,0.0,-2477.0073711076648,0.0,0.0,0.0,65.29744632867362,"[45.13659997731932, 0.0, -47.18520784667022]",0.0,0.0,0.0,0.0,"[0.0, 0.0, 0.0]","[0.7660444431189781, 0.0, -0.6427876096865394, 0.0]","[0.0, 0.0, 0.0]",2,nominal,2278.9263952044403,booster-release,rigid_body_6dof_surface_allocated,7227.685415772824,0.0,-2477.0073711076648,3694.450464534018,0.0,6687.752817725943,-83674.97490262773,0.0,-14754.155685436926,0.0,31190.760000000002,0.0,160480.6870520227,160480.6870520227,-0.0,20.0,20.0,8664.1,generic_slender_body_v1,0.0,none,unprofiled,0.0,0.0,0.0,-80.00000000000006,"[2024.970220644598, 0.0, 5135.650385132721]",26.612075808,0.0,0.0,0.0,0.0,0.0,0.0,0.0,,query-000002,0.0,0.0,0.0,0.0,0.0,52495.4040978848,0.0,80.0,0.0,1.0,0.0,80.0,0.0,0.0,0.0,,39.99999999999966,-76447.2894868549,0.0,-17231.163056544592,78365.17753548588,3694.450464534018,0.0,-78278.04344727406,0.0,0.0,0.0,7.275957614183426e-12,8.563396018193518e-17,20.0,20.0,"[45.13659997731932, 0.0, -47.18520784667022]","[0.0, 0.0, 0.0]",0.0
0.6020565417005389,0.0,-8.898331825733278,8655.997347009841,0.0,-3770.461703202661,0.0,0.0,0.0,72.36700672820292,"[45.64848952292052, 0.0, -56.153353124061816]",0.0,0.0,0.0,0.0,"[0.0, 0.0, 0.0]","[0.7660444431189781, 0.0, -0.6427876096865394, 0.0]","[0.0, 0.0, 0.0]",2,nominal,2816.1751832091445,booster-release,rigid_body_6dof_surface_allocated,8655.997347009841,0.0,-3770.461703202661,5216.27808294764,0.0,7869.759493664305,-83674.97490262773,0.0,-14754.155685436926,0.0,31190.760000000002,0.0,160480.6870520227,160480.6870520227,-0.0,20.0,20.0,8664.1,generic_slender_body_v1,0.0,none,unprofiled,0.0,0.0,0.0,-80.00000000000006,"[2070.348129303355, 0.0, 5083.969736141677]",26.612075808,0.0,0.0,0.0,0.0,0.0,0.0,0.0,,query-000002,0.0,0.0,0.0,0.0,0.0,52475.203644333655,0.0,80.0,0.0,1.0,0.0,80.0,0.0,0.0,0.0,,40.9999999999996,-75018.9775556179,0.0,-18524.617388639588,77272.30061856439,5216.27808294764,0.0,-77096.0367713357,0.0,0.0,0.0,1.626953582672133e-11,1.914833561493173e-16,20.0,20.0,"[45.64848952292052, 0.0, -56.153353124061816]","[0.0, 0.0, 0.0]",0.0
0.806099029082714,0.0,-8.742488827700136,10292.706475453682,0.0,-5276.982090420214,0.0,0.0,0.0,79.81317598408054,"[46.35018680566091, 0.0, -64.97540491406073]",0.0,0.0,0.0,0.0,"[0.0, 0.0, 0.0]","[0.7660444431189781, 0.0, -0.6427876096865394, 0.0]","[0.0, 0.0, 0.0]",2,nominal,3450.028966979091,booster-release,rigid_body_6dof_surface_allocated,10292.706475453682,0.0,-5276.982090420214,6984.122597875543,0.0,9219.998812923246,-83674.97490262773,0.0,-14754.155685436926,0.0,31190.760000000002,0.0,160480.6870520227,160480.6870520227,-0.0,20.0,20.0,8664.1,generic_slender_body_v1,0.0,none,unprofiled,0.0,0.0,0.0,-80.00000000000006,"[2116.3304640313067, 0.0, 5023.3923712431415]",26.612075808,0.0,0.0,0.0,0.0,0.0,0.0,0.0,,query-000002,0.0,0.0,0.0,0.0,0.0,52447.72232778445,0.0,80.0,0.0,1.0,0.0,80.0,0.0,0.0,0.0,,41.999999999999545,-73382.26842717404,0.0,-20031.13777585714,76067.10064221715,6984.122597875543,0.0,-75745.79745207675,0.0,0.0,0.0,1.8189894035458565e-11,2.1408490045483792e-16,20.0,20.0,"[46.35018680566091, 0.0, -64.97540491406073]","[0.0, 0.0, 0.0]",0.0
1.038635358354277,0.0,-8.566490947675671,12144.255719951594,0.0,-6996.30228575291,0.0,0.0,0.0,87.49906348430022,"[47.270191794961086, 0.0, -73.63161738205399]",0.0,0.0,0.0,0.0,"[0.0, 0.0, 0.0]","[0.7660444431189781, 0.0, -0.6427876096865394, 0.0]","[0.0, 0.0, 0.0]",2,nominal,4180.4407371341995,booster-release,rigid_body_6dof_surface_allocated,12144.255719951594,0.0,-6996.30228575291,8998.84060831729,0.0,10744.862045243213,-83674.97490262773,0.0,-14754.155685436926,0.0,31190.760000000002,0.0,160480.6870520227,160480.6870520227,-0.0,20.0,20.0,8664.1,generic_slender_body_v1,0.0,none,unprofiled,0.0,0.0,0.0,-80.00000000000006,"[2163.1212746233027, 0.0, 4954.074195254287]",26.612075808,0.0,0.0,0.0,0.0,0.0,0.0,0.0,,query-000002,0.0,0.0,0.0,0.0,0.0,52410.91476220525,0.0,80.0,0.0,1.0,0.0,80.0,0.0,0.0,0.0,,42.99999999999949,-71530.71918267614,0.0,-21750.457971189837,74764.47156736524,8998.84060831729,0.0,-74220.93421975679,0.0,0.0,0.0,2.0579515874459978e-11,2.4220941577802063e-16,20.0,20.0,"[47.270191794961086, 0.0, -73.63161738205399]","[0.0, 0.0, 0.0]",0.0
1.2991870227911055,0.0,-8.369159263429783,14219.984286584297,0.0,-8922.56574896983,0.0,0.0,0.0,95.32441343413556,"[48.43680100456167, 0.0, -82.10127955766887]",0.0,0.0,0.0,0.0,"[0.0, 0.0, 0.0]","[0.7660444431189781, 0.0, -0.6427876096865394, 0.0]","[0.0, 0.0, 0.0]",2,nominal,5007.291237658948,booster-release,rigid_body_6dof_surface_allocated,14219.984286584297,0.0,-8922.56574896983,11256.286284164418,0.0,12454.56349071801,-83674.97490262773,0.0,-14754.155685436926,0.0,31190.760000000002,0.0,160480.6870520227,160480.6870520227,-0.0,20.0,20.0,8664.1,generic_slender_body_v1,0.0,none,unprofiled,0.0,0.0,0.0,-80.00000000000006,"[2210.953057072755, 0.0, 4876.191304628822]",26.612075808,0.0,0.0,0.0,0.0,0.0,0.0,0.0,,query-000002,0.0,0.0,0.0,0.0,0.0,52362.47335581924,0.0,80.0,0.0,1.0,0.0,80.0,0.0,0.0,0.0,,43.99999999999943,-69454.99061604343,0.0,-23676.721434406754,73379.71694792216,11256.286284164418,0.0,-72511.23277428199,0.0,0.0,0.0,2.6233838256040975e-11,3.0875763435700884e-16,20.0,20.0,"[48.43680100456167, 0.0, -82.10127955766887]","[0.0, 0.0, 0.0]",0.0
1.5868141797643984,0.0,-8.148952220168079,16531.631451686393,0.0,-11045.434021187308,0.0,0.0,0.0,103.21396386348914,"[49.87759556535074, 0.0, -90.36231403097725]",0.0,0.0,0.0,0.0,"[0.0, 0.0, 0.0]","[0.7660444431189781, 0.0, -0.6427876096865394, 0.0]","[0.0, 0.0, 0.0]",2,nominal,5930.3223701390125,booster-release,rigid_body_6dof_surface_allocated,16531.631451686393,0.0,-11045.434021187308,13748.316734896725,0.0,14362.459334241736,-83674.97490262773,0.0,-14754.155685436926,0.0,31190.760000000002,0.0,160480.6870520227,160480.6870520227,-0.0,20.0,20.0,8664.1,generic_slender_body_v1,0.0,none,unprofiled,0.0,0.0,0.0,-80.00000000000006,"[2260.086284545638, 0.0, 4789.941159804299]",26.612075808,0.0,0.0,0.0,0.0,0.0,0.0,0.0,,query-000002,0.0,0.0,0.0,0.0,0.0,52299.83764300164,0.0,80.0,0.0,1.0,0.0,80.0,0.0,0.0,0.0,,44.999999999999375,-67143.34345094133,0.0,-25799.589706624232,71929.4612714513,13748.316734896725,0.0,-70603.33693075826,0.0,0.0,0.0,2.9999541770795335e-11,3.5307786297005564e-16,20.0,20.0,"[49.87759556535074, 0.0, -90.36231403097725]","[0.0, 0.0, 0.0]",0.0
1.9001617980249181,0.0,-7.904035754946966,19092.80765600628,0.0,-13350.585977864455,0.0,0.0,0.0,111.10940993855641,"[51.61900738115011, 0.0, -98.39095006086153]",0.0,0.0,0.0,0.0,"[0.0, 0.0, 0.0]","[0.7660444431189781, 0.0, -0.6427876096865394, 0.0]","[0.0, 0.0, 0.0]",2,nominal,6949.0612934102965,booster-release,rigid_body_6dof_surface_allocated,19092.80765600628,0.0,-13350.585977864455,16463.191834267695,0.0,16484.440080563993,-83674.97490262773,0.0,-14754.155685436926,0.0,31190.760000000002,0.0,160480.6870520227,160480.6870520227,-0.0,20.0,20.0,8664.1,generic_slender_body_v1,0.0,none,unprofiled,0.0,0.0,0.0,-80.00000000000006,"[2310.808471268414, 0.0, 4695.544120926809]",26.612075808,0.0,0.0,0.0,0.0,0.0,0.0,0.0,,query-000002,0.0,0.0,0.0,0.0,0.0,52220.208241933986,0.0,80.0,0.0,1.0,0.0,80.0,0.0,0.0,0.0,,45.99999999999932,-64582.16724662145,0.0,-28104.74166330138,70432.46999950726,16463.191834267695,0.0,-68481.35618443601,0.0,0.0,0.0,1.626953582672133e-11,1.914833561493173e-16,20.0,20.0,"[51.61900738115011, 0.0, -98.39095006086153]","[0.0, 0.0, 0.0]",0.0
2.237464345525162,0.0,-7.632347343581938,21918.455079052525,0.0,-15819.85418642361,0.0,0.0,0.0,118.96399928857406,"[53.68590890111565, 0.0, -106.16146340453753]",0.0,0.0,0.0,0.0,"[0.0, 0.0, 0.0]","[0.7660444431189781, 0.0, -0.6427876096865394, 0.0]","[0.0, 0.0, 0.0]",2,nominal,8062.734779787476,booster-release,rigid_body_6dof_surface_allocated,21918.455079052525,0.0,-15819.85418642361,19385.614836064557,0.0,18838.37564547172,-83674.97490262773,0.0,-14754.155685436926,0.0,31190.760000000002,0.0,160480.6870520227,160480.6870520227,-0.0,20.0,20.0,8664.1,generic_slender_body_v1,0.0,none,unprofiled,0.0,0.0,0.0,-80.00000000000006,"[2363.4328178193405, 0.0, 4593.245276597684]",26.612075808,0.0,0.0,0.0,0.0,0.0,0.0,0.0,,query-000002,0.0,0.0,0.0,0.0,0.0,52120.5653551126,0.0,80.0,0.0,1.0,0.0,80.0,0.0,0.0,0.0,,46.99999999999926,-61756.5198235752,0.0,-30574.009871860537,68910.3607621108,19385.614836064557,0.0,-66127.42061952827,0.0,0.0,0.0,1.8189894035458565e-11,2.1408490045483792e-16,20.0,20.0,"[53.68590890111565, 0.0, -106.16146340453753]","[0.0, 0.0, 0.0]",0.0
2.596525978259949,0.0,-7.331658763562417,25024.282310235085,0.0,-18431.1502952007,0.0,0.0,0.0,126.73891498331103,"[56.10119424912696, 0.0, -113.64597914122903]",0.0,0.0,0.0,0.0,"[0.0, 0.0, 0.0]","[0.7660444431189781, 0.0, -0.6427876096865394, 0.0]","[0.0, 0.0, 0.0]",2,nominal,9270.173761105412,booster-release,rigid_body_6dof_surface_allocated,25024.282310235085,0.0,-18431.1502952007,22496.560728242024,0.0,21443.571571618857,-83674.97490262773,0.0,-14754.155685436926,0.0,31190.760000000002,0.0,160480.6870520227,160480.6870520227,-0.0,20.0,20.0,8664.1,generic_slender_body_v1,0.0,none,unprofiled,0.0,0.0,0.0,-80.00000000000006,"[2418.2964439034804, 0.0, 4483.316501187047]",26.612075808,0.0,0.0,0.0,0.0,0.0,0.0,0.0,,query-000002,0.0,0.0,0.0,0.0,0.0,51997.69205193942,0.0,80.0,0.0,1.0,0.0,80.0,0.0,0.0,0.0,,47.999999999999204,-58650.69259239265,0.0,-33185.305980637626,67388.19091351156,22496.560728242024,0.0,-63522.22469338114,0.0,0.0,0.0,2.0579515874459978e-11,2.4220941577802063e-16,20.0,20.0,"[56.10119424912696, 0.0, -113.64597914122903]","[0.0, 0.0, 0.0]",0.0
2.9746866828371843,0.0,-6.999642226316538,28426.14913843364,0.0,-21158.2756421841,0.0,0.0,0.0,134.40084385609677,"[58.8853328241129, 0.0, -120.81433858373084]",0.0,0.0,0.0,0.0,"[0.0, 0.0, 0.0]","[0.7660444431189781, 0.0, -0.6427876096865394, 0.0]","[0.0, 0.0, 0.0]",2,nominal,10569.708375426346,booster-release,rigid_body_6dof_surface_allocated,28426.14913843364,0.0,-21158.2756421841,25772.98288876965,0.0,24320.19605197088,-83674.97490262773,0.0,-14754.155685436926,0.0,31190.760000000002,0.0,160480.6870520227,160480.6870520227,-0.0,20.0,20.0,8664.1,generic_slender_body_v1,0.0,none,unprofiled,0.0,0.0,0.0,-80.00000000000006,"[2475.7581896586316, 0.0, 4366.058677561601]",26.612075808,0.0,0.0,0.0,0.0,0.0,0.0,0.0,,query-000002,0.0,0.0,0.0,0.0,0.0,51848.20274492492,0.0,80.0,0.0,1.0,0.0,80.0,0.0,0.0,0.0,,48.99999999999915,-55248.82576419409,0.0,-35912.43132762103,65894.88198777937,25772.98288876965,0.0,-60645.600213029116,0.0,0.0,0.0,2.0579515874459978e-11,2.4220941577802063e-16,20.0,20.0,"[58.8853328241129, 0.0, -120.81433858373084]","[0.0, 0.0, 0.0]",0.0
3.3687814558157103,0.0,-6.633943791474653,32139.378731889814,0.0,-23970.683405962474,0.0,0.0,0.0,141.92032952253484,"[62.05588505612194, 0.0, -127.63403567107895]",0.0,0.0,0.0,0.0,"[0.0, 0.0, 0.0]","[0.7660444431189781, 0.0, -0.6427876096865394, 0.0]","[0.0, 0.0, 0.0]",2,nominal,11959.054284477053,booster-release,rigid_body_6dof_surface_allocated,32139.378731889814,0.0,-23970.683405962474,29187.459411332897,0.0,27488.64386128445,-83674.97490262773,0.0,-14754.155685436926,0.0,31190.760000000002,0.0,160480.6870520227,160480.6870520227,-0.0,20.0,20.0,8664.1,generic_slender_body_v1,0.0,none,unprofiled,0.0,0.0,0.0,-80.00000000000006,"[2536.1959522176594, 0.0, 4241.804018768277]",26.612075808,0.0,0.0,0.0,0.0,0.0,0.0,0.0,,query-000002,0.0,0.0,0.0,0.0,0.0,51668.577346546364,0.0,80.0,0.0,1.0,0.0,80.0,0.0,0.0,0.0,,49.99999999999909,-51535.59617073792,0.0,-38724.8390913994,64463.40694788128,29187.459411332897,0.0,-57477.15240371555,0.0,0.0,0.0,3.253907165344266e-11,3.829667122986346e-16,20.0,20.0,"[62.05588505612194, 0.0, -127.63403567107895]","[0.0, 0.0, 0.0]",0.0
3.775098050357013,0.0,-6.2322671669873495,36177.97904559391,0.0,-26833.24415788879,0.0,0.0,0.0,149.27065031186547,"[65.6269761978754, 0.0, -134.0702317431081]",0.0,0.0,0.0,0.0,"[0.0, 0.0, 0.0]","[0.7660444431189781, 0.0, -0.6427876096865394, 0.0]","[0.0, 0.0, 0.0]",2,nominal,13435.191612070586,booster-release,rigid_body_6dof_surface_allocated,36177.97904559391,0.0,-26833.24415788879,32707.8270180982,0.0,30968.810303504895,-83674.97490262773,0.0,-14754.155685436926,0.0,31190.760000000002,0.0,160480.6870520227,160480.6870520227,-0.0,20.0,20.0,8664.1,generic_slender_body_v1,0.0,none,unprofiled,0.0,0.0,0.0,-80.00000000000006,"[2600.0035171633813, 0.0, 4110.918415000854]",26.612075808,0.0,0.0,0.0,0.0,0.0,0.0,0.0,,query-000002,0.0,0.0,0.0,0.0,0.0,51455.20159673174,0.0,80.0,0.0,1.0,0.0,80.0,0.0,0.0,0.0,,50.999999999999034,-47496.99585703382,0.0,-41587.399843325715,63130.629976040414,32707.8270180982,0.0,-53996.9859614951,0.0,0.0,0.0,3.253907165344266e-11,3.829667122986346e-16,20.0,20.0,"[65.6269761978754, 0.0, -134.0702317431081]","[0.0, 0.0, 0.0]",0.0
4.189338293145746,0.0,-5.79247019137485,40553.761390217776,0.0,-29706.060957798494,0.0,0.0,0.0,156.42705469851904,"[69.60872923574644, 0.0, -140.08586029945351]",0.0,0.0,0.0,0.0,"[0.0, 0.0, 0.0]","[0.7660444431189781, 0.0, -0.6427876096865394, 0.0]","[0.0, 0.0, 0.0]",2,nominal,14994.238574799418,booster-release,rigid_body_6dof_surface_allocated,40553.761390217776,0.0,-29706.060957798494,36296.84590564406,0.0,34779.25527990916,-83674.97490262773,0.0,-14754.155685436926,0.0,31190.760000000002,0.0,160480.6870520227,160480.6870520227,-0.0,20.0,20.0,8664.1,generic_slender_body_v1,0.0,none,unprofiled,0.0,0.0,0.0,-80.00000000000006,"[2667.586843037272, 0.0, 3973.803721857846]",26.612075808,0.0,0.0,0.0,0.0,0.0,0.0,0.0,,query-000002,0.0,0.0,0.0,0.0,0.0,51204.41398978398,0.0,80.0,0.0,1.0,0.0,80.0,0.0,0.0,0.0,,51.99999999999898,-43121.21351240995,0.0,-44460.21664323542,61936.66053918529,36296.84590564406,0.0,-50186.54098509084,0.0,0.0,0.0,2.6233838256040975e-11,3.0875763435700884e-16,20.0,20.0,"[69.60872923574644, 0.0, -140.08586029945351]","[0.0, 0.0, 0.0]",0.0
4.606588010835897,0.0,-5.312675424824069,45275.35157076402,0.0,-32544.379137105778,0.0,0.0,0.0,163.36624600032602,"[74.0066629919114, 0.0, -145.6418352158496]",0.0,0.0,0.0,0.0,"[0.0, 0.0, 0.0]","[0.7660444431189781, 0.0, -0.6427876096865394, 0.0]","[0.0, 0.0, 0.0]",2,nominal,16631.322743514094,booster-release,rigid_body_6dof_surface_allocated,45275.35157076402,0.0,-32544.379137105778,39911.939184683295,0.0,38936.24511678178,-83674.97490262773,0.0,-14754.155685436926,0.0,31190.760000000002,0.0,160480.6870520227,160480.6870520227,-0.0,20.0,20.0,8664.1,generic_slender_body_v1,0.0,none,unprofiled,0.0,0.0,0.0,-80.00000000000006,"[2739.3597606377502, 0.0, 3830.8998932898735]",26.612075808,0.0,0.0,0.0,0.0,0.0,0.0,0.0,,query-000002,0.0,0.0,0.0,0.0,0.0,50912.559604650654,0.0,80.0,0.0,1.0,0.0,80.0,0.0,0.0,0.0,,52.99999999999892,-38399.62333186371,0.0,-47298.5348225427,60923.57891972775,39911.939184683295,0.0,-46029.55114821822,0.0,0.0,0.0,3.637978807091713e-11,4.2816980090967584e-16,20.0,20.0,"[74.0066629919114, 0.0, -145.6418352158496]","[0.0, 0.0, 0.0]",0.0
5.021300920134699,0.0,-4.791395257674747,50347.09816435226,0.0,-35298.63706774685,0.0,0.0,0.0,170.06604579684046,"[78.82106667212761, 0.0, -150.69737682402123]",0.0,0.0,0.0,0.0,"[0.0, 0.0, 0.0]","[0.7660444431189781, 0.0, -0.6427876096865394, 0.0]","[0.0, 0.0, 0.0]",2,nominal,18340.453877567496,booster-release,rigid_body_6dof_surface_allocated,50347.09816435226,0.0,-35298.63706774685,43505.05330213905,0.0,43452.66861298022,-83674.97490262773,0.0,-14754.155685436926,0.0,31190.760000000002,0.0,160480.6870520227,160480.6870520227,-0.0,20.0,20.0,8664.1,generic_slender_body_v1,0.0,none,unprofiled,0.0,0.0,0.0,-80.00000000000006,"[2815.7390574803544, 0.0, 3682.686848610443]",26.612075808,0.0,0.0,0.0,0.0,0.0,0.0,0.0,,query-000002,0.0,0.0,0.0,0.0,0.0,50576.050950412115,0.0,80.0,0.0,1.0,0.0,80.0,0.0,0.0,0.0,,53.99999999999886,-33327.87673827547,0.0,-50052.79275318378,60133.43022208902,43505.05330213905,0.0,-41513.12765201978,0.0,0.0,0.0,3.086927381168996e-11,3.633141236670309e-16,20.0,20.0,"[78.82106667212761, 0.0, -150.69737682402123]","[0.0, 0.0, 0.0]",0.0
5.427302225426694,0.0,-4.22767070348554,55767.893684794566,0.0,-37914.70567369594,0.0,0.0,0.0,176.50518954680774,"[84.04636766378381, 0.0, -155.2104700704131]",0.0,0.0,0.0,0.0,"[0.0, 0.0, 0.0]","[0.7660444431189781, 0.0, -0.6427876096865394, 0.0]","[0.0, 0.0, 0.0]",2,nominal,20114.403384632355,booster-release,rigid_body_6dof_surface_allocated,55767.893684794566,0.0,-37914.70567369594,47022.689211319426,0.0,48336.83452293093,-83674.97490262773,0.0,-14754.155685436926,0.0,31190.760000000002,0.0,160480.6870520227,160480.6870520227,-0.0,20.0,20.0,8664.1,generic_slender_body_v1,0.0,none,unprofiled,0.0,0.0,0.0,-80.00000000000006,"[2897.138931788968, 0.0, 3529.685948529894]",26.612075808,0.0,0.0,0.0,0.0,0.0,0.0,0.0,,query-000002,0.0,0.0,0.0,0.0,0.0,50191.435675627945,0.0,80.0,0.0,1.0,0.0,80.0,0.0,0.0,0.0,,54.999999999998806,-27907.08121783316,0.0,-52668.86135913287,59605.48749038377,47022.689211319426,0.0,-36628.96174206907,0.0,0.0,0.0,4.89439991618336e-11,5.760435529749178e-16,20.0,20.0,"[84.04636766378381, 0.0, -155.2104700704131]","[0.0, 0.0, 0.0]",0.0
5.817817959190371,0.0,-3.6212215315599963,61529.937723701965,0.0,-40334.364652436205,0.0,0.0,0.0,182.66322322958717,"[89.67051529363431, 0.0, -159.1384674036925]",0.0,0.0,0.0,0.0,"[0.0, 0.0, 0.0]","[0.7660444431189781, 0.0, -0.6427876096865394, 0.0]","[0.0, 0.0, 0.0]",2,nominal,21944.59662454715,booster-release,rigid_body_6dof_surface_allocated,61529.937723701965,0.0,-40334.364652436205,50406.1565802213,0.0,53591.17079341103,-83674.97490262773,0.0,-14754.155685436926,0.0,31190.760000000002,0.0,160480.6870520227,160480.6870520227,-0.0,20.0,20.0,8664.1,generic_slender_body_v1,0.0,none,unprofiled,0.0,0.0,0.0,-80.00000000000006,"[2983.964820119765, 0.0, 3372.460941613683]",26.612075808,0.0,0.0,0.0,0.0,0.0,0.0,0.0,,query-000002,0.0,0.0,0.0,0.0,0.0,49755.47065338682,0.0,80.0,0.0,1.0,0.0,80.0,0.0,0.0,0.0,,55.99999999999875,-22145.037178925762,0.0,-55088.52033787313,59372.9546567481,50406.1565802213,0.0,-31374.625471588966,0.0,0.0,0.0,3.086927381168996e-11,3.633141236670309e-16,20.0,20.0,"[89.67051529363431, 0.0, -159.1384674036925]","[0.0, 0.0, 0.0]",0.0
6.185536125058269,0.0,-2.9726036007019463,67617.48649453807,0.0,-42496.060885909515,0.0,0.0,0.0,188.5204796112992,"[95.6744093314987, 0.0, -162.43884582187573]",0.0,0.0,0.0,0.0,"[0.0, 0.0, 0.0]","[0.7660444431189781, 0.0, -0.6427876096865394, 0.0]","[0.0, 0.0, 0.0]",2,nominal,23821.025415332067,booster-release,rigid_body_6dof_surface_allocated,67617.48649453807,0.0,-42496.060885909515,53592.10354111736,0.0,59210.861408158264,-83674.97490262773,0.0,-14754.155685436926,0.0,31190.760000000002,0.0,160480.6870520227,160480.6870520227,-0.0,20.0,20.0,8664.1,generic_slender_body_v1,0.0,none,unprofiled,0.0,0.0,0.0,-80.00000000000006,"[3076.6066284651065, 0.0, 3211.61823137629]",26.612075808,0.0,0.0,0.0,0.0,0.0,0.0,0.0,,query-000002,0.0,0.0,0.0,0.0,0.0,49265.201545163436,0.0,80.0,0.0,1.0,0.0,80.0,0.0,0.0,0.0,,56.99999999999869,-16057.488408089659,0.0,-57250.21657134644,59459.483948668814,53592.10354111736,0.0,-25754.934856841734,0.0,0.0,0.0,3.7850717574992473e-11,4.454818202013878e-16,20.0,20.0,"[95.6744093314987, 0.0, -162.43884582187573]","[0.0, 0.0, 0.0]",0.0
6.522705290220978,0.0,-2.2833672223230885,74005.64993648494,0.0,-44335.987935642224,0.0,0.0,0.0,194.0581188782655,"[102.03140792310482, 0.0, -165.07012237167575]",0.0,0.0,0.0,0.0,"[0.0, 0.0, 0.0]","[0.7660444431189781, 0.0, -0.6427876096865394, 0.0]","[0.0, 0.0, 0.0]",2,nominal,25732.18910117632,booster-release,rigid_body_6dof_surface_allocated,74005.64993648494,0.0,-44335.987935642224,56513.37090500358,0.0,65182.474314070525,-83674.97490262773,0.0,-14754.155685436926,0.0,31190.760000000002,0.0,160480.6870520227,160480.6870520227,-0.0,20.0,20.0,8664.1,generic_slender_body_v1,0.0,none,unprofiled,0.0,0.0,0.0,-80.00000000000006,"[3175.43142845353, 0.0, 3047.806307190718]",26.612075808,0.0,0.0,0.0,0.0,0.0,0.0,0.0,,query-000002,0.0,0.0,0.0,0.0,0.0,48718.046473697366,0.0,80.0,0.0,1.0,0.0,80.0,0.0,0.0,0.0,,57.999999999998636,-9669.324966142784,0.0,-59090.14362107915,59876.046282805226,56513.37090500358,0.0,-19783.321950929472,0.0,0.0,0.0,4.0876702867979895e-11,4.810959782038582e-16,20.0,20.0,"[102.03140792310482, 0.0, -165.07012237167575]","[0.0, 0.0, 0.0]",0.0
6.8212752550457205,0.0,-1.5562082099205679,80659.31452704544,0.0,-45789.51355716775,0.0,0.0,0.0,199.25822210218337,"[108.70695482964852, 0.0, -166.9929251405214]",0.0,0.0,0.0,0.0,"[0.0, 0.0, 0.0]","[0.7660444431189781, 0.0, -0.6427876096865394, 0.0]","[0.0, 0.0, 0.0]",2,nominal,27665.07326264758,booster-release,rigid_body_6dof_surface_allocated,80659.31452704544,0.0,-45789.51355716775,59100.21093724163,0.0,71482.6527134272,-83674.97490262773,0.0,-14754.155685436926,0.0,31190.760000000002,0.0,160480.6870520227,160480.6870520227,-0.0,20.0,20.0,8664.1,generic_slender_body_v1,0.0,none,unprofiled,0.0,0.0,0.0,-80.00000000000006,"[3280.775717627068, 0.0, 2881.7141813458315]",26.612075808,0.0,0.0,0.0,0.0,0.0,0.0,0.0,,query-000002,0.0,0.0,0.0,0.0,0.0,48111.88191415661,0.0,80.0,0.0,1.0,0.0,80.0,0.0,0.0,0.0,,58.99999999999858,-3015.660375582287,0.0,-60543.66924260468,60618.727245454225,59100.21093724163,0.0,-13483.143551572794,0.0,0.0,0.0,4.638422979041934e-11,5.459164961598367e-16,20.0,20.0,"[108.70695482964852, 0.0, -166.9929251405214]","[0.0, 0.0, 0.0]",0.0
7.073082656030685,0.0,-0.795101139718085,87532.28547984612,0.0,-46792.96384352024,0.0,0.0,0.0,204.1039280799453,"[115.65836966148494, 0.0, -168.17120735997221]",0.0,0.0,0.0,0.0,"[0.0, 0.0, 0.0]","[0.7660444431189781, 0.0, -0.6427876096865394, 0.0]","[0.0, 0.0, 0.0]",2,nominal,29605.17541947683,booster-release,rigid_body_6dof_surface_allocated,87532.28547984612,0.0,-46792.96384352024,61281.89544011546,0.0,78076.96048036854,-83674.97490262773,0.0,-14754.155685436926,0.0,31190.760000000002,0.0,160480.6870520227,160480.6870520227,-0.0,20.0,20.0,8664.1,generic_slender_body_v1,0.0,none,unprofiled,0.0,0.0,0.0,-80.00000000000006,"[3392.9373847070997, 0.0, 2714.06868207618]",26.612075808,0.0,0.0,0.0,0.0,0.0,0.0,0.0,,query-000002,0.0,0.0,0.0,0.0,0.0,47445.128369914106,0.0,80.0,0.0,1.0,0.0,80.0,0.0,0.0,0.0,,59.99999999999852,3857.3105772183917,0.0,-61547.11952895717,61667.874677183936,61281.89544011546,0.0,-6888.835784631461,0.0,0.0,0.0,3.9729930831859185e-11,4.675991113876626e-16,20.0,20.0,"[115.65836966148494, 0.0, -168.17120735997221]","[0.0, 0.0, 0.0]",0.0
7.270081735150421,0.0,-0.005402507267972611,94566.75375740498,0.0,-47285.74745805109,0.0,0.0,0.0,208.57960504082212,"[122.83484641105592, 0.0, -168.57358080718834]",0.0,0.0,0.0,0.0,"[0.0, 0.0, 0.0]","[0.7660444431189781, 0.0, -0.6427876096865394, 0.0]","[0.0, 0.0, 0.0]",2,nominal,31536.58671292441,booster-release,rigid_body_6dof_surface_allocated,94566.75375740498,0.0,-47285.74745805109,62988.71516151677,0.0,84918.98840177956,-83674.97490262773,0.0,-14754.155685436926,0.0,31190.760000000002,0.0,160480.6870520227,160480.6870520227,-0.0,20.0,20.0,8664.1,generic_slender_body_v1,0.0,none,unprofiled,0.0,0.0,0.0,-80.00000000000006,"[3512.167565474795, 0.0, 2545.6304703324686]",26.612075808,0.0,0.0,0.0,0.0,0.0,0.0,0.0,,query-000002,0.0,0.0,0.0,0.0,0.0,46716.832871378574,0.0,80.0,0.0,1.0,0.0,80.0,0.0,0.0,0.0,,60.999999999998465,10891.77885477725,0.0,-62039.903143488016,62988.73255332855,62988.71516151677,0.0,-46.807863220441504,0.0,0.0,0.0,7.332580706405269e-11,8.630038237428703e-16,20.0,20.0,"[122.83484641105592, 0.0, -168.57358080718834]","[0.0, 0.0, 0.0]",0.0
7.40461702071709,0.0,0.8060897608488353,101693.19853893443,0.0,-47212.77181213584,0.0,0.0,0.0,212.67104889677387,"[130.17770414891194, 0.0, -168.1747316970428]",0.0,0.0,0.0,0.0,"[0.0, 0.0, 0.0]","[0.7660444431189781, 0.0, -0.6427876096865394, 0.0]","[0.0, 0.0, 0.0]",2,nominal,33442.137380908425,booster-release,rigid_body_6dof_surface_allocated,101693.19853893443,0.0,-47212.77181213584,64154.342329194944,0.0,91949.83856197039,-83674.97490262773,0.0,-14754.155685436926,0.0,31190.760000000002,0.0,160480.6870520227,160480.6870520227,-0.0,20.0,20.0,8664.1,generic_slender_body_v1,0.0,none,unprofiled,0.0,0.0,0.0,-80.00000000000006,"[3638.6626197674714, 0.0, 2377.1886782685615]",26.612075808,0.0,0.0,0.0,0.0,0.0,0.0,0.0,,query-000002,0.0,0.0,0.0,0.0,0.0,45926.74487116938,0.0,80.0,0.0,1.0,0.0,80.0,0.0,0.0,0.0,,61.99999999999841,18018.223636306706,0.0,-61966.92749757277,64533.374981457506,64154.342329194944,0.0,6984.042296970394,0.0,0.0,0.0,5.5531336411054316e-11,6.535728358015679e-16,20.0,20.0,"[130.17770414891194, 0.0, -168.1747316970428]","[0.0, 0.0, 0.0]",0.0
7.469730422031143,0.0,1.6311342270253884,108830.83149831108,0.0,-46527.0664713111,0.0,0.0,0.0,216.3656994040874,"[137.62092842478302, 0.0, -166.95686849638938]",0.0,0.0,0.0,0.0,"[0.0, 0.0, 0.0]","[0.7660444431189781, 0.0, -0.6427876096865394, 0.0]","[0.0, 0.0, 0.0]",2,nominal,35303.611712040896,booster-release,rigid_body_6dof_surface_allocated,108830.83149831108,0.0,-46527.0664713111,64718.49134952003,0.0,99098.10632137067,-83674.97490262773,0.0,-14754.155685436926,0.0,31190.760000000002,0.0,160480.6870520227,160480.6870520227,-0.0,20.0,20.0,8664.1,generic_slender_body_v1,0.0,none,unprofiled,0.0,0.0,0.0,-80.00000000000006,"[3772.5565016490386, 0.0, 2209.5541110878366]",26.612075808,0.0,0.0,0.0,0.0,0.0,0.0,0.0,,query-000002,0.0,0.0,0.0,0.0,0.0,45075.381762809484,0.0,80.0,0.0,1.0,0.0,80.0,0.0,0.0,0.0,,62.99999999999835,25155.856595683348,0.0,-61281.22215674802,66243.5303262688,64718.49134952003,0.0,14132.310056370668,0.0,0.0,0.0,4.1159031748919956e-11,4.844188315560413e-16,20.0,20.0,"[137.62092842478302, 0.0, -166.95686849638938]","[0.0, 0.0, 0.0]",0.0
7.459490508640294,0.0,2.460113984862558,115888.6727749384,0.0,-45192.490351719825,0.0,0.0,0.0,219.6528650369369,"[145.09203207728171, 0.0, -164.91113772762552]",0.0,0.0,0.0,0.0,"[0.0, 0.0, 0.0]","[0.7660444431189781, 0.0, -0.6427876096865394, 0.0]","[0.0, 0.0, 0.0]",2,nominal,37102.035010670355,booster-release,rigid_body_6dof_surface_allocated,115888.6727749384,0.0,-45192.490351719825,64629.77171591038,0.0,106280.46984124769,-83674.97490262773,0.0,-14754.155685436926,0.0,31190.760000000002,0.0,160480.6870520227,160480.6870520227,-0.0,20.0,20.0,8664.1,generic_slender_body_v1,0.0,none,unprofiled,0.0,0.0,0.0,-80.00000000000006,"[3913.913828830388, 0.0, 2043.5510112333404]",26.612075808,0.0,0.0,0.0,0.0,0.0,0.0,0.0,,query-000002,0.0,0.0,0.0,0.0,0.0,44164.08008377885,0.0,80.0,0.0,1.0,0.0,80.0,0.0,0.0,0.0,,63.999999999998295,32213.697872310673,0.0,-59946.64603715675,68053.82209481463,64629.77171591038,0.0,21314.67357624769,0.0,0.0,0.0,6.90257946589928e-11,8.123950777052464e-16,20.0,20.0,"[145.09203207728171, 0.0, -164.91113772762552]","[0.0, 0.0, 0.0]",0.0
7.369326963605759,0.0,3.282184782655359,122767.31802004305,0.0,-43186.36258097416,0.0,0.0,0.0,222.52394675249565,"[152.513249517356, 0.0, -162.03893235875208]",0.0,0.0,0.0,0.0,"[0.0, 0.0, 0.0]","[0.7660444431189781, 0.0, -0.6427876096865394, 0.0]","[0.0, 0.0, 0.0]",2,nominal,38818.03095593902,booster-release,rigid_body_6dof_surface_allocated,122767.31802004305,0.0,-43186.36258097416,63848.58574537666,0.0,113402.9734404043,-83674.97490262773,0.0,-14754.155685436926,0.0,31190.760000000002,0.0,160480.6870520227,160480.6870520227,-0.0,20.0,20.0,8664.1,generic_slender_body_v1,0.0,none,unprofiled,0.0,0.0,0.0,-80.00000000000006,"[4062.7239791992097, 0.0, 1880.0074538014183]",26.612075808,0.0,0.0,0.0,0.0,0.0,0.0,0.0,,query-000002,0.0,0.0,0.0,0.0,0.0,43195.028535975434,0.0,80.0,0.0,1.0,0.0,80.0,0.0,0.0,0.0,,64.99999999999824,39092.34311741532,0.0,-57940.51826641108,69895.0280591549,63848.58574537666,0.0,28437.1771754043,0.0,0.0,0.0,4.880860748016399e-11,5.744500684479519e-16,20.0,20.0,"[152.513249517356, 0.0, -162.03893235875208]","[0.0, 0.0, 0.0]",0.0
7.196348966438017,0.0,4.085508677505852,129361.41105282471,0.0,-40501.82755808935,0.0,0.0,0.0,224.97265034393854,"[159.80305934919332, 0.0, -158.3530095243353]",0.0,0.0,0.0,0.0,"[0.0, 0.0, 0.0]","[0.7660444431189781, 0.0, -0.6427876096865394, 0.0]","[0.0, 0.0, 0.0]",2,nominal,40432.242763717506,booster-release,rigid_body_6dof_surface_allocated,129361.41105282471,0.0,-40501.82755808935,62349.88708011563,0.0,120363.05199777846,-83674.97490262773,0.0,-14754.155685436926,0.0,31190.760000000002,0.0,160480.6870520227,160480.6870520227,-0.0,20.0,20.0,8664.1,generic_slender_body_v1,0.0,none,unprofiled,0.0,0.0,0.0,-80.00000000000006,"[4218.896547136917, 0.0, 1719.744521763613]",26.612075808,0.0,0.0,0.0,0.0,0.0,0.0,0.0,,query-000002,0.0,0.0,0.0,0.0,0.0,42171.27931574115,0.0,80.0,0.0,1.0,0.0,80.0,0.0,0.0,0.0,,65.99999999999818,45686.43615019698,0.0,-55255.98324352628,71697.09988775618,62349.88708011563,0.0,35397.25573277846,0.0,0.0,0.0,3.918223088210291e-11,4.611529886673147e-16,20.0,20.0,"[159.80305934919332, 0.0, -158.3530095243353]","[0.0, 0.0, 0.0]",0.0
6.939623279311123,0.0,4.857572470171074,135562.7792793005,0.0,-37149.74862968115,0.0,0.0,0.0,226.99517690552463,"[166.87800732207648, 0.0, -153.87833184234682]",0.0,0.0,0.0,0.0,"[0.0, 0.0, 0.0]","[0.7660444431189781, 0.0, -0.6427876096865394, 0.0]","[0.0, 0.0, 0.0]",2,nominal,41925.80608788498,booster-release,rigid_body_6dof_surface_allocated,135562.7792793005,0.0,-37149.74862968115,60125.5900542795,0.0,127052.2899038092,-83674.97490262773,0.0,-14754.155685436926,0.0,31190.760000000002,0.0,160480.6870520227,160480.6870520227,-0.0,20.0,20.0,8664.1,generic_slender_body_v1,0.0,none,unprofiled,0.0,0.0,0.0,-80.00000000000006,"[4382.258475978534, 0.0, 1563.5644945940724]",26.612075808,0.0,0.0,0.0,0.0,0.0,0.0,0.0,,query-000002,0.0,0.0,0.0,0.0,0.0,41096.73492009617,0.0,80.0,0.0,1.0,0.0,80.0,0.0,0.0,0.0,,66.99999999999812,51887.80437667278,0.0,-51903.904315118074,73391.82192986355,60125.5900542795,0.0,42086.4936388092,0.0,0.0,0.0,6.708101469334278e-11,7.895061029514002e-16,20.0,20.0,"[166.87800732207648, 0.0, -153.87833184234682]","[0.0, 0.0, 0.0]",0.0
6.600386794483687,0.0,5.5855826637009,141264.12344485562,0.0,-33159.92742775027,0.0,0.0,0.0,228.59038121941023,"[173.654776680887, 0.0, -148.65255101055803]",0.0,0.0,0.0,0.0,"[0.0, 0.0, 0.0]","[0.7660444431189781, 0.0, -0.6427876096865394, 0.0]","[0.0, 0.0, 0.0]",2,nominal,43280.85610645388,booster-release,rigid_body_6dof_surface_allocated,141264.12344485562,0.0,-33159.92742775027,57186.411226086115,0.0,133359.84302157097,-83674.97490262773,0.0,-14754.155685436926,0.0,31190.760000000002,0.0,160480.6870520227,160480.6870520227,-0.0,20.0,20.0,8664.1,generic_slender_body_v1,0.0,none,unprofiled,0.0,0.0,0.0,-80.00000000000006,"[4552.553142587387, 0.0, 1412.2383680519324]",26.612075808,0.0,0.0,0.0,0.0,0.0,0.0,0.0,,query-000002,0.0,0.0,0.0,0.0,0.0,39976.10858507414,0.0,80.0,0.0,1.0,0.0,80.0,0.0,0.0,0.0,,67.99999999999807,57589.14854222789,0.0,-47914.0831131872,74915.08119461799,57186.411226086115,0.0,48394.04675657097,0.0,0.0,0.0,5.296977098100264e-11,6.234246403787604e-16,20.0,20.0,"[173.654776680887, 0.0, -148.65255101055803]","[0.0, 0.0, 0.0]",0.0
6.182169845537588,0.0,6.2569205683814415,146363.0863272148,0.0,-28581.471311736124,0.0,0.0,0.0,229.75988872252313,"[180.05242828105872, 0.0, -142.72606466893288]",0.0,0.0,0.0,0.0,"[0.0, 0.0, 0.0]","[0.7660444431189781, 0.0, -0.6427876096865394, 0.0]","[0.0, 0.0, 0.0]",2,nominal,44481.046327016666,booster-release,rigid_body_6dof_surface_allocated,146363.0863272148,0.0,-28581.471311736124,53562.937758722226,0.0,139176.38176151365,-83674.97490262773,0.0,-14754.155685436926,0.0,31190.760000000002,0.0,160480.6870520227,160480.6870520227,-0.0,20.0,20.0,8664.1,generic_slender_body_v1,0.0,none,unprofiled,0.0,0.0,0.0,-80.00000000000006,"[4729.441604605061, 0.0, 1266.4930987111516]",26.612075808,0.0,0.0,0.0,0.0,0.0,0.0,0.0,,query-000002,0.0,0.0,0.0,0.0,0.0,38814.85777936882,0.0,80.0,0.0,1.0,0.0,80.0,0.0,0.0,0.0,,68.99999999999801,62688.111424587085,0.0,-43335.62699717305,76208.76512068391,53562.937758722226,0.0,54210.58549651365,0.0,0.0,0.0,6.507814330688532e-11,7.659334245972692e-16,20.0,20.0,"[180.05242828105872, 0.0, -142.72606466893288]","[0.0, 0.0, 0.0]",0.0
5.690811016830011,0.0,6.8596334043894,150766.4653374061,0.0,-23482.180863278838,0.0,0.0,0.0,230.50816317357476,"[185.99471110774516, 0.0, -136.16159785197067]",0.0,0.0,0.0,0.0,"[0.0, 0.0, 0.0]","[0.7660444431189781, 0.0, -0.6427876096865394, 0.0]","[0.0, 0.0, 0.0]",2,nominal,45512.05296581223,booster-release,rigid_body_6dof_surface_allocated,150766.4653374061,0.0,-23482.180863278838,49305.755730916906,0.0,144398.3460439702,-83674.97490262773,0.0,-14754.155685436926,0.0,31190.760000000002,0.0,160480.6870520227,160480.6870520227,-0.0,20.0,20.0,8664.1,generic_slender_body_v1,0.0,none,unprofiled,0.0,0.0,0.0,-80.00000000000006,"[4912.506132070393, 0.0, 1126.9990263242425]",26.612075808,0.0,0.0,0.0,0.0,0.0,0.0,0.0,,query-000002,0.0,0.0,0.0,0.0,0.0,37619.091646330315,0.0,80.0,0.0,1.0,0.0,80.0,0.0,0.0,0.0,,69.99999999999795,67091.49043477836,0.0,-38236.336548715764,77222.31232892872,49305.755730916906,0.0,59432.549778970206,0.0,0.0,0.0,3.253907165344266e-11,3.829667122986346e-16,20.0,20.0,"[185.99471110774516, 0.0, -136.16159785197067]","[0.0, 0.0, 0.0]",0.0
5.134351434795682,0.0,7.382930947165105,154394.29109364047,0.0,-17946.90072409078,0.0,0.0,0.0,230.84251919715905,"[191.41232797828889, 0.0, -129.03328782613698]",0.0,0.0,0.0,0.0,"[0.0, 0.0, 0.0]","[0.7660444431189781, 0.0, -0.6427876096865394, 0.0]","[0.0, 0.0, 0.0]",2,nominal,46362.03691486969,booster-release,rigid_body_6dof_surface_allocated,154394.29109364047,0.0,-17946.90072409078,44484.53426621327,0.0,148932.24828433318,-83674.97490262773,0.0,-14754.155685436926,0.0,31190.760000000002,0.0,160480.6870520227,160480.6870520227,-0.0,20.0,20.0,8664.1,generic_slender_body_v1,0.0,none,unprofiled,0.0,0.0,0.0,-80.00000000000006,"[5101.25603720581, 0.0, 994.3579625738803]",26.612075808,0.0,0.0,0.0,0.0,0.0,0.0,0.0,,query-000002,0.0,0.0,0.0,0.0,0.0,36395.454848320514,0.0,80.0,0.0,1.0,0.0,80.0,0.0,0.0,0.0,,70.9999999999979,70719.31619101274,0.0,-32701.056409527708,77913.93182752079,44484.53426621327,0.0,63966.452019333185,0.0,0.0,0.0,5.866064565124215e-11,6.904030589942963e-16,20.0,20.0,"[191.41232797828889, 0.0, -129.03328782613698]","[0.0, 0.0, 0.0]",0.0
4.522806051918086,0.0,7.817653506654327,157183.47633703967,0.0,-12074.864005458403,0.0,0.0,0.0,230.7730764427562,"[196.24503379953933, 0.0, -121.42528369277902]",0.0,0.0,0.0,0.0,"[0.0, 0.0, 0.0]","[0.7660444431189781, 0.0, -0.6427876096865394, 0.0]","[0.0, 0.0, 0.0]",2,nominal,47022.03577296198,booster-release,rigid_body_6dof_surface_allocated,157183.47633703967,0.0,-12074.864005458403,39186.04391442349,0.0,152698.72801200376,-83674.97490262773,0.0,-14754.155685436926,0.0,31190.760000000002,0.0,160480.6870520227,160480.6870520227,-0.0,20.0,20.0,8664.1,generic_slender_body_v1,0.0,none,unprofiled,0.0,0.0,0.0,-80.00000000000006,"[5295.135696449409, 0.0, 869.0924399926247]",26.612075808,0.0,0.0,0.0,0.0,0.0,0.0,0.0,,query-000002,0.0,0.0,0.0,0.0,0.0,35150.991782080775,0.0,80.0,0.0,1.0,0.0,80.0,0.0,0.0,0.0,,71.99999999999784,73508.50143441194,0.0,-26829.01969089533,78251.49251424792,39186.04391442349,0.0,67732.93174700376,0.0,0.0,0.0,4.3655745685100555e-11,5.13803761091611e-16,20.0,20.0,"[196.24503379953933, 0.0, -121.42528369277902]","[0.0, 0.0, 0.0]",0.0
3.8678202450664414,0.0,8.156676677218792,159090.75279967982,0.0,-5976.1532745393415,0.0,0.0,0.0,230.31265500105565,"[200.44344661250022, 0.0, -113.42990683121036]",0.0,0.0,0.0,0.0,"[0.0, 0.0, 0.0]","[0.7660444431189781, 0.0, -0.6427876096865394, 0.0]","[0.0, 0.0, 0.0]",2,nominal,47486.26139050986,booster-release,rigid_body_6dof_surface_allocated,159090.75279967982,0.0,-5976.1532745393415,33511.18138528016,0.0,155636.05866409134,-83674.97490262773,0.0,-14754.155685436926,0.0,31190.760000000002,0.0,160480.6870520227,160480.6870520227,-0.0,20.0,20.0,8664.1,generic_slender_body_v1,0.0,none,unprofiled,0.0,0.0,0.0,-80.00000000000006,"[5493.534536710338, 0.0, 751.6365861335712]",26.612075808,0.0,0.0,0.0,0.0,0.0,0.0,0.0,,query-000002,0.0,0.0,0.0,0.0,0.0,33892.99645422443,0.0,80.0,0.0,1.0,0.0,80.0,0.0,0.0,0.0,,72.99999999999778,75415.77789705209,0.0,-20730.308959976268,78213.07605121774,33511.18138528016,0.0,70670.26239909134,0.0,0.0,0.0,6.21658091063548e-11,7.316568765208264e-16,20.0,20.0,"[200.44344661250022, 0.0, -113.42990683121036]","[0.0, 0.0, 0.0]",0.0
3.1822308146281983,0.0,8.395221746722877,160094.65928261983,0.0,232.51222069944197,0.0,0.0,0.0,229.47661475362278,"[203.97046542531922, 0.0, -105.14545141355983]",0.0,0.0,0.0,0.0,"[0.0, 0.0, 0.0]","[0.7660444431189781, 0.0, -0.6427876096865394, 0.0]","[0.0, 0.0, 0.0]",2,nominal,47752.2837604367,booster-release,rigid_body_6dof_surface_allocated,160094.65928261983,0.0,232.51222069944197,27571.166001020174,0.0,157702.83700078167,-83674.97490262773,0.0,-14754.155685436926,0.0,31190.760000000002,0.0,160480.6870520227,160480.6870520227,-0.0,20.0,20.0,8664.1,generic_slender_body_v1,0.0,none,unprofiled,0.0,0.0,0.0,-80.00000000000006,"[5695.798644042642, 0.0, 642.3290251337387]",26.612075808,0.0,0.0,0.0,0.0,0.0,0.0,0.0,,query-000002,0.0,0.0,0.0,0.0,0.0,32628.854293719083,0.0,80.0,0.0,1.0,0.0,80.0,0.0,0.0,0.0,,73.99999999999773,76419.6843799921,0.0,-14521.643464737484,77787.18589622955,27571.166001020174,0.0,72737.04073578167,0.0,0.0,0.0,8.883300649958822e-11,1.0455149060514512e-15,20.0,20.0,"[203.97046542531922, 0.0, -105.14545141355983]","[0.0, 0.0, 0.0]",0.0
2.4795597354217103,0.0,8.531047744931882,160196.41864927378,0.0,6432.385045885509,0.0,0.0,0.0,228.28264424966204,"[206.8022127383442, 0.0, -96.67373206896679]",0.0,0.0,0.0,0.0,"[0.0, 0.0, 0.0]","[0.7660444431189781, 0.0, -0.6427876096865394, 0.0]","[0.0, 0.0, 0.0]",2,nominal,47821.08943540825,booster-release,rigid_body_6dof_surface_allocated,160196.41864927378,0.0,6432.385045885509,21483.153503667243,0.0,158879.64703186433,-83674.97490262773,0.0,-14754.155685436926,0.0,31190.760000000002,0.0,160480.6870520227,160480.6870520227,-0.0,20.0,20.0,8664.1,generic_slender_body_v1,0.0,none,unprofiled,0.0,0.0,0.0,-80.00000000000006,"[5901.243558111277, 0.0, 541.4081150653606]",26.612075808,0.0,0.0,0.0,0.0,0.0,0.0,0.0,,query-000002,0.0,0.0,0.0,0.0,0.0,31365.882724414598,0.0,80.0,0.0,1.0,0.0,80.0,0.0,0.0,0.0,,74.99999999999767,76521.44374664605,0.0,-8321.770639551418,76972.61343912146,21483.153503667243,0.0,73913.85076686433,0.0,0.0,0.0,4.880860748016399e-11,5.744500684479519e-16,20.0,20.0,"[206.8022127383442, 0.0, -96.67373206896679]","[0.0, 0.0, 0.0]",0.0
1.7734754597742186,0.0,8.564511082313427,159419.63621955685,0.0,12507.375723989171,0.0,0.0,0.0,226.75050726092604,"[208.92845152137073, 0.0, -88.11750500308953]",0.0,0.0,0.0,0.0,"[0.0, 0.0, 0.0]","[0.7660444431189781, 0.0, -0.6427876096865394, 0.0]","[0.0, 0.0, 0.0]",2,nominal,47697.01123521221,booster-release,rigid_body_6dof_surface_allocated,159419.63621955685,0.0,12507.375723989171,15365.568731029809,0.0,159169.57673327177,-83674.97490262773,0.0,-14754.155685436926,0.0,31190.760000000002,0.0,160480.6870520227,160480.6870520227,-0.0,20.0,20.0,8664.1,generic_slender_body_v1,0.0,none,unprofiled,0.0,0.0,0.0,-80.00000000000006,"[6109.16774911704, 0.0, 449.009711945804]",26.612075808,0.0,0.0,0.0,0.0,0.0,0.0,0.0,,query-000002,0.0,0.0,0.0,0.0,0.0,30111.177363196955,0.0,80.0,0.0,1.0,0.0,80.0,0.0,0.0,0.0,,75.99999999999761,75744.66131692912,0.0,-2246.7799614477553,75777.97660409965,15365.568731029809,0.0,74203.78046827177,0.0,0.0,0.0,7.296392548644355e-11,8.587446795517129e-16,20.0,20.0,"[208.92845152137073, 0.0, -88.11750500308953]","[0.0, 0.0, 0.0]",0.0
1.0772592859343106,0.0,8.498490331541635,157808.85511862682,0.0,18348.492765741583,0.0,0.0,0.0,224.90175715021613,"[210.35246289547993, 0.0, -79.57789720180172]",0.0,0.0,0.0,0.0,"[0.0, 0.0, 0.0]","[0.7660444431189781, 0.0, -0.6427876096865394, 0.0]","[0.0, 0.0, 0.0]",2,nominal,47387.534906012166,booster-release,rigid_body_6dof_surface_allocated,157808.85511862682,0.0,18348.492765741583,9333.482179263461,0.0,158597.56634650988,-83674.97490262773,0.0,-14754.155685436926,0.0,31190.760000000002,0.0,160480.6870520227,160480.6870520227,-0.0,20.0,20.0,8664.1,generic_slender_body_v1,0.0,none,unprofiled,0.0,0.0,0.0,-80.00000000000006,"[6318.8662416270445, 0.0, 365.1675198404914]",26.612075808,0.0,0.0,0.0,0.0,0.0,0.0,0.0,,query-000002,0.0,0.0,0.0,0.0,0.0,28871.47024307115,0.0,80.0,0.0,1.0,0.0,80.0,0.0,0.0,0.0,,76.99999999999756,74133.88021599909,0.0,3594.3370803046564,74220.96371596749,9333.482179263461,0.0,73631.77008150988,0.0,0.0,0.0,8.765306796995561e-11,1.0316276881178666e-15,20.0,20.0,"[210.35246289547993, 0.0, -79.57789720180172]","[0.0, 0.0, 0.0]",0.0
0.403312935065749,0.0,8.338185414304013,155427.1019908031,0.0,23857.742131078325,0.0,0.0,0.0,222.75943044738295,"[211.09040793775517, 0.0, -71.15197488414887]",0.0,0.0,0.0,0.0,"[0.0, 0.0, 0.0]","[0.7660444431189781, 0.0, -0.6427876096865394, 0.0]","[0.0, 0.0, 0.0]",2,nominal,46902.996638489436,booster-release,rigid_body_6dof_surface_allocated,155427.1019908031,0.0,23857.742131078325,3494.343600703156,0.0,157208.6685130714,-83674.97490262773,0.0,-14754.155685436926,0.0,31190.760000000002,0.0,160480.6870520227,160480.6870520227,-0.0,20.0,20.0,8664.1,generic_slender_body_v1,0.0,none,unprofiled,0.0,0.0,0.0,-80.00000000000006,"[6529.643854707056, 0.0, 289.81595261821894]",26.612075808,0.0,0.0,0.0,0.0,0.0,0.0,0.0,,query-000002,0.0,0.0,0.0,0.0,0.0,27653.00553836468,0.0,80.0,0.0,1.0,0.0,80.0,0.0,0.0,0.0,,77.9999999999975,71752.12708817536,0.0,9103.586445641398,72327.33250888588,3494.343600703156,0.0,72242.8722480714,0.0,0.0,0.0,4.3655745685100555e-11,5.13803761091611e-16,20.0,20.0,"[211.09040793775517, 0.0, -71.15197488414887]","[0.0, 0.0, 0.0]",0.0
-0.23726168101374256,0.0,8.090810759788676,152352.63664107685,0.0,28951.25120485595,0.0,0.0,0.0,220.3477314837872,"[211.17023087761459, 0.0, -62.93056778026177]",0.0,0.0,0.0,0.0,"[0.0, 0.0, 0.0]","[0.7660444431189781, 0.0, -0.6427876096865394, 0.0]","[0.0, 0.0, 0.0]",2,nominal,46256.192081227295,booster-release,rigid_body_6dof_surface_allocated,152352.63664107685,0.0,28951.25120485595,-2055.658930471167,0.0,155065.38976888507,-83674.97490262773,0.0,-14754.155685436926,0.0,31190.760000000002,0.0,160480.6870520227,160480.6870520227,-0.0,20.0,20.0,8664.1,generic_slender_body_v1,0.0,none,unprofiled,0.0,0.0,0.0,-80.00000000000006,"[6740.827568527086, 0.0, 222.7953081874852]",26.612075808,0.0,0.0,0.0,0.0,0.0,0.0,0.0,,query-000002,0.0,0.0,0.0,0.0,0.0,26461.43699406239,0.0,80.0,0.0,1.0,0.0,80.0,0.0,0.0,0.0,,78.99999999999744,68677.66173844913,0.0,14197.095519419025,70129.72795504308,-2055.658930471167,0.0,70099.59350388507,0.0,0.0,0.0,4.425792234759297e-11,5.20891044315725e-16,20.0,20.0,"[211.17023087761459, 0.0, -62.93056778026177]","[0.0, 0.0, 0.0]",0.0
-0.8349876145009819,0.0,7.76520966036006,148675.17233850143,0.0,33561.462966351995,0.0,0.0,0.0,217.69171959968543,"[210.6301880849855, 0.0, -54.99644215357665]",0.0,0.0,0.0,0.0,"[0.0, 0.0, 0.0]","[0.7660444431189781, 0.0, -0.6427876096865394, 0.0]","[0.0, 0.0, 0.0]",2,nominal,45461.92206906741,booster-release,rigid_body_6dof_surface_allocated,148675.17233850143,0.0,33561.462966351995,-7234.416190797958,0.0,152244.3492833256,-83674.97490262773,0.0,-14754.155685436926,0.0,31190.760000000002,0.0,160480.6870520227,160480.6870520227,-0.0,20.0,20.0,8664.1,generic_slender_body_v1,0.0,none,unprofiled,0.0,0.0,0.0,-80.00000000000006,"[6951.777599122245, 0.0, 163.858950655593]",26.612075808,0.0,0.0,0.0,0.0,0.0,0.0,0.0,,query-000002,0.0,0.0,0.0,0.0,0.0,25301.749769580703,0.0,80.0,0.0,1.0,0.0,80.0,0.0,0.0,0.0,,79.99999999999739,65000.197435873706,0.0,18807.30728091507,67666.3910214024,-7234.416190797958,0.0,67278.5530183256,0.0,0.0,0.0,5.208792959193071e-11,6.1304585941234e-16,20.0,20.0,"[210.6301880849855, 0.0, -54.99644215357665]","[0.0, 0.0, 0.0]",0.0
-1.382229864093773,0.0,7.371421305840542,144491.85509667994,0.0,37638.33598727569,0.0,0.0,0.0,214.81700939347135,"[209.5171053256281, 0.0, -47.422885832943685]",0.0,0.0,0.0,0.0,"[0.0, 0.0, 0.0]","[0.7660444431189781, 0.0, -0.6427876096865394, 0.0]","[0.0, 0.0, 0.0]",2,nominal,44536.50240783842,booster-release,rigid_body_6dof_surface_allocated,144491.85509667994,0.0,37638.33598727569,-11975.777765494859,0.0,148832.52760093304,-83674.97490262773,0.0,-14754.155685436926,0.0,31190.760000000002,0.0,160480.6870520227,160480.6870520227,-0.0,20.0,20.0,8664.1,generic_slender_body_v1,0.0,none,unprofiled,0.0,0.0,0.0,-80.00000000000006,"[7161.896857246797, 0.0, 112.68211740490297]",26.612075808,0.0,0.0,0.0,0.0,0.0,0.0,0.0,,query-000002,0.0,0.0,0.0,0.0,0.0,24178.207849026174,0.0,80.0,0.0,1.0,0.0,80.0,0.0,0.0,0.0,,80.99999999999733,60816.88019405221,0.0,22884.180301838765,64979.8324453424,-11975.777765494859,0.0,63866.731335933044,0.0,0.0,0.0,7.275957614183426e-11,8.563396018193517e-16,20.0,20.0,"[209.5171053256281, 0.0, -47.422885832943685]","[0.0, 0.0, 0.0]",0.0
-1.873301209571385,0.0,6.920232641338213,139903.2806841725,0.0,41149.57323023503,0.0,0.0,0.0,211.7494928709041,"[207.8844737654939, 0.0, -40.272736414710366]",0.0,0.0,0.0,0.0,"[0.0, 0.0, 0.0]","[0.7660444431189781, 0.0, -0.6427876096865394, 0.0]","[0.0, 0.0, 0.0]",2,nominal,43497.26473507055,booster-release,rigid_body_6dof_surface_allocated,139903.2806841725,0.0,41149.57323023503,-16230.469009847438,0.0,144923.3838928184,-83674.97490262773,0.0,-14754.155685436926,0.0,31190.760000000002,0.0,160480.6870520227,160480.6870520227,-0.0,20.0,20.0,8664.1,generic_slender_body_v1,0.0,none,unprofiled,0.0,0.0,0.0,-80.00000000000006,"[7370.638574582784, 0.0, 68.87192081299543]",26.612075808,0.0,0.0,0.0,0.0,0.0,0.0,0.0,,query-000002,0.0,0.0,0.0,0.0,0.0,23094.326687783298,0.0,80.0,0.0,1.0,0.0,80.0,0.0,0.0,0.0,,81.99999999999727,56228.30578154477,0.0,26395.417544798103,62115.541037868636,-16230.469009847438,0.0,59957.587627818415,0.0,0.0,0.0,6.558459564010244e-11,7.71894085892522e-16,20.0,20.0,"[207.8844737654939, 0.0, -40.272736414710366]","[0.0, 0.0, 0.0]",0.0
-2.304463112152301,0.0,6.422744613058043,135009.79227406214,0.0,44079.97714559253,0.0,0.0,0.0,208.51509035572724,"[205.79049346422045, 0.0, -33.59785269641099]",0.0,0.0,0.0,0.0,"[0.0, 0.0, 0.0]","[0.7660444431189781, 0.0, -0.6427876096865394, 0.0]","[0.0, 0.0, 0.0]",2,nominal,42362.07302382127,booster-release,rigid_body_6dof_surface_allocated,135009.79227406214,0.0,44079.97714559253,-19966.09884999875,0.0,140613.0978669962,-83674.97490262773,0.0,-14754.155685436926,0.0,31190.760000000002,0.0,160480.6870520227,160480.6870520227,-0.0,20.0,20.0,8664.1,generic_slender_body_v1,0.0,none,unprofiled,0.0,0.0,0.0,-80.00000000000006,"[7577.511990942853, 0.0, 31.97809894875593]",26.612075808,0.0,0.0,0.0,0.0,0.0,0.0,0.0,,query-000002,0.0,0.0,0.0,0.0,0.0,22052.869477084365,0.0,80.0,0.0,1.0,0.0,80.0,0.0,0.0,0.0,,82.99999999999721,51334.817371434416,0.0,29325.821460155603,59120.785506211345,-19966.09884999875,0.0,55647.301601996194,0.0,0.0,0.0,2.9330322825621076e-11,3.4520152949714815e-16,20.0,20.0,"[205.79049346422045, 0.0, -33.59785269641099]","[0.0, 0.0, 0.0]",0.0
-2.6738352048340297,0.0,5.889977296652366,129908.24738457722,0.0,46430.08331380624,0.0,0.0,0.0,205.13953482971243,"[203.29616304327223, 0.0, -27.439002205511635]",0.0,0.0,0.0,0.0,"[0.0, 0.0, 0.0]","[0.7660444431189781, 0.0, -0.6427876096865394, 0.0]","[0.0, 0.0, 0.0]",2,nominal,41148.876237081946,booster-release,rigid_body_6dof_surface_allocated,129908.24738457722,0.0,46430.08331380624,-23166.375598202518,0.0,135997.14856092577,-83674.97490262773,0.0,-14754.155685436926,0.0,31190.760000000002,0.0,160480.6870520227,160480.6870520227,-0.0,20.0,20.0,8664.1,generic_slender_body_v1,0.0,none,unprofiled,0.0,0.0,0.0,-80.00000000000006,"[7782.086100429569, 0.0, 1.5040835377342343]",26.612075808,0.0,0.0,0.0,0.0,0.0,0.0,0.0,,query-000002,0.0,0.0,0.0,0.0,0.0,21055.86439590072,0.0,80.0,0.0,1.0,0.0,80.0,0.0,0.0,0.0,,83.99999999999716,46233.27248194949,0.0,31675.92762836931,56043.55338045475,-23166.375598202518,0.0,51031.35229592577,0.0,0.0,0.0,4.3807065881236834e-11,5.15584715343653e-16,20.0,20.0,"[203.29616304327223, 0.0, -27.439002205511635]","[0.0, 0.0, 0.0]",0.0
-2.9718849663257885,0.0,5.292718237058865,124363.73326355628,0.0,48074.605465894536,0.0,0.0,0.0,201.65457620677023,"[200.46774695597176, 0.0, -21.846064531823032]",0.0,0.0,0.0,0.0,"[0.0, 0.0, 0.0]","[0.7660444431189781, 0.0, -0.6427876096865394, 0.0]","[0.0, 0.0, 0.0]",2,nominal,39769.69491491577,booster-release,rigid_body_6dof_surface_allocated,124363.73326355628,0.0,48074.605465894536,-25748.708536743266,0.0,130822.43634270171,-83674.97490262773,0.0,-14754.155685436926,0.0,31190.760000000002,0.0,160480.6870520227,160480.6870520227,-0.0,20.0,20.0,8664.1,generic_slender_body_v1,0.0,none,unprofiled,0.0,0.0,0.0,-80.00000000000006,"[7983.992855123926, 0.0, -23.088473705699386]",26.612075808,0.0,0.0,0.0,0.0,0.0,0.0,0.0,,query-000002,0.0,0.0,0.0,0.0,0.0,20105.863471900055,0.0,80.0,0.0,1.0,0.0,80.0,0.0,0.0,0.0,ground_contact,84.9999999999971,40688.75836092855,0.0,33320.44978045761,52591.134524043446,-25748.708536743266,0.0,45856.64007770171,0.0,0.0,0.0,4.425792234759297e-11,5.20891044315725e-16,20.0,20.0,"[200.46774695597176, 0.0, -21.846064531823032]","[0.0, 0.0, 0.0]",0.0
