equation,latex_label,section,source_manual_page,source_pdf_page,source_pdf_sha256,reconstructed_page,reconstructed_section,tex_file,tex_line_start,tex_line_end,tex_label_line,latex_snippet_sha256,transcription_status,verification_scope,validation_suite,code_implementation_status,notes
1-1,eq:force-equation,Trajectory Simulation,1-2,19,da9686bf1191d28b5bf4242a43040c30e13f1e9a375d7868654f4172b9181f5b,1-1,Trajectory Simulation,manual/chapters/01_introduction.tex,38,44,43,0945ec72ebdac63c7bd69e450083e5c55d3f7c72e3c72402424c1ff44aac0b1e,visually_verified,visual transcription plus repository structural validation,tools/check_manifest.py,not yet mapped to an executable mathematics implementation,Force and moment equations share one source number
1-2,eq:point-mass-force,Trajectory Simulation,1-2,19,da9686bf1191d28b5bf4242a43040c30e13f1e9a375d7868654f4172b9181f5b,1-2,Trajectory Simulation,manual/chapters/01_introduction.tex,58,61,60,097ea600ee987635ace67db6c5d68530208a15dbde17cc3418d3b9bb9d8cae6b,visually_verified,visual transcription plus repository structural validation,tools/check_manifest.py,not yet mapped to an executable mathematics implementation,Point-mass force equation
2-1,eq:ecic-rotation-angle,ECIC Coordinate System,2-7,36,da9686bf1191d28b5bf4242a43040c30e13f1e9a375d7868654f4172b9181f5b,2-4,"Earth-Centered, Inertial, Cartesian (ECIC) Coordinate System",manual/chapters/chapter02/01_02_ecic.tex,11,15,14,a6c4f2ae442138b29d30bb01b8788ba047b6e37cc2bfb12b0bae4fabe928514b,visually_verified,visual transcription plus section-level structural and selected numerical checks,tools/check_chapter02_part1.py,implemented,Earth rotation angle
2-2,eq:earth-rotation-rate,ECIC Coordinate System,2-7,36,da9686bf1191d28b5bf4242a43040c30e13f1e9a375d7868654f4172b9181f5b,2-4,"Earth-Centered, Inertial, Cartesian (ECIC) Coordinate System",manual/chapters/chapter02/01_02_ecic.tex,17,22,21,612a4d4fe2c7d3f34c6dd6efac4344a440d20040f132759d805aaa93d66609c8,visually_verified,visual transcription plus section-level structural and selected numerical checks,tools/check_chapter02_part1.py,implemented,Earth rotation rate
2-3,eq:ecic-position-components,ECIC Coordinate System,2-7,36,da9686bf1191d28b5bf4242a43040c30e13f1e9a375d7868654f4172b9181f5b,2-5,"Earth-Centered, Inertial, Cartesian (ECIC) Coordinate System",manual/chapters/chapter02/01_02_ecic.tex,32,47,46,8d4d24fd6fd0ea3066be3e5d749b778f8529c7d01def954910922a3708a378f4,visually_verified,visual transcription plus section-level structural and selected numerical checks,tools/check_chapter02_part1.py,implemented,ECIC position components
2-4,eq:ecic-velocity-components,ECIC Coordinate System,2-7,36,da9686bf1191d28b5bf4242a43040c30e13f1e9a375d7868654f4172b9181f5b,2-5,"Earth-Centered, Inertial, Cartesian (ECIC) Coordinate System",manual/chapters/chapter02/01_02_ecic.tex,50,71,70,069922c359021e95d834a8723965d2a914456e096374484606ca5ab28e83bdb1,visually_verified,visual transcription plus section-level structural and selected numerical checks,tools/check_chapter02_part1.py,implemented,ECIC velocity components
2-5,eq:ecic-acceleration-components,ECIC Coordinate System,2-7,36,da9686bf1191d28b5bf4242a43040c30e13f1e9a375d7868654f4172b9181f5b,2-5,"Earth-Centered, Inertial, Cartesian (ECIC) Coordinate System",manual/chapters/chapter02/01_02_ecic.tex,74,89,88,f5ab66606dec642d0100e3a497ad7fad554527d35d1b3930172bdc21a8eed162,visually_verified,visual transcription plus section-level structural and selected numerical checks,tools/check_chapter02_part1.py,implemented,ECIC acceleration components
2-6,eq:local-geocentric-unit-vectors,Local Geocentric Horizon,2-8,37,da9686bf1191d28b5bf4242a43040c30e13f1e9a375d7868654f4172b9181f5b,2-6,Local Geocentric Horizon Coordinate System,manual/chapters/chapter02/01_03_local_geocentric.tex,24,41,40,f6e6ce6cc769753f3ebdd52903409ebc2bb18385f5a3c02b1b27d8c4d5a5aef6,visually_verified,visual transcription plus section-level structural and selected numerical checks,tools/check_chapter02_part1.py,implemented,Local geocentric horizon unit vectors
2-7,eq:geocentric-position-to-ecfc,Geocentric Coordinate System,2-9,38,da9686bf1191d28b5bf4242a43040c30e13f1e9a375d7868654f4172b9181f5b,2-6,Geocentric Coordinate System,manual/chapters/chapter02/01_04_geocentric.tex,32,42,41,df9ee1f3df1205a8c7ed3050c0c6c58ccca5c264ac7401c45cf81f8d6e807227,visually_verified,visual transcription plus section-level structural and selected numerical checks,tools/check_chapter02_part1.py,implemented,Geocentric position components in ECFC coordinates
2-8,eq:longitude-from-ecfc,Geocentric Coordinate System,2-10,39,da9686bf1191d28b5bf4242a43040c30e13f1e9a375d7868654f4172b9181f5b,2-6,Geocentric Coordinate System,manual/chapters/chapter02/01_04_geocentric.tex,46,51,50,0b6d86cd8fd6b4d8911421b31b5a566ad17a6a71ecd313448be9b7d846cac198,visually_verified,visual transcription plus section-level structural and selected numerical checks,tools/check_chapter02_part1.py,implemented,Longitude from ECFC position
2-9,eq:geocentric-latitude-from-ecfc,Geocentric Coordinate System,2-10,39,da9686bf1191d28b5bf4242a43040c30e13f1e9a375d7868654f4172b9181f5b,2-6,Geocentric Coordinate System,manual/chapters/chapter02/01_04_geocentric.tex,52,57,56,207056ae7b015ce61eb81044873861421ab0f4ba6072ccab9f827209c3c30176,visually_verified,visual transcription plus section-level structural and selected numerical checks,tools/check_chapter02_part1.py,implemented,Geocentric latitude from ECFC position
2-10,eq:geocentric-velocity-x,Geocentric Coordinate System,2-11,40,da9686bf1191d28b5bf4242a43040c30e13f1e9a375d7868654f4172b9181f5b,2-7,Geocentric Coordinate System,manual/chapters/chapter02/01_04_geocentric.tex,87,92,91,9c7b919c816ead0e63215b80ca0906624c7435428014ca69639223f11a801492,visually_verified,visual transcription plus section-level structural and selected numerical checks,tools/check_chapter02_part1.py,implemented,Local geocentric north velocity component
2-11,eq:geocentric-velocity-y,Geocentric Coordinate System,2-11,40,da9686bf1191d28b5bf4242a43040c30e13f1e9a375d7868654f4172b9181f5b,2-7,Geocentric Coordinate System,manual/chapters/chapter02/01_04_geocentric.tex,93,98,97,125bf21bb5754eeaffb74b8e00e678e4394f2462e2975227a1d19a38bfc081d3,visually_verified,visual transcription plus section-level structural and selected numerical checks,tools/check_chapter02_part1.py,implemented,Local geocentric east velocity component
2-12,eq:geocentric-velocity-z,Geocentric Coordinate System,2-11,40,da9686bf1191d28b5bf4242a43040c30e13f1e9a375d7868654f4172b9181f5b,2-7,Geocentric Coordinate System,manual/chapters/chapter02/01_04_geocentric.tex,99,103,102,dc840fb0f90404220227d1120b19ca0b01e7e6ea06b252ea9cc52f9027da9d6a,visually_verified,visual transcription plus section-level structural and selected numerical checks,tools/check_chapter02_part1.py,implemented,Local geocentric down velocity component
2-13,eq:geocentric-gamma-from-ecfc,Geocentric Coordinate System,2-11,40,da9686bf1191d28b5bf4242a43040c30e13f1e9a375d7868654f4172b9181f5b,2-7,Geocentric Coordinate System,manual/chapters/chapter02/01_04_geocentric.tex,105,110,109,3cb65d317800e1d74696572fe9271702f9253da58c694e81183d5cb4fb07fec5,visually_verified,visual transcription plus section-level structural and selected numerical checks,tools/check_chapter02_part1.py,implemented,Geocentric vertical flight-path angle
2-14,eq:geocentric-psi-from-ecfc,Geocentric Coordinate System,2-11,40,da9686bf1191d28b5bf4242a43040c30e13f1e9a375d7868654f4172b9181f5b,2-7,Geocentric Coordinate System,manual/chapters/chapter02/01_04_geocentric.tex,111,116,115,1ef70bfc0b7a482ff86c3e4bc3cbaa4d6daff5fd2d3ef7d902fd6f806f841820,visually_verified,visual transcription plus section-level structural and selected numerical checks,tools/check_chapter02_part1.py,implemented,Geocentric heading angle
2-15,eq:geocentric-to-ecfc-x,Geocentric Coordinate System,2-11,40,da9686bf1191d28b5bf4242a43040c30e13f1e9a375d7868654f4172b9181f5b,2-7,Geocentric Coordinate System,manual/chapters/chapter02/01_04_geocentric.tex,125,135,134,d01644444a255d5d920893ed538c59d52df7d9d06809854cb9fda7c9ea76867c,visually_verified,visual transcription plus section-level structural and selected numerical checks,tools/check_chapter02_part1.py,implemented,Geocentric-to-ECFC x velocity transformation
2-16,eq:geocentric-to-ecfc-y,Geocentric Coordinate System,2-11,40,da9686bf1191d28b5bf4242a43040c30e13f1e9a375d7868654f4172b9181f5b,2-8,Geocentric Coordinate System,manual/chapters/chapter02/01_04_geocentric.tex,136,146,145,f3d8a312d02b2bf286e5a7cd6a2af44bcf1743e4df020077f6cb35cc7d3e3ac8,visually_verified,visual transcription plus section-level structural and selected numerical checks,tools/check_chapter02_part1.py,implemented,Geocentric-to-ECFC y velocity transformation
2-17,eq:geocentric-to-ecfc-z,Geocentric Coordinate System,2-11,40,da9686bf1191d28b5bf4242a43040c30e13f1e9a375d7868654f4172b9181f5b,2-8,Geocentric Coordinate System,manual/chapters/chapter02/01_04_geocentric.tex,147,152,151,83e7a8893dc3f28f51e13f229a4a62df862f6a71cef397cd34764b4a500162d4,visually_verified,visual transcription plus section-level structural and selected numerical checks,tools/check_chapter02_part1.py,implemented,Geocentric-to-ECFC z velocity transformation
2-18,eq:ellipsoid-parameter-relation,Local Geodetic Horizon,2-12,41,da9686bf1191d28b5bf4242a43040c30e13f1e9a375d7868654f4172b9181f5b,2-8,Local Geodetic Horizon Coordinate System,manual/chapters/chapter02/01_05_local_geodetic.tex,10,13,12,8f459f66e425010eb37ae70e64bf2e903bddfc2d97d1039364935d0f7703cd86,visually_verified,visual transcription plus section-level structural and selected numerical checks,tools/check_chapter02_part1.py,implemented,Ellipsoid radius eccentricity and flattening relation
2-19,eq:local-geodetic-x-unit-vector,Local Geodetic Horizon,2-13,42,da9686bf1191d28b5bf4242a43040c30e13f1e9a375d7868654f4172b9181f5b,2-8,Local Geodetic Horizon Coordinate System,manual/chapters/chapter02/01_05_local_geodetic.tex,41,48,47,096bc4393ef3f92d1effb8e31d70b7bff829be01217a1fa03d6b2b640a170da6,visually_verified,visual transcription plus section-level structural and selected numerical checks,tools/check_chapter02_part1.py,implemented,Local geodetic north unit vector
2-20,eq:local-geodetic-y-unit-vector,Local Geodetic Horizon,2-13,42,da9686bf1191d28b5bf4242a43040c30e13f1e9a375d7868654f4172b9181f5b,2-8,Local Geodetic Horizon Coordinate System,manual/chapters/chapter02/01_05_local_geodetic.tex,49,54,53,438328ee6045d1b2638a2a8c4485c305de32231713f6437f7a5c30bf9dee11ac,visually_verified,visual transcription plus section-level structural and selected numerical checks,tools/check_chapter02_part1.py,implemented,Local geodetic east unit vector
2-21,eq:local-geodetic-z-unit-vector,Local Geodetic Horizon,2-13,42,da9686bf1191d28b5bf4242a43040c30e13f1e9a375d7868654f4172b9181f5b,2-8,Local Geodetic Horizon Coordinate System,manual/chapters/chapter02/01_05_local_geodetic.tex,55,62,61,c6de333861f8df1632960cb82f393054eea366448871aac2ff9df71445efb188,visually_verified,visual transcription plus section-level structural and selected numerical checks,tools/check_chapter02_part1.py,implemented,Local geodetic down unit vector
2-22,eq:ellipsoid-surface,Geodetic Coordinate System,2-14,43,da9686bf1191d28b5bf4242a43040c30e13f1e9a375d7868654f4172b9181f5b,2-9,Geodetic Coordinate System,manual/chapters/chapter02/01_06_geodetic.tex,14,19,18,084f067338429165157372b3d8964c0dcc565b0b204bf5afe09af44f166c9b9e,visually_verified,visual transcription plus section-level structural and selected numerical checks,tools/check_chapter02_part1.py,implemented,Ellipsoid surface equation
2-23,eq:ellipsoid-plane-equation,Geodetic Coordinate System,2-14,43,da9686bf1191d28b5bf4242a43040c30e13f1e9a375d7868654f4172b9181f5b,2-9,Geodetic Coordinate System,manual/chapters/chapter02/01_06_geodetic.tex,33,36,35,a07fd3f3b6b1f31b499c26022104915b0e8768ded51ce91aefb4cdfa2822a622,visually_verified,visual transcription plus section-level structural and selected numerical checks,tools/check_chapter02_part1.py,implemented,Ellipsoid meridional section equation
2-24,eq:geodetic-latitude-slope,Geodetic Coordinate System,2-15,44,da9686bf1191d28b5bf4242a43040c30e13f1e9a375d7868654f4172b9181f5b,2-9,Geodetic Coordinate System,manual/chapters/chapter02/01_06_geodetic.tex,40,43,42,b265cf0f397cb4f8cabe85042c8997a25264e6305b3f78c05e5e95b9f1b3cb8d,visually_verified,visual transcription plus section-level structural and selected numerical checks,tools/check_chapter02_part1.py,implemented,Geodetic latitude from surface-normal slope
2-25,eq:ellipsoid-surface-ratio,Geodetic Coordinate System,2-15,44,da9686bf1191d28b5bf4242a43040c30e13f1e9a375d7868654f4172b9181f5b,2-9,Geodetic Coordinate System,manual/chapters/chapter02/01_06_geodetic.tex,46,49,48,27f76f627101ea25e4858253d54c6ee18947957e28bd9c8878a6e97d2e08f5ad,visually_verified,visual transcription plus section-level structural and selected numerical checks,tools/check_chapter02_part1.py,implemented,Ellipsoid surface coordinate ratio
2-26,eq:ellipsoid-xs,Geodetic Coordinate System,2-15,44,da9686bf1191d28b5bf4242a43040c30e13f1e9a375d7868654f4172b9181f5b,2-9,Geodetic Coordinate System,manual/chapters/chapter02/01_06_geodetic.tex,52,56,55,e45ea430bffc06de9cbf1e4406c119f3d9c8b703114643a283c36ca0256c7428,visually_verified,visual transcription plus section-level structural and selected numerical checks,tools/check_chapter02_part1.py,implemented,Ellipsoid surface x coordinate
2-27,eq:ellipsoid-xs-normal,Geodetic Coordinate System,2-15,44,da9686bf1191d28b5bf4242a43040c30e13f1e9a375d7868654f4172b9181f5b,2-10,Geodetic Coordinate System,manual/chapters/chapter02/01_06_geodetic.tex,58,61,60,030a611bfa7b1a8f2a9ee4986a76b7039ee2f7b0fddf08f59f99954495a2c138,visually_verified,visual transcription plus section-level structural and selected numerical checks,tools/check_chapter02_part1.py,implemented,Surface x coordinate in terms of normal radius
2-28,eq:ellipsoid-normal-distance,Geodetic Coordinate System,2-15,44,da9686bf1191d28b5bf4242a43040c30e13f1e9a375d7868654f4172b9181f5b,2-10,Geodetic Coordinate System,manual/chapters/chapter02/01_06_geodetic.tex,64,68,67,6da0c4b499fb136467fd8f8ea44ba032d849581570bfc24ec23cdba5041ef168,visually_verified,visual transcription plus section-level structural and selected numerical checks,tools/check_chapter02_part1.py,implemented,Prime vertical radius of curvature
2-29,eq:ellipsoid-zs,Geodetic Coordinate System,2-15,44,da9686bf1191d28b5bf4242a43040c30e13f1e9a375d7868654f4172b9181f5b,2-10,Geodetic Coordinate System,manual/chapters/chapter02/01_06_geodetic.tex,70,74,73,baf34a99e21fcf0bb970503a075411a17e83844d671e1a4656123649a42eca56,visually_verified,visual transcription plus section-level structural and selected numerical checks,tools/check_chapter02_part1.py,implemented,Ellipsoid surface z coordinate
2-30,eq:geodetic-position-x,Geodetic Coordinate System,2-16,45,da9686bf1191d28b5bf4242a43040c30e13f1e9a375d7868654f4172b9181f5b,2-10,Geodetic Coordinate System,manual/chapters/chapter02/01_06_geodetic.tex,107,110,109,6d269a77dda8e007c1d2b081bb0cb5d941a69aef19dd53a005a38674637e2787,visually_verified,visual transcription plus section-level structural and selected numerical checks,tools/check_chapter02_part1.py,implemented,Geodetic position ECFC x component
2-31,eq:geodetic-position-y,Geodetic Coordinate System,2-16,45,da9686bf1191d28b5bf4242a43040c30e13f1e9a375d7868654f4172b9181f5b,2-10,Geodetic Coordinate System,manual/chapters/chapter02/01_06_geodetic.tex,111,114,113,f19b65a39d7e833399ee82e5d3024cb49c3edbe57126ac60436c9a1a0b264bca,visually_verified,visual transcription plus section-level structural and selected numerical checks,tools/check_chapter02_part1.py,implemented,Geodetic position ECFC y component
2-32,eq:geodetic-position-z,Geodetic Coordinate System,2-16,45,da9686bf1191d28b5bf4242a43040c30e13f1e9a375d7868654f4172b9181f5b,2-10,Geodetic Coordinate System,manual/chapters/chapter02/01_06_geodetic.tex,115,119,118,ad3548d8a32d7432b987b2cade3869ad1c229572aaaa9d41683b7a60572b2092,visually_verified,visual transcription plus section-level structural and selected numerical checks,tools/check_chapter02_part1.py,implemented,Geodetic position ECFC z component
2-33,eq:geodetic-equatorial-projection,Geodetic Coordinate System,2-16,45,da9686bf1191d28b5bf4242a43040c30e13f1e9a375d7868654f4172b9181f5b,2-10,Geodetic Coordinate System,manual/chapters/chapter02/01_06_geodetic.tex,121,124,123,8a913a6495137366bdfceb429ac92c5f66f69d93e052ca40ce86bc716ae5660f,visually_verified,visual transcription plus section-level structural and selected numerical checks,tools/check_chapter02_part1.py,implemented,Equatorial projection of geodetic position
2-34,eq:geodetic-axis-intercept,Geodetic Coordinate System,2-16,45,da9686bf1191d28b5bf4242a43040c30e13f1e9a375d7868654f4172b9181f5b,2-11,Geodetic Coordinate System,manual/chapters/chapter02/01_06_geodetic.tex,131,136,135,d4547325331128ae6df94dd262ff1b4a3615604333ee749e072dc59de6da7a61,visually_verified,visual transcription plus section-level structural and selected numerical checks,tools/check_chapter02_part1.py,implemented,Surface-normal z-axis intercept
2-35,eq:initial-geodetic-latitude-estimate,Geodetic Coordinate System,2-17,46,da9686bf1191d28b5bf4242a43040c30e13f1e9a375d7868654f4172b9181f5b,2-11,Geodetic Coordinate System,manual/chapters/chapter02/01_06_geodetic.tex,138,142,141,837f21007b06a6b31670ab7fe1b248ee4126ef2dd9f4ee11df54500894f15584,visually_verified,visual transcription plus section-level structural and selected numerical checks,tools/check_chapter02_part1.py,implemented,Initial spherical estimate of geodetic latitude
2-36,eq:initial-axis-intercept,Geodetic Coordinate System,2-17,46,da9686bf1191d28b5bf4242a43040c30e13f1e9a375d7868654f4172b9181f5b,2-11,Geodetic Coordinate System,manual/chapters/chapter02/01_06_geodetic.tex,145,148,147,86566113fda89fabaabbe1845d704b2943a1f4dcee119b593d0181b064b96f9a,visually_verified,visual transcription plus section-level structural and selected numerical checks,tools/check_chapter02_part1.py,implemented,Initial z-axis intercept estimate
2-37,eq:geodetic-iteration-zd,Geodetic Coordinate System,2-17,46,da9686bf1191d28b5bf4242a43040c30e13f1e9a375d7868654f4172b9181f5b,2-11,Geodetic Coordinate System,manual/chapters/chapter02/01_06_geodetic.tex,150,153,152,6059ac3ca2e1acde387f08d6717b0d50a056662a2bb2b35268fd021ce9c2ec8c,visually_verified,visual transcription plus section-level structural and selected numerical checks,tools/check_chapter02_part1.py,implemented,Iteration shifted z coordinate
2-38,eq:geodetic-iteration-altitude,Geodetic Coordinate System,2-17,46,da9686bf1191d28b5bf4242a43040c30e13f1e9a375d7868654f4172b9181f5b,2-11,Geodetic Coordinate System,manual/chapters/chapter02/01_06_geodetic.tex,154,157,156,ebcab1b8b4bad033aac4447f0e765bbcaade60862c786e2d36a8792f2e634539,visually_verified,visual transcription plus section-level structural and selected numerical checks,tools/check_chapter02_part1.py,implemented,Iteration radius and altitude relation
2-39,eq:geodetic-iteration-latitude,Geodetic Coordinate System,2-17,46,da9686bf1191d28b5bf4242a43040c30e13f1e9a375d7868654f4172b9181f5b,2-11,Geodetic Coordinate System,manual/chapters/chapter02/01_06_geodetic.tex,158,161,160,6cd33aeceffa2335b5d837e8e42b61dbd974b4342ff51434d2c3dbb1d901714b,visually_verified,visual transcription plus section-level structural and selected numerical checks,tools/check_chapter02_part1.py,implemented,Iteration geodetic latitude relation
2-40,eq:geodetic-iteration-normal,Geodetic Coordinate System,2-17,46,da9686bf1191d28b5bf4242a43040c30e13f1e9a375d7868654f4172b9181f5b,2-11,Geodetic Coordinate System,manual/chapters/chapter02/01_06_geodetic.tex,162,166,165,e72e09aa8f201a02c60d99c0b4a98109bb9c27f63f45dafbe9af4d85328bafe8,visually_verified,visual transcription plus section-level structural and selected numerical checks,tools/check_chapter02_part1.py,implemented,Iteration normal radius
2-41,eq:geodetic-iteration-intercept,Geodetic Coordinate System,2-17,46,da9686bf1191d28b5bf4242a43040c30e13f1e9a375d7868654f4172b9181f5b,2-11,Geodetic Coordinate System,manual/chapters/chapter02/01_06_geodetic.tex,167,170,169,0fe5556722b9eb4bacee66ce28b48f37da8efbe95831cbbd741f0356b74e058c,visually_verified,visual transcription plus section-level structural and selected numerical checks,tools/check_chapter02_part1.py,implemented,Iteration z-axis intercept update
2-42,eq:geodetic-velocity-x,Geodetic Coordinate System,2-18,47,da9686bf1191d28b5bf4242a43040c30e13f1e9a375d7868654f4172b9181f5b,2-11,Geodetic Coordinate System,manual/chapters/chapter02/01_06_geodetic.tex,193,198,197,ce56974d70a1e4fcaf9962293f7c26a03df29a3fe485ff9cf966ce90733f7e83,visually_verified,visual transcription plus section-level structural and selected numerical checks,tools/check_chapter02_part1.py,implemented,Local geodetic north velocity component
2-43,eq:geodetic-velocity-y,Geodetic Coordinate System,2-18,47,da9686bf1191d28b5bf4242a43040c30e13f1e9a375d7868654f4172b9181f5b,2-11,Geodetic Coordinate System,manual/chapters/chapter02/01_06_geodetic.tex,199,204,203,af9c19b27a679666f186af87a44e2ba920bfd2f2c8291fe83c86c263daa1e245,visually_verified,visual transcription plus section-level structural and selected numerical checks,tools/check_chapter02_part1.py,implemented,Local geodetic east velocity component
2-44,eq:geodetic-velocity-z,Geodetic Coordinate System,2-18,47,da9686bf1191d28b5bf4242a43040c30e13f1e9a375d7868654f4172b9181f5b,2-11,Geodetic Coordinate System,manual/chapters/chapter02/01_06_geodetic.tex,205,209,208,a132712eb2b425f4862087d66c893f8c994c278a596f0474ed9fba78009a8c08,visually_verified,visual transcription plus section-level structural and selected numerical checks,tools/check_chapter02_part1.py,implemented,Local geodetic down velocity component
2-45,eq:geodetic-gamma-from-ecfc,Geodetic Coordinate System,2-18,47,da9686bf1191d28b5bf4242a43040c30e13f1e9a375d7868654f4172b9181f5b,2-11,Geodetic Coordinate System,manual/chapters/chapter02/01_06_geodetic.tex,211,216,215,bf09899703e54a53568ed256b4eaa17ccd4e581aecddbb730be94f6939200f7b,visually_verified,visual transcription plus section-level structural and selected numerical checks,tools/check_chapter02_part1.py,implemented,Geodetic vertical flight-path angle
2-46,eq:geodetic-psi-from-ecfc,Geodetic Coordinate System,2-18,47,da9686bf1191d28b5bf4242a43040c30e13f1e9a375d7868654f4172b9181f5b,2-12,Geodetic Coordinate System,manual/chapters/chapter02/01_06_geodetic.tex,217,222,221,d8a0fd805a7176ddaa06777dc14d513e282c6e4b72c70c8c2ac670937deb6bec,visually_verified,visual transcription plus section-level structural and selected numerical checks,tools/check_chapter02_part1.py,implemented,Geodetic heading angle
2-47,eq:geodetic-to-ecfc-x,Geodetic Coordinate System,2-18,47,da9686bf1191d28b5bf4242a43040c30e13f1e9a375d7868654f4172b9181f5b,2-12,Geodetic Coordinate System,manual/chapters/chapter02/01_06_geodetic.tex,230,240,239,c030814447c5663b07560b8a86db2797c8d51c13cac7d97109f341ce8bf1cece,visually_verified,visual transcription plus section-level structural and selected numerical checks,tools/check_chapter02_part1.py,implemented,Geodetic-to-ECFC x velocity transformation
2-48,eq:geodetic-to-ecfc-y,Geodetic Coordinate System,2-18,47,da9686bf1191d28b5bf4242a43040c30e13f1e9a375d7868654f4172b9181f5b,2-12,Geodetic Coordinate System,manual/chapters/chapter02/01_06_geodetic.tex,241,251,250,3f221beac59e4044307c68856ed87eb61cb3649eeb1f3bd17174f00a4e81ab49,visually_verified,visual transcription plus section-level structural and selected numerical checks,tools/check_chapter02_part1.py,implemented,Geodetic-to-ECFC y velocity transformation
2-49,eq:geodetic-to-ecfc-z,Geodetic Coordinate System,2-18,47,da9686bf1191d28b5bf4242a43040c30e13f1e9a375d7868654f4172b9181f5b,2-12,Geodetic Coordinate System,manual/chapters/chapter02/01_06_geodetic.tex,252,257,256,c49941aaea6d9e0e2e56e6847553fd06a031063bd7bc0a65456ff94f022cf9ea,visually_verified,visual transcription plus section-level structural and selected numerical checks,tools/check_chapter02_part1.py,implemented,Geodetic-to-ECFC z velocity transformation
2-50,eq:body-euler-transformation,Body-Fixed Cartesian Coordinate System,2-20,49,da9686bf1191d28b5bf4242a43040c30e13f1e9a375d7868654f4172b9181f5b,2-13,Body-Fixed Cartesian Coordinate System,manual/chapters/chapter02/01_07_body_fixed.tex,49,65,64,004ac7509a6049a5c755fec7ed5a088c09bdcca361f013c88268ddcb99e2f810,visually_verified,visual transcription plus section-level structural and selected numerical checks,tools/check_chapter02_part2.py,implemented,Geodetic Euler rotation matrix
2-51,eq:body-x-from-geodetic-euler,Body-Fixed Cartesian Coordinate System,2-20,49,da9686bf1191d28b5bf4242a43040c30e13f1e9a375d7868654f4172b9181f5b,2-13,Body-Fixed Cartesian Coordinate System,manual/chapters/chapter02/01_07_body_fixed.tex,67,73,72,7f2e73707516f69bd4c47cf30280b228f562142726bac49703dd6d6797edd8c6,visually_verified,visual transcription plus section-level structural and selected numerical checks,tools/check_chapter02_part2.py,implemented,Body x unit vector from geodetic Euler angles
2-52,eq:body-y-from-geodetic-euler,Body-Fixed Cartesian Coordinate System,2-20,49,da9686bf1191d28b5bf4242a43040c30e13f1e9a375d7868654f4172b9181f5b,2-13,Body-Fixed Cartesian Coordinate System,manual/chapters/chapter02/01_07_body_fixed.tex,74,85,84,b8c01f3216b203db6c3219b718689569ca9980ed134f51f1c4b17b5bfbe26116,visually_verified,visual transcription plus section-level structural and selected numerical checks,tools/check_chapter02_part2.py,implemented,Body y unit vector from geodetic Euler angles
2-53,eq:body-z-from-geodetic-euler,Body-Fixed Cartesian Coordinate System,2-20,49,da9686bf1191d28b5bf4242a43040c30e13f1e9a375d7868654f4172b9181f5b,2-13,Body-Fixed Cartesian Coordinate System,manual/chapters/chapter02/01_07_body_fixed.tex,86,97,96,8733d2fa11f05893b2e6e139f049898335cc7803d08b71f1bc359f69f1312cde,visually_verified,visual transcription plus section-level structural and selected numerical checks,tools/check_chapter02_part2.py,implemented,Body z unit vector from geodetic Euler angles
2-54,eq:geodetic-yaw-cosine,Body-Fixed Cartesian Coordinate System,2-21,50,da9686bf1191d28b5bf4242a43040c30e13f1e9a375d7868654f4172b9181f5b,2-13,Body-Fixed Cartesian Coordinate System,manual/chapters/chapter02/01_07_body_fixed.tex,106,112,111,82c3c6e9c4331ce407343ac864ba610a22cce52d7f0919182433568fd09fa00b,visually_verified,visual transcription plus section-level structural and selected numerical checks,tools/check_chapter02_part2.py,implemented,Cosine of geodetic Euler yaw angle
2-55,eq:geodetic-yaw-sine,Body-Fixed Cartesian Coordinate System,2-21,50,da9686bf1191d28b5bf4242a43040c30e13f1e9a375d7868654f4172b9181f5b,2-13,Body-Fixed Cartesian Coordinate System,manual/chapters/chapter02/01_07_body_fixed.tex,113,119,118,088c7aee15626b9bb2e03356b5ad0095993dca213d2db10abe2b32516f120b41,visually_verified,visual transcription plus section-level structural and selected numerical checks,tools/check_chapter02_part2.py,implemented,Sine of geodetic Euler yaw angle
2-56,eq:geodetic-pitch-from-body-axis,Body-Fixed Cartesian Coordinate System,2-21,50,da9686bf1191d28b5bf4242a43040c30e13f1e9a375d7868654f4172b9181f5b,2-13,Body-Fixed Cartesian Coordinate System,manual/chapters/chapter02/01_07_body_fixed.tex,120,124,123,303af04afe78520dfb7b3dd965a30dbc18dc923ffcb116c2d1a2119cbcc8dcf8,visually_verified,visual transcription plus section-level structural and selected numerical checks,tools/check_chapter02_part2.py,implemented,Geodetic Euler pitch relation
2-57,eq:geodetic-roll-from-body-axis,Body-Fixed Cartesian Coordinate System,2-21,50,da9686bf1191d28b5bf4242a43040c30e13f1e9a375d7868654f4172b9181f5b,2-14,Body-Fixed Cartesian Coordinate System,manual/chapters/chapter02/01_07_body_fixed.tex,125,128,127,9372fcb33b41431c1a627931e3cc5d19c4ea5b18528e7fdb68c39c0b0a164c78,visually_verified,visual transcription plus section-level structural and selected numerical checks,tools/check_chapter02_part2.py,implemented,Geodetic Euler roll relation
2-58,eq:temporary-yaw-y-axis,Body-Fixed Cartesian Coordinate System,2-21,50,da9686bf1191d28b5bf4242a43040c30e13f1e9a375d7868654f4172b9181f5b,2-14,Body-Fixed Cartesian Coordinate System,manual/chapters/chapter02/01_07_body_fixed.tex,134,137,136,c8c902789a47f7445446cd4c38b0a7a91fd254ecb5014383e807dfdfc931cdc6,visually_verified,visual transcription plus section-level structural and selected numerical checks,tools/check_chapter02_part2.py,implemented,Intermediate y axis for Euler-angle recovery
2-59,eq:temporary-yaw-x-linear-system,Body-Fixed Cartesian Coordinate System,2-21,50,da9686bf1191d28b5bf4242a43040c30e13f1e9a375d7868654f4172b9181f5b,2-14,Body-Fixed Cartesian Coordinate System,manual/chapters/chapter02/01_07_body_fixed.tex,139,153,152,9840b2d35c661ea2f2c2f2d1b0077d4ae4a11bf0b3bc3ef9b86e74219a40dd4a,visually_verified,visual transcription plus section-level structural and selected numerical checks,tools/check_chapter02_part2.py,implemented,Linear system for intermediate x axis
2-60,eq:temporary-yaw-x-axis,Body-Fixed Cartesian Coordinate System,2-21,50,da9686bf1191d28b5bf4242a43040c30e13f1e9a375d7868654f4172b9181f5b,2-14,Body-Fixed Cartesian Coordinate System,manual/chapters/chapter02/01_07_body_fixed.tex,156,168,167,1192418aa19785d118beaa2a49f6d5dfa77cd98fe222861866d4717fc9ed5d7a,visually_verified,visual transcription plus section-level structural and selected numerical checks,tools/check_chapter02_part2.py,implemented,Explicit intermediate x axis
2-61,eq:euler-angle-pole-convention,Body-Fixed Cartesian Coordinate System,2-22,51,da9686bf1191d28b5bf4242a43040c30e13f1e9a375d7868654f4172b9181f5b,2-14,Body-Fixed Cartesian Coordinate System,manual/chapters/chapter02/01_07_body_fixed.tex,171,177,176,135f43c1b47ae7aeda070dff26a13c42e2a82b01e346c2b92cbd42ca1a04a527,visually_verified,visual transcription plus section-level structural and selected numerical checks,tools/check_chapter02_part2.py,implemented,Vertical-body Euler-angle singularity convention
2-62,eq:wind-corrected-velocity,Velocity Cartesian Coordinate Systems,2-24,53,da9686bf1191d28b5bf4242a43040c30e13f1e9a375d7868654f4172b9181f5b,2-15,Velocity Cartesian Coordinate Systems,manual/chapters/chapter02/01_08_velocity.tex,15,18,17,f03826ea534b1e3a9aac3b35e4054750ac3f4776095b1f5e25cbc765b799b9cd,visually_verified,visual transcription plus section-level structural and selected numerical checks,tools/check_chapter02_part2.py,implemented,Wind-corrected velocity
2-63,eq:air-relative-velocity-x-axis,Velocity Cartesian Coordinate Systems,2-24,53,da9686bf1191d28b5bf4242a43040c30e13f1e9a375d7868654f4172b9181f5b,2-16,Velocity Cartesian Coordinate Systems,manual/chapters/chapter02/01_08_velocity.tex,38,42,41,2fdcf8435157ef0451c11a2db7ad2b9b9bd8f41adef08f850c287f1f6d0d31e8,visually_verified,visual transcription plus section-level structural and selected numerical checks,tools/check_chapter02_part2.py,implemented,Wind-relative velocity x unit vector
2-64,eq:air-relative-velocity-y-axis,Velocity Cartesian Coordinate Systems,2-25,54,da9686bf1191d28b5bf4242a43040c30e13f1e9a375d7868654f4172b9181f5b,2-16,Velocity Cartesian Coordinate Systems,manual/chapters/chapter02/01_08_velocity.tex,43,48,47,3357102dbbf12a9e7776c05c236ff66d9595f7d098bbefaebf3660193da72dfa,visually_verified,visual transcription plus section-level structural and selected numerical checks,tools/check_chapter02_part2.py,implemented,Wind-relative velocity y unit vector
2-65,eq:air-relative-velocity-z-axis,Velocity Cartesian Coordinate Systems,2-25,54,da9686bf1191d28b5bf4242a43040c30e13f1e9a375d7868654f4172b9181f5b,2-16,Velocity Cartesian Coordinate Systems,manual/chapters/chapter02/01_08_velocity.tex,49,54,53,d4ae5147c5f797b3ecd5c96d540d0ba862e3256c73d371e173bb87a6695bb5fe,visually_verified,visual transcription plus section-level structural and selected numerical checks,tools/check_chapter02_part2.py,implemented,Wind-relative velocity z unit vector
2-66,eq:earth-relative-velocity-x-axis,Velocity Cartesian Coordinate Systems,2-25,54,da9686bf1191d28b5bf4242a43040c30e13f1e9a375d7868654f4172b9181f5b,2-16,Velocity Cartesian Coordinate Systems,manual/chapters/chapter02/01_08_velocity.tex,59,63,62,7380f6bfc71ab2b127908881c9d4856bcb3927468f9521f116d9366b58ae5b2e,visually_verified,visual transcription plus section-level structural and selected numerical checks,tools/check_chapter02_part2.py,implemented,Earth-relative velocity x unit vector
2-67,eq:geodetic-to-velocity-transformation,Velocity Cartesian Coordinate Systems,2-25,54,da9686bf1191d28b5bf4242a43040c30e13f1e9a375d7868654f4172b9181f5b,2-16,Velocity Cartesian Coordinate Systems,manual/chapters/chapter02/01_08_velocity.tex,67,82,81,46c3f4d3e098395cb33882b28c46b5a3c56118d3128044e59553c4289f90966f,visually_verified,visual transcription plus section-level structural and selected numerical checks,tools/check_chapter02_part2.py,implemented,Geodetic-to-velocity transformation matrix
2-68,eq:velocity-x-from-geodetic,Velocity Cartesian Coordinate Systems,2-25,54,da9686bf1191d28b5bf4242a43040c30e13f1e9a375d7868654f4172b9181f5b,2-16,Velocity Cartesian Coordinate Systems,manual/chapters/chapter02/01_08_velocity.tex,84,90,89,191d42e5ec3aad6ab6f3a6d1d49fab498035cfb6bd29d38157fb24ba8ab6f293,visually_verified,visual transcription plus section-level structural and selected numerical checks,tools/check_chapter02_part2.py,implemented,Velocity x unit vector from geodetic flight-path angles
2-69,eq:velocity-y-from-geodetic,Velocity Cartesian Coordinate Systems,2-25,54,da9686bf1191d28b5bf4242a43040c30e13f1e9a375d7868654f4172b9181f5b,2-16,Velocity Cartesian Coordinate Systems,manual/chapters/chapter02/01_08_velocity.tex,91,96,95,88afc89ea800cfd0577762ef2786aa394982e553d4cefc6be107053e18f23ee8,visually_verified,visual transcription plus section-level structural and selected numerical checks,tools/check_chapter02_part2.py,implemented,Velocity y unit vector from geodetic heading
2-70,eq:velocity-z-from-geodetic,Velocity Cartesian Coordinate Systems,2-25,54,da9686bf1191d28b5bf4242a43040c30e13f1e9a375d7868654f4172b9181f5b,2-16,Velocity Cartesian Coordinate Systems,manual/chapters/chapter02/01_08_velocity.tex,97,103,102,41afe318cc955a7f0a57b38b9a2b6cb588d6456b33b827050aa975d524a1ed13,visually_verified,visual transcription plus section-level structural and selected numerical checks,tools/check_chapter02_part2.py,implemented,Velocity z unit vector from geodetic flight-path angles
2-71,eq:wind-unit-vectors,Wind Cartesian Coordinate System,2-26,55,da9686bf1191d28b5bf4242a43040c30e13f1e9a375d7868654f4172b9181f5b,2-16,Wind Cartesian Coordinate System,manual/chapters/chapter02/01_09_wind.tex,24,31,30,4c19c36449d69eb8f9d0b048bb86d73d73fb153514c50c9b6f91ffd420d99205,visually_verified,visual transcription plus section-level structural and selected numerical checks,tools/check_chapter02_part2.py,implemented,Wind unit vectors from bank angle
2-72,eq:wind-to-body-aero-transformation,Wind Cartesian Coordinate System,2-27,56,da9686bf1191d28b5bf4242a43040c30e13f1e9a375d7868654f4172b9181f5b,2-17,Wind Cartesian Coordinate System,manual/chapters/chapter02/01_09_wind.tex,62,77,76,c96197d5b4214f986b3bbf7e4af61f67025f54df1c1853d2f79997a1c00c1058,visually_verified,visual transcription plus section-level structural and selected numerical checks,tools/check_chapter02_part2.py,implemented,Wind-to-body aerodynamic rotation matrix
2-73,eq:body-x-from-aero-angles,Wind Cartesian Coordinate System,2-27,56,da9686bf1191d28b5bf4242a43040c30e13f1e9a375d7868654f4172b9181f5b,2-18,Wind Cartesian Coordinate System,manual/chapters/chapter02/01_09_wind.tex,79,85,84,946b352a1a1d951a86020bd702b9dc5c5d8381edaf85684b5e59cfaed8a68742,visually_verified,visual transcription plus section-level structural and selected numerical checks,tools/check_chapter02_part2.py,implemented,Body x unit vector from angle of attack and Euler sideslip
2-74,eq:body-y-from-aero-angles,Wind Cartesian Coordinate System,2-27,56,da9686bf1191d28b5bf4242a43040c30e13f1e9a375d7868654f4172b9181f5b,2-18,Wind Cartesian Coordinate System,manual/chapters/chapter02/01_09_wind.tex,86,91,90,57181af3a16b3eb36ed6732c4eac1a999a3b11bfbce9bac5988fecea238d2b2c,visually_verified,visual transcription plus section-level structural and selected numerical checks,tools/check_chapter02_part2.py,implemented,Body y unit vector from Euler sideslip
2-75,eq:body-z-from-aero-angles,Wind Cartesian Coordinate System,2-27,56,da9686bf1191d28b5bf4242a43040c30e13f1e9a375d7868654f4172b9181f5b,2-18,Wind Cartesian Coordinate System,manual/chapters/chapter02/01_09_wind.tex,92,98,97,a337d3c2e2b432e19594b92e870fc094fe64492166e711c3b4fca82b01f79977,visually_verified,visual transcription plus section-level structural and selected numerical checks,tools/check_chapter02_part2.py,implemented,Body z unit vector from angle of attack and Euler sideslip
2-76,eq:projected-angle-of-attack,Wind Cartesian Coordinate System,2-27,56,da9686bf1191d28b5bf4242a43040c30e13f1e9a375d7868654f4172b9181f5b,2-18,Wind Cartesian Coordinate System,manual/chapters/chapter02/01_09_wind.tex,106,111,110,d15fd13cb4f51314c10c56b3a3837b275e378097eed06581136c0efd61da1755,visually_verified,visual transcription plus section-level structural and selected numerical checks,tools/check_chapter02_part2.py,implemented,Angle of attack projection definition
2-77,eq:projected-sideslip,Wind Cartesian Coordinate System,2-27,56,da9686bf1191d28b5bf4242a43040c30e13f1e9a375d7868654f4172b9181f5b,2-18,Wind Cartesian Coordinate System,manual/chapters/chapter02/01_09_wind.tex,112,117,116,b71afedbbeec1064362273e9f927b829af5fd7d7e11de1ffabd814ce9c9f29c1,visually_verified,visual transcription plus section-level structural and selected numerical checks,tools/check_chapter02_part2.py,implemented,Sideslip projection definition
2-78,eq:projected-sideslip-at-90-alpha,Wind Cartesian Coordinate System,2-29,58,da9686bf1191d28b5bf4242a43040c30e13f1e9a375d7868654f4172b9181f5b,2-18,Wind Cartesian Coordinate System,manual/chapters/chapter02/01_09_wind.tex,145,150,149,df00dfe3803f07cdd2f605a3a064a5ce7c0a0e7f01744d26eb0ca852a39693ed,visually_verified,visual transcription plus section-level structural and selected numerical checks,tools/check_chapter02_part2.py,implemented,Sideslip definition at ninety-degree angle of attack
2-79,eq:total-angle-of-attack,Wind Cartesian Coordinate System,2-29,58,da9686bf1191d28b5bf4242a43040c30e13f1e9a375d7868654f4172b9181f5b,2-19,Wind Cartesian Coordinate System,manual/chapters/chapter02/01_09_wind.tex,170,176,175,8920b167465e1e96cf29704500c19e8ece184f0229ed2181794be0943b4195a7,visually_verified,visual transcription plus section-level structural and selected numerical checks,tools/check_chapter02_part2.py,implemented,Total angle of attack definition
2-80,eq:windward-meridian,Wind Cartesian Coordinate System,2-29,58,da9686bf1191d28b5bf4242a43040c30e13f1e9a375d7868654f4172b9181f5b,2-19,Wind Cartesian Coordinate System,manual/chapters/chapter02/01_09_wind.tex,177,182,181,8097c642f8c578701c58d02ab3bce73f0ad3aa63331ca4d911c503ca04c987ac,visually_verified,visual transcription plus section-level structural and selected numerical checks,tools/check_chapter02_part2.py,implemented,Windward meridian definition
2-81,eq:alpha-betae-to-total-alpha,Wind Cartesian Coordinate System,2-30,59,da9686bf1191d28b5bf4242a43040c30e13f1e9a375d7868654f4172b9181f5b,2-19,Wind Cartesian Coordinate System,manual/chapters/chapter02/01_09_wind.tex,199,205,204,99b321646d2c945d428737339faa0d4a8c1b1606c9bedcf902dbe60060c91696,visually_verified,visual transcription plus section-level structural and selected numerical checks,tools/check_chapter02_part2.py,implemented,Total angle of attack from alpha and Euler sideslip
2-82,eq:alpha-betae-to-windward-meridian,Wind Cartesian Coordinate System,2-30,59,da9686bf1191d28b5bf4242a43040c30e13f1e9a375d7868654f4172b9181f5b,2-20,Wind Cartesian Coordinate System,manual/chapters/chapter02/01_09_wind.tex,206,211,210,12f5100fddb987b324442c6a73308bbdf868086ff5a4390edc4757760640d7c7,visually_verified,visual transcription plus section-level structural and selected numerical checks,tools/check_chapter02_part2.py,implemented,Windward meridian from alpha and Euler sideslip
2-83,eq:alpha-betae-to-beta,Wind Cartesian Coordinate System,2-30,59,da9686bf1191d28b5bf4242a43040c30e13f1e9a375d7868654f4172b9181f5b,2-20,Wind Cartesian Coordinate System,manual/chapters/chapter02/01_09_wind.tex,212,217,216,174b67dd454b04a6aa5a9356126d4d2f806b3fcf53dfe54f4d3d8238a2f55acd,visually_verified,visual transcription plus section-level structural and selected numerical checks,tools/check_chapter02_part2.py,implemented,Sideslip from alpha and Euler sideslip
2-84,eq:alpha-beta-to-total-alpha,Wind Cartesian Coordinate System,2-30,59,da9686bf1191d28b5bf4242a43040c30e13f1e9a375d7868654f4172b9181f5b,2-20,Wind Cartesian Coordinate System,manual/chapters/chapter02/01_09_wind.tex,221,224,223,b33303188d8940ede6c0409c537edf84e4f395e025fa67ea619b39690a28f90e,visually_verified,visual transcription plus section-level structural and selected numerical checks,tools/check_chapter02_part2.py,implemented,Total angle of attack from alpha and sideslip
2-85,eq:alpha-beta-to-windward-meridian,Wind Cartesian Coordinate System,2-30,59,da9686bf1191d28b5bf4242a43040c30e13f1e9a375d7868654f4172b9181f5b,2-20,Wind Cartesian Coordinate System,manual/chapters/chapter02/01_09_wind.tex,225,228,227,023ff8e35bf8c3c86115adcab14e52e57c30a54205d7597a6e1d1447190a0e4c,visually_verified,visual transcription plus section-level structural and selected numerical checks,tools/check_chapter02_part2.py,implemented,Windward meridian from alpha and sideslip
2-86,eq:alpha-beta-to-euler-sideslip,Wind Cartesian Coordinate System,2-30,59,da9686bf1191d28b5bf4242a43040c30e13f1e9a375d7868654f4172b9181f5b,2-20,Wind Cartesian Coordinate System,manual/chapters/chapter02/01_09_wind.tex,229,232,231,696b12f88eb4cf30798da72e2bf6ccb340ff842313ef4a1cb5d25308fd5a313d,visually_verified,visual transcription plus section-level structural and selected numerical checks,tools/check_chapter02_part2.py,implemented,Euler sideslip from alpha and sideslip
2-87,eq:total-alpha-phi-to-alpha,Wind Cartesian Coordinate System,2-30,59,da9686bf1191d28b5bf4242a43040c30e13f1e9a375d7868654f4172b9181f5b,2-20,Wind Cartesian Coordinate System,manual/chapters/chapter02/01_09_wind.tex,236,240,239,d454c7b5472595e70e604938393bfe3e66ede8a3fbcae2965029bdc40d0f8e73,visually_verified,visual transcription plus section-level structural and selected numerical checks,tools/check_chapter02_part2.py,implemented,Angle of attack from total angle and windward meridian
2-88,eq:total-alpha-phi-to-beta,Wind Cartesian Coordinate System,2-30,59,da9686bf1191d28b5bf4242a43040c30e13f1e9a375d7868654f4172b9181f5b,2-20,Wind Cartesian Coordinate System,manual/chapters/chapter02/01_09_wind.tex,241,245,244,e2ceb72b6eb71299262781734c4f347d4f0123751883d759cfce1e395bb9861c,visually_verified,visual transcription plus section-level structural and selected numerical checks,tools/check_chapter02_part2.py,implemented,Sideslip from total angle and windward meridian
2-89,eq:total-alpha-phi-to-euler-sideslip,Wind Cartesian Coordinate System,2-30,59,da9686bf1191d28b5bf4242a43040c30e13f1e9a375d7868654f4172b9181f5b,2-20,Wind Cartesian Coordinate System,manual/chapters/chapter02/01_09_wind.tex,246,249,248,ad77c92001c90b01b2927ed219ae355c9e04e0fbb003881bfebd921a5e4dbcd0,visually_verified,visual transcription plus section-level structural and selected numerical checks,tools/check_chapter02_part2.py,implemented,Euler sideslip from total angle and windward meridian
2-90,eq:tangent-plane-x-unit-vector,Tangent Plane Cartesian Coordinate System,2-33,62,da9686bf1191d28b5bf4242a43040c30e13f1e9a375d7868654f4172b9181f5b,2-21,Tangent Plane Cartesian Coordinate System,manual/chapters/chapter02/01_11_tangent_plane.tex,17,28,27,591e0e24e8fa1b913b796b99667468b7c700e07ce4a81f16b489c4941f55ad98,visually_verified,visual transcription plus section-level structural and selected numerical checks,tools/check_chapter02_part2.py,implemented,Tangent-plane x unit vector
2-91,eq:tangent-plane-y-unit-vector,Tangent Plane Cartesian Coordinate System,2-33,62,da9686bf1191d28b5bf4242a43040c30e13f1e9a375d7868654f4172b9181f5b,2-21,Tangent Plane Cartesian Coordinate System,manual/chapters/chapter02/01_11_tangent_plane.tex,29,40,39,c82255868f95c7bc55134ac67400e1b7a40bb5eec0e11f6c1700d8821bd8c322,visually_verified,visual transcription plus section-level structural and selected numerical checks,tools/check_chapter02_part2.py,implemented,Tangent-plane y unit vector
2-92,eq:tangent-plane-z-unit-vector,Tangent Plane Cartesian Coordinate System,2-33,62,da9686bf1191d28b5bf4242a43040c30e13f1e9a375d7868654f4172b9181f5b,2-21,Tangent Plane Cartesian Coordinate System,manual/chapters/chapter02/01_11_tangent_plane.tex,41,47,46,6b05e74f8f613f8f4646d6a2cc22599761cb9a2bfa68058232ca45420311c28f,visually_verified,visual transcription plus section-level structural and selected numerical checks,tools/check_chapter02_part2.py,implemented,Tangent-plane z unit vector
2-93,eq:ecfc-to-body-force-transformation,Coordinate Transformations,2-35,64,da9686bf1191d28b5bf4242a43040c30e13f1e9a375d7868654f4172b9181f5b,2-22,Coordinate Transformations,manual/chapters/chapter02/01_12_coordinate_transformations.tex,14,33,32,f5724635996520cd62ad2cff03c7c323a043b105544d875f40daa74fbaa60f1f,visually_verified,visual transcription plus section-level structural and selected numerical checks,tools/check_chapter02_part2.py,implemented,ECFC-to-body projection of propulsive force
2-94,eq:body-to-ecfc-force-transformation,Coordinate Transformations,2-35,64,da9686bf1191d28b5bf4242a43040c30e13f1e9a375d7868654f4172b9181f5b,2-22,Coordinate Transformations,manual/chapters/chapter02/01_12_coordinate_transformations.tex,38,44,43,4e2406d8ec8a23e26e9638099913c1a2cded58de3ddf28fb51611f13a2bacece,visually_verified,visual transcription plus section-level structural and selected numerical checks,tools/check_chapter02_part2.py,implemented,Inverse body-to-ECFC force transformation
2-95,eq:body-to-ecfc-force-transformation-transpose,Coordinate Transformations,2-35,64,da9686bf1191d28b5bf4242a43040c30e13f1e9a375d7868654f4172b9181f5b,2-22,Coordinate Transformations,manual/chapters/chapter02/01_12_coordinate_transformations.tex,45,55,54,7843fadc1da4a513e589bb63472697a69ead14175cd530b809a5ed2f7fd7fc5a,visually_verified,visual transcription plus section-level structural and selected numerical checks,tools/check_chapter02_part2.py,implemented,Transpose form of body-to-ECFC force transformation
2-96,eq:body-to-ecfc-force-transformation-columns,Coordinate Transformations,2-35,64,da9686bf1191d28b5bf4242a43040c30e13f1e9a375d7868654f4172b9181f5b,2-23,Coordinate Transformations,manual/chapters/chapter02/01_12_coordinate_transformations.tex,56,64,63,87207e3ffb85fd62741dff6a32cd13383df291521755b455e4e2c2cfc83f57b7,visually_verified,visual transcription plus section-level structural and selected numerical checks,tools/check_chapter02_part2.py,implemented,Column-vector form of body-to-ECFC force transformation
2-97,eq:newton-point-mass,Equations of Motion,2-36,65,da9686bf1191d28b5bf4242a43040c30e13f1e9a375d7868654f4172b9181f5b,2-23,Equations of Motion,manual/chapters/chapter02/02_00_equations_of_motion.tex,6,9,8,f5b75d587c5e0ee9402fd6b3ea2652b1732084be15a3966a226bc34ed6c6bdc5,visually_verified,visual transcription plus section-level structural and selected numerical checks,tools/check_chapter02_section22.py,implemented,Newton second law for a point mass
2-98,eq:inertial-position-second-derivative,Equations of Motion,2-36,65,da9686bf1191d28b5bf4242a43040c30e13f1e9a375d7868654f4172b9181f5b,2-23,Equations of Motion,manual/chapters/chapter02/02_00_equations_of_motion.tex,17,23,22,ebc823118e9f425c1962ed0d053c0a4b1a7da6e460eebf937ad7cc2d0fbc0a5b,visually_verified,visual transcription plus section-level structural and selected numerical checks,tools/check_chapter02_section22.py,implemented,Inertial acceleration as the second position derivative
2-99,eq:inertial-derivative-earth-fixed-inner,Equations of Motion,2-36,65,da9686bf1191d28b5bf4242a43040c30e13f1e9a375d7868654f4172b9181f5b,2-23,Equations of Motion,manual/chapters/chapter02/02_00_equations_of_motion.tex,27,35,34,ad8f86252df833ea3198537063350e36ca57d2bce5b30ad88ea807020034720a,visually_verified,visual transcription plus section-level structural and selected numerical checks,tools/check_chapter02_section22.py,implemented,Transport theorem with earth-fixed inner derivative
2-100,eq:transport-theorem-expanded,Equations of Motion,2-36,65,da9686bf1191d28b5bf4242a43040c30e13f1e9a375d7868654f4172b9181f5b,2-23,Equations of Motion,manual/chapters/chapter02/02_00_equations_of_motion.tex,38,53,52,4f41c013cede92b24c84856f8ee26ec266c2fdf20691b8b1fb712c3fa2b9768c,visually_verified,visual transcription plus section-level structural and selected numerical checks,tools/check_chapter02_section22.py,implemented,Transport theorem evaluated in the rotating frame
2-101,eq:inertial-acceleration-expanded,Equations of Motion,2-36,65,da9686bf1191d28b5bf4242a43040c30e13f1e9a375d7868654f4172b9181f5b,2-23,Equations of Motion,manual/chapters/chapter02/02_00_equations_of_motion.tex,55,70,69,bcaec1cf984874e52b3d9723fea872246795617aff50ade1a3f0914ea3e11c80,visually_verified,visual transcription plus section-level structural and selected numerical checks,tools/check_chapter02_section22.py,implemented,Expanded inertial acceleration
2-102,eq:earth-relative-velocity-acceleration-definitions,Equations of Motion,2-36,65,da9686bf1191d28b5bf4242a43040c30e13f1e9a375d7868654f4172b9181f5b,2-23,Equations of Motion,manual/chapters/chapter02/02_00_equations_of_motion.tex,73,80,79,1df4ae42147df2051a46fde605ff7569558d7ddc6047293b9256f602492cc271,visually_verified,visual transcription plus section-level structural and selected numerical checks,tools/check_chapter02_section22.py,implemented,Earth-relative velocity and acceleration definitions
2-103,eq:inertial-acceleration-grouped,Equations of Motion,2-37,66,da9686bf1191d28b5bf4242a43040c30e13f1e9a375d7868654f4172b9181f5b,2-23,Equations of Motion,manual/chapters/chapter02/02_00_equations_of_motion.tex,82,96,95,c0ed7436ad639c3bfc9e8f6ecded5737ce50cb8f03775070d191e3c8769afa79,visually_verified,visual transcription plus section-level structural and selected numerical checks,tools/check_chapter02_section22.py,implemented,Grouped inertial acceleration terms
2-104,eq:inertial-earth-acceleration-relation,Equations of Motion,2-37,66,da9686bf1191d28b5bf4242a43040c30e13f1e9a375d7868654f4172b9181f5b,2-23,Equations of Motion,manual/chapters/chapter02/02_00_equations_of_motion.tex,98,105,104,9ef54e523eba3ba0445783dcd8c23f68b6a88845d1cc953dddd75335dfd96e36,visually_verified,visual transcription plus section-level structural and selected numerical checks,tools/check_chapter02_section22.py,implemented,Inertial and earth-fixed acceleration relationship
2-105,eq:earth-fixed-equation-of-motion,Equations of Motion,2-37,66,da9686bf1191d28b5bf4242a43040c30e13f1e9a375d7868654f4172b9181f5b,2-24,Equations of Motion,manual/chapters/chapter02/02_00_equations_of_motion.tex,109,116,115,d422f541ebededd8922b0fade52e98dad1a680e50e757dac8eb916c626da5e11,visually_verified,visual transcription plus section-level structural and selected numerical checks,tools/check_chapter02_section22.py,implemented,Earth-fixed rotating-earth equation of motion
2-106,eq:first-order-equations-of-motion,Equations of Motion,2-37,66,da9686bf1191d28b5bf4242a43040c30e13f1e9a375d7868654f4172b9181f5b,2-24,Equations of Motion,manual/chapters/chapter02/02_00_equations_of_motion.tex,119,129,128,85b7bb9894f55153c6d5c159a38b3116aa3e69da7df1d5ee3eca771c72b45fb1,visually_verified,visual transcription plus section-level structural and selected numerical checks,tools/check_chapter02_section22.py,implemented,First-order equations of motion
2-107,eq:trajectory-state-vector,Numerical Integration,2-38,67,da9686bf1191d28b5bf4242a43040c30e13f1e9a375d7868654f4172b9181f5b,2-24,Numerical Integration,manual/chapters/chapter02/02_01_numerical_integration.tex,6,22,21,9090cfd6e9db03abc0934d2083388c0b7323c5cd3aa55d6985146007dec93a26,visually_verified,visual transcription plus section-level structural and selected numerical checks,tools/check_chapter02_section22.py,implemented,Six-component ECFC state vector
2-108,eq:trajectory-state-derivative-vector,Numerical Integration,2-38,67,da9686bf1191d28b5bf4242a43040c30e13f1e9a375d7868654f4172b9181f5b,2-24,Numerical Integration,manual/chapters/chapter02/02_01_numerical_integration.tex,25,42,41,8516ccf2865ca9586ea88c12202cbe7c002ad07b954dc7b72cf5593dec5d2bef,visually_verified,visual transcription plus section-level structural and selected numerical checks,tools/check_chapter02_section22.py,implemented,State derivative vector
2-109,eq:ecfc-x-acceleration-state-form,Numerical Integration,2-38,67,da9686bf1191d28b5bf4242a43040c30e13f1e9a375d7868654f4172b9181f5b,2-24,Numerical Integration,manual/chapters/chapter02/02_01_numerical_integration.tex,45,51,50,3262137165f5e2658da1f846f14edfa7964702a1ff630c5432736a940484b898,visually_verified,visual transcription plus section-level structural and selected numerical checks,tools/check_chapter02_section22.py,implemented,ECFC x acceleration component
2-110,eq:ecfc-y-acceleration-state-form,Numerical Integration,2-38,67,da9686bf1191d28b5bf4242a43040c30e13f1e9a375d7868654f4172b9181f5b,2-24,Numerical Integration,manual/chapters/chapter02/02_01_numerical_integration.tex,52,58,57,887eea94ca162965ae08be57ae17ae7b65b0edfb016edee34c0ebdf9f909671b,visually_verified,visual transcription plus section-level structural and selected numerical checks,tools/check_chapter02_section22.py,implemented,ECFC y acceleration component
2-111,eq:ecfc-z-acceleration-state-form,Numerical Integration,2-38,67,da9686bf1191d28b5bf4242a43040c30e13f1e9a375d7868654f4172b9181f5b,2-24,Numerical Integration,manual/chapters/chapter02/02_01_numerical_integration.tex,59,63,62,127517415cfbb8296c882287f61ce8f7904a9df11a7de38e2436b6da84e2e972,visually_verified,visual transcription plus section-level structural and selected numerical checks,tools/check_chapter02_section22.py,implemented,ECFC z acceleration component
2-112,eq:earth-spin-rate-magnitude,Numerical Integration,2-38,67,da9686bf1191d28b5bf4242a43040c30e13f1e9a375d7868654f4172b9181f5b,2-24,Numerical Integration,manual/chapters/chapter02/02_01_numerical_integration.tex,65,68,67,a759e12bbe516f77c9a480821beed0988e16a5d2e8bec54d8b889de20c702ddb,visually_verified,visual transcription plus section-level structural and selected numerical checks,tools/check_chapter02_section22.py,implemented,Earth spin-rate magnitude
2-113,eq:augmented-trajectory-state,Numerical Integration,2-39,68,da9686bf1191d28b5bf4242a43040c30e13f1e9a375d7868654f4172b9181f5b,2-25,Numerical Integration,manual/chapters/chapter02/02_01_numerical_integration.tex,107,124,123,f7f006651aa1159e1e82fb9df5952b4a78686e7d8f907342057c6c3f17b3b782,visually_verified,visual transcription plus section-level structural and selected numerical checks,tools/check_chapter02_section22.py,implemented,Augmented integration state and derivative vectors
2-114,eq:runge-kutta-fourth-order-step,Numerical Integration,2-40,69,da9686bf1191d28b5bf4242a43040c30e13f1e9a375d7868654f4172b9181f5b,2-25,Numerical Integration,manual/chapters/chapter02/02_01_numerical_integration.tex,128,139,138,e77692917bce250de63631884c97e1ad22a6ace96eb4d68ac37d53931c087d41,visually_verified,visual transcription plus section-level structural and selected numerical checks,tools/check_chapter02_section22.py,implemented,Fourth-order Runge-Kutta update
2-115,eq:runge-kutta-stage-zero,Numerical Integration,2-40,69,da9686bf1191d28b5bf4242a43040c30e13f1e9a375d7868654f4172b9181f5b,2-25,Numerical Integration,manual/chapters/chapter02/02_01_numerical_integration.tex,141,144,143,9e55b4fae994f90a7380cdf7b7dd990c50468019a9221f4d7acd3e8ba3bc2797,visually_verified,visual transcription plus section-level structural and selected numerical checks,tools/check_chapter02_section22.py,implemented,Runge-Kutta first derivative evaluation
2-116,eq:runge-kutta-stage-one,Numerical Integration,2-40,69,da9686bf1191d28b5bf4242a43040c30e13f1e9a375d7868654f4172b9181f5b,2-25,Numerical Integration,manual/chapters/chapter02/02_01_numerical_integration.tex,145,153,152,4ff713bc40921b6c2ff7b654c3598ecf45353f7428cd989d2e481d52ea9211ac,visually_verified,visual transcription plus section-level structural and selected numerical checks,tools/check_chapter02_section22.py,implemented,Runge-Kutta second derivative evaluation
2-117,eq:runge-kutta-stage-two,Numerical Integration,2-40,69,da9686bf1191d28b5bf4242a43040c30e13f1e9a375d7868654f4172b9181f5b,2-25,Numerical Integration,manual/chapters/chapter02/02_01_numerical_integration.tex,154,162,161,927156821fc9144e7fed55f6d566486591659583f5f27aee21b411b700e70e0f,visually_verified,visual transcription plus section-level structural and selected numerical checks,tools/check_chapter02_section22.py,implemented,Runge-Kutta third derivative evaluation
2-118,eq:runge-kutta-stage-three,Numerical Integration,2-40,69,da9686bf1191d28b5bf4242a43040c30e13f1e9a375d7868654f4172b9181f5b,2-25,Numerical Integration,manual/chapters/chapter02/02_01_numerical_integration.tex,163,171,170,b86d36b58ab6aaf2235fd444ad111ac8d7141649c02150199d5483ee0b25e6fa,visually_verified,visual transcription plus section-level structural and selected numerical checks,tools/check_chapter02_section22.py,implemented,Runge-Kutta fourth derivative evaluation
2-119,eq:rail-constrained-acceleration-components,Rail Launches and Sled Tests,2-41,70,da9686bf1191d28b5bf4242a43040c30e13f1e9a375d7868654f4172b9181f5b,2-26,Rail Launches and Sled Tests,manual/chapters/chapter02/02_02_rail_launches.tex,10,23,22,bfaebe54ca2f212872aaa53b8bdedc0c718304201162d38ec3e924617de70b23,visually_verified,visual transcription plus section-level structural and selected numerical checks,tools/check_chapter02_section22.py,not yet mapped to an executable mathematics implementation,Rail-constrained ECFC acceleration components
2-120,eq:rail-acceleration-magnitude,Rail Launches and Sled Tests,2-41,70,da9686bf1191d28b5bf4242a43040c30e13f1e9a375d7868654f4172b9181f5b,2-26,Rail Launches and Sled Tests,manual/chapters/chapter02/02_02_rail_launches.tex,25,30,29,f1510b864eb85ac37293c08b243f015d6e6295e969c96de98ef14c4694b88298,visually_verified,visual transcription plus section-level structural and selected numerical checks,tools/check_chapter02_section22.py,not yet mapped to an executable mathematics implementation,Acceleration magnitude along the rail
2-121,eq:rail-friction-acceleration,Rail Launches and Sled Tests,2-41,70,da9686bf1191d28b5bf4242a43040c30e13f1e9a375d7868654f4172b9181f5b,2-26,Rail Launches and Sled Tests,manual/chapters/chapter02/02_02_rail_launches.tex,33,38,37,cb7ffa31202b90850652734d60de6759486f333cdf1b8efd152d20cca3a307bc,visually_verified,visual transcription plus section-level structural and selected numerical checks,tools/check_chapter02_section22.py,not yet mapped to an executable mathematics implementation,Acceleration loss from rail friction
2-122,eq:rail-normal-acceleration,Rail Launches and Sled Tests,2-41,70,da9686bf1191d28b5bf4242a43040c30e13f1e9a375d7868654f4172b9181f5b,2-26,Rail Launches and Sled Tests,manual/chapters/chapter02/02_02_rail_launches.tex,40,47,46,3dfe0eb767ee1ab6813f73e38f78c0dfba47ee892331c61d191d05737120097d,visually_verified,visual transcription plus section-level structural and selected numerical checks,tools/check_chapter02_section22.py,not yet mapped to an executable mathematics implementation,Acceleration normal to the rail
2-123,eq:longitude-sine,Longitude Latitude and Altitude Rates,2-42,71,da9686bf1191d28b5bf4242a43040c30e13f1e9a375d7868654f4172b9181f5b,2-26,"Longitude, Latitude, and Altitude Rates",manual/chapters/chapter02/02_03_state_rates.tex,16,24,23,d083dfc0d2191a54f50af8965888d6dcb6989e2600f1a702e77ba9fe4650c17c,visually_verified,visual transcription plus section-level structural and selected numerical checks,tools/check_chapter02_section22.py,implemented,Sine of longitude
2-124,eq:longitude-cosine,Longitude Latitude and Altitude Rates,2-42,71,da9686bf1191d28b5bf4242a43040c30e13f1e9a375d7868654f4172b9181f5b,2-26,"Longitude, Latitude, and Altitude Rates",manual/chapters/chapter02/02_03_state_rates.tex,25,33,32,9a92654fe185c977c46ddb41a1086e51378310a48f6068c90f75d3abc49f23ac,visually_verified,visual transcription plus section-level structural and selected numerical checks,tools/check_chapter02_section22.py,implemented,Cosine of longitude
2-125,eq:longitude-arctangent,Longitude Latitude and Altitude Rates,2-42,71,da9686bf1191d28b5bf4242a43040c30e13f1e9a375d7868654f4172b9181f5b,2-26,"Longitude, Latitude, and Altitude Rates",manual/chapters/chapter02/02_03_state_rates.tex,35,43,42,c2fd859e2cd012c5ba8dd438cd05acc25ba6bba6231c46ba06bc5584180815cb,visually_verified,visual transcription plus section-level structural and selected numerical checks,tools/check_chapter02_section22.py,implemented,Longitude inverse-tangent definition
2-126,eq:longitude-rate-component-form,Longitude Latitude and Altitude Rates,2-42,71,da9686bf1191d28b5bf4242a43040c30e13f1e9a375d7868654f4172b9181f5b,2-27,"Longitude, Latitude, and Altitude Rates",manual/chapters/chapter02/02_03_state_rates.tex,46,59,58,fbd59029650f5bab77743555a9fbc454c51501f89fe1464e95e89d8bbbf92e31,visually_verified,visual transcription plus section-level structural and selected numerical checks,tools/check_chapter02_section22.py,implemented,Longitude rate in ECFC components
2-127,eq:longitude-rate-unit-vector-form,Longitude Latitude and Altitude Rates,2-42,71,da9686bf1191d28b5bf4242a43040c30e13f1e9a375d7868654f4172b9181f5b,2-27,"Longitude, Latitude, and Altitude Rates",manual/chapters/chapter02/02_03_state_rates.tex,61,74,73,542a95491000e7af48b635c3748c104a5fcd10fbef9cd322c31f962e8b0552a1,visually_verified,visual transcription plus section-level structural and selected numerical checks,tools/check_chapter02_section22.py,implemented,Longitude rate in unit-vector form
2-128,eq:geocentric-latitude-rate,Longitude Latitude and Altitude Rates,2-43,72,da9686bf1191d28b5bf4242a43040c30e13f1e9a375d7868654f4172b9181f5b,2-27,"Longitude, Latitude, and Altitude Rates",manual/chapters/chapter02/02_03_state_rates.tex,82,87,86,2d17a2b0bf3fd432da22b9e5cdacb989413b34d92a3337f853b5e41b3712dca3,visually_verified,visual transcription plus section-level structural and selected numerical checks,tools/check_chapter02_section22.py,implemented,Geocentric latitude rate
2-129,eq:geodetic-latitude-rate-start,Longitude Latitude and Altitude Rates,2-43,72,da9686bf1191d28b5bf4242a43040c30e13f1e9a375d7868654f4172b9181f5b,2-27,"Longitude, Latitude, and Altitude Rates",manual/chapters/chapter02/02_03_state_rates.tex,95,100,99,3751607a76cd562183f24031a554783e28a78371550271abb04e512127ceb6a0,visually_verified,visual transcription plus section-level structural and selected numerical checks,tools/check_chapter02_section22.py,implemented,Starting identity for geodetic latitude rate
2-130,eq:geodetic-latitude-rate-differentiated,Longitude Latitude and Altitude Rates,2-43,72,da9686bf1191d28b5bf4242a43040c30e13f1e9a375d7868654f4172b9181f5b,2-27,"Longitude, Latitude, and Altitude Rates",manual/chapters/chapter02/02_03_state_rates.tex,102,111,110,2159d94b6b341acd7918e216ee3c3c4f97f700986874eab35bf4fb24a8374d79,visually_verified,visual transcription plus section-level structural and selected numerical checks,tools/check_chapter02_section22.py,implemented,Differentiated geodetic latitude identity
2-131,eq:geodetic-latitude-rate-general,Longitude Latitude and Altitude Rates,2-43,72,da9686bf1191d28b5bf4242a43040c30e13f1e9a375d7868654f4172b9181f5b,2-27,"Longitude, Latitude, and Altitude Rates",manual/chapters/chapter02/02_03_state_rates.tex,113,127,126,618084e2105b1c48de3d474e85a6b0788248f32f12b176e2857d4653238c4fd9,visually_verified,visual transcription plus section-level structural and selected numerical checks,tools/check_chapter02_section22.py,implemented,General geodetic latitude-rate solution
2-132,eq:equatorial-projection-for-rate,Longitude Latitude and Altitude Rates,2-43,72,da9686bf1191d28b5bf4242a43040c30e13f1e9a375d7868654f4172b9181f5b,2-27,"Longitude, Latitude, and Altitude Rates",manual/chapters/chapter02/02_03_state_rates.tex,129,132,131,e2b879dc902def9e2780fda54722826869332ae104c87aae749cb73650dac8c8,visually_verified,visual transcription plus section-level structural and selected numerical checks,tools/check_chapter02_section22.py,implemented,Equatorial projection definition for rate derivation
2-133,eq:equatorial-projection-rate,Longitude Latitude and Altitude Rates,2-43,72,da9686bf1191d28b5bf4242a43040c30e13f1e9a375d7868654f4172b9181f5b,2-27,"Longitude, Latitude, and Altitude Rates",manual/chapters/chapter02/02_03_state_rates.tex,133,141,140,9efcc8e40a9c78af2681a6d350cf957cb39b58564b094cd78f217e4f7e7035db,visually_verified,visual transcription plus section-level structural and selected numerical checks,tools/check_chapter02_section22.py,implemented,Equatorial projection rate
2-134,eq:ecfc-z-position-rate,Longitude Latitude and Altitude Rates,2-43,72,da9686bf1191d28b5bf4242a43040c30e13f1e9a375d7868654f4172b9181f5b,2-27,"Longitude, Latitude, and Altitude Rates",manual/chapters/chapter02/02_03_state_rates.tex,142,145,144,60ab419b829dcdd275a13a5cdd31027dbc9ccb0716dd30e8797e8b7079ae073c,visually_verified,visual transcription plus section-level structural and selected numerical checks,tools/check_chapter02_section22.py,implemented,ECFC z-position rate
2-135,eq:altitude-rate,Longitude Latitude and Altitude Rates,2-43,72,da9686bf1191d28b5bf4242a43040c30e13f1e9a375d7868654f4172b9181f5b,2-27,"Longitude, Latitude, and Altitude Rates",manual/chapters/chapter02/02_03_state_rates.tex,147,150,149,83517f20357f18eb2de14014d867c9208096e8b76fabd421a140333dd000b8b1,visually_verified,visual transcription plus section-level structural and selected numerical checks,tools/check_chapter02_section22.py,implemented,Altitude rate
2-136,eq:geodetic-latitude-rate-normal-radius,Longitude Latitude and Altitude Rates,2-43,72,da9686bf1191d28b5bf4242a43040c30e13f1e9a375d7868654f4172b9181f5b,2-27,"Longitude, Latitude, and Altitude Rates",manual/chapters/chapter02/02_03_state_rates.tex,153,160,159,a7dcb91a4932600e77df1c41f746a19892df2f888783fb95550364d1679c136e,visually_verified,visual transcription plus section-level structural and selected numerical checks,tools/check_chapter02_section22.py,implemented,Geodetic latitude rate using the ellipsoid normal radius
2-137,eq:geodetic-latitude-rate-final,Longitude Latitude and Altitude Rates,2-43,72,da9686bf1191d28b5bf4242a43040c30e13f1e9a375d7868654f4172b9181f5b,2-27,"Longitude, Latitude, and Altitude Rates",manual/chapters/chapter02/02_03_state_rates.tex,163,170,169,24ac2edb6e040173f4f9aaa2e1c6533496a5cce8cbc649343247546f9f54c0b4,visually_verified,visual transcription plus section-level structural and selected numerical checks,tools/check_chapter02_section22.py,implemented,Final geodetic latitude-rate expression
2-138,eq:altitude-acceleration,Longitude Latitude and Altitude Rates,2-44,73,da9686bf1191d28b5bf4242a43040c30e13f1e9a375d7868654f4172b9181f5b,2-28,"Longitude, Latitude, and Altitude Rates",manual/chapters/chapter02/02_03_state_rates.tex,178,183,182,df87fbec9e8f9da2d903a5e709695fbc60455147e50b1526670e675dd3400ed2,visually_verified,visual transcription plus section-level structural and selected numerical checks,tools/check_chapter02_section22.py,implemented,Altitude acceleration
2-139,eq:geodetic-down-unit-vector-derivative-definition,Longitude Latitude and Altitude Rates,2-44,73,da9686bf1191d28b5bf4242a43040c30e13f1e9a375d7868654f4172b9181f5b,2-28,"Longitude, Latitude, and Altitude Rates",manual/chapters/chapter02/02_03_state_rates.tex,185,197,196,d0868c9b0adeaf1396719f74842c213a201e52d00e4a221f04436a1b2e6a5663,visually_verified,visual transcription plus section-level structural and selected numerical checks,tools/check_chapter02_section22.py,implemented,Derivative definition for the geodetic down unit vector
2-140,eq:geodetic-down-unit-vector-derivative,Longitude Latitude and Altitude Rates,2-44,73,da9686bf1191d28b5bf4242a43040c30e13f1e9a375d7868654f4172b9181f5b,2-28,"Longitude, Latitude, and Altitude Rates",manual/chapters/chapter02/02_03_state_rates.tex,199,217,216,2877f3a30f40cb8b59f18a6989658eb526b9beec76706859d233ff6686e7f919,visually_verified,visual transcription plus section-level structural and selected numerical checks,tools/check_chapter02_section22.py,implemented,Expanded geodetic down-unit-vector derivative
2-141,eq:dynamic-pressure-rate-definition,Longitude Latitude and Altitude Rates,2-44,73,da9686bf1191d28b5bf4242a43040c30e13f1e9a375d7868654f4172b9181f5b,2-28,"Longitude, Latitude, and Altitude Rates",manual/chapters/chapter02/02_03_state_rates.tex,225,228,227,a6fd28a3ad68051bb94f2491225325bf6a00f14cb413deb4ffa40feaf10db40d,visually_verified,visual transcription plus section-level structural and selected numerical checks,tools/check_chapter02_section22.py,not yet mapped to an executable mathematics implementation,Dynamic-pressure definition used for rates
2-142,eq:dynamic-pressure-second-derivative,Longitude Latitude and Altitude Rates,2-44,73,da9686bf1191d28b5bf4242a43040c30e13f1e9a375d7868654f4172b9181f5b,2-28,"Longitude, Latitude, and Altitude Rates",manual/chapters/chapter02/02_03_state_rates.tex,230,237,236,b5a54c2bd28ca5e5eea18985182b94f44f6a8d1a6c325aa541485624569675bf,visually_verified,visual transcription plus section-level structural and selected numerical checks,tools/check_chapter02_section22.py,not yet mapped to an executable mathematics implementation,Approximated dynamic-pressure second derivative
2-143,eq:atmospheric-density-rate,Longitude Latitude and Altitude Rates,2-44,73,da9686bf1191d28b5bf4242a43040c30e13f1e9a375d7868654f4172b9181f5b,2-28,"Longitude, Latitude, and Altitude Rates",manual/chapters/chapter02/02_03_state_rates.tex,239,244,243,d75a922a76777d1f8f2f6c25fbbbfc44a6fb9b1a5a2b846640240fb1381d5b43,visually_verified,visual transcription plus section-level structural and selected numerical checks,tools/check_chapter02_section22.py,not yet mapped to an executable mathematics implementation,Atmospheric-density rate
2-144,eq:atmospheric-density-second-rate,Longitude Latitude and Altitude Rates,2-44,73,da9686bf1191d28b5bf4242a43040c30e13f1e9a375d7868654f4172b9181f5b,2-28,"Longitude, Latitude, and Altitude Rates",manual/chapters/chapter02/02_03_state_rates.tex,246,251,250,851fab9dcdd864e9d2b6a7bd88f438a7b0763816243c426f0ccbd2439901e94c,visually_verified,visual transcription plus section-level structural and selected numerical checks,tools/check_chapter02_section22.py,not yet mapped to an executable mathematics implementation,Approximated atmospheric-density second derivative
2-145,eq:mach-number-rate-definition,Longitude Latitude and Altitude Rates,2-45,74,da9686bf1191d28b5bf4242a43040c30e13f1e9a375d7868654f4172b9181f5b,2-28,"Longitude, Latitude, and Altitude Rates",manual/chapters/chapter02/02_03_state_rates.tex,259,262,261,31535f7907517748f4d4e268acdb33435e165c04110bd03329a5fb5b522028b2,visually_verified,visual transcription plus section-level structural and selected numerical checks,tools/check_chapter02_section22.py,not yet mapped to an executable mathematics implementation,Mach-number definition
2-146,eq:mach-number-rate,Longitude Latitude and Altitude Rates,2-45,74,da9686bf1191d28b5bf4242a43040c30e13f1e9a375d7868654f4172b9181f5b,2-28,"Longitude, Latitude, and Altitude Rates",manual/chapters/chapter02/02_03_state_rates.tex,264,271,270,25643ef14e25fd65af39325e7f1f77b7d2ea3eee7d5878bac2ebf440967c342a,visually_verified,visual transcription plus section-level structural and selected numerical checks,tools/check_chapter02_section22.py,not yet mapped to an executable mathematics implementation,Mach-number rate
2-147,eq:speed-of-sound-rate,Longitude Latitude and Altitude Rates,2-45,74,da9686bf1191d28b5bf4242a43040c30e13f1e9a375d7868654f4172b9181f5b,2-28,"Longitude, Latitude, and Altitude Rates",manual/chapters/chapter02/02_03_state_rates.tex,273,278,277,15394dce80ba16c0fccfaf4b6522180252a924962dc68f4010c64a6184dd8876,visually_verified,visual transcription plus section-level structural and selected numerical checks,tools/check_chapter02_section22.py,not yet mapped to an executable mathematics implementation,Speed-of-sound rate
2-148,eq:ground-speed-vector-definition,Ground Speed and Range,2-46,75,da9686bf1191d28b5bf4242a43040c30e13f1e9a375d7868654f4172b9181f5b,2-29,Ground Speed and Range,manual/chapters/chapter02/02_04_ground_speed.tex,19,22,21,819f3b4bf03fba007314768a5838757531c7bbb5ee86db5c594e80494fe211d2,visually_verified,visual transcription plus section-level structural and selected numerical checks,tools/check_chapter02_section22.py,implemented,Ground-speed vector definition
2-149,eq:surface-point-relative-velocity,Ground Speed and Range,2-46,75,da9686bf1191d28b5bf4242a43040c30e13f1e9a375d7868654f4172b9181f5b,2-29,Ground Speed and Range,manual/chapters/chapter02/02_04_ground_speed.tex,25,29,28,1a590e0b8cf07e303f742c84ca67c7f11018926e5ecc9a0ded733d7f75a5c8bc,visually_verified,visual transcription plus section-level structural and selected numerical checks,tools/check_chapter02_section22.py,implemented,Surface-point relative velocity as an altitude-vector derivative
2-150,eq:surface-point-relative-velocity-expanded,Ground Speed and Range,2-46,75,da9686bf1191d28b5bf4242a43040c30e13f1e9a375d7868654f4172b9181f5b,2-29,Ground Speed and Range,manual/chapters/chapter02/02_04_ground_speed.tex,31,35,34,98135021e0984161c5a7b54eb588bda141e430b75bea9fdaceae09d7fdf90fdb,visually_verified,visual transcription plus section-level structural and selected numerical checks,tools/check_chapter02_section22.py,implemented,Expanded surface-point relative velocity
2-151,eq:ground-speed-geodetic-components,Ground Speed and Range,2-46,75,da9686bf1191d28b5bf4242a43040c30e13f1e9a375d7868654f4172b9181f5b,2-29,Ground Speed and Range,manual/chapters/chapter02/02_04_ground_speed.tex,41,47,46,a234683dc291cd8e2d64d31a27385292b17e5a577195e471120e804eba11b4dc,visually_verified,visual transcription plus section-level structural and selected numerical checks,tools/check_chapter02_section22.py,implemented,Ground-speed vector in geodetic components
2-152,eq:ground-speed-final,Ground Speed and Range,2-46,75,da9686bf1191d28b5bf4242a43040c30e13f1e9a375d7868654f4172b9181f5b,2-29,Ground Speed and Range,manual/chapters/chapter02/02_04_ground_speed.tex,50,59,58,e196480666cd5f712f7a8d00862ada1ad4ac9320c354275d97681ec01fd252a3,visually_verified,visual transcription plus section-level structural and selected numerical checks,tools/check_chapter02_section22.py,implemented,Ground-speed vector from flight-path angles
2-153,eq:velocity-frame-angular-velocity-sum,Flight Path Angle Rates,2-47,76,da9686bf1191d28b5bf4242a43040c30e13f1e9a375d7868654f4172b9181f5b,2-29,Flight Path Angle Rates,manual/chapters/chapter02/02_05_flight_path_rates.tex,20,25,24,8d4d7dd32ae74a4fa81f49c0bce152cf3f58cf58215b07605f8dc7f6da7f50f3,visually_verified,visual transcription plus section-level structural and selected numerical checks,tools/check_chapter02_section22.py,implemented,Velocity-frame angular-velocity sum
2-154,eq:ecfc-to-geodetic-angular-velocity,Flight Path Angle Rates,2-47,76,da9686bf1191d28b5bf4242a43040c30e13f1e9a375d7868654f4172b9181f5b,2-30,Flight Path Angle Rates,manual/chapters/chapter02/02_05_flight_path_rates.tex,29,34,33,cd4d2d6848fefff272259b85864afcaedb9c024edb241f286475c15b01fb99ec,visually_verified,visual transcription plus section-level structural and selected numerical checks,tools/check_chapter02_section22.py,implemented,ECFC-to-geodetic angular velocity
2-155,eq:geodetic-to-velocity-angular-velocity,Flight Path Angle Rates,2-47,76,da9686bf1191d28b5bf4242a43040c30e13f1e9a375d7868654f4172b9181f5b,2-30,Flight Path Angle Rates,manual/chapters/chapter02/02_05_flight_path_rates.tex,36,41,40,f76ca12f57fdd8ad8681805b4ae51c7ba58dd6c10581d9319e1a26f3c95a80e4,visually_verified,visual transcription plus section-level structural and selected numerical checks,tools/check_chapter02_section22.py,implemented,Geodetic-to-velocity angular velocity
2-156,eq:velocity-frame-angular-velocity-expanded,Flight Path Angle Rates,2-47,76,da9686bf1191d28b5bf4242a43040c30e13f1e9a375d7868654f4172b9181f5b,2-30,Flight Path Angle Rates,manual/chapters/chapter02/02_05_flight_path_rates.tex,43,50,49,6a4df84c9cba6e16e7e90572f789c540dc754549cdd216f21f38f5e242d74863,visually_verified,visual transcription plus section-level structural and selected numerical checks,tools/check_chapter02_section22.py,implemented,Expanded velocity-frame angular velocity
2-157,eq:velocity-angular-rate-y-component,Flight Path Angle Rates,2-47,76,da9686bf1191d28b5bf4242a43040c30e13f1e9a375d7868654f4172b9181f5b,2-30,Flight Path Angle Rates,manual/chapters/chapter02/02_05_flight_path_rates.tex,52,60,59,02af5b6484219a65811a1ca5739f341b56208e6f5a9225b7e7b5dd15b039faa8,visually_verified,visual transcription plus section-level structural and selected numerical checks,tools/check_chapter02_section22.py,implemented,Velocity-frame angular velocity y component
2-158,eq:heading-term-orthogonal-yv,Flight Path Angle Rates,2-47,76,da9686bf1191d28b5bf4242a43040c30e13f1e9a375d7868654f4172b9181f5b,2-30,Flight Path Angle Rates,manual/chapters/chapter02/02_05_flight_path_rates.tex,62,65,64,eef7818ee3d20b4eebb5cfd5c2f1112b693853272e5bf73c9460255b7bb52da1,visually_verified,visual transcription plus section-level structural and selected numerical checks,tools/check_chapter02_section22.py,implemented,Heading term orthogonality
2-159,eq:velocity-angular-rate-y-simplified,Flight Path Angle Rates,2-48,77,da9686bf1191d28b5bf4242a43040c30e13f1e9a375d7868654f4172b9181f5b,2-30,Flight Path Angle Rates,manual/chapters/chapter02/02_05_flight_path_rates.tex,68,74,73,30ce377fb7df17aa72b3e973a999e5f877cde939488f666aeab55c248bb915d1,visually_verified,visual transcription plus section-level structural and selected numerical checks,tools/check_chapter02_section22.py,implemented,Simplified velocity-frame y angular-rate component
2-160,eq:velocity-angular-rate-z-component,Flight Path Angle Rates,2-48,77,da9686bf1191d28b5bf4242a43040c30e13f1e9a375d7868654f4172b9181f5b,2-30,Flight Path Angle Rates,manual/chapters/chapter02/02_05_flight_path_rates.tex,77,85,84,6e0da1e0ef90fa47c2b7457c5d23a81132ed7bed5db8a69793eac50e83358cd0,visually_verified,visual transcription plus section-level structural and selected numerical checks,tools/check_chapter02_section22.py,implemented,Velocity-frame angular velocity z component
2-161,eq:velocity-angular-rate-z-simplified,Flight Path Angle Rates,2-48,77,da9686bf1191d28b5bf4242a43040c30e13f1e9a375d7868654f4172b9181f5b,2-30,Flight Path Angle Rates,manual/chapters/chapter02/02_05_flight_path_rates.tex,87,93,92,8cbc2a9dc084609e843ef6cdff0256b61ae388da07f9463540978397ec7d2f55,visually_verified,visual transcription plus section-level structural and selected numerical checks,tools/check_chapter02_section22.py,implemented,Simplified velocity-frame z angular-rate component
2-162,eq:velocity-derivative-in-rotating-velocity-frame,Flight Path Angle Rates,2-48,77,da9686bf1191d28b5bf4242a43040c30e13f1e9a375d7868654f4172b9181f5b,2-30,Flight Path Angle Rates,manual/chapters/chapter02/02_05_flight_path_rates.tex,97,102,101,9205e7d2c5210d58ca8c7216f24b1fe746188620dcfbe5054a66392f660a8f45,visually_verified,visual transcription plus section-level structural and selected numerical checks,tools/check_chapter02_section22.py,implemented,Earth-fixed acceleration from velocity-frame differentiation
2-163,eq:speed-rate-from-acceleration,Flight Path Angle Rates,2-48,77,da9686bf1191d28b5bf4242a43040c30e13f1e9a375d7868654f4172b9181f5b,2-30,Flight Path Angle Rates,manual/chapters/chapter02/02_05_flight_path_rates.tex,104,110,109,c6548adc21ff59094467aaa4c622117037bd5ef082dd769d8a83a35ef48d5b0c,visually_verified,visual transcription plus section-level structural and selected numerical checks,tools/check_chapter02_section22.py,implemented,Speed rate from acceleration
2-164,eq:velocity-frame-cross-product,Flight Path Angle Rates,2-48,77,da9686bf1191d28b5bf4242a43040c30e13f1e9a375d7868654f4172b9181f5b,2-30,Flight Path Angle Rates,manual/chapters/chapter02/02_05_flight_path_rates.tex,112,127,126,7c9d654719299d131b3415e0a2a380b202cd59848f6db3df2a4bf8255813c22a,visually_verified,visual transcription plus section-level structural and selected numerical checks,tools/check_chapter02_section22.py,implemented,Velocity-frame angular-velocity cross product
2-165,eq:acceleration-in-velocity-frame,Flight Path Angle Rates,2-48,77,da9686bf1191d28b5bf4242a43040c30e13f1e9a375d7868654f4172b9181f5b,2-30,Flight Path Angle Rates,manual/chapters/chapter02/02_05_flight_path_rates.tex,132,143,142,dcc88f7e9eedefb0c826f2e27b91e72b57a9f35c19b1a8de681b932f09dc9f6b,visually_verified,visual transcription plus section-level structural and selected numerical checks,tools/check_chapter02_section22.py,implemented,Acceleration decomposition in velocity coordinates
2-166,eq:acceleration-yv-component,Flight Path Angle Rates,2-48,77,da9686bf1191d28b5bf4242a43040c30e13f1e9a375d7868654f4172b9181f5b,2-30,Flight Path Angle Rates,manual/chapters/chapter02/02_05_flight_path_rates.tex,145,150,149,cf40230ddc9f7b51a17025bd8ad9642dad30d4fbbf1f571094760e8f4910edb4,visually_verified,visual transcription plus section-level structural and selected numerical checks,tools/check_chapter02_section22.py,implemented,Velocity-frame y acceleration component
2-167,eq:angular-rate-z-from-acceleration,Flight Path Angle Rates,2-48,77,da9686bf1191d28b5bf4242a43040c30e13f1e9a375d7868654f4172b9181f5b,2-31,Flight Path Angle Rates,manual/chapters/chapter02/02_05_flight_path_rates.tex,152,157,156,867cffd83f130b46f517cc99393a9d7eaab43d136ecf8783c44ef15e85762546,visually_verified,visual transcription plus section-level structural and selected numerical checks,tools/check_chapter02_section22.py,implemented,Velocity-frame z angular-rate component from acceleration
2-168,eq:acceleration-zv-component,Flight Path Angle Rates,2-49,78,da9686bf1191d28b5bf4242a43040c30e13f1e9a375d7868654f4172b9181f5b,2-31,Flight Path Angle Rates,manual/chapters/chapter02/02_05_flight_path_rates.tex,159,164,163,63ef783a0e1b36d2d259d96feeb0e93e997a2bb57cfdaf0e0a453046d11257a7,visually_verified,visual transcription plus section-level structural and selected numerical checks,tools/check_chapter02_section22.py,implemented,Velocity-frame z acceleration component
2-169,eq:angular-rate-y-from-acceleration,Flight Path Angle Rates,2-49,78,da9686bf1191d28b5bf4242a43040c30e13f1e9a375d7868654f4172b9181f5b,2-31,Flight Path Angle Rates,manual/chapters/chapter02/02_05_flight_path_rates.tex,166,171,170,ac4a1dfbc40bfd3a995313c6ce806af235d374b9f501a24ecd620d636b40a090,visually_verified,visual transcription plus section-level structural and selected numerical checks,tools/check_chapter02_section22.py,implemented,Velocity-frame y angular-rate component from acceleration
2-170,eq:geodetic-flight-path-angle-rate,Flight Path Angle Rates,2-49,78,da9686bf1191d28b5bf4242a43040c30e13f1e9a375d7868654f4172b9181f5b,2-31,Flight Path Angle Rates,manual/chapters/chapter02/02_05_flight_path_rates.tex,175,182,181,60bb1906b656a77d0df9e081f3970d920c7efc7e890b47a1d5ce155ac36b5a1d,visually_verified,visual transcription plus section-level structural and selected numerical checks,tools/check_chapter02_section22.py,implemented,Geodetic vertical flight-path-angle rate
2-171,eq:geodetic-heading-rate,Flight Path Angle Rates,2-49,78,da9686bf1191d28b5bf4242a43040c30e13f1e9a375d7868654f4172b9181f5b,2-31,Flight Path Angle Rates,manual/chapters/chapter02/02_05_flight_path_rates.tex,185,194,193,9c53d0dab3ba12e6b262b77bc28b35b0af931fbc3014a25d0de817d80cac373b,visually_verified,visual transcription plus section-level structural and selected numerical checks,tools/check_chapter02_section22.py,implemented,Geodetic heading rate
2-172,eq:specific-load-inertial-definition,Specific Load Factors,2-50,79,da9686bf1191d28b5bf4242a43040c30e13f1e9a375d7868654f4172b9181f5b,2-31,Specific Load Factors,manual/chapters/chapter02/02_06_specific_load.tex,6,9,8,b8f4aff319c7bee55262f09d2e25f26c35572003089069906be99b1b3045728c,visually_verified,visual transcription plus section-level structural and selected numerical checks,tools/check_chapter02_section22.py,implemented,Specific-load vector from inertial and gravity acceleration
2-173,eq:specific-load-force-definition,Specific Load Factors,2-50,79,da9686bf1191d28b5bf4242a43040c30e13f1e9a375d7868654f4172b9181f5b,2-31,Specific Load Factors,manual/chapters/chapter02/02_06_specific_load.tex,12,16,15,bb5c3801f8de870a4f31f0bb60d1a09829c9914cdddc7b9ae95712451018c86c,visually_verified,visual transcription plus section-level structural and selected numerical checks,tools/check_chapter02_section22.py,implemented,Specific-load vector from aerodynamic and propulsive forces
2-174,eq:normal-specific-load,Specific Load Factors,2-50,79,da9686bf1191d28b5bf4242a43040c30e13f1e9a375d7868654f4172b9181f5b,2-31,Specific Load Factors,manual/chapters/chapter02/02_06_specific_load.tex,31,38,37,799a8aef0d6164df841742567165cdfb0b6ca3cbe4d7e7bae9fff8a55d52b970,visually_verified,visual transcription plus section-level structural and selected numerical checks,tools/check_chapter02_section22.py,implemented,Normal specific-load magnitude
2-175,eq:acceleration-force-contributions,Contributions to Acceleration,2-51,80,da9686bf1191d28b5bf4242a43040c30e13f1e9a375d7868654f4172b9181f5b,2-32,Contributions to Acceleration,manual/chapters/chapter02/03_00_contributions_to_acceleration.tex,5,12,11,b40c2a2b2dd670d13714acaebd5560037881b4624a21997e521bba964eef982f,visually_verified,visual transcription plus section-level structural and selected numerical checks,tools/check_chapter02_section23.py,implemented,"Vehicle acceleration with force, Coriolis, and centrifugal contributions"
2-176,eq:atmos-aerostatic,Atmosphere Model,2-52,81,da9686bf1191d28b5bf4242a43040c30e13f1e9a375d7868654f4172b9181f5b,2-33,Atmosphere Model,manual/chapters/chapter02/03_01_atmosphere.tex,35,38,37,c34d9cb16c5de62a16d20737b9470fff45dcd72bcd4e2cf8989621d02e308861,visually_verified,visual transcription plus section-level structural and selected numerical checks,tools/check_chapter02_section23.py,implemented,Aerostatic pressure relation
2-177,eq:atmos-perfect-gas,Atmosphere Model,2-52,81,da9686bf1191d28b5bf4242a43040c30e13f1e9a375d7868654f4172b9181f5b,2-33,Atmosphere Model,manual/chapters/chapter02/03_01_atmosphere.tex,40,43,42,8ce5a6df12cb2dd2e6ee7cd2280096da8b29912bddbeac325d6aef714d4cd640,visually_verified,visual transcription plus section-level structural and selected numerical checks,tools/check_chapter02_section23.py,implemented,Perfect-gas law
2-178,eq:molecular-temperature-gradient,Atmosphere Model,2-52,81,da9686bf1191d28b5bf4242a43040c30e13f1e9a375d7868654f4172b9181f5b,2-33,Atmosphere Model,manual/chapters/chapter02/03_01_atmosphere.tex,51,54,53,9fa954d6c602bf74787323f096ce19e0848409cab8e2c2d458d47ba78214a1ea,visually_verified,visual transcription plus section-level structural and selected numerical checks,tools/check_chapter02_section23.py,implemented,Constant molecular-temperature gradient within a layer
2-179,eq:molecular-temperature-definition,Atmosphere Model,2-53,82,da9686bf1191d28b5bf4242a43040c30e13f1e9a375d7868654f4172b9181f5b,2-33,Atmosphere Model,manual/chapters/chapter02/03_01_atmosphere.tex,56,59,58,a5ac85efd31d1d1d4b26edaf42311df7d5481c27b189fc7a04871c8bddd76e43,visually_verified,visual transcription plus section-level structural and selected numerical checks,tools/check_chapter02_section23.py,implemented,Molecular temperature definition
2-180,eq:geopotential-altitude-integral,Atmosphere Model,2-53,82,da9686bf1191d28b5bf4242a43040c30e13f1e9a375d7868654f4172b9181f5b,2-33,Atmosphere Model,manual/chapters/chapter02/03_01_atmosphere.tex,61,64,63,ea214f3c2a7498d74b72566cbfb91297a39ea94d22ad4023ee791dc5f0b886d7,visually_verified,visual transcription plus section-level structural and selected numerical checks,tools/check_chapter02_section23.py,implemented,Geopotential altitude integral
2-181,eq:atmos-gravity-inverse-square,Atmosphere Model,2-53,82,da9686bf1191d28b5bf4242a43040c30e13f1e9a375d7868654f4172b9181f5b,2-33,Atmosphere Model,manual/chapters/chapter02/03_01_atmosphere.tex,75,78,77,9600587bd1487b1b91888de0893107253ea9819729f4e7dc508a3f21d61608d3,visually_verified,visual transcription plus section-level structural and selected numerical checks,tools/check_chapter02_section23.py,implemented,Inverse-square gravity model for atmosphere calculations
2-182,eq:geopotential-altitude-closed-form,Atmosphere Model,2-53,82,da9686bf1191d28b5bf4242a43040c30e13f1e9a375d7868654f4172b9181f5b,2-33,Atmosphere Model,manual/chapters/chapter02/03_01_atmosphere.tex,82,85,84,3426b6ca4b3123c75b56405178b1b0818c1df5395f7e3e521de2095307e2d4ad,visually_verified,visual transcription plus section-level structural and selected numerical checks,tools/check_chapter02_section23.py,implemented,Closed-form geopotential altitude
2-183,eq:lambert-sea-level-gravity,Atmosphere Model,2-53,82,da9686bf1191d28b5bf4242a43040c30e13f1e9a375d7868654f4172b9181f5b,2-33,Atmosphere Model,manual/chapters/chapter02/03_01_atmosphere.tex,88,92,91,7b7227f836299ec4505157f089699ac9ef5d93396eefc7160524176cbc512166,visually_verified,visual transcription plus section-level structural and selected numerical checks,tools/check_chapter02_section23.py,implemented,Lambert sea-level gravity equation
2-184,eq:effective-geopotential-earth-radius,Atmosphere Model,2-53,82,da9686bf1191d28b5bf4242a43040c30e13f1e9a375d7868654f4172b9181f5b,2-34,Atmosphere Model,manual/chapters/chapter02/03_01_atmosphere.tex,100,107,106,c8a8e7c8ecb31e8fd85c63800caed72d6c9db58c4b2f78d59a6300d87f2aa52b,visually_verified,visual transcription plus section-level structural and selected numerical checks,tools/check_chapter02_section23.py,implemented,Effective earth radius for geopotential calculations
2-185,eq:layer-molecular-temperature,Atmosphere Model,2-54,83,da9686bf1191d28b5bf4242a43040c30e13f1e9a375d7868654f4172b9181f5b,2-34,Atmosphere Model,manual/chapters/chapter02/03_01_atmosphere.tex,120,123,122,f7285b33fda4a044d16d6d16e56b78c6e7a5c0bd3deee094494aee9606916f71,visually_verified,visual transcription plus section-level structural and selected numerical checks,tools/check_chapter02_section23.py,implemented,Molecular temperature within an atmosphere layer
2-186,eq:layer-molecular-weight,Atmosphere Model,2-54,83,da9686bf1191d28b5bf4242a43040c30e13f1e9a375d7868654f4172b9181f5b,2-34,Atmosphere Model,manual/chapters/chapter02/03_01_atmosphere.tex,125,128,127,5434f7aee7438b31aabea23ac5a131162480f402d3903440afa89d9671457b8c,visually_verified,visual transcription plus section-level structural and selected numerical checks,tools/check_chapter02_section23.py,implemented,Molecular weight within an atmosphere layer
2-187,eq:atmos-temperature,Atmosphere Model,2-54,83,da9686bf1191d28b5bf4242a43040c30e13f1e9a375d7868654f4172b9181f5b,2-34,Atmosphere Model,manual/chapters/chapter02/03_01_atmosphere.tex,130,133,132,3bbb2e6dc275c9fe4a99840e90464df876b2fddd5ea4f95dacd1e1cc945191af,visually_verified,visual transcription plus section-level structural and selected numerical checks,tools/check_chapter02_section23.py,implemented,Atmospheric temperature from molecular temperature
2-188,eq:pressure-geopotential-differential,Atmosphere Model,2-54,83,da9686bf1191d28b5bf4242a43040c30e13f1e9a375d7868654f4172b9181f5b,2-34,Atmosphere Model,manual/chapters/chapter02/03_01_atmosphere.tex,140,143,142,20b98e2f2dfdf69aae6b95d4cb2f1e5a88c9a2f52ebe5866ce3ddf701a70c9df,visually_verified,visual transcription plus section-level structural and selected numerical checks,tools/check_chapter02_section23.py,implemented,Aerostatic relation in geopotential altitude
2-189,eq:pressure-molecular-temperature,Atmosphere Model,2-54,83,da9686bf1191d28b5bf4242a43040c30e13f1e9a375d7868654f4172b9181f5b,2-34,Atmosphere Model,manual/chapters/chapter02/03_01_atmosphere.tex,145,148,147,aa32c4c85bb1721da106102241af036b69e5245d0ddb921dc242b709fa8be577,visually_verified,visual transcription plus section-level structural and selected numerical checks,tools/check_chapter02_section23.py,implemented,Pressure in terms of molecular temperature
2-190,eq:pressure-separable-differential,Atmosphere Model,2-54,83,da9686bf1191d28b5bf4242a43040c30e13f1e9a375d7868654f4172b9181f5b,2-34,Atmosphere Model,manual/chapters/chapter02/03_01_atmosphere.tex,150,154,153,729ef213a2a44e06a224083101004459b114af4c1119a221b2eb56c14c4b67dc,visually_verified,visual transcription plus section-level structural and selected numerical checks,tools/check_chapter02_section23.py,implemented,Separable pressure differential equation
2-191,eq:pressure-isothermal-layer,Atmosphere Model,2-54,83,da9686bf1191d28b5bf4242a43040c30e13f1e9a375d7868654f4172b9181f5b,2-34,Atmosphere Model,manual/chapters/chapter02/03_01_atmosphere.tex,157,161,160,149e1d0d1590fde6f6e67a68ce3b7b953e5061912549575e279c6914c44f3147,visually_verified,visual transcription plus section-level structural and selected numerical checks,tools/check_chapter02_section23.py,implemented,Pressure in an isothermal atmosphere layer
2-192,eq:pressure-gradient-layer,Atmosphere Model,2-54,83,da9686bf1191d28b5bf4242a43040c30e13f1e9a375d7868654f4172b9181f5b,2-34,Atmosphere Model,manual/chapters/chapter02/03_01_atmosphere.tex,163,169,168,c07cff92d79e583d6de5bd8bd56073c92ff51854962fc14a3701680fd39ab1ae,visually_verified,visual transcription plus section-level structural and selected numerical checks,tools/check_chapter02_section23.py,implemented,Pressure in a nonisothermal atmosphere layer
2-193,eq:atmos-density,Atmosphere Model,2-55,84,da9686bf1191d28b5bf4242a43040c30e13f1e9a375d7868654f4172b9181f5b,2-34,Atmosphere Model,manual/chapters/chapter02/03_01_atmosphere.tex,177,180,179,d0c6c4148c199a7a38e0f84fee95557b01d6243e2ae06a98d603e1fea0830d34,visually_verified,visual transcription plus section-level structural and selected numerical checks,tools/check_chapter02_section23.py,implemented,Atmospheric density
2-194,eq:atmos-speed-of-sound,Atmosphere Model,2-55,84,da9686bf1191d28b5bf4242a43040c30e13f1e9a375d7868654f4172b9181f5b,2-35,Atmosphere Model,manual/chapters/chapter02/03_01_atmosphere.tex,182,186,185,3eecbf69180c77b02bb4fe8d88103cd90051bc873491b39c1beaa80affa1891e,visually_verified,visual transcription plus section-level structural and selected numerical checks,tools/check_chapter02_section23.py,implemented,Speed of sound
2-195,eq:atmos-kinematic-viscosity,Atmosphere Model,2-55,84,da9686bf1191d28b5bf4242a43040c30e13f1e9a375d7868654f4172b9181f5b,2-35,Atmosphere Model,manual/chapters/chapter02/03_01_atmosphere.tex,189,194,193,296e8e42506beddf8ab72c1c9cf22314c49d1fd89b4ec5ccbad42289a5f8dd17,visually_verified,visual transcription plus section-level structural and selected numerical checks,tools/check_chapter02_section23.py,implemented,Kinematic viscosity from Sutherland formula
2-196,eq:windward-meridian-unit-vector,Aerodynamic Forces,2-56,85,da9686bf1191d28b5bf4242a43040c30e13f1e9a375d7868654f4172b9181f5b,2-35,Aerodynamic Forces,manual/chapters/chapter02/03_02_aerodynamic_forces.tex,37,46,45,608ed72ed4878afe982af07877549be07dfd521031fdacc68cf704717cd88953,visually_verified,visual transcription plus section-level structural and selected numerical checks,tools/check_chapter02_section23.py,implemented,Body-frame windward-meridian unit vector
2-197,eq:aero-force-axial-normal,Aerodynamic Forces,2-56,85,da9686bf1191d28b5bf4242a43040c30e13f1e9a375d7868654f4172b9181f5b,2-35,Aerodynamic Forces,manual/chapters/chapter02/03_02_aerodynamic_forces.tex,48,52,51,7076edbbf605b2808251c5d799956835d98caa0790f2ca73d24cfff7dc215084,visually_verified,visual transcription plus section-level structural and selected numerical checks,tools/check_chapter02_section23.py,implemented,Aerodynamic force from axial and normal coefficients
2-198,eq:aero-force-lift-drag-side,Aerodynamic Forces,2-57,86,da9686bf1191d28b5bf4242a43040c30e13f1e9a375d7868654f4172b9181f5b,2-36,Aerodynamic Forces,manual/chapters/chapter02/03_02_aerodynamic_forces.tex,63,68,67,416ee65cb95ccbfecace51913e716b2faded516f1ff6261c65552567fc6a7eb1,visually_verified,visual transcription plus section-level structural and selected numerical checks,tools/check_chapter02_section23.py,implemented,Aerodynamic force from lift drag and side-force coefficients
2-199,eq:aero-force-body-axes,Aerodynamic Forces,2-57,86,da9686bf1191d28b5bf4242a43040c30e13f1e9a375d7868654f4172b9181f5b,2-36,Aerodynamic Forces,manual/chapters/chapter02/03_02_aerodynamic_forces.tex,74,79,78,bd57b5ef4a436b8a3d756fbb61fa642f74cfb3fc14d741b993504eb7c1fba3d6,visually_verified,visual transcription plus section-level structural and selected numerical checks,tools/check_chapter02_section23.py,implemented,Aerodynamic force from body-axis coefficients
2-200,eq:propulsive-force-vector,Propulsive Forces,2-59,88,da9686bf1191d28b5bf4242a43040c30e13f1e9a375d7868654f4172b9181f5b,2-37,Propulsive Forces,manual/chapters/chapter02/03_03_propulsive_forces.tex,28,38,37,fd7ea7d7c25e2341aec50b64f84be12672d6734729ccc2e21dbe4487ed0f6837,visually_verified,visual transcription plus section-level structural and selected numerical checks,tools/check_chapter02_section23.py,implemented,Body-frame propulsive force vector
2-201,eq:gravity-potential-gradient,Gravity Model,2-60,89,da9686bf1191d28b5bf4242a43040c30e13f1e9a375d7868654f4172b9181f5b,2-37,Gravity Model,manual/chapters/chapter02/03_04_gravity_model.tex,7,10,9,3abd1274733858da3d8304ab55f5e359db446fd53536e1033681577c0cc4e703,visually_verified,visual transcription plus section-level structural and selected numerical checks,tools/check_chapter02_section23.py,implemented,Gravity acceleration as geopotential gradient
2-202,eq:geopotential-spherical-harmonics,Gravity Model,2-60,89,da9686bf1191d28b5bf4242a43040c30e13f1e9a375d7868654f4172b9181f5b,2-37,Gravity Model,manual/chapters/chapter02/03_04_gravity_model.tex,14,26,25,4f6131d57894453ad342fdd88860ebf45c5c75e4bc3495a1a3a336e5f340768e,visually_verified,visual transcription plus section-level structural and selected numerical checks,tools/check_chapter02_section23.py,implemented,Full spherical-harmonic geopotential expansion
2-203,eq:point-mass-geopotential,Gravity Model,2-60,89,da9686bf1191d28b5bf4242a43040c30e13f1e9a375d7868654f4172b9181f5b,2-38,Gravity Model,manual/chapters/chapter02/03_04_gravity_model.tex,38,41,40,1bfce1b0736bbe45a15b52a0d1c053b5bf2e525794f856b125a0b47ea22820b7,visually_verified,visual transcription plus section-level structural and selected numerical checks,tools/check_chapter02_section23.py,implemented,Point-mass geopotential term
2-204,eq:zonal-geopotential-c-coefficients,Gravity Model,2-60,89,da9686bf1191d28b5bf4242a43040c30e13f1e9a375d7868654f4172b9181f5b,2-38,Gravity Model,manual/chapters/chapter02/03_04_gravity_model.tex,49,55,54,35c74a2fdbae6884b093539557125cdffb8343523891b164d9ac150388ee090a,visually_verified,visual transcription plus section-level structural and selected numerical checks,tools/check_chapter02_section23.py,implemented,Zonal geopotential using C coefficients
2-205,eq:zonal-geopotential-j-coefficients,Gravity Model,2-61,90,da9686bf1191d28b5bf4242a43040c30e13f1e9a375d7868654f4172b9181f5b,2-38,Gravity Model,manual/chapters/chapter02/03_04_gravity_model.tex,57,63,62,42c7e83c3a211573f1b295bc7f1284794c2bf6907882fdb330ddc6d61fe9a295,visually_verified,visual transcription plus section-level structural and selected numerical checks,tools/check_chapter02_section23.py,implemented,Zonal geopotential using J coefficients
2-206,eq:associated-legendre-definition,Gravity Model,2-61,90,da9686bf1191d28b5bf4242a43040c30e13f1e9a375d7868654f4172b9181f5b,2-38,Gravity Model,manual/chapters/chapter02/03_04_gravity_model.tex,74,80,79,145ec380979939aced3e7541541e440f0d464cec06528b96773fd78b0e285b0e,visually_verified,visual transcription plus section-level structural and selected numerical checks,tools/check_chapter02_section23.py,implemented,Associated Legendre function definition
2-207,eq:legendre-order-zero-definition,Gravity Model,2-61,90,da9686bf1191d28b5bf4242a43040c30e13f1e9a375d7868654f4172b9181f5b,2-38,Gravity Model,manual/chapters/chapter02/03_04_gravity_model.tex,82,88,87,016fa5b93f5067b041223430724a08a7ab16da88eb940bb59c4302042da241a7,visually_verified,visual transcription plus section-level structural and selected numerical checks,tools/check_chapter02_section23.py,implemented,Order-zero Legendre function definition
2-208,eq:legendre-derivative-notation,Gravity Model,2-61,90,da9686bf1191d28b5bf4242a43040c30e13f1e9a375d7868654f4172b9181f5b,2-38,Gravity Model,manual/chapters/chapter02/03_04_gravity_model.tex,90,94,93,930199da6612c670770d208c3b80e1c3a1af331d9008e96b00dc0d6c6e396f64,visually_verified,visual transcription plus section-level structural and selected numerical checks,tools/check_chapter02_section23.py,implemented,Legendre derivative notation
2-209,eq:first-four-legendre-functions,Gravity Model,2-61,90,da9686bf1191d28b5bf4242a43040c30e13f1e9a375d7868654f4172b9181f5b,2-38,Gravity Model,manual/chapters/chapter02/03_04_gravity_model.tex,97,108,107,a6d35ca935264a441cc80638ae321e670f88a9d532f22a866cfe59304c90a5bb,visually_verified,visual transcription plus section-level structural and selected numerical checks,tools/check_chapter02_section23.py,implemented,First four order-zero Legendre functions
2-210,eq:normalized-legendre-function,Gravity Model,2-61,90,da9686bf1191d28b5bf4242a43040c30e13f1e9a375d7868654f4172b9181f5b,2-39,Gravity Model,manual/chapters/chapter02/03_04_gravity_model.tex,117,122,121,43233663f3bf0154011385a7d60ca14ff1e1433bd2a92d7a26dfd054990605fa,visually_verified,visual transcription plus section-level structural and selected numerical checks,tools/check_chapter02_section23.py,implemented,Normalized Legendre function
2-211,eq:normalized-gravity-coefficient,Gravity Model,2-62,91,da9686bf1191d28b5bf4242a43040c30e13f1e9a375d7868654f4172b9181f5b,2-39,Gravity Model,manual/chapters/chapter02/03_04_gravity_model.tex,124,129,128,119c85c4dabc55e0e0c70b523a42b6bb6aadb2cd8244e68ac7380846c9d5aae3,visually_verified,visual transcription plus section-level structural and selected numerical checks,tools/check_chapter02_section23.py,implemented,Normalized spherical-harmonic coefficient
2-212,eq:gravity-geocentric-x-gradient,Gravity Model,2-62,91,da9686bf1191d28b5bf4242a43040c30e13f1e9a375d7868654f4172b9181f5b,2-39,Gravity Model,manual/chapters/chapter02/03_04_gravity_model.tex,142,147,146,3fbbe5a0cb3e96b70352c657ac8c2748cbc49b9ec04bda9f26ec2fe069c7655b,visually_verified,visual transcription plus section-level structural and selected numerical checks,tools/check_chapter02_section23.py,implemented,Geocentric north gravity component from the geopotential
2-213,eq:gravity-geocentric-y-gradient,Gravity Model,2-62,91,da9686bf1191d28b5bf4242a43040c30e13f1e9a375d7868654f4172b9181f5b,2-39,Gravity Model,manual/chapters/chapter02/03_04_gravity_model.tex,148,153,152,c0dad42a50b164aebeaedcf8dbd8140054f6b4ddfd1d4ddd079294c2ef2f7a3c,visually_verified,visual transcription plus section-level structural and selected numerical checks,tools/check_chapter02_section23.py,implemented,Geocentric east gravity component from the geopotential
2-214,eq:gravity-geocentric-z-gradient,Gravity Model,2-62,91,da9686bf1191d28b5bf4242a43040c30e13f1e9a375d7868654f4172b9181f5b,2-39,Gravity Model,manual/chapters/chapter02/03_04_gravity_model.tex,155,159,158,fa2ac1f040b3f7b003ffaa89b50752d6226135fe7783c791a128160d28a5c230,visually_verified,visual transcription plus section-level structural and selected numerical checks,tools/check_chapter02_section23.py,implemented,Geocentric inward gravity component from the geopotential
2-215,eq:gravity-full-geocentric-x,Gravity Model,2-62,91,da9686bf1191d28b5bf4242a43040c30e13f1e9a375d7868654f4172b9181f5b,2-39,Gravity Model,manual/chapters/chapter02/03_04_gravity_model.tex,163,175,174,ac5de95cdecc72d3c3baead0d303a5d9271bb13ee16b04206143141342ddccac,visually_verified,visual transcription plus section-level structural and selected numerical checks,tools/check_chapter02_section23.py,implemented,Full spherical-harmonic geocentric north acceleration
2-216,eq:gravity-full-geocentric-y,Gravity Model,2-62,91,da9686bf1191d28b5bf4242a43040c30e13f1e9a375d7868654f4172b9181f5b,2-39,Gravity Model,manual/chapters/chapter02/03_04_gravity_model.tex,176,188,187,910a31302b540e141f4514338c1b1aa784b4d98325ca34a7c459e91c431c9a76,visually_verified,visual transcription plus section-level structural and selected numerical checks,tools/check_chapter02_section23.py,implemented,Full spherical-harmonic geocentric east acceleration
2-217,eq:gravity-full-geocentric-z,Gravity Model,2-62,91,da9686bf1191d28b5bf4242a43040c30e13f1e9a375d7868654f4172b9181f5b,2-39,Gravity Model,manual/chapters/chapter02/03_04_gravity_model.tex,190,202,201,b8c6f91d42fad1159caaa1476407d1fc13bd942cd306652bc632b6d1e7cf6cea,visually_verified,visual transcription plus section-level structural and selected numerical checks,tools/check_chapter02_section23.py,implemented,Full spherical-harmonic geocentric inward acceleration
2-218,eq:gravity-j2-geocentric-x,Gravity Model,2-63,92,da9686bf1191d28b5bf4242a43040c30e13f1e9a375d7868654f4172b9181f5b,2-39,Gravity Model,manual/chapters/chapter02/03_04_gravity_model.tex,214,220,219,aeeb60267c85730962a757138a8fa510092d8fc791169928cda453fa2fd9d82a,visually_verified,visual transcription plus section-level structural and selected numerical checks,tools/check_chapter02_section23.py,implemented,J2-only geocentric north acceleration
2-219,eq:gravity-j2-geocentric-y,Gravity Model,2-63,92,da9686bf1191d28b5bf4242a43040c30e13f1e9a375d7868654f4172b9181f5b,2-40,Gravity Model,manual/chapters/chapter02/03_04_gravity_model.tex,221,224,223,41d1748621c54d0368df2531f6fd0d14939290042cdcf6e716a20c6d97571357,visually_verified,visual transcription plus section-level structural and selected numerical checks,tools/check_chapter02_section23.py,implemented,J2-only geocentric east acceleration
2-220,eq:gravity-j2-geocentric-z,Gravity Model,2-63,92,da9686bf1191d28b5bf4242a43040c30e13f1e9a375d7868654f4172b9181f5b,2-40,Gravity Model,manual/chapters/chapter02/03_04_gravity_model.tex,226,234,233,e644ba893378f6dcb9110fde0a6574c0bcef080fa705e846637d938307ba2c04,visually_verified,visual transcription plus section-level structural and selected numerical checks,tools/check_chapter02_section23.py,implemented,J2-only geocentric inward acceleration
2-221,eq:sodano-inverse-distance,Ranges and Distances,2-67,96,da9686bf1191d28b5bf4242a43040c30e13f1e9a375d7868654f4172b9181f5b,2-41,Ranges and Distances,manual/chapters/chapter02/04_01_ranges_distances.tex,38,53,52,549774baef89462650ae66e486e68571cb698b0bb4898ae39ddb5b011fbaee15,visually_verified,visual transcription plus section-level structural and selected numerical checks,tools/check_chapter02_section24.py,implemented,Sodano inverse ellipsoidal surface distance
2-222,eq:sodano-central-angle,Ranges and Distances,2-67,96,da9686bf1191d28b5bf4242a43040c30e13f1e9a375d7868654f4172b9181f5b,2-42,Ranges and Distances,manual/chapters/chapter02/04_01_ranges_distances.tex,55,60,59,3df273d480a6d5b55b3ad5fccb13853666491881afda05126374339d76684116,visually_verified,visual transcription plus section-level structural and selected numerical checks,tools/check_chapter02_section24.py,implemented,Sodano auxiliary central angle
2-223,eq:sodano-inverse-m,Ranges and Distances,2-67,96,da9686bf1191d28b5bf4242a43040c30e13f1e9a375d7868654f4172b9181f5b,2-42,Ranges and Distances,manual/chapters/chapter02/04_01_ranges_distances.tex,61,65,64,9e42408572aed2bbba5b47e5a8df498e5f26ebb6172b1fa9fd4dc20dbced2c46,visually_verified,visual transcription plus section-level structural and selected numerical checks,tools/check_chapter02_section24.py,implemented,Sodano inverse auxiliary m
2-224,eq:sodano-beta1,Ranges and Distances,2-67,96,da9686bf1191d28b5bf4242a43040c30e13f1e9a375d7868654f4172b9181f5b,2-42,Ranges and Distances,manual/chapters/chapter02/04_01_ranges_distances.tex,67,72,71,413123fb3fe7330a05854c72526b90f19e9661b109c494031da288cdd1fac0b7,visually_verified,visual transcription plus section-level structural and selected numerical checks,tools/check_chapter02_section24.py,implemented,Reduced latitude beta1
2-225,eq:sodano-beta2,Ranges and Distances,2-67,96,da9686bf1191d28b5bf4242a43040c30e13f1e9a375d7868654f4172b9181f5b,2-42,Ranges and Distances,manual/chapters/chapter02/04_01_ranges_distances.tex,73,78,77,1833f4e42518c53aa9159f4b14e5ada6031618566fd3b53ddbeebc4437ed3440,visually_verified,visual transcription plus section-level structural and selected numerical checks,tools/check_chapter02_section24.py,implemented,Reduced latitude beta2
2-226,eq:sodano-forward-azimuth,Ranges and Distances,2-67,96,da9686bf1191d28b5bf4242a43040c30e13f1e9a375d7868654f4172b9181f5b,2-42,Ranges and Distances,manual/chapters/chapter02/04_01_ranges_distances.tex,90,96,95,55134ffc305b0c0652fe041fc9199f39e7fde240ff8fd6368fe4141e95afa1da,visually_verified,visual transcription plus section-level structural and selected numerical checks,tools/check_chapter02_section24.py,implemented,Sodano forward azimuth
2-227,eq:sodano-backward-azimuth,Ranges and Distances,2-67,96,da9686bf1191d28b5bf4242a43040c30e13f1e9a375d7868654f4172b9181f5b,2-42,Ranges and Distances,manual/chapters/chapter02/04_01_ranges_distances.tex,97,103,102,7181c7d63d33bf565873756ceb9c5d2835fc2d60efa74144e5eb1e3826ea1dcc,visually_verified,visual transcription plus section-level structural and selected numerical checks,tools/check_chapter02_section24.py,implemented,Sodano backward azimuth
2-228,eq:sodano-corrected-longitude-difference,Ranges and Distances,2-68,97,da9686bf1191d28b5bf4242a43040c30e13f1e9a375d7868654f4172b9181f5b,2-42,Ranges and Distances,manual/chapters/chapter02/04_01_ranges_distances.tex,105,117,116,2d2d305b2597bd245ea3841c4016939f60a10d5c70672a0e3d19bb1bbe1e27d0,visually_verified,visual transcription plus section-level structural and selected numerical checks,tools/check_chapter02_section24.py,implemented,Corrected longitude difference for Sodano inverse method
2-229,eq:sodano-delta-beta-series,Ranges and Distances,2-68,97,da9686bf1191d28b5bf4242a43040c30e13f1e9a375d7868654f4172b9181f5b,2-42,Ranges and Distances,manual/chapters/chapter02/04_01_ranges_distances.tex,119,127,126,a68bb0bafccbfdfabcd2db558324c33ac3a84b2a8be4e125f4fdfdb81b416d70,visually_verified,visual transcription plus section-level structural and selected numerical checks,tools/check_chapter02_section24.py,implemented,Reduced-latitude difference series
2-230,eq:sodano-delta-beta-alternative,Ranges and Distances,2-68,97,da9686bf1191d28b5bf4242a43040c30e13f1e9a375d7868654f4172b9181f5b,2-42,Ranges and Distances,manual/chapters/chapter02/04_01_ranges_distances.tex,129,137,136,66b4584c7caee444c14f124a46687ff63a64a7f03247bbdc00c9f5efa354035d,visually_verified,visual transcription plus section-level structural and selected numerical checks,tools/check_chapter02_section24.py,implemented,Alternative reduced-latitude difference relation
2-231,eq:sodano-flattening-n,Ranges and Distances,2-68,97,da9686bf1191d28b5bf4242a43040c30e13f1e9a375d7868654f4172b9181f5b,2-42,Ranges and Distances,manual/chapters/chapter02/04_01_ranges_distances.tex,139,142,141,30c495ef9ab28acb502558582db0e62bc350a0ea503da8953cbcd8b46e3b83f6,visually_verified,visual transcription plus section-level structural and selected numerical checks,tools/check_chapter02_section24.py,implemented,Third flattening parameter n
2-232,eq:downrange-crossrange-perpendicular,Ranges and Distances,2-68,97,da9686bf1191d28b5bf4242a43040c30e13f1e9a375d7868654f4172b9181f5b,2-43,Ranges and Distances,manual/chapters/chapter02/04_01_ranges_distances.tex,160,163,162,8f9c84dc470fb7dd712a2e4a181aaff35ff9647df2dc5ec240b9b776763d7052,visually_verified,visual transcription plus section-level structural and selected numerical checks,tools/check_chapter02_section24.py,implemented,Downrange and crossrange perpendicularity condition
2-233,eq:downrange-newton-raphson,Ranges and Distances,2-69,98,da9686bf1191d28b5bf4242a43040c30e13f1e9a375d7868654f4172b9181f5b,2-43,Ranges and Distances,manual/chapters/chapter02/04_01_ranges_distances.tex,165,169,168,905aee6980a1b627299f7a2bebcdac1bd2dedbb0fa00832bf108e92219502538,visually_verified,visual transcription plus section-level structural and selected numerical checks,tools/check_chapter02_section24.py,implemented,Newton-Raphson update used for downrange solution
2-234,eq:downrange-error-function,Ranges and Distances,2-69,98,da9686bf1191d28b5bf4242a43040c30e13f1e9a375d7868654f4172b9181f5b,2-43,Ranges and Distances,manual/chapters/chapter02/04_01_ranges_distances.tex,173,177,176,da68648b51c0c23d2d1ac34e33c5d50d856709b536ffa033bf1ae0ed5c75d2c3,visually_verified,visual transcription plus section-level structural and selected numerical checks,tools/check_chapter02_section24.py,implemented,Downrange error function
2-235,eq:sodano-direct-phi,Ranges and Distances,2-69,98,da9686bf1191d28b5bf4242a43040c30e13f1e9a375d7868654f4172b9181f5b,2-43,Ranges and Distances,manual/chapters/chapter02/04_01_ranges_distances.tex,186,198,197,2ba5396be9516c1021871d41d8f0f1f9bc7f1744938f86dc5865d8e0578d3384,visually_verified,visual transcription plus section-level structural and selected numerical checks,tools/check_chapter02_section24.py,implemented,Sodano direct angular-distance correction
2-236,eq:sodano-direct-m,Ranges and Distances,2-69,98,da9686bf1191d28b5bf4242a43040c30e13f1e9a375d7868654f4172b9181f5b,2-43,Ranges and Distances,manual/chapters/chapter02/04_01_ranges_distances.tex,200,205,204,7bc44d91fd8f29e2f238742eb04d1ae0e51ba6165d44dd929b8889460df82e34,visually_verified,visual transcription plus section-level structural and selected numerical checks,tools/check_chapter02_section24.py,implemented,Sodano direct auxiliary m
2-237,eq:sodano-direct-n,Ranges and Distances,2-69,98,da9686bf1191d28b5bf4242a43040c30e13f1e9a375d7868654f4172b9181f5b,2-43,Ranges and Distances,manual/chapters/chapter02/04_01_ranges_distances.tex,206,212,211,12c5896166376783b1c6d755f2bd084b36c7fae5b6be29387707fe77b27caa8c,visually_verified,visual transcription plus section-level structural and selected numerical checks,tools/check_chapter02_section24.py,implemented,Sodano direct auxiliary n
2-238,eq:sodano-direct-xi,Ranges and Distances,2-69,98,da9686bf1191d28b5bf4242a43040c30e13f1e9a375d7868654f4172b9181f5b,2-44,Ranges and Distances,manual/chapters/chapter02/04_01_ranges_distances.tex,213,216,215,29e071bf56b5e36819a114ddd468874fb7748f924249cd6bf0c1b5feb0e33591,visually_verified,visual transcription plus section-level structural and selected numerical checks,tools/check_chapter02_section24.py,implemented,Normalized surface distance xi
2-239,eq:sodano-eprime,Ranges and Distances,2-69,98,da9686bf1191d28b5bf4242a43040c30e13f1e9a375d7868654f4172b9181f5b,2-44,Ranges and Distances,manual/chapters/chapter02/04_01_ranges_distances.tex,218,222,221,8994d702edf21d96c7fb23d8cf3afaee460998531d3af4dbe3065966987cb1a5,visually_verified,visual transcription plus section-level structural and selected numerical checks,tools/check_chapter02_section24.py,implemented,Printed Sodano eccentricity factor e prime
2-240,eq:sodano-direct-latitude,Ranges and Distances,2-70,99,da9686bf1191d28b5bf4242a43040c30e13f1e9a375d7868654f4172b9181f5b,2-44,Ranges and Distances,manual/chapters/chapter02/04_01_ranges_distances.tex,225,230,229,f0b401747ef369a28fcc4505618d7343fe73baf7959b4186fd24a62b210961a7,visually_verified,visual transcription plus section-level structural and selected numerical checks,tools/check_chapter02_section24.py,implemented,Direct-method geodetic latitude
2-241,eq:sodano-direct-sin-beta2,Ranges and Distances,2-70,99,da9686bf1191d28b5bf4242a43040c30e13f1e9a375d7868654f4172b9181f5b,2-44,Ranges and Distances,manual/chapters/chapter02/04_01_ranges_distances.tex,232,236,235,763df3e57a2acc1ceb8d609d612362c4b11a692c104d898045faf9ca4e8b6bd1,visually_verified,visual transcription plus section-level structural and selected numerical checks,tools/check_chapter02_section24.py,implemented,Direct-method sine of reduced latitude beta2
2-242,eq:sodano-direct-cos-beta2,Ranges and Distances,2-70,99,da9686bf1191d28b5bf4242a43040c30e13f1e9a375d7868654f4172b9181f5b,2-44,Ranges and Distances,manual/chapters/chapter02/04_01_ranges_distances.tex,237,243,242,724f462ab67ae347f840fe48e65752b5d14e7a3ea6f6469ea6f74305efe9e846,visually_verified,visual transcription plus section-level structural and selected numerical checks,tools/check_chapter02_section24.py,implemented,Direct-method cosine of reduced latitude beta2
2-243,eq:sodano-direct-longitude,Ranges and Distances,2-70,99,da9686bf1191d28b5bf4242a43040c30e13f1e9a375d7868654f4172b9181f5b,2-44,Ranges and Distances,manual/chapters/chapter02/04_01_ranges_distances.tex,245,252,251,22745d3b262d48477ff293c7924e22608f90ab6f3ecbf65a048f64fe14ced16c,visually_verified,visual transcription plus section-level structural and selected numerical checks,tools/check_chapter02_section24.py,implemented,Direct-method longitude
2-244,eq:sodano-direct-l-correction,Ranges and Distances,2-70,99,da9686bf1191d28b5bf4242a43040c30e13f1e9a375d7868654f4172b9181f5b,2-44,Ranges and Distances,manual/chapters/chapter02/04_01_ranges_distances.tex,254,259,258,1077ca9f1f9be3e2d81d006ebe13fa0ab764bef4236d4ffa3d8452608c33c127,visually_verified,visual transcription plus section-level structural and selected numerical checks,tools/check_chapter02_section24.py,implemented,Direct-method longitude correction l
2-245,eq:sodano-direct-backward-azimuth,Ranges and Distances,2-70,99,da9686bf1191d28b5bf4242a43040c30e13f1e9a375d7868654f4172b9181f5b,2-44,Ranges and Distances,manual/chapters/chapter02/04_01_ranges_distances.tex,261,266,265,7227cafe5d0c1d5b86af92d0b0d249ab4d50c375e8afb19fd3bc3c2f6bb0d21e,visually_verified,visual transcription plus section-level structural and selected numerical checks,tools/check_chapter02_section24.py,implemented,Direct-method backward azimuth
2-246,eq:radar-relative-position,Radar Observations,2-71,100,da9686bf1191d28b5bf4242a43040c30e13f1e9a375d7868654f4172b9181f5b,2-44,Radar Observations,manual/chapters/chapter02/04_02_radar_observations.tex,20,23,22,ee17821963984450e8e882b1ed9ba6710c889a7f6988918dfc42750789248792,visually_verified,visual transcription plus section-level structural and selected numerical checks,tools/check_chapter02_section24.py,implemented,Vehicle position relative to radar station
2-247,eq:radar-line-of-sight-unit-vector,Radar Observations,2-71,100,da9686bf1191d28b5bf4242a43040c30e13f1e9a375d7868654f4172b9181f5b,2-44,Radar Observations,manual/chapters/chapter02/04_02_radar_observations.tex,26,29,28,2034186709ba94a2b68936f51ffe8838cd1f9f4d782725a404e2d7d7a89d41bd,visually_verified,visual transcription plus section-level structural and selected numerical checks,tools/check_chapter02_section24.py,implemented,Radar line-of-sight unit vector
2-248,eq:radar-azimuth,Radar Observations,2-71,100,da9686bf1191d28b5bf4242a43040c30e13f1e9a375d7868654f4172b9181f5b,2-44,Radar Observations,manual/chapters/chapter02/04_02_radar_observations.tex,32,37,36,b5ab3cd5555b8053e8f09ab42e69877647eaab7da7bc24bfc9f167c903e69b4e,visually_verified,visual transcription plus section-level structural and selected numerical checks,tools/check_chapter02_section24.py,implemented,Radar azimuth angle
2-249,eq:radar-elevation,Radar Observations,2-71,100,da9686bf1191d28b5bf4242a43040c30e13f1e9a375d7868654f4172b9181f5b,2-46,Radar Observations,manual/chapters/chapter02/04_02_radar_observations.tex,38,41,40,af96b1f5ed5598ab04817189e3a731f2e71f9c3e0057238120b0f3cfd0e728ba,visually_verified,visual transcription plus section-level structural and selected numerical checks,tools/check_chapter02_section24.py,implemented,Radar elevation angle
2-250,eq:radar-range-rate,Radar Observations,2-72,101,da9686bf1191d28b5bf4242a43040c30e13f1e9a375d7868654f4172b9181f5b,2-46,Radar Observations,manual/chapters/chapter02/04_02_radar_observations.tex,55,59,58,fbd633fcd00d476fedf97fc93728583ee9f954f43038ebc14624915bf6ccedac,visually_verified,visual transcription plus section-level structural and selected numerical checks,tools/check_chapter02_section24.py,implemented,Radar range rate
2-251,eq:radar-range-acceleration,Radar Observations,2-72,101,da9686bf1191d28b5bf4242a43040c30e13f1e9a375d7868654f4172b9181f5b,2-46,Radar Observations,manual/chapters/chapter02/04_02_radar_observations.tex,60,65,64,269393e8731ca23255e3b3296df130b15a81a02da8a2ce826b157e85b7da8534,visually_verified,visual transcription plus section-level structural and selected numerical checks,tools/check_chapter02_section24.py,not yet mapped to an executable mathematics implementation,Radar range acceleration
2-252,eq:radar-unit-vector-rate,Radar Observations,2-72,101,da9686bf1191d28b5bf4242a43040c30e13f1e9a375d7868654f4172b9181f5b,2-46,Radar Observations,manual/chapters/chapter02/04_02_radar_observations.tex,67,73,72,fa1eb1abdd42b36960dcff446a1a9d5db1bf29b07b9953e4810f86cdfa629aae,visually_verified,visual transcription plus section-level structural and selected numerical checks,tools/check_chapter02_section24.py,not yet mapped to an executable mathematics implementation,Radar line-of-sight unit-vector rate
2-253,eq:radar-unit-vector-acceleration,Radar Observations,2-72,101,da9686bf1191d28b5bf4242a43040c30e13f1e9a375d7868654f4172b9181f5b,2-46,Radar Observations,manual/chapters/chapter02/04_02_radar_observations.tex,74,81,80,eab02b317ce2bfba7cf5ad330164141f098631d67f798b12ef682dbb093be92b,visually_verified,visual transcription plus section-level structural and selected numerical checks,tools/check_chapter02_section24.py,not yet mapped to an executable mathematics implementation,Radar line-of-sight unit-vector acceleration
2-254,eq:radar-azimuth-rate,Radar Observations,2-72,101,da9686bf1191d28b5bf4242a43040c30e13f1e9a375d7868654f4172b9181f5b,2-46,Radar Observations,manual/chapters/chapter02/04_02_radar_observations.tex,83,91,90,fab17fa1dadef6a4d02d009b1c64559743f710dc649167fd89056185501116e5,visually_verified,visual transcription plus section-level structural and selected numerical checks,tools/check_chapter02_section24.py,not yet mapped to an executable mathematics implementation,Radar azimuth rate
2-255,eq:radar-azimuth-acceleration,Radar Observations,2-72,101,da9686bf1191d28b5bf4242a43040c30e13f1e9a375d7868654f4172b9181f5b,2-46,Radar Observations,manual/chapters/chapter02/04_02_radar_observations.tex,92,108,107,0d997f112ef16955d86ba7b06da9164c847b7879799edd29d278e6ccad157f1e,visually_verified,visual transcription plus section-level structural and selected numerical checks,tools/check_chapter02_section24.py,not yet mapped to an executable mathematics implementation,Radar azimuth acceleration
2-256,eq:radar-elevation-rate,Radar Observations,2-72,101,da9686bf1191d28b5bf4242a43040c30e13f1e9a375d7868654f4172b9181f5b,2-46,Radar Observations,manual/chapters/chapter02/04_02_radar_observations.tex,110,114,113,f63b6881e931dd6cafc3258133deaf0d3d2e92c6b5e50ed28dfd3d5c9ea48b66,visually_verified,visual transcription plus section-level structural and selected numerical checks,tools/check_chapter02_section24.py,not yet mapped to an executable mathematics implementation,Radar elevation rate
2-257,eq:radar-elevation-acceleration,Radar Observations,2-72,101,da9686bf1191d28b5bf4242a43040c30e13f1e9a375d7868654f4172b9181f5b,2-46,Radar Observations,manual/chapters/chapter02/04_02_radar_observations.tex,115,120,119,780262743ad2d465361905ef468cf0d7f956fc938a58f591cb1cca7c7c924d3f,visually_verified,visual transcription plus section-level structural and selected numerical checks,tools/check_chapter02_section24.py,not yet mapped to an executable mathematics implementation,Radar elevation acceleration
2-258,eq:radar-aspect-sine,Radar Observations,2-73,102,da9686bf1191d28b5bf4242a43040c30e13f1e9a375d7868654f4172b9181f5b,2-46,Radar Observations,manual/chapters/chapter02/04_02_radar_observations.tex,136,140,139,722bcd003260b9a5f221a9a005c882b0728601da719fada247f48532ef91df55,visually_verified,visual transcription plus section-level structural and selected numerical checks,tools/check_chapter02_section24.py,not yet mapped to an executable mathematics implementation,Radar aspect-angle sine
2-259,eq:radar-aspect-cosine,Radar Observations,2-73,102,da9686bf1191d28b5bf4242a43040c30e13f1e9a375d7868654f4172b9181f5b,2-46,Radar Observations,manual/chapters/chapter02/04_02_radar_observations.tex,141,144,143,812d535ab4ffc2756d93458e4b06f0224cd879e6e7c92431057e530e1d6d2eb8,visually_verified,visual transcription plus section-level structural and selected numerical checks,tools/check_chapter02_section24.py,not yet mapped to an executable mathematics implementation,Radar aspect-angle cosine
2-260,eq:radar-meridional-sine,Radar Observations,2-73,102,da9686bf1191d28b5bf4242a43040c30e13f1e9a375d7868654f4172b9181f5b,2-47,Radar Observations,manual/chapters/chapter02/04_02_radar_observations.tex,146,151,150,a76705737ec5ace7cabd3a691520d1448ec50665666aa365e3b72a4de62bc298,visually_verified,visual transcription plus section-level structural and selected numerical checks,tools/check_chapter02_section24.py,not yet mapped to an executable mathematics implementation,Radar meridional-angle sine
2-261,eq:radar-meridional-cosine,Radar Observations,2-73,102,da9686bf1191d28b5bf4242a43040c30e13f1e9a375d7868654f4172b9181f5b,2-47,Radar Observations,manual/chapters/chapter02/04_02_radar_observations.tex,152,157,156,28875e47043675c0178040b641d71075992c8ac6f5772c67b10590fb83e642df,visually_verified,visual transcription plus section-level structural and selected numerical checks,tools/check_chapter02_section24.py,not yet mapped to an executable mathematics implementation,Radar meridional-angle cosine
2-262,eq:relative-vehicle-position,Relative Vehicle Calculations,2-74,103,da9686bf1191d28b5bf4242a43040c30e13f1e9a375d7868654f4172b9181f5b,2-47,Relative Vehicle Calculations,manual/chapters/chapter02/04_03_relative_vehicle.tex,22,25,24,8e8c84426d1b8bae4e31a661892cf712325a908ee4332ec4a3fc42383ffbb92c,visually_verified,visual transcription plus section-level structural and selected numerical checks,tools/check_chapter02_section24.py,not yet mapped to an executable mathematics implementation,Relative position of the ith vehicle
2-263,eq:relative-vehicle-unit-vector,Relative Vehicle Calculations,2-74,103,da9686bf1191d28b5bf4242a43040c30e13f1e9a375d7868654f4172b9181f5b,2-47,Relative Vehicle Calculations,manual/chapters/chapter02/04_03_relative_vehicle.tex,27,30,29,bf24c6a49125d17fb339fa56e1832b18d1102cf42d7863034ce5c7123937c8da,visually_verified,visual transcription plus section-level structural and selected numerical checks,tools/check_chapter02_section24.py,not yet mapped to an executable mathematics implementation,Relative line-of-sight unit vector
2-264,eq:relative-vehicle-azimuth,Relative Vehicle Calculations,2-74,103,da9686bf1191d28b5bf4242a43040c30e13f1e9a375d7868654f4172b9181f5b,2-47,Relative Vehicle Calculations,manual/chapters/chapter02/04_03_relative_vehicle.tex,32,37,36,84638c048ca98b7cb9284f5f5aed00881a27a8d5b3ae33eeb846df1115e37690,visually_verified,visual transcription plus section-level structural and selected numerical checks,tools/check_chapter02_section24.py,not yet mapped to an executable mathematics implementation,Relative vehicle azimuth
2-265,eq:relative-vehicle-elevation,Relative Vehicle Calculations,2-74,103,da9686bf1191d28b5bf4242a43040c30e13f1e9a375d7868654f4172b9181f5b,2-47,Relative Vehicle Calculations,manual/chapters/chapter02/04_03_relative_vehicle.tex,38,41,40,3546fcbbb6899ca0144b4f28a9c9c428a78c26da9943f6e6d0c9b56df728e83b,visually_verified,visual transcription plus section-level structural and selected numerical checks,tools/check_chapter02_section24.py,not yet mapped to an executable mathematics implementation,Relative vehicle elevation
2-266,eq:iip-aerodynamic-acceleration-coefficients,Initial Impact Point Calculations,2-75,104,da9686bf1191d28b5bf4242a43040c30e13f1e9a375d7868654f4172b9181f5b,2-48,Initial Impact Point Calculations,manual/chapters/chapter02/04_04_iip.tex,15,23,22,92f4053533183c22246ce329fe08889b1acbc0b686c132890a82a539d45f8391,visually_verified,visual transcription plus section-level structural and selected numerical checks,tools/check_chapter02_section24.py,not yet mapped to an executable mathematics implementation,IIP aerodynamic acceleration from drag coefficient and ballistic coefficient
2-267,eq:iip-aerodynamic-acceleration-ballistic,Initial Impact Point Calculations,2-75,104,da9686bf1191d28b5bf4242a43040c30e13f1e9a375d7868654f4172b9181f5b,2-48,Initial Impact Point Calculations,manual/chapters/chapter02/04_04_iip.tex,25,29,28,644b39f99d89c773996f380f2b09fe1af2969b67266c2ac1b42d1415b8264b63,visually_verified,visual transcription plus section-level structural and selected numerical checks,tools/check_chapter02_section24.py,not yet mapped to an executable mathematics implementation,IIP aerodynamic acceleration using ballistic coefficient
2-268,eq:iip-aerodynamic-acceleration-dynamic-pressure,Initial Impact Point Calculations,2-75,104,da9686bf1191d28b5bf4242a43040c30e13f1e9a375d7868654f4172b9181f5b,2-48,Initial Impact Point Calculations,manual/chapters/chapter02/04_04_iip.tex,31,36,35,a2a10de21287049839b5b18907da4c969c73abef989b7526b9323f71ccccf85e,visually_verified,visual transcription plus section-level structural and selected numerical checks,tools/check_chapter02_section24.py,not yet mapped to an executable mathematics implementation,IIP aerodynamic acceleration using dynamic pressure
2-269,eq:iip-wind-velocity-unit-vector,Initial Impact Point Calculations,2-75,104,da9686bf1191d28b5bf4242a43040c30e13f1e9a375d7868654f4172b9181f5b,2-48,Initial Impact Point Calculations,manual/chapters/chapter02/04_04_iip.tex,38,42,41,92ca30cd6d8b0a82d6a11d4f2d841754626d6e391860d38b4275a5d5a30e3b7d,visually_verified,visual transcription plus section-level structural and selected numerical checks,tools/check_chapter02_section24.py,not yet mapped to an executable mathematics implementation,IIP air-relative velocity unit vector
2-270,eq:iip-aerodynamic-acceleration-vector,Initial Impact Point Calculations,2-75,104,da9686bf1191d28b5bf4242a43040c30e13f1e9a375d7868654f4172b9181f5b,2-48,Initial Impact Point Calculations,manual/chapters/chapter02/04_04_iip.tex,44,49,48,98b30e3772b5cbfc553bade82b8cd320138fa34b93cbe3f2c399d6692fc28794,visually_verified,visual transcription plus section-level structural and selected numerical checks,tools/check_chapter02_section24.py,not yet mapped to an executable mathematics implementation,IIP aerodynamic acceleration vector form
2-271,eq:ballistic-coefficient,Aerodynamic Variables,2-77,106,da9686bf1191d28b5bf4242a43040c30e13f1e9a375d7868654f4172b9181f5b,2-48,Aerodynamic Variables,manual/chapters/chapter02/04_05_aerodynamic_variables.tex,5,10,9,8530a871d3d3fe33a2202dffb892d0a1672af9492a0d8be044d8f427b0f02c1f,visually_verified,visual transcription plus section-level structural and selected numerical checks,tools/check_chapter02_section24.py,not yet mapped to an executable mathematics implementation,Ballistic coefficient
2-272,eq:lift-to-drag-ratio,Aerodynamic Variables,2-77,106,da9686bf1191d28b5bf4242a43040c30e13f1e9a375d7868654f4172b9181f5b,2-49,Aerodynamic Variables,manual/chapters/chapter02/04_05_aerodynamic_variables.tex,19,24,23,6ab3bc6f8223ae549725c2a4c789f0c006207b6e5f77d011aa695f20c1e63fb5,visually_verified,visual transcription plus section-level structural and selected numerical checks,tools/check_chapter02_section24.py,not yet mapped to an executable mathematics implementation,Lift-to-drag ratio
2-273,eq:parabolic-guidance-state,Control Variable Solution Process,2-82,111,da9686bf1191d28b5bf4242a43040c30e13f1e9a375d7868654f4172b9181f5b,2-52,Control Variable Solution Process,manual/chapters/chapter02/05_01_control_variable_solution.tex,58,61,60,eefd37717a7d25fbbb0781a98164083313bd5cc8c3ff701d1e19db39435816f3,visually_verified,visual transcription plus section-level structural and selected numerical checks,tools/check_chapter02_section25.py,not yet mapped to an executable mathematics implementation,Parabolic desired-state transition
2-274,eq:parabolic-guidance-rate,Control Variable Solution Process,2-82,111,da9686bf1191d28b5bf4242a43040c30e13f1e9a375d7868654f4172b9181f5b,2-52,Control Variable Solution Process,manual/chapters/chapter02/05_01_control_variable_solution.tex,63,66,65,7b223651321d7e98f6aadc62c30caa236cffc030aed85528a7a340e07784ff78,visually_verified,visual transcription plus section-level structural and selected numerical checks,tools/check_chapter02_section25.py,not yet mapped to an executable mathematics implementation,Derivative of parabolic desired-state transition
2-275,eq:parabolic-guidance-a,Control Variable Solution Process,2-83,112,da9686bf1191d28b5bf4242a43040c30e13f1e9a375d7868654f4172b9181f5b,2-52,Control Variable Solution Process,manual/chapters/chapter02/05_01_control_variable_solution.tex,68,73,72,dabf068990c3ae66a2dd59a7c710dec178b789a58e02ff8f0eb7dc9a10ab5de9,visually_verified,visual transcription plus section-level structural and selected numerical checks,tools/check_chapter02_section25.py,not yet mapped to an executable mathematics implementation,Parabolic transition coefficient a
2-276,eq:parabolic-guidance-b,Control Variable Solution Process,2-83,112,da9686bf1191d28b5bf4242a43040c30e13f1e9a375d7868654f4172b9181f5b,2-52,Control Variable Solution Process,manual/chapters/chapter02/05_01_control_variable_solution.tex,74,77,76,331a909021ee7c90ee4801a3950628821a2072b1e6ae8d585b83060953027dfd,visually_verified,visual transcription plus section-level structural and selected numerical checks,tools/check_chapter02_section25.py,not yet mapped to an executable mathematics implementation,Parabolic transition coefficient b
2-277,eq:cubic-guidance-state,Control Variable Solution Process,2-83,112,da9686bf1191d28b5bf4242a43040c30e13f1e9a375d7868654f4172b9181f5b,2-53,Control Variable Solution Process,manual/chapters/chapter02/05_01_control_variable_solution.tex,97,100,99,c3975c8638a7824322dd3ef564183ec9ca9028d921e3a40cdc5b3c781d0bbecf,visually_verified,visual transcription plus section-level structural and selected numerical checks,tools/check_chapter02_section25.py,not yet mapped to an executable mathematics implementation,Cubic desired-state transition
2-278,eq:cubic-guidance-acceleration,Control Variable Solution Process,2-83,112,da9686bf1191d28b5bf4242a43040c30e13f1e9a375d7868654f4172b9181f5b,2-53,Control Variable Solution Process,manual/chapters/chapter02/05_01_control_variable_solution.tex,102,105,104,67a8281e36b684fce3b0b1296924aeb82635693fc4c16688a1d845b4b7d20ddc,visually_verified,visual transcription plus section-level structural and selected numerical checks,tools/check_chapter02_section25.py,not yet mapped to an executable mathematics implementation,Second derivative of cubic transition
2-279,eq:cubic-guidance-b,Control Variable Solution Process,2-83,112,da9686bf1191d28b5bf4242a43040c30e13f1e9a375d7868654f4172b9181f5b,2-53,Control Variable Solution Process,manual/chapters/chapter02/05_01_control_variable_solution.tex,108,119,118,b05701acd24461dbf2e0166941b191593ed0633d9e25f46c39497ea7e2b79428,visually_verified,visual transcription plus section-level structural and selected numerical checks,tools/check_chapter02_section25.py,not yet mapped to an executable mathematics implementation,Cubic transition coefficient b
2-280,eq:cubic-guidance-a,Control Variable Solution Process,2-84,113,da9686bf1191d28b5bf4242a43040c30e13f1e9a375d7868654f4172b9181f5b,2-53,Control Variable Solution Process,manual/chapters/chapter02/05_01_control_variable_solution.tex,120,123,122,f744d3835fb9725a72ca1088b00a82d72fa1f430d703e9a6f18340097fc6e411,visually_verified,visual transcription plus section-level structural and selected numerical checks,tools/check_chapter02_section25.py,not yet mapped to an executable mathematics implementation,Cubic transition coefficient a
2-281,eq:guidance-newton-update,Control Variable Solution Process,2-84,113,da9686bf1191d28b5bf4242a43040c30e13f1e9a375d7868654f4172b9181f5b,2-53,Control Variable Solution Process,manual/chapters/chapter02/05_01_control_variable_solution.tex,130,133,132,56c428ba3b6a08538aa0fa369770929125113d49ea4747ba68c6371bf2009165,visually_verified,visual transcription plus section-level structural and selected numerical checks,tools/check_chapter02_section25.py,not yet mapped to an executable mathematics implementation,Multidimensional Newton-Raphson update
2-282,eq:guidance-jacobian,Control Variable Solution Process,2-84,113,da9686bf1191d28b5bf4242a43040c30e13f1e9a375d7868654f4172b9181f5b,2-53,Control Variable Solution Process,manual/chapters/chapter02/05_01_control_variable_solution.tex,135,150,149,8101ddb754cde417f6f390178fe1cf5291e5cd4a9dcc52839c2699f2b52808de,visually_verified,visual transcription plus section-level structural and selected numerical checks,tools/check_chapter02_section25.py,not yet mapped to an executable mathematics implementation,Guidance residual Jacobian matrix
2-283,eq:guidance-gaussian-system,Control Variable Solution Process,2-84,113,da9686bf1191d28b5bf4242a43040c30e13f1e9a375d7868654f4172b9181f5b,2-53,Control Variable Solution Process,manual/chapters/chapter02/05_01_control_variable_solution.tex,153,156,155,7db8275912065475ca6659020459031bd71cd742ac8ba9e164894ca0f1333633,visually_verified,visual transcription plus section-level structural and selected numerical checks,tools/check_chapter02_section25.py,not yet mapped to an executable mathematics implementation,Gaussian-elimination linear system
2-284,eq:predictive-intercept-position-equality,Intercepts and Proportional Navigation,2-85,114,da9686bf1191d28b5bf4242a43040c30e13f1e9a375d7868654f4172b9181f5b,2-54,Intercepts and Proportional Navigation,manual/chapters/chapter02/05_02_intercepts_proportional_navigation.tex,25,29,28,c6e0006c018018a742e33b286b567befa4b781cd8f68a9368d51f22ae900cdd0,visually_verified,visual transcription plus section-level structural and selected numerical checks,tools/check_chapter02_section25.py,not yet mapped to an executable mathematics implementation,Nonaccelerating intercept position equality
2-285,eq:predictive-time-to-intercept,Intercepts and Proportional Navigation,2-85,114,da9686bf1191d28b5bf4242a43040c30e13f1e9a375d7868654f4172b9181f5b,2-54,Intercepts and Proportional Navigation,manual/chapters/chapter02/05_02_intercepts_proportional_navigation.tex,31,35,34,4f35c9fa324a2c2377442e2ac475d0e6bea2ab40563bec59043de54786b3e55a,visually_verified,visual transcription plus section-level structural and selected numerical checks,tools/check_chapter02_section25.py,not yet mapped to an executable mathematics implementation,Estimated time to intercept
2-286,eq:predictive-intercept-point,Intercepts and Proportional Navigation,2-85,114,da9686bf1191d28b5bf4242a43040c30e13f1e9a375d7868654f4172b9181f5b,2-54,Intercepts and Proportional Navigation,manual/chapters/chapter02/05_02_intercepts_proportional_navigation.tex,37,42,41,9dbb5ab59c52be8cff3ffc7b5415b5c72ce4a6b8d2dc1d8b3b3161bf3fac399a,visually_verified,visual transcription plus section-level structural and selected numerical checks,tools/check_chapter02_section25.py,not yet mapped to an executable mathematics implementation,Predicted intercept point
2-287,eq:line-of-sight-yaw,Intercepts and Proportional Navigation,2-87,116,da9686bf1191d28b5bf4242a43040c30e13f1e9a375d7868654f4172b9181f5b,2-54,Intercepts and Proportional Navigation,manual/chapters/chapter02/05_02_intercepts_proportional_navigation.tex,71,76,75,3e21843d5c1c58c3ffc92aeeb6be7a742c14532decabfd04477207ce3ce680ce,visually_verified,visual transcription plus section-level structural and selected numerical checks,tools/check_chapter02_section25.py,not yet mapped to an executable mathematics implementation,Line-of-sight yaw angle
2-288,eq:line-of-sight-pitch,Intercepts and Proportional Navigation,2-87,116,da9686bf1191d28b5bf4242a43040c30e13f1e9a375d7868654f4172b9181f5b,2-54,Intercepts and Proportional Navigation,manual/chapters/chapter02/05_02_intercepts_proportional_navigation.tex,77,83,82,6bb11df3bb7ce530f82f55e3f7863f5fdf18998777fff940be1f9853c8b133b0,visually_verified,visual transcription plus section-level structural and selected numerical checks,tools/check_chapter02_section25.py,not yet mapped to an executable mathematics implementation,Line-of-sight pitch angle
2-289,eq:line-of-sight-yaw-rate,Intercepts and Proportional Navigation,2-87,116,da9686bf1191d28b5bf4242a43040c30e13f1e9a375d7868654f4172b9181f5b,2-55,Intercepts and Proportional Navigation,manual/chapters/chapter02/05_02_intercepts_proportional_navigation.tex,85,93,92,7a217477bd51f8f6999369015a6b2ce4fc86d22909bf08623af1073d7306b0d7,visually_verified,visual transcription plus section-level structural and selected numerical checks,tools/check_chapter02_section25.py,not yet mapped to an executable mathematics implementation,Line-of-sight yaw rate
2-290,eq:line-of-sight-pitch-rate,Intercepts and Proportional Navigation,2-87,116,da9686bf1191d28b5bf4242a43040c30e13f1e9a375d7868654f4172b9181f5b,2-55,Intercepts and Proportional Navigation,manual/chapters/chapter02/05_02_intercepts_proportional_navigation.tex,94,113,112,fb502555f98547864adeda6f54de437c80024011109e713dd5eb69dd8cf8a8f1,visually_verified,visual transcription plus section-level structural and selected numerical checks,tools/check_chapter02_section25.py,not yet mapped to an executable mathematics implementation,Line-of-sight pitch rate
2-291,eq:proportional-navigation-yaw-acceleration,Intercepts and Proportional Navigation,2-87,116,da9686bf1191d28b5bf4242a43040c30e13f1e9a375d7868654f4172b9181f5b,2-55,Intercepts and Proportional Navigation,manual/chapters/chapter02/05_02_intercepts_proportional_navigation.tex,115,118,117,b347524da560421c71566e7ddbf2424148a797e77743781eec5061f3ad635337,visually_verified,visual transcription plus section-level structural and selected numerical checks,tools/check_chapter02_section25.py,not yet mapped to an executable mathematics implementation,Proportional-navigation yaw acceleration
2-292,eq:proportional-navigation-pitch-acceleration,Intercepts and Proportional Navigation,2-87,116,da9686bf1191d28b5bf4242a43040c30e13f1e9a375d7868654f4172b9181f5b,2-55,Intercepts and Proportional Navigation,manual/chapters/chapter02/05_02_intercepts_proportional_navigation.tex,119,122,121,497d18b5517f13a1944a204f37dbca6f447fcdd227cd47d5eff114c9df83dc94,visually_verified,visual transcription plus section-level structural and selected numerical checks,tools/check_chapter02_section25.py,not yet mapped to an executable mathematics implementation,Proportional-navigation pitch acceleration
2-293,eq:proportional-navigation-closure-velocity,Intercepts and Proportional Navigation,2-87,116,da9686bf1191d28b5bf4242a43040c30e13f1e9a375d7868654f4172b9181f5b,2-55,Intercepts and Proportional Navigation,manual/chapters/chapter02/05_02_intercepts_proportional_navigation.tex,125,129,128,f4741b13f1b14375f49ca6d40328538b74b6f1e2ed1564d87ac64007869be196,visually_verified,visual transcription plus section-level structural and selected numerical checks,tools/check_chapter02_section25.py,not yet mapped to an executable mathematics implementation,Closure velocity
2-294,eq:source-los-pitch-rotation,Intercepts and Proportional Navigation,2-87,116,da9686bf1191d28b5bf4242a43040c30e13f1e9a375d7868654f4172b9181f5b,2-55,Intercepts and Proportional Navigation,manual/chapters/chapter02/05_02_intercepts_proportional_navigation.tex,133,141,140,8e972c4337b7335b4a1900c4c49a1439fff0e5fc7f5fad76402a3e7998397b8e,visually_verified,visual transcription plus section-level structural and selected numerical checks,tools/check_chapter02_section25.py,not yet mapped to an executable mathematics implementation,First printed line-of-sight rotation matrix
2-295,eq:source-los-yaw-rotation,Intercepts and Proportional Navigation,2-87,116,da9686bf1191d28b5bf4242a43040c30e13f1e9a375d7868654f4172b9181f5b,2-55,Intercepts and Proportional Navigation,manual/chapters/chapter02/05_02_intercepts_proportional_navigation.tex,142,150,149,972867485cff2e9ca86279a380f540d5d65f166de6777302881b3bd8fa7e2d6f,visually_verified,visual transcription plus section-level structural and selected numerical checks,tools/check_chapter02_section25.py,not yet mapped to an executable mathematics implementation,Second printed line-of-sight rotation matrix
2-296,eq:los-to-ecfc-acceleration-matrix,Intercepts and Proportional Navigation,2-88,117,da9686bf1191d28b5bf4242a43040c30e13f1e9a375d7868654f4172b9181f5b,2-55,Intercepts and Proportional Navigation,manual/chapters/chapter02/05_02_intercepts_proportional_navigation.tex,152,160,159,20a8472d0b576c2dce8a54ad19d2d8748fc10163b08c2f726d5b21be3ccb67c9,visually_verified,visual transcription plus section-level structural and selected numerical checks,tools/check_chapter02_section25.py,not yet mapped to an executable mathematics implementation,Transposed line-of-sight to ECFC acceleration matrix
2-297,eq:proportional-navigation-ecfc-acceleration,Intercepts and Proportional Navigation,2-88,117,da9686bf1191d28b5bf4242a43040c30e13f1e9a375d7868654f4172b9181f5b,2-56,Intercepts and Proportional Navigation,manual/chapters/chapter02/05_02_intercepts_proportional_navigation.tex,162,171,170,9034109d12a89b588389fbe60f796419ef604c428e7423eaf0f8358a2857ee80,visually_verified,visual transcription plus section-level structural and selected numerical checks,tools/check_chapter02_section25.py,not yet mapped to an executable mathematics implementation,Commanded ECFC acceleration components
2-298,eq:newton-linearization,Search Methods,2-98,127,da9686bf1191d28b5bf4242a43040c30e13f1e9a375d7868654f4172b9181f5b,2-62,Search Methods,manual/chapters/chapter02/06_02_search_methods.tex,22,25,24,16c7c4159f7465b01a49408cbbbe3ca03231c446a984660bba4996b9c534ae46,visually_verified,visual transcription plus section-level structural and selected numerical checks,tools/check_chapter02_section26.py,not yet mapped to an executable mathematics implementation,Newton-Raphson local linearization
2-299,eq:newton-update-search,Search Methods,2-98,127,da9686bf1191d28b5bf4242a43040c30e13f1e9a375d7868654f4172b9181f5b,2-62,Search Methods,manual/chapters/chapter02/06_02_search_methods.tex,27,31,30,74815f75f5b6ab0cded9472e28d77a752a96bc0d44d149eeb2717e262065fbff,visually_verified,visual transcription plus section-level structural and selected numerical checks,tools/check_chapter02_section26.py,not yet mapped to an executable mathematics implementation,Newton-Raphson root update
2-300,eq:secant-root-estimate,Search Methods,2-99,128,da9686bf1191d28b5bf4242a43040c30e13f1e9a375d7868654f4172b9181f5b,2-62,Search Methods,manual/chapters/chapter02/06_02_search_methods.tex,47,53,52,cf4d0bc6e81143ef95870ace91a8c151b6dba0df9c63298d59f8e8d11dc20633,visually_verified,visual transcription plus section-level structural and selected numerical checks,tools/check_chapter02_section26.py,not yet mapped to an executable mathematics implementation,Secant root estimate
2-301,eq:parabolic-search-polynomial,Search Methods,2-99,128,da9686bf1191d28b5bf4242a43040c30e13f1e9a375d7868654f4172b9181f5b,2-62,Search Methods,manual/chapters/chapter02/06_02_search_methods.tex,69,72,71,2b19fe763aa89545c452d9f5560b9e5c381017164f8883b210c8441b02c957fe,visually_verified,visual transcription plus section-level structural and selected numerical checks,tools/check_chapter02_section26.py,not yet mapped to an executable mathematics implementation,Parabolic search polynomial
2-302,eq:parabolic-search-b,Search Methods,2-100,129,da9686bf1191d28b5bf4242a43040c30e13f1e9a375d7868654f4172b9181f5b,2-63,Search Methods,manual/chapters/chapter02/06_02_search_methods.tex,88,98,97,d2a0b9563439989d3d810494f7e4177ca6d342448e5fcf646b58b26089878193,visually_verified,visual transcription plus section-level structural and selected numerical checks,tools/check_chapter02_section26.py,not yet mapped to an executable mathematics implementation,Parabolic interpolation coefficient b
2-303,eq:parabolic-search-a,Search Methods,2-100,129,da9686bf1191d28b5bf4242a43040c30e13f1e9a375d7868654f4172b9181f5b,2-63,Search Methods,manual/chapters/chapter02/06_02_search_methods.tex,99,103,102,fe12b1303207e1bac60114600a7f71f1306e149736330b0b662deee8a75ad0f5,visually_verified,visual transcription plus section-level structural and selected numerical checks,tools/check_chapter02_section26.py,not yet mapped to an executable mathematics implementation,Parabolic interpolation coefficient a
2-304,eq:parabolic-search-c,Search Methods,2-100,129,da9686bf1191d28b5bf4242a43040c30e13f1e9a375d7868654f4172b9181f5b,2-63,Search Methods,manual/chapters/chapter02/06_02_search_methods.tex,104,107,106,a86e936178fc0b211cb8cf251a4e34019a2e935928093e2ab55699c8a793db0e,visually_verified,visual transcription plus section-level structural and selected numerical checks,tools/check_chapter02_section26.py,not yet mapped to an executable mathematics implementation,Parabolic interpolation coefficient c
2-305,eq:parabolic-search-roots,Search Methods,2-100,129,da9686bf1191d28b5bf4242a43040c30e13f1e9a375d7868654f4172b9181f5b,2-63,Search Methods,manual/chapters/chapter02/06_02_search_methods.tex,109,112,111,c66142152c67501de1ba0d5d213e90c64249c83131877cbb63d32c4d52ceb61c,visually_verified,visual transcription plus section-level structural and selected numerical checks,tools/check_chapter02_section26.py,not yet mapped to an executable mathematics implementation,Roots of the fitted parabola
2-306,eq:golden-section-x1,Search Methods,2-101,130,da9686bf1191d28b5bf4242a43040c30e13f1e9a375d7868654f4172b9181f5b,2-63,Search Methods,manual/chapters/chapter02/06_02_search_methods.tex,124,127,126,e3ef2e5bc46d9ef986535af74228e6a90803176473715e1b98d1370d5f98a9bd,visually_verified,visual transcription plus section-level structural and selected numerical checks,tools/check_chapter02_section26.py,not yet mapped to an executable mathematics implementation,First golden-section interior point
2-307,eq:golden-section-x2,Search Methods,2-101,130,da9686bf1191d28b5bf4242a43040c30e13f1e9a375d7868654f4172b9181f5b,2-63,Search Methods,manual/chapters/chapter02/06_02_search_methods.tex,128,131,130,d35f3311e5fa782b9e995f4b4b3a52e3f99ae297aa1441d934163e0a9fa0b170,visually_verified,visual transcription plus section-level structural and selected numerical checks,tools/check_chapter02_section26.py,not yet mapped to an executable mathematics implementation,Second golden-section interior point
2-308,eq:parabolic-minimum,Search Methods,2-101,130,da9686bf1191d28b5bf4242a43040c30e13f1e9a375d7868654f4172b9181f5b,2-64,Search Methods,manual/chapters/chapter02/06_02_search_methods.tex,149,152,151,6caa0ba8195c05aef17e447e0d9f24d3225d6b4478360874d58bfbbe74c59be6,visually_verified,visual transcription plus section-level structural and selected numerical checks,tools/check_chapter02_section26.py,not yet mapped to an executable mathematics implementation,Stationary point of a parabola
2-309,eq:general-nonlinear-program,Optimization,2-102,131,da9686bf1191d28b5bf4242a43040c30e13f1e9a375d7868654f4172b9181f5b,2-64,Optimization,manual/chapters/chapter02/06_03_optimization.tex,6,15,14,49eee8b5c4db338926a84c7ec5458be07673b40cda1fa59b1e084c55012f3499,visually_verified,visual transcription plus section-level structural and selected numerical checks,tools/check_chapter02_section26.py,not yet mapped to an executable mathematics implementation,General nonlinear programming problem
2-310,eq:active-set-equality-problem,Optimization,2-102,131,da9686bf1191d28b5bf4242a43040c30e13f1e9a375d7868654f4172b9181f5b,2-64,Optimization,manual/chapters/chapter02/06_03_optimization.tex,31,37,36,534138a1c9b65d296806c730875035d6b297925aa6477cc647b7429d038892d8,visually_verified,visual transcription plus section-level structural and selected numerical checks,tools/check_chapter02_section26.py,not yet mapped to an executable mathematics implementation,Active-set equality-constrained problem
2-311,eq:optimization-quadratic-approximation,Optimization,2-102,131,da9686bf1191d28b5bf4242a43040c30e13f1e9a375d7868654f4172b9181f5b,2-65,Optimization,manual/chapters/chapter02/06_03_optimization.tex,42,48,47,c54178e43525c5c9a53e023e81542960a274bbc14fb130aaea39c75e65f1c43c,visually_verified,visual transcription plus section-level structural and selected numerical checks,tools/check_chapter02_section26.py,not yet mapped to an executable mathematics implementation,Quadratic approximation to the objective
2-312,eq:optimization-constraint-linearization,Optimization,2-102,131,da9686bf1191d28b5bf4242a43040c30e13f1e9a375d7868654f4172b9181f5b,2-65,Optimization,manual/chapters/chapter02/06_03_optimization.tex,50,54,53,6f4f0dc322d5d720c38c2a7fd66bedd5d7185e40bf9f8cd33308a4001ca85cde,visually_verified,visual transcription plus section-level structural and selected numerical checks,tools/check_chapter02_section26.py,not yet mapped to an executable mathematics implementation,Linearized constraints
2-313,eq:optimization-quadratic-subproblem,Optimization,2-103,132,da9686bf1191d28b5bf4242a43040c30e13f1e9a375d7868654f4172b9181f5b,2-65,Optimization,manual/chapters/chapter02/06_03_optimization.tex,58,68,67,c5e42ac5c6efeded35995455feac1a39dce9ddd63f600ed0b507952a959580b5,visually_verified,visual transcription plus section-level structural and selected numerical checks,tools/check_chapter02_section26.py,not yet mapped to an executable mathematics implementation,Variable-metric quadratic subproblem
2-314,eq:maximum-altitude-integral,Optimization,2-104,133,da9686bf1191d28b5bf4242a43040c30e13f1e9a375d7868654f4172b9181f5b,2-66,Optimization,manual/chapters/chapter02/06_03_optimization.tex,115,122,121,4716b6ff422fa6da6a6a505858f705087c555f6775f85f39ccca3637b326880c,visually_verified,visual transcription plus section-level structural and selected numerical checks,tools/check_chapter02_section26.py,not yet mapped to an executable mathematics implementation,Path-integrated maximum-altitude violation
2-315,eq:maximum-altitude-constraint,Optimization,2-104,133,da9686bf1191d28b5bf4242a43040c30e13f1e9a375d7868654f4172b9181f5b,2-66,Optimization,manual/chapters/chapter02/06_03_optimization.tex,125,128,127,78d643cbcf0de2fa2361459782694df71e0cfb98f54267e12daba7fa9d5612c8,visually_verified,visual transcription plus section-level structural and selected numerical checks,tools/check_chapter02_section26.py,not yet mapped to an executable mathematics implementation,Printed maximum-altitude optimization constraint
3-1,eq:full-table-thrust,Full Tables,3-13,148,da9686bf1191d28b5bf4242a43040c30e13f1e9a375d7868654f4172b9181f5b,3-9,Full Tables,manual/chapters/chapter03/05_full_tables.tex,38,42,41,1be763a4fab3d3dc2b47971eac12ad1bb92cad826ac3fe9ad4415c045b308497,visually_verified,visual transcription plus repository structural validation,tools/check_manifest.py,not yet mapped to an executable mathematics implementation,Vacuum thrust minus ambient pressure times nozzle exit area
4-1,eq:stagnation-heating,Trajectory *Define data block,4-35,200,da9686bf1191d28b5bf4242a43040c30e13f1e9a375d7868654f4172b9181f5b,4-22,\problemblock {*Define} Data Block,manual/chapters/chapter04/03_01_define.tex,40,46,45,616fe0b36744f024247b6ede51bbdd9472c24622beca4d6390ec5df67b3eaf81,visually_verified,visual transcription plus Chapter 4 structural validation,tools/check_chapter04.py,not yet mapped to an executable mathematics implementation,Stagnation-point heat-transfer approximation
4-2,eq:qmin-satisfied,Trajectory *Define data block,4-38,203,da9686bf1191d28b5bf4242a43040c30e13f1e9a375d7868654f4172b9181f5b,4-24,\problemblock {*Define} Data Block,manual/chapters/chapter04/03_01_define.tex,176,181,178,bc4cb862121cfc2b77ee8064d4537245300170bf4b2d844d77e86262db5125f1,visually_verified,visual transcription plus Chapter 4 structural validation,tools/check_chapter04.py,not yet mapped to an executable mathematics implementation,Minimum-dynamic-pressure integral derivative when constraint is satisfied
4-3,eq:qmin-violated,Trajectory *Define data block,4-38,203,da9686bf1191d28b5bf4242a43040c30e13f1e9a375d7868654f4172b9181f5b,4-24,\problemblock {*Define} Data Block,manual/chapters/chapter04/03_01_define.tex,176,181,180,bc4cb862121cfc2b77ee8064d4537245300170bf4b2d844d77e86262db5125f1,visually_verified,visual transcription plus Chapter 4 structural validation,tools/check_chapter04.py,not yet mapped to an executable mathematics implementation,Minimum-dynamic-pressure integral derivative when constraint is violated
4-4,eq:initial-ecic-rotation,*Initial data block,4-44,209,da9686bf1191d28b5bf4242a43040c30e13f1e9a375d7868654f4172b9181f5b,4-28,\problemblock {*Initial} Data Block,manual/chapters/chapter04/03_05_initial.tex,107,110,109,335a4432c3fd2ee4ecaacafac432c8138eecdec874f58d6c4200f0c90da56cb4,visually_verified,visual transcription plus Chapter 4 structural validation,tools/check_chapter04.py,not yet mapped to an executable mathematics implementation,Rotation between ECFC and ECIC coordinate systems
4-5,eq:optimization-qmin-violation,*Optimize data block,4-64,229,da9686bf1191d28b5bf4242a43040c30e13f1e9a375d7868654f4172b9181f5b,4-39,\problemblock {*Optimize} Data Block,manual/chapters/chapter04/04_06_optimize.tex,123,128,125,243f2baf2434dda0c46bfc8e4c00ed35b3527a175a5ef86be36e165832b85f62,visually_verified,visual transcription plus Chapter 4 structural validation,tools/check_chapter04.py,not yet mapped to an executable mathematics implementation,Path-constraint integral when minimum dynamic pressure is violated
4-6,eq:optimization-qmin-satisfied,*Optimize data block,4-64,229,da9686bf1191d28b5bf4242a43040c30e13f1e9a375d7868654f4172b9181f5b,4-39,\problemblock {*Optimize} Data Block,manual/chapters/chapter04/04_06_optimize.tex,123,128,127,243f2baf2434dda0c46bfc8e4c00ed35b3527a175a5ef86be36e165832b85f62,visually_verified,visual transcription plus Chapter 4 structural validation,tools/check_chapter04.py,not yet mapped to an executable mathematics implementation,Path-constraint integral otherwise
4-7,eq:optimization-forward-difference,*Optimize data block,4-67,232,da9686bf1191d28b5bf4242a43040c30e13f1e9a375d7868654f4172b9181f5b,4-41,\problemblock {*Optimize} Data Block,manual/chapters/chapter04/04_06_optimize.tex,279,283,282,f1338c3ea66989b46d156be283916c8663823c119fe54222caaae9c06d9d5393,visually_verified,visual transcription plus Chapter 4 structural validation,tools/check_chapter04.py,not yet mapped to an executable mathematics implementation,Forward-difference numerical derivative
4-8,eq:optimization-central-difference,*Optimize data block,4-67,232,da9686bf1191d28b5bf4242a43040c30e13f1e9a375d7868654f4172b9181f5b,4-41,\problemblock {*Optimize} Data Block,manual/chapters/chapter04/04_06_optimize.tex,287,291,290,a525416694a997f584cf58cf7330596194a15abd75fb572c9889edfec89e7c6f,visually_verified,visual transcription plus Chapter 4 structural validation,tools/check_chapter04.py,not yet mapped to an executable mathematics implementation,Central-difference numerical derivative
