time_s,north_m,east_m,altitude_m,speed_m_s,mach,mass_kg,phase_index,route_leg_index,phase,route_north_command_m,route_east_command_m,route_altitude_command_m,route_speed_command_m_s,route_heading_command_deg,route_flight_path_command_deg,route_bank_command_deg,route_bank_achieved_deg,route_pitch_achieved_deg,route_heading_achieved_deg,heading_rad,flight_path_angle_rad,p_rad_s,q_rad_s,r_rad_s,dynamic_pressure_pa,lift_n,drag_n,thrust_n,required_thrust_n,fuel_flow_kg_s,thrust_margin_n,side_force_n,roll_moment_nm,pitch_moment_nm,yaw_moment_nm,control_path,response_profile_id,allocation_status,allocation_residual_norm,saturation_count,throttle_ratio,flight_path_angle_command_rad,aileron_rad,elevator_rad,rudder_rad,control_effectivity_source
0.0,0.0,0.0,10500.0,231.85534691678674,0.78,60000.0,0,1,outbound-climb,0.0,0.0,10500.0,230.1542,90.0,0.9956804921916612,0.0,0.0,0.1432394487829405,90.0,1.5707963267948966,7.778053681881626e-26,0.0,0.0,0.0,10499.33163232439,588399.0,33989.52706617285,31791.936886281106,33989.52706617285,0.6719213328494877,12131.057185444799,0.0,-2.4427449171225928e-36,8.044905946264786e-10,2.040408743622973e-19,pseudo_6dof_kinematic_bridge,a320.attitude_response_p6dof.v1,surrogate_policy_overlay,0.0,0,0.6672473169433143,7.778053681881626e-26,2.3409907592003427e-28,0.01999999999998898,-9.363963036801382e-27,jsbsim-1.3.1-a320-coefficient-surrogate
1.0,1.4196911442703868e-14,231.85315884691505,10501.007286756942,231.77268989052328,0.7797334533111531,59999.32807866715,0,1,outbound-climb,0.0,230.1542,10504.0,230.1542,90.0,0.9956804921916612,0.0,0.0,0.48840868607604976,90.0,1.5707963267948966,0.004344475721655545,0.0,0.0060243396673623556,0.0,10490.785446737762,588392.4107026613,33980.235638381,31903.219807950893,33980.235638381,0.6741380249565605,12160.26590562686,0.0,-2.4407565856617354e-36,-14584.792511842845,2.0387479034470235e-19,pseudo_6dof_kinematic_bridge,a320.attitude_response_p6dof.v1,surrogate_policy_overlay,0.0,0,0.6695214450998482,0.004344475721655545,2.3409907592003427e-28,0.021390232230918755,-9.363963036801382e-27,jsbsim-1.3.1-a320-coefficient-surrogate
2.0,2.8388485414818557e-14,463.61915018409763,10502.769398723218,231.65729528435003,0.7793653936575934,59998.65421476379,0,1,outbound-climb,0.0,460.3084,10508.0,230.1542,90.0,0.9956804921916612,0.0,0.0,0.8796004883415734,90.0,1.5707963267948966,0.007602832512897203,0.0,0.0068275849563440025,0.0,10478.348145742893,588385.8023552133,33966.62514060985,32034.396581283574,33966.62514060985,0.6767509912025459,12187.14192599069,0.0,-2.4378629582526913e-36,-9004.752044566032,2.0363308755269919e-19,pseudo_6dof_kinematic_bridge,a320.attitude_response_p6dof.v1,surrogate_policy_overlay,0.0,0,0.6723598340094286,0.007602832512897203,2.3409907592003427e-28,0.020667311470835274,-9.363963036801382e-27,jsbsim-1.3.1-a320-coefficient-surrogate
3.0,4.25726878077938e-14,695.2647544979429,10505.09672777902,231.5182600959288,0.778924239721049,59997.97794363227,0,1,outbound-climb,0.0,690.4626000000001,10512.0,230.1542,90.0,0.9956804921916612,0.0,0.0,1.1572699636751413,90.0,1.5707963267948966,0.010046600106328447,0.0,0.004846246576855939,0.0,10463.077270263664,588379.1704009214,33949.87154859546,32194.23662841089,33949.87154859546,0.6799349134571449,12212.098770157172,0.0,-2.43431007938733e-36,-3209.0529111212363,2.0333631792067165e-19,pseudo_6dof_kinematic_bridge,a320.attitude_response_p6dof.v1,surrogate_policy_overlay,0.0,0,0.6759415702402725,0.010046600106328447,2.3409907592003427e-28,0.020088974862768488,-9.363963036801382e-27,jsbsim-1.3.1-a320-coefficient-surrogate
4.0,5.674809233559774e-14,926.7666787698785,10507.846967084459,231.36263495655294,0.778432069573449,59997.29864291743,0,1,outbound-climb,0.0,920.6168,10516.0,230.1542,90.0,0.9956804921916612,0.0,0.0,1.2841899706324003,90.0,1.5707963267948966,0.01187942580140188,0.0,0.0022151720080582763,0.0,10445.786071981049,588372.5087365662,33930.877560567686,32374.20767825624,33930.877560567686,0.6835198337639421,12235.44416255669,0.0,-2.4302871579105214e-36,678.176093110928,2.030002859388363e-19,pseudo_6dof_kinematic_bridge,a320.attitude_response_p6dof.v1,surrogate_policy_overlay,0.0,0,0.6800502759883434,0.01187942580140188,2.3409907592003427e-28,0.019780528671799535,-9.363963036801382e-27,jsbsim-1.3.1-a320-coefficient-surrogate
5.0,7.091372352544335e-14,1158.108992320337,10510.91336809551,231.195683115619,0.777905358440196,59996.61587295505,0,1,outbound-climb,0.0,1150.771,10520.0,230.1542,90.0,0.9956804921916612,0.0,0.0,1.2947512970238477,90.0,1.5707963267948966,0.013254045072706954,0.0,0.00018432991890852827,0.0,10427.082376540524,588365.8130505146,33910.31812148554,32567.928036490463,33910.31812148554,0.6873786324244526,12257.424399872172,0.0,-2.4259356088244737e-36,2302.998178409919,2.0263680390920486e-19,pseudo_6dof_kinematic_bridge,a320.attitude_response_p6dof.v1,surrogate_policy_overlay,0.0,0,0.6845240807095745,0.013254045072706954,2.3409907592003427e-28,0.01970855789390678,-9.363963036801382e-27,jsbsim-1.3.1-a320-coefficient-surrogate
6.0,8.506893180134821e-14,1389.2810867684711,10514.215888309018,231.02132744679125,0.7773563810536247,59995.929330753956,0,1,outbound-climb,0.0,1380.9252000000001,10524.0,230.1542,90.0,0.9956804921916612,0.0,0.0,1.245799196928004,90.0,1.5707963267948966,0.01428500952618576,0.0,-0.0008543753224383075,0.0,10407.419724568574,588359.0803714383,33888.69667313313,32770.63548240661,33888.69667313313,0.6914164487278427,12278.233721809105,0.0,-2.421360951613556e-36,2281.532073311086,2.0225468580482133e-19,pseudo_6dof_kinematic_bridge,a320.attitude_response_p6dof.v1,surrogate_policy_overlay,0.0,0,0.6892421204242707,0.01428500952618576,2.3409907592003427e-28,0.019775045183960085,-9.363963036801382e-27,jsbsim-1.3.1-a320-coefficient-surrogate
7.0,9.921330448852948e-14,1620.2762226236275,10517.694529787437,230.84248594225306,0.776794263554508,59995.23881535656,0,1,outbound-climb,0.0,1611.0794,10528.0,230.1542,90.0,0.9956804921916612,0.0,0.0,1.1852507134848194,90.0,1.5707963267948966,0.015058232866294863,0.0,-0.0010567703931728424,0.0,10387.13588811615,588352.3087286165,33866.38779094385,32978.78532956268,33866.38779094385,0.6955626745489832,12298.024099700058,0.0,-2.4166417713715143e-36,1479.9424920980052,2.0186049578681742e-19,pseudo_6dof_kinematic_bridge,a320.attitude_response_p6dof.v1,surrogate_policy_overlay,0.0,0,0.6941143432643293,0.015058232866294863,2.3409907592003427e-28,0.019884943419409024,-9.363963036801382e-27,jsbsim-1.3.1-a320-coefficient-surrogate
8.0,1.1334660172697265e-13,1851.090482674498,10521.304332159927,230.6613234361938,0.7762257724353095,59994.54420180217,0,1,outbound-climb,0.0,1841.2336,10532.0,230.1542,90.0,0.9956804921916612,0.0,0.0,1.140126106961882,90.0,1.5707963267948966,0.015638150371376693,0.0,-0.0007875729574921669,0.0,10366.481835649653,588345.4968966033,33843.66938144374,33189.747070242105,33843.66938144374,0.6997649116797265,12316.91408762859,0.0,-2.411836457714673e-36,583.2581659704127,2.0145911110139477e-19,pseudo_6dof_kinematic_bridge,a320.attitude_response_p6dof.v1,surrogate_policy_overlay,0.0,0,0.6990738272653374,0.015638150371376693,2.3409907592003427e-28,0.019977580853692233,-9.363963036801382e-27,jsbsim-1.3.1-a320-coefficient-surrogate
9.0,1.2746870992006451e-13,2081.7220117476027,10525.011612394568,230.4794404333701,0.7756559062185264,59993.84542157838,0,1,outbound-climb,0.0,2071.3878,10536.0,230.1542,90.0,0.9956804921916612,0.0,0.0,1.118048158288615,90.0,1.5707963267948966,0.016073088500188064,0.0,-0.00038533289643482514,0.0,10345.643490284463,588338.6442035215,33820.7469298548,33401.5758918755,33820.7469298548,0.7039844205668004,12334.99627742613,0.0,-2.4069882669912416e-36,-47.88523475911087,2.0105414492283473e-19,pseudo_6dof_kinematic_bridge,a320.attitude_response_p6dof.v1,surrogate_policy_overlay,0.0,0,0.7040709999135093,0.016073088500188064,2.3409907592003427e-28,0.02002981879286438,-9.363963036801382e-27,jsbsim-1.3.1-a320-coefficient-surrogate
10.0,1.4157960768750325e-13,2312.170460676115,10528.791142646109,230.29801473469792,0.7750883391705903,59993.142447957245,0,1,outbound-climb,0.0,2301.542,10540.0,230.1542,90.0,0.9956804921916612,0.0,0.0,1.114686294256589,90.0,1.5707963267948966,0.016399292096796594,0.0,-5.8675596363228714e-05,0.0,10324.758061102206,588331.7503872599,33797.77172395545,33612.84084813715,33797.77172395545,0.7081926975783968,12352.343325011621,0.0,-2.402129121879584e-36,-333.1249641332284,2.0064826373143969e-19,pseudo_6dof_kinematic_bridge,a320.attitude_response_p6dof.v1,surrogate_policy_overlay,0.0,0,0.7090692934252298,0.016399292096796594,2.3409907592003427e-28,0.020044555822136875,-9.363963036801382e-27,jsbsim-1.3.1-a320-coefficient-surrogate
11.0,1.556793408314278e-13,2542.4365774657285,10532.624033118733,230.1179076463648,0.7745257540389918,59992.435285004096,0,1,outbound-climb,0.0,2531.6962,10544.0,230.1542,90.0,0.9956804921916612,0.0,0.0,1.1214735970501275,90.0,1.5707963267948966,0.01664394479425299,0.0,0.00011846078107705633,0.0,10303.926293712648,588324.8154876854,33774.85453020352,33822.495783270584,33774.85453020352,0.7123689038906117,12369.012696878584,0.0,-2.3972824615694304e-36,-354.0081272130519,2.0024342538729296e-19,pseudo_6dof_kinematic_bridge,a320.attitude_response_p6dof.v1,surrogate_policy_overlay,0.0,0,0.7140418818137886,0.01664394479425299,2.3409907592003427e-28,0.020036183577843068,-9.363963036801382e-27,jsbsim-1.3.1-a320-coefficient-surrogate
12.0,1.697680038564948e-13,2772.521905494611,10536.496144349381,229.93974362096054,0.7739700915580208,59991.72395934511,0,1,outbound-climb,0.0,2761.8504000000003,10548.0,230.1542,90.0,0.9956804921916612,0.0,0.0,1.1307795682848436,90.0,1.5707963267948966,0.016827434317345288,0.0,0.00016241983814167975,0.0,10283.221655543472,588317.8397659117,33752.0758455752,34029.78245424645,33752.0758455752,0.71649793573628,12385.050344196243,0.0,-2.392465378785522e-36,-241.22098336777202,1.9984105763443644e-19,pseudo_6dof_kinematic_bridge,a320.attitude_response_p6dof.v1,surrogate_policy_overlay,0.0,0,0.718969231889064,0.016827434317345288,2.3409907592003427e-28,0.020019621260259288,-9.363963036801382e-27,jsbsim-1.3.1-a320-coefficient-surrogate
13.0,1.8384572628906847e-13,3002.4285600888193,10540.396896811724,229.76396997111945,0.773422737533635,59991.00851400555,0,1,outbound-climb,0.0,2992.0046,10552.0,230.1542,90.0,0.9956804921916612,0.0,0.0,1.1380684303432902,90.0,1.5707963267948966,0.01696505145966451,0.0,0.00012721464164358392,0.0,10262.69722043042,588310.8236438725,33729.49357606996,34234.15786532087,33729.49357606996,0.720568976950966,12400.493512858448,0.0,-2.3876902215369534e-36,-103.62102431025153,1.9944219189393862e-19,pseudo_6dof_kinematic_bridge,a320.attitude_response_p6dof.v1,surrogate_policy_overlay,0.0,0,0.7238372660141095,0.01696505145966451,2.3409907592003427e-28,0.02000486931092537,-9.363963036801382e-27,jsbsim-1.3.1-a320-coefficient-surrogate
14.0,1.979126625298929e-13,3232.159062803861,10544.318378570404,229.59090163789676,0.7728846631155533,59990.28900380144,0,1,outbound-climb,0.0,3222.1588,10556.0,230.1542,90.0,0.9956804921916612,0.0,0.0,1.1418622744835325,90.0,1.5707963267948966,0.017068264316403927,0.0,6.621507155472265e-05,0.0,10242.390827361622,588303.7676591293,33707.14878414722,34435.239790069856,33707.14878414722,0.7245744138030705,12415.372874502187,0.0,-2.3829657933360966e-36,-1.8735866109994683,1.9904756351739076e-19,pseudo_6dof_kinematic_bridge,a320.attitude_response_p6dof.v1,surrogate_policy_overlay,0.0,0,0.7286359843051828,0.017068264316403927,2.3409907592003427e-28,0.019996100347453808,-9.363963036801382e-27,jsbsim-1.3.1-a320-coefficient-surrogate
15.0,2.1196898431947494e-13,3461.7162183750615,10548.25467644559,229.42075475126956,0.7723565299623991,59989.56549189595,0,1,outbound-climb,0.0,3452.313,10560.0,230.1542,90.0,0.9956804921916612,0.0,0.0,1.1426633107210862,90.0,1.5707963267948966,0.01714567395895849,0.0,1.3980719773099004e-05,0.0,10222.328945143541,588296.6724311013,33685.069988598756,34632.76594417598,33685.069988598756,0.7285090217391086,12429.714132779423,0.0,-2.3782982523408913e-36,47.44113166015368,1.9865768689167028e-19,pseudo_6dof_kinematic_bridge,a320.attitude_response_p6dof.v1,surrogate_policy_overlay,0.0,0,0.7333584316860261,0.01714567395895849,2.3409907592003427e-28,0.019993243124532985,-9.363963036801382e-27,jsbsim-1.3.1-a320-coefficient-surrogate
16.0,2.260148751416361e-13,3691.1030233206257,10552.20137475024,229.25367178599572,0.7718387690789045,59988.838047229074,0,1,outbound-climb,0.0,3682.4672,10564.0,230.1542,90.0,0.9956804921916612,0.0,0.0,1.1417501066029971,90.0,1.5707963267948966,0.017203731190874413,0.0,-1.5938418603421344e-05,0.0,10202.529567040343,588289.538635859,33663.276380150746,34826.563397828686,33663.276380150746,0.7323693560962298,12443.539228826747,0.0,-2.3736917848134848e-36,54.5759710165443,1.9827291169249775e-19,pseudo_6dof_kinematic_bridge,a320.attitude_response_p6dof.v1,surrogate_policy_overlay,0.0,0,0.7379999236760566,0.017203731190874413,2.3409907592003427e-28,0.0199942140410224,-9.363963036801382e-27,jsbsim-1.3.1-a320-coefficient-surrogate
17.0,2.4005052606836997e-13,3920.3225980830152,10556.155179640513,229.08974041520383,0.7713316399090717,59988.106742601536,0,1,outbound-climb,0.0,3912.6214,10568.0,230.1542,90.0,0.9956804921916612,0.0,0.0,1.1403306445418042,90.0,1.5707963267948966,0.017247274114811355,0.0,-2.4774286574964534e-05,0.0,10183.004378459675,588282.3669873334,33641.780225384085,35016.52566567402,33641.780225384085,0.7361532957471302,12456.867243151406,0.0,-2.369149109447898e-36,39.0616043791624,1.978934650105944e-19,pseudo_6dof_kinematic_bridge,a320.attitude_response_p6dof.v1,surrogate_policy_overlay,0.0,0,0.7425574662369978,0.017247274114811355,2.3409907592003427e-28,0.019996685880045734,-9.363963036801382e-27,jsbsim-1.3.1-a320-coefficient-surrogate
18.0,2.5407613267846473e-13,4149.378136706232,10560.113637614702,228.92900763835348,0.7708352746229131,59987.37165324892,0,1,outbound-climb,0.0,4142.7756,10572.0,230.1542,90.0,0.9956804921916612,0.0,0.0,1.1391602588491345,90.0,1.5707963267948966,0.017279931307764063,0.0,-2.0427083855317952e-05,0.0,10163.76037994083,588275.1582233335,33620.58866329187,35202.59555148665,33620.58866329187,0.7398597013757374,12469.715068966769,0.0,-2.36467185496988e-36,18.093683208495207,1.9751948289234958e-19,pseudo_6dof_kinematic_bridge,a320.attitude_response_p6dof.v1,surrogate_policy_overlay,0.0,0,0.7470293211343787,0.017279931307764063,2.3409907592003427e-28,0.019999021257690597,-9.363963036801382e-27,jsbsim-1.3.1-a320-coefficient-surrogate
19.0,2.6809189277712135e-13,4378.272869594359,10564.07492457155,228.7714903658814,0.7703497112997324,59986.632855783006,0,1,outbound-climb,0.0,4372.9298,10576.0,230.1542,90.0,0.9956804921916612,0.0,0.0,1.1385151635201485,90.0,1.5707963267948966,0.01730442420247859,0.0,-1.1259037480043857e-05,0.0,10144.80110205959,588267.9130951643,33599.70504750507,35384.75230531481,33599.70504750507,0.7434881596548882,12482.097914236547,0.0,-2.3602608427932445e-36,1.7883986105849932,1.971510339499182e-19,pseudo_6dof_kinematic_bridge,a320.attitude_response_p6dof.v1,surrogate_policy_overlay,0.0,0,0.7514146803936577,0.01730442420247859,2.3409907592003427e-28,0.020000481536290235,-9.363963036801382e-27,jsbsim-1.3.1-a320-coefficient-surrogate
20.0,2.8209800471362777e-13,4607.010036037092,10568.037687745898,228.6171833471173,0.7698749187849752,59985.89042740801,0,1,outbound-climb,0.0,4603.084,10580.0,230.1542,90.0,0.9956804921916612,0.0,0.0,1.1383458406131122,90.0,1.5707963267948966,0.01732279387351449,0.0,-2.9552422268307375e-06,0.0,10126.127514629668,588260.6323599408,33579.12994873969,35563.00201176308,33579.12994873969,0.7470387917864236,12494.029675771642,0.0,-2.3559162985521185e-36,-6.632066181550552,1.9678813703037032e-19,pseudo_6dof_kinematic_bridge,a320.attitude_response_p6dof.v1,surrogate_policy_overlay,0.0,0,0.755713422534697,0.01732279387351449,2.3409907592003427e-28,0.020001015537433626,-9.363963036801382e-27,jsbsim-1.3.1-a320-coefficient-surrogate
21.0,2.9609466614581523e-13,4835.592864031783,10572.000927269142,228.4660651062768,0.7694108153032663,59985.14444534273,0,1,outbound-climb,0.0,4833.2382,10584.0,230.1542,90.0,0.9956804921916612,0.0,0.0,1.1384635870763846,90.0,1.5707963267948966,0.017336571126791413,0.0,2.0550634666797357e-06,0.0,10107.738706913093,588253.3167749203,33558.86190318075,35737.37039891972,33558.86190318075,0.7505121102591361,12505.523217995804,0.0,-2.3516380103567714e-36,-8.36048750820844,1.9643077443469627e-19,pseudo_6dof_kinematic_bridge,a320.attitude_response_p6dof.v1,surrogate_policy_overlay,0.0,0,0.7599259301012474,0.017336571126791413,2.3409907592003427e-28,0.020000919805001644,-9.363963036801382e-27,jsbsim-1.3.1-a320-coefficient-surrogate
22.0,3.100820731383743e-13,5064.024555557824,10575.963907422656,228.31810238502788,0.7689572823894775,59984.39498639663,0,1,outbound-climb,0.0,5063.3924,10588.0,230.1542,90.0,0.9956804921916612,0.0,0.0,1.1386783080634704,90.0,1.5707963267948966,0.017346904066749103,0.0,3.7475881977821424e-06,0.0,10089.632396312614,588245.9670933465,33538.89797092136,35907.89746056974,33538.89797092136,0.7539089117263329,12516.590580815631,0.0,-2.347425447144558e-36,-6.288007077659746,1.96078901803583e-19,pseudo_6dof_kinematic_bridge,a320.attitude_response_p6dof.v1,surrogate_policy_overlay,0.0,0,0.7640529531284597,0.017346904066749103,2.3409907592003427e-28,0.02000055498769657,-9.363963036801382e-27,jsbsim-1.3.1-a320-coefficient-surrogate
23.0,3.240604195106466e-13,5292.308275925273,10579.926090141364,228.1732534654193,0.7685141753091187,59983.64212666124,0,1,outbound-climb,0.0,5293.5466,10592.0,230.1542,90.0,0.9956804921916612,0.0,0.0,1.1388651402131305,90.0,1.5707963267948966,0.01735465377171737,0.0,3.2608361601473774e-06,0.0,10071.805308601764,588238.5840614225,33519.234152409335,36074.63343662632,33519.234152409335,0.7572301969383297,12527.243134842385,0.0,-2.343277847143172e-36,-3.115762435411686,1.9573245550669141e-19,pseudo_6dof_kinematic_bridge,a320.attitude_response_p6dof.v1,surrogate_policy_overlay,0.0,0,0.768095507036241,0.01735465377171737,2.3409907592003427e-28,0.020000187479651505,-9.363963036801382e-27,jsbsim-1.3.1-a320-coefficient-surrogate
24.0,3.3802989637078406e-13,5520.447146167101,10583.887085190176,228.03147065344268,0.7680813308464501,59982.885941287626,0,1,outbound-climb,0.0,5523.7008000000005,10596.0,230.1542,90.0,0.9956804921916612,0.0,0.0,1.1389738172422772,90.0,1.5707963267948966,0.017360466050443574,0.0,1.8967719798987256e-06,0.0,10054.253461945365,588231.1684161283,33499.86569875838,36237.63581085523,33499.86569875838,0.76047711093884,12537.491697556332,0.0,-2.33919428395006e-36,-0.517402663110994,1.9539135816222628e-19,pseudo_6dof_kinematic_bridge,a320.attitude_response_p6dof.v1,surrogate_policy_overlay,0.0,0,0.7720547963193496,0.017360466050443574,2.3409907592003427e-28,0.019999946082840198,-9.363963036801382e-27,jsbsim-1.3.1-a320-coefficient-surrogate
25.0,3.5199069178905243e-13,5748.444237703836,10587.846612833951,227.89270213338355,0.767658573119059,59982.12650432833,0,1,outbound-climb,0.0,5753.8550000000005,10600.0,230.1542,90.0,0.9956804921916612,0.0,0.0,1.1390073051101401,90.0,1.5707963267948966,0.017364825259488226,0.0,5.844735536814325e-07,0.0,10036.972378870265,588223.7208836714,33480.78734273379,36396.96707049365,33480.78734273379,0.7636508984378637,12547.346620518001,0.0,-2.3351737158489333e-36,0.9053185178109783,1.9505552275631193e-19,pseudo_6dof_kinematic_bridge,a320.attitude_response_p6dof.v1,surrogate_policy_overlay,0.0,0,0.7759321575665062,0.017364825259488226,2.3409907592003427e-28,0.019999848903649014,-9.363963036801382e-27,jsbsim-1.3.1-a320-coefficient-surrogate
26.0,3.6594299057492827e-13,5976.302568703271,10591.80447586932,227.7568933505333,0.7672457179129145,59981.36388862727,0,1,outbound-climb,0.0,5984.0092,10604.0,230.1542,90.0,0.9956804921916612,0.0,0.0,1.1389930930530612,90.0,1.5707963267948966,0.017368094666271715,0.0,-2.4804718951203837e-07,0.0,10019.957244282987,588216.2421784067,33461.99347045616,36552.69303645059,33461.99347045616,0.7667528705502361,12556.81785512621,0.0,-2.3312150225737094e-36,1.2721431423970369,1.9472485571386022e-19,pseudo_6dof_kinematic_bridge,a320.attitude_response_p6dof.v1,surrogate_policy_overlay,0.0,0,0.7797290169612318,0.017368094666271715,2.3409907592003427e-28,0.01999985463770177,-9.363963036801382e-27,jsbsim-1.3.1-a320-coefficient-surrogate
27.0,3.798869741315175e-13,6204.02510170295,10595.760538671682,227.6239880404139,0.7668425759083761,59980.59816574552,0,1,outbound-climb,0.0,6214.1634,10608.0,230.1542,90.0,0.9956804921916612,0.0,0.0,1.138960911878464,90.0,1.5707963267948966,0.01737054672135933,0.0,-5.616674538812478e-07,0.0,10003.203023089498,588208.7330021083,33443.47824880795,36704.88162077819,33443.47824880795,0.7697843800451665,12565.915002483729,0.0,-2.3273170326735957e-36,1.0065063644562953,1.943992591843579e-19,pseudo_6dof_kinematic_bridge,a320.attitude_response_p6dof.v1,surrogate_policy_overlay,0.0,0,0.7834468586315373,0.01737054672135933,2.3409907592003427e-28,0.019999907782306658,-9.363963036801382e-27,jsbsim-1.3.1-a320-coefficient-surrogate
28.0,3.9382282036747227e-13,6431.614742171655,10599.714711499002,227.4939289931038,0.7664489550749851,59979.82940591376,0,1,outbound-climb,0.0,6444.3176,10612.0,230.1542,90.0,0.9956804921916612,0.0,0.0,1.1389312616679852,90.0,1.5707963267948966,0.017372385762675042,0.0,-5.17493796766743e-07,0.0,9986.704547570229,588201.1940435042,33425.23571974473,36853.60190406718,33425.23571974473,0.7727468029684836,12574.6473514893,0.0,-2.3234785438415173e-36,0.5303357996552789,1.9407863273988665e-19,pseudo_6dof_kinematic_bridge,a320.attitude_response_p6dof.v1,surrogate_policy_overlay,0.0,0,0.7870872011259579,0.017372385762675042,2.3409907592003427e-28,0.019999965260513543,-9.363963036801382e-27,jsbsim-1.3.1-a320-coefficient-surrogate
29.0,4.0775070365155853e-13,6659.074337767437,10603.666938734728,227.36665861908625,0.7660646624433854,59979.05767800456,0,1,outbound-climb,0.0,6674.4718,10616.0,230.1542,90.0,0.9956804921916612,0.0,0.0,1.1389131050599157,90.0,1.5707963267948966,0.017373765043661827,0.0,-3.168925918062841e-07,0.0,9970.456582115225,588193.6259780035,33407.25986988508,36998.923452358955,33407.25986988508,0.7756415250359164,12583.023908204974,0.0,-2.3196983379752122e-36,0.11853941320536668,1.9376287463316675e-19,pseudo_6dof_kinematic_bridge,a320.attitude_response_p6dof.v1,surrogate_policy_overlay,0.0,0,0.790651579975695,0.017373765043661827,2.3409907592003427e-28,0.020000004893071,-9.363963036801382e-27,jsbsim-1.3.1-a320-coefficient-surrogate
30.0,4.216707947987548e-13,6886.406678110596,10607.6171900825,227.24211936642553,0.7656895054106176,59978.28304951932,0,1,outbound-climb,0.0,6904.626,10620.0,230.1542,90.0,0.9956804921916612,0.0,0.0,1.1389067596718,90.0,1.5707963267948966,0.017374799504401916,0.0,-1.107479149324381e-07,0.0,9954.453871015685,588186.0294675686,33389.54468163944,37140.915813341126,33389.54468163944,0.7784699315975967,12591.053418753494,0.0,-2.3159751922962788e-36,-0.11964879030539152,1.934518827263234e-19,pseudo_6dof_kinematic_bridge,a320.attitude_response_p6dof.v1,surrogate_policy_overlay,0.0,0,0.7941415348138746,0.017374799504401916,2.3409907592003427e-28,0.020000022220430146,-9.363963036801382e-27,jsbsim-1.3.1-a320-coefficient-surrogate
31.0,4.355832610795565e-13,7113.6144949356285,10611.565453972771,227.12025402660967,0.7653232926959492,59977.5055865861,0,1,outbound-climb,0.0,7134.7802,10624.0,230.1542,90.0,0.9956804921916612,0.0,0.0,1.1389082834038091,90.0,1.5707963267948966,0.01737557534995698,0.0,2.6594140476926624e-08,0.0,9938.6911735783,588178.4051606946,33372.084170557006,37279.64814671119,33372.084170557006,0.7812334002751151,12598.744387413288,0.0,-2.3123078875197754e-36,-0.19215310613712372,1.9314555517328843e-19,pseudo_6dof_kinematic_bridge,a320.attitude_response_p6dof.v1,surrogate_policy_overlay,0.0,0,0.7975585999062026,0.01737557534995698,2.3409907592003427e-28,0.020000022834476265,-9.363963036801382e-27,jsbsim-1.3.1-a320-coefficient-surrogate
32.0,4.494882662462528e-13,7340.7004625203635,10615.511732626925,227.0010059570563,0.7649658350351001,59976.725353965405,0,1,outbound-climb,0.0,7364.9344,10628.0,230.1542,90.0,0.9956804921916612,0.0,0.0,1.1389130560863816,90.0,1.5707963267948966,0.01737615723412328,0.0,8.329902504153592e-08,0.0,9923.163289757977,588170.7536924648,33354.87241238894,37415.18895491396,33354.87241238894,0.7839332955979649,12606.105091143152,0.0,-2.308695213817862e-36,-0.1602180638329351,1.92843790917939e-19,pseudo_6dof_kinematic_bridge,a320.attitude_response_p6dof.v1,surrogate_policy_overlay,0.0,0,0.8009042972344694,0.01737615723412328,2.3409907592003427e-28,0.02000001521326281,-9.363963036801382e-27,jsbsim-1.3.1-a320-coefficient-surrogate
33.0,4.633859705715116e-13,7567.667198316102,10619.456038363403,226.88431924127207,0.7646169456787448,59975.9424150618,0,1,outbound-climb,0.0,7595.0886,10632.0,230.1542,90.0,0.9956804921916612,0.0,0.0,1.138917733735266,90.0,1.5707963267948966,0.017376593647248004,0.0,8.164037428456669e-08,0.0,9907.865078702423,588163.0756846658,33337.90356248266,37547.60588893643,33337.90356248266,0.786570965135087,12613.143591446998,0.0,-2.3051359751343277e-36,-0.08937052032493571,1.9254649005448748e-19,pseudo_6dof_kinematic_bridge,a320.attitude_response_p6dof.v1,surrogate_policy_overlay,0.0,0,0.8041801314895116,0.017376593647248004,2.3409907592003427e-28,0.020000006281145424,-9.363963036801382e-27,jsbsim-1.3.1-a320-coefficient-surrogate
34.0,4.772765308957843e-13,7794.517263721799,10623.398390834534,226.77013880240122,0.7642764407446906,59975.15683193972,0,1,outbound-climb,0.0,7825.2428,10636.0,230.1542,90.0,0.9956804921916612,0.0,0.0,1.1389207441830336,90.0,1.5707963267948966,0.01737692095709155,0.0,5.2542225502820864e-08,0.0,9892.7914720011,588155.3717459416,33321.17186946154,37676.96561019913,33321.17186946154,0.7891477367438251,12619.86774425127,0.0,-2.3016289922670565e-36,-0.024466113736770097,1.9225355408495752e-19,pseudo_6dof_kinematic_bridge,a320.attitude_response_p6dof.v1,surrogate_policy_overlay,0.0,0,0.8073875864915944,0.01737692095709155,2.3409907592003427e-28,0.01999999981626151,-9.363963036801382e-27,jsbsim-1.3.1-a320-coefficient-surrogate
35.0,4.91160100680924e-13,8021.253164959707,10627.338814960725,226.65841048196057,0.7639441394607686,59974.3686653423,0,1,outbound-climb,0.0,8055.397,10640.0,230.1542,90.0,0.9956804921916612,0.0,0.0,1.1389219107523723,90.0,1.5707963267948966,0.017377166439474206,0.0,2.0360475912701672e-08,0.0,9877.937482981151,588147.642471979,33304.6716846511,37803.33369433912,33304.6716846511,0.7916649166533373,12626.285208291483,0.0,-2.2981731050307907e-36,0.01508641162152561,1.9196488609983863e-19,pseudo_6dof_kinematic_bridge,a320.attitude_response_p6dof.v1,surrogate_policy_overlay,0.0,0,0.8105281226769905,0.017377166439474206,2.3409907592003427e-28,0.019999996776809425,-9.363963036801382e-27,jsbsim-1.3.1-a320-coefficient-surrogate
36.0,5.050368300680693e-13,8247.877354020697,10631.27733938719,226.54908109260282,0.7636198643262084,59973.577974712316,0,1,outbound-climb,0.0,8285.5512,10644.0,230.1542,90.0,0.9956804921916612,0.0,0.0,1.1389217878493612,90.0,1.5707963267948966,0.0173773505512612,0.0,-2.1450622070238854e-09,0.0,9863.298213055696,588139.8884457126,33288.397468343275,37926.7745662472,33288.397468343275,0.7941237881705746,12632.403452374958,0.0,-2.2947671737341067e-36,0.028787936010887628,1.9168039090145667e-19,pseudo_6dof_kinematic_bridge,a320.attitude_response_p6dof.v1,surrogate_policy_overlay,0.0,0,0.8136031753801711,0.0173773505512612,2.3409907592003427e-28,0.019999996435241335,-9.363963036801382e-27,jsbsim-1.3.1-a320-coefficient-surrogate
37.0,5.189068659383435e-13,8474.39222965555,10635.213995332191,226.44209845153875,0.763303441212312,59972.784818214575,0,1,outbound-climb,0.0,8515.7054,10648.0,230.1542,90.0,0.9956804921916612,0.0,0.0,1.138921088605999,90.0,1.5707963267948966,0.017377488635101444,0.0,-1.2204098939149171e-08,0.0,9848.868855877337,588132.1102375439,33272.34379371496,38047.351458387544,33272.34379371496,0.7965256108500326,12638.2297617906,0.0,-2.2914100801457625e-36,0.02536357805583107,1.9139997508469235e-19,pseudo_6dof_kinematic_bridge,a320.attitude_response_p6dof.v1,surrogate_policy_overlay,0.0,0,0.8166141537087953,0.017377488635101444,2.3409907592003427e-28,0.019999997507067834,-9.363963036801382e-27,jsbsim-1.3.1-a320-coefficient-surrogate
38.0,5.327703519752889e-13,8700.800138394588,10639.148815728584,226.33741139958386,0.7629946994180297,59971.98925275922,0,1,outbound-climb,0.0,8745.8596,10652.0,230.1542,90.0,0.9956804921916612,0.0,0.0,1.1389203551236342,90.0,1.5707963267948966,0.01737759219798163,0.0,-1.2801682271452183e-08,0.0,9834.644699860673,588124.3084055712,33256.50534901034,38165.12638643365,33256.50534901034,0.7988716200084327,12643.771244066003,0.0,-2.288100728081571e-36,0.01492847403722886,1.9112354708600238e-19,pseudo_6dof_kinematic_bridge,a320.attitude_response_p6dof.v1,surrogate_policy_overlay,0.0,0,0.8195624398596824,0.01737759219798163,2.3409907592003427e-28,0.01999999888575722,-9.363963036801382e-27,jsbsim-1.3.1-a320-coefficient-surrogate
39.0,5.466274287282334e-13,8927.103375582523,10643.0818345851,226.23496980955312,0.7626934716921343,59971.19133402562,0,1,outbound-climb,0.0,8976.0138,10656.0,230.1542,90.0,0.9956804921916612,0.0,0.0,1.1389198594804346,90.0,1.5707963267948966,0.017377669870141766,0.0,-8.650605750759277e-09,0.0,9820.621129495845,588116.4834958224,33240.8769384426,38280.16013774928,33240.8769384426,0.8011630264952694,12649.034834219994,0.0,-2.284838043710012e-36,0.004755805352434474,1.9085101720894698e-19,pseudo_6dof_kinematic_bridge,a320.attitude_response_p6dof.v1,surrogate_policy_overlay,0.0,0,0.8224493887619666,0.017377669870141766,2.3409907592003427e-28,0.019999999933795136,-9.363963036801382e-27,jsbsim-1.3.1-a320-coefficient-surrogate
40.0,5.60478233675996e-13,9153.304186418856,10647.01308651221,226.13472458679234,0.762399594230753,59970.39111648657,0,1,outbound-climb,0.0,9206.168,10660.0,230.1542,90.0,0.9956804921916612,0.0,0.0,1.13891964982301,90.0,1.5707963267948966,0.01737772812426187,0.0,-3.6592123611425957e-09,0.0,9806.793625768958,588108.6360424929,33225.45348215505,38392.51226936725,33225.45348215505,0.8034010166525495,12654.027299620153,0.0,-2.2816209756500455e-36,-0.0017636185738020645,1.9058229763236025e-19,pseudo_6dof_kinematic_bridge,a320.attitude_response_p6dof.v1,surrogate_policy_overlay,0.0,0,0.8252763279622611,0.01737772812426187,2.3409907592003427e-28,0.020000000459800535,-9.363963036801382e-27,jsbsim-1.3.1-a320-coefficient-surrogate
41.0,5.743229012904945e-13,9379.404766996664,10650.942606371236,226.0366276639354,0.7621129066568213,59969.58865343253,0,1,outbound-climb,0.0,9436.3222,10664.0,230.1542,90.0,0.9956804921916612,0.0,0.0,1.1389196501199979,90.0,1.5707963267948966,0.017377771814851947,0.0,5.183417410087277e-12,0.0,9793.157765925902,588100.7665681842,33210.23001549594,38502.241112959346,33210.23001549594,0.8055867524137883,12658.755244526357,0.0,-2.2784484949161602e-36,-0.00427329244289163,1.9031730240576004e-19,pseudo_6dof_kinematic_bridge,a320.attitude_response_p6dof.v1,surrogate_policy_overlay,0.0,0,0.8280445576880167,0.017377771814851947,2.3409907592003427e-28,0.020000000552881786,-9.363963036801382e-27,jsbsim-1.3.1-a320-coefficient-surrogate
42.0,5.881615630999332e-13,9605.407265334532,10654.870429015758,225.94063199145,0.7618332519863735,59968.78399699586,0,1,outbound-climb,0.0,9666.4764,10668.0,230.1542,90.0,0.9956804921916612,0.0,0.0,1.138919751092148,90.0,1.5707963267948966,0.017377804582794504,0.0,1.7622964735006697e-09,0.0,9779.709222756264,588092.8755841395,33195.20168779615,38609.40378492278,33195.20168779615,0.8077213715049283,12663.225114380897,0.0,-2.275319594751773e-36,-0.00399295333940336,1.9005594743543183e-19,pseudo_6dof_kinematic_bridge,a320.attitude_response_p6dof.v1,surrogate_policy_overlay,0.0,0,0.83075535104138,0.017377804582794504,2.3409907592003427e-28,0.020000000405891283,-9.363963036801382e-27,jsbsim-1.3.1-a320-coefficient-surrogate
43.0,6.019943477513383e-13,9831.313782397836,10658.796589102072,225.8466915251447,0.761560476585347,59967.97719817482,0,1,outbound-climb,0.0,9896.6306,10672.0,230.1542,90.0,0.9956804921916612,0.0,0.0,1.1389198653846975,90.0,1.5707963267948966,0.017377829158751423,0.0,1.994781296815998e-09,0.0,9766.443763529729,588084.9635904811,33180.36376079154,38714.05620017622,33180.36376079154,0.8098059877191461,12667.443199889698,0.0,-2.2722332903817736e-36,-0.0024740281755960933,1.8979815046375921e-19,pseudo_6dof_kinematic_bridge,a320.attitude_response_p6dof.v1,surrogate_policy_overlay,0.0,0,0.833409954287749,0.017377829158751423,2.3409907592003427e-28,0.020000000194623044,-9.363963036801382e-27,jsbsim-1.3.1-a320-coefficient-surrogate
44.0,6.158213810722732e-13,10057.126373106632,10662.721120951346,225.75476121150962,0.7612944301196517,59967.168306857384,0,1,outbound-climb,0.0,10126.7848,10676.0,230.1542,90.0,0.9956804921916612,0.0,0.0,1.1389199464496214,90.0,1.5707963267948966,0.01737784759071911,0.0,1.4148498285358413e-09,0.0,9753.357248683638,588077.0310764429,33165.7116067949,38816.25308861866,33165.7116067949,0.8118416912447054,12671.41564092831,0.0,-2.2691886187071765e-36,-0.0008887976083849074,1.8954383104371815e-19,pseudo_6dof_kinematic_bridge,a320.attitude_response_p6dof.v1,surrogate_policy_overlay,0.0,0,0.8360095872123989,0.01737784759071911,2.3409907592003427e-28,0.020000000025741146,-9.363963036801382e-27,jsbsim-1.3.1-a320-coefficient-surrogate
45.0,6.296427861316152e-13,10282.84704732821,10666.644058450403,225.66479697154745,0.7610349655005598,59966.35737184468,0,1,outbound-climb,0.0,10356.939,10680.0,230.1542,90.0,0.9956804921916612,0.0,0.0,1.138919983462778,90.0,1.5707963267948966,0.017377861414694877,0.0,6.460014502021851e-10,0.0,9740.445630335611,588069.0785206007,33151.24070669631,38916.048013462816,33151.24070669631,0.8138295490301467,12675.148430297733,0.0,-2.266184637959072e-36,0.0001784665440016174,1.8929291050997174e-19,pseudo_6dof_kinematic_bridge,a320.attitude_response_p6dof.v1,surrogate_policy_overlay,0.0,0,0.8385554435251349,0.017377861414694877,2.3409907592003427e-28,0.01999999993575042,-9.363963036801382e-27,jsbsim-1.3.1-a320-coefficient-surrogate
46.0,6.434586832993108e-13,10508.477770852982,10670.565434981389,225.57675568358115,0.7607819388269506,59965.544440874124,0,1,outbound-climb,0.0,10587.0932,10684.0,230.1542,90.0,0.9956804921916612,0.0,0.0,1.1389199864998587,90.0,1.5707963267948966,0.017377871782676704,0.0,5.300705918216109e-11,0.0,9727.704950676194,588061.1063910982,33136.94664784988,39013.49339085872,33136.94664784988,0.8157706051751783,12678.647417348926,0.0,-2.2632204273246623e-36,0.0006276203107562774,1.8904531194763334e-19,pseudo_6dof_kinematic_bridge,a320.attitude_response_p6dof.v1,surrogate_policy_overlay,0.0,0,0.8410486912981237,0.017377871782676704,2.3409907592003427e-28,0.019999999914824238,-9.363963036801382e-27,jsbsim-1.3.1-a320-coefficient-surrogate
47.0,6.572691903050558e-13,10734.020466352786,10674.485283372982,225.49059516540387,0.7605352093255527,59964.72956064216,0,1,outbound-climb,0.0,10817.2474,10688.0,230.1542,90.0,0.9956804921916612,0.0,0.0,1.1389199721755685,90.0,1.5707963267948966,0.017377879558663073,0.0,-2.500060294968866e-10,0.0,9715.13134028261,588053.1151458714,33122.825121890404,39108.640510367746,33122.825121890404,0.8176658813385072,12681.918311490554,0.0,-2.2602950865549466e-36,0.0006250479429662358,1.8880096015949673e-19,pseudo_6dof_kinematic_bridge,a320.attitude_response_p6dof.v1,surrogate_policy_overlay,0.0,0,0.8434904734257344,0.017377879558663073,2.3409907592003427e-28,0.019999999934303448,-9.363963036801382e-27,jsbsim-1.3.1-a320-coefficient-surrogate
48.0,6.710744222958644e-13,10959.47701432107,10678.403635867688,225.40627415604035,0.7602946392900369,59963.912776826575,0,1,outbound-climb,0.0,11047.401600000001,10692.0,230.1542,90.0,0.9956804921916612,0.0,0.0,1.138919954483574,90.0,1.5707963267948966,0.01737788539065285,0.0,-3.087835550768622e-10,0.0,9702.721016384057,588045.1052328662,33108.87192251174,39201.53955596214,33108.87192251174,0.8195163771561378,12684.966685590756,0.0,-2.2574077355611268e-36,0.00040705986916414716,1.885597816323242e-19,pseudo_6dof_kinematic_bridge,a320.attitude_response_p6dof.v1,surrogate_policy_overlay,0.0,0,0.8458819080981523,0.01737788539065285,2.3409907592003427e-28,0.019999999966424455,-9.363963036801382e-27,jsbsim-1.3.1-a320-coefficient-surrogate
49.0,6.848744918925089e-13,11184.849253994627,10682.320524101084,225.32375229732182,0.7600600940195862,59963.09413410844,0,1,outbound-climb,0.0,11277.5558,10696.0,230.1542,90.0,0.9956804921916612,0.0,0.0,1.1389199413083062,90.0,1.5707963267948966,0.01737788976464518,0.0,-2.2995180187102027e-10,0.0,9690.470281101152,588037.0770902545,33095.082943230576,39292.239627306495,33095.082943230576,0.821323070665287,12687.797979281764,0.0,-2.2545575140050043e-36,0.00016150996587530134,1.883217045026325e-19,pseudo_6dof_kinematic_bridge,a320.attitude_response_p6dof.v1,surrogate_policy_overlay,0.0,0,0.8482240892825879,0.01737788976464518,2.3409907592003427e-28,0.01999999999347824,-9.363963036801382e-27,jsbsim-1.3.1-a320-coefficient-surrogate
50.0,6.986695092448223e-13,11410.138984256739,10686.235979089955,225.2429901154222,0.7598314417574136,59962.27367619362,0,1,outbound-climb,0.0,11507.710000000001,10700.0,230.1542,90.0,0.9956804921916612,0.0,0.0,1.1389199348684935,90.0,1.5707963267948966,0.017377893045139432,0.0,-1.1239593610461315e-10,0.0,9678.375519676309,588029.0311466441,33081.454175153,39380.78876114136,33081.454175153,0.8230869187303325,12690.417502173928,0.0,-2.2517435808872624e-36,-1.20888302667188e-05,1.8808665852230257e-19,pseudo_6dof_kinematic_bridge,a320.attitude_response_p6dof.v1,surrogate_policy_overlay,0.0,0,0.8505180872075355,0.017377893045139432,2.3409907592003427e-28,0.020000000008721115,-9.363963036801382e-27,jsbsim-1.3.1-a320-coefficient-surrogate
51.0,7.124595820858613e-13,11635.347964521747,10690.150031227004,225.16394900246567,0.7596085536295684,59961.45144583383,0,1,outbound-climb,0.0,11737.8642,10704.0,230.1542,90.0,0.9956804921916612,0.0,0.0,1.1389199338941676,90.0,1.5707963267948966,0.017377895505510117,0.0,-1.7005195949938726e-11,0.0,9666.433198707331,588020.9678212863,33067.98170475638,39467.23395263511,33067.98170475638,0.8248088574681307,12692.830436984565,0.0,-2.248965114136503e-36,-9.103228817010672e-05,1.8785457502425178e-19,pseudo_6dof_kinematic_bridge,a320.attitude_response_p6dof.v1,surrogate_policy_overlay,0.0,0,0.8527649488467066,0.017377895505510117,2.3409907592003427e-28,0.020000000013010555,-9.363963036801382e-27,jsbsim-1.3.1-a320-coefficient-surrogate
52.0,7.262448157849403e-13,11860.47791560114,10694.062710280412,225.08659119828474,0.7593913035842818,59960.627484847355,0,1,outbound-climb,0.0,11968.0184,10708.0,230.1542,90.0,0.9956804921916612,0.0,0.0,1.1389199358810416,90.0,1.5707963267948966,0.01737789735078813,0.0,3.467749388999341e-11,0.0,9654.639864393179,588012.8875242784,33054.66171169581,39551.62117660663,33054.66171169581,0.8264898026707603,12695.041842585968,0.0,-2.2462213102011043e-36,-9.727035327767837e-05,1.8762538688834242e-19,pseudo_6dof_kinematic_bridge,a320.attitude_response_p6dof.v1,surrogate_policy_overlay,0.0,0,0.8549656984001799,0.01737789735078813,2.3409907592003427e-28,0.020000000010555342,-9.363963036801382e-27,jsbsim-1.3.1-a320-coefficient-surrogate
53.0,7.40025313399542e-13,12085.530520551336,10697.974045396964,225.01087977238757,0.7591795683320335,59959.80183413924,0,1,outbound-climb,0.0,12198.1726,10712.0,230.1542,90.0,0.9956804921916612,0.0,0.0,1.1389199386005087,90.0,1.5707963267948966,0.01737789873474664,0.0,4.746365392775275e-11,0.0,9642.992140798548,588004.7906567616,33041.4904666416,39633.99540854651,33041.4904666416,0.828130650224252,12697.056656976449,0.0,-2.2435113836454714e-36,-6.652600701712246e-05,1.8739902850765636e-19,pseudo_6dof_kinematic_bridge,a320.attitude_response_p6dof.v1,surrogate_policy_overlay,0.0,0,0.8571213377709541,0.01737789873474664,2.3409907592003427e-28,0.020000000005713833,-9.363963036801382e-27,jsbsim-1.3.1-a320-coefficient-surrogate
54.0,7.538011757261225e-13,12310.507425503389,10701.884065107764,224.93677860617584,0.7589732272864694,59958.97453372115,0,1,outbound-climb,0.0,12428.3268,10716.0,230.1542,90.0,0.9956804921916612,0.0,0.0,1.138919940728872,90.0,1.5707963267948966,0.017377899772715526,0.0,3.714694384060054e-11,0.0,9631.486728141868,587996.6776111166,33028.46432915244,39714.40064538439,33028.46432915244,0.8297322765222631,12698.879700177065,0.0,-2.24083456675172e-36,-2.873134187978325e-05,1.8717543575522436e-19,pseudo_6dof_kinematic_bridge,a320.attitude_response_p6dof.v1,surrogate_policy_overlay,0.0,0,0.8592328470356028,0.017377899772715526,2.3409907592003427e-28,0.020000000001405293,-9.363963036801382e-27,jsbsim-1.3.1-a320-coefficient-surrogate
55.0,7.675725013498247e-13,12535.410240474863,10705.792797335818,224.86425237544194,0.7587721625062608,59958.145622730786,0,1,outbound-climb,0.0,12658.481,10720.0,230.1542,90.0,0.9956804921916612,0.0,0.0,1.1389199418356726,90.0,1.5707963267948966,0.01737790055119219,0.0,1.9317315314860557e-11,0.0,9620.120401110093,587988.5487711529,33015.579745587296,39792.87992596609,33015.579745587296,0.8312955388739688,12700.515677057163,0.0,-2.2381901091276044e-36,-6.661834757232929e-07,1.8695454595127615e-19,pseudo_6dof_kinematic_bridge,a320.attitude_response_p6dof.v1,surrogate_policy_overlay,0.0,0,0.8613011849081174,0.01737790055119219,2.3409907592003427e-28,0.019999999998846208,-9.363963036801382e-27,jsbsim-1.3.1-a320-coefficient-surrogate
56.0,7.813393866931189e-13,12760.240540164195,10709.700269404952,224.79326653316642,0.7585762586379664,59957.31513945089,0,1,outbound-climb,0.0,12888.6352,10724.0,230.1542,90.0,0.9956804921916612,0.0,0.0,1.1389199420684322,90.0,1.5707963267948966,0.017377901135049688,0.0,4.06242438484885e-12,0.0,9608.890007202524,587980.4045122961,33002.83324705826,39869.47535121295,33002.83324705826,0.8328212759056257,12701.969180090739,0.0,-2.235577277321193e-36,1.3006984384840203e-05,1.86736297831055e-19,pseudo_6dof_kinematic_bridge,a320.attitude_response_p6dof.v1,surrogate_policy_overlay,0.0,0,0.86332728919627,0.017377901135049688,2.3409907592003427e-28,0.01999999999801401,-9.363963036801382e-27,jsbsim-1.3.1-a320-coefficient-surrogate
57.0,7.951019260633877e-13,12984.999864727832,10713.606508049645,224.723787292628,0.7583854028599403,59956.48312132786,0,1,outbound-climb,0.0,13118.7894,10728.0,230.1542,90.0,0.9956804921916612,0.0,0.0,1.1389199418009623,90.0,1.5707963267948966,0.017377901572942812,0.0,-4.6682302511007055e-12,0.0,9597.792465105242,587972.2452017698,32990.22144742544,39944.2281039464,32990.22144742544,0.8343103079554661,12703.244692045933,0.0,-2.2329953544426707e-36,1.5045635141996466e-05,1.8652063151322667e-19,pseudo_6dof_kinematic_bridge,a320.attitude_response_p6dof.v1,surrogate_policy_overlay,0.0,0,0.8653120772500758,0.017377901572942812,2.3409907592003427e-28,0.019999999998299208,-9.363963036801382e-27,jsbsim-1.3.1-a320-coefficient-surrogate
58.0,8.088602116994781e-13,13209.689720540451,10717.511539425497,224.65578161083488,0.7581994848273066,59955.64960498998,0,1,outbound-climb,0.0,13348.9436,10732.0,230.1542,90.0,0.9956804921916612,0.0,0.0,1.138919941386105,90.0,1.5707963267948966,0.017377901901362652,0.0,-7.2406243688053866e-12,0.0,9586.824763097018,587964.071198775,32977.74104133474,40017.17846836536,32977.74104133474,0.8357634374616756,12704.346588609551,0.0,-2.230443639793462e-36,1.0804795499564396e-05,1.8630748846890056e-19,pseudo_6dof_kinematic_bridge,a320.attitude_response_p6dof.v1,surrogate_policy_overlay,0.0,0,0.8672564464020592,0.017377901901362652,2.3409907592003427e-28,0.019999999999021894,-9.363963036801382e-27,jsbsim-1.3.1-a320-coefficient-surrogate
59.0,8.226143338172354e-13,13434.311580938625,10721.415389120091,224.589217172281,0.7580183966180165,59954.81462626526,0,1,outbound-climb,0.0,13579.0978,10736.0,230.1542,90.0,0.9956804921916612,0.0,0.0,1.1389199410443192,90.0,1.5707963267948966,0.017377902147677534,0.0,-5.96529029294306e-12,0.0,9575.983957487302,587955.8828546642,32965.38880229856,40088.365849169546,32965.38880229856,0.8371814493433196,12705.27914094826,0.0,-2.2279214485028163e-36,5.026876367303213e-06,1.8609681149127388e-19,pseudo_6dof_kinematic_bridge,a320.attitude_response_p6dof.v1,surrogate_policy_overlay,0.0,0,0.8691612743991706,0.017377902147677534,2.3409907592003427e-28,0.01999999999970404,-9.363963036801382e-27,jsbsim-1.3.1-a320-coefficient-surrogate
60.0,8.363643806540456e-13,13658.866886948219,10725.318082164089,224.52406237302944,0.7578420326799888,59953.97822019888,0,1,outbound-climb,0.0,13809.252,10740.0,230.1542,90.0,0.9956804921916612,0.0,0.0,1.138919940856093,90.0,1.5707963267948966,0.017377902332413694,0.0,-3.2851624725923615e-12,0.0,9565.267171086445,587947.6805131134,32953.16158081963,40157.82879032461,32953.16158081963,0.838565111374133,12706.046518208394,0.0,-2.2254281111718965e-36,5.163070601902175e-07,1.8588854466590256e-19,pseudo_6dof_kinematic_bridge,a320.attitude_response_p6dof.v1,surrogate_policy_overlay,0.0,0,0.8710274198262543,0.017377902332413694,2.3409907592003427e-28,0.02000000000013025,-9.363963036801382e-27,jsbsim-1.3.1-a320-coefficient-surrogate
61.0,8.501104385123996e-13,13883.35704799587,10729.219643042441,224.46028630512143,0.7576702897793328,59953.140421070275,0,1,outbound-climb,0.0,14039.4062,10744.0,230.1542,90.0,0.9956804921916612,0.0,0.0,1.1389199408068276,90.0,1.5707963267948966,0.017377902470965816,0.0,-8.598443321707623e-13,0.0,9554.67159170815,587939.4645102888,32941.05630255729,40225.60499346868,32941.05630255729,0.8399151745491691,12706.65278995574,0.0,-2.2229629735253613e-36,-1.823018347542562e-06,1.856826333415982e-19,pseudo_6dof_kinematic_bridge,a320.attitude_response_p6dof.v1,surrogate_policy_overlay,0.0,0,0.8728557225210778,0.017377902470965816,2.3409907592003427e-28,0.020000000000285855,-9.363963036801382e-27,jsbsim-1.3.1-a320-coefficient-surrogate
62.0,8.638525918025049e-13,14107.783442604881,10733.120095705606,224.3978587413098,0.7575030669496443,59952.30126240987,0,1,outbound-climb,0.0,14269.5604,10748.0,230.1542,90.0,0.9956804921916612,0.0,0.0,1.1389199408413417,90.0,1.5707963267948966,0.017377902574879908,0.0,6.02387436665359e-13,0.0,9544.194470703982,587931.2351750118,32929.06996653615,40291.73133595986,32929.06996653615,0.8412323734442947,12707.101928556913,0.0,-2.2205253960704106e-36,-2.311185271005219e-06,1.8547902410194833e-19,pseudo_6dof_kinematic_bridge,a320.attitude_response_p6dof.v1,surrogate_policy_overlay,0.0,0,0.8746470039809205,0.017377902574879908,2.3409907592003427e-28,0.02000000000025763,-9.363963036801382e-27,jsbsim-1.3.1-a320-coefficient-surrogate
63.0,8.775909230839612e-13,14332.147419075836,10737.019463580738,224.33675012011273,0.7573402654423647,59951.46077701544,0,1,outbound-climb,0.0,14499.7146,10752.0,230.1542,90.0,0.9956804921916612,0.0,0.0,1.1389199409041055,90.0,1.5707963267948966,0.017377902652815476,0.0,1.095431470926999e-12,0.0,9533.833121529557,587922.9928289184,32917.1996433961,40356.24388856799,32917.1996433961,0.8425174265685995,12707.39781150379,0.0,-2.2181147537631958e-36,-1.7432953442728536e-06,1.852776647374518e-19,pseudo_6dof_kinematic_bridge,a320.attitude_response_p6dof.v1,surrogate_policy_overlay,0.0,0,0.876402067760816,0.017377902652815476,2.3409907592003427e-28,0.020000000000150953,-9.363963036801382e-27,jsbsim-1.3.1-a320-coefficient-surrogate
64.0,8.913255131065214e-13,14556.450296152276,10740.91776958276,224.27693153118437,0.7571817886781883,59950.61899696811,0,1,outbound-climb,0.0,14729.8688,10756.0,230.1542,90.0,0.9956804921916612,0.0,0.0,1.1389199409586708,90.0,1.5707963267948966,0.01737790271126715,0.0,9.523425796526737e-13,0.0,9523.584918342087,587914.7377866172,32905.44247368336,40419.17793281304,32905.44247368336,0.8437710367097686,12707.544223682227,0.0,-2.215730435682532e-36,-8.664974134095808e-07,1.8507850421826446e-19,pseudo_6dof_kinematic_bridge,a320.attitude_response_p6dof.v1,surrogate_policy_overlay,0.0,0,0.8781216998635185,0.01737790271126715,2.3409907592003427e-28,0.020000000000043597,-9.363963036801382e-27,jsbsim-1.3.1-a320-coefficient-surrogate
65.0,9.050564408499563e-13,14780.693363671742,10744.815036125314,224.21837470099706,0.7570275421995032,59949.775953648015,0,1,outbound-climb,0.0,14960.023000000001,10760.0,230.1542,90.0,0.9956804921916612,0.0,0.0,1.1389199409903847,90.0,1.5707963267948966,0.01737790275510591,0.0,5.535145563427518e-13,0.0,9513.447294628731,587906.4703558423,32893.795666181584,40480.56797795497,32893.795666181584,0.8449938912725087,12707.544859586706,0.0,-2.2133718447107735e-36,-1.4570305037836121e-07,1.8488149266754244e-19,pseudo_6dof_kinematic_bridge,a320.attitude_response_p6dof.v1,surrogate_policy_overlay,0.0,0,0.8798066691213199,0.01737790275510591,2.3409907592003427e-28,0.01999999999997313,-9.363963036801382e-27,jsbsim-1.3.1-a320-coefficient-surrogate
66.0,9.18783783563043e-13,15004.877883202504,10748.711285131554,224.16105197883053,0.7568774336238476,59948.93167774968,0,1,outbound-climb,0.0,15190.1772,10764.0,230.1542,90.0,0.9956804921916612,0.0,0.0,1.138919941000136,90.0,1.5707963267948966,0.017377902787984977,0.0,1.701917086929003e-13,0.0,9503.417741865302,587898.1908376039,32882.25649628225,40540.44777763869,32882.25649628225,0.8461866626101076,12707.403325482053,0.0,-2.2110383972217494e-36,2.50355444408186e-07,1.8468658133537608e-19,pseudo_6dof_kinematic_bridge,a320.attitude_response_p6dof.v1,surrogate_policy_overlay,0.0,0,0.8814577275698208,0.017377902787984977,2.3409907592003427e-28,0.0199999999999448,-9.363963036801382e-27,jsbsim-1.3.1-a320-coefficient-surrogate
67.0,9.325076168016953e-13,15229.005088666272,10752.606538044765,224.10493632306282,0.756731372598366,59948.08619929696,0,1,outbound-climb,0.0,15420.331400000001,10768.0,230.1542,90.0,0.9956804921916612,0.0,0.0,1.1389199409959647,90.0,1.5707963267948966,0.01737790281264428,0.0,-7.280254511648774e-14,0.0,9493.493808204741,587889.8995263355,32870.82230439373,40598.850346199455,32870.82230439373,0.8473500083492278,12707.123141513242,0.0,-2.2087295227756306e-36,3.5349160420052766e-07,1.8449372257330207e-19,pseudo_6dof_kinematic_bridge,a320.attitude_response_p6dof.v1,surrogate_policy_overlay,0.0,0,0.8830756108137974,0.01737790281264428,2.3409907592003427e-28,0.019999999999946522,-9.363963036801382e-27,jsbsim-1.3.1-a320-coefficient-surrogate
68.0,9.462280144662545e-13,15453.076186947214,10756.50081583879,224.0500012877573,0.756589270755244,59947.23954765775,0,1,outbound-climb,0.0,15650.4856,10772.0,230.1542,90.0,0.9956804921916612,0.0,0.0,1.1389199409865567,90.0,1.5707963267948966,0.017377902831138756,0.0,-1.6420145700053179e-13,0.0,9483.673097194815,587881.5967100379,32859.49049438791,40655.807974633695,32859.49049438791,0.8484845717080369,12706.707743765219,0.0,-2.206444663820593e-36,2.805802638108643e-07,1.8430286980938366e-19,pseudo_6dof_kinematic_bridge,a320.attitude_response_p6dof.v1,surrogate_policy_overlay,0.0,0,0.8846610383852854,0.017377902831138756,2.3409907592003427e-28,0.019999999999962065,-9.363963036801382e-27,jsbsim-1.3.1-a320-coefficient-surrogate
69.0,9.5994504883796e-13,15677.092358487544,10760.394139028265,223.99622100953962,0.7564510416681065,59946.39175155836,0,1,outbound-climb,0.0,15880.6398,10776.0,230.1542,90.0,0.9956804921916612,0.0,0.0,1.1389199409778963,90.0,1.5707963267948966,0.01737790284500961,0.0,-1.5114957978629192e-13,0.0,9473.953266524484,587873.2826704198,32848.25853208381,40711.352246241644,32848.25853208381,0.8495909818077985,12706.160486273075,0.0,-2.204183275401149e-36,1.4858952416390588e-07,1.8411397752384794e-19,pseudo_6dof_kinematic_bridge,a320.attitude_response_p6dof.v1,surrogate_policy_overlay,0.0,0,0.8862147140940596,0.01737790284500961,2.3409907592003427e-28,0.019999999999978858,-9.363963036801382e-27,jsbsim-1.3.1-a320-coefficient-surrogate
70.0,9.736587906146145e-13,15901.054757870004,10764.28652767866,223.94357019476013,0.7563166008093583,59945.54283909753,0,1,outbound-climb,0.0,16110.794,10780.0,230.1542,90.0,0.9956804921916612,0.0,0.0,1.1389199409725974,90.0,1.5707963267948966,0.017377902855412755,0.0,-9.248603774173557e-14,0.0,9464.332026798307,587864.9576830358,32837.12394376726,40765.51405194547,32837.12394376726,0.8506698539780021,12705.484642984477,0.0,-2.2019448248730047e-36,3.408373211085072e-08,1.839270012252677e-19,pseudo_6dof_kinematic_bridge,a320.attitude_response_p6dof.v1,surrogate_policy_overlay,0.0,0,0.8877373263705941,0.017377902855412755,2.3409907592003427e-28,0.019999999999990428,-9.363963036801382e-27,jsbsim-1.3.1-a320-coefficient-surrogate
71.0,9.873693089454654e-13,16124.964514387504,10768.178001416109,223.8920241069348,0.7561858655084486,59944.6928377602,0,1,outbound-climb,0.0,16340.9482,10784.0,230.1542,90.0,0.9956804921916612,0.0,0.0,1.1389199409707487,90.0,1.5707963267948966,0.01737790286321511,0.0,-3.226605446229632e-14,0.0,9454.807140338356,587856.6220174211,32826.084314745705,40818.32360529037,32826.084314745705,0.851721790055175,12704.683409675097,0.0,-2.1997287916243185e-36,-3.2341784104414026e-08,1.837418974272786e-19,pseudo_6dof_kinematic_bridge,a320.attitude_response_p6dof.v1,surrogate_policy_overlay,0.0,0,0.8892295486016999,0.01737790286321511,2.3409907592003427e-28,0.01999999999999548,-9.363963036801382e-27,jsbsim-1.3.1-a320-coefficient-surrogate
72.0,1.0010766714653158e-12,16348.822732600202,10772.068579437044,223.84155855446022,0.7560587549110425,59943.84177443096,0,1,outbound-climb,0.0,16571.1024,10788.0,230.1542,90.0,0.9956804921916612,0.0,0.0,1.138919940971197,90.0,1.5707963267948966,0.017377902869066878,0.0,7.825034484932956e-15,0.0,9445.37642001303,587848.2759372235,32815.13728793765,40869.81045713301,32815.13728793765,0.852747378675469,12703.759905818217,0.0,-2.1975346668032133e-36,-5.272914433223282e-08,1.8355862362581856e-19,pseudo_6dof_kinematic_bridge,a320.attitude_response_p6dof.v1,surrogate_policy_overlay,0.0,0,0.8906920394589486,0.017377902869066878,2.3409907592003427e-28,0.019999999999995653,-9.363963036801382e-27,jsbsim-1.3.1-a320-coefficient-surrogate
73.0,1.0147809443278838e-12,16572.6304928803,10775.958280517632,223.79214987859615,0.755935189939079,59942.9896754072,0,1,outbound-climb,0.0,16801.2566,10792.0,230.1542,90.0,0.9956804921916612,0.0,0.0,1.1389199409725923,90.0,1.5707963267948966,0.017377902873455704,0.0,2.435657484902914e-14,0.0,9436.037728092218,587839.9197003321,32804.28056249555,40920.00351002349,32804.28056249555,0.8537471955611395,12702.717176409758,0.0,-2.1953619530514247e-36,-4.393193838367096e-08,1.8337713827687916e-19,pseudo_6dof_kinematic_bridge,a320.attitude_response_p6dof.v1,surrogate_policy_overlay,0.0,0,0.8921254432200392,0.017377902873455704,2.3409907592003427e-28,0.019999999999993422,-9.363963036801382e-27,jsbsim-1.3.1-a320-coefficient-surrogate
74.0,1.028482192238426e-12,16796.388851944834,10779.847123023002,223.7437749417105,0.7558150932516989,59942.13656641199,0,1,outbound-climb,0.0,17031.4108,10796.0,230.1542,90.0,0.9956804921916612,0.0,0.0,1.1389199409739588,90.0,1.5707963267948966,0.01737790287674732,0.0,2.3848468121520992e-14,0.0,9426.788975128242,587831.5535590041,32793.51189246175,40968.93103228645,32793.51189246175,0.854721803801034,12701.558193749494,0.0,-2.1932101642439434e-36,-2.4248949271857823e-08,1.8319740077475855e-19,pseudo_6dof_kinematic_bridge,a320.attitude_response_p6dof.v1,surrogate_policy_overlay,0.0,0,0.8935303900832514,0.01737790287674732,2.3409907592003427e-28,0.019999999999990813,-9.363963036801382e-27,jsbsim-1.3.1-a320-coefficient-surrogate
75.0,1.0421804784856415e-12,17020.098843376698,10783.73512491628,223.69641111578156,0.7556983892070227,59941.28247260666,0,1,outbound-climb,0.0,17261.565,10800.0,230.1542,90.0,0.9956804921916612,0.0,0.0,1.1389199409748376,90.0,1.5707963267948966,0.017377902879216034,0.0,1.533693106510431e-14,0.0,9417.62811886199,587823.1777599881,32782.82908545635,41016.620671806486,32782.82908545635,0.8556717541251897,12700.285859179923,0.0,-2.191078825234517e-36,-6.168023402225284e-09,1.8301937143080308e-19,pseudo_6dof_kinematic_bridge,a320.attitude_response_p6dof.v1,surrogate_policy_overlay,0.0,0,0.8949074964751108,0.017377902879216034,2.3409907592003427e-28,0.019999999999988926,-9.363963036801382e-27,jsbsim-1.3.1-a320-coefficient-surrogate
76.0,1.0558758649728724e-12,17243.761478134184,10787.622303767434,223.65003627115118,0.755585003824763,59940.42741860315,0,1,outbound-climb,0.0,17491.7192,10804.0,230.1542,90.0,0.9956804921916612,0.0,0.0,1.1389199409751776,90.0,1.5707963267948966,0.01737790288106757,0.0,5.934072620167504e-15,0.0,9408.553163153732,587814.7925446446,32772.23000139653,41063.09946952418,32772.23000139653,0.8565975851736659,12698.903004783308,0.0,-2.1889674716069e-36,4.909066366917338e-09,1.8284301145262969e-19,pseudo_6dof_kinematic_bridge,a320.attitude_response_p6dof.v1,surrogate_policy_overlay,0.0,0,0.8962573653514266,0.01737790288106757,2.3409907592003427e-28,0.019999999999988038,-9.363963036801382e-27,jsbsim-1.3.1-a320-coefficient-surrogate
77.0,1.0695684122486138e-12,17467.37774504926,10791.508676761912,223.60462876552484,0.7554748647496524,59939.57142847602,0,1,outbound-climb,0.0,17721.8734,10808.0,230.1542,90.0,0.9956804921916612,0.0,0.0,1.1389199409751412,90.0,1.5707963267948966,0.017377902882456223,0.0,-6.359875865202667e-16,0.0,9399.562156938071,587806.3981490643,32761.7125512464,41108.39387264754,32761.7125512464,0.8574998237597092,12697.412395038333,0.0,-2.1868756494317147e-36,8.745564100950488e-09,1.8266828292381626e-19,pseudo_6dof_kinematic_bridge,a320.attitude_response_p6dof.v1,surrogate_policy_overlay,0.0,0,0.8975805864918169,0.017377902882456223,2.3409907592003427e-28,0.01999999999998794,-9.363963036801382e-27,jsbsim-1.3.1-a320-coefficient-surrogate
78.0,1.0832581795363531e-12,17690.948611314874,10795.394260709116,223.56016743321226,0.7553679012156701,59938.71452577428,0,1,outbound-climb,0.0,17952.0276,10812.0,230.1542,90.0,0.9956804921916612,0.0,0.0,1.1389199409749367,90.0,1.5707963267948966,0.017377902883497713,0.0,-3.569514771098459e-15,0.0,9390.653193202466,587797.9948041843,32751.274695796827,41152.529747584646,32751.274695796827,0.8583789851273639,12695.816728436977,0.0,-2.1848029150287947e-36,7.795019853528364e-09,1.8249514878405076e-19,pseudo_6dof_kinematic_bridge,a320.attitude_response_p6dof.v1,surrogate_policy_overlay,0.0,0,0.8988777367878715,0.017377902883497713,2.3409907592003427e-28,0.019999999999988253,-9.363963036801382e-27,jsbsim-1.3.1-a320-coefficient-surrogate
79.0,1.0969452247637484e-12,17914.475022961476,10799.279072050667,223.51663157460428,0.7552640440110503,59937.85673353291,0,1,outbound-climb,0.0,18182.1818,10816.0,230.1542,90.0,0.9956804921916612,0.0,0.0,1.1389199409747224,90.0,1.5707963267948966,0.01737790288427883,0.0,-3.739986702995098e-15,0.0,9381.824407988846,587789.5827359005,32740.914444474292,41195.53239260273,32740.914444474292,0.8592355732036339,12694.118639062792,0.0,-2.1827488347349087e-36,4.895120202110259e-09,1.8232357280972897e-19,pseudo_6dof_kinematic_bridge,a320.attitude_response_p6dof.v1,surrogate_policy_overlay,0.0,0,0.9001493805250719,0.01737790288427883,2.3409907592003427e-28,0.019999999999988655,-9.363963036801382e-27,jsbsim-1.3.1-a320-coefficient-surrogate
80.0,1.1106296045911637e-12,18137.957905323034,10803.163126868505,223.47400094588045,0.7551632254440561,59936.99807428414,0,1,outbound-climb,0.0,18412.336,10820.0,230.1542,90.0,0.9956804921916612,0.0,0.0,1.1389199409745776,90.0,1.5707963267948966,0.01737790288486467,0.0,-2.5252577747140734e-15,0.0,9373.073979417783,587781.1621651786,32730.629854178354,41237.42655021916,32730.629854178354,0.8600700808453039,12692.32069813145,0.0,-2.18071298467672e-36,2.0519809187430624e-09,1.8215351959499027e-19,pseudo_6dof_kinematic_bridge,a320.attitude_response_p6dof.v1,surrogate_policy_overlay,0.0,0,0.9013960696586079,0.01737790288486467,2.3409907592003427e-28,0.01999999999998896,-9.363963036801382e-27,jsbsim-1.3.1-a320-coefficient-surrogate
81.0,1.1243113744395735e-12,18361.398163492748,10807.046440892804,223.4322557489428,0.7550653793095023,59936.13857006848,0,1,outbound-climb,0.0,18642.4902,10824.0,230.1542,90.0,0.9956804921916612,0.0,0.0,1.1389199409745165,90.0,1.5707963267948966,0.017377902885304046,0.0,-1.0665919970514743e-15,0.0,9364.40012673473,587772.733308162,32720.419028146862,41278.23641932925,32720.419028146862,0.8608829900805182,12690.42541549432,0.0,-2.1786949505488934e-36,2.2209221811905945e-10,1.8198495453318278e-19,pseudo_6dof_kinematic_bridge,a320.attitude_response_p6dof.v1,surrogate_policy_overlay,0.0,0,0.9026183440832105,0.017377902885304046,2.3409907592003427e-28,0.019999999999989117,-9.363963036801382e-27,jsbsim-1.3.1-a320-coefficient-surrogate
82.0,1.1379905885178518e-12,18584.796682768712,10810.929029509709,223.3913766215704,0.7549704408560114,59935.278242445514,0,1,outbound-climb,0.0,18872.6444,10828.0,230.1542,90.0,0.9956804921916612,0.0,0.0,1.1389199409745168,90.0,1.5707963267948966,0.01737790288563358,0.0,2.8092504998233318e-18,0.0,9355.801109377837,587764.2963762782,32710.2801148483,41317.98566707656,32710.2801148483,0.8616747723452307,12688.435241106137,0.0,-2.1766943273972135e-36,-4.779132146226695e-10,1.8181784379874755e-19,pseudo_6dof_kinematic_bridge,a320.attitude_response_p6dof.v1,surrogate_policy_overlay,0.0,0,0.9038167318971378,0.01737790288563358,2.3409907592003427e-28,0.01999999999998914,-9.363963036801382e-27,jsbsim-1.3.1-a320-coefficient-surrogate
83.0,1.1516672998494573e-12,18808.15432908972,10814.810907768919,223.35134462779075,0.7548783467539864,59934.417112504496,0,1,outbound-climb,0.0,19102.798600000002,10832.0,230.1542,90.0,0.9956804921916612,0.0,0.0,1.1389199409745463,90.0,1.5707963267948966,0.01737790288588073,0.0,5.149191077144356e-16,0.0,9347.275226066844,587755.8515763422,32700.211306900695,41356.69744047026,32700.211306900695,0.8624458887146161,12686.352566457579,0.0,-2.1747107194066066e-36,-4.0926659595874266e-10,1.8165215432951217e-19,pseudo_6dof_kinematic_bridge,a320.attitude_response_p6dof.v1,surrogate_policy_overlay,0.0,0,0.9049917496604223,0.01737790288588073,2.3409907592003427e-28,0.0199999999999891,-9.363963036801382e-27,jsbsim-1.3.1-a320-coefficient-surrogate
84.0,1.16534156029853e-12,19031.47194946146,10818.692090391083,223.3121412484627,0.7547890350642867,59933.55520087464,0,1,outbound-climb,0.0,19332.9528,10836.0,230.1542,90.0,0.9956804921916612,0.0,0.0,1.1389199409745796,90.0,1.5707963267948966,0.017377902886066093,0.0,5.827260808958826e-16,0.0,9338.820813912622,587747.3991106573,32690.210840016254,41394.39437775465,32690.210840016254,0.8631967901295436,12684.179725973474,0.0,-2.172743739693974e-36,3.4074701917053803e-11,1.8148785380938612e-19,pseudo_6dof_kinematic_bridge,a320.attitude_response_p6dof.v1,surrogate_policy_overlay,0.0,0,0.9061439026475063,0.017377902886066093,2.3409907592003427e-28,0.019999999999989037,-9.363963036801382e-27,jsbsim-1.3.1-a320-coefficient-surrogate
85.0,1.1790134205954105e-12,19254.750372373263,10822.57259177505,223.27374837206636,0.7547024452075908,59932.69252773524,0,1,outbound-climb,0.0,19563.107,10840.0,230.1542,90.0,0.9956804921916612,0.0,0.0,1.1389199409746034,90.0,1.5707963267948966,0.017377902886205113,0.0,4.132128375411987e-16,0.0,9330.436247546859,587738.9391771147,32680.27699197145,41431.09861953643,32680.27699197145,0.8639279176182268,12681.918998377565,0.0,-2.1707930101057028e-36,4.595954717470831e-10,1.8132491065144718e-19,pseudo_6dof_kinematic_bridge,a320.attitude_response_p6dof.v1,surrogate_policy_overlay,0.0,0,0.9072736850943974,0.017377902886205113,2.3409907592003427e-28,0.01999999999998899,-9.363963036801382e-27,jsbsim-1.3.1-a320-coefficient-surrogate
86.0,1.1926829303615963e-12,19477.990408205686,10826.452426004942,223.23614828569652,0.7546185179344301,59931.82911282556,0,1,outbound-climb,0.0,19793.2612,10844.0,230.1542,90.0,0.9956804921916612,0.0,0.0,1.138919940974614,90.0,1.5707963267948966,0.01737790288630938,0.0,1.8872022913969068e-16,0.0,9322.119938271471,587730.4719692909,32670.408081601563,41466.83181967301,32670.408081601563,0.8646397025131115,12679.572608024639,0.0,-2.168858161019773e-36,7.653097163310045e-10,1.811632939814114e-19,pseudo_6dof_kinematic_bridge,a320.attitude_response_p6dof.v1,surrogate_policy_overlay,0.0,0,0.9083815804404243,0.01737790288630938,2.3409907592003427e-28,0.01999999999998896,-9.363963036801382e-27,jsbsim-1.3.1-a320-coefficient-surrogate
87.0,1.2063501381341461e-12,19701.19284962905,10830.33160685709,223.1993236662533,0.7545371952958826,59930.96497545448,0,1,outbound-climb,0.0,20023.4154,10848.0,230.1542,90.0,0.9956804921916612,0.0,0.0,1.1389199409746151,90.0,1.5707963267948966,0.017377902886387582,0.0,1.6015730166395137e-17,0.0,9313.870333227274,587721.9976765407,32660.602467819375,41501.61515592878,32660.602467819375,0.8653325666631436,12677.142726200738,0.0,-2.1669388311523425e-36,8.835752823821409e-10,1.8100297362147735e-19,pseudo_6dof_kinematic_bridge,a320.attitude_response_p6dof.v1,surrogate_policy_overlay,0.0,0,0.9094680615647556,0.017377902886387582,2.3409907592003427e-28,0.019999999999988957,-9.363963036801382e-27,jsbsim-1.3.1-a320-coefficient-surrogate
88.0,1.2200150913895447e-12,19924.35847199319,10834.210147806798,223.16325757182787,0.7544584206149083,59930.10013450999,0,1,outbound-climb,0.0,20253.5696,10852.0,230.1542,90.0,0.9956804921916612,0.0,0.0,1.138919940974611,90.0,1.5707963267948966,0.01737790288644623,0.0,-7.28961373908396e-17,0.0,9305.685914581505,587713.5164840923,32650.8585486574,41535.46934040222,32650.8585486574,0.86600692264147,12674.631472392255,0.0,-2.1650346673687158e-36,8.658219533046365e-10,1.8084392007453646e-19,pseudo_6dof_kinematic_bridge,a320.attitude_response_p6dof.v1,surrogate_policy_overlay,0.0,0,0.9105335910177508,0.01737790288644623,2.3409907592003427e-28,0.019999999999988964,-9.363963036801382e-27,jsbsim-1.3.1-a320-coefficient-surrogate
89.0,1.2336778365670409e-12,20147.488033708596,10838.088062034976,223.12793343327763,0.7543821384583157,59929.23460846839,0,1,outbound-climb,0.0,20483.7238,10856.0,230.1542,90.0,0.9956804921916612,0.0,0.0,1.1389199409746056,90.0,1.5707963267948966,0.017377902886490215,0.0,-9.031626000808998e-17,0.0,9297.565198733755,587705.0285731365,32641.174760332913,41568.41462972899,32641.174760332913,0.8666631739486793,12672.040915524572,0.0,-2.1631453244986026e-36,8.311422117251319e-10,1.8068610450874166e-19,pseudo_6dof_kinematic_bridge,a320.attitude_response_p6dof.v1,surrogate_policy_overlay,0.0,0,0.9115786212472708,0.017377902886490215,2.3409907592003427e-28,0.01999999999998897,-9.363963036801382e-27,jsbsim-1.3.1-a320-coefficient-surrogate
90.0,1.2473384190914692e-12,20370.582276619112,10841.965362434608,223.09333504598695,0.7543082946093441,59928.36841540338,0,1,outbound-climb,0.0,20713.878,10860.0,230.1542,90.0,0.9956804921916612,0.0,0.0,1.1389199409746018,90.0,1.5707963267948966,0.017377902886523206,0.0,-6.740663700409491e-17,0.0,9289.506735539915,587696.5341209157,32631.54957633544,41600.470835066466,32631.54957633544,0.8673017152116876,12669.373075171192,0.0,-2.1612704651555596e-36,7.626322994884403e-10,1.8052949874242552e-19,pseudo_6dof_kinematic_bridge,a320.attitude_response_p6dof.v1,surrogate_policy_overlay,0.0,0,0.9126035948200664,0.017377902886523206,2.3409907592003427e-28,0.019999999999988978,-9.363963036801382e-27,jsbsim-1.3.1-a320-coefficient-surrogate
91.0,1.2609968833955674e-12,20593.641926366414,10845.842061617093,223.05944656181003,0.7542368360408489,59927.501572994894,0,1,outbound-climb,0.0,20944.0322,10864.0,230.1542,90.0,0.9956804921916612,0.0,0.0,1.1389199409745998,90.0,1.5707963267948966,0.01737790288654795,0.0,-3.3557927371976146e-17,0.0,9281.509107553711,587688.0333008103,32621.981506536107,41631.6573318626,32621.981506536107,0.8679229323783286,12666.629922733733,0.0,-2.15940975956053e-36,6.942445498084352e-10,1.803740752293606e-19,pseudo_6dof_kinematic_bridge,a320.attitude_response_p6dof.v1,surrogate_policy_overlay,0.0,0,0.9136089446383239,0.01737790288654795,2.3409907592003427e-28,0.019999999999988985,-9.363963036801382e-27,jsbsim-1.3.1-a320-coefficient-surrogate
92.0,1.2746532729418009e-12,20816.66769274643,10849.718171918435,223.02625248119148,0.7541677108890765,59926.63409853774,0,1,outbound-climb,0.0,21174.1864,10868.0,230.1542,90.0,0.9956804921916612,0.0,0.0,1.1389199409745996,90.0,1.5707963267948966,0.01737790288656651,0.0,-5.283130648453272e-18,0.0,9273.570929285463,587679.526282425,32612.46909631824,41661.99306941455,32612.46909631824,0.868527202907756,12663.81338259381,0.0,-2.1575628853693882e-36,6.767324728006382e-10,1.8021980704435435e-19,pseudo_6dof_kinematic_bridge,a320.attitude_response_p6dof.v1,surrogate_policy_overlay,0.0,0,0.9145950941514875,0.01737790288656651,2.3409907592003427e-28,0.019999999999988985,-9.363963036801382e-27,jsbsim-1.3.1-a320-coefficient-surrogate
93.0,1.2883076302437043e-12,21039.660270057862,10853.593705405305,222.99373764546053,0.7541008684280167,59925.766008950086,0,1,outbound-climb,0.0,21404.3406,10872.0,230.1542,90.0,0.9956804921916612,0.0,0.0,1.1389199409746,90.0,1.5707963267948966,0.017377902886580428,0.0,1.0694254998858878e-17,0.0,9265.690846477628,587671.0132316704,32603.010925728828,41691.496580221356,32603.010925728828,0.8691148959567436,12660.925333237275,0.0,-2.15572952750439e-36,6.761574291669522e-10,1.800666678691703e-19,pseudo_6dof_kinematic_bridge,a320.attitude_response_p6dof.v1,surrogate_policy_overlay,0.0,0,0.9155624575634642,0.017377902886580428,2.3409907592003427e-28,0.019999999999988985,-9.363963036801382e-27,jsbsim-1.3.1-a320-coefficient-surrogate
94.0,1.3019599968867515e-12,21262.620337443044,10857.468673880958,222.9618872292956,0.7540362590443195,59924.89732078173,0,1,outbound-climb,0.0,21634.4948,10876.0,230.1542,90.0,0.9956804921916612,0.0,0.0,1.138919940974601,90.0,1.5707963267948966,0.017377902886590864,0.0,1.4755175279536952e-17,0.0,9257.86753539683,587662.4943108441,32593.605608650283,41720.18598913443,32593.605608650283,0.8696863725619581,12657.967608351475,0.0,-2.153909377989458e-36,6.755865284110764e-10,1.7991463197876945e-19,pseudo_6dof_kinematic_bridge,a320.attitude_response_p6dof.v1,surrogate_policy_overlay,0.0,0,0.9165114400352972,0.017377902886590864,2.3409907592003427e-28,0.019999999999988985,-9.363963036801382e-27,jsbsim-1.3.1-a320-coefficient-surrogate
95.0,1.3156104135487642e-12,21485.548559221217,10861.343088891032,222.93068673335551,0.7539738342127641,59924.02805022221,0,1,outbound-climb,0.0,21864.649,10880.0,230.1542,90.0,0.9956804921916612,0.0,0.0,1.1389199409746016,90.0,1.5707963267948966,0.01737790288659869,0.0,1.1893450574220081e-17,0.0,9250.099702141924,587653.9696787116,32584.251791992046,41748.07902231014,32584.251791992046,0.8702419858182885,12654.941997896389,0.0,-2.1521021357891964e-36,7.087706599170359e-10,1.797636742278635e-19,pseudo_6dof_kinematic_bridge,a320.attitude_response_p6dof.v1,surrogate_policy_overlay,0.0,0,0.9174424378834043,0.01737790288659869,2.3409907592003427e-28,0.01999999999998898,-9.363963036801382e-27,jsbsim-1.3.1-a320-coefficient-surrogate
96.0,1.3292589200198696e-12,21708.445585214475,10865.216961729207,222.90012197707304,0.7539135464722687,59923.15821310869,0,1,outbound-climb,0.0,22094.803200000002,10884.0,230.1542,90.0,0.9956804921916612,0.0,0.0,1.1389199409746018,90.0,1.5707963267948966,0.01737790288660456,0.0,6.911597885636224e-18,0.0,9242.386081967783,587645.4394905823,32574.948154901525,41775.193015968995,32574.948154901525,0.8707820810533251,12651.850249149924,0.0,-2.1503075066515675e-36,7.08179618972914e-10,1.7961377003777344e-19,pseudo_6dof_kinematic_bridge,a320.attitude_response_p6dof.v1,surrogate_policy_overlay,0.0,0,0.9183558387734947,0.01737790288660456,2.3409907592003427e-28,0.01999999999998898,-9.363963036801382e-27,jsbsim-1.3.1-a320-coefficient-surrogate
97.0,1.3429055552220169e-12,21931.31205106648,10869.090303442752,222.870179091608,0.7538553494024285,59922.287824933745,0,1,outbound-climb,0.0,22324.9574,10888.0,230.1542,90.0,0.9956804921916612,0.0,0.0,1.138919940974602,90.0,1.5707963267948966,0.017377902886608967,0.0,2.1148253750948014e-18,0.0,9234.725438624424,587636.9038983865,32565.69340799391,41801.544924964845,32565.69340799391,0.8713069959980525,12648.694067728291,0.0,-2.1485252029541336e-36,7.07592637274046e-10,1.7946489538358647e-19,pseudo_6dof_kinematic_bridge,a320.attitude_response_p6dof.v1,surrogate_policy_overlay,0.0,0,0.9192520219102367,0.017377902886608967,2.3409907592003427e-28,0.01999999999998898,-9.363963036801382e-27,jsbsim-1.3.1-a320-coefficient-surrogate
98.0,1.3565503572280616e-12,22154.14857855416,10872.96312483793,222.84084451295618,0.7537991976005708,59921.41690085291,0,1,outbound-climb,0.0,22555.1116,10892.0,230.1542,90.0,0.9956804921916612,0.0,0.0,1.138919940974602,90.0,1.5707963267948966,0.01737790288661227,0.0,-1.390367039975668e-18,0.0,9227.11656371118,587628.3630507493,32556.4862926005,41827.15133116844,32556.4862926005,0.8718170609538453,12645.475118581919,0.0,-2.1467549435537994e-36,7.070096222291125e-10,1.79317026781605e-19,pseudo_6dof_kinematic_bridge,a320.attitude_response_p6dof.v1,surrogate_policy_overlay,0.0,0,0.9201313582227759,0.01737790288661227,2.3409907592003427e-28,0.01999999999998898,-9.363963036801382e-27,jsbsim-1.3.1-a320-coefficient-surrogate
99.0,1.3701933632804293e-12,22376.95577589247,10876.835436485308,222.81210497521042,0.7537450466593162,59920.545455692125,0,1,outbound-climb,0.0,22785.2658,10896.0,230.1542,90.0,0.9956804921916612,0.0,0.0,1.1389199409746018,90.0,1.5707963267948966,0.017377902886614748,0.0,-3.072859399209493e-18,0.0,9219.55827604548,587619.8170930631,32547.32558003491,41852.02845166894,32547.32558003491,0.872312598955838,12642.195026967518,0.0,-2.1449964536399557e-36,7.064304833323261e-10,1.791701412770798e-19,pseudo_6dof_kinematic_bridge,a320.attitude_response_p6dof.v1,surrogate_policy_overlay,0.0,0,0.9209942105461945,0.017377902886614748,2.3409907592003427e-28,0.01999999999998898,-9.363963036801382e-27,jsbsim-1.3.1-a320-coefficient-surrogate
100.0,1.3838346098093657e-12,22599.734238032477,10880.707248724926,222.7839475039708,0.7536928531446345,59919.673503954924,0,1,outbound-climb,0.0,23015.420000000002,10900.0,230.1542,90.0,0.9956804921916612,0.0,0.0,1.1389199409746018,90.0,1.5707963267948966,0.017377902886616607,0.0,-2.6777141216311428e-18,0.0,9212.049421046024,587611.2661675595,32538.210070876972,41876.192146797606,32538.210070876972,0.8727939259327514,12638.855379396817,0.0,-2.143249464590971e-36,7.058551321161707e-10,1.7902421643222285e-19,pseudo_6dof_kinematic_bridge,a320.attitude_response_p6dof.v1,surrogate_policy_overlay,0.0,0,0.9218409337990008,0.017377902886616607,2.3409907592003427e-28,0.01999999999998898,-9.363963036801382e-27,jsbsim-1.3.1-a320-coefficient-surrogate
101.0,1.3974741324507832e-12,22822.484546952794,10884.578571671373,222.75635940990097,0.7536425745743848,59918.80105982958,0,1,outbound-climb,0.0,23245.5742,10904.0,230.1542,90.0,0.9956804921916612,0.0,0.0,1.1389199409746018,90.0,1.5707963267948966,0.017377902886618002,0.0,-1.2853027783829485e-18,0.0,9204.58887012994,587602.7104133777,32529.138594273696,41899.657927976456,32529.138594273696,0.8732613508632344,12635.457724562628,0.0,-2.1415137138339328e-36,7.052834821052077e-10,1.7887923031449172e-19,pseudo_6dof_kinematic_bridge,a320.attitude_response_p6dof.v1,surrogate_policy_overlay,0.0,0,0.9226718751567196,0.017377902886618002,2.3409907592003427e-28,0.01999999999998898,-9.363963036801382e-27,jsbsim-1.3.1-a320-coefficient-surrogate
102.0,1.411111966063714e-12,23045.20727194462,10888.449415218729,222.72932828242617,0.7535941693973282,59917.92813719601,0,1,outbound-climb,0.0,23475.7284,10908.0,230.1542,90.0,0.9956804921916612,0.0,0.0,1.1389199409746018,90.0,1.5707963267948966,0.017377902886619046,0.0,-6.169453336238152e-19,0.0,9197.175520123641,587594.1499666332,32520.110007256982,41922.44096539717,32520.110007256982,0.8737151759288226,12632.003574242743,0.0,-2.1397889447075835e-36,7.047154487709354e-10,1.7873516148514052e-19,pseudo_6dof_kinematic_bridge,a320.attitude_response_p6dof.v1,surrogate_policy_overlay,0.0,0,0.9234873742217004,0.017377902886619046,2.3409907592003427e-28,0.01999999999998898,-9.363963036801382e-27,jsbsim-1.3.1-a320-coefficient-surrogate
103.0,1.4247481447473766e-12,23267.902969890452,10892.319789045421,222.70284198357172,0.7535475969726049,59917.05474963255,0,1,outbound-climb,0.0,23705.8826,10912.0,230.1542,90.0,0.9956804921916612,0.0,0.0,1.1389199409746018,90.0,1.5707963267948966,0.01737790288661983,0.0,-2.961337601394313e-19,0.0,9189.808292687081,587585.5849604841,32511.123194077685,41944.55609553174,32511.123194077685,0.8741556966635464,12628.494404182064,0.0,-2.1380749063283658e-36,7.041509494876724e-10,1.7859198898803095e-19,pseudo_6dof_kinematic_bridge,a320.attitude_response_p6dof.v1,surrogate_policy_overlay,0.0,0,0.9242877631891824,0.01737790288661983,2.3409907592003427e-28,0.01999999999998898,-9.363963036801382e-27,jsbsim-1.3.1-a320-coefficient-surrogate
104.0,1.438382701857865e-12,23490.57218553665,10896.18970261895,222.67688864193732,0.7535028175496638,59916.180910422605,0,1,outbound-climb,0.0,23936.0368,10916.0,230.1542,90.0,0.9956804921916612,0.0,0.0,1.1389199409746018,90.0,1.5707963267948966,0.017377902886620417,0.0,-1.4214420486692702e-19,0.0,9182.486133751085,587577.0155251959,32502.17706555563,41966.01782848021,32502.17706555563,0.8745832021002937,12624.931654953794,0.0,-2.136371353459514e-36,7.035899034894458e-10,1.784496923386975e-19,pseudo_6dof_kinematic_bridge,a320.attitude_response_p6dof.v1,surrogate_policy_overlay,0.0,0,0.9250733670097309,0.017377902886620417,2.3409907592003427e-28,0.01999999999998898,-9.363963036801382e-27,jsbsim-1.3.1-a320-coefficient-surrogate
105.0,1.4520156700244693e-12,23713.21545175996,10900.05916520053,222.6514566468049,0.7534597922486345,59915.30663256111,0,1,outbound-climb,0.0,24166.191,10920.0,230.1542,90.0,0.9956804921916612,0.0,0.0,1.1389199409746018,90.0,1.5707963267948966,0.017377902886620857,0.0,-6.822921833612497e-20,0.0,9175.208012967469,587568.4417882054,32493.270558445143,41986.84035515781,32493.270558445143,0.8749979749139741,12621.31673279982,0.0,-2.134678046383124e-36,7.030322318278567e-10,1.7830825151366145e-19,pseudo_6dof_kinematic_bridge,a320.attitude_response_p6dof.v1,surrogate_policy_overlay,0.0,0,0.9258445035481095,0.017377902886620857,2.3409907592003427e-28,0.01999999999998898,-9.363963036801382e-27,jsbsim-1.3.1-a320-coefficient-surrogate
106.0,1.4656470811656357e-12,23935.833289828162,10903.92818584961,222.62653464237695,0.7534184830411336,59914.431928760874,0,1,outbound-climb,0.0,24396.3452,10924.0,230.1542,90.0,0.9956804921916612,0.0,0.0,1.1389199409746018,90.0,1.5707963267948966,0.017377902886621187,0.0,-3.275002480133999e-20,0.0,9167.97292317166,587559.8638741828,32484.402634815837,42007.03755432537,32484.402634815837,0.8754002915615596,12617.651010451045,0.0,-2.132994750775123e-36,7.024778573309042e-10,1.7816764693998726e-19,pseudo_6dof_kinematic_bridge,a320.attitude_response_p6dof.v1,surrogate_policy_overlay,0.0,0,0.9266014837386647,0.017377902886621187,2.3409907592003427e-28,0.01999999999998898,-9.363963036801382e-27,jsbsim-1.3.1-a320-coefficient-surrogate
107.0,1.4792769665045732e-12,24158.42620965496,10907.796773428317,222.60211152214237,0.7533788527314945,59913.55681145882,0,1,outbound-climb,0.0,24626.4994,10928.0,230.1542,90.0,0.9956804921916612,0.0,0.0,1.1389199409746018,90.0,1.5707963267948966,0.017377902886621437,0.0,-1.5720011904643195e-20,0.0,9160.779879857528,587551.2819050925,32475.572281448167,42026.62299946649,32475.572281448167,0.8757904224190748,12613.935827928104,0.0,-2.1313212375830887e-36,7.019267045627467e-10,1.7802785948507702e-19,pseudo_6dof_kinematic_bridge,a320.attitude_response_p6dof.v1,surrogate_policy_overlay,0.0,0,0.9273446117373106,0.017377902886621437,2.3409907592003427e-28,0.01999999999998898,-9.363963036801382e-27,jsbsim-1.3.1-a320-coefficient-surrogate
108.0,1.4929053565845159e-12,24380.99471004922,10911.664936605774,222.57817642336727,0.7533408649384119,59912.681292821995,0,1,outbound-climb,0.0,24856.6536,10932.0,230.1542,90.0,0.9956804921916612,0.0,0.0,1.1389199409746018,90.0,1.5707963267948966,0.017377902886621624,0.0,-7.545605714228733e-21,0.0,9153.627920664161,587542.6960002529,32466.778509243486,42045.60996551395,32466.778509243486,0.8761686319155826,12610.172493322847,0.0,-2.129657282906842e-36,7.013786997843755e-10,1.7788887044669618e-19,pseudo_6dof_kinematic_bridge,a320.attitude_response_p6dof.v1,surrogate_policy_overlay,0.0,0,0.9280741850701651,0.017377902886621624,2.3409907592003427e-28,0.01999999999998898,-9.363963036801382e-27,jsbsim-1.3.1-a320-coefficient-surrogate
109.0,1.5065322812836476e-12,24603.53927895871,10915.532683862342,222.55471872170762,0.7533044840769915,59911.80538475354,0,1,outbound-climb,0.0,25086.8078,10936.0,230.1542,90.0,0.9956804921916612,0.0,0.0,1.1389199409746018,90.0,1.5707963267948966,0.017377902886621763,0.0,-3.621890742829792e-21,0.0,9146.516104874307,587534.1062763933,32458.020352648186,42064.01143542946,32458.020352648186,0.8765351786642497,12606.362283561124,0.0,-2.128002667881759e-36,7.008337709151855e-10,1.7775066154322675e-19,pseudo_6dof_kinematic_bridge,a320.attitude_response_p6dof.v1,surrogate_policy_overlay,0.0,0,0.9287904947789365,0.017377902886621763,2.3409907592003427e-28,0.01999999999998898,-9.363963036801382e-27,jsbsim-1.3.1-a320-coefficient-surrogate
110.0,1.520157769829697e-12,24826.060393708463,10919.400023493768,222.5317280259415,0.7532696753411967,59910.92909889848,0,1,outbound-climb,0.0,25316.962,10940.0,230.1542,90.0,0.9956804921916612,0.0,0.0,1.1389199409746018,90.0,1.5707963267948966,0.017377902886621867,0.0,-1.7385075565583e-21,0.0,9139.44351292421,587525.5128477127,32449.296869091697,42081.8401066392,32449.296869091697,0.8768903155905384,12602.506445147294,0.0,-2.1263571785647256e-36,7.002918474954161e-10,1.776132149041414e-19,pseudo_6dof_kinematic_bridge,a320.attitude_response_p6dof.v1,surrogate_policy_overlay,0.0,0,0.9294938255631077,0.017377902886621867,2.3409907592003427e-28,0.01999999999998898,-9.363963036801382e-27,jsbsim-1.3.1-a320-coefficient-surrogate
111.0,1.53378185081421e-12,25048.558521233863,10923.266963615224,222.50919417281804,0.7532364046866832,59910.052446649395,0,1,outbound-climb,0.0,25547.1162,10944.0,230.1542,90.0,0.9956804921916612,0.0,0.0,1.1389199409746018,90.0,1.5707963267948966,0.017377902886621943,0.0,-8.34483627147984e-22,0.0,9132.409245924615,587516.9158259344,32440.60713843786,42099.10839732853,32440.60713843786,0.8772342900575932,12598.606194890934,0.0,-2.1247206058227006e-36,6.997528606494492e-10,1.774765130606949e-19,pseudo_6dof_kinematic_bridge,a320.attitude_response_p6dof.v1,surrogate_policy_overlay,0.0,0,0.9301844559190025,0.017377902886621943,2.3409907592003427e-28,0.01999999999998898,-9.363963036801382e-27,jsbsim-1.3.1-a320-coefficient-surrogate
112.0,1.5474045522065068e-12,25271.03411830857,10927.133512165277,222.48710722202014,0.7532046388140125,59909.17543915197,0,1,outbound-climb,0.0,25777.2704,10948.0,230.1542,90.0,0.9956804921916612,0.0,0.0,1.1389199409746018,90.0,1.5707963267948966,0.017377902886622002,0.0,-4.005521410310323e-22,0.0,9125.412425192626,587508.3153203597,32431.950262449463,42115.82845259908,32431.950262449463,0.8775673439888876,12594.662720616107,0.0,-2.1230927452237967e-36,6.992167430499401e-10,1.7734053893682626e-19,pseudo_6dof_kinematic_bridge,a320.attitude_response_p6dof.v1,surrogate_policy_overlay,0.0,0,0.9308626582758036,0.017377902886622002,2.3409907592003427e-28,0.01999999999998898,-9.363963036801382e-27,jsbsim-1.3.1-a320-coefficient-surrogate
113.0,1.5610259013673305e-12,25493.487631767428,10930.999676909763,222.46545745123944,0.7531743451522368,59908.298087310424,0,1,outbound-climb,0.0,26007.424600000002,10952.0,230.1542,90.0,0.9956804921916612,0.0,0.0,1.1389199409746018,90.0,1.5707963267948966,0.017377902886622047,0.0,-1.9226502769489547e-22,0.0,9118.452191794244,587499.7114379228,32423.32536426563,42132.012150490475,32423.32536426563,0.8778897139881726,12590.67718185364,0.0,-2.12147339693085e-36,6.986834288827635e-10,1.7720527584026884e-19,pseudo_6dof_kinematic_bridge,a320.attitude_response_p6dof.v1,surrogate_policy_overlay,0.0,0,0.9315286991285718,0.017377902886622047,2.3409907592003427e-28,0.01999999999998898,-9.363963036801382e-27,jsbsim-1.3.1-a320-coefficient-surrogate
114.0,1.5746459250621947e-12,25715.91949872445,10934.865465445571,222.44423535136013,0.7531454918428473,59907.420401792806,0,1,outbound-climb,0.0,26237.5788,10956.0,230.1542,90.0,0.9956804921916612,0.0,0.0,1.1389199409746018,90.0,1.5707963267948966,0.017377902886622082,0.0,-9.228721329354982e-23,0.0,9111.527706097293,587491.1042832414,32414.731587891652,42147.67110787021,32414.731587891652,0.8782016314567993,12586.650710516853,0.0,-2.1198623655974043e-36,6.981528538127588e-10,1.7707070745386175e-19,pseudo_6dof_kinematic_bridge,a320.attitude_response_p6dof.v1,surrogate_policy_overlay,0.0,0,0.9321828391683473,0.017377902886622082,2.3409907592003427e-28,0.01999999999998898,-9.363963036801382e-27,jsbsim-1.3.1-a320-coefficient-surrogate
115.0,1.5882646494744354e-12,25938.330146785956,10938.73088520435,222.42343162174927,0.7531180477240758,59906.54239303621,0,1,outbound-climb,0.0,26467.733,10960.0,230.1542,90.0,0.9956804921916612,0.0,0.0,1.1389199409746018,90.0,1.5707963267948966,0.017377902886622106,0.0,-4.4297862380903907e-23,0.0,9104.638147334503,587482.4939586686,32406.168097701066,42162.816686194696,32406.168097701066,0.8785033227084773,12582.584411561143,0.0,-2.1182594602660577e-36,6.976249549502516e-10,1.7693681782705897e-19,pseudo_6dof_kinematic_bridge,a320.attitude_response_p6dof.v1,surrogate_policy_overlay,0.0,0,0.9328253334094015,0.017377902886622106,2.3409907592003427e-28,0.01999999999998898,-9.363963036801382e-27,jsbsim-1.3.1-a320-coefficient-surrogate
116.0,1.6018821002179749e-12,26160.71999425905,10942.595943456132,222.40303716565234,0.7530919823155452,59905.66407125182,0,1,outbound-climb,0.0,26697.8872,10964.0,230.1542,90.0,0.9956804921916612,0.0,0.0,1.1389199409746018,90.0,1.5707963267948966,0.017377902886622124,0.0,-2.1262973942833877e-23,0.0,9097.782713176548,587473.8805643417,32397.634077949675,42177.45999714288,32397.634077949675,0.8787950090814912,12578.479363627615,0.0,-2.116664494269131e-36,6.970996708183381e-10,1.7680359136763217e-19,pseudo_6dof_kinematic_bridge,a320.attitude_response_p6dof.v1,surrogate_policy_overlay,0.0,0,0.9334564313136697,0.017377902886622124,2.3409907592003427e-28,0.01999999999998898,-9.363963036801382e-27,jsbsim-1.3.1-a320-coefficient-surrogate
117.0,1.6154983023498042e-12,26383.089450355445,10946.460647312875,222.38304308568985,0.7530672658032583,59904.785446429894,0,1,outbound-climb,0.0,26928.041400000002,10968.0,230.1542,90.0,0.9956804921916612,0.0,0.0,1.1389199409746018,90.0,1.5707963267948966,0.017377902886622137,0.0,-1.0206227492560261e-23,0.0,9090.960619314774,587465.2641982317,32389.12873230112,42191.61190812728,32389.12873230112,0.8790769070484784,12574.33661967155,0.0,-2.1150772851315826e-36,6.965769413209139e-10,1.766710128335613e-19,pseudo_6dof_kinematic_bridge,a320.attitude_response_p6dof.v1,surrogate_policy_overlay,0.0,0,0.9340763769124749,0.017377902886622137,2.3409907592003427e-28,0.01999999999998898,-9.363963036801382e-27,jsbsim-1.3.1-a320-coefficient-surrogate
118.0,1.6291132803821892e-12,26605.438915390823,10950.325003731927,222.36344067945478,0.753043869024919,59903.9065283446,0,1,outbound-climb,0.0,27158.1956,10972.0,230.1542,90.0,0.9956804921916612,0.0,0.0,1.1389199409746018,90.0,1.5707963267948966,0.017377902886622148,0.0,-4.8989891964289245e-24,0.0,9084.171099053434,587456.6449561906,32380.6512833639,42205.28304768296,32380.6512833639,0.8793492283237744,12570.157207575568,0.0,-2.1134976544761386e-36,6.960567077114279e-10,1.7653906732511008e-19,pseudo_6dof_kinematic_bridge,a320.attitude_response_p6dof.v1,surrogate_policy_overlay,0.0,0,0.9346854089255534,0.017377902886622148,2.3409907592003427e-28,0.01999999999998898,-9.363963036801382e-27,jsbsim-1.3.1-a320-coefficient-surrogate
119.0,1.6427270582946074e-12,26827.76878097977,10954.18901951941,222.3442214352068,0.7530217634555779,59903.027326558804,0,1,outbound-climb,0.0,27388.3498,10976.0,230.1542,90.0,0.9956804921916612,0.0,0.0,1.1389199409746018,90.0,1.5707963267948966,0.017377902886622155,0.0,-2.351514814285884e-24,0.0,9077.413402911183,587448.0229319979,32372.200972239414,42218.48381073897,32372.200972239414,0.879612179968416,12565.942130748292,0.0,-2.1119254279305824e-36,6.955389125623494e-10,1.7640774027708219e-19,pseudo_6dof_kinematic_bridge,a320.attitude_response_p6dof.v1,surrogate_policy_overlay,0.0,0,0.9352837608774835,0.017377902886622155,2.3409907592003427e-28,0.01999999999998898,-9.363963036801382e-27,jsbsim-1.3.1-a320-coefficient-surrogate
120.0,1.6563396595454215e-12,27050.079430226422,10958.052701333545,222.32537702766285,0.7530009211935955,59902.14785042864,0,1,outbound-climb,0.0,27618.504,10980.0,230.1542,90.0,0.9956804921916612,0.0,0.0,1.1389199409746018,90.0,1.5707963267948966,0.01737790288662216,0.0,-1.1287271108572244e-24,0.0,9070.686798231629,587439.3982174061,32363.777058080817,42231.22436377271,32363.777058080817,0.8798659644928142,12561.692368708613,0.0,-2.1103604350371407e-36,6.95023499735326e-10,1.76277017451252e-19,pseudo_6dof_kinematic_bridge,a320.attitude_response_p6dof.v1,surrogate_policy_overlay,0.0,0,0.9358716612115291,0.01737790288662216,2.3409907592003427e-28,0.01999999999998898,-9.363963036801382e-27,jsbsim-1.3.1-a320-coefficient-surrogate
121.0,1.6699511070832942e-12,27272.371237910884,10961.916055687878,222.30689931387997,0.752981314946916,59901.26810910813,0,1,outbound-climb,0.0,27848.6582,10984.0,230.1542,90.0,0.9956804921916612,0.0,0.0,1.1389199409746018,90.0,1.5707963267948966,0.017377902886622165,0.0,-5.4178901321146765e-25,0.0,9063.990568802761,587430.7709021852,32355.378817662444,42243.51464985242,32355.378817662444,0.8801107799571979,12557.408877655951,0.0,-2.1088025091639454e-36,6.945104143520241e-10,1.7614688492896926e-19,pseudo_6dof_kinematic_bridge,a320.attitude_response_p6dof.v1,surrogate_policy_overlay,0.0,0,0.9364493334010147,0.017377902886622165,2.3409907592003427e-28,0.01999999999998898,-9.363963036801382e-27,jsbsim-1.3.1-a320-coefficient-surrogate
122.0,1.6835614233583522e-12,27494.64457067155,10965.779088954456,222.28878032923075,0.7529629180196445,59900.38811155356,0,1,outbound-climb,0.0,28078.8124,10988.0,230.1542,90.0,0.9956804921916612,0.0,0.0,1.1389199409746018,90.0,1.5707963267948966,0.01737790288662217,0.0,-2.6005872634150447e-25,0.0,9057.324014485024,587422.1410741666,32347.005544959553,42255.364393567004,32347.005544959553,0.8803468200698119,12553.092591026892,0.0,-2.1072514874185006e-36,6.9399960276563e-10,1.7601732910393116e-19,pseudo_6dof_kinematic_bridge,a320.attitude_response_p6dof.v1,surrogate_policy_overlay,0.0,0,0.9370169960582091,0.01737790288662217,2.3409907592003427e-28,0.01999999999998898,-9.363963036801382e-27,jsbsim-1.3.1-a320-coefficient-surrogate
123.0,1.6971706303331033e-12,27716.899787183385,10969.641807366927,222.2710122834671,0.7529457042989213,59899.50786652787,0,1,outbound-climb,0.0,28308.9666,10992.0,230.1542,90.0,0.9956804921916612,0.0,0.0,1.1389199409746018,90.0,1.5707963267948966,0.017377902886622172,0.0,-1.2482818864392215e-25,0.0,9050.686450847825,587413.5088192855,32338.656550738102,42266.78310584856,32338.656550738102,0.8805742742829802,12548.744420038478,0.0,-2.105707210563112e-36,6.934910125329983e-10,1.758883366751179e-19,pseudo_6dof_kinematic_bridge,a320.attitude_response_p6dof.v1,surrogate_policy_overlay,0.0,0,0.937574863040847,0.017377902886622172,2.3409907592003427e-28,0.01999999999998898,-9.363963036801382e-27,jsbsim-1.3.1-a320-coefficient-surrogate
124.0,1.710778749493112e-12,27939.13723833229,10973.504217023563,222.2535875568712,0.7529296482420861,59898.627382604864,0,1,outbound-climb,0.0,28539.1208,10996.0,230.1542,90.0,0.9956804921916612,0.0,0.0,1.1389199409746018,90.0,1.5707963267948966,0.017377902886622172,0.0,-5.991753054908263e-26,0.0,9044.077208814346,587404.874221622,32330.331162154318,42277.78008868868,32330.331162154318,0.880793327887051,12544.365254218566,0.0,-2.104169522932253e-36,6.929845923874364e-10,1.7575989463989048e-19,pseudo_6dof_kinematic_bridge,a320.attitude_response_p6dof.v1,surrogate_policy_overlay,0.0,0,0.9381231435563036,0.017377902886622172,2.3409907592003427e-28,0.01999999999998898,-9.363963036801382e-27,jsbsim-1.3.1-a320-coefficient-surrogate
125.0,1.7243858018574398e-12,28161.35726738559,10977.366323890234,222.23649869649313,0.7529147248641272,59897.74666817338,0,1,outbound-climb,0.0,28769.275,11000.0,230.1542,90.0,0.9956804921916612,0.0,0.0,1.1389199409746018,90.0,1.5707963267948966,0.017377902886622172,0.0,-2.876041466355966e-26,0.0,9037.495634314408,587396.2373634424,32322.028722363895,42288.36443974944,32322.028722363895,0.8810041621022461,12539.955961923326,0.0,-2.1026382723517974e-36,6.924802922121059e-10,1.7563199028724448e-19,pseudo_6dof_kinematic_bridge,a320.attitude_response_p6dof.v1,surrogate_policy_overlay,0.0,0,0.938662042263448,0.017377902886622172,2.3409907592003427e-28,0.01999999999998898,-9.363963036801382e-27,jsbsim-1.3.1-a320-coefficient-surrogate
126.0,1.7379918079888562e-12,28383.560210158794,10981.228133803295,222.21973841247024,0.7529009097254072,59896.86573144134,1,2,outbound-level,0.0,28999.429200000002,11000.0,230.1542,90.0,0.0,0.0,0.0,1.1389199409746018,90.0,1.5707963267948966,0.017377902886622172,0.0,-1.3804999038508638e-26,0.0,9030.941087945223,587387.5983252393,32313.748590140516,42298.54505687475,32313.748590140516,0.8812069541685235,12535.517390842557,0.0,-2.1011133100600957e-36,6.919780630140285e-10,1.7550461119121717e-19,pseudo_6dof_kinematic_bridge,a320.attitude_response_p6dof.v1,surrogate_policy_overlay,0.0,0,0.9391917593722989,0.017377902886622172,2.3409907592003427e-28,0.01999999999998898,-9.363963036801382e-27,jsbsim-1.3.1-a320-coefficient-surrogate
127.0,1.7515976868579233e-12,28605.76107458011,10984.124336580451,222.24906766651466,0.7530325109395332,59895.984580439756,1,2,outbound-level,0.0,29229.583400000003,11000.0,230.1542,90.0,0.0,0.0,0.0,0.7937507036814925,90.0,1.5707963267948966,0.013033427164966629,0.0,-0.0060243396673623556,0.0,9029.362837601864,587378.9571857696,32310.085850572603,42255.245406864684,32310.085850572603,0.8803444499228036,12528.050741784758,0.0,-2.100746118781718e-36,12666.689945514108,1.7547393994553237e-19,pseudo_6dof_kinematic_bridge,a320.attitude_response_p6dof.v1,surrogate_policy_overlay,0.0,0,0.9384106812836688,0.013033427164966629,2.3409907592003427e-28,0.018609767769059208,-9.363963036801382e-27,jsbsim-1.3.1-a320-coefficient-surrogate
128.0,1.7652058671541745e-12,28827.999524159626,10986.29680225976,222.31208122861733,0.7532702012307132,59895.104271454285,1,2,outbound-level,0.0,29459.7376,11000.0,230.1542,90.0,0.0,0.0,0.0,0.4025589014159687,90.0,1.5707963267948966,0.009775070373724971,0.0,-0.0068275849563440025,0.0,9031.442498747027,587370.3243036572,32309.818840791235,42174.0305855819,32309.818840791235,0.8787266971660144,12519.186438339671,0.0,-2.1012299668845858e-36,7887.76070436247,1.7551435545894747e-19,pseudo_6dof_kinematic_bridge,a320.attitude_response_p6dof.v1,surrogate_policy_overlay,0.0,0,0.9366801264044218,0.009775070373724971,2.3409907592003427e-28,0.01933268852914269,-9.363963036801382e-27,jsbsim-1.3.1-a320-coefficient-surrogate
129.0,1.7788181902628281e-12,29050.305631000083,10987.926624838921,222.39950126473568,0.7535845630222167,59894.22556767839,1,2,outbound-level,0.0,29689.8918,11000.0,230.1542,90.0,0.0,0.0,0.0,0.12488942608240086,90.0,1.5707963267948966,0.0073313027802937285,0.0,-0.004846246576855938,0.0,9036.195624050159,587361.7071632734,32312.039958878944,42064.89524490561,32312.039958878944,0.8765527836431678,12509.287175296333,0.0,-2.1023358156263215e-36,2859.0563977746606,1.7560672627613536e-19,pseudo_6dof_kinematic_bridge,a320.attitude_response_p6dof.v1,surrogate_policy_overlay,0.0,0,0.9342503829527349,0.0073313027802937285,2.3409907592003427e-28,0.019911025137209475,-9.363963036801382e-27,jsbsim-1.3.1-a320-coefficient-surrogate
130.0,1.7924360262723043e-12,29272.7017703434,10989.149477238569,222.50438032000005,0.7539535648517598,59893.3490300063,1,2,outbound-level,0.0,29920.046000000002,11000.0,230.1542,90.0,0.0,0.0,0.0,-0.002030580874857931,90.0,1.5707963267948966,0.005498477085220296,0.0,-0.002215172008058276,0.0,9042.8858962013,587353.1112651112,32316.07275941094,41935.84347782377,32316.07275941094,0.8739821463054556,12498.648851435406,0.0,-2.1038923554960648e-36,-548.1470625680223,1.7573674302646242e-19,pseudo_6dof_kinematic_bridge,a320.attitude_response_p6dof.v1,surrogate_policy_overlay,0.0,0,0.9313207978779703,0.005498477085220296,2.3409907592003427e-28,0.020219471328178428,-9.363963036801382e-27,jsbsim-1.3.1-a320-coefficient-surrogate
131.0,1.8060603742800252e-12,29495.204258688722,10990.067051065234,222.62152646925801,0.7543607438707409,59892.47505801742,1,2,outbound-level,0.0,30150.200200000003,11000.0,230.1542,90.0,0.0,0.0,0.0,-0.01259190726630536,90.0,1.5707963267948966,0.0041238578139152215,0.0,-0.00018432991890852913,0.0,9050.963117140289,587344.5405277065,32321.412805813045,41792.8542337628,32321.412805813045,0.8711338824034099,12487.506016100466,0.0,-2.105771578963247e-36,-1995.9184463283273,1.758937133251941e-19,pseudo_6dof_kinematic_bridge,a320.attitude_response_p6dof.v1,surrogate_policy_overlay,0.0,0,0.9280400367553958,0.0041238578139152215,2.3409907592003427e-28,0.020291442106071183,-9.363963036801382e-27,jsbsim-1.3.1-a320-coefficient-surrogate
132.0,1.8196919460706237e-12,29717.824720361255,10990.755594608574,222.74706360867737,0.7547938123385677,59891.60393108708,1,2,outbound-level,0.0,30380.3544,11000.0,230.1542,90.0,0.0,0.0,0.0,0.03636019282953844,90.0,1.5707963267948966,0.003092893360436416,0.0,0.000854375322438306,0.0,9060.016301473372,587335.9976907952,32327.68365207491,41640.38921073961,32327.68365207491,0.8680968664078828,12476.041262795563,0.0,-2.1078778673240534e-36,-2000.2156370808,1.7606965020496635e-19,pseudo_6dof_kinematic_bridge,a320.attitude_response_p6dof.v1,surrogate_policy_overlay,0.0,0,0.9245189127943381,0.003092893360436416,2.3409907592003427e-28,0.020224954816017878,-9.363963036801382e-27,jsbsim-1.3.1-a320-coefficient-surrogate
133.0,1.8333312332983245e-12,29940.571184683817,10991.272293830762,222.87810189404024,0.7552436125132344,59890.735839056935,1,2,outbound-level,0.0,30610.5086,11000.0,230.1542,90.0,0.0,0.0,0.0,0.09690867627272284,90.0,1.5707963267948966,0.002319670020327312,0.0,0.001056770393172841,0.0,9069.738667968453,587327.4846160877,32334.604317506746,41481.773216468806,32334.604317506746,0.864937326585601,12464.394838689535,0.0,-2.1101398457213398e-36,-1309.0066429494225,1.7625859177096277e-19,pseudo_6dof_kinematic_bridge,a320.attitude_response_p6dof.v1,surrogate_policy_overlay,0.0,0,0.9208399441735915,0.002319670020327312,2.3409907592003427e-28,0.02011505658056894,-9.363963036801382e-27,jsbsim-1.3.1-a320-coefficient-surrogate
134.0,1.84697856034908e-12,30163.448949281043,10991.660046373521,223.01249069657047,0.7557033328658818,59889.87090514271,1,2,outbound-level,0.0,30840.662800000002,11000.0,230.1542,90.0,0.0,0.0,0.0,0.14203328279566016,90.0,1.5707963267948966,0.001739752515245484,0.0,0.0007875729574921661,0.0,9079.901475247341,587319.0025119177,32341.965153910412,41319.47914809594,32341.965153910412,0.8617045216323455,12452.673303860578,0.0,-2.112504295830504e-36,-522.8850152841841,1.7645609273157397e-19,pseudo_6dof_kinematic_bridge,a320.attitude_response_p6dof.v1,surrogate_policy_overlay,0.0,0,0.9170644855281825,0.001739752515245484,2.3409907592003427e-28,0.02002241914628573,-9.363963036801382e-27,jsbsim-1.3.1-a320-coefficient-surrogate
135.0,1.8606341253695666e-12,30386.461250133732,10991.951036197166,223.14863339211797,0.7561679202883547,59889.00920305773,1,2,outbound-level,0.0,31070.817000000003,11000.0,230.1542,90.0,0.0,0.0,0.0,0.16411123146892725,90.0,1.5707963267948966,0.001304814386434113,0.0,0.00038533289643482454,0.0,9090.33444694919,587310.5521011661,32349.609882668385,41155.341570781304,32349.609882668385,0.8584349950360992,12440.95685146983,0.0,-2.114931601633162e-36,36.43347792022305,1.7665884398687182e-19,pseudo_6dof_kinematic_bridge,a320.attitude_response_p6dof.v1,surrogate_policy_overlay,0.0,0,0.9132380558193116,0.001304814386434113,2.3409907592003427e-28,0.019970181207113583,-9.363963036801382e-27,jsbsim-1.3.1-a320-coefficient-surrogate
136.0,1.8742980318076337e-12,30609.60977667347,10992.169411822682,223.28534849402075,0.7566336392892895,59888.15076981988,1,2,outbound-level,0.0,31300.9712,11000.0,230.1542,90.0,0.0,0.0,0.0,0.16747309550095338,90.0,1.5707963267948966,0.0009786107898255847,0.0,5.867559636322812e-05,0.0,9100.911115282772,587302.133746854,32357.422191959675,40990.71681502891,32357.422191959675,0.8551557641242084,12429.305269623103,0.0,-2.1173923394893133e-36,292.81507432247844,1.7686438779958272e-19,pseudo_6dof_kinematic_bridge,a320.attitude_response_p6dof.v1,surrogate_policy_overlay,0.0,0,0.9093943224030838,0.0009786107898255847,2.3409907592003427e-28,0.01995544417784109,-9.363963036801382e-27,jsbsim-1.3.1-a320-coefficient-surrogate
137.0,1.887970312491527e-12,30832.8950650262,10992.333293896403,223.4217655263397,0.7570977414255372,59887.29561533308,1,2,outbound-level,0.0,31531.1254,11000.0,230.1542,90.0,0.0,0.0,0.0,0.1606857927074148,90.0,1.5707963267948966,0.0007339580923691885,0.0,-0.00011846078107705725,0.0,9111.537840719484,587293.7475461062,32365.315718202866,40826.602999642695,32365.315718202866,0.8518867108519762,12417.762683682638,0.0,-2.11986472349005e-36,314.6301177851711,1.7707090440708176e-19,pseudo_6dof_kinematic_bridge,a320.attitude_response_p6dof.v1,surrogate_policy_overlay,0.0,0,0.9055580822867163,0.0007339580923691885,2.3409907592003427e-28,0.019963816422134895,-9.363963036801382e-27,jsbsim-1.3.1-a320-coefficient-surrogate
138.0,1.9016509479193873e-12,31056.3167967024,10992.456280549806,223.55724694303035,0.7575582174056051,59886.44372955665,1,2,outbound-level,0.0,31761.2796,11000.0,230.1542,90.0,0.0,0.0,0.0,0.15137982147269852,90.0,1.5707963267948966,0.0005504685692768914,0.0,-0.0001624198381416811,0.0,9122.145582207493,587285.3934004568,32373.226546978527,40663.730018373186,32373.226546978527,0.8486423742851592,12406.361269531546,0.0,-2.1223326907387664e-36,216.06341297860092,1.77277052086193e-19,pseudo_6dof_kinematic_bridge,a320.attitude_response_p6dof.v1,surrogate_policy_overlay,0.0,0,0.9017474941265226,0.0005504685692768914,2.3409907592003427e-28,0.019980378739718675,-9.363963036801382e-27,jsbsim-1.3.1-a320-coefficient-surrogate
139.0,1.915339880097522e-12,31279.874024593177,10992.548576475592,223.6913295767325,0.7580136111941156,59885.595087869355,1,2,outbound-level,0.0,31991.433800000003,11000.0,230.1542,90.0,0.0,0.0,0.0,0.14409095941425193,90.0,1.5707963267948966,0.00041285142695766854,0.0,-0.00012721464164358443,0.0,9132.683726974617,587277.0710684541,32381.10759414819,40502.62700979664,32381.10759414819,0.8454332945613456,12395.124129592303,0.0,-2.1247844658104805e-36,93.76252140281088,1.7748184724342189e-19,pseudo_6dof_kinematic_bridge,a320.attitude_response_p6dof.v1,surrogate_policy_overlay,0.0,0,0.8979757498979202,0.00041285142695766854,2.3409907592003427e-28,0.019995130689052593,-9.363963036801382e-27,jsbsim-1.3.1-a320-coefficient-surrogate
140.0,1.929037022979066e-12,31503.56534344659,10992.617839937946,223.82368073239218,0.7584628806150872,59884.74965508183,1,2,outbound-level,0.0,32221.588000000003,11000.0,230.1542,90.0,0.0,0.0,0.0,0.1402971152740096,90.0,1.5707963267948966,0.0003096385702182514,0.0,-6.621507155472216e-05,0.0,9143.115463464028,587268.7802050083,32388.924392638626,40343.67294527936,32388.924392638626,0.8422670205732479,12384.067503239618,0.0,-2.127211484232093e-36,2.440235991072739,1.7768457449397024e-19,pseudo_6dof_kinematic_bridge,a320.attitude_response_p6dof.v1,surrogate_policy_overlay,0.0,0,0.8942523272370042,0.0003096385702182514,2.3409907592003427e-28,0.020003899652524155,-9.363963036801382e-27,jsbsim-1.3.1-a320-coefficient-surrogate
141.0,1.9427422703186173e-12,31727.389018143545,10992.66981827084,223.95406526342495,0.7589052928280675,59883.90738843661,1,2,outbound-level,0.0,32451.7422,11000.0,230.1542,90.0,0.0,0.0,0.0,0.139496079036456,90.0,1.5707963267948966,0.00023222892766368855,0.0,-1.3980719773097866e-05,0.0,9153.41431096376,587260.5203908118,32396.651931553577,40187.13455857991,32396.651931553577,0.8391488655046725,12373.20245618641,0.0,-2.129607585075764e-36,-42.326521099096055,1.7788471921959257e-19,pseudo_6dof_kinematic_bridge,a320.attitude_response_p6dof.v1,surrogate_policy_overlay,0.0,0,0.8905839278084111,0.00023222892766368855,2.3409907592003427e-28,0.020006756875444977,-9.363963036801382e-27,jsbsim-1.3.1-a320-coefficient-surrogate
142.0,1.956455501569661e-12,31951.34308001006,10992.70882472996,224.08232088435466,0.7593403459580367,59883.068239849614,1,2,outbound-level,0.0,32681.8964,11000.0,230.1542,90.0,0.0,0.0,0.0,0.1404092831545449,90.0,1.5707963267948966,0.0001741716957477664,0.0,1.5938418603422344e-05,0.0,9163.561516549598,587252.2911543212,32404.272283891034,40033.19478336177,32404.272283891034,0.8360824732894937,12362.536166357211,0.0,-2.1319684053389786e-36,-49.18439028624081,1.780819169815619e-19,pseudo_6dof_kinematic_bridge,a320.attitude_response_p6dof.v1,surrogate_policy_overlay,0.0,0,0.886975180492004,0.0001741716957477664,2.3409907592003427e-28,0.020005785958955562,-9.363963036801382e-27,jsbsim-1.3.1-a320-coefficient-surrogate
143.0,1.9701765863034203e-12,32175.42539898256,10992.738096328238,224.2083396606874,0.7597677103399926,59882.23215758334,1,2,outbound-level,0.0,32912.0506,11000.0,230.1542,90.0,0.0,0.0,0.0,0.14182874521573804,90.0,1.5707963267948966,0.00013062877181082482,0.0,2.477428657496561e-05,0.0,9173.544102514945,587244.0919881647,32411.77282567886,39881.97407257143,32411.77282567886,0.8330702432814648,12352.072899616964,0.0,-2.1342909256650834e-36,-35.43340468634469,1.7827591557500527e-19,pseudo_6dof_kinematic_bridge,a320.attitude_response_p6dof.v1,surrogate_policy_overlay,0.0,0,0.8834291683560082,0.00013062877181082482,2.3409907592003427e-28,0.02000331411993223,-9.363963036801382e-27,jsbsim-1.3.1-a320-coefficient-surrogate
144.0,1.983905387512913e-12,32399.633737567223,10992.760062373232,224.33205413171697,0.7601871844740232,59881.399087494145,1,2,outbound-level,0.0,33142.2048,11000.0,230.1542,90.0,0.0,0.0,0.0,0.1429991309084076,90.0,1.5707963267948966,9.797157885811861e-05,0.0,2.042708385531832e-05,0.0,9183.353401753002,587235.9223613745,32419.14489889168,39733.546379751904,32419.14489889168,0.8301136485928357,12341.814748415767,0.0,-2.136573129589429e-36,-16.538079078197477,1.7846654656595826e-19,pseudo_6dof_kinematic_bridge,a320.attitude_response_p6dof.v1,surrogate_policy_overlay,0.0,0,0.879947823570365,9.797157885811861e-05,2.3409907592003427e-28,0.020000978742287366,-9.363963036801382e-27,jsbsim-1.3.1-a320-coefficient-surrogate
145.0,1.9976417640777587e-12,32623.965791093342,10992.776545997367,224.45342690807422,0.76059866201278,59880.56897396036,1,2,outbound-level,0.0,33372.359000000004,11000.0,230.1542,90.0,0.0,0.0,0.0,0.14364422623739373,90.0,1.5707963267948966,7.347868414358895e-05,0.0,1.1259037480043883e-05,0.0,9192.983959214258,587227.7817284884,32426.382807500224,39587.95113713443,32426.382807500224,0.8272134746910833,12331.762189920824,0.0,-2.1388137479555656e-36,-1.7189550053981557,1.7865370394261846e-19,pseudo_6dof_kinematic_bridge,a320.attitude_response_p6dof.v1,surrogate_policy_overlay,0.0,0,0.8765322233345719,7.347868414358895e-05,2.3409907592003427e-28,0.019999518463687728,-9.363963036801382e-27,jsbsim-1.3.1-a320-coefficient-surrogate
146.0,2.0113855725979203e-12,32848.41921766059,10992.788915404206,224.5724428753717,0.7610021070228179,59879.74176057128,1,2,outbound-level,0.0,33602.5132,11000.0,230.1542,90.0,0.0,0.0,0.0,0.14381354914442995,90.0,1.5707963267948966,5.5109013107691714e-05,0.0,2.955242226830297e-06,0.0,9202.43270802745,587219.6695363064,32433.483063664,39445.20223153853,32433.483063664,0.8243699981937047,12321.914507111123,0.0,-2.1410120672338645e-36,6.002887120206826,1.7883732810432585e-19,pseudo_6dof_kinematic_bridge,a320.attitude_response_p6dof.v1,surrogate_policy_overlay,0.0,0,0.8731828116023712,5.5109013107691714e-05,2.3409907592003427e-28,0.019998984462544337,-9.363963036801382e-27,jsbsim-1.3.1-a320-coefficient-surrogate
147.0,2.025136668753376e-12,33072.99166034414,10992.798197378477,224.68910335244126,0.7613975354509152,59878.91739063697,1,2,outbound-level,0.0,33832.6674,11000.0,230.1542,90.0,0.0,0.0,0.0,0.14369580268115767,90.0,1.5707963267948966,4.133175983076879e-05,0.0,-2.0550634666800966e-06,0.0,9211.698351709896,587211.58522889,32440.443821789595,39305.294728799316,32440.443821789595,0.8215831208149591,12312.270106068958,0.0,-2.143167785788318e-36,7.635077421587227,1.7901739385562334e-19,pseudo_6dof_kinematic_bridge,a320.attitude_response_p6dof.v1,surrogate_policy_overlay,0.0,0,0.8698995651765119,4.133175983076879e-05,2.3409907592003427e-28,0.01999908019497632,-9.363963036801382e-27,jsbsim-1.3.1-a320-coefficient-surrogate
148.0,2.0388949083079585e-12,33297.68076358862,10992.805162475519,224.80342171550882,0.7617850012437164,59878.09580756384,1,2,outbound-level,0.0,34062.8216,11000.0,230.1542,90.0,0.0,0.0,0.0,0.14348108169407167,90.0,1.5707963267948966,3.099881987307659e-05,0.0,-3.747588197782616e-06,0.0,9220.78090101863,587203.528251246,32447.264453700853,39168.2099097418,32447.264453700853,0.8188524696795948,12302.826754771871,0.0,-2.1452809061216277e-36,5.773263274385138,1.7919390140555987e-19,pseudo_6dof_kinematic_bridge,a320.attitude_response_p6dof.v1,surrogate_policy_overlay,0.0,0,0.8666821180958233,3.099881987307659e-05,2.3409907592003427e-28,0.019999445012281392,-9.363963036801382e-27,jsbsim-1.3.1-a320-coefficient-surrogate
149.0,2.052660147846302e-12,33522.484185243375,10992.8103889561,224.91542012179406,0.7621645859569577,59877.276955129775,1,2,outbound-level,0.0,34292.9758,11000.0,230.1542,90.0,0.0,0.0,0.0,0.14329424954441158,90.0,1.5707963267948966,2.3249114904807444e-05,0.0,-3.260836160147154e-06,0.0,9229.681326838743,587195.4980520234,32453.94522981118,39033.91903995631,32453.94522981118,0.8161774724146169,12293.581762596114,0.0,-2.147351654117183e-36,2.876835348125389,1.793668696220263e-19,pseudo_6dof_kinematic_bridge,a320.attitude_response_p6dof.v1,surrogate_policy_overlay,0.0,0,0.8635298547516844,2.3249114904807444e-05,2.3409907592003427e-28,0.019999812520326458,-9.363963036801382e-27,jsbsim-1.3.1-a320-coefficient-surrogate
150.0,2.06643224531076e-12,33747.399605330975,10992.814310769436,225.02512705762993,0.7625363909814746,59876.46077768396,1,2,outbound-level,0.0,34523.130000000005,11000.0,230.1542,90.0,0.0,0.0,0.0,0.14318557251526476,90.0,1.5707963267948966,1.7436836178605585e-05,0.0,-1.896771979897716e-06,0.0,9238.401300141602,587187.4940854744,32460.487079927254,38902.386190064295,32460.487079927254,0.8135574133273693,12284.532115085218,0.0,-2.1493804185384752e-36,0.4870185884519275,1.7953633097818097e-19,pseudo_6dof_kinematic_bridge,a320.attitude_response_p6dof.v1,surrogate_policy_overlay,0.0,0,0.8604419795590551,1.7436836178605585e-05,2.3409907592003427e-28,0.020000053917137765,-9.363963036801382e-27,jsbsim-1.3.1-a320-coefficient-surrogate
151.0,2.0802110603885244e-12,33972.42473236936,10992.817253564142,225.13257550490775,0.7629005317313953,59875.64722029051,1,2,outbound-level,0.0,34753.2842,11000.0,230.1542,90.0,0.0,0.0,0.0,0.1431520846474019,90.0,1.5707963267948966,1.3077627133954189e-05,0.0,-5.844735536800457e-07,0.0,9246.942997275408,587179.515812862,32466.89141387422,38773.570343991756,32466.89141387422,0.8109914754011333,12275.674574991135,0.0,-2.151367705728544e-36,-0.8307738403078931,1.797023277685246e-19,pseudo_6dof_kinematic_bridge,a320.attitude_response_p6dof.v1,surrogate_policy_overlay,0.0,0,0.8574175690493328,1.3077627133954189e-05,2.3409907592003427e-28,0.02000015109632895,-9.363963036801382e-27,jsbsim-1.3.1-a320-coefficient-surrogate
152.0,2.0939964547866556e-12,34197.55730786344,10992.81946171405,225.2378015711894,0.7632571333035755,59874.83622882997,1,2,outbound-level,0.0,34983.4384,11000.0,230.1542,90.0,0.0,0.0,0.0,0.1431662967044811,90.0,1.5707963267948966,9.808220350465642e-06,0.0,2.4804718951345567e-07,0.0,9255.308954275486,587171.5627034554,32473.15998705956,38647.42697339002,32473.15998705956,0.8084787716566888,12267.005757903316,0.0,-2.153314105714224e-36,-1.1763365054598267,1.798649092776102e-19,pseudo_6dof_kinematic_bridge,a320.attitude_response_p6dof.v1,surrogate_policy_overlay,0.0,0,0.8544556107845268,9.808220350465642e-06,2.3409907592003427e-28,0.020000145362276192,-9.363963036801382e-27,jsbsim-1.3.1-a320-coefficient-surrogate
153.0,2.1077882924233395e-12,34422.79510942854,10992.821118600543,225.34084346748676,0.7636063272400755,59874.027750069414,1,2,outbound-level,0.0,35213.5926,11000.0,230.1542,90.0,0.0,0.0,0.0,0.14319847787907838,90.0,1.5707963267948966,7.356165262849231e-06,0.0,5.616674538816275e-07,0.0,9263.501957952672,587163.6342352182,32479.29479979429,38523.909211806706,32479.29479979429,0.8060183685411285,12258.522188741284,0.0,-2.155220266867073e-36,-0.9346956991954054,1.8002412966348695e-19,pseudo_6dof_kinematic_bridge,a320.attitude_response_p6dof.v1,surrogate_policy_overlay,0.0,0,0.8515550323916755,7.356165262849231e-06,2.3409907592003427e-28,0.020000092217671305,-9.363963036801382e-27,jsbsim-1.3.1-a320-coefficient-surrogate
154.0,2.1215864395566105e-12,34648.1359528926,10992.822361833907,225.44174074669914,0.7639482491175312,59873.22173170917,1,2,outbound-level,0.0,35443.7468,11000.0,230.1542,90.0,0.0,0.0,0.0,0.14322812808955726,90.0,1.5707963267948966,5.5171239471369235e-06,0.0,5.174937967660232e-07,0.0,9271.5249645729,587155.7298952658,32485.298021969946,38402.968728812346,32485.298021969946,0.8036093033399591,12250.220343843946,0.0,-2.1570868769835935e-36,-0.49452608787321983,1.8018004637734385e-19,pseudo_6dof_kinematic_bridge,a320.attitude_response_p6dof.v1,surrogate_policy_overlay,0.0,0,0.8487147231913766,5.5171239471369235e-06,2.3409907592003427e-28,0.02000003473946442,-9.363963036801382e-27,jsbsim-1.3.1-a320-coefficient-surrogate
155.0,2.135390764866475e-12,34873.577693637366,10992.823294676427,225.5405337374502,0.7642830367563187,59872.41812241203,1,2,outbound-level,0.0,35673.901,11000.0,230.1542,90.0,0.0,0.0,0.0,0.14324628469762665,90.0,1.5707963267948966,4.137842960352692e-06,0.0,3.1689259180503653e-07,0.0,9279.381039233775,587147.8491801519,32491.17193677935,38284.55637923401,32491.17193677935,0.8012505971094641,12242.096682222691,0.0,-2.1589146491807593e-36,-0.11150638529836385,1.8033271898537207e-19,pseudo_6dof_kinematic_bridge,a320.attitude_response_p6dof.v1,surrogate_policy_overlay,0.0,0,0.8459335502755008,4.137842960352692e-06,2.3409907592003427e-28,0.019999995106906962,-9.363963036801382e-27,jsbsim-1.3.1-a320-coefficient-surrogate
156.0,2.149201139502386e-12,35099.11822737373,10992.82399461491,225.63726312437763,0.764610828894192,59871.61687181956,1,2,outbound-level,0.0,35904.0552,11000.0,230.1542,90.0,0.0,0.0,0.0,0.1432526300857421,90.0,1.5707963267948966,3.103382220264519e-06,0.0,1.1074791493138823e-07,0.0,9287.07331076445,587139.9915960293,32496.91889873834,38168.62268385872,32496.91889873834,0.7989412642520403,12234.14766866657,0.0,-2.1607043114031464e-36,0.11126337699535174,1.8048220829230273e-19,pseudo_6dof_kinematic_bridge,a320.attitude_response_p6dof.v1,surrogate_policy_overlay,0.0,0,0.8432103704251905,3.103382220264519e-06,2.3409907592003427e-28,0.019999977779547817,-9.363963036801382e-27,jsbsim-1.3.1-a320-coefficient-surrogate
157.0,2.1630174371050305e-12,35324.7554904975,10992.824519793912,225.73196963816346,0.7649317642079106,59870.81793055878,1,2,outbound-level,0.0,36134.2094,11000.0,230.1542,90.0,0.0,0.0,0.0,0.14325110635373298,90.0,1.5707963267948966,2.327536665198389e-06,0.0,-2.6594140477580877e-08,0.0,9294.604938266222,587132.1566587142,32502.54130244519,38055.118183877574,32502.54130244519,0.796680319576522,12226.369790723427,0.0,-2.162456598638362e-36,0.179776075729159,1.8062857569116664e-19,pseudo_6dof_kinematic_bridge,a320.attitude_response_p6dof.v1,surrogate_policy_overlay,0.0,0,0.8405440389123411,2.327536665198389e-06,2.3409907592003427e-28,0.019999977165501698,-9.363963036801382e-27,jsbsim-1.3.1-a320-coefficient-surrogate
158.0,2.1768395338091395e-12,35550.487460135315,10992.82491384349,225.82469382777228,0.7652459805955041,59870.02125024179,1,2,outbound-level,0.0,36364.363600000004,11000.0,230.1542,90.0,0.0,0.0,0.0,0.14324633367116052,90.0,1.5707963267948966,1.7456524988987919e-06,0.0,-8.329902504169964e-08,0.0,9301.979086380372,587124.3438936836,32508.041559400597,37943.99370077101,32508.041559400597,0.7944667834749468,12218.759571081304,0.0,-2.16417224716293e-36,0.15038941417798096,1.80771882682657e-19,pseudo_6dof_kinematic_bridge,a320.attitude_response_p6dof.v1,surrogate_policy_overlay,0.0,0,0.8379334159668025,1.7456524988987919e-06,2.3409907592003427e-28,0.019999984786715153,-9.363963036801382e-27,jsbsim-1.3.1-a320-coefficient-surrogate
159.0,2.1906673082323584e-12,35776.31215396289,10992.82520950207,225.91547589424644,0.7655536146536621,59869.22678346026,1,2,outbound-level,0.0,36594.5178,11000.0,230.1542,90.0,0.0,0.0,0.0,0.14324165602227612,90.0,1.5707963267948966,1.3092393741740939e-06,0.0,-8.164037428464527e-08,0.0,9309.19890709696,587116.5528360206,32513.422080876833,37835.20052540882,32513.422080876833,0.7922996856893196,12211.31357649728,0.0,-2.165851990309978e-36,0.08413277841555704,1.8091219052160707e-19,pseudo_6dof_kinematic_bridge,a320.attitude_response_p6dof.v1,surrogate_policy_overlay,0.0,0,0.8353773714959088,1.3092393741740939e-06,2.3409907592003427e-28,0.01999999371883254,-9.363963036801382e-27,jsbsim-1.3.1-a320-coefficient-surrogate
160.0,2.2045006414539388e-12,36002.22762985703,10992.825431335148,226.00435557057222,0.7658548013011292,59868.43448377602,1,2,outbound-level,0.0,36824.672,11000.0,230.1542,90.0,0.0,0.0,0.0,0.1432386455745086,90.0,1.5707963267948966,9.819295306305703e-07,0.0,-5.2542225502557886e-08,0.0,9316.267526464033,587108.783030322,32518.685265325177,37728.690554192406,32518.685265325177,0.7901780680234882,12204.028424137097,0.0,-2.1674965553770375e-36,0.02312294239294301,1.8104955995870074e-19,pseudo_6dof_kinematic_bridge,a320.attitude_response_p6dof.v1,surrogate_policy_overlay,0.0,0,0.8328747884961765,9.819295306305703e-07,2.3409907592003427e-28,0.020000000183716452,-9.363963036801382e-27,jsbsim-1.3.1-a320-coefficient-surrogate
161.0,2.218339416986078e-12,36228.23198542754,10992.82559777541,226.09137203600324,0.7661496735112661,59867.64430570908,1,2,outbound-level,0.0,37054.8262,11000.0,230.1542,90.0,0.0,0.0,0.0,0.14323747900516992,90.0,1.5707963267948966,7.364471479729278e-07,0.0,-2.0360475912876128e-08,0.0,9323.188034966359,587101.0340305819,32523.83348918651,37624.41638560672,32523.83348918651,0.788100986266403,12196.900785975165,0.0,-2.1691066613875872e-36,-0.01421541691372959,1.8118405105349567e-19,pseudo_6dof_kinematic_bridge,a320.attitude_response_p6dof.v1,surrogate_policy_overlay,0.0,0,0.8304245654869695,7.364471479729278e-07,2.3409907592003427e-28,0.020000003223168538,-9.363963036801382e-27,jsbsim-1.3.1-a320-coefficient-surrogate
162.0,2.232183520740012e-12,36454.32335746351,10992.82572265367,226.17656385613168,0.7664383621261603,59866.85620472363,1,2,outbound-level,0.0,37284.9804,11000.0,230.1542,90.0,0.0,0.0,0.0,0.14323760190818116,90.0,1.5707963267948966,5.523353609796958e-07,0.0,2.1450622066394615e-09,0.0,9329.96348065005,587093.3054000529,32528.869100252487,37522.33138720607,32528.869100252487,0.7860675115264362,12189.927391743324,0.0,-2.1706830174914483e-36,-0.027232938459907815,1.8131572304080945e-19,pseudo_6dof_kinematic_bridge,a320.attitude_response_p6dof.v1,surrogate_policy_overlay,0.0,0,0.828025618213433,5.523353609796958e-07,2.3409907592003427e-28,0.020000003564736628,-9.363963036801382e-27,jsbsim-1.3.1-a320-coefficient-surrogate
163.0,2.2460328409884386e-12,36680.49992131962,10992.825816347655,226.2599689421783,0.766720995731577,59866.07013721271,1,2,outbound-level,0.0,37515.134600000005,11000.0,230.1542,90.0,0.0,0.0,0.0,0.14323830115154312,90.0,1.5707963267948966,4.1425152073477186e-07,0.0,1.2204098938964647e-08,0.0,9336.596864300243,587085.596711097,32533.79441293688,37422.389740547056,32533.79441293688,0.7840767311264187,12183.105030796247,0.0,-2.1722263218428368e-36,-0.024048910503164777,1.8144463423700399e-19,pseudo_6dof_kinematic_bridge,a320.attitude_response_p6dof.v1,surrogate_policy_overlay,0.0,0,0.8256768808040404,4.1425152073477186e-07,2.3409907592003427e-28,0.02000000249291013,-9.363963036801382e-27,jsbsim-1.3.1-a320-coefficient-surrogate
164.0,2.259887268325449e-12,36906.75989026179,10992.825886644057,226.3416245246039,0.7669977005772273,59865.28606048204,1,2,outbound-level,0.0,37745.2888,11000.0,230.1542,90.0,0.0,0.0,0.0,0.14323903463390794,90.0,1.5707963267948966,3.106886405510789e-07,0.0,1.2801682271664297e-08,0.0,9343.091136151985,587077.9075450263,32538.61170497618,37324.54646970368,32538.61170497618,0.7821277491716472,12176.430553169223,0.0,-2.173737260835126e-36,-0.014182208982876565,1.8157084197606579e-19,pseudo_6dof_kinematic_bridge,a320.attitude_response_p6dof.v1,surrogate_policy_overlay,0.0,0,0.8233773065217842,3.106886405510789e-07,2.3409907592003427e-28,0.020000001114220744,-9.363963036801382e-27,jsbsim-1.3.1-a320-coefficient-surrogate
165.0,2.273746695624842e-12,37133.10151478639,10992.825939385386,226.42156713737376,0.7672686005307192,59864.503932733205,1,2,outbound-level,0.0,37975.443,11000.0,230.1542,90.0,0.0,0.0,0.0,0.14323953027710767,90.0,1.5707963267948966,2.330164804133092e-07,0.0,8.650605750560407e-09,0.0,9349.449193744465,587070.237491938,32543.323215198252,37228.75745758505,32543.323215198252,0.7802196868749212,12169.900870036436,0.0,-2.1752165086016202e-36,-0.004524301792976453,1.8169440256790585e-19,pseudo_6dof_kinematic_bridge,a320.attitude_response_p6dof.v1,surrogate_policy_overlay,0.0,0,0.8211258682131211,2.330164804133092e-07,2.3409907592003427e-28,0.020000000066182827,-9.363963036801382e-27,jsbsim-1.3.1-a320-coefficient-surrogate
166.0,2.2876110179974775e-12,37359.523081923755,10992.825978955354,226.49983261012304,0.7675338170564705,59863.72371304659,1,2,outbound-level,0.0,38205.597200000004,11000.0,230.1542,90.0,0.0,0.0,0.0,0.14323973993453226,90.0,1.5707963267948966,1.747623603099819e-07,0.0,3.659212360295424e-09,0.0,9355.67388062615,587062.5861505483,32547.931142087866,37134.97945322062,32547.931142087866,0.7783516827016619,12163.512953725367,0.0,-2.1766647267142952e-36,0.0016852496536789675,1.8181537127319565e-19,pseudo_6dof_kinematic_bridge,a320.attitude_response_p6dof.v1,surrogate_policy_overlay,0.0,0,0.8189215585327735,1.747623603099819e-07,2.3409907592003427e-28,0.019999999540177428,-9.363963036801382e-27,jsbsim-1.3.1-a320-coefficient-surrogate
167.0,2.301480132748147e-12,37586.022914533874,10992.826008643087,226.5764560661623,0.7677934692130506,59862.94536136407,1,2,outbound-level,0.0,38435.7514,11000.0,230.1542,90.0,0.0,0.0,0.0,0.14323973963754427,90.0,1.5707963267948966,1.3107177023248641e-07,0.0,-5.1834185684432965e-12,0.0,9361.767985691535,587054.953128021,32552.437642945526,37043.1700723831,32552.437642945526,0.7765228923823203,12157.263837404946,0.0,-2.178082564029487e-36,0.004085049040402093,1.8193380229047762e-19,pseudo_6dof_kinematic_bridge,a320.attitude_response_p6dof.v1,surrogate_policy_overlay,0.0,0,0.8167633900028609,1.3107177023248641e-07,2.3409907592003427e-28,0.019999999447096177,-9.363963036801382e-27,jsbsim-1.3.1-a320-coefficient-surrogate
168.0,2.315353939332326e-12,37812.59937060004,10992.82603091642,226.6514719247794,0.7680476736640584,59862.16883847183,1,2,outbound-level,0.0,38665.9056,11000.0,230.1542,90.0,0.0,0.0,0.0,0.14323963866539405,90.0,1.5707963267948966,9.830382767436482e-08,0.0,-1.7622964740566809e-09,0.0,9367.734242985176,587047.3380397997,32556.84483348682,36953.28779332351,32556.84483348682,0.7747324888274216,12151.150614534996,0.0,-2.1794706566422985e-36,0.0038221603467947928,1.820497487523569e-19,pseudo_6dof_kinematic_bridge,a320.attitude_response_p6dof.v1,surrogate_policy_overlay,0.0,0,0.8146503949501668,9.830382767436482e-08,2.3409907592003427e-28,0.01999999959408668,-9.363963036801382e-27,jsbsim-1.3.1-a320-coefficient-surrogate
169.0,2.329232339313062e-12,38039.250842524816,10992.82604762695,226.7249139066806,0.7682965446988717,59861.394105983105,1,2,outbound-level,0.0,38896.0598,11000.0,230.1542,90.0,0.0,0.0,0.0,0.1432395243728447,90.0,1.5707963267948966,7.37278707557736e-08,0.0,-1.9947812963311703e-09,0.0,9373.575331849743,587039.7405094393,32561.154787767657,36865.29194894786,32561.154787767657,0.7729796619717296,12145.170438143206,0.0,-2.1808296279210467e-36,0.0023708848268360746,1.8216326272837847e-19,pseudo_6dof_kinematic_bridge,a320.attitude_response_p6dof.v1,surrogate_policy_overlay,0.0,0,0.8125816253543581,7.37278707557736e-08,2.3409907592003427e-28,0.01999999980535492,-9.363963036801382e-27,jsbsim-1.3.1-a320-coefficient-surrogate
170.0,2.3431152363182007e-12,38265.97575643149,10992.826060163909,226.79681504170657,0.7685401942605284,59860.62112632121,1,2,outbound-level,0.0,39126.214,11000.0,230.1542,90.0,0.0,0.0,0.0,0.1432394433079209,90.0,1.5707963267948966,5.5295903066830205e-08,0.0,-1.414849828303124e-09,0.0,9379.29387732583,587032.1601684379,32565.369538349278,36779.14271642857,32565.369538349278,0.771263618567311,12139.320519979225,0.0,-2.182160088600281e-36,0.0008516598783030822,1.8227439523279706e-19,pseudo_6dof_kinematic_bridge,a320.attitude_response_p6dof.v1,surrogate_policy_overlay,0.0,0,0.8105561526316813,5.5295903066830205e-08,2.3409907592003427e-28,0.019999999974236817,-9.363963036801382e-27,jsbsim-1.3.1-a320-coefficient-surrogate
171.0,2.3570025359980828e-12,38492.7725714732,10992.82606956961,226.86720767817462,0.7687787319786875,59859.8498627027,1,2,outbound-level,0.0,39356.3682,11000.0,230.1542,90.0,0.0,0.0,0.0,0.14323940629476425,90.0,1.5707963267948966,4.1471927300122655e-08,0.0,-6.460014497897954e-10,0.0,9384.892450734389,587024.5966560735,32569.49107663865,36694.801104994694,32569.49107663865,0.7695835819403252,12133.598129582653,0.0,-2.1834626369162888e-36,-0.0001735595162210617,1.8238319623589582e-19,pseudo_6dof_kinematic_bridge,a320.attitude_response_p6dof.v1,surrogate_policy_overlay,0.0,0,0.8085730673725265,4.1471927300122655e-08,2.3409907592003427e-28,0.020000000064227544,-9.363963036801382e-27,jsbsim-1.3.1-a320-coefficient-surrogate
172.0,2.3708941459838113e-12,38719.639779151374,10992.826076626076,226.93612349336493,0.76901226520614,59859.080279120804,1,2,outbound-level,0.0,39586.5224,11000.0,230.1542,90.0,0.0,0.0,0.0,0.1432394032576835,90.0,1.5707963267948966,3.110394547509199e-08,0.0,-5.3007058833871316e-11,0.0,9390.373570390084,587017.04961924,32573.521353355936,36612.22894245461,32573.521353355936,0.7679387917225624,12128.00059329281,0.0,-2.1847378587730657e-36,-0.0006060040257105149,1.824897146778497e-19,pseudo_6dof_kinematic_bridge,a320.attitude_response_p6dof.v1,surrogate_policy_overlay,0.0,0,0.8066314790465424,3.110394547509199e-08,2.3409907592003427e-28,0.020000000085153725,-9.363963036801382e-27,jsbsim-1.3.1-a320-coefficient-surrogate
173.0,2.384789975846164e-12,38946.57590264474,10992.826081920031,227.0035935047884,0.769240899057726,59858.31234032912,1,2,outbound-level,0.0,39816.676600000006,11000.0,230.1542,90.0,0.0,0.0,0.0,0.14323941758197384,90.0,1.5707963267948966,2.3327959106318992e-08,0.0,2.5000602921303763e-10,0.0,9395.73970240687,587009.5187122885,32577.46227909275,36531.388860865816,32577.46227909275,0.7663285035659958,12122.525293221097,0.0,-2.1859863279297364e-36,-0.000603713103189968,1.8259399848438056e-19,pseudo_6dof_kinematic_bridge,a320.attitude_response_p6dof.v1,surrogate_policy_overlay,0.0,0,0.8047305156855645,2.3327959106318992e-08,2.3409907592003427e-28,0.020000000065674515,-9.363963036801382e-27,jsbsim-1.3.1-a320-coefficient-surrogate
174.0,2.3986899370551934e-12,39173.57949614953,10992.82608589168,227.0696480819675,0.7694647364508075,59857.54601182558,1,2,outbound-level,0.0,40046.8308,11000.0,230.1542,90.0,0.0,0.0,0.0,0.14323943527396832,90.0,1.5707963267948966,1.7495969329739246e-08,0.0,3.0878355463992927e-10,0.0,9400.993261566931,587002.0035968693,32581.315724934175,36452.244281659594,32581.315724934175,0.7647519888464722,12117.169666201073,0.0,-2.18720860620272e-36,-0.00039333402163366026,1.8269609458364396e-19,pseudo_6dof_kinematic_bridge,a320.attitude_response_p6dof.v1,surrogate_policy_overlay,0.0,0,0.8028693235519859,1.7495969329739246e-08,2.3409907592003427e-28,0.020000000033553508,-9.363963036801382e-27,jsbsim-1.3.1-a320-coefficient-surrogate
175.0,2.4125939429405484e-12,39400.649144231495,10992.826088871283,227.13431695853015,0.7696838781466634,59856.78125983675,1,2,outbound-level,0.0,40276.985,11000.0,230.1542,90.0,0.0,0.0,0.0,0.143239448449236,90.0,1.5707963267948966,1.3121976997304434e-08,0.0,2.2995180121026437e-10,0.0,9406.13661223144,586994.5039417781,32585.08352312434,36374.75940044903,32585.08352312434,0.7632085343610968,12111.931202727981,0.0,-2.1884052436776265e-36,-0.00015590495289171912,1.8279604892392858e-19,pseudo_6dof_kinematic_bridge,a320.attitude_response_p6dof.v1,surrogate_policy_overlay,0.0,0,0.8010470667982318,1.3121976997304434e-08,2.3409907592003427e-28,0.02000000000649972,-9.363963036801382e-27,jsbsim-1.3.1-a320-coefficient-surrogate
176.0,2.4265019086525375e-12,39627.783461190025,10992.82609110662,227.19762924446724,0.7698984227923371,59856.0180513024,1,2,outbound-level,0.0,40507.139200000005,11000.0,230.1542,90.0,0.0,0.0,0.0,0.1432394548890487,90.0,1.5707963267948966,9.841482747978325e-09,0.0,1.1239593518607951e-10,0.0,9411.172069277092,586987.0194228047,32588.767467760397,36298.89917169052,32588.767467760397,0.7616974420226994,12106.807445896131,0.0,-2.1895767789271455e-36,1.221301905380046e-05,1.8289390649185654e-19,pseudo_6dof_kinematic_bridge,a320.attitude_response_p6dof.v1,surrogate_policy_overlay,0.0,0,0.799262927121574,9.841482747978325e-09,2.3409907592003427e-28,0.01999999999125685,-9.363963036801382e-27,jsbsim-1.3.1-a320-coefficient-surrogate
177.0,2.440413751123943e-12,39854.98109043449,10992.826092783593,227.25961343844463,0.7701084669625907,59855.25635386039,1,2,outbound-level,0.0,40737.2934,11000.0,230.1542,90.0,0.0,0.0,0.0,0.14323945586337464,90.0,1.5707963267948966,7.3811120609837444e-09,0.0,1.7005195358699893e-11,0.0,9416.101899046485,586979.549722585,32592.369315503638,36224.62929332275,32592.369315503638,0.760218028553851,12101.795990340237,0.0,-2.1907237392321608e-36,8.875036118322026e-05,1.8298971133085293e-19,pseudo_6dof_kinematic_bridge,a320.attitude_response_p6dof.v1,surrogate_policy_overlay,0.0,0,0.797516103417377,7.3811120609837444e-09,2.3409907592003427e-28,0.019999999986967408,-9.363963036801382e-27,jsbsim-1.3.1-a320-coefficient-surrogate
178.0,2.4543293890325857e-12,40082.240703872936,10992.826094041664,227.32029744008875,0.7703141052017112,59854.49613583185,1,2,outbound-level,0.0,40967.4476,11000.0,230.1542,90.0,0.0,0.0,0.0,0.14323945387650058,90.0,1.5707963267948966,5.535834045737808e-09,0.0,-3.467749417378805e-11,0.0,9420.928320303618,586972.0945304554,32595.890786299504,36151.91619147522,32595.890786299504,0.7587696251822675,12096.894481185598,0.0,-2.1918466408040523e-36,9.475597562087572e-05,1.8308350655971434e-19,pseudo_6dof_kinematic_bridge,a320.attitude_response_p6dof.v1,surrogate_policy_overlay,0.0,0,0.7958058114330719,5.535834045737808e-09,2.3409907592003427e-28,0.01999999998942262,-9.363963036801382e-27,jsbsim-1.3.1-a320-coefficient-surrogate
179.0,2.4682487427646473e-12,40309.56100131303,10992.82609498547,227.3797085621858,0.7705154300649816,59853.73736620667,1,2,outbound-level,0.0,41197.601800000004,11000.0,230.1542,90.0,0.0,0.0,0.0,0.14323945115703354,90.0,1.5707963267948966,4.151875534303356e-09,0.0,-4.746365376328878e-11,0.0,9425.653505187867,586964.6535423106,32599.333564100143,36080.727005092616,32599.333564100143,0.757351577334535,12092.10061273212,0.0,-2.1929459890066496e-36,6.479400310178279e-05,1.8317533439114866e-19,pseudo_6dof_kinematic_bridge,a320.attitude_response_p6dof.v1,surrogate_policy_overlay,0.0,0,0.794131283424554,4.151875534303356e-09,2.3409907592003427e-28,0.01999999999426413,-9.363963036801382e-27,jsbsim-1.3.1-a320-coefficient-surrogate
180.0,2.4821717343787344e-12,40536.94070987521,10992.82609569351,227.4378735427529,0.7707125321596838,59852.980014629335,1,2,outbound-level,0.0,41427.756,11000.0,230.1542,90.0,0.0,0.0,0.0,0.14323944902867042,90.0,1.5707963267948966,3.1139066507275167e-09,0.0,-3.7146943761657835e-11,0.0,9430.279580161876,586957.2264604648,32602.69929758517,36011.02957209951,32602.69929758517,0.7559632443605188,12087.412128611719,0.0,-2.1940222785767586e-36,2.7939060329749414e-05,1.8326523615019551e-19,pseudo_6dof_kinematic_bridge,a320.attitude_response_p6dof.v1,surrogate_policy_overlay,0.0,0,0.7924917678209117,3.1139066507275167e-09,2.3409907592003427e-28,0.01999999999857267,-9.363963036801382e-27,jsbsim-1.3.1-a320-coefficient-surrogate
181.0,2.4960982875706852e-12,40764.378583417965,10992.826096224675,227.49481855695237,0.7709055001855472,59852.224051384976,1,2,outbound-level,0.0,41657.9102,11000.0,230.1542,90.0,0.0,0.0,0.0,0.14323944792186977,90.0,1.5707963267948966,2.3354299880456376e-09,0.0,-1.931731572799616e-11,0.0,9434.808626949958,586949.8129935145,32605.989600877216,35942.7924122999,32605.989600877216,0.7546039991927319,12082.826818887439,0.0,-2.1950759938424937e-36,5.488539377061871e-07,1.8335325229246335e-19,pseudo_6dof_kinematic_bridge,a320.attitude_response_p6dof.v1,surrogate_policy_overlay,0.0,0,0.7908865288687754,2.3354299880456376e-09,2.3409907592003427e-28,0.020000000001131755,-9.363963036801382e-27,jsbsim-1.3.1-a320-coefficient-surrogate
182.0,2.510028327639104e-12,40991.87340197492,10992.826096623148,227.55056922881136,0.7710944209745171,59851.46944738578,1,2,outbound-level,0.0,41888.0644,11000.0,230.1542,90.0,0.0,0.0,0.0,0.14323944768910998,90.0,1.5707963267948966,1.7515724910342282e-09,0.0,-4.062424883839344e-12,0.0,9439.242683463337,586942.4128562058,32609.20605424908,35875.984715305676,32609.20605424908,0.7532732281058779,12078.34252042271,0.0,-2.1961076089385392e-36,-1.2799264634777422e-05,1.834394224221101e-19,pseudo_6dof_kinematic_bridge,a320.attitude_response_p6dof.v1,surrogate_policy_overlay,0.0,0,0.7893148463344092,1.7515724910342282e-09,2.3409907592003427e-28,0.020000000001963954,-9.363963036801382e-27,jsbsim-1.3.1-a320-coefficient-surrogate
183.0,2.5239617814516153e-12,41219.42397120373,10992.826096922077,227.60515064276782,0.7712793795299223,59850.71617415768,1,2,outbound-level,0.0,42118.2186,11000.0,230.1542,90.0,0.0,0.0,0.0,0.14323944795657986,90.0,1.5707963267948966,1.3136793682756711e-09,0.0,4.668230011585268e-12,0.0,9443.583744713264,586935.0257693034,32612.350204822822,35810.5763250093,32612.350204822822,0.7519703304075542,12073.957115537549,0.0,-2.197117588018591e-36,-1.4774382992582936e-05,1.835237853095884e-19,pseudo_6dof_kinematic_bridge,a320.attitude_response_p6dof.v1,surrogate_policy_overlay,0.0,0,0.7877760151554307,1.3136793682756711e-09,2.3409907592003427e-28,0.020000000001678755,-9.363963036801382e-27,jsbsim-1.3.1-a320-coefficient-surrogate
184.0,2.537898577411821e-12,41447.0291218465,10992.826097146328,227.65858735499418,0.7714604590648787,59849.96420382727,1,2,outbound-level,0.0,42348.3728,11000.0,230.1542,90.0,0.0,0.0,0.0,0.1432394483714371,90.0,1.5707963267948966,9.852595262067533e-10,0.0,7.240624554523378e-12,0.0,9447.833763707764,586927.6514594627,32615.42356725716,35746.537725868046,32615.42356725716,0.750694718165043,12069.668531054995,0.0,-2.198106385463995e-36,-1.0601315370416246e-05,1.8360637890907284e-19,pseudo_6dof_kinematic_bridge,a320.attitude_response_p6dof.v1,surrogate_policy_overlay,0.0,0,0.7862693451281878,9.852595262067533e-10,2.3409907592003427e-28,0.02000000000095607,-9.363963036801382e-27,jsbsim-1.3.1-a320-coefficient-surrogate
185.0,2.551838645426956e-12,41674.68770920149,10992.826097314555,227.71090340451346,0.7716377410399816,59849.213509109104,1,2,outbound-level,0.0,42578.527,11000.0,230.1542,90.0,0.0,0.0,0.0,0.14323944871322308,90.0,1.5707963267948966,7.38944644655065e-10,0.0,5.965290682773099e-12,0.0,9451.994652332825,586920.2896591048,32618.42762442376,35683.8400291936,32618.42762442376,0.7494458159322074,12065.47473736537,0.0,-2.1990744460887576e-36,-4.9214726005948805e-06,1.8368724037558445e-19,pseudo_6dof_kinematic_bridge,a320.attitude_response_p6dof.v1,surrogate_policy_overlay,0.0,0,0.784794160594698,7.38944644655065e-10,2.3409907592003427e-28,0.020000000000273924,-9.363963036801382e-27,jsbsim-1.3.1-a320-coefficient-surrogate
186.0,2.5657819168762203e-12,41902.398612606004,10992.826097440755,227.76212232410046,0.7718113052002635,59848.46406329317,1,2,outbound-level,0.0,42808.6812,11000.0,230.1542,90.0,0.0,0.0,0.0,0.14323944890144907,90.0,1.5707963267948966,5.542084834912987e-10,0.0,3.285162960396183e-12,0.0,9456.068282217226,586912.940106294,32621.363828071426,35622.45495971815,32621.363828071426,0.7482230604818957,12061.37374750937,0.0,-2.2000222053407587e-36,-4.86778586048278e-07,1.8376640608179784e-19,pseudo_6dof_kinematic_bridge,a320.attitude_response_p6dof.v1,surrogate_policy_overlay,0.0,0,0.7833498001356556,5.542084834912987e-10,2.3409907592003427e-28,0.019999999999847713,-9.363963036801382e-27,jsbsim-1.3.1-a320-coefficient-surrogate
187.0,2.579728324579781e-12,42130.160734930105,10992.826097535426,227.81226715096582,0.7719812296114129,59847.71584023269,1,2,outbound-level,0.0,43038.8354,11000.0,230.1542,90.0,0.0,0.0,0.0,0.14323944895071455,90.0,1.5707963267948966,4.1565636261847405e-10,0.0,8.598451676874017e-13,0.0,9460.056485580637,586905.602544618,32624.233599477975,35562.35484243822,32624.233599477975,0.7470259005438786,12057.36361627949,0.0,-2.2009500894990638e-36,1.8124388566616241e-06,1.8384391163452274e-19,pseudo_6dof_kinematic_bridge,a320.attitude_response_p6dof.v1,surrogate_policy_overlay,0.0,0,0.7819356162695654,4.1565636261847405e-10,2.3409907592003427e-28,0.019999999999692108,-9.363963036801382e-27,jsbsim-1.3.1-a320-coefficient-surrogate
188.0,2.5936778027684276e-12,42357.97300208107,10992.826097606445,227.86136043722465,0.7721475906952578,59846.96881433215,1,2,outbound-level,0.0,43268.9896,11000.0,230.1542,90.0,0.0,0.0,0.0,0.14323944891620033,90.0,1.5707963267948966,3.1174227196385554e-10,0.0,-6.02387035617372e-13,0.0,9463.961056064993,586898.2767230704,32627.0383300895,35503.51258973356,32627.0383300895,0.7458537965482644,12053.442439339964,0.0,-2.201858515867352e-36,2.2888210964355264e-06,1.839197918908606e-19,pseudo_6dof_kinematic_bridge,a320.attitude_response_p6dof.v1,surrogate_policy_overlay,0.0,0,0.7805509751579588,3.1174227196385554e-10,2.3409907592003427e-28,0.019999999999720332,-9.363963036801382e-27,jsbsim-1.3.1-a320-coefficient-surrogate
189.0,2.607630287053868e-12,42585.83436251829,10992.826097659721,227.90942426014956,0.7723104632645185,59846.2229605356,1,2,outbound-level,0.0,43499.143800000005,11000.0,230.1542,90.0,0.0,0.0,0.0,0.14323944885343676,90.0,1.5707963267948966,2.3380670397289164e-10,0.0,-1.0954309777385628e-12,0.0,9467.783749549038,586890.9623959365,32629.779382147077,35445.90168876007,32629.779382147077,0.7447062203743728,12049.608352364769,0.0,-2.2027478929634254e-36,1.7244643847779038e-06,1.8399408097403447e-19,pseudo_6dof_kinematic_bridge,a320.attitude_response_p6dof.v1,surrogate_policy_overlay,0.0,0,0.7791952563166894,2.3380670397289164e-10,2.3409907592003427e-28,0.01999999999982701,-9.363963036801382e-27,jsbsim-1.3.1-a320-coefficient-surrogate
190.0,2.6215857143996537e-12,42813.74378677844,10992.826097699686,227.9564802322114,0.7724699205568373,59845.478254315225,1,2,outbound-level,0.0,43729.298,11000.0,230.1542,90.0,0.0,0.0,0.0,0.14323944879887152,90.0,1.5707963267948966,1.7535502797966873e-10,0.0,-9.523426436076269e-13,0.0,9471.526284946207,586883.6593226803,32632.458089300806,35389.496189112426,32632.458089300806,0.7435826551049831,12045.859530193728,0.0,-2.203618620704841e-36,8.558340387750928e-07,1.840668122888945e-19,pseudo_6dof_kinematic_bridge,a320.attitude_response_p6dof.v1,surrogate_policy_overlay,0.0,0,0.7778678523332263,1.7535502797966873e-10,2.3409907592003427e-28,0.019999999999934365,-9.363963036801382e-27,jsbsim-1.3.1-a320-coefficient-surrogate
191.0,2.6355440230927176e-12,43041.70026701065,10992.826097729667,228.00254951091054,0.7726260342680975,59844.73467166012,1,2,outbound-level,0.0,43959.4522,11000.0,230.1542,90.0,0.0,0.0,0.0,0.14323944876715747,90.0,1.5707963267948966,1.3151627098475155e-10,0.0,-5.535147373838306e-13,0.0,9475.19034498601,586876.3672678358,32635.075757211373,35334.27069075171,32635.075757211373,0.7424825947858571,12042.194186006214,0.0,-2.2044710905907053e-36,1.4216119711535427e-07,1.8413801853710321e-19,pseudo_6dof_kinematic_bridge,a320.attitude_response_p6dof.v1,surrogate_policy_overlay,0.0,0,0.7765681685898481,1.3151627098475155e-10,2.3409907592003427e-28,0.020000000000004833,-9.363963036801382e-27,jsbsim-1.3.1-a320-coefficient-surrogate
192.0,2.649505152715516e-12,43269.70281652156,10992.826097752157,228.0476528084007,0.7727788745850395,59843.99218906533,1,2,outbound-level,0.0,44189.606400000004,11000.0,230.1542,90.0,0.0,0.0,0.0,0.14323944875740616,90.0,1.5707963267948966,9.863720323856366e-11,0.0,-1.7019224662072187e-13,0.0,9478.777576979075,586869.0860008975,32637.63366413922,35280.20033219559,32637.63366413922,0.7414055441904962,12038.61057051221,0.0,-2.2053056858796683e-36,-2.4967174526204014e-07,1.8420773173200334e-19,pseudo_6dof_kinematic_bridge,a320.attitude_response_p6dof.v1,surrogate_policy_overlay,0.0,0,0.7752956229926997,9.863720323856366e-11,2.3409907592003427e-28,0.02000000000003316,-9.363963036801382e-27,jsbsim-1.3.1-a320-coefficient-surrogate
193.0,2.66346904411876e-12,43497.75046932996,10992.826097769028,228.09181040091036,0.772928510217188,59843.250783521136,1,2,outbound-level,0.0,44419.7606,11000.0,230.1542,90.0,0.0,0.0,0.0,0.14323944876157743,90.0,1.5707963267948966,7.397790242892275e-11,0.0,7.280258759653581e-14,0.0,9482.289593566169,586861.8152962176,32640.133061521454,35227.26077896377,32640.133061521454,0.7403510185899809,12035.106971160538,0.0,-2.2061227817641878e-36,-3.510504202066255e-07,1.8427598321317378e-19,pseudo_6dof_kinematic_bridge,a320.attitude_response_p6dof.v1,surrogate_policy_overlay,0.0,0,0.7740496457065509,7.397790242892275e-11,2.3409907592003427e-28,0.02000000000003144,-9.363963036801382e-27,jsbsim-1.3.1-a320-coefficient-surrogate
194.0,2.67743563939472e-12,43725.842279730874,10992.826097781683,228.13504213796435,0.7730750084281035,59842.510432502546,1,2,outbound-level,0.0,44649.9148,11000.0,230.1542,90.0,0.0,0.0,0.0,0.14323944877098552,90.0,1.5707963267948966,5.548342682169206e-11,0.0,1.6420192841905862e-13,0.0,9485.727973451398,586854.5549329012,32642.575174536767,35175.42821227553,32642.575174536767,0.739318543527832,12031.681711363723,0.0,-2.206922745541112e-36,-2.7782028454417685e-07,1.8434280366067843e-19,pseudo_6dof_kinematic_bridge,a320.attitude_response_p6dof.v1,surrogate_policy_overlay,0.0,0,0.7728296788951989,5.548342682169206e-11,2.3409907592003427e-28,0.020000000000015897,-9.363963036801382e-27,jsbsim-1.3.1-a320-coefficient-surrogate
195.0,2.6914048818511004e-12,43953.977321868835,10992.826097791176,228.17736745140954,0.7732184350659688,59841.77111395902,1,2,outbound-level,0.0,44880.069,11000.0,230.1542,90.0,0.0,0.0,0.0,0.14323944877964578,90.0,1.5707963267948966,4.1612570116269046e-11,0.0,1.5115025709528856e-13,0.0,9489.0942621199,586847.3046947063,32644.96120265842,35124.67931799352,32644.96120265842,0.738307654599777,12028.333149739326,0.0,-2.2077059367786604e-36,-1.4609177805128313e-07,1.844082231090138e-19,pseudo_6dof_kinematic_bridge,a320.attitude_response_p6dof.v1,surrogate_policy_overlay,0.0,0,0.7716351764673908,4.1612570116269046e-11,2.3409907592003427e-28,0.019999999999999105,-9.363963036801382e-27,jsbsim-1.3.1-a320-coefficient-surrogate
196.0,2.7053767159854625e-12,44182.15468932025,10992.826097798297,228.21880536424905,0.7733588545935258,59841.032806304414,1,2,outbound-level,0.0,45110.2232,11000.0,230.1542,90.0,0.0,0.0,0.0,0.1432394487849449,90.0,1.5707963267948966,3.1209427587201784e-11,0.0,9.248666353545646e-14,0.0,9492.389972540326,586840.0643699452,32647.2923201957,35074.99127580862,32647.2923201957,0.7373178972383196,12025.059679367387,0.0,-2.2084727074798564e-36,-3.191618209285236e-08,1.8447227096076076e-19,pseudo_6dof_kinematic_bridge,a320.attitude_response_p6dof.v1,surrogate_policy_overlay,0.0,0,0.7704656038281518,3.1209427587201784e-11,2.3409907592003427e-28,0.019999999999987535,-9.363963036801382e-27,jsbsim-1.3.1-a320-coefficient-surrogate
197.0,2.7193510874601907e-12,44410.37349468449,10992.82609780364,228.25937449928813,0.7734963301173747,59840.29548840717,1,2,outbound-level,0.0,45340.3774,11000.0,230.1542,90.0,0.0,0.0,0.0,0.1432394487867936,90.0,1.5707963267948966,2.3407070690401337e-11,0.0,3.226605415787986e-14,0.0,9495.616585852396,586832.8337513881,32649.56967682388,35026.34174866097,32649.56967682388,0.7363488265020119,12021.859727063613,0.0,-2.209223402242494e-36,3.4213720044508254e-08,1.84534975999946e-19,pseudo_6dof_kinematic_bridge,a320.attitude_response_p6dof.v1,surrogate_policy_overlay,0.0,0,0.7693204376354197,2.3407070690401337e-11,2.3409907592003427e-28,0.019999999999982483,-9.363963036801382e-27,jsbsim-1.3.1-a320-coefficient-surrogate
198.0,2.733327943077987e-12,44638.63286918378,10992.826097807647,228.29909308759602,0.7736309234166486,59839.55913958067,1,2,outbound-level,0.0,45570.5316,11000.0,230.1542,90.0,0.0,0.0,0.0,0.14323944878634523,90.0,1.5707963267948966,1.7555303017801003e-11,0.0,-7.825335316455361e-15,0.0,9498.775552039826,586825.6126361688,32651.79439810306,34978.70887239195,32651.79439810306,0.7354000068693283,12018.731752667929,0.0,-2.209958358415699e-36,5.4378921774894716e-08,1.8459636640511996e-19,pseudo_6dof_kinematic_bridge,a320.attitude_response_p6dof.v1,surrogate_policy_overlay,0.0,0,0.768199165561874,1.7555303017801003e-11,2.3409907592003427e-28,0.01999999999998231,-9.363963036801382e-27,jsbsim-1.3.1-a320-coefficient-surrogate
199.0,2.7473072307578854e-12,44866.931962271374,10992.826097810654,228.33797897678727,0.7737626949710771,59838.8237395738,1,2,outbound-level,0.0,45800.68580000001,11000.0,230.1542,90.0,0.0,0.0,0.0,0.1432394487849497,90.0,1.5707963267948966,1.3166477263350752e-11,0.0,-2.4356418562757392e-14,0.0,9501.868290588915,586818.4008256915,32653.967585985898,34932.071245622275,32653.967585985898,0.7344710120370421,12015.674248348332,0.0,-2.2106779062531556e-36,4.546920112359995e-08,1.846564697621553e-19,pseudo_6dof_kinematic_bridge,a320.attitude_response_p6dof.v1,surrogate_policy_overlay,0.0,0,0.7671012860618521,1.3166477263350752e-11,2.3409907592003427e-28,0.01999999999998454,-9.363963036801382e-27,jsbsim-1.3.1-a320-coefficient-surrogate
200.0,2.7612888995117704e-12,45095.26994124816,10992.82609781291,228.37604963912682,0.7738917039884516,59838.089268561765,1,2,outbound-level,0.0,46030.84,11000.0,230.1542,90.0,0.0,0.0,0.0,0.14323944878358336,90.0,1.5707963267948966,9.874857947513064e-12,0.0,-2.3847791733305547e-14,0.0,9504.896191133148,586811.1981255412,32656.0903193148,34886.40791985061,32656.0903193148,0.7335614247229968,12012.685737919255,0.0,-2.2113823690630742e-36,2.5681031506605178e-08,1.8471531307677404e-19,pseudo_6dof_kinematic_bridge,a320.attitude_response_p6dof.v1,surrogate_policy_overlay,0.0,0,0.7660263081432367,9.874857947513064e-12,2.3409907592003427e-28,0.01999999999998715,-9.363963036801382e-27,jsbsim-1.3.1-a320-coefficient-surrogate
201.0,2.7752728994213942e-12,45323.645990887286,10992.8260978146,228.41332217946214,0.7740180084315053,59837.355707137045,1,2,outbound-level,0.0,46260.9942,11000.0,230.1542,90.0,0.0,0.0,0.0,0.14323944878270464,90.0,1.5707963267948966,7.406143460634798e-12,0.0,-1.5336456056059644e-14,0.0,9507.860614084018,586804.0043453956,32658.163654308388,34841.698389768484,32658.163654308388,0.7326708364731838,12009.764776174728,0.0,-2.2120720633549612e-36,7.528051178690745e-09,1.8477292278680673e-19,pseudo_6dof_kinematic_bridge,a320.attitude_response_p6dof.v1,surrogate_policy_overlay,0.0,0,0.7649737511442178,7.406143460634798e-12,2.3409907592003427e-28,0.019999999999989037,-9.363963036801382e-27,jsbsim-1.3.1-a320-coefficient-surrogate
202.0,2.7892591816158787e-12,45552.05931306675,10992.82609781587,228.44981334298598,0.774141665044219,59836.623036300574,1,2,outbound-level,0.0,46491.148400000005,11000.0,230.1542,90.0,0.0,0.0,0.0,0.1432394487823646,90.0,1.5707963267948966,5.5546075954760985e-12,0.0,-5.934445986631069e-15,0.0,9510.762891248432,586796.819298937,32660.18862503778,34797.92258378666,32660.18862503778,0.7317988474730336,12006.90994823537,0.0,-2.2127472989832583e-36,-3.556962141208204e-09,1.8482932477419091e-19,pseudo_6dof_kinematic_bridge,a320.attitude_response_p6dof.v1,surrogate_policy_overlay,0.0,0,0.7639431445148334,5.5546075954760985e-12,2.3409907592003427e-28,0.019999999999989925,-9.363963036801382e-27,jsbsim-1.3.1-a320-coefficient-surrogate
203.0,2.8032476982496936e-12,45780.509126409735,10992.826097816822,228.4855395228343,0.7742627293775675,59835.8912374531,1,2,outbound-level,0.0,46721.3026,11000.0,230.1542,90.0,0.0,0.0,0.0,0.14323944878240105,90.0,1.5707963267948966,4.165955696607074e-12,0.0,6.358083706177553e-16,0.0,9513.60432643295,586789.6428037694,32662.166243892723,34755.060854767224,32662.166243892723,0.7309450663628034,12004.119868909584,0.0,-2.2134083792879267e-36,-7.376392917628768e-09,1.8488454437671378e-19,pseudo_6dof_kinematic_bridge,a320.attitude_response_p6dof.v1,surrogate_policy_overlay,0.0,0,0.7629340276031512,4.165955696607074e-12,2.3409907592003427e-28,0.019999999999990022,-9.363963036801382e-27,jsbsim-1.3.1-a320-coefficient-surrogate
204.0,2.8172384024810985e-12,46008.99466593257,10992.826097817535,228.52051676752166,0.774381255814716,59835.16029238674,1,2,outbound-level,0.0,46951.4568,11000.0,230.1542,90.0,0.0,0.0,0.0,0.14323944878260556,90.0,1.5707963267948966,3.1244667724553053e-12,0.0,3.569128062062751e-15,0.0,9516.386196035164,586782.4746813346,32664.09750203789,34713.09397095826,32664.09750203789,0.730109110057003,12001.393182068052,0.0,-2.2140556012320347e-36,-6.4410399832276234e-09,1.8493860639950485e-19,pseudo_6dof_kinematic_bridge,a320.attitude_response_p6dof.v1,surrogate_policy_overlay,0.0,0,0.7619459494460378,3.1244667724553053e-12,2.3409907592003427e-28,0.01999999999998971,-9.363963036801382e-27,jsbsim-1.3.1-a320-coefficient-surrogate
205.0,2.8312312484510406e-12,46237.515182700095,10992.82609781807,228.55476078821823,0.7744972975956802,59834.43018327668,1,2,outbound-level,0.0,47181.611000000004,11000.0,230.1542,90.0,0.0,0.0,0.0,0.1432394487828198,90.0,1.5707963267948966,2.343350079341479e-12,0.0,3.739801082657958e-15,0.0,9519.10974962245,586775.3147568302,32665.98336985944,34672.00310712575,32665.98336985944,0.7292906035677449,11998.728560031672,0.0,-2.214689255536407e-36,-3.4906187608251312e-09,1.8499153512628316e-19,pseudo_6dof_kinematic_bridge,a320.attitude_response_p6dof.v1,surrogate_policy_overlay,0.0,0,0.7609784685643872,2.343350079341479e-12,2.3409907592003427e-28,0.019999999999989308,-9.363963036801382e-27,jsbsim-1.3.1-a320-coefficient-surrogate
206.0,2.8452261912624995e-12,46466.06994348831,10992.826097818472,228.5882869658723,0.7746109068414613,59833.700892673114,1,2,outbound-level,0.0,47411.7652,11000.0,230.1542,90.0,0.0,0.0,0.0,0.1432394487829645,90.0,1.5707963267948966,1.7575125595061092e-12,0.0,2.5253190196534968e-15,0.0,9521.776210498429,586768.1628591327,32667.824797402223,34631.769835877836,32667.824797402223,0.7284891798319304,11996.12470297241,0.0,-2.215309626811418e-36,-6.253605745368732e-10,1.8504335433036593e-19,pseudo_6dof_kinematic_bridge,a320.attitude_response_p6dof.v1,surrogate_policy_overlay,0.0,0,0.7600311527627082,1.7575125595061092e-12,2.3409907592003427e-28,0.019999999999989002,-9.363963036801382e-27,jsbsim-1.3.1-a320-coefficient-surrogate
207.0,2.859223186960266e-12,46694.65823045419,10992.826097818774,228.6211103581803,0.7747221345776659,59832.97240349328,1,2,outbound-level,0.0,47641.9194,11000.0,230.1542,90.0,0.0,0.0,0.0,0.14323944878302564,90.0,1.5707963267948966,1.3181344196295819e-12,0.0,1.0669220800249002e-15,0.0,9524.386776257332,586761.0188207173,32669.6227147976,34592.37611917854,32669.6227147976,0.7277044795422066,11993.58033832692,0.0,-2.2159169936859662e-36,1.2336881670368306e-09,1.8509408728544153e-19,pseudo_6dof_kinematic_bridge,a320.attitude_response_p6dof.v1,surrogate_policy_overlay,0.0,0,0.7591035789330053,1.3181344196295819e-12,2.3409907592003427e-28,0.019999999999988846,-9.363963036801382e-27,jsbsim-1.3.1-a320-coefficient-surrogate
208.0,2.8732221925111492e-12,46923.27934081237,10992.826097819,228.6532457064092,0.7748310307576244,59832.24469901374,1,2,outbound-level,0.0,47872.0736,11000.0,230.1542,90.0,0.0,0.0,0.0,0.14323944878302547,90.0,1.5707963267948966,9.886008147221865e-13,0.0,-2.9514960750816367e-18,0.0,9526.942619326594,586753.8824775831,32671.37803268231,34553.80430004482,32671.37803268231,0.7269361509815777,11991.094220222512,0.0,-2.2165116289337168e-36,1.9118607693805012e-09,1.8514375677611457e-19,pseudo_6dof_kinematic_bridge,a320.attitude_response_p6dof.v1,surrogate_policy_overlay,0.0,0,0.7581953328628217,9.886008147221865e-13,2.3409907592003427e-28,0.019999999999988822,-9.363963036801382e-27,jsbsim-1.3.1-a320-coefficient-surrogate
209.0,2.8872231657845994e-12,47151.93258651878,10992.826097819168,228.684707442073,0.7749376442850159,59831.51776286276,1,2,outbound-level,0.0,48102.2278,11000.0,230.1542,90.0,0.0,0.0,0.0,0.1432394487829959,90.0,1.5707963267948966,7.414506110416399e-13,0.0,-5.154384136943136e-16,0.0,9529.444887497859,586746.7536691781,32673.09164260837,34516.03709442493,32673.09164260837,0.7261838498616249,11988.665128915432,0.0,-2.217093799596639e-36,1.8428224530355105e-09,1.8519238510822497e-19,pseudo_6dof_kinematic_bridge,a320.attitude_response_p6dof.v1,surrogate_policy_overlay,0.0,0,0.7573060090473958,7.414506110416399e-13,2.3409907592003427e-28,0.019999999999988863,-9.363963036801382e-27,jsbsim-1.3.1-a320-coefficient-surrogate
210.0,2.9012260655337438e-12,47380.61729396085,10992.826097819296,228.71550969346782,0.7750420230360128,59830.7915790129,1,2,outbound-level,0.0,48332.382,11000.0,230.1542,90.0,0.0,0.0,0.0,0.14323944878296252,90.0,1.5707963267948966,5.560879582812299e-13,0.0,-5.826746623637214e-16,0.0,9531.894704446733,586739.6322383268,32674.764417444392,34479.057583251946,32674.764417444392,0.7254472391642188,11986.291870240952,0.0,-2.2176637671059347e-36,1.425946119586186e-09,1.8523999411894874e-19,pseudo_6dof_kinematic_bridge,a320.attitude_response_p6dof.v1,surrogate_policy_overlay,0.0,0,0.7564352105057982,5.560879582812299e-13,2.3409907592003427e-28,0.019999999999988926,-9.363963036801382e-27,jsbsim-1.3.1-a320-coefficient-surrogate
211.0,2.9152308513768167e-12,47609.33280365432,10992.82609781939,228.74566629206743,0.7751442138809541,59830.06613177373,1,2,outbound-level,0.0,48562.5362,11000.0,230.1542,90.0,0.0,0.0,0.0,0.14323944878293887,90.0,1.5707963267948966,4.1706596871092244e-13,0.0,-4.1288747124325874e-16,0.0,9534.293170241463,586732.518031159,32676.397211768326,34442.84920467031,32676.397211768326,0.7247259889866762,11983.973275075125,0.0,-2.2182217874003823e-36,9.566679366252734e-10,1.8528660518668362e-19,pseudo_6dof_kinematic_bridge,a320.attitude_response_p6dof.v1,surrogate_policy_overlay,0.0,0,0.7555825486010042,4.1706596871092244e-13,2.3409907592003427e-28,0.019999999999988975,-9.363963036801382e-27,jsbsim-1.3.1-a320-coefficient-surrogate
212.0,2.9292374837789873e-12,47838.078469946384,10992.826097819461,228.77519077878307,0.7752442627055575,59829.34140578475,1,2,outbound-level,0.0,48792.69040000001,11000.0,230.1542,90.0,0.0,0.0,0.0,0.14323944878292807,90.0,1.5707963267948966,3.1279947653319183e-13,0.0,-1.8826336791417684e-16,0.0,9536.641361840773,586725.410897039,32677.990862251914,34407.395746430244,32677.990862251914,0.72401977639026,11981.708198807974,0.0,-2.218768111042164e-36,6.437351177563563e-10,1.853322392407236e-19,pseudo_6dof_kinematic_bridge,a320.attitude_response_p6dof.v1,surrogate_policy_overlay,0.0,0,0.7547476428637857,3.1279947653319183e-13,2.3409907592003427e-28,0.019999999999989002,-9.363963036801382e-27,jsbsim-1.3.1-a320-coefficient-surrogate
213.0,2.943245924034565e-12,48066.853660725166,10992.826097819516,228.8040964100903,0.7753422144316807,59828.61738600836,1,2,outbound-level,0.0,49022.8446,11000.0,230.1542,90.0,0.0,0.0,0.0,0.14323944878292721,90.0,1.5707963267948966,2.3459960739989384e-13,0.0,-1.5195065973143256e-17,0.0,9538.940333581171,586718.3106884989,32679.54618803707,34372.681338447015,32679.54618803707,0.723328285251966,11979.495520827833,0.0,-2.219302983330241e-36,5.394756577618721e-10,1.8537691677072948e-19,pseudo_6dof_kinematic_bridge,a320.attitude_response_p6dof.v1,surrogate_policy_overlay,0.0,0,0.7539301208203557,2.3459960739989384e-13,2.3409907592003427e-28,0.019999999999989006,-9.363963036801382e-27,jsbsim-1.3.1-a320-coefficient-surrogate
214.0,2.957256134249586e-12,48295.65775713525,10992.826097819556,228.83239616402534,0.7754381130376421,59827.894057723104,1,2,outbound-level,0.0,49252.9988,11000.0,230.1542,90.0,0.0,0.0,0.0,0.1432394487829314,90.0,1.5707963267948966,1.7594970554992038e-13,0.0,7.31397135023492e-17,0.0,9541.191117653863,586711.2172611703,32681.0639911042,34338.690445521206,32681.0639911042,0.7226512061195134,11977.334144016619,0.0,-2.219826644411313e-36,5.570094978729742e-10,1.8542065783599685e-19,pseudo_6dof_kinematic_bridge,a320.attitude_response_p6dof.v1,surrogate_policy_overlay,0.0,0,0.7531296178236822,1.7594970554992038e-13,2.3409907592003427e-28,0.019999999999989,-9.363963036801382e-27,jsbsim-1.3.1-a320-coefficient-surrogate
215.0,2.9712680773247606e-12,48524.49015329928,10992.826097819587,228.86010274605434,0.775532001578109,59827.17140651699,1,2,outbound-level,0.0,49483.153000000006,11000.0,230.1542,90.0,0.0,0.0,0.0,0.14323944878293657,90.0,1.5707963267948966,1.319622791624403e-13,0.0,9.013249113911194e-17,0.0,9543.394724571544,586704.1304737198,32682.545056632807,34305.40786021616,32682.545056632807,0.7219882360694676,11975.222994255746,0.0,-2.2203393293884145e-36,6.093698441629646e-10,1.8546348207452741e-19,pseudo_6dof_kinematic_bridge,a320.attitude_response_p6dof.v1,surrogate_policy_overlay,0.0,0,0.7523457768883877,1.319622791624403e-13,2.3409907592003427e-28,0.019999999999988992,-9.363963036801382e-27,jsbsim-1.3.1-a320-coefficient-surrogate
216.0,2.985281716938785e-12,48753.350256045334,10992.826097819609,228.88722859481788,0.775623922203564,59826.44941828092,1,2,outbound-level,0.0,49713.3072,11000.0,230.1542,90.0,0.0,0.0,0.0,0.14323944878294043,90.0,1.5707963267948966,9.897170937183023e-14,0.0,6.701774254448281e-17,0.0,9545.552143625293,586697.0501877846,32683.990153354436,34272.81869588934,32683.990153354436,0.7213390785684297,11973.161019942574,0.0,-2.2208412684272214e-36,6.617511094569988e-10,1.8550540871190855e-19,pseudo_6dof_kinematic_bridge,a320.attitude_response_p6dof.v1,surrogate_policy_overlay,0.0,0,0.751578248529158,9.897170937183023e-14,2.3409907592003427e-28,0.019999999999988985,-9.363963036801382e-27,jsbsim-1.3.1-a320-coefficient-surrogate
217.0,2.9992970175320024e-12,48982.23748464015,10992.826097819625,228.9137858877533,0.775713916179358,59825.72807920235,1,2,outbound-level,0.0,49943.4614,11000.0,230.1542,90.0,0.0,0.0,0.0,0.14323944878294229,90.0,1.5707963267948966,7.422878202887267e-14,0.0,3.261954452510571e-17,0.0,9547.664343331726,586689.9762679096,32685.40003389817,34240.90837987451,32685.40003389817,0.720703443337229,11971.147191517004,0.0,-2.2213326868600816e-36,7.315709641186474e-10,1.855464565700028e-19,pseudo_6dof_kinematic_bridge,a320.attitude_response_p6dof.v1,surrogate_policy_overlay,0.0,0,0.7508266906025969,7.422878202887267e-14,2.3409907592003427e-28,0.019999999999988978,-9.363963036801382e-27,jsbsim-1.3.1-a320-coefficient-surrogate
218.0,3.0133139442904093e-12,49211.1512705279,10992.826097819638,228.93978654659833,0.775802023904359,59825.007375759014,2,3,left-turn,0.9232077708993,50173.61232716109,11000.0,230.1542,89.39064914139105,0.0,-20.0,0.0,0.14323944878294256,90.0,1.5707963267948966,5.56715865216545e-14,0.0,4.832706881955463e-18,0.0,9549.73227187072,586682.9085814871,32686.775435128846,34209.66264681015,32686.775435128846,0.7200810462180287,11969.180500998169,0.0,-2.2218138052878537e-36,7.491515439977293e-10,1.8558664407545468e-19,pseudo_6dof_kinematic_bridge,a320.attitude_response_p6dof.v1,surrogate_policy_overlay,0.0,0,0.7500907681524197,5.56715865216545e-14,2.3409907592003427e-28,0.019999999999988978,-9.363963036801382e-27,jsbsim-1.3.1-a320-coefficient-surrogate
219.0,1.2174020428049326,49440.08782024478,10992.826097819647,228.96524224277715,0.7758882849292048,59824.2872947128,2,3,left-turn,4.993115116652087,50403.72863301487,11000.0,230.1542,88.58286078952369,0.0,-20.0,-10.833333333333334,0.14323944878294198,89.84954299787432,1.5654787374036063,4.1753689891240874e-14,-0.18907733563271903,-1.0158744900521213e-17,-0.002625970069772955,9551.756857513807,586675.8469986953,32688.1170784781,34179.067532112735,32688.1170784781,0.7194716090443176,11967.259961530835,0.0,56032.90204542955,7.493103674513399e-10,17174.579114963566,pseudo_6dof_kinematic_bridge,a320.attitude_response_p6dof.v1,surrogate_policy_overlay,0.0,0,0.7493701532579611,4.1753689891240874e-14,-0.027925268031909273,0.019999999999988978,-0.0008508143026064374,jsbsim-1.3.1-a320-coefficient-surrogate
220.0,4.657628139169982,49669.027216154915,10992.826097819654,228.990164402673,0.7759727379741689,59823.56782310375,2,3,left-turn,12.306820522596476,50633.764691229284,11000.0,230.1542,87.77507243765632,0.0,-20.0,-19.590277777777775,0.1432394487829412,89.45319473537228,1.5557706595082887,3.1315267418430655e-14,-0.1528375129697812,-1.3896759627329578e-17,-0.006917582165219901,9553.739009043482,586668.7913924404,32689.425670268403,34149.109365589626,32689.425670268403,0.7188748595136827,11965.38460694149,0.0,182513.9671303868,7.494658620596304e-10,33797.57779231664,pseudo_6dof_kinematic_bridge,a320.attitude_response_p6dof.v1,surrogate_policy_overlay,0.0,0,0.7486645248858758,3.1315267418430655e-14,-0.005235987755982988,0.019999999999988978,-0.001663583206181198,jsbsim-1.3.1-a320-coefficient-surrogate
221.0,10.823356593092019,49897.934357122154,10992.82609781966,229.01456421278834,0.7760554209466479,59822.84894824424,2,3,left-turn,22.862870270697343,50863.674778392306,11000.0,230.1542,86.96728408578896,0.0,-20.0,-22.8771412037037,0.14323944878294056,88.81865007158322,1.5438673373609584,2.348645056382299e-14,-0.05736658884578816,-1.088004025615525e-17,-0.011074893634079165,9555.679616163656,586661.7416382993,32690.70190203034,34119.77476519051,32690.70190203034,0.7182905310633405,11963.553491303726,0.0,127647.91714974084,7.321851186031863e-10,42281.315180213445,pseudo_6dof_kinematic_bridge,a320.attitude_response_p6dof.v1,surrogate_policy_overlay,0.0,0,0.7479735687450084,2.348645056382299e-14,0.005541420375081994,0.01999999999998898,-0.0020663974610932714,jsbsim-1.3.1-a320-coefficient-surrogate
222.0,19.96546314629223,50126.76637522571,10992.826097819663,229.03845262479604,0.7761363709582776,59822.130657713176,2,3,left-turn,36.65916617419555,51093.413196130685,11000.0,230.1542,86.15949573392159,0.0,-20.0,-22.46909191743827,0.14323944878294026,88.00899785446727,1.5308663930876207,1.7614837922867244e-14,0.007121803555744655,-5.67344742670849e-18,-0.014131096984745324,9557.579549901366,586654.6976144628,32691.946450813088,34091.05063089252,32691.946450813088,0.7177183627483337,11961.765688512885,0.0,38985.792775607326,7.323306972815181e-10,44148.33881432988,pseudo_6dof_kinematic_bridge,a320.attitude_response_p6dof.v1,surrogate_policy_overlay,0.0,0,0.7472969771443287,1.7614837922867244e-14,0.006311910517785325,0.01999999999998898,-0.002141998823560069,jsbsim-1.3.1-a320-coefficient-surrogate
223.0,32.20853040430714,50355.477372086105,10992.826097819667,229.0618403604833,0.7762156243416864,59821.412939350426,2,3,left-turn,53.69296599464492,51322.93428019328,11000.0,230.1542,85.35170738205423,0.0,-20.0,-20.988849878632973,0.14323944878294018,87.10252387692243,1.5173166377512803,1.3211128442150433e-14,0.025835097303586116,-1.219827752306842e-18,-0.01582095549180642,9559.43966299999,586647.6592016808,32693.159979488377,34062.9241387173,32693.159979488377,0.717158099122353,11960.020291869627,0.0,-13489.473061073448,7.324732247818571e-10,41878.41000824368,pseudo_6dof_kinematic_bridge,a320.attitude_response_p6dof.v1,surrogate_policy_overlay,0.0,0,0.7466344488538889,1.3211128442150433e-14,0.003162630537264439,0.01999999999998898,-0.0020171482427013086,jsbsim-1.3.1-a320-coefficient-surrogate
224.0,47.613637615519934,50584.02060515404,10992.826097819669,229.08473791659102,0.7762932166668948,59820.69578125131,2,3,left-turn,73.96088398698811,51552.192409527546,11000.0,230.1542,84.54391903018691,0.0,-20.0,-19.935138147458257,0.14323944878294026,86.16662685362762,1.5034924768834381,9.908346331612825e-15,0.01839073907588814,1.3689377951599185e-18,-0.01633448451610894,9561.260790304148,586640.626283208,32694.343137048087,34035.3827348766,32694.343137048087,0.7166094901211214,11958.316413672354,0.0,-24863.511763997572,7.326127650725268e-10,37871.0640810495,pseudo_6dof_kinematic_bridge,a320.attitude_response_p6dof.v1,surrogate_policy_overlay,0.0,0,0.7459856889687257,9.908346331612825e-15,0.0003472910030638905,0.01999999999998898,-0.001811762775021885,jsbsim-1.3.1-a320-coefficient-surrogate
225.0,66.20977372562942,50812.349317470485,10992.82609781967,229.10715556955063,0.7763691827573658,59819.97917176119,2,3,left-turn,97.45889157251717,51781.14201534748,11000.0,230.1542,83.73613067831954,0.0,-20.0,-19.60147254500722,0.14323944878294037,85.24601546452783,1.4895311132498454,7.431259748709618e-15,0.005823563363421115,2.1605171541899937e-18,-0.016067699871149727,9563.043749136425,586633.5987447519,32695.496558895524,34008.414130043406,32695.496558895524,0.7160722909482788,11956.653184818155,0.0,-15672.05366256002,7.327493807792597e-10,33888.82230198205,pseudo_6dof_kinematic_bridge,a320.attitude_response_p6dof.v1,surrogate_policy_overlay,0.0,0,0.7453504087756483,7.431259748709618e-15,-0.00082619379389924,0.01999999999998898,-0.001612348164708545,jsbsim-1.3.1-a320-coefficient-surrogate
226.0,88.00955144998949,51040.41697941391,10992.826097819672,229.12910338012026,0.7764435567057173,59819.26309947024,2,3,left-turn,124.18231813963027,52009.737590191144,11000.0,230.1542,82.92834232645217,0.0,-20.0,-19.700558622270446,0.14323944878294048,84.36175363448272,1.475501148233377,5.573444811532213e-15,-0.0017293782911287732,1.7887617402678132e-18,-0.01543328038399808,9564.789339666126,586626.5764744198,32696.620867130503,33982.00629374667,32696.620867130503,0.7155462619637278,11955.029754412255,0.0,-4244.295272630682,7.328831332134519e-10,30905.015659609442,pseudo_6dof_kinematic_bridge,a320.attitude_response_p6dof.v1,surrogate_policy_overlay,0.0,0,0.7447283256228582,5.573444811532213e-15,-0.0007893918344742473,0.01999999999998898,-0.0014654888727624383,jsbsim-1.3.1-a320-coefficient-surrogate
227.0,113.01706704406472,51268.177314370616,10992.826097819674,229.15059119792363,0.7765163718891007,59818.54755320828,2,3,left-turn,154.12585197218297,52237.933696966014,11000.0,230.1542,82.12055397458481,0.0,-20.0,-19.897436162249416,0.14323944878294054,83.51656834420321,1.4614368825254704,4.18008360864916e-15,-0.003436161295859806,1.0089483365798737e-18,-0.01475126610480184,9566.498345270233,586619.5593626699,32697.716670828566,33956.14744888548,32697.716670828566,0.7150311685743586,11953.445289385709,0.0,1787.2796554953457,7.330140823998205e-10,29214.05744862979,pseudo_6dof_kinematic_bridge,a320.attitude_response_p6dof.v1,surrogate_policy_overlay,0.0,0,0.744119162792313,4.18008360864916e-15,-0.00034892390500194844,0.01999999999998898,-0.0013840885334762188,jsbsim-1.3.1-a320-coefficient-surrogate
228.0,141.2318311469727,51495.58426354538,10992.826097819674,229.17162866589183,0.7765876609842542,59817.8325220397,2,3,left-turn,187.28354130528234,52465.684977980374,11000.0,230.1542,81.31276562271749,0.0,-20.0,-20.021898713356958,0.14323944878294054,82.70232605463596,1.447355466471846,3.13506270648687e-15,-0.002172281312258259,3.3395250030701605e-19,-0.014211208861925492,9568.171532886721,586612.5473022606,32698.784566314134,33930.826066361784,32698.784566314134,0.7145267811271364,11951.898974121134,0.0,2668.202172911764,7.331422871034767e-10,28660.352704253975,pseudo_6dof_kinematic_bridge,a320.attitude_response_p6dof.v1,surrogate_policy_overlay,0.0,0,0.7435226493748184,3.13506270648687e-15,-5.759681143920737e-06,0.01999999999998898,-0.0013591531282074547,jsbsim-1.3.1-a320-coefficient-surrogate
229.0,172.65073467698693,51722.59194598443,10992.826097819674,229.1922252246119,0.7766574559822382,59817.11799525857,2,3,left-turn,223.64879550829693,52692.94616395885,11000.0,230.1542,80.50497727085012,0.0,-20.0,-20.053598803176243,0.14323944878294054,81.90686788588417,1.4332654752453617,2.3512970298651524e-15,-0.0005532709405244869,-1.4038820235527884e-19,-0.013883364106603482,9569.809653360382,586605.5401882025,32699.82513742806,33906.03085982759,32699.82513742806,0.7140328748044692,11950.390010086252,0.0,1269.9342952955242,7.332678048564228e-10,28876.624723126977,pseudo_6dof_kinematic_bridge,a320.attitude_response_p6dof.v1,surrogate_policy_overlay,0.0,0,0.7429385201477483,2.3512970298651524e-15,0.00011746762449267923,0.01999999999998898,-0.0013717440209159199,jsbsim-1.3.1-a320-coefficient-surrogate
230.0,207.26903224028106,51949.1546295341,10992.826097819674,229.21239011658304,0.7767257882028583,59816.40396238377,2,3,left-turn,263.2143863948508,52919.67208304043,11000.0,230.1542,79.69718891898276,0.0,-20.0,-20.035661149559193,0.14323944878294054,81.11880085014947,1.4191711964324476,1.7634727723988642e-15,0.0003130711156997635,-3.680717396331804e-19,-0.013754364500002522,9571.413441781355,586598.5379177107,32700.838955789422,33881.75078054494,32700.838955789422,0.7135492295218208,11948.917615475355,0.0,-170.42464938679927,7.33390691983492e-10,29468.632038336713,pseudo_6dof_kinematic_bridge,a320.attitude_response_p6dof.v1,surrogate_policy_overlay,0.0,0,0.7423665154553605,1.7634727723988642e-15,9.696888486528724e-05,0.01999999999998898,-0.0014020739945480511,jsbsim-1.3.1-a320-coefficient-surrogate
231.0,245.08083442151502,52175.2267140531,10992.826097819674,229.232132390383,0.7767926883087837,59815.69041315425,2,3,left-turn,305.9724496595443,53145.81766975714,11000.0,230.1542,78.88940056711539,0.0,-20.0,-20.010066514781997,0.1432394487829405,80.32997053865077,1.4050747738263185,1.3226045792991482e-15,0.00044671064770753627,-3.2701713627524987e-19,-0.01376768617518515,9572.983617816482,586591.540390159,32701.82658105189,33857.97501235598,32701.82658105189,0.7130756298275167,11947.481024858174,0.0,-847.9820062805571,7.33511003627738e-10,30124.484109424826,pseudo_6dof_kinematic_bridge,a320.attitude_response_p6dof.v1,surrogate_policy_overlay,0.0,0,0.741806381091646,1.3226045792991482e-15,3.726951336033472e-05,0.01999999999998898,-0.0014347701307594342,jsbsim-1.3.1-a320-coefficient-surrogate
232.0,286.07935465896406,52400.76272416807,10992.826097819674,229.25146090474632,0.7768581863193669,59814.97733752442,2,3,left-turn,351.91448644111483,53371.33797399149,11000.0,230.1542,78.08161221524803,0.0,-20.0,-19.995655697103064,0.1432394487829405,79.53603518743905,1.3909772793235824,9.919534344743611e-16,0.00025151621640201905,-1.5696822541211993e-19,-0.013856785926622237,9574.52088603368,586584.5475070338,32702.788561154644,33834.69296676049,32702.788561154644,0.7126118648046936,11946.079488836222,0.0,-894.0663140379277,7.336287937752885e-10,30655.061702432846,pseudo_6dof_kinematic_bridge,a320.attitude_response_p6dof.v1,surrogate_policy_overlay,0.0,0,0.7412578681856532,9.919534344743611e-16,-3.812919736577431e-06,0.01999999999998898,-0.0014607076816848716,jsbsim-1.3.1-a320-coefficient-surrogate
233.0,330.2570335393406,52625.717308508334,10992.826097819674,229.27038433255635,0.7769223116241716,59814.26472565962,2,3,left-turn,401.0313650117196,53596.18816991107,11000.0,230.1542,77.27382386338066,0.0,-20.0,-19.99296507498461,0.1432394487829405,78.73584320906438,1.3768792488725419,7.439650758557708e-16,4.6960214893996773e-05,-7.534474819781756e-20,-0.013965984670685296,9576.02593621943,586577.5591718898,32703.72543256802,33811.89427809915,32703.72543256802,0.71215772797535,11944.712273706347,0.0,-696.0237066099944,7.337441152796734e-10,30986.16842313963,pseudo_6dof_kinematic_bridge,a320.attitude_response_p6dof.v1,surrogate_policy_overlay,0.0,0,0.7407207330892464,7.439650758557708e-16,-1.612643979651791e-05,0.01999999999998898,-0.0014764861294451436,jsbsim-1.3.1-a320-coefficient-surrogate
234.0,377.60560190909615,52850.04524302683,10992.826097819674,229.28891116475285,0.7769850929962144,59813.55256793164,2,3,left-turn,453.3133225920146,53820.3235648784,11000.0,230.1542,76.46603551151334,0.0,-20.0,-19.995833941626486,0.1432394487829405,77.9302996789343,1.36278095044735,5.579738068918282e-16,-5.0071168701381493e-05,-3.616547913495243e-20,-0.01405938686890769,9577.499443689572,586570.5752903068,32704.637720533985,33789.568798839355,32704.637720533985,0.7117130172064448,11943.37866113141,0.0,-520.8585803256019,7.338570198856383e-10,31125.79458429194,pseudo_6dof_kinematic_bridge,a320.attitude_response_p6dof.v1,surrogate_policy_overlay,0.0,0,0.7401947372672306,5.579738068918282e-16,-1.1701016927715122e-05,0.01999999999998898,-0.0014827247179753271,jsbsim-1.3.1-a320-coefficient-surrogate
235.0,428.1161134838501,53073.7014367787,10992.826097819674,229.30704971415727,0.777046558604927,59812.84085491444,2,3,left-turn,508.7499672916719,54043.699608334355,11000.0,230.1542,75.65824715964597,0.0,-20.0,-19.999094659903463,0.1432394487829405,77.12122878752352,1.3486825180350817,4.1848035516887114e-16,-5.691026991318788e-05,-1.7359429984777165e-20,-0.014120950937163363,9578.942069593524,586563.5957698468,32705.52593930156,33767.70659496211,32705.52593930156,0.7112775346180049,11942.077947817888,0.0,-448.93846688878443,7.33967558252454e-10,31125.63247409064,pseudo_6dof_kinematic_bridge,a320.attitude_response_p6dof.v1,surrogate_policy_overlay,0.0,0,0.7396796471898037,4.1848035516887114e-16,-3.814068087790306e-06,0.01999999999998898,-0.001482122992481238,jsbsim-1.3.1-a320-coefficient-surrogate
236.0,481.7789622851725,53296.64093912661,10992.826097819674,229.32480811921678,0.777106736028844,59812.12957737982,2,3,left-turn,567.3302801749347,54266.27190065326,11000.0,230.1542,74.85045880777861,0.0,-20.0,-20.000726303852698,0.1432394487829405,76.31051492738729,1.3345840186292754,3.138602663766534e-16,-2.847755913435384e-05,-8.332526392693038e-21,-0.01414962615093015,9580.354461212091,586556.6205200118,32706.39059235725,33746.29794144751,32706.39059235725,0.7108510864932004,11940.809445200215,0.0,-452.0005718626753,7.340757799767367e-10,31048.898886758085,pseudo_6dof_kinematic_bridge,a320.attitude_response_p6dof.v1,surrogate_policy_overlay,0.0,0,0.7391752342272867,3.138602663766534e-16,1.0123175537354294e-06,0.01999999999998898,-0.001477869666725429,jsbsim-1.3.1-a320-coefficient-surrogate
237.0,538.5838925618757,53518.81894774847,10992.826097819674,229.3421943476697,0.7771656522680234,59811.41872629333,2,3,left-turn,629.0426174508054,54487.99620196807,11000.0,230.1542,74.04267045591124,0.0,-20.0,-20.00090396464805,0.1432394487829405,75.49961065456871,1.3204854857267012,2.3539519978249006e-16,-3.1007658306412335e-06,-3.999612668492658e-21,-0.014152949479174434,9581.737252248962,586549.6494522045,32707.232172650693,33725.333317856464,32707.232172650693,0.7104334831903332,11939.572479131879,0.0,-479.30941476326325,7.341817336147828e-10,30949.607575190304,pseudo_6dof_kinematic_bridge,a320.attitude_response_p6dof.v1,surrogate_policy_overlay,0.0,0,0.7386812745470708,2.3539519978249006e-16,2.1532138533322005e-06,0.01999999999998898,-0.0014726378780478837,jsbsim-1.3.1-a320-coefficient-surrogate
238.0,598.5200050197722,53740.190817080686,10992.826097819674,229.35921620013346,0.7772233337562049,59810.70829281014,2,3,left-turn,693.8747127874445,54708.82844096376,11000.0,230.1542,73.23488210404392,0.0,-20.0,-20.00047649840873,0.1432394487829405,74.68936996012444,1.3063869360757412,1.7654639983686755e-16,7.4606933172628485e-06,-1.919814080876476e-21,-0.014141367851697673,9583.091063116084,586542.6824796866,32708.05116281549,33704.803404006554,32708.05116281549,0.7100245390567039,11938.366389582956,0.0,-499.9360439608577,7.342854667044348e-10,30863.322537599368,pseudo_6dof_kinematic_bridge,a320.attitude_response_p6dof.v1,surrogate_policy_overlay,0.0,0,0.7381975490127413,1.7654639983686755e-16,1.3862033876360784e-06,0.01999999999998898,-0.0014681542985316702,jsbsim-1.3.1-a320-coefficient-surrogate
239.0,661.5757612690539,53960.71206698593,10992.826097819674,229.37588131361633,0.7772798063727109,59809.99826827108,2,3,left-turn,761.813679750303,54928.724723637235,11000.0,230.1542,72.42709375217656,0.0,-20.0,-20.000068781920238,0.1432394487829405,73.88010343701825,1.29228837805059,1.3240979987765066e-16,7.115995138851309e-06,-9.215107588207084e-22,-0.014124365354369891,9584.416501212963,586535.7195175407,32708.84803538542,33684.6990757409,32708.84803538542,0.7096240723443299,11937.19053034401,0.0,-506.7533642390374,7.34387025786483e-10,30806.574614952915,pseudo_6dof_kinematic_bridge,a320.attitude_response_p6dof.v1,surrogate_policy_overlay,0.0,0,0.737723843085349,1.3240979987765066e-16,3.6688955633978436e-07,0.01999999999998898,-0.0014651934474423567,jsbsim-1.3.1-a320-coefficient-surrogate
240.0,727.7389874421444,54180.33839152551,10992.826097819674,229.39219716495575,0.7773350954540967,59809.288644198736,2,3,left-turn,832.8460143635078,55147.641342021925,11000.0,230.1542,71.61930540030919,0.0,-20.0,-19.999888824275804,0.1432394487829405,73.07174310076377,1.278189815838342,9.930734990823799e-17,3.1408534095235855e-06,-4.4232516423394e-22,-0.014108549410169115,9585.714161200127,586528.7604826316,32709.623253006128,33665.01140078645,32709.623253006128,0.7092319051274443,11936.044268736263,0.0,-504.8713042512011,7.344864564256185e-10,30781.236575576087,pseudo_6dof_kinematic_bridge,a320.attitude_response_p6dof.v1,surrogate_policy_overlay,0.0,0,0.7372599467267474,9.930734990823799e-17,-1.8860212763272892e-07,0.01999999999998898,-0.0014638096309334172,jsbsim-1.3.1-a320-coefficient-surrogate
241.0,796.9968774573465,54399.02566776903,10992.826097819674,229.40817107418354,0.7773892258055551,59808.579412293606,2,3,left-turn,906.9575977939983,55365.53478287552,11000.0,230.1542,70.81151704844183,0.0,-20.0,-19.99988605928419,0.1432394487829405,72.26402743236201,1.2640912515325464,7.448051243117849e-17,4.8258207434300623e-08,-2.1231607883229124e-22,-0.014097297833557546,9586.984625266776,586521.8052935691,32710.37726864233,33645.73163470105,32710.37726864233,0.7088478632217643,11934.926985327798,0.0,-500.9095839601439,7.345838032309411e-10,30780.57352378519,pseudo_6dof_kinematic_bridge,a320.attitude_response_p6dof.v1,surrogate_policy_overlay,0.0,0,0.7368056543049827,7.448051243117849e-17,-2.808647312214043e-07,0.01999999999998898,-0.0014636436278354392,jsbsim-1.3.1-a320-coefficient-surrogate
242.0,869.3359961652161,54616.72996460345,10992.826097819674,229.42381020782034,0.7774422217120797,59807.870564430385,2,3,left-turn,984.133699157876,55582.36173632887,11000.0,230.1542,70.00372869657446,0.0,-20.0,-19.999946809424856,0.1432394487829405,71.45665196623261,1.2499926861799766,5.586038432338387e-17,-1.0602899756549477e-06,-1.0191171783949979e-22,-0.014091360183782386,9588.228463392794,586514.8538706712,32711.110525780645,33626.85121690693,32711.110525780645,0.7084717761054802,11933.83807365588,0.0,-498.3980055939703,7.346791098760364e-10,30794.730447753413,pseudo_6dof_kinematic_bridge,a320.attitude_response_p6dof.v1,surrogate_policy_overlay,0.0,0,0.7363607645016819,5.586038432338387e-17,-1.6102157973224506e-07,0.01999999999998898,-0.0014641951761628332,jsbsim-1.3.1-a320-coefficient-surrogate
243.0,944.7422824955867,54833.407551520366,10992.826097819674,229.43912158210074,0.7774941069493932,59807.16209265428,2,3,left-turn,1064.3589784484084,55798.0791044946,11000.0,230.1542,69.19594034470708,0.0,-20.0,-19.999996883535626,0.1432394487829405,70.6493635542698,1.2358941203040192,4.1895288242537907e-17,-8.739581029248071e-07,-4.89176245629599e-23,-0.01408984080194731,9589.44623360526,586507.9061359281,32711.823458628256,33608.36176680811,32711.823458628256,0.7081034768419169,11932.776939954885,0.0,-497.83312875518163,7.347724191186294e-10,30814.5520749506,pseudo_6dof_kinematic_bridge,a320.attitude_response_p6dof.v1,surrogate_policy_overlay,0.0,0,0.7359250802213839,4.1895288242537907e-17,-3.1856454356533224e-08,0.01999999999998898,-0.0014650091793988037,jsbsim-1.3.1-a320-coefficient-surrogate
244.0,1023.2010526637761,55049.01490736905,10992.826097819674,229.45411206612994,0.7775449047946458,59806.45398917744,2,3,left-turn,1147.6174895850997,56012.644010033444,11000.0,230.1542,68.38815199283977,0.0,-20.0,-20.000016097559264,0.1432394487829405,69.84200006378117,1.221795554166369,3.1421466181903427e-17,-3.353479750419823e-07,-2.348045979022075e-23,-0.014091151169420816,9590.638482229511,586500.962012967,32712.51649230725,33590.255079991424,32712.51649230725,0.7077428020038596,11931.743002890202,0.0,-498.3470741356432,7.348637728198223e-10,30833.53282738416,pseudo_6dof_kinematic_bridge,a320.attitude_response_p6dof.v1,surrogate_policy_overlay,0.0,0,0.7354984085028041,3.1421466181903427e-17,3.060691896967415e-08,0.01999999999998898,-0.0014657680024639363,jsbsim-1.3.1-a320-coefficient-surrogate
245.0,1104.6970034648648,55263.50872906814,10992.826097819674,229.46878838497412,0.7775946380368861,59805.746246375435,2,3,left-turn,1233.8926835832378,56226.01380467687,11000.0,230.1542,67.58036364097241,0.0,-20.0,-20.00001410295627,0.1432394487829405,69.03448995895627,1.2076969878978723,2.356609963642757e-17,3.481238953880768e-08,-1.127062069930596e-23,-0.014093710072319068,9591.805744134928,586494.0214270176,32713.19004304501,33572.52312450774,32713.19004304501,0.7073895915994789,11930.735693297582,0.0,-499.04241693449245,7.349532119629279e-10,30848.246200333822,pseudo_6dof_kinematic_bridge,a320.attitude_response_p6dof.v1,surrogate_policy_overlay,0.0,0,0.7350805604319567,2.356609963642757e-17,3.5890351858811816e-08,0.01999999999998898,-0.001466308806158799,jsbsim-1.3.1-a320-coefficient-surrogate
246.0,1189.2142156701368,55476.84594027124,10992.826097819674,229.48315712268572,0.7776433289873137,59805.03885678384,2,3,left-turn,1323.1674118432768,56438.14607770407,11000.0,230.1542,66.77257528910503,0.0,-20.0,-20.000005765743907,0.1432394487829405,68.22682969874887,1.1935984215639515,1.7674574727320677e-17,1.455118061484938e-07,-5.409897935666861e-24,-0.014096330778132903,9592.94854297555,586487.0843048792,32713.84451836052,33555.15803723249,32713.84451836052,0.7070436889998338,11929.754453928006,0.0,-499.48741020725305,7.350407766719041e-10,30857.823130263572,pseudo_6dof_kinematic_bridge,a320.attitude_response_p6dof.v1,surrogate_policy_overlay,0.0,0,0.7346713510571142,1.7674574727320677e-17,1.829894611344995e-08,0.01999999999998898,-0.0014665949562048656,jsbsim-1.3.1-a320-coefficient-surrogate
247.0,1276.7361575323825,55688.98369998331,10992.826097819674,229.49722472526494,0.7776909994893136,59804.33181309484,2,3,left-turn,1415.4239295593945,56648.99866437183,11000.0,230.1542,65.96478693723768,0.0,-20.0,-19.999999724608298,0.1432394487829405,67.41905439131418,1.179499855197319,1.3255931045490508e-17,1.054377069585727e-07,-2.596751009120093e-24,-0.014098338731044496,9594.067391425602,586480.1505748865,32714.480317246795,33538.15212030352,32714.480317246795,0.7067049408679162,11928.798739197904,0.0,-499.64623147769754,7.351265062294036e-10,30863.03067626249,pseudo_6dof_kinematic_bridge,a320.attitude_response_p6dof.v1,surrogate_policy_overlay,0.0,0,0.7342705993055577,1.3255931045490508e-17,2.2300249562657687e-09,0.01999999999998898,-0.001466668977669178,jsbsim-1.3.1-a320-coefficient-surrogate
248.0,1367.245688403071,55899.8794111255,10992.826097819674,229.5109975035585,0.7777376709282807,59803.625108153974,2,3,left-turn,1510.6438992465644,56858.52965429544,11000.0,230.1542,65.15699858537036,0.0,-20.0,-19.99999775938134,0.1432394487829405,66.61121194790566,1.1654012888143317,9.94194828411788e-18,3.4299680975210076e-08,-1.2464404843776446e-24,-0.01409951047483472,9595.162791410063,586473.2201668782,32715.09783034945,33521.49783763507,32715.09783034945,0.7063731970892109,11927.868014944666,0.0,-499.64541968643584,7.352104390944384e-10,30865.356074276715,pseudo_6dof_kinematic_bridge,a320.attitude_response_p6dof.v1,surrogate_policy_overlay,0.0,0,0.7338781279020931,9.94194828411788e-18,-4.6020276324781004e-09,0.01999999999998898,-0.0014666068730166601,jsbsim-1.3.1-a320-coefficient-surrogate
249.0,1460.7250624625447,56109.490729046374,10992.826097819674,229.52448163609782,0.7777833642412358,59802.91873495688,2,3,left-turn,1608.8083943854338,57066.697399779034,11000.0,230.1542,64.34921023350299,0.0,-20.0,-19.999998285220347,0.1432394487829405,65.80334556266999,1.151302722423166,7.45646121308841e-18,-9.177621985484287e-09,-5.982914325012694e-25,-0.014099928338547422,9596.235234330376,586466.2930121649,32715.69744014156,33505.18781150542,32715.69744014156,0.7060483107037238,11926.96175818727,0.0,-499.60604510987514,7.352926129196759e-10,30866.319929402995,pseudo_6dof_kinematic_bridge,a320.attitude_response_p6dof.v1,surrogate_policy_overlay,0.0,0,0.7334937632892731,7.45646121308841e-18,-4.500481071890787e-09,0.01999999999998898,-0.0014664844772257263,jsbsim-1.3.1-a320-coefficient-surrogate
250.0,1557.155932563454,56317.775569977974,10992.826097819674,229.53768317187672,0.7778280999262404,59802.21268664618,2,3,left-turn,1709.897903184267,57273.460524093796,11000.0,230.1542,63.54142188163562,0.0,-20.0,-19.999999398102975,0.1432394487829405,64.99548514391756,1.1372041560279111,5.592345909816308e-18,-1.9423466107387622e-08,-2.871798876006093e-25,-0.01409982420376974,9597.2852012854,586459.3690434988,32716.279521094806,33489.21481921757,32716.279521094806,0.7057301378394645,11926.079456891948,0.0,-499.58742401977463,7.353730645683683e-10,30867.086316047065,pseudo_6dof_kinematic_bridge,a320.attitude_response_p6dof.v1,surrogate_policy_overlay,0.0,0,0.7331173355493155,5.592345909816308e-18,-2.027179193806689e-09,0.01999999999998898,-0.001466358807540963,jsbsim-1.3.1-a320-coefficient-surrogate
251.0,1656.5193541871758,56524.69211943485,10992.826097819674,229.55060803307163,0.7778718980516118,59801.50695650834,2,3,left-turn,1813.8923324572427,57478.777929702235,11000.0,230.1542,62.733633529768255,0.0,-20.0,-20.00000011363945,0.1432394487829405,64.1876458341707,1.1231055896306117,4.194259432362231e-18,-1.2488467405361807e-08,-1.3784634604829246e-25,-0.014099455782121411,9598.31316328771,586452.4481950426,32716.844439847056,33473.571789829926,32716.844439847056,0.7054185376473238,11925.220609742693,0.0,-499.5991733380019,7.354518301309251e-10,30868.334136115536,pseudo_6dof_kinematic_bridge,a320.attitude_response_p6dof.v1,surrogate_policy_overlay,0.0,0,0.7327486783276456,4.194259432362231e-18,-6.346813986835583e-11,0.01999999999998898,-0.0014662623485779945,jsbsim-1.3.1-a320-coefficient-surrogate
252.0,1758.795789512713,56730.19884055475,10992.826097819674,229.56326201770338,0.7779147782649458,59800.80153797069,2,3,left-turn,1920.7710116182984,57682.608806426986,11000.0,230.1542,61.92584517790089,0.0,-20.0,-20.000000302522515,0.1432394487829405,63.37983083384161,1.10900702323229,3.145694574271673e-18,-3.296631336774514e-09,-6.616624610318037e-26,-0.014099031502742165,9599.319581475349,586445.5304023403,32717.392555366398,33458.25180095771,32717.392555366398,0.7051133722373586,11924.384725916821,0.0,-499.6304134282387,7.355289449411405e-10,30870.30541804998,pseudo_6dof_kinematic_bridge,a320.attitude_response_p6dof.v1,surrogate_policy_overlay,0.0,0,0.7323876287580764,3.145694574271673e-18,6.582093061987849e-10,0.01999999999998898,-0.0014662059348217512,jsbsim-1.3.1-a320-coefficient-surrogate
253.0,1863.9651115974327,56934.25448237935,10992.826097819674,229.57565080224364,0.7779567598019476,59800.09642459846,2,3,left-turn,2030.5126967897397,57884.912639562506,11000.0,230.1542,61.11805682603352,0.0,-20.0,-20.000000204765225,0.1432394487829405,62.572035918611675,1.0949084568334566,2.3592709307037546e-18,1.7061866054902025e-09,-3.175979812952658e-26,-0.014098680951630839,9600.304907319101,586438.6156022884,32717.92421911174,33443.2480756412,32717.92421911174,0.7048145066164102,11923.571324864923,0.0,-499.66949808852564,7.356044435920739e-10,30872.940014219006,pseudo_6dof_kinematic_bridge,a320.attitude_response_p6dof.v1,surrogate_policy_overlay,0.0,0,0.7320340273895471,2.3592709307037546e-18,5.542663719981853e-10,0.01999999999998898,-0.0014661856977251154,jsbsim-1.3.1-a320-coefficient-surrogate
254.0,1972.006608668931,57136.81808807352,10992.826097819674,229.58777994416644,0.7779978614950777,59799.39161009184,2,3,left-turn,2143.0955750248127,58085.649217928025,11000.0,230.1542,60.31026847416621,0.0,-20.0,-20.000000059635678,0.1432394487829405,61.76425378235353,1.0808098904343684,1.7694531980278158e-18,2.5329884872912375e-09,-1.5244703102172758e-26,-0.014098457916498185,9601.269582825416,586431.7037331072,32718.439775190098,33428.55397928084,32718.439775190098,0.7045218086270527,11922.779936095714,0.0,-499.71032556792716,7.35678359951598e-10,30876.02505094464,pseudo_6dof_kinematic_bridge,a320.attitude_response_p6dof.v1,surrogate_policy_overlay,0.0,0,0.7316877181144087,1.7694531980278158e-18,2.1765872783498878e-10,0.01999999999998898,-0.0014661905555866266,jsbsim-1.3.1-a320-coefficient-surrogate
255.0,2082.89898852726,57337.849003081756,10992.826097819674,229.59965488444544,0.7780381017820158,59798.687088283215,2,3,left-turn,2258.4972686433875,58284.77864186019,11000.0,230.1542,59.50248012229884,0.0,-20.0,-19.999999976537673,0.1432394487829405,60.9564772108058,1.0667113240351522,1.3270898985208618e-18,1.450333716207397e-09,-7.317457489042923e-27,-0.01409836079397879,9602.214040735058,586424.7947343127,32718.93956051045,33414.16301663777,32718.93956051045,0.7042351488878456,11922.010098965293,0.0,-499.75110768321224,7.357507271776209e-10,30879.315676225062,pseudo_6dof_kinematic_bridge,a320.attitude_response_p6dof.v1,surrogate_policy_overlay,0.0,0,0.7313485480982309,1.3270898985208618e-18,-1.805242628715019e-11,0.01999999999998898,-0.0014662081556195273,jsbsim-1.3.1-a320-coefficient-surrogate
256.0,2196.6203830567165,57537.306883220226,10992.826097819674,229.61128094999935,0.7780774987139464,59797.98285313433,2,3,left-turn,2376.6948396798725,58482.26133114375,11000.0,230.1542,58.694691770431476,0.0,-20.0,-19.999999960162132,0.1432394487829405,60.14870082204303,1.0526127576358721,9.953174238906463e-19,2.8580710274881586e-10,-3.512379594740603e-27,-0.014098357603780295,9603.138704717563,586417.8885466899,32719.42390493449,33400.06882889714,32719.42390493449,0.7039544007348366,11921.261362470803,0.0,-499.7915921982988,7.358215777329863e-10,30882.61004492977,pseudo_6dof_kinematic_bridge,a320.attitude_response_p6dof.v1,surrogate_policy_overlay,0.0,0,0.7310163677110707,9.953174238906463e-19,-9.07729348031916e-11,0.01999999999998898,-0.001466228488949482,jsbsim-1.3.1-a320-coefficient-surrogate
257.0,2313.148352846365,57735.15170270308,10992.826097819674,229.62266335608544,0.7781160699636697,59797.278898733595,2,3,left-turn,2497.6647944425226,58678.05803287878,11000.0,230.1542,57.8869034185641,0.0,-20.0,-19.99999997600954,0.1432394487829405,59.340921580974445,1.03851419123656,7.464880679179847e-19,-2.7658939124143095e-10,-1.6859422054754893e-27,-0.014098407385908033,9604.043989561627,586410.9851122658,32719.89313142417,33386.26519079441,32719.89313142417,0.7036794401643187,11920.53328504847,0.0,-499.83148778447867,7.358909434000602e-10,30885.780360654913,pseudo_6dof_kinematic_bridge,a320.attitude_response_p6dof.v1,surrogate_policy_overlay,0.0,0,0.7306910304602015,7.464880679179847e-19,-6.705643828154891e-11,0.01999999999998898,-0.0014662453202025378,jsbsim-1.3.1-a320-coefficient-surrogate
258.0,2432.459891918448,57931.3437621015,10992.826097819674,229.63380720864268,0.7781538328335421,59796.57521929343,2,3,left-turn,2621.383088183184,58872.129829282814,11000.0,230.1542,57.07911506669679,0.0,-20.0,-19.999999994550965,0.1432394487829405,58.53313850571157,1.024415624837232,5.598660509384886e-19,-3.236088960353706e-10,-8.092522586282347e-28,-0.014098474305222503,9604.930301361454,586404.0843742838,32720.347556186123,33372.74600780231,32720.347556186123,0.7034101457767972,11919.825434375856,0.0,-499.8702395118919,7.359588552950109e-10,30888.77183515165,pseudo_6dof_kinematic_bridge,a320.attitude_response_p6dof.v1,surrogate_policy_overlay,0.0,0,0.7303723929242546,5.598660509384886e-19,-2.243342507908661e-11,0.01999999999998898,-0.001466256049992324,jsbsim-1.3.1-a320-coefficient-surrogate
259.0,2554.531432563808,58125.843696234144,10992.826097819674,229.6447175065857,0.7781908042632498,59795.871809147655,2,3,left-turn,2747.825129876583,59064.43814542644,11000.0,230.1542,56.27132671482942,0.0,-20.0,-20.000000003992024,0.1432394487829405,57.72535199747547,1.0103170584378969,4.1989953820386643e-19,-1.6477755909950163e-10,-3.8844108414155265e-28,-0.014098534221908512,9605.798037699216,586397.1862771778,32720.787488813075,33359.505313377485,32720.787488813075,0.7031463987221436,11919.137387178329,0.0,-499.90736566787774,7.36025343881789e-10,30891.584077559935,pseudo_6dof_kinematic_bridge,a320.attitude_response_p6dof.v1,surrogate_policy_overlay,0.0,0,0.7300603146887491,4.1989953820386643e-19,5.336068507932203e-12,0.01999999999998898,-0.0014662607407494072,jsbsim-1.3.1-a320-coefficient-surrogate
260.0,2679.3388502834223,58318.61248198755,10992.826097819674,229.65539914405065,0.7782270008374186,59795.16866274893,2,3,left-turn,2876.9657871081927,59254.94475690064,11000.0,230.1542,55.463538362962055,0.0,-20.0,-20.000000005134048,0.1432394487829405,56.91756312681439,0.9962184920385573,3.1492465365289985e-19,-1.9932068417809633e-11,-1.8645172038794528e-28,-0.014098575454002176,9606.64758782365,586390.2907665469,32721.21323242234,33346.53726626514,32721.21323242234,0.7028880826459053,11918.468729039469,0.0,-499.94272292224304,7.360904389858111e-10,30894.247315720568,pseudo_6dof_kinematic_bridge,a320.attitude_response_p6dof.v1,surrogate_policy_overlay,0.0,0,0.7297546582829696,3.1492465365289985e-19,1.2165021468031649e-11,0.01999999999998898,-0.0014662609182768327,jsbsim-1.3.1-a320-coefficient-surrogate
261.0,2806.8574688351505,58509.611446065035,10992.826097819674,229.6658569125933,0.7782624387930631,59794.465774666285,2,3,left-turn,3008.779391069706,59443.61179741452,11000.0,230.1542,54.65575001109469,0.0,-20.0,-20.000000002752813,0.1432394487829405,56.109773071792254,0.9821199256392159,2.361934902396749e-19,4.1560383657203596e-11,-8.949682578621374e-29,-0.014098596125002767,9607.479332824909,586383.3977891312,32721.62508379127,33333.83614786148,32721.62508379127,0.7026350836367677,11917.819054215612,0.0,-499.97650896602454,7.361541698073599e-10,30896.801617101486,pseudo_6dof_kinematic_bridge,a320.attitude_response_p6dof.v1,surrogate_policy_overlay,0.0,0,0.7294552891181905,2.361934902396749e-19,7.965766321219997e-12,0.01999999999998898,-0.0014662585446204176,jsbsim-1.3.1-a320-coefficient-surrogate
262.0,2937.062065384739,58698.802272662826,10992.826097819674,229.67609550334143,0.7782971340268805,59793.76313958265,2,3,left-turn,3143.239741661136,59630.401766321906,11000.0,230.1542,53.84796165922732,0.0,-20.0,-20.000000000428273,0.1432394487829405,55.30198277932375,0.9680213592398728,1.7714511767975618e-19,4.0570876826188826e-11,-4.2958476377382596e-29,-0.014098600269223247,9608.293645805727,586376.5072927882,32722.023333490055,33321.396359631406,32722.023333490055,0.702387290175116,11917.187965454134,0.0,-500.00909666380574,7.362165649346967e-10,30899.282907172346,pseudo_6dof_kinematic_bridge,a320.attitude_response_p6dof.v1,surrogate_policy_overlay,0.0,0,0.7291620754271857,1.7714511767975618e-19,2.1812389374535267e-12,0.01999999999998898,-0.001466255339727724,jsbsim-1.3.1-a320-coefficient-surrogate
263.0,3069.926875760143,58886.14701107191,10992.826097819674,229.68611950910173,0.7783311021023896,59793.06075229247,2,3,left-turn,3280.320112698506,59815.27753607513,11000.0,230.1542,53.04017330736001,0.0,-20.0,-19.999999999382702,0.1432394487829405,54.49419283410138,0.9539227928405296,1.3285883825981713e-19,1.8248656108025224e-11,-2.0620068661143646e-29,-0.014098594208634787,9609.090892049006,586369.619226469,32722.408266011582,33309.212420580916,32722.408266011582,0.702144593082687,11916.575073815664,0.0,-500.04085282336723,7.362776523569041e-10,30901.716217123834,pseudo_6dof_kinematic_bridge,a320.attitude_response_p6dof.v1,surrogate_policy_overlay,0.0,0,0.7288748882050121,1.3285883825981713e-19,-1.0248511884160495e-12,0.01999999999998898,-0.001466252464368557,jsbsim-1.3.1-a320-coefficient-surrogate
264.0,3205.425599808183,59071.608083204315,10992.826097819674,229.69593342642233,0.778364358256921,59792.35860769939,2,3,left-turn,3419.9932572261173,59998.2023596048,11000.0,230.1542,52.23238495549264,0.0,-20.0,-19.99999999935112,0.1432394487829405,53.68640347521453,0.9398242264411856,9.964412869486285e-20,5.511770033362084e-13,-9.89763295734895e-30,-0.014098583975149407,9609.871429181843,586362.7335401953,32722.78015989866,33297.27896478346,32722.78015989866,0.7019068854732946,11915.979998499966,0.0,-500.0720309979179,7.363374594764536e-10,30904.11461597621,pseudo_6dof_kinematic_bridge,a320.attitude_response_p6dof.v1,surrogate_policy_overlay,0.0,0,0.7285936011510499,9.964412869486285e-20,-1.5918567872585029e-12,0.01999999999998898,-0.0014662504820487548,jsbsim-1.3.1-a320-coefficient-surrogate
265.0,3343.5314068525413,59255.14829104244,10992.826097819674,229.7055416576121,0.7783969174084586,59791.65670081392,2,3,left-turn,3562.231412932322,60179.139877623835,11000.0,230.1542,51.424596603625275,0.0,-20.0,-19.999999999691543,0.1432394487829405,52.87861469071646,0.9257256600418415,7.473309652114713e-20,-5.941491219449822e-12,-4.7508638195274964e-30,-0.01409857395017464,9610.635607336146,586355.8501850368,32723.139287868496,33285.59073895813,32723.139287868496,0.7016740627045902,11915.402366675506,0.0,-500.102749424852,7.363960131215125e-10,30906.481565039205,pseudo_6dof_kinematic_bridge,a320.attitude_response_p6dof.v1,surrogate_policy_overlay,0.0,0,0.7283180906122505,7.473309652114713e-20,-9.280512407169549e-13,0.01999999999998898,-0.0014662494853237137,jsbsim-1.3.1-a320-coefficient-surrogate
266.0,3484.2169412520834,59436.73082401005,10992.826097819674,229.7149485127174,0.7784287941623393,59790.95502675121,2,3,left-turn,3707.006307667743,60358.05412585449,11000.0,230.1542,50.6168082517579,0.0,-20.0,-19.99999999997777,0.1432394487829405,52.07082633214561,0.9116270936424975,5.604982239086035e-20,-4.995629097358605e-12,-2.280414633373198e-30,-0.0140985665163417,9611.383769305829,586348.9691130896,32723.48591693467,33274.142600099374,32723.48591693467,0.7014460223308464,11914.84181331257,0.0,-500.1330226482949,7.364533395579891e-10,30908.814592795286,pseudo_6dof_kinematic_bridge,a320.attitude_response_p6dof.v1,surrogate_policy_overlay,0.0,0,0.7280482355275829,5.604982239086035e-20,-1.9302694871879461e-13,0.01999999999998898,-0.00146624928225629,jsbsim-1.3.1-a320-coefficient-surrogate
267.0,3627.4543280584703,59616.31926626366,10992.826097819674,229.72415821145722,0.7784600028178104,59790.25358072888,2,3,left-turn,3854.289165064808,60534.90954217683,11000.0,230.1542,49.80901989989054,0.0,-20.0,-20.00000000008999,0.1432394487829405,51.263038211856205,0.8975285272431535,4.2037366793145264e-20,-1.9586192118846115e-12,-1.0945990240191352e-30,-0.014098562357546123,9612.11625070076,586342.0902774548,32723.820308526465,33262.92951315692,32723.820308526465,0.7012226640567438,11914.2979810199,0.0,-500.16280977937356,7.365094645013279e-10,30911.108796248114,pseudo_6dof_kinematic_bridge,a320.attitude_response_p6dof.v1,surrogate_policy_overlay,0.0,0,0.7277839173736556,4.2037366793145264e-20,1.6878776901792355e-13,0.01999999999998898,-0.00146624957024977,jsbsim-1.3.1-a320-coefficient-surrogate
268.0,3773.2151787720054,59793.87760390295,10992.826097819674,229.73317488511802,0.778490557374449,59789.55235806482,2,3,left-turn,4004.0507102575393,60709.670973697284,11000.0,230.1542,49.0012315480232,0.0,-20.0,-20.000000000080522,0.1432394487829405,50.4552501667656,0.8834299608438094,3.1528025094858945e-20,1.6524255368137466e-13,-5.254075315291848e-31,-0.014098561045078953,9612.833380097409,586335.2136322163,32724.14271860571,33251.94654876423,32724.14271860571,0.7010038896921222,11913.770519884762,0.0,-500.19205540802744,7.365644131280538e-10,30913.35938145206,pseudo_6dof_kinematic_bridge,a320.attitude_response_p6dof.v1,surrogate_policy_overlay,0.0,0,0.7275250201114624,3.1528025094858945e-20,2.039953695103614e-13,0.01999999999998898,-0.001466250059945434,jsbsim-1.3.1-a320-coefficient-surrogate
269.0,3921.470597194644,59969.3702320989,10992.826097819674,229.74200257840795,0.7785204715384484,59788.85135417513,2,3,left-turn,4156.261175700399,60882.303683735845,11000.0,230.1542,48.193443196155854,0.0,-20.0,-20.00000000003359,0.1432394487829405,49.647462087704795,0.8693313944444663,2.364601882114421e-20,8.190801273044315e-13,-2.521956151340087e-31,-0.014098561637971055,9613.535479186387,586328.3391324216,32724.453397781217,33241.18888101588,32724.453397781217,0.7007896031077078,11913.259087316343,0.0,-500.2207144338636,7.366182100870755e-10,30915.563042978465,pseudo_6dof_kinematic_bridge,a320.attitude_response_p6dof.v1,surrogate_policy_overlay,0.0,0,0.7272714301342761,2.364601882114421e-20,1.0582036311048561e-13,0.01999999999998898,-0.0014662505407852518,jsbsim-1.3.1-a320-coefficient-surrogate
270.0,4072.191185379072,60142.761962138364,10992.826097819674,229.75064525127306,0.7785497587287696,59788.150564572024,2,3,left-turn,4310.890307085074,61052.773358730585,11000.0,230.1542,47.38565484428849,0.0,-20.0,-19.999999999998973,0.1432394487829405,48.83967392241202,0.8552328280451227,1.7734514115858156e-20,6.042619666798463e-13,-1.2105389526432417e-31,-0.014098563143003008,9614.22286291684,586321.4667340603,32724.75259142077,33230.65178529102,32724.75259142077,0.7005797101917572,11912.76334789245,0.0,-500.24876193651164,7.366708795107506e-10,30917.718357775968,pseudo_6dof_kinematic_bridge,a320.attitude_response_p6dof.v1,surrogate_policy_overlay,0.0,0,0.7270230362166121,1.7734514115858156e-20,1.4141497252186587e-14,0.01999999999998898,-0.001466250897979343,jsbsim-1.3.1-a320-coefficient-surrogate
271.0,4225.347049672741,60314.018028383725,10992.826097819674,229.75910678067464,0.7785784320831661,59787.449984861836,2,3,left-turn,4467.907369354014,61221.046115057994,11000.0,230.1542,46.57786649242112,0.0,-20.0,-19.99999999998741,0.1432394487829405,48.0318856631448,0.8411342616457791,1.3300885586893616e-20,2.0177954983711072e-13,-5.81058697268756e-32,-0.01409856478316668,9614.895839637838,586314.5963940453,32725.040539760794,33220.33063612336,32725.040539760794,0.7003741188076296,11912.282973209465,0.0,-500.27619304546903,7.367224450257191e-10,30919.825534219242,pseudo_6dof_kinematic_bridge,a320.attitude_response_p6dof.v1,surrogate_policy_overlay,0.0,0,0.7267797294642793,1.3300885586893616e-20,-2.5604886815009322e-14,0.01999999999998898,-0.001466251098285343,jsbsim-1.3.1-a320-coefficient-surrogate
272.0,4380.907806855735,60483.104095146504,10992.826097819674,229.76739096232964,0.7786065044640802,59786.74961074303,2,3,left-turn,4627.281152809531,61387.08850576792,11000.0,230.1542,45.77007814055376,0.0,-20.0,-19.999999999990184,0.1432394487829405,47.224097328805314,0.827035695246435,9.975664190170213e-21,-4.838843986755875e-14,-2.789081746890029e-32,-0.014098566093424872,9615.554711236779,586307.7280701932,32725.317478013727,33210.22090511589,32725.317478013727,0.7001727387522481,11911.817641735324,0.0,-500.30301785540905,7.367729297635077e-10,30921.885864953485,pseudo_6dof_kinematic_bridge,a320.attitude_response_p6dof.v1,surrogate_policy_overlay,0.0,0,0.7265414032654745,9.975664190170213e-21,-2.5648232919349675e-14,0.01999999999998898,-0.0014662511619729889,jsbsim-1.3.1-a320-coefficient-surrogate
273.0,4538.842590371303,60649.98626347352,10992.826097819674,229.77550151241402,0.7786339884644166,59786.04943800427,2,3,left-turn,4788.979979317217,61550.867527231676,11000.0,230.1542,44.96228978868644,0.0,-20.0,-19.999999999996472,0.1432394487829405,46.416308948431144,0.812937128847091,7.481748142627659e-21,-1.0972746916596231e-13,-1.3387592385072137e-32,-0.014098566896881716,9616.199773274882,586300.8617212046,32725.583636473115,33200.318158900096,32725.583636473115,0.6999754817154491,11911.367038665725,0.0,-500.32925504314716,7.368223563709127e-10,30923.901150357626,pseudo_6dof_kinematic_bridge,a320.attitude_response_p6dof.v1,surrogate_policy_overlay,0.0,0,0.7263079532429157,7.481748142627659e-21,-1.1769055421270348e-14,0.01999999999998898,-0.0014662511340362042,jsbsim-1.3.1-a320-coefficient-surrogate
274.0,4699.120056647919,60814.631077844424,10992.826097819674,229.78344206923106,0.7786608964131942,59785.34946252256,2,3,left-turn,4952.971708602518,61712.35062570211,11000.0,230.1542,44.154501436819075,0.0,-20.0,-20.000000000000586,0.1432394487829405,45.60852054952088,0.7988385624477474,5.611311106970744e-21,-7.175062534563031e-14,-6.426044344834625e-33,-0.014098567220397628,9616.831315119858,586293.9973066468,32725.839240616548,33190.61805713749,32725.839240616548,0.6997822612401747,11910.930855783281,0.0,-500.3549263012982,7.368707470201642e-10,30925.87324812666,pseudo_6dof_kinematic_bridge,a320.attitude_response_p6dof.v1,surrogate_policy_overlay,0.0,0,0.7260792772069621,5.611311106970744e-21,-5.358505705984679e-16,0.01999999999998898,-0.0014662510620948544,jsbsim-1.3.1-a320-coefficient-surrogate
275.0,4861.708391511653,60977.005532779374,10992.826097819674,229.79121619484374,0.7786872403810794,59784.64968026132,2,3,left-turn,5119.223744639104,61871.50570378408,11000.0,230.1542,43.34671308495171,0.0,-20.0,-20.00000000000171,0.1432394487829405,44.80073215192831,0.7847399960484038,4.208483330228058e-21,-1.958010746492191e-14,-3.08450128552062e-33,-0.014098567197399445,9617.449620075755,586287.1347869347,32726.0845112064,33181.116350564334,32726.0845112064,0.6995929926835229,11910.5087913196,0.0,-500.3800525006428,7.369181234188769e-10,30927.803804253803,pseudo_6dof_kinematic_bridge,a320.attitude_response_p6dof.v1,surrogate_policy_overlay,0.0,0,0.7258552751097427,4.208483330228058e-21,3.687149159949562e-15,0.01999999999998898,-0.001466250983469942,jsbsim-1.3.1-a320-coefficient-surrogate
276.0,5026.575316687665,61137.07707935562,10992.826097819674,229.79882737667373,0.7787130321858027,59783.95008726863,2,3,left-turn,5287.703042127881,62028.30112681448,11000.0,230.1542,42.538924733084336,0.0,-20.0,-20.000000000001176,0.1432394487829405,43.99294376635798,0.7706414296490598,3.1563624976710436e-21,9.293768501669454e-15,-1.4805606170498977e-33,-0.01409856698757196,9618.054965510099,586280.274123313,32726.31966438846,33171.808879076576,32726.31966438846,0.6994075931786021,11910.10054982033,0.0,-500.4046516939025,7.369645068197908e-10,30929.694151303378,pseudo_6dof_kinematic_bridge,a320.attitude_response_p6dof.v1,surrogate_policy_overlay,0.0,0,0.7256358490002256,3.1563624976710436e-21,3.167963355491947e-15,0.01999999999998898,-0.0014662509205454375,jsbsim-1.3.1-a320-coefficient-surrogate
277.0,5193.688096389603,61294.813631631834,10992.826097819674,229.80627902906602,0.7787382833974622,59783.25067967545,2,3,left-turn,5458.376113065279,62182.705729149995,11000.0,230.1542,41.731136381217,0.0,-20.0,-20.00000000000035,0.1432394487829405,43.185155395788364,0.7565428632497158,2.3672718732532828e-21,1.4378178868182233e-14,-7.106690961839509e-34,-0.01409856672575973,9618.647622978386,586273.4152778393,32726.544911788547,33162.69156985622,32726.544911788547,0.699225981597209,11909.705842012921,0.0,-500.428738617509,7.370099180303106e-10,30931.545324874467,pseudo_6dof_kinematic_bridge,a320.attitude_response_p6dof.v1,surrogate_policy_overlay,0.0,0,0.7254209029802524,2.3672718732532828e-21,1.2713793363786878e-15,0.01999999999998898,-0.0014662508818803215,jsbsim-1.3.1-a320-coefficient-surrogate
278.0,5363.013543995657,61450.18357297891,10992.826097819674,229.8135744948212,0.7787630053437153,59782.55145369386,2,3,left-turn,5631.209033399537,62334.688820361895,11000.0,230.1542,40.92334802934963,0.0,-20.0,-19.999999999999872,0.1432394487829405,42.37736703817035,0.7424442968503717,1.7754539049399622e-21,8.369970571643157e-15,-3.411211661682964e-34,-0.014098566499711893,9619.227858345901,586266.5582133669,32726.76046060704,33153.760435536475,32726.76046060704,0.699048078513279,11909.324384677315,0.0,-500.4523251576657,7.370543774218397e-10,30933.358141740417,pseudo_6dof_kinematic_bridge,a320.attitude_response_p6dof.v1,surrogate_policy_overlay,0.0,0,0.7252103431614805,1.7754539049399622e-21,-8.218813179348572e-17,0.01999999999998898,-0.0014662508662395125,jsbsim-1.3.1-a320-coefficient-surrogate
279.0,5534.518028810011,61603.155762316215,10992.826097819674,229.82071704669542,0.7787872091148615,59781.85240561535,2,3,left-turn,5806.167449773652,62484.22019133619,11000.0,230.1542,40.11555967748229,0.0,-20.0,-19.999999999999773,0.1432394487829405,41.56957868916757,0.7283457304510277,1.3315904287049717e-21,1.726748090064518e-15,-1.6373815976078225e-34,-0.01409856634934761,9619.795931907038,586259.7028935278,32726.966513711457,33145.01157240595,32726.966513711457,0.6988738061671158,11908.955900519206,0.0,-500.4754212517441,7.370979049389232e-10,30935.133293073046,pseudo_6dof_kinematic_bridge,a320.attitude_response_p6dof.v1,surrogate_policy_overlay,0.0,0,0.7250040776232374,1.3315904287049717e-21,-5.124345068055172e-16,0.01999999999998898,-0.001466250867252009,jsbsim-1.3.1-a320-coefficient-surrogate
280.0,5708.167482908434,61753.699540252,10992.826097819674,229.8277098888686,0.7788109055688185,59781.15353180918,2,3,left-turn,5983.216586353681,62631.27012027823,11000.0,230.1542,39.30777132561492,0.0,-20.0,-19.99999999999986,0.1432394487829405,40.761790344243735,0.7142471640516841,9.986928215287289e-22,-1.5305045262462096e-15,-7.859431668517548e-35,-0.01409856627815659,9620.352098502086,586252.8492827165,32727.163269727083,33136.44115865087,32727.163269727083,0.6987030884303763,11908.600118046008,0.0,-500.49803581790803,7.371405201081958e-10,30936.871423097517,pseudo_6dof_kinematic_bridge,a320.attitude_response_p6dof.v1,surrogate_policy_overlay,0.0,0,0.7248020163712623,9.986928215287289e-22,-3.8437326259589105e-16,0.01999999999998898,-0.0014662508772662606,jsbsim-1.3.1-a320-coefficient-surrogate
281.0,5883.927408066698,61901.78473512685,10992.826097819674,229.83455615838238,0.7788341053359935,59780.45482872074,2,3,left-turn,6162.321251741003,62775.80937862034,11000.0,230.1542,38.49998297374756,0.0,-20.0,-19.999999999999968,0.1432394487829405,39.95400199987151,0.7001485976523405,7.490196161465467e-22,-1.8286238149475536e-15,-3.7725272008884225e-35,-0.014098566268528864,9620.896607631554,586245.9973460743,32727.350923125738,33128.04545263394,32727.350923125738,0.6985358507717869,11908.256771445453,0.0,-500.5201774740266,7.371822420471425e-10,30938.573180344352,pseudo_6dof_kinematic_bridge,a320.attitude_response_p6dof.v1,surrogate_policy_overlay,0.0,0,0.7246040712973061,7.490196161465467e-22,-1.2973817918544444e-16,0.01999999999998898,-0.001466250889808902,jsbsim-1.3.1-a320-coefficient-surrogate
282.0,6061.762882770533,62047.381668959206,10992.826097819674,229.84125892654725,0.778856818824053,59779.75629286997,2,3,left-turn,6343.44584596717,62917.80923683153,11000.0,230.1542,37.69219462188021,0.0,-20.0,-20.00000000000002,0.1432394487829405,39.146213653955115,0.6860500312529965,5.617647121099101e-22,-9.407037377342903e-16,-1.8108130564264427e-35,-0.014098566295480106,9621.429703568128,586239.1470494732,32727.529664312617,33119.82079120991,32727.529664312617,0.6983720202235911,11907.925600466686,0.0,-500.5418549614932,7.372230894726765e-10,30940.239241080577,pseudo_6dof_kinematic_bridge,a320.attitude_response_p6dof.v1,surrogate_policy_overlay,0.0,0,0.7244101561395881,5.617647121099101e-22,2.8736031613129986e-17,0.01999999999998898,-0.0014662509006592044,jsbsim-1.3.1-a320-coefficient-surrogate
283.0,6241.638569305783,62190.4611632916,10992.826097819674,229.84782120032057,0.7788790562225916,59779.057920849744,2,3,left-turn,6526.554367569991,63057.24147012793,11000.0,230.1542,36.884406270012846,0.0,-20.0,-20.00000000000003,0.1432394487829405,38.33842530571147,0.6719514648536524,4.2132353408243254e-22,-1.187665264551489e-16,-8.691902670846924e-36,-0.014098566336098347,9621.951625466245,586232.2983595012,32727.69967971138,33111.76358807649,32727.69967971138,0.6982115253486998,11907.606350303871,0.0,-500.5630773001069,7.372630807095349e-10,30941.870311601873,pseudo_6dof_kinematic_bridge,a320.attitude_response_p6dof.v1,surrogate_policy_overlay,0.0,0,0.7242201864440799,4.2132353408243254e-22,6.871439419911011e-17,0.01999999999998898,-0.0014662509078902414,jsbsim-1.3.1-a320-coefficient-surrogate
284.0,6423.518720927429,62330.99454493675,10992.826097819674,229.85424592365553,0.7789008275077031,59778.359709324395,2,3,left-turn,6711.610420749408,63194.07836408291,11000.0,230.1542,36.07661791814551,0.0,-20.0,-20.000000000000014,0.1432394487829405,37.53063695528014,0.6578528984543084,3.159926505618244e-22,2.2904857799307983e-16,-4.1721132820065234e-36,-0.014098566374280298,9622.462607469386,586225.4512434461,32727.861151847406,33103.870332159946,32727.861151847406,0.6980542962085339,11907.298771482252,0.0,-500.5838537552997,7.37302233698501e-10,30943.467118281846,pseudo_6dof_kinematic_bridge,a320.attitude_response_p6dof.v1,surrogate_policy_overlay,0.0,0,0.7240340795265994,3.159926505618244e-22,4.471868994494569e-17,0.01999999999998898,-0.00146625091132518,jsbsim-1.3.1-a320-coefficient-surrogate
285.0,6607.367189106121,62468.95365162232,10992.826097819674,229.86053597882164,0.778922142446456,59777.66165502818,2,3,left-turn,6898.577222601755,63328.292720135825,11000.0,230.1542,35.268829566278136,0.0,-20.0,-20.000000000000004,0.1432394487829405,36.72284860327888,0.6437543320549648,2.3699448792136833e-22,2.3050970354890124e-16,-2.0026143753631312e-36,-0.014098566401680902,9622.962878815106,586218.6056692821,32728.014259429365,33096.1375860351,32728.014259429365,0.6979002643315511,11907.002619746541,0.0,-500.6041937100435,7.373405660044501e-10,30945.03039335657,pseudo_6dof_kinematic_bridge,a320.attitude_response_p6dof.v1,surrogate_policy_overlay,0.0,0,0.7238517544357111,2.3699448792136833e-22,1.3042517373014037e-17,0.01999999999998898,-0.001466250911802947,jsbsim-1.3.1-a320-coefficient-surrogate
286.0,6793.14743085084,62604.310837533325,10992.826097819674,229.86669418769793,0.7789430106012747,59776.96375476385,2,3,left-turn,7087.417610430945,63459.857860998105,11000.0,230.1542,34.46104121441077,0.0,-20.0,-19.999999999999996,0.1432394487829405,35.91506025043849,0.6296557656556212,1.7774586594102625e-22,1.1074693649238009e-16,-9.61254900174303e-37,-0.014098566416326473,9623.452663937871,586211.7616056548,32728.159177429003,33088.561984377935,32728.159177429003,0.6977493626824227,11906.71765595175,0.0,-500.62410651688043,7.373780948242314e-10,30946.56086194139,pseudo_6dof_kinematic_bridge,a320.attitude_response_p6dof.v1,surrogate_policy_overlay,0.0,0,0.7236731319163877,1.7774586594102625e-22,-4.779496043221325e-18,0.01999999999998898,-0.001466250910519979,jsbsim-1.3.1-a320-coefficient-surrogate
287.0,6980.822516106312,62737.03897875112,10992.826097819674,229.87272331303836,0.7789634413342288,59776.266005401165,2,3,left-turn,7278.094049135189,63588.74763595585,11000.0,230.1542,33.65325286254343,0.0,-20.0,-19.999999999999996,0.1432394487829405,35.10727189737216,0.6155571992562772,1.333093994557697e-22,8.692887522068356e-18,-4.6140235208366546e-37,-0.014098566420269713,9623.932182569732,586204.9190218673,32728.29607715932,33081.1402324517,32728.29607715932,0.697601525631879,11906.443645956191,0.0,-500.64360137633656,7.374148369943798e-10,30948.05923298993,pseudo_6dof_kinematic_bridge,a320.attitude_response_p6dof.v1,surrogate_policy_overlay,0.0,0,0.7234981343744563,1.333093994557697e-22,-8.87076955796173e-18,0.01999999999998898,-0.0014662509085755628,jsbsim-1.3.1-a320-coefficient-surrogate
288.0,7170.355135223767,62867.11147858806,10992.826097819674,229.87862605971145,0.7789834438112322,59775.568403875535,2,3,left-turn,7470.568638667679,63714.936426067696,11000.0,230.1542,32.84546451067609,0.0,-20.0,-19.999999999999996,0.1432394487829405,34.29948354447638,0.6014586328569331,9.998204959182727e-23,-2.7026029617540732e-17,-2.214731290001594e-37,-0.014098566417293396,9624.401649838872,586198.077887866,32728.42512635111,33073.86910462401,32728.42512635111,0.6974566889271693,11906.180360516817,0.0,-500.66268726142386,7.374508089986686e-10,30949.526194774637,pseudo_6dof_kinematic_bridge,a320.attitude_response_p6dof.v1,surrogate_policy_overlay,0.0,0,0.7233266858417695,9.998204959182727e-23,-4.788607599149261e-18,0.01999999999998898,-0.0014662509067437236,jsbsim-1.3.1-a320-coefficient-surrogate
289.0,7361.707606503617,62994.502272816666,10992.826097819674,229.88440507591318,0.7790030270061548,59774.87094718661,2,3,left-turn,7664.803121569859,63838.399149256984,11000.0,230.1542,32.03767615880872,0.0,-20.0,-20.0,0.1432394487829405,33.49169519192926,0.5873600664575895,7.498653719387045e-23,-3.9527650616403914e-17,-1.0630710192007652e-37,-0.014098566411207877,9624.861276366117,586191.2381742276,32728.54648922783,33066.74544291588,32728.54648922783,0.6973147896631589,11905.92757518667,0.0,-500.6813728872175,7.374860269755037e-10,30950.962414058857,pseudo_6dof_kinematic_bridge,a320.attitude_response_p6dof.v1,surrogate_policy_overlay,0.0,0,0.7231587119421241,7.498653719387045e-23,-3.359850913564898e-18,0.01999999999998898,-0.0014662509054268053,jsbsim-1.3.1-a320-coefficient-surrogate
290.0,7554.841883808631,63119.18583479248,10992.826097819674,229.89006295435487,0.7790221997048469,59774.173632396945,2,3,left-turn,7860.758890575702,63959.11126529725,11000.0,230.1542,31.229887806941356,0.0,-20.0,-20.0,0.1432394487829405,32.683906839743685,0.5732615000582459,5.623990289540283e-23,-1.3834677715741369e-17,-5.102740892163673e-38,-0.014098566404897688,9625.31126835938,586184.3998521455,32728.660326579,33059.76615558105,32728.660326579,0.6971757662540321,11905.685070214571,0.0,-500.6996667138157,7.375205067251596e-10,30952.368537589333,pseudo_6dof_kinematic_bridge,a320.attitude_response_p6dof.v1,surrogate_policy_overlay,0.0,0,0.7229941398578884,5.623990289540283e-23,1.5811060248902558e-18,0.01999999999998898,-0.0014662509047211184,jsbsim-1.3.1-a320-coefficient-surrogate
291.0,7749.719564246149,63241.13718046955,10992.826097819674,229.8956022334261,0.7790409705090799,59773.47645663069,2,3,left-turn,8058.3969962855535,64077.04878068999,11000.0,230.1542,30.422099455074015,0.0,-20.0,-20.0,0.1432394487829405,31.876118487837545,0.5591629336589019,4.2179927171552124e-23,-4.842137200509477e-18,-2.4493156282385626e-38,-0.014098566400020725,9625.751827706174,586177.5628934173,32728.766795832,33052.92821571507,32728.766795832,0.6970395584055848,11905.452630446816,0.0,-500.7175769681876,7.375542637168693e-10,30953.745194591665,pseudo_6dof_kinematic_bridge,a320.attitude_response_p6dof.v1,surrogate_policy_overlay,0.0,0,0.7228328982973271,4.2179927171552124e-23,5.533871088637539e-19,0.01999999999998898,-0.0014662509045292233,jsbsim-1.3.1-a320-coefficient-surrogate
292.0,7946.301895917885,63360.33187330767,10992.826097819674,229.901025398333,0.7790593478404045,59772.779417072285,2,3,left-turn,8257.678154907939,64192.18825343375,11000.0,230.1542,29.614311103206646,0.0,-20.0,-20.0,0.1432394487829405,31.06833013609623,0.5450643672595579,3.1634945378664095e-23,-1.694748020178317e-18,-1.17567150155451e-38,-0.014098566397144081,9626.18315206413,586170.7272704319,32728.86605112237,33046.228659894005,32728.86605112237,0.6969061070881086,11905.230045230986,0.0,-500.73511167183733,7.375873130957594e-10,30955.092999270004,pseudo_6dof_kinematic_bridge,a320.attitude_response_p6dof.v1,surrogate_policy_overlay,0.0,0,0.7226749174626197,3.1634945378664095e-23,1.9368548825447817e-19,0.01999999999998898,-0.001466250904670123,jsbsim-1.3.1-a320-coefficient-surrogate
293.0,8144.549785735827,63476.74602907035,10992.826097819674,229.90633488221295,0.7790773399439268,59772.0825109652,2,3,left-turn,8458.562756067873,64304.506797683614,11000.0,230.1542,28.80652275133928,0.0,-20.0,-20.0,0.1432394487829405,30.260541784415345,0.5309658008602138,2.372620903399807e-23,-5.931618070624108e-19,-5.643223207461648e-39,-0.014098566396089161,9626.605434949659,586163.892956157,32728.95824336269,33039.664586841514,32728.95824336269,0.696775354509839,11905.017108321768,0.0,-500.75227866596737,7.376196696896434e-10,30956.412552761456,pseudo_6dof_kinematic_bridge,a320.attitude_response_p6dof.v1,surrogate_policy_overlay,0.0,0,0.722520129018541,2.372620903399807e-23,6.778992104123175e-20,0.01999999999998898,-0.0014662509049611903,jsbsim-1.3.1-a320-coefficient-surrogate
294.0,8344.423807302755,63590.35632051279,10992.826097819674,229.91153306722546,0.7790949548920064,59771.38573561069,2,3,left-turn,8661.010870680046,64413.982088300116,11000.0,230.1542,27.99873439947194,0.0,-20.0,-20.0,0.1432394487829405,29.452753432722016,0.5168672344608698,1.7794656775498552e-23,-2.0760663247184378e-19,-2.708747139581591e-39,-0.01409856639630673,9627.018865824723,586157.0599241265,32729.043520309897,33033.23315612446,32729.043520309897,0.6966472440909736,11904.813617788743,0.0,-500.76908562962103,7.376513480156705e-10,30957.704444362713,pseudo_6dof_kinematic_bridge,a320.attitude_response_p6dof.v1,surrogate_policy_overlay,0.0,0,0.7223684660618142,1.7794656775498552e-23,2.3726472516595505e-20,0.01999999999998898,-0.0014662509052637655,jsbsim-1.3.1-a320-coefficient-surrogate
295.0,8545.884208855876,63701.13998195877,10992.826097819674,229.91662228562103,0.7791122005878767,59770.6890883666,2,3,left-turn,8864.982258885406,64520.59236528677,11000.0,230.1542,27.190946047604573,0.0,-20.0,-20.0,0.1432394487829405,28.644965080978793,0.5027686680615262,1.3345992581623916e-23,-7.266232136514532e-20,-1.3001986269991636e-39,-0.014098566397177511,9627.42363018182,586150.2281484304,32729.122026631387,33026.93158687493,32729.122026631387,0.6965217204382154,11904.619375926082,0.0,-500.78554009057586,7.376823622868384e-10,30958.969252128813,pseudo_6dof_kinematic_bridge,a320.attitude_response_p6dof.v1,surrogate_policy_overlay,0.0,0,0.7222198630910782,1.3345992581623916e-23,8.304265532972828e-21,0.01999999999998898,-0.0014662509054980326,jsbsim-1.3.1-a320-coefficient-surrogate
296.0,8748.890921272045,63809.07481376578,10992.826097819674,229.92160482078648,0.7791290847691883,59769.99256664616,2,3,left-turn,9070.436378049455,64624.31643811519,11000.0,230.1542,26.383157695737204,0.0,-20.0,-20.0,0.1432394487829405,27.8371767291772,0.4886701016621826,1.0009494436217937e-23,-2.5431812477800857e-20,-6.240953409595985e-40,-0.014098566398196268,9627.819909627146,586143.3976037005,32729.193903969535,33020.75715654054,32729.193903969535,0.6963987293198789,11904.434189164174,0.0,-500.80164943017263,7.377127264183634e-10,30960.207543025608,pseudo_6dof_kinematic_bridge,a320.attitude_response_p6dof.v1,surrogate_policy_overlay,0.0,0,0.7220742559775202,1.0009494436217937e-23,2.9064930887048888e-21,0.01999999999998898,-0.0014662509056365383,jsbsim-1.3.1-a320-coefficient-surrogate
297.0,8953.403566133058,63914.13918667743,10992.826097819674,229.92648290826904,0.7791456150114796,59769.29616791684,2,3,left-turn,9277.332390820797,64725.13368993704,11000.0,230.1542,25.575369343869863,0.0,-20.0,-20.0,0.1432394487829405,27.02938837732693,0.4745715352628386,7.507120827163452e-24,-8.901134367230298e-21,-2.995657636606073e-40,-0.014098566399045692,9628.207881962044,586136.5682651016,32729.25929100499,33014.707199660144,32729.25929100499,0.696278217641504,11904.257867983088,0.0,-500.8174208844365,7.377424540339231e-10,30961.419872862472,pseudo_6dof_kinematic_bridge,a320.attitude_response_p6dof.v1,surrogate_policy_overlay,0.0,0,0.7219315819361031,7.507120827163452e-24,1.0172727332111102e-21,0.01999999999998898,-0.0014662509056876257,jsbsim-1.3.1-a320-coefficient-surrogate
298.0,9159.381463849471,64016.31204606236,10992.826097819674,229.93125873677894,0.7791617987315734,59768.599889699195,2,3,left-turn,9485.629173248195,64823.02408168203,11000.0,230.1542,24.767580992002497,0.0,-20.0,-20.0,0.1432394487829405,26.22160002544542,0.46047296886349454,5.630340620372589e-24,-3.115397028530604e-21,-1.437915665570915e-40,-0.014098566399591173,9628.58772126273,586129.7401083186,32729.318323518593,33008.77910666537,32729.318323518593,0.6961601334219819,11904.090226827808,0.0,-500.8328615436797,7.377715584717647e-10,30962.6067861825,pseudo_6dof_kinematic_bridge,a320.attitude_response_p6dof.v1,surrogate_policy_overlay,0.0,0,0.7217917794973973,5.630340620372589e-24,3.5604560878828783e-22,0.01999999999998898,-0.0014662509056774875,jsbsim-1.3.1-a320-coefficient-surrogate
299.0,9366.78364184138,64115.572916038866,10992.826097819674,229.93593444917073,0.7791776431909027,59767.903729565776,2,3,left-turn,9695.285322954624,64917.968156040915,11000.0,230.1542,23.959792640135156,0.0,-20.0,-20.0,0.1432394487829405,25.41381167355001,0.4463744024641505,4.222755465279442e-24,-1.090388959985711e-21,-6.901995194740392e-41,-0.01409856639983325,9628.959597958352,586122.9131095462,32729.371134452023,33002.970322707704,32729.371134452023,0.6960444257701928,11903.93108402532,0.0,-500.84797835215284,7.378000527906858e-10,30963.76881621628,pseudo_6dof_kinematic_bridge,a320.attitude_response_p6dof.v1,surrogate_policy_overlay,0.0,0,0.7216547884800121,4.222755465279442e-24,1.2461611524030008e-22,0.01999999999998898,-0.001466250905635915,jsbsim-1.3.1-a320-coefficient-surrogate
300.0,9575.56884277461,64211.90190348441,10992.826097819674,229.94051214340433,0.7791931554987667,59767.207685140005,2,3,left-turn,9906.259167366696,65009.94704133304,11000.0,230.1542,23.152004288267786,0.0,-20.0,-20.0,0.1432394487829405,24.60602332165384,0.4322758360648069,3.1670665989595816e-24,-3.816361359949988e-22,-3.312957693475388e-41,-0.014098566399846793,9629.323678907413,586116.0872454783,32729.417853967178,32997.278346509745,32729.417853967178,0.6959310448621222,11903.78026170336,0.0,-500.862778108427,7.378279497758901e-10,30964.906484928822,pseudo_6dof_kinematic_bridge,a320.attitude_response_p6dof.v1,surrogate_policy_overlay,0.0,0,0.721520549963593,3.1670665989595816e-24,4.361579249850436e-23,0.01999999999998898,-0.0014662509055870456,jsbsim-1.3.1-a320-coefficient-surrogate
301.0,9785.695532850727,64305.279701929365,10992.826097819674,229.94499387348537,0.7792083426155187,59766.51175409514,2,3,left-turn,10118.508771997736,65098.94245525735,11000.0,230.1542,22.344215936400445,0.0,-20.0,-20.0,0.1432394487829405,23.798234969764337,0.4181772696654633,2.375299949219686e-24,-1.3357264759824956e-22,-1.5902196928681865e-41,-0.01409856639973019,9629.680127472582,586109.2624932971,32729.45860950426,32991.700729241486,32729.45860950426,0.6958199419184783,11903.637585710916,0.0,-500.8772674670958,7.378552619447203e-10,30966.020303186055,pseudo_6dof_kinematic_bridge,a320.attitude_response_p6dof.v1,surrogate_policy_overlay,0.0,0,0.7213890062624067,2.375299949219686e-24,1.5265679538875874e-23,0.01999999999998898,-0.0014662509055462874,jsbsim-1.3.1-a320-coefficient-surrogate
302.0,9997.12191014929,64395.68759533411,10992.826097819674,229.94938165038656,0.7792232113556871,59765.81593415322,2,3,left-turn,10331.991948782956,65184.936708526286,11000.0,230.1542,21.53642758453308,0.0,-20.0,-20.0,0.1432394487829405,22.990446617884018,0.4040787032661193,1.7814749619147644e-24,-4.6750426659387345e-23,-7.633054525767295e-42,-0.014098566399569905,9630.02910359395,586102.4388306637,32729.493525838734,32986.235073419135,32729.493525838734,0.6957110691827557,11903.502885540358,0.0,-500.89145294118686,7.378820015522708e-10,30967.110770973395,pseudo_6dof_kinematic_bridge,a320.attitude_response_p6dof.v1,surrogate_policy_overlay,0.0,0,0.7212601008994519,1.7814749619147644e-24,5.3431400030059025e-24,0.01999999999998898,-0.0014662509055200074,jsbsim-1.3.1-a320-coefficient-surrogate
303.0,10209.80591302073,64483.10746174888,10992.826097819674,229.953677442949,0.7792377683910303,59765.12022308404,2,3,left-turn,10546.66626446502,65267.912708381846,11000.0,230.1542,20.728639232665714,0.0,-20.0,-20.0,0.1432394487829405,22.182658266012023,0.38998013686677524,1.3361062214360733e-24,-1.6362649330785566e-23,-3.663866172368302e-42,-0.014098566399425043,9630.370763860736,586095.6162357071,32729.522725137012,32980.87903182812,32729.522725137012,0.6956043798997839,11903.375994251215,0.0,-500.90534090543133,7.379081805968815e-10,30968.178377674216,pseudo_6dof_kinematic_bridge,a320.attitude_response_p6dof.v1,surrogate_policy_overlay,0.0,0,0.7211337785811418,1.3361062214360733e-24,1.870251165451414e-24,0.01999999999998898,-0.001466250905508335,jsbsim-1.3.1-a320-coefficient-surrogate
304.0,10423.705228528257,64567.52177685566,10992.826097819674,229.95788317876537,0.779252020253529,59764.42461870414,2,3,left-turn,10762.48904902833,65347.85396199304,11000.0,230.1542,19.920850880798373,0.0,-20.0,-20.0,0.1432394487829405,21.374869914145776,0.3758815704674312,1.002079666077055e-24,-5.726927265774947e-24,-1.7586557627367847e-42,-0.01409856639932461,9630.705261581508,586088.794687015,32729.54632701102,32975.63030646769,32729.54632701102,0.6954998282947031,11903.256748395586,0.0,-500.9189375995952,7.379338108255197e-10,30969.223602339036,pseudo_6dof_kinematic_bridge,a320.attitude_response_p6dof.v1,surrogate_policy_overlay,0.0,0,0.7210099851724875,1.002079666077055e-24,6.547400723073426e-25,0.01999999999998898,-0.0014662509055076637,jsbsim-1.3.1-a320-coefficient-surrogate
305.0,10638.777300937172,64648.91361739139,10992.826097819674,229.96200074504372,0.7792659733383139,59763.729118875846,2,3,left-turn,10979.417404180422,65424.74457973409,11000.0,230.1542,19.113062528931003,0.0,-20.0,-20.0,0.1432394487829405,20.567081562282453,0.3617830040680876,7.515597495577912e-25,-2.0044245430212312e-24,-8.441547661136565e-43,-0.014098566399273527,9631.032746852903,586081.9741636238,32729.564448571604,32970.48664751895,32729.564448571604,0.6953973695524085,11903.144987945001,0.0,-500.9322491318931,7.379589037390444e-10,30970.24691395225,pseudo_6dof_kinematic_bridge,a320.attitude_response_p6dof.v1,surrogate_policy_overlay,0.0,0,0.7208886676728359,7.515597495577912e-25,2.2931118970691793e-25,0.01999999999998898,-0.0014662509055132088,jsbsim-1.3.1-a320-coefficient-surrogate
306.0,10854.979340249947,64727.26666445186,10992.826097819674,229.966031989454,0.7792796339065337,59763.0337215063,2,3,left-turn,11197.408211878648,65498.5692783428,11000.0,230.1542,18.305274177063662,0.0,-20.0,-20.0,0.1432394487829405,19.75929321041974,0.347684437668744,5.636698121683434e-25,-7.015485900574309e-25,-4.051942877345551e-43,-0.014098566399262583,9631.353366626941,586075.1546450097,32729.577204480847,32965.445852333374,32729.577204480847,0.6952969597974024,11903.040556218933,0.0,-500.94528148226584,7.379834705973643e-10,30971.248771681632,pseudo_6dof_kinematic_bridge,a320.attitude_response_p6dof.v1,surrogate_policy_overlay,0.0,0,0.7207697741920841,5.636698121683434e-25,8.041108079676929e-26,0.01999999999998898,-0.001466250905520901,jsbsim-1.3.1-a320-coefficient-surrogate
307.0,11072.268330785426,64802.565206675776,10992.826097819674,229.96997872095614,0.7792930080881617,59762.3384245465,2,3,left-turn,11416.41814290064,65569.31338395829,11000.0,230.1542,17.49748582519627,0.0,-20.0,-20.0,0.1432394487829405,18.951504858556245,0.3335858712694,4.227523591262575e-25,-2.455420065201008e-25,-1.9449325811258644e-43,-0.014098566399276459,9631.667264776896,586068.336111079,32729.584707003225,32960.50576444343,32729.584707003225,0.6951985560740855,11902.943299814768,0.0,-500.9580405052784,7.380075224244855e-10,30972.229625093576,pseudo_6dof_kinematic_bridge,a320.attitude_response_p6dof.v1,surrogate_policy_overlay,0.0,0,0.7206532539274156,4.227523591262575e-25,2.829604267821727e-26,0.01999999999998898,-0.0014662509055278048,jsbsim-1.3.1-a320-coefficient-surrogate
308.0,11290.601039800516,64874.79414330819,10992.826097819674,229.9738427106113,0.7793061018847448,59761.643225990425,2,3,left-turn,11636.403665456657,65636.9628350377,11000.0,230.1542,16.689697473328955,0.0,-20.0,-20.0,0.1432394487829405,18.143716506691344,0.31948730487005594,3.170642693446931e-25,-8.593970228203526e-26,-9.335676389404148e-44,-0.014098566399300945,9631.974582161813,586061.518542159,32729.587066055803,32955.664272593625,32729.587066055803,0.6951021163274571,11902.853068539178,0.0,-500.9705319329774,7.380310700134548e-10,30973.189914367085,pseudo_6dof_kinematic_bridge,a320.attitude_response_p6dof.v1,surrogate_policy_overlay,0.0,0,0.7205390571405124,3.170642693446931e-25,1.0055779336724066e-26,0.01999999999998898,-0.0014662509055326854,jsbsim-1.3.1-a320-coefficient-surrogate
309.0,11509.934026152687,64943.93898714288,10992.826097819674,229.97762569237574,0.7793189211720933,59760.9481238741,2,3,left-turn,11857.321053842277,65701.50418515116,11000.0,230.1542,15.881909121461588,0.0,-20.0,-20.0,0.1432394487829405,17.335928154825073,0.30538873847071235,2.3779820200851984e-25,-3.0078895798712336e-26,-4.481124666913991e-44,-0.014098566399324965,9632.275456689644,586054.7019189899,32729.584389257245,32950.91930979205,32729.584389257245,0.6950075993842211,11902.76971534104,0.0,-500.98276137731864,7.380541239311975e-10,30974.13007047281,pseudo_6dof_kinematic_bridge,a320.attitude_response_p6dof.v1,surrogate_policy_overlay,0.0,0,0.7204271351352511,2.3779820200851984e-25,3.671687167201445e-27,0.01999999999998898,-0.0014662509055350808,jsbsim-1.3.1-a320-coefficient-surrogate
310.0,11730.223649001618,65009.985867343064,10992.826097819674,229.98132936387836,0.7793314717029161,59760.25311627472,2,3,left-turn,12079.126397129561,65762.92460565447,11000.0,230.1542,15.07412076959422,0.0,-20.0,-20.0,0.1432394487829405,16.528139802957757,0.29129017207136876,1.7834865150638988e-25,-1.0527613529549316e-26,-2.1509398401187158e-44,-0.014098566399343026,9632.570023379089,586047.8862227155,32729.576781975913,32946.2688523816,32729.576781975913,0.6949149649342863,11902.693096245675,0.0,-500.9947343328004,7.380766945232548e-10,30975.05051537366,pseudo_6dof_kinematic_bridge,a320.attitude_response_p6dof.v1,surrogate_policy_overlay,0.0,0,0.7203174402358586,1.7834865150638988e-25,1.4372549078685278e-27,0.01999999999998898,-0.0014662509055356479,jsbsim-1.3.1-a320-coefficient-surrogate
311.0,11951.426076548323,65072.92153213992,10992.826097819674,229.98495538718157,0.7793437591093988,59759.55820130978,2,3,left-turn,12301.775607895068,65821.21188823899,11000.0,230.1542,14.266332417726879,0.0,-20.0,-20.0,0.1432394487829405,15.720351451089854,0.2771916056720247,1.3376148862979242e-25,-3.68466473534226e-27,-1.0324511232569836e-44,-0.014098566399353278,9632.858414420121,586041.0714348746,32729.564347376916,32941.71091913125,32729.564347376916,0.6948241735126645,11902.623070290487,0.0,-501.0064561786767,7.380987919184233e-10,30975.95166219049,pseudo_6dof_kinematic_bridge,a320.attitude_response_p6dof.v1,surrogate_policy_overlay,0.0,0,0.7202099257655391,1.3376148862979242e-25,6.552036171020069e-28,0.01999999999998898,-0.0014662509055349965,jsbsim-1.3.1-a320-coefficient-surrogate
312.0,12173.497294810048,65132.73335140833,10992.826097819674,229.98850538952664,0.7793557889057295,59758.863377136266,2,3,left-turn,12525.224430982968,65876.35444735829,11000.0,230.1542,13.458544065859513,0.0,-20.0,-20.0,0.1432394487829405,14.912563099221776,0.2630930392726807,1.003211164723443e-25,-1.2896326573697907e-27,-4.955765391633521e-45,-0.014098566399356562,9633.140759233254,586034.2575373934,32729.54718646815,32937.243570345774,32729.54718646815,0.6947351864817373,11902.55949946195,0.0,-501.01793218138926,7.381204260332947e-10,30976.83391538963,pseudo_6dof_kinematic_bridge,a320.attitude_response_p6dof.v1,surrogate_policy_overlay,0.0,0,0.7201045460255346,1.003211164723443e-25,3.8148566533372464e-28,0.01999999999998898,-0.001466250905533805,jsbsim-1.3.1-a320-coefficient-surrogate
313.0,12396.393116429264,65189.40931911954,10992.826097819674,229.99198096406303,0.7793675664905707,59758.168641949786,2,3,left-turn,12749.42845230145,65928.34132253089,11000.0,230.1542,12.65075571399217,0.0,-20.0,-20.0,0.1432394487829405,14.104774747353773,0.24899447287333665,7.524083735425823e-26,-4.513714300794265e-28,-2.37876738798409e-45,-0.014098566399355314,9633.417184527558,586027.4445125769,32729.525398145433,32932.864906994706,32729.525398145433,0.6946479660139044,11902.50224863394,0.0,-501.02916749689416,7.381416065767018e-10,30977.69767096126,pseudo_6dof_kinematic_bridge,a320.attitude_response_p6dof.v1,surrogate_policy_overlay,0.0,0,0.7200012562746354,7.524083735425823e-26,2.856843822148259e-28,0.01999999999998898,-0.001466250905532679,jsbsim-1.3.1-a320-coefficient-surrogate
314.0,12620.069189515058,65242.93805567005,10992.826097819674,229.9953836705628,0.7793790971494792,59757.473993983775,2,3,left-turn,12974.34310765078,65977.16218051889,11000.0,230.1542,11.842967362124805,0.0,-20.0,-20.0,0.1432394487829405,13.296986395485973,0.23489590647399305,5.643062801569368e-26,-1.5798000052779928e-28,-1.1418083462323632e-45,-0.014098566399351772,9633.687814357463,586020.6323431011,32729.499079236626,32928.573069859165,32729.499079236626,0.6945624750745901,11902.451185507325,0.0,-501.0401671728885,7.38162343054071e-10,30978.54331658998,pseudo_6dof_kinematic_bridge,a320.attitude_response_p6dof.v1,surrogate_policy_overlay,0.0,0,0.7199000127091114,5.643062801569368e-26,2.5215393312321133e-28,0.01999999999998898,-0.001466250905531805,jsbsim-1.3.1-a320-coefficient-surrogate
315.0,12844.48100651518,65293.30881008641,10992.826097819674,229.9987150361195,0.7793903860572757,59756.7794315087,2,3,left-turn,13199.923691581114,66022.80731738188,11000.0,230.1542,11.035179010257437,0.0,-20.0,-20.0,0.1432394487829405,12.489198043618376,0.22079734007464946,4.232297101177026e-26,-5.529300018472974e-29,-5.480680061915343e-46,-0.01409856639934794,9633.952770178383,586013.8210120047,32729.468324544912,32924.36623869728,32729.468324544912,0.694478677405618,11902.40618055078,0.0,-501.0509361511604,7.381826447716836e-10,30979.371231836412,pseudo_6dof_kinematic_bridge,a320.attitude_response_p6dof.v1,surrogate_policy_overlay,0.0,0,0.7198007724430799,4.232297101177026e-26,2.404182759411462e-28,0.01999999999998898,-0.0014662509055313425,jsbsim-1.3.1-a320-coefficient-surrogate
316.0,13069.583913117083,65340.511462105555,10992.826097819674,230.00197655583335,0.7794014382803653,59756.0849528313,2,3,left-turn,13426.125366278478,66065.26766040569,11000.0,230.1542,10.227390658390096,0.0,-20.0,-20.0,0.1432394487829405,11.68140969175096,0.20669877367530543,3.174222825882769e-26,-1.9352550064655404e-29,-2.6307264297193647e-46,-0.014098566399344824,9634.212170901148,586007.010502683,32729.433226891095,32920.242631425936,32729.433226891095,0.6943965375089123,11902.367106942962,0.0,-501.06147926975245,7.38202520840848e-10,30980.18178830247,pseudo_6dof_kinematic_bridge,a320.attitude_response_p6dof.v1,surrogate_policy_overlay,0.0,0,0.7197034934892558,3.174222825882769e-26,2.3631079592742348e-28,0.01999999999998898,-0.0014662509055311762,jsbsim-1.3.1-a320-coefficient-surrogate
317.0,13295.333117176193,65384.53652413014,10992.826097819674,230.00516969348095,0.7794122587790081,59755.39055629379,2,3,left-turn,13652.903170476986,66104.53476990582,11000.0,230.1542,9.419602306522728,0.0,-20.0,-20.0,0.1432394487829405,10.87362133988367,0.1926002072759614,2.3806671194120768e-26,-6.773392522629391e-30,-1.2627486862652948e-46,-0.014098566399342764,9634.466132945334,586000.2007988784,32729.393877155046,32916.20050332111,32729.393877155046,0.6943160206305694,11902.333840515792,0.0,-501.0718012652018,7.382219801819846e-10,30980.975349803604,pseudo_6dof_kinematic_bridge,a320.attitude_response_p6dof.v1,surrogate_policy_overlay,0.0,0,0.7196081347401377,2.3806671194120768e-26,2.348731779226205e-28,0.01999999999998898,-0.001466250905531194,jsbsim-1.3.1-a320-coefficient-surrogate
318.0,13521.683697669687,65425.37514305861,10992.826097819674,230.00829588217164,0.7794228524095428,59754.69624027316,2,3,left-turn,13880.212028395637,66140.60084090488,11000.0,230.1542,8.611813954655387,0.0,-20.0,-20.0,0.1432394487829405,10.06583298801643,0.17850164087661735,1.7855003395590578e-26,-2.370687382920287e-30,-6.061193694073415e-47,-0.014098566399341948,9634.714770291426,585993.3918846748,32729.350364316306,32912.23814623421,32729.350364316306,0.6942370927452466,11902.306259698926,0.0,-501.0819067746968,7.382410315286235e-10,30981.752272533882,pseudo_6dof_kinematic_bridge,a320.attitude_response_p6dof.v1,surrogate_policy_overlay,0.0,0,0.719514655949573,1.7855003395590578e-26,2.3437001162093946e-28,0.01999999999998898,-0.001466250905531383,jsbsim-1.3.1-a320-coefficient-surrogate
319.0,13748.590613674067,65463.01910198965,10992.826097819674,230.01135652499016,0.7794332239265641,59754.002003180416,2,3,left-turn,14108.00675869786,66173.45870468405,11000.0,230.1542,7.804025602788021,0.0,-20.0,-20.0,0.1432394487829405,9.25804463614919,0.16440307447727376,1.3391252546692935e-26,-8.297405840221003e-31,-2.9093729731552386e-47,-0.014098566399341934,9634.958194531935,585986.5837444892,32729.302775493805,32908.353887824676,32729.302775493805,0.6941597205408772,11902.284245465435,0.0,-501.0918003381035,7.382596834313209e-10,30982.512905220312,pseudo_6dof_kinematic_bridge,a320.attitude_response_p6dof.v1,surrogate_policy_overlay,0.0,0,0.7194230177147005,1.3391252546692935e-26,2.3419390341535108e-28,0.01999999999998898,-0.001466250905531558,jsbsim-1.3.1-a320-coefficient-surrogate
320.0,13976.008713364765,65497.460821800625,10992.826097819674,230.01435299562525,0.779443377985054,59753.30784345987,2,3,left-turn,14336.242083472025,66203.1018302079,11000.0,230.1542,6.996237250920654,0.0,-20.0,-20.0,0.1432394487829405,8.450256284281924,0.15030450807793017,1.0043439410019701e-26,-2.904092044077351e-31,-1.3964990271145144e-47,-0.014098566399342474,9635.196514921412,585979.7763630658,32729.251195984736,32904.5460908096,32729.251195984736,0.6940838714037232,11902.267681278641,0.0,-501.1014864000967,7.382779442614914e-10,30983.257589286826,pseudo_6dof_kinematic_bridge,a320.attitude_response_p6dof.v1,surrogate_policy_overlay,0.0,0,0.7193331814582955,1.0043439410019701e-26,2.3413226554339514e-28,0.01999999999998898,-0.001466250905531736,jsbsim-1.3.1-a320-coefficient-surrogate
321.0,14203.892743036055,65528.693362599784,10992.826097819674,230.01728663898575,0.7794533191424686,59752.613759588465,2,3,left-turn,14564.872637231185,66229.5243254226,11000.0,230.1542,6.188448899053313,0.0,-20.0,-20.0,0.1432394487829405,7.6424679324146085,0.13620594167858613,7.532579557514776e-27,-1.0164322154270726e-31,-6.703195330149669e-48,-0.014098566399343213,9635.42983842543,585972.9697254681,32729.19570930269,32900.81315222803,32729.19570930269,0.6940095134037192,11902.256453039936,0.0,-501.11096931209823,7.382958222151613e-10,30983.986659001705,pseudo_6dof_kinematic_bridge,a320.attitude_response_p6dof.v1,surrogate_policy_overlay,0.0,0,0.7192451094114604,7.532579557514776e-27,2.3411069228821057e-28,0.01999999999998898,-0.0014662509055318566,jsbsim-1.3.1-a320-coefficient-surrogate
322.0,14432.197356139503,65556.71042505192,10992.826097819674,230.02015877180352,0.7794630518607809,59751.91975007506,2,3,left-turn,14793.852975930204,66252.72093842697,11000.0,230.1542,5.380660547185945,0.0,-20.0,-20.0,0.1432394487829405,6.834679580547267,0.12210737527924209,5.649434668136082e-27,-3.557512753994754e-32,-3.217533758471841e-48,-0.014098566399343733,9635.65826976854,585966.1638170736,32729.13639721492,32897.153502721405,32729.13639721492,0.6939366152801412,11902.250449037863,0.0,-501.1202533342528,7.38313325316643e-10,30984.700441629197,pseudo_6dof_kinematic_bridge,a320.attitude_response_p6dof.v1,surrogate_policy_overlay,0.0,0,0.7191587645966897,5.649434668136082e-27,2.3410314164889596e-28,0.01999999999998898,-0.0014662509055318627,jsbsim-1.3.1-a320-coefficient-surrogate
323.0,14660.87712233922,65581.50635157722,10992.826097819674,230.02297068322343,0.7794725805084813,59751.22581345978,2,3,left-turn,15023.137585998478,66272.68705851652,11000.0,230.1542,4.572872195318604,0.0,-20.0,-20.0,0.1432394487829405,6.0268912286799,0.10800880887989806,4.237076001102061e-27,-1.2451294638981637e-32,-1.5444162040664836e-48,-0.01409856639934413,9635.881911481203,585959.3586235653,32729.073339778828,32893.565605829055,32729.073339778828,0.6938651464275724,11902.249559898155,0.0,-501.1293426373878,7.383304614221308e-10,30985.399257579797,pseudo_6dof_kinematic_bridge,a320.attitude_response_p6dof.v1,surrogate_policy_overlay,0.0,0,0.7190741108112954,4.237076001102061e-27,2.3410049892513587e-28,0.01999999999998898,-0.0014662509055318775,jsbsim-1.3.1-a320-coefficient-surrogate
324.0,14889.886536582151,65603.07612742316,10992.826097819674,230.02572363538147,0.7794819093625357,59750.53194831335,2,3,left-turn,15252.680893386532,66289.41871709978,11000.0,230.1542,3.7650838434512375,0.0,-20.0,-20.0,0.1432394487829405,5.219102876812533,0.09391024248055446,3.1778070008265462e-27,-4.3579531236435725e-33,-7.41319777951912e-49,-0.014098566399344242,9636.100863945756,585952.5541309271,32729.00661537775,32890.04795729822,32729.00661537775,0.6937950768821584,11902.253678534827,0.0,-501.1382413048027,7.383472382232236e-10,30986.0834205463,pseudo_6dof_kinematic_bridge,a320.attitude_response_p6dof.v1,surrogate_policy_overlay,0.0,0,0.7189911126111685,3.1778070008265462e-27,2.340995739718198e-28,0.01999999999998898,-0.0014662509055318258,jsbsim-1.3.1-a320-coefficient-surrogate
325.0,15119.18002818164,65621.4153816091,10992.826097819674,230.0284188639706,0.7794910426103029,59749.838153236466,2,3,left-turn,15482.437272624564,66302.91258848718,11000.0,230.1542,2.957295491583896,0.0,-20.0,-20.0,0.1432394487829405,4.411314524945141,0.07981167608121087,2.38335525061991e-27,-1.5252835932752504e-33,-3.558334934169177e-49,-0.014098566399344304,9636.315225441433,585945.7503254364,32728.93630075596,32886.599084408575,32728.93630075596,0.693726377308153,11902.26270010235,0.0,-501.14695333419417,7.38363663250374e-10,30986.75323765236,pseudo_6dof_kinematic_bridge,a320.attitude_response_p6dof.v1,surrogate_policy_overlay,0.0,0,0.7189097352948822,2.38335525061991e-27,2.340992502381592e-28,0.01999999999998898,-0.0014662509055318215,jsbsim-1.3.1-a320-coefficient-surrogate
326.0,15348.711969912498,65636.52038774348,10992.826097819674,230.03105757879436,0.7794999843514117,59749.14442685916,2,3,left-turn,15712.361055891299,66313.16599055208,11000.0,230.1542,2.149507139716529,0.0,-20.0,-20.0,0.1432394487829405,3.603526173077774,0.06571310968186683,1.7875164379649322e-27,-5.338492576463375e-34,-1.7080007684012049e-49,-0.014098566399344118,9636.525092188383,585938.9471936584,32728.862471052882,32883.21754531142,32728.862471052882,0.6936590189847558,11902.276521948741,0.0,-501.155482639356,7.383797438762615e-10,30987.40900958162,pseudo_6dof_kinematic_bridge,a320.attitude_response_p6dof.v1,surrogate_policy_overlay,0.0,0,0.7188299448881422,1.7875164379649322e-27,2.34099136931378e-28,0.01999999999998898,-0.0014662509055317478,jsbsim-1.3.1-a320-coefficient-surrogate
327.0,15578.43668711583,65648.38806471361,10992.826097819674,230.03364096430957,0.7795087385995983,59748.45076784017,2,3,left-turn,15942.406542091161,66320.17688526386,11000.0,230.1542,1.341718787849162,0.0,-20.0,-20.0,0.1432394487829405,2.795737821210407,0.051614543282522796,1.3406373284736991e-27,-1.8684724017621808e-34,-8.198403688325782e-50,-0.014098566399344016,9636.730558390838,585932.1447224398,32728.7851998367,32879.901928382,32728.7851998367,0.6935929737932094,11902.295043569717,0.0,-501.16383305205517,7.383954873190992e-10,30988.051030722683,pseudo_6dof_kinematic_bridge,a320.attitude_response_p6dof.v1,surrogate_policy_overlay,0.0,0,0.7187517081285426,1.3406373284736991e-27,2.340990972740046e-28,0.01999999999998898,-0.0014662509055317552,jsbsim-1.3.1-a320-coefficient-surrogate
328.0,15808.308466811824,65657.01597724755,10992.826097819674,230.03617018015706,0.7795173092845062,59747.757174866376,2,3,left-turn,16172.528005938155,66323.94387909306,11000.0,230.1542,0.5339304359818207,0.0,-20.0,-20.0,0.1432394487829405,1.9879494693430404,0.03751597688317876,1.0054779963552744e-27,-6.539653406167631e-35,-3.935233770396375e-50,-0.014098566399343959,9636.931716279318,585925.3428989033,32728.704559137186,32876.65085158601,32728.704559137186,0.6935282142041815,11902.318166563738,0.0,-501.1720083236402,7.384109006458693e-10,30988.67958929097,pseudo_6dof_kinematic_bridge,a320.attitude_response_p6dof.v1,surrogate_policy_overlay,0.0,0,0.7186749924506558,1.0054779963552744e-27,2.340990833939239e-28,0.01999999999998898,-0.0014662509055317595,jsbsim-1.3.1-a320-coefficient-surrogate
329.0,16038.28156681874,65662.4023363484,10992.826097819674,230.03864636168163,0.7795257002534474,59747.06364665217,2,3,left-turn,16402.679707044477,66324.46622328831,11000.0,230.1542,-0.2738579158855462,0.0,-20.0,-20.0,0.1432394487829405,1.1801611174756734,0.023417410483835166,7.541084972664557e-28,-2.288878692158671e-35,-1.88891220979026e-50,-0.014098566399343818,9637.128656151994,585918.5417104415,32728.62061947785,32873.462961859,32728.62061947785,0.6934647132654026,11902.345794588065,0.0,-501.1800121267901,7.384259907754912e-10,30989.294967463684,pseudo_6dof_kinematic_bridge,a320.attitude_response_p6dof.v1,surrogate_policy_overlay,0.0,0,0.7185997659714264,7.541084972664557e-28,2.3409907853589564e-28,0.01999999999998898,-0.001466250905531726,jsbsim-1.3.1-a320-coefficient-surrogate
330.0,16268.31022487633,65664.54599960068,10992.826097819674,230.04107062044082,0.7795339152731267,59746.3701819389,2,3,left-turn,16632.815899012177,66321.74381402522,11000.0,230.1542,-1.0816462677528877,0.0,-20.0,-20.0,0.1432394487829405,0.37237276560833205,0.009318844084491573,5.655813729498418e-28,-8.011075422555348e-36,-9.066778606993247e-51,-0.01409856639934374,9637.321466415147,585911.7411447112,32728.533449907452,32870.33693449926,32728.533449907452,0.6934024445895731,11902.377833315644,0.0,-501.1878480571828,7.38440764481922e-10,30989.89744150759,pseudo_6dof_kinematic_bridge,a320.attitude_response_p6dof.v1,surrogate_policy_overlay,0.0,0,0.7185259974758826,5.655813729498418e-28,2.3409907683558573e-28,0.01999999999998898,-0.0014662509055317317,jsbsim-1.3.1-a320-coefficient-surrogate
331.0,16498.34866777191,65663.44647134871,10992.826097819674,230.04344404470345,0.7795419580313309,59745.676779494315,2,3,left-turn,16862.89083852601,66315.77719242692,11000.0,230.1542,-1.8894346196202545,0.0,-20.0,-20.0,0.1432394487829405,-0.4354155862590094,-0.004779722314852464,4.241860297123813e-28,-2.8038763978943718e-36,-4.3520537313567584e-51,-0.014098566399343697,9637.510233622823,585904.941189628,32728.44311803083,32867.271472572866,32728.44311803083,0.6933413823425112,11902.414190392978,0.0,-501.1955196350604,7.384552283971946e-10,30990.487281898306,pseudo_6dof_kinematic_bridge,a320.attitude_response_p6dof.v1,surrogate_policy_overlay,0.0,0,0.71845365640313,4.241860297123813e-28,2.340990762404773e-28,0.01999999999998898,-0.0014662509055317348,jsbsim-1.3.1-a320-coefficient-surrogate
332.0,16728.351120467287,65659.10390274713,10992.826097819674,230.0457676999372,0.7795498321385814,59744.98343811197,2,3,left-turn,17092.858794445645,66306.56754445661,11000.0,230.1542,-2.6972229714876215,0.0,-20.0,-20.0,0.1432394487829405,-1.2432039381263509,-0.0188782887141965,3.18139522284286e-28,-9.8135673926303e-37,-2.088985791051244e-51,-0.014098566399343782,9637.695042515601,585898.1418333608,32728.34969003905,32864.26530633176,32728.34969003905,0.6932815012315625,11902.45477539884,0.0,-501.2030303068543,7.384693890143891e-10,30991.0647534455,pseudo_6dof_kinematic_bridge,a320.attitude_response_p6dof.v1,surrogate_policy_overlay,0.0,0,0.7183827128326558,3.18139522284286e-28,2.340990760321893e-28,0.01999999999998898,-0.001466250905531772,jsbsim-1.3.1-a320-coefficient-surrogate
333.0,16958.27181522481,65651.51909168347,10992.826097819674,230.04804262928639,0.7795575411297533,59744.29015661074,2,3,left-turn,17322.67405689549,66294.11670068181,11000.0,230.1542,-3.505011323354988,0.0,-20.0,-20.0,0.1432394487829405,-2.050992289993718,-0.03297685511354054,2.386046417132145e-28,-3.4347485874206047e-37,-1.002713179704597e-51,-0.01409856639934394,9637.875976058613,585891.3430643267,32728.25323073903,32861.317192643655,32728.25323073903,0.6932227764942434,11902.499499803853,0.0,-501.21038344670086,7.384832526905451e-10,30991.630115408538,pseudo_6dof_kinematic_bridge,a320.attitude_response_p6dof.v1,surrogate_policy_overlay,0.0,0,0.718313137470908,2.386046417132145e-28,2.340990759592885e-28,0.01999999999998898,-0.0014662509055318042,jsbsim-1.3.1-a320-coefficient-surrogate
334.0,17188.06500073071,65640.69348257277,10992.826097819674,230.05026985403967,0.7795650884656592,59743.59693383425,2,3,left-turn,17552.290946350236,66278.42713591042,11000.0,230.1542,-4.31279967522233,0.0,-20.0,-20.0,0.1432394487829405,-2.8587806418610846,-0.047075421512884574,1.7895348128491088e-28,-1.2021620055972115e-37,-4.813023262582066e-52,-0.014098566399344026,9638.053115478719,585884.5448711857,32728.153803582423,32858.42591443396,32728.153803582423,0.6931651838871242,11902.548276930913,0.0,-501.21758235797626,7.384968256495107e-10,30992.183621614455,pseudo_6dof_kinematic_bridge,a320.attitude_response_p6dof.v1,surrogate_policy_overlay,0.0,0,0.7182449016381592,1.7895348128491088e-28,2.3409907593377327e-28,0.01999999999998898,-0.001466250905531798,jsbsim-1.3.1-a320-coefficient-surrogate
335.0,17417.684951213978,65626.62916602423,10992.826097819674,230.05245037408764,0.7795724775346012,59742.90376865036,2,3,left-turn,17781.66382271448,66259.50196869888,11000.0,230.1542,-5.1205880270896715,0.0,-20.0,-20.0,0.1432394487829405,-3.6665689937284514,-0.06117398791222817,1.3421511096368316e-28,-4.20756701959024e-38,-2.3102511660393914e-52,-0.014098566399343964,9638.22654030091,585877.747242835,32728.051470693976,32855.59028013974,32728.051470693976,0.6931086996749538,11902.601021916435,0.0,-501.22463027478807,7.385101139847317e-10,30992.725520572294,pseudo_6dof_kinematic_bridge,a320.attitude_response_p6dof.v1,surrogate_policy_overlay,0.0,0,0.7181779772556524,1.3421511096368316e-28,2.340990759248429e-28,0.01999999999998898,-0.001466250905531759,jsbsim-1.3.1-a320-coefficient-surrogate
336.0,17647.085975559028,65609.32887838024,10992.826097819674,230.05458516837115,0.7795797116538897,59742.21065995068,2,3,left-turn,18010.747094394374,66237.34496073236,11000.0,230.1542,-5.928376378957038,0.0,-20.0,-20.0,0.1432394487829405,-4.474357345595793,-0.07527255431157176,1.0066133322276237e-28,-1.472648456856584e-38,-1.1089205596989077e-52,-0.01409856639934382,9638.396328383978,585870.9501684054,32727.946292899258,32852.80912317477,32727.946292899258,0.693053300620002,11902.657651672438,0.0,-501.2315303634313,7.385231236619848e-10,30993.256055584578,pseudo_6dof_kinematic_bridge,a320.attitude_response_p6dof.v1,surrogate_policy_overlay,0.0,0,0.7181123368330067,1.0066133322276237e-28,2.340990759217173e-28,0.01999999999998898,-0.0014662509055317259,jsbsim-1.3.1-a320-coefficient-surrogate
337.0,17876.222426410295,65588.79600112751,10992.826097819674,230.05667519532022,0.7795867940713304,59741.51760665006,2,3,left-turn,18239.49522735971,66211.96051607691,11000.0,230.1542,-6.736164730824405,0.0,-20.0,-20.0,0.1432394487829405,-5.28214569746316,-0.0893711207109158,7.549599991707178e-29,-5.154269598998043e-39,-5.322818686554757e-53,-0.01409856639934385,9638.562555955403,585864.1536372548,32727.838329751823,32850.08130140583,32727.838329751823,0.6929989639716287,11902.71808484941,0.0,-501.2382857238104,7.385358605220499e-10,30993.775464856277,pseudo_6dof_kinematic_bridge,a320.attitude_response_p6dof.v1,surrogate_policy_overlay,0.0,0,0.7180479534558898,7.549599991707178e-29,2.340990759206233e-28,0.01999999999998898,-0.0014662509055317673,jsbsim-1.3.1-a320-coefficient-surrogate
338.0,18105.04870926708,65565.03456018065,10992.826097819674,230.05872139328358,0.7795937279666799,59740.82460768609,2,3,left-turn,18467.86275419456,66183.35368030425,11000.0,230.1542,-7.543953082691746,0.0,-20.0,-20.0,0.1432394487829405,-6.089934049330527,-0.10346968711025983,5.662199993780383e-29,-1.803994359649315e-39,-2.5549529695462833e-53,-0.014098566399343867,9638.72529764553,585857.3576389648,32727.727639559824,32847.40569664033,32727.727639559824,0.6929456674560779,11902.782241799912,0.0,-501.24489939078086,7.385483302833305e-10,30994.283981597255,pseudo_6dof_kinematic_bridge,a320.attitude_response_p6dof.v1,surrogate_policy_overlay,0.0,0,0.7179848007739534,5.662199993780383e-29,2.3409907592024045e-28,0.01999999999998898,-0.001466250905531766,jsbsim-1.3.1-a320-coefficient-surrogate
339.0,18333.51929156679,65538.04922503831,10992.826097819674,230.06072468094936,0.779600516453072,59740.13166201863,2,3,left-turn,18695.804283134672,66151.53013948875,11000.0,230.1542,-8.351741434559113,0.0,-20.0,-20.0,0.1432394487829405,-6.897722401197868,-0.11756825350960343,4.246649995335287e-29,-6.313980258772603e-40,-1.226377425382216e-53,-0.014098566399343766,9638.884626521027,585850.562163335,32727.614279412013,32844.781214124196,32727.614279412013,0.6928933892664746,11902.850044543007,0.0,-501.25137433558257,7.385605385444159e-10,30994.781834133126,pseudo_6dof_kinematic_bridge,a320.attitude_response_p6dof.v1,surrogate_policy_overlay,0.0,0,0.717922852989014,4.246649995335287e-29,2.340990759201064e-28,0.01999999999998898,-0.0014662509055317298,jsbsim-1.3.1-a320-coefficient-surrogate
340.0,18561.58871175484,65507.84530781208,10992.826097819674,230.0626859577569,0.7796071625784123,59739.43876862937,2,3,left-turn,18923.274507089794,66116.49621907731,11000.0,230.1542,-9.159529786426454,0.0,-20.0,-20.0,0.1432394487829405,-7.70551075306521,-0.13166681990894702,3.1849874965014654e-29,-2.20989309057041e-40,-5.886611641834636e-54,-0.01409856639934382,9639.040614117628,585843.7672003792,32727.49830520327,32842.206782050744,32727.49830520327,0.6928421080530432,11902.921416729383,0.0,-501.25771346717505,7.385724907865909e-10,30995.269246007174,pseudo_6dof_kinematic_bridge,a320.attitude_response_p6dof.v1,surrogate_policy_overlay,0.0,0,0.7178620848434878,3.1849874965014654e-29,2.340990759200595e-28,0.01999999999998898,-0.0014662509055317695,jsbsim-1.3.1-a320-coefficient-surrogate
341.0,18789.211588339447,65474.428762128155,10992.826097819674,230.0646061043002,0.7796136693267453,59738.74592652132,2,3,left-turn,19150.228212649243,66078.25888263203,11000.0,230.1542,-9.967318138293821,0.0,-20.0,-20.0,0.1432394487829405,-8.513299104932576,-0.14576538630829106,2.388740622376099e-29,-7.734625816996435e-41,-2.825573588080625e-54,-0.01409856639934385,9639.193330472224,585836.9727403203,32727.379771659533,32839.6813510793,32727.379771659533,0.6927918029135182,11902.996283607234,0.0,-501.2639196334668,7.385841923762939e-10,30995.74643607396,pseudo_6dof_kinematic_bridge,a320.attitude_response_p6dof.v1,surrogate_policy_overlay,0.0,0,0.7178024716090583,2.388740622376099e-29,2.340990759200431e-28,0.01999999999998898,-0.0014662509055317673,jsbsim-1.3.1-a320-coefficient-surrogate
342.0,19016.342628929513,65437.80618190227,10992.826097819674,230.06648598272213,0.7796200396195914,59738.05313471841,2,3,left-turn,19376.620289068742,66036.82573044613,11000.0,230.1542,-10.775106490161189,0.0,-20.0,-20.0,0.1432394487829405,-9.321087456799944,-0.1598639527076351,1.7915554667820742e-29,-2.707119035948752e-41,-1.3562753222787e-54,-0.014098566399343867,9639.342844154233,585830.1787735862,32727.25873236226,32837.203893864804,32727.25873236226,0.6927424533837737,11903.074571988825,0.0,-501.2699956226818,7.385956485675217e-10,30996.213618605227,pseudo_6dof_kinematic_bridge,a320.attitude_response_p6dof.v1,surrogate_policy_overlay,0.0,0,0.7177439890756009,1.7915554667820742e-29,2.3409907592003736e-28,0.01999999999998898,-0.001466250905531766,jsbsim-1.3.1-a320-coefficient-surrogate
343.0,19242.936639253858,65397.98479998793,10992.826097819674,230.0683264371014,0.7796262763172571,59737.36039226502,2,3,left-turn,19602.40573723696,65992.2049980332,11000.0,230.1542,-11.58289484202853,0.0,-20.0,-20.0,0.1432394487829405,-10.12887580866731,-0.17396251910697913,1.3436666000865557e-29,-9.474916625820632e-42,-6.510121546937759e-55,-0.014098566399343876,9639.489222296355,585823.3852908058,32727.13523977234,32834.77340459637,32727.13523977234,0.6926940394286331,11903.156210217814,0.0,-501.27594416456907,7.38606864504185e-10,30996.671003381925,pseudo_6dof_kinematic_bridge,a320.attitude_response_p6dof.v1,surrogate_policy_overlay,0.0,0,0.7176866135403164,1.3436666000865557e-29,2.3409907592003534e-28,0.01999999999998898,-0.0014662509055317653,jsbsim-1.3.1-a320-coefficient-surrogate
344.0,19468.94853216005,65354.97248669826,10992.826097819674,230.0701282938309,0.7796323822201174,59736.667698225596,2,3,left-turn,19827.53967861983,65944.40555449034,11000.0,230.1542,-12.390683193895896,0.0,-20.0,-20.0,0.1432394487829405,-10.93666416053465,-0.18806108550632272,1.0077499500649168e-29,-3.3162208190372204e-42,-3.124858342530124e-55,-0.014098566399343771,9639.632530624667,585816.592282804,32727.009345253526,32832.388898545876,32727.009345253526,0.6926465414328751,11903.241128137186,0.0,-501.28176793162936,7.386178452224151e-10,30997.11879578842,pseudo_6dof_kinematic_bridge,a320.attitude_response_p6dof.v1,surrogate_policy_overlay,0.0,0,0.7176303217971037,1.0077499500649168e-29,2.3409907592003463e-28,0.01999999999998898,-0.0014662509055317296,jsbsim-1.3.1-a320-coefficient-surrogate
345.0,19694.333336591026,65308.77774820186,10992.826097819674,230.0718923619879,0.7796383600698706,59735.97505168416,2,3,left-turn,20051.977364180846,65893.43690073522,11000.0,230.1542,-13.198471545763264,0.0,-20.0,-20.0,0.1432394487829405,-11.744452512401994,-0.20215965190566632,7.558124625486875e-30,-1.1606772866630269e-42,-1.4999320044144595e-55,-0.014098566399343824,9639.772833488083,585809.7997405984,32726.88109909538,32830.04941162626,32726.88109909538,0.6925999401924376,11903.329257057878,0.0,-501.2874695403592,7.386285956528207e-10,30997.557196908256,pseudo_6dof_kinematic_bridge,a320.attitude_response_p6dof.v1,surrogate_policy_overlay,0.0,0,0.7175750911261592,7.558124625486875e-30,2.340990759200344e-28,0.01999999999998898,-0.001466250905531769,jsbsim-1.3.1-a320-coefficient-surrogate
346.0,19919.046206537787,65259.409724792815,10992.826097819674,230.07361943369705,0.7796442125507679,59735.282451743966,2,3,left-turn,20275.674183275678,65839.30916761767,11000.0,230.1542,-14.006259897630605,0.0,-20.0,-20.0,0.1432394487829405,-12.55224086426936,-0.21625821830501035,5.6685934691151565e-30,-4.062370503320593e-43,-7.1996736211894055e-56,-0.014098566399343962,9639.9101938872,585803.0076553951,32726.75055053572,32827.7539999587,32726.75055053572,0.6925542169057949,11903.42052972813,0.0,-501.2930515523484,7.386391206226982e-10,30997.98640360751,pseudo_6dof_kinematic_bridge,a320.attitude_response_p6dof.v1,surrogate_policy_overlay,0.0,0,0.7175208992837833,5.6685934691151565e-30,2.340990759200343e-28,0.01999999999998898,-0.0014662509055318026,jsbsim-1.3.1-a320-coefficient-surrogate
347.0,20143.042429966412,65206.87818903538,10992.826097819674,230.0753102844853,0.7796499422908164,59734.58989752706,2,3,left-turn,20498.58567251928,65782.03311390596,11000.0,230.1542,-14.814048249497947,0.0,-20.0,-20.0,0.1432394487829405,-13.360029216136727,-0.2303567847043544,4.2514451018363674e-30,-1.4218296761622075e-43,-3.4558433381709144e-56,-0.01409856639934393,9640.04467350255,585796.2160185837,32726.617747782602,32825.50173944912,32726.617747782602,0.6925093531655215,11903.514880303363,0.0,-501.29851647547395,7.386494248581968e-10,30998.406608627116,pseudo_6dof_kinematic_bridge,a320.attitude_response_p6dof.v1,surrogate_policy_overlay,0.0,0,0.7174677244924099,4.2514451018363674e-30,2.3409907592003427e-28,0.01999999999998898,-0.0014662509055317617,jsbsim-1.3.1-a320-coefficient-surrogate
348.0,20366.277437717614,65151.19354378355,10992.826097819674,230.0769656736298,0.7796555518629577,59733.89738817389,2,3,left-turn,20720.667524623714,65721.6201241483,11000.0,230.1542,-15.621836601365313,0.0,-20.0,-20.0,0.1432394487829405,-14.167817568004093,-0.24445535110369798,3.188583826377276e-30,-4.976403866567726e-44,-1.658804802322039e-56,-0.014098566399343801,9640.176332722242,585789.4248217355,32726.482738035877,32823.291725373354,32726.482738035877,0.6924653309500299,11903.612244316777,0.0,-501.3038667650623,7.386595129864363e-10,30998.81800067218,pseudo_6dof_kinematic_bridge,a320.attitude_response_p6dof.v1,surrogate_policy_overlay,0.0,0,0.7174155454308367,3.188583826377276e-30,2.3409907592003427e-28,0.01999999999998898,-0.0014662509055317274,jsbsim-1.3.1-a320-coefficient-surrogate
349.0,20588.706812377128,65092.36682007602,10992.826097819674,230.07858634449795,0.7796610437862208,59733.204922842946,2,3,left-turn,20941.8755972049,65658.0822064101,11000.0,230.1542,-16.42962495323268,0.0,-20.0,-20.0,0.1432394487829405,-14.975605919871436,-0.2585539175030416,2.391437869782957e-30,-1.741741353298704e-44,-7.962263051145787e-57,-0.01409856639934373,9640.305230669042,585782.6340565977,32726.345567508244,32821.12307197132,32726.345567508244,0.6924221326154865,11903.712558650506,0.0,-501.30910482494886,7.386693895375827e-10,30999.22076449255,pseudo_6dof_kinematic_bridge,a320.attitude_response_p6dof.v1,surrogate_policy_overlay,0.0,0,0.7173643412246691,2.391437869782957e-30,2.3409907592003427e-28,0.01999999999998898,-0.0014662509055317324,jsbsim-1.3.1-a320-coefficient-surrogate
350.0,20810.286297115174,65030.40967490693,10992.826097819674,230.0801730248809,0.7796664205268519,59732.51250071033,2,3,left-turn,21162.165921556698,65591.43198988702,11000.0,230.1542,-17.23741330510005,0.0,-20.0,-20.0,0.1432394487829405,-15.783394271738777,-0.2726524839023856,1.793578402337218e-30,-6.096094736545461e-45,-3.821886264549978e-57,-0.0140985663993438,9640.431425226876,585775.8437150909,32726.206281445884,32818.99491204953,32726.206281445884,0.6923797408878931,11903.81576150746,0.0,-501.31423300855704,7.386790589468771e-10,30999.615080965836,pseudo_6dof_kinematic_bridge,a320.attitude_response_p6dof.v1,surrogate_policy_overlay,0.0,0,0.7173140914369588,1.793578402337218e-30,2.3409907592003427e-28,0.01999999999998898,-0.0014662509055317708,jsbsim-1.3.1-a320-coefficient-surrogate
351.0,21030.971804493263,64965.33438887272,10992.826097819674,230.0817264273199,0.7796716844994198,59731.82012096944,2,3,left-turn,21381.494711390336,65521.68272239479,11000.0,230.1542,-18.04520165696739,0.0,-20.0,-20.0,0.1432394487829405,-16.591182623606144,-0.28675105030172965,1.3451838017529134e-30,-2.133633157790911e-45,-1.834505406983989e-57,-0.014098566399343948,9640.554973066768,585769.053789305,32726.06492414869,32816.90639659168,32726.06492414869,0.6923381388553309,11903.921792383582,0.0,-501.31925361995593,7.386885255566252e-10,31000.001127178588,pseudo_6dof_kinematic_bridge,a320.attitude_response_p6dof.v1,surrogate_policy_overlay,0.0,0,0.7172647760590347,1.3451838017529134e-30,2.3409907592003427e-28,0.01999999999998898,-0.0014662509055318037,jsbsim-1.3.1-a320-coefficient-surrogate
352.0,21250.71942523663,64897.15386369577,10992.826097819674,230.0832472494254,0.7796768380678984,59731.12778283058,2,3,left-turn,21599.81837153772,65448.848267736,11000.0,230.1542,-18.852990008834755,0.0,-20.0,-20.0,0.1432394487829405,-17.39897097547351,-0.3008496167010737,1.008887851314685e-30,-7.467716052268187e-46,-8.805625953523148e-58,-0.01409856639934392,9640.675929672272,585762.2642714956,32725.921538990035,32814.85669437806,32725.921538990035,0.6922973099603793,11904.030592040945,0.0,-501.3241689148955,7.386977936181451e-10,31000.379076505862,pseudo_6dof_kinematic_bridge,a320.attitude_response_p6dof.v1,surrogate_policy_overlay,0.0,0,0.7172163755015382,1.008887851314685e-30,2.3409907592003427e-28,0.01999999999998898,-0.001466250905531762,jsbsim-1.3.1-a320-coefficient-surrogate
353.0,21469.485436970575,64825.88161962514,10992.826097819674,230.08473617419023,0.7796818835467269,59730.435485520626,2,3,left-turn,21817.093506616617,65372.943102944424,11000.0,230.1542,-19.660778360702096,0.0,-20.0,-20.0,0.1432394487829405,-18.206759327340876,-0.3149481831004177,7.566658884860137e-31,-2.6137006182938653e-46,-4.2267004576911114e-58,-0.014098566399343907,9640.794349364325,585755.4751540809,32725.776168436154,32812.84499161216,32725.776168436154,0.692257237992677,11904.142102481143,0.0,-501.3289811018718,7.387068672936715e-10,31000.749098693268,pseudo_6dof_kinematic_bridge,a320.attitude_response_p6dof.v1,surrogate_policy_overlay,0.0,0,0.7171688705856304,7.566658884860137e-31,2.3409907592003427e-28,0.01999999999998898,-0.0014662509055317632,jsbsim-1.3.1-a320-coefficient-surrogate
354.0,21687.22631291897,64751.531792714966,10992.826097819674,230.08619387029555,0.7796868232018467,59729.743228282634,2,3,left-turn,22033.276929656247,65293.98231540743,11000.0,230.1542,-20.468566712569462,0.0,-20.0,-20.0,0.1432394487829405,-19.014547679208246,-0.3290467494997613,5.6749941636451035e-31,-9.147952164028526e-47,-2.0288162196917334e-58,-0.014098566399343789,9640.910285325617,585748.6864296378,32725.628854065097,32810.87049155569,32725.628854065097,0.6922179070816539,11904.256266919441,0.0,-501.3336923430326,7.38715750658223e-10,31001.111359925413,pseudo_6dof_kinematic_bridge,a320.attitude_response_p6dof.v1,surrogate_policy_overlay,0.0,0,0.7171222425343967,5.6749941636451035e-31,2.3409907592003427e-28,0.01999999999998898,-0.0014662509055317283,jsbsim-1.3.1-a320-coefficient-surrogate
355.0,21903.898730563265,64674.119131981104,10992.826097819674,230.08762099241065,0.7796916592517179,59729.05101037555,2,3,left-turn,22248.32567068135,65211.98159986721,11000.0,230.1542,-21.276355064436807,0.0,-20.0,-20.0,0.1432394487829405,-19.822336031075587,-0.3431453158991049,4.256245622733828e-31,-3.2017832574099835e-47,-9.73831785452032e-59,-0.014098566399343723,9641.023789624413,585741.8980908993,32725.479636585296,32808.93241417105,32725.479636585296,0.6921793016894071,11904.373029759357,0.0,-501.33830475522535,7.387244477014281e-10,31001.46602290743,pseudo_6dof_kinematic_bridge,a320.attitude_response_p6dof.v1,surrogate_policy_overlay,0.0,0,0.717076472964426,4.256245622733828e-31,2.3409907592003427e-28,0.01999999999998898,-0.001466250905531733,jsbsim-1.3.1-a320-coefficient-surrogate
356.0,22119.45958026027,64593.65899643653,10992.826097819674,230.08901818148655,0.7796963938683139,59728.35883107386,2,3,left-turn,22462.196985253217,65126.95725530112,11000.0,230.1542,-22.084143416304173,0.0,-20.0,-20.0,0.1432394487829405,-20.630124382942927,-0.35724388229844894,3.192184217050371e-31,-1.120624140093494e-47,-4.674392570169754e-59,-0.014098566399343686,9641.134913237924,585735.1101307505,32725.32855585378,32807.02999577129,32725.32855585378,0.6921414066037299,11904.4923365678,0.0,-501.3428204108889,7.38732962329315e-10,31001.813246932532,pseudo_6dof_kinematic_bridge,a320.attitude_response_p6dof.v1,surrogate_policy_overlay,0.0,0,0.7170315438775658,3.192184217050371e-31,2.3409907592003427e-28,0.01999999999998898,-0.0014662509055317356,jsbsim-1.3.1-a320-coefficient-surrogate
357.0,22333.865973817035,64510.167352006065,10992.826097819674,230.09038606504333,0.7797010291780947,59727.66668966726,2,3,left-turn,22674.848362965797,65038.926181682,11000.0,230.1542,-22.89193176817154,0.0,-20.0,-20.0,0.1432394487829405,-21.43791273481027,-0.371342448697793,2.3941381627877784e-31,-3.9221844903272283e-48,-2.2437084336814816e-59,-0.014098566399343777,9641.243706075133,585728.3225422255,32725.17565089392,32805.16248867733,32725.17565089392,0.6921042069312826,11904.614134050753,0.0,-501.34724133902614,7.387412983660612e-10,31002.15318795731,pseudo_6dof_kinematic_bridge,a320.attitude_response_p6dof.v1,surrogate_policy_overlay,0.0,0,0.7169874376528507,2.3941381627877784e-31,2.3409907592003427e-28,0.01999999999998898,-0.0014662509055317725,jsbsim-1.3.1-a320-coefficient-surrogate
358.0,22547.07525302111,64423.660768321126,10992.826097819674,230.09172525745137,0.7797055672629608,59726.97458546033,2,3,left-turn,22886.237535895358,64947.90587661908,11000.0,230.1542,-23.69972012003888,0.0,-20.0,-20.0,0.1432394487829405,-22.245701086677634,-0.385441015097137,1.7956036220908338e-31,-1.3727645716145296e-48,-1.0769800481671112e-59,-0.014098566399343936,9641.350216999199,585721.5353185047,32725.020959912916,32803.32916088264,32725.020959912916,0.6920676880909145,11904.73837002943,0.0,-501.35156952608185,7.387494595557098e-10,31002.48599866863,pseudo_6dof_kinematic_bridge,a320.attitude_response_p6dof.v1,surrogate_policy_overlay,0.0,0,0.7169441370386034,1.7956036220908338e-31,2.3409907592003427e-28,0.01999999999998898,-0.0014662509055318046,jsbsim-1.3.1-a320-coefficient-surrogate
359.0,22759.044998124577,64334.15641539502,10992.826097819674,230.0930363602071,0.7797100101611865,59726.28251777224,2,3,left-turn,23096.322487001926,64853.91443187998,11000.0,230.1542,-24.50750847190625,0.0,-20.0,-20.0,0.1432394487829405,-23.053489438545004,-0.3995395814964806,1.3467027165681252e-31,-4.804676000650853e-49,-5.169504231202133e-60,-0.014098566399343915,9641.454493849345,585714.7484529112,32724.864520318806,32801.52929572445,32724.864520318806,0.6920318358071131,11904.864993416973,0.0,-501.3558069168422,7.387574495638473e-10,31002.811828552953,pseudo_6dof_kinematic_bridge,a320.attitude_response_p6dof.v1,surrogate_policy_overlay,0.0,0,0.7169016251446898,1.3467027165681252e-31,2.3409907592003427e-28,0.01999999999998898,-0.0014662509055317625,jsbsim-1.3.1-a320-coefficient-surrogate
360.0,22969.73303628011,64241.67206017949,10992.826097819674,230.09431996220226,0.7797143598683334,59725.59048593643,2,3,left-turn,23305.061458480846,64756.97052979473,11000.0,230.1542,-25.315296823773615,0.0,-20.0,-20.0,0.1432394487829405,-23.86127779041237,-0.4136381478958242,1.010027037426094e-31,-1.6816366002277987e-49,-2.481362030977024e-60,-0.014098566399343903,9641.55658346232,585707.9619389086,32724.70636873723,32799.76219156257,32724.70636873723,0.6919966361036075,11904.993954195561,0.0,-501.3599554153617,7.38765271979247e-10,31003.130823967807,pseudo_6dof_kinematic_bridge,a320.attitude_response_p6dof.v1,surrogate_policy_overlay,0.0,0,0.7168598854349565,1.010027037426094e-31,2.3409907592003427e-28,0.01999999999998898,-0.0014662509055317634,jsbsim-1.3.1-a320-coefficient-surrogate
361.0,23179.09744992747,64146.226063003254,10992.826097819674,230.0955766399884,0.7797186183381457,59724.89848930033,2,3,left-turn,23512.412960062822,64657.09343954231,11000.0,230.1542,-26.123085175640956,0.0,-20.0,-20.0,0.1432394487829405,-24.669066142279735,-0.42773671429516824,7.575202780695704e-32,-5.885728100797294e-50,-1.1910537748689713e-60,-0.014098566399343896,9641.65653169339,585701.1757700971,32724.54654102775,32798.02716146413,32724.54654102775,0.691962075297088,11905.125203394087,0.0,-501.3640168857394,7.387729303154785e-10,31003.443128200404,pseudo_6dof_kinematic_bridge,a320.attitude_response_p6dof.v1,surrogate_policy_overlay,0.0,0,0.7168189017198027,7.575202780695704e-32,2.3409907592003427e-28,0.01999999999998898,-0.0014662509055317638,jsbsim-1.3.1-a320-coefficient-surrogate
362.0,23387.096585128733,64047.83737389309,10992.826097819674,230.09680695803485,0.7797227874834258,59724.20652722503,2,3,left-turn,23718.335777260807,64554.30301332063,11000.0,230.1542,-26.930873527508297,0.0,-20.0,-20.0,0.1432394487829405,-25.476854494147076,-0.4418352806945123,5.681402085521779e-32,-2.0600048352790527e-50,-5.717058119371063e-61,-0.014098566399343784,9641.7543834369,585694.3899402113,32724.385072299872,32796.323532895796,32724.385072299872,0.6919281399910757,11905.25869306627,0.0,-501.3679931529903,7.387804280124823e-10,31003.748881535263,pseudo_6dof_kinematic_bridge,a320.attitude_response_p6dof.v1,surrogate_policy_overlay,0.0,0,0.7167786581489318,5.681402085521779e-32,2.3409907592003427e-28,0.01999999999998898,-0.0014662509055317287,jsbsim-1.3.1-a320-coefficient-surrogate
363.0,23593.68905985066,63946.52552877836,10992.826097819674,230.0980114689824,0.7797268691768922,59723.51459908504,2,3,left-turn,23922.788979562032,64448.61968240052,11000.0,230.1542,-27.73866187937569,0.0,-20.0,-20.0,0.1432394487829405,-26.284642846014417,-0.45593384709385587,4.261051564141334e-32,-7.210016923476683e-51,-2.74418789729811e-61,-0.014098566399343721,9641.850182646407,585687.6044431174,32724.221996928747,32794.650647421455,32724.221996928747,0.6918948170699,11905.394376269185,0.0,-501.3718860038916,7.387877684381131e-10,31004.0482213192,pseudo_6dof_kinematic_bridge,a320.attitude_response_p6dof.v1,surrogate_policy_overlay,0.0,0,0.7167391392042303,4.261051564141334e-32,2.3409907592003427e-28,0.01999999999998898,-0.001466250905531733,jsbsim-1.3.1-a320-coefficient-surrogate
364.0,23798.83377219257,63842.31064557958,10992.826097819674,230.09919071389064,0.7797308652520186,59722.82270426797,2,3,left-turn,24125.731928563597,64340.06445306476,11000.0,230.1542,-28.546450231243032,0.0,-20.0,-20.0,0.1432394487829405,-27.092431197881787,-0.4700324134931999,3.1957886731060006e-32,-2.5235059232168385e-51,-1.3172101907030928e-61,-0.014098566399343905,9641.943972354382,585680.8192728094,32724.057348570503,32793.00786040722,32724.057348570503,0.6918620936928228,11905.532207042292,0.0,-501.37569718775063,7.387949548896494e-10,31004.341282019835,pseudo_6dof_kinematic_bridge,a320.attitude_response_p6dof.v1,surrogate_policy_overlay,0.0,0,0.7167003296928185,3.1957886731060006e-32,2.3409907592003427e-28,0.01999999999998898,-0.0014662509055318068,jsbsim-1.3.1-a320-coefficient-surrogate
365.0,24002.489908558044,63735.21342018193,10992.826097819674,230.10034522248074,0.7797347775038571,59722.13084217428,2,3,left-turn,24327.124286050068,64228.6589024327,11000.0,230.1542,-29.354238583110398,0.0,-20.0,-20.0,0.1432394487829405,-27.900219549749153,-0.4841309798925435,2.3968415048295003e-32,-8.832270731258932e-52,-6.322608915374846e-62,-0.014098566399343898,9642.035794691508,585674.0344234083,32723.891160177292,32791.39454073189,32723.891160177292,0.6918299572882709,11905.672140386872,0.0,-501.3794284171457,7.388019905952717e-10,31004.62819528232,pseudo_6dof_kinematic_bridge,a320.attitude_response_p6dof.v1,surrogate_policy_overlay,0.0,0,0.7166622147402313,2.3968415048295003e-32,2.3409907592003427e-28,0.01999999999998898,-0.0014662509055317638,jsbsim-1.3.1-a320-coefficient-surrogate
366.0,24204.616951768945,63625.255122294395,10992.826097819674,230.10147551337295,0.7797386076898418,59721.43901221699,2,3,left-turn,24526.926022011292,64114.425174171425,11000.0,230.1542,-30.16202693497774,0.0,-20.0,-20.0,0.1432394487829405,-28.70800790161652,-0.49822954629188754,1.7976311286221254e-32,-3.0912947559406256e-52,-3.034852279379926e-62,-0.014098566399343893,9642.125690905574,585667.2498891577,32723.723464012008,32789.81007050392,32723.723464012008,0.6917983955481986,11905.814132245927,0.0,-501.38308136882677,7.388088787155101e-10,31004.90908999984,pseudo_6dof_kinematic_bridge,a320.attitude_response_p6dof.v1,surrogate_policy_overlay,0.0,0,0.7166247797837502,1.7976311286221254e-32,2.3409907592003427e-28,0.01999999999998898,-0.0014662509055317643,jsbsim-1.3.1-a320-coefficient-surrogate
367.0,24405.174689120082,63512.45759119542,10992.826097819674,230.10258209431916,0.7797423575305779,59720.74721382144,2,3,left-turn,24725.097422599065,63997.385974094395,11000.0,230.1542,-30.96981528684508,0.0,-20.0,-20.0,0.1432394487829405,-29.51579625348386,-0.5123281126912316,1.348223346466594e-32,-1.0819531645792189e-52,-1.4567290941023643e-62,-0.014098566399343782,9642.213701379964,585660.4656644221,32723.554291662676,32788.253844783954,32723.554291662676,0.69176739642256,11905.95813948449,0.0,-501.38665768433714,7.388156223446625e-10,31005.184092359556,pseudo_6dof_kinematic_bridge,a320.attitude_response_p6dof.v1,surrogate_policy_overlay,0.0,0,0.7165880105658674,1.348223346466594e-32,2.3409907592003427e-28,0.01999999999998898,-0.0014662509055317287,jsbsim-1.3.1-a320-coefficient-surrogate
368.0,24604.12322037297,63396.8432313659,10992.826097819674,230.10366546243063,0.7797460287106124,59720.05544642502,2,3,left-turn,24921.599098020888,63877.56456564827,11000.0,230.1542,-31.777603638712474,0.0,-20.0,-20.0,0.1432394487829405,-30.3235846053512,-0.5264266790905752,1.0111675098499455e-32,-3.786836076027265e-53,-6.992299651691348e-63,-0.01409856639934372,9642.299865651774,585653.681743684,32723.383674056615,32786.725271313524,32723.383674056615,0.6917369481139055,11906.10411987027,0.0,-501.3901589708382,7.388222245121805e-10,31005.45332590718,pseudo_6dof_kinematic_bridge,a320.attitude_response_p6dof.v1,surrogate_policy_overlay,0.0,0,0.7165518931278956,1.0111675098499455e-32,2.3409907592003427e-28,0.01999999999998898,-0.001466250905531733,jsbsim-1.3.1-a320-coefficient-surrogate
369.0,24801.422965687114,63278.43500801034,10992.826097819674,230.10472610440058,0.7797496228791899,59719.36370947691,2,3,left-turn,25116.39199036928,63754.98476528892,11000.0,230.1542,-32.585391990579815,0.0,-20.0,-20.0,0.1432394487829405,-31.13137295721857,-0.5405252454899192,7.583756323874591e-33,-1.3253926266095423e-53,-3.356303832811847e-63,-0.014098566399343905,9642.384222429517,585646.8981215416,32723.21164147419,32785.22377024946,32723.21164147419,0.6917070390720909,11906.252032054857,0.0,-501.39358680178697,7.388286881840278e-10,31005.716911598258,pseudo_6dof_kinematic_bridge,a320.attitude_response_p6dof.v1,surrogate_policy_overlay,0.0,0,0.7165164138037101,7.583756323874591e-33,2.3409907592003427e-28,0.01999999999998898,-0.0014662509055318068,jsbsim-1.3.1-a320-coefficient-surrogate
370.0,24997.03467348721,63157.25644246713,10992.826097819674,230.105764496723,0.7797531416509923,59718.67200243784,2,3,left-turn,25309.437381385273,63629.670937747534,11000.0,230.1542,-33.39318034244715,0.0,-20.0,-20.0,0.1432394487829405,-31.939161309085936,-0.5546238118892628,5.687817242905943e-33,-4.638874193133397e-54,-1.6110258397496866e-63,-0.014098566399343898,9642.46680961052,585640.1147927069,32723.038223562384,32783.748773903164,32723.038223562384,0.6916776579890842,11906.40183555516,0.0,-501.3969427175993,7.388350162640124e-10,31005.974967849066,pseudo_6dof_kinematic_bridge,a320.attitude_response_p6dof.v1,surrogate_policy_overlay,0.0,0,0.7164815592136087,5.687817242905943e-33,2.3409907592003427e-28,0.01999999999998898,-0.0014662509055317638,jsbsim-1.3.1-a320-coefficient-surrogate
371.0,25190.919428264802,63033.33160750878,10992.826097819674,230.10678110590578,0.7797565866068622,59717.98032477985,2,3,left-turn,25500.696900154213,63501.64799118769,11000.0,230.1542,-34.200968694314525,0.0,-20.0,-20.0,0.1432394487829405,-32.74694966095328,-0.5687223782886068,4.265862932179458e-33,-1.6236059675966886e-54,-7.732924030798494e-64,-0.014098566399343784,9642.547664297881,585633.3317520022,32722.863449348024,32782.2997264864,32722.863449348024,0.6916487937939022,11906.553490735369,0.0,-501.40022822646335,7.388412115950858e-10,31006.227610600265,pseudo_6dof_kinematic_bridge,a320.attitude_response_p6dof.v1,surrogate_policy_overlay,0.0,0,0.7164473162583214,4.265862932179458e-33,2.3409907592003427e-28,0.01999999999998898,-0.0014662509055317287,jsbsim-1.3.1-a320-coefficient-surrogate
372.0,25383.038658312766,62906.68512253308,10992.826097819674,230.10777638868015,0.7797599592945124,59717.288675986056,2,3,left-turn,25690.132530732648,63370.941372254514,11000.0,230.1542,-35.00875704618186,0.0,-20.0,-20.0,0.1432394487829405,-33.55473801282064,-0.5828209446879509,3.199397199134593e-33,-5.6826208865884095e-55,-3.7118035347832767e-64,-0.01409856639934383,9642.626822817125,585626.5489943586,32722.68734725074,32780.876083861694,32722.68734725074,0.6916204356476374,11906.706958789164,0.0,-501.40344480493854,7.388472769606202e-10,31006.474953361565,pseudo_6dof_kinematic_bridge,a320.attitude_response_p6dof.v1,surrogate_policy_overlay,0.0,0,0.716413672113131,3.199397199134593e-33,2.3409907592003427e-28,0.01999999999998898,-0.0014662509055317686,jsbsim-1.3.1-a320-coefficient-surrogate
373.0,25573.354143391156,62777.34214864614,10992.826097819674,230.10875079220554,0.7797632612292197,59716.59705555041,2,3,left-turn,25877.706619704586,63237.57706101668,11000.0,230.1542,-35.81654539804926,0.0,-20.0,-20.0,0.1432394487829405,-34.36252636468799,-0.5969195110872945,2.399547899350945e-33,-1.988917310305943e-55,-1.7816656966959726e-64,-0.014098566399343747,9642.70432073249,585619.7665148134,32722.509945095684,32779.47731329804,32722.509945095684,0.6915925729385934,11906.86220172239,0.0,-501.406593898575,7.38853215085655e-10,31006.71710725928,pseudo_6dof_kinematic_bridge,a320.attitude_response_p6dof.v1,surrogate_policy_overlay,0.0,0,0.7163806142221188,2.399547899350945e-33,2.3409907592003427e-28,0.01999999999998898,-0.0014662509055317313,jsbsim-1.3.1-a320-coefficient-surrogate
374.0,25761.828022322883,62645.328383638174,10992.826097819674,230.1097047542699,0.7797664938945044,59715.90546297747,2,3,left-turn,26063.381883665737,63101.58156580251,11000.0,230.1542,-36.624333749916595,0.0,-20.0,-20.0,0.1432394487829405,-35.17031471655535,-0.6110180774866385,1.7996609245132087e-33,-6.961210586070799e-56,-8.55199534414067e-65,-0.01409856639934392,9642.780192862876,585612.984308508,32722.331270125942,32778.10289323212,32722.331270125942,0.6915651952775272,11907.01918233611,0.0,-501.4096769226934,7.388590286381198e-10,31006.95418109755,pseudo_6dof_kinematic_bridge,a320.attitude_response_p6dof.v1,surrogate_policy_overlay,0.0,0,0.7163481302925375,1.7996609245132087e-33,2.3409907592003427e-28,0.01999999999998898,-0.0014662509055318057,jsbsim-1.3.1-a320-coefficient-surrogate
375.0,25948.422800517736,62510.67005685327,10992.826097819674,230.1106387034862,0.7797696587427955,59715.21389778219,2,3,left-turn,26247.121416634214,62962.98191793097,11000.0,230.1542,-37.43212210178394,0.0,-20.0,-20.0,0.1432394487829405,-35.97810306842272,-0.6251166438859821,1.3497456933849065e-33,-2.4364237051247792e-56,-4.104957765187521e-65,-0.014098566399343907,9642.854473297455,585606.2023706858,32722.151349014704,32776.75231303403,32722.151349014704,0.6915382924929834,11907.177864209894,0.0,-501.4126952628449,7.388647202300304e-10,31007.186281391718,pseudo_6dof_kinematic_bridge,a320.attitude_response_p6dof.v1,surrogate_policy_overlay,0.0,0,0.7163162082892939,1.3497456933849065e-33,2.3409907592003427e-28,0.01999999999998898,-0.0014662509055317632,jsbsim-1.3.1-a320-coefficient-surrogate
376.0,26133.101357423246,62373.39392395383,10992.826097819674,230.11155305948452,0.7797727571960822,59714.522359489696,2,3,left-turn,26428.88869738618,62821.805666338754,11000.0,230.1542,-38.239910453651305,0.0,-20.0,-20.0,0.1432394487829405,-36.78589142029006,-0.6392152102853261,1.0123092700386799e-33,-8.527482967936725e-57,-1.9703797272900103e-65,-0.014098566399343789,9642.927195410964,585599.4206966896,32721.97020787719,32775.42507277823,32721.97020787719,0.6915118546267316,11907.338211685576,0.0,-501.41565027560955,7.388702924186599e-10,31007.413512431776,pseudo_6dof_kinematic_bridge,a320.attitude_response_p6dof.v1,surrogate_policy_overlay,0.0,0,0.7162848364295517,1.0123092700386799e-33,2.3409907592003427e-28,0.01999999999998898,-0.0014662509055317283,jsbsim-1.3.1-a320-coefficient-surrogate
377.0,26315.826953900956,62233.52726158101,10992.826097819674,230.11244823310042,0.7797757906465516,59713.83084763507,2,3,left-turn,26608.64759671503,62678.08087210452,11000.0,230.1542,-39.04769880551867,0.0,-20.0,-20.0,0.1432394487829405,-37.59367977215743,-0.6533137766846702,7.5923195252900985e-34,-2.984619038777853e-57,-9.45782269099205e-66,-0.014098566399343832,9642.998391878664,585592.6392819606,32721.787872282322,32774.12068301915,32721.787872282322,0.691485871929296,11907.5001898513,0.0,-501.4185432891166,7.388757477076858e-10,31007.635976320806,pseudo_6dof_kinematic_bridge,a320.attitude_response_p6dof.v1,surrogate_policy_overlay,0.0,0,0.7162540031774445,7.5923195252900985e-34,2.3409907592003427e-28,0.01999999999998898,-0.0014662509055317686,jsbsim-1.3.1-a320-coefficient-surrogate
378.0,26496.563239526615,62091.09786191201,10992.826097819674,230.11332462655892,0.7797787604572127,59713.13936176314,2,3,left-turn,26786.362384612672,62531.83610287125,11000.0,230.1542,-39.85548715738604,0.0,-20.0,-20.0,0.1432394487829405,-38.401468124024795,-0.6674123430840142,5.694239643967574e-34,-1.0446166635722484e-57,-4.5397548916761835e-66,-0.014098566399343856,9643.068094691007,585585.8581220345,32721.604367264117,32772.83866457172,32721.604367264117,0.6914603348555842,11907.663764525925,0.0,-501.42137560360715,7.388810885483139e-10,31007.85377301823,pseudo_6dof_kinematic_bridge,a320.attitude_response_p6dof.v1,surrogate_policy_overlay,0.0,0,0.716223697238906,5.694239643967574e-34,2.3409907592003427e-28,0.01999999999998898,-0.0014662509055317669,jsbsim-1.3.1-a320-coefficient-surrogate
379.0,26675.27425981286,61946.134027115404,10992.826097819674,230.11418263365513,0.7797816679625083,59712.447901428284,2,3,left-turn,26961.99773737143,62383.10042716803,11000.0,230.1542,-40.66327550925338,0.0,-20.0,-20.0,0.1432394487829405,-39.20925647589216,-0.6815109094833582,4.27067973297568e-34,-3.656158322502869e-58,-2.179082348004568e-66,-0.01409856639934387,9643.136335167968,585579.0772125417,32721.419717332916,32771.57854829603,32721.419717332916,0.6914352340605978,11907.828902243673,0.0,-501.42414849209496,7.388863173403752e-10,31008.067000391507,pseudo_6dof_kinematic_bridge,a320.attitude_response_p6dof.v1,surrogate_policy_overlay,0.0,0,0.7161939075565972,4.27067973297568e-34,2.3409907592003427e-28,0.01999999999998898,-0.0014662509055317658,jsbsim-1.3.1-a320-coefficient-surrogate
380.0,26851.924463352992,61798.66456370557,10992.826097819674,230.1150226399306,0.7797845144689126,59711.75646619422,2,3,left-turn,27135.518744605244,62231.903408632104,11000.0,230.1542,-41.471063861120726,0.0,-20.0,-20.0,0.1432394487829405,-40.01704482775953,-0.6956094758827018,3.20300979973176e-34,-1.2796554128760038e-58,-1.0459595270421926e-66,-0.014098566399343768,9643.203143973096,585572.2965492036,32721.23394648629,32770.33987488726,32721.23394648629,0.6914105603952478,11907.995570239276,0.0,-501.42686320088654,7.388914364334037e-10,31008.275754255326,pseudo_6dof_kinematic_bridge,a320.attitude_response_p6dof.v1,surrogate_policy_overlay,0.0,0,0.7161646233049547,3.20300979973176e-34,2.3409907592003427e-28,0.01999999999998898,-0.0014662509055317296,jsbsim-1.3.1-a320-coefficient-surrogate
381.0,27026.47870888439,61648.7187767973,10992.826097819674,230.1158450228466,0.7797873012555182,59711.06505563383,2,3,left-turn,27306.89091618865,62078.27510013273,11000.0,230.1542,-42.27885221298809,0.0,-20.0,-20.0,0.1432394487829405,-40.82483317962687,-0.7097080422820454,2.40225734979882e-34,-4.478793945066012e-59,-5.020605729802524e-67,-0.014098566399343601,9643.268551127281,585565.5161278315,32721.047078219803,32769.122194668955,32721.047078219803,0.6913863049022364,11908.163736433176,0.0,-501.4295209501763,7.388964481276912e-10,31008.48012841768,pseudo_6dof_kinematic_bridge,a320.attitude_response_p6dof.v1,surrogate_policy_overlay,0.0,0,0.7161358338853231,2.40225734979882e-34,2.3409907592003427e-28,0.01999999999998898,-0.0014662509055316983,jsbsim-1.3.1-a320-coefficient-surrogate
382.0,27198.902272270207,61496.32646426181,10992.826097819674,230.11665015195294,0.7797900295746089,59710.373669328925,2,3,left-turn,27476.080189112236,61922.24603779759,11000.0,230.1542,-43.08664056485546,0.0,-20.0,-20.0,0.1432394487829405,-41.63262153149421,-0.7238066086813895,1.8016930123491151e-34,-1.5675778807731044e-59,-2.4098907503052115e-67,-0.014098566399343619,9643.332586022188,585558.7359443245,32720.859135537477,32767.92506739192,32720.859135537477,0.6913624588120516,11908.333369417309,0.0,-501.43212293458384,7.389013546753157e-10,31008.680214720924,pseudo_6dof_kinematic_bridge,a320.attitude_response_p6dof.v1,surrogate_policy_overlay,0.0,0,0.7161075289212149,1.8016930123491151e-34,2.3409907592003427e-28,0.01999999999998898,-0.0014662509055317404,jsbsim-1.3.1-a320-coefficient-surrogate
383.0,27369.160853397956,61341.517910785195,10992.826097819674,230.11743838905417,0.7797927006522213,59709.68230687011,2,3,left-turn,27643.052934253246,61763.84723494332,11000.0,230.1542,-43.894428916722795,0.0,-20.0,-20.0,0.1432394487829405,-42.44040988336155,-0.7379051750807335,1.3512697592618363e-34,-5.486522582705864e-60,-1.1567475601465016e-67,-0.014098566399343739,9643.395277433465,585551.9559946677,32720.670140962087,32766.748062035993,32720.670140962087,0.6913390135390185,11908.504438440992,0.0,-501.4346703236481,7.38906158281155e-10,31008.87610307944,pseudo_6dof_kinematic_bridge,a320.attitude_response_p6dof.v1,surrogate_policy_overlay,0.0,0,0.7160796982536407,1.3512697592618363e-34,2.3409907592003427e-28,0.01999999999998898,-0.0014662509055317753,jsbsim-1.3.1-a320-coefficient-surrogate
384.0,27537.220582993625,61184.32388183062,10992.826097819674,230.11821008837154,0.7797953156886955,59708.990967856575,2,3,left-turn,27807.775963059936,61603.11017591105,11000.0,230.1542,-44.70221726859017,0.0,-20.0,-20.0,0.1432394487829405,-43.24819823522889,-0.7520037414800771,1.0134523194463772e-34,-1.920282903947052e-60,-5.552388288703208e-68,-0.014098566399343804,9643.45665353364,585545.1762749307,32720.480116545234,32765.59075661712,32720.480116545234,0.6913159606774563,11908.67691339718,0.0,-501.4371642623953,7.389108611038731e-10,31009.067881523915,pseudo_6dof_kinematic_bridge,a320.attitude_response_p6dof.v1,surrogate_policy_overlay,0.0,0,0.7160523319365635,1.0134523194463772e-34,2.3409907592003427e-28,0.01999999999998898,-0.0014662509055317703,jsbsim-1.3.1-a320-coefficient-surrogate
385.0,27703.048029349986,61024.77561750536,10992.826097819674,230.11896559670183,0.7797978758592128,59708.2996518959,2,3,left-turn,27970.216534148283,61440.066809808406,11000.0,230.1542,-45.510005620457505,0.0,-20.0,-20.0,0.1432394487829405,-44.055986587096264,-0.7661023078794207,7.60089239584783e-35,-6.720990163814681e-61,-2.66514637857754e-68,-0.014098566399343952,9643.516741904747,585538.3967812649,32720.289083877142,32764.452737997886,32720.289083877142,0.6912932919979042,11908.850764808994,0.0,-501.4396058718709,7.389154652568891e-10,31009.25563624209,pseudo_6dof_kinematic_bridge,a320.attitude_response_p6dof.v1,surrogate_policy_overlay,0.0,0,0.7160254202324358,7.60089239584783e-35,2.3409907592003427e-28,0.01999999999998898,-0.0014662509055318033,jsbsim-1.3.1-a320-coefficient-surrogate
386.0,27866.610204967757,60862.90482633389,10992.826097819674,230.1197052535733,0.7798003823143228,59707.6083586039,2,3,left-turn,28130.342359809914,61274.749544159065,11000.0,230.1542,-46.31779397232487,0.0,-20.0,-20.0,0.1432394487829405,-44.86377493896363,-0.7802008742787647,5.700669296885872e-35,-2.352346557335138e-61,-1.2792702617172192e-68,-0.014098566399343924,9643.57556955072,585531.617509903,32720.097064096408,32763.333601701754,32720.097064096408,0.691270999443421,11909.025963816552,0.0,-501.4419962495732,7.389199728093265e-10,31009.439451611404,pseudo_6dof_kinematic_bridge,a320.attitude_response_p6dof.v1,surrogate_policy_overlay,0.0,0,0.7159989536078196,5.700669296885872e-35,2.3409907592003427e-28,0.01999999999998898,-0.001466250905531762,jsbsim-1.3.1-a320-coefficient-surrogate
387.0,28027.874573108315,60698.74367893836,10992.826097819674,230.1204293913975,0.7798028361804598,59706.91708760446,2,3,left-turn,28288.12161242979,61107.1912384613,11000.0,230.1542,-47.12558232419224,0.0,-20.0,-20.0,0.1432394487829405,-45.671563290830996,-0.7942994406781088,4.275501972664404e-35,-8.233212950672983e-62,-6.140497256242652e-69,-0.014098566399343909,9643.63316290948,585524.8384571563,32719.90407789933,32762.232951732036,32719.90407789933,0.6912490751259792,11909.202482164059,0.0,-501.44433647004087,7.389243857869384e-10,31009.61941024522,pseudo_6dof_kinematic_bridge,a320.attitude_response_p6dof.v1,surrogate_policy_overlay,0.0,0,0.7159729227291254,4.275501972664404e-35,2.3409907592003427e-28,0.01999999999998898,-0.001466250905531763,jsbsim-1.3.1-a320-coefficient-surrogate
388.0,28186.80905425666,60532.32480162756,10992.826097819674,230.1211383356187,0.7798052385604476,59706.22583852933,2,3,left-turn,28443.52293081248,60937.42519765658,11000.0,230.1542,-47.93337067605958,0.0,-20.0,-20.0,0.1432394487829405,-46.47935164269836,-0.8083980070774528,3.206626479498303e-35,-2.881624532735543e-62,-2.9474386829964725e-69,-0.0140985663993439,9643.68954786481,585518.0596194137,32719.71014554925,32761.150400393806,32719.71014554925,0.6912275113229182,11909.38029218715,0.0,-501.4466275852499,7.389287061730194e-10,31009.79559302214,pseudo_6dof_kinematic_bridge,a320.attitude_response_p6dof.v1,surrogate_policy_overlay,0.0,0,0.7159473184584122,3.206626479498303e-35,2.3409907592003427e-28,0.01999999999998898,-0.0014662509055317638,jsbsim-1.3.1-a320-coefficient-surrogate
389.0,28343.382032493373,60363.68126989579,10992.826097819674,230.12183240485956,0.7798075905339946,59705.53461101801,2,3,left-turn,28596.515426415703,60765.485165509635,11000.0,230.1542,-48.74115902792695,0.0,-20.0,-20.0,0.1432394487829405,-47.28713999456573,-0.8224965734767964,2.4049698596237273e-35,-1.00856858645744e-62,-1.4147705678383067e-69,-0.014098566399343785,9643.744749757956,585511.2809931397,32719.515286885548,32760.08556812028,32719.515286885548,0.6912063004734845,11909.559366800535,0.0,-501.44887062511924,7.389329359092917e-10,31009.968079125527,pseudo_6dof_kinematic_bridge,a320.attitude_response_p6dof.v1,surrogate_policy_overlay,0.0,0,0.7159221318492991,2.4049698596237273e-35,2.3409907592003427e-28,0.01999999999998898,-0.0014662509055317285,jsbsim-1.3.1-a320-coefficient-surrogate
390.0,28497.562361774275,60192.84660183277,10992.826097819674,230.12251191106446,0.7798098931581778,59704.84340471754,2,3,left-turn,28747.068689489908,60591.40531790142,11000.0,230.1542,-49.54894737979429,0.0,-20.0,-20.0,0.1432394487829405,-48.09492834643307,-0.83659513987614,1.8037273947177954e-35,-3.52999005260104e-63,-6.790898725623872e-70,-0.014098566399343721,9643.798793399,585504.5025748732,32719.319521332553,32759.038083302003,32719.319521332553,0.6911854351754305,11909.73967948588,0.0,-501.4510665980001,7.389370768967796e-10,31010.136946081275,pseudo_6dof_kinematic_bridge,a320.attitude_response_p6dof.v1,surrogate_policy_overlay,0.0,0,0.7158973541429388,1.8037273947177954e-35,2.3409907592003427e-28,0.01999999999998898,-0.001466250905531733,jsbsim-1.3.1-a320-coefficient-surrogate
391.0,28649.319372116588,60019.854751446044,10992.826097819674,230.12317715963906,0.7798121474679173,59704.15221928236,2,3,left-turn,28895.15279512275,60415.22025603602,11000.0,230.1542,-50.35673573166168,0.0,-20.0,-20.0,0.1432394487829405,-48.90271669830041,-0.850693706275484,1.3527955460383464e-35,-1.235496518410364e-63,-3.259631388299458e-70,-0.014098566399343686,9643.851703077986,585497.7243612253,32719.122867908172,32758.00758212044,32719.122867908172,0.6911649081816995,11909.921204279923,0.0,-501.4532164910765,7.389411309966593e-10,31010.30226978784,pseudo_6dof_kinematic_bridge,a320.attitude_response_p6dof.v1,surrogate_policy_overlay,0.0,0,0.7158729767640987,1.3527955460383464e-35,2.3409907592003427e-28,0.01999999999998898,-0.0014662509055317356,jsbsim-1.3.1-a320-coefficient-surrogate
392.0,28798.62287569034,59844.7401018971,10992.826097819674,230.12382844958734,0.7798143544764398,59703.46105437418,2,3,left-turn,29040.7383091871,60236.96499956315,11000.0,230.1542,-51.164524083529024,0.0,-20.0,-20.0,0.1432394487829405,-49.710505050167775,-0.864792272674828,1.0145966595287598e-35,-4.324237814436274e-64,-1.5646230663837398e-70,-0.014098566399343886,9643.903502575811,585490.9463488786,32718.925345232445,32756.9937083847,32718.925345232445,0.6911447123971723,11910.103915762895,0.0,-501.45532127085994,7.389451000310956e-10,31010.464124555037,pseudo_6dof_kinematic_bridge,a320.attitude_response_p6dof.v1,surrogate_policy_overlay,0.0,0,0.7158489913173111,1.0145966595287598e-35,2.3409907592003427e-28,0.01999999999998898,-0.001466250905531808,jsbsim-1.3.1-a320-coefficient-surrogate
393.0,28945.443172813833,59667.53745865253,10992.826097819674,230.12446607364598,0.7798165151757339,59702.76990966178,2,3,left-turn,29183.796294191612,60056.6749796174,11000.0,230.1542,-51.97231243539637,0.0,-20.0,-20.0,0.1432394487829405,-50.51829340203515,-0.8788908390741721,7.609474946465699e-36,-1.5134832350526954e-64,-7.51019071864195e-71,-0.014098566399343886,9643.9542151749,585484.1685345847,32718.72697153581,32755.996113371344,32718.72697153581,0.6911248408754782,11910.287789047132,0.0,-501.4573818835368,7.389489857840582e-10,31010.6225831298,pseudo_6dof_kinematic_bridge,a320.attitude_response_p6dof.v1,surrogate_policy_overlay,0.0,0,0.7158253895831006,7.609474946465699e-36,2.3409907592003427e-28,0.01999999999998898,-0.0014662509055317647,jsbsim-1.3.1-a320-coefficient-surrogate
394.0,29089.751057852,59488.28204255167,10992.826097819674,230.1250903184154,0.7798186305369947,59702.07878482091,2,3,left-turn,29324.298315032487,59874.38603177572,11000.0,230.1542,-52.780100787263734,0.0,-20.0,-20.0,0.1432394487829405,-51.326081753902514,-0.8929894054735157,5.7071062098492744e-36,-5.297191322684433e-65,-3.604891544948136e-71,-0.014098566399343777,9644.00386366964,585477.390915164,32718.527764667295,32755.014455668217,32718.527764667295,0.6911052868158819,11910.472799765947,0.0,-501.4593992555235,7.389527900021224e-10,31010.77771674031,pseudo_6dof_kinematic_bridge,a320.attitude_response_p6dof.v1,surrogate_policy_overlay,0.0,0,0.7158021635143029,5.7071062098492744e-36,2.3409907592003427e-28,0.01999999999998898,-0.0014662509055317291,jsbsim-1.3.1-a320-coefficient-surrogate
395.0,29231.517825016443,59307.009482792055,10992.826097819674,230.12570146448846,0.7798207015110596,59701.38767953409,2,3,left-turn,29462.216444645397,59690.134388934566,11000.0,230.1542,-53.58788913913107,0.0,-20.0,-20.0,0.1432394487829405,-52.13387010576985,-0.9070879718728593,4.280329657386956e-36,-1.854016962939551e-65,-1.7303479415751053e-71,-0.014098566399343716,9644.05247037663,585470.613487503,32718.327742102476,32754.04840102107,32718.327742102476,0.6910860435602305,11910.6589240627,0.0,-501.46137429379615,7.389565143952531e-10,31010.929595119935,pseudo_6dof_kinematic_bridge,a320.attitude_response_p6dof.v1,surrogate_policy_overlay,0.0,0,0.7157793052324523,4.280329657386956e-36,2.3409907592003427e-28,0.01999999999998898,-0.0014662509055317335,jsbsim-1.3.1-a320-coefficient-surrogate
396.0,29370.71527406604,59123.75580983402,10992.826097819674,230.12629978657617,0.7798227290288346,59700.69659349053,2,3,left-turn,29597.5232695565,59503.95667410793,11000.0,230.1542,-54.39567749099844,0.0,-20.0,-20.0,0.1432394487829405,-52.941658457637196,-0.9211865382722033,3.210247243040217e-36,-6.489059370288427e-66,-8.305670119560505e-72,-0.014098566399343683,9644.100057144648,585463.8362485538,32718.126920951276,32753.097622183705,32718.126920951276,0.6910671045899668,11910.846138580186,0.0,-501.4633078862959,7.389601606375701e-10,31011.07828653871,pseudo_6dof_kinematic_bridge,a320.attitude_response_p6dof.v1,surrogate_policy_overlay,0.0,0,0.7157568070242482,3.210247243040217e-36,2.3409907592003427e-28,0.01999999999998898,-0.0014662509055317359,jsbsim-1.3.1-a320-coefficient-surrogate
397.0,29507.315715907007,58938.557448225954,10992.826097819674,230.12688555363133,0.7798247140017123,59700.00552638594,2,3,left-turn,29730.191895331267,59315.88989314801,11000.0,230.1542,-55.20346584286581,0.0,-20.0,-20.0,0.1432394487829405,-53.74944680950456,-0.9352851046715474,2.4076854322801628e-36,-2.2711707796009492e-66,-3.986721657389042e-72,-0.014098566399343773,9644.146645364497,585457.0591953327,32717.925317965644,32752.161798770627,32717.925317965644,0.6910484635231953,11911.034420450102,0.0,-501.4652009023644,7.389637303681018e-10,31011.223857837176,pseudo_6dof_kinematic_bridge,a320.attitude_response_p6dof.v1,surrogate_policy_overlay,0.0,0,0.7157346613380859,2.4076854322801628e-36,2.3409907592003427e-28,0.01999999999998898,-0.0014662509055317727,jsbsim-1.3.1-a320-coefficient-surrogate
398.0,29641.29197809128,58751.4512093515,10992.826097819674,230.12745902896862,0.7798266573219802,59699.31447792242,2,3,left-turn,29860.195951920196,59125.97142738964,11000.0,230.1542,-56.01125419473315,0.0,-20.0,-20.0,0.1432394487829405,-54.55723516137193,-0.9493836710708914,1.805764074210122e-36,-7.949097728603321e-67,-1.9136263955467402e-72,-0.014098566399343824,9644.192255978578,585450.2823249178,32717.722949547002,32751.24061711395,32717.722949547002,0.6910301141118309,11911.223747282922,0.0,-501.46705419308955,7.38967225191518e-10,31011.366374452453,pseudo_6dof_kinematic_bridge,a320.attitude_response_p6dof.v1,surrogate_policy_overlay,0.0,0,0.7157128607806816,1.805764074210122e-36,2.3409907592003427e-28,0.01999999999998898,-0.001466250905531769,jsbsim-1.3.1-a320-coefficient-surrogate
399.0,29772.61741021212,58562.47428410028,10992.826097819674,230.12802047038312,0.7798285598632215,59698.623447808306,2,3,left-turn,29987.50959890031,58934.23902622015,11000.0,230.1542,-56.819042546600514,0.0,-20.0,-20.0,0.1432394487829405,-55.36502351323927,-0.963482237470235,1.3543230556575915e-36,-2.782184205011162e-67,-9.185406698624353e-73,-0.014098566399343742,9644.236909490282,585443.5056344492,32717.519831753598,32750.333770122077,32717.519831753598,0.6910120502387852,11911.414097157773,0.0,-501.46886859173054,7.389706466788508e-10,31011.505900451495,pseudo_6dof_kinematic_bridge,a320.attitude_response_p6dof.v1,surrogate_policy_overlay,0.0,0,0.7156913981137457,1.3543230556575915e-36,2.3409907592003427e-28,0.01999999999998898,-0.0014662509055317315,jsbsim-1.3.1-a320-coefficient-surrogate
400.0,29901.265889195914,58371.6642354635,10992.826097819674,230.12857013026593,0.779830422480707,59697.93243575807,2,3,left-turn,30112.107530611327,58740.7307995761,11000.0,230.1542,-57.62683089846786,0.0,-20.0,-20.0,0.1432394487829405,-56.17281186510661,-0.9775808038695786,1.0157422917431936e-36,-9.737644717539065e-68,-4.408995215339689e-73,-0.014098566399343806,9644.280625973208,585436.7291211268,32717.3159803077,32749.440957142022,32717.3159803077,0.6909942659152224,11911.605448612703,0.0,-501.4706449141025,7.389739963682002e-10,31011.642498560384,pseudo_6dof_kinematic_bridge,a320.attitude_response_p6dof.v1,surrogate_policy_overlay,0.0,0,0.7156702662507349,1.0157422917431936e-36,2.3409907592003427e-28,0.01999999999998898,-0.0014662509055317703,jsbsim-1.3.1-a320-coefficient-surrogate
401.0,30027.211824489117,58179.05899105587,10992.826097819674,230.12910825571726,0.7798322460117784,59697.24144149215,2,3,left-turn,30233.964981185618,58545.48521036823,11000.0,230.1542,-58.434619250335224,0.0,-20.0,-20.0,0.1432394487829405,-56.980600216973976,-0.9916793702689226,7.618067188073953e-37,-3.4081756511386722e-68,-2.1163177033630508e-73,-0.014098566399343843,9644.323425080142,585429.952782209,32717.11141060257,32748.561883824506,32717.11141060257,0.6909767552778736,11911.797780635054,0.0,-501.47238395886194,7.38977275765422e-10,31011.77623018563,pseudo_6dof_kinematic_bridge,a320.attitude_response_p6dof.v1,surrogate_policy_overlay,0.0,0,0.7156494582536762,7.618067188073953e-37,2.3409907592003427e-28,0.01999999999998898,-0.0014662509055317677,jsbsim-1.3.1-a320-coefficient-surrogate
402.0,30150.430163139266,57984.69683556548,10992.826097819674,230.1296350886573,0.7798340312762242,59696.55046473687,2,3,left-turn,30353.057729470776,58348.54106683641,11000.0,230.1542,-59.24240760220259,0.0,-20.0,-20.0,0.1432394487829405,-57.78838856884135,-1.0057779366682666,5.713550391055464e-37,-1.192861477898535e-68,-1.0158324976142642e-73,-0.014098566399343863,9644.365326051904,585423.1766150119,32716.9061377094,32747.69626199189,32716.9061377094,0.6909595125864051,11911.99107265205,0.0,-501.47408650795506,7.389804863448064e-10,31011.907155449688,pseudo_6dof_kinematic_bridge,a320.attitude_response_p6dof.v1,surrogate_policy_overlay,0.0,0,0.7156289673300535,5.713550391055464e-37,2.3409907592003427e-28,0.01999999999998898,-0.0014662509055317664,jsbsim-1.3.1-a320-coefficient-surrogate
403.0,30270.896394769126,57788.616403132924,10992.826097819674,230.13015086593492,0.7798357790766476,59695.85950522429,2,3,left-turn,30469.362103844003,58149.937514835845,11000.0,230.1542,-60.050195954069935,0.0,-20.0,-20.0,0.1432394487829405,-58.596176920708714,-1.0198765030676107,4.2851627932915985e-37,-4.175015172644872e-69,-4.8759959885484685e-74,-0.014098566399343874,9644.406347725951,585416.4006169077,32716.700176384027,32746.843809508646,32716.700176384027,0.6909425322208387,11912.185304521594,0.0,-501.47575332692253,7.389836295497362e-10,31012.035333213727,pseudo_6dof_kinematic_bridge,a320.attitude_response_p6dof.v1,surrogate_policy_overlay,0.0,0,0.7156087868297555,4.2851627932915985e-37,2.3409907592003427e-28,0.01999999999998898,-0.0014662509055317656,jsbsim-1.3.1-a320-coefficient-surrogate
404.0,30388.58655644294,57590.8566696613,10992.826097819674,230.1306558194338,0.7798374901988265,59695.168562692066,2,3,left-turn,30582.854986917213,57949.714030056166,11000.0,230.1542,-60.85798430593727,0.0,-20.0,-20.0,0.1432394487829405,-59.40396527257608,-1.0339750694669543,3.213872094968699e-37,-1.461255310425705e-69,-2.340478074503265e-74,-0.01409856639934377,9644.446508544854,585409.6247853242,32716.493541073512,32746.004250154856,32716.493541073512,0.6909258086790315,11912.3804565233,0.0,-501.4773851652456,7.38986706793337e-10,31012.160821104273,pseudo_6dof_kinematic_bridge,a320.attitude_response_p6dof.v1,surrogate_policy_overlay,0.0,0,0.715588910242094,3.213872094968699e-37,2.3409907592003427e-28,0.01999999999998898,-0.0014662509055317296,jsbsim-1.3.1-a320-coefficient-surrogate
405.0,30503.47723742383,57391.456945058606,10992.826097819674,230.13115017617642,0.779839165412066,59694.477636883385,2,3,left-turn,30693.513820132004,57747.91041017501,11000.0,230.1542,-61.66577265780464,0.0,-20.0,-20.0,0.1432394487829405,-60.21175362444342,-1.0480736358662979,2.410404071226524e-37,-5.114393586489967e-70,-1.123429475761567e-74,-0.014098566399343603,9644.485826564547,585402.8491177424,32716.286245922613,32745.177313502263,32716.286245922613,0.6909093365742076,11912.576509349605,0.0,-501.47898275670696,7.389897194591096e-10,31012.283675541254,pseudo_6dof_kinematic_bridge,a320.attitude_response_p6dof.v1,surrogate_policy_overlay,0.0,0,0.7155693311928841,2.410404071226524e-37,2.3409907592003427e-28,0.01999999999998898,-0.0014662509055316981,jsbsim-1.3.1-a320-coefficient-surrogate
406.0,30615.545583821426,57190.456865414046,10992.826097819674,230.1316341584261,0.7798408054695435,59693.78672754681,2,3,left-turn,30801.316608243505,57544.566766947646,11000.0,230.1542,-62.473561009672004,0.0,-20.0,-20.0,0.1432394487829405,-61.01954197631076,-1.062172202265642,1.8078030534198931e-37,-1.790037755271488e-70,-5.392461483655522e-75,-0.01409856639934362,9644.524319462455,585396.0736116968,32716.07830478013,32744.362734792718,32716.07830478013,0.6908931106325362,11912.773444097147,0.0,-501.48054681971263,7.389926689015513e-10,31012.40395176244,pseudo_6dof_kinematic_bridge,a320.attitude_response_p6dof.v1,surrogate_policy_overlay,0.0,0,0.7155500434415795,1.8078030534198931e-37,2.3409907592003427e-28,0.01999999999998898,-0.0014662509055317404,jsbsim-1.3.1-a320-coefficient-surrogate
407.0,30724.76930312877,56987.89638510977,10992.826097819674,230.1321079837865,0.7798424111086469,59693.09583443618,2,3,left-turn,30906.241923692327,57339.72351823401,11000.0,230.1542,-63.28134936153938,0.0,-20.0,-20.0,0.1432394487829405,-61.82733032817813,-1.076270768664986,1.3558522900649199e-37,-6.265132143450207e-71,-2.5883815121546505e-75,-0.014098566399343739,9644.562004545407,585389.2982647736,32715.86973120505,32743.560254819546,32715.86973120505,0.6908771256907686,11912.971242258354,0.0,-501.4820780575701,7.389955564467641e-10,31012.521703844555,pseudo_6dof_kinematic_bridge,a320.attitude_response_p6dof.v1,surrogate_policy_overlay,0.0,0,0.7155310408784763,1.3558522900649199e-37,2.3409907592003427e-28,0.01999999999998898,-0.001466250905531775,jsbsim-1.3.1-a320-coefficient-surrogate
408.0,30831.126668647645,56783.81576886965,10992.826097819674,230.13257186529955,0.7798439830513053,59692.404957310486,2,3,left-turn,31008.26891086362,57133.42137996506,11000.0,230.1542,-64.08913771340671,0.0,-20.0,-20.0,0.1432394487829405,-62.635118680045494,-1.09036933506433,1.0168892175486898e-37,-2.192796250207572e-71,-1.2424231258342323e-75,-0.014098566399343804,9644.598898757406,585382.5230746089,32715.660538472624,32742.76961981093,32715.660538472624,0.6908613766939156,11913.169885713116,0.0,-501.4835771588483,7.389983833930488e-10,31012.63698473155,pseudo_6dof_kinematic_bridge,a320.attitude_response_p6dof.v1,surrogate_policy_overlay,0.0,0,0.7155123175219652,1.0168892175486898e-37,2.3409907592003427e-28,0.01999999999998898,-0.0014662509055317703,jsbsim-1.3.1-a320-coefficient-surrogate
409.0,30934.596523801396,56578.25558374666,10992.826097819674,230.13302601154078,0.7798455220043129,59691.71409593379,2,3,left-turn,31107.377290232467,56925.70135804982,11000.0,230.1542,-64.89692606527406,0.0,-20.0,-20.0,0.1432394487829405,-63.44290703191286,-1.1044679014636736,7.626669131615174e-38,-7.674786875726502e-72,-5.963631004004316e-76,-0.014098566399343732,9644.635018687237,585375.7480388891,32715.45073958034,32741.990581316208,32715.45073958034,0.6908458586929821,11913.369356720654,0.0,-501.48504479768593,7.390011510114883e-10,31012.74984625818,pseudo_6dof_kinematic_bridge,a320.attitude_response_p6dof.v1,surrogate_policy_overlay,0.0,0,0.7154938675158523,7.626669131615174e-38,2.3409907592003427e-28,0.01999999999998898,-0.0014662509055317322,jsbsim-1.3.1-a320-coefficient-surrogate
410.0,31035.15828633445,56371.2566910504,10992.826097819674,230.13347062671286,0.7798470286596461,59691.0232500751,2,3,left-turn,31203.54736239479,56716.604740224735,11000.0,230.1542,-65.70471441714145,0.0,-20.0,-20.0,0.1432394487829405,-64.2506953837802,-1.1185664678630172,5.72000184871138e-38,-2.6861754065042754e-72,-2.862542881922071e-76,-0.014098566399343582,9644.670380575903,585368.973155349,32715.24034725368,32741.222896094452,32715.24034725368,0.6908305668427481,11913.569637911674,0.0,-501.48648163409524,7.390038605465175e-10,31012.860339173134,pseudo_6dof_kinematic_bridge,a320.attitude_response_p6dof.v1,surrogate_policy_overlay,0.0,0,0.7154756851267325,5.72000184871138e-38,2.3409907592003427e-28,0.01999999999998898,-0.0014662509055316996,jsbsim-1.3.1-a320-coefficient-surrogate
411.0,31132.791952397652,56162.8602382165,10992.826097819674,230.1339059107376,0.7798485036947741,59690.33241950826,2,3,left-turn,31296.760011982886,56506.17308784716,11000.0,230.1542,-66.51250276900879,0.0,-20.0,-20.0,0.1432394487829405,-65.05848373564754,-1.1326650342623612,4.290001386533535e-38,-9.401613922764963e-73,-1.3740205833225941e-76,-0.014098566399343718,9644.705000323913,585362.1984217707,32715.02937395181,32740.46632600484,32715.02937395181,0.6908154963995845,11913.770712280493,0.0,-501.4878883142659,7.390065132164813e-10,31012.968513162512,pseudo_6dof_kinematic_bridge,a320.attitude_response_p6dof.v1,surrogate_policy_overlay,0.0,0,0.7154577647414075,4.290001386533535e-38,2.3409907592003427e-28,0.01999999999998898,-0.0014662509055317768,jsbsim-1.3.1-a320-coefficient-surrogate
412.0,31227.47810051866,55953.107650619255,10992.826097819674,230.1343320593453,0.779849947772963,59689.641604011864,2,3,left-turn,31386.996711464955,56294.448227634246,11000.0,230.1542,-67.32029112087616,0.0,-20.0,-20.0,0.1432394487829405,-65.8662720875149,-1.146763600661705,3.2175010399001514e-38,-3.2905648729677364e-73,-6.595298799948452e-77,-0.014098566399343794,9644.738893498425,585355.4238359829,32714.817831873213,32739.72063790023,32714.817831873213,0.6908006427193341,11913.972563177482,0.0,-501.48926547076906,7.390091102141828e-10,31013.074416864754,pseudo_6dof_kinematic_bridge,a320.attitude_response_p6dof.v1,surrogate_policy_overlay,0.0,0,0.7154401008643759,3.2175010399001514e-38,2.3409907592003427e-28,0.01999999999998898,-0.0014662509055317712,jsbsim-1.3.1-a320-coefficient-surrogate
413.0,31319.197895456535,55742.04062332945,10992.826097819674,230.13474926416268,0.7798513615435733,59688.950803369145,2,3,left-turn,31474.239524827728,56081.47224334931,11000.0,230.1542,-68.1280794727435,0.0,-20.0,-20.0,0.1432394487829405,-66.67406043938226,-1.160862167061049,2.4131257799251136e-38,-1.1516977055387075e-73,-3.165743423975257e-77,-0.014098566399343891,9644.772075340228,585348.64939586,32714.605732961063,32738.98560352221,32714.605732961063,0.6907860012552196,11914.175174301607,0.0,-501.4906137229794,7.390116527074175e-10,31013.178097904794,pseudo_6dof_kinematic_bridge,a320.attitude_response_p6dof.v1,surrogate_policy_overlay,0.0,0,0.7154226881153615,2.4131257799251136e-38,2.3409907592003427e-28,0.01999999999998898,-0.0014662509055318037,jsbsim-1.3.1-a320-coefficient-surrogate
414.0,31407.933091939878,55529.70111281871,10992.826097819674,230.13515771279907,0.7798527456423511,59688.26001736789,2,3,left-turn,31558.471111141556,55867.28746743691,11000.0,230.1542,-68.93586782461084,0.0,-20.0,-20.0,0.1432394487829405,-67.4818487912496,-1.1749607334603926,1.8098443349438352e-38,-4.030941969385476e-74,-1.5195568435081232e-77,-0.01409856639934389,9644.804560770574,585341.8750993208,32714.39308890862,32738.260999398593,32714.39308890862,0.690771567555803,11914.378529693138,0.0,-501.4919336772346,7.390141418394966e-10,31013.279602904448,pseudo_6dof_kinematic_bridge,a320.attitude_response_p6dof.v1,surrogate_policy_overlay,0.0,0,0.7154055212268964,1.8098443349438352e-38,2.3409907592003427e-28,0.01999999999998898,-0.0014662509055317643,jsbsim-1.3.1-a320-coefficient-surrogate
415.0,31493.66603828766,55316.13132861218,10992.826097819674,230.1355575889302,0.7798541006917137,59687.56924580033,2,3,left-turn,31639.6747280072,55651.93647260862,11000.0,230.1542,-69.74365617647824,0.0,-20.0,-20.0,0.1432394487829405,-68.28963714311696,-1.1890592998597362,1.3573832512078764e-38,-1.4108296892849167e-74,-7.293872848838991e-78,-0.014098566399343834,9644.836364397881,585335.1009443279,32714.179911164436,32737.546606743475,32714.179911164436,0.6907573372629945,11914.582613726496,0.0,-501.49322592719807,7.390165787297616e-10,31013.378977511784,pseudo_6dof_kinematic_bridge,a320.attitude_response_p6dof.v1,surrogate_policy_overlay,0.0,0,0.7153885950419664,1.3573832512078764e-38,2.3409907592003427e-28,0.01999999999998898,-0.001466250905531729,jsbsim-1.3.1-a320-coefficient-surrogate
416.0,31576.3796799121,55101.37372489117,10992.826097819674,230.13594907238104,0.779855427301029,59686.878488463066,2,3,left-turn,31717.834234883638,55435.462063381055,11000.0,230.1542,-70.55144452834556,0.0,-20.0,-20.0,0.1432394487829405,-69.09742549498434,-1.2031578662590803,1.0180374384059072e-38,-4.937903912497208e-75,-3.501058967442716e-78,-0.014098566399343967,9644.86750052429,585328.3269288864,32713.966210937455,32736.842211358475,32713.966210937455,0.6907433061100847,11914.787411103272,0.0,-501.49449105409246,7.390189644740856e-10,31013.4762664184,pseudo_6dof_kinematic_bridge,a320.attitude_response_p6dof.v1,surrogate_policy_overlay,0.0,0,0.7153719045116838,1.0180374384059072e-38,2.3409907592003427e-28,0.01999999999998898,-0.0014662509055318022,jsbsim-1.3.1-a320-coefficient-surrogate
417.0,31656.057562702874,54885.47099204736,10992.826097819674,230.13633233920615,0.7798567260668885,59686.18774515695,2,3,left-turn,31792.934096296274,55217.9072675677,11000.0,230.1542,-71.35923288021291,0.0,-20.0,-20.0,0.1432394487829405,-69.90521384685168,-1.217256432658424,7.635280788044304e-39,-1.7282663693740223e-75,-1.6805083043725037e-78,-0.014098566399343877,9644.897983152074,585321.5530510433,32713.75199920207,32736.147603537098,32713.75199920207,0.6907294699198405,11914.992906845353,0.0,-501.4957296268711,7.390213001453656e-10,31013.57151337158,pseudo_6dof_kinematic_bridge,a320.attitude_response_p6dof.v1,surrogate_policy_overlay,0.0,0,0.7153554446930331,7.635280788044304e-39,2.3409907592003427e-28,0.01999999999998898,-0.0014662509055317257,jsbsim-1.3.1-a320-coefficient-surrogate
418.0,31732.683836291988,54668.46604819034,10992.826097819674,230.13670756176904,0.7798579975733754,59685.49701568703,2,3,left-turn,31864.95938492487,54999.31532772645,11000.0,230.1542,-72.16702123208029,0.0,-20.0,-20.0,0.1432394487829405,-70.71300219871904,-1.231354999057768,5.726460591033228e-39,-6.048932292809077e-76,-8.066439860988016e-79,-0.014098566399343827,9644.92782598994,585314.7793088872,32713.537286703002,32735.462577970087,32713.537286703002,0.6907158246026188,11915.199086288267,0.0,-501.4969422026632,7.39023586794004e-10,31013.66476121112,pseudo_6dof_kinematic_bridge,a320.attitude_response_p6dof.v1,surrogate_policy_overlay,0.0,0,0.7153392107466401,5.726460591033228e-39,2.3409907592003427e-28,0.01999999999998898,-0.0014662509055317293,jsbsim-1.3.1-a320-coefficient-surrogate
419.0,31806.243257198665,54450.40203061008,10992.826097819674,230.13707490881924,0.7798592423923267,59684.80629986243,2,3,left-turn,31933.895784570595,54779.729692564506,11000.0,230.1542,-72.97480958394762,0.0,-20.0,-20.0,0.1432394487829405,-71.5207905505864,-1.245453565457112,4.294845443274921e-39,-2.117126302483177e-76,-3.871891133274248e-79,-0.014098566399343855,9644.957042459158,585308.0057005459,32713.322083960098,32734.78693365364,32713.322083960098,0.6907023661545392,11915.40593507456,0.0,-501.4981293268566,7.39025825448379e-10,31013.756051873097,pseudo_6dof_kinematic_bridge,a320.attitude_response_p6dof.v1,surrogate_policy_overlay,0.0,0,0.7153231979346095,4.294845443274921e-39,2.3409907592003427e-28,0.01999999999998898,-0.0014662509055317669,jsbsim-1.3.1-a320-coefficient-surrogate
420.0,31876.721191853634,54231.322287196046,10992.826097819674,230.13743454556808,0.7798604610835898,59684.115597496275,2,3,left-turn,31999.72959300159,54559.19400830215,11000.0,230.1542,-73.78259793581502,0.0,-20.0,-20.0,0.1432394487829405,-72.32857890245374,-1.2595521318564555,3.22113408245619e-39,-7.409942058691119e-77,-1.858507743971639e-79,-0.01409856639934376,9644.9856456996,585301.2322241868,32713.10640127304,32734.120473799052,32713.10640127304,0.6906890906556828,11915.613439147437,0.0,-501.49929153338735,7.390280171153077e-10,31013.84542641308,pseudo_6dof_kinematic_bridge,a320.attitude_response_p6dof.v1,surrogate_policy_overlay,0.0,0,0.7153074016183951,3.22113408245619e-39,2.3409907592003427e-28,0.01999999999998898,-0.0014662509055317304,jsbsim-1.3.1-a320-coefficient-surrogate
421.0,31944.103619502202,54011.27036781473,10992.826097819674,230.137786633763,0.7798616541952735,59683.42490840562,2,3,left-turn,32062.44772467651,54337.752109997426,11000.0,230.1542,-74.59038628768236,0.0,-20.0,-20.0,0.1432394487829405,-73.13636725432112,-1.2736506982557996,2.4158505618421427e-39,-2.5934797205418916e-77,-8.920837171063868e-80,-0.014098566399343926,9645.013648575637,585294.458878016,32712.89024872596,32733.463005744234,32712.89024872596,0.6906759942683316,11915.821584744412,0.0,-501.5004293450612,7.390301627804971e-10,31013.932925031677,pseudo_6dof_kinematic_bridge,a320.attitude_response_p6dof.v1,surrogate_policy_overlay,0.0,0,0.7152918172567149,2.4158505618421427e-39,2.3409907592003427e-28,0.01999999999998898,-0.0014662509055318052,jsbsim-1.3.1-a320-coefficient-surrogate
422.0,32008.37713498557,53790.29001564717,10992.826097819674,230.13813133175995,0.7798628222639946,59682.734232411356,2,3,left-turn,32122.0377133455,54115.44801283316,11000.0,230.1542,-75.3981746395497,0.0,-20.0,-20.0,0.1432394487829405,-73.94415560618846,-1.2877492646551436,1.811887921381607e-39,-9.077179021896619e-78,-4.282001842110657e-80,-0.014098566399343909,9645.041063681905,585287.6856602768,32712.673636191943,32732.81434086739,32712.673636191943,0.6906630732352472,11916.03035839117,0.0,-501.50154327362594,7.390322634089862e-10,31014.018587078273,pseudo_6dof_kinematic_bridge,a320.attitude_response_p6dof.v1,surrogate_policy_overlay,0.0,0,0.7152764404035161,1.811887921381607e-39,2.3409907592003427e-28,0.01999999999998898,-0.001466250905531763,jsbsim-1.3.1-a320-coefficient-surrogate
423.0,32069.5289513998,53568.42515848833,10992.826097819674,230.13846879459464,0.7798639658151182,59682.04356933812,2,3,left-turn,32178.487714528077,53892.32590336823,11000.0,230.1542,-76.20596299141707,0.0,-20.0,-20.0,0.1432394487829405,-74.75194395805582,-1.3018478310544872,1.3589159410362053e-39,-3.1770126576638163e-78,-2.0553608842131152e-80,-0.014098566399343844,9645.067903348963,585280.9125692497,32712.456573337437,32732.174294502147,32712.456573337437,0.6906503238779811,11916.239746895564,0.0,-501.50263382017647,7.390343199455798e-10,31014.10245108424,pseudo_6dof_kinematic_bridge,a320.attitude_response_p6dof.v1,surrogate_policy_overlay,0.0,0,0.7152612667059751,1.3589159410362053e-39,2.3409907592003427e-28,0.01999999999998898,-0.0014662509055317283,jsbsim-1.3.1-a320-coefficient-surrogate
424.0,32127.546902631937,53345.7199000099,10992.826097819674,230.13879917405194,0.7798650853629936,59681.35291901424,2,3,left-turn,32231.786507867368,53668.4301307548,11000.0,230.1542,-77.01375134328441,0.0,-20.0,-20.0,0.1432394487829405,-75.55973230992318,-1.3159463974538312,1.019186955777154e-39,-1.1119544301823356e-78,-9.865732244222952e-81,-0.014098566399343863,9645.094179648826,585274.139603251,32712.23906962658,32731.54268585488,32712.23906962658,0.6906377425952275,11916.449737341645,0.0,-501.50370147528764,7.390363333152723e-10,31014.184554771877,pseudo_6dof_kinematic_bridge,a320.attitude_response_p6dof.v1,surrogate_policy_overlay,0.0,0,0.7152462919025497,1.019186955777154e-39,2.3409907592003427e-28,0.01999999999998898,-0.0014662509055317662,jsbsim-1.3.1-a320-coefficient-surrogate
425.0,32182.41944577277,53122.218510988416,10992.826097819674,230.13912261873415,0.7798661814111854,59680.662281271645,2,3,left-turn,32281.923499360386,53443.805197923146,11000.0,230.1542,-77.8215396951518,0.0,-20.0,-20.0,0.1432394487829405,-76.36752066179054,-1.3300449638531748,7.643902168328655e-40,-3.891840505638175e-79,-4.735551477227016e-81,-0.01409856639934382,9645.119904400382,585267.3667606326,32712.021134325434,32730.919337923304,32712.021134325434,0.6906253258612026,11916.660317083959,0.0,-501.5047467192004,7.390383044236629e-10,31014.26493506826,pseudo_6dof_kinematic_bridge,a320.attitude_response_p6dof.v1,surrogate_policy_overlay,0.0,0,0.7152315118210596,7.643902168328655e-40,2.3409907592003427e-28,0.01999999999998898,-0.00146625090553173,jsbsim-1.3.1-a320-coefficient-surrogate
426.0,32234.135663405777,52897.96542050033,10992.826097819674,230.13943927412765,0.7798672544526992,59679.97165594578,2,3,left-turn,32328.88872346374,53218.49575273606,11000.0,230.1542,-78.62932804701914,0.0,-20.0,-20.0,0.1432394487829405,-77.1753090136579,-1.3441435302525189,5.7329266262464915e-40,-1.362144176973361e-79,-2.273064709068968e-81,-0.01409856639934396,9645.145089174704,585260.5940397808,32711.802776506134,32730.30407741713,32711.802776506134,0.6906130702240629,11916.871473741805,0.0,-501.5057700221559,7.390402341573621e-10,31014.343628132767,pseudo_6dof_kinematic_bridge,a320.attitude_response_p6dof.v1,surrogate_policy_overlay,0.0,0,0.7152169223768171,5.7329266262464915e-40,2.3409907592003427e-28,0.01999999999998898,-0.0014662509055318029,jsbsim-1.3.1-a320-coefficient-surrogate
427.0,32282.685265771735,52673.005207085786,10992.826097819674,230.13974928266813,0.7798683049702033,59679.281042875555,2,3,left-turn,32372.67284507444,52992.54657911427,11000.0,230.1542,-79.43711639888649,0.0,-20.0,-20.0,0.1432394487829405,-77.98309736552527,-1.358242096651863,4.299694969684869e-40,-4.767504619406763e-80,-1.0910710603531047e-81,-0.014098566399343928,9645.16974530023,585253.8214391156,32711.584005050914,32729.696734680296,32711.584005050914,0.6906009723043568,11917.08319519378,0.0,-501.50677184444424,7.390421233843892e-10,31014.420669358406,pseudo_6dof_kinematic_bridge,a320.attitude_response_p6dof.v1,surrogate_policy_overlay,0.0,0,0.7152025195707934,4.299694969684869e-40,2.3409907592003427e-28,0.01999999999998898,-0.0014662509055317617,jsbsim-1.3.1-a320-coefficient-surrogate
428.0,32328.05859280868,52447.38258988288,10992.826097819674,230.14005278380475,0.779869333436245,59678.59044190325,2,3,left-turn,32413.267161385425,52766.00258813496,11000.0,230.1542,-80.24490475075385,0.0,-20.0,-20.0,0.1432394487829405,-78.79088571739261,-1.3723406630512065,3.2247712272636518e-40,-1.6686266167923669e-80,-5.2371410896949026e-82,-0.014098566399343801,9645.193883867865,585247.0489570905,32711.364828656133,32729.097143614545,32711.364828656133,0.6905890287935019,11917.29546957227,0.0,-501.50775263677724,7.390439729545629e-10,31014.496093402915,pseudo_6dof_kinematic_bridge,a320.attitude_response_p6dof.v1,surrogate_policy_overlay,0.0,0,0.7151882994878189,3.2247712272636518e-40,2.3409907592003427e-28,0.01999999999998898,-0.0014662509055317274,jsbsim-1.3.1-a320-coefficient-surrogate
429.0,32370.246616066695,52221.14241973418,10992.826097819674,230.14034991406243,0.7798703403134627,59677.899852874456,2,3,left-turn,32450.663603615365,52538.908809104934,11000.0,230.1542,-81.05269310262122,0.0,-20.0,-20.0,0.1432394487829405,-79.59867406925997,-1.3864392294505505,2.418578420447739e-40,-5.840193158773284e-81,-2.5138277230535528e-82,-0.014098566399343785,9645.21751573594,585240.2765921913,32711.145255836098,32728.505141605143,32711.145255836098,0.690577236452306,11917.508285258198,0.0,-501.5087128403986,7.390457836998811e-10,31014.569934195526,pseudo_6dof_kinematic_bridge,a320.attitude_response_p6dof.v1,surrogate_policy_overlay,0.0,0,0.7151742582948311,2.418578420447739e-40,2.3409907592003427e-28,0.01999999999998898,-0.0014662509055317324,jsbsim-1.3.1-a320-coefficient-surrogate
430.0,32409.240940497217,51994.32967026719,10992.826097819674,230.1406408071035,0.7798713260547939,59677.209275638,2,3,left-turn,32484.854738612474,52311.31038061036,11000.0,230.1542,-81.86048145448856,0.0,-20.0,-20.0,0.1432394487829405,-80.40646242112733,-1.4005377958498946,1.8139338153358043e-40,-2.0440676055706488e-81,-1.2066373070657054e-82,-0.01409856639934383,9645.24065153511,585233.5043429354,32710.92529492695,32727.92056944754,32710.92529492695,0.6905655921095054,11917.721630875778,0.0,-501.50965288728736,7.390475564348975e-10,31014.64222495325,pseudo_6dof_kinematic_bridge,a320.attitude_response_p6dof.v1,surrogate_policy_overlay,0.0,0,0.7151603922391468,1.8139338153358043e-40,2.3409907592003427e-28,0.01999999999998898,-0.0014662509055317686,jsbsim-1.3.1-a320-coefficient-surrogate
431.0,32445.033806116502,51766.98942895064,10992.826097819674,230.14092559378713,0.7798722911036782,59676.51871004589,2,3,left-turn,32515.833770331967,52083.252541544665,11000.0,230.1542,-82.66826980635592,0.0,-20.0,-20.0,0.1432394487829405,-81.21425077299467,-1.4146363622492382,1.3604503615018532e-40,-7.15423661949727e-82,-5.7918590739153855e-83,-0.014098566399343801,9645.263301673102,585226.7322078716,32710.704954090306,32727.343271276426,32710.704954090306,0.6905540926603524,11917.935495287482,0.0,-501.51057320034255,7.39049291957083e-10,31014.712998194536,pseudo_6dof_kinematic_bridge,a320.attitude_response_p6dof.v1,surrogate_policy_overlay,0.0,0,0.7151466976467902,1.3604503615018532e-40,2.3409907592003427e-28,0.01999999999998898,-0.0014662509055317313,jsbsim-1.3.1-a320-coefficient-surrogate
432.0,32477.618089542888,51539.16688812828,10992.826097819674,230.1412044022288,0.7798732358942565,59675.82815595323,2,3,left-turn,32543.594541186892,51854.78062211663,11000.0,230.1542,-83.47605815822327,0.0,-20.0,-20.0,0.1432394487829405,-82.02203912486203,-1.4287349286485822,1.02033777112639e-40,-2.5039828168240442e-82,-2.7800923554793848e-83,-0.014098566399343839,9645.2854763394,585219.9601855788,32710.484241316983,32726.77309449502,32710.484241316983,0.6905427350652065,11918.149867588982,0.0,-501.511474193648,7.390509910471871e-10,31014.782285761004,pseudo_6dof_kinematic_bridge,a320.attitude_response_p6dof.v1,surrogate_policy_overlay,0.0,0,0.7151331709208257,1.02033777112639e-40,2.3409907592003427e-28,0.01999999999998898,-0.001466250905531768,jsbsim-1.3.1-a320-coefficient-surrogate
433.0,32506.987305407587,51310.90733603199,10992.826097819674,230.14147735785727,0.7798741608515659,59675.13761321817,2,3,left-turn,32568.131533272033,51625.940034840234,11000.0,230.1542,-84.28384651009063,0.0,-20.0,-20.0,0.1432394487829405,-82.82982747672939,-1.4428334950479258,7.652533283447925e-41,-8.763939858884153e-83,-1.3344443306301045e-83,-0.014098566399343806,9645.307185509822,585213.188274666,32710.263164430515,32726.20988970701,32710.263164430515,0.6905315163481787,11918.364737104312,0.0,-501.51235627254067,7.390526544695871e-10,31014.850118820654,pseudo_6dof_kinematic_bridge,a320.attitude_response_p6dof.v1,surrogate_policy_overlay,0.0,0,0.7151198085397554,7.652533283447925e-41,2.3409907592003427e-28,0.01999999999998898,-0.0014662509055317309,jsbsim-1.3.1-a320-coefficient-surrogate
434.0,32533.135607638702,51082.256147775974,10992.826097819674,230.14174458347108,0.7798750663917307,59674.44708170182,2,3,left-turn,32589.439869460697,51396.776265508204,11000.0,230.1542,-85.091634861958,0.0,-20.0,-20.0,0.1432394487829405,-83.63761582859674,-1.4569320614472698,5.739399962585944e-41,-3.0673789506094527e-83,-6.405332787024501e-84,-0.014098566399343843,9645.328438950992,585206.4164737712,32710.041731090703,32725.653510649412,32710.041731090703,0.690520433595794,11918.580093381079,0.0,-501.5132198339196,7.390542829726312e-10,31014.91652789378,pseudo_6dof_kinematic_bridge,a320.attitude_response_p6dof.v1,surrogate_policy_overlay,0.0,0,0.7151066070559341,5.739399962585944e-41,2.3409907592003427e-28,0.01999999999998898,-0.0014662509055317677,jsbsim-1.3.1-a320-coefficient-surrogate
435.0,32556.057790618233,50853.2587763339,10992.826097819674,230.14200619929363,0.7798759529221485,59673.75656126823,2,3,left-turn,32607.51531437413,51167.33486415097,11000.0,230.1542,-85.89942321382534,0.0,-20.0,-20.0,0.1432394487829405,-84.4454041804641,-1.4710306278466139,4.304549971939458e-41,-1.0735826327133083e-83,-3.0745597377717604e-84,-0.014098566399343919,9645.349246224721,585199.6447815611,32709.819948796998,32725.103814126844,32709.819948796998,0.6905094839556822,11918.79592618579,0.0,-501.51406526631274,7.390558772889744e-10,31014.981542856207,pseudo_6dof_kinematic_bridge,a320.attitude_response_p6dof.v1,surrogate_policy_overlay,0.0,0,0.7150935630940227,4.304549971939458e-41,2.3409907592003427e-28,0.01999999999998898,-0.001466250905531802,jsbsim-1.3.1-a320-coefficient-surrogate
436.0,32575.749290211825,50623.96074350067,10992.826097819674,230.14226232302724,0.7798768208416741,59673.06605178428,2,3,left-turn,32622.354275223344,50937.66143598282,11000.0,230.1542,-86.7072115656927,0.0,-20.0,-20.0,0.1432394487829405,-85.25319253233145,-1.4851291942459575,3.2284124789545934e-41,-3.757539214496579e-84,-1.475788674130445e-84,-0.014098566399343905,9645.369616692311,585192.8731967303,32709.59782489189,32724.56065994715,32709.59782489189,0.6904986646352962,11919.01222549926,0.0,-501.5148929500994,7.390574381359081e-10,31015.045192957325,pseudo_6dof_kinematic_bridge,a320.attitude_response_p6dof.v1,surrogate_policy_overlay,0.0,0,0.7150806733494693,3.2284124789545934e-41,2.3409907592003427e-28,0.01999999999998898,-0.0014662509055317634,jsbsim-1.3.1-a320-coefficient-surrogate
437.0,32592.206184671064,50394.407630840615,10992.826097819674,230.142513069906,0.7798776705407977,59672.375553119644,2,3,left-turn,32633.953802523258,50707.80163233719,11000.0,230.1542,-87.51499991756005,0.0,-20.0,-20.0,0.1432394487829405,-86.06098088419881,-1.4992277606453015,2.421309359215945e-41,-1.3151387250738026e-84,-7.083785635826135e-85,-0.014098566399343954,9645.389559518748,585186.1017180008,32709.375366564156,32724.023910858392,32709.375366564156,0.6904879729006554,11919.228981512133,0.0,-501.5157032577285,7.390589662156813e-10,31015.107506837507,pseudo_6dof_kinematic_bridge,a320.attitude_response_p6dof.v1,surrogate_policy_overlay,0.0,0,0.7150679345870257,2.421309359215945e-41,2.3409907592003427e-28,0.01999999999998898,-0.0014662509055317994,jsbsim-1.3.1-a320-coefficient-surrogate
438.0,32605.425195408163,50164.645070624065,10992.826097819674,230.1427585527472,0.7798785024018208,59671.68506514675,2,3,left-turn,32642.311590678968,50477.80114159264,11000.0,230.1542,-88.32278826942742,0.0,-20.0,-20.0,0.1432394487829405,-86.86876923606617,-1.513326327044645,1.8159820194119586e-41,-4.6029855377583087e-85,-3.400217105196545e-85,-0.01409856639934387,9645.409083676815,585179.3303441213,32709.152580852107,32723.493432487576,32709.152580852107,0.6904774060751271,11919.446184620469,0.0,-501.5164965537663,7.390604622158158e-10,31015.16851252986,pseudo_6dof_kinematic_bridge,a320.attitude_response_p6dof.v1,surrogate_policy_overlay,0.0,0,0.7150553436393016,1.8159820194119586e-41,2.3409907592003427e-28,0.01999999999998898,-0.0014662509055317263,jsbsim-1.3.1-a320-coefficient-surrogate
439.0,32615.403687642825,49934.718736753865,10992.826097819674,230.1429988820025,0.7798793167990276,59670.99458774067,2,3,left-turn,32647.425978443982,50247.70568009158,11000.0,230.1542,-89.13057662129478,0.0,-20.0,-20.0,0.1432394487829405,-87.67655758793353,-1.5274248934439891,1.3619865145589688e-41,-1.6110449382154074e-85,-1.6321042104943417e-85,-0.014098566399343877,9645.428197951142,585172.559073867,32708.92947464672,32722.96909327983,32708.92947464672,0.6904669615382135,11919.663825421492,0.0,-501.5172731952202,7.390619268094163e-10,31015.22823748774,pseudo_6dof_kinematic_bridge,a320.attitude_response_p6dof.v1,surrogate_policy_overlay,0.0,0,0.7150428974053319,1.3619865145589688e-41,2.3409907592003427e-28,0.01999999999998898,-0.0014662509055317651,jsbsim-1.3.1-a320-coefficient-surrogate
440.0,32622.139670921242,49704.67433568382,10992.826097819674,230.14323416580717,0.7798801140988529,59670.30412077913,2,3,left-turn,32649.295949250467,50017.56098305345,11000.0,230.1542,-89.93836497316212,0.0,-20.0,-20.0,0.1432394487829405,-88.48434593980089,-1.5415234598433332,1.0214898859192266e-41,-5.638657283753925e-86,-7.83410021037284e-86,-0.014098566399343938,9645.44691094212,585165.7879060387,32708.70605469473,32722.450764439483,32708.70605469473,0.6904566367243785,11919.881894709335,0.0,-501.5180335315394,7.390633606554711e-10,31015.28670858204,pseudo_6dof_kinematic_bridge,a320.attitude_response_p6dof.v1,surrogate_policy_overlay,0.0,0,0.7150305928491881,1.0214898859192266e-41,2.3409907592003427e-28,0.01999999999998898,-0.0014662509055318005,jsbsim-1.3.1-a320-coefficient-surrogate
441.0,32625.63179950703,49474.557597330786,10992.826097819674,230.1434645100286,0.7798808946600471,59669.61366414241,3,4,inbound-descent,32649.305394725994,49787.40678644039,10996.305203840562,230.1542,-90.0,-0.9956804921916612,0.0,-20.0,0.1432394487829405,-89.29213429166825,-1.5556220262426768,7.6611741443942e-42,-1.973530049313873e-86,-3.760368100978963e-86,-0.014098566399343862,9645.46523106978,585159.0168394621,32708.482327601636,32721.9383198725,32708.482327601636,0.690446429121901,11920.100383470908,0.0,-501.5187779048431,7.390647643991485e-10,31015.343952120293,pseudo_6dof_kinematic_bridge,a320.attitude_response_p6dof.v1,surrogate_policy_overlay,0.0,0,0.7150184269986223,7.6611741443942e-42,2.3409907592003427e-28,0.01999999999998898,-0.001466250905531727,jsbsim-1.3.1-a320-coefficient-surrogate
442.0,32627.37789932625,49244.42292872786,10991.82624827089,230.18969652273967,0.7800260319460892,59668.92321771329,3,4,inbound-descent,32649.305394725994,49557.252586440394,10992.305203840562,230.1542,-90.0,-0.9956804921916612,0.0,-9.166666666666666,-0.20192978851016874,-89.91568725463944,-1.5632091765187865,-0.004344475721655545,0.18907733563271903,-0.0060243396673623556,-0.01088305226441349,9650.647986282675,585152.245872988,32713.623880666488,32669.368730042115,32713.623880666488,0.6893992729805942,11917.362216597267,0.0,-55575.70680173103,13436.284911311062,9785.61163437224,pseudo_6dof_kinematic_bridge,a320.attitude_response_p6dof.v1,surrogate_policy_overlay,0.0,0,0.7137179532920862,-0.004344475721655545,0.027925268031909273,0.018609767769059208,-0.00042442432581432134,jsbsim-1.3.1-a320-coefficient-surrogate
443.0,32628.25111390367,49014.24154131229,10990.076171422113,230.26946481062197,0.7802761526989158,59668.233823193834,3,4,inbound-descent,32649.305394725994,49327.09838644039,10988.305203840562,230.1542,-90.0,-0.9956804921916612,0.0,-0.4097222222222224,-0.5931215907756925,-90.28292352921862,-1.5670027516568414,-0.007602832512897203,0.1528375129697812,-0.0068275849563440025,-0.006409482124164904,9660.019989138393,585145.4852222238,32725.073097473276,32580.79588965374,32725.073097473276,0.6876349526945713,11910.048179206166,0.0,-183750.6133734666,8320.89630319299,-5610.036861621575,pseudo_6dof_kinematic_bridge,a320.attitude_response_p6dof.v1,surrogate_policy_overlay,0.0,0,0.7115251591779468,-0.007602832512897203,0.005235987755982988,0.01933268852914269,0.000317599289941539,jsbsim-1.3.1-a320-coefficient-surrogate
444.0,32628.68786385772,48783.984111644066,10987.762785109544,230.37343704979986,0.7806017752272596,59667.54619831253,3,4,inbound-descent,32649.305394725994,49096.94418644039,10984.305203840562,230.1542,-90.0,-0.9956804921916612,0.0,2.8771412037037036,-0.8707910661092604,-90.41708602022716,-1.568899539225869,-0.010046600106328447,0.05736658884578816,-0.004846246576855939,-0.002341577200776202,9672.287582291265,585138.7419256815,32740.152741406357,32465.48816585156,32740.152741406357,0.6853380888326102,11900.40964997048,0.0,-129185.81635417385,2977.8843246097044,-12799.371181436918,pseudo_6dof_kinematic_bridge,a320.attitude_response_p6dof.v1,surrogate_policy_overlay,0.0,0,0.7086699991667782,-0.010046600106328447,-0.005541420375081996,0.019911025137209475,0.0006514150542647715,jsbsim-1.3.1-a320-coefficient-surrogate
445.0,32628.906333144598,48553.62703323753,10985.02614532467,230.49463720890768,0.7809808635186662,59666.86087657452,3,4,inbound-descent,32649.305394725994,48866.78998644039,10980.305203840562,230.1542,-90.0,-0.9956804921916612,0.0,2.4690919174382713,-0.9977110730665193,-90.38863653492889,-1.5698479330103827,-0.01187942580140188,-0.0071218035557446685,-0.0022151720080582763,0.0004965371889523885,9686.653230645397,585132.0212152594,32757.878388155317,32331.184203764067,32757.878388155317,0.6826628307764699,11889.137880064613,0.0,-40077.02747964592,-624.9442109385114,-13649.17047597679,pseudo_6dof_kinematic_bridge,a320.attitude_response_p6dof.v1,surrogate_policy_overlay,0.0,0,0.7053432288667233,-0.01187942580140188,-0.006311910517785326,0.020219471328178428,0.0006760250333913382,jsbsim-1.3.1-a320-coefficient-surrogate
446.0,32629.015623380954,48323.15266710792,10981.97124845806,230.62785233057565,0.7813969543256052,59666.17823729957,3,4,inbound-descent,32649.305394725994,48636.63578644039,10976.305203840562,230.1542,-90.0,-0.9956804921916612,0.0,0.9888498786329731,-1.0082723994579668,-90.27687162706471,-1.5703221299026395,-0.013254045072706954,-0.025835097303586126,-0.00018432991890852827,0.0019506656304182758,9702.520578235273,585125.3268108139,32777.51401292637,32183.668422752286,32777.51401292637,0.6797244008491199,11876.737102458254,0.0,12921.869385777154,-2142.7511936878013,-10757.933472172925,pseudo_6dof_kinematic_bridge,a320.attitude_response_p6dof.v1,surrogate_policy_overlay,0.0,0,0.7016876663708583,-0.013254045072706954,-0.0031626305372644396,0.020291442106071183,0.000522777482685996,jsbsim-1.3.1-a320-coefficient-surrogate
447.0,32629.070299306764,48092.548351991405,10978.676839436854,230.76919127935108,0.7818377635692523,59665.49854439212,3,4,inbound-descent,32649.305394725994,48406.48158644039,10972.305203840562,230.1542,-90.0,-0.9956804921916612,0.0,-0.06486185254174186,-0.9593202993621229,-90.14641664687726,-1.570559228348768,-0.01428500952618576,-0.018390739075888153,0.0008543753224383075,0.0022768689298948218,9719.443842602186,585118.661300363,32798.50910018174,32027.259010562797,32798.50910018174,0.6766088148789644,11863.578297017208,0.0,24560.93914542699,-2131.156603311216,-6494.1507307706515,pseudo_6dof_kinematic_bridge,a320.attitude_response_p6dof.v1,surrogate_policy_overlay,0.0,0,0.6978100332490244,-0.01428500952618576,-0.0003472910030638914,0.020224954816017878,0.00030855909459390153,jsbsim-1.3.1-a320-coefficient-surrogate
448.0,32629.09765371343,47861.805325339665,10975.201994540075,230.9157538595198,0.7822941406414755,59664.82197551981,3,4,inbound-descent,32649.305394725994,48176.32738644039,10968.305203840562,230.1542,-90.0,-0.9956804921916612,0.0,-0.39852745499278186,-0.8987718159189384,-90.03778939939602,-1.5706777775718324,-0.015058232866294863,-0.0058235633634211095,0.0010567703931728424,0.0018959031259262681,9737.09001870161,585112.0264262313,32820.451908128765,31865.174374996834,32820.451908128765,0.6733801817073539,11849.93607756422,0.0,15373.876742915209,-1387.1651857403313,-2515.959645112515,pseudo_6dof_kinematic_bridge,a320.attitude_response_p6dof.v1,surrogate_policy_overlay,0.0,0,0.6937899108699643,-0.015058232866294863,0.0008261937938992419,0.02011505658056894,0.00011336144822325007,jsbsim-1.3.1-a320-coefficient-surrogate
449.0,32629.11133948142,47630.91780673585,10971.591046439577,231.06538269152975,0.7827592839074878,59664.1486440459,3,4,inbound-descent,32649.305394725994,47946.17318644039,10964.305203840562,230.1542,-90.0,-0.9956804921916612,0.0,-0.29944137772955565,-0.853647209396001,-89.96811021267285,-1.5707370521833643,-0.015638150371376693,0.0017293782911287888,0.0007875729574921669,0.0012161312284310849,9755.21061263917,585105.4233001329,32843.03463576749,31699.80821099743,32843.03463576749,0.6700861823675266,11836.01452251456,0.0,3835.909707045776,-548.2075567511571,322.5185916325101,pseudo_6dof_kinematic_bridge,a320.attitude_response_p6dof.v1,surrogate_policy_overlay,0.0,0,0.689686497739595,-0.015638150371376693,0.000789391834474249,0.02002241914628573,-2.307216969210745e-05,jsbsim-1.3.1-a320-coefficient-surrogate
450.0,32629.118186752246,47399.88227070093,10967.877272004396,231.21647714321338,0.7832281522436163,59663.47861549901,3,4,inbound-descent,32649.305394725994,47716.018986440395,10960.305203840562,230.1542,-90.0,-0.9956804921916612,0.0,-0.10256383775058384,-0.831569260722734,-89.93727357494447,-1.5707666894891303,-0.016073088500188064,0.0034361612958598263,0.0003853328964348245,0.0005382008586050901,9773.62048116205,585098.8525646833,32866.02740281901,31532.935921008855,32866.02740281901,0.6667621818600233,11821.965587773135,0.0,-2292.9987283171163,45.826153094963345,1825.8177601007444,pseudo_6dof_kinematic_bridge,a320.attitude_response_p6dof.v1,surrogate_policy_overlay,0.0,0,0.685543698382184,-0.016073088500188064,0.0003489239050019499,0.019970181207113583,-9.317179206678946e-05,jsbsim-1.3.1-a320-coefficient-surrogate
451.0,32629.12161260824,47168.69688419388,10964.085655414325,231.3678537931429,0.7836970236666468,59662.81191993102,3,4,inbound-descent,32649.305394725994,47485.86478644039,10956.305203840562,230.1542,-90.0,-0.9956804921916612,0.0,0.02189871335695588,-0.8282073966907079,-89.93563011572637,-1.5707815081420133,-0.016399292096796594,0.002172281312258283,5.867559636322779e-05,2.868377447830066e-05,9792.181978616853,585092.3145145914,32889.25877983206,31365.86949532439,32889.25877983206,0.6634343142805714,11807.902429510796,0.0,-3211.3732180629645,316.0719213916085,2213.972946388785,pseudo_6dof_kinematic_bridge,a320.attitude_response_p6dof.v1,surrogate_policy_overlay,0.0,0,0.6813939505267131,-0.016399292096796594,5.759681143922336e-06,0.01995544417784109,-0.00010911064596215039,jsbsim-1.3.1-a320-coefficient-surrogate
452.0,32629.123326650755,46937.36107653264,10960.234959421583,231.51864178796234,0.7841631643129195,59662.14856118333,3,4,inbound-descent,32649.305394725994,47255.71058644039,10952.305203840562,230.1542,-90.0,-0.9956804921916612,0.0,0.053598803176243666,-0.8349946994842464,-89.95061088141351,-1.570788917468455,-0.01664394479425299,0.0005532709405245062,-0.00011846078107705742,-0.00026146368571023385,9810.793073441473,585085.8091875284,32912.60120099639,31199.57370762433,32912.60120099639,0.6601217973686956,11793.909161906864,0.0,-1804.477364832616,336.7204698307491,1884.5597320306024,pseudo_6dof_kinematic_bridge,a320.attitude_response_p6dof.v1,surrogate_policy_overlay,0.0,0,0.6772611005052956,-0.01664394479425299,-0.00011746762449267855,0.019963816422134895,-9.10246645553419e-05,jsbsim-1.3.1-a320-coefficient-surrogate
453.0,32629.12418422792,46705.87521267679,10956.339278541549,231.66820436752778,0.784624580193887,59661.488523830645,3,4,inbound-descent,32649.305394725994,47025.55638644039,10948.305203840562,230.1542,-90.0,-0.9956804921916612,0.0,0.035661149559195734,-0.8443006707189628,-89.9711283731129,-1.5707926221316757,-0.016827434317345288,-0.00031307111569975647,-0.00016241983814168086,-0.00035809778440501494,9829.378436519535,585079.3364322238,32935.9600248034,31034.753279820165,32935.9600248034,0.6568386687815261,11780.048073148311,0.0,-340.9292946860904,229.98952775831933,1236.1998560562001,pseudo_6dof_kinematic_bridge,a320.attitude_response_p6dof.v1,surrogate_policy_overlay,0.0,0,0.6731625619225854,-0.016827434317345288,-9.696888486528797e-05,0.019980378739718675,-5.8501671290973385e-05,jsbsim-1.3.1-a320-coefficient-surrogate
454.0,32629.124613292504,46474.240346067156,10952.409204060285,231.8160800146515,0.7850798310398247,59660.83177838111,3,4,inbound-descent,32649.305394725994,46795.40218644039,10944.305203840562,230.1542,-90.0,-0.9956804921916612,0.0,0.010066514781997936,-0.8515895327774093,-89.9896557763748,-1.570794474463286,-0.01696505145966451,-0.0004467106477075469,-0.00012721464164358387,-0.00032336418876505424,9847.882756162251,585072.8959594611,32959.265324593114,30871.918263683034,32959.265324593114,0.653595088458417,11766.365001929378,0.0,353.205375589221,98.88730816806482,569.8393216264201,pseudo_6dof_kinematic_bridge,a320.attitude_response_p6dof.v1,surrogate_policy_overlay,0.0,0,0.669110935310097,-0.01696505145966451,-3.7269513360336945e-05,0.019995130689052593,-2.5988484590792057e-05,jsbsim-1.3.1-a320-coefficient-surrogate
455.0,32629.124827961357,46242.45803221757,10948.45269804561,231.96193832280704,0.7855278907114129,59660.17828516796,3,4,inbound-descent,32649.305394725994,46565.247986440394,10940.305203840562,230.1542,-90.0,-0.9956804921916612,0.0,-0.00434430289693684,-0.8553833769176516,-90.00250290747715,-1.5707954006290914,-0.017068264316403927,-0.00025151621640201894,-6.621507155472143e-05,-0.00022422473717124985,9866.265722310596,585066.4873802423,32982.46572461398,30711.433078848037,32982.46572461398,0.6503983154299245,11752.893366331584,0.0,404.16134695602057,1.476136487349375,57.75098948623408,pseudo_6dof_kinematic_bridge,a320.attitude_response_p6dof.v1,surrogate_policy_overlay,0.0,0,0.6651152228091084,-0.017068264316403927,3.812919736578422e-06,0.020003899652524155,-1.5086933151730184e-06,jsbsim-1.3.1-a320-coefficient-surrogate
456.0,32629.124935363176,46010.530188464676,10944.475749140276,232.10554690218942,0.785968042537092,59659.52799725984,3,4,inbound-descent,32649.305394725994,46335.09378644039,10936.305203840562,230.1542,-90.0,-0.9956804921916612,0.0,-0.007034925015389888,-0.8561844131552052,-90.0090222006878,-1.570795863711994,-0.01714567395895849,-4.6960214893990566e-05,-1.3980719773097208e-05,-0.00011378313142868714,9884.498262621513,585060.1102343281,33005.523770241096,30553.553289288815,33005.523770241096,0.6472534403841319,11739.657195817905,0.0,203.57857728272816,-45.95201072012856,-242.03432426866055,pseudo_6dof_kinematic_bridge,a320.attitude_response_p6dof.v1,surrogate_policy_overlay,0.0,0,0.6611817388122327,-0.01714567395895849,1.6126439796518818e-05,0.020006756875444977,1.2463707594780333e-05,jsbsim-1.3.1-a320-coefficient-surrogate
457.0,32629.12498909728,45778.458988665174,10940.48286467151,232.2467465645841,0.7863998008438113,59658.880862635044,3,4,inbound-descent,32649.305394725994,46104.93958644039,10932.305203840562,230.1542,-90.0,-0.9956804921916612,0.0,-0.004166058373512265,-0.8552712090371163,-90.01041632637573,-1.5707960952534454,-0.017203731190874413,5.007116870139757e-05,1.5938418603422805e-05,-2.4332083441183376e-05,9902.559717738783,585053.76401156,33028.412449638025,30398.45318132999,33028.412449638025,0.6441639350048732,11726.673420212894,0.0,24.19279297041378,-52.87110147460859,-349.5094506098889,pseudo_6dof_kinematic_bridge,a320.attitude_response_p6dof.v1,surrogate_policy_overlay,0.0,0,0.6573147924635088,-0.017203731190874413,1.1701016927716927e-05,0.020005785958955562,1.714869387938552e-05,jsbsim-1.3.1-a320-coefficient-surrogate
458.0,32629.125015980655,45546.24678428584,10936.477439959386,232.3854327174328,0.7868228521316114,59658.23682580414,3,4,inbound-descent,32649.305394725994,45874.78538644039,10928.305203840562,230.1542,-90.0,-0.9956804921916612,0.0,-0.0009053400965359531,-0.8538517469759231,-90.00861890820836,-1.5707962110241709,-0.017247274114811355,5.6910269913193056e-05,2.4774286574965832e-05,3.137086505587777e-05,9920.435721318509,585047.4481677721,33051.11258006595,30246.24644143989,33051.11258006595,0.6411320638615294,11713.95360169297,0.0,-50.44736294470364,-37.882484708592386,-323.24913480248716,pseudo_6dof_kinematic_bridge,a320.attitude_response_p6dof.v1,surrogate_policy_overlay,0.0,0,0.6535171990397729,-0.017247274114811355,3.814068087789597e-06,0.02000331411993223,1.5517218635164742e-05,jsbsim-1.3.1-a320-coefficient-surrogate
459.0,32629.12502943036,45313.896045388465,10932.462035482702,232.52154141488165,0.7872370109798372,59657.595829018996,3,4,inbound-descent,32649.305394725994,45644.63118644039,10924.305203840562,230.1542,-90.0,-0.9956804921916612,0.0,0.0007263038526960639,-0.8526813612832537,-90.00549221707628,-1.5707962689095336,-0.017279931307764063,2.84775591343419e-05,2.0427083855318576e-05,5.457105494785229e-05,9938.116608983666,585041.1621366492,33073.61084372251,30097.0016580828,33073.61084372251,0.6381591931970523,11701.505247429239,0.0,-48.154299208795216,-17.53717791601687,-228.89737216802018,pseudo_6dof_kinematic_bridge,a320.attitude_response_p6dof.v1,surrogate_policy_overlay,0.0,0,0.6497906630235583,-0.017279931307764063,-1.012317553737667e-06,0.020000978742287366,1.077943149081103e-05,jsbsim-1.3.1-a320-coefficient-surrogate
460.0,32629.125036159152,45081.40931659011,10928.438584899945,232.65503890162535,0.7876421870009143,59656.957813172005,3,4,inbound-descent,32649.305394725994,45414.47698644039,10920.305203840562,230.1542,-90.0,-0.9956804921916612,0.0,0.000903964648050235,-0.8520362659542674,-90.00239906346555,-1.5707962978522152,-0.01730442420247859,3.1007658306421314e-06,1.1259037480044157e-05,5.398571477727719e-05,9955.59622429492,585034.9053385432,33095.8983116442,29950.753941215313,33095.8983116442,0.6352460223816823,11689.332805499747,0.0,-20.519731587479768,-1.662630423446261,-119.84971873667348,pseudo_6dof_kinematic_bridge,a320.attitude_response_p6dof.v1,surrogate_policy_overlay,0.0,0,0.6461360649905248,-0.01730442420247859,-2.1532138533309728e-06,0.019999518463687728,5.4857394993103055e-06,jsbsim-1.3.1-a320-coefficient-surrogate
461.0,32629.125039525476,44848.7891842831,10924.408551179347,232.785913776374,0.7880383600787484,59656.32271846315,3,4,inbound-descent,32649.305394725994,45184.32278644039,10916.305203840562,230.1542,-90.0,-0.9956804921916612,0.0,0.00047649840873031766,-0.8518669430472313,-90.0000882834434,-1.5707963123235558,-0.01732279387351449,-7.4606933172506055e-06,2.95524222683028e-06,4.033071967579323e-05,9972.871022747833,585028.6771870166,33117.969334415066,29807.513629850047,33117.969334415066,0.6323927573626329,11677.438421019164,0.0,0.6299855961643377,6.557777338414188,-29.50196971780042,pseudo_6dof_kinematic_bridge,a320.attitude_response_p6dof.v1,surrogate_policy_overlay,0.0,0,0.6425536764055612,-0.01732279387351449,-1.3862033876343526e-06,0.019998984462544337,1.190295923956027e-06,jsbsim-1.3.1-a320-coefficient-surrogate
462.0,32629.125041209583,44616.03825231339,10920.373043784733,232.91417112003342,0.788425561819666,59655.69048489324,3,4,inbound-descent,32649.305394725994,44954.16858644039,10912.305203840562,230.1542,-90.0,-0.9956804921916612,0.0,6.878192023942448e-05,-0.8519846895105035,-89.99878271838334,-1.570796319559226,-0.017336571126791413,-7.115995138835652e-06,-2.055063466679955e-06,2.2786408897021838e-05,9989.939399499883,585022.4770936783,33139.82070858663,29667.27281564912,33139.82070858663,0.6295992406103401,11665.822510435857,0.0,7.736782665255542,8.243660344129031,28.138750248598402,pseudo_6dof_kinematic_bridge,a320.attitude_response_p6dof.v1,surrogate_policy_overlay,0.0,0,0.6390433203941517,-0.017336571126791413,-3.6688955633859465e-07,0.01999908019497632,-1.489961846057198e-06,jsbsim-1.3.1-a320-coefficient-surrogate
463.0,32629.125042052103,44383.1591240079,10916.332906632675,233.03982809739057,0.7888038616619418,59655.061052626974,3,4,inbound-descent,32649.305394725994,44724.014386440394,10908.305203840562,230.1542,-90.0,-0.9956804921916612,0.0,-0.00011117572419540969,-0.8521994104975895,-89.99835796782322,-1.5707963231770614,-0.017346904066749103,-3.1408534095211063e-06,-3.7475881977822474e-06,7.413295773734096e-06,10006.801185057668,585016.3044717443,33161.45105035447,29530.010228603678,33161.45105035447,0.6268650484384015,11654.484197779988,0.0,5.88429386716889,6.198781694124136,53.330439234982215,pseudo_6dof_kinematic_bridge,a320.attitude_response_p6dof.v1,surrogate_policy_overlay,0.0,0,0.6356044920328259,-0.017346904066749103,1.886021276316594e-07,0.019999445012281392,-2.611102126637193e-06,jsbsim-1.3.1-a320-coefficient-surrogate
464.0,32629.125042473588,44150.15438896438,10912.288784112328,233.1629106638785,0.7891733564785408,59654.43436225857,3,4,inbound-descent,32649.305394725994,44493.86018644039,10904.305203840562,230.1542,-90.0,-0.9956804921916612,0.0,-0.00011394071580842136,-0.8523862426472496,-89.99852743533347,-1.5707963249859789,-0.01735465377171737,-4.82582074370827e-08,-3.2608361601468265e-06,-2.9577660290047656e-06,10023.457267057864,585010.1587386429,33182.860325041154,29395.694894391927,33182.860325041154,0.624189563856055,11643.421646019531,0.0,1.8267094452995682,3.0661682053433754,54.220510422203404,pseudo_6dof_kinematic_bridge,a320.attitude_response_p6dof.v1,surrogate_policy_overlay,0.0,0,0.6322364483102397,-0.01735465377171737,2.8086473122076606e-07,0.019999812520326458,-2.589241263601282e-06,jsbsim-1.3.1-a320-coefficient-surrogate
465.0,32629.12504268444,43917.02661341107,10908.2411706402,233.28345110108575,0.7895341627991265,59653.81035500454,3,4,inbound-descent,32649.305394725994,44263.70598644039,10900.305203840562,230.1542,-90.0,-0.9956804921916612,0.0,-5.3190575143413876e-05,-0.8524949196763963,-89.99898518016423,-1.5707963258904376,-0.017360466050443574,1.0602899756540782e-06,-1.8967719798978595e-06,-7.989154430776204e-06,10039.909306710946,585004.0393179053,33204.04949370975,29264.28887063582,33204.04949370975,0.621572031072846,11632.632308676468,0.0,-0.7891242630329911,0.495420163534144,41.344886190826585,pseudo_6dof_kinematic_bridge,a320.attitude_response_p6dof.v1,surrogate_policy_overlay,0.0,0,0.6289382753667859,-0.017360466050443574,1.6102157973237174e-07,0.020000053917137765,-1.9377775092082053e-06,jsbsim-1.3.1-a320-coefficient-surrogate
466.0,32629.125042789925,43683.77833324042,10904.190447856965,233.40148617374663,0.7898864109959339,59653.18897284193,3,4,inbound-descent,32649.305394725994,44033.551786440396,10896.305203840562,230.1542,-90.0,-0.9956804921916612,0.0,-3.116464374645408e-06,-0.8525284075442593,-89.99949005564694,-1.570796326342667,-0.017364825259488226,8.739581029233587e-07,-5.844735536804152e-07,-8.811739485914288e-06,10056.15952630997,584997.9456405203,33225.02024783291,29135.749292485794,33225.02024783291,0.6190115962455048,11622.113120805392,0.0,-1.4222831416342494,-0.9139273305744651,23.972006396148338,pseudo_6dof_kinematic_bridge,a320.attitude_response_p6dof.v1,surrogate_policy_overlay,0.0,0,0.6257089387138147,-0.017364825259488226,3.185645435639904e-08,0.02000015109632895,-1.0973896186654648e-06,jsbsim-1.3.1-a320-coefficient-surrogate
467.0,32629.125042842694,43450.412049044055,10900.136912548993,233.51705575275912,0.7902302409420127,59652.57015860589,3,4,inbound-descent,32649.305394725994,43803.39758644039,10892.305203840562,230.1542,-90.0,-0.9956804921916612,0.0,1.6097559264023152e-05,-0.8525141954871801,-89.99989645421216,-1.5707963265687817,-0.017368094666271715,3.3534797505078763e-07,2.48047189513128e-07,-7.092993038556707e-06,10072.21055008749,584991.8771458925,33245.77481015847,29010.029900357204,33245.77481015847,0.616507337909582,11611.8606438536,0.0,-0.9479624745232983,-1.2757198321934102,8.377411958918442,pseudo_6dof_kinematic_bridge,a320.attitude_response_p6dof.v1,surrogate_policy_overlay,0.0,0,0.6225473207042224,-0.017368094666271715,-3.060691896824088e-08,0.020000145362276192,-3.5954705757346627e-07,jsbsim-1.3.1-a320-coefficient-surrogate
468.0,32629.12504286909,43216.93022264417,10896.08079760823,233.63020178763287,0.7905657987732565,59651.953856056905,3,4,inbound-descent,32649.305394725994,43573.243386440394,10888.305203840562,230.1542,-90.0,-0.9956804921916612,0.0,1.4102956269544607e-05,-0.8524820143125829,-90.00014779805404,-1.5707963266818392,-0.01737054672135933,-3.4812389523788885e-08,5.616674538817709e-07,-4.386777595340494e-06,10088.065285118635,584985.8332825004,33266.31578533686,28887.082179437268,33266.31578533686,0.6140582896777744,11601.871175444467,0.0,-0.28520008152773135,-1.0078141284210964,-2.379709071210612,pseudo_6dof_kinematic_bridge,a320.attitude_response_p6dof.v1,surrogate_policy_overlay,0.0,0,0.6194522484550674,-0.01737054672135933,-3.5890351857401036e-08,0.020000092217671305,1.391425275921555e-07,jsbsim-1.3.1-a320-coefficient-surrogate
469.0,32629.125042882297,42983.33527474247,10892.022287767053,233.74096754091664,0.7908932344778196,59651.34000992524,3,4,inbound-descent,32649.305394725994,43343.08918644039,10884.305203840562,230.1542,-90.0,-0.9956804921916612,0.0,5.765743908807121e-06,-0.852452364102104,-90.00025094017508,-1.5707963267383678,-0.017372385762675042,-1.4551180613283835e-07,5.174937967663927e-07,-1.8001696095043636e-06,10103.72683228307,584979.8135083334,33286.646047954135,28766.856208173223,33286.646047954135,0.6116634571413233,11592.140832483528,0.0,0.12061233569510053,-0.5296093614358383,-7.787573903857058,pseudo_6dof_kinematic_bridge,a320.attitude_response_p6dof.v1,surrogate_policy_overlay,0.0,0,0.6164225146202041,-0.017372385762675042,-1.8298946112514867e-08,0.02000003473946442,3.818361174954948e-07,jsbsim-1.3.1-a320-coefficient-surrogate
470.0,32629.125042888903,42749.62958340231,10887.961531411449,233.84939701901655,0.791212700105645,59650.7285659387,3,4,inbound-descent,32649.305394725994,43112.93498644039,10880.305203840562,230.1542,-90.0,-0.9956804921916612,0.0,-2.7539170138819013e-07,-0.8524342074940345,-90.00024628081637,-1.5707963267666323,-0.017373765043661827,-1.0543770695738489e-07,3.1689259180551457e-07,8.132115042938475e-08,10119.198419787484,584973.8172911627,33306.76865868061,28649.301288642728,33306.76865868061,0.6093218304266327,11582.66561397857,0.0,0.23182453143634724,-0.11588999824706883,-8.880465424425648,pseudo_6dof_kinematic_bridge,a320.attitude_response_p6dof.v1,surrogate_policy_overlay,0.0,0,0.6134568928094045,-0.017373765043661827,-2.2300249575258204e-09,0.019999995106906962,4.223853668478443e-07,jsbsim-1.3.1-a320-coefficient-surrogate
471.0,32629.125042892207,42515.815483151,10883.89864945083,233.95553455020948,0.791524348442674,59650.11947083776,3,4,inbound-descent,32649.305394725994,42882.78078644039,10876.305203840562,230.1542,-90.0,-0.9956804921916612,0.0,-2.240618660037945e-06,-0.8524278621059191,-90.00018288220564,-1.5707963267807645,-0.017374799504401916,-3.429968097739268e-08,1.1074791493146732e-07,1.106514498422157e-06,10134.483353618767,584967.8441086911,33326.68680155032,28534.36641348155,33326.68680155032,0.6070323934962011,11573.441448436424,0.0,0.179536716388623,0.1234141247926788,-7.299185909799991,pseudo_6dof_kinematic_bridge,a320.attitude_response_p6dof.v1,surrogate_policy_overlay,0.0,0,0.6105541489999128,-0.017374799504401916,4.6020276320468324e-09,0.019999977779547817,3.4062004439431426e-07,jsbsim-1.3.1-a320-coefficient-surrogate
472.0,32629.12504289386,42281.89526454235,10879.833741978706,234.05942447295985,0.7918283320331803,59649.51267238152,3,4,inbound-descent,32649.305394725994,42652.62658644039,10872.305203840562,230.1542,-90.0,-0.9956804921916612,0.0,-1.7147796547114719e-06,-0.8524293858379283,-90.00010250465508,-1.5707963267878304,-0.01737557534995698,9.17762197835896e-09,-2.6594140477392598e-08,1.4028529020052226e-06,10149.584980701087,584961.8934486101,33346.403737120134,28422.00061036323,33346.403737120134,0.604794131010459,11564.464229536854,0.0,0.08978904538606232,0.19583237598107336,-4.617774383757762,pseudo_6dof_kinematic_bridge,a320.attitude_response_p6dof.v1,surrogate_policy_overlay,0.0,0,0.6077130499485696,-0.01737557534995698,4.500481071038558e-09,0.019999977165501698,2.1109115057905402e-07,jsbsim-1.3.1-a320-coefficient-surrogate
473.0,32629.125042894684,42047.871174059685,10875.766893275319,234.1611109068663,0.7921248024628291,59648.908119346765,3,4,inbound-descent,32649.305394725994,42422.47238644039,10868.305203840562,230.1542,-90.0,-0.9956804921916612,0.0,-6.018970232118256e-07,-0.8524341585205006,-90.00003254066894,-1.5707963267913636,-0.01737615723412328,1.9423466107927586e-08,-8.329902504175959e-08,1.2211019158313731e-06,10164.506661583517,584955.964808592,33365.92276756044,28312.153194777915,33365.92276756044,0.6026060333629797,11555.729842898909,0.0,0.024438948451789528,0.16282604797771666,-1.984749732973386,pseudo_6dof_kinematic_bridge,a320.attitude_response_p6dof.v1,surrogate_policy_overlay,0.0,0,0.6049323693598518,-0.01737615723412328,2.027179194539776e-09,0.019999984786715153,8.700938228821595e-08,jsbsim-1.3.1-a320-coefficient-surrogate
474.0,32629.1250428951,41813.745414269484,10871.698175565825,234.2606375854878,0.7924139098369268,59648.305761522075,3,4,inbound-descent,32649.305394725994,42192.31818644039,10864.305203840562,230.1542,-90.0,-0.9956804921916612,0.0,1.1363945205278949e-07,-0.852438836169385,-89.99998563705469,-1.5707963267931302,-0.017376593647248004,1.2488467411482497e-08,-8.164037428467405e-08,8.186224998570561e-07,10179.25175027585,584950.0576962305,33385.24721070958,28204.77395416161,33385.24721070958,0.6004671003482274,11547.23418608123,0.0,-0.006764726651957659,0.09051527444881302,-0.028164634876361217,pseudo_6dof_kinematic_bridge,a320.attitude_response_p6dof.v1,surrogate_policy_overlay,0.0,0,0.6022108923755324,-0.017376593647248004,6.34681407228239e-11,0.01999999371883254,-3.4087315469794778e-09,jsbsim-1.3.1-a320-coefficient-surrogate
475.0,32629.125042895306,41579.520144158436,10867.627651844476,234.3580477354862,0.7926958024047178,59647.705549698265,3,4,inbound-descent,32649.305394725994,41962.16398644039,10860.305203840562,230.1542,-90.0,-0.9956804921916612,0.0,3.025225152001438e-07,-0.8524418466171526,-89.99996312589747,-1.5707963267940135,-0.01737692095709155,3.2966313531736956e-09,-5.25422255028724e-08,3.928938120225639e-07,10193.82357944401,584944.1716289485,33404.38038086067,28099.813280661354,33404.38038086067,0.5983763438061639,11538.973183445582,0.0,-0.01577204729933624,0.02434652173552633,1.0688935108938362,pseudo_6dof_kinematic_bridge,a320.attitude_response_p6dof.v1,surrogate_policy_overlay,0.0,0,0.599547418809738,-0.01737692095709155,-6.582093043379724e-10,0.020000000183716452,-5.279935487324165e-08,jsbsim-1.3.1-a320-coefficient-surrogate
476.0,32629.125042895408,41345.19747960354,10863.555377997749,234.45338399041339,0.7929706262928866,59647.10743565622,3,4,inbound-descent,32649.305394725994,41732.009786440394,10856.305203840562,230.1542,-90.0,-0.9956804921916612,0.0,2.0476522490163982e-07,-0.8524430131864913,-89.99995972441567,-1.570796326794455,-0.017377166439474206,-1.7061865835368042e-09,-2.0360475913327782e-08,5.936705657646701e-08,10208.225449622445,584938.3061338781,33423.32557460353,27997.222265497017,33423.32557460353,0.5963327895018822,11530.942797122596,0.0,-0.015409211043559494,-0.01593534480693401,1.4164464627770836,pseudo_6dof_kinematic_bridge,a320.attitude_response_p6dof.v1,surrogate_policy_overlay,0.0,0,0.5969407654468282,-0.017377166439474206,-5.542663702595159e-10,0.020000003223168538,-6.720171229642517e-08,jsbsim-1.3.1-a320-coefficient-surrogate
477.0,32629.12504289546,41110.779493937574,10859.481404401313,234.546688330394,0.7932385253206412,59646.511372152825,3,4,inbound-descent,32649.305394725994,41501.85558644039,10852.305203840562,230.1542,-90.0,-0.9956804921916612,0.0,5.963567647544186e-08,-0.8524428902834801,-89.9999677792923,-1.5707963267946756,-0.0173773505512612,-2.532988461969709e-09,2.145062206121987e-09,-1.405841178328539e-07,10222.460621435584,584932.4607477225,33442.08606046109,27896.95276463374,33442.08606046109,0.5943354784337628,11523.139035021522,0.0,-0.012552086381316201,-0.029798926969063562,1.2606904197850384,pseudo_6dof_kinematic_bridge,a320.attitude_response_p6dof.v1,surrogate_policy_overlay,0.0,0,0.5943897676397689,-0.0173773505512612,-2.176587261081516e-10,0.020000003564736628,-5.861000664243097e-08,jsbsim-1.3.1-a320-coefficient-surrogate
478.0,32629.125042895485,40876.26821858171,10855.405777122036,234.63800204113863,0.793499640875668,59645.91731290568,3,4,inbound-descent,32649.305394725994,41271.70138644039,10848.305203840562,230.1542,-90.0,-0.9956804921916612,0.0,-2.3462323564591762e-08,-0.8524421910401181,-89.99998020995405,-1.5707963267947862,-0.017377488635101444,-1.4503337025209665e-09,1.220409893871626e-08,-2.1695597573864446e-07,10236.532310071805,584926.6350166064,33460.66507137243,27798.9574430513,33460.66507137243,0.5923834677152948,11515.557956600205,0.0,-0.009314158334075612,-0.02614416996581669,0.86295465106611,pseudo_6dof_kinematic_bridge,a320.attitude_response_p6dof.v1,surrogate_policy_overlay,0.0,0,0.5918932803870984,-0.017377488635101444,1.8052425986741338e-11,0.02000000249291013,-3.936523021609295e-08,jsbsim-1.3.1-a320-coefficient-surrogate
479.0,32629.1250428955,40641.66564372433,10851.328538823533,234.72736568737008,0.7937541118354352,59645.32521257688,3,4,inbound-descent,32649.305394725994,41041.547186440395,10844.305203840562,230.1542,-90.0,-0.9956804921916612,0.0,-3.9837864981116316e-08,-0.8524414575577534,-89.99999200230833,-1.5707963267948413,-0.01737759219798163,-2.858071145150496e-10,1.2801682271845757e-08,-2.0581540898770878e-07,10250.443681442086,584920.8284959169,33479.065799310345,27703.189803067482,33479.065799310345,0.5904758311392619,11508.195676939613,0.0,-0.005984332263601951,-0.015325478668552429,0.4285266861827465,pseudo_6dof_kinematic_bridge,a320.attitude_response_p6dof.v1,surrogate_policy_overlay,0.0,0,0.589450179021739,-0.01737759219798163,9.077293181046896e-11,0.020000001114220744,-1.8953877867279433e-08,jsbsim-1.3.1-a320-coefficient-surrogate
480.0,32629.125042895506,40406.97371903023,10847.249729449157,234.81481909697305,0.794002074522209,59644.73502675625,3,4,inbound-descent,32649.305394725994,40811.39298644039,10840.305203840562,230.1542,-90.0,-0.9956804921916612,0.0,-2.3990460945461898e-08,-0.8524409619145535,-90.00000052835496,-1.5707963267948688,-0.017377669870141766,2.765893783160064e-10,8.650605750948192e-09,-1.4880758574634029e-07,10264.197849597129,584915.0407501392,33497.29139149796,27609.604200808368,33497.29139149796,0.5886116595058195,11501.04836953646,0.0,-0.002769108256313131,-0.004808574387311518,0.08082436621345157,pseudo_6dof_kinematic_bridge,a320.attitude_response_p6dof.v1,surrogate_policy_overlay,0.0,0,0.5870593596115048,-0.017377669870141766,6.705643745143625e-11,0.020000000066182827,-2.934267804518318e-09,jsbsim-1.3.1-a320-coefficient-surrogate
481.0,32629.12504289551,40172.194354368636,10843.169386737922,234.90040135310366,0.7942436626830638,59644.146711944304,3,4,inbound-descent,32649.305394725994,40581.23878644039,10836.305203840562,230.1542,-90.0,-0.9956804921916612,0.0,-5.449036520857658e-09,-0.852440752257129,-90.00000513458951,-1.5707963267948826,-0.01737772812426187,3.236089042190391e-10,3.6592123606319027e-09,-8.039395905443135e-08,10277.7978750832,584909.2713526885,33515.34494782242,27518.155853890647,33515.34494782242,0.5867900607755233,11494.112268127858,0.0,-0.00011830741395808193,0.0019184493506957728,-0.13279374845861638,pseudo_6dof_kinematic_bridge,a320.attitude_response_p6dof.v1,surrogate_policy_overlay,0.0,0,0.5847197391460093,-0.01737772812426187,2.2433427472913497e-11,0.019999999540177428,6.6900261305591015e-09,jsbsim-1.3.1-a320-coefficient-surrogate
482.0,32629.12504289551,39937.32942055122,10839.087546614972,234.9841507921869,0.794479007488354,59643.56022553498,3,4,inbound-descent,32649.305394725994,40351.08458644039,10832.305203840562,230.1542,-90.0,-0.9956804921916612,0.0,3.9920234765517246e-09,-0.852440752554117,-90.00000642580883,-1.5707963267948897,-0.017377771814851947,1.6477758183312105e-10,-5.183418256590002e-12,-2.2536028411897736e-08,10291.24676399665,584903.5198857426,33533.2295191431,27428.800842612392,33533.2295191431,0.5850101600930481,11487.383667786831,0.0,0.001570973781853222,0.00449053604472345,-0.21902489926237168,pseudo_6dof_kinematic_bridge,a320.attitude_response_p6dof.v1,surrogate_policy_overlay,0.0,0,0.5824302555658929,-0.017377771814851947,-5.33606590073094e-12,0.019999999447096177,1.038499778652003e-08,jsbsim-1.3.1-a320-coefficient-surrogate
483.0,32629.12504289551,39702.380750073826,10835.004243487845,235.0661050062493,0.7947082375437526,59642.97552579844,3,4,inbound-descent,32649.305394725994,40120.93038644039,10828.305203840562,230.1542,-90.0,-0.9956804921916612,0.0,5.134048425846157e-09,-0.8524408535262672,-90.00000555653342,-1.5707963267948932,-0.017377804582794504,1.9932095505109133e-11,-1.7622964739069912e-09,1.5171717840562374e-08,10304.547467557131,584897.7859400713,33550.94810626743,27341.496106373786,33550.94810626743,0.5832710997158913,11480.858925469678,0.0,0.0022108407848186787,0.0041719848987452155,-0.21302668523931384,pseudo_6dof_kinematic_bridge,a320.attitude_response_p6dof.v1,surrogate_policy_overlay,0.0,0,0.5801898676762469,-0.017377804582794504,-1.2165019551943901e-11,0.01999999959408668,9.873562813196146e-09,jsbsim-1.3.1-a320-coefficient-surrogate
484.0,32629.12504289551,39467.350137857036,10830.91951047198,235.14630084842497,0.7949314789121952,59642.3925718639,3,4,inbound-descent,32649.305394725994,39890.77618644039,10824.305203840562,230.1542,-90.0,-0.9956804921916612,0.0,2.7528142607658726e-09,-0.8524409678188165,-90.0000037016191,-1.570796326794895,-0.017377829158751423,-4.156037644162914e-11,-1.994781296409662e-09,3.237436257785204e-08,10317.702882064503,584892.069114869,33568.50365942374,27256.199436613962,33568.50365942374,0.5815720388736784,11474.534460152565,0.0,0.0020273849149829606,0.002572950798513049,-0.15713635159564954,pseudo_6dof_kinematic_bridge,a320.attitude_response_p6dof.v1,surrogate_policy_overlay,0.0,0,0.5779975549755003,-0.017377829158751423,-7.965767739232156e-12,0.01999999980535492,7.151515550300341e-09,jsbsim-1.3.1-a320-coefficient-surrogate
485.0,32629.12504289551,39232.23934198221,10826.833379563059,235.22477444076515,0.7951488551429853,59641.81132370259,3,4,inbound-descent,32649.305394725994,39660.62198644039,10820.305203840562,230.1542,-90.0,-0.9956804921916612,0.0,4.282745784062588e-10,-0.8524410488837403,-90.0000017571311,-1.570796326794896,-0.01737784759071911,-4.057087105043841e-11,-1.4148498283408e-09,3.393771767285902e-08,10330.715849138156,584886.3690175881,33585.89907810297,27172.869467227603,33585.89907810297,0.5799121535772674,11468.40675266173,0.0,0.0013991848150798592,0.0009119596436533398,-0.08724483012831566,pseudo_6dof_kinematic_bridge,a320.attitude_response_p6dof.v1,surrogate_policy_overlay,0.0,0,0.5758523174231731,-0.01737784759071911,-2.1812387460322935e-12,0.019999999974236817,3.87346077664244e-09,jsbsim-1.3.1-a320-coefficient-surrogate
486.0,32629.12504289551,38997.050084420356,10822.745881769395,235.30156118369908,0.7953604873060127,59641.23174211096,3,4,inbound-descent,32649.305394725994,39430.46778644039,10816.305203840562,230.1542,-90.0,-0.9956804921916612,0.0,-6.172963737229961e-10,-0.8524410858968969,-90.00000024300046,-1.5707963267948963,-0.017377861414694877,-1.8248655677867514e-11,-6.460014501085654e-10,2.6426564886831064e-08,10343.589156162869,584880.6852637725,33603.13721117311,27091.465663182873,33603.13721117311,0.5782906363920242,11462.472345276248,0.0,0.0006812391971219798,-0.00020321846145748604,-0.026797197160702207,pseudo_6dof_kinematic_bridge,a320.attitude_response_p6dof.v1,surrogate_policy_overlay,0.0,0,0.5737531751640023,-0.017377861414694877,1.0248507223551506e-12,0.020000000064227544,1.0959091353042806e-09,jsbsim-1.3.1-a320-coefficient-surrogate
487.0,32629.12504289551,38761.78405175209,10818.657047214281,235.37669576666082,0.7955664940295506,59640.653788694064,3,4,inbound-descent,32649.305394725994,39200.31358644039,10812.305203840562,230.1542,-90.0,-0.9956804921916612,0.0,-6.488773378682789e-10,-0.8524410889339776,-89.99999934181666,-1.5707963267948963,-0.017377871782676704,-5.511918052894618e-13,-5.3007059137223675e-11,1.5728624465866454e-08,10356.325536884397,584875.0174768968,33620.22085719417,27011.94830787701,33620.22085719417,0.5767066961859535,11456.727841163396,0.0,0.00010388523124410537,-0.000669321516350888,0.013478246816648823,pseudo_6dof_kinematic_bridge,a320.attitude_response_p6dof.v1,surrogate_policy_overlay,0.0,0,0.5716991682214514,-0.017377871782676704,1.5918545616817158e-12,0.020000000085153725,-7.177699481621024e-10,jsbsim-1.3.1-a320-coefficient-surrogate
488.0,32629.12504289551,38526.44289587734,10814.566905215725,235.45021217951697,0.795766991540488,59640.07742584923,3,4,inbound-descent,32649.305394725994,38970.15938644039,10808.305203840562,230.1542,-90.0,-0.9956804921916612,0.0,-3.0845545064047673e-10,-0.8524410746096873,-89.9999990036734,-1.5707963267948963,-0.017377879558663073,5.94148277797798e-12,2.500060289170858e-10,5.901713268315525e-09,10368.927672112142,584869.3652882043,33637.1527648794,26934.278489633438,33637.1527648794,0.575159557860729,11451.169903691822,0.0,-0.0002428798949531348,-0.0006616152307700457,0.032583110119740175,pseudo_6dof_kinematic_bridge,a320.attitude_response_p6dof.v1,surrogate_policy_overlay,0.0,0,0.5696893561703857,-0.017377879558663073,9.280513512017507e-13,0.020000000065674515,-1.5481422657928212e-09,jsbsim-1.3.1-a320-coefficient-surrogate
489.0,32629.12504289551,38291.02823471396,10810.475484349165,235.52214372452573,0.795962093706146,59639.50261674999,3,4,inbound-descent,32649.305394725994,38740.005186440394,10804.305203840562,230.1542,-90.0,-0.9956804921916612,0.0,-2.2227754347154406e-11,-0.8524410569176929,-89.9999990618226,-1.5707963267948963,-0.01737788539065285,4.995615710716843e-12,3.0878355419718695e-10,-1.0148950118672326e-09,10381.398190497166,584863.7283365512,33653.935633662484,26858.418087637667,33653.935633662484,0.5736484620715443,11445.795255656936,0.0,-0.0003724209435335144,-0.0004286290249790325,0.03518448805137042,pseudo_6dof_kinematic_bridge,a320.attitude_response_p6dof.v1,surrogate_policy_overlay,0.0,0,0.5677228177961132,-0.01737788539065285,1.930257456328147e-13,0.020000000033553508,-1.6272029206379673e-09,jsbsim-1.3.1-a320-coefficient-surrogate
490.0,32629.12504289551,38055.54165288452,10806.382812497359,235.5925230286238,0.7961519120770417,59638.92932533028,3,4,inbound-descent,32649.305394725994,38509.85098644039,10800.305203840562,230.1542,-90.0,-0.9956804921916612,0.0,8.999197296021703e-11,-0.8524410437424252,-89.99999932577646,-1.5707963267948963,-0.01737788976464518,1.9586037272038223e-12,2.299518008474053e-10,-4.606863795454357e-09,10393.739669361647,584858.1062682502,33670.572114339746,26784.329757536274,33670.572114339746,0.5721726649402534,11440.600678444498,0.0,-0.0003498544109145556,-0.00016800558559101387,0.027953295045284057,pseudo_6dof_kinematic_bridge,a320.attitude_response_p6dof.v1,surrogate_policy_overlay,0.0,0,0.5657986507452207,-0.01737788976464518,-1.6878882853408732e-13,0.02000000000649972,-1.2693469671164208e-09,jsbsim-1.3.1-a320-coefficient-surrogate
491.0,32629.12504289551,37819.98470239111,10802.288916890579,235.66138205589283,0.7963365559301309,59638.35751626896,3,4,inbound-descent,32649.305394725994,38279.69678644039,10796.305203840562,230.1542,-90.0,-0.9956804921916612,0.0,8.052322549767946e-11,-0.8524410373026126,-89.99999963889243,-1.5707963267948963,-0.017377893045139432,-1.6526081926113897e-13,1.1239593501190714e-10,-5.4649047790906764e-09,10405.954635562115,584852.4987369189,33687.06480976507,26711.976916862248,33687.06480976507,0.5707314377650512,11435.583011151932,0.0,-0.00024996224019858287,1.5593039960574012e-05,0.01703049387460947,pseudo_6dof_kinematic_bridge,a320.attitude_response_p6dof.v1,surrogate_policy_overlay,0.0,0,0.5639159711721535,-0.017377893045139432,-2.0399664736987228e-13,0.01999999999125685,-7.571191134254208e-10,jsbsim-1.3.1-a320-coefficient-surrogate
492.0,32629.12504289551,37584.35890327766,10798.193824139487,235.72875212009268,0.7965161323121795,59637.78715497458,3,4,inbound-descent,32649.305394725994,38049.542586440395,10792.305203840562,230.1542,-90.0,-0.9956804921916612,0.0,3.359241674121493e-11,-0.8524410363282866,-89.99999990200811,-1.5707963267948963,-0.017377895505510117,-8.190971334240917e-13,1.700519542543985e-11,-4.592235016678408e-09,10418.045566373168,584846.9054033315,33703.41627558021,26641.323730410906,33703.41627558021,0.5693240667291708,11430.73914968218,0.0,-0.00013283774493097944,9.851051734574128e-05,0.0067467195692574354,pseudo_6dof_kinematic_bridge,a320.attitude_response_p6dof.v1,surrogate_policy_overlay,0.0,0,0.5620739133845455,-0.017377895505510117,-1.0582119997038271e-13,0.019999999986967408,-2.856050762402872e-10,jsbsim-1.3.1-a320-coefficient-surrogate
493.0,32629.12504289551,37348.66574427989,10794.097560262466,235.79466389718067,0.7966907460830097,59637.2182075705,3,4,inbound-descent,32649.305394725994,37819.38838644039,10788.305203840562,230.1542,-90.0,-0.9956804921916612,0.0,-1.029258725039078e-12,-0.8524410383151606,-90.00000007237902,-1.5707963267948963,-0.01737789735078813,-6.042622294430754e-13,-3.467749414175287e-11,-2.973533287762391e-09,10430.014890381875,584841.3259352712,33719.62902096793,26572.33509565444,33719.62902096793,0.5679498526103488,11426.066045821062,0.0,-3.533861870534672e-05,0.00010425926168818195,-0.0006440729795115822,pseudo_6dof_kinematic_bridge,a320.attitude_response_p6dof.v1,surrogate_policy_overlay,0.0,0,0.5602716294894248,-0.01737789735078813,-1.4139976729937257e-14,0.01999999998942262,4.6866936197803575e-11,jsbsim-1.3.1-a320-coefficient-surrogate
494.0,32629.12504289551,37112.90668346285,10790.000150708716,235.85914743775658,0.7968604999584298,59636.650640880216,3,4,inbound-descent,32649.305394725994,37589.23418644039,10784.305203840562,230.1542,-90.0,-0.9956804921916612,0.0,-1.258932999549848e-11,-0.8524410410346277,-90.00000014915815,-1.5707963267948963,-0.01737789873474664,-2.0176130543472045e-13,-4.7463654048597293e-11,-1.34004882171081e-09,10441.864988385581,584835.760007388,33735.70550941832,26504.97662826125,33735.70550941832,0.5666081104923801,11421.560706306751,0.0,2.7327990854408625e-05,7.089423305620381e-05,-0.004600522038434949,pseudo_6dof_kinematic_bridge,a320.attitude_response_p6dof.v1,surrogate_policy_overlay,0.0,0,0.5585082890418993,-0.01737789873474664,2.5607605466268124e-14,0.01999999999426413,2.2000150507342357e-10,jsbsim-1.3.1-a320-coefficient-surrogate
495.0,32629.12504289551,36877.08314884597,10785.901620378152,235.92223217938874,0.7970254945527155,59636.08442241308,3,4,inbound-descent,32649.305394725994,37359.07998644039,10780.305203840562,230.1542,-90.0,-0.9956804921916612,0.0,-9.816134525930926e-12,-0.8524410431629907,-90.00000015498406,-1.5707963267948963,-0.017377899772715526,4.8401391745344015e-14,-3.714694389860592e-11,-1.0168121991904886e-10,10453.598194287728,584830.2073010572,33751.64815950139,26439.214647768626,33751.64815950139,0.5652981694797238,11417.220191897359,0.0,5.537313249954518e-05,3.027705555727603e-05,-0.0056685206371037645,pseudo_6dof_kinematic_bridge,a320.attitude_response_p6dof.v1,surrogate_policy_overlay,0.0,0,0.5567830786974952,-0.017377899772715526,2.564847294071156e-14,0.01999999999857267,2.61866007759038e-10,jsbsim-1.3.1-a320-coefficient-surrogate
496.0,32629.12504289551,36641.196539015946,10781.801993638815,235.98394695879125,0.7971858284205426,59635.5195203502,3,4,inbound-descent,32649.305394725994,37128.92578644039,10776.305203840562,230.1542,-90.0,-0.9956804921916612,0.0,-3.5284432433696968e-12,-0.8524410442697914,-90.000000119953,-1.5707963267948963,-0.01737790055119219,1.0974091522963856e-13,-1.931731594407394e-11,6.114072823165049e-10,10465.216795987788,584824.6675042423,33767.45934564066,26375.016163441196,33767.45934564066,0.564019372415814,11413.041616441289,0.0,5.735928923121346e-05,2.475889502670771e-07,-0.004864703000151579,pseudo_6dof_kinematic_bridge,a320.attitude_response_p6dof.v1,surrogate_policy_overlay,0.0,0,0.5550952018689317,-0.01737790055119219,1.1769853713881462e-14,0.020000000001131755,2.2046581008916993e-10,jsbsim-1.3.1-a320-coefficient-surrogate
497.0,32629.12504289551,36405.24822372734,10777.701294342398,236.04432002382845,0.7973415980983022,59634.955903530725,3,4,inbound-descent,32649.305394725994,36898.77158644039,10772.305203840562,230.1542,-90.0,-0.9956804921916612,0.0,5.834887956853193e-13,-0.8524410445025512,-90.00000007087328,-1.5707963267948963,-0.017377901135049688,7.176675269975409e-14,-4.062425288242078e-12,8.566027788232592e-10,10476.723036262418,584819.1403113597,33783.14139888392,26312.34886034063,33783.14139888392,0.5627710756055743,11409.022145953939,0.0,4.4375663943762214e-05,-1.42821014832698e-05,-0.003216980561150454,pseudo_6dof_kinematic_bridge,a320.attitude_response_p6dof.v1,surrogate_policy_overlay,0.0,0,0.553443878387954,-0.017377901135049688,5.369995561385944e-16,0.020000000001963954,1.4302971599267329e-10,jsbsim-1.3.1-a320-coefficient-surrogate
498.0,32629.12504289551,36169.23954449134,10773.599545838284,236.1033790453317,0.797492898144752,59634.39354143831,3,4,inbound-descent,32649.305394725994,36668.61738644039,10768.305203840562,230.1542,-90.0,-0.9956804921916612,0.0,1.70660857835836e-12,-0.8524410442350814,-90.00000002610719,-1.5707963267948963,-0.017377901572942812,1.960213810192772e-14,4.668229817471957e-12,7.813156376970446e-10,10488.119113635745,584813.625423146,33798.69660766831,26251.181085622706,33798.69660766831,0.5615526485424643,11405.158997702987,0.0,2.623690194007652e-05,-1.6321066074438684e-05,-0.0015059140296559712,pseudo_6dof_kinematic_bridge,a320.attitude_response_p6dof.v1,surrogate_policy_overlay,0.0,0,0.5518283441726142,-0.017377901572942812,-3.6853741586463535e-15,0.020000000001678755,6.46936730362938e-11,jsbsim-1.3.1-a320-coefficient-surrogate
499.0,32629.12504289551,35933.17181515262,10769.496770986434,236.16115112871861,0.7976398211809723,59633.832404187924,3,4,inbound-descent,32649.305394725994,36438.46318644039,10764.305203840562,230.1542,-90.0,-0.9956804921916612,0.0,1.1752875223498126e-12,-0.8524410438202241,-89.99999999479093,-1.5707963267948963,-0.017377901901362652,-9.273301812522353e-15,7.240624762034392e-12,5.465719966215747e-10,10499.40718323744,584808.1225465294,33814.1272185777,26191.481835071783,33814.1272185777,0.5603634736402537,11401.449439304597,0.0,9.674179137936758e-06,-1.1645429936286548e-05,-0.00018174005234687562,pseudo_6dof_kinematic_bridge,a320.attitude_response_p6dof.v1,surrogate_policy_overlay,0.0,0,0.5502478509002422,-0.017377901901362652,-3.166960622887517e-15,0.02000000000095607,5.199886612040381e-12,jsbsim-1.3.1-a320-coefficient-surrogate
500.0,32629.12504289551,35697.04632245465,10765.392992169356,236.21766282540682,0.797782457929606,59633.27246251291,3,4,inbound-descent,32649.305394725994,36208.30898644039,10760.305203840562,230.1542,-90.0,-0.9956804921916612,0.0,3.527110781406724e-13,-0.8524410434784382,-89.99999997867918,-1.5707963267948963,-0.017377902147677534,-1.435666730079694e-14,5.965291083063788e-12,2.812028382829145e-10,10510.589357647392,584802.6313945022,33829.435437090884,26133.22073988077,33829.435437090884,0.5592029459696868,11397.890787831158,0.0,-1.9395302063279706e-06,-5.360603445884845e-06,0.0006003204270931496,pseudo_6dof_kinematic_bridge,a320.attitude_response_p6dof.v1,surrogate_policy_overlay,0.0,0,0.5487016656863133,-0.017377902147677534,-1.2700788813077256e-15,0.020000000000273924,-2.9136137416650534e-11,jsbsim-1.3.1-a320-coefficient-surrogate
501.0,32629.12504289551,35460.86432659355,10761.288231303339,236.27294014401937,0.7979208972533736,59632.71368775229,3,4,inbound-descent,32649.305394725994,35978.15478644039,10756.305203840562,230.1542,-90.0,-0.9956804921916612,0.0,-1.2624251132539092e-13,-0.8524410432902122,-89.99999997499262,-1.5707963267948963,-0.017377902332413694,-8.359317100428034e-15,3.2851634532211157e-12,6.434272839299641e-11,10521.667707726498,584797.151685996,33844.623428319566,26076.3680536793,33844.623428319566,0.558070473000091,11394.480408932068,0.0,-7.934268325995616e-06,-4.798629787517534e-07,0.0008876056959265425,pseudo_6dof_kinematic_bridge,a320.attitude_response_p6dof.v1,surrogate_policy_overlay,0.0,0,0.5471890707692733,-0.017377902332413694,8.178912228701323e-17,0.019999999999847713,-4.1017580422910354e-11,jsbsim-1.3.1-a320-coefficient-surrogate
502.0,32629.12504289551,35224.627061760846,10757.182509849095,236.32700856137998,0.798055226192858,59632.156051838356,3,4,inbound-descent,32649.305394725994,35748.000586440394,10752.305203840562,230.1542,-90.0,-0.9956804921916612,0.0,-2.2549490733725966e-13,-0.8524410432409466,-89.99999997911918,-1.5707963267948963,-0.017377902470965816,-1.7322811009003984e-15,8.598454042433695e-13,-7.20222100267225e-11,10532.644263432978,584791.6831457606,33859.69331773542,26020.894639811475,33859.69331773542,0.5569654743459574,11391.215715967934,0.0,-9.317911420337275e-06,2.034113726451725e-06,0.0008285522765082927,pseudo_6dof_kinematic_bridge,a320.attitude_response_p6dof.v1,surrogate_policy_overlay,0.0,0,0.545709363201361,-0.017377902470965816,5.106404823064997e-16,0.019999999999692108,-3.749059629511731e-11,jsbsim-1.3.1-a320-coefficient-surrogate
503.0,32629.12504289551,34988.3357366751,10753.075848821905,236.37989303329752,0.7981855300035606,59631.59952728448,3,4,inbound-descent,32649.305394725994,35517.84638644039,10748.305203840562,230.1542,-90.0,-0.9956804921916612,0.0,-1.3809017113373136e-13,-0.8524410432754609,-89.99999998656749,-1.5707963267948963,-0.017377902574879908,1.5255004285886576e-15,-6.023869220705076e-13,-1.299972582823989e-10,10543.52101462411,584786.2255042444,33874.64719188576,25966.771958863195,33874.64719188576,0.5558873815184914,11388.09416915846,0.0,-7.789488699617684e-06,2.538559609274543e-06,0.0005912552808673717,pseudo_6dof_kinematic_bridge,a320.attitude_response_p6dof.v1,surrogate_policy_overlay,0.0,0,0.5442618545454327,-0.017377902574879908,3.841415303974261e-16,0.019999999999720332,-2.627424324118669e-11,jsbsim-1.3.1-a320-coefficient-surrogate
504.0,32629.12504289551,34751.99153510288,10748.968268801349,236.43161800514062,0.7983118921922329,59631.04408717323,3,4,inbound-descent,32649.305394725994,35287.69218644039,10744.305203840562,230.1542,-90.0,-0.9956804921916612,0.0,-3.269967076505863e-14,-0.8524410433382245,-89.99999999402209,-1.5707963267948963,-0.017377902652815476,1.8394112317576367e-15,-1.0954312239214704e-12,-1.3010750824641931e-10,10554.299911843173,584780.7784974773,33889.487099097445,25913.972056437557,33889.487099097445,0.5548356376821064,11385.113274744537,0.0,-5.015505935570415e-06,1.9017022754661672e-06,0.0003132764764209827,pseudo_6dof_kinematic_bridge,a320.attitude_response_p6dof.v1,surrogate_policy_overlay,0.0,0,0.5428458705777544,-0.017377902652815476,1.3179023493077122e-16,0.01999999999982701,-1.3555453613280506e-11,jsbsim-1.3.1-a320-coefficient-surrogate
505.0,32629.12504289551,34515.59561636912,10744.859789940692,236.48220742220525,0.7984343945524897,59630.48970514465,3,4,inbound-descent,32649.305394725994,35057.537986440395,10740.305203840562,230.1542,-90.0,-0.9956804921916612,0.0,2.1899326028383583e-14,-0.8524410433927896,-89.99999999963957,-1.5707963267948963,-0.01737790271126715,9.529322623313929e-16,-9.523430624608252e-13,-9.804345443753388e-11,10564.982867091692,584775.3418669569,33904.21505016906,25862.467551174672,33904.21505016906,0.5538096974157851,11382.270584164442,0.0,-2.232695191873812e-06,9.366543353299561e-07,8.123752787332217e-05,pseudo_6dof_kinematic_bridge,a320.attitude_response_p6dof.v1,surrogate_policy_overlay,0.0,0,0.5414607509966751,-0.01737790271126715,-2.791909573659888e-17,0.019999999999934365,-3.142445187117134e-12,jsbsim-1.3.1-a320-coefficient-surrogate
506.0,32629.12504289551,34279.14911585707,10740.75043197595,236.53168473987583,0.7985531171997144,59629.93635538488,3,4,inbound-descent,32649.305394725994,34827.38378644039,10736.305203840562,230.1542,-90.0,-0.9956804921916612,0.0,2.9146839974047235e-14,-0.8524410434245037,-90.00000000284938,-1.5707963267948963,-0.01737790275510591,1.2649298093603619e-16,-5.535153894614694e-13,-5.6021856342366e-11,10575.571754587005,584769.915359535,33918.833019051104,25812.231623014966,33918.833019051104,0.5528090264792912,11379.563693244148,0.0,-1.3226535221115105e-07,1.4821364439614996e-07,-6.79751540143231e-05,pseudo_6dof_kinematic_bridge,a320.attitude_response_p6dof.v1,surrogate_policy_overlay,0.0,0,0.5401058491371662,-0.01737790275510591,-6.869451794606055e-17,0.020000000000004833,3.4184607577624676e-12,jsbsim-1.3.1-a320-coefficient-surrogate
507.0,32629.12504289551,34042.65314549816,10736.640214234692,236.58007293358452,0.798668138605265,59629.38401261489,3,4,inbound-descent,32649.305394725994,34597.22958644039,10732.305203840562,230.1542,-90.0,-0.9956804921916612,0.0,1.5895598202420592e-14,-0.852441043434255,-90.00000000392906,-1.5707963267948963,-0.017377902787984977,-2.3127779889269146e-16,-1.7019270996068982e-13,-1.884396756786893e-11,10586.068411505283,584764.4987273098,33933.34294351429,25763.23800169988,33933.34294351429,0.5518331015841098,11376.990241401785,0.0,1.0695258211041171e-06,-2.820437937062643e-07,-0.0001342645370064853,pseudo_6dof_kinematic_bridge,a320.attitude_response_p6dof.v1,surrogate_policy_overlay,0.0,0,0.5387805316910801,-0.017377902787984977,-4.575638516512918e-17,0.02000000000003316,6.219345139762583e-12,jsbsim-1.3.1-a320-coefficient-surrogate
508.0,32629.12504289551,33806.108794251864,10732.529155644597,236.62739450857015,0.7987795356299917,59628.83265207956,3,4,inbound-descent,32649.305394725994,34367.075386440396,10728.305203840562,230.1542,-90.0,-0.9956804921916612,0.0,2.6475478893734454e-15,-0.8524410434300836,-90.00000000355875,-1.5707963267948963,-0.01737790281264428,-2.312220974325382e-16,7.280206450794876e-14,6.463263835633816e-12,10596.474638710199,584759.091727516,33947.74672580602,25715.460955508344,33947.74672580602,0.5508814101690851,11374.547910866095,0.0,1.4743694534718635e-06,-3.9092688251904314e-07,-0.0001380381590762982,pseudo_6dof_kinematic_bridge,a320.attitude_response_p6dof.v1,surrogate_policy_overlay,0.0,0,0.537484178433094,-0.01737790281264428,-1.2943330060564758e-17,0.02000000000003144,6.2397881112449054e-12,jsbsim-1.3.1-a320-coefficient-surrogate
509.0,32629.12504289551,33569.51712857584,10728.417274741785,236.67367150944182,0.7988873835570798,59628.2822495369,3,4,inbound-descent,32649.305394725994,34136.92118644039,10724.305203840562,230.1542,-90.0,-0.9956804921916612,0.0,-3.4233581602703383e-15,-0.8524410434206756,-90.00000000247432,-1.5707963267948963,-0.017377902831138756,-1.0595729914552635e-16,1.6420122630843307e-13,1.892696662519514e-11,10606.792201467435,584753.694122421,33962.04623329522,25668.87528022273,33962.04623329522,0.5499534501806271,11372.234425908704,0.0,1.3357269864543847e-06,-3.075388394424891e-07,-0.0001060798119711088,pseudo_6dof_kinematic_bridge,a320.attitude_response_p6dof.v1,surrogate_policy_overlay,0.0,0,0.5362161819521862,-0.017377902831138756,5.552209675632171e-18,0.020000000000015897,4.710436906292171e-12,jsbsim-1.3.1-a320-coefficient-surrogate
510.0,32629.12504289551,33332.87919288646,10724.304589678943,236.7189255295487,0.7989917561242271,59627.73278124754,3,4,inbound-descent,32649.305394725994,33906.76698644039,10720.305203840562,230.1542,-90.0,-0.9956804921916612,0.0,-3.693856274165896e-15,-0.8524410434120153,-90.00000000126091,-1.5707963267948963,-0.01737790284500961,-4.721082707912102e-18,1.5114946905408454e-13,2.1177947167740385e-11,10617.022830145228,584748.3056792212,33976.24329910547,25623.45628832225,33976.24329910547,0.5490487298574518,11370.047552090095,0.0,9.288819838004568e-07,-1.605904420214934e-07,-6.21173024933939e-05,pseudo_6dof_kinematic_bridge,a320.attitude_response_p6dof.v1,surrogate_policy_overlay,0.0,0,0.5349759473886049,-0.01737790284500961,9.018201675793803e-18,0.019999999999999105,2.6977222248049445e-12,jsbsim-1.3.1-a320-coefficient-surrogate
511.0,32629.12504289551,33096.196010010004,10720.191118233255,236.76317772016108,0.79909272555517,59627.18422396443,3,4,inbound-descent,32649.305394725994,33676.61278644039,10716.305203840562,230.1542,-90.0,-0.9956804921916612,0.0,-1.787691798856147e-15,-0.8524410434067162,-90.00000000027546,-1.5707963267948963,-0.017377902855412755,3.326884617870527e-17,9.248598459027604e-14,1.7199368880528553e-11,10627.168220901181,584742.9261699407,33990.33972273677,25579.179798397807,33990.33972273677,0.54816676751973,11367.98509551899,0.0,4.732261823321204e-07,-3.396735140240298e-08,-2.232087357116697e-05,pseudo_6dof_kinematic_bridge,a320.attitude_response_p6dof.v1,surrogate_policy_overlay,0.0,0,0.5337628921761819,-0.017377902855412755,5.346439634922202e-18,0.019999999999987535,9.134649039567514e-13,jsbsim-1.3.1-a320-coefficient-surrogate
512.0,32629.12504289551,32859.46858162469,10716.076877814156,236.80644879946544,0.7991903625905699,59626.63655492272,3,4,inbound-descent,32649.305394725994,33446.45858644039,10712.305203840562,230.1542,-90.0,-0.9956804921916612,0.0,-1.522011747839885e-16,-0.8524410434048676,-89.99999999965998,-1.5707963267948963,-0.01737790286321511,2.8544696275555996e-17,3.226542757879075e-14,1.0742293769636054e-11,10637.230036355642,584737.5553713329,34004.337270676115,25536.02212478483,34004.337270676115,0.54730709136258,11366.044902125112,0.0,1.0286183842963003e-07,3.894807080135556e-08,5.3380593778111045e-06,pseudo_6dof_kinematic_bridge,a320.attitude_response_p6dof.v1,surrogate_policy_overlay,0.0,0,0.5325764457899128,-0.01737790286321511,1.1653347851610854e-18,0.019999999999982483,-3.0335797235420927e-13,jsbsim-1.3.1-a320-coefficient-surrogate
513.0,32629.12504289551,32622.697888693685,10711.961885470904,236.84875906137745,0.7992847365182724,59626.08975182986,3,4,inbound-descent,32649.305394725994,33216.30438644039,10708.305203840562,230.1542,-90.0,-0.9956804921916612,0.0,5.026628466492607e-16,-0.8524410434053159,-89.999999999402,-1.5707963267948963,-0.017377902869066878,1.1429533326860914e-17,-7.825936759820647e-15,4.502611068111064e-12,10647.209906251766,584732.1930647823,34018.23767699686,25493.96006740923,34018.23767699686,0.5464692392538046,11364.224856944871,0.0,-1.2863436557566944e-07,6.081754859872313e-08,1.941611185025356e-05,pseudo_6dof_kinematic_bridge,a320.attitude_response_p6dof.v1,surrogate_policy_overlay,0.0,0,0.5314160494986886,-0.017377902869066878,-9.292749207574233e-19,0.01999999999998231,-9.044764068203505e-13,jsbsim-1.3.1-a320-coefficient-surrogate
514.0,32629.12504289551,32385.884891889295,10707.846157899998,236.8901283841759,0.7993759152029515,59625.543792855926,3,4,inbound-descent,32649.305394725994,32986.15018644039,10704.305203840562,230.1542,-90.0,-0.9956804921916612,0.0,4.59589545549215e-16,-0.8524410434067115,-89.99999999940633,-1.5707963267948963,-0.017377902873455704,-7.517709238986913e-19,-2.4357007940975233e-14,-7.563746944474147e-14,10657.109428102664,584726.8390362106,34032.04264394731,25452.970901843062,34032.04264394731,0.5456527585358053,11362.52288341998,0.0,-2.2571312461322753e-07,5.053074854605663e-08,2.2460203169403073e-05,pseudo_6dof_kinematic_bridge,a320.attitude_response_p6dof.v1,surrogate_policy_overlay,0.0,0,0.530281156123098,-0.017377902873455704,-1.159031068958493e-18,0.01999999999998454,-1.0150632115161458e-12,jsbsim-1.3.1-a320-coefficient-surrogate
515.0,32629.12504289551,32149.030532008554,10703.729711452423,236.93057623896203,0.7994639651151509,59624.99865662414,3,4,inbound-descent,32649.305394725994,32755.99598644039,10700.305203840562,230.1542,-90.0,-0.9956804921916612,0.0,1.9556955299170762e-16,-0.8524410434080778,-89.99999999955531,-1.5707963267948963,-0.01737790287674732,-4.608018161219429e-18,-2.384807463485011e-14,-2.600413271721563e-12,10666.930167825727,584721.4930759831,34045.75384252849,25413.032369564306,34045.75384252849,0.5448572058315629,11360.93694270865,0.0,-2.24046378263909e-07,2.8353653704224872e-08,1.861320914405457e-05,pseudo_6dof_kinematic_bridge,a320.attitude_response_p6dof.v1,surrogate_policy_overlay,0.0,0,0.5291712297981681,-0.01737790287674732,-6.116372250162135e-19,0.01999999999998715,-8.258936567599526e-13,jsbsim-1.3.1-a320-coefficient-surrogate
516.0,32629.12504289551,31912.135730380338,10699.612562140748,236.9701216979467,0.7995489513597351,59624.454322201556,3,4,inbound-descent,32649.305394725994,32525.841786440393,10696.305203840562,230.1542,-90.0,-0.9956804921916612,0.0,-2.7709522739282924e-18,-0.8524410434089565,-89.9999999997479,-1.5707963267948963,-0.017377902879216034,-3.461694856954497e-18,-1.533674219150229e-14,-3.3610012190908978e-12,10676.67366036452,584716.1549788179,34059.37291306154,25374.12266841783,34059.37291306154,0.544082146854626,11359.465033009124,0.0,-1.6782785197060894e-07,8.161312706972107e-09,1.1878980328982075e-05,pseudo_6dof_kinematic_bridge,a320.attitude_response_p6dof.v1,surrogate_policy_overlay,0.0,0,0.5280857457409752,-0.017377902879216034,-8.874588262582968e-20,0.019999999999989037,-5.168557116383224e-13,jsbsim-1.3.1-a320-coefficient-surrogate
517.0,32629.12504289551,31675.20138926419,10695.494725646078,237.0087834425696,0.7996309377037607,59623.91076908995,3,4,inbound-descent,32649.305394725994,32295.687586440392,10692.305203840562,230.1542,-90.0,-0.9956804921916612,0.0,-7.068919663518967e-17,-0.8524410434092966,-89.99999999991712,-1.5707963267948963,-0.01737790288106757,-1.185396986278084e-18,-5.934583331643538e-15,-2.9536515146046768e-12,10686.341410298359,584710.824543696,34072.901465744675,25336.220443272672,34072.901465744675,0.543327156223008,11358.105188895497,0.0,-9.512953493494284e-08,-4.11359496228008e-09,5.200186577329042e-06,pseudo_6dof_kinematic_bridge,a320.attitude_response_p6dof.v1,surrogate_policy_overlay,0.0,0,0.5270241900230076,-0.01737790288106757,1.4233677375993274e-19,0.019999999999989925,-2.1756282253192706e-13,jsbsim-1.3.1-a320-coefficient-surrogate
518.0,32629.12504289551,31438.22839224104,10691.37621732485,237.0465797714536,0.7997099866037811,59623.3679772169,3,4,inbound-descent,32649.305394725994,32065.53338644039,10688.305203840562,230.1542,-90.0,-0.9956804921916612,0.0,-5.61706006509034e-17,-0.8524410434092602,-90.0000000000316,-1.5707963267948963,-0.017377902882456223,2.533973026926222e-19,6.357424450117697e-16,-1.998052954158562e-12,10695.934892439886,584705.5015737741,34086.34108120001,25299.30477687165,34086.34108120001,0.5425918172769182,11356.855480665363,0.0,-3.1195922339184515e-08,-8.293115383073113e-09,1.9986332070339987e-07,pseudo_6dof_kinematic_bridge,a320.attitude_response_p6dof.v1,surrogate_policy_overlay,0.0,0,0.5259860593471902,-0.017377902882456223,1.4611661783512298e-19,0.019999999999990022,2.434176065645396e-15,jsbsim-1.3.1-a320-coefficient-surrogate
519.0,32629.12504289551,31201.21760459595,10687.257052215502,237.0835286081972,0.7997861592325957,59622.825926927064,3,4,inbound-descent,32649.305394725994,31835.37918644039,10684.305203840562,230.1542,-90.0,-0.9956804921916612,0.0,-2.0663350037163866e-17,-0.8524410434090557,-90.0000000000874,-1.5707963267948963,-0.017377902883497713,6.197184315405323e-19,3.56939710317438e-15,-9.738420612896264e-13,10705.45555242087,584700.1858762993,34099.6933110105,25263.355180869763,34099.6933110105,0.5418757219002502,11355.714013699202,0.0,1.2080188367526482e-08,-7.167723504717261e-09,-2.6322078155457006e-06,pseudo_6dof_kinematic_bridge,a320.attitude_response_p6dof.v1,surrogate_policy_overlay,0.0,0,0.5249708608294845,-0.017377902883497713,6.829306206088494e-20,0.01999999999998971,1.2404682205703534e-13,jsbsim-1.3.1-a320-coefficient-surrogate
520.0,32629.12504289551,30964.169873693096,10683.137245044989,237.1196475090096,0.799859515505454,59622.28459897362,3,4,inbound-descent,32649.305394725994,31605.224986440393,10680.305203840562,230.1542,-90.0,-0.9956804921916612,0.0,2.956835614442067e-18,-0.8524410434088414,-90.00000000009682,-1.5707963267948963,-0.01737790288427883,4.1225000955284577e-19,3.73993022239154e-15,-1.643699264362208e-13,10714.904807266455,584694.8772625248,34112.95967824707,25228.351587056386,34112.95967824707,0.5411784703457347,11354.678927831352,0.0,3.3184564845052626e-08,-3.8704684746167905e-09,-3.5590693161127977e-06,pseudo_6dof_kinematic_bridge,a320.attitude_response_p6dof.v1,surrogate_policy_overlay,0.0,0,0.5239781117849431,-0.01737790288427883,4.062742383725953e-21,0.019999999999989308,1.609893973183729e-13,jsbsim-1.3.1-a320-coefficient-surrogate
521.0,32629.12504289551,30727.086029343096,10679.016810235178,237.1549536701895,0.7999301141057269,59621.74397450987,3,4,inbound-descent,32649.305394725994,31375.070786440392,10676.305203840562,230.1542,-90.0,-0.9956804921916612,0.0,9.622281301348024e-18,-0.8524410434086966,-90.00000000007815,-1.5707963267948963,-0.01737790288486467,1.1633397334936404e-19,2.5252306640243653e-15,3.2590792814765213e-13,10724.284045958062,584689.5755476272,34126.14167798612,25194.27433875915,34126.14167798612,0.5404996710637084,11353.748396732219,0.0,3.6738067946831606e-08,-6.652076766611093e-10,-3.196539945222312e-06,pseudo_6dof_kinematic_bridge,a320.attitude_response_p6dof.v1,surrogate_policy_overlay,0.0,0,0.523007339518174,-0.01737790288486467,-2.0618521500994248e-20,0.019999999999989002,1.4175555253579855e-13,jsbsim-1.3.1-a320-coefficient-surrogate
522.0,32629.12504289551,30489.966884162863,10674.895761909103,237.18946393545326,0.7999980125100552,59621.20403508102,3,4,inbound-descent,32649.305394725994,31144.91658644039,10672.305203840562,230.1542,-90.0,-0.9956804921916612,0.0,6.743118253534927e-18,-0.8524410434086356,-90.00000000004847,-1.5707963267948963,-0.017377902885304046,-5.025087488609346e-20,1.0665789839204143e-15,5.178001979708048e-13,10733.59462998524,584684.2805506273,34139.24077781772,25161.104182423613,34139.24077781772,0.5398389405343867,11352.920627301559,0.0,2.9648854216224598e-08,1.409898060249013e-09,-2.2060088319052657e-06,pseudo_6dof_kinematic_bridge,a320.attitude_response_p6dof.v1,surrogate_policy_overlay,0.0,0,0.5220580811180697,-0.017377902885304046,-1.80885979208041e-20,0.019999999999988846,9.606751995004793e-14,jsbsim-1.3.1-a320-coefficient-surrogate
523.0,32629.12504289551,30252.81323392814,10670.774113897098,237.2231948031132,0.8000632670129861,59620.66476261618,3,4,inbound-descent,32649.305394725994,30914.76238644039,10668.305203840562,230.1542,-90.0,-0.9956804921916612,0.0,2.0828887994689246e-18,-0.8524410434086357,-90.00000000002002,-1.5707963267948963,-0.01737790288563358,-8.133634787186959e-20,-3.416867607737432e-18,4.965531827651062e-13,10742.837893886583,584678.99209431,34152.25841834448,25128.822259367094,34152.25841834448,0.5391959031036042,11352.193859072693,0.0,1.8387536244479202e-08,2.155865857685598e-09,-1.1104789187570928e-06,pseudo_6dof_kinematic_bridge,a320.attitude_response_p6dof.v1,surrogate_policy_overlay,0.0,0,0.5211298832567646,-0.01737790288563358,-7.405134000498324e-21,0.019999999999988822,4.6967187662307985e-14,jsbsim-1.3.1-a320-coefficient-surrogate
524.0,32629.12504289551,30015.62585791885,10666.651879742793,237.25616243311117,0.8001259327511091,59620.126139420434,3,4,inbound-descent,32649.305394725994,30684.608186440393,10664.305203840562,230.1542,-90.0,-0.9956804921916612,0.0,-6.764229424998436e-19,-0.8524410434086652,-89.99999999999928,-1.5707963267948963,-0.01737790288588073,-4.815907498629521e-20,-5.158121347312396e-16,3.6215873317863907e-13,10752.015145780068,584673.7100051474,34165.19601367141,25097.41009770099,34165.19601367141,0.5385701908219124,11351.566363627368,0.0,7.584639253769913e-09,2.0596299271638865e-09,-2.2691695439812755e-07,pseudo_6dof_kinematic_bridge,a320.attitude_response_p6dof.v1,surrogate_policy_overlay,0.0,0,0.5202223019926845,-0.01737790288588073,3.45192748682287e-22,0.019999999999988863,8.097729341546332e-15,jsbsim-1.3.1-a320-coefficient-surrogate
525.0,32629.12504289551,29778.40551925741,10662.529072709007,237.28838265390812,0.8001860637266992,59619.58814816715,3,4,inbound-descent,32649.305394725994,30454.453986440392,10660.305203840562,230.1542,-90.0,-0.9956804921916612,0.0,-1.275786291668164e-18,-0.8524410434086986,-89.99999999998792,-1.5707963267948963,-0.017377902886066093,-1.0460863858767607e-20,-5.831547338639485e-16,1.9807422399289162e-13,10761.12766788285,584668.4341132233,34178.05495188688,25066.849604420648,34178.05495188688,0.5379614432870139,11351.036444021098,0.0,-2.9523575995925995e-10,1.590203956975175e-09,3.2044746374612596e-07,pseudo_6dof_kinematic_bridge,a320.attitude_response_p6dof.v1,surrogate_policy_overlay,0.0,0,0.5193349025776672,-0.017377902886066093,2.870827832162929e-21,0.019999999999988926,-1.5481109157219066e-14,jsbsim-1.3.1-a320-coefficient-surrogate
526.0,32629.12504289551,29541.152965240166,10658.405705783502,237.31987096923504,0.8002437128308806,59619.05077189043,3,4,inbound-descent,32649.305394725994,30224.29978644039,10656.305203840562,230.1542,-90.0,-0.9956804921916612,0.0,-7.945125558901539e-19,-0.8524410434087223,-89.99999999998461,-1.5707963267948963,-0.017377902886205113,8.399811292699509e-21,-4.1341859096587033e-16,5.80115244222596e-14,10770.176717020917,584663.1642521592,34190.83659553482,25037.12305765596,34190.83659553482,0.5373693074893995,11350.602434218854,0.0,-4.608225935624148e-09,1.0806760976389211e-09,5.460874326145268e-07,pseudo_6dof_kinematic_bridge,a320.attitude_response_p6dof.v1,surrogate_policy_overlay,0.0,0,0.5184672592679899,-0.017377902886205113,2.199768495763233e-21,0.019999999999988975,-2.4762831797239405e-14,jsbsim-1.3.1-a320-coefficient-surrogate
527.0,32629.12504289551,29303.86892766208,10654.281791684627,237.3506425647058,0.8002989318663178,59618.51399397766,3,4,inbound-descent,32649.305394725994,29994.14558644039,10652.305203840562,230.1542,-90.0,-0.9956804921916612,0.0,-1.95705780594017e-19,-0.8524410434087332,-89.99999999998657,-1.5707963267948963,-0.01737790288630938,1.0451149812167432e-20,-1.8881899078353305e-16,-3.411062765659353e-14,10779.163525128633,584657.900259041,34203.542282078466,25008.213099082797,34203.542282078466,0.5367934376611874,11350.26269854069,0.0,-5.872800353510564e-09,7.276069045574702e-10,5.371085888246337e-07,pseudo_6dof_kinematic_bridge,a320.attitude_response_p6dof.v1,surrogate_policy_overlay,0.0,0,0.5176189551393056,-0.01737790288630938,7.733565862885878e-22,0.019999999999989002,-2.381437873364278e-14,jsbsim-1.3.1-a320-coefficient-surrogate
528.0,32629.12504289551,29066.554123134785,10650.15734286685,237.38071231429643,0.8003517715694458,59617.97779816233,3,4,inbound-descent,32649.305394725994,29763.99138644039,10648.305203840562,230.1542,-90.0,-0.9956804921916612,0.0,1.198838885813901e-19,-0.8524410434087341,-89.99999999999096,-1.5707963267948963,-0.017377902886387582,5.508078812390512e-21,-1.5461764950434204e-17,-7.684642346374531e-14,10788.089299738502,584652.6419743486,34216.17332435554,24980.102726489073,34216.17332435554,0.536233495128044,11350.01563111753,0.0,-5.123797523267244e-09,6.10121393723541e-10,3.992725044121133e-07,pseudo_6dof_kinematic_bridge,a320.attitude_response_p6dof.v1,surrogate_policy_overlay,0.0,0,0.5167895819053421,-0.017377902886387582,-1.447889394635237e-22,0.019999999999989006,-1.739390311781227e-14,jsbsim-1.3.1-a320-coefficient-surrogate
529.0,32629.12504289551,28829.20925339819,10646.032371526173,237.41009478669247,0.8004022816322474,59617.442168516834,3,4,inbound-descent,32649.305394725994,29533.837186440393,10644.305203840562,230.1542,-90.0,-0.9956804921916612,0.0,1.654031664778629e-19,-0.8524410434087298,-89.99999999999565,-1.5707963267948963,-0.01737790288644623,7.944612724237287e-22,7.316204069450086e-17,-8.161879562720968e-14,10796.955224461273,584647.3892418856,34228.73101102536,24952.775286494325,34228.73101102536,0.5356891481641621,11349.859655356457,0.0,-3.443989473566789e-09,6.303203168215099e-10,2.2418418391322017e-07,pseudo_6dof_kinematic_bridge,a320.attitude_response_p6dof.v1,surrogate_policy_overlay,0.0,0,0.5159787397403358,-0.01737790288644623,-3.8771240446368787e-22,0.019999999999989,-9.53827662120133e-15,jsbsim-1.3.1-a320-coefficient-surrogate
530.0,32629.12504289551,28591.835005625715,10641.906889605432,237.43880425150792,0.8004505107235875,59616.907089445616,3,4,inbound-descent,32649.305394725994,29303.68298644039,10640.305203840562,230.1542,-90.0,-0.9956804921916612,0.0,9.174153189945264e-20,-0.8524410434087247,-89.99999999999933,-1.5707963267948963,-0.017377902886490215,-1.285638055794164e-21,9.044389359384739e-17,-6.409420865323024e-14,10805.76245945659,584642.1419087119,34241.21660700772,24926.21446741776,34241.21660700772,0.5351600718501962,11349.793223415625,0.0,-1.6570870302307269e-09,6.899752107106416e-10,7.124032983684928e-08,pseudo_6dof_kinematic_bridge,a320.attitude_response_p6dof.v1,surrogate_policy_overlay,0.0,0,0.5151860371050792,-0.017377902886490215,-2.6272460465891484e-22,0.019999999999988992,-2.810388565669833e-15,jsbsim-1.3.1-a320-coefficient-surrogate
531.0,32629.12504289551,28354.432052723325,10637.780908799503,237.4668546853775,0.8004965065101142,59616.37254567827,3,4,inbound-descent,32649.305394725994,29073.52878644039,10636.305203840562,230.1542,-90.0,-0.9956804921916612,0.0,1.6266630018138876e-20,-0.8524410434087208,-90.00000000000152,-1.5707963267948963,-0.017377902886523206,-1.3172855404485877e-21,6.746790112525847e-17,-3.8513662600196226e-14,10814.512141894422,584636.8998250759,34253.63135391394,24900.4042922935,34253.63135391394,0.5346459479341304,11349.814815688616,0.0,-2.493406986937296e-10,7.497225200235359e-10,-3.187026200038721e-08,pseudo_6dof_kinematic_bridge,a320.attitude_response_p6dof.v1,surrogate_policy_overlay,0.0,0,0.5144110905765503,-0.017377902886523206,-7.6669587066666e-23,0.019999999999988985,1.6400627896317153e-15,jsbsim-1.3.1-a320-coefficient-surrogate
532.0,32629.12504289551,28117.001053622454,10633.654440560385,237.49425977792546,0.8005403156767328,59615.83852226289,3,4,inbound-descent,32649.305394725994,28843.37458644039,10632.305203840562,230.1542,-90.0,-0.9956804921916612,0.0,-1.8960676900146166e-20,-0.852441043408719,-90.00000000000237,-1.5707963267948963,-0.01737790288654795,-6.148324923346511e-22,3.2985963345129356e-17,-1.481737981714512e-14,10823.205386407368,584631.6628443494,34265.97647046998,24875.32911202868,34265.97647046998,0.5341464646949917,11349.922940297918,0.0,5.871399417091904e-10,8.293067827544881e-10,-8.058332491374977e-08,pseudo_6dof_kinematic_bridge,a320.attitude_response_p6dof.v1,surrogate_policy_overlay,0.0,0,0.513653524681024,-0.01737790288654795,2.997915555539796e-23,0.019999999999988978,3.672174711278786e-15,jsbsim-1.3.1-a320-coefficient-surrogate
533.0,32629.12504289551,27879.542653566983,10629.527496102197,237.5210329376135,0.8005819839466657,59615.30500455955,3,4,inbound-descent,32649.305394725994,28613.220386440393,10628.305203840562,230.1542,-90.0,-0.9956804921916612,0.0,-2.101986766730009e-20,-0.8524410434087186,-90.00000000000226,-1.5707963267948963,-0.01737790288656651,-3.5939658813503824e-23,5.0085879155668115e-18,2.0205522302232923e-15,10831.84328553412,584626.430822964,34278.253152932106,24850.97359870157,34278.253152932106,0.533661316809352,11350.116132597417,0.0,9.164107043052559e-10,8.497298029601951e-10,-8.8656775861102e-08,pseudo_6dof_kinematic_bridge,a320.attitude_response_p6dof.v1,surrogate_policy_overlay,0.0,0,0.5129129717305925,-0.01737790288656651,5.106763301761258e-23,0.019999999999988978,3.932246050748912e-15,jsbsim-1.3.1-a320-coefficient-surrogate
534.0,32629.12504289551,27642.057484394358,10625.400086406053,237.54718729746963,0.8006215561011023,59614.77197823386,3,4,inbound-descent,32649.305394725994,28383.066186440392,10624.305203840562,230.1542,-90.0,-0.9956804921916612,0.0,-1.0354822782683076e-20,-0.8524410434087192,-90.00000000000163,-1.5707963267948963,-0.017377902886580428,1.861401481095456e-22,-1.0224664705639087e-17,1.0881526467816785e-14,10840.426910154194,584621.2036203471,34290.46257549485,24827.322738997613,34290.46257549485,0.5331902052205783,11350.392954683863,0.0,8.679899869585102e-10,8.504031658832759e-10,-7.07166287930393e-08,pseudo_6dof_kinematic_bridge,a320.attitude_response_p6dof.v1,surrogate_policy_overlay,0.0,0,0.5121890716630471,-0.017377902886580428,3.0787092381847e-23,0.019999999999988978,3.0810930849141502e-15,jsbsim-1.3.1-a320-coefficient-surrogate
535.0,32629.12504289551,27404.546164810974,10621.272222224856,237.57273572070102,0.8006590759984503,59614.239429250716,3,4,inbound-descent,32649.305394725994,28152.91198644039,10620.305203840562,230.1542,-90.0,-0.9956804921916612,0.0,-1.0131947324471225e-21,-0.8524410434087201,-90.0000000000009,-1.5707963267948963,-0.017377902886590864,1.6304216697327564e-22,-1.3928401133786158e-17,1.3117824342695508e-14,10848.957309914098,584615.9810988614,34302.60589069175,24804.36182777957,34302.60589069175,0.532732837010753,11350.7519949169,0.0,6.248209087772532e-10,8.510723534551489e-10,-4.3081428512588054e-08,pseudo_6dof_kinematic_bridge,a320.attitude_response_p6dof.v1,surrogate_policy_overlay,0.0,0,0.5114814718850293,-0.017377902886590864,7.012688256161372e-24,0.019999999999988978,1.8384756957102855e-15,jsbsim-1.3.1-a320-coefficient-surrogate
536.0,32629.12504289551,27167.009300661965,10617.143914087987,237.59769080619304,0.8006945865931949,59613.70734386815,3,4,inbound-descent,32649.305394725994,27922.75778644039,10616.305203840562,230.1542,-90.0,-0.9956804921916612,0.0,2.8051888985443184e-21,-0.8524410434087206,-90.00000000000026,-1.5707963267948963,-0.01737790288659869,6.664336646505684e-23,-1.0895228179254408e-17,1.1125488176744958e-14,10857.435513645161,584610.7631237445,34314.68422978876,24782.07646178933,34314.68422978876,0.5322889252752185,11351.191867447742,0.0,3.4092426805223465e-10,8.31929598794596e-10,-1.7627208021651217e-08,pseudo_6dof_kinematic_bridge,a320.attitude_response_p6dof.v1,surrogate_policy_overlay,0.0,0,0.510789827118392,-0.01737790288659869,-5.106765856249881e-24,0.01999999999998898,7.187368138629911e-16,jsbsim-1.3.1-a320-coefficient-surrogate
537.0,32629.12504289551,26929.44748519548,10613.01517230589,237.62206489389655,0.8007281299543746,59613.17570863128,3,4,inbound-descent,32649.305394725994,27692.603586440393,10612.305203840562,230.1542,-90.0,-0.9956804921916612,0.0,2.6221458493464837e-21,-0.852441043408721,-89.99999999999983,-1.5707963267948963,-0.01737790288660456,-3.1947038813921798e-24,-5.831080331047409e-18,7.277343332389329e-15,10865.862529773149,584605.5495630489,34326.69870317063,24760.452533478987,34326.69870317063,0.5318581889996947,11351.711211756221,0.0,9.690678463087435e-11,8.325753022977465e-10,1.0867184423799972e-09,pseudo_6dof_kinematic_bridge,a320.attitude_response_p6dof.v1,surrogate_policy_overlay,0.0,0,0.5101137992497127,-0.01737790288660456,-6.582283153125676e-24,0.01999999999998898,-8.974815919911219e-17,jsbsim-1.3.1-a320-coefficient-surrogate
538.0,32629.12504289551,26691.861299321583,10608.886006974582,237.64587007010584,0.8007597472836812,59612.64451036645,3,4,inbound-descent,32649.305394725994,27462.449386440392,10608.305203840562,230.1542,-90.0,-0.9956804921916612,0.0,1.1377517803978962e-21,-0.852441043408721,-89.99999999999964,-1.5707963267948963,-0.017377902886608967,-2.5907563900228576e-23,-1.59617694889217e-18,3.3302327490989094e-15,10874.239346719802,584600.3402875852,34338.65040072025,24739.476224968177,34338.65040072025,0.5314403529399137,11352.308692196035,0.0,-6.015728610415207e-11,8.332171593875582e-10,1.0950955013158978e-08,pseudo_6dof_kinematic_bridge,a320.attitude_response_p6dof.v1,surrogate_policy_overlay,0.0,0,0.5094530571828868,-0.017377902886608967,-3.533184028756341e-24,0.01999999999998898,-5.042565540329671e-16,jsbsim-1.3.1-a320-coefficient-surrogate
539.0,32629.12504289551,26454.251311865868,10604.756427980055,237.66911817262985,0.8007894789331915,59612.113736175445,3,4,inbound-descent,32649.305394725994,27232.29518644039,10604.305203840562,230.1542,-90.0,-0.9956804921916612,0.0,1.9316418836966924e-24,-0.852441043408721,-89.99999999999963,-1.5707963267948963,-0.01737790288661227,-1.9823801127530834e-23,1.0379474795476378e-18,3.150061105115233e-16,10882.566933296552,584595.1351708649,34350.54039219124,24719.134002124723,34350.54039219124,0.5310351475037085,11352.98299754814,0.0,-1.3734333038073853e-10,8.338552442972973e-10,1.420146960841179e-08,pseudo_6dof_kinematic_bridge,a320.attitude_response_p6dof.v1,surrogate_policy_overlay,0.0,0,0.5088072766947315,-0.01737790288661227,-5.520645159845983e-25,0.01999999999998898,-6.305892250053905e-16,jsbsim-1.3.1-a320-coefficient-surrogate
540.0,32629.12504289551,26216.618079817905,10600.626445002594,237.691820795858,0.8008173644227391,59611.583373429785,3,4,inbound-descent,32649.305394725994,27002.14098644039,10600.305203840562,230.1542,-90.0,-0.9956804921916612,0.0,-3.9665171261660878e-22,-0.8524410434087208,-89.9999999999997,-1.5707963267948963,-0.017377902886614748,-6.956591879674088e-24,1.7009564001934524e-18,-1.4149456281913534e-15,10890.846239090453,584589.9340890453,34362.36972757373,24699.41260876696,34362.36972757373,0.5306423086355276,11353.732840582008,0.0,-1.3809100146646404e-10,8.344896297872007e-10,1.170943252522335e-08,pseudo_6dof_kinematic_bridge,a320.attitude_response_p6dof.v1,surrogate_policy_overlay,0.0,0,0.5081761402935567,-0.017377902886614748,7.904890633099588e-25,0.01999999999998898,-5.099801594618951e-16,jsbsim-1.3.1-a320-coefficient-surrogate
541.0,32629.12504289551,25978.962148574625,10596.496067521006,237.71398929572388,0.8008434424569315,59611.05340976524,3,4,inbound-descent,32649.305394725994,26771.98678644039,10596.305203840562,230.1542,-90.0,-0.9956804921916612,0.0,-3.213028756910526e-22,-0.8524410434087207,-89.99999999999982,-1.5707963267948963,-0.017377902886616607,1.3150852918992366e-24,1.4178298770981502e-18,-2.0470749572114235e-15,10899.078194842583,584584.7369208743,34374.13943745363,24680.29906098395,34374.13943745363,0.5302615777032964,11354.55695762478,0.0,-1.1667143595340204e-10,8.351203871734689e-10,8.627431255876398e-09,pseudo_6dof_kinematic_bridge,a320.attitude_response_p6dof.v1,surrogate_policy_overlay,0.0,0,0.5075593370806161,-0.017377902886616607,8.32328043769616e-25,0.01999999999998898,-3.6972781633776994e-16,jsbsim-1.3.1-a320-coefficient-surrogate
542.0,32629.12504289551,25741.284052178744,10592.36530481677,237.73563479456743,0.8008677509418227,59610.523833076375,3,4,inbound-descent,32649.305394725994,26541.832586440392,10592.305203840562,230.1542,-90.0,-0.9956804921916612,0.0,-1.2089172510112109e-22,-0.8524410434087207,-89.99999999999993,-1.5707963267948963,-0.017377902886618002,3.497834435504481e-24,6.805583410071121e-19,-1.904825462389171e-15,10907.263712818978,584579.5435476385,34385.850533365396,24661.780641572837,34385.850533365396,0.5298927013876126,11355.454108137972,0.0,-6.852416488154436e-11,8.357475863566896e-10,4.0220639099197435e-09,pseudo_6dof_kinematic_bridge,a320.attitude_response_p6dof.v1,surrogate_policy_overlay,0.0,0,0.5069565626144169,-0.017377902886618002,3.96254133554744e-25,0.01999999999998898,-1.6680695923694214e-16,jsbsim-1.3.1-a320-coefficient-surrogate
543.0,32629.12504289551,25503.584313552317,10588.23416597809,237.75676818589926,0.8008903270012453,59609.99463151122,3,4,inbound-descent,32649.305394725994,26311.67838644039,10588.305203840562,230.1542,-90.0,-0.9956804921916612,0.0,1.47351953684622e-23,-0.8524410434087207,-90.00000000000001,-1.5707963267948963,-0.017377902886619046,2.367136316534722e-24,3.266680036834138e-19,-1.3323655098767385e-15,10915.403687174326,584574.3538531095,34397.504008138414,24643.844894588994,34397.504008138414,0.5295354315731885,11356.423074301776,0.0,-2.0368982280094387e-11,8.363712958497032e-10,5.585403691773435e-11,pseudo_6dof_kinematic_bridge,a320.attitude_response_p6dof.v1,surrogate_policy_overlay,0.0,0,0.5063675187777859,-0.017377902886619046,2.911741297017579e-26,0.01999999999998898,5.138744910192845e-18,jsbsim-1.3.1-a320-coefficient-surrogate
544.0,32629.12504289551,25265.86344472553,10584.102659903872,237.77740013906796,0.8009112069928116,59609.465793466064,3,4,inbound-descent,32649.305394725994,26081.52418644039,10584.305203840562,230.1542,-90.0,-0.9956804921916612,0.0,5.422305337489933e-23,-0.8524410434087207,-90.00000000000006,-1.5707963267948963,-0.01737790288661983,6.891931367723321e-25,1.5680064176803863e-19,-6.853772326660816e-16,10923.498994308513,584569.167723494,34409.10083623722,24626.479620008075,34409.10083623722,0.5291895252425218,11357.462660606703,0.0,9.980494289056935e-13,8.369915828049238e-10,-1.1195339061947802e-09,pseudo_6dof_kinematic_bridge,a320.attitude_response_p6dof.v1,surrogate_policy_overlay,0.0,0,0.5057919136476668,-0.01737790288661983,-1.150255675938116e-25,0.01999999999998898,5.3294620385705576e-17,jsbsim-1.3.1-a320-coefficient-surrogate
545.0,32629.12504289551,25028.121947060834,10579.970795307621,237.7975411038327,0.8009304265235886,59608.937307580374,3,4,inbound-descent,32649.305394725994,25851.36998644039,10580.305203840562,230.1542,-90.0,-0.9956804921916612,0.0,3.8672983099081856e-23,-0.8524410434087207,-90.00000000000006,-1.5707963267948963,-0.017377902886620417,-2.713999252295177e-25,7.526430804865855e-20,-1.6146181575273042e-16,10931.550493216177,584563.985047383,34420.6419740955,24609.672868497124,34420.6419740955,0.5288547443717391,11358.571693452512,0.0,1.9726886474060645e-11,8.376085130411227e-10,-2.2130740643965253e-09,pseudo_6dof_kinematic_bridge,a320.attitude_response_p6dof.v1,surrogate_policy_overlay,0.0,0,0.5052294613675854,-0.017377902886620417,-1.0304329134510257e-25,0.01999999999998898,9.846936287328932e-17,jsbsim-1.3.1-a320-coefficient-surrogate
546.0,32629.12504289551,24790.360311472497,10575.838580721256,237.81720131484335,0.8009480204654543,59608.40916273175,3,4,inbound-descent,32649.305394725994,25621.215786440393,10576.305203840562,230.1542,-90.0,-0.9956804921916612,0.0,1.2282592657209735e-23,-0.8524410434087207,-90.00000000000006,-1.5707963267948963,-0.017377902886620857,-4.605992040975097e-25,3.61268678633561e-20,1.8442813313123778e-16,10939.5590258294,584558.8057157033,34432.12836044422,24593.412936292407,34432.12836044422,0.5285308558285655,11359.749020754178,0.0,2.0584702030570087e-11,8.382221510696867e-10,-1.783713960360106e-09,pseudo_6dof_kinematic_bridge,a320.attitude_response_p6dof.v1,surrogate_policy_overlay,0.0,0,0.5046798820227182,-0.017377902886620857,-4.2907574846667166e-26,0.01999999999998898,7.751274619675528e-17,jsbsim-1.3.1-a320-coefficient-surrogate
547.0,32629.12504289551,24552.57901864168,10571.706024498848,237.83639079602924,0.8009640229701419,59607.88134803106,3,4,inbound-descent,32649.305394725994,25391.06158644039,10572.305203840562,230.1542,-90.0,-0.9956804921916612,0.0,-3.607115020100781e-24,-0.8524410434087207,-90.00000000000004,-1.5707963267948963,-0.017377902886621187,-2.7732771614848917e-25,1.7340896574410926e-20,3.2176338746800253e-16,10947.525417353694,584553.6296216687,34443.560916633665,24577.688360182085,34443.560916633665,0.5282176312723821,11360.993511554974,0.0,1.968131453545135e-11,8.388325601203613e-10,-1.4884663608528934e-09,pseudo_6dof_kinematic_bridge,a320.attitude_response_p6dof.v1,surrogate_policy_overlay,0.0,0,0.5041429015175286,-0.017377902886621187,1.5083326358532968e-27,0.01999999999998898,6.367714824139654e-17,jsbsim-1.3.1-a320-coefficient-surrogate
548.0,32629.12504289551,24314.77853922714,10567.573134820284,237.85511936489945,0.8009784674839777,59607.353852817636,3,4,inbound-descent,32649.305394725994,25160.90738644039,10568.305203840562,230.1542,-90.0,-0.9956804921916612,0.0,-7.214658737938203e-24,-0.8524410434087207,-90.00000000000001,-1.5707963267948963,-0.017377902886621437,-6.296351578590031e-26,8.323630355717244e-21,3.432349226118764e-16,10955.45047659738,584548.456660734,34454.94054694985,24562.48791259118,34454.94054694985,0.5279148470563213,11362.304055646331,0.0,1.8794277085027218e-11,8.394398021664905e-10,-1.3674241052672923e-09,pseudo_6dof_kinematic_bridge,a320.attitude_response_p6dof.v1,surrogate_policy_overlay,0.0,0,0.5036182514558989,-0.017377902886621437,1.6363690409771607e-26,0.01999999999998898,5.818373806792596e-17,jsbsim-1.3.1-a320-coefficient-surrogate
549.0,32629.12504289551,24076.95933407159,10563.43991969485,237.87339663675561,0.8009913867623197,59606.826666654575,3,4,inbound-descent,32649.305394725994,24930.75318644039,10564.305203840562,230.1542,-90.0,-0.9956804921916612,0.0,-4.569358889464774e-24,-0.8524410434087207,-90.0,-1.5707963267948963,-0.017377902886621624,4.616919205836844e-26,3.995342570744277e-21,2.4551189649426005e-16,10963.334996294547,584543.2867305481,34466.268138925174,24547.80059676693,34466.268138925174,0.5276222841313624,11363.679563194448,0.0,8.594725258923733e-13,8.400439379497618e-10,2.805182910460191e-10,pseudo_6dof_kinematic_bridge,a320.attitude_response_p6dof.v1,surrogate_policy_overlay,0.0,0,0.5031056690237208,-0.017377902886621624,1.2826203658140078e-26,0.01999999999998898,-1.3729396913839019e-17,jsbsim-1.3.1-a320-coefficient-surrogate
550.0,32629.12504289551,23839.121854403907,10559.306386964747,237.89123202881916,0.8010028128837022,59606.299779324116,3,4,inbound-descent,32649.305394725994,24700.598986440393,10560.305203840562,230.1542,-90.0,-0.9956804921916612,0.0,-1.1684345440389875e-24,-0.8524410434087207,-89.99999999999999,-1.5707963267948963,-0.017377902886621763,5.935732743891293e-26,1.917764433957253e-21,1.363954980523667e-16,10971.179753421638,584538.1197309089,34477.54456364349,24533.6156420626,34477.54456364349,0.5273397279523866,11365.118964373542,0.0,-2.1677408511050296e-14,8.406450270044636e-10,2.0589010628864025e-10,pseudo_6dof_kinematic_bridge,a320.attitude_response_p6dof.v1,surrogate_policy_overlay,0.0,0,0.5026048968738901,-0.017377902886621763,4.767359979699851e-27,0.01999999999998898,-9.820475869134364e-18,jsbsim-1.3.1-a320-coefficient-surrogate
551.0,32629.12504289551,23601.26654203716,10555.172544308532,237.9086347642751,0.8010127772636928,59605.77318082316,3,4,inbound-descent,32649.305394725994,24470.444786440392,10556.305203840562,230.1542,-90.0,-0.9956804921916612,0.0,6.547910215478225e-25,-0.8524410434087207,-89.99999999999999,-1.5707963267948963,-0.017377902886621867,3.1821289126025655e-26,9.205269282994815e-22,2.0949448319208336e-17,10978.985509507864,584532.9555637195,34488.77067603967,24519.922499317356,34488.77067603967,0.5270669683861482,11366.621209005621,0.0,-9.028041632576162e-13,8.412431276812707e-10,1.215907942753203e-10,pseudo_6dof_kinematic_bridge,a320.attitude_response_p6dof.v1,surrogate_policy_overlay,0.0,0,0.5021156830136535,-0.017377902886621867,-5.087516306349614e-28,0.01999999999998898,-5.455819931458631e-18,jsbsim-1.3.1-a320-coefficient-surrogate
552.0,32629.12504289551,23363.39382956263,10551.038399244493,237.92561387623337,0.8010213106684673,59605.24686135884,3,4,inbound-descent,32649.305394725994,24240.29058644039,10552.305203840562,230.1542,-90.0,-0.9956804921916612,0.0,9.382414994981352e-25,-0.8524410434087207,-89.99999999999999,-1.5707963267948963,-0.017377902886621943,4.947144106584545e-27,4.418529255837512e-22,-4.3187245976990755e-17,10986.753010939512,584527.7941329447,34499.94731519384,24506.71083633085,34499.94731519384,0.5268037996211297,11368.185266206609,0.0,-8.931087563072559e-13,8.418382971705619e-10,2.4723523412062266e-11,pseudo_6dof_kinematic_bridge,a320.attitude_response_p6dof.v1,surrogate_policy_overlay,0.0,0,0.5016377806942702,-0.017377902886621943,-1.9530132282015233e-27,0.01999999999998898,-8.379779421322966e-19,jsbsim-1.3.1-a320-coefficient-surrogate
553.0,32629.12504289551,23125.504140539848,10546.903959133944,237.9421782116105,0.801028443228109,59604.72081134419,3,4,inbound-descent,32649.305394725994,24010.13638644039,10548.305203840562,230.1542,-90.0,-0.9956804921916612,0.0,5.292350212192548e-25,-0.8524410434087207,-89.99999999999999,-1.5707963267948963,-0.017377902886622002,-7.138509707953134e-27,2.1208940428020056e-22,-7.881874280821246e-17,10994.482989258311,584522.6353445685,34511.07530462028,24493.97053342944,34511.07530462028,0.5265500200792241,11369.810124038755,0.0,-8.878891228000704e-13,8.424305915252802e-10,-2.91607420455826e-11,pseudo_6dof_kinematic_bridge,a320.attitude_response_p6dof.v1,surrogate_policy_overlay,0.0,0,0.5011709483029161,-0.017377902886622002,-1.2738189559506424e-27,0.01999999999998898,1.7274898297156672e-18,jsbsim-1.3.1-a320-coefficient-surrogate
554.0,32629.12504289551,22887.597889682773,10542.769231184473,237.95833643493165,0.801034204449637,59604.19502139389,3,4,inbound-descent,32649.305394725994,23779.982186440393,10544.305203840562,230.1542,-90.0,-0.9956804921916612,0.0,9.941378399455028e-26,-0.8524410434087207,-89.99999999999999,-1.5707963267948963,-0.017377902886622047,-7.501795784566708e-27,1.0180291405449627e-22,-9.861401882555787e-17,11002.176161453921,584517.4791065524,34522.15545255114,24481.691679123756,34522.15545255114,0.5263054323292361,11371.494789169228,0.0,-8.851774397683073e-13,8.430200656833452e-10,-5.91481216443537e-11,pseudo_6dof_kinematic_bridge,a320.attitude_response_p6dof.v1,surrogate_policy_overlay,0.0,0,0.500714949256823,-0.017377902886622047,-2.1931202673288442e-28,0.01999999999998898,3.1527497029645354e-18,jsbsim-1.3.1-a320-coefficient-surrogate
555.0,32629.12504289551,22649.675483042138,10538.634222453098,237.97409703205628,0.8010386232297699,59603.669482320154,3,4,inbound-descent,32649.305394725994,23549.827986440392,10540.305203840562,230.1542,-90.0,-0.9956804921916612,0.0,-1.0487278203114439e-25,-0.8524410434087207,-89.99999999999999,-1.5707963267948963,-0.017377902886622082,-3.565473194741159e-27,4.886539874615821e-23,-1.0961139439074976e-16,11009.833230250739,584512.3253287949,34533.188552215055,24469.864565854245,34533.188552215055,0.5260698430021354,11373.238286534746,0.0,-8.838707524772905e-13,8.436067734896291e-10,-7.584975075040941e-11,pseudo_6dof_kinematic_bridge,a320.attitude_response_p6dof.v1,surrogate_policy_overlay,0.0,0,0.50026955189957,-0.017377902886622082,3.9536307909699517e-28,0.01999999999998898,3.944560743658352e-18,jsbsim-1.3.1-a320-coefficient-surrogate
556.0,32629.12504289551,22411.737318184103,10534.498939849382,237.98946831382804,0.8010417278674294,59603.144185128636,3,4,inbound-descent,32649.305394725994,23319.67378644039,10536.305203840562,230.1542,-90.0,-0.9956804921916612,0.0,-1.195669898732676e-25,-0.8524410434087207,-90.0,-1.5707963267948963,-0.017377902886622106,-2.5646230781742127e-28,2.345539139815594e-23,-1.1572104748252303e-16,11017.454884389044,584507.1739230917,34544.175382110814,24458.479685823368,34544.175382110814,0.5258430627080369,11375.039659012109,0.0,-8.833510232808255e-13,8.441907677174983e-10,-8.516498078711153e-11,pseudo_6dof_kinematic_bridge,a320.attitude_response_p6dof.v1,surrogate_policy_overlay,0.0,0,0.4998345293994962,-0.017377902886622106,5.231480310832659e-28,0.01999999999998898,4.384455766266027e-18,jsbsim-1.3.1-a320-coefficient-surrogate
557.0,32629.12504289551,22173.783784365234,10530.36339013847,238.00445841965012,0.8010435460759897,59602.61912101445,3,4,inbound-descent,32649.305394725994,23089.51958644039,10532.305203840562,230.1542,-90.0,-0.9956804921916612,0.0,-5.994450976999076e-26,-0.8524410434087207,-90.0,-1.5707963267948963,-0.017377902886622124,1.0406085860069895e-27,1.125858787111485e-23,-6.42894708236239e-17,11025.041798900638,584502.0248030964,34555.11670627597,24447.527726913708,34555.11670627597,0.5256249059548914,11376.89796709468,0.0,1.0766672204549166e-14,8.447721000899345e-10,-9.752590337658566e-11,pseudo_6dof_kinematic_bridge,a320.attitude_response_p6dof.v1,surrogate_policy_overlay,0.0,0,0.4994096596502158,-0.017377902886622124,4.113045802317101e-28,0.01999999999998898,4.628841889936958e-18,jsbsim-1.3.1-a320-coefficient-surrogate
558.0,32629.12504289551,21935.81526270393,10526.227579944063,238.01907532098875,0.8010441049952776,59602.09428135827,3,4,inbound-descent,32649.305394725994,22859.36538644039,10528.305203840562,230.1542,-90.0,-0.9956804921916612,0.0,-6.606698941765536e-27,-0.8524410434087207,-90.0,-1.5707963267948963,-0.017377902886622137,9.30920414758414e-28,5.404122178135128e-24,-3.5716372679791055e-17,11032.594635379128,584496.8778842821,34566.01327455079,24436.999568688312,34566.01327455079,0.525415191068815,11378.81228857451,0.0,6.021372614806664e-15,8.453508213002437e-10,-5.421846104793064e-11,pseudo_6dof_kinematic_bridge,a320.attitude_response_p6dof.v1,surrogate_policy_overlay,0.0,0,0.4989947251731449,-0.017377902886622137,2.7617305759817454e-28,0.01999999999998898,2.571578823580993e-18,jsbsim-1.3.1-a320-coefficient-surrogate
559.0,32629.12504289551,21697.832126348323,10522.09151575135,238.03332682480521,0.8010434312033288,59601.56965772251,3,4,inbound-descent,32649.305394725994,22629.211186440392,10524.305203840562,230.1542,-90.0,-0.9956804921916612,0.0,1.5640163441569627e-26,-0.8524410434087207,-90.0,-1.5707963267948963,-0.017377902886622148,3.8828099682727145e-28,2.5939786455048615e-24,-1.9842429266550585e-17,11040.114042244852,584491.7330839045,34576.865822837346,24426.886278473125,34576.865822837346,0.5252137401160526,11380.781718230086,0.0,3.366884652868938e-15,8.459269810323565e-10,-3.014205194250155e-11,pseudo_6dof_kinematic_bridge,a320.attitude_response_p6dof.v1,surrogate_policy_overlay,0.0,0,0.4985895130220407,-0.017377902886622148,2.0608695126744443e-28,0.01999999999998898,1.4286548978276792e-18,jsbsim-1.3.1-a320-coefficient-surrogate
560.0,32629.12504289551,21459.83474064076,10517.955203909853,238.04722057691848,0.8010415507279047,59601.04524184757,3,4,inbound-descent,32649.305394725994,22399.05698644039,10520.305203840562,230.1542,-90.0,-0.9956804921916612,0.0,1.4954810078220052e-26,-0.8524410434087207,-90.0,-1.5707963267948963,-0.017377902886622155,-1.1961672730067119e-29,1.2451097498423334e-24,-1.1023571814750324e-17,11047.600655004671,584486.5903209645,34587.67507335401,24417.179107518972,34587.67507335401,0.5250203788265287,11382.805367519664,0.0,1.882272068623423e-15,8.46500627980734e-10,-1.675702406616089e-11,pseudo_6dof_kinematic_bridge,a320.attitude_response_p6dof.v1,surrogate_policy_overlay,0.0,0,0.498193814689486,-0.017377902886622155,1.9673004823850837e-28,0.01999999999998898,7.936971612980603e-19,jsbsim-1.3.1-a320-coefficient-surrogate
561.0,32629.12504289551,21221.823463278928,10513.818650636233,238.06076406529903,0.8010384890577747,59600.52102564817,3,4,inbound-descent,32649.305394725994,22168.90278644039,10516.305203840562,230.1542,-90.0,-0.9956804921916612,0.0,6.61441427534517e-27,-0.8524410434087207,-90.0,-1.5707963267948963,-0.01737790288662216,-1.455673676796826e-28,5.9765267992432e-25,-6.1242065637501794e-18,11055.055096506638,584481.4495161728,34598.441734885295,24407.869487242468,34598.441734885295,0.524834936518966,11384.882364280122,0.0,1.0521084844926912e-15,8.470718098698803e-10,-9.315784904804972e-12,pseudo_6dof_kinematic_bridge,a320.attitude_response_p6dof.v1,surrogate_policy_overlay,0.0,0,0.49780742601530525,-0.01737790288662216,2.136966888392073e-28,0.01999999999998898,4.409428632260499e-19,jsbsim-1.3.1-a320-coefficient-surrogate
562.0,32629.12504289551,20983.798644473674,10509.681862017032,238.07396462329672,0.8010342711537692,59599.99700120978,3,4,inbound-descent,32649.305394725994,21938.74858644039,10512.305203840562,230.1542,-90.0,-0.9956804921916612,0.0,1.1246801186032866e-28,-0.8524410434087207,-90.0,-1.5707963267948963,-0.017377902886622165,-1.1348037008555326e-28,2.868732863636736e-25,-3.402336979861211e-18,11062.4779771897,584476.3105919139,34609.16650302735,24398.949025542533,34609.16650302735,0.5246572460275142,11387.01185243093,0.0,5.879833201593837e-16,8.476405734734771e-10,-5.178935680468692e-12,pseudo_6dof_kinematic_bridge,a320.attitude_response_p6dof.v1,surrogate_policy_overlay,0.0,0,0.49743014709683464,-0.017377902886622165,2.3068630605156652e-28,0.01999999999998898,2.449682531860442e-19,jsbsim-1.3.1-a320-coefficient-surrogate
563.0,32629.12504289551,20745.760627103602,10505.544844011363,238.08682943280246,0.8010289214596075,59599.473160785055,3,4,inbound-descent,32649.305394725994,21708.594386440393,10508.305203840562,230.1542,-90.0,-0.9956804921916612,0.0,-2.2241333534503768e-27,-0.8524410434087207,-90.0,-1.5707963267948963,-0.01737790288662217,-4.0781387131266626e-29,1.3769917745456332e-25,-1.890187211034006e-18,11069.869895328487,584471.1734722129,34619.850060428915,24390.409503192706,34619.850060428915,0.5244871436298867,11389.192991683522,0.0,3.285474739324038e-16,8.482069646331387e-10,-2.879122296086227e-12,pseudo_6dof_kinematic_bridge,a320.attitude_response_p6dof.v1,surrogate_policy_overlay,0.0,0,0.4970617822010472,-0.01737790288662217,2.3848125575464563e-28,0.01999999999998898,1.360934698304854e-19,jsbsim-1.3.1-a320-coefficient-surrogate
564.0,32629.12504289551,20507.709746866505,10501.407602453537,238.09936552734575,0.8010224639125051,59598.94949679045,3,4,inbound-descent,32649.305394725994,21478.44018644039,10504.305203840562,230.1542,-90.0,-0.9956804921916612,0.0,-1.837204931523503e-27,-0.8524410434087207,-90.0,-1.5707963267948963,-0.017377902886622172,6.753174932169765e-30,6.609560517819039e-26,-1.0501040061300034e-18,11077.231437273329,584466.0380827,34630.49307702799,24382.242870307065,34630.49307702799,0.524324468976963,11391.424957255833,0.0,1.83553269822336e-16,8.487710282768034e-10,-1.600583222441624e-12,pseudo_6dof_kinematic_bridge,a320.attitude_response_p6dof.v1,surrogate_policy_overlay,0.0,0,0.4967021396784783,-0.017377902886622172,2.388358074069755e-28,0.01999999999998898,7.56074790773972e-20,jsbsim-1.3.1-a320-coefficient-surrogate
565.0,32629.12504289551,20269.646332427714,10497.27014305564,238.11157979512996,0.8010149219535657,59598.42600180277,3,4,inbound-descent,32649.305394725994,21248.28598644039,10500.305203840562,230.1542,-90.0,-0.9956804921916612,0.0,-7.066273126071996e-28,-0.8524410434087207,-90.0,-1.5707963267948963,-0.017377902886622172,1.9732301899447224e-29,3.172589048553138e-26,-5.833911145166686e-19,11084.563177685559,584460.9043505791,34641.096210284246,24374.44124287732,34641.096210284246,0.5241690650238107,11393.706939591859,0.0,1.0253194034108463e-16,8.493328084367636e-10,-8.898052767280331e-13,pseudo_6dof_kinematic_bridge,a320.attitude_response_p6dof.v1,surrogate_policy_overlay,0.0,0,0.4963510318788974,-0.017377902886622172,2.3639417092986445e-28,0.01999999999998898,4.2004150881237095e-20,jsbsim-1.3.1-a320-coefficient-surrogate
566.0,32629.12504289551,20031.570705565395,10493.132471410068,238.12347898200503,0.8010063185379613,59597.90266855594,4,5,inbound-level,32649.305394725994,21018.131786440375,10500.0,230.1542,-90.0,0.0,0.0,7.18313150090731e-29,-0.8524410434087207,-90.0,-1.5707963267948963,-0.017377902886622172,1.3586666142460415e-29,1.5228427433055062e-26,-3.2410617473148255e-19,11091.86567976822,584455.772204594,34651.66010540728,24366.99689938167,34651.66010540728,0.5240207779621344,11396.038144086131,0.0,5.726528581409039e-17,8.498923482673423e-10,-4.946639620890613e-13,pseudo_6dof_kinematic_bridge,a320.attitude_response_p6dof.v1,surrogate_policy_overlay,0.0,0,0.4960082750687353,-0.017377902886622172,2.3429642169921756e-28,0.01999999999998898,2.3335635216703706e-20,jsbsim-1.3.1-a320-coefficient-surrogate
567.0,32629.12504289551,19793.467451341407,10490.028994256956,238.08885389754215,0.8008533777840923,59597.37948993769,4,5,inbound-level,32649.305394725994,20787.97758644038,10500.0,230.1542,-90.0,0.0,0.0,3.0538320571152066e-28,-0.5072718061156114,-90.0,-1.5707963267948963,-0.013033427164966629,4.076249467015642e-30,0.0060243396673623556,-1.8005898596193474e-19,11093.291336392838,584450.6415749975,34654.12918645614,24401.263312552328,34654.12918645614,0.524703345300171,11383.043216827704,0.0,3.138869727835675e-17,-15335.992818211775,-2.7484510317956003e-13,pseudo_6dof_kinematic_bridge,a320.attitude_response_p6dof.v1,surrogate_policy_overlay,0.0,0,0.4969080691871537,-0.013033427164966629,2.3345531383810017e-28,0.021390232230918755,1.2964237625296265e-20,jsbsim-1.3.1-a320-coefficient-surrogate
568.0,32629.12504289551,19555.38997228647,10487.701696018321,238.02026851475046,0.800595341628059,59596.8554231839,4,5,inbound-level,32649.305394725994,20557.823386440377,10500.0,230.1542,-90.0,0.0,0.0,2.217104643636369e-28,-0.11608000385008767,-90.0,-1.5707963267948963,-0.009775070373724971,-1.46036483069017e-30,0.0068275849563440025,-1.0003276997885262e-19,11090.391585509193,584445.5022357664,34650.62953966135,24492.07667151977,34650.62953966135,0.5265122954339322,11379.699162046018,0.0,1.6960956454022146e-17,-9431.988003185628,-1.5264793383514412e-13,pseudo_6dof_kinematic_bridge,a320.attitude_response_p6dof.v1,surrogate_policy_overlay,0.0,0,0.4990828215611996,-0.009775070373724971,2.3350963054775675e-28,0.020667311470835274,7.202350074514352e-21,jsbsim-1.3.1-a320-coefficient-surrogate
569.0,32629.12504289551,19317.376100299818,10485.95671299365,237.9273943287302,0.8002624658144579,59596.329392515734,4,5,inbound-level,32649.305394725994,20327.669186440377,10500.0,230.1542,-90.0,0.0,0.0,7.233183669490758e-29,0.16158947148348013,-90.0,-1.5707963267948963,-0.0073313027802937285,-2.6071488849300276e-30,0.004846246576855938,-5.557376109936256e-20,11084.35576449806,584440.3436371144,34642.79403181252,24608.219073511496,34642.79403181252,0.5288257856077024,11383.49875704592,0.0,9.0620035498067e-18,-3328.978720455535,-8.475531309870103e-14,pseudo_6dof_kinematic_bridge,a320.attitude_response_p6dof.v1,surrogate_policy_overlay,0.0,0,0.5018163604903441,-0.0073313027802937285,2.338479243061202e-28,0.020088974862768488,4.001301435191068e-21,jsbsim-1.3.1-a320-coefficient-surrogate
570.0,32629.12504289551,19079.452302621256,10484.648481260027,237.8171974699035,0.7998764693761754,59595.800931064034,4,5,inbound-level,32649.305394725994,20097.514986440376,10500.0,230.1542,-90.0,0.0,0.0,-1.9130427865555945e-29,0.28850947844073893,-90.0,-1.5707963267948963,-0.005498477085220296,-1.5963176579102128e-30,0.002215172008058276,-3.087431172186809e-20,11076.050450533861,584435.1612006191,34631.81545346181,24742.296911616548,34631.81545346181,0.531496539403534,11392.566012763433,0.0,4.7962314483128574e-18,751.6169575241682,-4.7049032904258725e-14,pseudo_6dof_kinematic_bridge,a320.attitude_response_p6dof.v1,surrogate_policy_overlay,0.0,0,0.5049440449575725,-0.005498477085220296,2.3410236757908416e-28,0.019780528671799535,2.2229410800114658e-21,jsbsim-1.3.1-a320-coefficient-surrogate
571.0,32629.12504289551,18841.637127332287,10483.667759731687,237.69488316120123,0.7994535737845819,59595.26971008424,4,5,inbound-level,32649.305394725994,19867.36078644038,10500.0,230.1542,-90.0,0.0,0.0,-4.0779905367875377e-29,0.29907080483218634,-90.0,-1.5707963267948963,-0.0041238578139152215,-3.778546637519124e-31,0.00018432991890852913,-1.7152395401037828e-20,11066.124392405767,584429.9517023977,34618.58779411606,24888.80592771103,34618.58779411606,0.5344149151499518,11405.475207883246,0.0,2.5176043425173052e-18,2446.8673303493383,-2.611367490036934e-14,pseudo_6dof_kinematic_bridge,a320.attitude_response_p6dof.v1,surrogate_policy_overlay,0.0,0,0.5083434752621752,-0.0041238578139152215,2.341896397426362e-28,0.01970855789390678,1.2349631049116868e-21,jsbsim-1.3.1-a320-coefficient-surrogate
572.0,32629.12504289551,18603.94338106354,10482.932595977843,237.56433635191158,0.7990058802643482,59594.735503546624,4,5,inbound-level,32649.305394725994,19637.206586440378,10500.0,230.1542,-90.0,0.0,0.0,-2.6268107086088013e-29,0.2501187047363425,-90.0,-1.5707963267948963,-0.003092893360436416,2.5327866040244536e-31,-0.000854375322438306,-9.529108556132126e-21,11055.062651477623,584424.7129258555,34603.77998603337,25043.648996568103,34603.77998603337,0.5374993004574193,11421.148077254751,0.0,1.3115361002816752e-18,2410.7859063093356,-1.4492313957158775e-14,pseudo_6dof_kinematic_bridge,a320.attitude_response_p6dof.v1,surrogate_policy_overlay,0.0,0,0.5119236629801737,-0.003092893360436416,2.3417112959597003e-28,0.019775045183960085,6.860864520784764e-22,jsbsim-1.3.1-a320-coefficient-surrogate
573.0,32629.12504289551,18366.379683862626,10482.381525603116,237.42845222621054,0.7985424021016748,59594.19816178954,4,5,inbound-level,32649.305394725994,19407.052386440377,10500.0,230.1542,-90.0,0.0,0.0,-6.960419682498096e-30,0.18957022129315812,-90.0,-1.5707963267948963,-0.002319670020327312,3.369827161384793e-31,-0.0010567703931728407,-5.2939491978511815e-21,11043.22738764283,584419.4434033134,34587.89171529092,25203.77883442273,34587.89171529092,0.5406889951774452,11438.772317021263,0.0,6.782706744918081e-19,1557.5760206258033,-8.042174011411805e-15,pseudo_6dof_kinematic_bridge,a320.attitude_response_p6dof.v1,surrogate_policy_overlay,0.0,0,0.515617023940507,-0.002319670020327312,2.341256219701717e-28,0.019884943419409024,3.8115497828224827e-22,jsbsim-1.3.1-a320-coefficient-surrogate
574.0,32629.12504289551,18128.951590953282,10481.96845906454,237.28938408337652,0.7980698384575909,59593.65759188022,4,5,inbound-level,32649.305394725994,19176.898186440376,10500.0,230.1542,-90.0,0.0,0.0,3.567498236778177e-30,0.14444561477022083,-90.0,-1.5707963267948963,-0.001739752515245484,1.8374683107108156e-31,-0.0007875729574921657,-2.9410828876951007e-21,11030.88854225896,584414.1422234122,34571.295544898414,25366.93243138198,34571.295544898414,0.5439389214481917,11457.738021093333,0.0,3.4820486252065356e-19,608.7527990924516,-4.462561590651036e-15,pseudo_6dof_kinematic_bridge,a320.attitude_response_p6dof.v1,surrogate_policy_overlay,0.0,0,0.5193734372187021,-0.001739752515245484,2.3409531519065113e-28,0.019977580853692233,2.1174860395101047e-22,jsbsim-1.3.1-a320-coefficient-surrogate
575.0,32629.12504289551,17891.66240886728,10481.658840550295,237.14872923437264,0.7975931544709143,59593.11374295609,4,5,inbound-level,32649.305394725994,18946.74398644038,10500.0,230.1542,-90.0,0.0,0.0,5.319874630270027e-30,0.12236766609695375,-90.0,-1.5707963267948963,-0.001304814386434113,3.0584737800656505e-32,-0.0003853328964348243,-1.6339349376083892e-21,11018.246897340556,584408.8088873603,34554.26864297993,25531.433196137456,34554.26864297993,0.5472156825303899,11477.588653516497,0.0,1.7738461190822011e-19,-56.85208713287505,-2.4761377703407536e-15,pseudo_6dof_kinematic_bridge,a320.attitude_response_p6dof.v1,surrogate_policy_overlay,0.0,0,0.5231558254800667,-0.001304814386434113,2.340867448795682e-28,0.02002981879286438,1.1763395154476725e-22,jsbsim-1.3.1-a320-coefficient-surrogate
576.0,32629.12504289551,17654.513793189086,10481.426764282116,237.00766840760005,0.7971160161759451,59592.56659527346,4,5,inbound-level,32649.305394725994,18716.589786440378,10500.0,230.1542,-90.0,0.0,0.0,3.0516076099292424e-30,0.11900580206492763,-90.0,-1.5707963267948963,-0.0009786107898255847,-3.9588727819347874e-32,-5.8675596363227955e-05,-9.077416320046607e-22,11005.451392363455,584403.4432015386,34537.016645806194,25696.043278565667,34537.016645806194,0.550494621158061,11497.983529570629,0.0,8.960653054386438e-20,-355.98426020960954,-1.373868906062091e-15,pseudo_6dof_kinematic_bridge,a320.attitude_response_p6dof.v1,surrogate_policy_overlay,0.0,0,0.5269368604294423,-0.0009786107898255847,2.3409042458427493e-28,0.020044555822136875,6.534803354129876e-23,jsbsim-1.3.1-a320-coefficient-surrogate
577.0,32629.12504289551,17417.506188618845,10481.252810601552,236.8670702869078,0.796641116588954,59592.01615202084,4,5,inbound-level,32649.305394725994,18486.435586440377,10500.0,230.1542,-90.0,0.0,0.0,6.047600307649615e-31,0.12579310485846623,-90.0,-1.5707963267948963,-0.0007339580923691885,-4.27055465508693e-32,0.00011846078107705736,-5.0430090666925595e-22,10992.612121512811,584398.0451972152,34519.69158570885,25859.853190310794,34519.69158570885,0.5537576208437016,11518.66926610389,0.0,4.4835969684727484e-20,-375.84714930236777,-7.622360173779825e-16,pseudo_6dof_kinematic_bridge,a320.attitude_response_p6dof.v1,surrogate_policy_overlay,0.0,0,0.530696503156308,-0.0007339580923691885,2.3409639862112526e-28,0.020036183577843068,3.630030131714963e-23,jsbsim-1.3.1-a320-coefficient-surrogate
578.0,32629.12504289551,17180.639154219152,10481.122422730848,236.72756990028242,0.7961704202049708,59591.462433196975,4,5,inbound-level,32649.305394725994,18256.281386440376,10500.0,230.1542,-90.0,0.0,0.0,-5.792149719402243e-31,0.1350990760931825,-90.0,-1.5707963267948963,-0.0005504685692768914,-2.0664262058514262e-32,0.000162419838141681,-2.8016717037180887e-22,10979.810084827564,584392.615070511,34502.405349070475,26022.199216076944,34502.405349070475,0.5569914607584936,11539.458146055375,0.0,2.2185803073447308e-20,-255.04857650425456,-4.2285489839775863e-16,pseudo_6dof_kinematic_bridge,a320.attitude_response_p6dof.v1,surrogate_policy_overlay,0.0,0,0.5344201656580616,-0.0005504685692768914,2.340999397375986e-28,0.020019621260259288,2.0162672303733437e-23,jsbsim-1.3.1-a320-coefficient-surrogate
579.0,32629.12504289551,16943.91160449354,10481.024689418591,236.58962739819975,0.7957053463218103,59590.905471032485,4,5,inbound-level,32649.305394725994,18026.127186440375,10500.0,230.1542,-90.0,0.0,0.0,-6.798647797527511e-31,0.1423879381516291,-90.0,-1.5707963267948963,-0.00041285142695766854,-1.756670537828104e-33,0.00012721464164358424,-1.5564842798433828e-22,10967.10450167812,584387.1531375006,34485.23977272215,26182.601570156352,34485.23977272215,0.5601865838457427,11560.211771993272,0.0,1.0831162665387264e-20,-108.75385253286034,-2.3454097949321207e-16,pseudo_6dof_kinematic_bridge,a320.attitude_response_p6dof.v1,surrogate_policy_overlay,0.0,0,0.5380973354712395,-0.00041285142695766854,2.3410071122718357e-28,0.02000486931092537,1.1197322851835554e-23,jsbsim-1.3.1-a320-coefficient-surrogate
580.0,32629.12504289551,16707.32198843698,10480.951432145806,236.453572125718,0.7952469064957892,59590.34530656648,4,5,inbound-level,32649.305394725994,17795.972986440378,10500.0,230.1542,-90.0,0.0,0.0,-3.468321234543952e-31,0.1461817822918714,-90.0,-1.5707963267948963,-0.0003096385702182514,5.812516369068941e-33,6.621507155472192e-05,-8.647134888018792e-23,10954.5382946403,584381.6598006401,34468.25421494935,26340.71806078516,34468.25421494935,0.563336173841366,11580.828743132493,0.0,5.199416771875846e-21,-0.9677662409146608,-1.3005014015390147e-16,pseudo_6dof_kinematic_bridge,a320.attitude_response_p6dof.v1,surrogate_policy_overlay,0.0,0,0.5417205460996916,-0.0003096385702182514,2.3410009545716577e-28,0.019996100347453808,6.2165731563367294e-24,jsbsim-1.3.1-a320-coefficient-surrogate
581.0,32629.12504289551,16470.868422687265,10480.896520786802,236.31963566612032,0.794795807602737,59589.78198708783,4,5,inbound-level,32649.305394725994,17565.818786440377,10500.0,230.1542,-90.0,0.0,0.0,-4.2403293545506565e-32,0.146982818529425,-90.0,-1.5707963267948963,-0.00023222892766368855,5.313285419903896e-33,1.398071977309775e-05,-4.8039638266771066e-23,10942.142200684986,584376.1355236749,34451.49123078548,26496.309359575047,34451.49123078548,0.5664354634608473,11601.235380824524,0.0,2.4417515849428908e-21,51.00168990727249,-7.207026229779843e-17,pseudo_6dof_kinematic_bridge,a320.attitude_response_p6dof.v1,surrogate_policy_overlay,0.0,0,0.5452846059487715,-0.00023222892766368855,2.3409932768838e-28,0.019993243124532985,3.449489992170715e-24,jsbsim-1.3.1-a320-coefficient-surrogate
582.0,32629.12504289551,16234.548790605615,10480.855360595328,236.18797661422235,0.7943525291068123,59589.2155642241,4,5,inbound-level,32649.305394725994,17335.664586440376,10500.0,230.1542,-90.0,0.0,0.0,8.711524759308718e-32,0.1460696144113361,-90.0,-1.5707963267948963,-0.0001741716957477664,2.2605249852481863e-33,-1.5938418603422395e-05,-2.6688687925983925e-23,10929.937852788968,584370.5808128982,34434.98082508987,26649.21296241205,34434.98082508987,0.5694812157152451,11621.378757000835,0.0,1.1127918779058853e-21,58.21498199007979,-3.989803512112869e-17,pseudo_6dof_kinematic_bridge,a320.attitude_response_p6dof.v1,surrogate_policy_overlay,0.0,0,0.5487860206811048,-0.0001741716957477664,2.3409892259478435e-28,0.0199942140410224,1.912221567634041e-24,jsbsim-1.3.1-a320-coefficient-surrogate
583.0,32629.12504289551,15998.360816006534,10480.824507650113,236.05869914772427,0.7939173809874825,59588.64609251561,4,5,inbound-level,32649.305394725994,17105.51038644038,10500.0,230.1542,-90.0,0.0,0.0,8.525931121200612e-32,0.14465015235014295,-90.0,-1.5707963267948963,-0.00013062877181082482,-3.239220055741294e-35,-2.4774286574965635e-05,-1.4827048847768845e-23,10917.940089475982,584364.9962031683,34418.74363909422,26799.32366360046,34418.74363909422,0.5724713349673156,11641.221458612585,0.0,4.854054796359791e-22,41.486932417313454,-2.2045886460565976e-17,pseudo_6dof_kinematic_bridge,a320.attitude_response_p6dof.v1,surrogate_policy_overlay,0.0,0,0.5522225603921721,-0.00013062877181082482,2.3409886386320294e-28,0.019996685880045734,1.0581835540025557e-24,jsbsim-1.3.1-a320-coefficient-surrogate
584.0,32629.12504289551,15762.302117991707,10480.801380606692,235.93186694772572,0.7934905471615832,59588.07362835318,4,5,inbound-level,32649.305394725994,16875.35618644038,10500.0,230.1542,-90.0,0.0,0.0,3.8427606572124416e-32,0.1434797666574734,-90.0,-1.5707963267948963,-9.797157885811861e-05,-8.17367440287441e-34,-2.0427083855318332e-05,-8.23724935987158e-24,10906.15868548158,584359.3822474896,34402.79333739742,26946.578913075326,34402.79333739742,0.5754045752555651,11660.737658598977,0.0,1.9736005118578098e-22,19.08893478934495,-1.2139723514603307e-17,pseudo_6dof_kinematic_bridge,a320.attitude_response_p6dof.v1,surrogate_policy_overlay,0.0,0,0.5555929352700337,-9.797157885811861e-05,2.340989581712664e-28,0.019999021257690597,5.837179908739525e-25,jsbsim-1.3.1-a320-coefficient-surrogate
585.0,32629.12504289551,15526.370251680893,10480.784044643577,235.80751363161528,0.7930721180276648,59587.498229188204,4,5,inbound-level,32649.305394725994,16645.201986440377,10500.0,230.1542,-90.0,0.0,0.0,1.2215563882650947e-33,0.14283467132848726,-90.0,-1.5707963267948963,-7.347868414358895e-05,-6.493680773705868e-34,-1.125903748004389e-05,-4.5762496443731004e-24,10894.599648443227,584353.7395092684,34387.13839569493,27090.94783569353,34387.13839569493,0.5782803215648142,11679.910169001065,0.0,7.029972854000489e-23,1.739805267408768,-6.64273013905234e-18,pseudo_6dof_kinematic_bridge,a320.attitude_response_p6dof.v1,surrogate_policy_overlay,0.0,0,0.558896552550039,-7.347868414358895e-05,2.340990549596712e-28,0.020000481536290235,3.2012601135806185e-25,jsbsim-1.3.1-a320-coefficient-surrogate
586.0,32629.12504289551,15290.562738407352,10480.771049524223,235.68565057064365,0.792662114852768,59586.91995294699,4,5,inbound-level,32649.305394725994,16415.047786440377,10500.0,230.1542,-90.0,0.0,0.0,-1.2462237553062595e-32,0.14266534842145104,-90.0,-1.5707963267948963,-5.5109013107691714e-05,-2.3882725844061994e-34,-2.9552422268303004e-06,-2.5423609135406114e-24,10883.266190274047,584348.0685565677,34371.783439432336,27232.422997549285,34371.783439432336,0.5810984258159143,11698.72823172828,0.0,1.7657240174239183e-23,-7.1756259491080066,-3.592394755360964e-18,pseudo_6dof_kinematic_bridge,a320.attitude_response_p6dof.v1,surrogate_policy_overlay,0.0,0,0.5621333344060546,-5.5109013107691714e-05,2.3409910018914286e-28,0.020001015537433626,1.7368602273812263e-25,jsbsim-1.3.1-a320-coefficient-surrogate
587.0,32629.12504289551,15054.877088038022,10480.761308221521,235.56627274633934,0.7922605080415853,59586.338857598035,4,5,inbound-level,32649.305394725994,16184.893586440376,10500.0,230.1542,-90.0,0.0,0.0,-1.0501186757951713e-32,0.14278309488472335,-90.0,-1.5707963267948963,-4.133175983076879e-05,3.42267931735376e-35,2.055063466680095e-06,-1.4124227297447839e-24,10872.15945468885,584342.3699578638,34356.73024597422,27371.014233239435,34356.73024597422,0.5838590839084057,11717.185862987892,0.0,-1.824001294007024e-24,-8.959461742182157,-1.8997401003013997e-18,pseudo_6dof_kinematic_bridge,a320.attitude_response_p6dof.v1,surrogate_policy_overlay,0.0,0,0.5653035815268245,-4.133175983076879e-05,2.3409910287369078e-28,0.020000919805001644,9.233047350482307e-26,jsbsim-1.3.1-a320-coefficient-surrogate
588.0,32629.12504289551,14819.310815404864,10480.754005945066,235.44936313632937,0.7918672308178917,59585.755000833946,4,5,inbound-level,32649.305394725994,15954.739386440377,10500.0,230.1542,-90.0,0.0,0.0,-4.12667615243906e-33,0.14299781587180932,-90.0,-1.5707963267948963,-3.099881987307659e-05,1.112561982694932e-34,3.747588197782615e-06,-7.846792943026576e-25,10861.27906195844,584336.6442789282,34341.97849467364,27506.74401951835,34341.97849467364,0.586562743566371,11735.28061307739,0.0,-7.336439017723782e-24,-6.7078966285243675,-9.604933192003235e-19,pseudo_6dof_kinematic_bridge,a320.attitude_response_p6dof.v1,surrogate_policy_overlay,0.0,0,0.5684078709477981,-3.099881987307659e-05,2.340990892133853e-28,0.02000055498769657,4.7132946152989977e-26,jsbsim-1.3.1-a320-coefficient-surrogate
589.0,32629.12504289551,14583.861452332167,10480.748531955769,235.33489599744422,0.7914821894656147,59585.168439839166,4,5,inbound-level,32649.305394725994,15724.585186440378,10500.0,230.1542,-90.0,0.0,0.0,3.396854753948594e-34,0.1431846480214694,-90.0,-1.5707963267948963,-2.3249114904807444e-05,7.79527159904355e-35,3.2608361601471534e-06,-4.359329412792543e-25,10850.62351667642,584330.8920805487,34327.52632807828,27639.644009330364,34327.52632807828,0.5892100352983448,11753.012637673317,0.0,-7.511793744506958e-24,-3.3033725725190863,-4.393373689142112e-19,pseudo_6dof_kinematic_bridge,a320.attitude_response_p6dof.v1,surrogate_policy_overlay,0.0,0,0.5714469795704945,-2.3249114904807444e-05,2.340990772317132e-28,0.020000187479651505,2.2023208735304924e-26,jsbsim-1.3.1-a320-coefficient-surrogate
590.0,32629.12504289551,14348.526556370498,10480.74442845974,235.2228393219866,0.7911052709900398,59584.579231122,4,5,inbound-level,32649.305394725994,15494.430986440377,10500.0,230.1542,-90.0,0.0,0.0,1.7189157459645156e-33,0.14329332505061623,-90.0,-1.5707963267948963,-1.7436836178605585e-05,2.407210936461275e-35,1.896771979897716e-06,-2.421849673773635e-25,10840.190512858117,584325.1139168825,34313.370771655886,27769.752436589508,34313.370771655886,0.5918017207020115,11770.384002658917,0.0,-6.040033739845695e-24,-0.5266988935290275,-1.5019776765427406e-19,pseudo_6dof_kinematic_bridge,a320.attitude_response_p6dof.v1,surrogate_policy_overlay,0.0,0,0.574421826945318,-1.7436836178605585e-05,2.3409907232763526e-28,0.019999946082840198,8.07335461436879e-27,jsbsim-1.3.1-a320-coefficient-surrogate
591.0,32629.12504289551,14113.303717068626,10480.741352303154,235.1131566740484,0.7907363488445078,59583.98743039469,4,5,inbound-level,32649.305394725994,15264.276786440376,10500.0,230.1542,-90.0,0.0,0.0,1.270566978266449e-33,0.14332681291847912,-90.0,-1.5707963267948963,-1.3077627133954189e-05,-7.825162193590459e-36,5.844735536800457e-07,-1.3454720409853526e-25,10829.977162095975,584319.3103342802,34299.50804753863,27897.11217436959,34299.50804753863,0.5943386537844629,11787.398164006518,0.0,-4.369715621479851e-24,0.9864846210272472,1.0184237208571747e-20,pseudo_6dof_kinematic_bridge,a320.attitude_response_p6dof.v1,surrogate_policy_overlay,0.0,0,0.5773334325005189,-1.3077627133954189e-05,2.3409907255709077e-28,0.019999848903649014,3.2343565829315735e-28,jsbsim-1.3.1-a320-coefficient-surrogate
592.0,32629.12504289551,13878.190560405887,10480.739046261506,235.00580856102079,0.7903752872066112,59583.393092489474,4,5,inbound-level,32649.305394725994,15034.122586440377,10500.0,230.1542,-90.0,0.0,0.0,4.254211296777993e-34,0.1433126008613999,-90.0,-1.5707963267948963,-9.808220350465642e-06,-1.4750577717433412e-35,-2.4804718951345567e-07,-7.474844672140849e-26,10819.980164053088,584313.481870462,34285.93380888343,28021.769283403082,34285.93380888343,0.5968217520491272,11804.059578855122,0.0,-2.978509090215231e-24,1.369607679242441,9.911145075777315e-20,pseudo_6dof_kinematic_bridge,a320.attitude_response_p6dof.v1,surrogate_policy_overlay,0.0,0,0.5801828836044773,-9.808220350465642e-06,2.3409907445899457e-28,0.01999985463770177,-3.982074872859972e-27,jsbsim-1.3.1-a320-coefficient-surrogate
593.0,32629.12504289551,13643.184751851224,10480.737317519941,234.9007534566444,0.7900219441668852,59582.79627130143,4,5,inbound-level,32649.305394725994,14803.968386440378,10500.0,230.1542,-90.0,0.0,0.0,-1.0081636257036945e-34,0.1432804196868026,-90.0,-1.5707963267948963,-7.356165262849231e-06,-9.18457688716868e-36,-5.616674538816275e-07,-4.1526914845226934e-26,10810.195933747025,584307.6290539582,34272.643314773035,28143.771928476737,34272.643314773035,0.5992519749109895,11820.373414898786,0.0,-1.953963577607822e-24,1.078367808442007,1.4838436230954155e-19,pseudo_6dof_kinematic_bridge,a320.attitude_response_p6dof.v1,surrogate_policy_overlay,0.0,0,0.5829713117515192,-7.356165262849231e-06,2.340990759160574e-28,0.019999907782306658,-6.374025167945043e-27,jsbsim-1.3.1-a320-coefficient-surrogate
594.0,32629.12504289551,13408.283998398154,10480.73602154337,234.79794856284647,0.7896761741022336,59582.19701975141,4,5,inbound-level,32649.305394725994,14573.814186440377,10500.0,230.1542,-90.0,0.0,0.0,-2.303906217982783e-34,0.14325076947632373,-90.0,-1.5707963267948963,-5.5171239471369235e-06,-2.2614974493596553e-36,-5.174937967660232e-07,-2.3070508247348296e-26,10800.620696455991,584301.7524037451,34259.63156058512,28263.16957085482,34259.63156058512,0.6016303076101249,11836.345333435565,0.0,-1.248073503382822e-24,0.5649222940305387,1.7565117367753774e-19,pseudo_6dof_kinematic_bridge,a320.attitude_response_p6dof.v1,surrogate_policy_overlay,0.0,0,0.5856998748388352,-5.5171239471369235e-06,2.340990764281835e-28,0.019999965260513543,-7.702886442992304e-27,jsbsim-1.3.1-a320-coefficient-surrogate
595.0,32629.12504289551,13173.486049837318,10480.735049986331,234.69735037579386,0.7893378294382634,59581.595389763854,4,5,inbound-level,32649.305394725994,14343.659986440376,10500.0,230.1542,-90.0,0.0,0.0,-1.509466923873123e-34,0.14323261286825434,-90.0,-1.5707963267948963,-4.137842960352692e-06,1.3865581389433164e-36,-3.1689259180503653e-07,-1.281694902630461e-26,10791.250558366319,584295.8524290278,34246.8933750117,28380.012367774292,34246.8933750117,0.6039577492499861,11851.981327600799,0.0,-7.816590203821993e-25,0.12298968141426897,1.9070623227886755e-19,pseudo_6dof_kinematic_bridge,a320.attitude_response_p6dof.v1,surrogate_policy_overlay,0.0,0,0.5883697440099045,-4.137842960352692e-06,2.3409907633218014e-28,0.020000004893071,-8.44114270690745e-27,jsbsim-1.3.1-a320-coefficient-surrogate
596.0,32629.12504289551,12938.788699462655,10480.734321630747,234.59891510522513,0.7890067619536522,59580.991432255665,4,5,inbound-level,32649.305394725994,14113.505786440377,10500.0,230.1542,-90.0,0.0,0.0,-4.1378525383680043e-35,0.1432262674801389,-90.0,-1.5707963267948963,-3.103382220264519e-06,1.9123252695883927e-36,-1.1074791493138823e-07,-7.120527236835894e-27,10782.081559046443,584289.9296291299,34234.4234921061,28494.350727260302,34234.4234921061,0.6062353039295831,11867.28760193813,0.0,-4.822063599383835e-25,-0.1314585046424826,1.9898527350629096e-19,pseudo_6dof_kinematic_bridge,a320.attitude_response_p6dof.v1,surrogate_policy_overlay,0.0,0,0.5909820939208714,-3.103382220264519e-06,2.340990760753333e-28,0.020000022220430146,-8.851285075749198e-27,jsbsim-1.3.1-a320-coefficient-surrogate
597.0,32629.12504289551,12704.189784358065,10480.733775593171,234.50259898385684,0.7886828237413863,59580.38519713328,4,5,inbound-level,32649.305394725994,13883.351586440378,10500.0,230.1542,-90.0,0.0,0.0,1.938370098375127e-35,0.14322779121214804,-90.0,-1.5707963267948963,-2.327536665198389e-06,1.0605009109537902e-36,2.6594140477580877e-08,-3.9558484649088304e-27,10773.109710308292,584283.984493467,34222.21660463328,28606.234979416455,34222.21660463328,0.6084639741957736,11882.270482931555,0.0,-2.9393572255561996e-25,-0.20783690792031043,2.035051062339958e-19,pseudo_6dof_kinematic_bridge,a320.attitude_response_p6dof.v1,surrogate_policy_overlay,0.0,0,0.5935380955719965,-2.327536665198389e-06,2.340990759013166e-28,0.020000022834476265,-9.079141947327947e-27,jsbsim-1.3.1-a320-coefficient-surrogate
598.0,32629.12504289551,12469.687185374565,10480.733366233124,234.40835849445114,0.7883658679129909,59579.77673329578,4,5,inbound-level,32649.305394725994,13653.197386440377,10500.0,230.1542,-90.0,0.0,0.0,3.0150975512820284e-35,0.14323256389472047,-90.0,-1.5707963267948963,-1.7456524988987919e-06,1.879243919983762e-37,8.329902504169964e-08,-2.197693591616017e-27,10764.331024874507,584278.0175015752,34210.26740342469,28715.715135040064,34210.26740342469,0.6106447562350164,11896.93635272295,0.0,-1.7744176474972229e-25,-0.17238904315404288,2.0594006461420208e-19,pseudo_6dof_kinematic_bridge,a320.attitude_response_p6dof.v1,surrogate_policy_overlay,0.0,0,0.5960389110608,-1.7456524988987919e-06,2.340990758505495e-28,0.02000001521326281,-9.205729098205029e-27,jsbsim-1.3.1-a320-coefficient-surrogate
599.0,32629.12504289551,12235.278826880314,10480.733059336471,234.3161505352367,0.7880557491103384,59579.16608864247,4,5,inbound-level,32649.305394725994,13423.043186440376,10500.0,230.1542,-90.0,0.0,0.0,1.7587743195216785e-35,0.14323724154360487,-90.0,-1.5707963267948963,-1.3092393741740939e-06,-2.1926976863513903e-37,8.164037428464527e-08,-1.2209408842311204e-27,10755.741537413616,584272.0291231857,34198.57060625973,28822.840709678847,34198.57060625973,0.6127786363686818,11911.29160018835,0.0,-1.0626042819863165e-25,-0.09563146305247938,2.072194105933346e-19,pseudo_6dof_kinematic_bridge,a320.attitude_response_p6dof.v1,surrogate_policy_overlay,0.0,0,0.5984856897741512,-1.3092393741740939e-06,2.340990758704186e-28,0.020000006281145424,-9.276055293136741e-27,jsbsim-1.3.1-a320-coefficient-surrogate
600.0,32629.12504289551,12000.96267634519,10480.732829254524,234.22593253919484,0.7877523238734687,59578.55331008359,4,5,inbound-level,32649.305394725994,13192.888986440377,10500.0,230.1542,-90.0,0.0,0.0,3.6639176533131355e-36,0.14324025199137239,-90.0,-1.5707963267948963,-9.819295306305703e-07,-2.430166001795024e-37,5.2542225502557886e-08,-6.783004912395113e-28,10747.337319863436,584266.0198183312,34187.12097891216,28927.660596709833,34187.12097891216,0.6148665885248562,11925.342585007056,0.0,-6.320561306976379e-26,-0.025683867074436966,2.0785888359950178e-19,pseudo_6dof_kinematic_bridge,a320.attitude_response_p6dof.v1,surrogate_policy_overlay,0.0,0,0.6008795656573127,-9.819295306305703e-07,2.3409907590424793e-28,0.01999999981626151,-9.315125401432137e-27,jsbsim-1.3.1-a320-coefficient-surrogate
601.0,32629.12504289551,11766.73674380606,10480.732656759505,234.13766255884326,0.7874554509007408,59577.938443553394,4,5,inbound-level,32649.305394725994,12962.734786440376,10500.0,230.1542,-90.0,0.0,0.0,-3.1940433485644224e-36,0.1432414185607111,-90.0,-1.5707963267948963,-7.364471479729278e-07,-1.196939994561324e-37,2.0360475912876128e-08,-3.7683360624417293e-28,10739.114492481905,584259.9900374729,34175.913350337956,29030.222977117424,34175.913350337956,0.6169095724411726,11939.095611452707,0.0,-3.7380251874891484e-26,0.016749870348947066,2.0814470960426632e-19,pseudo_6dof_kinematic_bridge,a320.attitude_response_p6dof.v1,surrogate_policy_overlay,0.0,0,0.6032216552883966,-7.364471479729278e-07,2.3409907592463914e-28,0.019999996776809425,-9.336831017151802e-27,jsbsim-1.3.1-a320-coefficient-surrogate
602.0,32629.12504289551,11532.599081247252,10480.732527436994,234.0512993252403,0.7871649912285482,59577.32153402486,4,5,inbound-level,32649.305394725994,12732.580586440377,10500.0,230.1542,-90.0,0.0,0.0,-3.8642228854158384e-36,0.14324129565769983,-90.0,-1.5707963267948963,-5.523353609796958e-07,-1.1696839497547879e-38,-2.1450622066394615e-09,-2.0935200346898493e-28,10731.069231704001,584253.9402216448,34164.94262348526,29130.57525672006,34164.94262348526,0.6189085324144019,11952.556909454892,0.0,-2.1997635388030309e-26,0.031283892456941145,2.0823572767980893e-19,pseudo_6dof_kinematic_bridge,a320.attitude_response_p6dof.v1,surrogate_policy_overlay,0.0,0,0.6055130565545158,-5.523353609796958e-07,2.3409907592928176e-28,0.019999996435241335,-9.348889692551616e-27,jsbsim-1.3.1-a320-coefficient-surrogate
603.0,32629.12504289551,11298.547781922032,10480.732430480888,233.96680228774727,0.7868808083510197,59576.70262552549,4,5,inbound-level,32649.305394725994,12502.426386440377,10500.0,230.1542,-90.0,0.0,0.0,-2.005664993713588e-36,0.14324059641433787,-90.0,-1.5707963267948963,-4.1425152073477186e-07,3.243795454912847e-38,-1.2204098938964647e-08,-1.163066685938805e-28,10723.197775613009,584247.8708026095,34154.20378283553,29228.764023908927,34154.20378283553,0.6208643964586313,11965.73262109507,0.0,-1.2889456603557074e-26,0.027405197741119474,2.0822007222896322e-19,pseudo_6dof_kinematic_bridge,a320.attitude_response_p6dof.v1,surrogate_policy_overlay,0.0,0,0.6077548477769557,-4.1425152073477186e-07,2.340990759258976e-28,0.019999997507067834,-9.355588956662622e-27,jsbsim-1.3.1-a320-coefficient-surrogate
604.0,32629.12504289551,11064.580979634296,10480.73235779006,233.8841316394523,0.7866027682950126,59576.0817611539,4,5,inbound-level,32649.305394725994,12272.272186440377,10500.0,230.1542,-90.0,0.0,0.0,-2.6876786002294015e-37,0.14323986293197305,-90.0,-1.5707963267948963,-3.106886405510789e-07,3.0314573751353934e-38,-1.2801682271664297e-08,-6.461481588548917e-29,10715.496427632052,584241.7822030198,34143.69189950663,29324.835022688956,34143.69189950663,0.6227780757682579,11978.628791161223,0.0,-7.523929733647918e-27,0.01604459016763607,2.0814663335097819e-19,pseudo_6dof_kinematic_bridge,a320.attitude_response_p6dof.v1,surrogate_policy_overlay,0.0,0,0.609948087170768,-3.106886405510789e-07,2.3409907592153718e-28,0.01999999888575722,-9.359310770057626e-27,jsbsim-1.3.1-a320-coefficient-surrogate
605.0,32629.12504289551,10830.69684799485,10480.732303291203,233.80324833192986,0.7863307396618764,59575.45898309685,4,5,inbound-level,32649.305394725994,12042.117986440377,10500.0,230.1542,-90.0,0.0,0.0,4.847287276145457e-37,0.14323936728877332,-90.0,-1.5707963267948963,-2.330164804133092e-07,1.315099635681613e-38,-8.650605750560407e-09,-3.5897119936382867e-29,10707.961558889696,584235.6748365867,34133.402134540265,29418.833137116584,34133.402134540265,0.6246504644079965,11991.251360729824,0.0,-4.377178056047951e-27,0.005035755898106473,2.0804251864232555e-19,pseudo_6dof_kinematic_bridge,a320.attitude_response_p6dof.v1,surrogate_policy_overlay,0.0,0,0.6120938125529337,-2.330164804133092e-07,2.3409907591919694e-28,0.019999999933795136,-9.361378444165963e-27,jsbsim-1.3.1-a320-coefficient-surrogate
606.0,32629.12504289551,10596.893599662924,10480.732262431195,233.7241140820895,0.7860645936445858,59574.83433264652,4,5,inbound-level,32649.305394725994,11811.963786440378,10500.0,230.1542,-90.0,0.0,0.0,4.8589113916312e-37,0.14323915763134873,-90.0,-1.5707963267948963,-1.747623603099819e-07,2.0287908785828457e-41,-3.659212360295424e-09,-1.9942844409101593e-29,10700.589609599749,584229.549108248,34123.329740839676,29510.80238420401,34123.329740839676,0.626482439171537,12003.606163003758,0.0,-2.5388742927451524e-27,-0.0019878865833298184,2.0792274539950953e-19,pseudo_6dof_kinematic_bridge,a320.attitude_response_p6dof.v1,surrogate_policy_overlay,0.0,0,0.6141930412347182,-1.747623603099819e-07,2.3409907591883144e-28,0.020000000459800535,-9.362527152003927e-27,jsbsim-1.3.1-a320-coefficient-surrogate
607.0,32629.12504289551,10363.169485580836,10480.73223179656,233.64669137317853,0.7858042040266924,59574.20785021794,4,5,inbound-level,32649.305394725994,11581.809586440377,10500.0,230.1542,-90.0,0.0,0.0,2.231069494917644e-37,0.14323915792833675,-90.0,-1.5707963267948963,-1.3107177023248641e-07,-4.586449331950433e-39,5.1834185684432965e-12,-1.1079358005056441e-29,10693.377089710142,584223.4054143399,34113.47006410664,29600.78591309065,34113.47006410664,0.6282748595650404,12015.698920827308,0.0,-1.4686580761625896e-27,-0.004666017315362921,2.077956203909389e-19,pseudo_6dof_kinematic_bridge,a320.attitude_response_p6dof.v1,surrogate_policy_overlay,0.0,0,0.6162467700499376,-1.3107177023248641e-07,2.34099075919355e-28,0.020000000552881786,-9.363165323025018e-27,jsbsim-1.3.1-a320-coefficient-surrogate
608.0,32629.12504289551,10129.52279420766,10480.732208828196,233.57094345148465,0.7855494471679197,59573.57957536635,4,5,inbound-level,32649.305394725994,11351.655386440378,10500.0,230.1542,-90.0,0.0,0.0,1.0282885465417512e-38,0.14323925890048694,-90.0,-1.5707963267948963,-9.830382767436482e-08,-3.7144806447349723e-39,1.7622964740566809e-09,-6.1551988916980225e-30,10686.320579011637,584217.2441427663,34103.818543039175,29688.826008833417,34103.818543039175,0.6300285678826383,12027.535245445128,0.0,-8.475180962938367e-28,-0.004332345956991814,2.0766572601430354e-19,pseudo_6dof_kinematic_bridge,a320.attitude_response_p6dof.v1,surrogate_policy_overlay,0.0,0,0.6182559754829782,-9.830382767436482e-08,2.340990759199062e-28,0.020000000405891283,-9.36351986248118e-27,jsbsim-1.3.1-a320-coefficient-surrogate
609.0,32629.12504289551,9895.951850756175,10480.732191607507,233.49683431989519,0.7853002019800219,59572.94954680446,4,5,inbound-level,32649.305394725994,11121.501186440377,10500.0,230.1542,-90.0,0.0,0.0,-6.97754332375717e-38,0.14323937319303628,-90.0,-1.5707963267948963,-7.37278707557736e-08,-1.397281254978118e-39,1.9947812963311703e-09,-3.4195549398322344e-30,10679.416726849346,584211.0656731699,34094.37070898545,29774.964099581663,34094.37070898545,0.6317443893493546,12039.120636180865,0.0,-4.8800733009376425e-28,-0.0026703820254792335,2.075355778529222e-19,pseudo_6dof_kinematic_bridge,a320.attitude_response_p6dof.v1,surrogate_policy_overlay,0.0,0,0.6202216138695242,-7.37278707557736e-08,2.340990759201685e-28,0.020000000194623044,-9.363716828845714e-27,jsbsim-1.3.1-a320-coefficient-surrogate
610.0,32629.12504289551,9662.45501643628,10480.73217869609,233.42432872918158,0.7850563498956096,59572.317802419624,4,5,inbound-level,32649.305394725994,10891.346986440378,10500.0,230.1542,-90.0,0.0,0.0,-6.000081844659992e-38,0.1432394542579601,-90.0,-1.5707963267948963,-5.5295903066830205e-08,1.7059921121659483e-40,1.414849828303124e-09,-1.899752744351241e-30,10672.66225154403,584204.8703770983,34085.12218520029,29859.24076620809,34085.12218520029,0.6334231323129472,12050.460480792659,0.0,-2.8043943183322843e-28,-0.0009477386900984591,2.074065447641037e-19,pseudo_6dof_kinematic_bridge,a320.attitude_response_p6dof.v1,surrogate_policy_overlay,0.0,0,0.6221446216496515,-5.5295903066830205e-08,2.340990759201876e-28,0.020000000025741146,-9.363826254603789e-27,jsbsim-1.3.1-a320-coefficient-surrogate
611.0,32629.12504289551,9429.0306877071,10480.732169015533,233.35339216765624,0.7848177748319701,59571.6843792907,4,5,inbound-level,32649.305394725994,10661.192786440377,10500.0,230.1542,-90.0,0.0,0.0,-2.407925994451817e-38,0.14323949127111674,-90.0,-1.5707963267948963,-4.1471927300122655e-08,6.26949468309089e-40,6.460014497897954e-10,-1.055418191306245e-30,10666.05393960324,584198.6586181712,34076.06868581386,29941.69575370387,34076.06868581386,0.6350655884708922,12061.560056323506,0.0,-1.6086491286446056e-28,0.00020679312177108612,2.0727935961274328e-19,pseudo_6dof_kinematic_bridge,a320.attitude_response_p6dof.v1,surrogate_policy_overlay,0.0,0,0.6240259156581698,-4.1471927300122655e-08,2.340990759201112e-28,0.01999999993575042,-9.363887046691608e-27,jsbsim-1.3.1-a320-coefficient-surrogate
612.0,32629.12504289551,9195.677295539444,10480.732161757322,233.28399084968694,0.7845843631513956,59571.04931370478,4,5,inbound-level,32649.305394725994,10431.038586440376,10500.0,230.1542,-90.0,0.0,0.0,1.5362180011577847e-39,0.1432394943081975,-90.0,-1.5707963267948963,-3.110394547509199e-08,4.470744296240386e-40,5.3007058833871316e-11,-5.863434396145805e-31,10659.588644782178,584192.430752243,34067.20601459426,30022.3679838178,34067.20601459426,0.636672533122149,12072.424530310738,0.0,-9.212071468519857e-29,0.0006886794574990727,2.0715440277553555e-19,pseudo_6dof_kinematic_bridge,a320.attitude_response_p6dof.v1,surrogate_policy_overlay,0.0,0,0.6258663934408478,-3.110394547509199e-08,2.3409907592004283e-28,0.019999999914824238,-9.36392082007373e-27,jsbsim-1.3.1-a320-coefficient-surrogate
613.0,32629.12504289551,8962.393304689758,10480.732156315282,233.2160917034315,0.7843560036191476,59570.41264117358,4,5,inbound-level,32649.305394725994,10200.884386440377,10500.0,230.1542,-90.0,0.0,0.0,9.6695171981839e-39,0.14323947998390715,-90.0,-1.5707963267948963,-2.3327959106318992e-08,1.419528500379167e-40,-2.5000602921303763e-10,-3.2574635534143363e-31,10653.263287039035,584186.1871275649,34058.53006356539,30101.295568550715,34058.53006356539,0.6382447254359607,12083.058962252799,0.0,-5.267246636863657e-29,0.0006809839938394589,2.070318595098028e-19,pseudo_6dof_kinematic_bridge,a320.attitude_response_p6dof.v1,surrogate_policy_overlay,0.0,0,0.6276669335880445,-2.3327959106318992e-08,2.3409907592001422e-28,0.019999999934303448,-9.363939583063798e-27,jsbsim-1.3.1-a320-coefficient-surrogate
614.0,32629.12504289551,8729.177212986328,10480.73215223494,233.1496623580614,0.784132587359903,59569.77439644958,4,5,inbound-level,32649.305394725994,9970.730186440376,10500.0,230.1542,-90.0,0.0,0.0,7.278516768126761e-39,0.1432394622919127,-90.0,-1.5707963267948963,-1.7495969329739246e-08,-4.173082992109747e-41,-3.0878355463992927e-10,-1.8097019741190757e-31,10647.074851418187,584179.9280849423,34050.03681152542,30178.515824215796,34050.03681152542,0.6397829087319282,12093.468305257455,0.0,-3.00740281182707e-29,0.0004412049539371021,2.069118073031518e-19,pseudo_6dof_kinematic_bridge,a320.attitude_response_p6dof.v1,surrogate_policy_overlay,0.0,0,0.6294283960794562,-1.7495969329739246e-08,2.3409907592001507e-28,0.019999999966424455,-9.363950006947169e-27,jsbsim-1.3.1-a320-coefficient-surrogate
615.0,32629.12504289551,8496.027550628267,10480.732149175556,233.08467113067735,0.783914007813307,59569.13461354194,4,5,inbound-level,32649.305394725994,9740.575986440377,10500.0,230.1542,-90.0,0.0,0.0,2.4991367015380997e-39,0.143239449116645,-90.0,-1.5707963267948963,-1.3121976997304434e-08,-8.341591836615796e-41,-2.2995180121026437e-10,-1.0053899856217087e-31,10641.020386886208,584173.653957891,34041.722322500274,30254.0652858469,34041.722322500274,0.6412878107670148,12103.65740781452,0.0,-1.7148579695491212e-29,0.00017326697146205445,2.0679426435405746e-19,pseudo_6dof_kinematic_bridge,a320.attitude_response_p6dof.v1,surrogate_policy_overlay,0.0,0,0.631151622635246,-1.3121976997304434e-08,2.3409907592002575e-28,0.01999999999347824,-9.363955797993486e-27,jsbsim-1.3.1-a320-coefficient-surrogate
616.0,32629.12504289551,8262.94287949759,10480.732146881657,233.02108701306457,0.7837001606890993,59568.493325731986,4,5,inbound-level,32649.305394725994,9510.421786440376,10500.0,230.1542,-90.0,0.0,0.0,-5.273453684344027e-40,0.14323944267683228,-90.0,-1.5707963267948963,-9.841482747978325e-09,-5.282207687359357e-41,-1.1239593518607951e-10,-5.585499920120604e-32,10635.097005139187,584167.3650727896,34033.58274415715,30327.97972179448,34033.58274415715,0.6427601440262898,12113.631015651052,0.0,-9.766440121312603e-30,-1.5285420195976454e-05,2.0667921647510191e-19,pseudo_6dof_kinematic_bridge,a320.attitude_response_p6dof.v1,surrogate_policy_overlay,0.0,0,0.6328374370700875,-9.841482747978325e-09,2.340990759200341e-28,0.020000000008721115,-9.36395901524144e-27,jsbsim-1.3.1-a320-coefficient-surrogate
617.0,32629.12504289551,8029.921792484525,10480.732145161703,232.958879658399,0.7834909439221581,59567.850565588575,4,5,inbound-level,32649.305394725994,9280.267586440377,10500.0,230.1542,-90.0,0.0,0.0,-1.30096868502281e-39,0.14323944170250635,-90.0,-1.5707963267948963,-7.3811120609837444e-09,-1.3502274044666174e-41,-1.7005195358699893e-11,-3.103055511178113e-32,10629.30187939516,584161.0617490292,34025.614306197,30400.294148389385,34025.614306197,0.644200606015022,12123.393773637275,0.0,-5.555901017119258e-30,-0.00010040348795742812,2.065666320178633e-19,pseudo_6dof_kinematic_bridge,a320.attitude_response_p6dof.v1,surrogate_policy_overlay,0.0,0,0.6344866456475462,-7.3811120609837444e-09,2.340990759200371e-28,0.020000000013010555,-9.363960802601413e-27,jsbsim-1.3.1-a320-coefficient-surrogate
618.0,32629.12504289551,7796.962912826126,10480.732143872081,232.8980193679865,0.7832862576277151,59567.20636498302,4,5,inbound-level,32649.305394725994,9050.113386440376,10500.0,230.1542,-90.0,0.0,0.0,-8.670454747747305e-40,0.14323944368938044,-90.0,-1.5707963267948963,-5.535834045737808e-09,7.57338871965259e-42,3.467749417378805e-11,-1.723919728432285e-32,10623.632243181812,584154.7442991608,34017.81331873987,30471.042844584787,34017.81331873987,0.6456098795503394,12132.950227720154,0.0,-3.157302801082389e-30,-0.00010641265776439219,2.0645647014814638e-19,pseudo_6dof_kinematic_bridge,a320.attitude_response_p6dof.v1,surrogate_policy_overlay,0.0,0,0.6361000374328707,-5.535834045737808e-09,2.3409907592003664e-28,0.020000000010555342,-9.363961795579177e-27,jsbsim-1.3.1-a320-coefficient-surrogate
619.0,32629.12504289551,7564.0648934581395,10480.732142905117,232.8384770780939,0.7830860040569281,59566.56075510382,4,5,inbound-level,32649.305394725994,8819.959186440377,10500.0,230.1542,-90.0,0.0,0.0,-2.4552271901825685e-40,0.14323944640884748,-90.0,-1.5707963267948963,-4.151875534303356e-09,1.0847618464019004e-41,4.746365376328878e-11,-9.577331824623806e-33,10618.085389127045,584148.4130290388,34010.17617071342,30540.259353430883,34010.17617071342,0.6469886327906034,12142.304806352862,0.0,-1.7924639732705294e-30,-7.24022727284571e-05,2.0634868542973834e-19,pseudo_6dof_kinematic_bridge,a320.attitude_response_p6dof.v1,surrogate_policy_overlay,0.0,0,0.6376783846428374,-4.151875534303356e-09,2.3409907592003516e-28,0.020000000005713833,-9.36396234723349e-27,jsbsim-1.3.1-a320-coefficient-surrogate
620.0,32629.12504289551,7331.2264163800455,10480.73214218008,232.78022434691673,0.7828900875529453,59565.91376647103,4,5,inbound-level,32649.305394725994,8589.804986440377,10500.0,230.1542,-90.0,0.0,0.0,1.050017182980647e-40,0.14323944853721057,-90.0,-1.5707963267948963,-3.1139066507275167e-09,6.117805539870288e-42,3.7146943761657835e-11,-5.320739902568781e-33,10612.658667757807,584142.0682379631,34002.69932825206,30607.976566799374,34002.69932825206,0.6483375209230726,12151.461909623322,0.0,-1.016675328981123e-30,-3.099097323086114e-05,2.0624323035892504e-19,pseudo_6dof_kinematic_bridge,a320.attitude_response_p6dof.v1,surrogate_policy_overlay,0.0,0,0.6392224433334356,-3.1139066507275167e-09,2.3409907592003418e-28,0.020000000001405293,-9.363962653708109e-27,jsbsim-1.3.1-a320-coefficient-surrogate
621.0,32629.12504289551,7098.446192033129,10480.73214163644,232.72323334196068,0.7826984145083902,59565.26542895011,4,5,inbound-level,32649.305394725994,8359.650786440377,10500.0,230.1542,-90.0,0.0,0.0,1.7080934061399218e-40,0.14323944964401122,-90.0,-1.5707963267948963,-2.3354299880456376e-09,1.1485596823218303e-42,1.931731572799616e-11,-2.9559666125382116e-33,10607.349486334346,584135.7102188135,33995.37933314296,30674.226587700337,33995.37933314296,0.6496571834213338,12160.425771383372,0.0,-5.761491079270755e-31,-3.868385077083013e-07,2.0614005676193025e-19,pseudo_6dof_kinematic_bridge,a320.attitude_response_p6dof.v1,surrogate_policy_overlay,0.0,0,0.6407329522815367,-2.3354299880456376e-09,2.340990759200339e-28,0.019999999998846208,-9.363962823971786e-27,jsbsim-1.3.1-a320-coefficient-surrogate
622.0,32629.12504289551,6865.722958691168,10480.732141228807,232.66747682655702,0.7825108933199499,59564.61577176669,4,5,inbound-level,32649.305394725994,8129.496586440377,10500.0,230.1542,-90.0,0.0,0.0,1.0132028225865434e-40,0.14323944987677104,-90.0,-1.5707963267948963,-1.7515724910342282e-09,-1.2128128624111211e-42,4.062424883839344e-12,-1.6422036736323396e-33,10602.155307601224,584129.3392581958,33988.212801160764,30739.04090953296,33988.212801160764,0.6509482476158736,12169.200561621576,0.0,-3.2623602795420667e-31,1.4424776669624794e-05,2.060391165590733e-19,pseudo_6dof_kinematic_bridge,a320.attitude_response_p6dof.v1,surrogate_policy_overlay,0.0,0,0.6422106356715739,-1.7515724910342282e-09,2.34099075920034e-28,0.01999999999801401,-9.363962918562717e-27,jsbsim-1.3.1-a320-coefficient-surrogate
623.0,32629.12504289551,6633.0554818646115,10480.732140923157,232.61292814828482,0.7823274343493942,59563.96482351907,4,5,inbound-level,32649.305394725994,7899.342386440378,10500.0,230.1542,-90.0,0.0,0.0,2.2117292277514987e-41,0.14323944960930113,-90.0,-1.5707963267948963,-1.3136793682756711e-09,-1.3823529525949631e-42,-4.668230011585268e-12,-9.123353742401886e-34,10597.073648714228,584122.9556365634,33981.196420636894,30802.45033944351,33981.196420636894,0.652211327167413,12177.790360882304,0.0,-1.8458521374097068e-31,1.652775387466908e-05,2.0594036218165452e-19,pseudo_6dof_kinematic_bridge,a320.attitude_response_p6dof.v1,surrogate_policy_overlay,0.0,0,0.6436562017298538,-1.3136793682756711e-09,2.3409907592003418e-28,0.019999999998299208,-9.363962971113235e-27,jsbsim-1.3.1-a320-coefficient-surrogate
624.0,32629.12504289551,6400.442553716327,10480.732140693974,232.55956122637946,0.7821479498811947,59563.312612191905,4,5,inbound-level,32649.305394725994,7669.188186440377,10500.0,230.1542,-90.0,0.0,0.0,-1.7583954199537732e-41,0.1432394491944439,-90.0,-1.5707963267948963,-9.852595262067533e-10,-6.929174681703693e-43,-7.240624554523378e-12,-5.068529856889937e-34,10592.102080071472,584116.5596283517,33974.32695090088,30864.485031981974,33974.32695090088,0.6534470227373292,12186.199162196346,0.0,-1.0436456383404872e-31,1.180669703909946e-05,2.0584374679227671e-19,pseudo_6dof_kinematic_bridge,a320.attitude_response_p6dof.v1,surrogate_policy_overlay,0.0,0,0.6450703435136758,-9.852595262067533e-10,2.3409907592003427e-28,0.019999999999021894,-9.363963000307968e-27,jsbsim-1.3.1-a320-coefficient-surrogate
625.0,32629.12504289551,6167.882992489947,10480.732140522125,232.5073505397002,0.7819723540820317,59562.65916516917,4,5,inbound-level,32649.305394725994,7439.033986440378,10500.0,230.1542,-90.0,0.0,0.0,-2.195474860842324e-41,0.1432394488526579,-90.0,-1.5707963267948963,-7.38944644655065e-10,-7.628475336281142e-44,-5.965290682773099e-12,-2.8158499204944092e-34,10587.238224195486,584110.1515021062,33967.60122078962,30925.174502485956,33967.60122078962,0.6546559222542541,12194.430872925419,0.0,-5.896770499139997e-32,5.449509002877776e-06,2.057492243980589e-19,pseudo_6dof_kinematic_bridge,a320.attitude_response_p6dof.v1,surrogate_policy_overlay,0.0,0,0.6464537392296459,-7.38944644655065e-10,2.3409907592003436e-28,0.01999999999970404,-9.363963016527263e-27,jsbsim-1.3.1-a320-coefficient-surrogate
626.0,32629.12504289551,5935.375641950247,10480.732140393267,232.4562711149221,0.7818005629610637,59562.004509246915,4,5,inbound-level,32649.305394725994,7208.879786440377,10500.0,230.1542,-90.0,0.0,0.0,-1.159237115530391e-41,0.14323944866443195,-90.0,-1.5707963267948963,-5.542084834912987e-10,1.8085760489135665e-43,-3.285162960396183e-12,-1.5643610669413385e-34,10582.479754635533,584103.7315206062,33961.01612718352,30984.547640231034,33961.01612718352,0.6558386011760224,12202.489316571453,0.0,-3.329730414571159e-32,5.115185610953267e-07,2.05656749904226e-19,pseudo_6dof_kinematic_bridge,a320.attitude_response_p6dof.v1,surrogate_policy_overlay,0.0,0,0.6478070525461128,-5.542084834912987e-10,2.340990759200343e-28,0.02000000000013025,-9.363963025537982e-27,jsbsim-1.3.1-a320-coefficient-surrogate
627.0,32629.12504289551,5702.919370835325,10480.732140296646,232.40629851495555,0.7816324943309656,59561.34867064574,4,5,inbound-level,32649.305394725994,6978.725586440376,10500.0,230.1542,-90.0,0.0,0.0,-1.6863380042558602e-42,0.14323944861516644,-90.0,-1.5707963267948963,-4.1565636261847405e-10,1.7289289429749724e-43,-8.598451676874017e-13,-8.690894816340769e-35,10577.824394890487,584097.2999409881,33954.56863357014,31042.63272134214,33954.56863357014,0.656995622746859,12210.378234550808,0.0,-1.8791509791649654e-32,-2.033884975725895e-06,2.0556627913477517e-19,pseudo_6dof_kinematic_bridge,a320.attitude_response_p6dof.v1,surrogate_policy_overlay,0.0,0,0.6491309328996128,-4.1565636261847405e-10,2.3409907592003427e-28,0.020000000000285855,-9.363963030543938e-27,jsbsim-1.3.1-a320-coefficient-surrogate
628.0,32629.12504289551,5470.513072320369,10480.732140224196,232.35740882759248,0.7814680677697327,59560.691675022994,4,5,inbound-level,32649.305394725994,6748.571386440377,10500.0,230.1542,-90.0,0.0,0.0,2.694206684249547e-42,0.1432394486496807,-90.0,-1.5707963267948963,-3.1174227196385554e-10,7.645492784516875e-44,6.02387035617372e-13,-4.828274897967094e-35,10573.269917352414,584090.8570148642,33948.25576863537,31099.457421467076,33948.25576863537,0.658127538249828,12218.10128793327,0.0,-1.059868246900274e-32,-2.5493872327451755e-06,2.0547776883504256e-19,pseudo_6dof_kinematic_bridge,a320.attitude_response_p6dof.v1,surrogate_policy_overlay,0.0,0,0.6504260157953764,-3.1174227196385554e-10,2.3409907592003427e-28,0.02000000000025763,-9.363963033325024e-27,jsbsim-1.3.1-a320-coefficient-surrogate
629.0,32629.12504289551,5238.1556634927765,10480.73214016987,232.30957865437824,0.7813072045832472,59560.033547484745,4,5,inbound-level,32649.305394725994,6518.417186440376,10500.0,230.1542,-90.0,0.0,0.0,2.7680353712579342e-42,0.14323944871244426,-90.0,-1.5707963267948963,-2.3380670397289164e-10,1.2885536707207245e-45,1.0954309777385628e-12,-2.682374943315052e-35,10568.814142270876,584084.4029884413,33942.074624882254,31155.04882821109,33942.074624882254,0.6592348872545222,12225.662059146387,0.0,-5.975152568773762e-33,-1.9125313220653247e-06,2.053911766644013e-19,pseudo_6dof_kinematic_bridge,a320.attitude_response_p6dof.v1,surrogate_policy_overlay,0.0,0,0.6516929231018836,-2.3380670397289164e-10,2.3409907592003427e-28,0.020000000000150953,-9.363963034870072e-27,jsbsim-1.3.1-a320-coefficient-surrogate
630.0,32629.12504289551,5005.846084838398,10480.732140129134,232.26278509970774,0.7811498277686003,59559.374312597494,4,5,inbound-level,32649.305394725994,6288.262986440377,10500.0,230.1542,-90.0,0.0,0.0,1.2945229189461555e-42,0.14323944876700948,-90.0,-1.5707963267948963,-1.7535502797966873e-10,-2.571764386197647e-44,9.523426436076269e-13,-1.4902083018416956e-35,10564.454936737857,584077.9381026343,33936.02235727731,31209.43345333419,33936.02235727731,0.6603181978600274,12233.06405364519,0.0,-3.367317960662257e-33,-9.43777215654242e-07,2.0530646118365514e-19,pseudo_6dof_kinematic_bridge,a320.attitude_response_p6dof.v1,surrogate_policy_overlay,0.0,0,0.6529322633395322,-1.7535502797966873e-10,2.3409907592003427e-28,0.020000000000043597,-9.363963035728432e-27,jsbsim-1.3.1-a320-coefficient-surrogate
631.0,32629.12504289551,4773.583299738691,10480.732140098587,232.21700576014283,0.7809958619781598,59558.71399439964,4,5,inbound-level,32649.305394725994,6058.108786440376,10500.0,230.1542,-90.0,0.0,0.0,7.75936462078653e-44,0.14323944879872352,-90.0,-1.5707963267948963,-1.3151627098475155e-10,-2.1239422573183234e-44,5.535147373838306e-13,-8.278935010231643e-36,10560.19021369314,584071.4625931794,33930.09618192416,31262.63724471315,33930.09618192416,0.6613779869331974,12240.310701547853,0.0,-1.897467038903663e-33,-1.5158147169304088e-07,2.0522358183966354e-19,pseudo_6dof_kinematic_bridge,a320.attitude_response_p6dof.v1,surrogate_policy_overlay,0.0,0,0.654144631963477,-1.3151627098475155e-10,2.3409907592003427e-28,0.01999999999997313,-9.3639630362053e-27,jsbsim-1.3.1-a320-coefficient-surrogate
632.0,32629.12504289551,4541.366293978548,10480.732140075683,232.17221871394833,0.7808452334843742,59558.0526164127,4,5,inbound-level,32649.305394725994,5827.954586440377,10500.0,230.1542,-90.0,0.0,0.0,-3.9036149094646324e-43,0.14323944880847483,-90.0,-1.5707963267948963,-9.863720323856366e-11,-8.167357894964681e-45,1.7019224662072187e-13,-4.599408339017579e-36,10556.017930949894,584064.9766907437,33924.29337476404,31314.68559807058,33924.29337476404,0.6624147603422916,12247.40535923792,0.0,-1.068822212048162e-33,2.8120464519224325e-07,2.0514249894860075e-19,pseudo_6dof_kinematic_bridge,a320.attitude_response_p6dof.v1,surrogate_policy_overlay,0.0,0,0.6553306116407163,-9.863720323856366e-11,2.3409907592003427e-28,0.0199999999999448,-9.363963036470225e-27,jsbsim-1.3.1-a320-coefficient-surrogate
633.0,32629.12504289551,4309.1940752646,10480.732140058508,232.1284025108429,0.7806978701453002,59557.39020165236,4,5,inbound-level,32649.305394725994,5597.800386440376,10500.0,230.1542,-90.0,0.0,0.0,-3.426999813544772e-43,0.14323944880430356,-90.0,-1.5707963267948963,-7.397790242892275e-11,8.318502688510154e-46,-7.280258759653581e-14,-2.555226855009766e-36,10551.936090240206,584058.4806210342,33918.61127030313,31365.60336847446,33918.61127030313,0.6634290131860381,12254.351310933256,0.0,-6.024530054021878e-34,3.9157456944616286e-07,2.0506317367862578e-19,pseudo_6dof_kinematic_bridge,a320.attitude_response_p6dof.v1,surrogate_policy_overlay,0.0,0,0.6564907725215203,-7.397790242892275e-11,2.3409907592003427e-28,0.019999999999946522,-9.363963036617406e-27,jsbsim-1.3.1-a320-coefficient-surrogate
634.0,32629.12504289551,4077.0656727537566,10480.73214004563,232.08553616196212,0.7805537013708446,59556.72677263917,4,5,inbound-level,32649.305394725994,5367.646186440377,10500.0,230.1542,-90.0,0.0,0.0,-1.4038929643027357e-43,0.14323944879489547,-90.0,-1.5707963267948963,-5.548342682169206e-11,3.530987563892208e-45,-1.6420192841905862e-13,-1.4195704750054254e-36,10547.942736280253,584051.9746049019,33913.047260365805,31415.414881610388,33913.047260365805,0.6644212300181715,12261.151770222808,0.0,-3.3988656758650015e-34,3.090461455747052e-07,2.0498556803239245e-19,pseudo_6dof_kinematic_bridge,a320.attitude_response_p6dof.v1,surrogate_policy_overlay,0.0,0,0.6576256725052692,-5.548342682169206e-11,2.3409907592003427e-28,0.019999999999962065,-9.363963036699174e-27,jsbsim-1.3.1-a320-coefficient-surrogate
635.0,32629.12504289551,3844.9801365917947,10480.732140035972,232.04359913002904,0.7804126580897041,59556.06235140916,4,5,inbound-level,32649.305394725994,5137.491986440376,10500.0,230.1542,-90.0,0.0,0.0,6.463645526262549e-45,0.1432394487862352,-90.0,-1.5707963267948963,-4.1612570116269046e-11,2.5630673533816787e-45,-1.5115025709528856e-13,-7.88650263891903e-37,10544.035955854817,584045.4588584467,33907.5987928739,31464.143944831085,33907.5987928739,0.665391885067532,12267.809881571222,0.0,-1.9208130823849375e-34,1.6258347198488797e-07,2.0490964482963392e-19,pseudo_6dof_kinematic_bridge,a320.attitude_response_p6dof.v1,surrogate_policy_overlay,0.0,0,0.6587358575008236,-4.1612570116269046e-11,2.3409907592003427e-28,0.019999999999978858,-9.363963036744599e-27,jsbsim-1.3.1-a320-coefficient-surrogate
636.0,32629.12504289551,3612.9365374617655,10480.732140028731,232.00257131972944,0.7802746727169947,59555.39695952409,4,5,inbound-level,32649.305394725994,4907.337786440377,10500.0,230.1542,-90.0,0.0,0.0,5.436103388432463e-44,0.1432394487809361,-90.0,-1.5707963267948963,-3.1209427587201784e-11,8.35967129954584e-46,-9.248666353545646e-14,-4.381390354955017e-37,10540.213876920763,584038.933593117,33902.2633706512,31511.81385798566,33902.2633706512,0.666341442453778,12274.328721792248,0.0,-1.093706383376692e-34,3.6246894613171154e-08,2.0483536768994866e-19,pseudo_6dof_kinematic_bridge,a320.attitude_response_p6dof.v1,surrogate_policy_overlay,0.0,0,0.6598218616814995,-3.1209427587201784e-11,2.3409907592003427e-28,0.019999999999990428,-9.363963036769837e-27,jsbsim-1.3.1-a320-coefficient-surrogate
637.0,32629.12504289551,3380.9339661420363,10480.732140023301,231.9624330682873,0.7801396791225544,59554.73061808164,4,5,inbound-level,32649.305394725994,4677.1835864403765,10500.0,230.1542,-90.0,0.0,0.0,4.167955978897051e-44,0.1432394487790874,-90.0,-1.5707963267948963,-2.3407070690401337e-11,-2.2133347697029882e-46,-3.226605415787986e-14,-2.434105752752787e-37,10536.474667729184,584032.3990158102,33897.038550252866,31558.447424033264,33897.038550252866,0.6672703563988047,12280.711301491392,0.0,-6.202007873068751e-35,-3.663770409562194e-08,2.047627010158563e-19,pseudo_6dof_kinematic_bridge,a320.attitude_response_p6dof.v1,surrogate_policy_overlay,0.0,0,0.6608842077347692,-2.3407070690401337e-11,2.3409907592003427e-28,0.01999999999999548,-9.363963036783856e-27,jsbsim-1.3.1-a320-coefficient-surrogate
638.0,32629.12504289551,3148.971533073749,10480.732140019229,231.92316513623777,0.7800076125999087,59554.06334772524,4,5,inbound-level,32649.305394725994,4447.029386440376,10500.0,230.1542,-90.0,0.0,0.0,1.466461563657087e-44,0.14323944877953576,-90.0,-1.5707963267948963,-1.7555303017801003e-11,-4.714997227017625e-46,7.825335316455361e-15,-1.3522809737515484e-37,10532.816535965867,584025.8553289699,33891.92194081932,31604.066959443102,33891.92194081932,0.6681790714339058,12286.960566478323,0.0,-3.6267924222876204e-35,-5.8646091814741616e-08,2.0469160997615831e-19,pseudo_6dof_kinematic_bridge,a320.attitude_response_p6dof.v1,surrogate_policy_overlay,0.0,0,0.6619234071067485,-1.7555303017801003e-11,2.3409907592003427e-28,0.019999999999995653,-9.363963036791646e-27,jsbsim-1.3.1-a320-coefficient-surrogate
639.0,32629.12504289551,2917.048367937511,10480.732140016175,231.88474869839183,0.7798784098358844,59553.395168653806,4,5,inbound-level,32649.305394725994,4216.8751864403785,10500.0,230.1542,-90.0,0.0,0.0,-2.7339482865782257e-45,0.14323944878093128,-90.0,-1.5707963267948963,-1.3166477263350752e-11,-3.0366222557765336e-46,2.4356418562757392e-14,-7.512672076397491e-38,10529.490323817437,584019.3027306788,33888.28405196169,31650.0654482549,33888.28405196169,0.6690953350038804,12291.776769855984,0.0,-2.1312925513860596e-35,-4.858097271950176e-08,2.0462696936302844e-19,pseudo_6dof_kinematic_bridge,a320.attitude_response_p6dof.v1,surrogate_policy_overlay,0.0,0,0.6629703925293738,-1.3166477263350752e-11,2.3409907592003427e-28,0.019999999999993422,-9.363963036795972e-27,jsbsim-1.3.1-a320-coefficient-surrogate
640.0,32629.12504289551,2685.1636192391193,10480.732140013884,231.8471653063596,0.779752008784565,59552.7260733188,4,5,inbound-level,32649.305394725994,3986.7209864403776,10500.0,230.1542,-90.0,0.0,0.0,-7.342557004450534e-45,0.14323944878229766,-90.0,-1.5707963267948963,-9.874857947513064e-12,-8.043539606298623e-47,2.3847791733305547e-14,-4.1737067091097175e-38,10526.25171107195,584012.7411469119,33884.804017789924,31695.147437671476,33884.804017789924,0.6699933424304592,12296.41386827459,0.0,-1.3224643560721623e-35,-2.663546230586817e-08,2.045640311304872e-19,pseudo_6dof_kinematic_bridge,a320.attitude_response_p6dof.v1,surrogate_policy_overlay,0.0,0,0.6639964241339982,-9.874857947513064e-12,2.3409907592003427e-28,0.019999999999990813,-9.363963036798377e-27,jsbsim-1.3.1-a320-coefficient-surrogate
641.0,32629.12504289551,2453.3164539327595,10480.732140012167,231.81039693789313,0.7796283488332426,59552.05607997637,4,5,inbound-level,32649.305394725994,3756.5667864403767,10500.0,230.1542,-90.0,0.0,0.0,-4.978351678295135e-45,0.14323944878317635,-90.0,-1.5707963267948963,-7.406143460634798e-12,4.1263167134598134e-47,1.5336456056059644e-14,-2.3187259495053986e-38,10523.083330030862,584006.1707567002,33881.394330418705,31739.248679183136,33881.394330418705,0.6708718139201015,12300.95552809973,0.0,-8.568948220678188e-36,-6.604067129739621e-09,2.0450245775988668e-19,pseudo_6dof_kinematic_bridge,a320.attitude_response_p6dof.v1,surrogate_policy_overlay,0.0,0,0.6650000909168082,-7.406143460634798e-12,2.3409907592003427e-28,0.019999999999988926,-9.363963036799713e-27,jsbsim-1.3.1-a320-coefficient-surrogate
642.0,32629.12504289551,2221.5060569948664,10480.73214001088,231.77442596075588,0.779507370680902,59551.38520816245,4,5,inbound-level,32649.305394725994,3526.412586440376,10500.0,230.1542,-90.0,0.0,0.0,-1.4542726550642136e-45,0.14323944878351638,-90.0,-1.5707963267948963,-5.5546075954760985e-12,6.150678205584532e-47,5.934445986631069e-15,-1.2881810830585548e-38,10519.983661300232,583999.5917516263,33878.05346943646,31782.39030550261,33878.05346943646,0.6717311704243494,12305.403812579752,0.0,-6.118874399999498e-36,5.584934465550652e-09,2.044422197237885e-19,pseudo_6dof_kinematic_bridge,a320.attitude_response_p6dof.v1,surrogate_policy_overlay,0.0,0,0.6659818765798388,-5.5546075954760985e-12,2.3409907592003427e-28,0.019999999999988038,-9.363963036800455e-27,jsbsim-1.3.1-a320-coefficient-surrogate
643.0,32629.12504289551,1989.7316310341105,10480.732140009914,231.7392351225582,0.779389016304036,59550.71347699202,4,5,inbound-level,32649.305394725994,3296.258386440375,10500.0,230.1542,-90.0,0.0,0.0,5.668860245597247e-46,0.14323944878347994,-90.0,-1.5707963267948963,-4.165955696607074e-12,3.5275873664698948e-47,-6.358083706177553e-16,-7.156561572547527e-39,10516.951218217999,583993.004319144,33874.77994716303,31824.592997770662,33874.77994716303,0.6725718238996904,12309.760740537291,0.0,-4.404319632604417e-36,9.766021340043165e-09,2.0438328813085152e-19,pseudo_6dof_kinematic_bridge,a320.attitude_response_p6dof.v1,surrogate_policy_overlay,0.0,0,0.6669422544117338,-4.165955696607074e-12,2.3409907592003427e-28,0.01999999999998794,-9.363963036800867e-27,jsbsim-1.3.1-a320-coefficient-surrogate
644.0,32629.12504289551,1757.9923959115522,10480.73214000919,231.70480754263988,0.7792732289293431,59550.04090516812,4,5,inbound-level,32649.305394725994,3066.104186440378,10500.0,230.1542,-90.0,0.0,0.0,9.672282991249185e-46,0.14323944878327546,-90.0,-1.5707963267948963,-3.1244667724553053e-12,6.987290826085782e-48,-3.569128062062751e-15,-3.9758675403041816e-39,10513.98454615449,583986.4086426669,33871.57230795025,31865.87699504676,33871.57230795025,0.673394177496605,12314.028287318608,0.0,-3.913846436434705e-36,8.650752826603518e-09,2.0432563471224034e-19,pseudo_6dof_kinematic_bridge,a320.attitude_response_p6dof.v1,surrogate_policy_overlay,0.0,0,0.6678816875099651,-3.1244667724553053e-12,2.3409907592003427e-28,0.019999999999988253,-9.363963036801097e-27,jsbsim-1.3.1-a320-coefficient-surrogate
645.0,32629.12504289551,1526.2875883689123,10480.732140008648,231.6711267041226,0.7791599530069995,59549.367510990625,4,5,inbound-level,32649.305394725994,2835.949986440377,10500.0,230.1542,-90.0,0.0,0.0,5.83432766530072e-46,0.1432394487830612,-90.0,-1.5707963267948963,-2.343350079341479e-12,-6.698495698225287e-48,-3.739801082657958e-15,-2.2088153001689897e-39,10511.082221827595,583979.8049016562,33868.42912749733,31906.262103608336,33868.42912749733,0.674198625744804,12318.208385722966,0.0,-2.9345745314048443e-36,5.4076250197582585e-09,2.0426923180831713e-19,pseudo_6dof_kinematic_bridge,a320.attitude_response_p6dof.v1,surrogate_policy_overlay,0.0,0,0.6688006289984184,-2.343350079341479e-12,2.3409907592003427e-28,0.019999999999988655,-9.363963036801223e-27,jsbsim-1.3.1-a320-coefficient-surrogate
646.0,32629.12504289551,1294.6164616647898,10480.73214000824,231.63817644613005,0.779049134184493,59548.69331236488,4,5,inbound-level,32649.305394725994,2605.795786440376,10500.0,230.1542,-90.0,0.0,0.0,1.3307824825142006e-46,0.1432394487829165,-90.0,-1.5707963267948963,-1.7575125595061092e-12,-7.860169145195462e-48,-2.5253190196534968e-15,-1.2271196112049941e-39,10508.242852632378,583973.1932717031,33865.34901218054,31945.767706060207,33865.34901218054,0.6749855547346814,12322.302926912387,0.0,-2.689299994186613e-36,2.2621538361866434e-09,2.0421405235561453e-19,pseudo_6dof_kinematic_bridge,a320.attitude_response_p6dof.v1,surrogate_policy_overlay,0.0,0,0.669699522240401,-1.7575125595061092e-12,2.3409907592003427e-28,0.01999999999998896,-9.363963036801293e-27,jsbsim-1.3.1-a320-coefficient-surrogate
647.0,32629.12504289551,1062.9782852186597,10480.732140007935,231.60594095617202,0.7789407192810087,59548.01832681015,4,5,inbound-level,32649.305394725994,2375.6415864403752,10500.0,230.1542,-90.0,0.0,0.0,-9.6629884282294e-47,0.14323944878285538,-90.0,-1.5707963267948963,-1.3181344196295819e-12,-4.0091632313208146e-48,-1.0669220800249002e-15,-6.817331173361078e-40,10505.465075984775,583966.5739246127,33862.33059839707,31984.412770258452,33862.33059839707,0.6757553422950742,12326.313761302328,0.0,-2.9330062882133582e-36,2.2998873075982518e-10,2.0416006987408147e-19,pseudo_6dof_kinematic_bridge,a320.attitude_response_p6dof.v1,surrogate_policy_overlay,0.0,0,0.670578801047172,-1.3181344196295819e-12,2.3409907592003427e-28,0.019999999999989117,-9.363963036801333e-27,jsbsim-1.3.1-a320-coefficient-surrogate
648.0,32629.12504289551,831.3723442624877,10480.732140007705,231.57440476268846,0.7788346562623546,59547.34257146785,4,5,inbound-level,32649.305394725994,2145.487386440378,10500.0,230.1542,-90.0,0.0,0.0,-1.2468654334951795e-46,0.14323944878285555,-90.0,-1.5707963267948963,-9.886008147221865e-13,-4.89681077832579e-49,2.9514960750816367e-18,-3.787406207422821e-40,10502.74755867916,583959.9470284851,33859.37255192279,32022.215858053023,33859.37255192279,0.6765083581674094,12330.242699433504,0.0,-2.6878936226168186e-36,-5.36501555500953e-10,2.041072584545983e-19,pseudo_6dof_kinematic_bridge,a320.attitude_response_p6dof.v1,surrogate_policy_overlay,0.0,0,0.6714388898821094,-9.886008147221865e-13,2.3409907592003427e-28,0.01999999999998914,-9.363963036801355e-27,jsbsim-1.3.1-a320-coefficient-surrogate
649.0,32629.12504289551,599.7979394997992,10480.732140007534,231.54355272775183,0.7787308942164153,59546.66606310968,4,5,inbound-level,32649.305394725994,1915.3331864403772,10500.0,230.1542,-90.0,0.0,0.0,-6.696782970872409e-47,0.14323944878288508,-90.0,-1.5707963267948963,-7.414506110416399e-13,1.0073815930476165e-48,5.154384136943136e-16,-2.104114559679345e-40,10500.088996259445,583953.3127477947,33856.47356728348,32059.1951338502,33856.47356728348,0.6772449641762639,12334.091512825238,0.0,-2.4429211232819513e-36,-4.5974207208309527e-10,2.040555927467552e-19,pseudo_6dof_kinematic_bridge,a320.attitude_response_p6dof.v1,surrogate_policy_overlay,0.0,0,0.6722802040605468,-7.414506110416399e-13,2.3409907592003427e-28,0.0199999999999891,-9.363963036801366e-27,jsbsim-1.3.1-a320-coefficient-surrogate
650.0,32629.12504289551,368.2543867720474,10480.732140007405,231.51337003992208,0.7786293833291247,59545.9888181455,4,5,inbound-level,32649.305394725994,1685.1789864403763,10500.0,230.1542,-90.0,0.0,0.0,-1.049203884222069e-47,0.14323944878291847,-90.0,-1.5707963267948963,-5.560879582812299e-13,9.856884982882257e-49,5.826746623637214e-16,-1.1689525331551916e-40,10497.488112403436,583946.6712434666,33853.63236713935,32095.368373001893,33853.63236713935,0.6779655143964742,12337.861934811015,0.0,-2.6865476098688176e-36,3.830234945455606e-11,2.0400504794688815e-19,pseudo_6dof_kinematic_bridge,a320.attitude_response_p6dof.v1,surrogate_policy_overlay,0.0,0,0.6731031499454493,-5.560879582812299e-13,2.3409907592003427e-28,0.019999999999989037,-9.363963036801374e-27,jsbsim-1.3.1-a320-coefficient-surrogate
651.0,32629.12504289551,136.7410167321253,10480.732140007309,231.48384220725404,0.7785300748609457,59545.310852631104,4,5,inbound-level,32649.305394725994,1455.0247864403755,10500.0,230.1542,-90.0,0.0,0.0,1.495767566725837e-47,0.14323944878294215,-90.0,-1.5707963267948963,-4.1706596871092244e-13,4.441813118829832e-49,4.1288747124325874e-16,-6.494180739751064e-41,10494.94365832023,583940.0226729547,33850.84770168266,32130.75297002103,33850.84770168266,0.6786703553167819,12341.555661356091,0.0,-2.6858964257986415e-36,5.169563837781873e-10,2.0395559978636783e-19,pseudo_6dof_kinematic_bridge,a320.attitude_response_p6dof.v1,surrogate_policy_overlay,0.0,0,0.6739081251389216,-4.1706596871092244e-13,2.3409907592003427e-28,0.01999999999998899,-9.363963036801378e-27,jsbsim-1.3.1-a320-coefficient-surrogate
652.0,32629.12504289551,-94.74282547512874,10480.732140007236,231.45495505045136,0.7784329211238474,59544.63218227579,4,5,inbound-level,32649.305394725994,1224.8705864403782,10500.0,230.1542,-90.0,0.0,0.0,1.5763001425811087e-47,0.14323944878295292,-90.0,-1.5707963267948963,-3.1279947653319183e-13,1.4055586037865808e-50,1.8826336791417684e-16,-3.607878188750591e-41,10492.454412160307,583933.3671903149,33848.118348047916,32165.365946629936,33848.118348047916,0.6793598260001534,12345.174351858077,0.0,-2.441144882454859e-36,8.613896155551222e-10,2.039072245201357e-19,pseudo_6dof_kinematic_bridge,a320.attitude_response_p6dof.v1,surrogate_policy_overlay,0.0,0,0.6746955186697148,-3.1279947653319183e-13,2.3409907592003427e-28,0.01999999999998896,-9.36396303680138e-27,jsbsim-1.3.1-a320-coefficient-surrogate
653.0,32629.12504289551,-326.19778052558013,10480.732140007181,231.4266946961659,0.7783378754587685,59543.95282244979,4,5,inbound-level,32649.305394725994,994.7163864403774,10500.0,230.1542,-90.0,0.0,0.0,7.506573002323532e-48,0.1432394487829538,-90.0,-1.5707963267948963,-2.3459960739989384e-13,-1.4410186044510257e-49,1.5195065973143256e-17,-2.004376771528106e-41,10490.019178438124,583926.7049462773,33845.443109734704,32199.22395964257,33845.443109734704,0.6800342582407894,12348.719629930398,0.0,-2.4405783078379997e-36,9.951525333905855e-10,2.038598989154829e-19,pseudo_6dof_kinematic_bridge,a320.attitude_response_p6dof.v1,surrogate_policy_overlay,0.0,0,0.6754657111767576,-2.3459960739989384e-13,2.3409907592003427e-28,0.019999999999988957,-9.363963036801381e-27,jsbsim-1.3.1-a320-coefficient-surrogate
654.0,32629.12504289551,-557.624475221746,10480.732140007141,231.39904757043865,0.778244892213558,59543.27278819155,4,5,inbound-level,32649.305394725994,764.5621864403765,10500.0,230.1542,-90.0,0.0,0.0,5.507626778443074e-49,0.14323944878294959,-90.0,-1.5707963267948963,-1.7594970554992038e-13,-1.2140179230637758e-49,-7.31397135023492e-17,-1.1135426508489478e-41,10487.63678746691,583920.0360883187,33842.82081604266,32232.34330868494,33842.82081604266,0.6806939767179108,12352.193084169245,0.0,-2.440024027466703e-36,9.757933216557018e-10,2.0381360024106606e-19,pseudo_6dof_kinematic_bridge,a320.attitude_response_p6dof.v1,surrogate_policy_overlay,0.0,0,0.6762190750888233,-1.7594970554992038e-13,2.3409907592003427e-28,0.019999999999988964,-9.363963036801381e-27,jsbsim-1.3.1-a320-coefficient-surrogate
655.0,32629.12504289551,-789.0235227921846,10480.73214000711,231.37200039227957,0.7781539267213826,59542.59209421483,4,5,inbound-level,32649.305394725994,534.4079864403757,10500.0,230.1542,-90.0,0.0,0.0,-2.1821007195557542e-48,0.14323944878294442,-90.0,-1.5707963267948963,-1.319622791624403e-13,-4.769746429186932e-50,-9.013249113911194e-17,-6.186348060271933e-42,10485.30609480544,583913.3607607319,33840.250321518375,32264.73994375645,33840.250321518375,0.6813392991463767,12355.596268904366,0.0,-2.4394817750784982e-36,9.1818961766298e-10,2.0376830625615642e-19,pseudo_6dof_kinematic_bridge,a320.attitude_response_p6dof.v1,surrogate_policy_overlay,0.0,0,0.6769559748003973,-1.319622791624403e-13,2.3409907592003427e-28,0.01999999999998897,-9.363963036801382e-27,jsbsim-1.3.1-a320-coefficient-surrogate
656.0,32629.12504289551,-1020.3955231844642,10480.732140007087,231.34554016738366,0.7780649352795925,59541.91075491568,4,5,inbound-level,32649.305394725994,304.25378644037846,10500.0,230.1542,-90.0,0.0,0.0,-1.9566316855530754e-48,0.14323944878294056,-90.0,-1.5707963267948963,-9.897170937183023e-14,3.935177004637798e-51,-6.701774254448281e-17,-3.436860033484407e-42,10483.02598071652,583906.6791046939,33837.730505414176,32296.429472634947,33837.730505414176,0.6819705364241887,12358.930704933686,0.0,-2.4389512901584846e-36,8.606155780785104e-10,2.0372399520011579e-19,pseudo_6dof_kinematic_bridge,a320.attitude_response_p6dof.v1,surrogate_policy_overlay,0.0,0,0.6776767668438233,-9.897170937183023e-14,2.3409907592003427e-28,0.019999999999988978,-9.363963036801382e-27,jsbsim-1.3.1-a320-coefficient-surrogate
657.0,32629.12504289551,-1251.741063351848,10480.73214000707,231.31965418197956,0.7779778751290336,59541.22878437926,4,5,inbound-level,32649.305394725994,74.0995864403776,10500.0,230.1542,-90.0,0.0,0.0,-8.178753606442215e-49,0.1432394487829387,-90.0,-1.5707963267948963,-7.422878202887267e-14,1.9875047247569812e-50,-3.261954452510571e-17,-1.909366685269115e-42,10480.795349636932,583899.9912583329,33835.26027115814,32327.427168129867,33835.26027115814,0.6825879927769696,12362.197880242711,0.0,-2.4384323178160102e-36,7.839495673415118e-10,2.036806457820959e-19,pseudo_6dof_kinematic_bridge,a320.attitude_response_p6dof.v1,surrogate_policy_overlay,0.0,0,0.6783818000578269,-7.422878202887267e-14,2.3409907592003427e-28,0.019999999999988985,-9.363963036801382e-27,jsbsim-1.3.1-a320-coefficient-surrogate
658.0,32629.12504289551,-1483.0607175338275,10480.732140007058,231.2943299968094,0.7778927044337991,59540.54619638648,5,6,right-turn,32648.559502687407,-156.05223678117986,10500.0,230.1542,-90.5477158317712,0.0,20.0,2.370517342283047e-50,0.14323944878293843,-90.0,-1.5707963267948963,-5.56715865216545e-14,1.4688351240162364e-50,-4.832706881955463e-18,-1.0607592695939526e-42,10478.613129658666,583893.2973567934,33832.83854583562,32357.747975184353,33832.83854583562,0.683191965899433,12365.39925070836,0.0,-2.4379246086639783e-36,7.646696001818933e-10,2.0363823717095677e-19,pseudo_6dof_kinematic_bridge,a320.attitude_response_p6dof.v1,surrogate_policy_overlay,0.0,0,0.6790714157524509,-5.56715865216545e-14,2.3409907592003427e-28,0.019999999999988985,-9.363963036801382e-27,jsbsim-1.3.1-a320-coefficient-surrogate
659.0,32628.019524434534,-1714.3524054899783,10480.732140007049,231.26955544123587,0.7778093822614113,59539.86300442058,5,6,right-turn,32644.737141618105,-386.1727876267042,10500.0,230.1542,-91.35550418363856,0.0,20.0,10.833333333333334,0.143239448782939,-90.13523847698053,-1.5755760491097497,-4.1753689891240874e-14,0.18907733563271903,1.0158744900521213e-17,-0.0023603566986930137,10476.478272021108,583886.5975323011,33830.464279681546,32387.40651783114,33830.464279681546,0.6837827470939409,12368.53624078806,0.0,-58854.26437156871,7.645138104112472e-10,16928.882489706117,pseudo_6dof_kinematic_bridge,a320.attitude_response_p6dof.v1,surrogate_policy_overlay,0.0,0,0.6797459478705139,-4.1753689891240874e-14,0.027925268031909273,0.019999999999988985,-0.0007647555703765364,jsbsim-1.3.1-a320-coefficient-surrogate
660.0,32624.73124426503,-1945.5985827286815,10480.732140007041,231.24531860747416,0.7777278685634228,59539.17922167348,5,6,right-turn,32637.670898040375,-616.2165803429863,10500.0,230.1542,-92.16329253550592,0.0,20.0,19.590277777777775,0.14323944878293982,-90.51167113867541,-1.5850151934668484,-3.1315267418430655e-14,0.1528375129697812,1.3896759627329578e-17,-0.006569989358621501,10474.389750614024,583879.8919142243,33828.13644558361,32416.41710600438,33828.13644558361,0.6843606214061915,12371.610244194097,0.0,-198629.59844298582,7.643614019952131e-10,35823.57814497513,pseudo_6dof_kinematic_bridge,a320.attitude_response_p6dof.v1,surrogate_policy_overlay,0.0,0,0.6804057231456503,-3.1315267418430655e-14,0.005235987755982988,0.019999999999988985,-0.0016093980784808854,jsbsim-1.3.1-a320-coefficient-surrogate
661.0,32618.72238161223,-2176.7658186153703,10480.732140007036,231.22160784494736,0.777648124156431,59538.49486105207,5,6,right-turn,32627.362176485174,-846.1378899806297,10500.0,230.1542,-92.97108088737328,0.0,20.0,22.8771412037037,0.14323944878294043,-91.12860814747638,-1.5967840488450697,-2.348645056382299e-14,0.05736658884578816,1.088004025615525e-17,-0.010767582080982337,10472.34656149112,583873.1806291363,33825.854038596066,32444.79374220955,33825.854038596066,0.6849258677580792,12374.622624553704,0.0,-140254.76011618305,8.024229167550738e-10,45782.48543285022,pseudo_6dof_kinematic_bridge,a320.attitude_response_p6dof.v1,surrogate_policy_overlay,0.0,0,0.6810510612569834,-2.348645056382299e-14,-0.005541420375081994,0.01999999999998898,-0.002043298935341547,jsbsim-1.3.1-a320-coefficient-surrogate
662.0,32609.72517732105,-2407.8123123116507,10480.732140007032,231.19841175476074,0.7775701107034949,59537.80993518431,5,6,right-turn,32613.81302597876,-1075.891015935743,10500.0,230.1542,-93.77886923924062,0.0,20.0,22.46909191743827,0.14323944878294076,-91.92628247085888,-1.6097177597338523,-1.7614837922867244e-14,-0.007121803555744655,5.67344742670849e-18,-0.013922043301642442,10470.347722393903,583866.4638008752,33823.61607546372,32472.550128055533,33823.61607546372,0.6854787590778113,12377.574716055096,0.0,-44196.324640692765,8.022697596484889e-10,48318.222649346884,pseudo_6dof_kinematic_bridge,a320.attitude_response_p6dof.v1,surrogate_policy_overlay,0.0,0,0.6816822749805367,-1.7614837922867244e-14,-0.006311910517785325,0.01999999999998898,-0.002141873971916037,jsbsim-1.3.1-a320-coefficient-surrogate
663.0,32597.60724927909,-2638.692933884562,10480.732140007029,231.17571918429383,0.7774937906959474,59537.124456425234,5,6,right-turn,32597.026139635414,-1305.4302910336817,10500.0,230.1542,-94.58665759110798,0.0,20.0,20.988849878632973,0.14323944878294081,-92.82686370443724,-1.6232338983779155,-1.3211128442150433e-14,-0.025835097303586116,1.219827752306842e-18,-0.015718107707614434,10468.392272285691,583859.7415506025,33821.421594156134,32499.6996706512,33821.421594156134,0.6860195624273229,12380.467824079788,0.0,13007.72575354966,8.021199271376771e-10,46103.90096111453,pseudo_6dof_kinematic_bridge,a320.attitude_response_p6dof.v1,surrogate_policy_overlay,0.0,0,0.6822996703374333,-1.3211128442150433e-14,-0.003162630537264439,0.01999999999998898,-0.002029817370905739,jsbsim-1.3.1-a320-coefficient-surrogate
664.0,32582.304229642883,-2869.3615939370043,10480.732140007027,231.1535192219079,0.7774191274355944,59536.43843686281,5,6,right-turn,32577.00485412211,-1534.7100906061396,10500.0,230.1542,-95.39444594297534,0.0,20.0,19.935138147458257,0.14323944878294076,-93.76170362103527,-1.637041250899619,-9.908346331612825e-15,-0.01839073907588814,-1.3689377951599185e-18,-0.016316034523704878,10466.479270895512,583853.0139968607,33819.26965341173,32526.255488867933,33819.26965341173,0.6865485391270231,12383.303225821459,0.0,25639.258030665387,8.01973347176228e-10,41797.0091584068,pseudo_6dof_kinematic_bridge,a320.attitude_response_p6dof.v1,surrogate_policy_overlay,0.0,0,0.6829035467389307,-9.908346331612825e-15,-0.0003472910030638905,0.01999999999998898,-0.0018284114900051869,jsbsim-1.3.1-a320-coefficient-surrogate
665.0,32563.78607206853,-3099.772156387436,10480.732140007025,231.1318011917656,0.7773460850172929,59535.751888323684,5,6,right-turn,32553.753148995344,-1763.6848415597967,10500.0,230.1542,-96.2022342948427,0.0,20.0,19.60147254500722,0.14323944878294062,-94.68420538258728,-1.6509942103601427,-7.431259748709618e-15,-0.005823563363421115,-2.1605171541899937e-18,-0.016100693094530192,10464.60779827173,583846.2812556295,33817.15933229159,32552.23041947279,33817.15933229159,0.6870659448779648,12386.082170891561,0.0,15849.015960130795,8.018299492746609e-10,37390.135495964074,pseudo_6dof_kinematic_bridge,a320.attitude_response_p6dof.v1,surrogate_policy_overlay,0.0,0,0.6834941971283964,-7.431259748709618e-15,0.00082619379389924,0.01999999999998898,-0.0016270969674127274,jsbsim-1.3.1-a320-coefficient-surrogate
666.0,32542.040201285152,-3329.878711326713,10480.732140007023,231.1105546487608,0.7772746283118991,59535.06482237881,5,6,right-turn,32527.275645910082,-1992.309031434713,10500.0,230.1542,-97.01002264671006,0.0,20.0,19.700558622270446,0.14323944878294054,-95.57152831487059,-1.6650199732900766,-5.573444811532213e-15,0.0017293782911287732,-1.7887617402678132e-18,-0.015486706696794583,10462.77695434515,583839.5434403811,33815.089729742685,32577.63702313346,33815.089729742685,0.6875720298814592,12388.80588191226,0.0,3533.089318562793,8.016896644669472e-10,34014.58253662088,pseudo_6dof_kinematic_bridge,a320.attitude_response_p6dof.v1,surrogate_policy_overlay,0.0,0,0.6840719081202576,-5.573444811532213e-15,0.0007893918344742473,0.01999999999998898,-0.0014755404889648023,jsbsim-1.3.1-a320-coefficient-surrogate
667.0,32517.063087111208,-3559.635609455147,10480.732140007021,231.0897693735571,0.7772047229495805,59534.37725034892,5,6,right-turn,32497.577607701183,-2220.5372174506706,10500.0,230.1542,-97.8178109985774,0.0,20.0,19.897436162249416,0.14323944878294048,-96.41966928511181,-1.6790821379547154,-4.18008360864916e-15,0.003436161295859806,-1.0089483365798737e-18,-0.01480285245176845,10460.98585850144,583832.8006621343,33813.05996417058,32602.487590297565,33813.05996417058,0.6880670389561887,12391.47555509647,0.0,-2983.067259972481,8.015524252777495e-10,32043.982757206108,pseudo_6dof_kinematic_bridge,a320.attitude_response_p6dof.v1,surrogate_policy_overlay,0.0,0,0.6846369601359902,-4.18008360864916e-15,0.00034892390500194844,0.01999999999998898,-0.0013890487210781522,jsbsim-1.3.1-a320-coefficient-surrogate
668.0,32488.856031693722,-3788.997427406171,10480.732140007021,231.06943536773082,0.7771363353034831,59533.689183309965,5,6,right-turn,32464.664937337282,-2448.3240355396656,10500.0,230.1542,-98.62559935044476,0.0,20.0,20.021898713356958,0.14323944878294045,-97.23607888918795,-1.6931625034867066,-3.13506270648687e-15,0.002172281312258259,-3.3395250030701605e-19,-0.014249035636031792,10459.233649162641,583826.0530295067,33811.069173020995,32626.794146950382,33811.069173020995,0.6885512116528967,12394.092360815739,0.0,-3933.6452122241813,8.014181656903543e-10,31338.931857782747,pseudo_6dof_kinematic_bridge,a320.attitude_response_p6dof.v1,surrogate_policy_overlay,0.0,0,0.6851896275372399,-3.13506270648687e-15,5.759681143920737e-06,0.01999999999998898,-0.001360060006685259,jsbsim-1.3.1-a320-coefficient-surrogate
669.0,32457.423063440976,-4017.9189258897864,10480.732140007021,231.04954284901885,0.7770694324737465,59533.000632098316,5,6,right-turn,32428.544176747502,-2675.624209362756,10500.0,230.1542,-99.43338770231212,0.0,20.0,20.053598803176243,0.14323944878294045,-98.03273125225661,-1.7072519694523742,-2.3512970298651524e-15,0.0005532709405244869,1.4038820235527884e-19,-0.013904206729341537,10457.519483377644,583819.3006487669,33809.11651237053,32650.568460250855,33809.11651237053,0.6890247823666547,12396.65744415595,0.0,-2420.2107722933133,8.012868211152944e-10,31509.52974576711,pseudo_6dof_kinematic_bridge,a320.attitude_response_p6dof.v1,surrogate_policy_overlay,0.0,0,0.6857301787560796,-2.3512970298651524e-15,-0.00011746762449267923,0.01999999999998898,-0.001370175140379664,jsbsim-1.3.1-a320-coefficient-surrogate
670.0,32422.76988410259,-4246.355018511951,10480.732140007021,231.03008224666695,0.7770039822718602,59532.31160731595,5,6,right-turn,32389.222505521135,-2902.392559309474,10500.0,230.1542,-100.24117605417948,0.0,20.0,20.035661149559193,0.14323944878294048,-98.82115699718501,-1.7213459856348798,-1.7634727723988642e-15,-0.0003130711156997635,3.680717396331804e-19,-0.013760625156489483,10455.842536421347,583812.5436238849,33807.20115652595,32673.822044050543,33807.20115652595,0.6894879804467956,12399.171925461167,0.0,-865.8241322102804,8.011583283596341e-10,32123.03877378055,pseudo_6dof_kinematic_bridge,a320.attitude_response_p6dof.v1,surrogate_policy_overlay,0.0,0,0.6862588764225135,-1.7634727723988642e-15,-9.696888486528724e-05,0.01999999999998898,-0.0013995170702474546,jsbsim-1.3.1-a320-coefficient-surrogate
671.0,32384.90334218519,-4474.26075320531,10480.732140007021,231.01104419687726,0.7769399532053533,59531.6221193355,5,6,right-turn,32346.70773948057,-3128.584011478003,10500.0,230.1542,-101.04896440604684,0.0,20.0,20.010066514781997,0.1432394487829405,-99.60979328930435,-1.7354422769258049,-1.3226045792991482e-15,-0.00044671064770753627,3.2701713627524987e-19,-0.013764299898202435,10454.202001402375,583805.7820565815,33805.322297632105,32696.566164297285,33805.322297632105,0.6899410303045524,12401.63690086588,0.0,-141.8353491346375,8.01032625596912e-10,32829.78670115544,pseudo_6dof_kinematic_bridge,a320.attitude_response_p6dof.v1,surrogate_policy_overlay,0.0,0,0.6867759774892707,-1.3226045792991482e-15,-3.726951336033472e-05,0.01999999999998898,-0.0014322956325899206,jsbsim-1.3.1-a320-coefficient-surrogate
672.0,32343.831169331384,-4701.591303633533,10480.732140007021,230.99241953835357,0.776877314462811,59530.9321783052,5,6,right-turn,32301.00832912779,-3354.1536066343533,10500.0,230.1542,-101.8567527579142,0.0,20.0,19.995655697103064,0.1432394487829405,-100.40327545572683,-1.7495397057709392,-9.919534344743611e-16,-0.00025151621640201905,1.5696822541211993e-19,-0.013848876359929738,10452.597088879185,583799.0160463767,33803.47914528811,32718.811844324802,33803.47914528811,0.6903841515184237,12404.05344281598,0.0,-103.34460450693922,8.009096523377257e-10,33412.57761011996,pseudo_6dof_kinematic_bridge,a320.attitude_response_p6dof.v1,surrogate_policy_overlay,0.0,0,0.6872817333539201,-9.919534344743611e-16,3.812919736577431e-06,0.01999999999998898,-0.0014588899630126996,jsbsim-1.3.1-a320-coefficient-surrogate
673.0,32299.56184801922,-4928.301967420535,10480.732140007021,230.974199307941,0.776816035899211,59530.241794153684,5,6,right-turn,32252.133357964693,-3579.056509148744,10500.0,230.1542,-102.66454110978154,0.0,20.0,19.99296507498461,0.1432394487829405,-101.2029821660078,-1.7636377033931783,-7.439650758557708e-16,-4.6960214893996773e-05,7.534474819781756e-20,-0.013957515144695277,10451.027026484362,583792.2456906373,33801.67092617188,32740.569870032272,33801.67092617188,0.6908175589373478,12406.42260057848,0.0,-327.6376489050385,8.007893494009442e-10,33781.4211721786,pseudo_6dof_kinematic_bridge,a320.attitude_response_p6dof.v1,surrogate_policy_overlay,0.0,0,0.6877763899784021,-7.439650758557708e-16,1.612643979651791e-05,0.01999999999998898,-0.0014754821076967094,jsbsim-1.3.1-a320-coefficient-surrogate
674.0,32252.10454479568,-5154.348168708443,10480.732140007021,230.95637473635927,0.7767560880215726,59529.55097659475,5,6,right-turn,32200.09254068757,-3803.2480159074103,10500.0,230.1542,-103.4723294616489,0.0,20.0,19.995833941626486,0.1432394487829405,-102.00814242326852,-1.7777359854039696,-5.579738068918282e-16,5.0071168701381493e-05,3.616547913495243e-20,-0.014052697495404148,10449.491058556918,583785.4710846229,33799.89688367254,32761.850794954633,33799.89688367254,0.6912414627817003,12408.745400740423,0.0,-523.5549495247702,8.006716588855334e-10,33939.194942322145,pseudo_6dof_kinematic_bridge,a320.attitude_response_p6dof.v1,surrogate_policy_overlay,0.0,0,0.6882601880059995,-5.579738068918282e-16,1.1701016927715122e-05,0.01999999999998898,-0.0014824206566779834,jsbsim-1.3.1-a320-coefficient-surrogate
675.0,32201.469076175126,-5379.685463333498,10480.732140007021,230.93893724402665,0.7766974419749128,59528.85973513197,5,6,right-turn,32144.896221256193,-4026.6835651980755,10500.0,230.1542,-104.28011781351627,0.0,20.0,19.999094659903463,0.1432394487829405,-102.81698134109988,-1.7918344096090373,-4.1848035516887114e-16,5.691026991318788e-05,1.7359429984777165e-20,-0.014116902234425067,10447.98844578246,583778.6923215319,33798.15627753072,32782.66494522689,33798.15627753072,0.6916560687421804,12411.022847697197,0.0,-603.7938394594917,8.005565241429851e-10,33939.64244852138,pseudo_6dof_kinematic_bridge,a320.attitude_response_p6dof.v1,surrogate_policy_overlay,0.0,0,0.6887333628758238,-4.1848035516887114e-16,3.814068087790306e-06,0.01999999999998898,-0.0014822828749648269,jsbsim-1.3.1-a320-coefficient-surrogate
676.0,32147.665890783537,-5604.26954553239,10480.732140007021,230.9218784369737,0.7766400695285021,59528.16807906323,5,6,right-turn,32086.555370837767,-4249.3187455673215,10500.0,230.1542,-105.08790616538361,0.0,20.0,20.000726303852698,0.1432394487829405,-103.62760456024479,-1.8059329049112431,-3.138602663766534e-16,2.847755913435384e-05,8.332526392693038e-21,-0.014148044167194484,10446.518464841058,583771.9094925455,33796.448383486604,32803.02242444366,33796.448383486604,0.6920615780766102,12413.255924130259,0.0,-599.9291050443001,8.004438897503351e-10,33851.4860072565,pseudo_6dof_kinematic_bridge,a320.attitude_response_p6dof.v1,surrogate_policy_overlay,0.0,0,0.6891961449348458,-3.138602663766534e-16,-1.0123175537354294e-06,0.01999999999998898,-0.0014782478185974804,jsbsim-1.3.1-a320-coefficient-surrogate
677.0,32090.70605954838,-5828.056255518759,10480.732140007021,230.9051901028438,0.7765839430624146,59527.476017485154,5,6,right-turn,32025.08158562622,-4471.10930464808,10500.0,230.1542,-105.89569451725097,0.0,20.0,20.00090396464805,0.1432394487829405,-104.43851909066822,-1.820031435762018,-2.3539519978249006e-16,3.1007658306412335e-06,3.999612668492658e-21,-0.01415312850815266,10445.080408062615,583765.1226868709,33794.77249293539,32822.93311841702,33794.77249293539,0.6924581877047079,12415.44559147481,0.0,-568.3014653277431,8.003337014837569e-10,33734.79690191391,pseudo_6dof_kinematic_bridge,a320.attitude_response_p6dof.v1,surrogate_policy_overlay,0.0,0,0.6896487595475509,-2.3539519978249006e-16,-2.1532138533322005e-06,0.01999999999998898,-0.0014730439198586752,jsbsim-1.3.1-a320-coefficient-surrogate
678.0,32030.60126983969,-6051.001587540994,10480.732140007021,230.8888642069797,0.7765290355543653,59526.78355929745,5,6,right-turn,31960.487084537282,-4692.011157955523,10500.0,230.1542,-106.70348286911833,0.0,20.0,20.00047649840873,0.1432394487829405,-105.24882356475106,-1.8341299843870773,-1.7654639983686755e-16,-7.4606933172628485e-06,1.919814080876476e-21,-0.014142481016386502,10443.67358308962,583758.3319917844,33793.12791259023,32842.40669983354,33793.12791259023,0.6928460903008538,12417.592790377348,0.0,-543.6146067566614,8.002259062927205e-10,33630.00783918591,pseudo_6dof_kinematic_bridge,a320.attitude_response_p6dof.v1,surrogate_policy_overlay,0.0,0,0.6900914272032315,-1.7654639983686755e-16,-1.3862033876360784e-06,0.01999999999998898,-0.0014684755775156415,jsbsim-1.3.1-a320-coefficient-surrogate
679.0,31967.363821518444,-6273.06169819711,10480.732140007021,230.87289288859307,0.7764753205668283,59526.09071320715,5,6,right-turn,31892.78470677978,-4911.98039764956,10500.0,230.1542,-107.51127122098568,0.0,20.0,20.000068781920238,0.1432394487829405,-106.05816785390012,-1.8482285418992788,-1.3240979987765066e-16,-7.115995138851309e-06,9.215107588207084e-22,-0.014125722627863876,10442.297312547107,583751.5374926729,33791.51396415225,32861.45263281446,33791.51396415225,0.6932254743849267,12419.69844114357,0.0,-534.3345806051736,8.001204522747045e-10,33556.65983853755,pseudo_6dof_kinematic_bridge,a320.attitude_response_p6dof.v1,surrogate_policy_overlay,0.0,0,0.6905243636210198,-1.3240979987765066e-16,-3.6688955633978436e-07,0.01999999999998898,-0.001465388307822865,jsbsim-1.3.1-a320-coefficient-surrogate
680.0,31901.0066238723,-6494.192914879193,10480.732140007021,230.85726845701703,0.7764227722344326,59525.397487732764,5,6,right-turn,31821.98790930363,-5130.973301262239,10500.0,230.1542,-108.31905957285305,0.0,20.0,19.999888824275804,0.1432394487829405,-106.86659452492998,-1.8623271038550515,-9.930734990823799e-17,-3.1408534095235855e-06,4.4232516423394e-22,-0.014109707170408065,10440.950933719694,583744.7392730745,33789.92998398775,32880.08017737817,33789.92998398775,0.6935965244111926,12421.763444176526,0.0,-535.213762061265,8.000172886504482e-10,33517.86495900368,pseudo_6dof_kinematic_bridge,a320.attitude_response_p6dof.v1,surrogate_policy_overlay,0.0,0,0.6909477798526364,-9.930734990823799e-17,1.8860212763272892e-07,0.01999999999998898,-0.0014638861450821609,jsbsim-1.3.1-a320-coefficient-surrogate
681.0,31831.543192929963,-6714.351744275505,10480.732140007021,230.84198338803793,0.7763713652516251,59524.70389120835,5,6,right-turn,31748.110764125053,-5348.946340388308,10500.0,230.1542,-109.1268479247204,0.0,20.0,19.99988605928419,0.1432394487829405,-107.67435379844608,-1.87642566803261,-7.448051243117849e-17,-4.8258207434300623e-08,2.1231607883229124e-22,-0.014098058886373572,10439.633798235513,583737.9374147184,33788.375322812266,32898.29839380999,33788.375322812266,0.6939594208553495,12423.788680405516,0.0,-539.0448998914287,7.999163657397353e-10,33506.8416248881,pseudo_6dof_kinematic_bridge,a320.attitude_response_p6dof.v1,surrogate_policy_overlay,0.0,0,0.6913618823829756,-7.448051243117849e-17,2.808647312214043e-07,0.01999999999998898,-0.0014636355016952808,jsbsim-1.3.1-a320-coefficient-surrogate
682.0,31758.987648900536,-6933.494880889722,10480.732140007021,230.8270303203061,0.7763210748605998,59524.0099317875,5,6,right-turn,31671.167955529523,-5565.8561893371825,10500.0,230.1542,-109.93463627658775,0.0,20.0,19.999946809424856,0.1432394487829405,-108.48174947540548,-1.8905242333210608,-5.586038432338387e-17,1.0602899756549477e-06,1.0191171783949979e-22,-0.01409171292930999,10438.345271756902,583731.1319975639,33786.84934538132,32916.116146939006,33786.84934538132,0.694314340299719,12425.775011705817,0.0,-541.8048151192971,7.998176349376928e-10,33512.98735349908,pseudo_6dof_kinematic_bridge,a320.attitude_response_p6dof.v1,surrogate_policy_overlay,0.0,0,0.6917668732285237,-5.586038432338387e-17,1.6102157973224506e-07,0.01999999999998898,-0.0014641420340942507,jsbsim-1.3.1-a320-coefficient-surrogate
683.0,31683.354713611727,-7151.579215554296,10480.732140007021,230.8124020518235,0.7762718768394842,59523.3156174472,5,6,right-turn,31591.17477715304,-5781.659733744636,10500.0,230.1542,-110.74242462845511,0.0,20.0,19.999996883535626,0.1432394487829405,-109.28904011104521,-1.9046227991649585,-4.1895288242537907e-17,8.739581029248071e-07,4.89176245629599e-23,-0.014089879612431246,10437.084733677752,583724.3230998386,33785.35143018796,32933.5421103249,33785.35143018796,0.6946614555166457,12427.7232813093,0.0,-542.720792045232,7.997210486916006e-10,33526.19506668627,pseudo_6dof_kinematic_bridge,a320.attitude_response_p6dof.v1,surrogate_policy_overlay,0.0,0,0.6921629500336764,-4.1895288242537907e-17,3.1856454356533224e-08,0.01999999999998898,-0.0014649441499795261,jsbsim-1.3.1-a320-coefficient-surrogate
684.0,31604.65970788415,-7368.561843924563,10480.732140007021,230.7980915365065,0.7762237474907796,59522.62095599168,5,6,right-turn,31508.147128942262,-5996.314079142485,10500.0,230.1542,-111.55021298032247,0.0,20.0,20.000016097559264,0.1432394487829405,-110.09639528329195,-1.918721365286579,-3.1421466181903427e-17,3.353479750419823e-07,2.348045979022075e-23,-0.014091005988711562,10435.851576827312,583717.5107980757,33783.88096916657,32950.58477035609,33783.88096916657,0.6950009355501297,12429.634314206429,0.0,-542.5387973958668,7.996265604781963e-10,33539.12808989082,pseudo_6dof_kinematic_bridge,a320.attitude_response_p6dof.v1,surrogate_policy_overlay,0.0,0,0.6925503061649925,-3.1421466181903427e-17,-3.060691896967415e-08,0.01999999999998898,-0.0014657124256076725,jsbsim-1.3.1-a320-coefficient-surrogate
685.0,31522.91854881088,-7584.400074945511,10480.732140007021,230.7840918808222,0.7761766636300488,59521.92595505613,5,6,right-turn,31422.10151399414,-6209.7765594845605,10500.0,230.1542,-112.35800133218982,0.0,20.0,20.00001410295627,0.1432394487829405,-110.90389326714026,-1.9328199315470613,-2.356609963642757e-17,-3.481238953880768e-08,1.127062069930596e-23,-0.014093498521369076,10434.64520718035,583710.6951671513,33782.4373674032,32967.252430261586,33782.4373674032,0.6953329457957406,12431.508917539482,0.0,-542.1072145789019,7.995341247814672e-10,33547.79964379142,pseudo_6dof_kinematic_bridge,a320.attitude_response_p6dof.v1,surrogate_policy_overlay,0.0,0,0.6929291308034358,-2.356609963642757e-17,-3.5890351858811816e-08,0.01999999999998898,-0.0014662722034070371,jsbsim-1.3.1-a320-coefficient-surrogate
686.0,31438.147746927058,-7799.05143928599,10480.732140007021,230.77039634049717,0.7761306025748458,59521.230622110335,5,6,right-turn,31333.05503527564,-6422.004745627279,10500.0,230.1542,-113.16578968405719,0.0,20.0,20.000005765743907,0.1432394487829405,-111.7115422865744,-1.9469184978769742,-1.7674574727320677e-17,-1.455118061484938e-07,5.409897935666861e-24,-0.01409613458962938,10433.46504357351,583703.8762803184,33781.02004285202,32983.55321403764,33781.02004285202,0.6956576480788339,12433.347880987429,0.0,-541.8388148274577,7.994436970709164e-10,33551.06754313141,pseudo_6dof_kinematic_bridge,a320.attitude_response_p6dof.v1,surrogate_policy_overlay,0.0,0,0.6932996090346365,-1.7674574727320677e-17,-1.829894611344995e-08,0.01999999999998898,-0.0014665779323387047,jsbsim-1.3.1-a320-coefficient-surrogate
687.0,31350.364403262378,-8012.473697736695,10480.732140007021,230.75699831729634,0.7760855421338835,59520.534964462255,5,6,right-turn,31241.025392224274,-6632.956453763121,10500.0,230.1542,-113.97357803592455,0.0,20.0,19.999999724608298,0.1432394487829405,-112.51930961773726,-1.961017064241603,-1.3255931045490508e-17,-1.054377069585727e-07,2.596751009120093e-24,-0.014098199518839354,10432.310517427779,583697.0542092437,33779.62842605782,32999.49507029171,33779.62842605782,0.695975200731121,12435.151977142574,0.0,-541.7686369688461,7.993552337802979e-10,33549.651155368556,pseudo_6dof_kinematic_bridge,a320.attitude_response_p6dof.v1,surrogate_policy_overlay,0.0,0,0.6936619219372269,-1.3255931045490508e-17,-2.2300249562657687e-09,0.01999999999998898,-0.0014666670343854871,jsbsim-1.3.1-a320-coefficient-surrogate
688.0,31259.586206273238,-8224.624849569085,10480.732140007021,230.7438913558715,0.7760414605964336,59519.83898926152,5,6,right-turn,31146.03087723004,-6842.589753805364,10500.0,230.1542,-114.78136638779189,0.0,20.0,19.99999775938134,0.1432394487829405,-113.32714786793572,-1.975115630623589,-9.94194828411788e-18,-3.4299680975210076e-08,1.2464404843776446e-24,-0.014099437289512653,10431.181072476886,583690.2290240416,33778.26195988455,33015.08577600433,33778.26195988455,0.6962857586656025,12436.921961879096,0.0,-541.7849349314371,7.992686922868046e-10,33545.125747336606,pseudo_6dof_kinematic_bridge,a320.attitude_response_p6dof.v1,surrogate_policy_overlay,0.0,0,0.694016246669268,-9.94194828411788e-18,4.6020276324781004e-09,0.01999999999998898,-0.0014666137876574242,jsbsim-1.3.1-a320-coefficient-surrogate
689.0,31165.831428653226,-8435.463140852884,10480.732140007021,230.7310691406767,0.7759983367219536,59519.14270350286,5,6,right-turn,31048.090371999493,-7050.862977722354,10500.0,230.1542,-115.58915473965926,0.0,20.0,19.999998285220347,0.1432394487829405,-114.1350131970228,-1.989214197014254,-7.45646121308841e-18,9.177621985484287e-09,5.982914325012694e-25,-0.014099909905277111,10430.076164501526,583683.4007933063,33776.92009924962,33030.33294021229,33776.92009924962,0.6965894734499369,12438.658574713678,0.0,-541.7917998290799,7.991840308907051e-10,33539.152589198515,pseudo_6dof_kinematic_bridge,a320.attitude_response_p6dof.v1,surrogate_policy_overlay,0.0,0,0.6943627565528517,-7.45646121308841e-18,4.500481071890787e-09,0.01999999999998898,-0.0014664946056169828,jsbsim-1.3.1-a320-coefficient-surrogate
690.0,31069.118924021725,-8644.947072730012,10480.732140007021,230.71852549295048,0.7759561497299364,59518.44611402941,5,6,right-turn,30947.22334380272,-7257.734727819713,10500.0,230.1542,-116.39694309152661,0.0,20.0,19.999999398102975,0.1432394487829405,-114.942874563216,-2.0033127634092587,-5.592345909816308e-18,1.9423466107387622e-08,2.871798876006093e-25,-0.014099840739730656,10428.995261069304,583676.5695841465,33775.60231086389,33045.24400761283,33775.60231086389,0.6968864933782318,12440.362539158406,0.0,-541.7571114907373,7.991012087954161e-10,33533.030106426806,pseudo_6dof_kinematic_bridge,a320.attitude_response_p6dof.v1,surrogate_policy_overlay,0.0,0,0.6947016211568627,-5.592345909816308e-18,2.027179193806689e-09,0.01999999999998898,-0.0014663682205117504,jsbsim-1.3.1-a320-coefficient-surrogate
691.0,30969.468123490875,-8853.035409642973,10480.732140007021,230.70625436776265,0.7759148792899782,59517.74922753603,5,6,right-turn,30843.449841603917,-7463.163884968805,10500.0,230.1542,-117.20473144339397,0.0,20.0,20.00000011363945,0.1432394487829405,-115.75071569957285,-2.017411329806433,-4.194259432362231e-18,1.2488467405361807e-08,1.3784634604829246e-25,-0.01409948766247961,10427.937841280234,583669.7354622162,33774.30807297729,33059.8262620916,33774.30807297729,0.6971769635413205,12442.034563066103,0.0,-541.6929976854079,7.990201860880032e-10,33527.53417980292,pseudo_6dof_kinematic_bridge,a320.attitude_response_p6dof.v1,surrogate_policy_overlay,0.0,0,0.695033006377976,-4.194259432362231e-18,6.346813986835583e-11,0.01999999999998898,-0.0014662690399026494,jsbsim-1.3.1-a320-coefficient-surrogate
692.0,30866.899032111414,-9059.687187515787,10480.732140007021,230.6942498511242,0.7758745055120587,59517.052050572485,5,6,right-turn,30736.790492076285,-7667.10961677983,10500.0,230.1542,-118.01251979526131,0.0,20.0,20.000000302522515,0.1432394487829405,-116.55853256392449,-2.0315098962046916,-3.145694574271673e-18,3.296631336774514e-09,6.616624610318037e-26,-0.014099064036072102,10426.903395517733,583662.8984917466,33773.03687512982,33074.08683017639,33773.03687512982,0.6974610258955578,12443.675338968285,0.0,-541.6229250437084,7.989409237200994e-10,33522.95847956537,pseudo_6dof_kinematic_bridge,a320.attitude_response_p6dof.v1,surrogate_policy_overlay,0.0,0,0.6953570745199282,-3.145694574271673e-18,-6.582093061987849e-10,0.01999999999998898,-0.001466209461941847,jsbsim-1.3.1-a320-coefficient-surrogate
693.0,30761.432225198037,-9264.8617218856,10480.732140007021,230.68250615715962,0.7758350089370314,59516.35458954659,5,6,right-turn,30627.266495502183,-7869.531385717924,10500.0,230.1542,-118.82030814712869,0.0,20.0,20.000000204765225,0.1432394487829405,-117.36632890370916,-2.045608462603493,-2.3592709307037546e-18,-1.7061866054902025e-09,3.175979812952658e-26,-0.014098705814801582,10425.891425204922,583656.0587355769,33771.78821790799,33088.03268441669,33771.78821790799,0.6977388193301388,12445.285544405771,0.0,-541.5622717079052,7.988633834892347e-10,33519.255945353456,pseudo_6dof_kinematic_bridge,a320.attitude_response_p6dof.v1,surrogate_policy_overlay,0.0,0,0.6956739843710706,-2.3592709307037546e-18,-5.542663719981853e-10,0.01999999999998898,-0.00146618659605985,jsbsim-1.3.1-a320-coefficient-surrogate
694.0,30653.088844535057,-9468.51861598316,10480.732140007021,230.67101762534,0.7757963705273164,59515.65685072725,5,6,right-turn,30514.899621559212,-8070.388957160666,10500.0,230.1542,-119.62809649899604,0.0,20.0,20.000000059635678,0.1432394487829405,-118.17411186863139,-2.0597070290025656,-1.7694531980278158e-18,-2.5329884872912375e-09,1.5244703102172758e-26,-0.014098472379414898,10424.901442566212,583649.2162551845,33770.5616127064,33101.67064669174,33770.5616127064,0.6980104797329933,12446.86584225233,0.0,-541.5147634937568,7.987875280205652e-10,33516.201511615924,pseudo_6dof_kinematic_bridge,a320.attitude_response_p6dof.v1,surrogate_policy_overlay,0.0,0,0.6959838912802635,-1.7694531980278158e-18,-2.1765872783498878e-10,0.01999999999998898,-0.0014661897716740787,jsbsim-1.3.1-a320-coefficient-surrogate
695.0,30541.89059446314,-9670.617768760338,10480.732140007021,230.659778717775,0.7757585716577949,59514.95884024752,5,6,right-turn,30399.71220499313,-8269.642407395346,10500.0,230.1542,-120.43588485086339,0.0,20.0,19.999999976537673,0.1432394487829405,-118.9818887331844,-2.0738055954017742,-1.3270898985208618e-18,-1.450333716207397e-09,7.317457489042923e-27,-0.01409836590788629,10423.932970393953,583642.3711107133,33769.35658149451,33115.00739144873,33769.35658149451,0.6982761400552896,12448.416881031204,0.0,-541.4770206228462,7.987133207489955e-10,33513.526453205726,pseudo_6dof_kinematic_bridge,a320.attitude_response_p6dof.v1,surrogate_policy_overlay,0.0,0,0.6962869472311546,-1.3270898985208618e-18,1.805242628715019e-11,0.01999999999998898,-0.0014662066306838804,jsbsim-1.3.1-a320-coefficient-surrogate
696.0,30427.859737847983,-9871.119382862933,10480.732140007021,230.6487840165638,0.775721594106898,59514.26056410746,5,6,right-turn,30281.727141178482,-8467.252131554467,10500.0,230.1542,-121.24367320273075,0.0,20.0,19.999999960162132,0.1432394487829405,-119.78966504501732,-2.08790416180105,-9.953174238906463e-19,-2.8580710274881586e-10,3.512379594740603e-27,-0.014098356261100573,10422.985541820155,583635.5233610044,33768.17265658836,33128.04944887139,33768.17265658836,0.6985359303745496,12449.939295225035,0.0,-541.4439569514401,7.986407259016859e-10,33511.003794984375,pseudo_6dof_kinematic_bridge,a320.attitude_response_p6dof.v1,surrogate_policy_overlay,0.0,0,0.6965833009148398,-9.953174238906463e-19,9.07729348031916e-11,0.01999999999998898,-0.0014662269288616015,jsbsim-1.3.1-a320-coefficient-surrogate
697.0,30311.019091931776,-10069.983972546976,10480.732140007021,230.63802822120232,0.7756854200478877,59513.56202817709,5,6,right-turn,30160.967881567736,-8663.178851487854,10500.0,230.1542,-122.05146155459809,0.0,20.0,19.99999997600954,0.1432394487829405,-120.5974440226315,-2.10200272820036,-7.464880679179847e-19,2.7658939124143095e-10,1.6859422054754893e-27,-0.014098402787761161,10422.058700093072,583628.6730636228,33767.00938042721,33140.80320798183,33767.00938042721,0.6987899779564375,12451.433705578944,0.0,-541.4118279868461,7.985697084809341e-10,33508.48545083727,pseudo_6dof_kinematic_bridge,a320.attitude_response_p6dof.v1,surrogate_policy_overlay,0.0,0,0.6968730978009857,-7.464880679179847e-19,6.705643828154891e-11,0.01999999999998898,-0.0014662441257924904,jsbsim-1.3.1-a320-coefficient-surrogate
698.0,30191.392024068395,-10267.172371536812,10480.732140007021,230.62750614604658,0.7756500320403249,59512.863238199134,5,6,right-turn,30037.458429029954,-8857.383623569824,10500.0,230.1542,-122.85924990646546,0.0,20.0,19.999999994550965,0.1432394487829405,-121.4052267958657,-2.116101294599687,-5.598660509384886e-19,3.236088960353706e-10,8.092522586282347e-28,-0.014098469033827539,10421.151998358599,583621.8202748855,33765.86630535504,33153.27491967597,33765.86630535504,0.699038407315222,12452.900719397221,0.0,-541.3789000719754,7.985002342474249e-10,33505.903380541866,pseudo_6dof_kinematic_bridge,a320.attitude_response_p6dof.v1,surrogate_policy_overlay,0.0,0,0.6971564802074093,-5.598660509384886e-19,2.243342507908661e-11,0.01999999999998898,-0.0014662553536526671,jsbsim-1.3.1-a320-coefficient-surrogate
699.0,30069.002447343213,-10462.645740823207,10480.732140007021,230.61721271783048,0.7756154130217219,59512.16419979182,5,6,right-turn,29911.22333307982,-9049.82784643986,10500.0,230.1542,-123.66703825833282,0.0,20.0,20.000000003992024,0.1432394487829405,-122.21301305521797,-2.1301998609990225,-4.1989953820386643e-19,1.6477755909950163e-10,3.8844108414155265e-28,-0.01409852987806603,10420.2649994464,583614.9650498885,33764.742993406646,33165.47069969446,33764.742993406646,0.6992813402729565,12454.34093083362,0.0,-541.3448961536841,7.98432269703843e-10,33503.25047466259,pseudo_6dof_kinematic_bridge,a320.attitude_response_p6dof.v1,surrogate_policy_overlay,0.0,0,0.6974335873681684,-4.1989953820386643e-19,-5.336068507932203e-12,0.01999999999998898,-0.001466260493051335,jsbsim-1.3.1-a320-coefficient-surrogate
700.0,29943.874816078493,-10656.365576399798,10480.732140007021,230.60714297323676,0.7755815462993726,59511.464918451544,5,6,right-turn,29782.28768499803,-9240.473268675278,10500.0,230.1542,-124.47482661020017,0.0,20.0,20.000000005134048,0.1432394487829405,-123.02080176797291,-2.144298427398362,-3.1492465365289985e-19,1.9932068417809633e-11,1.8645172038794528e-28,-0.014098572698020253,10419.397275660582,583608.1074425329,33763.6390160984,33177.396531530576,33763.6390160984,0.6995188960174024,12455.754921175336,0.0,-541.3102236063701,7.98365782078833e-10,33500.55489910595,pseudo_6dof_kinematic_bridge,a320.attitude_response_p6dof.v1,surrogate_policy_overlay,0.0,0,0.6977045555001948,-3.1492465365289985e-19,-1.2165021468031649e-11,0.01999999999998898,-0.0014662609809840358,jsbsim-1.3.1-a320-coefficient-surrogate
701.0,29816.034121225348,-10848.293716936156,10480.732140007021,230.5972920565206,0.7755484155423602,59510.76539955552,5,6,right-turn,29650.677112843983,-9429.281996394298,10500.0,230.1542,-125.28261496206754,0.0,20.0,20.000000002752813,0.1432394487829405,-123.82859175462126,-2.1583969937977034,-2.361934902396749e-19,-4.1560383657203596e-11,8.949682578621374e-29,-0.014098594931654898,10418.54840857491,583601.2475055512,33762.553954223455,33189.058269275614,33762.553954223455,0.6997511911587081,12457.143259121003,0.0,-541.2754420576946,7.983007393113096e-10,33497.857141507826,pseudo_6dof_kinematic_bridge,a320.attitude_response_p6dof.v1,surrogate_policy_overlay,0.0,0,0.6979695178684819,-2.361934902396749e-19,-7.965766321219997e-12,0.01999999999998898,-0.0014662587642917313,jsbsim-1.3.1-a320-coefficient-surrogate
702.0,29685.50588564326,-11038.392351385819,10480.732140007021,230.58765521718414,0.7755160047737358,59510.06564836436,5,6,right-turn,29516.41777636178,-9616.216500788087,10500.0,230.1542,-126.09040331393489,0.0,20.0,20.000000000428273,0.1432394487829405,-124.63638204533855,-2.1724955601970466,-1.7714511767975618e-19,-4.0570876826188826e-11,4.2958476377382596e-29,-0.014098600238659149,10417.717988832428,583594.3852905324,33761.487397651465,33200.46164040401,33761.487397651465,0.6999783397848859,12458.50650105258,0.0,-541.2410199997745,7.982371100351031e-10,33495.19422589005,pseudo_6dof_kinematic_bridge,a320.attitude_response_p6dof.v1,surrogate_policy_overlay,0.0,0,0.6982286048498795,-1.7714511767975618e-19,-2.1812389374535267e-12,0.01999999999998898,-0.001466255592361487,jsbsim-1.3.1-a320-coefficient-surrogate
703.0,29552.316159268168,-11226.624026527617,10480.732140007021,230.57822780770078,0.7754842983628658,59509.36567002458,5,6,right-turn,29379.53636178059,-9801.239625580212,10500.0,230.1542,-126.89819166580224,0.0,20.0,19.999999999382702,0.1432394487829405,-125.44417202625466,-2.1865941265963897,-1.3285883825981713e-19,-1.8248656108025224e-11,2.0620068661143646e-29,-0.014098594831608338,10416.905615949361,583587.5208479465,33760.43894513246,33211.61224849929,33760.43894513246,0.7002004535161123,12459.845191301494,0.0,-541.2072717280848,7.98174863563933e-10,33492.59180651533,pseudo_6dof_kinematic_bridge,a320.attitude_response_p6dof.v1,surrogate_policy_overlay,0.0,0,0.6984819439955234,-1.3285883825981713e-19,1.02485118841605e-12,0.01999999999998898,-0.0014662526729360887,jsbsim-1.3.1-a320-coefficient-surrogate
704.0,29416.4915141702,-11412.951654438648,10480.732140007021,230.56900528128912,0.7754532810179435,59508.66546957106,5,6,right-turn,29240.060076510254,-9984.314594412055,10500.0,230.1542,-127.70598001766959,0.0,20.0,19.99999999935112,0.1432394487829405,-126.25196143282474,-2.2006926929957333,-9.964412869486285e-20,-5.511770033362084e-13,9.89763295734895e-30,-0.014098584807379098,10416.110898123277,583580.654227169,33759.408204105035,33222.51557592107,33759.408204105035,0.7004176415578534,12461.159862409018,0.0,-541.17436911725,7.981139698767101e-10,33490.062590355854,pseudo_6dof_kinematic_bridge,a320.attitude_response_p6dof.v1,surrogate_policy_overlay,0.0,0,0.6987296600919033,-9.964412869486285e-20,1.5918567872585033e-12,0.01999999999998898,-0.0014662506146369933,jsbsim-1.3.1-a320-coefficient-surrogate
705.0,29278.059039502077,-11597.338519897288,10480.732140007021,230.5599831897341,0.7754229377786627,59507.9650519295,5,6,right-turn,29098.01664373345,-10165.40501815272,10500.0,230.1542,-128.51376836953696,0.0,20.0,19.999999999691543,0.1432394487829405,-127.05975025989326,-2.214791259395077,-7.473309652114713e-20,5.941491219449822e-12,4.7508638195274964e-30,-0.014098574693168893,10415.333452045348,583573.7854765044,33758.39479050867,33233.17698641597,33758.39479050867,0.7006300107528718,12462.451035381026,0.0,-541.1423730601377,7.980543996031512e-10,33487.60866421276,pseudo_6dof_kinematic_bridge,a320.attitude_response_p6dof.v1,surrogate_policy_overlay,0.0,0,0.6989718752206355,-7.473309652114713e-20,9.280512407169553e-13,0.01999999999998898,-0.0014662495429633197,jsbsim-1.3.1-a320-coefficient-surrogate
706.0,29137.046336339303,-11779.748287714632,10480.732140007021,230.55115718125552,0.7753932540090481,59507.26442191875,5,6,right-turn,28953.4342968952,-10344.474902131951,10500.0,230.1542,-129.32155672140433,0.0,20.0,19.99999999997777,0.1432394487829405,-127.86753864768286,-2.228889825794421,-5.604982239086035e-20,4.995629097358605e-12,2.280414633373198e-30,-0.014098567026305263,10414.572902716669,583566.9146432094,33757.398328600015,33243.60172767241,33757.398328600015,0.7008376656321171,12463.719219937295,0.0,-541.1112670240686,7.97996124009704e-10,33485.22541599734,pseudo_6dof_kinematic_bridge,a320.attitude_response_p6dof.v1,surrogate_policy_overlay,0.0,0,0.6992087088169419,-5.604982239086035e-20,1.9302694871879512e-13,0.01999999999998898,-0.0014662492840257489,jsbsim-1.3.1-a320-coefficient-surrogate
707.0,28993.481512413226,-11960.145009992757,10480.732140007021,230.5425229984222,0.775364215390441,59506.56358425312,5,6,right-turn,28806.341774091044,-10521.48865329468,10500.0,230.1542,-130.12934507327165,0.0,20.0,20.00000000008999,0.1432394487829405,-128.67532678255893,-2.242988392193765,-4.2037366793145264e-20,1.9586192118846115e-12,1.0945990240191352e-30,-0.014098562612131358,10413.828883268525,583560.0417735159,33756.41845077321,33253.79493382074,33756.41845077321,0.7010407084645278,12464.96491475546,0.0,-541.0809893021328,7.979391149857766e-10,33482.90537311474,pseudo_6dof_kinematic_bridge,a320.attitude_response_p6dof.v1,surrogate_policy_overlay,0.0,0,0.6994402777268682,-4.2037366793145264e-20,-1.6878776901792307e-13,0.01999999999998898,-0.0014662495405434021,jsbsim-1.3.1-a320-coefficient-surrogate
708.0,28847.39317673815,-12138.49313330827,10480.732140007021,230.5340764761114,0.7753358079146352,59505.86254354465,5,6,right-turn,28656.768312354867,-10696.411087275706,10500.0,230.1542,-130.93713342513902,0.0,20.0,20.000000000080522,0.1432394487829405,-129.48311483050557,-2.2570869585931086,-3.1528025094858945e-20,-1.6524255368137466e-13,5.254075315291848e-31,-0.014098561094926675,10413.10103478654,583553.1669126522,33755.45479738406,33263.76162788018,33755.45479738406,0.7012392393057716,12466.188607709613,0.0,-541.0514616325811,7.978833450302616e-10,33480.6410469225,pseudo_6dof_kinematic_bridge,a320.attitude_response_p6dof.v1,surrogate_policy_overlay,0.0,0,0.6996666962632753,-3.1528025094858945e-20,-2.0399536951036096e-13,0.01999999999998898,-0.0014662500200873438,jsbsim-1.3.1-a320-coefficient-surrogate
709.0,28698.81043413359,-12314.757505819562,10480.732140007021,230.52581353951177,0.7753080178771615,59505.161304305344,5,6,right-turn,28504.743641847548,-10869.207435393178,10500.0,230.1542,-131.7449217770064,0.0,20.0,20.00000000003359,0.1432394487829405,-130.29090290520023,-2.271185524992452,-2.364601882114421e-20,-8.190801273044315e-13,2.521956151340087e-31,-0.014098561561767864,10412.389006138594,583546.290104866,33754.50701657789,33273.50672415328,33754.50701657789,0.7014333560459427,12467.390776103937,0.0,-541.0226107886149,7.978287872383528e-10,33478.42652260626,pseudo_6dof_kinematic_bridge,a320.attitude_response_p6dof.v1,surrogate_policy_overlay,0.0,0,0.6998880762606214,-2.364601882114421e-20,-1.0582036311048513e-13,0.01999999999998898,-0.001466250505128919,jsbsim-1.3.1-a320-coefficient-surrogate
710.0,28547.762879642854,-12488.903384296262,10480.732140007021,230.51773020216956,0.7752808318707166,59504.4598709493,5,6,right-turn,28350.29797994764,-11039.843351559417,10500.0,230.1542,-132.55271012887374,0.0,20.0,19.999999999998973,0.1432394487829405,-131.0986910631926,-2.2852840913917962,-1.7734514115858156e-20,-6.042619666798463e-13,1.2105389526432417e-31,-0.014098563015587318,10411.692453806472,583539.4113934449,33753.57476412128,33283.03503056942,33753.57476412128,0.7016231544562423,12468.571886901162,0.0,-540.9943808225165,7.977754152886441e-10,33476.257959471564,pseudo_6dof_kinematic_bridge,a320.attitude_response_p6dof.v1,surrogate_policy_overlay,0.0,0,0.7001045271285699,-1.7734514115858156e-20,-1.414149725218612e-14,0.01999999999998898,-0.001466250873461361,jsbsim-1.3.1-a320-coefficient-surrogate
711.0,28394.280592849205,-12660.896441069355,10480.732140007021,230.50982256407707,0.7752542367787333,59503.758247794845,5,6,right-turn,28193.462025245146,-11208.284919107773,10500.0,230.1542,-133.36049848074111,0.0,20.0,19.99999999998741,0.1432394487829405,-131.9064793153319,-2.2993826577911403,-1.3300885586893616e-20,-2.0177954983711072e-13,5.81058697268756e-32,-0.014098564658760197,10411.011041721124,583532.5308207374,33752.65770323727,33292.35125097779,33752.65770323727,0.7018087282346541,12469.73239694615,0.0,-540.9667362867566,7.977232034305064e-10,33474.13336235641,pseudo_6dof_kinematic_bridge,a320.attitude_response_p6dof.v1,surrogate_policy_overlay,0.0,0,0.7003161559044333,-1.3300885586893616e-20,2.5604886815009792e-14,0.01999999999998898,-0.001466251086009094,jsbsim-1.3.1-a320-coefficient-surrogate
712.0,28238.394132090732,-12830.702770900489,10480.732140007021,230.5020868098018,0.7752282197690897,59503.05643906661,5,6,right-turn,28034.26695143967,-11374.498657534117,10500.0,230.1542,-134.16828683260846,0.0,20.0,19.999999999990184,0.1432394487829405,-132.71426764439917,-2.3134812241904843,-9.975664190170213e-21,4.838843986755875e-14,2.789081746890029e-32,-0.014098566001407766,10410.344441101472,583525.6484281726,33751.75550444423,33301.45998739195,33751.75550444423,0.7019901690506547,12470.872753184667,0.0,-540.9396590315689,7.976721264717378e-10,33472.05200448512,pseudo_6dof_kinematic_bridge,a320.attitude_response_p6dof.v1,surrogate_policy_overlay,0.0,0,0.7005230673045043,-9.975664190170213e-21,2.5648232919350142e-14,0.01999999999998898,-0.0014662511595288728,jsbsim-1.3.1-a320-coefficient-surrogate
713.0,28080.134528575218,-12998.288897768989,10480.732140007021,230.49451920665663,0.7752027682879543,59502.35444889756,5,6,right-turn,27872.744401144166,-11538.451529151627,10500.0,230.1542,-134.9760751844758,0.0,20.0,19.999999999996472,0.1432394487829405,-133.5220560218339,-2.327579790589828,-7.481748142627659e-21,1.0972746916596231e-13,1.3387592385072137e-32,-0.01409856684557886,10409.692330296719,583518.7642562812,33750.86784539807,33310.36574218555,33750.86784539807,0.7021675665889497,12471.993392877477,0.0,-540.913142009248,7.976221597664799e-10,33470.0137990919,pseudo_6dof_kinematic_bridge,a320.attitude_response_p6dof.v1,surrogate_policy_overlay,0.0,0,0.7007253637742578,-7.481748142627659e-21,1.1769055421270815e-14,0.01999999999998898,-0.0014662511376578424,jsbsim-1.3.1-a320-coefficient-surrogate
714.0,27919.533280396223,-13163.621781575135,10480.732140007021,230.48711610290906,0.7751778700537628,59501.65228133097,5,6,right-turn,27708.92647959543,-11700.110945657578,10500.0,230.1542,-135.78386353634315,0.0,20.0,20.000000000000586,0.1432394487829405,-134.32984441982651,-2.3416783569891715,-5.611311106970744e-21,7.175062534563031e-14,6.426044344834625e-33,-0.014098567204381419,10409.054394632025,583511.8783447144,33749.99441073802,33319.07292024145,33749.99441073802,0.7023410085922848,12473.094743809736,0.0,-540.8871829860199,7.97573279203393e-10,33468.018797635676,pseudo_6dof_kinematic_bridge,a320.attitude_response_p6dof.v1,surrogate_policy_overlay,0.0,0,0.7009231455374859,-5.611311106970744e-21,5.358505705989364e-16,0.01999999999998898,-0.0014662510681922305,jsbsim-1.3.1-a320-coefficient-surrogate
715.0,27756.622346451702,-13326.668824758259,10480.732140007021,230.4798739260287,0.7751535130513255,59500.94994032238,5,6,right-turn,27542.845748272666,-11859.44477461078,10500.0,230.1542,-136.59165188821052,0.0,20.0,20.00000000000171,0.1432394487829405,-135.1376328178512,-2.3557769233885155,-4.208483330228058e-21,1.958010746492191e-14,3.08450128552062e-33,-0.014098567204941405,10408.430326257529,583504.9907322625,33749.13489193558,33327.585831055265,33749.13489193558,0.7025105809033458,12474.177224495936,0.0,-540.8617798624583,7.975254611940884e-10,33466.06688210594,pseudo_6dof_kinematic_bridge,a320.attitude_response_p6dof.v1,surrogate_policy_overlay,0.0,0,0.7011165106443825,-4.208483330228058e-21,-3.687149159949093e-15,0.01999999999998898,-0.001466250989437103,jsbsim-1.3.1-a320-coefficient-surrogate
716.0,27591.434140266385,-13487.397878828253,10480.732140007021,230.47278918097328,0.7751296855260618,59500.24742974148,5,6,right-turn,27374.53521842537,-12016.421345818444,10500.0,230.1542,-137.3994402400779,0.0,20.0,20.000000000001176,0.1432394487829405,-135.94542120449685,-2.3698754897878596,-3.1563624976710436e-21,-9.293768501669454e-15,1.4805606170498977e-33,-0.014098567006339578,10407.819824000613,583498.1014568743,33748.28898714676,33335.908690792945,33748.28898714676,0.7026763675057461,12475.241244380471,0.0,-540.8369281148296,7.97478682661808e-10,33464.15764102461,pseudo_6dof_kinematic_bridge,a320.attitude_response_p6dof.v1,surrogate_policy_overlay,0.0,0,0.7013055550185685,-3.1563624976710436e-21,-3.1679633554914786e-15,0.01999999999998898,-0.0014662509249669141,jsbsim-1.3.1-a320-coefficient-surrogate
717.0,27424.00152371928,-13645.777250809098,10480.732140007021,230.46585844851134,0.7751063759783586,59499.54475337398,5,6,right-turn,27204.028344511804,-12171.009457631133,10500.0,230.1542,-138.20722859194524,0.0,20.0,20.00000000000035,0.1432394487829405,-136.75320957623356,-2.3839740561872036,-2.3672718732532828e-21,-1.4378178868182233e-14,7.106690961839509e-34,-0.014098566746129835,10407.22259322138,583491.210555675,33747.456401067626,33344.045624304825,33747.456401067626,0.7028384505641427,12476.287204033753,0.0,-540.8126200659182,7.974329210303499e-10,33462.290377972866,pseudo_6dof_kinematic_bridge,a320.attitude_response_p6dof.v1,surrogate_policy_overlay,0.0,0,0.7014903725031187,-2.3672718732532828e-21,-1.2713793363782196e-15,0.01999999999998898,-0.00146625088435136,jsbsim-1.3.1-a320-coefficient-surrogate
718.0,27254.357800677597,-13801.775709593046,10480.732140007021,230.45907838358085,0.7750835731580513,59498.84191492342,5,6,right-turn,27031.359017549352,-12323.17838314461,10500.0,230.1542,-139.01501694381258,0.0,20.0,19.999999999999872,0.1432394487829405,-137.56099793478154,-2.398072622586547,-1.7754539049399622e-21,-8.369970571643157e-15,3.411211661682964e-34,-0.014098566515942657,10406.638345671225,583484.3180649838,33746.63684479275,33352.00066709647,33746.63684479275,0.7029969104634972,12477.31549534422,0.0,-540.7888453423835,7.97388154213233e-10,33460.464191537736,pseudo_6dof_kinematic_bridge,a320.attitude_response_p6dof.v1,surrogate_policy_overlay,0.0,0,0.701671054905595,-1.7754539049399622e-21,8.218813179395391e-17,0.01999999999998898,-0.001466250867016857,jsbsim-1.3.1-a320-coefficient-surrogate
719.0,27082.536710538472,-13955.36249220409,10480.732140007021,230.45244571368352,0.7750612660590224,59498.138918012955,5,6,right-turn,26856.561558378173,-12472.897876307294,10500.0,230.1542,-139.82280529567993,0.0,20.0,19.999999999999773,0.1432394487829405,-138.36878628435292,-2.412171188985891,-1.3315904287049717e-21,-1.726748090064518e-15,1.6373815976078225e-34,-0.014098566359271082,10406.066799354448,583477.4240203317,33745.83003567691,33359.77776725713,33745.83003567691,0.7031518258474876,12478.32650170615,0.0,-540.7655918626477,7.973443606030927e-10,33458.6780750835,pseudo_6dof_kinematic_bridge,a320.attitude_response_p6dof.v1,surrogate_policy_overlay,0.0,0,0.7018476920421048,-1.3315904287049717e-21,5.124345068059854e-16,0.01999999999998898,-0.0014662508668964458,jsbsim-1.3.1-a320-coefficient-surrogate
720.0,26908.572421679793,-14106.507309969413,10480.732140007021,230.44595723731362,0.775039443913918,59497.43576618711,5,6,right-turn,26679.670710839346,-12620.13817793218,10500.0,230.1542,-140.6305936475473,0.0,20.0,19.99999999999986,0.1432394487829405,-139.17657462950416,-2.426269755385235,-9.986928215287289e-22,1.5305045262462096e-15,7.859431668517548e-35,-0.014098566282125734,10405.507678392893,583470.5284564788,33745.03569719964,33367.38078734704,33745.03569719964,0.7033032736561031,12479.320598203427,0.0,-540.7428468654791,7.973015190613087e-10,33456.931002786965,pseudo_6dof_kinematic_bridge,a320.attitude_response_p6dof.v1,surrogate_policy_overlay,0.0,0,0.7020203717804143,-9.986928215287289e-22,3.8437326259635924e-16,0.01999999999998898,-0.0014662508763691,jsbsim-1.3.1-a320-coefficient-surrogate
721.0,26732.499524821582,-14255.180354597482,10480.732140007021,230.439609822421,0.775018096188978,59496.73246291345,5,6,right-turn,26500.72163486897,-12764.870021611932,10500.0,230.1542,-141.43838199941464,0.0,20.0,19.999999999999968,0.1432394487829405,-139.9843629738581,-2.440368321784579,-7.490196161465467e-22,1.8286238149475536e-15,3.7725272008884225e-35,-0.014098566268209982,10404.96071289347,583463.6314074302,33744.253558832745,33374.81350624373,33744.253558832745,0.7034513291624211,12480.298151789364,0.0,-540.720597704256,7.972596089078552e-10,33455.2219867155,pseudo_6dof_kinematic_bridge,a320.attitude_response_p6dof.v1,surrogate_policy_overlay,0.0,0,0.7021891800821203,-7.490196161465467e-22,1.2973817918591263e-16,0.01999999999998898,-0.0014662508888323728,jsbsim-1.3.1-a320-coefficient-surrogate
722.0,26554.35302629929,-14401.352304161535,10480.732140007021,230.4334004049069,0.7749972125789772,59496.02901158429,5,6,right-turn,26319.74989950956,-12907.064639536089,10500.0,230.1542,-142.24617035128202,0.0,20.0,20.00000000000002,0.1432394487829405,-140.79215131962425,-2.4544668881839224,-5.617647121099101e-22,9.407037377342903e-16,1.8108130564264427e-35,-0.014098566292857717,10404.425638818557,583456.7329064531,33743.48335591071,33382.0796209493,33743.48335591071,0.7035960660086078,12481.259521462627,0.0,-540.698832314915,7.972186099113694e-10,33453.55010360911,pseudo_6dof_kinematic_bridge,a320.attitude_response_p6dof.v1,surrogate_policy_overlay,0.0,0,0.702354201043925,-5.617647121099101e-22,-2.8736031612661784e-17,0.01999999999998898,-0.0014662508998797045,jsbsim-1.3.1-a320-coefficient-surrogate
723.0,26374.16834125041,-14544.994328987155,10480.732140007021,230.42732598715224,0.7749767830022768,59495.32541551828,5,6,right-turn,26136.791475840124,-13046.693768209107,10500.0,230.1542,-143.0539587031494,0.0,20.0,20.00000000000003,0.1432394487829405,-141.59993966768144,-2.468565454583266,-4.2132353408243254e-22,1.187665264551489e-16,8.691902670846924e-36,-0.014098566332843836,10403.902197859188,583449.8329860923,33742.724829503815,33389.18274835886,33742.724829503815,0.7037375562411434,12482.205058439366,0.0,-540.6775393878507,7.971785022794361e-10,33451.914498142905,pseudo_6dof_kinematic_bridge,a320.attitude_response_p6dof.v1,surrogate_policy_overlay,0.0,0,0.7025155169380203,-4.2132353408243254e-22,-6.87143941986419e-17,0.01999999999998898,-0.001466250907412705,jsbsim-1.3.1-a320-coefficient-surrogate
724.0,26191.981286715887,-14686.078097442722,10480.732140007021,230.421383636578,0.7749567975959812,59494.62167796204,5,6,right-turn,25951.88272982631,-13183.729654068211,10500.0,230.1542,-143.8617470550167,0.0,20.0,20.000000000000014,0.1432394487829405,-142.40772801795222,-2.48266402098261,-3.159926505618244e-22,-2.2904857799307983e-16,4.1721132820065234e-36,-0.014098566371478133,10403.390137310987,583442.9316781864,33741.97772629411,33396.126426990566,33741.97772629411,0.7038758703452845,12483.13510632162,0.0,-540.6567083325021,7.971392666490806e-10,33450.31437220848,pseudo_6dof_kinematic_bridge,a320.attitude_response_p6dof.v1,surrogate_policy_overlay,0.0,0,0.7026732082515897,-3.159926505618244e-22,-4.471868994447749e-17,0.01999999999998898,-0.0014662509111332714,jsbsim-1.3.1-a320-coefficient-surrogate
725.0,26007.82807465772,-14824.575781631496,10480.732140007021,230.4155704842367,0.774937246711201,59493.917802091695,5,6,right-turn,25765.06041509208,-13318.145058999851,10500.0,230.1542,-144.66953540688408,0.0,20.0,20.000000000000004,0.1432394487829405,-143.21551636984697,-2.496762587381954,-2.3699448792136833e-22,-2.3050970354890124e-16,2.0026143753631312e-36,-0.014098566399821945,10402.889209952778,583436.0290138825,33741.241798453935,33402.91411867862,33741.241798453935,0.7040110772787869,12484.050001262163,0.0,-540.63632913468,7.971008840774672e-10,33448.7489689953,pseudo_6dof_kinematic_bridge,a320.attitude_response_p6dof.v1,surrogate_policy_overlay,0.0,0,0.70282735372546,-2.3699448792136833e-22,-1.3042517372545842e-17,0.01999999999998898,-0.001466250911817121,jsbsim-1.3.1-a320-coefficient-surrogate
726.0,25821.745304894244,-14960.46006298416,10480.732140007021,230.4098837234337,0.7749181209084172,59493.213791014416,5,6,right-turn,25576.361665614357,-13449.913265753736,10500.0,230.1542,-145.47732375875145,0.0,20.0,19.999999999999996,0.1432394487829405,-144.02330472263716,-2.510861153781298,-1.7774586594102625e-22,-1.1074693649238009e-16,9.61254900174303e-37,-0.014098566415450521,10402.39917392782,583429.1250236515,33740.516803527134,33409.54921023038,33740.516803527134,0.7041432445049147,12484.95007212567,0.0,-540.6163921880666,7.970633360327998e-10,33447.21755802159,pseudo_6dof_kinematic_bridge,a320.attitude_response_p6dof.v1,surrogate_policy_overlay,0.0,0,0.7029780303919306,-1.7774586594102625e-22,4.779496043689523e-18,0.01999999999998898,-0.0014662509106451414,jsbsim-1.3.1-a320-coefficient-surrogate
727.0,25633.769957954602,-15093.70413775061,10480.732140007021,230.4043206083789,0.7748994109529458,59492.50964776991,5,6,right-turn,25385.823988342003,-13579.008083253313,10500.0,230.1542,-146.2851121106188,0.0,20.0,19.999999999999996,0.1432394487829405,-144.831093075697,-2.524959720180642,-1.333093994557697e-22,-8.692887522068356e-18,4.6140235208366546e-37,-0.014098566420156108,10401.919792627594,583422.2197373027,33739.802504312844,33416.03501504743,33739.802504312844,0.704272438024731,12485.835640646503,0.0,-540.5968881515206,7.970266043854172e-10,33445.71942428964,pseudo_6dof_kinematic_bridge,a320.attitude_response_p6dof.v1,surrogate_policy_overlay,0.0,0,0.7031253136117755,-1.333093994557697e-22,8.870769558429928e-18,0.01999999999998898,-0.0014662509087314643,jsbsim-1.3.1-a320-coefficient-surrogate
728.0,25443.939387853825,-15224.281722389867,10480.732140007021,230.3988784528675,0.7748811078105006,59491.80537533189,5,6,right-turn,25193.485255740736,-13705.403851801666,10500.0,230.1542,-147.09290046248617,0.0,20.0,19.999999999999996,0.1432394487829405,-145.63888142861214,-2.539058286579986,-9.998204959182727e-23,2.7026029617540732e-17,2.214731290001594e-37,-0.014098566417631388,10401.450834578121,583415.3131839985,33739.09866875177,33422.37477471166,33739.09866875177,0.7043987224086918,12486.707021583032,0.0,-540.5778078548805,7.969906713990819e-10,33444.25386234291,pseudo_6dof_kinematic_bridge,a320.attitude_response_p6dof.v1,surrogate_policy_overlay,0.0,0,0.7032692771104431,-9.998204959182727e-23,4.788607599617459e-18,0.01999999999998898,-0.0014662509068782258,jsbsim-1.3.1-a320-coefficient-surrogate
729.0,25252.29131479011,-15352.167058856972,10480.732140007021,230.3935546289889,0.7748632026428515,59491.10097660948,5,6,right-turn,24999.38369826533,-13829.075448181811,10500.0,230.1542,-147.90068881435351,0.0,20.0,20.0,0.1432394487829405,-146.4466697811882,-2.5531568529793294,-7.498653719387045e-23,3.9527650616403914e-17,1.0630710192007652e-37,-0.01409856641171342,10400.992073328718,583408.4053922674,33738.40506981488,33428.57166053773,33738.40506981488,0.7045221608275701,12487.564522868677,0.0,-540.5591422537811,7.969555197224563e-10,33442.820174416585,pseudo_6dof_kinematic_bridge,a320.attitude_response_p6dof.v1,surrogate_policy_overlay,0.0,0,0.7034099930134857,-7.498653719387045e-23,3.359850914033096e-18,0.01999999999998898,-0.001466250905516243,jsbsim-1.3.1-a320-coefficient-surrogate
730.0,25058.863817765778,-15477.334919785739,10480.732140007021,230.38834656586363,0.7748456868035768,59490.39645444865,5,6,right-turn,24803.557896760718,-13949.998290650336,10500.0,230.1542,-148.70847716622086,0.0,20.0,20.0,0.1432394487829405,-147.2544581334009,-2.5672554193786734,-5.623990289540283e-23,1.3834677715741369e-17,5.102740892163673e-38,-0.014098566405371424,10400.543287343158,583401.4963900188,33737.72148539455,33434.62877509209,33737.72148539455,0.7046428150827138,12488.408445759655,0.0,-540.5408824217495,7.969211323807639e-10,33441.417671230935,pseudo_6dof_kinematic_bridge,a320.attitude_response_p6dof.v1,surrogate_policy_overlay,0.0,0,0.7035475318812194,-5.623990289540283e-23,-1.5811060244220576e-18,0.01999999999998898,-0.0014662509047633887,jsbsim-1.3.1-a320-coefficient-surrogate
731.0,24863.695327133457,-15599.76061356631,10480.732140007021,230.38325174840793,0.7748285518339073,59489.691811633566,5,6,right-turn,24606.0467747934,-14068.14834382342,10500.0,230.1542,-149.51626551808823,0.0,20.0,20.0,0.1432394487829405,-148.06224648532648,-2.5813539857780174,-4.2179927171552124e-23,4.842137200509477e-18,2.4493156282385626e-38,-0.0140985664003599,10400.104259893198,583394.5862045563,33737.04769819805,33440.54915367866,33737.04769819805,0.7047607456356397,12489.239084979534,0.0,-540.523019564141,7.968874927676298e-10,33440.045673997134,pseudo_6dof_kinematic_bridge,a320.attitude_response_p6dof.v1,surrogate_policy_overlay,0.0,0,0.7036819627426256,-4.2179927171552124e-23,-5.533871083955557e-19,0.01999999999998898,-0.0014662509045348944,jsbsim-1.3.1-a320-coefficient-surrogate
732.0,24666.824617069047,-15719.419989316415,10480.732140007021,230.37826771612453,0.7748117894586602,59488.98705088793,5,6,right-turn,24406.88959091476,-14183.502123454267,10500.0,230.1542,-150.32405386995558,0.0,20.0,20.0,0.1432394487829405,-148.87003483707815,-2.5954525521773615,-3.1634945378664095e-23,1.694748020178317e-18,1.17567150155451e-38,-0.014098566397324836,10399.674778954397,583387.6748625902,33736.383495643335,33446.33576579356,33736.383495643335,0.7048760116370112,12490.056728860654,0.0,-540.5055450395878,7.968545846370997e-10,33438.703516495996,pseudo_6dof_kinematic_bridge,a320.attitude_response_p6dof.v1,surrogate_policy_overlay,0.0,0,0.703813353128537,-3.1634945378664095e-23,-1.9368548778628003e-19,0.01999999999998898,-0.0014662509046540692,jsbsim-1.3.1-a320-coefficient-surrogate
733.0,24468.290797973033,-15836.289441745328,10480.732140007021,230.37339206191976,0.7747953915822607,59488.282174876294,5,6,right-turn,24206.125930857797,-14296.036701100975,10500.0,230.1542,-151.13184222182295,0.0,20.0,20.0,0.1432394487829405,-149.6778231887618,-2.609551118576705,-2.372620903399807e-23,5.931618070624108e-19,5.643223207461648e-39,-0.014098566396137166,10399.254637104175,583380.7623902506,33735.728669757045,33451.991516547874,33735.728669757045,0.7049886709549777,12490.861659482573,0.0,-540.4884503793779,7.968223920958268e-10,33437.39054663003,pseudo_6dof_kinematic_bridge,a320.attitude_response_p6dof.v1,surrogate_policy_overlay,0.0,0,0.7039417691040958,-2.372620903399807e-23,-6.778992057303361e-20,0.01999999999998898,-0.0014662509049369779,jsbsim-1.3.1-a320-coefficient-surrogate
734.0,24268.133308801738,-15950.345915909478,10480.732140007021,230.36862243094652,0.7747793502848497,59487.57718620534,5,6,right-turn,24003.795699668794,-14405.729708683933,10500.0,230.1542,-151.9396305736903,0.0,20.0,20.0,0.1432394487829405,-150.485611540453,-2.6236496849760487,-1.7794656775498552e-23,2.0760663247184378e-19,2.708747139581591e-39,-0.014098566396269144,10398.843631422096,583373.8488131006,33735.08301707478,33457.51924805972,33735.08301707478,0.7050987802029061,12491.654152807401,0.0,-540.4717272999525,7.967908995954323e-10,33436.10612720842,pseudo_6dof_kinematic_bridge,a320.attitude_response_p6dof.v1,surrogate_policy_overlay,0.0,0,0.7040672753005062,-1.7794656775498552e-23,-2.3726472048397355e-20,0.01999999999998898,-0.0014662509052410261,jsbsim-1.3.1-a320-coefficient-surrogate
735.0,24066.391909330076,-16061.566911858743,10480.732140007021,230.36395651947146,0.7747636578184757,59486.87208742514,5,6,right-turn,23799.939113775556,-14512.559342931863,10500.0,230.1542,-152.74741892555767,0.0,20.0,20.0,0.1432394487829405,-151.29339989219184,-2.6377482513753927,-1.3345992581623916e-23,7.266232136514532e-20,1.3001986269991636e-39,-0.014098566397101584,10398.44156339229,583366.9341561478,33734.44633854342,33462.92174081718,33734.44633854342,0.7052063947665272,12492.43447881232,0.0,-540.4553677074533,7.967600919250298e-10,33434.84963604251,pseudo_6dof_kinematic_bridge,a320.attitude_response_p6dof.v1,surrogate_policy_overlay,0.0,0,0.704189934946122,-1.3345992581623916e-23,-8.304265064774675e-21,0.01999999999998898,-0.0014662509054817019,jsbsim-1.3.1-a320-coefficient-surrogate
736.0,23863.106672347447,-16169.930489172442,10480.732140007021,230.35939207376774,0.7747483066033691,59486.166881030374,5,6,right-turn,23594.596692993746,-14616.504369715536,10500.0,230.1542,-153.555207277425,0.0,20.0,20.0,0.1432394487829405,-152.10118824398896,-2.6518468177747367,-1.0009494436217937e-23,2.5431812477800857e-20,6.240953409595985e-40,-0.014098566398117792,10398.048238808005,583360.0184438566,33733.81843942568,33468.20171501074,33733.81843942568,0.7053115688304789,12493.202901619166,0.0,-540.4393636959176,7.967299542039085e-10,33433.620465569365,pseudo_6dof_kinematic_bridge,a320.attitude_response_p6dof.v1,surrogate_policy_overlay,0.0,0,0.7043098098968323,-1.0009494436217937e-23,-2.906492620506737e-21,0.01999999999998898,-0.0014662509056278161,jsbsim-1.3.1-a320-coefficient-surrogate
737.0,23658.317975788388,-16275.415271384089,10480.732140007021,230.35492688903082,0.774733289224297,59485.46156946154,5,6,right-turn,23387.809252472904,-14717.544128268442,10500.0,230.1542,-154.36299562929236,0.0,20.0,20.0,0.1432394487829405,-152.90897659583578,-2.665945384174081,-7.507120827163452e-24,8.901134367230298e-21,2.995657636606073e-40,-0.0140985663989851,10397.663467678187,583353.1017001601,33733.19912920668,33473.36183183795,33733.19912920668,0.7054143554042928,12493.959679621228,0.0,-540.42370754129,7.96700471874379e-10,33432.41802221967,pseudo_6dof_kinematic_bridge,a320.attitude_response_p6dof.v1,surrogate_policy_overlay,0.0,0,0.704426960665815,-7.507120827163452e-24,-1.0172722650129584e-21,0.01999999999998898,-0.0014662509056852582,jsbsim-1.3.1-a320-coefficient-surrogate
738.0,23452.066494799583,-16378.000450293983,10480.732140007021,230.35055880831808,0.7747185984269962,59484.75615510614,5,6,right-turn,23179.617894583756,-14815.658535293433,10500.0,230.1542,-155.17078398115973,0.0,20.0,20.0,0.1432394487829405,-153.71676494771526,-2.6800439505734244,-5.630340620372589e-24,3.115397028530604e-21,1.437915665570915e-40,-0.014098566399555427,10397.287064136117,583346.1839484717,33732.58822150243,33478.404694779594,33732.58822150243,0.7055148063478163,12494.705065607377,0.0,-540.4083916939064,7.966716306947705e-10,33431.241725749096,pseudo_6dof_kinematic_bridge,a320.attitude_response_p6dof.v1,surrogate_policy_overlay,0.0,0,0.7045414464526363,-5.630340620372589e-24,-3.56045140590136e-22,0.01999999999998898,-0.0014662509056792361,jsbsim-1.3.1-a320-coefficient-surrogate
739.0,23244.393193744894,-16477.66579016875,10480.732140007021,230.34628572151144,0.7747042271146846,59484.05064029979,5,6,right-turn,22970.06400074848,-14910.828088954597,10500.0,230.1542,-155.97857233302707,0.0,20.0,20.0,0.1432394487829405,-154.5245532996099,-2.694142516972768,-4.222755465279442e-24,1.090388959985711e-21,6.901995194740392e-41,-0.01409856639982008,10396.918846350009,583339.265211696,33731.985533970495,33483.33285084837,33731.985533970495,0.7056129723960847,12495.439306883396,0.0,-540.3934087709737,7.9664341673258e-10,33430.09100863472,pseudo_6dof_kinematic_bridge,a320.attitude_response_p6dof.v1,surrogate_policy_overlay,0.0,0,0.7046533251717211,-4.222755465279442e-24,-1.2461564704214824e-22,0.01999999999998898,-0.001466250905639512,jsbsim-1.3.1-a320-coefficient-surrogate
740.0,23035.33931815008,-16574.391631826937,10480.732140007021,230.34210556430213,0.7746901683446467,59483.3450273274,5,6,right-turn,22759.18922321545,-15003.033872753591,10500.0,230.1542,-156.78636068489445,0.0,20.0,20.0,0.1432394487829405,-155.33234165150623,-2.708241083372112,-3.1670665989595816e-24,3.816361359949988e-22,3.312957693475388e-41,-0.014098566399849454,10396.558636435526,583332.3455122402,33731.390888222384,33488.14879181087,33731.390888222384,0.7057089031836621,12496.16264539076,0.0,-540.3787515500055,7.966158163577714e-10,33428.96531558705,pseudo_6dof_kinematic_bridge,a320.attitude_response_p6dof.v1,surrogate_policy_overlay,0.0,0,0.7047626534802132,-3.1670665989595816e-24,-4.361532430035252e-23,0.01999999999998898,-0.0014662509055908056,jsbsim-1.3.1-a320-coefficient-surrogate
741.0,22824.94638658885,-16668.158896609842,10480.732140007021,230.3380163171978,0.7746764153248941,59482.63931842422,5,6,right-turn,22547.035476780187,-15092.257559289577,10500.0,230.1542,-157.5941490367618,0.0,20.0,20.0,0.1432394487829405,-156.14013000339634,-2.722339649771456,-2.375299949219686e-24,1.3357264759824956e-22,1.5902196928681865e-41,-0.014098566399740988,10396.206260370222,583325.4248720249,33730.804109738005,33492.85495538291,33730.804109738005,0.7058026472684524,12496.875317822865,0.0,-540.3644129637606,7.965888162362173e-10,33427.86410319871,pseudo_6dof_kinematic_bridge,a320.attitude_response_p6dof.v1,surrogate_policy_overlay,0.0,0,0.7048694868052239,-2.375299949219686e-24,-1.5265211340724035e-23,0.01999999999998898,-0.0014662509055492004,jsbsim-1.3.1-a320-coefficient-surrogate
742.0,22613.25618251192,-16758.94909023674,10480.732140007021,230.33401600455056,0.7746629614108973,59481.93351577695,5,6,right-turn,22333.64493045409,-15178.481413902113,10500.0,230.1542,-158.40193738862914,0.0,20.0,20.0,0.1432394487829405,-156.94791835527738,-2.7364382161707996,-1.7814749619147644e-24,4.6750426659387345e-23,7.633054525767295e-42,-0.014098566399582593,10395.861547909803,583318.503312494,33730.2250277818,33497.45372639961,33730.2250277818,0.7058942521550065,12497.57755573868,0.0,-540.350386096189,7.965624033232845e-10,33426.78683966966,pseudo_6dof_kinematic_bridge,a320.attitude_response_p6dof.v1,surrogate_policy_overlay,0.0,0,0.7049738793705065,-1.7814749619147644e-24,-5.342671804854063e-24,0.01999999999998898,-0.0014662509055217425,jsbsim-1.3.1-a320-coefficient-surrogate
743.0,22400.31074602078,-16846.744306543682,10480.732140007021,230.33010269360685,0.7746498001023889,59481.2276215248,5,6,right-turn,22119.059999082703,-15261.688298196186,10500.0,230.1542,-159.2097257404965,0.0,20.0,20.0,0.1432394487829405,-157.75570670714998,-2.7505367825701432,-1.3361062214360733e-24,1.6362649330785566e-23,3.663866172368302e-42,-0.014098566399435712,10395.524332506215,583311.5808546261,33729.6534753209,33501.94743795947,33729.6534753209,0.7059837643173106,12498.269585673996,0.0,-540.3366641794036,7.965365648575564e-10,33425.73300460443,pseudo_6dof_kinematic_bridge,a320.attitude_response_p6dof.v1,surrogate_policy_overlay,0.0,0,0.7050758842225315,-1.3361062214360733e-24,-1.8697829672995737e-24,0.01999999999998898,-0.0014662509055090004,jsbsim-1.3.1-a320-coefficient-surrogate
744.0,22186.152365587863,-16931.527231105167,10480.732140007021,230.32627449357688,0.7746369250402357,59480.52163776048,5,6,right-turn,21903.323334915014,-15341.861673448759,10500.0,230.1542,-160.01751409236385,0.0,20.0,20.0,0.1432394487829405,-158.56349505901662,-2.7646353489694873,-1.002079666077055e-24,5.726927265774947e-24,1.7586557627367847e-42,-0.014098566399331523,10395.194451227508,583304.6575189438,33729.08928894479,33506.33837254477,33729.08928894479,0.7060712292211061,12498.951629250245,0.0,-540.3232405909152,7.965112883546935e-10,33424.70208881522,pseudo_6dof_kinematic_bridge,a320.attitude_response_p6dof.v1,surrogate_policy_overlay,0.0,0,0.7051755532560245,-1.002079666077055e-24,-6.542718741555026e-25,0.01999999999998898,-0.0014662509055075566,jsbsim-1.3.1-a320-coefficient-surrogate
745.0,21970.82356972481,-17013.281144737834,10480.732140007021,230.3225295547252,0.774624330003378,59479.81556653126,5,6,right-turn,21686.477819125677,-15418.985603896113,10500.0,230.1542,-160.82530244423123,0.0,20.0,20.0,0.1432394487829405,-159.37128341088012,-2.7787339153688313,-7.515597495577912e-25,2.0044245430212312e-24,8.441547661136565e-43,-0.014098566399276601,10394.87174467941,583297.7333255238,33728.532308787,33510.628763116714,33728.532308787,0.7061566913457014,12499.62390328096,0.0,-540.3101088511282,7.964865616014239e-10,33423.69359413534,pseudo_6dof_kinematic_bridge,a320.attitude_response_p6dof.v1,surrogate_policy_overlay,0.0,0,0.7052729372389246,-7.515597495577912e-25,-2.2884299155507784e-25,0.01999999999998898,-0.0014662509055126836,jsbsim-1.3.1-a320-coefficient-surrogate
746.0,21754.36711860054,-17091.989926885537,10480.732140007021,230.31886606748006,0.7746120089058361,59479.10940983991,5,6,right-turn,21468.566553291657,-15493.044759901331,10500.0,230.1542,-161.63309079609857,0.0,20.0,20.0,0.1432394487829405,-160.17907176274284,-2.7928324817681753,-5.636698121683434e-25,7.015485900574309e-25,4.051942877345551e-43,-0.014098566399262756,10394.556056928637,583290.8082940066,33727.9823784482,33514.82079418814,33727.9823784482,0.7062401942053425,12500.286619875988,0.0,-540.2972626208118,7.964623726496668e-10,33422.707033222774,pseudo_6dof_kinematic_bridge,a320.attitude_response_p6dof.v1,surrogate_policy_overlay,0.0,0,0.7053680858368289,-5.636698121683434e-25,-7.994288264492922e-26,0.01999999999998898,-0.0014662509055202808,jsbsim-1.3.1-a320-coefficient-surrogate
747.0,21536.825995610903,-17167.638058885062,10480.732140007021,230.31528226156274,0.7745999557937809,59478.40316964571,5,6,right-turn,21249.63285082508,-15564.024421001324,10500.0,230.1542,-162.44087914796594,0.0,20.0,20.0,0.1432394487829405,-160.98686011460626,-2.806931048167519,-4.227523591262575e-25,2.455420065201008e-25,1.9449325811258644e-43,-0.014098566399275021,10394.247235427825,583283.882443606,33727.439344921215,33518.91660287196,33727.439344921215,0.706321780370095,12500.939986543352,0.0,-540.2846956982804,7.964387098107812e-10,33421.74192933592,pseudo_6dof_kinematic_bridge,a320.attitude_response_p6dof.v1,surrogate_policy_overlay,0.0,0,0.7054610476368848,-4.227523591262575e-25,-2.78278445263772e-26,0.01999999999998898,-0.0014662509055273004,jsbsim-1.3.1-a320-coefficient-surrogate
748.0,21318.243398901566,-17240.210627111814,10480.732140007021,230.31177640513528,0.7745881648426678,59477.696847865336,5,6,right-turn,21029.72022836402,-15631.910478832742,10500.0,230.1542,-163.2486674998333,0.0,20.0,20.0,0.1432394487829405,-161.79464846647105,-2.8210296145668625,-3.170642693446931e-25,8.593970228203526e-26,9.335676389404148e-44,-0.01409856639929883,10393.94513094211,583276.9557931186,33726.90305851744,33522.9182799078,33726.90305851744,0.7064014914862959,12501.584206289008,0.0,-540.2724020166605,7.964155616499399e-10,33420.797816117454,pseudo_6dof_kinematic_bridge,a320.attitude_response_p6dof.v1,surrogate_policy_overlay,0.0,0,0.7055518701711824,-3.170642693446931e-25,-9.587581184883998e-27,0.01999999999998898,-0.0014662509055323166,jsbsim-1.3.1-a320-coefficient-surrogate
749.0,21098.66273284594,-17309.693326004828,10480.732140007021,230.30834680396674,0.7745766303544331,59476.99044637385,5,6,right-turn,20808.87239712283,-15696.68943993627,10500.0,230.1542,-164.05645585170063,0.0,20.0,20.0,0.1432394487829405,-162.6024368183372,-2.8351281809662066,-2.3779820200851984e-25,3.0078895798712336e-26,4.481124666913991e-44,-0.014098566399323241,10393.649597477273,583270.0283609321,33726.373372795046,33526.82787066622,33726.373372795046,0.7064793682965561,12502.219477714396,0.0,-540.2603756409162,7.963929169806233e-10,33419.874237358694,pseudo_6dof_kinematic_bridge,a320.attitude_response_p6dof.v1,surrogate_policy_overlay,0.0,0,0.7056405999396349,-2.3779820200851984e-25,-3.2034890153613764e-27,0.01999999999998898,-0.001466250905534988,jsbsim-1.3.1-a320-coefficient-surrogate
750.0,20878.127599479878,-17376.072460970492,10480.732140007021,230.30499180061793,0.774565346754751,59476.283967005555,5,6,right-turn,20587.133254203818,-15758.348428438652,10500.0,230.1542,-164.864244203568,0.0,20.0,20.0,0.1432394487829405,-163.41022517020446,-2.8492267473655506,-1.7834865150638988e-25,1.0527613529549316e-26,2.1509398401187158e-44,-0.014098566399341848,10393.360492209487,583263.100165035,33725.85014448858,33530.64737613093,33725.85014448858,0.7065554506593259,12502.845995111842,0.0,-540.2486107649315,7.963707648592373e-10,33418.97074677141,pseudo_6dof_kinematic_bridge,a320.attitude_response_p6dof.v1,surrogate_policy_overlay,0.0,0,0.7057272824323557,-1.7834865150638988e-25,-9.690567560284592e-28,0.01999999999998898,-0.0014662509055356457,jsbsim-1.3.1-a320-coefficient-surrogate
751.0,20656.681789894887,-17439.33495116437,10480.732140007021,230.3017097736428,0.7745543085903493,59475.57741155489,5,6,right-turn,20364.546873872037,-15816.87518861198,10500.0,230.1542,-165.67203255543535,0.0,20.0,20.0,0.1432394487829405,-164.2180135220723,-2.8633253137648946,-1.3376148862979242e-25,3.68466473534226e-27,1.0324511232569836e-44,-0.014098566399352733,10393.07767541652,583256.1712230248,33725.33323344015,33534.378753860685,33725.33323344015,0.7066297775680548,12503.46394855802,0.0,-540.2371017086784,7.963490945798412e-10,33418.08690776832,pseudo_6dof_kinematic_bridge,a320.attitude_response_p6dof.v1,surrogate_policy_overlay,0.0,0,0.7058119621515723,-1.3376148862979242e-25,-1.870054652619384e-28,0.01999999999998898,-0.0014662509055350793,jsbsim-1.3.1-a320-coefficient-surrogate
752.0,20434.36927559163,-17499.468332150533,10480.732140007021,230.29849913680852,0.7745435105263846,59474.870781777325,5,6,right-turn,20141.15749879474,-15872.25808730974,10500.0,230.1542,-166.47982090730272,0.0,20.0,20.0,0.1432394487829405,-165.0258018739404,-2.8774238801642382,-1.003211164723443e-25,1.2896326573697907e-27,4.955765391633521e-45,-0.014098566399356478,10392.80101041049,583249.2415521166,33724.822502532144,33538.02391892917,33724.822502532144,0.706702387169915,12504.073524005245,0.0,-540.2258429153243,7.963278956689955e-10,33417.22229323901,pseudo_6dof_kinematic_bridge,a320.attitude_response_p6dof.v1,surrogate_policy_overlay,0.0,0,0.705894682633036,-1.003211164723443e-25,8.671248650634387e-29,0.01999999999998898,-0.0014662509055338975,jsbsim-1.3.1-a320-coefficient-surrogate
753.0,20211.2341997955,-17556.460758437916,10480.732140007021,230.29535833833097,0.7745329473438725,59474.16407939015,5,6,right-turn,19917.00953124747,-15924.486116279058,10500.0,230.1542,-167.28760925917007,0.0,20.0,20.0,0.1432394487829405,-165.83359022580842,-2.891522446563582,-7.524083735425823e-26,4.513714300794265e-28,2.37876738798409e-45,-0.014098566399355488,10392.530363472022,583242.3111691514,33724.3178176213,33541.58474484583,33724.3178176213,0.7067733167841423,12504.674903370891,0.0,-540.2148289486031,7.963071578807166e-10,33416.37648534901,pseudo_6dof_kinematic_bridge,a320.attitude_response_p6dof.v1,surrogate_policy_overlay,0.0,0,0.7059754864669988,-7.524083735425823e-26,1.8251376962524264e-28,0.01999999999998898,-0.001466250905532753,jsbsim-1.3.1-a320-coefficient-surrogate
754.0,19987.320868736035,-17610.30100589308,10480.732140007021,230.292285860128,0.7745226139371751,59473.45730607337,5,6,right-turn,19692.147524288375,-15973.5488943488,10500.0,230.1542,-168.0953976110374,0.0,20.0,20.0,0.1432394487829405,-166.64137857767625,-2.905621012962926,-5.643062801569368e-26,1.5798000052779928e-28,1.1418083462323632e-45,-0.014098566399352088,10392.265603785883,583235.3800906044,33723.819047474295,33545.06306445594,33723.819047474295,0.7068426029199655,12505.268264624858,0.0,-540.2040544900768,7.96286871191545e-10,33415.549075328316,pseudo_6dof_kinematic_bridge,a320.attitude_response_p6dof.v1,surrogate_policy_overlay,0.0,0,0.7060544153187122,-5.643062801569368e-26,2.160442187168572e-28,0.01999999999998898,-0.0014662509055318692,jsbsim-1.3.1-a320-coefficient-surrogate
755.0,19762.673742891933,-17660.978474028998,10480.732140007021,230.28928021708793,0.7745125053115421,59472.750463470446,5,6,right-turn,19466.61617290257,-16019.436669492978,10500.0,230.1542,-168.9031859629048,0.0,20.0,20.0,0.1432394487829405,-167.44916692954385,-2.91971957936227,-4.232297101177026e-26,5.529300018472974e-29,5.480680061915343e-46,-0.014098566399348115,10392.006603377953,583228.4483325924,33723.32606370469,33548.46067082192,33723.32606370469,0.7069102812941616,12505.853781875092,0.0,-540.1935143366387,7.962670257957158e-10,33414.739663280736,pseudo_6dof_kinematic_bridge,a320.attitude_response_p6dof.v1,surrogate_policy_overlay,0.0,0,0.7061315099485019,-4.232297101177026e-26,2.277798758989223e-28,0.01999999999998898,-0.0014662509055313297,jsbsim-1.3.1-a320-coefficient-surrogate
756.0,19537.33742820352,-17708.483188169266,10480.732140007021,230.28633995635477,0.7745026165807051,59472.04355318915,5,6,right-turn,19240.460305118257,-16062.140320769133,10500.0,230.1542,-169.71097431477213,0.0,20.0,20.0,0.1432394487829405,-168.25695528141128,-2.933818145761614,-3.174222825882769e-26,1.9352550064655404e-29,2.6307264297193647e-46,-0.014098566399344922,10391.753237053621,583221.5159108824,33722.83874071123,33551.77931808469,33722.83874071123,0.706976386848214,12506.43162545134,0.0,-540.1832033980367,7.962476121004391e-10,33413.94785799335,pseudo_6dof_kinematic_bridge,a320.attitude_response_p6dof.v1,surrogate_policy_overlay,0.0,0,0.7062068102313841,-3.174222825882769e-26,2.3188735591264506e-28,0.01999999999998898,-0.0014662509055311693,jsbsim-1.3.1-a320-coefficient-surrogate
757.0,19311.3566672544,-17752.80580148743,10480.732140007021,230.28346365662793,0.7744929429645239,59471.3365768023,5,6,right-turn,19013.724873096446,-16101.651360131267,10500.0,230.1542,-170.5187626666395,0.0,20.0,20.0,0.1432394487829405,-169.06474363327857,-2.9479167121609575,-2.3806671194120768e-26,6.773392522629391e-30,1.2627486862652948e-46,-0.014098566399342817,10391.505382337455,583214.5828408983,33722.35695561749,33555.020722307694,33722.35695561749,0.7070409537651239,12507.001961986985,0.0,-540.1731166943811,7.962286207212758e-10,33413.17327674407,pseudo_6dof_kinematic_bridge,a320.attitude_response_p6dof.v1,surrogate_policy_overlay,0.0,0,0.7062803551762875,-2.3806671194120768e-26,2.3332497391744803e-28,0.01999999999998898,-0.00146625090553119,jsbsim-1.3.1-a320-coefficient-surrogate
758.0,19084.77633042414,-17793.93759692089,10480.732140007021,230.280649927478,0.7744834797866846,59470.62953584854,5,6,right-turn,18786.45494419599,-16137.961934116991,10500.0,230.1542,-171.32655101850688,0.0,20.0,20.0,0.1432394487829405,-169.8725319851458,-2.962015278560301,-1.7855003395590578e-26,2.370687382920287e-30,6.061193694073415e-47,-0.014098566399341978,10391.26291941424,583207.6491377291,33721.880588212836,33558.18656230149,33721.880588212836,0.7071040154858372,12507.564954499263,0.0,-540.163249353861,7.962100424776215e-10,33412.41554512664,pseudo_6dof_kinematic_bridge,a320.attitude_response_p6dof.v1,surrogate_policy_overlay,0.0,0,0.7063521829448298,-1.7855003395590578e-26,2.3382814021912907e-28,0.01999999999998898,-0.0014662509055313809,jsbsim-1.3.1-a320-coefficient-surrogate
759.0,18857.641407013754,-17831.870488959066,10480.732140007021,230.2778974086769,0.7744742224724468,59469.92243183305,5,6,right-turn,18558.69569201568,-16171.064825408506,10500.0,230.1542,-172.1343393703742,0.0,20.0,20.0,0.1432394487829405,-170.68032033701306,-2.976113844959645,-1.3391252546692935e-26,8.297405840221003e-31,2.9093729731552386e-47,-0.01409856639934206,10391.025731071237,583200.7148161356,33721.409520894646,33561.278480431196,33721.409520894646,0.707165604725327,12508.120762467552,0.0,-540.153596610328,7.961918683882811e-10,33411.67429686317,pseudo_6dof_kinematic_bridge,a320.attitude_response_p6dof.v1,surrogate_policy_overlay,0.0,0,0.706422330869706,-1.3391252546692935e-26,2.3400424842471746e-28,0.01999999999998898,-0.0014662509055315925,jsbsim-1.3.1-a320-coefficient-surrogate
760.0,18629.99699634583,-17866.597025305426,10480.732140007021,230.27520476954243,0.7744651665464395,59469.215266228326,5,6,right-turn,18330.49238741529,-16200.953454267186,10500.0,230.1542,-172.94212772224157,0.0,20.0,20.0,0.1432394487829405,-171.48810868888032,-2.990212411358989,-1.0043439410019701e-26,2.904092044077351e-31,1.3964990271145144e-47,-0.014098566399342434,10390.793702641731,583193.779890558,33720.943638611774,33564.298083406364,33720.943638611774,0.7072257534883277,12508.66954191016,0.0,-540.144153801046,7.961740896671435e-10,33410.94917363124,pseudo_6dof_kinematic_bridge,a320.attitude_response_p6dof.v1,surrogate_policy_overlay,0.0,0,0.7064908354726717,-1.0043439410019701e-26,2.340658862966734e-28,0.01999999999998898,-0.0014662509055316953,jsbsim-1.3.1-a320-coefficient-surrogate
761.0,18401.888298841106,-17898.110388413035,10480.732140007021,230.2725707082974,0.7744563076305051,59468.50804047484,5,6,right-turn,18101.890389517226,-16227.6218798414,10500.0,230.1542,-173.74991607410894,0.0,20.0,20.0,0.1432394487829405,-172.29589704074763,-3.0043109777583332,-7.532579557514776e-27,1.0164322154270726e-31,6.703195330149669e-48,-0.01409856639934308,10390.566721949785,583186.8443751226,33720.48282880928,33567.24694305369,33720.48282880928,0.7072844930847275,12509.211445459303,0.0,-540.1349163645192,7.961566977189483e-10,33410.2398248967,pseudo_6dof_kinematic_bridge,a320.attitude_response_p6dof.v1,surrogate_policy_overlay,0.0,0,0.7065577324821385,-7.532579557514776e-27,2.3408745955185797e-28,0.01999999999998898,-0.0014662509055318228,jsbsim-1.3.1-a320-coefficient-surrogate
762.0,18173.360607073293,-17926.404396893333,10480.732140007021,230.26999395144233,0.7744476414415903,59467.80075598175,5,6,right-turn,17872.935136690703,-16251.064801347338,10500.0,230.1542,-174.55770442597628,0.0,20.0,20.0,0.1432394487829405,-173.10368539261498,-3.0184095441576773,-5.649434668136082e-27,3.557512753994754e-32,3.217533758471841e-48,-0.014098566399343659,10390.344679256186,583179.9082836484,33720.026981374336,33570.126597073104,33720.026981374336,0.7073418541446295,12509.746622434512,0.0,-540.125879838178,7.96139684135145e-10,33409.54590773383,pseudo_6dof_kinematic_bridge,a320.attitude_response_p6dof.v1,surrogate_policy_overlay,0.0,0,0.7066230568503877,-5.649434668136082e-27,2.3409501019117257e-28,0.01999999999998898,-0.001466250905531868,jsbsim-1.3.1-a320-coefficient-surrogate
763.0,17944.45929680401,-17951.47350679781,10480.732140007021,230.26747325314182,0.7744391637896821,59467.0934141276,5,6,right-turn,17643.672137520087,-16271.27755912266,10500.0,230.1542,-175.36549277784363,0.0,20.0,20.0,0.1432394487829405,-173.91147374448235,-3.032508110557021,-4.237076001102061e-27,1.2451294638981637e-32,1.5444162040664836e-48,-0.01409856639934398,10390.127467205586,583172.9716296545,33719.575988583216,33572.93854977754,33719.575988583216,0.7073978666330853,12510.27521891451,0.0,-540.1170398563205,7.961230406898414e-10,33408.86708666804,pseudo_6dof_kinematic_bridge,a320.attitude_response_p6dof.v1,surrogate_policy_overlay,0.0,0,0.7066868427704125,-4.237076001102061e-27,2.3409765291493267e-28,0.01999999999998898,-0.001466250905531845,jsbsim-1.3.1-a320-coefficient-surrogate
764.0,17715.22981799961,-17973.312812772376,10480.732140007021,230.26500739462432,0.7744308705757891,59466.38601626097,5,6,right-turn,17414.146961759336,-16288.256135552647,10500.0,230.1542,-176.173281129711,0.0,20.0,20.0,0.1432394487829405,-174.71926209634972,-3.0466066769563644,-3.1778070008265462e-27,4.3579531236435725e-33,7.41319777951912e-49,-0.014098566399344049,10389.914980774756,583166.0344263656,33719.12974504963,33575.684272816616,33719.12974504963,0.7074525598645138,12510.797377807423,0.0,-540.1083921479975,7.961067593358395e-10,33408.20303351228,pseudo_6dof_kinematic_bridge,a320.attitude_response_p6dof.v1,surrogate_policy_overlay,0.0,0,0.7067491236923921,-3.1778070008265462e-27,2.3409857786824873e-28,0.01999999999998898,-0.0014662509055317964,jsbsim-1.3.1-a320-coefficient-surrogate
765.0,17485.717685831765,-17991.91804908411,10480.732140007021,230.26259518359484,0.7744227577899658,59465.678563701105,5,6,right-turn,17184.40523127429,-16301.997155868788,10500.0,230.1542,-176.98106948157834,0.0,20.0,20.0,0.1432394487829405,-175.5270504482171,-3.0607052433557085,-2.38335525061991e-27,1.5252835932752504e-33,3.558334934169177e-49,-0.014098566399344087,10389.707117221991,583159.0966867195,33718.688147673965,33578.365205884635,33718.688147673965,0.7075059625168014,12511.313238919538,0.0,-540.0999325349596,7.960908322007588e-10,33407.55342720898,pseudo_6dof_kinematic_bridge,a320.attitude_response_p6dof.v1,surrogate_policy_overlay,0.0,0,0.7068099323398106,-2.38335525061991e-27,2.340989016019093e-28,0.01999999999998898,-0.0014662509055317938,jsbsim-1.3.1-a320-coefficient-surrogate
766.0,17255.968471663593,-18007.285590520263,10480.732140007021,230.26023545366021,0.7744148215093808,59464.971057738585,5,6,right-turn,16954.492610974557,-16312.497888819566,10500.0,230.1542,-177.78885783344572,0.0,20.0,20.0,0.1432394487829405,-176.33483880008444,-3.0748038097550525,-1.7875164379649322e-27,5.338492576463375e-34,1.7080007684012049e-49,-0.014098566399344108,10389.503776037582,583152.1584233721,33718.251095593754,33580.982757413614,33718.251095593754,0.7075581026451074,12511.822939022582,0.0,-540.091656929612,7.960752515832408e-10,33406.917953672106,pseudo_6dof_kinematic_bridge,a320.attitude_response_p6dof.v1,surrogate_policy_overlay,0.0,0,0.7068693007252319,-1.7875164379649322e-27,2.3409901490869053e-28,0.01999999999998898,-0.001466250905531792,jsbsim-1.3.1-a320-coefficient-surrogate
767.0,17026.02779402323,-18019.412453159264,10480.732140007021,230.25792706376714,0.7744070578964257,59464.26349963594,5,6,right-turn,16724.454799736886,-16319.756247213327,10500.0,230.1542,-178.59664618531306,0.0,20.0,20.0,0.1432394487829405,-177.1426271519518,-3.0889023761543966,-1.3406373284736991e-27,1.8684724017621808e-34,8.198403688325782e-50,-0.01409856639934412,10389.304858895392,583145.2196487047,33717.81849013517,33583.538305250855,33717.81849013517,0.7076090076953621,12512.326611919518,0.0,-540.0835613330884,7.960600099492391e-10,33406.29630563944,pseudo_6dof_kinematic_bridge,a320.attitude_response_p6dof.v1,surrogate_policy_overlay,0.0,0,0.7069272601657224,-1.3406373284736991e-27,2.3409905456606395e-28,0.01999999999998898,-0.0014662509055317911,jsbsim-1.3.1-a320-coefficient-surrogate
768.0,16795.941309566602,-18028.29629501359,10480.732140007021,230.25566889765224,0.7743994631968659,59463.555890628246,5,6,right-turn,16494.33752132175,-16323.770788333162,10500.0,230.1542,-179.4044345371804,0.0,20.0,20.0,0.1432394487829405,-177.9504155038192,-3.10300094255374,-1.0054779963552744e-27,6.539653406167631e-35,3.935233770396375e-50,-0.014098566399344016,10389.110269605462,583138.2803748294,33717.390234765626,33586.03319732208,33717.390234765626,0.7076587045174736,12512.824388508881,0.0,-540.0756418333103,7.960450999283878e-10,33405.688182522725,pseudo_6dof_kinematic_bridge,a320.attitude_response_p6dof.v1,surrogate_policy_overlay,0.0,0,0.7069838412979457,-1.0054779963552744e-27,2.3409906844614465e-28,0.01999999999998898,-0.0014662509055317552,jsbsim-1.3.1-a320-coefficient-surrogate
769.0,16565.754704031297,-18033.935416544406,10480.732140007021,230.25345986330376,0.7743920337380308,59462.84823192373,5,6,right-turn,16264.18651528503,-16324.540714223658,10500.0,230.1542,179.7877771109522,0.0,20.0,20.0,0.1432394487829405,-178.75820385568656,-3.1170995089530837,-7.541084972664557e-28,2.288878692158671e-35,1.88891220979026e-50,-0.01409856639934385,10388.919914067643,583131.3406135947,33716.96623504725,33588.46875228054,33716.96623504725,0.7077072193782604,12513.316396847826,0.0,-540.0678946031344,7.960305143104482e-10,33405.09329026528,pseudo_6dof_kinematic_bridge,a320.attitude_response_p6dof.v1,surrogate_policy_overlay,0.0,0,0.707039074092937,-7.541084972664557e-28,2.340990733041729e-28,0.01999999999998898,-0.001466250905531724,jsbsim-1.3.1-a320-coefficient-surrogate
770.0,16335.513683183337,-18036.328761047786,10480.732140007021,230.2512988924356,0.7743847659270435,59462.14052470435,5,6,right-turn,16034.047527886514,-16322.06587184951,10500.0,230.1542,178.97998875908488,0.0,20.0,20.0,0.1432394487829405,-174.11401698333887,-3.131198075352428,-5.655813729498418e-28,8.011075422555348e-36,9.066778606993247e-51,0.08105635200036454,10388.733700226236,583124.400376592,33716.54639859161,33590.84626014132,33716.54639859161,0.7077545779740846,12513.802762213701,0.0,971.299006685725,7.960162460418337e-10,21313.636760524718,pseudo_6dof_kinematic_bridge,a320.attitude_response_p6dof.v1,surrogate_policy_overlay,0.0,0,0.7070929878705382,-5.655813729498418e-28,2.340990750044828e-28,0.01999999999998898,-0.0014662509055317304,jsbsim-1.3.1-a320-coefficient-surrogate
771.0,16105.263963758702,-18035.47591491252,10480.732140007021,230.24918493997203,0.7743776562490893,59461.432770126376,5,6,right-turn,15803.96630299709,-16316.346753125934,10500.0,230.1542,178.17220040721753,0.0,20.0,20.0,0.1432394487829405,-166.4409549864273,3.1378886654278144,-4.241860297123813e-28,2.8038763978943718e-36,4.3520537313567584e-51,0.13392019555575807,10388.551538025631,583117.4596751598,33716.13063501514,33593.16698290278,33716.13063501514,0.7078008054432311,12514.283607164347,0.0,-650.9289551236465,7.960022882222111e-10,260782.05248394798,pseudo_6dof_kinematic_bridge,a320.attitude_response_p6dof.v1,surrogate_policy_overlay,0.0,0,0.7071456113135434,-4.241860297123813e-28,2.3409907559959125e-28,0.01999999999998898,-0.012884841113496654,jsbsim-1.3.1-a320-coefficient-surrogate
772.0,15875.05126440143,-18031.377107749406,10480.732140007021,230.24711698354406,0.7743707012657206,59460.72496932093,5,6,right-turn,15573.988573006414,-16307.384494820895,10500.0,230.1542,177.36441205535021,0.0,20.0,20.0,0.1432394487829405,-157.0851845869802,3.1237900990284704,-3.18139522284286e-28,9.8135673926303e-37,2.088985791051244e-51,0.1632889975309767,10388.373339366879,583110.5185203911,33715.71885589582,33595.43215515387,33715.71885589582,0.7078459263780053,12514.759051597059,0.0,-3193.325615187166,7.959886341011717e-10,557934.5513676042,pseudo_6dof_kinematic_bridge,a320.attitude_response_p6dof.v1,surrogate_policy_overlay,0.0,0,0.7071969724815172,-3.18139522284286e-28,2.3409907580787923e-28,0.01999999999998898,-0.026840895812120708,jsbsim-1.3.1-a320-coefficient-surrogate
773.0,15644.921296600161,-18024.03321239201,10480.732140007021,230.24509402299648,0.7743638976131999,59460.01712339455,5,6,right-turn,15344.16004973283,-16295.180878329154,10500.0,230.1542,176.55662370348284,0.0,20.0,20.0,0.1432394487829405,-146.79457618612452,3.1096915326291272,-2.386046417132145e-28,3.4347485874206047e-37,1.002713179704597e-51,0.17960499862832038,10388.199018065226,583103.5769231372,33715.31097473053,33597.642984668775,33715.31097473053,0.7078899648365778,12515.229212806313,0.0,-6246.866846739217,7.959752770749786e-10,887127.9275766186,pseudo_6dof_kinematic_bridge,a320.attitude_response_p6dof.v1,surrogate_policy_overlay,0.0,0,0.7072470988243301,-2.386046417132145e-28,2.3409907588078e-28,0.01999999999998898,-0.04220665300555496,jsbsim-1.3.1-a320-coefficient-surrogate
774.0,15414.919755624916,-18013.44574476888,10480.732140007021,230.24311507990575,0.7743572420008777,59459.30923342972,5,6,right-turn,15114.526415337443,-16279.738329318196,10500.0,230.1542,175.74883535161547,0.0,20.0,20.0,0.1432394487829405,-135.98461334004182,3.095592966229784,-1.7895348128491088e-28,1.2021620055972115e-37,4.813023262582066e-52,0.1886694436824002,10388.028489808563,583096.6348940135,33714.90690689346,33599.80065298832,33714.90690689346,0.7079329443545654,12515.694205540218,0.0,-7782.941585104331,7.959622106833827e-10,1053978.334545203,pseudo_6dof_kinematic_bridge,a320.attitude_response_p6dof.v1,surrogate_policy_overlay,0.0,0,0.7072960171953869,-1.7895348128491088e-28,2.3409907590629526e-28,0.01999999999998898,-0.05,jsbsim-1.3.1-a320-coefficient-surrogate
775.0,15185.092311465993,-17999.616863647276,10480.732140007021,230.24117919710807,0.7743507312096061,59458.60130048537,5,6,right-turn,14885.133313243994,-16261.059917246066,10500.0,230.1542,174.9410469997481,0.0,20.0,20.0,0.1432394487829405,-124.88612024661076,3.08149439983044,-1.3421511096368316e-28,4.20756701959024e-38,2.3102511660393914e-52,0.19370524649022233,10387.861672116767,583089.6924434048,33714.50656959548,33601.906315989276,33714.50656959548,0.7079748879563719,12516.154142055726,0.0,-7702.810221437183,7.959494286065071e-10,1053321.3580370548,pseudo_6dof_kinematic_bridge,a320.attitude_response_p6dof.v1,surrogate_policy_overlay,0.0,0,0.7073437538645817,-1.3421511096368316e-28,2.3409907591522564e-28,0.01999999999998898,-0.05,jsbsim-1.3.1-a320-coefficient-surrogate
776.0,14955.484599776784,-17982.549370248413,10480.732140007021,230.23928543823823,0.7743443620901863,59457.89332559741,5,6,right-turn,14656.026339066528,-16239.14935475129,10500.0,230.1542,174.13325864788072,0.0,20.0,20.0,0.1432394487829405,-113.62733257131953,3.067395833431096,-1.0066133322276237e-28,1.472648456856584e-38,1.1089205596989077e-52,0.19650291471679018,10387.698484301949,583082.7495814699,33714.10988184426,33603.96110444054,33714.10988184426,0.7080158181662664,12516.609132172664,0.0,-7658.230250565545,7.959369246618011e-10,1052949.1392050458,pseudo_6dof_kinematic_bridge,a320.attitude_response_p6dof.v1,surrogate_policy_overlay,0.0,0,0.7073903345309542,-1.0066133322276237e-28,2.3409907591835123e-28,0.01999999999998898,-0.05,jsbsim-1.3.1-a320-coefficient-surrogate
777.0,14726.142212822366,-17962.24670773434,10480.732140007021,230.23743288727746,0.7743381315618505,59457.18530977925,5,6,right-turn,14427.251031546504,-16214.010996914914,10500.0,230.1542,173.32547029601338,0.0,20.0,20.0,0.1432394487829405,-102.27949235055041,3.053297267031752,-7.549599991707178e-29,5.154269598998043e-39,5.322818686554757e-53,0.19805717484266122,10387.538847429521,583075.8063181466,33713.7167644053,33605.966124548584,33713.7167644053,0.7080557570192487,12517.059283326598,0.0,-7633.402262841123,7.95924692801058e-10,1052735.2752363344,pseudo_6dof_kinematic_bridge,a320.attitude_response_p6dof.v1,surrogate_policy_overlay,0.0,0,0.7074357843351008,-7.549599991707178e-29,2.3409907591944523e-28,0.01999999999998898,-0.05,jsbsim-1.3.1-a320-coefficient-surrogate
778.0,14497.110690435677,-17938.712960566518,10480.732140007021,230.23562064811247,0.7743320366107761,59456.477254022226,5,6,right-turn,14198.852863501228,-16185.649840394863,10500.0,230.1542,172.517681944146,0.0,20.0,20.0,0.1432394487829405,-90.88217849340471,3.039198700632408,-5.662199993780383e-29,1.803994359649315e-39,2.5549529695462833e-53,0.19892065269036735,10387.382684280159,583068.862663157,33713.327139763795,33607.92245848937,33713.327139763795,0.7080947260716448,12517.5047006206,0.0,-7619.548851462816,7.959127271074987e-10,1052609.539504608,pseudo_6dof_kinematic_bridge,a320.attitude_response_p6dof.v1,surrogate_policy_overlay,0.0,0,0.7074801278712761,-5.662199993780383e-29,2.340990759198281e-28,0.01999999999998898,-0.05,jsbsim-1.3.1-a320-coefficient-surrogate
779.0,14268.435510983127,-17911.952853736275,10480.732140007021,230.23384784410288,0.7743260742886323,59455.76915929616,5,6,right-turn,13970.877232785406,-16154.071522432774,10500.0,230.1542,171.70989359227863,0.0,20.0,20.0,0.1432394487829405,-79.45737928271645,3.025100134233064,-4.246649995335287e-29,6.313980258772603e-40,1.226377425382216e-53,0.19940036260575963,10387.229919312547,583061.9186260117,33712.940932087455,33609.83116493018,33712.940932087455,0.708132746411501,12517.945486875738,0.0,-7611.793689745434,7.95901021792919e-10,1052532.914184676,pseudo_6dof_kinematic_bridge,a320.attitude_response_p6dof.v1,surrogate_policy_overlay,0.0,0,0.7075233891992668,-4.246649995335287e-29,2.340990759199621e-28,0.01999999999998898,-0.05,jsbsim-1.3.1-a320-coefficient-surrogate
780.0,14040.162082341465,-17881.971751867233,10480.732140007021,230.2321136176583,0.7743202417111581,59455.061026549745,5,6,right-turn,13743.36945326756,-16119.282319733504,10500.0,230.1542,170.90210524041132,0.0,20.0,20.0,0.1432394487829405,-68.01731043117118,3.01100156783372,-3.1849874965014654e-29,2.20989309057041e-40,5.886611641834636e-54,0.19966686811431092,10387.080478626944,583054.974216014,33712.558067189864,33611.69327953984,33712.558067189864,0.7081698386687472,12518.381742680693,0.0,-7607.427700311413,7.95889571194897e-10,1052483.7196025252,pseudo_6dof_kinematic_bridge,a320.attitude_response_p6dof.v1,surrogate_policy_overlay,0.0,0,0.7075655918559993,-3.1849874965014654e-29,2.34099075920009e-28,0.01999999999998898,-0.05,jsbsim-1.3.1-a320-coefficient-surrogate
781.0,13812.335732887715,-17848.77565818993,10480.732140007021,230.23041712982524,0.7743145360567715,59454.35285671108,5,6,right-turn,13516.374745823176,-16081.289147217529,10500.0,230.1542,170.09431688854394,0.0,20.0,20.0,0.1432394487829405,-56.56875844581651,2.996903001434376,-2.388740622376099e-29,7.734625816996435e-41,2.825573588080625e-54,0.19981492673017273,10386.934289929559,583048.0294422656,33712.178472494925,33613.509815487116,33712.178472494925,0.7082060230251257,12518.813566440083,0.0,-7604.94582398243,7.958783697740631e-10,1052449.9083830512,pseudo_6dof_kinematic_bridge,a320.attitude_response_p6dof.v1,surrogate_policy_overlay,0.0,0,0.7076067588668786,-2.388740622376099e-29,2.3409907592002543e-28,0.01999999999998898,-0.05,jsbsim-1.3.1-a320-coefficient-surrogate
782.0,13585.001702504016,-17812.37121338883,10480.732140007021,230.22875755988173,0.7743089545652082,59453.64465068805,5,6,right-turn,13289.938229346299,-16040.099556646495,10500.0,230.1542,169.28652853667663,0.0,20.0,20.0,0.1432394487829405,-45.11549360834549,2.982804435035032,-1.7915554667820742e-29,2.707119035948752e-41,1.3562753222787e-54,0.19989718151676264,10386.791282497665,583041.08431367,33711.8020770018,33615.28176392963,33711.8020770018,0.708241319223929,12519.241054421967,0.0,-7603.511895852385,7.958674121114281e-10,1052424.7844553126,pseudo_6dof_kinematic_bridge,a320.attitude_response_p6dof.v1,surrogate_policy_overlay,0.0,0,0.7076469127569122,-1.7915554667820742e-29,2.3409907592003117e-28,0.01999999999998898,-0.05,jsbsim-1.3.1-a320-coefficient-surrogate
783.0,13358.205133599175,-17772.765694321937,10480.732140007021,230.22713410494237,0.774303494536191,59452.93640936883,5,6,right-turn,13064.104911781444,-15995.721735122183,10500.0,230.1542,168.47874018480925,0.0,20.0,20.0,0.1432394487829405,-33.65961051969872,2.9687058686356886,-1.3436666000865557e-29,9.474916625820632e-42,6.510121546937759e-55,0.1999428786204237,10386.651387145506,583034.1388389368,33711.42881125089,33617.0100944906,33711.42881125089,0.7082757465794964,12519.664300804041,0.0,-7602.661356638494,7.958566929057697e-10,1052404.6247400849,pseudo_6dof_kinematic_bridge,a320.attitude_response_p6dof.v1,surrogate_policy_overlay,0.0,0,0.7076860755615537,-1.3436666000865557e-29,2.340990759200332e-28,0.01999999999998898,-0.05,jsbsim-1.3.1-a320-coefficient-surrogate
784.0,13131.991062148747,-17729.967012613313,10480.732140007021,230.22554597957026,0.7742981533281261,59452.22813362225,5,6,right-turn,12838.919681177522,-15948.164503459184,10500.0,230.1542,167.6709518329419,0.0,20.0,20.0,0.1432394487829405,-22.20227284706542,2.9546073022363455,-1.0077499500649168e-29,3.3162208190372204e-42,3.124858342530124e-55,0.1999682659002354,10386.514536190902,583027.1930265867,33711.05860729031,33618.69575572688,33711.05860729031,0.7083093239865379,12520.083397719107,0.0,-7602.136093631137,7.958462069710739e-10,1052387.3578742703,pseudo_6dof_kinematic_bridge,a320.attitude_response_p6dof.v1,surrogate_policy_overlay,0.0,0,0.7077242688373518,-1.0077499500649168e-29,2.340990759200339e-28,0.01999999999998898,-0.05,jsbsim-1.3.1-a320-coefficient-surrogate
785.0,12906.404408755461,-17683.983713118723,10480.732140007021,230.2239924153984,0.7742929283568303,59451.519824298266,5,6,right-turn,12614.42729676559,-15897.437314431618,10500.0,230.1542,166.86316348107454,0.0,20.0,20.0,0.1432394487829405,-10.74412707221737,2.9405087358370015,-7.558124625486875e-30,1.1606772866630269e-42,1.4999320044144595e-55,0.19998236994457522,10386.380663422617,583020.2468849546,33710.69139864323,33620.339675585885,33710.69139864323,0.7083420699292344,12520.4984352994,0.0,-7601.792686372562,7.958359492340358e-10,1052371.8301732133,pseudo_6dof_kinematic_bridge,a320.attitude_response_p6dof.v1,surrogate_policy_overlay,0.0,0,0.7077615136723433,-7.558124625486875e-30,2.3409907592003413e-28,0.01999999999998898,-0.05,jsbsim-1.3.1-a320-coefficient-surrogate
786.0,12681.489969731774,-17634.824972264774,10480.732140007021,230.22247266075925,0.774287817094283,59450.81148222834,5,6,right-turn,12390.672380062266,-15843.550250894255,10500.0,230.1542,166.05537512920716,0.0,20.0,20.0,0.1432394487829405,0.7144676483055246,2.9264101694376574,-5.6685934691151565e-30,4.062370503320593e-43,7.1996736211894055e-56,0.19999020552476401,10386.24970406841,583013.3004221945,33710.32712027585,33621.94276185252,33710.32712027585,0.7083740024901422,12520.90950171998,0.0,13953.774358335257,7.958259147316095e-10,-1103175.181241077,pseudo_6dof_kinematic_bridge,a320.attitude_response_p6dof.v1,surrogate_policy_overlay,0.0,0,0.7077978306962206,-5.6685934691151565e-30,2.340990759200342e-28,0.01999999999998898,0.05,jsbsim-1.3.1-a320-coefficient-surrogate
787.0,12457.292408206371,-17582.50059626183,10480.732140007021,230.22098598032179,0.7742828170674074,59450.10310822585,5,6,right-turn,12167.699406000436,-15786.514023778363,10500.0,230.1542,165.2475867773398,0.0,20.0,20.0,0.1432394487829405,12.173311783092224,2.9123116030383134,-4.2514451018363674e-30,1.4218296761622075e-43,3.4558433381709144e-56,0.1999945586248689,10386.121594763801,583006.353646283,33709.965708566146,33623.505902587116,33709.965708566146,0.7084051393589144,12521.31668324121,0.0,13953.691887874735,7.958160986086171e-10,-1103162.2912554827,pseudo_6dof_kinematic_bridge,a320.attitude_response_p6dof.v1,surrogate_policy_overlay,0.0,0,0.7078332400902916,-4.2514451018363674e-30,2.3409907592003427e-28,0.01999999999998898,0.05,jsbsim-1.3.1-a320-coefficient-surrogate
788.0,12233.856245256402,-17527.021019191106,10480.732140007021,230.21953165473678,0.7742779258568774,59449.39470308649,5,6,right-turn,11945.55269408917,-15726.339969962755,10500.0,230.1542,164.43979842547245,0.0,20.0,20.0,0.1432394487829405,23.632294481358826,2.8982130366389693,-3.188583826377276e-30,4.976403866567726e-44,1.658804802322039e-56,0.19999697701381605,10385.996273521472,582999.4065650231,33709.60710127321,33625.02996655348,33709.60710127321,0.7084354978408289,12521.720064250301,0.0,13953.581990308343,7.958064961154021e-10,-1103149.4480212212,pseudo_6dof_kinematic_bridge,a320.attitude_response_p6dof.v1,surrogate_policy_overlay,0.0,0,0.7078677615972178,-3.188583826377276e-30,2.3409907592003427e-28,0.01999999999998898,0.05,jsbsim-1.3.1-a320-coefficient-surrogate
789.0,12011.225851067235,-17468.397300966295,10480.732140007021,230.21810898029003,0.7742731410959499,59448.686267588644,5,6,right-turn,11724.27639960447,-15663.040050020383,10500.0,230.1542,163.63201007360513,0.0,20.0,20.0,0.1432394487829405,35.09135415933649,2.8841144702396253,-2.391437869782957e-30,1.741741353298704e-44,7.962263051145787e-57,0.19999832056323114,10385.873679701397,582992.4591860481,33709.25123750733,33626.51580363736,33709.25123750733,0.7084650948651234,12522.119727301935,0.0,13953.458250108657,7.957971026055424e-10,-1103136.7544249464,pseudo_6dof_kinematic_bridge,a320.attitude_response_p6dof.v1,surrogate_policy_overlay,0.0,0,0.7079014145305319,-2.391437869782957e-30,2.3409907592003427e-28,0.01999999999998898,0.05,jsbsim-1.3.1-a320-coefficient-surrogate
790.0,11789.445436121512,-17406.641125170154,10480.732140007021,230.21671726856243,0.7742684604693232,59447.97780249378,5,6,right-turn,11503.9145048127,-15596.62684584099,10500.0,230.1542,162.82422172173776,0.0,20.0,20.0,0.1432394487829405,46.550456603820294,2.8700159038402813,-1.793578402337218e-30,6.096094736545461e-45,3.821886264549978e-57,0.19999906697957287,10385.753753981553,582985.5115168255,33708.89805770063,33627.96424525666,33708.89805770063,0.708493946993167,12522.515753158048,0.0,13953.32818382839,7.957879135336045e-10,-1103124.2649357787,pseudo_6dof_kinematic_bridge,a320.attitude_response_p6dof.v1,surrogate_policy_overlay,0.0,0,0.707934217783967,-1.793578402337218e-30,2.3409907592003427e-28,0.01999999999998898,0.05,jsbsim-1.3.1-a320-coefficient-surrogate
791.0,11568.559042419292,-17341.764796766478,10480.732140007021,230.21535584609802,0.7742638817120198,59447.26930854678,5,6,right-turn,11284.51081022841,-15527.113558130255,10500.0,230.1542,162.01643336987038,0.0,20.0,20.0,0.1432394487829405,58.00958280747417,2.8559173374409372,-1.3451838017529134e-30,2.133633157790911e-45,1.834505406983989e-57,0.19999948165531828,10385.636438329311,582978.5635646603,33708.54750357846,33629.37610476202,33708.54750357846,0.7085220704264383,12522.908220826685,0.0,13953.195937634797,7.957789244529529e-10,-1103112.0071828514,pseudo_6dof_kinematic_bridge,a320.attitude_response_p6dof.v1,surrogate_policy_overlay,0.0,0,0.7079661898405702,-1.3451838017529134e-30,2.3409907592003427e-28,0.01999999999998898,0.05,jsbsim-1.3.1-a320-coefficient-surrogate
792.0,11348.610534731035,-17273.781239687916,10480.732140007021,230.21402405407906,0.7742594026082933,59446.56078647636,5,6,right-turn,11066.108925908247,-15454.51400378593,10500.0,230.1542,161.208645018003,0.0,20.0,20.0,0.1432394487829405,69.46872221066695,2.841818771041593,-1.008887851314685e-30,7.467716052268187e-46,8.805625953523148e-58,0.19999971203073239,10385.521675973436,582971.6153366985,33708.199518131274,33630.75217782891,33708.199518131274,0.7085494810143376,12523.297207600168,0.0,13953.063785915452,7.957701310136033e-10,-1103099.9939414798,pseudo_6dof_kinematic_bridge,a320.attitude_response_p6dof.v1,surrogate_policy_overlay,0.0,0,0.7079973487816167,-1.008887851314685e-30,2.3409907592003427e-28,0.01999999999998898,0.05,jsbsim-1.3.1-a320-coefficient-surrogate
793.0,11129.643591885186,-17202.703994300136,10480.732140007021,230.21272124800782,0.7742550209905594,59445.85223699534,5,6,right-turn,10848.752262782766,-15378.842613151517,10500.0,230.1542,160.4008566661357,0.0,20.0,20.0,0.1432394487829405,80.92786894693695,2.827720204642249,-7.566658884860137e-31,2.6137006182938653e-46,4.2267004576911114e-58,0.19999984001707355,10385.409411376677,582964.6668399303,33707.854045587235,33632.0932428417,33707.854045587235,0.7085761942618363,12523.682789092192,0.0,13952.932963817617,7.957615289601237e-10,-1103088.229790863,pseudo_6dof_kinematic_bridge,a320.attitude_response_p6dof.v1,surrogate_policy_overlay,0.0,0,0.7080277122953478,-7.566658884860137e-31,2.3409907592003427e-28,0.01999999999998898,0.05,jsbsim-1.3.1-a320-coefficient-surrogate
794.0,10911.701698092142,-17128.547214742804,10480.732140007021,230.21144679739618,0.7742507347383499,59445.14366080108,5,6,right-turn,10632.484024027775,-15300.114427147992,10500.0,230.1542,159.59306831426832,0.0,20.0,20.0,0.1432394487829405,92.38701975713867,2.813621638242906,-5.6749941636451035e-31,9.147952164028526e-47,2.0288162196917334e-58,0.19999991112059642,10385.29959020899,582957.7180811949,33707.51103138537,33633.4000612683,33707.51103138537,0.7086022253369388,12524.06503927432,0.0,13952.804129753393,7.957531141295812e-10,-1103076.7148115665,pseudo_6dof_kinematic_bridge,a320.attitude_response_p6dof.v1,surrogate_policy_overlay,0.0,0,0.7080572976854892,-5.6749941636451035e-31,2.3409907592003427e-28,0.01999999999998898,0.05,jsbsim-1.3.1-a320-coefficient-surrogate
795.0,10694.828134306312,-17051.32566614797,10480.732140007021,230.2102000854605,0.7742465417772891,59444.43505857574,5,6,right-turn,10417.347196477027,-15218.34509428418,10500.0,230.1542,158.78527996240098,0.0,20.0,20.0,0.1432394487829405,103.84617283063584,2.799523071843563,-4.256245622733828e-31,3.2017832574099835e-47,9.73831785452032e-59,0.19999995062255357,10385.192159321288,582950.7690671817,33707.17042214927,33634.67337802831,33707.17042214927,0.7086275890780175,12524.444030511615,0.0,13952.677622332027,7.95744882449532e-10,-1103065.4466384763,pseudo_6dof_kinematic_bridge,a320.attitude_response_p6dof.v1,surrogate_policy_overlay,0.0,0,0.7080861218796248,-4.256245622733828e-31,2.3409907592003427e-28,0.01999999999998898,0.05,jsbsim-1.3.1-a320-coefficient-surrogate
796.0,10479.06596962803,-16971.05472173637,10480.732140007021,230.20898050882482,0.774242440078093,59443.726430986666,5,6,right-turn,10203.384542077883,-15133.550867546364,10500.0,230.1542,157.9774916105336,0.0,20.0,20.0,0.1432394487829405,115.30532716151933,2.785424505444219,-3.192184217050371e-31,1.120624140093494e-47,4.674392570169754e-59,0.19999997256808533,10385.087066719821,582943.8198044354,33706.83216566139,33635.91392185142,33706.83216566139,0.7086523000009507,12524.81983359751,0.0,13952.553603086119,7.957368299360574e-10,-1103054.4216001614,pseudo_6dof_kinematic_bridge,a320.attitude_response_p6dof.v1,surrogate_policy_overlay,0.0,0,0.708114201437346,-3.192184217050371e-31,2.3409907592003427e-28,0.01999999999998898,0.05,jsbsim-1.3.1-a320-coefficient-surrogate
797.0,10264.458052747044,-16887.750359792255,10480.732140007021,230.2077874772289,0.7742384276555895,59443.01777868666,5,6,right-turn,9990.638589391661,-15045.748601167741,10500.0,230.1542,157.16970325866623,0.0,20.0,20.0,0.1432394487829405,126.76448219095084,2.771325939044875,-2.3941381627877784e-31,3.9221844903272283e-48,2.2437084336814816e-59,0.1999999847600474,10384.984261541065,582936.8702993575,33706.49621083795,33637.12240562958,33706.49621083795,0.7086763723061381,12525.19251778788,0.0,13952.43213575064,7.957289526918398e-10,-1103043.6353507084,pseudo_6dof_kinematic_bridge,a320.attitude_response_p6dof.v1,surrogate_policy_overlay,0.0,0,0.708141552558262,-2.3941381627877784e-31,2.3409907592003427e-28,0.01999999999998898,0.05,jsbsim-1.3.1-a320-coefficient-surrogate
798.0,10051.047003429303,-16801.42916051733,10480.732140007021,230.20662041324394,0.7742345025677607,59442.30910231436,5,6,right-turn,9779.151625140406,-14954.955747278354,10500.0,230.1542,156.36191490679886,0.0,20.0,20.0,0.1432394487829405,138.22363760846454,2.7572273726455307,-1.7956036220908338e-31,1.3727645716145296e-48,1.0769800481671112e-59,0.19999999153335968,10384.883694027172,582929.920558211,33706.1625077043,33638.299526760275,33706.1625077043,0.7086998198853383,12525.562150834434,0.0,10601.697920886576,7.957212469042825e-10,-767971.5522788835,pseudo_6dof_kinematic_bridge,a320.attitude_response_p6dof.v1,surrogate_policy_overlay,0.0,0,0.7081681910898041,-1.7956036220908338e-31,2.3409907592003427e-28,0.01999999999998898,0.03445369800386844,jsbsim-1.3.1-a320-coefficient-surrogate
799.0,9838.875204048749,-16712.108302764478,10480.732140007021,230.20547875199338,0.7742306629148054,59441.60040249447,5,6,right-turn,9568.96568580171,-14861.190352436211,10500.0,230.1542,155.55412655493149,0.0,20.0,20.0,0.1432394487829405,149.06842204988183,2.7431288062461867,-1.3467027165681252e-31,4.804676000650853e-49,5.169504231202133e-60,0.18927719517178643,10384.785315501955,582922.9705871224,33705.831007370856,33639.44596748349,33705.831007370856,0.7087226563283813,12525.928799017376,0.0,6739.881507986279,7.957137088436685e-10,-397457.07102574327,pseudo_6dof_kinematic_bridge,a320.attitude_response_p6dof.v1,surrogate_policy_overlay,0.0,0,0.7081941325348899,-1.3467027165681252e-31,2.3409907592003427e-28,0.01999999999998898,0.01732581309831967,jsbsim-1.3.1-a320-coefficient-surrogate
800.0,9627.984791165833,-16619.805560651865,10480.732140007021,230.2043619408807,0.7742269068382218,59440.89167983814,5,6,right-turn,9360.122549253294,-14764.471054040238,10500.0,230.1542,154.74633820306417,0.0,20.0,20.0,0.1432394487829405,156.69471081487904,2.7290302398468427,-1.010027037426094e-31,1.6816366002277987e-49,2.481362030977024e-60,0.13310384865705313,10384.689078347401,582916.0203920847,33705.50166200961,33640.56239521025,33705.50166200961,0.7087448949297128,12526.292527177284,0.0,2433.6915507260705,7.957063348613616e-10,-48907.33190205564,pseudo_6dof_kinematic_bridge,a320.attitude_response_p6dof.v1,surrogate_policy_overlay,0.0,0,0.7082193920593937,-1.010027037426094e-31,2.3409907592003427e-28,0.01999999999998898,0.0014846640270921967,jsbsim-1.3.1-a320-coefficient-surrogate
801.0,9418.417647154422,-16524.539300058157,10480.732140007021,230.20326943932218,0.7742232325199108,59440.18293494321,5,6,right-turn,9152.663726468938,-14664.817076625775,10500.0,230.1542,153.93854985119683,0.0,20.0,20.0,0.1432394487829405,160.45045824930588,2.7149316734474986,-7.575202780695704e-32,5.885728100797294e-50,1.1910537748689713e-60,0.06555015860407871,10384.594935980676,582909.0699789608,33705.174424831006,33641.64946284513,33705.174424831006,0.7087665486948185,12526.653398746414,0.0,-692.8174569343357,7.956991213880437e-10,165048.68569027138,pseudo_6dof_kinematic_bridge,a320.attitude_response_p6dof.v1,surrogate_policy_overlay,0.0,0,0.7082439844994796,-7.575202780695704e-32,2.3409907592003427e-28,0.01999999999998898,-0.008044595316830185,jsbsim-1.3.1-a320-coefficient-surrogate
802.0,9210.215391878795,-16426.32847499953,10480.732140007021,230.20220071848635,0.7742196381812979,59439.47416839451,5,6,right-turn,8946.630453267539,-14562.248228043416,10500.0,230.1542,153.13076149932945,0.0,20.0,20.0,0.1432394487829405,160.9291059849482,2.7008331070481546,-5.681402085521779e-32,2.0600048352790527e-50,5.717058119371063e-61,0.008353978944173834,10384.50284283164,582902.119353486,33704.849250061496,33642.70780910094,33704.849250061496,0.7087876303464914,12527.011475779247,0.0,-2391.978986952934,7.956920649319926e-10,251402.77564090554,pseudo_6dof_kinematic_bridge,a320.attitude_response_p6dof.v1,surrogate_policy_overlay,0.0,0,0.7082679243687572,-5.681402085521779e-32,2.3409907592003427e-28,0.01999999999998898,-0.011714345714984996,jsbsim-1.3.1-a320-coefficient-surrogate
803.0,9003.41937442241,-16325.192623889188,10480.732140007021,230.2011552610386,0.7742161220824751,59438.76538076416,5,6,right-turn,8742.063682116808,-14456.784895521854,10500.0,230.1542,152.32297314746214,0.0,20.0,20.0,0.1432394487829405,159.26950423669544,2.6867345406488106,-4.261051564141334e-32,7.210016923476683e-51,2.74418789729811e-61,-0.028965514778864027,10384.41275432085,582895.1685212709,33704.52609292145,33643.738058806804,33704.52609292145,0.7088081523309706,12527.36681898238,0.0,-2878.6344404888396,7.956851620773965e-10,245545.99454229517,pseudo_6dof_kinematic_bridge,a320.attitude_response_p6dof.v1,surrogate_policy_overlay,0.0,0,0.7082912258652873,-4.261051564141334e-32,2.3409907592003427e-28,0.01999999999998898,-0.011222702156070189,jsbsim-1.3.1-a320-coefficient-surrogate
804.0,8798.07066487007,-16221.151865680178,10480.732140007021,230.20013256089123,0.7742126825213607,59438.05657261183,5,6,right-turn,8539.004073993276,-14348.448041615586,10500.0,230.1542,151.51518479559476,0.0,20.0,20.0,0.1432394487829405,156.63231040390485,2.6726359742494674,-3.1957886731060006e-32,2.5235059232168385e-51,1.3172101907030928e-61,-0.04602771539548477,10384.324626838035,582888.2174878038,33704.20490960359,33644.740823210006,33704.20490960359,0.7088281268239519,12527.719487743787,0.0,-2571.5227342465005,7.956784094827041e-10,189907.90851627855,pseudo_6dof_kinematic_bridge,a320.attitude_response_p6dof.v1,surrogate_policy_overlay,0.0,0,0.7083139028784445,-3.1957886731060006e-32,2.3409907592003427e-28,0.01999999999998898,-0.008540566536786982,jsbsim-1.3.1-a320-coefficient-surrogate
805.0,8594.210046145177,-16114.226895892221,10480.732140007021,230.19913212295933,0.774209317832877,59437.34774448501,5,6,right-turn,8337.491990300283,-14237.259200038274,10500.0,230.1542,150.7073964437274,0.0,20.0,20.0,0.1432394487829405,153.90371491450017,2.6585374078501243,-2.3968415048295003e-32,8.832270731258932e-52,6.322608915374846e-62,-0.04762297524517762,10384.238417721046,582881.2662584538,33703.88565725192,33645.71670027068,33703.88565725192,0.7088475657364589,12528.069540161458,0.0,-1899.2651067308384,7.956718038790126e-10,120351.82008616306,pseudo_6dof_kinematic_bridge,a320.attitude_response_p6dof.v1,surrogate_policy_overlay,0.0,0,0.708335968995618,-2.3968415048295003e-32,2.3409907592003427e-28,0.01999999999998898,-0.005303746592430901,jsbsim-1.3.1-a320-coefficient-surrogate
806.0,8391.878005903682,-16004.43898252341,10480.732140007021,230.19815346292165,0.7742060263881476,59436.63889691927,5,6,right-turn,8137.56748484553,-14123.240471382578,10500.0,230.1542,149.89960809186005,0.0,20.0,20.0,0.1432394487829405,151.59861409426972,2.6444388414507802,-1.7976311286221254e-32,3.0912947559406256e-52,3.034852279379926e-62,-0.040231598903443154,10384.154085235252,582874.3148384735,33703.56829394106,33646.66627495041,33703.56829394106,0.7088664807205918,12528.417033071353,0.0,-1190.1404956199328,7.956653420684881e-10,60238.00293743963,pseudo_6dof_kinematic_bridge,a320.attitude_response_p6dof.v1,surrogate_policy_overlay,0.0,0,0.7083574375087737,-1.7976311286221254e-32,2.3409907592003427e-28,0.01999999999998898,-0.002557983490776505,jsbsim-1.3.1-a320-coefficient-surrogate
807.0,8191.114728486379,-15891.809961847555,10480.732140007021,230.1971961069869,0.7742028065937099,59435.93003043855,5,6,right-turn,7939.270295879639,-14006.414518727273,10500.0,230.1542,149.09181973999267,0.0,20.0,20.0,0.1432394487829405,149.89849487255907,2.630340275051436,-1.348223346466594e-32,1.0819531645792189e-52,1.4567290941023643e-62,-0.029672678095294475,10384.071588553397,582867.3632330002,33703.25277865603,33647.590119494416,33703.25277865603,0.7088848831751475,12528.76202207488,0.0,-635.6264226174471,7.956590209228224e-10,20212.73431902633,pseudo_6dof_kinematic_bridge,a320.attitude_response_p6dof.v1,surrogate_policy_overlay,0.0,0,0.7083783214208693,-1.348223346466594e-32,2.3409907592003427e-28,0.01999999999998898,-0.0007629959441179158,jsbsim-1.3.1-a320-coefficient-surrogate
808.0,7991.960086931146,-15776.362234098044,10480.732140007021,230.19625959166473,0.774199656890746,59435.22114555537,5,6,right-turn,7742.639838197629,-13886.80456313263,10500.0,230.1542,148.2840313881253,0.0,20.0,20.0,0.1432394487829405,148.75480514875275,2.616241708652092,-1.0111675098499455e-32,3.786836076027265e-53,6.992299651691348e-63,-0.019961151301643915,10383.990887735887,582860.4114470605,33702.93907127257,33648.48879370802,33702.93907127257,0.708902784251128,12529.104561565575,0.0,-303.92233047647926,7.95652837381723e-10,1230.3601602260026,pseudo_6dof_kinematic_bridge,a320.attitude_response_p6dof.v1,surrogate_policy_overlay,0.0,0,0.7083986334521406,-1.0111675098499455e-32,2.3409907592003427e-28,0.01999999999998898,6.057615923215644e-05,jsbsim-1.3.1-a320-coefficient-surrogate
809.0,7794.453635046738,-15658.118759039058,10480.732140007021,230.19534346354214,0.7741965757543303,59434.51224277112,5,6,right-turn,7547.715195304511,-13764.434379024817,10500.0,230.1542,147.47624303625798,0.0,20.0,20.0,0.1432394487829405,148.00318153413755,2.602143142252748,-7.583756323874591e-33,1.3253926266095423e-53,3.356303832811847e-63,-0.013118306810776218,10383.911943711493,582853.4594855714,33702.62713253774,33649.36284522655,33702.62713253774,0.7089201948571151,12529.444704755413,0.0,-177.90144654176694,7.956467884514337e-10,-1374.732363487444,pseudo_6dof_kinematic_bridge,a320.attitude_response_p6dof.v1,surrogate_policy_overlay,0.0,0,0.7084183860462385,-7.583756323874591e-33,2.3409907592003427e-28,0.01999999999998898,0.00014112187967016637,jsbsim-1.3.1-a320-coefficient-surrogate
810.0,7598.634599549721,-15537.103051425061,10480.732140007021,230.19444727906443,0.7741935616926928,59433.80332257626,5,6,right-turn,7354.535111646828,-13639.328289470363,10500.0,230.1542,146.66845468439055,0.0,20.0,20.0,0.1432394487829405,147.45550458826997,2.588044575853404,-5.687817242905943e-33,4.638874193133397e-54,1.6110258397496866e-63,-0.009558765942656349,10383.834718258502,582846.5073533426,33702.316924051025,33650.212809779834,33702.316924051025,0.7089371256645407,12529.782503700444,0.0,-197.26303661167583,7.956408712032915e-10,5761.702347991792,pseudo_6dof_kinematic_bridge,a320.attitude_response_p6dof.v1,surrogate_policy_overlay,0.0,0,0.7084375913762416,-5.687817242905943e-33,2.3409907592003427e-28,0.01999999999998898,-0.00021101266704988918,jsbsim-1.3.1-a320-coefficient-surrogate
811.0,7404.541872266133,-15413.339176349446,10480.732140007021,230.19357060432117,0.7741906132464988,59433.0943854506,5,6,right-turn,7163.137984911611,-13511.511161341568,10500.0,230.1542,145.8606663325233,0.0,20.0,20.0,0.1432394487829405,146.95690630874367,2.57394600945406,-4.265862932179458e-33,1.6236059675966886e-54,7.732924030798494e-64,-0.00870218162251291,10383.75917398624,582839.555055079,33702.00840824585,33651.03921145053,33702.00840824585,0.7089535871128314,12530.118009325859,0.0,-292.61022737575104,7.956350827723093e-10,16547.86746732455,pseudo_6dof_kinematic_bridge,a320.attitude_response_p6dof.v1,surrogate_policy_overlay,0.0,0,0.7084562613505289,-4.265862932179458e-33,2.3409907592003427e-28,0.01999999999998898,-0.0007165783383097865,jsbsim-1.3.1-a320-coefficient-surrogate
812.0,7212.214002399421,-15286.851744483274,10480.732140007021,230.19271301483633,0.7741877289881444,59432.385431863484,5,6,right-turn,6973.561858394128,-13381.008400373774,10500.0,230.1542,145.05287798065592,0.0,20.0,20.0,0.1432394487829405,146.409230727224,2.559847443054717,-3.199397199134593e-33,5.6826208865884095e-55,3.7118035347832767e-64,-0.009558742130292296,10383.685274317038,582832.602595384,33701.70154837149,33651.84256292756,33701.70154837149,0.708969589414457,12530.451271450554,0.0,-406.6278310124786,7.956294203557956e-10,26698.31234675065,pseudo_6dof_kinematic_bridge,a320.attitude_response_p6dof.v1,surrogate_policy_overlay,0.0,0,0.7084744076185423,-3.199397199134593e-33,2.3409907592003427e-28,0.01999999999998898,-0.0011825524932618636,jsbsim-1.3.1-a320-coefficient-surrogate
813.0,7021.689188866213,-15157.665907205082,10480.732140007021,230.1918740953637,0.7741849075210665,59431.67646227407,5,6,right-turn,6785.844413436219,-13247.845946115574,10500.0,230.1542,144.24508962878858,0.0,20.0,20.0,0.1432394487829405,145.77006460253577,2.5457488766553737,-2.399547899350945e-33,1.988917310305943e-55,1.7816656966959726e-64,-0.01115555334302196,10383.612983468542,582825.6499787599,33701.39630847536,33652.62336575311,33701.39630847536,0.7089851425598509,12530.782338811143,0.0,-502.8645166544469,7.956238812119977e-10,33989.23604102228,pseudo_6dof_kinematic_bridge,a320.attitude_response_p6dof.v1,surrogate_policy_overlay,0.0,0,0.7084920415764021,-2.399547899350945e-33,2.3409907592003427e-28,0.01999999999998898,-0.0015114760144748103,jsbsim-1.3.1-a320-coefficient-surrogate
814.0,6833.005272701466,-15025.807351622707,10480.732140007021,230.19105343968602,0.7741821474790693,59430.967477131504,5,6,right-turn,6600.02296193651,-13112.050266772925,10500.0,230.1542,143.4373012769212,0.0,20.0,20.0,0.1432394487829405,145.03843528048745,2.5316503102560297,-1.7996609245132087e-33,6.961210586070799e-56,8.55199534414067e-65,-0.012769340573877082,10383.542266436463,582818.6972096117,33701.09265338567,33653.38211056502,33701.09265338567,0.7090002563222378,12531.111259085446,0.0,-565.4601650567718,7.956184626587811e-10,37891.26985709348,pseudo_6dof_kinematic_bridge,a320.attitude_response_p6dof.v1,surrogate_policy_overlay,0.0,0,0.7085091743724172,-1.7996609245132087e-33,2.3409907592003427e-28,0.01999999999998898,-0.0016830446104713437,jsbsim-1.3.1-a320-coefficient-surrogate
815.0,6646.199729534497,-14891.302295488129,10480.732140007021,230.19025065041896,0.7741794475256635,59430.258476875184,5,6,right-turn,6416.134438934036,-12973.648353948123,10500.0,230.1542,142.62951292505383,0.0,20.0,20.0,0.1432394487829405,144.23663281674055,2.5175517438566857,-1.3497456933849065e-33,2.4364237051247792e-56,4.104957765187521e-65,-0.013994092942985955,10383.473088977637,582811.744292248,33700.7905486945,33654.119277333695,33700.7905486945,0.7090149402623536,12531.438078915467,0.0,-593.910154654901,7.95613162072331e-10,38947.09135432083,pseudo_6dof_kinematic_bridge,a320.attitude_response_p6dof.v1,surrogate_policy_overlay,0.0,0,0.7085258169124704,-1.3497456933849065e-33,2.3409907592003427e-28,0.01999999999998898,-0.001724831187274491,jsbsim-1.3.1-a320-coefficient-surrogate
816.0,6461.309662137418,-14754.177482006373,10480.732140007021,230.18946533881922,0.7741768063534212,59429.54946193492,5,6,right-turn,6234.2153952668505,-12832.667717274831,10500.0,230.1542,141.82172457318646,0.0,20.0,20.0,0.1432394487829405,143.39436727720542,2.5034531774573416,-1.0123092700386799e-33,8.527482967936725e-57,1.9703797272900103e-65,-0.01470030684097434,10383.405417593516,582804.7912308841,33700.48996074124,33654.83533559357,33700.48996074124,0.7090292037330556,12531.76284392993,0.0,-596.3651895148136,7.95607976885887e-10,38160.95598761811,pseudo_6dof_kinematic_bridge,a320.attitude_response_p6dof.v1,surrogate_policy_overlay,0.0,0,0.7085419798652806,-1.0123092700386799e-33,2.3409907592003427e-28,0.01999999999998898,-0.0016841989690187763,jsbsim-1.3.1-a320-coefficient-surrogate
817.0,6278.371793047463,-14614.460174539481,10480.732140007021,230.18869712459644,0.7741742226833446,59428.84043273119,5,6,right-turn,6054.301990306899,-12689.136378950037,10500.0,230.1542,141.0139362213191,0.0,20.0,20.0,0.1432394487829405,142.5381351369652,2.4893546110579976,-7.5923195252900985e-34,2.984619038777853e-57,9.45782269099205e-66,-0.014944070008590035,10383.339219513964,582797.8380296433,33700.19085659631,33655.530744670294,33700.19085659631,0.7090430558838479,12532.085598766229,0.0,-583.7719108866585,7.956029045885021e-10,36545.58275131983,pseudo_6dof_kinematic_bridge,a320.attitude_response_p6dof.v1,surrogate_policy_overlay,0.0,0,0.708557673667568,-7.5923195252900985e-34,2.3409907592003427e-28,0.01999999999998898,-0.0016078111777688164,jsbsim-1.3.1-a320-coefficient-surrogate
818.0,6097.422457264685,-14472.178151206626,10480.732140007021,230.1879456357301,0.7741716952642478,59428.131389675305,5,6,right-turn,5876.429984772777,-12543.082868164223,10500.0,230.1542,140.20614786945174,0.0,20.0,20.0,0.1432394487829405,141.68610520333885,2.4752560446586536,-5.694239643967574e-34,1.0446166635722484e-57,4.5397548916761835e-66,-0.014870727667328176,10383.27446268145,582790.8846925593,33699.893204045366,33656.20595390184,33699.893204045366,0.7090565056652852,12532.406387091956,0.0,-565.927365810416,7.955979427238312e-10,34868.337733400636,pseudo_6dof_kinematic_bridge,a320.attitude_response_p6dof.v1,surrogate_policy_overlay,0.0,0,0.7085729085290798,-5.694239643967574e-34,2.3409907592003427e-28,0.01999999999998898,-0.001530420362324521,jsbsim-1.3.1-a320-coefficient-surrogate
819.0,5918.497595026486,-14327.359699381455,10480.732140007021,230.18721050828924,0.774169222872153,59427.42233316964,5,6,right-turn,5700.634733621718,-12394.536215430715,10500.0,230.1542,139.39835951758437,0.0,20.0,20.0,0.1432394487829405,140.84733367629036,2.4611574782593095,-4.27067973297568e-34,3.656158322502869e-58,2.179082348004568e-66,-0.0146393248189767,10383.211115735547,582783.931223578,33699.59697157373,33656.8614028561,33699.59697157373,0.709069561833309,12532.725251625983,0.0,-549.5709210455208,7.955930888889432e-10,33570.808007400345,pseudo_6dof_kinematic_bridge,a320.attitude_response_p6dof.v1,surrogate_policy_overlay,0.0,0,0.7085876944375371,-4.27067973297568e-34,2.3409907592003427e-28,0.01999999999998898,-0.0014715811545362517,jsbsim-1.3.1-a320-coefficient-surrogate
820.0,5741.632744660425,-14180.033610087747,10480.732140007021,230.18649138625705,0.7741668043096985,59426.71326360781,5,6,right-turn,5526.951179022209,-12243.525946815404,10500.0,230.1542,138.59057116571705,0.0,20.0,20.0,0.1432394487829405,140.0235780973854,2.4470589118599655,-3.20300979973176e-34,1.2796554128760038e-58,1.0459595270421926e-66,-0.014377247083563444,10383.149147997792,582776.9776265596,33699.30212835122,33657.49752154277,33699.30212835122,0.7090822329534661,12533.042234159031,0.0,-538.079209671187,7.955883407331615e-10,32804.560497753235,pseudo_6dof_kinematic_bridge,a320.attitude_response_p6dof.v1,surrogate_policy_overlay,0.0,0,0.7086020411634504,-3.20300979973176e-34,2.3409907592003427e-28,0.01999999999998898,-0.0014375765948996823,jsbsim-1.3.1-a320-coefficient-surrogate
821.0,5566.863035516734,-14030.229172294517,10480.732140007021,230.18578792135864,0.7741644384055612,59426.004181374854,5,6,right-turn,5355.413843408648,-12090.082078067926,10500.0,230.1542,137.78278281384974,0.0,20.0,20.0,0.1432394487829405,139.21210723708802,2.4329603454606215,-2.40225734979882e-34,4.478793945066012e-59,5.020605729802524e-67,-0.014162838296180801,10383.088529456858,582770.0239052797,33699.0086442173,33658.11473062126,33699.0086442173,0.7090945274050511,12533.35737557384,0.0,-532.1269629802514,7.955836959569272e-10,32522.617822709068,pseudo_6dof_kinematic_bridge,a320.attitude_response_p6dof.v1,surrogate_policy_overlay,0.0,0,0.7086159582648468,-2.40225734979882e-34,2.3409907592003427e-28,0.01999999999998898,-0.0014257652495786222,jsbsim-1.3.1-a320-coefficient-surrogate
822.0,5394.22318098197,-13877.976167111723,10480.732140007021,230.185099772893,0.7741621240138897,59425.29508684745,5,6,right-turn,5186.056822619484,-11934.235108655594,10500.0,230.1542,136.97499446198236,0.0,20.0,20.0,0.1432394487829405,138.40837048180225,2.4188617790612783,-1.8016930123491151e-34,1.5675778807731044e-59,2.4098907503052115e-67,-0.014027852699033025,10383.02923075407,582763.0700634326,33698.716489666505,33658.71344160356,33698.716489666505,0.7091064533851472,12533.670715864879,0.0,-530.7212711529281,7.955791523106898e-10,32579.30094474344,pseudo_6dof_kinematic_bridge,a320.attitude_response_p6dof.v1,surrogate_policy_overlay,0.0,0,0.7086294550918815,-1.8016930123491151e-34,2.3409907592003427e-28,0.01999999999998898,-0.0014291998493269236,jsbsim-1.3.1-a320-coefficient-surrogate
823.0,5223.747471575173,-13723.30486188769,10480.732140007021,230.1844266075683,0.774159860013752,59424.58598039407,5,6,right-turn,5018.9137791200765,-11776.016015701081,10500.0,230.1542,136.167206110115,0.0,20.0,20.0,0.1432394487829405,137.6079300573052,2.404763212661935,-1.3512697592618363e-34,5.486522582705864e-60,1.1567475601465016e-67,-0.013970320873533965,10382.97122316921,582756.1161046315,33698.42563583429,33659.29405705325,33698.42563583429,0.709118018912591,12533.98229415762,0.0,-532.1879293866789,7.955747075938191e-10,32810.06744446766,pseudo_6dof_kinematic_bridge,a320.attitude_response_p6dof.v1,surrogate_policy_overlay,0.0,0,0.7086425407913607,-1.3512697592618363e-34,2.3409907592003427e-28,0.01999999999998898,-0.0014402563692377393,jsbsim-1.3.1-a320-coefficient-surrogate
824.0,5055.469768127948,-13566.246004209484,10480.732140007021,230.18376809934082,0.7741576453085928,59423.87686237516,5,6,right-turn,4854.017935311765,-11615.45624782526,10500.0,230.1542,135.35941775824764,0.0,20.0,20.0,0.1432394487829405,136.80750662463646,2.390664646262591,-1.0134523194463772e-34,1.920282903947052e-60,5.552388288703208e-68,-0.013970024310185004,10382.914478606646,582749.1620324114,33698.13605448306,33659.856970779794,33698.13605448306,0.709129231831841,12534.292148727429,0.0,-534.8876231363228,7.955703596535429e-10,33080.52320878922,pseudo_6dof_kinematic_bridge,a320.attitude_response_p6dof.v1,surrogate_policy_overlay,0.0,0,0.7086552243111581,-1.0134523194463772e-34,2.3409907592003427e-28,0.01999999999998898,-0.0014528172843224687,jsbsim-1.3.1-a320-coefficient-surrogate
825.0,4889.423495049799,-13406.830815807412,10480.732140007021,230.18312392925762,0.7741554788257042,59423.16773314333,5,6,right-turn,4691.40206692836,-11452.587718896246,10500.0,230.1542,134.55162940638027,0.0,20.0,20.0,0.1432394487829405,136.00527413330477,2.376566079863247,-7.60089239584783e-35,6.720990163814681e-61,2.66514637857754e-68,-0.014001598340215696,10382.858969581752,582742.20785023,33697.84771798858,33660.40256802869,33697.84771798858,0.7091400998167672,12534.600317018005,0.0,-537.6051898688437,7.955661063839054e-10,33306.2067799446,pseudo_6dof_kinematic_bridge,a320.attitude_response_p6dof.v1,surrogate_policy_overlay,0.0,0,0.7086675144045386,-7.60089239584783e-35,2.3409907592003427e-28,0.01999999999998898,-0.001463112513989185,jsbsim-1.3.1-a320-coefficient-surrogate
826.0,4725.641633680098,-13245.090986364854,10480.732140007021,230.18249378530217,0.7741533595157079,59422.45859304351,5,6,right-turn,4531.098496521422,-11287.442801685997,10500.0,230.1542,133.7438410545129,0.0,20.0,20.0,0.1432394487829405,135.20066479196626,2.362467513463903,-5.700669296885872e-35,2.352346557335138e-61,1.2792702617172192e-68,-0.01404308219865965,10382.804669207642,582735.2535614702,33697.560599326665,33660.93122566774,33697.560599326665,0.7091506303743609,12534.906835659465,0.0,-539.6611446025299,7.955619457247525e-10,33451.25145784666,pseudo_6dof_kinematic_bridge,a320.attitude_response_p6dof.v1,surrogate_policy_overlay,0.0,0,0.70867941963439,-5.700669296885872e-35,2.3409907592003427e-28,0.01999999999998898,-0.0014696069975182733,jsbsim-1.3.1-a320-coefficient-surrogate
827.0,4564.156715727981,-13081.058667234693,10480.732140007021,230.18187736224388,0.774151286352047,59421.74944241314,5,6,right-turn,4373.139087035653,-11120.05432143572,10500.0,230.1542,132.93605270264553,0.0,20.0,20.0,0.1432394487829405,134.3939500375305,2.348368947064559,-4.275501972664404e-35,8.233212950672983e-62,6.140497256242652e-69,-0.014079828589322234,10382.75155118217,582728.2991694408,33697.27467206016,33661.443312368894,33697.27467206016,0.7091608308483559,12535.211740485975,0.0,-540.8413719482946,7.955578756607337e-10,33515.6433045667,pseudo_6dof_kinematic_bridge,a320.attitude_response_p6dof.v1,surrogate_policy_overlay,0.0,0,0.7086909483773577,-4.275501972664404e-35,2.3409907592003427e-28,0.01999999999998898,-0.0014723863792352812,jsbsim-1.3.1-a320-coefficient-surrogate
828.0,4405.000816801523,-12914.76646506358,10480.732140007021,230.1812743614903,0.7741492583304912,59421.04028158229,5,6,right-turn,4217.555235475591,-10950.455549331293,10500.0,230.1542,132.12826435077815,0.0,20.0,20.0,0.1432394487829405,133.58580052336615,2.334270380665215,-3.206626479498303e-35,2.881624532735543e-62,2.9474386829964725e-69,-0.014104869870559922,10382.69958977522,582721.344677379,33696.98991032618,33661.93918878664,33696.98991032618,0.7091707084227833,12535.515066553045,0.0,-541.243160499783,7.955538942203299e-10,33519.2897877309,pseudo_6dof_kinematic_bridge,a320.attitude_response_p6dof.v1,surrogate_policy_overlay,0.0,0,0.708702108827899,-3.206626479498303e-35,2.3409907592003427e-28,0.01999999999998898,-0.0014724155484105235,jsbsim-1.3.1-a320-coefficient-surrogate
829.0,4248.205550027453,-12746.24743532531,10480.732140007021,230.18068449094318,0.774147274468651,59420.33111087386,5,6,right-turn,4064.3778666649678,-10778.680195890098,10500.0,230.1542,131.3204759989108,0.0,20.0,20.0,0.1432394487829405,132.77694309633955,2.320171814265871,-2.4049698596237273e-35,1.00856858645744e-62,1.4147705678383067e-69,-0.014117225280823797,10382.648759816275,582714.3900884511,33696.706288823654,33662.41920773174,33696.706288823654,0.7091802701254317,12535.816848154464,0.0,-541.1127773565594,7.955499994748996e-10,33488.25025003692,pseudo_6dof_kinematic_bridge,a320.attitude_response_p6dof.v1,surrogate_policy_overlay,0.0,0,0.708712909002233,-2.4049698596237273e-35,2.3409907592003427e-28,0.01999999999998898,-0.0014709096194637276,jsbsim-1.3.1-a320-coefficient-surrogate
830.0,4093.8020597627024,-12575.535075764608,10480.732140007021,230.18010746485714,0.7741453338055028,59419.62193060374,5,6,right-turn,3913.637427099889,-10604.762404260498,10500.0,230.1542,130.5126876470435,0.0,20.0,20.0,0.1432394487829405,131.9679563535646,2.306073247866527,-1.8037273947177954e-35,3.52999005260104e-63,6.790898725623872e-70,-0.014119482266407458,10382.599036682263,582707.4354057552,33696.423782801125,33662.88371434208,33696.423782801125,0.7091895228312501,12536.117118838818,0.0,-540.7184477818732,7.955461895377483e-10,33445.56726847994,pseudo_6dof_kinematic_bridge,a320.attitude_response_p6dof.v1,surrogate_policy_overlay,0.0,0,0.7087233567422216,-1.8037273947177954e-35,2.3409907592003427e-28,0.01999999999998898,-0.001468922692534781,jsbsim-1.3.1-a320-coefficient-surrogate
831.0,3941.82101539904,-12402.663319752633,10480.732140007021,230.17954300370158,0.7741434354009251,59418.91274108091,5,6,right-turn,3765.363878897076,-10428.736743435318,10500.0,230.1542,129.70489929517612,0.0,20.0,20.0,0.1432394487829405,131.15919366769677,2.291974681467183,-1.3527955460383464e-35,1.235496518410364e-63,3.259631388299458e-70,-0.014115571735666504,10382.550396285646,582700.480632321,33696.14236804482,33663.33304624929,33696.14236804482,0.7091984732656673,12536.415911425654,0.0,-540.2743672170087,7.955424625632164e-10,33406.91790062337,pseudo_6dof_kinematic_bridge,a320.attitude_response_p6dof.v1,surrogate_policy_overlay,0.0,0,0.7087334597191595,-1.3527955460383464e-35,2.3409907592003427e-28,0.01999999999998898,-0.0014671591437463063,jsbsim-1.3.1-a320-coefficient-surrogate
832.0,3792.2926052620314,-12227.666529555523,10480.732140007021,230.17899083402563,0.7741415783352437,59418.20354260764,5,6,right-turn,3619.586693838452,-10250.638201380722,10500.0,230.1542,128.8971109433088,0.0,20.0,20.0,0.1432394487829405,130.35079603418484,2.277876115067839,-1.0145966595287598e-35,4.324237814436274e-64,1.5646230663837398e-70,-0.014109200370113577,10382.502815062788,582693.5257711132,33695.862020866996,33663.76753374189,33695.862020866996,0.7092071280078418,12536.713258021358,0.0,-539.9118267992421,7.955388167457861e-10,33380.0163853461,pseudo_6dof_kinematic_bridge,a320.attitude_response_p6dof.v1,surrogate_policy_overlay,0.0,0,0.7087432254374798,-1.0145966595287598e-35,2.3409907592003427e-28,0.01999999999998898,-0.0014659551380701678,jsbsim-1.3.1-a320-coefficient-surrogate
833.0,3645.246530605544,-12050.579489517328,10480.732140007021,230.17845068832594,0.7741397617087872,59417.494335479634,5,6,right-turn,3476.3348475130942,-10070.502178081755,10500.0,230.1542,128.08932259144143,0.0,20.0,20.0,0.1432394487829405,129.5427516474496,2.2637775486684957,-7.609474946465699e-36,1.5134832350526954e-64,7.51019071864195e-71,-0.01410303505078896,10382.456269962557,582686.5708250314,33695.58271809447,33664.18749992489,33695.58271809447,0.7092154934938402,12537.009190034609,0.0,-539.6836423142588,7.955352503192103e-10,33366.24844492361,pseudo_6dof_kinematic_bridge,a320.attitude_response_p6dof.v1,surrogate_policy_overlay,0.0,0,0.7087526612383832,-7.609474946465699e-36,2.3409907592003427e-28,0.01999999999998898,-0.0014653592750306361,jsbsim-1.3.1-a320-coefficient-surrogate
834.0,3500.711999702996,-11871.437399158702,10480.732140007021,230.17792230491762,0.7741379846414528,59416.78511998614,5,6,right-turn,3335.6368135578964,-9888.364478506028,10500.0,230.1542,127.28153423957407,0.0,20.0,20.0,0.1432394487829405,128.73496672740947,2.2496789822691525,-5.7071062098492744e-36,5.297191322684433e-65,3.604891544948136e-71,-0.014098506502659374,10382.410738435201,582679.615796912,33695.30443705749,33664.593260875714,33695.30443705749,0.7092235760197441,12537.303738191535,0.0,-539.5859913310031,7.955317615556586e-10,33363.141821301106,pseudo_6dof_kinematic_bridge,a320.attitude_response_p6dof.v1,surrogate_policy_overlay,0.0,0,0.7087617743033808,-5.7071062098492744e-36,2.3409907592003427e-28,0.01999999999998898,-0.0014652483956880662,jsbsim-1.3.1-a320-coefficient-surrogate
835.0,3358.7177220365284,-11690.275866192713,10480.732140007021,230.17740542780757,0.7741362462722804,59416.07589641012,5,6,right-turn,3197.52055799798,-9704.261305486934,10500.0,230.1542,126.4737458877067,0.0,20.0,20.0,0.1432394487829405,127.92732510816859,2.2355804158698085,-4.280329657386956e-36,1.854016962939551e-65,1.7303479415751053e-71,-0.014096005431892307,10382.366198421441,582672.6606895302,33695.02715557883,33664.98512579715,33695.02715557883,0.709231381744696,12537.59693255055,0.0,-539.5845295868979,7.955283487648822e-10,33366.69137261931,pseudo_6dof_kinematic_bridge,a320.attitude_response_p6dof.v1,surrogate_policy_overlay,0.0,0,0.7087705716577706,-4.280329657386956e-36,2.3409907592003427e-28,0.01999999999998898,-0.0014654343293480452,jsbsim-1.3.1-a320-coefficient-surrogate
836.0,3219.291902585271,-11507.130899459191,10480.732140007021,230.17689980657076,0.7741345457590368,59415.36666502838,5,6,right-turn,3062.013533687946,-9518.229252527684,10500.0,230.1542,125.66595753583933,0.0,20.0,20.0,0.1432394487829405,127.11972687020466,2.2214818494704645,-3.210247243040217e-36,6.489059370288427e-66,8.305670119560505e-72,-0.014095248285775375,10382.322628341815,582665.7055056005,33694.750851963014,33665.36339716673,33694.750851963014,0.709238916693875,12537.88880251682,0.0,-539.6364362307278,7.955250102933972e-10,33373.02927215131,pseudo_6dof_kinematic_bridge,a320.attitude_response_p6dof.v1,surrogate_policy_overlay,0.0,0,0.7087790601740332,-3.210247243040217e-36,2.3409907592003427e-28,0.01999999999998898,-0.0014657392495749139,jsbsim-1.3.1-a320-coefficient-surrogate
837.0,3082.462236213829,-11322.038901779,10480.732140007021,230.17640519622924,0.7741328822778084,59414.657426111684,5,6,right-turn,2929.142674855225,-9330.305296527806,10500.0,230.1542,124.85816918397197,0.0,20.0,20.0,0.1432394487829405,126.3121057912456,2.2073832830711204,-2.4076854322801628e-36,2.2711707796009492e-66,3.986721657389042e-72,-0.014095646936344682,10382.280007086225,582658.7502477781,33694.475504985916,33665.72837088285,33694.475504985916,0.7092461867614079,12538.179376856533,0.0,-539.7047540721013,7.955217445236839e-10,33379.318983381956,pseudo_6dof_kinematic_bridge,a320.attitude_response_p6dof.v1,surrogate_policy_overlay,0.0,0,0.708787246575152,-2.4076854322801628e-36,2.3409907592003427e-28,0.01999999999998898,-0.0014660349845050948,jsbsim-1.3.1-a320-coefficient-surrogate
838.0,2948.255902162121,-11135.036662729677,10480.732140007021,230.1759213571338,0.7741312550226032,59413.948179924926,5,6,right-turn,2798.9343917464166,-9140.526790433334,10500.0,230.1542,124.0503808321046,0.0,20.0,20.0,0.1432394487829405,125.50443072089215,2.1932847166717764,-1.805764074210122e-36,7.949097728603321e-67,1.9136263955467402e-72,-0.014096589263944755,10382.238314003775,582651.7949186607,33694.201093884534,33666.08033640773,33694.201093884534,0.7092531977132168,12538.468683710656,0.0,-539.7649085132915,7.955185498734083e-10,33383.99726878388,pseudo_6dof_kinematic_bridge,a320.attitude_response_p6dof.v1,surrogate_policy_overlay,0.0,0,0.7087951374378629,-1.805764074210122e-36,2.3409907592003427e-28,0.01999999999998898,-0.0014662525955222707,jsbsim-1.3.1-a320-coefficient-surrogate
839.0,2816.6995586376706,-10946.161351343879,10480.732140007021,230.17544805484812,0.7741296632049609,59413.238926727216,5,6,right-turn,2671.4145653778546,-8948.931455812355,10500.0,230.1542,123.24259248023724,0.0,20.0,20.0,0.1432394487829405,124.69669768457538,2.1791861502724323,-1.3543230556575915e-36,2.782184205011162e-67,9.185406698624353e-73,-0.014097600960858228,10382.197528892757,582644.8395207895,33693.927598346956,33666.4195769073,33693.927598346956,0.7092599551898044,12538.756750608612,0.0,-539.8052717261855,7.955154247946545e-10,33386.59424302656,pseudo_6dof_kinematic_bridge,a320.attitude_response_p6dof.v1,surrogate_policy_overlay,0.0,0,0.7088027391958324,-1.3543230556575915e-36,2.3409907592003427e-28,0.01999999999998898,-0.0014663730732502197,jsbsim-1.3.1-a320-coefficient-surrogate
840.0,2687.8193375114233,-10755.450508732087,10480.732140007021,230.17498506003525,0.7741281060535723,59412.529666772025,5,6,right-turn,2546.608542391325,-8755.557375357204,10500.0,230.1542,122.43480412836992,0.0,20.0,20.0,0.1432394487829405,123.88891878678508,2.1650875838730883,-1.0157422917431936e-36,9.737644717539065e-68,4.408995215339689e-73,-0.014098401394572033,10382.157631990893,582637.8840566499,33693.65499850255,33666.74636938821,33693.65499850255,0.709266464708985,12539.043604481521,0.0,-539.8242793540086,7.955123677731764e-10,33387.36343984752,pseudo_6dof_kinematic_bridge,a320.attitude_response_p6dof.v1,surrogate_policy_overlay,0.0,0,0.7088100581427733,-1.0157422917431936e-36,2.3409907592003427e-28,0.01999999999998898,-0.0014664098404525289,jsbsim-1.3.1-a320-coefficient-surrogate
841.0,2561.6408391181544,-10562.942040631051,10480.732140007021,230.174532148347,0.774126582813906,59411.82040030732,5,6,right-turn,2424.541130015992,-8560.442985314894,10500.0,230.1542,121.6270157765026,0.0,20.0,20.0,0.1432394487829405,123.0811120760583,2.1509890174737443,-7.618067188073953e-37,3.4081756511386722e-68,2.1163177033630508e-73,-0.014098886821887511,10382.118603965793,582630.9285286738,33693.383274912405,33667.0609848316,33693.383274912405,0.7092727316685479,12539.329271675204,0.0,-539.8263438879832,7.955093773276682e-10,33386.89767347131,pseudo_6dof_kinematic_bridge,a320.attitude_response_p6dof.v1,surrogate_policy_overlay,0.0,0,0.7088171004354833,-7.618067188073953e-37,2.3409907592003427e-28,0.01999999999998898,-0.0014663910234857065,jsbsim-1.3.1-a320-coefficient-surrogate
842.0,2438.1891271625063,-10368.674209879457,10480.732140007021,230.17408910031543,0.7741250927478439,59411.11112757565,5,6,right-turn,2305.2365911375846,-8363.627067847327,10500.0,230.1542,120.81922742463523,0.0,20.0,20.0,0.1432394487829405,122.27329444675193,2.136890451074401,-5.713550391055464e-37,1.192861477898535e-68,1.0158324976142642e-73,-0.01409907738705179,10382.080425905597,582623.9729392398,33693.11240855997,33667.36368832394,33693.11240855997,0.7092787613488634,12539.613777962892,0.0,-539.8181085767319,7.955064520090455e-10,33385.83185728887,pseudo_6dof_kinematic_bridge,a320.attitude_response_p6dof.v1,surrogate_policy_overlay,0.0,0,0.7088238720968186,-5.713550391055464e-37,2.3409907592003427e-28,0.01999999999998898,-0.0014663459725895276,jsbsim-1.3.1-a320-coefficient-surrogate
843.0,2317.4887237316675,-10172.685628822313,10480.732140007021,230.1736557012467,0.7741236351333244,59410.4018488143,5,6,right-turn,2188.7186394757236,-8165.148743322662,10500.0,230.1542,120.01143907276787,0.0,20.0,20.0,0.1432394487829405,121.46547798056524,2.122791884675058,-4.2851627932915985e-37,4.175015172644872e-69,4.8759959885484685e-74,-0.01409905708678324,10382.04307930984,582617.0172906746,33692.84238084186,33667.65473918537,33692.84238084186,0.7092845589154405,12539.897148557648,0.0,-539.8058154792077,7.955035903997471e-10,33384.6675099051,pseudo_6dof_kinematic_bridge,a320.attitude_response_p6dof.v1,surrogate_policy_overlay,0.0,0,0.7088303790186122,-4.2851627932915985e-37,2.3409907592003427e-28,0.01999999999998898,-0.0014662974709663758,jsbsim-1.3.1-a320-coefficient-surrogate
844.0,2199.5636044156963,-9975.015251645586,10480.732140007021,230.17323174111726,0.7741222092639931,59409.69256425538,5,6,right-turn,2075.0104348704663,-7965.04746253955,10500.0,230.1542,119.2036507209005,0.0,20.0,20.0,0.1432394487829405,120.65766910236343,2.108693318275714,-3.213872094968699e-37,1.461255310425705e-69,2.340478074503265e-74,-0.01409892465146389,10382.006546080509,582610.061585255,33692.57317355889,33667.93439109504,33692.57317355889,0.7092901294214229,12540.179408124568,0.0,-539.793942344652,7.955007911130479e-10,33383.70819658389,pseudo_6dof_kinematic_bridge,a320.attitude_response_p6dof.v1,surrogate_policy_overlay,0.0,0,0.7088366269645205,-3.213872094968699e-37,2.3409907592003427e-28,0.01999999999998898,-0.001466259027981988,jsbsim-1.3.1-a320-coefficient-surrogate
845.0,2084.4371935364566,-9775.702366642598,10480.732140007021,230.17281701447246,0.7741208144488616,59408.98327412596,5,6,right-turn,1964.1345786788856,-7763.36299888562,10500.0,230.1542,118.39586236903313,0.0,20.0,20.0,0.1432394487829405,119.84986950793946,2.09459475187637,-2.410404071226524e-37,5.114393586489967e-70,1.123429475761567e-74,-0.01409876261897301,10381.970808513292,582603.1058252073,33692.30476890731,33668.202892213536,33692.30476890731,0.7092954778100271,12540.460580792664,0.0,-539.7848809646475,7.954980527923901e-10,33383.072541408976,pseudo_6dof_kinematic_bridge,a320.attitude_response_p6dof.v1,surrogate_policy_overlay,0.0,0,0.7088426215728062,-2.410404071226524e-37,2.3409907592003427e-28,0.01999999999998898,-0.0014662356652251998,jsbsim-1.3.1-a320-coefficient-surrogate
846.0,1972.1323594861215,-9574.786588413748,10480.732140007021,230.17241132032717,0.7741194500119735,59408.27397864815,5,6,right-turn,1856.1131092826874,-7560.135440431862,10500.0,230.1542,117.58807401716577,0.0,20.0,20.0,0.1432394487829405,119.04207784710977,2.080496185477026,-1.8078030534198931e-37,1.790037755271488e-70,5.392461483655522e-75,-0.014098624151631415,10381.935849289017,582596.1500127099,33692.03714947018,33668.46048530289,33692.03714947018,0.7093006089169341,12540.740690166494,0.0,-539.7792735357023,7.954953741107265e-10,33382.74712103031,pseudo_6dof_kinematic_bridge,a320.attitude_response_p6dof.v1,surrogate_policy_overlay,0.0,0,0.7088483683590658,-1.8078030534198931e-37,2.3409907592003427e-28,0.01999999999998898,-0.0014662264489545157,jsbsim-1.3.1-a320-coefficient-surrogate
847.0,1862.6714101761763,-9372.307850001096,10480.732140007021,230.1720144620684,0.774118115292077,59407.56467803923,5,6,right-turn,1750.9674977077286,-7355.40518196448,10500.0,230.1542,116.7802856652984,0.0,20.0,20.0,0.1432394487829405,118.23429141086021,2.066397619077682,-1.3558522900649199e-37,6.265132143450207e-71,2.5883815121546505e-75,-0.014098532965506479,10381.901651465276,582589.1941498935,33691.77029820904,33668.70740784424,33691.77029820904,0.7093055274726321,12541.019759337592,0.0,-539.7766315286244,7.954927537698781e-10,33382.64845449984,pseudo_6dof_kinematic_bridge,a320.attitude_response_p6dof.v1,surrogate_policy_overlay,0.0,0,0.7088538727189045,-1.3558522900649199e-37,2.3409907592003427e-28,0.01999999999998898,-0.0014662273674651877,jsbsim-1.3.1-a320-coefficient-surrogate
848.0,1756.076088597827,-9168.306394959385,10480.732140007021,230.17162624736056,0.774116809642306,59406.85537251175,5,6,right-turn,1648.7186433562995,-7149.212916955791,10500.0,230.1542,115.97249731343103,0.0,20.0,20.0,0.1432394487829405,117.42650740416309,2.052299052678338,-1.0168892175486898e-37,2.192796250207572e-71,1.2424231258342323e-75,-0.014098490561816803,10381.868198468244,582582.2382388425,33691.50419845561,33668.94389215222,33691.50419845561,0.7093102381046958,12541.297810895565,0.0,-539.7759586977579,7.954901904999086e-10,33382.67474028867,pseudo_6dof_kinematic_bridge,a320.attitude_response_p6dof.v1,surrogate_policy_overlay,0.0,0,0.7088591399305338,-1.0168892175486898e-37,2.3409907592003427e-28,0.01999999999998898,-0.0014662336896172187,jsbsim-1.3.1-a320-coefficient-surrogate
849.0,1652.3675684947007,-8962.822769365095,10480.732140007021,230.17124648805228,0.774115532429867,59406.14606227365,5,6,right-turn,1549.3868698530327,-6941.599629475706,10500.0,230.1542,115.16470896156366,0.0,20.0,20.0,0.1432394487829405,116.61872367433574,2.0382004862789938,-7.626669131615174e-38,7.674786875726502e-72,5.963631004004316e-76,-0.014098485729526827,10381.835474084659,582575.2822815959,33691.23883390382,33669.170165487536,33691.23883390382,0.7093147453400281,12541.574866939038,0.0,-539.7762225607376,7.954876830585083e-10,33382.73912274941,pseudo_6dof_kinematic_bridge,a320.attitude_response_p6dof.v1,surrogate_policy_overlay,0.0,0,0.708864175157331,-7.626669131615174e-38,2.3409907592003427e-28,0.01999999999998898,-0.0014662414527669954,jsbsim-1.3.1-a320-coefficient-surrogate
850.0,1551.566450148703,-8755.8978137651,10480.732140007021,230.1708750000855,0.7741142830357328,59405.43674752831,5,6,right-turn,1452.991921005241,-6732.606586045496,10500.0,230.1542,114.35692060969635,0.0,20.0,20.0,0.1432394487829405,115.81093895708057,2.0241019198796497,-5.72000184871138e-38,2.6861754065042754e-72,2.862542881922071e-76,-0.014098502963394521,10381.803462453983,582568.3262801485,33690.97418860192,33669.3864501667,33690.97418860192,0.7093190536070468,12541.85094908627,0.0,-539.7766252809961,7.954852302303952e-10,33382.78448328203,pseudo_6dof_kinematic_bridge,a320.attitude_response_p6dof.v1,surrogate_policy_overlay,0.0,0,0.7088689834503327,-5.72000184871138e-38,2.3409907592003427e-28,0.01999999999998898,-0.001466248099643923,jsbsim-1.3.1-a320-coefficient-surrogate
851.0,1453.6927562798721,-8547.572655066551,10480.732140007021,230.17051160340634,0.7741130608543438,59404.727428474696,5,6,right-turn,1359.5529568785175,-6522.275327435383,10500.0,230.1542,113.54913225782903,0.0,20.0,20.0,0.1432394487829405,115.00315279381924,2.0100033534803057,-4.290001386533535e-38,9.401613922764963e-73,1.3740205833225941e-76,-0.01409852820096273,10381.772148060729,582561.3702364514,33690.71024694474,33669.59296366969,33690.71024694474,0.7093231672378288,12542.126078485679,0.0,-539.7766962233829,7.954828308267253e-10,33382.784315366225,pseudo_6dof_kinematic_bridge,a320.attitude_response_p6dof.v1,surrogate_policy_overlay,0.0,0,0.7088735697506815,-4.290001386533535e-38,2.3409907592003427e-28,0.01999999999998898,-0.0014662524851651302,jsbsim-1.3.1-a320-coefficient-surrogate
852.0,1358.7659280610471,-8337.888698369603,10480.732140007021,230.17015612187842,0.7741118652933149,59404.018105307456,5,6,right-turn,1269.0885499883602,-6310.64766040764,10500.0,230.1542,112.74134390596167,0.0,20.0,20.0,0.1432394487829405,114.19536528682465,1.9959047870809625,-3.2175010399001514e-38,3.2905648729677364e-73,6.595298799948452e-77,-0.014098551653532836,10381.741515726975,582554.4141524134,33690.44699366627,33669.78991874473,33690.44699366627,0.7093270904701968,12542.400275825916,0.0,-539.7762625864871,7.954804836845206e-10,33382.73565239175,pseudo_6dof_kinematic_bridge,a320.attitude_response_p6dof.v1,surrogate_policy_overlay,0.0,0,0.7088779388920076,-3.2175010399001514e-38,2.3409907592003427e-28,0.01999999999998898,-0.0014662545315328387,jsbsim-1.3.1-a320-coefficient-surrogate
853.0,1266.804821248148,-8126.887618744601,10480.732140007021,230.1698083831971,0.7741106957731487,59403.30877821698,5,6,right-turn,1181.6166816085934,-6097.765649406837,10500.0,230.1542,111.9335555540943,0.0,20.0,20.0,0.1432394487829405,113.38757682470099,1.9818062206816194,-2.4131257799251136e-38,1.1516977055387075e-73,3.165743423975257e-77,-0.014098568323679608,10381.711550604998,582547.4580299016,33690.18441383217,33669.97752351173,33690.18441383217,0.70933082744978,12542.673561345997,0.0,-539.7753595515293,7.954781876661031e-10,33382.649326629355,pseudo_6dof_kinematic_bridge,a320.attitude_response_p6dof.v1,surrogate_policy_overlay,0.0,0,0.7088820956027777,-2.4131257799251136e-38,2.3409907592003427e-28,0.01999999999998898,-0.0014662547730949689,jsbsim-1.3.1-a320-coefficient-surrogate
854.0,1177.8277024268373,-7914.61135295538,10480.732140007021,230.16946821880666,0.7741095517269561,59402.59944738953,5,6,right-turn,1097.154738197282,-5883.671608198827,10500.0,230.1542,111.12576720222694,0.0,20.0,20.0,0.1432394487829405,112.57978785917383,1.9677076542822753,-1.8098443349438352e-38,4.030941969385476e-74,1.5195568435081232e-77,-0.014098577109727726,10381.682238170119,582540.5018707425,33689.922492832666,33670.15598156248,33689.922492832666,0.7093343822320108,12542.94595484493,0.0,-539.7741290146806,7.954759416585483e-10,33382.54115068057,pseudo_6dof_kinematic_bridge,a320.attitude_response_p6dof.v1,surrogate_policy_overlay,0.0,0,0.7088860445085744,-1.8098443349438352e-38,2.3409907592003427e-28,0.01999999999998898,-0.0014662539523422695,jsbsim-1.3.1-a320-coefficient-surrogate
855.0,1091.8522453763117,-7701.102091130322,10480.732140007021,230.16913546381858,0.7741084326001811,59401.8901130073,5,6,right-turn,1015.7195079408984,-5668.408091460205,10500.0,230.1542,110.31797885035957,0.0,20.0,20.0,0.1432394487829405,111.77199876549903,1.9536090878829313,-1.3573832512078764e-38,1.4108296892849167e-74,7.293872848838991e-78,-0.014098579346326386,10381.653564213662,582533.545676723,33689.66121637545,33670.32549205913,33689.66121637545,0.709337758784085,12543.217475691403,0.0,-539.7727369814545,7.954737445731445e-10,33382.42578885497,pseudo_6dof_kinematic_bridge,a320.attitude_response_p6dof.v1,surrogate_policy_overlay,0.0,0,0.7088897901343318,-1.3573832512078764e-38,2.3409907592003427e-28,0.01999999999998898,-0.0014662527440696493,jsbsim-1.3.1-a320-coefficient-surrogate
856.0,1008.8955275509519,-7486.402268382828,10480.732140007021,230.16880995693185,0.7741073378503339,59401.18077524852,5,6,right-turn,937.3271774173892,-5452.0178863198535,10500.0,230.1542,109.51019049849225,0.0,20.0,20.0,0.1432394487829405,110.9642097837934,1.9395105214835873,-1.0180374384059072e-38,4.937903912497208e-75,3.501058967442716e-78,-0.01409857739209548,10381.625514836102,582526.5894495909,33689.40057047879,33670.48624983065,33689.40057047879,0.7093409609868842,12543.488142833019,0.0,-539.7713217249923,7.954715953448676e-10,33382.31363615636,pseudo_6dof_kinematic_bridge,a320.attitude_response_p6dof.v1,surrogate_policy_overlay,0.0,0,0.7088933369065294,-1.0180374384059072e-38,2.3409907592003427e-28,0.01999999999998898,-0.0014662516188471307,jsbsim-1.3.1-a320-coefficient-surrogate
857.0,928.9740266805296,-7270.554556382887,10480.732140007021,230.16849154035492,0.7741062669467274,59400.47143428753,5,6,right-turn,861.9933283788331,-5234.544003854321,10500.0,230.1542,108.70240214662483,0.0,20.0,20.0,0.1432394487829405,110.15642101980853,1.9254119550842432,-7.635280788044304e-39,1.7282663693740223e-75,1.6805083043725037e-78,-0.014098573592151772,10381.598076440318,582519.6331910559,33689.14054146481,33670.638445467004,33689.14054146481,0.7093439926368517,12543.757974805558,0.0,-539.769971835706,7.954694929318652e-10,33382.21013877397,pseudo_6dof_kinematic_bridge,a320.attitude_response_p6dof.v1,surrogate_policy_overlay,0.0,0,0.7088966891553304,-7.635280788044304e-39,2.3409907592003427e-28,0.01999999999998898,-0.001466250817596168,jsbsim-1.3.1-a320-coefficient-surrogate
858.0,852.103617489651,-7053.60185488141,10480.732140007021,230.16818005972942,0.774105219370221,59399.76209029489,5,6,right-turn,789.7329346543276,-5016.029670538703,10500.0,230.1542,107.89461379475752,0.0,20.0,20.0,0.1432394487829405,109.348632478537,1.9113133886848992,-5.726460591033228e-39,6.048932292809077e-76,8.066439860988016e-79,-0.014098569705070365,10381.571235725038,582512.6769027903,33688.88111595286,33670.78226541128,33688.88111595286,0.7093468574478266,12544.026989741818,0.0,-539.7687262971314,7.954674363149537e-10,33382.11663874987,pseudo_6dof_kinematic_bridge,a320.attitude_response_p6dof.v1,surrogate_policy_overlay,0.0,0,0.7088998511166763,-5.726460591033228e-39,2.3409907592003427e-28,0.01999999999998898,-0.0014662503941694084,jsbsim-1.3.1-a320-coefficient-surrogate
859.0,778.2995685370911,-6835.58728318902,10480.732140007021,230.16787536405553,0.7741041946129699,59399.052743437445,5,6,right-turn,720.5603591736735,-4796.518319654602,10500.0,230.1542,107.08682544289015,0.0,20.0,20.0,0.1432394487829405,108.54084410776156,1.8972148222855552,-4.294845443274921e-39,2.117126302483177e-76,3.871891133274248e-79,-0.014098566729351744,10381.5449796784,582505.7205864309,33688.6222808531,33670.91789204987,33688.6222808531,0.7093495590528414,12544.295205380404,0.0,-539.7675867791696,7.954654244971245e-10,33382.031856794296,pseudo_6dof_kinematic_bridge,a320.attitude_response_p6dof.v1,surrogate_policy_overlay,0.0,0,0.7089028269343363,-4.294845443274921e-39,2.3409907592003427e-28,0.01999999999998898,-0.0014662502851944849,jsbsim-1.3.1-a320-coefficient-surrogate
860.0,707.5765391756486,-6616.554171611013,10480.732140007021,230.16757730561878,0.7741031921781786,59398.34339387839,5,6,right-turn,654.489351112517,-4576.053582657105,10500.0,230.1542,106.27903709102279,0.0,20.0,20.0,0.1432394487829405,107.7330558363749,1.8831162558862111,-3.22113408245619e-39,7.409942058691119e-77,1.858507743971639e-79,-0.014098564994691271,10381.519295571648,582498.7642435776,33688.36402336012,33671.0455038008,33688.36402336012,0.7093521010058816,12544.562639074356,0.0,-539.7665336841675,7.95463456503062e-10,33381.953363569104,pseudo_6dof_kinematic_bridge,a320.attitude_response_p6dof.v1,surrogate_policy_overlay,0.0,0,0.7089056206619138,-3.22113408245619e-39,2.3409907592003427e-28,0.01999999999998898,-0.001466250377822588,jsbsim-1.3.1-a320-coefficient-surrogate
861.0,639.9485766331286,-6396.54605284017,10480.732140007021,230.16728573991895,0.7741022115798615,59397.63404177739,5,6,right-turn,591.5330431594894,-4354.679280502331,10500.0,230.1542,105.47124873915547,0.0,20.0,20.0,0.1432394487829405,106.92526760033239,1.869017689486867,-2.4158505618421427e-39,2.5934797205418916e-77,8.920837171063868e-80,-0.014098564377818978,10381.494170952994,582491.8078757963,33688.106330946815,33671.16527519969,33688.106330946815,0.7093544867835966,12544.829307799446,0.0,-539.7655403149439,7.954615313786723e-10,33381.87868119919,pseudo_6dof_kinematic_bridge,a320.attitude_response_p6dof.v1,surrogate_policy_overlay,0.0,0,0.7089082362648,-2.4158505618421427e-39,2.3409907592003427e-28,0.01999999999998898,-0.0014662505595812694,jsbsim-1.3.1-a320-coefficient-surrogate
862.0,575.4291132150337,-6175.606653309162,10480.732140007021,230.16700052559992,0.7741012523426074,59396.92468729061,5,6,right-turn,531.7039489058526,-4132.439414937248,10500.0,230.1542,104.66346038728805,0.0,20.0,20.0,0.1432394487829405,106.11747935532684,1.854919123087524,-1.811887921381607e-39,9.077179021896619e-78,4.282001842110657e-80,-0.014098564534253948,10381.469593641583,582484.8514846185,33687.84919135836,33671.27737698447,33687.84919135836,0.7093567197869881,12545.095228162376,0.0,-539.7645825016544,7.954596481906216e-10,33381.80590742268,pseudo_6dof_kinematic_bridge,a320.attitude_response_p6dof.v1,surrogate_policy_overlay,0.0,0,0.7089106776220999,-1.811887921381607e-39,2.3409907592003427e-28,0.01999999999998898,-0.001466250745978104,jsbsim-1.3.1-a320-coefficient-surrogate
863.0,514.0309636295234,-5953.779884504252,10480.732140007021,230.16672152438122,0.7741003140013496,59396.21533057082,5,6,right-turn,475.01396035823893,-3909.378159753698,10500.0,230.1542,103.85567203542074,0.0,20.0,20.0,0.1432394487829405,105.30969107895616,1.84082055668818,-1.3589159410362053e-39,3.1770126576638163e-78,2.0553608842131152e-80,-0.014098565081678607,10381.445551721605,582477.8950715424,33687.592592606205,33671.381976177996,33687.592592606205,0.709358803343056,12545.360416408861,0.0,-539.7636433287682,7.954578060258841e-10,33381.73392042652,pseudo_6dof_kinematic_bridge,a320.attitude_response_p6dof.v1,surrogate_policy_overlay,0.0,0,0.7089129485285078,-1.3589159410362053e-39,2.3409907592003427e-28,0.01999999999998898,-0.0014662508889280005,jsbsim-1.3.1-a320-coefficient-surrogate
864.0,455.76632243517287,-5731.10983424204,10480.732140007021,230.16644860099146,0.7740993961011409,59395.505971767474,5,6,right-turn,421.47434557490135,-3685.539852008037,10500.0,230.1542,103.04788368355337,0.0,20.0,20.0,0.1432394487829405,104.50190276651922,1.8267219902888367,-1.019186955777154e-39,1.1119544301823356e-78,9.865732244222952e-81,-0.014098565711152823,10381.422033536532,582470.9386380336,33687.336522962396,33671.479236168554,33687.336522962396,0.7093607407064013,12545.62488843142,0.0,-539.7627139721909,7.954560039913018e-10,33381.66230010705,pseudo_6dof_kinematic_bridge,a320.attitude_response_p6dof.v1,surrogate_policy_overlay,0.0,0,0.7089150526961377,-1.019186955777154e-39,2.3409907592003427e-28,0.01999999999998898,-0.0014662509724442212,jsbsim-1.3.1-a320-coefficient-surrogate
865.0,400.64676161204187,-5507.640757910978,10480.732140007021,230.1661816231026,0.7740984981969337,59394.796611026766,5,6,right-turn,371.095746426011,-3460.9689832084787,10500.0,230.1542,102.24009533168599,0.0,20.0,20.0,0.1432394487829405,103.6941144243096,1.8126234238894927,-7.643902168328655e-40,3.891840505638175e-79,4.735551477227016e-81,-0.014098566230784385,10381.399027683472,582463.9821855257,33687.08097095386,33671.569316789144,33687.08097095386,0.709362535060806,12545.888659777047,0.0,-539.7617921693267,7.954542412131501e-10,33381.591111290174,pseudo_6dof_kinematic_bridge,a320.attitude_response_p6dof.v1,surrogate_policy_overlay,0.0,0,0.7089169937563253,-7.643902168328655e-40,2.3409907592003427e-28,0.01999999999998898,-0.0014662510023205197,jsbsim-1.3.1-a320-coefficient-surrogate
866.0,348.68322825653644,-5283.4170696794035,10480.732140007021,230.16592046126604,0.7740976198533646,59394.087248491705,5,6,right-turn,323.8881764784222,-3235.7101904716956,10500.0,230.1542,101.43230697981868,0.0,20.0,20.0,0.1432394487829405,102.88632606317496,1.7985248574901487,-5.7329266262464915e-40,1.362144176973361e-79,2.273064709068968e-81,-0.014098566561088188,10381.376523007668,582457.0257154212,33686.82592535684,33671.65237439478,33686.82592535684,0.7093641895207723,12546.151745654766,0.0,-539.7608797511887,7.95452516836718e-10,33381.52066372776,pseudo_6dof_kinematic_bridge,a320.attitude_response_p6dof.v1,surrogate_policy_overlay,0.0,0,0.7089187752613835,-5.7329266262464915e-40,2.3409907592003427e-28,0.01999999999998898,-0.0014662509950200083,jsbsim-1.3.1-a320-coefficient-surrogate
867.0,299.8860424005244,-5058.48333367185,10480.732140007021,230.1656649888501,0.7740967606445437,59393.37788430219,5,6,right-turn,279.8610190052967,-3009.8082476504137,10500.0,230.1542,100.62451862795132,0.0,20.0,20.0,0.1432394487829405,102.0785376938147,1.7844262910908046,-4.299694969684869e-40,4.767504619406763e-80,1.0910710603531047e-81,-0.014098566704653193,10381.354508597084,582450.069229092,33686.57137519158,33671.7285619379,33686.57137519158,0.7093657071330256,12546.414160942913,0.0,-539.7599802630566,7.954508300258922e-10,33381.451318478525,pseudo_6dof_kinematic_bridge,a320.attitude_response_p6dof.v1,surrogate_policy_overlay,0.0,0,0.708920400686317,-4.299694969684869e-40,2.3409907592003427e-28,0.01999999999998898,-0.0014662509688682331,jsbsim-1.3.1-a320-coefficient-surrogate
868.0,254.26489495513846,-4832.884255115386,10480.732140007021,230.1654150819786,0.774095920153849,59392.668518595056,5,6,right-turn,239.02302512103768,-2783.308056433933,10500.0,230.1542,99.81673027608394,0.0,20.0,20.0,0.1432394487829405,101.2707493242038,1.7703277246914606,-3.2247712272636518e-40,1.6686266167923669e-80,5.2371410896949026e-82,-0.014098566709026674,10381.33297377715,582443.1127278801,33686.317309716906,33671.79802904261,33686.317309716906,0.7093670908779921,12546.675920196372,0.0,-539.7590972217957,7.954491799627548e-10,33381.38336786238,pseudo_6dof_kinematic_bridge,a320.attitude_response_p6dof.v1,surrogate_policy_overlay,0.0,0,0.7089218734305078,-3.2247712272636518e-40,2.3409907592003427e-28,0.01999999999998898,-0.0014662509387009398,jsbsim-1.3.1-a320-coefficient-surrogate
869.0,211.8288457796775,-4606.664671457743,10480.732140007021,230.16517061947113,0.7740950979737241,59391.959151504176,5,6,right-turn,201.38231204186232,-2556.2546374231615,10500.0,230.1542,99.00894192421659,0.0,20.0,20.0,0.1432394487829405,100.46296095883481,1.7562291582921166,-2.418578420447739e-40,5.840193158773284e-81,2.5138277230535528e-82,-0.01409856663499146,10381.311908105568,582436.1562130984,33686.06371842513,33671.860922076885,33686.06371842513,0.7093683436712381,12546.937037653559,0.0,-539.7582331567787,7.954475658471852e-10,33381.31698589704,pseudo_6dof_kinematic_bridge,a320.attitude_response_p6dof.v1,surrogate_policy_overlay,0.0,0,0.708923196819358,-2.418578420447739e-40,2.3409907592003427e-28,0.01999999999998898,-0.0014662509137513646,jsbsim-1.3.1-a320-coefficient-surrogate
870.0,172.5863218759901,-4379.869543459016,10480.732140007021,230.16493148278406,0.774094293705482,59391.24978316051,5,6,right-turn,166.94636147235747,-2328.6931211820192,10500.0,230.1542,98.20115357234921,0.0,20.0,20.0,0.1432394487829405,99.6551725991562,1.7421305918927725,-1.8139338153358043e-40,2.0440676055706488e-81,1.2066373070657054e-82,-0.014098566535676108,10381.291301367286,582429.199686031,33685.810591036934,33671.91738422368,33685.810591036934,0.7093694683648861,12547.197527243363,0.0,-539.757389323409,7.954459868964754e-10,33381.25223016991,pseudo_6dof_kinematic_bridge,a320.attitude_response_p6dof.v1,surrogate_policy_overlay,0.0,0,0.7089243741059031,-1.8139338153358043e-40,2.3409907592003427e-28,0.01999999999998898,-0.0014662508978609376,jsbsim-1.3.1-a320-coefficient-surrogate
871.0,136.5451157087013,-4152.543946258697,10480.732140007021,230.1646975559537,0.7740935069591112,59390.54041369214,5,6,right-turn,135.7220181183922,-2100.668739267051,10500.0,230.1542,97.3933652204819,0.0,20.0,20.0,0.1432394487829405,98.8473842445676,1.7280320254934285,-1.3604503615018532e-40,7.15423661949727e-82,5.7918590739153855e-83,-0.01409856644683873,10381.271143569542,582422.243147934,33685.557917496415,33671.96755554968,33685.557917496415,0.7093704677489846,12547.45740259179,0.0,-539.756565860572,7.954444423449494e-10,33381.189071780725,pseudo_6dof_kinematic_bridge,a320.attitude_response_p6dof.v1,surrogate_policy_overlay,0.0,0,0.7089254084723771,-1.3604503615018532e-40,2.3409907592003427e-28,0.01999999999998898,-0.001466250890927005,jsbsim-1.3.1-a320-coefficient-surrogate
872.0,103.71238365161634,-3924.733060419826,10480.732140007021,230.16446872553973,0.7740927373530877,59389.831043224396,5,6,right-turn,107.7154883266052,-1872.226815236862,10500.0,230.1542,96.58557686861454,0.0,20.0,20.0,0.1432394487829405,98.03959589347868,1.7139334590940853,-1.02033777112639e-40,2.5039828168240442e-82,2.7800923554793848e-83,-0.014098566385757388,10381.251424937034,582415.2866000365,33685.30568796627,33672.01157307364,33685.30568796627,0.7093713445528687,12547.716677028591,0.0,-539.7557621559096,7.954429314435945e-10,33381.127433494315,pseudo_6dof_kinematic_bridge,a320.attitude_response_p6dof.v1,surrogate_policy_overlay,0.0,0,0.7089263030317624,-1.02033777112639e-40,2.3409907592003427e-28,0.01999999999998898,-0.0014662508906808727,jsbsim-1.3.1-a320-coefficient-surrogate
873.0,74.09464456061238,-3696.4821629520457,10480.732140007021,230.1642448805707,0.7740919845141904,59389.121671879846,5,6,right-turn,82.93233885079756,-1643.4127556433727,10500.0,230.1542,95.77778851674717,0.0,20.0,20.0,0.1432394487829405,97.23180754414187,1.6998348926947422,-7.652533283447925e-41,8.763939858884153e-83,1.3344443306301045e-83,-0.014098566355177991,10381.23213590719,582408.3300435405,33685.05389282299,33672.04957083221,33685.05389282299,0.7093721014464713,12547.97536359373,0.0,-539.7549772364964,7.954414534596967e-10,33381.06722304568,pseudo_6dof_kinematic_bridge,a320.attitude_response_p6dof.v1,surrogate_policy_overlay,0.0,0,0.7089270608292869,-7.652533283447925e-41,2.3409907592003427e-28,0.01999999999998898,-0.0014662508942110439,jsbsim-1.3.1-a320-coefficient-surrogate
874.0,47.697778473301526,-3467.8366183153485,10480.732140007021,230.16402591248993,0.77409124807732,59388.4122997784,5,6,right-turn,61.37749574544996,-1414.2720410065074,10500.0,230.1542,94.97000016487979,0.0,20.0,20.0,0.1432394487829405,96.42401919515359,1.6857363262953982,-5.739399962585944e-41,3.0673789506094527e-83,6.405332787024501e-84,-0.014098566349094732,10381.213267125542,582401.3734796217,33684.802522652244,33672.081679945164,33684.802522652244,0.7093727410416237,12548.233475043584,0.0,-539.7542100768135,7.954400076764888e-10,33381.00835549777,pseudo_6dof_kinematic_bridge,a320.attitude_response_p6dof.v1,surrogate_policy_overlay,0.0,0,0.7089276848439073,-5.739399962585944e-41,2.3409907592003427e-28,0.01999999999998898,-0.0014662508989675353,jsbsim-1.3.1-a320-coefficient-surrogate
875.0,24.52702543572419,-3238.8418694063025,10480.732140007021,230.16381171510338,0.7740905276853228,59387.70292703736,5,6,right-turn,43.05524338658572,-1184.8502167741751,10500.0,230.1542,94.16221181301243,0.0,20.0,20.0,0.1432394487829405,95.61623084564808,1.6716377598960541,-4.304549971939458e-41,1.0735826327133083e-83,3.0745597377717604e-84,-0.014098566358122448,10381.194809441193,582394.4169094309,33684.55156824435,33672.10802867855,33684.55156824435,0.7093732658933121,12548.491023857227,0.0,-539.7534597848977,7.954385933928013e-10,33380.95076401325,pseudo_6dof_kinematic_bridge,a320.attitude_response_p6dof.v1,surrogate_policy_overlay,0.0,0,0.7089281779897417,-4.304549971939458e-41,2.3409907592003427e-28,0.01999999999998898,-0.0014662509032308322,jsbsim-1.3.1-a320-coefficient-surrogate
876.0,4.5869844563079525,-3009.5434285285573,10480.732140007021,230.16360218452797,0.7740898229888179,59386.99355377147,5,6,right-turn,27.969223620185534,-955.1928842694174,10500.0,230.1542,93.35442346114506,0.0,20.0,20.0,0.1432394487829405,94.808442495272,1.65753919349671,-3.2284124789545934e-41,3.757539214496579e-84,1.475788674130445e-84,-0.014098566373316152,10381.176753902402,582387.460334093,33684.301020589795,33672.12874250698,33684.301020589795,0.709373678500919,12548.748022242347,0.0,-539.7527256747874,7.954372099227248e-10,33380.894401523605,pseudo_6dof_kinematic_bridge,a320.attitude_response_p6dof.v1,surrogate_policy_overlay,0.0,0,0.7089285431174871,-3.2284124789545934e-41,2.3409907592003427e-28,0.01999999999998898,-0.0014662509061674944,jsbsim-1.3.1-a320-coefficient-surrogate
877.0,-12.118387412700592,-2779.9868683494246,10480.732140007021,230.16339721914153,0.7740891336460278,59386.28418009297,5,6,right-turn,16.122435038312823,-725.345691626379,10500.0,230.1542,92.54663510927774,0.0,20.0,20.0,0.1432394487829405,94.00065414404406,1.643440627097366,-2.421309359215945e-41,1.3151387250738026e-84,7.083785635826135e-85,-0.014098566388183782,10381.159091752244,582380.5037547087,33684.05087087492,33672.14394417415,33684.05087087492,0.7093739813094284,12549.004482141223,0.0,-539.7520072577613,7.954358565952769e-10,33380.83923691721,pseudo_6dof_kinematic_bridge,a320.attitude_response_p6dof.v1,surrogate_policy_overlay,0.0,0,0.7089287830157925,-2.421309359215945e-41,2.3409907592003427e-28,0.01999999999998898,-0.0014662509076419923,jsbsim-1.3.1-a320-coefficient-surrogate
878.0,-25.585775866147586,-2550.2178128443365,10480.732140007021,230.1631967195335,0.7740884593226134,59385.57480611166,5,6,right-turn,7.517232383085921,-495.3543247169763,10500.0,230.1542,91.73884675741039,0.0,20.0,20.0,0.1432394487829405,93.19286579218505,1.629342060698022,-1.8159820194119586e-41,4.6029855377583087e-85,3.400217105196545e-85,-0.014098566399198903,10381.141814424369,582373.5471723549,33683.80111047764,33672.15375375237,33683.80111047764,0.7093741767106121,12549.260415236444,0.0,-539.7513041906923,7.954345327540778e-10,33380.78524912969,pseudo_6dof_kinematic_bridge,a320.attitude_response_p6dof.v1,surrogate_policy_overlay,0.0,0,0.7089289004126131,-1.8159820194119586e-41,2.3409907592003427e-28,0.01999999999998898,-0.0014662509079400128,jsbsim-1.3.1-a320-coefficient-surrogate
879.0,-35.81251000906959,-2320.2819282309847,10480.732140007021,230.16300058845684,0.774087799691512,59384.86543193495,5,6,right-turn,2.155326078645559,-265.2644980701381,10500.0,230.1542,90.93105840554301,0.0,20.0,20.0,0.1432394487829405,92.3850774399733,1.615243494298678,-1.3619865145589688e-41,1.6110449382154074e-85,1.6321042104943417e-85,-0.014098566405354382,10381.124913538873,582366.5905880849,33683.55173096329,33672.158288700586,33683.55173096329,0.7093742670441849,12549.515832956575,0.0,-539.7506162133361,7.954332377570343e-10,33380.73242152875,pseudo_6dof_kinematic_bridge,a320.attitude_response_p6dof.v1,surrogate_policy_overlay,0.0,0,0.7089288979765284,-1.3619865145589688e-41,2.3409907592003427e-28,0.01999999999998898,-0.0014662509075110608,jsbsim-1.3.1-a320-coefficient-surrogate
880.0,-42.79656289184502,-2090.2249138949455,10480.732140007021,230.16280873078094,0.7740871544327789,59384.156057667904,5,6,right-turn,0.037781891170279365,-35.12194578524715,10500.0,230.1542,90.1232700536757,0.0,20.0,20.0,0.1432394487829405,91.57728908765064,1.601144927899334,-1.0214898859192266e-41,5.638657283753925e-86,7.83410021037284e-86,-0.014098566407290066,10381.108380898218,582359.6340029289,33683.30272408055,33672.15766392141,33683.30272408055,0.7093742545989413,12549.770746481678,0.0,-539.7499430945771,7.954319709760261e-10,33380.680737816816,pseudo_6dof_kinematic_bridge,a320.attitude_response_p6dof.v1,surrogate_policy_overlay,0.0,0,0.7089287783180376,-1.0214898859192266e-41,2.3409907592003427e-28,0.01999999999998898,-0.0014662509067840173,jsbsim-1.3.1-a320-coefficient-surrogate
881.0,-46.53655191729274,-1860.092493308598,10480.732140007021,230.16262105344583,0.774086523233433,59383.446683413305,5,6,right-turn,0.0,0.0,10500.0,230.1542,88.5668498051102,0.0,0.0,20.0,0.1432394487829405,90.76950073537881,1.5870463614999908,-7.6611741443942e-42,1.973530049313873e-86,3.760368100978963e-86,-0.01409856640640312,10381.092208483293,582352.677417895,33683.05408175751,33672.151991816296,33683.05408175751,0.7093741416138538,12550.025166748688,0.0,-539.7492845973852,7.954307317966045e-10,33380.63017983002,pseudo_6dof_kinematic_bridge,a320.attitude_response_p6dof.v1,surrogate_policy_overlay,0.0,0,0.7089285439908131,-7.6611741443942e-42,2.3409907592003427e-28,0.01999999999998898,-0.0014662509060707962,jsbsim-1.3.1-a320-coefficient-surrogate
882.0,-45.52807979717019,-1629.9320816080299,10480.732140007021,230.16243746541664,0.7740859057873049,59382.73730927169,5,6,right-turn,0.0,0.0,10500.0,230.1542,88.40000160382853,0.0,0.0,9.166666666666666,0.1432394487829405,89.77686500133431,1.5664147493592306,-5.745880608295649e-42,-0.18907733563271903,1.804976688469902e-86,-0.017324761832027268,10381.076388449506,582345.7208339693,33682.80579609766,33672.14138234059,33682.80579609766,0.7093739302791702,12550.27910445675,0.0,58737.22291774819,7.954295196176931e-10,56310.659666821295,pseudo_6dof_kinematic_bridge,a320.attitude_response_p6dof.v1,surrogate_policy_overlay,0.0,0,0.7089281974929522,-5.745880608295649e-42,-0.027925268031909273,0.01999999999998898,-0.0025115382241681482,jsbsim-1.3.1-a320-coefficient-surrogate
883.0,-41.81033355384553,-1399.7996719328778,10480.732140007021,230.16225787764012,0.774085301794889,59382.02793534141,5,6,right-turn,0.0,0.0,10500.0,230.1542,88.28915259277727,0.0,0.0,0.4097222222222224,0.1432394487829405,88.88543443365386,1.5546429180571533,-4.309410456221737e-42,-0.1528375129697812,8.66388810465553e-87,-0.015558398458946392,10381.060913123009,582338.7642521157,33682.55785937621,33672.125943056104,33682.55785937621,0.7093736227374597,12550.532570072275,0.0,197033.85465963793,7.954283338512986e-10,28464.696469345814,pseudo_6dof_kinematic_bridge,a320.attitude_response_p6dof.v1,surrogate_policy_overlay,0.0,0,0.7089277412681716,-4.309410456221737e-42,-0.005235987755982988,0.01999999999998898,-0.0012294734976526149,jsbsim-1.3.1-a320-coefficient-surrogate
884.0,-36.51553483127321,-1169.6983245708495,10480.732140007021,230.16208220300115,0.7740847109631983,59381.31856171867,5,6,right-turn,0.0,0.0,10500.0,230.1542,88.21192632866415,0.0,0.0,-2.8771412037037036,0.1432394487829405,88.24296514521986,1.5477896622984026,-3.2320578421663025e-42,-0.05736658884578816,4.158666290234655e-87,-0.011213204426118159,10381.045774996972,582331.8076732784,33682.31026403625,33672.10577918349,33682.31026403625,0.7093732210846582,12550.785573834204,0.0,138615.62495253386,7.954271739222245e-10,5953.623048668832,pseudo_6dof_kinematic_bridge,a320.attitude_response_p6dof.v1,surrogate_policy_overlay,0.0,0,0.7089271777069955,-3.2320578421663025e-42,0.005541420375081996,0.01999999999998898,-0.00021023057309405967,jsbsim-1.3.1-a320-coefficient-surrogate
885.0,-30.2772449900762,-939.6207988890084,10480.732140007021,230.16191035628069,0.7740841330056231,59380.60918849758,5,6,right-turn,0.0,0.0,10500.0,230.1542,88.15440620004374,0.0,0.0,-2.4690919174382713,0.1432394487829405,87.87837385743411,1.543689108130133,-2.424043381624727e-42,0.0071218035557446685,1.9961598193126341e-87,-0.006363318395947019,10381.030966727954,582324.8510983798,33682.063002685194,33672.08099365325,33682.063002685194,0.7093727273710817,12551.038125758678,0.0,43073.365708357735,7.954260392677948e-10,-7921.339568668259,pseudo_6dof_kinematic_bridge,a320.attitude_response_p6dof.v1,surrogate_policy_overlay,0.0,0,0.7089265091479181,-2.424043381624727e-42,0.006311910517785326,0.01999999999998898,0.0004051898134591786,jsbsim-1.3.1-a320-coefficient-surrogate
886.0,-23.451769309694452,-709.5601158930017,10480.732140007021,230.1617422541145,0.7740835676417914,59379.899815770215,5,6,right-turn,0.0,0.0,10500.0,230.1542,88.10699837475295,0.0,0.0,-0.9888498786329731,0.1432394487829405,87.74397927597528,1.5411368732307,-1.8180325362185454e-42,0.025835097303586126,9.581567132700643e-88,-0.0023456279432962574,10381.016481132352,582317.894528323,33681.816068091124,33672.051687155436,33681.816068091124,0.7093721436024187,12551.290235644126,0.0,-13664.227702729751,7.954249293375792e-10,-13489.36486396037,pseudo_6dof_kinematic_bridge,a320.attitude_response_p6dof.v1,surrogate_policy_overlay,0.0,0,0.7089257378785293,-1.8180325362185454e-42,0.0031626305372644396,0.01999999999998898,0.0006399465934803567,jsbsim-1.3.1-a320-coefficient-surrogate
887.0,-16.23754566729633,-479.51146326776484,10480.732140007021,230.16157781495298,0.7740830145974342,59379.19044362661,5,6,right-turn,0.0,0.0,10500.0,230.1542,88.06055214567992,0.0,0.0,0.06486185254174186,0.1432394487829405,87.75894996498647,1.539447044459716,-1.363524402163909e-42,0.018390739075888153,4.5991522236963087e-88,0.00026128781453739394,10381.002311182912,582310.9379639908,33681.569453179356,33672.01795818818,33681.569453179356,0.7093714717406956,12551.541913075882,0.0,-26073.47587445232,7.954238435931292e-10,-12974.832090570962,pseudo_6dof_kinematic_bridge,a320.attitude_response_p6dof.v1,surrogate_policy_overlay,0.0,0,0.7089248661366196,-1.363524402163909e-42,0.0003472910030638914,0.01999999999998898,0.0006006953994352923,jsbsim-1.3.1-a320-coefficient-surrogate
888.0,-8.735718405315342,-249.47217425390954,10480.732140007021,230.16141695902147,0.7740824736042521,59378.48107215487,5,6,right-turn,0.0,0.0,10500.0,230.1542,87.99450430779008,0.0,0.0,0.39852745499278186,0.1432394487829405,87.84173668868243,1.5381968102629937,-1.0226433016229318e-42,0.0058235633634211095,2.2075930673742282e-88,0.0014449009054332584,10380.988450005345,582303.9814062475,33681.32315102904,33671.979903105756,33681.32315102904,0.7093707137052345,12551.79316743077,0.0,-16254.888694810683,7.954227815077151e-10,-9031.055941521967,pseudo_6dof_kinematic_bridge,a320.attitude_response_p6dof.v1,surrogate_policy_overlay,0.0,0,0.7089238961112716,-1.0226433016229318e-42,-0.0008261937938992419,0.01999999999998898,0.000410664574162149,jsbsim-1.3.1-a320-coefficient-surrogate
889.0,-0.9575114155248503,-19.442225437220657,10480.732140007021,230.16125960828168,0.7740819443997856,59377.77170144117,5,6,right-turn,0.0,0.0,10500.0,230.1542,87.18051451005338,0.0,0.0,0.29944137772955565,0.1432394487829405,87.92544971273765,1.5369953170471327,-7.669824762171988e-43,-0.0017293782911287888,1.0596446723396296e-88,0.001461067896564451,10380.974890874988,582297.0248559379,33681.07715486976,33671.93761616502,33681.07715486976,0.709369871373578,12552.044007881756,0.0,-4000.2624927429456,7.954217425660733e-10,-3535.9036424523747,pseudo_6dof_kinematic_bridge,a320.attitude_response_p6dof.v1,surrogate_policy_overlay,0.0,0,0.7089228299439148,-7.669824762171988e-43,-0.000789391834474249,0.01999999999998898,0.00015550779929156532,jsbsim-1.3.1-a320-coefficient-surrogate
890.0,8.592625367500135,210.52081574961082,10480.732140007021,230.16110568639408,0.7740814267272882,59377.062331569796,5,6,right-turn,0.0,0.0,10500.0,230.1542,-92.33728928766855,0.0,0.0,0.10256383775058384,0.1432394487829405,87.78802233037715,1.5292911694151279,-5.752368571628991e-43,-0.0034361612958598263,5.086294427230222e-89,-0.0023985603045880485,10380.96162721355,582290.0683138889,33680.831458078275,33671.891189570946,33680.831458078275,0.7093689465823962,12552.294443402301,0.0,2174.0605283419713,7.954207262641553e-10,23972.60969032878,pseudo_6dof_kinematic_bridge,a320.attitude_response_p6dof.v1,surrogate_policy_overlay,0.0,0,0.7089216697293603,-5.752368571628991e-43,-0.0003489239050019499,0.01999999999998898,-0.0010985684759307072,jsbsim-1.3.1-a320-coefficient-surrogate
891.0,8.592625367500135,210.52081574961082,10480.732140007021,230.16095511868065,0.7740809203356018,59376.35296262321,5,6,right-turn,0.0,0.0,10500.0,230.1542,-92.33728928766855,0.0,0.0,-0.02189871335695588,0.1432394487829405,82.61871560568065,1.3896648292555813,-4.314276428721743e-43,-0.002172281312258283,2.4414213250705064e-89,-0.09022142239143781,10380.948652585928,582283.1117809089,33680.58605417536,33671.840713521575,33680.58605417536,0.7093679411283826,12552.54448277071,0.0,12739.072154704072,7.954197321088837e-10,-1065756.3021584565,pseudo_6dof_kinematic_bridge,a320.attitude_response_p6dof.v1,surrogate_policy_overlay,0.0,0,0.7089204175168231,-4.314276428721743e-43,-5.759681143922336e-06,0.01999999999998898,0.05,jsbsim-1.3.1-a320-coefficient-surrogate
892.0,8.592625367500135,210.52081574961082,10480.732140007021,230.16080783208895,0.7740804249790355,59375.643594682086,5,6,right-turn,0.0,0.0,10500.0,230.1542,-92.33728928766855,0.0,0.0,-0.053598803176243666,0.1432394487829405,74.65392035746413,1.2500384890960348,-3.2357073215413075e-43,-0.0005532709405245062,1.171882236033843e-89,-0.13901190132857655,10380.935960697101,582276.1552577892,33680.34093682264,33671.78627625143,33680.34093682264,0.7093668567691184,12552.79413457439,0.0,-11088.548314004885,7.95418759617915e-10,1094872.140228944,pseudo_6dof_kinematic_bridge,a320.attitude_response_p6dof.v1,surrogate_policy_overlay,0.0,0,0.708919075310907,-3.2357073215413075e-43,0.00011746762449267855,0.01999999999998898,-0.05,jsbsim-1.3.1-a320-coefficient-surrogate
893.0,8.592625367500135,210.52081574961082,10480.732140007021,230.16066375515686,0.7740799404172464,59374.93422782532,5,6,right-turn,0.0,0.0,10500.0,230.1542,-92.33728928766855,0.0,0.0,-0.035661149559195734,0.1432394487829405,65.1360759295143,1.1104121489364882,-2.4267804911559806e-43,0.00031307111569975647,5.625034732962446e-90,-0.16611772296032032,10380.923545389065,582269.1987453032,33680.09609981959,33671.72796407411,33680.09609981959,0.7093656952239211,12553.043407213954,0.0,-13071.09006644789,7.954178083194043e-10,1098313.813262882,pseudo_6dof_kinematic_bridge,a320.attitude_response_p6dof.v1,surrogate_policy_overlay,0.0,0,0.7089176450725729,-2.4267804911559806e-43,9.696888486528797e-05,0.01999999999998898,-0.05,jsbsim-1.3.1-a320-coefficient-surrogate
894.0,8.592625367500135,210.52081574961082,10480.732140007021,230.16052281797766,0.7740794664151233,59374.22486213009,5,6,right-turn,0.0,0.0,10500.0,230.1542,-92.33728928766855,0.0,0.0,-0.010066514781997936,0.1432394487829405,54.75542640171264,0.9707858087769416,-1.8200853683669854e-43,0.0004467106477075469,2.7000166718219742e-90,-0.18117651275573352,10380.91140063787,582262.242244208,33679.851537100425,33671.66586142444,33679.851537100425,0.7093644581746839,12553.292308907367,0.0,-14036.828425447438,7.954168777517784e-10,1100225.3020865147,pseudo_6dof_kinematic_bridge,a320.attitude_response_p6dof.v1,surrogate_policy_overlay,0.0,0,0.7089161287200972,-1.8200853683669854e-43,3.7269513360336945e-05,0.01999999999998898,-0.05,jsbsim-1.3.1-a320-coefficient-surrogate
895.0,8.592625367500135,210.52081574961082,10480.732140007021,230.16038495216645,0.7740790027426729,59373.51549767191,5,6,right-turn,0.0,0.0,10500.0,230.1542,-92.33728928766855,0.0,0.0,0.00434430289693684,0.1432394487829405,43.895440707326614,0.8311594686173951,-1.365064026275239e-43,0.00025151621640201894,1.2960080024745478e-90,-0.18954250708651862,10380.89952055069,582255.2857552443,33679.60724273128,33671.60005089908,33679.60724273128,0.7093631472666853,12553.540847693825,0.0,-14213.76196456882,7.954159674635112e-10,1101286.701082187,pseudo_6dof_kinematic_bridge,a320.attitude_response_p6dof.v1,surrogate_policy_overlay,0.0,0,0.7089145281299941,-1.365064026275239e-43,-3.812919736578422e-06,0.01999999999998898,-0.05,jsbsim-1.3.1-a320-coefficient-surrogate
896.0,8.592625367500135,210.52081574961082,10480.732140007021,230.1602500908269,0.7740785491749087,59372.806134524646,5,6,right-turn,0.0,0.0,10500.0,230.1542,-92.33728928766855,0.0,0.0,0.007034925015389888,0.1432394487829405,32.76915714261597,0.6915331284578485,-1.0237980197064294e-43,4.6960214893990566e-05,6.220838411877829e-91,-0.19419028171473257,10380.88789936298,582248.3292791361,33679.363210907315,33671.53061329665,33679.363210907315,0.7093617641093874,12553.789031437693,0.0,-14068.874409297847,7.954150770129056e-10,1101875.839967506,pseudo_6dof_kinematic_bridge,a320.attitude_response_p6dof.v1,surrogate_policy_overlay,0.0,0,0.7089128451379266,-1.0237980197064294e-43,-1.6126439796518818e-05,0.01999999999998898,-0.05,jsbsim-1.3.1-a320-coefficient-surrogate
897.0,8.592625367500135,210.52081574961082,10480.732140007021,230.16011816851903,0.7740781054917416,59372.09677276054,5,6,right-turn,0.0,0.0,10500.0,230.1542,-92.33728928766855,0.0,0.0,0.004166058373512265,0.1432394487829405,21.494930316613825,0.551906788298302,-7.67848514779822e-44,-5.007116870139757e-05,2.986002437701358e-91,-0.19677237873040698,10380.876531435684,582241.3728165921,33679.11943594988,33671.45762765668,33679.11943594988,0.7093603102772125,12554.036867832285,0.0,-13917.660219777468,7.9541420596788e-10,1102202.623758603,pseudo_6dof_kinematic_bridge,a320.attitude_response_p6dof.v1,surrogate_policy_overlay,0.0,0,0.7089110815395921,-7.67848514779822e-44,-1.1701016927716927e-05,0.01999999999998898,-0.05,jsbsim-1.3.1-a320-coefficient-surrogate
898.0,8.592625367500135,210.52081574961082,10480.732140007021,230.15998912122728,0.7740776714778738,59371.38741245026,5,6,right-turn,0.0,0.0,10500.0,230.1542,-92.33728928766855,0.0,0.0,0.0009053400965359531,0.1432394487829405,10.138512789894214,0.4122804481387554,-5.758863860848666e-44,-5.6910269913193056e-05,1.4332811700966516e-91,-0.19820687707244833,10380.865411252495,582234.4163683053,33678.875912303796,33671.38117129814,33678.875912303796,0.7093587873103099,12554.284364403597,0.0,-13861.597368055598,7.954133539057583e-10,1102383.6660342724,pseudo_6dof_kinematic_bridge,a320.attitude_response_p6dof.v1,surrogate_policy_overlay,0.0,0,0.708909239091598,-5.758863860848666e-44,-3.814068087789597e-06,0.01999999999998898,-0.05,jsbsim-1.3.1-a320-coefficient-surrogate
899.0,8.592625367500135,210.52081574961082,10480.732140007021,230.15986288632973,0.7740772469226941,59370.67805366295,5,6,right-turn,0.0,0.0,10500.0,230.1542,-92.33728928766855,0.0,0.0,-0.0007263038526960639,0.1432394487829405,-1.263566237223988,0.27265410797920886,-4.3191478956364993e-44,-2.84775591343419e-05,6.879749616463926e-92,-0.19900382059580463,10380.854533417198,582227.4599349538,33678.632634534675,33671.30131985667,33678.632634534675,0.7093571967152987,12554.531528513944,0.0,-13877.789565304065,7.954125204130662e-10,1102483.751833934,pseudo_6dof_kinematic_bridge,a320.attitude_response_p6dof.v1,surrogate_policy_overlay,0.0,0,0.7089073195123066,-4.3191478956364993e-44,1.012317553737667e-06,0.01999999999998898,-0.05,jsbsim-1.3.1-a320-coefficient-surrogate
900.0,8.592625367500135,210.52081574961082,10480.732140007021,230.15973940256774,0.7740768316201764,59369.96869646624,5,6,right-turn,0.0,0.0,10500.0,230.1542,-92.33728928766855,0.0,0.0,-0.000903964648050235,0.1432394487829405,-12.691012764563649,0.1330277678196623,-3.2393609217273745e-44,-3.1007658306421314e-06,3.3022798159026843e-92,-0.19944656699766924,10380.843892651043,582220.5035172006,33678.3895973263,33671.218147321204,33678.3895973263,0.7093555399659959,12554.778367365478,0.0,-13915.266572764216,7.954117050853301e-10,1102538.8725864526,pseudo_6dof_kinematic_bridge,a320.attitude_response_p6dof.v1,surrogate_policy_overlay,0.0,0,0.7089053244826689,-3.2393609217273745e-44,2.1532138533309728e-06,0.01999999999998898,-0.05,jsbsim-1.3.1-a320-coefficient-surrogate
901.0,8.592625367500135,210.52081574961082,10480.732140007021,230.1596186100162,0.7740764253687796,59369.25934092628,5,6,right-turn,0.0,0.0,10500.0,230.1542,-92.33728928766855,0.0,0.0,-0.00047649840873031766,0.1432394487829405,-24.132552347581896,-0.006598572339884257,-2.429520691295531e-44,7.4606933172506055e-06,1.5850943116332884e-92,-0.19969253722092736,10380.833483790204,582213.5471156946,33678.14679547802,33671.1317260699,33678.14679547802,0.7093538185041329,12555.02488800374,0.0,-13942.53829797829,7.954109075268817e-10,1102569.0232848907,pseudo_6dof_kinematic_bridge,a320.attitude_response_p6dof.v1,surrogate_policy_overlay,0.0,0,0.7089032556470396,-2.429520691295531e-44,1.3862033876343526e-06,0.01999999999998898,-0.05,jsbsim-1.3.1-a320-coefficient-surrogate
902.0,8.592625367500135,210.52081574961082,10480.732140007021,230.15950045005448,0.7740760279713503,59368.54998710777,5,6,right-turn,0.0,0.0,10500.0,230.1542,-92.33728928766855,0.0,0.0,-6.878192023942448e-05,0.1432394487829405,-35.581921405977134,-0.14622491249943081,-1.8221405184716481e-44,7.115995138835652e-06,7.608452695839784e-93,-0.19982918734495966,10380.823301783272,582206.5907310704,33677.90422390228,33671.042126905326,33677.90422390228,0.7093520337400565,12555.271097321012,0.0,-13952.9326768685,7.95410127350667e-10,1102585.3120236825,pseudo_6dof_kinematic_bridge,a320.attitude_response_p6dof.v1,surrogate_policy_overlay,0.0,0,0.7089011146139764,-1.8221405184716481e-44,3.6688955633859465e-07,0.01999999999998898,-0.05,jsbsim-1.3.1-a320-coefficient-surrogate
903.0,8.592625367500135,210.52081574961082,10480.732140007021,230.15938486533835,0.7740756392350271,59367.84063507403,5,6,right-turn,0.0,0.0,10500.0,230.1542,-92.33728928766855,0.0,0.0,0.00011117572419540969,0.1432394487829405,-47.035640172915144,-0.2858512526589774,-1.366605388853736e-44,3.1408534095211063e-06,3.6520572940030962e-93,-0.19990510408053316,10380.813341688798,582199.6343639488,33677.66187762217,33670.949419088254,33677.66187762217,0.7093501870534018,12555.517002059642,0.0,-13952.601780640261,7.954093641780568e-10,1102593.9097390866,pseudo_6dof_kinematic_bridge,a320.attitude_response_p6dof.v1,surrogate_policy_overlay,0.0,0,0.7088989029570091,-1.366605388853736e-44,-1.886021276316594e-07,0.01999999999998898,-0.05,jsbsim-1.3.1-a320-coefficient-surrogate
904.0,8.592625367500135,210.52081574961082,10480.732140007021,230.15927179977183,0.7740752589711473,59367.13128488698,5,6,right-turn,0.0,0.0,10500.0,230.1542,-92.33728928766855,0.0,0.0,0.00011394071580842136,0.1432394487829405,-58.49177544459913,-0.42547759281852393,-1.0249540416403021e-44,4.82582074370827e-08,1.752987501121486e-93,-0.19994728004474066,10380.803598672925,582192.6780149369,33677.41975176896,33670.85367037174,33677.41975176896,0.7093482797937704,12555.762608815363,0.0,-13949.144746575384,7.954086176386667e-10,1102598.244508082,pseudo_6dof_kinematic_bridge,a320.attitude_response_p6dof.v1,surrogate_policy_overlay,0.0,0,0.7088966222154127,-1.0249540416403021e-44,-2.8086473122076606e-07,0.01999999999998898,-0.05,jsbsim-1.3.1-a320-coefficient-surrogate
905.0,8.592625367500135,210.52081574961082,10480.732140007021,230.15916119848026,0.7740748869951554,59366.421936607185,5,6,right-turn,0.0,0.0,10500.0,230.1542,-92.33728928766855,0.0,0.0,5.3190575143413876e-05,0.1432394487829405,-69.94925321891976,-0.5651039329780705,-7.687155312302267e-45,-1.0602899756540782e-06,8.414340005383133e-94,-0.19997071113596704,10380.794068007022,582185.7216846289,33677.17784157982,33670.75494703362,33677.17784157982,0.7093463132813791,12556.007924040416,0.0,-11632.749042665797,7.954078873701746e-10,871203.8601735841,pseudo_6dof_kinematic_bridge,a320.attitude_response_p6dof.v1,surrogate_policy_overlay,0.0,0,0.7088942738949463,-7.687155312302267e-45,-1.6102157973237174e-07,0.01999999999998898,-0.039259361085480844,jsbsim-1.3.1-a320-coefficient-surrogate
906.0,8.592625367500135,210.52081574961082,10480.732140007021,230.1590530077836,0.774074523126514,59365.7125902939,5,6,right-turn,0.0,0.0,10500.0,230.1542,-92.33728928766855,0.0,0.0,3.116464374645408e-06,0.1432394487829405,-81.40747682803855,-0.704730273137617,-5.7653664842267e-45,-8.739581029233587e-07,4.038883202583904e-94,-0.19998372840887058,10380.784745065412,582178.7653736058,33676.93614239546,33670.6533139088,33676.93614239546,0.7093442888077022,12556.2529540467,0.0,-8185.394964054671,7.954071730181469e-10,526531.2875348069,pseudo_6dof_kinematic_bridge,a320.attitude_response_p6dof.v1,surrogate_policy_overlay,0.0,0,0.7088918594685865,-5.7653664842267e-45,-3.185645435639904e-08,0.01999999999998898,-0.023260766950954425,jsbsim-1.3.1-a320-coefficient-surrogate
907.0,8.592625367500135,210.52081574961082,10480.732140007021,230.15894717517065,0.7740741671886164,59365.00324600509,5,6,right-turn,0.0,0.0,10500.0,230.1542,-92.33728928766855,0.0,0.0,-1.6097559264023152e-05,0.1432394487829405,-90.47187573671688,-0.8443566132971636,-4.324024863170025e-45,-3.3534797505078763e-07,1.9386639372402736e-94,-0.1582036056706178,10380.775625323124,582171.8090824359,33676.69464965794,33670.54883442032,33676.69464965794,0.7093422076360902,12556.497705008805,0.0,-4075.482519830876,7.954064742358671e-10,176537.3628944648,pseudo_6dof_kinematic_bridge,a320.attitude_response_p6dof.v1,surrogate_policy_overlay,0.0,0,0.7088893803772333,-4.324024863170025e-45,3.060691896824088e-08,0.01999999999998898,-0.007261547987328641,jsbsim-1.3.1-a320-coefficient-surrogate
908.0,8.592625367500135,210.52081574961082,10480.732140007021,230.15884364927314,0.7740738190087006,59364.29390379746,5,6,right-turn,0.0,0.0,10500.0,230.1542,-92.33728928766855,0.0,0.0,-1.4102956269544607e-05,0.1432394487829405,-95.96824884671143,-0.9839829534567102,-3.243018647377519e-45,3.4812389523788885e-08,9.305586898753314e-95,-0.09592980768748532,10380.766704353695,582164.8528116753,33676.4533589084,33670.44157061076,33676.4533589084,0.7093400710023963,12556.742182967035,0.0,-720.659585153583,7.954057906841657e-10,-68034.77006032488,pseudo_6dof_kinematic_bridge,a320.attitude_response_p6dof.v1,surrogate_policy_overlay,0.0,0,0.7088868380304241,-3.243018647377519e-45,3.5890351857401036e-08,0.01999999999998898,0.003723535556790687,jsbsim-1.3.1-a320-coefficient-surrogate
909.0,8.592625367500135,210.52081574961082,10480.732140007021,230.15874237984167,0.7740734784177662,59363.58456372646,5,6,right-turn,0.0,0.0,10500.0,230.1542,-92.33728928766855,0.0,0.0,-5.765743908807121e-06,0.1432394487829405,-98.12525623892003,-1.1236092936162567,-2.432263985533139e-45,1.4551180613283835e-07,4.46668171140159e-95,-0.03764688098389685,10380.757977827048,582157.896561868,33676.21226578497,33670.33158317119,33676.21226578497,0.7093378801155511,12556.986393830288,0.0,1321.1054580922957,7.954051220312593e-10,-187109.22994146412,pseudo_6dof_kinematic_bridge,a320.attitude_response_p6dof.v1,surrogate_policy_overlay,0.0,0,0.7088842338069901,-2.432263985533139e-45,1.8298946112514867e-08,0.01999999999998898,0.008906968252464174,jsbsim-1.3.1-a320-coefficient-surrogate
910.0,8.592625367500135,210.52081574961082,10480.732140007021,230.1586433177203,0.7740731452504921,59362.87522584634,5,6,right-turn,0.0,0.0,10500.0,230.1542,-92.33728928766855,0.0,0.0,2.7539170138819013e-07,0.1432394487829405,-97.89446603675161,-1.263235633775803,-1.8241979891498542e-45,1.0543770695738489e-07,2.144007221472763e-95,0.004028048909182375,10380.74944150737,582150.940333546,33675.9713660206,33670.218931471965,33675.9713660206,0.7093356361581785,12557.230343378935,0.0,2129.3077122436835,7.954044679525871e-10,-207061.76249227137,pseudo_6dof_kinematic_bridge,a320.attitude_response_p6dof.v1,surrogate_policy_overlay,0.0,0,0.7088815690557574,-1.8241979891498542e-45,2.2300249575258204e-09,0.01999999999998898,0.009587401663032395,jsbsim-1.3.1-a320-coefficient-surrogate
911.0,8.592625367500135,210.52081574961082,10480.732140007021,230.15854641482392,0.7740728193451568,59362.165890210184,5,6,right-turn,0.0,0.0,10500.0,230.1542,-92.33728928766855,0.0,0.0,2.240618660037945e-06,0.1432394487829405,-96.39410685058814,-1.4028619739353494,-1.3681484918623906e-45,3.429968097739268e-08,1.0291234663069263e-95,0.026186207761094933,10380.741091251079,582143.9841272298,33675.730655441075,33670.103673589976,33675.730655441075,0.7093333402871369,12557.474037267573,0.0,2052.6123090408305,7.954038281306551e-10,-167020.0953620658,pseudo_6dof_kinematic_bridge,a320.attitude_response_p6dof.v1,surrogate_policy_overlay,0.0,0,0.708878845096166,-1.3681484918623906e-45,-4.6020276320468324e-09,0.01999999999998898,0.007598160554574635,jsbsim-1.3.1-a320-coefficient-surrogate
912.0,8.592625367500135,210.52081574961082,10480.732140007021,230.15845162411387,0.7740725005435599,59361.456556869896,5,6,right-turn,0.0,0.0,10500.0,230.1542,-92.33728928766855,0.0,0.0,1.7147796547114719e-06,0.1432394487829405,-94.55889062051718,-1.5072258471858275,-1.026111368896793e-45,-9.17762197835896e-09,4.939792638273246e-96,0.03203056570077597,10380.732923004805,582137.0279434281,33675.490129962905,33669.985866338146,33675.490129962905,0.7093309936341072,12557.71748102786,0.0,1503.2024872524655,7.954032022548821e-10,-103535.20763612831,pseudo_6dof_kinematic_bridge,a320.attitude_response_p6dof.v1,surrogate_policy_overlay,0.0,0,0.7088760632189386,-1.026111368896793e-45,-4.500481071038558e-09,0.01999999999998898,0.0046169375796105295,jsbsim-1.3.1-a320-coefficient-surrogate
913.0,8.592625367500135,210.52081574961082,10480.732140007021,230.15835889957606,0.7740721886909455,59360.747225876265,5,6,right-turn,0.0,0.0,10500.0,230.1542,-92.33728928766855,0.0,0.0,6.018970232118256e-07,0.1432394487829405,-92.99078250928058,-1.5594077838110667,-7.695835266725947e-46,-1.9423466107927586e-08,2.371100466371158e-96,0.027368649568308395,10380.724932803441,582130.0717826395,33675.249785591455,33669.865565291846,33675.249785591455,0.709328597306119,12557.960680071046,0.0,826.8068083512625,7.954025900214494e-10,-42701.61755092641,pseudo_6dof_kinematic_bridge,a320.attitude_response_p6dof.v1,surrogate_policy_overlay,0.0,0,0.7088732246866823,-7.695835266725947e-46,-2.027179194539776e-09,0.01999999999998898,0.00182071800596119,jsbsim-1.3.1-a320-coefficient-surrogate
914.0,8.592625367500135,210.52081574961082,10480.732140007021,230.15826819619798,0.7740718836359272,59360.037897278955,5,6,right-turn,0.0,0.0,10500.0,230.1542,-92.33728928766855,0.0,0.0,-1.1363945205278949e-07,0.1432394487829405,-91.95825498535602,-1.585498752123686,-5.7718764500444596e-46,-1.2488467411482497e-08,1.1381282238581557e-96,0.018021004909947815,10380.717116768199,582123.1156453507,33675.0096184189,33669.74282481668,33675.0096184189,0.7093261523861041,12558.20363969072,0.0,246.87039192036437,7.954019911331525e-10,1638.3851584072847,pseudo_6dof_kinematic_bridge,a320.attitude_response_p6dof.v1,surrogate_policy_overlay,0.0,0,0.7088703307345194,-5.7718764500444596e-46,-6.34681407228239e-11,0.01999999999998898,-0.00018229731420475466,jsbsim-1.3.1-a320-coefficient-surrogate
915.0,8.592625367500135,210.52081574961082,10480.732140007021,230.1581794699473,0.7740715852304146,59359.32857112657,5,6,right-turn,0.0,0.0,10500.0,230.1542,-92.33728928766855,0.0,0.0,-3.025225152001438e-07,0.1432394487829405,-91.4782172997961,-1.5985442362799958,-4.328907337533344e-46,-3.2966313531736956e-09,5.463015474519147e-97,0.00837823814667395,10380.709471104754,582116.1595320384,33674.769624622466,33669.61769809433,33674.769624622466,0.7093236599334108,12558.44636506529,0.0,-136.27865443651496,7.954014052992588e-10,25867.14388864832,pseudo_6dof_kinematic_bridge,a320.attitude_response_p6dof.v1,surrogate_policy_overlay,0.0,0,0.7088673825706738,-4.328907337533344e-46,6.582093043379724e-10,0.01999999999998898,-0.0012500719206661414,jsbsim-1.3.1-a320-coefficient-surrogate
916.0,8.592625367500135,210.52081574961082,10480.732140007021,230.15809267775052,0.7740712933295423,59358.61924746664,5,6,right-turn,0.0,0.0,10500.0,230.1542,-92.33728928766855,0.0,0.0,-2.0476522490163982e-07,0.1432394487829405,-91.42364623692268,-1.6050669783581506,-3.2466805031500082e-46,1.7061865835368042e-09,2.6222474277691904e-97,0.0009524447234541657,10380.7019921014,582109.2034431687,33674.529800462464,33669.49023714831,33674.529800462464,0.7093211209843184,12558.688861260518,0.0,-315.491405653999,7.954008322353661e-10,32940.593679375546,pseudo_6dof_kinematic_bridge,a320.attitude_response_p6dof.v1,surrogate_policy_overlay,0.0,0,0.7088643813770578,-3.2466805031500082e-46,5.542663702595159e-10,0.01999999999998898,-0.0015346203018691369,jsbsim-1.3.1-a320-coefficient-surrogate
917.0,8.592625367500135,210.52081574961082,10480.732140007021,230.15800777747185,0.7740710077915987,59357.90992634565,5,6,right-turn,0.0,0.0,10500.0,230.1542,-92.33728928766855,0.0,0.0,-5.963567647544186e-08,0.1432394487829405,-91.61891985649815,-1.608328349397228,-2.435010377362506e-46,2.532988461969709e-09,1.2586787653292115e-97,-0.0034081676038788308,10380.694676127245,582102.2473791975,33674.29014228055,33669.36049286951,33674.29014228055,0.7093185365525435,12558.931133231948,0.0,-337.1535899862035,7.954002716632646e-10,28736.798570231687,pseudo_6dof_kinematic_bridge,a320.attitude_response_p6dof.v1,surrogate_policy_overlay,0.0,0,0.7088613283098508,-2.435010377362506e-46,2.176587261081516e-10,0.01999999999998898,-0.001313784142816658,jsbsim-1.3.1-a320-coefficient-surrogate
918.0,8.592625367500135,210.52081574961082,10480.732140007021,230.15792472789315,0.774070728477958,59357.2006078091,5,6,right-turn,0.0,0.0,10500.0,230.1542,-92.33728928766855,0.0,0.0,2.3462323564591762e-08,0.1432394487829405,-91.90478036889697,-1.609959034916767,-1.8262577830218797e-46,1.4503337025209665e-09,6.041658073580215e-98,-0.0049892071427974465,10380.687519630457,582095.2913405711,33674.05064649796,33669.22851504047,33674.05064649796,0.7093159076297263,12559.173185827334,0.0,-265.93881006481763,7.953997233108019e-10,19305.850864498287,pseudo_6dof_kinematic_bridge,a320.attitude_response_p6dof.v1,surrogate_policy_overlay,0.0,0,0.7088582245000514,-1.8262577830218797e-46,-1.8052425986741338e-11,0.01999999999998898,-0.000866706241413012,jsbsim-1.3.1-a320-coefficient-surrogate
919.0,8.592625367500135,210.52081574961082,10480.732140007021,230.15784348869374,0.7740704552530132,59356.49129190147,5,6,right-turn,0.0,0.0,10500.0,230.1542,-92.33728928766855,0.0,0.0,3.9837864981116316e-08,0.1432394487829405,-92.17038409029671,-1.6107743776765362,-1.3696933372664098e-46,2.858071145150496e-10,2.8999958753185033e-98,-0.004635659443975074,10380.68051913655,582088.3353277255,33673.81130961374,33669.094352359636,33673.81130961374,0.7093132351859119,12559.415023788963,0.0,-160.7103868206702,7.953991869117526e-10,9299.563571662651,pseudo_6dof_kinematic_bridge,a320.attitude_response_p6dof.v1,surrogate_policy_overlay,0.0,0,0.7088550710540292,-1.3696933372664098e-46,-9.077293181046896e-11,0.01999999999998898,-0.00040432808843248586,jsbsim-1.3.1-a320-coefficient-surrogate
920.0,8.592625367500135,210.52081574961082,10480.732140007021,230.15776402043088,0.7740701879841099,59355.78197866628,5,6,right-turn,0.0,0.0,10500.0,230.1542,-92.33728928766855,0.0,0.0,2.3990460945461898e-08,0.1432394487829405,-92.35915287314145,-1.6111820490564208,-1.0272700029498074e-46,-2.765893783160064e-10,1.3919980201528817e-98,-0.0032946367856231023,10380.673671246688,582081.3793410877,33673.57212820308,33668.9580524651,33673.57212820308,0.7093105201700237,12559.656651755933,0.0,-62.5685225053337,7.953986622056875e-10,1444.3328398670049,pseudo_6dof_kinematic_bridge,a320.attitude_response_p6dof.v1,surrogate_policy_overlay,0.0,0,0.7088518690540633,-1.0272700029498074e-46,-6.705643745143625e-11,0.01999999999998898,-4.7617240867351063e-05,jsbsim-1.3.1-a320-coefficient-surrogate
921.0,8.592625367500135,210.52081574961082,10480.732140007021,230.15768628452065,0.7740699265414821,59355.07266814611,5,6,right-turn,0.0,0.0,10500.0,230.1542,-92.33728928766855,0.0,0.0,5.449036520857658e-09,0.1432394487829405,-92.45862600300016,-1.6113858847463634,-7.704525022123555e-47,-3.236089042190391e-10,6.681590496733832e-99,-0.0017361336332984193,10380.666972636045,582074.423381075,33673.33309891565,33668.819661957576,33673.33309891565,0.7093077635103213,12559.898074266457,0.0,7.403509810279181,7.953981489378484e-10,-3276.304142020909,pseudo_6dof_kinematic_bridge,a320.attitude_response_p6dof.v1,surrogate_policy_overlay,0.0,0,0.7088486195588636,-7.704525022123555e-47,-2.2433427472913497e-11,0.01999999999998898,0.00016231279564839457,jsbsim-1.3.1-a320-coefficient-surrogate
922.0,8.592625367500135,210.52081574961082,10480.732140007021,230.1576102432195,0.7740696707981899,59354.3633603826,5,6,right-turn,0.0,0.0,10500.0,230.1542,-92.33728928766855,0.0,0.0,-3.9920234765517246e-09,0.1432394487829405,-92.48392917012374,-1.6114878025913344,-5.778393766592666e-47,-1.6477758183312105e-10,3.2071634384322396e-99,-0.00044162357748880865,10380.660420052202,582067.467448096,33673.09421847403,33668.679226422755,33673.09421847403,0.7093049661148458,12560.13929575996,0.0,44.44860214104464,7.95397646859025e-10,-5089.912586680266,pseudo_6dof_kinematic_bridge,a320.attitude_response_p6dof.v1,surrogate_policy_overlay,0.0,0,0.7088453236040811,-5.778393766592666e-47,5.33606590073094e-12,0.01999999999998898,0.0002388633602192782,jsbsim-1.3.1-a320-coefficient-surrogate
923.0,8.592625367500135,210.52081574961082,10480.732140007021,230.1575358596055,0.7740694206300572,59353.65405541649,5,6,right-turn,0.0,0.0,10500.0,230.1542,-92.33728928766855,0.0,0.0,-5.134048425846157e-09,0.1432394487829405,-92.46177910680841,-1.6115387615138201,-4.3337953249444997e-47,-1.9932095505109133e-11,1.539438450447475e-99,0.00038659153437798537,10380.654010313552,582060.51154255,33672.85548367201,33668.53679045389,33672.85548367201,0.709302128871869,12560.38032057933,0.0,54.054133741944035,7.953971557254331e-10,-4840.7025100956325,pseudo_6dof_kinematic_bridge,a320.attitude_response_p6dof.v1,surrogate_policy_overlay,0.0,0,0.7088419822028188,-4.3337953249444997e-47,1.2165019551943901e-11,0.01999999999998898,0.00022241284418598737,jsbsim-1.3.1-a320-coefficient-surrogate
924.0,8.592625367500135,210.52081574961082,10480.732140007021,230.15746309756102,0.7740691759156123,59352.944753287615,5,6,right-turn,0.0,0.0,10500.0,230.1542,-92.33728928766855,0.0,0.0,-2.7528142607658726e-09,0.1432394487829405,-92.41873528912954,-1.6115642409750628,-3.250346493708375e-47,4.156037644162914e-11,7.38930456214788e-100,0.000751256341124248,10380.64774030778,582053.5556648279,33672.61689137317,33668.3923976728,33672.61689137317,0.7092992526503126,12560.621152972933,0.0,46.043827912499935,7.953966752985976e-10,-3507.0169478755297,pseudo_6dof_kinematic_bridge,a320.attitude_response_p6dof.v1,surrogate_policy_overlay,0.0,0,0.7088385963461098,-3.250346493708375e-47,7.965767739232156e-12,0.01999999999998898,0.0001583569169610996,jsbsim-1.3.1-a320-coefficient-surrogate
925.0,8.592625367500135,210.52081574961082,10480.732140007021,230.15739192175465,0.7740689365360284,59352.23545403496,5,6,right-turn,0.0,0.0,10500.0,230.1542,-92.33728928766855,0.0,0.0,-4.282745784062588e-10,0.1432394487829405,-92.3747119332682,-1.6115769807056843,-2.437759870281281e-47,4.057087105043841e-11,3.5468661898309823e-100,0.0007683525075575363,10380.641606990339,582046.5998153118,33672.37843850929,33668.246090751636,33672.37843850929,0.7092963383001816,12560.861797096717,0.0,30.224841307883313,7.953962053452359e-10,-1900.1509370487558,pseudo_6dof_kinematic_bridge,a320.attitude_response_p6dof.v1,surrogate_policy_overlay,0.0,0,0.7088351670034119,-2.437759870281281e-47,2.1812387460322935e-12,0.01999999999998898,8.366981740128944e-05,jsbsim-1.3.1-a320-coefficient-surrogate
926.0,8.592625367500135,210.52081574961082,10480.732140007021,230.1573222976247,0.7740687023750665,59351.526157696666,5,6,right-turn,0.0,0.0,10500.0,230.1542,-92.33728928766855,0.0,0.0,6.172963737229961e-10,0.1432394487829405,-92.34101435393792,-1.611583350570995,-1.8283199027109608e-47,1.8248655677867514e-11,1.7024957711188715e-100,0.0005881337092655439,10380.635607382992,582039.643994376,33672.140122078876,33668.097911432866,33672.140122078876,0.7092933866529618,12561.102257016231,0.0,13.973622819518772,7.953957456371468e-10,-538.2753730884878,pseudo_6dof_kinematic_bridge,a320.attitude_response_p6dof.v1,surrogate_policy_overlay,0.0,0,0.7088316951230602,-1.8283199027109608e-47,-1.0248507223551502e-12,0.01999999999998898,2.1517770139378218e-05,jsbsim-1.3.1-a320-coefficient-surrogate
927.0,8.592625367500135,210.52081574961082,10480.732140007021,230.15725419136177,0.774068473319019,59350.816864310014,5,6,right-turn,0.0,0.0,10500.0,230.1542,-92.33728928766855,0.0,0.0,6.488773378682789e-10,0.1432394487829405,-92.32137370708298,-1.6115865355036505,-1.3712399270332205e-47,5.511918052894618e-13,8.171979701370584e-101,0.00034279395484024673,10380.629738572343,582032.6882023858,33671.901939145726,33667.94790055021,33671.901939145726,0.7092903985220378,12561.34253670853,0.0,1.4949088216656299,7.953952959510969e-10,351.22885680065644,pseudo_6dof_kinematic_bridge,a320.attitude_response_p6dof.v1,surrogate_policy_overlay,0.0,0,0.7088281816327465,-1.3712399270332205e-47,-1.5918545616817154e-12,0.01999999999998898,-1.8324174670179714e-05,jsbsim-1.3.1-a320-coefficient-surrogate
928.0,8.592625367500135,210.52081574961082,10480.732140007021,230.15718756989295,0.7740682492566541,59350.10757391149,5,6,right-turn,0.0,0.0,10500.0,230.1542,-92.33728928766855,0.0,0.0,3.0845545064047673e-10,0.1432394487829405,-92.3143920095921,-1.6115881279699782,-1.0284299452749154e-47,-5.94148277797798e-12,3.92255025665788e-101,0.00012185360859405466,10380.623997708451,582025.7324396991,33671.66388683751,33667.79609804797,33671.66388683751,0.7092873747030772,12561.582640064174,0.0,-5.806817200238201,7.95394856068715e-10,758.6741180469284,pseudo_6dof_kinematic_bridge,a320.attitude_response_p6dof.v1,surrogate_policy_overlay,0.0,0,0.7088246274399531,-1.0284299452749154e-47,-9.280513512017503e-13,0.01999999999998898,-3.593410088039834e-05,jsbsim-1.3.1-a320-coefficient-surrogate
929.0,8.592625367500135,210.52081574961082,10480.732140007021,230.15712240086546,0.7740680300791627,59349.39828653679,5,6,right-turn,0.0,0.0,10500.0,230.1542,-92.33728928766855,0.0,0.0,2.2227754347154406e-11,0.1432394487829405,-92.3161669376716,-1.611588924203142,-7.713224589561865e-48,-4.995615710716843e-12,1.8828241231957822e-101,-3.097833897335305e-05,10380.618382003433,582018.776706666,33671.42596234435,33667.64254300053,33671.42596234435,0.7092843159744191,12561.822570889039,0.0,-8.429549345164073,7.95394425776385e-10,797.7053382745974,pseudo_6dof_kinematic_bridge,a320.attitude_response_p6dof.v1,surrogate_policy_overlay,0.0,0,0.7088210334324008,-7.713224589561865e-48,-1.9302574563281419e-13,0.01999999999998898,-3.684477571804065e-05,jsbsim-1.3.1-a320-coefficient-surrogate
930.0,8.592625367500135,210.52081574961082,10480.732140007021,230.15705865263124,0.7740678156801053,59348.68900222081,5,6,right-turn,0.0,0.0,10500.0,230.1542,-92.33728928766855,0.0,0.0,-8.999197296021703e-11,0.1432394487829405,-92.32236840388786,-1.611589322319724,-5.784918442171399e-48,-1.9586037272038223e-12,9.037555791339754e-102,-0.00010823600392478594,10380.61288873013,582011.8210036287,33671.18816291752,33667.487273631115,33671.18816291752,0.7092812230974485,12562.062332906207,0.0,-7.805253786323834,7.953940048651443e-10,622.4249733365883,pseudo_6dof_kinematic_bridge,a320.attitude_response_p6dof.v1,surrogate_policy_overlay,0.0,0,0.7088174004784717,-5.784918442171399e-48,1.687888285340878e-13,0.01999999999998898,-2.8253230697492975e-05,jsbsim-1.3.1-a320-coefficient-surrogate
931.0,8.592625367500135,210.52081574961082,10480.732140007021,230.15699629423125,0.7740676059553602,59347.97972099771,5,6,right-turn,0.0,0.0,10500.0,230.1542,-92.33728928766855,0.0,0.0,-8.052322549767946e-11,0.1432394487829405,-92.32949783173163,-1.6115895213780147,-4.338688831628549e-48,1.6526081926113897e-13,4.338026779843082e-102,-0.00012443198965710194,10380.607515220761,582004.8653309222,33670.950485868045,33667.330327330696,33670.950485868045,0.7092780968169721,12562.301929757778,0.0,-5.531200832831453,7.953935931305788e-10,371.36186017421124,pseudo_6dof_kinematic_bridge,a320.attitude_response_p6dof.v1,surrogate_policy_overlay,0.0,0,0.7088137294276405,-4.338688831628549e-48,2.0399664736987274e-13,0.01999999999998898,-1.650404378544812e-05,jsbsim-1.3.1-a320-coefficient-surrogate
932.0,8.592625367500135,210.52081574961082,10480.732140007021,230.15693529538086,0.7740674008030735,59347.270442900895,5,6,right-turn,0.0,0.0,10500.0,230.1542,-92.33728928766855,0.0,0.0,-3.359241674121493e-11,0.1432394487829405,-92.33538244125889,-1.61158962090716,-3.2540166237214117e-48,8.190971334240917e-13,2.0822528543246794e-102,-0.00010270581144488985,10380.602258865658,581997.9096888741,33670.71292856548,33667.17174067568,33670.71292856548,0.709274937861571,12562.541365006553,0.0,-2.9021102388683384,7.95393190372728e-10,140.1881757998677,pseudo_6dof_kinematic_bridge,a320.attitude_response_p6dof.v1,surrogate_policy_overlay,0.0,0,0.7088100211108762,-3.2540166237214117e-48,1.0582119997038319e-13,0.01999999999998898,-5.901645183599647e-06,jsbsim-1.3.1-a320-coefficient-surrogate
933.0,8.592625367500135,210.52081574961082,10480.732140007021,230.15687562645482,0.7740672001236092,59346.56116796303,5,6,right-turn,0.0,0.0,10500.0,230.1542,-92.33728928766855,0.0,0.0,1.029258725039078e-12,0.1432394487829405,-92.33912249504803,-1.611589670671733,-2.4405124677910586e-48,6.042622294430754e-13,9.994813700758462e-103,-6.527625282208265e-05,10380.59711711197,581990.9540778047,33670.47548843656,33667.01154944607,33670.47548843656,0.7092717469439622,12562.780642137841,0.0,-0.7249345968708312,7.953927963959849e-10,-22.855897635328446,pseudo_6dof_kinematic_bridge,a320.attitude_response_p6dof.v1,surrogate_policy_overlay,0.0,0,0.7088062763410536,-2.4405124677910586e-48,1.4139976729937724e-14,0.01999999999998898,1.4457726035032295e-06,jsbsim-1.3.1-a320-coefficient-surrogate
934.0,8.592625367500135,210.52081574961082,10480.732140007021,230.15681725847324,0.7740670038195016,59345.85189621609,5,6,right-turn,0.0,0.0,10500.0,230.1542,-92.33728928766855,0.0,0.0,1.258932999549848e-11,0.1432394487829405,-92.34074765891125,-1.6115896955540194,-1.830384350843294e-48,2.0176130543472045e-13,4.797510576364062e-103,-2.8364460297768734e-05,10380.59208746246,581983.9984980274,33670.23816296403,33666.849788642336,33670.23816296403,0.7092685247613355,12563.019764561119,0.0,0.6636029629084766,7.953924110090035e-10,-107.79241707884667,pseudo_6dof_kinematic_bridge,a320.attitude_response_p6dof.v1,surrogate_policy_overlay,0.0,0,0.7088024959133379,-1.830384350843294e-48,-2.5607605466267654e-14,0.01999999999998898,5.170690484398876e-06,jsbsim-1.3.1-a320-coefficient-surrogate
935.0,8.592625367500135,210.52081574961082,10480.732140007021,230.15676016308726,0.7740668117954073,59345.142627691326,5,6,right-turn,0.0,0.0,10500.0,230.1542,-92.33728928766855,0.0,0.0,9.816134525930926e-12,0.1432394487829405,-92.34079660889881,-1.6115897079951627,-1.3727882631324704e-48,-4.8401391745344015e-14,2.3028050766547495e-103,-8.54338451456479e-07,10380.58716747427,581977.0429498492,33670.00094968536,33666.68649250278,33670.00094968536,0.7092652719956977,12563.258735611656,0.0,1.2711595784515017,7.953920340246045e-10,-128.36390715473988,pseudo_6dof_kinematic_bridge,a320.attitude_response_p6dof.v1,surrogate_policy_overlay,0.0,0,0.7087986806055786,-1.3727882631324704e-48,-2.5648472940711092e-14,0.01999999999998898,5.963375607254986e-06,jsbsim-1.3.1-a320-coefficient-surrogate
936.0,8.592625367500135,210.52081574961082,10480.732140007021,230.1567043125654,0.7740666239580597,59344.43336241933,5,6,right-turn,0.0,0.0,10500.0,230.1542,-92.33728928766855,0.0,0.0,3.5284432433696968e-12,0.1432394487829405,-92.3399577980943,-1.6115897142157343,-1.0295911973493528e-48,-1.0974091522963856e-13,1.1053464367942798e-103,1.464001034008469e-05,10380.582354757742,581970.0874335695,33669.76384619159,33666.52169451998,33669.76384619159,0.7092619893142023,12563.497558552182,0.0,1.294824122766543,7.953916652596853e-10,-108.09770007626558,pseudo_6dof_kinematic_bridge,a320.attitude_response_p6dof.v1,surrogate_policy_overlay,0.0,0,0.708794831178683,-1.0295911973493528e-48,-1.1769853713880995e-14,0.01999999999998898,4.931317809525627e-06,jsbsim-1.3.1-a320-coefficient-surrogate
937.0,8.592625367500135,210.52081574961082,10480.732140007021,230.1566496797804,0.7740664402162234,59343.724100430016,5,6,right-turn,0.0,0.0,10500.0,230.1542,-92.33728928766855,0.0,0.0,-5.834887956853193e-13,0.1432394487829405,-92.33883290062865,-1.61158971732602,-7.721933980120146e-49,-7.176675269975409e-14,5.305662896612542e-104,1.96331645230355e-05,10380.577646975275,581963.131949482,33669.5268501262,33666.35542745681,33669.5268501262,0.7092586773694666,12563.736236574376,0.0,0.9882613208654967,7.953913045351316e-10,-70.14790785755915,pseudo_6dof_kinematic_bridge,a320.attitude_response_p6dof.v1,surrogate_policy_overlay,0.0,0,0.7087909483769803,-7.721933980120146e-49,-5.369995561381258e-16,0.01999999999998898,3.1403430306626346e-06,jsbsim-1.3.1-a320-coefficient-surrogate
938.0,8.592625367500135,210.52081574961082,10480.732140007021,230.15659623819545,0.7740662604806501,59343.01484175264,5,6,right-turn,0.0,0.0,10500.0,230.1542,-92.33728928766855,0.0,0.0,-1.70660857835836e-12,0.1432394487829405,-92.33782681858968,-1.6115897188811628,-5.79145048509011e-49,-1.960213810192772e-14,2.5467181903740203e-104,1.7559444125162444e-05,10380.573041840162,581956.1764978736,33669.289959183894,33666.18772336287,33669.289959183894,0.7092553367999004,12563.974772800502,0.0,0.573933578159962,7.953909516757292e-10,-31.74423230726944,pseudo_6dof_kinematic_bridge,a320.attitude_response_p6dof.v1,surrogate_policy_overlay,0.0,0,0.7087870329285957,-5.79145048509011e-49,3.685374158646822e-15,0.01999999999998898,1.3699637014670577e-06,jsbsim-1.3.1-a320-coefficient-surrogate
939.0,8.592625367500135,210.52081574961082,10480.732140007021,230.1565439618521,0.7740660846640353,59342.305586415845,5,6,right-turn,0.0,0.0,10500.0,230.1542,-92.33728928766855,0.0,0.0,-1.1752875223498126e-12,0.1432394487829405,-92.33713516043936,-1.611589719658734,-4.343587863817582e-49,9.273301812522353e-15,1.2224247313795296e-104,1.2071712021361015e-05,10380.568537115523,581949.221079025,33669.05317110952,33666.01861358923,33669.05317110952,0.7092519682299991,12564.213170284893,0.0,0.2020396545029645,7.953906065100817e-10,-2.5707911507376813,pseudo_6dof_kinematic_bridge,a320.attitude_response_p6dof.v1,surrogate_policy_overlay,0.0,0,0.7087830855457833,-4.343587863817582e-49,3.1669606228879854e-15,0.01999999999998898,4.81569873852317e-08,jsbsim-1.3.1-a320-coefficient-surrogate
940.0,8.592625367500135,210.52081574961082,10480.732140007021,230.15649282535696,0.7740659126809759,59341.59633444762,5,6,right-turn,0.0,0.0,10500.0,230.1542,-92.33728928766855,0.0,0.0,-3.527110781406724e-13,0.1432394487829405,-92.33678896201738,-1.61158972004752,-3.2576908978631865e-49,1.435666730079694e-14,5.8676387106217425e-105,6.0423023287964775e-06,10380.56413061318,581942.2656932108,33668.816483697025,33665.84812880448,33668.816483697025,0.7092485722706636,12564.451432015368,0.0,-0.05445426105568162,7.953902688705236e-10,14.27142580569767,pseudo_6dof_kinematic_bridge,a320.attitude_response_p6dof.v1,surrogate_policy_overlay,0.0,0,0.7087791069252932,-3.2576908978631865e-49,1.2700788813081938e-15,0.01999999999998898,-6.980706901871283e-07,jsbsim-1.3.1-a320-coefficient-surrogate
941.0,8.592625367500135,210.52081574961082,10480.732140007021,230.15644280386988,0.7740657444479291,59340.88708587535,5,6,right-turn,0.0,0.0,10500.0,230.1542,-92.33728928766855,0.0,0.0,1.2624251132539092e-13,0.1432394487829405,-92.33672016675854,-1.611589720241913,-2.44326817339739e-49,8.359317100428034e-15,2.816466581098436e-105,1.200703776457781e-06,10380.559820192622,581935.3103406995,33668.5798947883,33665.676299009,33668.5798947883,0.7092451495194843,12564.689560914783,0.0,-0.1835052714077672,7.953899385930432e-10,20.1043953642552,pseudo_6dof_kinematic_bridge,a320.attitude_response_p6dof.v1,surrogate_policy_overlay,0.0,0,0.7087750977486941,-2.44326817339739e-49,-8.178912228654504e-17,0.01999999999998898,-9.402784887806676e-07,jsbsim-1.3.1-a320-coefficient-surrogate
942.0,8.592625367500135,210.52081574961082,10480.732140007021,230.15639387309182,0.7740655798831716,59340.17784072583,5,6,right-turn,0.0,0.0,10500.0,230.1542,-92.33728928766855,0.0,0.0,2.2549490733725966e-13,0.1432394487829405,-92.33682247085179,-1.6115897203391094,-1.8324511300480422e-49,1.7322811009003984e-15,1.3519039589272493e-105,-1.7855432653118706e-06,10380.555603759956,581928.355021754,33668.34340227222,33665.50315354955,33668.34340227222,0.7092417005610315,12564.927559842356,0.0,-0.20989027396330415,7.953896155171999e-10,18.38088173701254,pseudo_6dof_kinematic_bridge,a320.attitude_response_p6dof.v1,surrogate_policy_overlay,0.0,0,0.708771058682705,-1.8324511300480422e-49,-5.106404823060315e-16,0.01999999999998898,-8.426708487995215e-07,jsbsim-1.3.1-a320-coefficient-surrogate
943.0,8.592625367500135,210.52081574961082,10480.732140007021,230.15634600925273,0.7740654189067602,59339.46859902527,5,6,right-turn,0.0,0.0,10500.0,230.1542,-92.33728928766855,0.0,0.0,1.3809017113373136e-13,0.1432394487829405,-92.33699456987068,-1.6115897203877074,-1.3743383475360317e-49,-1.5255004285886576e-15,6.489139002850796e-106,-3.0036945193215547e-06,10380.551479266902,581921.3997366312,33668.10700408357,33665.32872113402,33668.10700408357,0.7092382259671501,12565.165431595087,0.0,-0.17272383396235444,7.953892994860479e-10,12.88488436336723,pseudo_6dof_kinematic_bridge,a320.attitude_response_p6dof.v1,surrogate_policy_overlay,0.0,0,0.7087669903795308,-1.3743383475360317e-49,-3.841415303969579e-16,0.01999999999998898,-5.803775059093358e-07,jsbsim-1.3.1-a320-coefficient-surrogate
944.0,8.592625367500135,210.52081574961082,10480.732140007021,230.1562991891005,0.7740652614404928,59338.759360799304,5,6,right-turn,0.0,0.0,10500.0,230.1542,-92.33728928766855,0.0,0.0,3.269967076505863e-14,0.1432394487829405,-92.33716295026338,-1.6115897204120067,-1.0307537606520239e-49,-1.8394112317576367e-15,3.114786721368382e-106,-2.938792248257217e-06,10380.547444709784,581914.4444855825,33667.87069820206,33665.15302984468,33667.87069820206,0.7092347262972232,12565.403178909131,0.0,-0.1094279625362313,7.953889903460599e-10,6.6501010815546175,pseudo_6dof_kinematic_bridge,a320.attitude_response_p6dof.v1,surrogate_policy_overlay,0.0,0,0.7087628934771631,-1.0307537606520239e-49,-1.3179023493030303e-16,0.01999999999998898,-2.9135589416683284e-07,jsbsim-1.3.1-a320-coefficient-surrogate
945.0,8.592625367500135,210.52081574961082,10480.732140007021,230.15625338988957,0.7740651074078709,59338.05012607301,5,6,right-turn,0.0,0.0,10500.0,230.1542,-92.33728928766855,0.0,0.0,-2.1899326028383583e-14,0.1432394487829405,-92.33728768934701,-1.611589720424156,-7.730653204890179e-50,-9.529322623313929e-16,1.4950976262568234e-106,-2.177107715389534e-06,10380.543498128583,581907.4892688538,33667.63448265137,33664.97610715201,33667.63448265137,0.7092312020984466,12565.640804461058,0.0,-0.047244361422425454,7.953886879470531e-10,1.544334532720734,pseudo_6dof_kinematic_bridge,a320.attitude_response_p6dof.v1,surrogate_policy_overlay,0.0,0,0.7087587685996944,-7.730653204890179e-50,2.791909573706708e-17,0.01999999999998898,-5.8848605187384834e-08,jsbsim-1.3.1-a320-coefficient-surrogate
946.0,8.592625367500135,210.52081574961082,10480.732140007021,230.15620858936958,0.7740649567340622,59337.34089487091,5,6,right-turn,0.0,0.0,10500.0,230.1542,-92.33728928766855,0.0,0.0,-2.9146839974047235e-14,0.1432394487829405,-92.33735738348521,-1.6115897204302307,-5.797989903667634e-50,-1.2649298093603619e-16,7.176468606032752e-107,-1.216392180971741e-06,10380.539637605962,581900.5340866859,33667.39835549815,33664.79797992835,33667.39835549815,0.709227653906102,12565.878310869222,0.0,-0.0010326637695466517,7.953883921421155e-10,-1.6735175920879897,pseudo_6dof_kinematic_bridge,a320.attitude_response_p6dof.v1,surrogate_policy_overlay,0.0,0,0.7087546163576279,-5.797989903667634e-50,6.869451794652875e-17,0.01999999999998898,8.485263073308979e-08,jsbsim-1.3.1-a320-coefficient-surrogate
947.0,8.592625367500135,210.52081574961082,10480.732140007021,230.156164765775,0.7740648093458642,59336.63166721701,5,6,right-turn,0.0,0.0,10500.0,230.1542,-92.33728928766855,0.0,0.0,-1.5895598202420592e-14,0.1432394487829405,-92.33737928866898,-1.6115897204332683,-4.348492427750726e-50,2.3127779889269146e-16,3.444704930895721e-107,-3.823175801271739e-07,10380.535861266348,581893.5789393137,33667.16231485114,33664.618674460464,33667.16231485114,0.709224082243807,12566.115700694987,0.0,0.0248954640322591,7.953881027875349e-10,-3.0479975897065956,pseudo_6dof_kinematic_bridge,a320.attitude_response_p6dof.v1,surrogate_policy_overlay,0.0,0,0.7087504373481632,-4.348492427750726e-50,4.575638516559738e-17,0.01999999999998898,1.437353838525787e-07,jsbsim-1.3.1-a320-coefficient-surrogate
948.0,8.592625367500135,210.52081574961082,10480.732140007021,230.15612189781436,0.7740646651716692,59335.92244313476,5,6,right-turn,0.0,0.0,10500.0,230.1542,-92.33728928766855,0.0,0.0,-2.6475478893734454e-15,0.1432394487829405,-92.33736923574628,-1.611589720434787,-3.2613693208130445e-50,2.312220974325382e-16,1.653458366829946e-107,1.7545660059852784e-07,10380.53216727503,581886.6238269674,33666.92635886021,33664.43821646253,33666.92635886021,0.7092204876237729,12566.352976443966,0.0,0.03315294201846543,7.953878197427302e-10,-3.0590048603165374,pseudo_6dof_kinematic_bridge,a320.attitude_response_p6dof.v1,surrogate_policy_overlay,0.0,0,0.7087462321554923,-3.2613693208130445e-50,1.2943330061032953e-17,0.01999999999998898,1.4095780620413771e-07,jsbsim-1.3.1-a320-coefficient-surrogate
949.0,8.592625367500135,210.52081574961082,10480.732140007021,230.15607996465994,0.7740645241414291,59335.21322264714,5,6,right-turn,0.0,0.0,10500.0,230.1542,-92.33728928766855,0.0,0.0,3.4233581602703383e-15,0.1432394487829405,-92.33734391052312,-1.6115897204355465,-2.4460269906097834e-50,1.0595729914552635e-16,7.936600160783741e-108,4.420085280185289e-07,10380.528553837257,581879.6687498725,33666.69048571547,33664.256631088596,33666.69048571547,0.7092168705470543,12566.59014056727,0.0,0.02955451485957708,7.953875428701821e-10,-2.3098099830345995,pseudo_6dof_kinematic_bridge,a320.attitude_response_p6dof.v1,surrogate_policy_overlay,0.0,0,0.7087420013510803,-2.4460269906097834e-50,-5.552209675163973e-18,0.01999999999998898,1.0461031094632723e-07,jsbsim-1.3.1-a320-coefficient-surrogate
950.0,8.592625367500135,210.52081574961082,10480.732140007021,230.15603894593775,0.7740643861866218,59334.50400577659,5,6,right-turn,0.0,0.0,10500.0,230.1542,-92.33728928766855,0.0,0.0,3.693856274165896e-15,0.1432394487829405,-92.3373163538301,-1.6115897204359262,-1.8345202429573375e-50,4.721082707912102e-18,3.8095680771761956e-108,4.809550239923503e-07,10380.525019197368,581872.7137082489,33666.45469364645,33664.07394294473,33666.45469364645,0.7092132315037896,12566.827195462618,0.0,0.020257978229721797,7.953872720353665e-10,-1.323267303587785,pseudo_6dof_kinematic_bridge,a320.attitude_response_p6dof.v1,surrogate_policy_overlay,0.0,0,0.7087377454939439,-1.8345202429573375e-50,-9.018201675325605e-18,0.01999999999998898,5.8587551609445156e-08,jsbsim-1.3.1-a320-coefficient-surrogate
951.0,8.592625367500135,210.52081574961082,10480.732140007021,230.15599882171762,0.7740642512402176,59333.794792545086,5,6,right-turn,0.0,0.0,10500.0,230.1542,-92.33728928766855,0.0,0.0,1.787691798856147e-15,0.1432394487829405,-92.33729436155336,-1.6115897204361158,-1.3758901822180032e-50,-3.326884617870527e-17,1.8285926770445736e-108,3.8383763927923176e-07,10380.521561637954,581865.7587023124,33666.21898092114,33663.8901761009,33666.21898092114,0.7092095709734392,12567.064143475582,0.0,0.010091268322589048,7.953870071066903e-10,-0.44845566048955193,pseudo_6dof_kinematic_bridge,a320.attitude_response_p6dof.v1,surrogate_policy_overlay,0.0,0,0.7087334651309202,-1.3758901822180032e-50,-5.346439634454004e-18,0.01999999999998898,1.8553289865917607e-08,jsbsim-1.3.1-a320-coefficient-surrogate
952.0,8.592625367500135,210.52081574961082,10480.732140007021,230.15595957250343,0.7740641192366472,59333.08558297411,5,6,right-turn,0.0,0.0,10500.0,230.1542,-92.33728928766855,0.0,0.0,1.522011747839885e-16,0.1432394487829405,-92.33728089081077,-1.6115897204362108,-1.0319176366635024e-50,-2.8544696275555996e-17,8.777244849813953e-109,2.3510881092541385e-07,10380.518179479011,581858.803732273,33665.98334584526,33663.705354102836,33665.98334584526,0.7092058894250204,12567.300986900671,0.0,0.00195142794662427,7.953867479554268e-10,0.1482803086277837,pseudo_6dof_kinematic_bridge,a320.attitude_response_p6dof.v1,surrogate_policy_overlay,0.0,0,0.7087291607969359,-1.0319176366635024e-50,-1.1653347846928872e-18,0.01999999999998898,-8.269025901596895e-09,jsbsim-1.3.1-a320-coefficient-surrogate
953.0,8.592625367500135,210.52081574961082,10480.732140007021,230.1559211792238,0.7740639901117695,59332.376377084685,5,6,right-turn,0.0,0.0,10500.0,230.1542,-92.33728928766855,0.0,0.0,-5.026628466492607e-16,0.1432394487829405,-92.33727548036312,-1.6115897204362584,-7.739382274976268e-51,-1.1429533326860914e-17,4.2130775279106977e-109,9.443012582408194e-08,10380.514871077135,581851.8487983375,33665.74778676137,33663.51949998327,33665.74778676137,0.7092021873173318,12567.537727982475,0.0,-0.003052537201508192,7.953864944556531e-10,0.4431876499033491,pseudo_6dof_kinematic_bridge,a320.attitude_response_p6dof.v1,surrogate_policy_overlay,0.0,0,0.7087248330152633,-7.739382274976268e-51,9.292749212256215e-19,0.01999999999998898,-2.1128577654352067e-08,jsbsim-1.3.1-a320-coefficient-surrogate
954.0,8.592625367500135,210.52081574961082,10480.732140007021,230.155883623223,0.7740638638028406,59331.66717489737,5,6,right-turn,0.0,0.0,10500.0,230.1542,-92.33728928766855,0.0,0.0,-4.59589545549215e-16,0.1432394487829405,-92.33727588377008,-1.611589720436282,-5.8045367062322e-51,7.517709238986913e-19,2.0222772133971347e-109,-7.040779656623073e-09,10380.511634824723,581844.8939007072,33665.51230204811,33663.33263627295,33665.51230204811,0.7091984650991734,12567.774368916696,0.0,-0.005078803384690895,7.953862464841899e-10,0.4975958857870169,pseudo_6dof_kinematic_bridge,a320.attitude_response_p6dof.v1,surrogate_policy_overlay,0.0,0,0.7087204822977703,-5.8045367062322e-51,1.1590310694266911e-18,0.01999999999998898,-2.30558402900439e-08,jsbsim-1.3.1-a320-coefficient-surrogate
955.0,8.592625367500135,210.52081574961082,10480.732140007021,230.1558468862513,0.7740637402484836,59330.95797643227,5,6,right-turn,0.0,0.0,10500.0,230.1542,-92.33728928766855,0.0,0.0,-1.9556955299170762e-16,0.1432394487829405,-92.33727941748961,-1.611589720436294,-4.3534025296741504e-51,4.608018161219429e-18,9.706930624306245e-110,-6.167504079108613e-08,10380.508469149185,581837.9390395795,33665.27689011938,33663.14478501214,33665.27689011938,0.7091947232095744,12568.01091185127,0.0,-0.0049504806007661314,7.953860039205406e-10,0.40495945723690174,pseudo_6dof_kinematic_bridge,a320.attitude_response_p6dof.v1,surrogate_policy_overlay,0.0,0,0.7087161091451813,-4.3534025296741504e-51,6.116372254844117e-19,0.01999999999998898,-1.8433741674091258e-08,jsbsim-1.3.1-a320-coefficient-surrogate
956.0,8.592625367500135,210.52081574961082,10480.732140007021,230.15581095045692,0.7740636193886584,59330.24878170906,5,6,right-turn,0.0,0.0,10500.0,230.1542,-92.33728928766855,0.0,0.0,2.7709522739282924e-18,0.1432394487829405,-92.33728381774836,-1.6115897204362997,-3.265051897255613e-51,3.461694856954497e-18,4.6593266996669974e-110,-7.679900293932022e-08,10380.5053725122,581830.9842151472,33665.041549423586,33662.955967760594,33665.041549423586,0.7091909620779928,12568.247358887405,0.0,-0.003656849228058532,7.953857666468344e-10,0.25350479588028635,pseudo_6dof_kinematic_bridge,a320.attitude_response_p6dof.v1,surrogate_policy_overlay,0.0,0,0.7087117140473044,-3.265051897255613e-51,8.874588309402787e-20,0.01999999999998898,-1.1314367978300804e-08,jsbsim-1.3.1-a320-coefficient-surrogate
957.0,8.592625367500135,210.52081574961082,10480.732140007021,230.15577579837674,0.7740635011646331,59329.53959074698,5,6,right-turn,0.0,0.0,10500.0,230.1542,-92.33728928766855,0.0,0.0,7.068919663518967e-17,0.1432394487829405,-92.33728761293412,-1.6115897204363028,-2.4487889229417097e-51,1.185396986278084e-18,2.2364768158401587e-110,-6.623848735873649e-08,10380.502343408947,581824.0294275988,33664.80627844292,33662.76620560857,33664.80627844292,0.7091871821245346,12568.483712080517,0.0,-0.00203523969192234,7.953855345477674e-10,0.10676957663525145,pseudo_6dof_kinematic_bridge,a320.attitude_response_p6dof.v1,surrogate_policy_overlay,0.0,0,0.7087072974832812,-2.4487889229417097e-51,-1.423367732917346e-19,0.01999999999998898,-4.5654892398166054e-09,jsbsim-1.3.1-a320-coefficient-surrogate
958.0,8.592625367500135,210.52081574961082,10480.732140007021,230.1557414129281,0.774063385518955,59328.830403564854,5,6,right-turn,0.0,0.0,10500.0,230.1542,-92.33728928766855,0.0,0.0,5.61706006509034e-17,0.1432394487829405,-92.33729013488534,-1.611589720436304,-1.8365916922062822e-51,-2.533973026926222e-19,1.0735088716032762e-110,-4.4016352193780513e-08,10380.499380367393,581817.0746771193,33664.57107569257,33662.57551918678,33664.57107569257,0.7091833837601516,12568.719973441359,0.0,-0.0006318176039248249,7.953853075105477e-10,-0.0011128061280000106,pseudo_6dof_kinematic_bridge,a320.attitude_response_p6dof.v1,surrogate_policy_overlay,0.0,0,0.7087028599218131,-1.8365916922062822e-51,-1.4611661736692483e-19,0.01999999999998898,3.111691081371411e-10,jsbsim-1.3.1-a320-coefficient-surrogate
959.0,8.592625367500135,210.52081574961082,10480.732140007021,230.15570777740066,0.7740632723954235,59328.12122018109,5,6,right-turn,0.0,0.0,10500.0,230.1542,-92.33728928766855,0.0,0.0,2.0663350037163866e-17,0.1432394487829405,-92.33729132678,-1.611589720436305,-1.3774437691547117e-51,-6.197184315405323e-19,5.152842583695726e-111,-2.0802486455544936e-08,10380.496481947583,581810.1199638889,33664.33593972007,33662.38392867633,33664.33593972007,0.7091795673868398,12568.956144936834,0.0,0.0003038653083943048,7.953850854248418e-10,-0.06077266238004094,pseudo_6dof_kinematic_bridge,a320.attitude_response_p6dof.v1,surrogate_policy_overlay,0.0,0,0.7086984018213873,-1.3774437691547117e-51,-6.829306159268679e-20,0.01999999999998898,2.943591853271585e-09,jsbsim-1.3.1-a320-coefficient-surrogate
960.0,8.592625367500135,210.52081574961082,10480.732140007021,230.15567487544786,0.7740631617390618,59327.41204061371,5,6,right-turn,0.0,0.0,10500.0,230.1542,-92.33728928766855,0.0,0.0,-2.956835614442067e-18,0.1432394487829405,-92.3372914854594,-1.6115897204363054,-1.0330828268660337e-51,-4.1225000955284577e-19,2.4733644401739483e-111,-2.7694779836538556e-09,10380.49364674091,581803.1652880844,33664.100869104506,33662.19145381891,33664.100869104506,0.7091757333978427,12569.19222849112,0.0,0.0007486604334959862,7.95384868182718e-10,-0.07891141121253017,pseudo_6dof_kinematic_bridge,a320.attitude_response_p6dof.v1,surrogate_policy_overlay,0.0,0,0.7086939236305071,-1.0330828268660337e-51,-4.062741915527797e-21,0.01999999999998898,3.679236171279605e-09,jsbsim-1.3.1-a320-coefficient-surrogate
961.0,8.592625367500135,210.52081574961082,10480.732140007021,230.15564269107944,0.7740630534960911,59326.70286488031,5,6,right-turn,0.0,0.0,10500.0,230.1542,-92.33728928766855,0.0,0.0,-9.622281301348024e-18,0.1432394487829405,-92.33729103095021,-1.6115897204363054,-7.748121201495253e-52,-1.1633397334936404e-19,1.187214931283495e-111,7.932681779811569e-09,10380.490873369476,581796.2106498785,33663.86586245593,33661.99811392585,33663.86586245593,0.7091718821778308,12569.428225986441,0.0,0.0008109142786458296,7.953846556785975e-10,-0.06950418556336205,pseudo_6dof_kinematic_bridge,a320.attitude_response_p6dof.v1,surrogate_policy_overlay,0.0,0,0.7086894257879001,-7.748121201495253e-52,2.06185219691924e-20,0.01999999999998898,3.179474070826365e-09,jsbsim-1.3.1-a320-coefficient-surrogate
962.0,8.592625367500135,210.52081574961082,10480.732140007021,230.15561120865345,0.7740629476139042,59325.993692998134,5,6,right-turn,0.0,0.0,10500.0,230.1542,-92.33728928766855,0.0,0.0,-6.743118253534927e-18,0.1432394487829405,-92.33729034800518,-1.6115897204363054,-5.8110909011214395e-52,5.025087488609346e-20,5.698631670160776e-112,1.1919639217604555e-08,10380.48816048539,581789.2560494401,33663.63091841461,33661.80392788783,33663.63091841461,0.7091680141030954,12569.664139264103,0.0,0.0006452739678766315,7.953844478092011e-10,-0.04711642102733994,pseudo_6dof_kinematic_bridge,a320.attitude_response_p6dof.v1,surrogate_policy_overlay,0.0,0,0.7086849087227356,-5.8110909011214395e-52,1.8088598389002254e-20,0.01999999999998898,2.1167731149453306e-09,jsbsim-1.3.1-a320-coefficient-surrogate
963.0,8.592625367500135,210.52081574961082,10480.732140007021,230.1555804128688,0.77406284404104,59325.28452498403,5,6,right-turn,0.0,0.0,10500.0,230.1542,-92.33728928766855,0.0,0.0,-2.0828887994689246e-18,0.1432394487829405,-92.33728970677977,-1.6115897204363054,-4.358318175841079e-52,8.133634787186959e-20,2.7353432016771724e-112,1.1191494763142931e-08,10380.485506770136,581782.3014869348,33663.396035650425,33661.60891418383,33663.396035650425,0.7091641295417276,12569.899970125283,0.0,0.00039392469646205814,7.953842444734993e-10,-0.02304509397640665,pseudo_6dof_kinematic_bridge,a320.attitude_response_p6dof.v1,surrogate_policy_overlay,0.0,0,0.7086803728548312,-4.358318175841079e-52,7.405134468696477e-21,0.01999999999998898,1.0037236576217388e-09,jsbsim-1.3.1-a320-coefficient-surrogate
964.0,8.592625367500135,210.52081574961082,10480.732140007021,230.1555502887576,0.7740627427271586,59324.57536085449,5,6,right-turn,0.0,0.0,10500.0,230.1542,-92.33728928766855,0.0,0.0,6.764229424998436e-19,0.1432394487829405,-92.33728924705918,-1.6115897204363054,-3.2687386318808094e-52,4.815907498629521e-20,1.3129647368050428e-112,8.023638006474945e-09,10380.482910933908,581775.3469625236,33663.16121286217,33661.41309089039,33663.16121286217,0.7091602288538013,12570.135720332008,0.0,0.0001570209104170935,7.953840455726642e-10,-0.003981993607261682,pseudo_6dof_kinematic_bridge,a320.attitude_response_p6dof.v1,surrogate_policy_overlay,0.0,0,0.7086758185948603,-3.2687386318808094e-52,-3.4519228048413515e-22,0.01999999999998898,1.3752984844286894e-10,jsbsim-1.3.1-a320-coefficient-surrogate
965.0,8.592625367500135,210.52081574961082,10480.732140007021,230.1555208216782,0.7740626436230168,59323.866200625635,5,6,right-turn,0.0,0.0,10500.0,230.1542,-92.33728928766855,0.0,0.0,1.275786291668164e-18,0.1432394487829405,-92.33728900168586,-1.6115897204363054,-2.451553973910607e-52,1.0460863858767607e-20,6.302230736664205e-113,4.282572406782594e-09,10380.480371715019,581768.3924763654,33662.92644877697,33661.21647569004,33662.92644877697,0.7091563123915428,12570.371391607914,0.0,-1.3362840966416162e-05,7.953838510100211e-10,0.007591820548600935,pseudo_6dof_kinematic_bridge,a320.attitude_response_p6dof.v1,surrogate_policy_overlay,0.0,0,0.7086712463445455,-2.451553973910607e-52,-2.8708273639647772e-21,0.01999999999998898,-3.776469016269274e-10,jsbsim-1.3.1-a320-coefficient-surrogate
966.0,8.592625367500135,210.52081574961082,10480.732140007021,230.15549199730793,0.7740625466804443,59323.157044313244,5,6,right-turn,0.0,0.0,10500.0,230.1542,-92.33728928766855,0.0,0.0,7.945125558901539e-19,0.1432394487829405,-92.33728893598035,-1.6115897204363054,-1.838665480432955e-52,-8.399811292699509e-21,3.025070753598818e-113,1.14677737070965e-09,10380.47788787926,581761.4380286145,33662.69174214966,33661.01908588005,33662.69174214966,0.7091523804995035,12570.606985639104,0.0,-0.00010472097807860182,7.953836606910012e-10,0.01214719075378081,pseudo_6dof_kinematic_bridge,a320.attitude_response_p6dof.v1,surrogate_policy_overlay,0.0,0,0.708666656496857,-1.838665480432955e-52,-2.1997680275650812e-21,0.01999999999998898,-5.706100791458125e-10,jsbsim-1.3.1-a320-coefficient-surrogate
967.0,8.592625367500135,210.52081574961082,10480.732140007021,230.15546380163607,0.7740624518523201,59322.447891932745,5,6,right-turn,0.0,0.0,10500.0,230.1542,-92.33728928766855,0.0,0.0,1.95705780594017e-19,0.1432394487829405,-92.3372889863139,-1.6115897204363054,-1.3789991103247164e-52,-1.0451149812167432e-20,1.4520339617274328e-113,-8.784858813692802e-10,10380.47545821931,581754.4836194222,33662.457091762146,33660.820938380886,33662.457091762146,0.7091484335147294,12570.842504075023,0.0,-0.00012961843675274187,7.953834745230959e-10,0.011678643138049647,pseudo_6dof_kinematic_bridge,a320.attitude_response_p6dof.v1,surrogate_policy_overlay,0.0,0,0.7086620494362043,-1.3789991103247164e-52,-7.733561180904359e-22,0.01999999999998898,-5.369204293562015e-10,jsbsim-1.3.1-a320-coefficient-surrogate
968.0,8.592625367500135,210.52081574961082,10480.732140007021,230.15543622095728,0.7740623590925503,59321.73874349923,5,6,right-turn,0.0,0.0,10500.0,230.1542,-92.33728928766855,0.0,0.0,-1.198838885813901e-19,0.1432394487829405,-92.33728908868554,-1.6115897204363054,-1.0342493327435372e-52,-5.508078812390512e-21,6.969763016291677e-114,-1.786722021252503e-09,10380.473081554162,581747.5292489368,33662.22249642286,33660.622049744234,33662.22249642286,0.709144471766921,12571.077948529186,0.0,-0.00011144580473031255,7.953832924158126e-10,0.008534723608078554,pseudo_6dof_kinematic_bridge,a320.attitude_response_p6dof.v1,surrogate_policy_overlay,0.0,0,0.708657425538618,-1.0342493327435372e-52,1.4478940766167554e-22,0.01999999999998898,-3.8563104098456927e-10,jsbsim-1.3.1-a320-coefficient-surrogate
969.0,8.592625367500135,210.52081574961082,10480.732140007021,230.1554092418648,0.7740622683560447,59321.02959902746,5,6,right-turn,0.0,0.0,10500.0,230.1542,-92.33728928766855,0.0,0.0,-1.654031664778629e-19,0.1432394487829405,-92.33728919469026,-1.6115897204363054,-7.756869995576529e-53,-7.944612724237287e-22,3.345486247820005e-114,-1.8501317030141066e-09,10380.470756728535,581740.5749173027,33661.98795496616,33660.422436161134,33661.98795496616,0.709140495578594,12571.313320579982,0.0,-7.383241864044522e-05,7.953831142806307e-10,0.004680763048444626,pseudo_6dof_kinematic_bridge,a320.attitude_response_p6dof.v1,surrogate_policy_overlay,0.0,0,0.7086527851719367,-7.756869995576529e-53,3.877128726618397e-22,0.01999999999998898,-2.0636384486458833e-10,jsbsim-1.3.1-a320-coefficient-surrogate
970.0,8.592625367500135,210.52081574961082,10480.732140007021,230.15538285124384,0.7740621795986962,59320.32045853188,5,6,right-turn,0.0,0.0,10500.0,230.1542,-92.33728928766855,0.0,0.0,-9.174153189945264e-20,0.1432394487829405,-92.33728927653938,-1.6115897204363054,-5.817652496682397e-53,1.285638055794164e-21,1.6058333989536023e-114,-1.428536685850602e-09,10380.468482612316,581733.6206246617,33661.75346625175,33660.22211346995,33661.75346625175,0.7091365052652401,12571.548621771442,0.0,-3.47058751152005e-05,7.953829400309569e-10,0.0013839308037552993,pseudo_6dof_kinematic_bridge,a320.attitude_response_p6dof.v1,surrogate_policy_overlay,0.0,0,0.7086481286959858,-5.817652496682397e-53,2.627250728570667e-22,0.01999999999998898,-5.581692931606001e-11,jsbsim-1.3.1-a320-coefficient-surrogate
971.0,8.592625367500135,210.52081574961082,10480.732140007021,230.1553570362656,0.774062092777358,59319.61132202662,5,6,right-turn,0.0,0.0,10500.0,230.1542,-92.33728928766855,0.0,0.0,-1.6266630018138876e-20,0.1432394487829405,-92.33728932475906,-1.6115897204363054,-4.363239372511798e-53,1.3172855404485877e-21,7.708000314977291e-115,-8.415921399381193e-10,10380.466258100023,581726.6663711523,33661.51902916419,33660.021097163735,33661.51902916419,0.7091325011354715,12571.783853613983,0.0,-4.399559576697016e-06,7.953827695820867e-10,-0.0007893535324267515,pseudo_6dof_kinematic_bridge,a320.attitude_response_p6dof.v1,surrogate_policy_overlay,0.0,0,0.708643456462746,-4.363239372511798e-53,7.667005526481783e-23,0.01999999999998898,4.160221754718177e-11,jsbsim-1.3.1-a320-coefficient-surrogate
972.0,8.592625367500135,210.52081574961082,10480.732140007021,230.15533178438068,0.774062007849824,59318.902189525485,5,6,right-turn,0.0,0.0,10500.0,230.1542,-92.33728928766855,0.0,0.0,1.8960676900146166e-20,0.1432394487829405,-92.33728934238962,-1.6115897204363054,-3.2724295293838486e-53,6.148324923346511e-22,3.6998401511890995e-115,-3.0771131089557357e-10,10380.464082110255,581719.7121569101,33661.284642612285,33659.81940239802,33661.284642612285,0.7091284834911782,12572.019017585153,0.0,1.3523585699740341e-05,7.953826028511589e-10,-0.0018018309200718294,pseudo_6dof_kinematic_bridge,a320.attitude_response_p6dof.v1,surrogate_policy_overlay,0.0,0,0.7086387688165292,-3.2724295293838486e-53,-2.997868735724612e-23,0.01999999999998898,8.54518060562204e-11,jsbsim-1.3.1-a320-coefficient-surrogate
973.0,8.592625367500135,210.52081574961082,10480.732140007021,230.15530708331306,0.7740619247748075,59318.193061041995,5,6,right-turn,0.0,0.0,10500.0,230.1542,-92.33728928766855,0.0,0.0,2.101986766730009e-20,0.1432394487829405,-92.337289338673,-1.6115897204363054,-2.4543221470378867e-53,3.5939658813503824e-23,1.7759232725707677e-115,6.486727608029815e-11,10380.461953585176,581712.7579820675,33661.050305528595,33659.61704399815,33661.050305528595,0.7091244526276721,12572.25411513033,0.0,2.0141726385360795e-05,7.953824397571197e-10,-0.0019194213469220602,pseudo_6dof_kinematic_bridge,a320.attitude_response_p6dof.v1,surrogate_policy_overlay,0.0,0,0.708634066094147,-2.4543221470378867e-53,-5.106716481946074e-23,0.01999999999998898,8.87134680834744e-11,jsbsim-1.3.1-a320-coefficient-surrogate
974.0,8.592625367500135,210.52081574961082,10480.732140007021,230.15528292105427,0.7740618435119213,59317.483936589364,5,6,right-turn,0.0,0.0,10500.0,230.1542,-92.33728928766855,0.0,0.0,1.0354822782683076e-20,0.1432394487829405,-92.33728932401453,-1.6115897204363054,-1.840741610278415e-53,-1.861401481095456e-22,8.524431708339685e-116,2.558387817571704e-10,10380.459871489998,581705.8038467541,33660.81601686891,33659.41403646638,33660.81601686891,0.7091204088338305,12572.489147663407,0.0,1.884520504311066e-05,7.9538228022068e-10,-0.001510818166602125,pseudo_6dof_kinematic_bridge,a320.attitude_response_p6dof.v1,surrogate_policy_overlay,0.0,0,0.7086293486250708,-1.840741610278415e-53,-3.078662418369516e-23,0.01999999999998898,6.86209467880892e-11,jsbsim-1.3.1-a320-coefficient-surrogate
975.0,8.592625367500135,210.52081574961082,10480.732140007021,230.15525928585754,0.7740617640216584,59316.77481618053,5,6,right-turn,0.0,0.0,10500.0,230.1542,-92.33728928766855,0.0,0.0,1.0131947324471225e-21,0.1432394487829405,-92.33728930689661,-1.6115897204363054,-1.3805562077088113e-53,-1.6304216697327564e-22,4.0917272200030483e-116,2.9876401736244593e-10,10380.457834812485,581698.8497510967,33660.58177561173,33659.21039398885,33660.58177561173,0.7091163523922325,12572.724116567544,0.0,1.3471782723449872e-05,7.953821241642793e-10,-0.0009107753137761226,pseudo_6dof_kinematic_bridge,a320.attitude_response_p6dof.v1,surrogate_policy_overlay,0.0,0,0.7086246167315887,-1.3805562077088113e-53,-7.012220058009532e-24,0.01999999999998898,4.0515009638854994e-11,jsbsim-1.3.1-a320-coefficient-surrogate
976.0,8.592625367500135,210.52081574961082,10480.732140007021,230.15523616623202,0.7740616862653725,59316.065699828134,5,6,right-turn,0.0,0.0,10500.0,230.1542,-92.33728928766855,0.0,0.0,-2.8051888985443184e-21,0.1432394487829405,-92.33728929263899,-1.6115897204363054,-1.0354171557816084e-53,-6.664336646505684e-23,1.964029065601463e-116,2.488424508342413e-10,10380.455842562453,581691.8956952196,33660.34758075783,33659.00613044263,33660.34758075783,0.7091122835793017,12572.959023195734,0.0,7.160177299237262e-06,7.953819715120469e-10,-0.00035253496253257854,pseudo_6dof_kinematic_bridge,a320.attitude_response_p6dof.v1,surrogate_policy_overlay,0.0,0,0.7086198707289693,-1.0354171557816084e-53,5.107234054401721e-24,0.01999999999998898,1.489687025055608e-11,jsbsim-1.3.1-a320-coefficient-surrogate
977.0,8.592625367500135,210.52081574961082,10480.732140007021,230.15521355093716,0.7740616102052595,59315.35658754456,5,6,right-turn,0.0,0.0,10500.0,230.1542,-92.33728928766855,0.0,0.0,-2.6221458493464837e-21,0.1432394487829405,-92.33728928349082,-1.6115897204363054,-7.765628668362063e-54,3.1947038813921798e-24,9.427339514887022e-117,1.5966565408162925e-10,10380.45389377129,581684.9416792438,33660.11343132968,33658.80125940246,33660.11343132968,0.7091082026654391,12573.193868871545,0.0,1.8857822376445555e-06,7.953818221897647e-10,4.464447764545789e-05,pseudo_6dof_kinematic_bridge,a320.attitude_response_p6dof.v1,surrogate_policy_overlay,0.0,0,0.7086151109256115,-7.765628668362063e-54,6.5827513512775155e-24,0.01999999999998898,-3.0136850246536115e-12,jsbsim-1.3.1-a320-coefficient-surrogate
978.0,8.592625367500135,210.52081574961082,10480.732140007021,230.15519142897745,0.7740615358043391,59314.64747934189,5,6,right-turn,0.0,0.0,10500.0,230.1542,-92.33728928766855,0.0,0.0,-1.1377517803978962e-21,0.1432394487829405,-92.33728927944003,-1.6115897204363054,-5.824221501271547e-54,2.5907563900228576e-23,4.52512296714577e-117,7.069938080834052e-11,10380.451987491499,581677.9877032881,33659.879326371054,33658.59579414719,33659.879326371054,0.7091041099151518,12573.428654889736,0.0,-1.510051286496723e-06,7.953816761248325e-10,0.0002542752980000037,pseudo_6dof_kinematic_bridge,a320.attitude_response_p6dof.v1,surrogate_policy_overlay,0.0,0,0.7086103376231918,-5.824221501271547e-54,3.5336522269081804e-24,0.01999999999998898,-1.2219826752487722e-11,jsbsim-1.3.1-a320-coefficient-surrogate
979.0,8.592625367500135,210.52081574961082,10480.732140007021,230.15516978959698,0.7740614630264366,59313.93837523198,5,6,right-turn,0.0,0.0,10500.0,230.1542,-92.33728928766855,0.0,0.0,-1.9316418836966924e-24,0.1432394487829405,-92.33728927922134,-1.6115897204363054,-4.36816612595366e-54,1.9823801127530834e-23,2.1720590242299696e-117,3.817020027540647e-12,10380.450122796228,581671.0337674686,33659.64526494654,33658.38974766624,33659.64526494654,0.7091000055871816,12573.66338251684,0.0,-3.0237855057554716e-06,7.953815332462323e-10,0.0003079540487796074,pseudo_6dof_kinematic_bridge,a320.attitude_response_p6dof.v1,surrogate_policy_overlay,0.0,0,0.7086055511168119,-4.36816612595366e-54,5.525327141364383e-25,0.01999999999998898,-1.4317167052480146e-11,jsbsim-1.3.1-a320-coefficient-surrogate
980.0,8.592625367500135,210.52081574961082,10480.732140007021,230.15514862227417,0.7740613918361658,59313.22927522639,5,6,right-turn,0.0,0.0,10500.0,230.1542,-92.33728928766855,0.0,0.0,3.9665171261660878e-22,0.1432394487829405,-92.33728928118558,-1.6115897204363054,-3.2761245944652453e-54,6.956591879674088e-24,1.0425883316303854e-117,-3.428230306269663e-11,10380.448298778814,581664.0798718989,33659.41124614106,33658.18313266603,33659.41124614106,0.7090958899346331,12573.89805299187,0.0,-3.1181216899912853e-06,7.953813934844925e-10,0.000261736219208732,pseudo_6dof_kinematic_bridge,a320.attitude_response_p6dof.v1,surrogate_policy_overlay,0.0,0,0.7086007516951438,-3.2761245944652453e-54,-7.900208651581188e-25,0.01999999999998898,-1.1947192834804267e-11,jsbsim-1.3.1-a320-coefficient-surrogate
981.0,8.592625367500135,210.52081574961082,10480.732140007021,230.15512791671674,0.7740613221989115,59312.520179336454,5,6,right-turn,0.0,0.0,10500.0,230.1542,-92.33728928766855,0.0,0.0,3.213028756910526e-22,0.1432394487829405,-92.33728928387754,-1.6115897204363054,-2.457093445848934e-54,-1.3150852918992366e-24,5.0044239918258495e-118,-4.69838147220148e-11,10380.44651455236,581657.1260166898,33659.17726905948,33657.97596157603,33659.17726905948,0.7090917632050941,12574.132667526828,0.0,-2.400634769096026e-06,7.953812567716569e-10,0.00017143451257561846,pseudo_6dof_kinematic_bridge,a320.attitude_response_p6dof.v1,surrogate_policy_overlay,0.0,0,0.7085959396405677,-2.457093445848934e-54,-8.31859845617776e-25,0.01999999999998898,-7.680667059707942e-12,jsbsim-1.3.1-a320-coefficient-surrogate
982.0,8.592625367500135,210.52081574961082,10480.732140007021,230.1551076628567,0.7740612540808129,59311.811087573245,5,6,right-turn,0.0,0.0,10500.0,230.1542,-92.33728928766855,0.0,0.0,1.2089172510112109e-22,0.1432394487829405,-92.33728928630914,-1.6115897204363054,-1.8428200843867004e-54,-3.497834435504481e-24,2.4021235160764075e-118,-4.2439284107138e-11,10380.444769249294,581650.1722019502,33658.94333282614,33657.76824655486,33658.94333282614,0.7090876256407579,12574.367227307332,0.0,-1.409280353315182e-06,7.953811230412489e-10,7.893724341397132e-05,pseudo_6dof_kinematic_bridge,a320.attitude_response_p6dof.v1,surrogate_policy_overlay,0.0,0,0.7085911152293102,-1.8428200843867004e-54,-3.95785935402904e-25,0.01999999999998898,-3.41390657543786e-12,jsbsim-1.3.1-a320-coefficient-surrogate
983.0,8.592625367500135,210.52081574961082,10480.732140007021,230.15508785084538,0.774061187448747,59311.101999947605,5,6,right-turn,0.0,0.0,10500.0,230.1542,-92.33728928766855,0.0,0.0,-1.47351953684622e-23,0.1432394487829405,-92.33728928799569,-1.6115897204363054,-1.3821150632900252e-54,-2.367136316534722e-24,1.1530192877166755e-118,-2.9435684299040713e-11,10380.443062020942,581643.2184277863,33658.70943658442,33657.5599994962,33658.70943658442,0.7090834774785393,12574.60173349319,0.0,-5.105479813708568e-07,7.95380992228241e-10,8.058284984661168e-06,pseudo_6dof_kinematic_bridge,a320.attitude_response_p6dof.v1,surrogate_policy_overlay,0.0,0,0.7085862787315794,-1.3821150632900252e-54,-2.8649214818335744e-26,0.01999999999998898,-2.0050144575044486e-13,jsbsim-1.3.1-a320-coefficient-surrogate
984.0,8.592625367500135,210.52081574961082,10480.732140007021,230.15506847104888,0.7740611222703125,59310.392916470126,5,6,right-turn,0.0,0.0,10500.0,230.1542,-92.33728928766855,0.0,0.0,-5.422305337489933e-23,0.1432394487829405,-92.33728928885188,-1.6115897204363054,-1.0365862974675189e-54,-6.891931367723321e-25,5.534492581040043e-119,-1.4943366593036875e-11,10380.441392037137,581636.2646943019,33658.47557949637,33657.35123203441,33658.47557949637,0.709079318950188,12574.836187218963,0.0,1.148027327265728e-07,7.953808642690231e-10,-3.3307950267229005e-05,pseudo_6dof_kinematic_bridge,a320.attitude_response_p6dof.v1,surrogate_policy_overlay,0.0,0,0.7085814304116911,-1.0365862974675189e-54,1.1549376574565165e-25,0.01999999999998898,1.6341997696449994e-12,jsbsim-1.3.1-a320-coefficient-surrogate
985.0,8.592625367500135,210.52081574961082,10480.732140007021,230.15504951404307,0.7740610585138145,59309.68383715118,5,6,right-turn,0.0,0.0,10500.0,230.1542,-92.33728928766855,0.0,0.0,-3.8672983099081856e-23,0.1432394487829405,-92.33728928903537,-1.6115897204363054,-7.774397231006392e-55,2.713999252295177e-25,2.656556438899221e-119,-3.202355554676797e-12,10380.43975848579,581629.3110015986,33658.24176074227,33657.141955550454,33658.24176074227,0.7090751502824069,12575.070589594514,0.0,4.338707225914612e-07,7.953807391013705e-10,-4.806473153969757e-05,pseudo_6dof_kinematic_bridge,a320.attitude_response_p6dof.v1,surrogate_policy_overlay,0.0,0,0.7085765705282051,-7.774397231006392e-55,1.0351148949694263e-25,0.01999999999998898,2.2499596871844266e-12,jsbsim-1.3.1-a320-coefficient-surrogate
986.0,8.592625367500135,210.52081574961082,10480.732140007021,230.15503097060935,0.7740609961482484,59308.97476200089,5,6,right-turn,0.0,0.0,10500.0,230.1542,-92.33728928766855,0.0,0.0,-1.2282592657209735e-23,0.1432394487829405,-92.33728928879981,-1.6115897204363054,-5.830797923254794e-55,4.605992040975097e-25,1.275147090671626e-119,4.111126452369863e-12,10380.43816057252,581622.357349776,33658.00797952023,33656.93218117707,33658.00797952023,0.709070971696953,12575.304941705515,0.0,5.040101736572415e-07,7.953806166644152e-10,-4.439592297057394e-05,pseudo_6dof_kinematic_bridge,a320.attitude_response_p6dof.v1,surrogate_policy_overlay,0.0,0,0.7085716993340421,-5.830797923254794e-55,4.337577299850724e-26,0.01999999999998898,2.036540956165116e-12,jsbsim-1.3.1-a320-coefficient-surrogate
987.0,8.592625367500135,210.52081574961082,10480.732140007021,230.1550128317299,0.7740609351432857,59308.2656910292,5,6,right-turn,0.0,0.0,10500.0,230.1542,-92.33728928766855,0.0,0.0,3.607115020100781e-24,0.1432394487829405,-92.33728928838963,-1.6115897204363054,-4.3730984424410954e-55,2.7732771614848917e-25,6.1207060352238045e-120,7.1590717994483884e-12,10380.43659752025,581615.4037389315,33657.774235045836,33656.72191980454,33657.774235045836,0.7090667834107551,12575.53924461404,0.0,4.185221388344749e-07,7.953804968986156e-10,-3.1395007239417846e-05,pseudo_6dof_kinematic_bridge,a320.attitude_response_p6dof.v1,surrogate_policy_overlay,0.0,0,0.7085668170766132,-4.3730984424410954e-55,-1.0401344840132254e-27,0.01999999999998898,1.415091443499899e-12,jsbsim-1.3.1-a320-coefficient-surrogate
988.0,8.592625367500135,210.52081574961082,10480.732140007021,230.15499508858352,0.7740608754692585,59307.556624245786,5,6,right-turn,0.0,0.0,10500.0,230.1542,-92.33728928766855,0.0,0.0,7.214658737938203e-24,0.1432394487829405,-92.3372892879837,-1.6115897204363054,-3.2798238318308214e-55,6.296351578590031e-26,2.937938896907426e-120,7.084680411530814e-12,10380.435068568844,581608.45016916,33657.54052655173,33656.51118208562,33657.54052655173,0.7090625856360093,12575.773499359006,0.0,2.6769055376752157e-07,7.953803797457273e-10,-1.64205124447833e-05,pseudo_6dof_kinematic_bridge,a320.attitude_response_p6dof.v1,surrogate_policy_overlay,0.0,0,0.7085619239979342,-3.2798238318308214e-55,-1.589549225793154e-26,0.01999999999998898,7.204406574573291e-13,jsbsim-1.3.1-a320-coefficient-surrogate
989.0,8.592625367500135,210.52081574961082,10480.732140007021,230.15497773254114,0.7740608170971456,59306.84756166015,5,6,right-turn,0.0,0.0,10500.0,230.1542,-92.33728928766855,0.0,0.0,4.569358889464774e-24,0.1432394487829405,-92.33728928768036,-1.6115897204363054,-2.459867873873116e-55,-4.616919205836844e-26,1.4102106705155642e-120,5.294024156677106e-12,10380.433572974725,581601.4966405545,33657.30685328727,33656.29997844109,33657.30685328727,0.7090583785802924,12576.007706956712,0.0,1.1780165090330606e-07,7.953802651487753e-10,-4.047221707706761e-06,pseudo_6dof_kinematic_bridge,a320.attitude_response_p6dof.v1,surrogate_policy_overlay,0.0,0,0.7085570203347511,-2.459867873873116e-55,-1.235800550630001e-26,0.01999999999998898,1.5665189979498813e-13,jsbsim-1.3.1-a320-coefficient-surrogate
990.0,8.592625367500135,210.52081574961082,10480.732140007021,230.15496075516182,0.7740607599985583,59306.13850328157,5,6,right-turn,0.0,0.0,10500.0,230.1542,-92.33728928766855,0.0,0.0,1.1684345440389875e-24,0.1432394487829405,-92.33728928750894,-1.6115897204363054,-1.844900905404837e-55,-5.935732743891293e-26,6.7690112184747086e-121,2.992057726049097e-12,10380.432110010523,581594.5431532061,33657.07321451815,33656.0883190645,33657.07321451815,0.7090541624466536,12576.241868401346,0.0,5.436304307469201e-09,7.953801530520264e-10,3.826846687269719e-06,pseudo_6dof_kinematic_bridge,a320.attitude_response_p6dof.v1,surrogate_policy_overlay,0.0,0,0.7085521063186465,-1.844900905404837e-55,-4.299161827859784e-27,0.01999999999998898,-1.952763747974593e-13,jsbsim-1.3.1-a320-coefficient-surrogate
991.0,8.592625367500135,210.52081574961082,10480.732140007021,230.15494414818863,0.7740607041457265,59305.42944911912,5,6,right-turn,0.0,0.0,10500.0,230.1542,-92.33728928766855,0.0,0.0,-6.547910215478225e-25,0.1432394487829405,-92.33728928745312,-1.6115897204363054,-1.3836756790536277e-55,-3.1821289126025655e-26,3.2491253848678596e-121,9.744094494372904e-13,10380.430678964729,581587.589707204,33656.839609526025,33655.87621392714,33656.839609526025,0.7090499374337156,12576.475984665434,0.0,-5.832432478162469e-08,7.953800434009628e-10,7.255745232281551e-06,pseudo_6dof_kinematic_bridge,a320.attitude_response_p6dof.v1,surrogate_policy_overlay,0.0,0,0.7085471821761543,-1.3836756790536277e-55,9.7694978247503e-28,0.01999999999998898,-3.425440381131287e-13,jsbsim-1.3.1-a320-coefficient-surrogate
992.0,8.592625367500135,210.52081574961082,10480.732140007021,230.15492790354443,0.7740606495114853,59304.720399181686,5,6,right-turn,0.0,0.0,10500.0,230.1542,-92.33728928766855,0.0,0.0,-9.382414994981352e-25,0.1432394487829405,-92.33728928747529,-1.6115897204363054,-1.0377567592902207e-55,-4.947144106584545e-27,1.5595801847365726e-121,-3.8708199470779674e-13,10380.429279141325,581580.6363026352,33656.60603760822,33655.66367278319,33656.60603760822,0.7090457037357754,12576.710056700336,0.0,-7.934637978990292e-08,7.953799361422531e-10,7.369230177514988e-06,pseudo_6dof_kinematic_bridge,a320.attitude_response_p6dof.v1,surrogate_policy_overlay,0.0,0,0.7085422481288756,-1.0377567592902207e-55,2.4212113800415918e-27,0.01999999999998898,-3.397846451615394e-13,jsbsim-1.3.1-a320-coefficient-surrogate
993.0,8.592625367500135,210.52081574961082,10480.732140007021,230.1549120133283,0.7740605960692621,59304.01135347795,5,6,right-turn,0.0,0.0,10500.0,230.1542,-92.33728928766855,0.0,0.0,-5.292350212192548e-25,0.1432394487829405,-92.33728928753533,-1.6115897204363054,-7.783175694676655e-56,7.138509707953134e-27,7.485984886735548e-122,-1.047904711483628e-12,10380.427909859474,581573.6829395846,33656.37249807734,33655.45070517397,33656.37249807734,0.7090414615428915,12576.944085436684,0.0,-7.143956586551353e-08,7.953798312237299e-10,5.613290035459276e-06,pseudo_6dof_kinematic_bridge,a320.attitude_response_p6dof.v1,surrogate_policy_overlay,0.0,0,0.7085373043935761,-7.783175694676655e-56,1.7420171077907108e-27,0.01999999999998898,-2.5438085125338356e-13,jsbsim-1.3.1-a320-coefficient-surrogate
994.0,8.592625367500135,210.52081574961082,10480.732140007021,230.1548964698114,0.7740605437930632,59303.30231201641,5,6,right-turn,0.0,0.0,10500.0,230.1542,-92.33728928766855,0.0,0.0,-9.941378399455028e-26,0.1432394487829405,-92.33728928760158,-1.6115897204363054,-5.837381771007492e-56,7.501795784566708e-27,3.593272745633063e-122,-1.1563053589168124e-12,10380.426570453175,581566.7296181357,33656.13899026095,33655.237320433,33656.13899026095,0.7090372110409817,12577.17807178486,0.0,-4.940341574370116e-08,7.953797285943619e-10,3.2513351146193533e-06,pseudo_6dof_kinematic_bridge,a320.attitude_response_p6dof.v1,surrogate_policy_overlay,0.0,0,0.7085323511823,-5.837381771007492e-56,6.87510178572953e-28,0.01999999999998898,-1.4410389976265848e-13,jsbsim-1.3.1-a320-coefficient-surrogate
995.0,8.592625367500135,210.52081574961082,10480.732140007021,230.15488126543335,0.7740604926574614,59302.59327480537,5,6,right-turn,0.0,0.0,10500.0,230.1542,-92.33728928766855,0.0,0.0,1.0487278203114439e-25,0.1432394487829405,-92.33728928765493,-1.6115897204363054,-4.378036328255618e-56,3.565473194741159e-27,1.7247709179038702e-122,-9.3099502663906e-13,10380.425260270938,581559.77633837,33655.90551350127,33655.02352769037,33655.90551350127,0.7090329524119126,12577.41201663539,0.0,-2.496179448162877e-08,7.9537962820423e-10,1.1362821621458403e-06,pseudo_6dof_kinematic_bridge,a320.attitude_response_p6dof.v1,surrogate_policy_overlay,0.0,0,0.7085273887024705,-4.378036328255618e-56,7.283507274307341e-29,0.01999999999998898,-4.725520966936605e-14,jsbsim-1.3.1-a320-coefficient-surrogate
996.0,8.592625367500135,210.52081574961082,10480.732140007021,230.15486639279854,0.7740604426375837,59301.88424185295,5,6,right-turn,0.0,0.0,10500.0,230.1542,-92.33728928766855,0.0,0.0,1.195669898732676e-25,0.1432394487829405,-92.33728928768792,-1.6115897204363054,-3.2835272461917138e-56,2.5646230781742127e-28,8.278900405938576e-123,-5.759379214352083e-13,10380.423978675479,581552.8231003673,33655.6720671548,33654.809335877115,33655.6720671548,0.7090286858335848,12577.645920859468,0.0,-5.223940315655248e-09,7.953795300045037e-10,-3.188740179693744e-07,pseudo_6dof_kinematic_bridge,a320.attitude_response_p6dof.v1,surrogate_policy_overlay,0.0,0,0.7085224171569877,-3.2835272461917138e-56,-5.494987924319736e-29,0.01999999999998898,1.8197255747182348e-14,jsbsim-1.3.1-a320-coefficient-surrogate
997.0,8.592625367500135,210.52081574961082,10480.732140007021,230.15485184467263,0.7740603937090994,59301.17521316712,5,6,right-turn,0.0,0.0,10500.0,230.1542,-92.33728928766855,0.0,0.0,5.994450976999076e-26,0.1432394487829405,-92.33728928770148,-1.6115897204363054,-2.4626454346437854e-56,-1.0406085860069895e-27,3.973872194850516e-123,-2.3646577529096193e-13,10380.422725043398,581545.8699042052,33655.4386505921,33654.59475372954,33655.4386505921,0.7090244114800208,12577.87978530927,0.0,7.0407524109610535e-09,7.95379433947416e-10,-1.0494789429650436e-06,pseudo_6dof_kinematic_bridge,a320.attitude_response_p6dof.v1,surrogate_policy_overlay,0.0,0,0.7085174367443283,-2.4626454346437854e-56,5.689357160835846e-29,0.01999999999998898,5.010919508985878e-14,jsbsim-1.3.1-a320-coefficient-surrogate
998.0,8.592625367500135,210.52081574961082,10480.732140007021,230.15483761397894,0.7740603458482079,59300.466188755636,5,6,right-turn,0.0,0.0,10500.0,230.1542,-92.33728928766855,0.0,0.0,6.606698941765536e-27,0.1432394487829405,-92.33728928770088,-1.6115897204363054,-1.846984075982839e-56,-9.30920414758414e-28,1.9074586535282478e-123,1.0519368676868357e-14,10380.421498764885,581538.9167499605,33655.2052631974,33654.37978979356,33655.2052631974,0.7090201295214502,12578.113610818415,0.0,1.210859009928079e-08,7.953793399862417e-10,-1.1954934515366048e-06,pseudo_6dof_kinematic_bridge,a320.attitude_response_p6dof.v1,surrogate_policy_overlay,0.0,0,0.7085124476586434,-1.846984075982839e-56,1.9202509424189402e-28,0.01999999999998898,5.543074601530759e-14,jsbsim-1.3.1-a320-coefficient-surrogate
999.0,8.592625367500135,210.52081574961082,10480.732140007021,230.15482369379487,0.7740602990316274,59299.757168626114,5,6,right-turn,0.0,0.0,10500.0,230.1542,-92.33728928766855,0.0,0.0,-1.5640163441569627e-26,0.1432394487829405,-92.33728928769256,-1.6115897204363054,-1.3852380569871293e-56,-3.8828099682727145e-28,9.15580153693559e-124,1.4515652361418724e-13,10380.420299243417,581531.9636377073,33654.971904368336,33654.16445242895,33654.971904368336,0.7090158401243953,12578.347398202379,0.0,1.1934203033313655e-08,7.953792480752731e-10,-9.813913322847514e-07,pseudo_6dof_kinematic_bridge,a320.attitude_response_p6dof.v1,surrogate_policy_overlay,0.0,0,0.708507450089856,-1.3852380569871293e-56,2.621112005726241e-28,0.01999999999998898,4.4698688973682266e-14,jsbsim-1.3.1-a320-coefficient-surrogate
1000.0,8.592625367500135,210.52081574961082,10480.732140007021,230.1548100773489,0.7740602532365836,59299.04815278599,5,6,right-turn,0.0,0.0,10500.0,230.1542,-92.33728928766855,0.0,0.0,-1.4954810078220052e-26,0.1432394487829405,-92.33728928768201,-1.6115897204363054,-1.038928542740347e-56,1.1961672730067119e-29,4.394784737729083e-124,1.8409885126554452e-13,10380.419125895478,581525.0105675188,33654.73857351567,33653.94874981306,33654.73857351567,0.7090115434517438,12578.581148258905,0.0,8.89718179539589e-09,7.953791581697998e-10,-6.208064769863633e-07,pseudo_6dof_kinematic_bridge,a320.attitude_response_p6dof.v1,surrogate_policy_overlay,0.0,0,0.7085024442237431,-1.038928542740347e-56,2.7146810360156014e-28,0.01999999999998898,2.7731356183299872e-14,jsbsim-1.3.1-a320-coefficient-surrogate
1000.1526019202812,8.592625367500135,210.52081574961082,10480.732140007021,230.15480804479324,0.7740602464006607,59298.939956262955,5,6,right-turn,0.0,0.0,10500.0,230.1542,-92.33728928766855,0.0,0.0,-1.4671958216405098e-26,0.1432394487829405,-92.33728928768043,-1.6115897204363054,-9.992929200760658e-57,3.235015833988259e-29,4.046045390825101e-124,1.8046448618282505e-13,10380.418950747357,581523.9495220862,33654.70297096477,33653.91577866635,33654.70297096477,0.7090108866853722,12578.616813385248,0.0,5.3276194737592155e-09,7.953791447494201e-10,-2.6915893461425575e-07,pseudo_6dof_kinematic_bridge,a320.attitude_response_p6dof.v1,surrogate_policy_overlay,0.0,0,0.7085016790805949,-9.992929200760658e-57,2.5450146300086123e-28,0.01999999999998898,1.1429901310223504e-14,jsbsim-1.3.1-a320-coefficient-surrogate
