shot_name,reference_id,section,identifier_kind,identifier,units,value,tolerance,issues
Nominal,NOTE1,input,signalName,angleOfAttack,deg,12.34,,
Nominal,NOTE1,input,signalName,angleOfSideslip,deg,0.0,,
Nominal,NOTE1,input,signalName,mach,nd,0.8,,
Nominal,NOTE1,input,signalName,trueAirspeed,f_s,300.0,,
Nominal,NOTE1,input,signalName,heightOfCgWrtRwy,f,20000.0,,
Nominal,NOTE1,input,signalName,bodyAngularRate_Roll,rad_s,0.0,,
Nominal,NOTE1,input,signalName,bodyAngularRate_Pitch,rad_s,0.0,,
Nominal,NOTE1,input,signalName,bodyAngularRate_Yaw,rad_s,0.0,,
Nominal,NOTE1,input,signalName,upperLeftBodyFlapDeflection,deg,0.0,,
Nominal,NOTE1,input,signalName,upperRightBodyFlapDeflection,deg,0.0,,
Nominal,NOTE1,input,signalName,lowerLeftBodyFlapDeflection,deg,0.0,,
Nominal,NOTE1,input,signalName,lowerRightBodyFlapDeflection,deg,0.0,,
Nominal,NOTE1,input,signalName,leftWingFlapDeflection,deg,0.0,,
Nominal,NOTE1,input,signalName,rightWingFlapDeflection,deg,0.0,,
Nominal,NOTE1,input,signalName,rudderDeflection,deg,0.0,,
Nominal,NOTE1,input,signalName,landingGearExtension,deg,0.0,,
Nominal,NOTE1,internal,varID,ALP,,12.34,,
Nominal,NOTE1,internal,varID,BETA,,0.0,,
Nominal,NOTE1,internal,varID,XMACH,,0.8,,
Nominal,NOTE1,internal,varID,PB,,0.0,,
Nominal,NOTE1,internal,varID,QB,,0.0,,
Nominal,NOTE1,internal,varID,RB,,0.0,,
Nominal,NOTE1,internal,varID,VRW,,300.0,,
Nominal,NOTE1,internal,varID,H_rwy,,20000.0,,
Nominal,NOTE1,internal,varID,DBFUL,,0.0,,
Nominal,NOTE1,internal,varID,DBFUR,,0.0,,
Nominal,NOTE1,internal,varID,DBFLL,,0.0,,
Nominal,NOTE1,internal,varID,DBFLR,,0.0,,
Nominal,NOTE1,internal,varID,DWFL,,0.0,,
Nominal,NOTE1,internal,varID,DWFR,,0.0,,
Nominal,NOTE1,internal,varID,DRUD,,0.0,,
Nominal,NOTE1,internal,varID,DLG,,0.0,,
Nominal,NOTE1,internal,varID,CBAR,,28.24,,
Nominal,NOTE1,internal,varID,BSPAN,,13.89,,
Nominal,NOTE1,internal,varID,SWING,,286.45,,
Nominal,NOTE1,internal,varID,XRP,,0.54,,
Nominal,NOTE1,internal,varID,CMQ0,,-0.22364,,
Nominal,NOTE1,internal,varID,CMQ1,,0.020457,,
Nominal,NOTE1,internal,varID,CMQ2,,-0.0016741,,
Nominal,NOTE1,internal,varID,CMQ3,,3.1618e-05,,
Nominal,NOTE1,internal,varID,CNP0,,0.40031,,
Nominal,NOTE1,internal,varID,CNP1,,-0.015518,,
Nominal,NOTE1,internal,varID,CNP2,,-0.00012143,,
Nominal,NOTE1,internal,varID,CNP3,,1.824e-05,,
Nominal,NOTE1,internal,varID,CNR0,,-0.79533,,
Nominal,NOTE1,internal,varID,CNR1,,-0.012647,,
Nominal,NOTE1,internal,varID,CNR2,,0.00032696,,
Nominal,NOTE1,internal,varID,CNR3,,-6.5929e-06,,
Nominal,NOTE1,internal,varID,CLP0,,-0.55242,,
Nominal,NOTE1,internal,varID,CLP1,,0.014478,,
Nominal,NOTE1,internal,varID,CLP2,,-0.0011545,,
Nominal,NOTE1,internal,varID,CLP3,,1.7706e-05,,
Nominal,NOTE1,internal,varID,CLR0,,0.44685,,
Nominal,NOTE1,internal,varID,CLR1,,0.067411,,
Nominal,NOTE1,internal,varID,CLR2,,-0.0051866,,
Nominal,NOTE1,internal,varID,CLR3,,0.00012659,,
Nominal,NOTE1,internal,varID,abs_rud,,0.0,,
Nominal,NOTE1,internal,varID,HOB,,1439.8848092152627,,
Nominal,NOTE1,internal,varID,PBO2V,,0.0,,
Nominal,NOTE1,internal,varID,QCO2V,,0.0,,
Nominal,NOTE1,internal,varID,RBO2V,,0.0,,
Nominal,NOTE1,internal,varID,CL0A0,,-0.073425,,
Nominal,NOTE1,internal,varID,CL0A1,,0.043347,,
Nominal,NOTE1,internal,varID,CL0A2,,0.00012122,,
Nominal,NOTE1,internal,varID,CL0A3,,-1.5927e-05,,
Nominal,NOTE1,internal,varID,CL0,,0.450007706673992,,
Nominal,NOTE1,internal,varID,CD0A0,,0.060114,,
Nominal,NOTE1,internal,varID,CD0A1,,-0.002439,,
Nominal,NOTE1,internal,varID,CD0A2,,0.00080564,,
Nominal,NOTE1,internal,varID,CD0A3,,-8.387e-06,,
Nominal,NOTE1,internal,varID,CD0,,0.13693620284215202,,
Nominal,NOTE1,internal,varID,CM0A0,,0.025129,,
Nominal,NOTE1,internal,varID,CM0A1,,-0.0030512,,
Nominal,NOTE1,internal,varID,CM0A2,,-4.8533e-05,,
Nominal,NOTE1,internal,varID,CM0A3,,4.6453e-06,,
Nominal,NOTE1,internal,varID,CM0,,-0.011184305171448798,,
Nominal,NOTE1,internal,varID,CY0A0,,-0.013313,,
Nominal,NOTE1,internal,varID,CY0A1,,-0.00013917,,
Nominal,NOTE1,internal,varID,CY0A2,,1.604e-05,,
Nominal,NOTE1,internal,varID,CY0A3,,-1.4751e-07,,
Nominal,NOTE1,internal,varID,CYB,,-0.01286504040014904,,
Nominal,NOTE1,internal,varID,CR0A0,,-0.0063969,,
Nominal,NOTE1,internal,varID,CR0A1,,-0.00049202,,
Nominal,NOTE1,internal,varID,CR0A2,,2.8527e-05,,
Nominal,NOTE1,internal,varID,CR0A3,,-3.0272e-07,,
Nominal,NOTE1,internal,varID,CRB,,-0.00869329613005888,,
Nominal,NOTE1,internal,varID,CN0A0,,0.0030814,,
Nominal,NOTE1,internal,varID,CN0A1,,0.00011705,,
Nominal,NOTE1,internal,varID,CN0A2,,-2.2768e-06,,
Nominal,NOTE1,internal,varID,CN0A3,,-2.9912e-07,,
Nominal,NOTE1,internal,varID,CNB,,0.00361702523391552,,
Nominal,NOTE1,internal,varID,CLRUD0,,0.0,,
Nominal,NOTE1,internal,varID,CLRUD1,,0.0,,
Nominal,NOTE1,internal,varID,CLRUD2,,0.0,,
Nominal,NOTE1,internal,varID,CLRUD3,,0.0,,
Nominal,NOTE1,internal,varID,CLRUD,,0.0,,
Nominal,NOTE1,internal,varID,CDRUD0,,0.0,,
Nominal,NOTE1,internal,varID,CDRUD1,,0.0,,
Nominal,NOTE1,internal,varID,CDRUD2,,0.0,,
Nominal,NOTE1,internal,varID,CDRUD3,,0.0,,
Nominal,NOTE1,internal,varID,CDRUD,,0.0,,
Nominal,NOTE1,internal,varID,CMRUD0,,0.0,,
Nominal,NOTE1,internal,varID,CMRUD1,,0.0,,
Nominal,NOTE1,internal,varID,CMRUD2,,0.0,,
Nominal,NOTE1,internal,varID,CMRUD3,,0.0,,
Nominal,NOTE1,internal,varID,CMRUD,,0.0,,
Nominal,NOTE1,internal,varID,CYRUD0,,0.0,,
Nominal,NOTE1,internal,varID,CYRUD1,,0.0,,
Nominal,NOTE1,internal,varID,CYRUD2,,0.0,,
Nominal,NOTE1,internal,varID,CYRUD3,,0.0,,
Nominal,NOTE1,internal,varID,CYRUD,,0.0,,
Nominal,NOTE1,internal,varID,CRRUD0,,0.0,,
Nominal,NOTE1,internal,varID,CRRUD1,,0.0,,
Nominal,NOTE1,internal,varID,CRRUD2,,0.0,,
Nominal,NOTE1,internal,varID,CRRUD3,,0.0,,
Nominal,NOTE1,internal,varID,CRRUD,,0.0,,
Nominal,NOTE1,internal,varID,CNRUD0,,0.0,,
Nominal,NOTE1,internal,varID,CNRUD1,,0.0,,
Nominal,NOTE1,internal,varID,CNRUD2,,0.0,,
Nominal,NOTE1,internal,varID,CNRUD3,,0.0,,
Nominal,NOTE1,internal,varID,CNRUD,,0.0,,
Nominal,NOTE1,internal,varID,CLBFLL0,,0.0,,
Nominal,NOTE1,internal,varID,CLBFLL1,,0.0,,
Nominal,NOTE1,internal,varID,CLBFLL2,,0.0,,
Nominal,NOTE1,internal,varID,CLBFLL3,,0.0,,
Nominal,NOTE1,internal,varID,CLBFLL,,0.0,,
Nominal,NOTE1,internal,varID,CDBFLL0,,0.0,,
Nominal,NOTE1,internal,varID,CDBFLL1,,0.0,,
Nominal,NOTE1,internal,varID,CDBFLL2,,0.0,,
Nominal,NOTE1,internal,varID,CDBFLL3,,0.0,,
Nominal,NOTE1,internal,varID,CDBFLL,,0.0,,
Nominal,NOTE1,internal,varID,CMBFLL0,,0.0,,
Nominal,NOTE1,internal,varID,CMBFLL1,,0.0,,
Nominal,NOTE1,internal,varID,CMBFLL2,,0.0,,
Nominal,NOTE1,internal,varID,CMBFLL3,,0.0,,
Nominal,NOTE1,internal,varID,CMBFLL,,0.0,,
Nominal,NOTE1,internal,varID,CYBFLL0,,0.0,,
Nominal,NOTE1,internal,varID,CYBFLL1,,0.0,,
Nominal,NOTE1,internal,varID,CYBFLL2,,0.0,,
Nominal,NOTE1,internal,varID,CYBFLL3,,0.0,,
Nominal,NOTE1,internal,varID,CYBFLL,,0.0,,
Nominal,NOTE1,internal,varID,CRBFLL0,,0.0,,
Nominal,NOTE1,internal,varID,CRBFLL1,,0.0,,
Nominal,NOTE1,internal,varID,CRBFLL2,,0.0,,
Nominal,NOTE1,internal,varID,CRBFLL3,,0.0,,
Nominal,NOTE1,internal,varID,CRBFLL,,0.0,,
Nominal,NOTE1,internal,varID,CNBFLL0,,0.0,,
Nominal,NOTE1,internal,varID,CNBFLL1,,0.0,,
Nominal,NOTE1,internal,varID,CNBFLL2,,0.0,,
Nominal,NOTE1,internal,varID,CNBFLL3,,0.0,,
Nominal,NOTE1,internal,varID,CNBFLL,,0.0,,
Nominal,NOTE1,internal,varID,CLBFLR0,,0.0,,
Nominal,NOTE1,internal,varID,CLBFLR1,,0.0,,
Nominal,NOTE1,internal,varID,CLBFLR2,,0.0,,
Nominal,NOTE1,internal,varID,CLBFLR3,,0.0,,
Nominal,NOTE1,internal,varID,CLBFLR,,0.0,,
Nominal,NOTE1,internal,varID,CDBFLR0,,0.0,,
Nominal,NOTE1,internal,varID,CDBFLR1,,0.0,,
Nominal,NOTE1,internal,varID,CDBFLR2,,0.0,,
Nominal,NOTE1,internal,varID,CDBFLR3,,0.0,,
Nominal,NOTE1,internal,varID,CDBFLR,,0.0,,
Nominal,NOTE1,internal,varID,CMBFLR0,,0.0,,
Nominal,NOTE1,internal,varID,CMBFLR1,,0.0,,
Nominal,NOTE1,internal,varID,CMBFLR2,,0.0,,
Nominal,NOTE1,internal,varID,CMBFLR3,,0.0,,
Nominal,NOTE1,internal,varID,CMBFLR,,0.0,,
Nominal,NOTE1,internal,varID,CYBFLR0,,0.0,,
Nominal,NOTE1,internal,varID,CYBFLR1,,0.0,,
Nominal,NOTE1,internal,varID,CYBFLR2,,0.0,,
Nominal,NOTE1,internal,varID,CYBFLR3,,0.0,,
Nominal,NOTE1,internal,varID,CYBFLR,,-0.0,,
Nominal,NOTE1,internal,varID,CRBFLR0,,0.0,,
Nominal,NOTE1,internal,varID,CRBFLR1,,0.0,,
Nominal,NOTE1,internal,varID,CRBFLR2,,0.0,,
Nominal,NOTE1,internal,varID,CRBFLR3,,0.0,,
Nominal,NOTE1,internal,varID,CRBFLR,,-0.0,,
Nominal,NOTE1,internal,varID,CNBFLR0,,0.0,,
Nominal,NOTE1,internal,varID,CNBFLR1,,0.0,,
Nominal,NOTE1,internal,varID,CNBFLR2,,0.0,,
Nominal,NOTE1,internal,varID,CNBFLR3,,0.0,,
Nominal,NOTE1,internal,varID,CNBFLR,,-0.0,,
Nominal,NOTE1,internal,varID,CLBFUL0,,0.0,,
Nominal,NOTE1,internal,varID,CLBFUL1,,0.0,,
Nominal,NOTE1,internal,varID,CLBFUL2,,0.0,,
Nominal,NOTE1,internal,varID,CLBFUL3,,0.0,,
Nominal,NOTE1,internal,varID,CLBFUL,,0.0,,
Nominal,NOTE1,internal,varID,CDBFUL0,,0.0,,
Nominal,NOTE1,internal,varID,CDBFUL1,,0.0,,
Nominal,NOTE1,internal,varID,CDBFUL2,,0.0,,
Nominal,NOTE1,internal,varID,CDBFUL3,,0.0,,
Nominal,NOTE1,internal,varID,CDBFUL,,0.0,,
Nominal,NOTE1,internal,varID,CMBFUL0,,0.0,,
Nominal,NOTE1,internal,varID,CMBFUL1,,0.0,,
Nominal,NOTE1,internal,varID,CMBFUL2,,0.0,,
Nominal,NOTE1,internal,varID,CMBFUL3,,0.0,,
Nominal,NOTE1,internal,varID,CMBFUL,,0.0,,
Nominal,NOTE1,internal,varID,CYBFUL0,,0.0,,
Nominal,NOTE1,internal,varID,CYBFUL1,,0.0,,
Nominal,NOTE1,internal,varID,CYBFUL2,,0.0,,
Nominal,NOTE1,internal,varID,CYBFUL3,,0.0,,
Nominal,NOTE1,internal,varID,CYBFUL,,0.0,,
Nominal,NOTE1,internal,varID,CRBFUL0,,0.0,,
Nominal,NOTE1,internal,varID,CRBFUL1,,0.0,,
Nominal,NOTE1,internal,varID,CRBFUL2,,0.0,,
Nominal,NOTE1,internal,varID,CRBFUL3,,0.0,,
Nominal,NOTE1,internal,varID,CRBFUL,,0.0,,
Nominal,NOTE1,internal,varID,CNBFUL0,,0.0,,
Nominal,NOTE1,internal,varID,CNBFUL1,,0.0,,
Nominal,NOTE1,internal,varID,CNBFUL2,,0.0,,
Nominal,NOTE1,internal,varID,CNBFUL3,,0.0,,
Nominal,NOTE1,internal,varID,CNBFUL,,0.0,,
Nominal,NOTE1,internal,varID,CLBFUR0,,0.0,,
Nominal,NOTE1,internal,varID,CLBFUR1,,0.0,,
Nominal,NOTE1,internal,varID,CLBFUR2,,0.0,,
Nominal,NOTE1,internal,varID,CLBFUR3,,0.0,,
Nominal,NOTE1,internal,varID,CLBFUR,,0.0,,
Nominal,NOTE1,internal,varID,CDBFUR0,,0.0,,
Nominal,NOTE1,internal,varID,CDBFUR1,,0.0,,
Nominal,NOTE1,internal,varID,CDBFUR2,,0.0,,
Nominal,NOTE1,internal,varID,CDBFUR3,,0.0,,
Nominal,NOTE1,internal,varID,CDBFUR,,0.0,,
Nominal,NOTE1,internal,varID,CMBFUR0,,0.0,,
Nominal,NOTE1,internal,varID,CMBFUR1,,0.0,,
Nominal,NOTE1,internal,varID,CMBFUR2,,0.0,,
Nominal,NOTE1,internal,varID,CMBFUR3,,0.0,,
Nominal,NOTE1,internal,varID,CMBFUR,,0.0,,
Nominal,NOTE1,internal,varID,CYBFUR0,,0.0,,
Nominal,NOTE1,internal,varID,CYBFUR1,,0.0,,
Nominal,NOTE1,internal,varID,CYBFUR2,,0.0,,
Nominal,NOTE1,internal,varID,CYBFUR3,,0.0,,
Nominal,NOTE1,internal,varID,CYBFUR,,-0.0,,
Nominal,NOTE1,internal,varID,CRBFUR0,,0.0,,
Nominal,NOTE1,internal,varID,CRBFUR1,,0.0,,
Nominal,NOTE1,internal,varID,CRBFUR2,,0.0,,
Nominal,NOTE1,internal,varID,CRBFUR3,,0.0,,
Nominal,NOTE1,internal,varID,CRBFUR,,-0.0,,
Nominal,NOTE1,internal,varID,CNBFUR0,,0.0,,
Nominal,NOTE1,internal,varID,CNBFUR1,,0.0,,
Nominal,NOTE1,internal,varID,CNBFUR2,,0.0,,
Nominal,NOTE1,internal,varID,CNBFUR3,,0.0,,
Nominal,NOTE1,internal,varID,CNBFUR,,-0.0,,
Nominal,NOTE1,internal,varID,CLWFL0,,0.0,,
Nominal,NOTE1,internal,varID,CLWFL1,,0.0,,
Nominal,NOTE1,internal,varID,CLWFL2,,0.0,,
Nominal,NOTE1,internal,varID,CLWFL3,,0.0,,
Nominal,NOTE1,internal,varID,CLWFL,,0.0,,
Nominal,NOTE1,internal,varID,CDWFL0,,0.0,,
Nominal,NOTE1,internal,varID,CDWFL1,,0.0,,
Nominal,NOTE1,internal,varID,CDWFL2,,0.0,,
Nominal,NOTE1,internal,varID,CDWFL3,,0.0,,
Nominal,NOTE1,internal,varID,CDWFL,,0.0,,
Nominal,NOTE1,internal,varID,CMWFL0,,0.0,,
Nominal,NOTE1,internal,varID,CMWFL1,,0.0,,
Nominal,NOTE1,internal,varID,CMWFL2,,0.0,,
Nominal,NOTE1,internal,varID,CMWFL3,,0.0,,
Nominal,NOTE1,internal,varID,CMWFL,,0.0,,
Nominal,NOTE1,internal,varID,CYWFL0,,0.0,,
Nominal,NOTE1,internal,varID,CYWFL1,,0.0,,
Nominal,NOTE1,internal,varID,CYWFL2,,0.0,,
Nominal,NOTE1,internal,varID,CYWFL3,,0.0,,
Nominal,NOTE1,internal,varID,CYWFL,,0.0,,
Nominal,NOTE1,internal,varID,CRWFL0,,0.0,,
Nominal,NOTE1,internal,varID,CRWFL1,,0.0,,
Nominal,NOTE1,internal,varID,CRWFL2,,0.0,,
Nominal,NOTE1,internal,varID,CRWFL3,,0.0,,
Nominal,NOTE1,internal,varID,CRWFL,,0.0,,
Nominal,NOTE1,internal,varID,CNWFL0,,0.0,,
Nominal,NOTE1,internal,varID,CNWFL1,,0.0,,
Nominal,NOTE1,internal,varID,CNWFL2,,0.0,,
Nominal,NOTE1,internal,varID,CNWFL3,,0.0,,
Nominal,NOTE1,internal,varID,CNWFL,,0.0,,
Nominal,NOTE1,internal,varID,CLWFR0,,0.0,,
Nominal,NOTE1,internal,varID,CLWFR1,,0.0,,
Nominal,NOTE1,internal,varID,CLWFR2,,0.0,,
Nominal,NOTE1,internal,varID,CLWFR3,,0.0,,
Nominal,NOTE1,internal,varID,CLWFR,,0.0,,
Nominal,NOTE1,internal,varID,CDWFR0,,0.0,,
Nominal,NOTE1,internal,varID,CDWFR1,,0.0,,
Nominal,NOTE1,internal,varID,CDWFR2,,0.0,,
Nominal,NOTE1,internal,varID,CDWFR3,,0.0,,
Nominal,NOTE1,internal,varID,CDWFR,,0.0,,
Nominal,NOTE1,internal,varID,CMWFR0,,0.0,,
Nominal,NOTE1,internal,varID,CMWFR1,,0.0,,
Nominal,NOTE1,internal,varID,CMWFR2,,0.0,,
Nominal,NOTE1,internal,varID,CMWFR3,,0.0,,
Nominal,NOTE1,internal,varID,CMWFR,,0.0,,
Nominal,NOTE1,internal,varID,CYWFR0,,0.0,,
Nominal,NOTE1,internal,varID,CYWFR1,,0.0,,
Nominal,NOTE1,internal,varID,CYWFR2,,0.0,,
Nominal,NOTE1,internal,varID,CYWFR3,,0.0,,
Nominal,NOTE1,internal,varID,CYWFR,,-0.0,,
Nominal,NOTE1,internal,varID,CRWFR0,,0.0,,
Nominal,NOTE1,internal,varID,CRWFR1,,0.0,,
Nominal,NOTE1,internal,varID,CRWFR2,,0.0,,
Nominal,NOTE1,internal,varID,CRWFR3,,0.0,,
Nominal,NOTE1,internal,varID,CRWFR,,-0.0,,
Nominal,NOTE1,internal,varID,CNWFR0,,0.0,,
Nominal,NOTE1,internal,varID,CNWFR1,,0.0,,
Nominal,NOTE1,internal,varID,CNWFR2,,0.0,,
Nominal,NOTE1,internal,varID,CNWFR3,,0.0,,
Nominal,NOTE1,internal,varID,CNWFR,,-0.0,,
Nominal,NOTE1,internal,varID,CLLG0,,0.0,,
Nominal,NOTE1,internal,varID,CLLG1,,0.0,,
Nominal,NOTE1,internal,varID,CLLG2,,0.0,,
Nominal,NOTE1,internal,varID,CLLG3,,0.0,,
Nominal,NOTE1,internal,varID,CLLG,,0.0,,
Nominal,NOTE1,internal,varID,CDLG0,,0.0,,
Nominal,NOTE1,internal,varID,CDLG1,,0.0,,
Nominal,NOTE1,internal,varID,CDLG2,,0.0,,
Nominal,NOTE1,internal,varID,CDLG3,,0.0,,
Nominal,NOTE1,internal,varID,CDLG,,0.0,,
Nominal,NOTE1,internal,varID,CMLG0,,0.0,,
Nominal,NOTE1,internal,varID,CMLG1,,0.0,,
Nominal,NOTE1,internal,varID,CMLG2,,0.0,,
Nominal,NOTE1,internal,varID,CMLG3,,0.0,,
Nominal,NOTE1,internal,varID,CMLG,,0.0,,
Nominal,NOTE1,internal,varID,CYLG0,,0.0,,
Nominal,NOTE1,internal,varID,CYLG1,,0.0,,
Nominal,NOTE1,internal,varID,CYLG2,,0.0,,
Nominal,NOTE1,internal,varID,CYLG3,,0.0,,
Nominal,NOTE1,internal,varID,CYLG,,0.0,,
Nominal,NOTE1,internal,varID,CRLG0,,0.0,,
Nominal,NOTE1,internal,varID,CRLG1,,0.0,,
Nominal,NOTE1,internal,varID,CRLG2,,0.0,,
Nominal,NOTE1,internal,varID,CRLG3,,0.0,,
Nominal,NOTE1,internal,varID,CRLG,,0.0,,
Nominal,NOTE1,internal,varID,CNLG0,,0.0,,
Nominal,NOTE1,internal,varID,CNLG1,,0.0,,
Nominal,NOTE1,internal,varID,CNLG2,,0.0,,
Nominal,NOTE1,internal,varID,CNLG3,,0.0,,
Nominal,NOTE1,internal,varID,CNLG,,0.0,,
Nominal,NOTE1,internal,varID,CLGE0,,0.0,,
Nominal,NOTE1,internal,varID,CLGE1,,0.0,,
Nominal,NOTE1,internal,varID,CLGE2,,0.0,,
Nominal,NOTE1,internal,varID,CLGE3,,0.0,,
Nominal,NOTE1,internal,varID,CLGE,,0.0,,
Nominal,NOTE1,internal,varID,CDGE0,,0.0,,
Nominal,NOTE1,internal,varID,CDGE1,,0.0,,
Nominal,NOTE1,internal,varID,CDGE2,,0.0,,
Nominal,NOTE1,internal,varID,CDGE3,,0.0,,
Nominal,NOTE1,internal,varID,CDGE,,0.0,,
Nominal,NOTE1,internal,varID,CMGE0,,0.0,,
Nominal,NOTE1,internal,varID,CMGE1,,0.0,,
Nominal,NOTE1,internal,varID,CMGE2,,0.0,,
Nominal,NOTE1,internal,varID,CMGE3,,0.0,,
Nominal,NOTE1,internal,varID,CMGE,,0.0,,
Nominal,NOTE1,internal,varID,CYGE0,,0.0,,
Nominal,NOTE1,internal,varID,CYGE1,,0.0,,
Nominal,NOTE1,internal,varID,CYGE2,,0.0,,
Nominal,NOTE1,internal,varID,CYGE3,,0.0,,
Nominal,NOTE1,internal,varID,CYGE,,0.0,,
Nominal,NOTE1,internal,varID,CRGE0,,0.0,,
Nominal,NOTE1,internal,varID,CRGE1,,0.0,,
Nominal,NOTE1,internal,varID,CRGE2,,0.0,,
Nominal,NOTE1,internal,varID,CRGE3,,0.0,,
Nominal,NOTE1,internal,varID,CRGE,,0.0,,
Nominal,NOTE1,internal,varID,CNGE0,,0.0,,
Nominal,NOTE1,internal,varID,CNGE1,,0.0,,
Nominal,NOTE1,internal,varID,CNGE2,,0.0,,
Nominal,NOTE1,internal,varID,CNGE3,,0.0,,
Nominal,NOTE1,internal,varID,CNGE,,0.0,,
Nominal,NOTE1,internal,varID,sCYRUD,,0.0,,
Nominal,NOTE1,internal,varID,sCRRUD,,0.0,,
Nominal,NOTE1,internal,varID,sCNRUD,,0.0,,
Nominal,NOTE1,internal,varID,CMQ,,-0.16671242193732802,,
Nominal,NOTE1,internal,varID,CNP,,0.22460148958096002,,
Nominal,NOTE1,internal,varID,CNR,,-0.9139945423159815,,
Nominal,NOTE1,internal,varID,CLP,,-0.516292653713776,,
Nominal,NOTE1,internal,varID,CLR,,0.7267819646773599,,
Nominal,NOTE1,internal,varID,CL,,0.450007706673992,,
Nominal,NOTE1,internal,varID,CD,,0.13693620284215202,,
Nominal,NOTE1,internal,varID,CM,,-0.011184305171448798,,
Nominal,NOTE1,internal,varID,CY,,0.0,,
Nominal,NOTE1,internal,varID,CN,,0.0,,
Nominal,NOTE1,internal,varID,CR,,0.0,,
Nominal,NOTE1,output,signalName,referenceWingChord,f,28.24,1e-06,
Nominal,NOTE1,output,signalName,referenceWingSpan,f,13.89,1e-06,
Nominal,NOTE1,output,signalName,referenceWingArea,f2,286.45,1e-06,
Nominal,NOTE1,output,signalName,vrsPositionOfMrc_X,fracMAC,0.54,1e-06,
Nominal,NOTE1,output,signalName,totalCoefficientOfLift,nd,0.450007736683,1e-06,
Nominal,NOTE1,output,signalName,totalCoefficientOfDrag,nd,0.136936217546,1e-06,
Nominal,NOTE1,output,signalName,aeroBodyForceCoefficient_Y,nd,0.0,1e-06,
Nominal,NOTE1,output,signalName,aeroBodyMomentCoefficient_Roll,nd,0.0,1e-06,
Nominal,NOTE1,output,signalName,aeroBodyMomentCoefficient_Pitch,nd,-0.011184306815,1e-06,
Nominal,NOTE1,output,signalName,aeroBodyMomentCoefficient_Yaw,nd,0.0,1e-06,
Increased VT,NOTE1,input,signalName,angleOfAttack,deg,12.34,,
Increased VT,NOTE1,input,signalName,angleOfSideslip,deg,0.0,,
Increased VT,NOTE1,input,signalName,mach,nd,0.8,,
Increased VT,NOTE1,input,signalName,trueAirspeed,f_s,400.0,,
Increased VT,NOTE1,input,signalName,heightOfCgWrtRwy,f,20000.0,,
Increased VT,NOTE1,input,signalName,bodyAngularRate_Roll,rad_s,0.0,,
Increased VT,NOTE1,input,signalName,bodyAngularRate_Pitch,rad_s,0.0,,
Increased VT,NOTE1,input,signalName,bodyAngularRate_Yaw,rad_s,0.0,,
Increased VT,NOTE1,input,signalName,upperLeftBodyFlapDeflection,deg,0.0,,
Increased VT,NOTE1,input,signalName,upperRightBodyFlapDeflection,deg,0.0,,
Increased VT,NOTE1,input,signalName,lowerLeftBodyFlapDeflection,deg,0.0,,
Increased VT,NOTE1,input,signalName,lowerRightBodyFlapDeflection,deg,0.0,,
Increased VT,NOTE1,input,signalName,leftWingFlapDeflection,deg,0.0,,
Increased VT,NOTE1,input,signalName,rightWingFlapDeflection,deg,0.0,,
Increased VT,NOTE1,input,signalName,rudderDeflection,deg,0.0,,
Increased VT,NOTE1,input,signalName,landingGearExtension,deg,0.0,,
Increased VT,NOTE1,internal,varID,ALP,,12.34,,
Increased VT,NOTE1,internal,varID,BETA,,0.0,,
Increased VT,NOTE1,internal,varID,XMACH,,0.8,,
Increased VT,NOTE1,internal,varID,PB,,0.0,,
Increased VT,NOTE1,internal,varID,QB,,0.0,,
Increased VT,NOTE1,internal,varID,RB,,0.0,,
Increased VT,NOTE1,internal,varID,VRW,,400.0,,
Increased VT,NOTE1,internal,varID,H_rwy,,20000.0,,
Increased VT,NOTE1,internal,varID,DBFUL,,0.0,,
Increased VT,NOTE1,internal,varID,DBFUR,,0.0,,
Increased VT,NOTE1,internal,varID,DBFLL,,0.0,,
Increased VT,NOTE1,internal,varID,DBFLR,,0.0,,
Increased VT,NOTE1,internal,varID,DWFL,,0.0,,
Increased VT,NOTE1,internal,varID,DWFR,,0.0,,
Increased VT,NOTE1,internal,varID,DRUD,,0.0,,
Increased VT,NOTE1,internal,varID,DLG,,0.0,,
Increased VT,NOTE1,internal,varID,CBAR,,28.24,,
Increased VT,NOTE1,internal,varID,BSPAN,,13.89,,
Increased VT,NOTE1,internal,varID,SWING,,286.45,,
Increased VT,NOTE1,internal,varID,XRP,,0.54,,
Increased VT,NOTE1,internal,varID,CMQ0,,-0.22364,,
Increased VT,NOTE1,internal,varID,CMQ1,,0.020457,,
Increased VT,NOTE1,internal,varID,CMQ2,,-0.0016741,,
Increased VT,NOTE1,internal,varID,CMQ3,,3.1618e-05,,
Increased VT,NOTE1,internal,varID,CNP0,,0.40031,,
Increased VT,NOTE1,internal,varID,CNP1,,-0.015518,,
Increased VT,NOTE1,internal,varID,CNP2,,-0.00012143,,
Increased VT,NOTE1,internal,varID,CNP3,,1.824e-05,,
Increased VT,NOTE1,internal,varID,CNR0,,-0.79533,,
Increased VT,NOTE1,internal,varID,CNR1,,-0.012647,,
Increased VT,NOTE1,internal,varID,CNR2,,0.00032696,,
Increased VT,NOTE1,internal,varID,CNR3,,-6.5929e-06,,
Increased VT,NOTE1,internal,varID,CLP0,,-0.55242,,
Increased VT,NOTE1,internal,varID,CLP1,,0.014478,,
Increased VT,NOTE1,internal,varID,CLP2,,-0.0011545,,
Increased VT,NOTE1,internal,varID,CLP3,,1.7706e-05,,
Increased VT,NOTE1,internal,varID,CLR0,,0.44685,,
Increased VT,NOTE1,internal,varID,CLR1,,0.067411,,
Increased VT,NOTE1,internal,varID,CLR2,,-0.0051866,,
Increased VT,NOTE1,internal,varID,CLR3,,0.00012659,,
Increased VT,NOTE1,internal,varID,abs_rud,,0.0,,
Increased VT,NOTE1,internal,varID,HOB,,1439.8848092152627,,
Increased VT,NOTE1,internal,varID,PBO2V,,0.0,,
Increased VT,NOTE1,internal,varID,QCO2V,,0.0,,
Increased VT,NOTE1,internal,varID,RBO2V,,0.0,,
Increased VT,NOTE1,internal,varID,CL0A0,,-0.073425,,
Increased VT,NOTE1,internal,varID,CL0A1,,0.043347,,
Increased VT,NOTE1,internal,varID,CL0A2,,0.00012122,,
Increased VT,NOTE1,internal,varID,CL0A3,,-1.5927e-05,,
Increased VT,NOTE1,internal,varID,CL0,,0.450007706673992,,
Increased VT,NOTE1,internal,varID,CD0A0,,0.060114,,
Increased VT,NOTE1,internal,varID,CD0A1,,-0.002439,,
Increased VT,NOTE1,internal,varID,CD0A2,,0.00080564,,
Increased VT,NOTE1,internal,varID,CD0A3,,-8.387e-06,,
Increased VT,NOTE1,internal,varID,CD0,,0.13693620284215202,,
Increased VT,NOTE1,internal,varID,CM0A0,,0.025129,,
Increased VT,NOTE1,internal,varID,CM0A1,,-0.0030512,,
Increased VT,NOTE1,internal,varID,CM0A2,,-4.8533e-05,,
Increased VT,NOTE1,internal,varID,CM0A3,,4.6453e-06,,
Increased VT,NOTE1,internal,varID,CM0,,-0.011184305171448798,,
Increased VT,NOTE1,internal,varID,CY0A0,,-0.013313,,
Increased VT,NOTE1,internal,varID,CY0A1,,-0.00013917,,
Increased VT,NOTE1,internal,varID,CY0A2,,1.604e-05,,
Increased VT,NOTE1,internal,varID,CY0A3,,-1.4751e-07,,
Increased VT,NOTE1,internal,varID,CYB,,-0.01286504040014904,,
Increased VT,NOTE1,internal,varID,CR0A0,,-0.0063969,,
Increased VT,NOTE1,internal,varID,CR0A1,,-0.00049202,,
Increased VT,NOTE1,internal,varID,CR0A2,,2.8527e-05,,
Increased VT,NOTE1,internal,varID,CR0A3,,-3.0272e-07,,
Increased VT,NOTE1,internal,varID,CRB,,-0.00869329613005888,,
Increased VT,NOTE1,internal,varID,CN0A0,,0.0030814,,
Increased VT,NOTE1,internal,varID,CN0A1,,0.00011705,,
Increased VT,NOTE1,internal,varID,CN0A2,,-2.2768e-06,,
Increased VT,NOTE1,internal,varID,CN0A3,,-2.9912e-07,,
Increased VT,NOTE1,internal,varID,CNB,,0.00361702523391552,,
Increased VT,NOTE1,internal,varID,CLRUD0,,0.0,,
Increased VT,NOTE1,internal,varID,CLRUD1,,0.0,,
Increased VT,NOTE1,internal,varID,CLRUD2,,0.0,,
Increased VT,NOTE1,internal,varID,CLRUD3,,0.0,,
Increased VT,NOTE1,internal,varID,CLRUD,,0.0,,
Increased VT,NOTE1,internal,varID,CDRUD0,,0.0,,
Increased VT,NOTE1,internal,varID,CDRUD1,,0.0,,
Increased VT,NOTE1,internal,varID,CDRUD2,,0.0,,
Increased VT,NOTE1,internal,varID,CDRUD3,,0.0,,
Increased VT,NOTE1,internal,varID,CDRUD,,0.0,,
Increased VT,NOTE1,internal,varID,CMRUD0,,0.0,,
Increased VT,NOTE1,internal,varID,CMRUD1,,0.0,,
Increased VT,NOTE1,internal,varID,CMRUD2,,0.0,,
Increased VT,NOTE1,internal,varID,CMRUD3,,0.0,,
Increased VT,NOTE1,internal,varID,CMRUD,,0.0,,
Increased VT,NOTE1,internal,varID,CYRUD0,,0.0,,
Increased VT,NOTE1,internal,varID,CYRUD1,,0.0,,
Increased VT,NOTE1,internal,varID,CYRUD2,,0.0,,
Increased VT,NOTE1,internal,varID,CYRUD3,,0.0,,
Increased VT,NOTE1,internal,varID,CYRUD,,0.0,,
Increased VT,NOTE1,internal,varID,CRRUD0,,0.0,,
Increased VT,NOTE1,internal,varID,CRRUD1,,0.0,,
Increased VT,NOTE1,internal,varID,CRRUD2,,0.0,,
Increased VT,NOTE1,internal,varID,CRRUD3,,0.0,,
Increased VT,NOTE1,internal,varID,CRRUD,,0.0,,
Increased VT,NOTE1,internal,varID,CNRUD0,,0.0,,
Increased VT,NOTE1,internal,varID,CNRUD1,,0.0,,
Increased VT,NOTE1,internal,varID,CNRUD2,,0.0,,
Increased VT,NOTE1,internal,varID,CNRUD3,,0.0,,
Increased VT,NOTE1,internal,varID,CNRUD,,0.0,,
Increased VT,NOTE1,internal,varID,CLBFLL0,,0.0,,
Increased VT,NOTE1,internal,varID,CLBFLL1,,0.0,,
Increased VT,NOTE1,internal,varID,CLBFLL2,,0.0,,
Increased VT,NOTE1,internal,varID,CLBFLL3,,0.0,,
Increased VT,NOTE1,internal,varID,CLBFLL,,0.0,,
Increased VT,NOTE1,internal,varID,CDBFLL0,,0.0,,
Increased VT,NOTE1,internal,varID,CDBFLL1,,0.0,,
Increased VT,NOTE1,internal,varID,CDBFLL2,,0.0,,
Increased VT,NOTE1,internal,varID,CDBFLL3,,0.0,,
Increased VT,NOTE1,internal,varID,CDBFLL,,0.0,,
Increased VT,NOTE1,internal,varID,CMBFLL0,,0.0,,
Increased VT,NOTE1,internal,varID,CMBFLL1,,0.0,,
Increased VT,NOTE1,internal,varID,CMBFLL2,,0.0,,
Increased VT,NOTE1,internal,varID,CMBFLL3,,0.0,,
Increased VT,NOTE1,internal,varID,CMBFLL,,0.0,,
Increased VT,NOTE1,internal,varID,CYBFLL0,,0.0,,
Increased VT,NOTE1,internal,varID,CYBFLL1,,0.0,,
Increased VT,NOTE1,internal,varID,CYBFLL2,,0.0,,
Increased VT,NOTE1,internal,varID,CYBFLL3,,0.0,,
Increased VT,NOTE1,internal,varID,CYBFLL,,0.0,,
Increased VT,NOTE1,internal,varID,CRBFLL0,,0.0,,
Increased VT,NOTE1,internal,varID,CRBFLL1,,0.0,,
Increased VT,NOTE1,internal,varID,CRBFLL2,,0.0,,
Increased VT,NOTE1,internal,varID,CRBFLL3,,0.0,,
Increased VT,NOTE1,internal,varID,CRBFLL,,0.0,,
Increased VT,NOTE1,internal,varID,CNBFLL0,,0.0,,
Increased VT,NOTE1,internal,varID,CNBFLL1,,0.0,,
Increased VT,NOTE1,internal,varID,CNBFLL2,,0.0,,
Increased VT,NOTE1,internal,varID,CNBFLL3,,0.0,,
Increased VT,NOTE1,internal,varID,CNBFLL,,0.0,,
Increased VT,NOTE1,internal,varID,CLBFLR0,,0.0,,
Increased VT,NOTE1,internal,varID,CLBFLR1,,0.0,,
Increased VT,NOTE1,internal,varID,CLBFLR2,,0.0,,
Increased VT,NOTE1,internal,varID,CLBFLR3,,0.0,,
Increased VT,NOTE1,internal,varID,CLBFLR,,0.0,,
Increased VT,NOTE1,internal,varID,CDBFLR0,,0.0,,
Increased VT,NOTE1,internal,varID,CDBFLR1,,0.0,,
Increased VT,NOTE1,internal,varID,CDBFLR2,,0.0,,
Increased VT,NOTE1,internal,varID,CDBFLR3,,0.0,,
Increased VT,NOTE1,internal,varID,CDBFLR,,0.0,,
Increased VT,NOTE1,internal,varID,CMBFLR0,,0.0,,
Increased VT,NOTE1,internal,varID,CMBFLR1,,0.0,,
Increased VT,NOTE1,internal,varID,CMBFLR2,,0.0,,
Increased VT,NOTE1,internal,varID,CMBFLR3,,0.0,,
Increased VT,NOTE1,internal,varID,CMBFLR,,0.0,,
Increased VT,NOTE1,internal,varID,CYBFLR0,,0.0,,
Increased VT,NOTE1,internal,varID,CYBFLR1,,0.0,,
Increased VT,NOTE1,internal,varID,CYBFLR2,,0.0,,
Increased VT,NOTE1,internal,varID,CYBFLR3,,0.0,,
Increased VT,NOTE1,internal,varID,CYBFLR,,-0.0,,
Increased VT,NOTE1,internal,varID,CRBFLR0,,0.0,,
Increased VT,NOTE1,internal,varID,CRBFLR1,,0.0,,
Increased VT,NOTE1,internal,varID,CRBFLR2,,0.0,,
Increased VT,NOTE1,internal,varID,CRBFLR3,,0.0,,
Increased VT,NOTE1,internal,varID,CRBFLR,,-0.0,,
Increased VT,NOTE1,internal,varID,CNBFLR0,,0.0,,
Increased VT,NOTE1,internal,varID,CNBFLR1,,0.0,,
Increased VT,NOTE1,internal,varID,CNBFLR2,,0.0,,
Increased VT,NOTE1,internal,varID,CNBFLR3,,0.0,,
Increased VT,NOTE1,internal,varID,CNBFLR,,-0.0,,
Increased VT,NOTE1,internal,varID,CLBFUL0,,0.0,,
Increased VT,NOTE1,internal,varID,CLBFUL1,,0.0,,
Increased VT,NOTE1,internal,varID,CLBFUL2,,0.0,,
Increased VT,NOTE1,internal,varID,CLBFUL3,,0.0,,
Increased VT,NOTE1,internal,varID,CLBFUL,,0.0,,
Increased VT,NOTE1,internal,varID,CDBFUL0,,0.0,,
Increased VT,NOTE1,internal,varID,CDBFUL1,,0.0,,
Increased VT,NOTE1,internal,varID,CDBFUL2,,0.0,,
Increased VT,NOTE1,internal,varID,CDBFUL3,,0.0,,
Increased VT,NOTE1,internal,varID,CDBFUL,,0.0,,
Increased VT,NOTE1,internal,varID,CMBFUL0,,0.0,,
Increased VT,NOTE1,internal,varID,CMBFUL1,,0.0,,
Increased VT,NOTE1,internal,varID,CMBFUL2,,0.0,,
Increased VT,NOTE1,internal,varID,CMBFUL3,,0.0,,
Increased VT,NOTE1,internal,varID,CMBFUL,,0.0,,
Increased VT,NOTE1,internal,varID,CYBFUL0,,0.0,,
Increased VT,NOTE1,internal,varID,CYBFUL1,,0.0,,
Increased VT,NOTE1,internal,varID,CYBFUL2,,0.0,,
Increased VT,NOTE1,internal,varID,CYBFUL3,,0.0,,
Increased VT,NOTE1,internal,varID,CYBFUL,,0.0,,
Increased VT,NOTE1,internal,varID,CRBFUL0,,0.0,,
Increased VT,NOTE1,internal,varID,CRBFUL1,,0.0,,
Increased VT,NOTE1,internal,varID,CRBFUL2,,0.0,,
Increased VT,NOTE1,internal,varID,CRBFUL3,,0.0,,
Increased VT,NOTE1,internal,varID,CRBFUL,,0.0,,
Increased VT,NOTE1,internal,varID,CNBFUL0,,0.0,,
Increased VT,NOTE1,internal,varID,CNBFUL1,,0.0,,
Increased VT,NOTE1,internal,varID,CNBFUL2,,0.0,,
Increased VT,NOTE1,internal,varID,CNBFUL3,,0.0,,
Increased VT,NOTE1,internal,varID,CNBFUL,,0.0,,
Increased VT,NOTE1,internal,varID,CLBFUR0,,0.0,,
Increased VT,NOTE1,internal,varID,CLBFUR1,,0.0,,
Increased VT,NOTE1,internal,varID,CLBFUR2,,0.0,,
Increased VT,NOTE1,internal,varID,CLBFUR3,,0.0,,
Increased VT,NOTE1,internal,varID,CLBFUR,,0.0,,
Increased VT,NOTE1,internal,varID,CDBFUR0,,0.0,,
Increased VT,NOTE1,internal,varID,CDBFUR1,,0.0,,
Increased VT,NOTE1,internal,varID,CDBFUR2,,0.0,,
Increased VT,NOTE1,internal,varID,CDBFUR3,,0.0,,
Increased VT,NOTE1,internal,varID,CDBFUR,,0.0,,
Increased VT,NOTE1,internal,varID,CMBFUR0,,0.0,,
Increased VT,NOTE1,internal,varID,CMBFUR1,,0.0,,
Increased VT,NOTE1,internal,varID,CMBFUR2,,0.0,,
Increased VT,NOTE1,internal,varID,CMBFUR3,,0.0,,
Increased VT,NOTE1,internal,varID,CMBFUR,,0.0,,
Increased VT,NOTE1,internal,varID,CYBFUR0,,0.0,,
Increased VT,NOTE1,internal,varID,CYBFUR1,,0.0,,
Increased VT,NOTE1,internal,varID,CYBFUR2,,0.0,,
Increased VT,NOTE1,internal,varID,CYBFUR3,,0.0,,
Increased VT,NOTE1,internal,varID,CYBFUR,,-0.0,,
Increased VT,NOTE1,internal,varID,CRBFUR0,,0.0,,
Increased VT,NOTE1,internal,varID,CRBFUR1,,0.0,,
Increased VT,NOTE1,internal,varID,CRBFUR2,,0.0,,
Increased VT,NOTE1,internal,varID,CRBFUR3,,0.0,,
Increased VT,NOTE1,internal,varID,CRBFUR,,-0.0,,
Increased VT,NOTE1,internal,varID,CNBFUR0,,0.0,,
Increased VT,NOTE1,internal,varID,CNBFUR1,,0.0,,
Increased VT,NOTE1,internal,varID,CNBFUR2,,0.0,,
Increased VT,NOTE1,internal,varID,CNBFUR3,,0.0,,
Increased VT,NOTE1,internal,varID,CNBFUR,,-0.0,,
Increased VT,NOTE1,internal,varID,CLWFL0,,0.0,,
Increased VT,NOTE1,internal,varID,CLWFL1,,0.0,,
Increased VT,NOTE1,internal,varID,CLWFL2,,0.0,,
Increased VT,NOTE1,internal,varID,CLWFL3,,0.0,,
Increased VT,NOTE1,internal,varID,CLWFL,,0.0,,
Increased VT,NOTE1,internal,varID,CDWFL0,,0.0,,
Increased VT,NOTE1,internal,varID,CDWFL1,,0.0,,
Increased VT,NOTE1,internal,varID,CDWFL2,,0.0,,
Increased VT,NOTE1,internal,varID,CDWFL3,,0.0,,
Increased VT,NOTE1,internal,varID,CDWFL,,0.0,,
Increased VT,NOTE1,internal,varID,CMWFL0,,0.0,,
Increased VT,NOTE1,internal,varID,CMWFL1,,0.0,,
Increased VT,NOTE1,internal,varID,CMWFL2,,0.0,,
Increased VT,NOTE1,internal,varID,CMWFL3,,0.0,,
Increased VT,NOTE1,internal,varID,CMWFL,,0.0,,
Increased VT,NOTE1,internal,varID,CYWFL0,,0.0,,
Increased VT,NOTE1,internal,varID,CYWFL1,,0.0,,
Increased VT,NOTE1,internal,varID,CYWFL2,,0.0,,
Increased VT,NOTE1,internal,varID,CYWFL3,,0.0,,
Increased VT,NOTE1,internal,varID,CYWFL,,0.0,,
Increased VT,NOTE1,internal,varID,CRWFL0,,0.0,,
Increased VT,NOTE1,internal,varID,CRWFL1,,0.0,,
Increased VT,NOTE1,internal,varID,CRWFL2,,0.0,,
Increased VT,NOTE1,internal,varID,CRWFL3,,0.0,,
Increased VT,NOTE1,internal,varID,CRWFL,,0.0,,
Increased VT,NOTE1,internal,varID,CNWFL0,,0.0,,
Increased VT,NOTE1,internal,varID,CNWFL1,,0.0,,
Increased VT,NOTE1,internal,varID,CNWFL2,,0.0,,
Increased VT,NOTE1,internal,varID,CNWFL3,,0.0,,
Increased VT,NOTE1,internal,varID,CNWFL,,0.0,,
Increased VT,NOTE1,internal,varID,CLWFR0,,0.0,,
Increased VT,NOTE1,internal,varID,CLWFR1,,0.0,,
Increased VT,NOTE1,internal,varID,CLWFR2,,0.0,,
Increased VT,NOTE1,internal,varID,CLWFR3,,0.0,,
Increased VT,NOTE1,internal,varID,CLWFR,,0.0,,
Increased VT,NOTE1,internal,varID,CDWFR0,,0.0,,
Increased VT,NOTE1,internal,varID,CDWFR1,,0.0,,
Increased VT,NOTE1,internal,varID,CDWFR2,,0.0,,
Increased VT,NOTE1,internal,varID,CDWFR3,,0.0,,
Increased VT,NOTE1,internal,varID,CDWFR,,0.0,,
Increased VT,NOTE1,internal,varID,CMWFR0,,0.0,,
Increased VT,NOTE1,internal,varID,CMWFR1,,0.0,,
Increased VT,NOTE1,internal,varID,CMWFR2,,0.0,,
Increased VT,NOTE1,internal,varID,CMWFR3,,0.0,,
Increased VT,NOTE1,internal,varID,CMWFR,,0.0,,
Increased VT,NOTE1,internal,varID,CYWFR0,,0.0,,
Increased VT,NOTE1,internal,varID,CYWFR1,,0.0,,
Increased VT,NOTE1,internal,varID,CYWFR2,,0.0,,
Increased VT,NOTE1,internal,varID,CYWFR3,,0.0,,
Increased VT,NOTE1,internal,varID,CYWFR,,-0.0,,
Increased VT,NOTE1,internal,varID,CRWFR0,,0.0,,
Increased VT,NOTE1,internal,varID,CRWFR1,,0.0,,
Increased VT,NOTE1,internal,varID,CRWFR2,,0.0,,
Increased VT,NOTE1,internal,varID,CRWFR3,,0.0,,
Increased VT,NOTE1,internal,varID,CRWFR,,-0.0,,
Increased VT,NOTE1,internal,varID,CNWFR0,,0.0,,
Increased VT,NOTE1,internal,varID,CNWFR1,,0.0,,
Increased VT,NOTE1,internal,varID,CNWFR2,,0.0,,
Increased VT,NOTE1,internal,varID,CNWFR3,,0.0,,
Increased VT,NOTE1,internal,varID,CNWFR,,-0.0,,
Increased VT,NOTE1,internal,varID,CLLG0,,0.0,,
Increased VT,NOTE1,internal,varID,CLLG1,,0.0,,
Increased VT,NOTE1,internal,varID,CLLG2,,0.0,,
Increased VT,NOTE1,internal,varID,CLLG3,,0.0,,
Increased VT,NOTE1,internal,varID,CLLG,,0.0,,
Increased VT,NOTE1,internal,varID,CDLG0,,0.0,,
Increased VT,NOTE1,internal,varID,CDLG1,,0.0,,
Increased VT,NOTE1,internal,varID,CDLG2,,0.0,,
Increased VT,NOTE1,internal,varID,CDLG3,,0.0,,
Increased VT,NOTE1,internal,varID,CDLG,,0.0,,
Increased VT,NOTE1,internal,varID,CMLG0,,0.0,,
Increased VT,NOTE1,internal,varID,CMLG1,,0.0,,
Increased VT,NOTE1,internal,varID,CMLG2,,0.0,,
Increased VT,NOTE1,internal,varID,CMLG3,,0.0,,
Increased VT,NOTE1,internal,varID,CMLG,,0.0,,
Increased VT,NOTE1,internal,varID,CYLG0,,0.0,,
Increased VT,NOTE1,internal,varID,CYLG1,,0.0,,
Increased VT,NOTE1,internal,varID,CYLG2,,0.0,,
Increased VT,NOTE1,internal,varID,CYLG3,,0.0,,
Increased VT,NOTE1,internal,varID,CYLG,,0.0,,
Increased VT,NOTE1,internal,varID,CRLG0,,0.0,,
Increased VT,NOTE1,internal,varID,CRLG1,,0.0,,
Increased VT,NOTE1,internal,varID,CRLG2,,0.0,,
Increased VT,NOTE1,internal,varID,CRLG3,,0.0,,
Increased VT,NOTE1,internal,varID,CRLG,,0.0,,
Increased VT,NOTE1,internal,varID,CNLG0,,0.0,,
Increased VT,NOTE1,internal,varID,CNLG1,,0.0,,
Increased VT,NOTE1,internal,varID,CNLG2,,0.0,,
Increased VT,NOTE1,internal,varID,CNLG3,,0.0,,
Increased VT,NOTE1,internal,varID,CNLG,,0.0,,
Increased VT,NOTE1,internal,varID,CLGE0,,0.0,,
Increased VT,NOTE1,internal,varID,CLGE1,,0.0,,
Increased VT,NOTE1,internal,varID,CLGE2,,0.0,,
Increased VT,NOTE1,internal,varID,CLGE3,,0.0,,
Increased VT,NOTE1,internal,varID,CLGE,,0.0,,
Increased VT,NOTE1,internal,varID,CDGE0,,0.0,,
Increased VT,NOTE1,internal,varID,CDGE1,,0.0,,
Increased VT,NOTE1,internal,varID,CDGE2,,0.0,,
Increased VT,NOTE1,internal,varID,CDGE3,,0.0,,
Increased VT,NOTE1,internal,varID,CDGE,,0.0,,
Increased VT,NOTE1,internal,varID,CMGE0,,0.0,,
Increased VT,NOTE1,internal,varID,CMGE1,,0.0,,
Increased VT,NOTE1,internal,varID,CMGE2,,0.0,,
Increased VT,NOTE1,internal,varID,CMGE3,,0.0,,
Increased VT,NOTE1,internal,varID,CMGE,,0.0,,
Increased VT,NOTE1,internal,varID,CYGE0,,0.0,,
Increased VT,NOTE1,internal,varID,CYGE1,,0.0,,
Increased VT,NOTE1,internal,varID,CYGE2,,0.0,,
Increased VT,NOTE1,internal,varID,CYGE3,,0.0,,
Increased VT,NOTE1,internal,varID,CYGE,,0.0,,
Increased VT,NOTE1,internal,varID,CRGE0,,0.0,,
Increased VT,NOTE1,internal,varID,CRGE1,,0.0,,
Increased VT,NOTE1,internal,varID,CRGE2,,0.0,,
Increased VT,NOTE1,internal,varID,CRGE3,,0.0,,
Increased VT,NOTE1,internal,varID,CRGE,,0.0,,
Increased VT,NOTE1,internal,varID,CNGE0,,0.0,,
Increased VT,NOTE1,internal,varID,CNGE1,,0.0,,
Increased VT,NOTE1,internal,varID,CNGE2,,0.0,,
Increased VT,NOTE1,internal,varID,CNGE3,,0.0,,
Increased VT,NOTE1,internal,varID,CNGE,,0.0,,
Increased VT,NOTE1,internal,varID,sCYRUD,,0.0,,
Increased VT,NOTE1,internal,varID,sCRRUD,,0.0,,
Increased VT,NOTE1,internal,varID,sCNRUD,,0.0,,
Increased VT,NOTE1,internal,varID,CMQ,,-0.16671242193732802,,
Increased VT,NOTE1,internal,varID,CNP,,0.22460148958096002,,
Increased VT,NOTE1,internal,varID,CNR,,-0.9139945423159815,,
Increased VT,NOTE1,internal,varID,CLP,,-0.516292653713776,,
Increased VT,NOTE1,internal,varID,CLR,,0.7267819646773599,,
Increased VT,NOTE1,internal,varID,CL,,0.450007706673992,,
Increased VT,NOTE1,internal,varID,CD,,0.13693620284215202,,
Increased VT,NOTE1,internal,varID,CM,,-0.011184305171448798,,
Increased VT,NOTE1,internal,varID,CY,,0.0,,
Increased VT,NOTE1,internal,varID,CN,,0.0,,
Increased VT,NOTE1,internal,varID,CR,,0.0,,
Increased VT,NOTE1,output,signalName,referenceWingChord,f,28.24,1e-06,
Increased VT,NOTE1,output,signalName,referenceWingSpan,f,13.89,1e-06,
Increased VT,NOTE1,output,signalName,referenceWingArea,f2,286.45,1e-06,
Increased VT,NOTE1,output,signalName,vrsPositionOfMrc_X,fracMAC,0.54,1e-06,
Increased VT,NOTE1,output,signalName,totalCoefficientOfLift,nd,0.450007736683,1e-06,
Increased VT,NOTE1,output,signalName,totalCoefficientOfDrag,nd,0.136936217546,1e-06,
Increased VT,NOTE1,output,signalName,aeroBodyForceCoefficient_Y,nd,0.0,1e-06,
Increased VT,NOTE1,output,signalName,aeroBodyMomentCoefficient_Roll,nd,0.0,1e-06,
Increased VT,NOTE1,output,signalName,aeroBodyMomentCoefficient_Pitch,nd,-0.011184306815,1e-06,
Increased VT,NOTE1,output,signalName,aeroBodyMomentCoefficient_Yaw,nd,0.0,1e-06,
Supersonic,NOTE1,input,signalName,angleOfAttack,deg,12.34,,
Supersonic,NOTE1,input,signalName,angleOfSideslip,deg,0.0,,
Supersonic,NOTE1,input,signalName,mach,nd,2.0,,
Supersonic,NOTE1,input,signalName,trueAirspeed,f_s,400.0,,
Supersonic,NOTE1,input,signalName,heightOfCgWrtRwy,f,20000.0,,
Supersonic,NOTE1,input,signalName,bodyAngularRate_Roll,rad_s,0.0,,
Supersonic,NOTE1,input,signalName,bodyAngularRate_Pitch,rad_s,0.0,,
Supersonic,NOTE1,input,signalName,bodyAngularRate_Yaw,rad_s,0.0,,
Supersonic,NOTE1,input,signalName,upperLeftBodyFlapDeflection,deg,0.0,,
Supersonic,NOTE1,input,signalName,upperRightBodyFlapDeflection,deg,0.0,,
Supersonic,NOTE1,input,signalName,lowerLeftBodyFlapDeflection,deg,0.0,,
Supersonic,NOTE1,input,signalName,lowerRightBodyFlapDeflection,deg,0.0,,
Supersonic,NOTE1,input,signalName,leftWingFlapDeflection,deg,0.0,,
Supersonic,NOTE1,input,signalName,rightWingFlapDeflection,deg,0.0,,
Supersonic,NOTE1,input,signalName,rudderDeflection,deg,0.0,,
Supersonic,NOTE1,input,signalName,landingGearExtension,deg,0.0,,
Supersonic,NOTE1,internal,varID,ALP,,12.34,,
Supersonic,NOTE1,internal,varID,BETA,,0.0,,
Supersonic,NOTE1,internal,varID,XMACH,,2.0,,
Supersonic,NOTE1,internal,varID,PB,,0.0,,
Supersonic,NOTE1,internal,varID,QB,,0.0,,
Supersonic,NOTE1,internal,varID,RB,,0.0,,
Supersonic,NOTE1,internal,varID,VRW,,400.0,,
Supersonic,NOTE1,internal,varID,H_rwy,,20000.0,,
Supersonic,NOTE1,internal,varID,DBFUL,,0.0,,
Supersonic,NOTE1,internal,varID,DBFUR,,0.0,,
Supersonic,NOTE1,internal,varID,DBFLL,,0.0,,
Supersonic,NOTE1,internal,varID,DBFLR,,0.0,,
Supersonic,NOTE1,internal,varID,DWFL,,0.0,,
Supersonic,NOTE1,internal,varID,DWFR,,0.0,,
Supersonic,NOTE1,internal,varID,DRUD,,0.0,,
Supersonic,NOTE1,internal,varID,DLG,,0.0,,
Supersonic,NOTE1,internal,varID,CBAR,,28.24,,
Supersonic,NOTE1,internal,varID,BSPAN,,13.89,,
Supersonic,NOTE1,internal,varID,SWING,,286.45,,
Supersonic,NOTE1,internal,varID,XRP,,0.54,,
Supersonic,NOTE1,internal,varID,CMQ0,,-0.22364,,
Supersonic,NOTE1,internal,varID,CMQ1,,0.020457,,
Supersonic,NOTE1,internal,varID,CMQ2,,-0.0016741,,
Supersonic,NOTE1,internal,varID,CMQ3,,3.1618e-05,,
Supersonic,NOTE1,internal,varID,CNP0,,0.40031,,
Supersonic,NOTE1,internal,varID,CNP1,,-0.015518,,
Supersonic,NOTE1,internal,varID,CNP2,,-0.00012143,,
Supersonic,NOTE1,internal,varID,CNP3,,1.824e-05,,
Supersonic,NOTE1,internal,varID,CNR0,,-0.79533,,
Supersonic,NOTE1,internal,varID,CNR1,,-0.012647,,
Supersonic,NOTE1,internal,varID,CNR2,,0.00032696,,
Supersonic,NOTE1,internal,varID,CNR3,,-6.5929e-06,,
Supersonic,NOTE1,internal,varID,CLP0,,-0.55242,,
Supersonic,NOTE1,internal,varID,CLP1,,0.014478,,
Supersonic,NOTE1,internal,varID,CLP2,,-0.0011545,,
Supersonic,NOTE1,internal,varID,CLP3,,1.7706e-05,,
Supersonic,NOTE1,internal,varID,CLR0,,0.44685,,
Supersonic,NOTE1,internal,varID,CLR1,,0.067411,,
Supersonic,NOTE1,internal,varID,CLR2,,-0.0051866,,
Supersonic,NOTE1,internal,varID,CLR3,,0.00012659,,
Supersonic,NOTE1,internal,varID,abs_rud,,0.0,,
Supersonic,NOTE1,internal,varID,HOB,,1439.8848092152627,,
Supersonic,NOTE1,internal,varID,PBO2V,,0.0,,
Supersonic,NOTE1,internal,varID,QCO2V,,0.0,,
Supersonic,NOTE1,internal,varID,RBO2V,,0.0,,
Supersonic,NOTE1,internal,varID,CL0A0,,-0.015098,,
Supersonic,NOTE1,internal,varID,CL0A1,,0.031575,,
Supersonic,NOTE1,internal,varID,CL0A2,,-0.00042347,,
Supersonic,NOTE1,internal,varID,CL0A3,,9.3187e-06,,
Supersonic,NOTE1,internal,varID,CL0,,0.3275639428881048,,
Supersonic,NOTE1,internal,varID,CD0A0,,0.13571,,
Supersonic,NOTE1,internal,varID,CD0A1,,-0.0014175,,
Supersonic,NOTE1,internal,varID,CD0A2,,0.00058796,,
Supersonic,NOTE1,internal,varID,CD0A3,,-3.6904e-06,,
Supersonic,NOTE1,internal,varID,CD0,,0.2008154516078784,,
Supersonic,NOTE1,internal,varID,CM0A0,,-0.0023853,,
Supersonic,NOTE1,internal,varID,CM0A1,,-0.0033833,,
Supersonic,NOTE1,internal,varID,CM0A2,,0.00013745,,
Supersonic,NOTE1,internal,varID,CM0A3,,-2.6807e-06,,
Supersonic,NOTE1,internal,varID,CM0,,-0.0282421929593528,,
Supersonic,NOTE1,internal,varID,CY0A0,,-0.012972,,
Supersonic,NOTE1,internal,varID,CY0A1,,0.00040337,,
Supersonic,NOTE1,internal,varID,CY0A2,,-5.6678e-05,,
Supersonic,NOTE1,internal,varID,CY0A3,,1.4443e-06,,
Supersonic,NOTE1,internal,varID,CYB,,-0.0139111341071528,,
Supersonic,NOTE1,internal,varID,CR0A0,,-0.0025787,,
Supersonic,NOTE1,internal,varID,CR0A1,,-7.5866e-05,,
Supersonic,NOTE1,internal,varID,CR0A2,,7.7915e-06,,
Supersonic,NOTE1,internal,varID,CR0A3,,-2.908e-07,,
Supersonic,NOTE1,internal,varID,CRB,,-0.0028748678294832,,
Supersonic,NOTE1,internal,varID,CN0A0,,0.00091611,,
Supersonic,NOTE1,internal,varID,CN0A1,,-0.00019773,,
Supersonic,NOTE1,internal,varID,CN0A2,,2.2577e-05,,
Supersonic,NOTE1,internal,varID,CN0A3,,-4.2151e-07,,
Supersonic,NOTE1,internal,varID,CNB,,0.0011219966293549602,,
Supersonic,NOTE1,internal,varID,CLRUD0,,0.0,,
Supersonic,NOTE1,internal,varID,CLRUD1,,0.0,,
Supersonic,NOTE1,internal,varID,CLRUD2,,0.0,,
Supersonic,NOTE1,internal,varID,CLRUD3,,0.0,,
Supersonic,NOTE1,internal,varID,CLRUD,,0.0,,
Supersonic,NOTE1,internal,varID,CDRUD0,,0.0,,
Supersonic,NOTE1,internal,varID,CDRUD1,,0.0,,
Supersonic,NOTE1,internal,varID,CDRUD2,,0.0,,
Supersonic,NOTE1,internal,varID,CDRUD3,,0.0,,
Supersonic,NOTE1,internal,varID,CDRUD,,0.0,,
Supersonic,NOTE1,internal,varID,CMRUD0,,0.0,,
Supersonic,NOTE1,internal,varID,CMRUD1,,0.0,,
Supersonic,NOTE1,internal,varID,CMRUD2,,0.0,,
Supersonic,NOTE1,internal,varID,CMRUD3,,0.0,,
Supersonic,NOTE1,internal,varID,CMRUD,,0.0,,
Supersonic,NOTE1,internal,varID,CYRUD0,,0.0,,
Supersonic,NOTE1,internal,varID,CYRUD1,,0.0,,
Supersonic,NOTE1,internal,varID,CYRUD2,,0.0,,
Supersonic,NOTE1,internal,varID,CYRUD3,,0.0,,
Supersonic,NOTE1,internal,varID,CYRUD,,0.0,,
Supersonic,NOTE1,internal,varID,CRRUD0,,0.0,,
Supersonic,NOTE1,internal,varID,CRRUD1,,0.0,,
Supersonic,NOTE1,internal,varID,CRRUD2,,0.0,,
Supersonic,NOTE1,internal,varID,CRRUD3,,0.0,,
Supersonic,NOTE1,internal,varID,CRRUD,,0.0,,
Supersonic,NOTE1,internal,varID,CNRUD0,,0.0,,
Supersonic,NOTE1,internal,varID,CNRUD1,,0.0,,
Supersonic,NOTE1,internal,varID,CNRUD2,,0.0,,
Supersonic,NOTE1,internal,varID,CNRUD3,,0.0,,
Supersonic,NOTE1,internal,varID,CNRUD,,0.0,,
Supersonic,NOTE1,internal,varID,CLBFLL0,,0.0,,
Supersonic,NOTE1,internal,varID,CLBFLL1,,0.0,,
Supersonic,NOTE1,internal,varID,CLBFLL2,,0.0,,
Supersonic,NOTE1,internal,varID,CLBFLL3,,0.0,,
Supersonic,NOTE1,internal,varID,CLBFLL,,0.0,,
Supersonic,NOTE1,internal,varID,CDBFLL0,,0.0,,
Supersonic,NOTE1,internal,varID,CDBFLL1,,0.0,,
Supersonic,NOTE1,internal,varID,CDBFLL2,,0.0,,
Supersonic,NOTE1,internal,varID,CDBFLL3,,0.0,,
Supersonic,NOTE1,internal,varID,CDBFLL,,0.0,,
Supersonic,NOTE1,internal,varID,CMBFLL0,,0.0,,
Supersonic,NOTE1,internal,varID,CMBFLL1,,0.0,,
Supersonic,NOTE1,internal,varID,CMBFLL2,,0.0,,
Supersonic,NOTE1,internal,varID,CMBFLL3,,0.0,,
Supersonic,NOTE1,internal,varID,CMBFLL,,0.0,,
Supersonic,NOTE1,internal,varID,CYBFLL0,,0.0,,
Supersonic,NOTE1,internal,varID,CYBFLL1,,0.0,,
Supersonic,NOTE1,internal,varID,CYBFLL2,,0.0,,
Supersonic,NOTE1,internal,varID,CYBFLL3,,0.0,,
Supersonic,NOTE1,internal,varID,CYBFLL,,0.0,,
Supersonic,NOTE1,internal,varID,CRBFLL0,,0.0,,
Supersonic,NOTE1,internal,varID,CRBFLL1,,0.0,,
Supersonic,NOTE1,internal,varID,CRBFLL2,,0.0,,
Supersonic,NOTE1,internal,varID,CRBFLL3,,0.0,,
Supersonic,NOTE1,internal,varID,CRBFLL,,0.0,,
Supersonic,NOTE1,internal,varID,CNBFLL0,,0.0,,
Supersonic,NOTE1,internal,varID,CNBFLL1,,0.0,,
Supersonic,NOTE1,internal,varID,CNBFLL2,,0.0,,
Supersonic,NOTE1,internal,varID,CNBFLL3,,0.0,,
Supersonic,NOTE1,internal,varID,CNBFLL,,0.0,,
Supersonic,NOTE1,internal,varID,CLBFLR0,,0.0,,
Supersonic,NOTE1,internal,varID,CLBFLR1,,0.0,,
Supersonic,NOTE1,internal,varID,CLBFLR2,,0.0,,
Supersonic,NOTE1,internal,varID,CLBFLR3,,0.0,,
Supersonic,NOTE1,internal,varID,CLBFLR,,0.0,,
Supersonic,NOTE1,internal,varID,CDBFLR0,,0.0,,
Supersonic,NOTE1,internal,varID,CDBFLR1,,0.0,,
Supersonic,NOTE1,internal,varID,CDBFLR2,,0.0,,
Supersonic,NOTE1,internal,varID,CDBFLR3,,0.0,,
Supersonic,NOTE1,internal,varID,CDBFLR,,0.0,,
Supersonic,NOTE1,internal,varID,CMBFLR0,,0.0,,
Supersonic,NOTE1,internal,varID,CMBFLR1,,0.0,,
Supersonic,NOTE1,internal,varID,CMBFLR2,,0.0,,
Supersonic,NOTE1,internal,varID,CMBFLR3,,0.0,,
Supersonic,NOTE1,internal,varID,CMBFLR,,0.0,,
Supersonic,NOTE1,internal,varID,CYBFLR0,,0.0,,
Supersonic,NOTE1,internal,varID,CYBFLR1,,0.0,,
Supersonic,NOTE1,internal,varID,CYBFLR2,,0.0,,
Supersonic,NOTE1,internal,varID,CYBFLR3,,0.0,,
Supersonic,NOTE1,internal,varID,CYBFLR,,-0.0,,
Supersonic,NOTE1,internal,varID,CRBFLR0,,0.0,,
Supersonic,NOTE1,internal,varID,CRBFLR1,,0.0,,
Supersonic,NOTE1,internal,varID,CRBFLR2,,0.0,,
Supersonic,NOTE1,internal,varID,CRBFLR3,,0.0,,
Supersonic,NOTE1,internal,varID,CRBFLR,,-0.0,,
Supersonic,NOTE1,internal,varID,CNBFLR0,,0.0,,
Supersonic,NOTE1,internal,varID,CNBFLR1,,0.0,,
Supersonic,NOTE1,internal,varID,CNBFLR2,,0.0,,
Supersonic,NOTE1,internal,varID,CNBFLR3,,0.0,,
Supersonic,NOTE1,internal,varID,CNBFLR,,-0.0,,
Supersonic,NOTE1,internal,varID,CLBFUL0,,0.0,,
Supersonic,NOTE1,internal,varID,CLBFUL1,,0.0,,
Supersonic,NOTE1,internal,varID,CLBFUL2,,0.0,,
Supersonic,NOTE1,internal,varID,CLBFUL3,,0.0,,
Supersonic,NOTE1,internal,varID,CLBFUL,,0.0,,
Supersonic,NOTE1,internal,varID,CDBFUL0,,0.0,,
Supersonic,NOTE1,internal,varID,CDBFUL1,,0.0,,
Supersonic,NOTE1,internal,varID,CDBFUL2,,0.0,,
Supersonic,NOTE1,internal,varID,CDBFUL3,,0.0,,
Supersonic,NOTE1,internal,varID,CDBFUL,,0.0,,
Supersonic,NOTE1,internal,varID,CMBFUL0,,0.0,,
Supersonic,NOTE1,internal,varID,CMBFUL1,,0.0,,
Supersonic,NOTE1,internal,varID,CMBFUL2,,0.0,,
Supersonic,NOTE1,internal,varID,CMBFUL3,,0.0,,
Supersonic,NOTE1,internal,varID,CMBFUL,,0.0,,
Supersonic,NOTE1,internal,varID,CYBFUL0,,0.0,,
Supersonic,NOTE1,internal,varID,CYBFUL1,,0.0,,
Supersonic,NOTE1,internal,varID,CYBFUL2,,0.0,,
Supersonic,NOTE1,internal,varID,CYBFUL3,,0.0,,
Supersonic,NOTE1,internal,varID,CYBFUL,,0.0,,
Supersonic,NOTE1,internal,varID,CRBFUL0,,0.0,,
Supersonic,NOTE1,internal,varID,CRBFUL1,,0.0,,
Supersonic,NOTE1,internal,varID,CRBFUL2,,0.0,,
Supersonic,NOTE1,internal,varID,CRBFUL3,,0.0,,
Supersonic,NOTE1,internal,varID,CRBFUL,,0.0,,
Supersonic,NOTE1,internal,varID,CNBFUL0,,0.0,,
Supersonic,NOTE1,internal,varID,CNBFUL1,,0.0,,
Supersonic,NOTE1,internal,varID,CNBFUL2,,0.0,,
Supersonic,NOTE1,internal,varID,CNBFUL3,,0.0,,
Supersonic,NOTE1,internal,varID,CNBFUL,,0.0,,
Supersonic,NOTE1,internal,varID,CLBFUR0,,0.0,,
Supersonic,NOTE1,internal,varID,CLBFUR1,,0.0,,
Supersonic,NOTE1,internal,varID,CLBFUR2,,0.0,,
Supersonic,NOTE1,internal,varID,CLBFUR3,,0.0,,
Supersonic,NOTE1,internal,varID,CLBFUR,,0.0,,
Supersonic,NOTE1,internal,varID,CDBFUR0,,0.0,,
Supersonic,NOTE1,internal,varID,CDBFUR1,,0.0,,
Supersonic,NOTE1,internal,varID,CDBFUR2,,0.0,,
Supersonic,NOTE1,internal,varID,CDBFUR3,,0.0,,
Supersonic,NOTE1,internal,varID,CDBFUR,,0.0,,
Supersonic,NOTE1,internal,varID,CMBFUR0,,0.0,,
Supersonic,NOTE1,internal,varID,CMBFUR1,,0.0,,
Supersonic,NOTE1,internal,varID,CMBFUR2,,0.0,,
Supersonic,NOTE1,internal,varID,CMBFUR3,,0.0,,
Supersonic,NOTE1,internal,varID,CMBFUR,,0.0,,
Supersonic,NOTE1,internal,varID,CYBFUR0,,0.0,,
Supersonic,NOTE1,internal,varID,CYBFUR1,,0.0,,
Supersonic,NOTE1,internal,varID,CYBFUR2,,0.0,,
Supersonic,NOTE1,internal,varID,CYBFUR3,,0.0,,
Supersonic,NOTE1,internal,varID,CYBFUR,,-0.0,,
Supersonic,NOTE1,internal,varID,CRBFUR0,,0.0,,
Supersonic,NOTE1,internal,varID,CRBFUR1,,0.0,,
Supersonic,NOTE1,internal,varID,CRBFUR2,,0.0,,
Supersonic,NOTE1,internal,varID,CRBFUR3,,0.0,,
Supersonic,NOTE1,internal,varID,CRBFUR,,-0.0,,
Supersonic,NOTE1,internal,varID,CNBFUR0,,0.0,,
Supersonic,NOTE1,internal,varID,CNBFUR1,,0.0,,
Supersonic,NOTE1,internal,varID,CNBFUR2,,0.0,,
Supersonic,NOTE1,internal,varID,CNBFUR3,,0.0,,
Supersonic,NOTE1,internal,varID,CNBFUR,,-0.0,,
Supersonic,NOTE1,internal,varID,CLWFL0,,0.0,,
Supersonic,NOTE1,internal,varID,CLWFL1,,0.0,,
Supersonic,NOTE1,internal,varID,CLWFL2,,0.0,,
Supersonic,NOTE1,internal,varID,CLWFL3,,0.0,,
Supersonic,NOTE1,internal,varID,CLWFL,,0.0,,
Supersonic,NOTE1,internal,varID,CDWFL0,,0.0,,
Supersonic,NOTE1,internal,varID,CDWFL1,,0.0,,
Supersonic,NOTE1,internal,varID,CDWFL2,,0.0,,
Supersonic,NOTE1,internal,varID,CDWFL3,,0.0,,
Supersonic,NOTE1,internal,varID,CDWFL,,0.0,,
Supersonic,NOTE1,internal,varID,CMWFL0,,0.0,,
Supersonic,NOTE1,internal,varID,CMWFL1,,0.0,,
Supersonic,NOTE1,internal,varID,CMWFL2,,0.0,,
Supersonic,NOTE1,internal,varID,CMWFL3,,0.0,,
Supersonic,NOTE1,internal,varID,CMWFL,,0.0,,
Supersonic,NOTE1,internal,varID,CYWFL0,,0.0,,
Supersonic,NOTE1,internal,varID,CYWFL1,,0.0,,
Supersonic,NOTE1,internal,varID,CYWFL2,,0.0,,
Supersonic,NOTE1,internal,varID,CYWFL3,,0.0,,
Supersonic,NOTE1,internal,varID,CYWFL,,0.0,,
Supersonic,NOTE1,internal,varID,CRWFL0,,0.0,,
Supersonic,NOTE1,internal,varID,CRWFL1,,0.0,,
Supersonic,NOTE1,internal,varID,CRWFL2,,0.0,,
Supersonic,NOTE1,internal,varID,CRWFL3,,0.0,,
Supersonic,NOTE1,internal,varID,CRWFL,,0.0,,
Supersonic,NOTE1,internal,varID,CNWFL0,,0.0,,
Supersonic,NOTE1,internal,varID,CNWFL1,,0.0,,
Supersonic,NOTE1,internal,varID,CNWFL2,,0.0,,
Supersonic,NOTE1,internal,varID,CNWFL3,,0.0,,
Supersonic,NOTE1,internal,varID,CNWFL,,0.0,,
Supersonic,NOTE1,internal,varID,CLWFR0,,0.0,,
Supersonic,NOTE1,internal,varID,CLWFR1,,0.0,,
Supersonic,NOTE1,internal,varID,CLWFR2,,0.0,,
Supersonic,NOTE1,internal,varID,CLWFR3,,0.0,,
Supersonic,NOTE1,internal,varID,CLWFR,,0.0,,
Supersonic,NOTE1,internal,varID,CDWFR0,,0.0,,
Supersonic,NOTE1,internal,varID,CDWFR1,,0.0,,
Supersonic,NOTE1,internal,varID,CDWFR2,,0.0,,
Supersonic,NOTE1,internal,varID,CDWFR3,,0.0,,
Supersonic,NOTE1,internal,varID,CDWFR,,0.0,,
Supersonic,NOTE1,internal,varID,CMWFR0,,0.0,,
Supersonic,NOTE1,internal,varID,CMWFR1,,0.0,,
Supersonic,NOTE1,internal,varID,CMWFR2,,0.0,,
Supersonic,NOTE1,internal,varID,CMWFR3,,0.0,,
Supersonic,NOTE1,internal,varID,CMWFR,,0.0,,
Supersonic,NOTE1,internal,varID,CYWFR0,,0.0,,
Supersonic,NOTE1,internal,varID,CYWFR1,,0.0,,
Supersonic,NOTE1,internal,varID,CYWFR2,,0.0,,
Supersonic,NOTE1,internal,varID,CYWFR3,,0.0,,
Supersonic,NOTE1,internal,varID,CYWFR,,-0.0,,
Supersonic,NOTE1,internal,varID,CRWFR0,,0.0,,
Supersonic,NOTE1,internal,varID,CRWFR1,,0.0,,
Supersonic,NOTE1,internal,varID,CRWFR2,,0.0,,
Supersonic,NOTE1,internal,varID,CRWFR3,,0.0,,
Supersonic,NOTE1,internal,varID,CRWFR,,-0.0,,
Supersonic,NOTE1,internal,varID,CNWFR0,,0.0,,
Supersonic,NOTE1,internal,varID,CNWFR1,,0.0,,
Supersonic,NOTE1,internal,varID,CNWFR2,,0.0,,
Supersonic,NOTE1,internal,varID,CNWFR3,,0.0,,
Supersonic,NOTE1,internal,varID,CNWFR,,-0.0,,
Supersonic,NOTE1,internal,varID,CLLG0,,0.0,,
Supersonic,NOTE1,internal,varID,CLLG1,,0.0,,
Supersonic,NOTE1,internal,varID,CLLG2,,0.0,,
Supersonic,NOTE1,internal,varID,CLLG3,,0.0,,
Supersonic,NOTE1,internal,varID,CLLG,,0.0,,
Supersonic,NOTE1,internal,varID,CDLG0,,0.0,,
Supersonic,NOTE1,internal,varID,CDLG1,,0.0,,
Supersonic,NOTE1,internal,varID,CDLG2,,0.0,,
Supersonic,NOTE1,internal,varID,CDLG3,,0.0,,
Supersonic,NOTE1,internal,varID,CDLG,,0.0,,
Supersonic,NOTE1,internal,varID,CMLG0,,0.0,,
Supersonic,NOTE1,internal,varID,CMLG1,,0.0,,
Supersonic,NOTE1,internal,varID,CMLG2,,0.0,,
Supersonic,NOTE1,internal,varID,CMLG3,,0.0,,
Supersonic,NOTE1,internal,varID,CMLG,,0.0,,
Supersonic,NOTE1,internal,varID,CYLG0,,0.0,,
Supersonic,NOTE1,internal,varID,CYLG1,,0.0,,
Supersonic,NOTE1,internal,varID,CYLG2,,0.0,,
Supersonic,NOTE1,internal,varID,CYLG3,,0.0,,
Supersonic,NOTE1,internal,varID,CYLG,,0.0,,
Supersonic,NOTE1,internal,varID,CRLG0,,0.0,,
Supersonic,NOTE1,internal,varID,CRLG1,,0.0,,
Supersonic,NOTE1,internal,varID,CRLG2,,0.0,,
Supersonic,NOTE1,internal,varID,CRLG3,,0.0,,
Supersonic,NOTE1,internal,varID,CRLG,,0.0,,
Supersonic,NOTE1,internal,varID,CNLG0,,0.0,,
Supersonic,NOTE1,internal,varID,CNLG1,,0.0,,
Supersonic,NOTE1,internal,varID,CNLG2,,0.0,,
Supersonic,NOTE1,internal,varID,CNLG3,,0.0,,
Supersonic,NOTE1,internal,varID,CNLG,,0.0,,
Supersonic,NOTE1,internal,varID,CLGE0,,0.0,,
Supersonic,NOTE1,internal,varID,CLGE1,,0.0,,
Supersonic,NOTE1,internal,varID,CLGE2,,0.0,,
Supersonic,NOTE1,internal,varID,CLGE3,,0.0,,
Supersonic,NOTE1,internal,varID,CLGE,,0.0,,
Supersonic,NOTE1,internal,varID,CDGE0,,0.0,,
Supersonic,NOTE1,internal,varID,CDGE1,,0.0,,
Supersonic,NOTE1,internal,varID,CDGE2,,0.0,,
Supersonic,NOTE1,internal,varID,CDGE3,,0.0,,
Supersonic,NOTE1,internal,varID,CDGE,,0.0,,
Supersonic,NOTE1,internal,varID,CMGE0,,0.0,,
Supersonic,NOTE1,internal,varID,CMGE1,,0.0,,
Supersonic,NOTE1,internal,varID,CMGE2,,0.0,,
Supersonic,NOTE1,internal,varID,CMGE3,,0.0,,
Supersonic,NOTE1,internal,varID,CMGE,,0.0,,
Supersonic,NOTE1,internal,varID,CYGE0,,0.0,,
Supersonic,NOTE1,internal,varID,CYGE1,,0.0,,
Supersonic,NOTE1,internal,varID,CYGE2,,0.0,,
Supersonic,NOTE1,internal,varID,CYGE3,,0.0,,
Supersonic,NOTE1,internal,varID,CYGE,,0.0,,
Supersonic,NOTE1,internal,varID,CRGE0,,0.0,,
Supersonic,NOTE1,internal,varID,CRGE1,,0.0,,
Supersonic,NOTE1,internal,varID,CRGE2,,0.0,,
Supersonic,NOTE1,internal,varID,CRGE3,,0.0,,
Supersonic,NOTE1,internal,varID,CRGE,,0.0,,
Supersonic,NOTE1,internal,varID,CNGE0,,0.0,,
Supersonic,NOTE1,internal,varID,CNGE1,,0.0,,
Supersonic,NOTE1,internal,varID,CNGE2,,0.0,,
Supersonic,NOTE1,internal,varID,CNGE3,,0.0,,
Supersonic,NOTE1,internal,varID,CNGE,,0.0,,
Supersonic,NOTE1,internal,varID,sCYRUD,,0.0,,
Supersonic,NOTE1,internal,varID,sCRRUD,,0.0,,
Supersonic,NOTE1,internal,varID,sCNRUD,,0.0,,
Supersonic,NOTE1,internal,varID,CMQ,,-0.16671242193732802,,
Supersonic,NOTE1,internal,varID,CNP,,0.22460148958096002,,
Supersonic,NOTE1,internal,varID,CNR,,-0.9139945423159815,,
Supersonic,NOTE1,internal,varID,CLP,,-0.516292653713776,,
Supersonic,NOTE1,internal,varID,CLR,,0.7267819646773599,,
Supersonic,NOTE1,internal,varID,CL,,0.3275639428881048,,
Supersonic,NOTE1,internal,varID,CD,,0.2008154516078784,,
Supersonic,NOTE1,internal,varID,CM,,-0.0282421929593528,,
Supersonic,NOTE1,internal,varID,CY,,0.0,,
Supersonic,NOTE1,internal,varID,CN,,0.0,,
Supersonic,NOTE1,internal,varID,CR,,0.0,,
Supersonic,NOTE1,output,signalName,referenceWingChord,f,28.24,1e-06,
Supersonic,NOTE1,output,signalName,referenceWingSpan,f,13.89,1e-06,
Supersonic,NOTE1,output,signalName,referenceWingArea,f2,286.45,1e-06,
Supersonic,NOTE1,output,signalName,vrsPositionOfMrc_X,fracMAC,0.54,1e-06,
Supersonic,NOTE1,output,signalName,totalCoefficientOfLift,nd,0.327563971281,1e-06,
Supersonic,NOTE1,output,signalName,totalCoefficientOfDrag,nd,0.200815469027,1e-06,
Supersonic,NOTE1,output,signalName,aeroBodyForceCoefficient_Y,nd,0.0,1e-06,
Supersonic,NOTE1,output,signalName,aeroBodyMomentCoefficient_Roll,nd,0.0,1e-06,
Supersonic,NOTE1,output,signalName,aeroBodyMomentCoefficient_Pitch,nd,-0.028242193162,1e-06,
Supersonic,NOTE1,output,signalName,aeroBodyMomentCoefficient_Yaw,nd,0.0,1e-06,
subsonic,NOTE1,input,signalName,angleOfAttack,deg,10.3,,
subsonic,NOTE1,input,signalName,angleOfSideslip,deg,0.0,,
subsonic,NOTE1,input,signalName,mach,nd,0.8,,
subsonic,NOTE1,input,signalName,trueAirspeed,f_s,240.0,,
subsonic,NOTE1,input,signalName,heightOfCgWrtRwy,f,20000.0,,
subsonic,NOTE1,input,signalName,bodyAngularRate_Roll,rad_s,0.0,,
subsonic,NOTE1,input,signalName,bodyAngularRate_Pitch,rad_s,0.0,,
subsonic,NOTE1,input,signalName,bodyAngularRate_Yaw,rad_s,0.0,,
subsonic,NOTE1,input,signalName,upperLeftBodyFlapDeflection,deg,0.0,,
subsonic,NOTE1,input,signalName,upperRightBodyFlapDeflection,deg,0.0,,
subsonic,NOTE1,input,signalName,lowerLeftBodyFlapDeflection,deg,0.0,,
subsonic,NOTE1,input,signalName,lowerRightBodyFlapDeflection,deg,0.0,,
subsonic,NOTE1,input,signalName,leftWingFlapDeflection,deg,0.0,,
subsonic,NOTE1,input,signalName,rightWingFlapDeflection,deg,0.0,,
subsonic,NOTE1,input,signalName,rudderDeflection,deg,0.0,,
subsonic,NOTE1,input,signalName,landingGearExtension,deg,0.0,,
subsonic,NOTE1,internal,varID,ALP,,10.3,,
subsonic,NOTE1,internal,varID,BETA,,0.0,,
subsonic,NOTE1,internal,varID,XMACH,,0.8,,
subsonic,NOTE1,internal,varID,PB,,0.0,,
subsonic,NOTE1,internal,varID,QB,,0.0,,
subsonic,NOTE1,internal,varID,RB,,0.0,,
subsonic,NOTE1,internal,varID,VRW,,240.0,,
subsonic,NOTE1,internal,varID,H_rwy,,20000.0,,
subsonic,NOTE1,internal,varID,DBFUL,,0.0,,
subsonic,NOTE1,internal,varID,DBFUR,,0.0,,
subsonic,NOTE1,internal,varID,DBFLL,,0.0,,
subsonic,NOTE1,internal,varID,DBFLR,,0.0,,
subsonic,NOTE1,internal,varID,DWFL,,0.0,,
subsonic,NOTE1,internal,varID,DWFR,,0.0,,
subsonic,NOTE1,internal,varID,DRUD,,0.0,,
subsonic,NOTE1,internal,varID,DLG,,0.0,,
subsonic,NOTE1,internal,varID,CBAR,,28.24,,
subsonic,NOTE1,internal,varID,BSPAN,,13.89,,
subsonic,NOTE1,internal,varID,SWING,,286.45,,
subsonic,NOTE1,internal,varID,XRP,,0.54,,
subsonic,NOTE1,internal,varID,CMQ0,,-0.22364,,
subsonic,NOTE1,internal,varID,CMQ1,,0.020457,,
subsonic,NOTE1,internal,varID,CMQ2,,-0.0016741,,
subsonic,NOTE1,internal,varID,CMQ3,,3.1618e-05,,
subsonic,NOTE1,internal,varID,CNP0,,0.40031,,
subsonic,NOTE1,internal,varID,CNP1,,-0.015518,,
subsonic,NOTE1,internal,varID,CNP2,,-0.00012143,,
subsonic,NOTE1,internal,varID,CNP3,,1.824e-05,,
subsonic,NOTE1,internal,varID,CNR0,,-0.79533,,
subsonic,NOTE1,internal,varID,CNR1,,-0.012647,,
subsonic,NOTE1,internal,varID,CNR2,,0.00032696,,
subsonic,NOTE1,internal,varID,CNR3,,-6.5929e-06,,
subsonic,NOTE1,internal,varID,CLP0,,-0.55242,,
subsonic,NOTE1,internal,varID,CLP1,,0.014478,,
subsonic,NOTE1,internal,varID,CLP2,,-0.0011545,,
subsonic,NOTE1,internal,varID,CLP3,,1.7706e-05,,
subsonic,NOTE1,internal,varID,CLR0,,0.44685,,
subsonic,NOTE1,internal,varID,CLR1,,0.067411,,
subsonic,NOTE1,internal,varID,CLR2,,-0.0051866,,
subsonic,NOTE1,internal,varID,CLR3,,0.00012659,,
subsonic,NOTE1,internal,varID,abs_rud,,0.0,,
subsonic,NOTE1,internal,varID,HOB,,1439.8848092152627,,
subsonic,NOTE1,internal,varID,PBO2V,,0.0,,
subsonic,NOTE1,internal,varID,QCO2V,,0.0,,
subsonic,NOTE1,internal,varID,RBO2V,,0.0,,
subsonic,NOTE1,internal,varID,CL0A0,,-0.073425,,
subsonic,NOTE1,internal,varID,CL0A1,,0.043347,,
subsonic,NOTE1,internal,varID,CL0A2,,0.00012122,,
subsonic,NOTE1,internal,varID,CL0A3,,-1.5927e-05,,
subsonic,NOTE1,internal,varID,CL0,,0.368505466871,,
subsonic,NOTE1,internal,varID,CD0A0,,0.060114,,
subsonic,NOTE1,internal,varID,CD0A1,,-0.002439,,
subsonic,NOTE1,internal,varID,CD0A2,,0.00080564,,
subsonic,NOTE1,internal,varID,CD0A3,,-8.387e-06,,
subsonic,NOTE1,internal,varID,CD0,,0.11129794625100001,,
subsonic,NOTE1,internal,varID,CM0A0,,0.025129,,
subsonic,NOTE1,internal,varID,CM0A1,,-0.0030512,,
subsonic,NOTE1,internal,varID,CM0A2,,-4.8533e-05,,
subsonic,NOTE1,internal,varID,CM0A3,,4.6453e-06,,
subsonic,NOTE1,internal,varID,CM0,,-0.006371181236900003,,
subsonic,NOTE1,internal,varID,CY0A0,,-0.013313,,
subsonic,NOTE1,internal,varID,CY0A1,,-0.00013917,,
subsonic,NOTE1,internal,varID,CY0A2,,1.604e-05,,
subsonic,NOTE1,internal,varID,CY0A3,,-1.4751e-07,,
subsonic,NOTE1,internal,varID,CYB,,-0.013205955559770001,,
subsonic,NOTE1,internal,varID,CR0A0,,-0.0063969,,
subsonic,NOTE1,internal,varID,CR0A1,,-0.00049202,,
subsonic,NOTE1,internal,varID,CR0A2,,2.8527e-05,,
subsonic,NOTE1,internal,varID,CR0A3,,-3.0272e-07,,
subsonic,NOTE1,internal,varID,CRB,,-0.008769066887439999,,
subsonic,NOTE1,internal,varID,CN0A0,,0.0030814,,
subsonic,NOTE1,internal,varID,CN0A1,,0.00011705,,
subsonic,NOTE1,internal,varID,CN0A2,,-2.2768e-06,,
subsonic,NOTE1,internal,varID,CN0A3,,-2.9912e-07,,
subsonic,NOTE1,internal,varID,CNB,,0.00371861278776,,
subsonic,NOTE1,internal,varID,CLRUD0,,0.0,,
subsonic,NOTE1,internal,varID,CLRUD1,,0.0,,
subsonic,NOTE1,internal,varID,CLRUD2,,0.0,,
subsonic,NOTE1,internal,varID,CLRUD3,,0.0,,
subsonic,NOTE1,internal,varID,CLRUD,,0.0,,
subsonic,NOTE1,internal,varID,CDRUD0,,0.0,,
subsonic,NOTE1,internal,varID,CDRUD1,,0.0,,
subsonic,NOTE1,internal,varID,CDRUD2,,0.0,,
subsonic,NOTE1,internal,varID,CDRUD3,,0.0,,
subsonic,NOTE1,internal,varID,CDRUD,,0.0,,
subsonic,NOTE1,internal,varID,CMRUD0,,0.0,,
subsonic,NOTE1,internal,varID,CMRUD1,,0.0,,
subsonic,NOTE1,internal,varID,CMRUD2,,0.0,,
subsonic,NOTE1,internal,varID,CMRUD3,,0.0,,
subsonic,NOTE1,internal,varID,CMRUD,,0.0,,
subsonic,NOTE1,internal,varID,CYRUD0,,0.0,,
subsonic,NOTE1,internal,varID,CYRUD1,,0.0,,
subsonic,NOTE1,internal,varID,CYRUD2,,0.0,,
subsonic,NOTE1,internal,varID,CYRUD3,,0.0,,
subsonic,NOTE1,internal,varID,CYRUD,,0.0,,
subsonic,NOTE1,internal,varID,CRRUD0,,0.0,,
subsonic,NOTE1,internal,varID,CRRUD1,,0.0,,
subsonic,NOTE1,internal,varID,CRRUD2,,0.0,,
subsonic,NOTE1,internal,varID,CRRUD3,,0.0,,
subsonic,NOTE1,internal,varID,CRRUD,,0.0,,
subsonic,NOTE1,internal,varID,CNRUD0,,0.0,,
subsonic,NOTE1,internal,varID,CNRUD1,,0.0,,
subsonic,NOTE1,internal,varID,CNRUD2,,0.0,,
subsonic,NOTE1,internal,varID,CNRUD3,,0.0,,
subsonic,NOTE1,internal,varID,CNRUD,,0.0,,
subsonic,NOTE1,internal,varID,CLBFLL0,,0.0,,
subsonic,NOTE1,internal,varID,CLBFLL1,,0.0,,
subsonic,NOTE1,internal,varID,CLBFLL2,,0.0,,
subsonic,NOTE1,internal,varID,CLBFLL3,,0.0,,
subsonic,NOTE1,internal,varID,CLBFLL,,0.0,,
subsonic,NOTE1,internal,varID,CDBFLL0,,0.0,,
subsonic,NOTE1,internal,varID,CDBFLL1,,0.0,,
subsonic,NOTE1,internal,varID,CDBFLL2,,0.0,,
subsonic,NOTE1,internal,varID,CDBFLL3,,0.0,,
subsonic,NOTE1,internal,varID,CDBFLL,,0.0,,
subsonic,NOTE1,internal,varID,CMBFLL0,,0.0,,
subsonic,NOTE1,internal,varID,CMBFLL1,,0.0,,
subsonic,NOTE1,internal,varID,CMBFLL2,,0.0,,
subsonic,NOTE1,internal,varID,CMBFLL3,,0.0,,
subsonic,NOTE1,internal,varID,CMBFLL,,0.0,,
subsonic,NOTE1,internal,varID,CYBFLL0,,0.0,,
subsonic,NOTE1,internal,varID,CYBFLL1,,0.0,,
subsonic,NOTE1,internal,varID,CYBFLL2,,0.0,,
subsonic,NOTE1,internal,varID,CYBFLL3,,0.0,,
subsonic,NOTE1,internal,varID,CYBFLL,,0.0,,
subsonic,NOTE1,internal,varID,CRBFLL0,,0.0,,
subsonic,NOTE1,internal,varID,CRBFLL1,,0.0,,
subsonic,NOTE1,internal,varID,CRBFLL2,,0.0,,
subsonic,NOTE1,internal,varID,CRBFLL3,,0.0,,
subsonic,NOTE1,internal,varID,CRBFLL,,0.0,,
subsonic,NOTE1,internal,varID,CNBFLL0,,0.0,,
subsonic,NOTE1,internal,varID,CNBFLL1,,0.0,,
subsonic,NOTE1,internal,varID,CNBFLL2,,0.0,,
subsonic,NOTE1,internal,varID,CNBFLL3,,0.0,,
subsonic,NOTE1,internal,varID,CNBFLL,,0.0,,
subsonic,NOTE1,internal,varID,CLBFLR0,,0.0,,
subsonic,NOTE1,internal,varID,CLBFLR1,,0.0,,
subsonic,NOTE1,internal,varID,CLBFLR2,,0.0,,
subsonic,NOTE1,internal,varID,CLBFLR3,,0.0,,
subsonic,NOTE1,internal,varID,CLBFLR,,0.0,,
subsonic,NOTE1,internal,varID,CDBFLR0,,0.0,,
subsonic,NOTE1,internal,varID,CDBFLR1,,0.0,,
subsonic,NOTE1,internal,varID,CDBFLR2,,0.0,,
subsonic,NOTE1,internal,varID,CDBFLR3,,0.0,,
subsonic,NOTE1,internal,varID,CDBFLR,,0.0,,
subsonic,NOTE1,internal,varID,CMBFLR0,,0.0,,
subsonic,NOTE1,internal,varID,CMBFLR1,,0.0,,
subsonic,NOTE1,internal,varID,CMBFLR2,,0.0,,
subsonic,NOTE1,internal,varID,CMBFLR3,,0.0,,
subsonic,NOTE1,internal,varID,CMBFLR,,0.0,,
subsonic,NOTE1,internal,varID,CYBFLR0,,0.0,,
subsonic,NOTE1,internal,varID,CYBFLR1,,0.0,,
subsonic,NOTE1,internal,varID,CYBFLR2,,0.0,,
subsonic,NOTE1,internal,varID,CYBFLR3,,0.0,,
subsonic,NOTE1,internal,varID,CYBFLR,,-0.0,,
subsonic,NOTE1,internal,varID,CRBFLR0,,0.0,,
subsonic,NOTE1,internal,varID,CRBFLR1,,0.0,,
subsonic,NOTE1,internal,varID,CRBFLR2,,0.0,,
subsonic,NOTE1,internal,varID,CRBFLR3,,0.0,,
subsonic,NOTE1,internal,varID,CRBFLR,,-0.0,,
subsonic,NOTE1,internal,varID,CNBFLR0,,0.0,,
subsonic,NOTE1,internal,varID,CNBFLR1,,0.0,,
subsonic,NOTE1,internal,varID,CNBFLR2,,0.0,,
subsonic,NOTE1,internal,varID,CNBFLR3,,0.0,,
subsonic,NOTE1,internal,varID,CNBFLR,,-0.0,,
subsonic,NOTE1,internal,varID,CLBFUL0,,0.0,,
subsonic,NOTE1,internal,varID,CLBFUL1,,0.0,,
subsonic,NOTE1,internal,varID,CLBFUL2,,0.0,,
subsonic,NOTE1,internal,varID,CLBFUL3,,0.0,,
subsonic,NOTE1,internal,varID,CLBFUL,,0.0,,
subsonic,NOTE1,internal,varID,CDBFUL0,,0.0,,
subsonic,NOTE1,internal,varID,CDBFUL1,,0.0,,
subsonic,NOTE1,internal,varID,CDBFUL2,,0.0,,
subsonic,NOTE1,internal,varID,CDBFUL3,,0.0,,
subsonic,NOTE1,internal,varID,CDBFUL,,0.0,,
subsonic,NOTE1,internal,varID,CMBFUL0,,0.0,,
subsonic,NOTE1,internal,varID,CMBFUL1,,0.0,,
subsonic,NOTE1,internal,varID,CMBFUL2,,0.0,,
subsonic,NOTE1,internal,varID,CMBFUL3,,0.0,,
subsonic,NOTE1,internal,varID,CMBFUL,,0.0,,
subsonic,NOTE1,internal,varID,CYBFUL0,,0.0,,
subsonic,NOTE1,internal,varID,CYBFUL1,,0.0,,
subsonic,NOTE1,internal,varID,CYBFUL2,,0.0,,
subsonic,NOTE1,internal,varID,CYBFUL3,,0.0,,
subsonic,NOTE1,internal,varID,CYBFUL,,0.0,,
subsonic,NOTE1,internal,varID,CRBFUL0,,0.0,,
subsonic,NOTE1,internal,varID,CRBFUL1,,0.0,,
subsonic,NOTE1,internal,varID,CRBFUL2,,0.0,,
subsonic,NOTE1,internal,varID,CRBFUL3,,0.0,,
subsonic,NOTE1,internal,varID,CRBFUL,,0.0,,
subsonic,NOTE1,internal,varID,CNBFUL0,,0.0,,
subsonic,NOTE1,internal,varID,CNBFUL1,,0.0,,
subsonic,NOTE1,internal,varID,CNBFUL2,,0.0,,
subsonic,NOTE1,internal,varID,CNBFUL3,,0.0,,
subsonic,NOTE1,internal,varID,CNBFUL,,0.0,,
subsonic,NOTE1,internal,varID,CLBFUR0,,0.0,,
subsonic,NOTE1,internal,varID,CLBFUR1,,0.0,,
subsonic,NOTE1,internal,varID,CLBFUR2,,0.0,,
subsonic,NOTE1,internal,varID,CLBFUR3,,0.0,,
subsonic,NOTE1,internal,varID,CLBFUR,,0.0,,
subsonic,NOTE1,internal,varID,CDBFUR0,,0.0,,
subsonic,NOTE1,internal,varID,CDBFUR1,,0.0,,
subsonic,NOTE1,internal,varID,CDBFUR2,,0.0,,
subsonic,NOTE1,internal,varID,CDBFUR3,,0.0,,
subsonic,NOTE1,internal,varID,CDBFUR,,0.0,,
subsonic,NOTE1,internal,varID,CMBFUR0,,0.0,,
subsonic,NOTE1,internal,varID,CMBFUR1,,0.0,,
subsonic,NOTE1,internal,varID,CMBFUR2,,0.0,,
subsonic,NOTE1,internal,varID,CMBFUR3,,0.0,,
subsonic,NOTE1,internal,varID,CMBFUR,,0.0,,
subsonic,NOTE1,internal,varID,CYBFUR0,,0.0,,
subsonic,NOTE1,internal,varID,CYBFUR1,,0.0,,
subsonic,NOTE1,internal,varID,CYBFUR2,,0.0,,
subsonic,NOTE1,internal,varID,CYBFUR3,,0.0,,
subsonic,NOTE1,internal,varID,CYBFUR,,-0.0,,
subsonic,NOTE1,internal,varID,CRBFUR0,,0.0,,
subsonic,NOTE1,internal,varID,CRBFUR1,,0.0,,
subsonic,NOTE1,internal,varID,CRBFUR2,,0.0,,
subsonic,NOTE1,internal,varID,CRBFUR3,,0.0,,
subsonic,NOTE1,internal,varID,CRBFUR,,-0.0,,
subsonic,NOTE1,internal,varID,CNBFUR0,,0.0,,
subsonic,NOTE1,internal,varID,CNBFUR1,,0.0,,
subsonic,NOTE1,internal,varID,CNBFUR2,,0.0,,
subsonic,NOTE1,internal,varID,CNBFUR3,,0.0,,
subsonic,NOTE1,internal,varID,CNBFUR,,-0.0,,
subsonic,NOTE1,internal,varID,CLWFL0,,0.0,,
subsonic,NOTE1,internal,varID,CLWFL1,,0.0,,
subsonic,NOTE1,internal,varID,CLWFL2,,0.0,,
subsonic,NOTE1,internal,varID,CLWFL3,,0.0,,
subsonic,NOTE1,internal,varID,CLWFL,,0.0,,
subsonic,NOTE1,internal,varID,CDWFL0,,0.0,,
subsonic,NOTE1,internal,varID,CDWFL1,,0.0,,
subsonic,NOTE1,internal,varID,CDWFL2,,0.0,,
subsonic,NOTE1,internal,varID,CDWFL3,,0.0,,
subsonic,NOTE1,internal,varID,CDWFL,,0.0,,
subsonic,NOTE1,internal,varID,CMWFL0,,0.0,,
subsonic,NOTE1,internal,varID,CMWFL1,,0.0,,
subsonic,NOTE1,internal,varID,CMWFL2,,0.0,,
subsonic,NOTE1,internal,varID,CMWFL3,,0.0,,
subsonic,NOTE1,internal,varID,CMWFL,,0.0,,
subsonic,NOTE1,internal,varID,CYWFL0,,0.0,,
subsonic,NOTE1,internal,varID,CYWFL1,,0.0,,
subsonic,NOTE1,internal,varID,CYWFL2,,0.0,,
subsonic,NOTE1,internal,varID,CYWFL3,,0.0,,
subsonic,NOTE1,internal,varID,CYWFL,,0.0,,
subsonic,NOTE1,internal,varID,CRWFL0,,0.0,,
subsonic,NOTE1,internal,varID,CRWFL1,,0.0,,
subsonic,NOTE1,internal,varID,CRWFL2,,0.0,,
subsonic,NOTE1,internal,varID,CRWFL3,,0.0,,
subsonic,NOTE1,internal,varID,CRWFL,,0.0,,
subsonic,NOTE1,internal,varID,CNWFL0,,0.0,,
subsonic,NOTE1,internal,varID,CNWFL1,,0.0,,
subsonic,NOTE1,internal,varID,CNWFL2,,0.0,,
subsonic,NOTE1,internal,varID,CNWFL3,,0.0,,
subsonic,NOTE1,internal,varID,CNWFL,,0.0,,
subsonic,NOTE1,internal,varID,CLWFR0,,0.0,,
subsonic,NOTE1,internal,varID,CLWFR1,,0.0,,
subsonic,NOTE1,internal,varID,CLWFR2,,0.0,,
subsonic,NOTE1,internal,varID,CLWFR3,,0.0,,
subsonic,NOTE1,internal,varID,CLWFR,,0.0,,
subsonic,NOTE1,internal,varID,CDWFR0,,0.0,,
subsonic,NOTE1,internal,varID,CDWFR1,,0.0,,
subsonic,NOTE1,internal,varID,CDWFR2,,0.0,,
subsonic,NOTE1,internal,varID,CDWFR3,,0.0,,
subsonic,NOTE1,internal,varID,CDWFR,,0.0,,
subsonic,NOTE1,internal,varID,CMWFR0,,0.0,,
subsonic,NOTE1,internal,varID,CMWFR1,,0.0,,
subsonic,NOTE1,internal,varID,CMWFR2,,0.0,,
subsonic,NOTE1,internal,varID,CMWFR3,,0.0,,
subsonic,NOTE1,internal,varID,CMWFR,,0.0,,
subsonic,NOTE1,internal,varID,CYWFR0,,0.0,,
subsonic,NOTE1,internal,varID,CYWFR1,,0.0,,
subsonic,NOTE1,internal,varID,CYWFR2,,0.0,,
subsonic,NOTE1,internal,varID,CYWFR3,,0.0,,
subsonic,NOTE1,internal,varID,CYWFR,,-0.0,,
subsonic,NOTE1,internal,varID,CRWFR0,,0.0,,
subsonic,NOTE1,internal,varID,CRWFR1,,0.0,,
subsonic,NOTE1,internal,varID,CRWFR2,,0.0,,
subsonic,NOTE1,internal,varID,CRWFR3,,0.0,,
subsonic,NOTE1,internal,varID,CRWFR,,-0.0,,
subsonic,NOTE1,internal,varID,CNWFR0,,0.0,,
subsonic,NOTE1,internal,varID,CNWFR1,,0.0,,
subsonic,NOTE1,internal,varID,CNWFR2,,0.0,,
subsonic,NOTE1,internal,varID,CNWFR3,,0.0,,
subsonic,NOTE1,internal,varID,CNWFR,,-0.0,,
subsonic,NOTE1,internal,varID,CLLG0,,0.0,,
subsonic,NOTE1,internal,varID,CLLG1,,0.0,,
subsonic,NOTE1,internal,varID,CLLG2,,0.0,,
subsonic,NOTE1,internal,varID,CLLG3,,0.0,,
subsonic,NOTE1,internal,varID,CLLG,,0.0,,
subsonic,NOTE1,internal,varID,CDLG0,,0.0,,
subsonic,NOTE1,internal,varID,CDLG1,,0.0,,
subsonic,NOTE1,internal,varID,CDLG2,,0.0,,
subsonic,NOTE1,internal,varID,CDLG3,,0.0,,
subsonic,NOTE1,internal,varID,CDLG,,0.0,,
subsonic,NOTE1,internal,varID,CMLG0,,0.0,,
subsonic,NOTE1,internal,varID,CMLG1,,0.0,,
subsonic,NOTE1,internal,varID,CMLG2,,0.0,,
subsonic,NOTE1,internal,varID,CMLG3,,0.0,,
subsonic,NOTE1,internal,varID,CMLG,,0.0,,
subsonic,NOTE1,internal,varID,CYLG0,,0.0,,
subsonic,NOTE1,internal,varID,CYLG1,,0.0,,
subsonic,NOTE1,internal,varID,CYLG2,,0.0,,
subsonic,NOTE1,internal,varID,CYLG3,,0.0,,
subsonic,NOTE1,internal,varID,CYLG,,0.0,,
subsonic,NOTE1,internal,varID,CRLG0,,0.0,,
subsonic,NOTE1,internal,varID,CRLG1,,0.0,,
subsonic,NOTE1,internal,varID,CRLG2,,0.0,,
subsonic,NOTE1,internal,varID,CRLG3,,0.0,,
subsonic,NOTE1,internal,varID,CRLG,,0.0,,
subsonic,NOTE1,internal,varID,CNLG0,,0.0,,
subsonic,NOTE1,internal,varID,CNLG1,,0.0,,
subsonic,NOTE1,internal,varID,CNLG2,,0.0,,
subsonic,NOTE1,internal,varID,CNLG3,,0.0,,
subsonic,NOTE1,internal,varID,CNLG,,0.0,,
subsonic,NOTE1,internal,varID,CLGE0,,0.0,,
subsonic,NOTE1,internal,varID,CLGE1,,0.0,,
subsonic,NOTE1,internal,varID,CLGE2,,0.0,,
subsonic,NOTE1,internal,varID,CLGE3,,0.0,,
subsonic,NOTE1,internal,varID,CLGE,,0.0,,
subsonic,NOTE1,internal,varID,CDGE0,,0.0,,
subsonic,NOTE1,internal,varID,CDGE1,,0.0,,
subsonic,NOTE1,internal,varID,CDGE2,,0.0,,
subsonic,NOTE1,internal,varID,CDGE3,,0.0,,
subsonic,NOTE1,internal,varID,CDGE,,0.0,,
subsonic,NOTE1,internal,varID,CMGE0,,0.0,,
subsonic,NOTE1,internal,varID,CMGE1,,0.0,,
subsonic,NOTE1,internal,varID,CMGE2,,0.0,,
subsonic,NOTE1,internal,varID,CMGE3,,0.0,,
subsonic,NOTE1,internal,varID,CMGE,,0.0,,
subsonic,NOTE1,internal,varID,CYGE0,,0.0,,
subsonic,NOTE1,internal,varID,CYGE1,,0.0,,
subsonic,NOTE1,internal,varID,CYGE2,,0.0,,
subsonic,NOTE1,internal,varID,CYGE3,,0.0,,
subsonic,NOTE1,internal,varID,CYGE,,0.0,,
subsonic,NOTE1,internal,varID,CRGE0,,0.0,,
subsonic,NOTE1,internal,varID,CRGE1,,0.0,,
subsonic,NOTE1,internal,varID,CRGE2,,0.0,,
subsonic,NOTE1,internal,varID,CRGE3,,0.0,,
subsonic,NOTE1,internal,varID,CRGE,,0.0,,
subsonic,NOTE1,internal,varID,CNGE0,,0.0,,
subsonic,NOTE1,internal,varID,CNGE1,,0.0,,
subsonic,NOTE1,internal,varID,CNGE2,,0.0,,
subsonic,NOTE1,internal,varID,CNGE3,,0.0,,
subsonic,NOTE1,internal,varID,CNGE,,0.0,,
subsonic,NOTE1,internal,varID,sCYRUD,,0.0,,
subsonic,NOTE1,internal,varID,sCRRUD,,0.0,,
subsonic,NOTE1,internal,varID,sCNRUD,,0.0,,
subsonic,NOTE1,internal,varID,CMQ,,-0.155988326714,,
subsonic,NOTE1,internal,varID,CNP,,0.24752343178,,
subsonic,NOTE1,internal,varID,CNR,,-0.8981111534383,,
subsonic,NOTE1,internal,varID,CLP,,-0.506429680738,,
subsonic,NOTE1,internal,varID,CLR,,0.72926521693,,
subsonic,NOTE1,internal,varID,CL,,0.368505466871,,
subsonic,NOTE1,internal,varID,CD,,0.11129794625100001,,
subsonic,NOTE1,internal,varID,CM,,-0.006371181236900003,,
subsonic,NOTE1,internal,varID,CY,,0.0,,
subsonic,NOTE1,internal,varID,CN,,0.0,,
subsonic,NOTE1,internal,varID,CR,,0.0,,
subsonic,NOTE1,output,signalName,referenceWingChord,f,28.24,1e-06,
subsonic,NOTE1,output,signalName,referenceWingSpan,f,13.89,1e-06,
subsonic,NOTE1,output,signalName,referenceWingArea,f2,286.45,1e-06,
subsonic,NOTE1,output,signalName,vrsPositionOfMrc_X,fracMAC,0.54,1e-06,
subsonic,NOTE1,output,signalName,totalCoefficientOfLift,nd,0.368505477905,1e-06,
subsonic,NOTE1,output,signalName,totalCoefficientOfDrag,nd,0.111297950149,1e-06,
subsonic,NOTE1,output,signalName,aeroBodyForceCoefficient_Y,nd,0.0,1e-06,
subsonic,NOTE1,output,signalName,aeroBodyMomentCoefficient_Roll,nd,0.0,1e-06,
subsonic,NOTE1,output,signalName,aeroBodyMomentCoefficient_Pitch,nd,-0.006371179596,1e-06,
subsonic,NOTE1,output,signalName,aeroBodyMomentCoefficient_Yaw,nd,0.0,1e-06,
Positive sideslip,NOTE1,input,signalName,angleOfAttack,deg,10.3,,
Positive sideslip,NOTE1,input,signalName,angleOfSideslip,deg,3.2,,
Positive sideslip,NOTE1,input,signalName,mach,nd,0.8,,
Positive sideslip,NOTE1,input,signalName,trueAirspeed,f_s,240.0,,
Positive sideslip,NOTE1,input,signalName,heightOfCgWrtRwy,f,20000.0,,
Positive sideslip,NOTE1,input,signalName,bodyAngularRate_Roll,rad_s,0.0,,
Positive sideslip,NOTE1,input,signalName,bodyAngularRate_Pitch,rad_s,0.0,,
Positive sideslip,NOTE1,input,signalName,bodyAngularRate_Yaw,rad_s,0.0,,
Positive sideslip,NOTE1,input,signalName,upperLeftBodyFlapDeflection,deg,0.0,,
Positive sideslip,NOTE1,input,signalName,upperRightBodyFlapDeflection,deg,0.0,,
Positive sideslip,NOTE1,input,signalName,lowerLeftBodyFlapDeflection,deg,0.0,,
Positive sideslip,NOTE1,input,signalName,lowerRightBodyFlapDeflection,deg,0.0,,
Positive sideslip,NOTE1,input,signalName,leftWingFlapDeflection,deg,0.0,,
Positive sideslip,NOTE1,input,signalName,rightWingFlapDeflection,deg,0.0,,
Positive sideslip,NOTE1,input,signalName,rudderDeflection,deg,0.0,,
Positive sideslip,NOTE1,input,signalName,landingGearExtension,deg,0.0,,
Positive sideslip,NOTE1,internal,varID,ALP,,10.3,,
Positive sideslip,NOTE1,internal,varID,BETA,,3.2,,
Positive sideslip,NOTE1,internal,varID,XMACH,,0.8,,
Positive sideslip,NOTE1,internal,varID,PB,,0.0,,
Positive sideslip,NOTE1,internal,varID,QB,,0.0,,
Positive sideslip,NOTE1,internal,varID,RB,,0.0,,
Positive sideslip,NOTE1,internal,varID,VRW,,240.0,,
Positive sideslip,NOTE1,internal,varID,H_rwy,,20000.0,,
Positive sideslip,NOTE1,internal,varID,DBFUL,,0.0,,
Positive sideslip,NOTE1,internal,varID,DBFUR,,0.0,,
Positive sideslip,NOTE1,internal,varID,DBFLL,,0.0,,
Positive sideslip,NOTE1,internal,varID,DBFLR,,0.0,,
Positive sideslip,NOTE1,internal,varID,DWFL,,0.0,,
Positive sideslip,NOTE1,internal,varID,DWFR,,0.0,,
Positive sideslip,NOTE1,internal,varID,DRUD,,0.0,,
Positive sideslip,NOTE1,internal,varID,DLG,,0.0,,
Positive sideslip,NOTE1,internal,varID,CBAR,,28.24,,
Positive sideslip,NOTE1,internal,varID,BSPAN,,13.89,,
Positive sideslip,NOTE1,internal,varID,SWING,,286.45,,
Positive sideslip,NOTE1,internal,varID,XRP,,0.54,,
Positive sideslip,NOTE1,internal,varID,CMQ0,,-0.22364,,
Positive sideslip,NOTE1,internal,varID,CMQ1,,0.020457,,
Positive sideslip,NOTE1,internal,varID,CMQ2,,-0.0016741,,
Positive sideslip,NOTE1,internal,varID,CMQ3,,3.1618e-05,,
Positive sideslip,NOTE1,internal,varID,CNP0,,0.40031,,
Positive sideslip,NOTE1,internal,varID,CNP1,,-0.015518,,
Positive sideslip,NOTE1,internal,varID,CNP2,,-0.00012143,,
Positive sideslip,NOTE1,internal,varID,CNP3,,1.824e-05,,
Positive sideslip,NOTE1,internal,varID,CNR0,,-0.79533,,
Positive sideslip,NOTE1,internal,varID,CNR1,,-0.012647,,
Positive sideslip,NOTE1,internal,varID,CNR2,,0.00032696,,
Positive sideslip,NOTE1,internal,varID,CNR3,,-6.5929e-06,,
Positive sideslip,NOTE1,internal,varID,CLP0,,-0.55242,,
Positive sideslip,NOTE1,internal,varID,CLP1,,0.014478,,
Positive sideslip,NOTE1,internal,varID,CLP2,,-0.0011545,,
Positive sideslip,NOTE1,internal,varID,CLP3,,1.7706e-05,,
Positive sideslip,NOTE1,internal,varID,CLR0,,0.44685,,
Positive sideslip,NOTE1,internal,varID,CLR1,,0.067411,,
Positive sideslip,NOTE1,internal,varID,CLR2,,-0.0051866,,
Positive sideslip,NOTE1,internal,varID,CLR3,,0.00012659,,
Positive sideslip,NOTE1,internal,varID,abs_rud,,0.0,,
Positive sideslip,NOTE1,internal,varID,HOB,,1439.8848092152627,,
Positive sideslip,NOTE1,internal,varID,PBO2V,,0.0,,
Positive sideslip,NOTE1,internal,varID,QCO2V,,0.0,,
Positive sideslip,NOTE1,internal,varID,RBO2V,,0.0,,
Positive sideslip,NOTE1,internal,varID,CL0A0,,-0.073425,,
Positive sideslip,NOTE1,internal,varID,CL0A1,,0.043347,,
Positive sideslip,NOTE1,internal,varID,CL0A2,,0.00012122,,
Positive sideslip,NOTE1,internal,varID,CL0A3,,-1.5927e-05,,
Positive sideslip,NOTE1,internal,varID,CL0,,0.368505466871,,
Positive sideslip,NOTE1,internal,varID,CD0A0,,0.060114,,
Positive sideslip,NOTE1,internal,varID,CD0A1,,-0.002439,,
Positive sideslip,NOTE1,internal,varID,CD0A2,,0.00080564,,
Positive sideslip,NOTE1,internal,varID,CD0A3,,-8.387e-06,,
Positive sideslip,NOTE1,internal,varID,CD0,,0.11129794625100001,,
Positive sideslip,NOTE1,internal,varID,CM0A0,,0.025129,,
Positive sideslip,NOTE1,internal,varID,CM0A1,,-0.0030512,,
Positive sideslip,NOTE1,internal,varID,CM0A2,,-4.8533e-05,,
Positive sideslip,NOTE1,internal,varID,CM0A3,,4.6453e-06,,
Positive sideslip,NOTE1,internal,varID,CM0,,-0.006371181236900003,,
Positive sideslip,NOTE1,internal,varID,CY0A0,,-0.013313,,
Positive sideslip,NOTE1,internal,varID,CY0A1,,-0.00013917,,
Positive sideslip,NOTE1,internal,varID,CY0A2,,1.604e-05,,
Positive sideslip,NOTE1,internal,varID,CY0A3,,-1.4751e-07,,
Positive sideslip,NOTE1,internal,varID,CYB,,-0.013205955559770001,,
Positive sideslip,NOTE1,internal,varID,CR0A0,,-0.0063969,,
Positive sideslip,NOTE1,internal,varID,CR0A1,,-0.00049202,,
Positive sideslip,NOTE1,internal,varID,CR0A2,,2.8527e-05,,
Positive sideslip,NOTE1,internal,varID,CR0A3,,-3.0272e-07,,
Positive sideslip,NOTE1,internal,varID,CRB,,-0.008769066887439999,,
Positive sideslip,NOTE1,internal,varID,CN0A0,,0.0030814,,
Positive sideslip,NOTE1,internal,varID,CN0A1,,0.00011705,,
Positive sideslip,NOTE1,internal,varID,CN0A2,,-2.2768e-06,,
Positive sideslip,NOTE1,internal,varID,CN0A3,,-2.9912e-07,,
Positive sideslip,NOTE1,internal,varID,CNB,,0.00371861278776,,
Positive sideslip,NOTE1,internal,varID,CLRUD0,,0.0,,
Positive sideslip,NOTE1,internal,varID,CLRUD1,,0.0,,
Positive sideslip,NOTE1,internal,varID,CLRUD2,,0.0,,
Positive sideslip,NOTE1,internal,varID,CLRUD3,,0.0,,
Positive sideslip,NOTE1,internal,varID,CLRUD,,0.0,,
Positive sideslip,NOTE1,internal,varID,CDRUD0,,0.0,,
Positive sideslip,NOTE1,internal,varID,CDRUD1,,0.0,,
Positive sideslip,NOTE1,internal,varID,CDRUD2,,0.0,,
Positive sideslip,NOTE1,internal,varID,CDRUD3,,0.0,,
Positive sideslip,NOTE1,internal,varID,CDRUD,,0.0,,
Positive sideslip,NOTE1,internal,varID,CMRUD0,,0.0,,
Positive sideslip,NOTE1,internal,varID,CMRUD1,,0.0,,
Positive sideslip,NOTE1,internal,varID,CMRUD2,,0.0,,
Positive sideslip,NOTE1,internal,varID,CMRUD3,,0.0,,
Positive sideslip,NOTE1,internal,varID,CMRUD,,0.0,,
Positive sideslip,NOTE1,internal,varID,CYRUD0,,0.0,,
Positive sideslip,NOTE1,internal,varID,CYRUD1,,0.0,,
Positive sideslip,NOTE1,internal,varID,CYRUD2,,0.0,,
Positive sideslip,NOTE1,internal,varID,CYRUD3,,0.0,,
Positive sideslip,NOTE1,internal,varID,CYRUD,,0.0,,
Positive sideslip,NOTE1,internal,varID,CRRUD0,,0.0,,
Positive sideslip,NOTE1,internal,varID,CRRUD1,,0.0,,
Positive sideslip,NOTE1,internal,varID,CRRUD2,,0.0,,
Positive sideslip,NOTE1,internal,varID,CRRUD3,,0.0,,
Positive sideslip,NOTE1,internal,varID,CRRUD,,0.0,,
Positive sideslip,NOTE1,internal,varID,CNRUD0,,0.0,,
Positive sideslip,NOTE1,internal,varID,CNRUD1,,0.0,,
Positive sideslip,NOTE1,internal,varID,CNRUD2,,0.0,,
Positive sideslip,NOTE1,internal,varID,CNRUD3,,0.0,,
Positive sideslip,NOTE1,internal,varID,CNRUD,,0.0,,
Positive sideslip,NOTE1,internal,varID,CLBFLL0,,0.0,,
Positive sideslip,NOTE1,internal,varID,CLBFLL1,,0.0,,
Positive sideslip,NOTE1,internal,varID,CLBFLL2,,0.0,,
Positive sideslip,NOTE1,internal,varID,CLBFLL3,,0.0,,
Positive sideslip,NOTE1,internal,varID,CLBFLL,,0.0,,
Positive sideslip,NOTE1,internal,varID,CDBFLL0,,0.0,,
Positive sideslip,NOTE1,internal,varID,CDBFLL1,,0.0,,
Positive sideslip,NOTE1,internal,varID,CDBFLL2,,0.0,,
Positive sideslip,NOTE1,internal,varID,CDBFLL3,,0.0,,
Positive sideslip,NOTE1,internal,varID,CDBFLL,,0.0,,
Positive sideslip,NOTE1,internal,varID,CMBFLL0,,0.0,,
Positive sideslip,NOTE1,internal,varID,CMBFLL1,,0.0,,
Positive sideslip,NOTE1,internal,varID,CMBFLL2,,0.0,,
Positive sideslip,NOTE1,internal,varID,CMBFLL3,,0.0,,
Positive sideslip,NOTE1,internal,varID,CMBFLL,,0.0,,
Positive sideslip,NOTE1,internal,varID,CYBFLL0,,0.0,,
Positive sideslip,NOTE1,internal,varID,CYBFLL1,,0.0,,
Positive sideslip,NOTE1,internal,varID,CYBFLL2,,0.0,,
Positive sideslip,NOTE1,internal,varID,CYBFLL3,,0.0,,
Positive sideslip,NOTE1,internal,varID,CYBFLL,,0.0,,
Positive sideslip,NOTE1,internal,varID,CRBFLL0,,0.0,,
Positive sideslip,NOTE1,internal,varID,CRBFLL1,,0.0,,
Positive sideslip,NOTE1,internal,varID,CRBFLL2,,0.0,,
Positive sideslip,NOTE1,internal,varID,CRBFLL3,,0.0,,
Positive sideslip,NOTE1,internal,varID,CRBFLL,,0.0,,
Positive sideslip,NOTE1,internal,varID,CNBFLL0,,0.0,,
Positive sideslip,NOTE1,internal,varID,CNBFLL1,,0.0,,
Positive sideslip,NOTE1,internal,varID,CNBFLL2,,0.0,,
Positive sideslip,NOTE1,internal,varID,CNBFLL3,,0.0,,
Positive sideslip,NOTE1,internal,varID,CNBFLL,,0.0,,
Positive sideslip,NOTE1,internal,varID,CLBFLR0,,0.0,,
Positive sideslip,NOTE1,internal,varID,CLBFLR1,,0.0,,
Positive sideslip,NOTE1,internal,varID,CLBFLR2,,0.0,,
Positive sideslip,NOTE1,internal,varID,CLBFLR3,,0.0,,
Positive sideslip,NOTE1,internal,varID,CLBFLR,,0.0,,
Positive sideslip,NOTE1,internal,varID,CDBFLR0,,0.0,,
Positive sideslip,NOTE1,internal,varID,CDBFLR1,,0.0,,
Positive sideslip,NOTE1,internal,varID,CDBFLR2,,0.0,,
Positive sideslip,NOTE1,internal,varID,CDBFLR3,,0.0,,
Positive sideslip,NOTE1,internal,varID,CDBFLR,,0.0,,
Positive sideslip,NOTE1,internal,varID,CMBFLR0,,0.0,,
Positive sideslip,NOTE1,internal,varID,CMBFLR1,,0.0,,
Positive sideslip,NOTE1,internal,varID,CMBFLR2,,0.0,,
Positive sideslip,NOTE1,internal,varID,CMBFLR3,,0.0,,
Positive sideslip,NOTE1,internal,varID,CMBFLR,,0.0,,
Positive sideslip,NOTE1,internal,varID,CYBFLR0,,0.0,,
Positive sideslip,NOTE1,internal,varID,CYBFLR1,,0.0,,
Positive sideslip,NOTE1,internal,varID,CYBFLR2,,0.0,,
Positive sideslip,NOTE1,internal,varID,CYBFLR3,,0.0,,
Positive sideslip,NOTE1,internal,varID,CYBFLR,,-0.0,,
Positive sideslip,NOTE1,internal,varID,CRBFLR0,,0.0,,
Positive sideslip,NOTE1,internal,varID,CRBFLR1,,0.0,,
Positive sideslip,NOTE1,internal,varID,CRBFLR2,,0.0,,
Positive sideslip,NOTE1,internal,varID,CRBFLR3,,0.0,,
Positive sideslip,NOTE1,internal,varID,CRBFLR,,-0.0,,
Positive sideslip,NOTE1,internal,varID,CNBFLR0,,0.0,,
Positive sideslip,NOTE1,internal,varID,CNBFLR1,,0.0,,
Positive sideslip,NOTE1,internal,varID,CNBFLR2,,0.0,,
Positive sideslip,NOTE1,internal,varID,CNBFLR3,,0.0,,
Positive sideslip,NOTE1,internal,varID,CNBFLR,,-0.0,,
Positive sideslip,NOTE1,internal,varID,CLBFUL0,,0.0,,
Positive sideslip,NOTE1,internal,varID,CLBFUL1,,0.0,,
Positive sideslip,NOTE1,internal,varID,CLBFUL2,,0.0,,
Positive sideslip,NOTE1,internal,varID,CLBFUL3,,0.0,,
Positive sideslip,NOTE1,internal,varID,CLBFUL,,0.0,,
Positive sideslip,NOTE1,internal,varID,CDBFUL0,,0.0,,
Positive sideslip,NOTE1,internal,varID,CDBFUL1,,0.0,,
Positive sideslip,NOTE1,internal,varID,CDBFUL2,,0.0,,
Positive sideslip,NOTE1,internal,varID,CDBFUL3,,0.0,,
Positive sideslip,NOTE1,internal,varID,CDBFUL,,0.0,,
Positive sideslip,NOTE1,internal,varID,CMBFUL0,,0.0,,
Positive sideslip,NOTE1,internal,varID,CMBFUL1,,0.0,,
Positive sideslip,NOTE1,internal,varID,CMBFUL2,,0.0,,
Positive sideslip,NOTE1,internal,varID,CMBFUL3,,0.0,,
Positive sideslip,NOTE1,internal,varID,CMBFUL,,0.0,,
Positive sideslip,NOTE1,internal,varID,CYBFUL0,,0.0,,
Positive sideslip,NOTE1,internal,varID,CYBFUL1,,0.0,,
Positive sideslip,NOTE1,internal,varID,CYBFUL2,,0.0,,
Positive sideslip,NOTE1,internal,varID,CYBFUL3,,0.0,,
Positive sideslip,NOTE1,internal,varID,CYBFUL,,0.0,,
Positive sideslip,NOTE1,internal,varID,CRBFUL0,,0.0,,
Positive sideslip,NOTE1,internal,varID,CRBFUL1,,0.0,,
Positive sideslip,NOTE1,internal,varID,CRBFUL2,,0.0,,
Positive sideslip,NOTE1,internal,varID,CRBFUL3,,0.0,,
Positive sideslip,NOTE1,internal,varID,CRBFUL,,0.0,,
Positive sideslip,NOTE1,internal,varID,CNBFUL0,,0.0,,
Positive sideslip,NOTE1,internal,varID,CNBFUL1,,0.0,,
Positive sideslip,NOTE1,internal,varID,CNBFUL2,,0.0,,
Positive sideslip,NOTE1,internal,varID,CNBFUL3,,0.0,,
Positive sideslip,NOTE1,internal,varID,CNBFUL,,0.0,,
Positive sideslip,NOTE1,internal,varID,CLBFUR0,,0.0,,
Positive sideslip,NOTE1,internal,varID,CLBFUR1,,0.0,,
Positive sideslip,NOTE1,internal,varID,CLBFUR2,,0.0,,
Positive sideslip,NOTE1,internal,varID,CLBFUR3,,0.0,,
Positive sideslip,NOTE1,internal,varID,CLBFUR,,0.0,,
Positive sideslip,NOTE1,internal,varID,CDBFUR0,,0.0,,
Positive sideslip,NOTE1,internal,varID,CDBFUR1,,0.0,,
Positive sideslip,NOTE1,internal,varID,CDBFUR2,,0.0,,
Positive sideslip,NOTE1,internal,varID,CDBFUR3,,0.0,,
Positive sideslip,NOTE1,internal,varID,CDBFUR,,0.0,,
Positive sideslip,NOTE1,internal,varID,CMBFUR0,,0.0,,
Positive sideslip,NOTE1,internal,varID,CMBFUR1,,0.0,,
Positive sideslip,NOTE1,internal,varID,CMBFUR2,,0.0,,
Positive sideslip,NOTE1,internal,varID,CMBFUR3,,0.0,,
Positive sideslip,NOTE1,internal,varID,CMBFUR,,0.0,,
Positive sideslip,NOTE1,internal,varID,CYBFUR0,,0.0,,
Positive sideslip,NOTE1,internal,varID,CYBFUR1,,0.0,,
Positive sideslip,NOTE1,internal,varID,CYBFUR2,,0.0,,
Positive sideslip,NOTE1,internal,varID,CYBFUR3,,0.0,,
Positive sideslip,NOTE1,internal,varID,CYBFUR,,-0.0,,
Positive sideslip,NOTE1,internal,varID,CRBFUR0,,0.0,,
Positive sideslip,NOTE1,internal,varID,CRBFUR1,,0.0,,
Positive sideslip,NOTE1,internal,varID,CRBFUR2,,0.0,,
Positive sideslip,NOTE1,internal,varID,CRBFUR3,,0.0,,
Positive sideslip,NOTE1,internal,varID,CRBFUR,,-0.0,,
Positive sideslip,NOTE1,internal,varID,CNBFUR0,,0.0,,
Positive sideslip,NOTE1,internal,varID,CNBFUR1,,0.0,,
Positive sideslip,NOTE1,internal,varID,CNBFUR2,,0.0,,
Positive sideslip,NOTE1,internal,varID,CNBFUR3,,0.0,,
Positive sideslip,NOTE1,internal,varID,CNBFUR,,-0.0,,
Positive sideslip,NOTE1,internal,varID,CLWFL0,,0.0,,
Positive sideslip,NOTE1,internal,varID,CLWFL1,,0.0,,
Positive sideslip,NOTE1,internal,varID,CLWFL2,,0.0,,
Positive sideslip,NOTE1,internal,varID,CLWFL3,,0.0,,
Positive sideslip,NOTE1,internal,varID,CLWFL,,0.0,,
Positive sideslip,NOTE1,internal,varID,CDWFL0,,0.0,,
Positive sideslip,NOTE1,internal,varID,CDWFL1,,0.0,,
Positive sideslip,NOTE1,internal,varID,CDWFL2,,0.0,,
Positive sideslip,NOTE1,internal,varID,CDWFL3,,0.0,,
Positive sideslip,NOTE1,internal,varID,CDWFL,,0.0,,
Positive sideslip,NOTE1,internal,varID,CMWFL0,,0.0,,
Positive sideslip,NOTE1,internal,varID,CMWFL1,,0.0,,
Positive sideslip,NOTE1,internal,varID,CMWFL2,,0.0,,
Positive sideslip,NOTE1,internal,varID,CMWFL3,,0.0,,
Positive sideslip,NOTE1,internal,varID,CMWFL,,0.0,,
Positive sideslip,NOTE1,internal,varID,CYWFL0,,0.0,,
Positive sideslip,NOTE1,internal,varID,CYWFL1,,0.0,,
Positive sideslip,NOTE1,internal,varID,CYWFL2,,0.0,,
Positive sideslip,NOTE1,internal,varID,CYWFL3,,0.0,,
Positive sideslip,NOTE1,internal,varID,CYWFL,,0.0,,
Positive sideslip,NOTE1,internal,varID,CRWFL0,,0.0,,
Positive sideslip,NOTE1,internal,varID,CRWFL1,,0.0,,
Positive sideslip,NOTE1,internal,varID,CRWFL2,,0.0,,
Positive sideslip,NOTE1,internal,varID,CRWFL3,,0.0,,
Positive sideslip,NOTE1,internal,varID,CRWFL,,0.0,,
Positive sideslip,NOTE1,internal,varID,CNWFL0,,0.0,,
Positive sideslip,NOTE1,internal,varID,CNWFL1,,0.0,,
Positive sideslip,NOTE1,internal,varID,CNWFL2,,0.0,,
Positive sideslip,NOTE1,internal,varID,CNWFL3,,0.0,,
Positive sideslip,NOTE1,internal,varID,CNWFL,,0.0,,
Positive sideslip,NOTE1,internal,varID,CLWFR0,,0.0,,
Positive sideslip,NOTE1,internal,varID,CLWFR1,,0.0,,
Positive sideslip,NOTE1,internal,varID,CLWFR2,,0.0,,
Positive sideslip,NOTE1,internal,varID,CLWFR3,,0.0,,
Positive sideslip,NOTE1,internal,varID,CLWFR,,0.0,,
Positive sideslip,NOTE1,internal,varID,CDWFR0,,0.0,,
Positive sideslip,NOTE1,internal,varID,CDWFR1,,0.0,,
Positive sideslip,NOTE1,internal,varID,CDWFR2,,0.0,,
Positive sideslip,NOTE1,internal,varID,CDWFR3,,0.0,,
Positive sideslip,NOTE1,internal,varID,CDWFR,,0.0,,
Positive sideslip,NOTE1,internal,varID,CMWFR0,,0.0,,
Positive sideslip,NOTE1,internal,varID,CMWFR1,,0.0,,
Positive sideslip,NOTE1,internal,varID,CMWFR2,,0.0,,
Positive sideslip,NOTE1,internal,varID,CMWFR3,,0.0,,
Positive sideslip,NOTE1,internal,varID,CMWFR,,0.0,,
Positive sideslip,NOTE1,internal,varID,CYWFR0,,0.0,,
Positive sideslip,NOTE1,internal,varID,CYWFR1,,0.0,,
Positive sideslip,NOTE1,internal,varID,CYWFR2,,0.0,,
Positive sideslip,NOTE1,internal,varID,CYWFR3,,0.0,,
Positive sideslip,NOTE1,internal,varID,CYWFR,,-0.0,,
Positive sideslip,NOTE1,internal,varID,CRWFR0,,0.0,,
Positive sideslip,NOTE1,internal,varID,CRWFR1,,0.0,,
Positive sideslip,NOTE1,internal,varID,CRWFR2,,0.0,,
Positive sideslip,NOTE1,internal,varID,CRWFR3,,0.0,,
Positive sideslip,NOTE1,internal,varID,CRWFR,,-0.0,,
Positive sideslip,NOTE1,internal,varID,CNWFR0,,0.0,,
Positive sideslip,NOTE1,internal,varID,CNWFR1,,0.0,,
Positive sideslip,NOTE1,internal,varID,CNWFR2,,0.0,,
Positive sideslip,NOTE1,internal,varID,CNWFR3,,0.0,,
Positive sideslip,NOTE1,internal,varID,CNWFR,,-0.0,,
Positive sideslip,NOTE1,internal,varID,CLLG0,,0.0,,
Positive sideslip,NOTE1,internal,varID,CLLG1,,0.0,,
Positive sideslip,NOTE1,internal,varID,CLLG2,,0.0,,
Positive sideslip,NOTE1,internal,varID,CLLG3,,0.0,,
Positive sideslip,NOTE1,internal,varID,CLLG,,0.0,,
Positive sideslip,NOTE1,internal,varID,CDLG0,,0.0,,
Positive sideslip,NOTE1,internal,varID,CDLG1,,0.0,,
Positive sideslip,NOTE1,internal,varID,CDLG2,,0.0,,
Positive sideslip,NOTE1,internal,varID,CDLG3,,0.0,,
Positive sideslip,NOTE1,internal,varID,CDLG,,0.0,,
Positive sideslip,NOTE1,internal,varID,CMLG0,,0.0,,
Positive sideslip,NOTE1,internal,varID,CMLG1,,0.0,,
Positive sideslip,NOTE1,internal,varID,CMLG2,,0.0,,
Positive sideslip,NOTE1,internal,varID,CMLG3,,0.0,,
Positive sideslip,NOTE1,internal,varID,CMLG,,0.0,,
Positive sideslip,NOTE1,internal,varID,CYLG0,,0.0,,
Positive sideslip,NOTE1,internal,varID,CYLG1,,0.0,,
Positive sideslip,NOTE1,internal,varID,CYLG2,,0.0,,
Positive sideslip,NOTE1,internal,varID,CYLG3,,0.0,,
Positive sideslip,NOTE1,internal,varID,CYLG,,0.0,,
Positive sideslip,NOTE1,internal,varID,CRLG0,,0.0,,
Positive sideslip,NOTE1,internal,varID,CRLG1,,0.0,,
Positive sideslip,NOTE1,internal,varID,CRLG2,,0.0,,
Positive sideslip,NOTE1,internal,varID,CRLG3,,0.0,,
Positive sideslip,NOTE1,internal,varID,CRLG,,0.0,,
Positive sideslip,NOTE1,internal,varID,CNLG0,,0.0,,
Positive sideslip,NOTE1,internal,varID,CNLG1,,0.0,,
Positive sideslip,NOTE1,internal,varID,CNLG2,,0.0,,
Positive sideslip,NOTE1,internal,varID,CNLG3,,0.0,,
Positive sideslip,NOTE1,internal,varID,CNLG,,0.0,,
Positive sideslip,NOTE1,internal,varID,CLGE0,,0.0,,
Positive sideslip,NOTE1,internal,varID,CLGE1,,0.0,,
Positive sideslip,NOTE1,internal,varID,CLGE2,,0.0,,
Positive sideslip,NOTE1,internal,varID,CLGE3,,0.0,,
Positive sideslip,NOTE1,internal,varID,CLGE,,0.0,,
Positive sideslip,NOTE1,internal,varID,CDGE0,,0.0,,
Positive sideslip,NOTE1,internal,varID,CDGE1,,0.0,,
Positive sideslip,NOTE1,internal,varID,CDGE2,,0.0,,
Positive sideslip,NOTE1,internal,varID,CDGE3,,0.0,,
Positive sideslip,NOTE1,internal,varID,CDGE,,0.0,,
Positive sideslip,NOTE1,internal,varID,CMGE0,,0.0,,
Positive sideslip,NOTE1,internal,varID,CMGE1,,0.0,,
Positive sideslip,NOTE1,internal,varID,CMGE2,,0.0,,
Positive sideslip,NOTE1,internal,varID,CMGE3,,0.0,,
Positive sideslip,NOTE1,internal,varID,CMGE,,0.0,,
Positive sideslip,NOTE1,internal,varID,CYGE0,,0.0,,
Positive sideslip,NOTE1,internal,varID,CYGE1,,0.0,,
Positive sideslip,NOTE1,internal,varID,CYGE2,,0.0,,
Positive sideslip,NOTE1,internal,varID,CYGE3,,0.0,,
Positive sideslip,NOTE1,internal,varID,CYGE,,0.0,,
Positive sideslip,NOTE1,internal,varID,CRGE0,,0.0,,
Positive sideslip,NOTE1,internal,varID,CRGE1,,0.0,,
Positive sideslip,NOTE1,internal,varID,CRGE2,,0.0,,
Positive sideslip,NOTE1,internal,varID,CRGE3,,0.0,,
Positive sideslip,NOTE1,internal,varID,CRGE,,0.0,,
Positive sideslip,NOTE1,internal,varID,CNGE0,,0.0,,
Positive sideslip,NOTE1,internal,varID,CNGE1,,0.0,,
Positive sideslip,NOTE1,internal,varID,CNGE2,,0.0,,
Positive sideslip,NOTE1,internal,varID,CNGE3,,0.0,,
Positive sideslip,NOTE1,internal,varID,CNGE,,0.0,,
Positive sideslip,NOTE1,internal,varID,sCYRUD,,0.0,,
Positive sideslip,NOTE1,internal,varID,sCRRUD,,0.0,,
Positive sideslip,NOTE1,internal,varID,sCNRUD,,0.0,,
Positive sideslip,NOTE1,internal,varID,CMQ,,-0.155988326714,,
Positive sideslip,NOTE1,internal,varID,CNP,,0.24752343178,,
Positive sideslip,NOTE1,internal,varID,CNR,,-0.8981111534383,,
Positive sideslip,NOTE1,internal,varID,CLP,,-0.506429680738,,
Positive sideslip,NOTE1,internal,varID,CLR,,0.72926521693,,
Positive sideslip,NOTE1,internal,varID,CL,,0.368505466871,,
Positive sideslip,NOTE1,internal,varID,CD,,0.11129794625100001,,
Positive sideslip,NOTE1,internal,varID,CM,,-0.006371181236900003,,
Positive sideslip,NOTE1,internal,varID,CY,,-0.04225905779126401,,
Positive sideslip,NOTE1,internal,varID,CN,,0.011899560920832001,,
Positive sideslip,NOTE1,internal,varID,CR,,-0.028061014039808,,
Positive sideslip,NOTE1,output,signalName,referenceWingChord,f,28.24,1e-06,
Positive sideslip,NOTE1,output,signalName,referenceWingSpan,f,13.89,1e-06,
Positive sideslip,NOTE1,output,signalName,referenceWingArea,f2,286.45,1e-06,
Positive sideslip,NOTE1,output,signalName,vrsPositionOfMrc_X,fracMAC,0.54,1e-06,
Positive sideslip,NOTE1,output,signalName,totalCoefficientOfLift,nd,0.368505477905,1e-06,
Positive sideslip,NOTE1,output,signalName,totalCoefficientOfDrag,nd,0.111297950149,1e-06,
Positive sideslip,NOTE1,output,signalName,aeroBodyForceCoefficient_Y,nd,-0.042259058986,1e-06,
Positive sideslip,NOTE1,output,signalName,aeroBodyMomentCoefficient_Roll,nd,-0.028061014832,1e-06,
Positive sideslip,NOTE1,output,signalName,aeroBodyMomentCoefficient_Pitch,nd,-0.006371179596,1e-06,
Positive sideslip,NOTE1,output,signalName,aeroBodyMomentCoefficient_Yaw,nd,0.011899560867,1e-06,
Negative sideslip,NOTE1,input,signalName,angleOfAttack,deg,10.3,,
Negative sideslip,NOTE1,input,signalName,angleOfSideslip,deg,-3.2,,
Negative sideslip,NOTE1,input,signalName,mach,nd,0.8,,
Negative sideslip,NOTE1,input,signalName,trueAirspeed,f_s,240.0,,
Negative sideslip,NOTE1,input,signalName,heightOfCgWrtRwy,f,20000.0,,
Negative sideslip,NOTE1,input,signalName,bodyAngularRate_Roll,rad_s,0.0,,
Negative sideslip,NOTE1,input,signalName,bodyAngularRate_Pitch,rad_s,0.0,,
Negative sideslip,NOTE1,input,signalName,bodyAngularRate_Yaw,rad_s,0.0,,
Negative sideslip,NOTE1,input,signalName,upperLeftBodyFlapDeflection,deg,0.0,,
Negative sideslip,NOTE1,input,signalName,upperRightBodyFlapDeflection,deg,0.0,,
Negative sideslip,NOTE1,input,signalName,lowerLeftBodyFlapDeflection,deg,0.0,,
Negative sideslip,NOTE1,input,signalName,lowerRightBodyFlapDeflection,deg,0.0,,
Negative sideslip,NOTE1,input,signalName,leftWingFlapDeflection,deg,0.0,,
Negative sideslip,NOTE1,input,signalName,rightWingFlapDeflection,deg,0.0,,
Negative sideslip,NOTE1,input,signalName,rudderDeflection,deg,0.0,,
Negative sideslip,NOTE1,input,signalName,landingGearExtension,deg,0.0,,
Negative sideslip,NOTE1,internal,varID,ALP,,10.3,,
Negative sideslip,NOTE1,internal,varID,BETA,,-3.2,,
Negative sideslip,NOTE1,internal,varID,XMACH,,0.8,,
Negative sideslip,NOTE1,internal,varID,PB,,0.0,,
Negative sideslip,NOTE1,internal,varID,QB,,0.0,,
Negative sideslip,NOTE1,internal,varID,RB,,0.0,,
Negative sideslip,NOTE1,internal,varID,VRW,,240.0,,
Negative sideslip,NOTE1,internal,varID,H_rwy,,20000.0,,
Negative sideslip,NOTE1,internal,varID,DBFUL,,0.0,,
Negative sideslip,NOTE1,internal,varID,DBFUR,,0.0,,
Negative sideslip,NOTE1,internal,varID,DBFLL,,0.0,,
Negative sideslip,NOTE1,internal,varID,DBFLR,,0.0,,
Negative sideslip,NOTE1,internal,varID,DWFL,,0.0,,
Negative sideslip,NOTE1,internal,varID,DWFR,,0.0,,
Negative sideslip,NOTE1,internal,varID,DRUD,,0.0,,
Negative sideslip,NOTE1,internal,varID,DLG,,0.0,,
Negative sideslip,NOTE1,internal,varID,CBAR,,28.24,,
Negative sideslip,NOTE1,internal,varID,BSPAN,,13.89,,
Negative sideslip,NOTE1,internal,varID,SWING,,286.45,,
Negative sideslip,NOTE1,internal,varID,XRP,,0.54,,
Negative sideslip,NOTE1,internal,varID,CMQ0,,-0.22364,,
Negative sideslip,NOTE1,internal,varID,CMQ1,,0.020457,,
Negative sideslip,NOTE1,internal,varID,CMQ2,,-0.0016741,,
Negative sideslip,NOTE1,internal,varID,CMQ3,,3.1618e-05,,
Negative sideslip,NOTE1,internal,varID,CNP0,,0.40031,,
Negative sideslip,NOTE1,internal,varID,CNP1,,-0.015518,,
Negative sideslip,NOTE1,internal,varID,CNP2,,-0.00012143,,
Negative sideslip,NOTE1,internal,varID,CNP3,,1.824e-05,,
Negative sideslip,NOTE1,internal,varID,CNR0,,-0.79533,,
Negative sideslip,NOTE1,internal,varID,CNR1,,-0.012647,,
Negative sideslip,NOTE1,internal,varID,CNR2,,0.00032696,,
Negative sideslip,NOTE1,internal,varID,CNR3,,-6.5929e-06,,
Negative sideslip,NOTE1,internal,varID,CLP0,,-0.55242,,
Negative sideslip,NOTE1,internal,varID,CLP1,,0.014478,,
Negative sideslip,NOTE1,internal,varID,CLP2,,-0.0011545,,
Negative sideslip,NOTE1,internal,varID,CLP3,,1.7706e-05,,
Negative sideslip,NOTE1,internal,varID,CLR0,,0.44685,,
Negative sideslip,NOTE1,internal,varID,CLR1,,0.067411,,
Negative sideslip,NOTE1,internal,varID,CLR2,,-0.0051866,,
Negative sideslip,NOTE1,internal,varID,CLR3,,0.00012659,,
Negative sideslip,NOTE1,internal,varID,abs_rud,,0.0,,
Negative sideslip,NOTE1,internal,varID,HOB,,1439.8848092152627,,
Negative sideslip,NOTE1,internal,varID,PBO2V,,0.0,,
Negative sideslip,NOTE1,internal,varID,QCO2V,,0.0,,
Negative sideslip,NOTE1,internal,varID,RBO2V,,0.0,,
Negative sideslip,NOTE1,internal,varID,CL0A0,,-0.073425,,
Negative sideslip,NOTE1,internal,varID,CL0A1,,0.043347,,
Negative sideslip,NOTE1,internal,varID,CL0A2,,0.00012122,,
Negative sideslip,NOTE1,internal,varID,CL0A3,,-1.5927e-05,,
Negative sideslip,NOTE1,internal,varID,CL0,,0.368505466871,,
Negative sideslip,NOTE1,internal,varID,CD0A0,,0.060114,,
Negative sideslip,NOTE1,internal,varID,CD0A1,,-0.002439,,
Negative sideslip,NOTE1,internal,varID,CD0A2,,0.00080564,,
Negative sideslip,NOTE1,internal,varID,CD0A3,,-8.387e-06,,
Negative sideslip,NOTE1,internal,varID,CD0,,0.11129794625100001,,
Negative sideslip,NOTE1,internal,varID,CM0A0,,0.025129,,
Negative sideslip,NOTE1,internal,varID,CM0A1,,-0.0030512,,
Negative sideslip,NOTE1,internal,varID,CM0A2,,-4.8533e-05,,
Negative sideslip,NOTE1,internal,varID,CM0A3,,4.6453e-06,,
Negative sideslip,NOTE1,internal,varID,CM0,,-0.006371181236900003,,
Negative sideslip,NOTE1,internal,varID,CY0A0,,-0.013313,,
Negative sideslip,NOTE1,internal,varID,CY0A1,,-0.00013917,,
Negative sideslip,NOTE1,internal,varID,CY0A2,,1.604e-05,,
Negative sideslip,NOTE1,internal,varID,CY0A3,,-1.4751e-07,,
Negative sideslip,NOTE1,internal,varID,CYB,,-0.013205955559770001,,
Negative sideslip,NOTE1,internal,varID,CR0A0,,-0.0063969,,
Negative sideslip,NOTE1,internal,varID,CR0A1,,-0.00049202,,
Negative sideslip,NOTE1,internal,varID,CR0A2,,2.8527e-05,,
Negative sideslip,NOTE1,internal,varID,CR0A3,,-3.0272e-07,,
Negative sideslip,NOTE1,internal,varID,CRB,,-0.008769066887439999,,
Negative sideslip,NOTE1,internal,varID,CN0A0,,0.0030814,,
Negative sideslip,NOTE1,internal,varID,CN0A1,,0.00011705,,
Negative sideslip,NOTE1,internal,varID,CN0A2,,-2.2768e-06,,
Negative sideslip,NOTE1,internal,varID,CN0A3,,-2.9912e-07,,
Negative sideslip,NOTE1,internal,varID,CNB,,0.00371861278776,,
Negative sideslip,NOTE1,internal,varID,CLRUD0,,0.0,,
Negative sideslip,NOTE1,internal,varID,CLRUD1,,0.0,,
Negative sideslip,NOTE1,internal,varID,CLRUD2,,0.0,,
Negative sideslip,NOTE1,internal,varID,CLRUD3,,0.0,,
Negative sideslip,NOTE1,internal,varID,CLRUD,,0.0,,
Negative sideslip,NOTE1,internal,varID,CDRUD0,,0.0,,
Negative sideslip,NOTE1,internal,varID,CDRUD1,,0.0,,
Negative sideslip,NOTE1,internal,varID,CDRUD2,,0.0,,
Negative sideslip,NOTE1,internal,varID,CDRUD3,,0.0,,
Negative sideslip,NOTE1,internal,varID,CDRUD,,0.0,,
Negative sideslip,NOTE1,internal,varID,CMRUD0,,0.0,,
Negative sideslip,NOTE1,internal,varID,CMRUD1,,0.0,,
Negative sideslip,NOTE1,internal,varID,CMRUD2,,0.0,,
Negative sideslip,NOTE1,internal,varID,CMRUD3,,0.0,,
Negative sideslip,NOTE1,internal,varID,CMRUD,,0.0,,
Negative sideslip,NOTE1,internal,varID,CYRUD0,,0.0,,
Negative sideslip,NOTE1,internal,varID,CYRUD1,,0.0,,
Negative sideslip,NOTE1,internal,varID,CYRUD2,,0.0,,
Negative sideslip,NOTE1,internal,varID,CYRUD3,,0.0,,
Negative sideslip,NOTE1,internal,varID,CYRUD,,0.0,,
Negative sideslip,NOTE1,internal,varID,CRRUD0,,0.0,,
Negative sideslip,NOTE1,internal,varID,CRRUD1,,0.0,,
Negative sideslip,NOTE1,internal,varID,CRRUD2,,0.0,,
Negative sideslip,NOTE1,internal,varID,CRRUD3,,0.0,,
Negative sideslip,NOTE1,internal,varID,CRRUD,,0.0,,
Negative sideslip,NOTE1,internal,varID,CNRUD0,,0.0,,
Negative sideslip,NOTE1,internal,varID,CNRUD1,,0.0,,
Negative sideslip,NOTE1,internal,varID,CNRUD2,,0.0,,
Negative sideslip,NOTE1,internal,varID,CNRUD3,,0.0,,
Negative sideslip,NOTE1,internal,varID,CNRUD,,0.0,,
Negative sideslip,NOTE1,internal,varID,CLBFLL0,,0.0,,
Negative sideslip,NOTE1,internal,varID,CLBFLL1,,0.0,,
Negative sideslip,NOTE1,internal,varID,CLBFLL2,,0.0,,
Negative sideslip,NOTE1,internal,varID,CLBFLL3,,0.0,,
Negative sideslip,NOTE1,internal,varID,CLBFLL,,0.0,,
Negative sideslip,NOTE1,internal,varID,CDBFLL0,,0.0,,
Negative sideslip,NOTE1,internal,varID,CDBFLL1,,0.0,,
Negative sideslip,NOTE1,internal,varID,CDBFLL2,,0.0,,
Negative sideslip,NOTE1,internal,varID,CDBFLL3,,0.0,,
Negative sideslip,NOTE1,internal,varID,CDBFLL,,0.0,,
Negative sideslip,NOTE1,internal,varID,CMBFLL0,,0.0,,
Negative sideslip,NOTE1,internal,varID,CMBFLL1,,0.0,,
Negative sideslip,NOTE1,internal,varID,CMBFLL2,,0.0,,
Negative sideslip,NOTE1,internal,varID,CMBFLL3,,0.0,,
Negative sideslip,NOTE1,internal,varID,CMBFLL,,0.0,,
Negative sideslip,NOTE1,internal,varID,CYBFLL0,,0.0,,
Negative sideslip,NOTE1,internal,varID,CYBFLL1,,0.0,,
Negative sideslip,NOTE1,internal,varID,CYBFLL2,,0.0,,
Negative sideslip,NOTE1,internal,varID,CYBFLL3,,0.0,,
Negative sideslip,NOTE1,internal,varID,CYBFLL,,0.0,,
Negative sideslip,NOTE1,internal,varID,CRBFLL0,,0.0,,
Negative sideslip,NOTE1,internal,varID,CRBFLL1,,0.0,,
Negative sideslip,NOTE1,internal,varID,CRBFLL2,,0.0,,
Negative sideslip,NOTE1,internal,varID,CRBFLL3,,0.0,,
Negative sideslip,NOTE1,internal,varID,CRBFLL,,0.0,,
Negative sideslip,NOTE1,internal,varID,CNBFLL0,,0.0,,
Negative sideslip,NOTE1,internal,varID,CNBFLL1,,0.0,,
Negative sideslip,NOTE1,internal,varID,CNBFLL2,,0.0,,
Negative sideslip,NOTE1,internal,varID,CNBFLL3,,0.0,,
Negative sideslip,NOTE1,internal,varID,CNBFLL,,0.0,,
Negative sideslip,NOTE1,internal,varID,CLBFLR0,,0.0,,
Negative sideslip,NOTE1,internal,varID,CLBFLR1,,0.0,,
Negative sideslip,NOTE1,internal,varID,CLBFLR2,,0.0,,
Negative sideslip,NOTE1,internal,varID,CLBFLR3,,0.0,,
Negative sideslip,NOTE1,internal,varID,CLBFLR,,0.0,,
Negative sideslip,NOTE1,internal,varID,CDBFLR0,,0.0,,
Negative sideslip,NOTE1,internal,varID,CDBFLR1,,0.0,,
Negative sideslip,NOTE1,internal,varID,CDBFLR2,,0.0,,
Negative sideslip,NOTE1,internal,varID,CDBFLR3,,0.0,,
Negative sideslip,NOTE1,internal,varID,CDBFLR,,0.0,,
Negative sideslip,NOTE1,internal,varID,CMBFLR0,,0.0,,
Negative sideslip,NOTE1,internal,varID,CMBFLR1,,0.0,,
Negative sideslip,NOTE1,internal,varID,CMBFLR2,,0.0,,
Negative sideslip,NOTE1,internal,varID,CMBFLR3,,0.0,,
Negative sideslip,NOTE1,internal,varID,CMBFLR,,0.0,,
Negative sideslip,NOTE1,internal,varID,CYBFLR0,,0.0,,
Negative sideslip,NOTE1,internal,varID,CYBFLR1,,0.0,,
Negative sideslip,NOTE1,internal,varID,CYBFLR2,,0.0,,
Negative sideslip,NOTE1,internal,varID,CYBFLR3,,0.0,,
Negative sideslip,NOTE1,internal,varID,CYBFLR,,-0.0,,
Negative sideslip,NOTE1,internal,varID,CRBFLR0,,0.0,,
Negative sideslip,NOTE1,internal,varID,CRBFLR1,,0.0,,
Negative sideslip,NOTE1,internal,varID,CRBFLR2,,0.0,,
Negative sideslip,NOTE1,internal,varID,CRBFLR3,,0.0,,
Negative sideslip,NOTE1,internal,varID,CRBFLR,,-0.0,,
Negative sideslip,NOTE1,internal,varID,CNBFLR0,,0.0,,
Negative sideslip,NOTE1,internal,varID,CNBFLR1,,0.0,,
Negative sideslip,NOTE1,internal,varID,CNBFLR2,,0.0,,
Negative sideslip,NOTE1,internal,varID,CNBFLR3,,0.0,,
Negative sideslip,NOTE1,internal,varID,CNBFLR,,-0.0,,
Negative sideslip,NOTE1,internal,varID,CLBFUL0,,0.0,,
Negative sideslip,NOTE1,internal,varID,CLBFUL1,,0.0,,
Negative sideslip,NOTE1,internal,varID,CLBFUL2,,0.0,,
Negative sideslip,NOTE1,internal,varID,CLBFUL3,,0.0,,
Negative sideslip,NOTE1,internal,varID,CLBFUL,,0.0,,
Negative sideslip,NOTE1,internal,varID,CDBFUL0,,0.0,,
Negative sideslip,NOTE1,internal,varID,CDBFUL1,,0.0,,
Negative sideslip,NOTE1,internal,varID,CDBFUL2,,0.0,,
Negative sideslip,NOTE1,internal,varID,CDBFUL3,,0.0,,
Negative sideslip,NOTE1,internal,varID,CDBFUL,,0.0,,
Negative sideslip,NOTE1,internal,varID,CMBFUL0,,0.0,,
Negative sideslip,NOTE1,internal,varID,CMBFUL1,,0.0,,
Negative sideslip,NOTE1,internal,varID,CMBFUL2,,0.0,,
Negative sideslip,NOTE1,internal,varID,CMBFUL3,,0.0,,
Negative sideslip,NOTE1,internal,varID,CMBFUL,,0.0,,
Negative sideslip,NOTE1,internal,varID,CYBFUL0,,0.0,,
Negative sideslip,NOTE1,internal,varID,CYBFUL1,,0.0,,
Negative sideslip,NOTE1,internal,varID,CYBFUL2,,0.0,,
Negative sideslip,NOTE1,internal,varID,CYBFUL3,,0.0,,
Negative sideslip,NOTE1,internal,varID,CYBFUL,,0.0,,
Negative sideslip,NOTE1,internal,varID,CRBFUL0,,0.0,,
Negative sideslip,NOTE1,internal,varID,CRBFUL1,,0.0,,
Negative sideslip,NOTE1,internal,varID,CRBFUL2,,0.0,,
Negative sideslip,NOTE1,internal,varID,CRBFUL3,,0.0,,
Negative sideslip,NOTE1,internal,varID,CRBFUL,,0.0,,
Negative sideslip,NOTE1,internal,varID,CNBFUL0,,0.0,,
Negative sideslip,NOTE1,internal,varID,CNBFUL1,,0.0,,
Negative sideslip,NOTE1,internal,varID,CNBFUL2,,0.0,,
Negative sideslip,NOTE1,internal,varID,CNBFUL3,,0.0,,
Negative sideslip,NOTE1,internal,varID,CNBFUL,,0.0,,
Negative sideslip,NOTE1,internal,varID,CLBFUR0,,0.0,,
Negative sideslip,NOTE1,internal,varID,CLBFUR1,,0.0,,
Negative sideslip,NOTE1,internal,varID,CLBFUR2,,0.0,,
Negative sideslip,NOTE1,internal,varID,CLBFUR3,,0.0,,
Negative sideslip,NOTE1,internal,varID,CLBFUR,,0.0,,
Negative sideslip,NOTE1,internal,varID,CDBFUR0,,0.0,,
Negative sideslip,NOTE1,internal,varID,CDBFUR1,,0.0,,
Negative sideslip,NOTE1,internal,varID,CDBFUR2,,0.0,,
Negative sideslip,NOTE1,internal,varID,CDBFUR3,,0.0,,
Negative sideslip,NOTE1,internal,varID,CDBFUR,,0.0,,
Negative sideslip,NOTE1,internal,varID,CMBFUR0,,0.0,,
Negative sideslip,NOTE1,internal,varID,CMBFUR1,,0.0,,
Negative sideslip,NOTE1,internal,varID,CMBFUR2,,0.0,,
Negative sideslip,NOTE1,internal,varID,CMBFUR3,,0.0,,
Negative sideslip,NOTE1,internal,varID,CMBFUR,,0.0,,
Negative sideslip,NOTE1,internal,varID,CYBFUR0,,0.0,,
Negative sideslip,NOTE1,internal,varID,CYBFUR1,,0.0,,
Negative sideslip,NOTE1,internal,varID,CYBFUR2,,0.0,,
Negative sideslip,NOTE1,internal,varID,CYBFUR3,,0.0,,
Negative sideslip,NOTE1,internal,varID,CYBFUR,,-0.0,,
Negative sideslip,NOTE1,internal,varID,CRBFUR0,,0.0,,
Negative sideslip,NOTE1,internal,varID,CRBFUR1,,0.0,,
Negative sideslip,NOTE1,internal,varID,CRBFUR2,,0.0,,
Negative sideslip,NOTE1,internal,varID,CRBFUR3,,0.0,,
Negative sideslip,NOTE1,internal,varID,CRBFUR,,-0.0,,
Negative sideslip,NOTE1,internal,varID,CNBFUR0,,0.0,,
Negative sideslip,NOTE1,internal,varID,CNBFUR1,,0.0,,
Negative sideslip,NOTE1,internal,varID,CNBFUR2,,0.0,,
Negative sideslip,NOTE1,internal,varID,CNBFUR3,,0.0,,
Negative sideslip,NOTE1,internal,varID,CNBFUR,,-0.0,,
Negative sideslip,NOTE1,internal,varID,CLWFL0,,0.0,,
Negative sideslip,NOTE1,internal,varID,CLWFL1,,0.0,,
Negative sideslip,NOTE1,internal,varID,CLWFL2,,0.0,,
Negative sideslip,NOTE1,internal,varID,CLWFL3,,0.0,,
Negative sideslip,NOTE1,internal,varID,CLWFL,,0.0,,
Negative sideslip,NOTE1,internal,varID,CDWFL0,,0.0,,
Negative sideslip,NOTE1,internal,varID,CDWFL1,,0.0,,
Negative sideslip,NOTE1,internal,varID,CDWFL2,,0.0,,
Negative sideslip,NOTE1,internal,varID,CDWFL3,,0.0,,
Negative sideslip,NOTE1,internal,varID,CDWFL,,0.0,,
Negative sideslip,NOTE1,internal,varID,CMWFL0,,0.0,,
Negative sideslip,NOTE1,internal,varID,CMWFL1,,0.0,,
Negative sideslip,NOTE1,internal,varID,CMWFL2,,0.0,,
Negative sideslip,NOTE1,internal,varID,CMWFL3,,0.0,,
Negative sideslip,NOTE1,internal,varID,CMWFL,,0.0,,
Negative sideslip,NOTE1,internal,varID,CYWFL0,,0.0,,
Negative sideslip,NOTE1,internal,varID,CYWFL1,,0.0,,
Negative sideslip,NOTE1,internal,varID,CYWFL2,,0.0,,
Negative sideslip,NOTE1,internal,varID,CYWFL3,,0.0,,
Negative sideslip,NOTE1,internal,varID,CYWFL,,0.0,,
Negative sideslip,NOTE1,internal,varID,CRWFL0,,0.0,,
Negative sideslip,NOTE1,internal,varID,CRWFL1,,0.0,,
Negative sideslip,NOTE1,internal,varID,CRWFL2,,0.0,,
Negative sideslip,NOTE1,internal,varID,CRWFL3,,0.0,,
Negative sideslip,NOTE1,internal,varID,CRWFL,,0.0,,
Negative sideslip,NOTE1,internal,varID,CNWFL0,,0.0,,
Negative sideslip,NOTE1,internal,varID,CNWFL1,,0.0,,
Negative sideslip,NOTE1,internal,varID,CNWFL2,,0.0,,
Negative sideslip,NOTE1,internal,varID,CNWFL3,,0.0,,
Negative sideslip,NOTE1,internal,varID,CNWFL,,0.0,,
Negative sideslip,NOTE1,internal,varID,CLWFR0,,0.0,,
Negative sideslip,NOTE1,internal,varID,CLWFR1,,0.0,,
Negative sideslip,NOTE1,internal,varID,CLWFR2,,0.0,,
Negative sideslip,NOTE1,internal,varID,CLWFR3,,0.0,,
Negative sideslip,NOTE1,internal,varID,CLWFR,,0.0,,
Negative sideslip,NOTE1,internal,varID,CDWFR0,,0.0,,
Negative sideslip,NOTE1,internal,varID,CDWFR1,,0.0,,
Negative sideslip,NOTE1,internal,varID,CDWFR2,,0.0,,
Negative sideslip,NOTE1,internal,varID,CDWFR3,,0.0,,
Negative sideslip,NOTE1,internal,varID,CDWFR,,0.0,,
Negative sideslip,NOTE1,internal,varID,CMWFR0,,0.0,,
Negative sideslip,NOTE1,internal,varID,CMWFR1,,0.0,,
Negative sideslip,NOTE1,internal,varID,CMWFR2,,0.0,,
Negative sideslip,NOTE1,internal,varID,CMWFR3,,0.0,,
Negative sideslip,NOTE1,internal,varID,CMWFR,,0.0,,
Negative sideslip,NOTE1,internal,varID,CYWFR0,,0.0,,
Negative sideslip,NOTE1,internal,varID,CYWFR1,,0.0,,
Negative sideslip,NOTE1,internal,varID,CYWFR2,,0.0,,
Negative sideslip,NOTE1,internal,varID,CYWFR3,,0.0,,
Negative sideslip,NOTE1,internal,varID,CYWFR,,-0.0,,
Negative sideslip,NOTE1,internal,varID,CRWFR0,,0.0,,
Negative sideslip,NOTE1,internal,varID,CRWFR1,,0.0,,
Negative sideslip,NOTE1,internal,varID,CRWFR2,,0.0,,
Negative sideslip,NOTE1,internal,varID,CRWFR3,,0.0,,
Negative sideslip,NOTE1,internal,varID,CRWFR,,-0.0,,
Negative sideslip,NOTE1,internal,varID,CNWFR0,,0.0,,
Negative sideslip,NOTE1,internal,varID,CNWFR1,,0.0,,
Negative sideslip,NOTE1,internal,varID,CNWFR2,,0.0,,
Negative sideslip,NOTE1,internal,varID,CNWFR3,,0.0,,
Negative sideslip,NOTE1,internal,varID,CNWFR,,-0.0,,
Negative sideslip,NOTE1,internal,varID,CLLG0,,0.0,,
Negative sideslip,NOTE1,internal,varID,CLLG1,,0.0,,
Negative sideslip,NOTE1,internal,varID,CLLG2,,0.0,,
Negative sideslip,NOTE1,internal,varID,CLLG3,,0.0,,
Negative sideslip,NOTE1,internal,varID,CLLG,,0.0,,
Negative sideslip,NOTE1,internal,varID,CDLG0,,0.0,,
Negative sideslip,NOTE1,internal,varID,CDLG1,,0.0,,
Negative sideslip,NOTE1,internal,varID,CDLG2,,0.0,,
Negative sideslip,NOTE1,internal,varID,CDLG3,,0.0,,
Negative sideslip,NOTE1,internal,varID,CDLG,,0.0,,
Negative sideslip,NOTE1,internal,varID,CMLG0,,0.0,,
Negative sideslip,NOTE1,internal,varID,CMLG1,,0.0,,
Negative sideslip,NOTE1,internal,varID,CMLG2,,0.0,,
Negative sideslip,NOTE1,internal,varID,CMLG3,,0.0,,
Negative sideslip,NOTE1,internal,varID,CMLG,,0.0,,
Negative sideslip,NOTE1,internal,varID,CYLG0,,0.0,,
Negative sideslip,NOTE1,internal,varID,CYLG1,,0.0,,
Negative sideslip,NOTE1,internal,varID,CYLG2,,0.0,,
Negative sideslip,NOTE1,internal,varID,CYLG3,,0.0,,
Negative sideslip,NOTE1,internal,varID,CYLG,,0.0,,
Negative sideslip,NOTE1,internal,varID,CRLG0,,0.0,,
Negative sideslip,NOTE1,internal,varID,CRLG1,,0.0,,
Negative sideslip,NOTE1,internal,varID,CRLG2,,0.0,,
Negative sideslip,NOTE1,internal,varID,CRLG3,,0.0,,
Negative sideslip,NOTE1,internal,varID,CRLG,,0.0,,
Negative sideslip,NOTE1,internal,varID,CNLG0,,0.0,,
Negative sideslip,NOTE1,internal,varID,CNLG1,,0.0,,
Negative sideslip,NOTE1,internal,varID,CNLG2,,0.0,,
Negative sideslip,NOTE1,internal,varID,CNLG3,,0.0,,
Negative sideslip,NOTE1,internal,varID,CNLG,,0.0,,
Negative sideslip,NOTE1,internal,varID,CLGE0,,0.0,,
Negative sideslip,NOTE1,internal,varID,CLGE1,,0.0,,
Negative sideslip,NOTE1,internal,varID,CLGE2,,0.0,,
Negative sideslip,NOTE1,internal,varID,CLGE3,,0.0,,
Negative sideslip,NOTE1,internal,varID,CLGE,,0.0,,
Negative sideslip,NOTE1,internal,varID,CDGE0,,0.0,,
Negative sideslip,NOTE1,internal,varID,CDGE1,,0.0,,
Negative sideslip,NOTE1,internal,varID,CDGE2,,0.0,,
Negative sideslip,NOTE1,internal,varID,CDGE3,,0.0,,
Negative sideslip,NOTE1,internal,varID,CDGE,,0.0,,
Negative sideslip,NOTE1,internal,varID,CMGE0,,0.0,,
Negative sideslip,NOTE1,internal,varID,CMGE1,,0.0,,
Negative sideslip,NOTE1,internal,varID,CMGE2,,0.0,,
Negative sideslip,NOTE1,internal,varID,CMGE3,,0.0,,
Negative sideslip,NOTE1,internal,varID,CMGE,,0.0,,
Negative sideslip,NOTE1,internal,varID,CYGE0,,0.0,,
Negative sideslip,NOTE1,internal,varID,CYGE1,,0.0,,
Negative sideslip,NOTE1,internal,varID,CYGE2,,0.0,,
Negative sideslip,NOTE1,internal,varID,CYGE3,,0.0,,
Negative sideslip,NOTE1,internal,varID,CYGE,,0.0,,
Negative sideslip,NOTE1,internal,varID,CRGE0,,0.0,,
Negative sideslip,NOTE1,internal,varID,CRGE1,,0.0,,
Negative sideslip,NOTE1,internal,varID,CRGE2,,0.0,,
Negative sideslip,NOTE1,internal,varID,CRGE3,,0.0,,
Negative sideslip,NOTE1,internal,varID,CRGE,,0.0,,
Negative sideslip,NOTE1,internal,varID,CNGE0,,0.0,,
Negative sideslip,NOTE1,internal,varID,CNGE1,,0.0,,
Negative sideslip,NOTE1,internal,varID,CNGE2,,0.0,,
Negative sideslip,NOTE1,internal,varID,CNGE3,,0.0,,
Negative sideslip,NOTE1,internal,varID,CNGE,,0.0,,
Negative sideslip,NOTE1,internal,varID,sCYRUD,,0.0,,
Negative sideslip,NOTE1,internal,varID,sCRRUD,,0.0,,
Negative sideslip,NOTE1,internal,varID,sCNRUD,,0.0,,
Negative sideslip,NOTE1,internal,varID,CMQ,,-0.155988326714,,
Negative sideslip,NOTE1,internal,varID,CNP,,0.24752343178,,
Negative sideslip,NOTE1,internal,varID,CNR,,-0.8981111534383,,
Negative sideslip,NOTE1,internal,varID,CLP,,-0.506429680738,,
Negative sideslip,NOTE1,internal,varID,CLR,,0.72926521693,,
Negative sideslip,NOTE1,internal,varID,CL,,0.368505466871,,
Negative sideslip,NOTE1,internal,varID,CD,,0.11129794625100001,,
Negative sideslip,NOTE1,internal,varID,CM,,-0.006371181236900003,,
Negative sideslip,NOTE1,internal,varID,CY,,0.04225905779126401,,
Negative sideslip,NOTE1,internal,varID,CN,,-0.011899560920832001,,
Negative sideslip,NOTE1,internal,varID,CR,,0.028061014039808,,
Negative sideslip,NOTE1,output,signalName,referenceWingChord,f,28.24,1e-06,
Negative sideslip,NOTE1,output,signalName,referenceWingSpan,f,13.89,1e-06,
Negative sideslip,NOTE1,output,signalName,referenceWingArea,f2,286.45,1e-06,
Negative sideslip,NOTE1,output,signalName,vrsPositionOfMrc_X,fracMAC,0.54,1e-06,
Negative sideslip,NOTE1,output,signalName,totalCoefficientOfLift,nd,0.368505477905,1e-06,
Negative sideslip,NOTE1,output,signalName,totalCoefficientOfDrag,nd,0.111297950149,1e-06,
Negative sideslip,NOTE1,output,signalName,aeroBodyForceCoefficient_Y,nd,0.042259058986,1e-06,
Negative sideslip,NOTE1,output,signalName,aeroBodyMomentCoefficient_Roll,nd,0.028061014832,1e-06,
Negative sideslip,NOTE1,output,signalName,aeroBodyMomentCoefficient_Pitch,nd,-0.006371179596,1e-06,
Negative sideslip,NOTE1,output,signalName,aeroBodyMomentCoefficient_Yaw,nd,-0.011899560867,1e-06,
Roll rate,NOTE1,input,signalName,angleOfAttack,deg,10.3,,
Roll rate,NOTE1,input,signalName,angleOfSideslip,deg,0.0,,
Roll rate,NOTE1,input,signalName,mach,nd,0.8,,
Roll rate,NOTE1,input,signalName,trueAirspeed,f_s,240.0,,
Roll rate,NOTE1,input,signalName,heightOfCgWrtRwy,f,20000.0,,
Roll rate,NOTE1,input,signalName,bodyAngularRate_Roll,rad_s,0.5,,
Roll rate,NOTE1,input,signalName,bodyAngularRate_Pitch,rad_s,0.0,,
Roll rate,NOTE1,input,signalName,bodyAngularRate_Yaw,rad_s,0.0,,
Roll rate,NOTE1,input,signalName,upperLeftBodyFlapDeflection,deg,0.0,,
Roll rate,NOTE1,input,signalName,upperRightBodyFlapDeflection,deg,0.0,,
Roll rate,NOTE1,input,signalName,lowerLeftBodyFlapDeflection,deg,0.0,,
Roll rate,NOTE1,input,signalName,lowerRightBodyFlapDeflection,deg,0.0,,
Roll rate,NOTE1,input,signalName,leftWingFlapDeflection,deg,0.0,,
Roll rate,NOTE1,input,signalName,rightWingFlapDeflection,deg,0.0,,
Roll rate,NOTE1,input,signalName,rudderDeflection,deg,0.0,,
Roll rate,NOTE1,input,signalName,landingGearExtension,deg,0.0,,
Roll rate,NOTE1,internal,varID,ALP,,10.3,,
Roll rate,NOTE1,internal,varID,BETA,,0.0,,
Roll rate,NOTE1,internal,varID,XMACH,,0.8,,
Roll rate,NOTE1,internal,varID,PB,,0.5,,
Roll rate,NOTE1,internal,varID,QB,,0.0,,
Roll rate,NOTE1,internal,varID,RB,,0.0,,
Roll rate,NOTE1,internal,varID,VRW,,240.0,,
Roll rate,NOTE1,internal,varID,H_rwy,,20000.0,,
Roll rate,NOTE1,internal,varID,DBFUL,,0.0,,
Roll rate,NOTE1,internal,varID,DBFUR,,0.0,,
Roll rate,NOTE1,internal,varID,DBFLL,,0.0,,
Roll rate,NOTE1,internal,varID,DBFLR,,0.0,,
Roll rate,NOTE1,internal,varID,DWFL,,0.0,,
Roll rate,NOTE1,internal,varID,DWFR,,0.0,,
Roll rate,NOTE1,internal,varID,DRUD,,0.0,,
Roll rate,NOTE1,internal,varID,DLG,,0.0,,
Roll rate,NOTE1,internal,varID,CBAR,,28.24,,
Roll rate,NOTE1,internal,varID,BSPAN,,13.89,,
Roll rate,NOTE1,internal,varID,SWING,,286.45,,
Roll rate,NOTE1,internal,varID,XRP,,0.54,,
Roll rate,NOTE1,internal,varID,CMQ0,,-0.22364,,
Roll rate,NOTE1,internal,varID,CMQ1,,0.020457,,
Roll rate,NOTE1,internal,varID,CMQ2,,-0.0016741,,
Roll rate,NOTE1,internal,varID,CMQ3,,3.1618e-05,,
Roll rate,NOTE1,internal,varID,CNP0,,0.40031,,
Roll rate,NOTE1,internal,varID,CNP1,,-0.015518,,
Roll rate,NOTE1,internal,varID,CNP2,,-0.00012143,,
Roll rate,NOTE1,internal,varID,CNP3,,1.824e-05,,
Roll rate,NOTE1,internal,varID,CNR0,,-0.79533,,
Roll rate,NOTE1,internal,varID,CNR1,,-0.012647,,
Roll rate,NOTE1,internal,varID,CNR2,,0.00032696,,
Roll rate,NOTE1,internal,varID,CNR3,,-6.5929e-06,,
Roll rate,NOTE1,internal,varID,CLP0,,-0.55242,,
Roll rate,NOTE1,internal,varID,CLP1,,0.014478,,
Roll rate,NOTE1,internal,varID,CLP2,,-0.0011545,,
Roll rate,NOTE1,internal,varID,CLP3,,1.7706e-05,,
Roll rate,NOTE1,internal,varID,CLR0,,0.44685,,
Roll rate,NOTE1,internal,varID,CLR1,,0.067411,,
Roll rate,NOTE1,internal,varID,CLR2,,-0.0051866,,
Roll rate,NOTE1,internal,varID,CLR3,,0.00012659,,
Roll rate,NOTE1,internal,varID,abs_rud,,0.0,,
Roll rate,NOTE1,internal,varID,HOB,,1439.8848092152627,,
Roll rate,NOTE1,internal,varID,PBO2V,,0.01446875,,
Roll rate,NOTE1,internal,varID,QCO2V,,0.0,,
Roll rate,NOTE1,internal,varID,RBO2V,,0.0,,
Roll rate,NOTE1,internal,varID,CL0A0,,-0.073425,,
Roll rate,NOTE1,internal,varID,CL0A1,,0.043347,,
Roll rate,NOTE1,internal,varID,CL0A2,,0.00012122,,
Roll rate,NOTE1,internal,varID,CL0A3,,-1.5927e-05,,
Roll rate,NOTE1,internal,varID,CL0,,0.368505466871,,
Roll rate,NOTE1,internal,varID,CD0A0,,0.060114,,
Roll rate,NOTE1,internal,varID,CD0A1,,-0.002439,,
Roll rate,NOTE1,internal,varID,CD0A2,,0.00080564,,
Roll rate,NOTE1,internal,varID,CD0A3,,-8.387e-06,,
Roll rate,NOTE1,internal,varID,CD0,,0.11129794625100001,,
Roll rate,NOTE1,internal,varID,CM0A0,,0.025129,,
Roll rate,NOTE1,internal,varID,CM0A1,,-0.0030512,,
Roll rate,NOTE1,internal,varID,CM0A2,,-4.8533e-05,,
Roll rate,NOTE1,internal,varID,CM0A3,,4.6453e-06,,
Roll rate,NOTE1,internal,varID,CM0,,-0.006371181236900003,,
Roll rate,NOTE1,internal,varID,CY0A0,,-0.013313,,
Roll rate,NOTE1,internal,varID,CY0A1,,-0.00013917,,
Roll rate,NOTE1,internal,varID,CY0A2,,1.604e-05,,
Roll rate,NOTE1,internal,varID,CY0A3,,-1.4751e-07,,
Roll rate,NOTE1,internal,varID,CYB,,-0.013205955559770001,,
Roll rate,NOTE1,internal,varID,CR0A0,,-0.0063969,,
Roll rate,NOTE1,internal,varID,CR0A1,,-0.00049202,,
Roll rate,NOTE1,internal,varID,CR0A2,,2.8527e-05,,
Roll rate,NOTE1,internal,varID,CR0A3,,-3.0272e-07,,
Roll rate,NOTE1,internal,varID,CRB,,-0.008769066887439999,,
Roll rate,NOTE1,internal,varID,CN0A0,,0.0030814,,
Roll rate,NOTE1,internal,varID,CN0A1,,0.00011705,,
Roll rate,NOTE1,internal,varID,CN0A2,,-2.2768e-06,,
Roll rate,NOTE1,internal,varID,CN0A3,,-2.9912e-07,,
Roll rate,NOTE1,internal,varID,CNB,,0.00371861278776,,
Roll rate,NOTE1,internal,varID,CLRUD0,,0.0,,
Roll rate,NOTE1,internal,varID,CLRUD1,,0.0,,
Roll rate,NOTE1,internal,varID,CLRUD2,,0.0,,
Roll rate,NOTE1,internal,varID,CLRUD3,,0.0,,
Roll rate,NOTE1,internal,varID,CLRUD,,0.0,,
Roll rate,NOTE1,internal,varID,CDRUD0,,0.0,,
Roll rate,NOTE1,internal,varID,CDRUD1,,0.0,,
Roll rate,NOTE1,internal,varID,CDRUD2,,0.0,,
Roll rate,NOTE1,internal,varID,CDRUD3,,0.0,,
Roll rate,NOTE1,internal,varID,CDRUD,,0.0,,
Roll rate,NOTE1,internal,varID,CMRUD0,,0.0,,
Roll rate,NOTE1,internal,varID,CMRUD1,,0.0,,
Roll rate,NOTE1,internal,varID,CMRUD2,,0.0,,
Roll rate,NOTE1,internal,varID,CMRUD3,,0.0,,
Roll rate,NOTE1,internal,varID,CMRUD,,0.0,,
Roll rate,NOTE1,internal,varID,CYRUD0,,0.0,,
Roll rate,NOTE1,internal,varID,CYRUD1,,0.0,,
Roll rate,NOTE1,internal,varID,CYRUD2,,0.0,,
Roll rate,NOTE1,internal,varID,CYRUD3,,0.0,,
Roll rate,NOTE1,internal,varID,CYRUD,,0.0,,
Roll rate,NOTE1,internal,varID,CRRUD0,,0.0,,
Roll rate,NOTE1,internal,varID,CRRUD1,,0.0,,
Roll rate,NOTE1,internal,varID,CRRUD2,,0.0,,
Roll rate,NOTE1,internal,varID,CRRUD3,,0.0,,
Roll rate,NOTE1,internal,varID,CRRUD,,0.0,,
Roll rate,NOTE1,internal,varID,CNRUD0,,0.0,,
Roll rate,NOTE1,internal,varID,CNRUD1,,0.0,,
Roll rate,NOTE1,internal,varID,CNRUD2,,0.0,,
Roll rate,NOTE1,internal,varID,CNRUD3,,0.0,,
Roll rate,NOTE1,internal,varID,CNRUD,,0.0,,
Roll rate,NOTE1,internal,varID,CLBFLL0,,0.0,,
Roll rate,NOTE1,internal,varID,CLBFLL1,,0.0,,
Roll rate,NOTE1,internal,varID,CLBFLL2,,0.0,,
Roll rate,NOTE1,internal,varID,CLBFLL3,,0.0,,
Roll rate,NOTE1,internal,varID,CLBFLL,,0.0,,
Roll rate,NOTE1,internal,varID,CDBFLL0,,0.0,,
Roll rate,NOTE1,internal,varID,CDBFLL1,,0.0,,
Roll rate,NOTE1,internal,varID,CDBFLL2,,0.0,,
Roll rate,NOTE1,internal,varID,CDBFLL3,,0.0,,
Roll rate,NOTE1,internal,varID,CDBFLL,,0.0,,
Roll rate,NOTE1,internal,varID,CMBFLL0,,0.0,,
Roll rate,NOTE1,internal,varID,CMBFLL1,,0.0,,
Roll rate,NOTE1,internal,varID,CMBFLL2,,0.0,,
Roll rate,NOTE1,internal,varID,CMBFLL3,,0.0,,
Roll rate,NOTE1,internal,varID,CMBFLL,,0.0,,
Roll rate,NOTE1,internal,varID,CYBFLL0,,0.0,,
Roll rate,NOTE1,internal,varID,CYBFLL1,,0.0,,
Roll rate,NOTE1,internal,varID,CYBFLL2,,0.0,,
Roll rate,NOTE1,internal,varID,CYBFLL3,,0.0,,
Roll rate,NOTE1,internal,varID,CYBFLL,,0.0,,
Roll rate,NOTE1,internal,varID,CRBFLL0,,0.0,,
Roll rate,NOTE1,internal,varID,CRBFLL1,,0.0,,
Roll rate,NOTE1,internal,varID,CRBFLL2,,0.0,,
Roll rate,NOTE1,internal,varID,CRBFLL3,,0.0,,
Roll rate,NOTE1,internal,varID,CRBFLL,,0.0,,
Roll rate,NOTE1,internal,varID,CNBFLL0,,0.0,,
Roll rate,NOTE1,internal,varID,CNBFLL1,,0.0,,
Roll rate,NOTE1,internal,varID,CNBFLL2,,0.0,,
Roll rate,NOTE1,internal,varID,CNBFLL3,,0.0,,
Roll rate,NOTE1,internal,varID,CNBFLL,,0.0,,
Roll rate,NOTE1,internal,varID,CLBFLR0,,0.0,,
Roll rate,NOTE1,internal,varID,CLBFLR1,,0.0,,
Roll rate,NOTE1,internal,varID,CLBFLR2,,0.0,,
Roll rate,NOTE1,internal,varID,CLBFLR3,,0.0,,
Roll rate,NOTE1,internal,varID,CLBFLR,,0.0,,
Roll rate,NOTE1,internal,varID,CDBFLR0,,0.0,,
Roll rate,NOTE1,internal,varID,CDBFLR1,,0.0,,
Roll rate,NOTE1,internal,varID,CDBFLR2,,0.0,,
Roll rate,NOTE1,internal,varID,CDBFLR3,,0.0,,
Roll rate,NOTE1,internal,varID,CDBFLR,,0.0,,
Roll rate,NOTE1,internal,varID,CMBFLR0,,0.0,,
Roll rate,NOTE1,internal,varID,CMBFLR1,,0.0,,
Roll rate,NOTE1,internal,varID,CMBFLR2,,0.0,,
Roll rate,NOTE1,internal,varID,CMBFLR3,,0.0,,
Roll rate,NOTE1,internal,varID,CMBFLR,,0.0,,
Roll rate,NOTE1,internal,varID,CYBFLR0,,0.0,,
Roll rate,NOTE1,internal,varID,CYBFLR1,,0.0,,
Roll rate,NOTE1,internal,varID,CYBFLR2,,0.0,,
Roll rate,NOTE1,internal,varID,CYBFLR3,,0.0,,
Roll rate,NOTE1,internal,varID,CYBFLR,,-0.0,,
Roll rate,NOTE1,internal,varID,CRBFLR0,,0.0,,
Roll rate,NOTE1,internal,varID,CRBFLR1,,0.0,,
Roll rate,NOTE1,internal,varID,CRBFLR2,,0.0,,
Roll rate,NOTE1,internal,varID,CRBFLR3,,0.0,,
Roll rate,NOTE1,internal,varID,CRBFLR,,-0.0,,
Roll rate,NOTE1,internal,varID,CNBFLR0,,0.0,,
Roll rate,NOTE1,internal,varID,CNBFLR1,,0.0,,
Roll rate,NOTE1,internal,varID,CNBFLR2,,0.0,,
Roll rate,NOTE1,internal,varID,CNBFLR3,,0.0,,
Roll rate,NOTE1,internal,varID,CNBFLR,,-0.0,,
Roll rate,NOTE1,internal,varID,CLBFUL0,,0.0,,
Roll rate,NOTE1,internal,varID,CLBFUL1,,0.0,,
Roll rate,NOTE1,internal,varID,CLBFUL2,,0.0,,
Roll rate,NOTE1,internal,varID,CLBFUL3,,0.0,,
Roll rate,NOTE1,internal,varID,CLBFUL,,0.0,,
Roll rate,NOTE1,internal,varID,CDBFUL0,,0.0,,
Roll rate,NOTE1,internal,varID,CDBFUL1,,0.0,,
Roll rate,NOTE1,internal,varID,CDBFUL2,,0.0,,
Roll rate,NOTE1,internal,varID,CDBFUL3,,0.0,,
Roll rate,NOTE1,internal,varID,CDBFUL,,0.0,,
Roll rate,NOTE1,internal,varID,CMBFUL0,,0.0,,
Roll rate,NOTE1,internal,varID,CMBFUL1,,0.0,,
Roll rate,NOTE1,internal,varID,CMBFUL2,,0.0,,
Roll rate,NOTE1,internal,varID,CMBFUL3,,0.0,,
Roll rate,NOTE1,internal,varID,CMBFUL,,0.0,,
Roll rate,NOTE1,internal,varID,CYBFUL0,,0.0,,
Roll rate,NOTE1,internal,varID,CYBFUL1,,0.0,,
Roll rate,NOTE1,internal,varID,CYBFUL2,,0.0,,
Roll rate,NOTE1,internal,varID,CYBFUL3,,0.0,,
Roll rate,NOTE1,internal,varID,CYBFUL,,0.0,,
Roll rate,NOTE1,internal,varID,CRBFUL0,,0.0,,
Roll rate,NOTE1,internal,varID,CRBFUL1,,0.0,,
Roll rate,NOTE1,internal,varID,CRBFUL2,,0.0,,
Roll rate,NOTE1,internal,varID,CRBFUL3,,0.0,,
Roll rate,NOTE1,internal,varID,CRBFUL,,0.0,,
Roll rate,NOTE1,internal,varID,CNBFUL0,,0.0,,
Roll rate,NOTE1,internal,varID,CNBFUL1,,0.0,,
Roll rate,NOTE1,internal,varID,CNBFUL2,,0.0,,
Roll rate,NOTE1,internal,varID,CNBFUL3,,0.0,,
Roll rate,NOTE1,internal,varID,CNBFUL,,0.0,,
Roll rate,NOTE1,internal,varID,CLBFUR0,,0.0,,
Roll rate,NOTE1,internal,varID,CLBFUR1,,0.0,,
Roll rate,NOTE1,internal,varID,CLBFUR2,,0.0,,
Roll rate,NOTE1,internal,varID,CLBFUR3,,0.0,,
Roll rate,NOTE1,internal,varID,CLBFUR,,0.0,,
Roll rate,NOTE1,internal,varID,CDBFUR0,,0.0,,
Roll rate,NOTE1,internal,varID,CDBFUR1,,0.0,,
Roll rate,NOTE1,internal,varID,CDBFUR2,,0.0,,
Roll rate,NOTE1,internal,varID,CDBFUR3,,0.0,,
Roll rate,NOTE1,internal,varID,CDBFUR,,0.0,,
Roll rate,NOTE1,internal,varID,CMBFUR0,,0.0,,
Roll rate,NOTE1,internal,varID,CMBFUR1,,0.0,,
Roll rate,NOTE1,internal,varID,CMBFUR2,,0.0,,
Roll rate,NOTE1,internal,varID,CMBFUR3,,0.0,,
Roll rate,NOTE1,internal,varID,CMBFUR,,0.0,,
Roll rate,NOTE1,internal,varID,CYBFUR0,,0.0,,
Roll rate,NOTE1,internal,varID,CYBFUR1,,0.0,,
Roll rate,NOTE1,internal,varID,CYBFUR2,,0.0,,
Roll rate,NOTE1,internal,varID,CYBFUR3,,0.0,,
Roll rate,NOTE1,internal,varID,CYBFUR,,-0.0,,
Roll rate,NOTE1,internal,varID,CRBFUR0,,0.0,,
Roll rate,NOTE1,internal,varID,CRBFUR1,,0.0,,
Roll rate,NOTE1,internal,varID,CRBFUR2,,0.0,,
Roll rate,NOTE1,internal,varID,CRBFUR3,,0.0,,
Roll rate,NOTE1,internal,varID,CRBFUR,,-0.0,,
Roll rate,NOTE1,internal,varID,CNBFUR0,,0.0,,
Roll rate,NOTE1,internal,varID,CNBFUR1,,0.0,,
Roll rate,NOTE1,internal,varID,CNBFUR2,,0.0,,
Roll rate,NOTE1,internal,varID,CNBFUR3,,0.0,,
Roll rate,NOTE1,internal,varID,CNBFUR,,-0.0,,
Roll rate,NOTE1,internal,varID,CLWFL0,,0.0,,
Roll rate,NOTE1,internal,varID,CLWFL1,,0.0,,
Roll rate,NOTE1,internal,varID,CLWFL2,,0.0,,
Roll rate,NOTE1,internal,varID,CLWFL3,,0.0,,
Roll rate,NOTE1,internal,varID,CLWFL,,0.0,,
Roll rate,NOTE1,internal,varID,CDWFL0,,0.0,,
Roll rate,NOTE1,internal,varID,CDWFL1,,0.0,,
Roll rate,NOTE1,internal,varID,CDWFL2,,0.0,,
Roll rate,NOTE1,internal,varID,CDWFL3,,0.0,,
Roll rate,NOTE1,internal,varID,CDWFL,,0.0,,
Roll rate,NOTE1,internal,varID,CMWFL0,,0.0,,
Roll rate,NOTE1,internal,varID,CMWFL1,,0.0,,
Roll rate,NOTE1,internal,varID,CMWFL2,,0.0,,
Roll rate,NOTE1,internal,varID,CMWFL3,,0.0,,
Roll rate,NOTE1,internal,varID,CMWFL,,0.0,,
Roll rate,NOTE1,internal,varID,CYWFL0,,0.0,,
Roll rate,NOTE1,internal,varID,CYWFL1,,0.0,,
Roll rate,NOTE1,internal,varID,CYWFL2,,0.0,,
Roll rate,NOTE1,internal,varID,CYWFL3,,0.0,,
Roll rate,NOTE1,internal,varID,CYWFL,,0.0,,
Roll rate,NOTE1,internal,varID,CRWFL0,,0.0,,
Roll rate,NOTE1,internal,varID,CRWFL1,,0.0,,
Roll rate,NOTE1,internal,varID,CRWFL2,,0.0,,
Roll rate,NOTE1,internal,varID,CRWFL3,,0.0,,
Roll rate,NOTE1,internal,varID,CRWFL,,0.0,,
Roll rate,NOTE1,internal,varID,CNWFL0,,0.0,,
Roll rate,NOTE1,internal,varID,CNWFL1,,0.0,,
Roll rate,NOTE1,internal,varID,CNWFL2,,0.0,,
Roll rate,NOTE1,internal,varID,CNWFL3,,0.0,,
Roll rate,NOTE1,internal,varID,CNWFL,,0.0,,
Roll rate,NOTE1,internal,varID,CLWFR0,,0.0,,
Roll rate,NOTE1,internal,varID,CLWFR1,,0.0,,
Roll rate,NOTE1,internal,varID,CLWFR2,,0.0,,
Roll rate,NOTE1,internal,varID,CLWFR3,,0.0,,
Roll rate,NOTE1,internal,varID,CLWFR,,0.0,,
Roll rate,NOTE1,internal,varID,CDWFR0,,0.0,,
Roll rate,NOTE1,internal,varID,CDWFR1,,0.0,,
Roll rate,NOTE1,internal,varID,CDWFR2,,0.0,,
Roll rate,NOTE1,internal,varID,CDWFR3,,0.0,,
Roll rate,NOTE1,internal,varID,CDWFR,,0.0,,
Roll rate,NOTE1,internal,varID,CMWFR0,,0.0,,
Roll rate,NOTE1,internal,varID,CMWFR1,,0.0,,
Roll rate,NOTE1,internal,varID,CMWFR2,,0.0,,
Roll rate,NOTE1,internal,varID,CMWFR3,,0.0,,
Roll rate,NOTE1,internal,varID,CMWFR,,0.0,,
Roll rate,NOTE1,internal,varID,CYWFR0,,0.0,,
Roll rate,NOTE1,internal,varID,CYWFR1,,0.0,,
Roll rate,NOTE1,internal,varID,CYWFR2,,0.0,,
Roll rate,NOTE1,internal,varID,CYWFR3,,0.0,,
Roll rate,NOTE1,internal,varID,CYWFR,,-0.0,,
Roll rate,NOTE1,internal,varID,CRWFR0,,0.0,,
Roll rate,NOTE1,internal,varID,CRWFR1,,0.0,,
Roll rate,NOTE1,internal,varID,CRWFR2,,0.0,,
Roll rate,NOTE1,internal,varID,CRWFR3,,0.0,,
Roll rate,NOTE1,internal,varID,CRWFR,,-0.0,,
Roll rate,NOTE1,internal,varID,CNWFR0,,0.0,,
Roll rate,NOTE1,internal,varID,CNWFR1,,0.0,,
Roll rate,NOTE1,internal,varID,CNWFR2,,0.0,,
Roll rate,NOTE1,internal,varID,CNWFR3,,0.0,,
Roll rate,NOTE1,internal,varID,CNWFR,,-0.0,,
Roll rate,NOTE1,internal,varID,CLLG0,,0.0,,
Roll rate,NOTE1,internal,varID,CLLG1,,0.0,,
Roll rate,NOTE1,internal,varID,CLLG2,,0.0,,
Roll rate,NOTE1,internal,varID,CLLG3,,0.0,,
Roll rate,NOTE1,internal,varID,CLLG,,0.0,,
Roll rate,NOTE1,internal,varID,CDLG0,,0.0,,
Roll rate,NOTE1,internal,varID,CDLG1,,0.0,,
Roll rate,NOTE1,internal,varID,CDLG2,,0.0,,
Roll rate,NOTE1,internal,varID,CDLG3,,0.0,,
Roll rate,NOTE1,internal,varID,CDLG,,0.0,,
Roll rate,NOTE1,internal,varID,CMLG0,,0.0,,
Roll rate,NOTE1,internal,varID,CMLG1,,0.0,,
Roll rate,NOTE1,internal,varID,CMLG2,,0.0,,
Roll rate,NOTE1,internal,varID,CMLG3,,0.0,,
Roll rate,NOTE1,internal,varID,CMLG,,0.0,,
Roll rate,NOTE1,internal,varID,CYLG0,,0.0,,
Roll rate,NOTE1,internal,varID,CYLG1,,0.0,,
Roll rate,NOTE1,internal,varID,CYLG2,,0.0,,
Roll rate,NOTE1,internal,varID,CYLG3,,0.0,,
Roll rate,NOTE1,internal,varID,CYLG,,0.0,,
Roll rate,NOTE1,internal,varID,CRLG0,,0.0,,
Roll rate,NOTE1,internal,varID,CRLG1,,0.0,,
Roll rate,NOTE1,internal,varID,CRLG2,,0.0,,
Roll rate,NOTE1,internal,varID,CRLG3,,0.0,,
Roll rate,NOTE1,internal,varID,CRLG,,0.0,,
Roll rate,NOTE1,internal,varID,CNLG0,,0.0,,
Roll rate,NOTE1,internal,varID,CNLG1,,0.0,,
Roll rate,NOTE1,internal,varID,CNLG2,,0.0,,
Roll rate,NOTE1,internal,varID,CNLG3,,0.0,,
Roll rate,NOTE1,internal,varID,CNLG,,0.0,,
Roll rate,NOTE1,internal,varID,CLGE0,,0.0,,
Roll rate,NOTE1,internal,varID,CLGE1,,0.0,,
Roll rate,NOTE1,internal,varID,CLGE2,,0.0,,
Roll rate,NOTE1,internal,varID,CLGE3,,0.0,,
Roll rate,NOTE1,internal,varID,CLGE,,0.0,,
Roll rate,NOTE1,internal,varID,CDGE0,,0.0,,
Roll rate,NOTE1,internal,varID,CDGE1,,0.0,,
Roll rate,NOTE1,internal,varID,CDGE2,,0.0,,
Roll rate,NOTE1,internal,varID,CDGE3,,0.0,,
Roll rate,NOTE1,internal,varID,CDGE,,0.0,,
Roll rate,NOTE1,internal,varID,CMGE0,,0.0,,
Roll rate,NOTE1,internal,varID,CMGE1,,0.0,,
Roll rate,NOTE1,internal,varID,CMGE2,,0.0,,
Roll rate,NOTE1,internal,varID,CMGE3,,0.0,,
Roll rate,NOTE1,internal,varID,CMGE,,0.0,,
Roll rate,NOTE1,internal,varID,CYGE0,,0.0,,
Roll rate,NOTE1,internal,varID,CYGE1,,0.0,,
Roll rate,NOTE1,internal,varID,CYGE2,,0.0,,
Roll rate,NOTE1,internal,varID,CYGE3,,0.0,,
Roll rate,NOTE1,internal,varID,CYGE,,0.0,,
Roll rate,NOTE1,internal,varID,CRGE0,,0.0,,
Roll rate,NOTE1,internal,varID,CRGE1,,0.0,,
Roll rate,NOTE1,internal,varID,CRGE2,,0.0,,
Roll rate,NOTE1,internal,varID,CRGE3,,0.0,,
Roll rate,NOTE1,internal,varID,CRGE,,0.0,,
Roll rate,NOTE1,internal,varID,CNGE0,,0.0,,
Roll rate,NOTE1,internal,varID,CNGE1,,0.0,,
Roll rate,NOTE1,internal,varID,CNGE2,,0.0,,
Roll rate,NOTE1,internal,varID,CNGE3,,0.0,,
Roll rate,NOTE1,internal,varID,CNGE,,0.0,,
Roll rate,NOTE1,internal,varID,sCYRUD,,0.0,,
Roll rate,NOTE1,internal,varID,sCRRUD,,0.0,,
Roll rate,NOTE1,internal,varID,sCNRUD,,0.0,,
Roll rate,NOTE1,internal,varID,CMQ,,-0.155988326714,,
Roll rate,NOTE1,internal,varID,CNP,,0.24752343178,,
Roll rate,NOTE1,internal,varID,CNR,,-0.8981111534383,,
Roll rate,NOTE1,internal,varID,CLP,,-0.506429680738,,
Roll rate,NOTE1,internal,varID,CLR,,0.72926521693,,
Roll rate,NOTE1,internal,varID,CL,,0.368505466871,,
Roll rate,NOTE1,internal,varID,CD,,0.11129794625100001,,
Roll rate,NOTE1,internal,varID,CM,,-0.006371181236900003,,
Roll rate,NOTE1,internal,varID,CY,,0.0,,
Roll rate,NOTE1,internal,varID,CN,,0.0035813546535668752,,
Roll rate,NOTE1,internal,varID,CR,,-0.007327404443177938,,
Roll rate,NOTE1,output,signalName,referenceWingChord,f,28.24,1e-06,
Roll rate,NOTE1,output,signalName,referenceWingSpan,f,13.89,1e-06,
Roll rate,NOTE1,output,signalName,referenceWingArea,f2,286.45,1e-06,
Roll rate,NOTE1,output,signalName,vrsPositionOfMrc_X,fracMAC,0.54,1e-06,
Roll rate,NOTE1,output,signalName,totalCoefficientOfLift,nd,0.368505477905,1e-06,
Roll rate,NOTE1,output,signalName,totalCoefficientOfDrag,nd,0.111297950149,1e-06,
Roll rate,NOTE1,output,signalName,aeroBodyForceCoefficient_Y,nd,0.0,1e-06,
Roll rate,NOTE1,output,signalName,aeroBodyMomentCoefficient_Roll,nd,-0.007327404339,1e-06,
Roll rate,NOTE1,output,signalName,aeroBodyMomentCoefficient_Pitch,nd,-0.006371179596,1e-06,
Roll rate,NOTE1,output,signalName,aeroBodyMomentCoefficient_Yaw,nd,0.00358135486,1e-06,
Pitch rate,NOTE1,input,signalName,angleOfAttack,deg,10.3,,
Pitch rate,NOTE1,input,signalName,angleOfSideslip,deg,0.0,,
Pitch rate,NOTE1,input,signalName,mach,nd,0.8,,
Pitch rate,NOTE1,input,signalName,trueAirspeed,f_s,240.0,,
Pitch rate,NOTE1,input,signalName,heightOfCgWrtRwy,f,20000.0,,
Pitch rate,NOTE1,input,signalName,bodyAngularRate_Roll,rad_s,0.0,,
Pitch rate,NOTE1,input,signalName,bodyAngularRate_Pitch,rad_s,0.5,,
Pitch rate,NOTE1,input,signalName,bodyAngularRate_Yaw,rad_s,0.0,,
Pitch rate,NOTE1,input,signalName,upperLeftBodyFlapDeflection,deg,0.0,,
Pitch rate,NOTE1,input,signalName,upperRightBodyFlapDeflection,deg,0.0,,
Pitch rate,NOTE1,input,signalName,lowerLeftBodyFlapDeflection,deg,0.0,,
Pitch rate,NOTE1,input,signalName,lowerRightBodyFlapDeflection,deg,0.0,,
Pitch rate,NOTE1,input,signalName,leftWingFlapDeflection,deg,0.0,,
Pitch rate,NOTE1,input,signalName,rightWingFlapDeflection,deg,0.0,,
Pitch rate,NOTE1,input,signalName,rudderDeflection,deg,0.0,,
Pitch rate,NOTE1,input,signalName,landingGearExtension,deg,0.0,,
Pitch rate,NOTE1,internal,varID,ALP,,10.3,,
Pitch rate,NOTE1,internal,varID,BETA,,0.0,,
Pitch rate,NOTE1,internal,varID,XMACH,,0.8,,
Pitch rate,NOTE1,internal,varID,PB,,0.0,,
Pitch rate,NOTE1,internal,varID,QB,,0.5,,
Pitch rate,NOTE1,internal,varID,RB,,0.0,,
Pitch rate,NOTE1,internal,varID,VRW,,240.0,,
Pitch rate,NOTE1,internal,varID,H_rwy,,20000.0,,
Pitch rate,NOTE1,internal,varID,DBFUL,,0.0,,
Pitch rate,NOTE1,internal,varID,DBFUR,,0.0,,
Pitch rate,NOTE1,internal,varID,DBFLL,,0.0,,
Pitch rate,NOTE1,internal,varID,DBFLR,,0.0,,
Pitch rate,NOTE1,internal,varID,DWFL,,0.0,,
Pitch rate,NOTE1,internal,varID,DWFR,,0.0,,
Pitch rate,NOTE1,internal,varID,DRUD,,0.0,,
Pitch rate,NOTE1,internal,varID,DLG,,0.0,,
Pitch rate,NOTE1,internal,varID,CBAR,,28.24,,
Pitch rate,NOTE1,internal,varID,BSPAN,,13.89,,
Pitch rate,NOTE1,internal,varID,SWING,,286.45,,
Pitch rate,NOTE1,internal,varID,XRP,,0.54,,
Pitch rate,NOTE1,internal,varID,CMQ0,,-0.22364,,
Pitch rate,NOTE1,internal,varID,CMQ1,,0.020457,,
Pitch rate,NOTE1,internal,varID,CMQ2,,-0.0016741,,
Pitch rate,NOTE1,internal,varID,CMQ3,,3.1618e-05,,
Pitch rate,NOTE1,internal,varID,CNP0,,0.40031,,
Pitch rate,NOTE1,internal,varID,CNP1,,-0.015518,,
Pitch rate,NOTE1,internal,varID,CNP2,,-0.00012143,,
Pitch rate,NOTE1,internal,varID,CNP3,,1.824e-05,,
Pitch rate,NOTE1,internal,varID,CNR0,,-0.79533,,
Pitch rate,NOTE1,internal,varID,CNR1,,-0.012647,,
Pitch rate,NOTE1,internal,varID,CNR2,,0.00032696,,
Pitch rate,NOTE1,internal,varID,CNR3,,-6.5929e-06,,
Pitch rate,NOTE1,internal,varID,CLP0,,-0.55242,,
Pitch rate,NOTE1,internal,varID,CLP1,,0.014478,,
Pitch rate,NOTE1,internal,varID,CLP2,,-0.0011545,,
Pitch rate,NOTE1,internal,varID,CLP3,,1.7706e-05,,
Pitch rate,NOTE1,internal,varID,CLR0,,0.44685,,
Pitch rate,NOTE1,internal,varID,CLR1,,0.067411,,
Pitch rate,NOTE1,internal,varID,CLR2,,-0.0051866,,
Pitch rate,NOTE1,internal,varID,CLR3,,0.00012659,,
Pitch rate,NOTE1,internal,varID,abs_rud,,0.0,,
Pitch rate,NOTE1,internal,varID,HOB,,1439.8848092152627,,
Pitch rate,NOTE1,internal,varID,PBO2V,,0.0,,
Pitch rate,NOTE1,internal,varID,QCO2V,,0.029416666666666664,,
Pitch rate,NOTE1,internal,varID,RBO2V,,0.0,,
Pitch rate,NOTE1,internal,varID,CL0A0,,-0.073425,,
Pitch rate,NOTE1,internal,varID,CL0A1,,0.043347,,
Pitch rate,NOTE1,internal,varID,CL0A2,,0.00012122,,
Pitch rate,NOTE1,internal,varID,CL0A3,,-1.5927e-05,,
Pitch rate,NOTE1,internal,varID,CL0,,0.368505466871,,
Pitch rate,NOTE1,internal,varID,CD0A0,,0.060114,,
Pitch rate,NOTE1,internal,varID,CD0A1,,-0.002439,,
Pitch rate,NOTE1,internal,varID,CD0A2,,0.00080564,,
Pitch rate,NOTE1,internal,varID,CD0A3,,-8.387e-06,,
Pitch rate,NOTE1,internal,varID,CD0,,0.11129794625100001,,
Pitch rate,NOTE1,internal,varID,CM0A0,,0.025129,,
Pitch rate,NOTE1,internal,varID,CM0A1,,-0.0030512,,
Pitch rate,NOTE1,internal,varID,CM0A2,,-4.8533e-05,,
Pitch rate,NOTE1,internal,varID,CM0A3,,4.6453e-06,,
Pitch rate,NOTE1,internal,varID,CM0,,-0.006371181236900003,,
Pitch rate,NOTE1,internal,varID,CY0A0,,-0.013313,,
Pitch rate,NOTE1,internal,varID,CY0A1,,-0.00013917,,
Pitch rate,NOTE1,internal,varID,CY0A2,,1.604e-05,,
Pitch rate,NOTE1,internal,varID,CY0A3,,-1.4751e-07,,
Pitch rate,NOTE1,internal,varID,CYB,,-0.013205955559770001,,
Pitch rate,NOTE1,internal,varID,CR0A0,,-0.0063969,,
Pitch rate,NOTE1,internal,varID,CR0A1,,-0.00049202,,
Pitch rate,NOTE1,internal,varID,CR0A2,,2.8527e-05,,
Pitch rate,NOTE1,internal,varID,CR0A3,,-3.0272e-07,,
Pitch rate,NOTE1,internal,varID,CRB,,-0.008769066887439999,,
Pitch rate,NOTE1,internal,varID,CN0A0,,0.0030814,,
Pitch rate,NOTE1,internal,varID,CN0A1,,0.00011705,,
Pitch rate,NOTE1,internal,varID,CN0A2,,-2.2768e-06,,
Pitch rate,NOTE1,internal,varID,CN0A3,,-2.9912e-07,,
Pitch rate,NOTE1,internal,varID,CNB,,0.00371861278776,,
Pitch rate,NOTE1,internal,varID,CLRUD0,,0.0,,
Pitch rate,NOTE1,internal,varID,CLRUD1,,0.0,,
Pitch rate,NOTE1,internal,varID,CLRUD2,,0.0,,
Pitch rate,NOTE1,internal,varID,CLRUD3,,0.0,,
Pitch rate,NOTE1,internal,varID,CLRUD,,0.0,,
Pitch rate,NOTE1,internal,varID,CDRUD0,,0.0,,
Pitch rate,NOTE1,internal,varID,CDRUD1,,0.0,,
Pitch rate,NOTE1,internal,varID,CDRUD2,,0.0,,
Pitch rate,NOTE1,internal,varID,CDRUD3,,0.0,,
Pitch rate,NOTE1,internal,varID,CDRUD,,0.0,,
Pitch rate,NOTE1,internal,varID,CMRUD0,,0.0,,
Pitch rate,NOTE1,internal,varID,CMRUD1,,0.0,,
Pitch rate,NOTE1,internal,varID,CMRUD2,,0.0,,
Pitch rate,NOTE1,internal,varID,CMRUD3,,0.0,,
Pitch rate,NOTE1,internal,varID,CMRUD,,0.0,,
Pitch rate,NOTE1,internal,varID,CYRUD0,,0.0,,
Pitch rate,NOTE1,internal,varID,CYRUD1,,0.0,,
Pitch rate,NOTE1,internal,varID,CYRUD2,,0.0,,
Pitch rate,NOTE1,internal,varID,CYRUD3,,0.0,,
Pitch rate,NOTE1,internal,varID,CYRUD,,0.0,,
Pitch rate,NOTE1,internal,varID,CRRUD0,,0.0,,
Pitch rate,NOTE1,internal,varID,CRRUD1,,0.0,,
Pitch rate,NOTE1,internal,varID,CRRUD2,,0.0,,
Pitch rate,NOTE1,internal,varID,CRRUD3,,0.0,,
Pitch rate,NOTE1,internal,varID,CRRUD,,0.0,,
Pitch rate,NOTE1,internal,varID,CNRUD0,,0.0,,
Pitch rate,NOTE1,internal,varID,CNRUD1,,0.0,,
Pitch rate,NOTE1,internal,varID,CNRUD2,,0.0,,
Pitch rate,NOTE1,internal,varID,CNRUD3,,0.0,,
Pitch rate,NOTE1,internal,varID,CNRUD,,0.0,,
Pitch rate,NOTE1,internal,varID,CLBFLL0,,0.0,,
Pitch rate,NOTE1,internal,varID,CLBFLL1,,0.0,,
Pitch rate,NOTE1,internal,varID,CLBFLL2,,0.0,,
Pitch rate,NOTE1,internal,varID,CLBFLL3,,0.0,,
Pitch rate,NOTE1,internal,varID,CLBFLL,,0.0,,
Pitch rate,NOTE1,internal,varID,CDBFLL0,,0.0,,
Pitch rate,NOTE1,internal,varID,CDBFLL1,,0.0,,
Pitch rate,NOTE1,internal,varID,CDBFLL2,,0.0,,
Pitch rate,NOTE1,internal,varID,CDBFLL3,,0.0,,
Pitch rate,NOTE1,internal,varID,CDBFLL,,0.0,,
Pitch rate,NOTE1,internal,varID,CMBFLL0,,0.0,,
Pitch rate,NOTE1,internal,varID,CMBFLL1,,0.0,,
Pitch rate,NOTE1,internal,varID,CMBFLL2,,0.0,,
Pitch rate,NOTE1,internal,varID,CMBFLL3,,0.0,,
Pitch rate,NOTE1,internal,varID,CMBFLL,,0.0,,
Pitch rate,NOTE1,internal,varID,CYBFLL0,,0.0,,
Pitch rate,NOTE1,internal,varID,CYBFLL1,,0.0,,
Pitch rate,NOTE1,internal,varID,CYBFLL2,,0.0,,
Pitch rate,NOTE1,internal,varID,CYBFLL3,,0.0,,
Pitch rate,NOTE1,internal,varID,CYBFLL,,0.0,,
Pitch rate,NOTE1,internal,varID,CRBFLL0,,0.0,,
Pitch rate,NOTE1,internal,varID,CRBFLL1,,0.0,,
Pitch rate,NOTE1,internal,varID,CRBFLL2,,0.0,,
Pitch rate,NOTE1,internal,varID,CRBFLL3,,0.0,,
Pitch rate,NOTE1,internal,varID,CRBFLL,,0.0,,
Pitch rate,NOTE1,internal,varID,CNBFLL0,,0.0,,
Pitch rate,NOTE1,internal,varID,CNBFLL1,,0.0,,
Pitch rate,NOTE1,internal,varID,CNBFLL2,,0.0,,
Pitch rate,NOTE1,internal,varID,CNBFLL3,,0.0,,
Pitch rate,NOTE1,internal,varID,CNBFLL,,0.0,,
Pitch rate,NOTE1,internal,varID,CLBFLR0,,0.0,,
Pitch rate,NOTE1,internal,varID,CLBFLR1,,0.0,,
Pitch rate,NOTE1,internal,varID,CLBFLR2,,0.0,,
Pitch rate,NOTE1,internal,varID,CLBFLR3,,0.0,,
Pitch rate,NOTE1,internal,varID,CLBFLR,,0.0,,
Pitch rate,NOTE1,internal,varID,CDBFLR0,,0.0,,
Pitch rate,NOTE1,internal,varID,CDBFLR1,,0.0,,
Pitch rate,NOTE1,internal,varID,CDBFLR2,,0.0,,
Pitch rate,NOTE1,internal,varID,CDBFLR3,,0.0,,
Pitch rate,NOTE1,internal,varID,CDBFLR,,0.0,,
Pitch rate,NOTE1,internal,varID,CMBFLR0,,0.0,,
Pitch rate,NOTE1,internal,varID,CMBFLR1,,0.0,,
Pitch rate,NOTE1,internal,varID,CMBFLR2,,0.0,,
Pitch rate,NOTE1,internal,varID,CMBFLR3,,0.0,,
Pitch rate,NOTE1,internal,varID,CMBFLR,,0.0,,
Pitch rate,NOTE1,internal,varID,CYBFLR0,,0.0,,
Pitch rate,NOTE1,internal,varID,CYBFLR1,,0.0,,
Pitch rate,NOTE1,internal,varID,CYBFLR2,,0.0,,
Pitch rate,NOTE1,internal,varID,CYBFLR3,,0.0,,
Pitch rate,NOTE1,internal,varID,CYBFLR,,-0.0,,
Pitch rate,NOTE1,internal,varID,CRBFLR0,,0.0,,
Pitch rate,NOTE1,internal,varID,CRBFLR1,,0.0,,
Pitch rate,NOTE1,internal,varID,CRBFLR2,,0.0,,
Pitch rate,NOTE1,internal,varID,CRBFLR3,,0.0,,
Pitch rate,NOTE1,internal,varID,CRBFLR,,-0.0,,
Pitch rate,NOTE1,internal,varID,CNBFLR0,,0.0,,
Pitch rate,NOTE1,internal,varID,CNBFLR1,,0.0,,
Pitch rate,NOTE1,internal,varID,CNBFLR2,,0.0,,
Pitch rate,NOTE1,internal,varID,CNBFLR3,,0.0,,
Pitch rate,NOTE1,internal,varID,CNBFLR,,-0.0,,
Pitch rate,NOTE1,internal,varID,CLBFUL0,,0.0,,
Pitch rate,NOTE1,internal,varID,CLBFUL1,,0.0,,
Pitch rate,NOTE1,internal,varID,CLBFUL2,,0.0,,
Pitch rate,NOTE1,internal,varID,CLBFUL3,,0.0,,
Pitch rate,NOTE1,internal,varID,CLBFUL,,0.0,,
Pitch rate,NOTE1,internal,varID,CDBFUL0,,0.0,,
Pitch rate,NOTE1,internal,varID,CDBFUL1,,0.0,,
Pitch rate,NOTE1,internal,varID,CDBFUL2,,0.0,,
Pitch rate,NOTE1,internal,varID,CDBFUL3,,0.0,,
Pitch rate,NOTE1,internal,varID,CDBFUL,,0.0,,
Pitch rate,NOTE1,internal,varID,CMBFUL0,,0.0,,
Pitch rate,NOTE1,internal,varID,CMBFUL1,,0.0,,
Pitch rate,NOTE1,internal,varID,CMBFUL2,,0.0,,
Pitch rate,NOTE1,internal,varID,CMBFUL3,,0.0,,
Pitch rate,NOTE1,internal,varID,CMBFUL,,0.0,,
Pitch rate,NOTE1,internal,varID,CYBFUL0,,0.0,,
Pitch rate,NOTE1,internal,varID,CYBFUL1,,0.0,,
Pitch rate,NOTE1,internal,varID,CYBFUL2,,0.0,,
Pitch rate,NOTE1,internal,varID,CYBFUL3,,0.0,,
Pitch rate,NOTE1,internal,varID,CYBFUL,,0.0,,
Pitch rate,NOTE1,internal,varID,CRBFUL0,,0.0,,
Pitch rate,NOTE1,internal,varID,CRBFUL1,,0.0,,
Pitch rate,NOTE1,internal,varID,CRBFUL2,,0.0,,
Pitch rate,NOTE1,internal,varID,CRBFUL3,,0.0,,
Pitch rate,NOTE1,internal,varID,CRBFUL,,0.0,,
Pitch rate,NOTE1,internal,varID,CNBFUL0,,0.0,,
Pitch rate,NOTE1,internal,varID,CNBFUL1,,0.0,,
Pitch rate,NOTE1,internal,varID,CNBFUL2,,0.0,,
Pitch rate,NOTE1,internal,varID,CNBFUL3,,0.0,,
Pitch rate,NOTE1,internal,varID,CNBFUL,,0.0,,
Pitch rate,NOTE1,internal,varID,CLBFUR0,,0.0,,
Pitch rate,NOTE1,internal,varID,CLBFUR1,,0.0,,
Pitch rate,NOTE1,internal,varID,CLBFUR2,,0.0,,
Pitch rate,NOTE1,internal,varID,CLBFUR3,,0.0,,
Pitch rate,NOTE1,internal,varID,CLBFUR,,0.0,,
Pitch rate,NOTE1,internal,varID,CDBFUR0,,0.0,,
Pitch rate,NOTE1,internal,varID,CDBFUR1,,0.0,,
Pitch rate,NOTE1,internal,varID,CDBFUR2,,0.0,,
Pitch rate,NOTE1,internal,varID,CDBFUR3,,0.0,,
Pitch rate,NOTE1,internal,varID,CDBFUR,,0.0,,
Pitch rate,NOTE1,internal,varID,CMBFUR0,,0.0,,
Pitch rate,NOTE1,internal,varID,CMBFUR1,,0.0,,
Pitch rate,NOTE1,internal,varID,CMBFUR2,,0.0,,
Pitch rate,NOTE1,internal,varID,CMBFUR3,,0.0,,
Pitch rate,NOTE1,internal,varID,CMBFUR,,0.0,,
Pitch rate,NOTE1,internal,varID,CYBFUR0,,0.0,,
Pitch rate,NOTE1,internal,varID,CYBFUR1,,0.0,,
Pitch rate,NOTE1,internal,varID,CYBFUR2,,0.0,,
Pitch rate,NOTE1,internal,varID,CYBFUR3,,0.0,,
Pitch rate,NOTE1,internal,varID,CYBFUR,,-0.0,,
Pitch rate,NOTE1,internal,varID,CRBFUR0,,0.0,,
Pitch rate,NOTE1,internal,varID,CRBFUR1,,0.0,,
Pitch rate,NOTE1,internal,varID,CRBFUR2,,0.0,,
Pitch rate,NOTE1,internal,varID,CRBFUR3,,0.0,,
Pitch rate,NOTE1,internal,varID,CRBFUR,,-0.0,,
Pitch rate,NOTE1,internal,varID,CNBFUR0,,0.0,,
Pitch rate,NOTE1,internal,varID,CNBFUR1,,0.0,,
Pitch rate,NOTE1,internal,varID,CNBFUR2,,0.0,,
Pitch rate,NOTE1,internal,varID,CNBFUR3,,0.0,,
Pitch rate,NOTE1,internal,varID,CNBFUR,,-0.0,,
Pitch rate,NOTE1,internal,varID,CLWFL0,,0.0,,
Pitch rate,NOTE1,internal,varID,CLWFL1,,0.0,,
Pitch rate,NOTE1,internal,varID,CLWFL2,,0.0,,
Pitch rate,NOTE1,internal,varID,CLWFL3,,0.0,,
Pitch rate,NOTE1,internal,varID,CLWFL,,0.0,,
Pitch rate,NOTE1,internal,varID,CDWFL0,,0.0,,
Pitch rate,NOTE1,internal,varID,CDWFL1,,0.0,,
Pitch rate,NOTE1,internal,varID,CDWFL2,,0.0,,
Pitch rate,NOTE1,internal,varID,CDWFL3,,0.0,,
Pitch rate,NOTE1,internal,varID,CDWFL,,0.0,,
Pitch rate,NOTE1,internal,varID,CMWFL0,,0.0,,
Pitch rate,NOTE1,internal,varID,CMWFL1,,0.0,,
Pitch rate,NOTE1,internal,varID,CMWFL2,,0.0,,
Pitch rate,NOTE1,internal,varID,CMWFL3,,0.0,,
Pitch rate,NOTE1,internal,varID,CMWFL,,0.0,,
Pitch rate,NOTE1,internal,varID,CYWFL0,,0.0,,
Pitch rate,NOTE1,internal,varID,CYWFL1,,0.0,,
Pitch rate,NOTE1,internal,varID,CYWFL2,,0.0,,
Pitch rate,NOTE1,internal,varID,CYWFL3,,0.0,,
Pitch rate,NOTE1,internal,varID,CYWFL,,0.0,,
Pitch rate,NOTE1,internal,varID,CRWFL0,,0.0,,
Pitch rate,NOTE1,internal,varID,CRWFL1,,0.0,,
Pitch rate,NOTE1,internal,varID,CRWFL2,,0.0,,
Pitch rate,NOTE1,internal,varID,CRWFL3,,0.0,,
Pitch rate,NOTE1,internal,varID,CRWFL,,0.0,,
Pitch rate,NOTE1,internal,varID,CNWFL0,,0.0,,
Pitch rate,NOTE1,internal,varID,CNWFL1,,0.0,,
Pitch rate,NOTE1,internal,varID,CNWFL2,,0.0,,
Pitch rate,NOTE1,internal,varID,CNWFL3,,0.0,,
Pitch rate,NOTE1,internal,varID,CNWFL,,0.0,,
Pitch rate,NOTE1,internal,varID,CLWFR0,,0.0,,
Pitch rate,NOTE1,internal,varID,CLWFR1,,0.0,,
Pitch rate,NOTE1,internal,varID,CLWFR2,,0.0,,
Pitch rate,NOTE1,internal,varID,CLWFR3,,0.0,,
Pitch rate,NOTE1,internal,varID,CLWFR,,0.0,,
Pitch rate,NOTE1,internal,varID,CDWFR0,,0.0,,
Pitch rate,NOTE1,internal,varID,CDWFR1,,0.0,,
Pitch rate,NOTE1,internal,varID,CDWFR2,,0.0,,
Pitch rate,NOTE1,internal,varID,CDWFR3,,0.0,,
Pitch rate,NOTE1,internal,varID,CDWFR,,0.0,,
Pitch rate,NOTE1,internal,varID,CMWFR0,,0.0,,
Pitch rate,NOTE1,internal,varID,CMWFR1,,0.0,,
Pitch rate,NOTE1,internal,varID,CMWFR2,,0.0,,
Pitch rate,NOTE1,internal,varID,CMWFR3,,0.0,,
Pitch rate,NOTE1,internal,varID,CMWFR,,0.0,,
Pitch rate,NOTE1,internal,varID,CYWFR0,,0.0,,
Pitch rate,NOTE1,internal,varID,CYWFR1,,0.0,,
Pitch rate,NOTE1,internal,varID,CYWFR2,,0.0,,
Pitch rate,NOTE1,internal,varID,CYWFR3,,0.0,,
Pitch rate,NOTE1,internal,varID,CYWFR,,-0.0,,
Pitch rate,NOTE1,internal,varID,CRWFR0,,0.0,,
Pitch rate,NOTE1,internal,varID,CRWFR1,,0.0,,
Pitch rate,NOTE1,internal,varID,CRWFR2,,0.0,,
Pitch rate,NOTE1,internal,varID,CRWFR3,,0.0,,
Pitch rate,NOTE1,internal,varID,CRWFR,,-0.0,,
Pitch rate,NOTE1,internal,varID,CNWFR0,,0.0,,
Pitch rate,NOTE1,internal,varID,CNWFR1,,0.0,,
Pitch rate,NOTE1,internal,varID,CNWFR2,,0.0,,
Pitch rate,NOTE1,internal,varID,CNWFR3,,0.0,,
Pitch rate,NOTE1,internal,varID,CNWFR,,-0.0,,
Pitch rate,NOTE1,internal,varID,CLLG0,,0.0,,
Pitch rate,NOTE1,internal,varID,CLLG1,,0.0,,
Pitch rate,NOTE1,internal,varID,CLLG2,,0.0,,
Pitch rate,NOTE1,internal,varID,CLLG3,,0.0,,
Pitch rate,NOTE1,internal,varID,CLLG,,0.0,,
Pitch rate,NOTE1,internal,varID,CDLG0,,0.0,,
Pitch rate,NOTE1,internal,varID,CDLG1,,0.0,,
Pitch rate,NOTE1,internal,varID,CDLG2,,0.0,,
Pitch rate,NOTE1,internal,varID,CDLG3,,0.0,,
Pitch rate,NOTE1,internal,varID,CDLG,,0.0,,
Pitch rate,NOTE1,internal,varID,CMLG0,,0.0,,
Pitch rate,NOTE1,internal,varID,CMLG1,,0.0,,
Pitch rate,NOTE1,internal,varID,CMLG2,,0.0,,
Pitch rate,NOTE1,internal,varID,CMLG3,,0.0,,
Pitch rate,NOTE1,internal,varID,CMLG,,0.0,,
Pitch rate,NOTE1,internal,varID,CYLG0,,0.0,,
Pitch rate,NOTE1,internal,varID,CYLG1,,0.0,,
Pitch rate,NOTE1,internal,varID,CYLG2,,0.0,,
Pitch rate,NOTE1,internal,varID,CYLG3,,0.0,,
Pitch rate,NOTE1,internal,varID,CYLG,,0.0,,
Pitch rate,NOTE1,internal,varID,CRLG0,,0.0,,
Pitch rate,NOTE1,internal,varID,CRLG1,,0.0,,
Pitch rate,NOTE1,internal,varID,CRLG2,,0.0,,
Pitch rate,NOTE1,internal,varID,CRLG3,,0.0,,
Pitch rate,NOTE1,internal,varID,CRLG,,0.0,,
Pitch rate,NOTE1,internal,varID,CNLG0,,0.0,,
Pitch rate,NOTE1,internal,varID,CNLG1,,0.0,,
Pitch rate,NOTE1,internal,varID,CNLG2,,0.0,,
Pitch rate,NOTE1,internal,varID,CNLG3,,0.0,,
Pitch rate,NOTE1,internal,varID,CNLG,,0.0,,
Pitch rate,NOTE1,internal,varID,CLGE0,,0.0,,
Pitch rate,NOTE1,internal,varID,CLGE1,,0.0,,
Pitch rate,NOTE1,internal,varID,CLGE2,,0.0,,
Pitch rate,NOTE1,internal,varID,CLGE3,,0.0,,
Pitch rate,NOTE1,internal,varID,CLGE,,0.0,,
Pitch rate,NOTE1,internal,varID,CDGE0,,0.0,,
Pitch rate,NOTE1,internal,varID,CDGE1,,0.0,,
Pitch rate,NOTE1,internal,varID,CDGE2,,0.0,,
Pitch rate,NOTE1,internal,varID,CDGE3,,0.0,,
Pitch rate,NOTE1,internal,varID,CDGE,,0.0,,
Pitch rate,NOTE1,internal,varID,CMGE0,,0.0,,
Pitch rate,NOTE1,internal,varID,CMGE1,,0.0,,
Pitch rate,NOTE1,internal,varID,CMGE2,,0.0,,
Pitch rate,NOTE1,internal,varID,CMGE3,,0.0,,
Pitch rate,NOTE1,internal,varID,CMGE,,0.0,,
Pitch rate,NOTE1,internal,varID,CYGE0,,0.0,,
Pitch rate,NOTE1,internal,varID,CYGE1,,0.0,,
Pitch rate,NOTE1,internal,varID,CYGE2,,0.0,,
Pitch rate,NOTE1,internal,varID,CYGE3,,0.0,,
Pitch rate,NOTE1,internal,varID,CYGE,,0.0,,
Pitch rate,NOTE1,internal,varID,CRGE0,,0.0,,
Pitch rate,NOTE1,internal,varID,CRGE1,,0.0,,
Pitch rate,NOTE1,internal,varID,CRGE2,,0.0,,
Pitch rate,NOTE1,internal,varID,CRGE3,,0.0,,
Pitch rate,NOTE1,internal,varID,CRGE,,0.0,,
Pitch rate,NOTE1,internal,varID,CNGE0,,0.0,,
Pitch rate,NOTE1,internal,varID,CNGE1,,0.0,,
Pitch rate,NOTE1,internal,varID,CNGE2,,0.0,,
Pitch rate,NOTE1,internal,varID,CNGE3,,0.0,,
Pitch rate,NOTE1,internal,varID,CNGE,,0.0,,
Pitch rate,NOTE1,internal,varID,sCYRUD,,0.0,,
Pitch rate,NOTE1,internal,varID,sCRRUD,,0.0,,
Pitch rate,NOTE1,internal,varID,sCNRUD,,0.0,,
Pitch rate,NOTE1,internal,varID,CMQ,,-0.155988326714,,
Pitch rate,NOTE1,internal,varID,CNP,,0.24752343178,,
Pitch rate,NOTE1,internal,varID,CNR,,-0.8981111534383,,
Pitch rate,NOTE1,internal,varID,CLP,,-0.506429680738,,
Pitch rate,NOTE1,internal,varID,CLR,,0.72926521693,,
Pitch rate,NOTE1,internal,varID,CL,,0.368505466871,,
Pitch rate,NOTE1,internal,varID,CD,,0.11129794625100001,,
Pitch rate,NOTE1,internal,varID,CM,,-0.010959837847736836,,
Pitch rate,NOTE1,internal,varID,CY,,0.0,,
Pitch rate,NOTE1,internal,varID,CN,,0.0,,
Pitch rate,NOTE1,internal,varID,CR,,0.0,,
Pitch rate,NOTE1,output,signalName,referenceWingChord,f,28.24,1e-06,
Pitch rate,NOTE1,output,signalName,referenceWingSpan,f,13.89,1e-06,
Pitch rate,NOTE1,output,signalName,referenceWingArea,f2,286.45,1e-06,
Pitch rate,NOTE1,output,signalName,vrsPositionOfMrc_X,fracMAC,0.54,1e-06,
Pitch rate,NOTE1,output,signalName,totalCoefficientOfLift,nd,0.368505477905,1e-06,
Pitch rate,NOTE1,output,signalName,totalCoefficientOfDrag,nd,0.111297950149,1e-06,
Pitch rate,NOTE1,output,signalName,aeroBodyForceCoefficient_Y,nd,0.0,1e-06,
Pitch rate,NOTE1,output,signalName,aeroBodyMomentCoefficient_Roll,nd,0.0,1e-06,
Pitch rate,NOTE1,output,signalName,aeroBodyMomentCoefficient_Pitch,nd,-0.010959836654,1e-06,
Pitch rate,NOTE1,output,signalName,aeroBodyMomentCoefficient_Yaw,nd,0.0,1e-06,
Yaw rate,NOTE1,input,signalName,angleOfAttack,deg,10.3,,
Yaw rate,NOTE1,input,signalName,angleOfSideslip,deg,0.0,,
Yaw rate,NOTE1,input,signalName,mach,nd,0.8,,
Yaw rate,NOTE1,input,signalName,trueAirspeed,f_s,240.0,,
Yaw rate,NOTE1,input,signalName,heightOfCgWrtRwy,f,20000.0,,
Yaw rate,NOTE1,input,signalName,bodyAngularRate_Roll,rad_s,0.0,,
Yaw rate,NOTE1,input,signalName,bodyAngularRate_Pitch,rad_s,0.0,,
Yaw rate,NOTE1,input,signalName,bodyAngularRate_Yaw,rad_s,0.5,,
Yaw rate,NOTE1,input,signalName,upperLeftBodyFlapDeflection,deg,0.0,,
Yaw rate,NOTE1,input,signalName,upperRightBodyFlapDeflection,deg,0.0,,
Yaw rate,NOTE1,input,signalName,lowerLeftBodyFlapDeflection,deg,0.0,,
Yaw rate,NOTE1,input,signalName,lowerRightBodyFlapDeflection,deg,0.0,,
Yaw rate,NOTE1,input,signalName,leftWingFlapDeflection,deg,0.0,,
Yaw rate,NOTE1,input,signalName,rightWingFlapDeflection,deg,0.0,,
Yaw rate,NOTE1,input,signalName,rudderDeflection,deg,0.0,,
Yaw rate,NOTE1,input,signalName,landingGearExtension,deg,0.0,,
Yaw rate,NOTE1,internal,varID,ALP,,10.3,,
Yaw rate,NOTE1,internal,varID,BETA,,0.0,,
Yaw rate,NOTE1,internal,varID,XMACH,,0.8,,
Yaw rate,NOTE1,internal,varID,PB,,0.0,,
Yaw rate,NOTE1,internal,varID,QB,,0.0,,
Yaw rate,NOTE1,internal,varID,RB,,0.5,,
Yaw rate,NOTE1,internal,varID,VRW,,240.0,,
Yaw rate,NOTE1,internal,varID,H_rwy,,20000.0,,
Yaw rate,NOTE1,internal,varID,DBFUL,,0.0,,
Yaw rate,NOTE1,internal,varID,DBFUR,,0.0,,
Yaw rate,NOTE1,internal,varID,DBFLL,,0.0,,
Yaw rate,NOTE1,internal,varID,DBFLR,,0.0,,
Yaw rate,NOTE1,internal,varID,DWFL,,0.0,,
Yaw rate,NOTE1,internal,varID,DWFR,,0.0,,
Yaw rate,NOTE1,internal,varID,DRUD,,0.0,,
Yaw rate,NOTE1,internal,varID,DLG,,0.0,,
Yaw rate,NOTE1,internal,varID,CBAR,,28.24,,
Yaw rate,NOTE1,internal,varID,BSPAN,,13.89,,
Yaw rate,NOTE1,internal,varID,SWING,,286.45,,
Yaw rate,NOTE1,internal,varID,XRP,,0.54,,
Yaw rate,NOTE1,internal,varID,CMQ0,,-0.22364,,
Yaw rate,NOTE1,internal,varID,CMQ1,,0.020457,,
Yaw rate,NOTE1,internal,varID,CMQ2,,-0.0016741,,
Yaw rate,NOTE1,internal,varID,CMQ3,,3.1618e-05,,
Yaw rate,NOTE1,internal,varID,CNP0,,0.40031,,
Yaw rate,NOTE1,internal,varID,CNP1,,-0.015518,,
Yaw rate,NOTE1,internal,varID,CNP2,,-0.00012143,,
Yaw rate,NOTE1,internal,varID,CNP3,,1.824e-05,,
Yaw rate,NOTE1,internal,varID,CNR0,,-0.79533,,
Yaw rate,NOTE1,internal,varID,CNR1,,-0.012647,,
Yaw rate,NOTE1,internal,varID,CNR2,,0.00032696,,
Yaw rate,NOTE1,internal,varID,CNR3,,-6.5929e-06,,
Yaw rate,NOTE1,internal,varID,CLP0,,-0.55242,,
Yaw rate,NOTE1,internal,varID,CLP1,,0.014478,,
Yaw rate,NOTE1,internal,varID,CLP2,,-0.0011545,,
Yaw rate,NOTE1,internal,varID,CLP3,,1.7706e-05,,
Yaw rate,NOTE1,internal,varID,CLR0,,0.44685,,
Yaw rate,NOTE1,internal,varID,CLR1,,0.067411,,
Yaw rate,NOTE1,internal,varID,CLR2,,-0.0051866,,
Yaw rate,NOTE1,internal,varID,CLR3,,0.00012659,,
Yaw rate,NOTE1,internal,varID,abs_rud,,0.0,,
Yaw rate,NOTE1,internal,varID,HOB,,1439.8848092152627,,
Yaw rate,NOTE1,internal,varID,PBO2V,,0.0,,
Yaw rate,NOTE1,internal,varID,QCO2V,,0.0,,
Yaw rate,NOTE1,internal,varID,RBO2V,,0.01446875,,
Yaw rate,NOTE1,internal,varID,CL0A0,,-0.073425,,
Yaw rate,NOTE1,internal,varID,CL0A1,,0.043347,,
Yaw rate,NOTE1,internal,varID,CL0A2,,0.00012122,,
Yaw rate,NOTE1,internal,varID,CL0A3,,-1.5927e-05,,
Yaw rate,NOTE1,internal,varID,CL0,,0.368505466871,,
Yaw rate,NOTE1,internal,varID,CD0A0,,0.060114,,
Yaw rate,NOTE1,internal,varID,CD0A1,,-0.002439,,
Yaw rate,NOTE1,internal,varID,CD0A2,,0.00080564,,
Yaw rate,NOTE1,internal,varID,CD0A3,,-8.387e-06,,
Yaw rate,NOTE1,internal,varID,CD0,,0.11129794625100001,,
Yaw rate,NOTE1,internal,varID,CM0A0,,0.025129,,
Yaw rate,NOTE1,internal,varID,CM0A1,,-0.0030512,,
Yaw rate,NOTE1,internal,varID,CM0A2,,-4.8533e-05,,
Yaw rate,NOTE1,internal,varID,CM0A3,,4.6453e-06,,
Yaw rate,NOTE1,internal,varID,CM0,,-0.006371181236900003,,
Yaw rate,NOTE1,internal,varID,CY0A0,,-0.013313,,
Yaw rate,NOTE1,internal,varID,CY0A1,,-0.00013917,,
Yaw rate,NOTE1,internal,varID,CY0A2,,1.604e-05,,
Yaw rate,NOTE1,internal,varID,CY0A3,,-1.4751e-07,,
Yaw rate,NOTE1,internal,varID,CYB,,-0.013205955559770001,,
Yaw rate,NOTE1,internal,varID,CR0A0,,-0.0063969,,
Yaw rate,NOTE1,internal,varID,CR0A1,,-0.00049202,,
Yaw rate,NOTE1,internal,varID,CR0A2,,2.8527e-05,,
Yaw rate,NOTE1,internal,varID,CR0A3,,-3.0272e-07,,
Yaw rate,NOTE1,internal,varID,CRB,,-0.008769066887439999,,
Yaw rate,NOTE1,internal,varID,CN0A0,,0.0030814,,
Yaw rate,NOTE1,internal,varID,CN0A1,,0.00011705,,
Yaw rate,NOTE1,internal,varID,CN0A2,,-2.2768e-06,,
Yaw rate,NOTE1,internal,varID,CN0A3,,-2.9912e-07,,
Yaw rate,NOTE1,internal,varID,CNB,,0.00371861278776,,
Yaw rate,NOTE1,internal,varID,CLRUD0,,0.0,,
Yaw rate,NOTE1,internal,varID,CLRUD1,,0.0,,
Yaw rate,NOTE1,internal,varID,CLRUD2,,0.0,,
Yaw rate,NOTE1,internal,varID,CLRUD3,,0.0,,
Yaw rate,NOTE1,internal,varID,CLRUD,,0.0,,
Yaw rate,NOTE1,internal,varID,CDRUD0,,0.0,,
Yaw rate,NOTE1,internal,varID,CDRUD1,,0.0,,
Yaw rate,NOTE1,internal,varID,CDRUD2,,0.0,,
Yaw rate,NOTE1,internal,varID,CDRUD3,,0.0,,
Yaw rate,NOTE1,internal,varID,CDRUD,,0.0,,
Yaw rate,NOTE1,internal,varID,CMRUD0,,0.0,,
Yaw rate,NOTE1,internal,varID,CMRUD1,,0.0,,
Yaw rate,NOTE1,internal,varID,CMRUD2,,0.0,,
Yaw rate,NOTE1,internal,varID,CMRUD3,,0.0,,
Yaw rate,NOTE1,internal,varID,CMRUD,,0.0,,
Yaw rate,NOTE1,internal,varID,CYRUD0,,0.0,,
Yaw rate,NOTE1,internal,varID,CYRUD1,,0.0,,
Yaw rate,NOTE1,internal,varID,CYRUD2,,0.0,,
Yaw rate,NOTE1,internal,varID,CYRUD3,,0.0,,
Yaw rate,NOTE1,internal,varID,CYRUD,,0.0,,
Yaw rate,NOTE1,internal,varID,CRRUD0,,0.0,,
Yaw rate,NOTE1,internal,varID,CRRUD1,,0.0,,
Yaw rate,NOTE1,internal,varID,CRRUD2,,0.0,,
Yaw rate,NOTE1,internal,varID,CRRUD3,,0.0,,
Yaw rate,NOTE1,internal,varID,CRRUD,,0.0,,
Yaw rate,NOTE1,internal,varID,CNRUD0,,0.0,,
Yaw rate,NOTE1,internal,varID,CNRUD1,,0.0,,
Yaw rate,NOTE1,internal,varID,CNRUD2,,0.0,,
Yaw rate,NOTE1,internal,varID,CNRUD3,,0.0,,
Yaw rate,NOTE1,internal,varID,CNRUD,,0.0,,
Yaw rate,NOTE1,internal,varID,CLBFLL0,,0.0,,
Yaw rate,NOTE1,internal,varID,CLBFLL1,,0.0,,
Yaw rate,NOTE1,internal,varID,CLBFLL2,,0.0,,
Yaw rate,NOTE1,internal,varID,CLBFLL3,,0.0,,
Yaw rate,NOTE1,internal,varID,CLBFLL,,0.0,,
Yaw rate,NOTE1,internal,varID,CDBFLL0,,0.0,,
Yaw rate,NOTE1,internal,varID,CDBFLL1,,0.0,,
Yaw rate,NOTE1,internal,varID,CDBFLL2,,0.0,,
Yaw rate,NOTE1,internal,varID,CDBFLL3,,0.0,,
Yaw rate,NOTE1,internal,varID,CDBFLL,,0.0,,
Yaw rate,NOTE1,internal,varID,CMBFLL0,,0.0,,
Yaw rate,NOTE1,internal,varID,CMBFLL1,,0.0,,
Yaw rate,NOTE1,internal,varID,CMBFLL2,,0.0,,
Yaw rate,NOTE1,internal,varID,CMBFLL3,,0.0,,
Yaw rate,NOTE1,internal,varID,CMBFLL,,0.0,,
Yaw rate,NOTE1,internal,varID,CYBFLL0,,0.0,,
Yaw rate,NOTE1,internal,varID,CYBFLL1,,0.0,,
Yaw rate,NOTE1,internal,varID,CYBFLL2,,0.0,,
Yaw rate,NOTE1,internal,varID,CYBFLL3,,0.0,,
Yaw rate,NOTE1,internal,varID,CYBFLL,,0.0,,
Yaw rate,NOTE1,internal,varID,CRBFLL0,,0.0,,
Yaw rate,NOTE1,internal,varID,CRBFLL1,,0.0,,
Yaw rate,NOTE1,internal,varID,CRBFLL2,,0.0,,
Yaw rate,NOTE1,internal,varID,CRBFLL3,,0.0,,
Yaw rate,NOTE1,internal,varID,CRBFLL,,0.0,,
Yaw rate,NOTE1,internal,varID,CNBFLL0,,0.0,,
Yaw rate,NOTE1,internal,varID,CNBFLL1,,0.0,,
Yaw rate,NOTE1,internal,varID,CNBFLL2,,0.0,,
Yaw rate,NOTE1,internal,varID,CNBFLL3,,0.0,,
Yaw rate,NOTE1,internal,varID,CNBFLL,,0.0,,
Yaw rate,NOTE1,internal,varID,CLBFLR0,,0.0,,
Yaw rate,NOTE1,internal,varID,CLBFLR1,,0.0,,
Yaw rate,NOTE1,internal,varID,CLBFLR2,,0.0,,
Yaw rate,NOTE1,internal,varID,CLBFLR3,,0.0,,
Yaw rate,NOTE1,internal,varID,CLBFLR,,0.0,,
Yaw rate,NOTE1,internal,varID,CDBFLR0,,0.0,,
Yaw rate,NOTE1,internal,varID,CDBFLR1,,0.0,,
Yaw rate,NOTE1,internal,varID,CDBFLR2,,0.0,,
Yaw rate,NOTE1,internal,varID,CDBFLR3,,0.0,,
Yaw rate,NOTE1,internal,varID,CDBFLR,,0.0,,
Yaw rate,NOTE1,internal,varID,CMBFLR0,,0.0,,
Yaw rate,NOTE1,internal,varID,CMBFLR1,,0.0,,
Yaw rate,NOTE1,internal,varID,CMBFLR2,,0.0,,
Yaw rate,NOTE1,internal,varID,CMBFLR3,,0.0,,
Yaw rate,NOTE1,internal,varID,CMBFLR,,0.0,,
Yaw rate,NOTE1,internal,varID,CYBFLR0,,0.0,,
Yaw rate,NOTE1,internal,varID,CYBFLR1,,0.0,,
Yaw rate,NOTE1,internal,varID,CYBFLR2,,0.0,,
Yaw rate,NOTE1,internal,varID,CYBFLR3,,0.0,,
Yaw rate,NOTE1,internal,varID,CYBFLR,,-0.0,,
Yaw rate,NOTE1,internal,varID,CRBFLR0,,0.0,,
Yaw rate,NOTE1,internal,varID,CRBFLR1,,0.0,,
Yaw rate,NOTE1,internal,varID,CRBFLR2,,0.0,,
Yaw rate,NOTE1,internal,varID,CRBFLR3,,0.0,,
Yaw rate,NOTE1,internal,varID,CRBFLR,,-0.0,,
Yaw rate,NOTE1,internal,varID,CNBFLR0,,0.0,,
Yaw rate,NOTE1,internal,varID,CNBFLR1,,0.0,,
Yaw rate,NOTE1,internal,varID,CNBFLR2,,0.0,,
Yaw rate,NOTE1,internal,varID,CNBFLR3,,0.0,,
Yaw rate,NOTE1,internal,varID,CNBFLR,,-0.0,,
Yaw rate,NOTE1,internal,varID,CLBFUL0,,0.0,,
Yaw rate,NOTE1,internal,varID,CLBFUL1,,0.0,,
Yaw rate,NOTE1,internal,varID,CLBFUL2,,0.0,,
Yaw rate,NOTE1,internal,varID,CLBFUL3,,0.0,,
Yaw rate,NOTE1,internal,varID,CLBFUL,,0.0,,
Yaw rate,NOTE1,internal,varID,CDBFUL0,,0.0,,
Yaw rate,NOTE1,internal,varID,CDBFUL1,,0.0,,
Yaw rate,NOTE1,internal,varID,CDBFUL2,,0.0,,
Yaw rate,NOTE1,internal,varID,CDBFUL3,,0.0,,
Yaw rate,NOTE1,internal,varID,CDBFUL,,0.0,,
Yaw rate,NOTE1,internal,varID,CMBFUL0,,0.0,,
Yaw rate,NOTE1,internal,varID,CMBFUL1,,0.0,,
Yaw rate,NOTE1,internal,varID,CMBFUL2,,0.0,,
Yaw rate,NOTE1,internal,varID,CMBFUL3,,0.0,,
Yaw rate,NOTE1,internal,varID,CMBFUL,,0.0,,
Yaw rate,NOTE1,internal,varID,CYBFUL0,,0.0,,
Yaw rate,NOTE1,internal,varID,CYBFUL1,,0.0,,
Yaw rate,NOTE1,internal,varID,CYBFUL2,,0.0,,
Yaw rate,NOTE1,internal,varID,CYBFUL3,,0.0,,
Yaw rate,NOTE1,internal,varID,CYBFUL,,0.0,,
Yaw rate,NOTE1,internal,varID,CRBFUL0,,0.0,,
Yaw rate,NOTE1,internal,varID,CRBFUL1,,0.0,,
Yaw rate,NOTE1,internal,varID,CRBFUL2,,0.0,,
Yaw rate,NOTE1,internal,varID,CRBFUL3,,0.0,,
Yaw rate,NOTE1,internal,varID,CRBFUL,,0.0,,
Yaw rate,NOTE1,internal,varID,CNBFUL0,,0.0,,
Yaw rate,NOTE1,internal,varID,CNBFUL1,,0.0,,
Yaw rate,NOTE1,internal,varID,CNBFUL2,,0.0,,
Yaw rate,NOTE1,internal,varID,CNBFUL3,,0.0,,
Yaw rate,NOTE1,internal,varID,CNBFUL,,0.0,,
Yaw rate,NOTE1,internal,varID,CLBFUR0,,0.0,,
Yaw rate,NOTE1,internal,varID,CLBFUR1,,0.0,,
Yaw rate,NOTE1,internal,varID,CLBFUR2,,0.0,,
Yaw rate,NOTE1,internal,varID,CLBFUR3,,0.0,,
Yaw rate,NOTE1,internal,varID,CLBFUR,,0.0,,
Yaw rate,NOTE1,internal,varID,CDBFUR0,,0.0,,
Yaw rate,NOTE1,internal,varID,CDBFUR1,,0.0,,
Yaw rate,NOTE1,internal,varID,CDBFUR2,,0.0,,
Yaw rate,NOTE1,internal,varID,CDBFUR3,,0.0,,
Yaw rate,NOTE1,internal,varID,CDBFUR,,0.0,,
Yaw rate,NOTE1,internal,varID,CMBFUR0,,0.0,,
Yaw rate,NOTE1,internal,varID,CMBFUR1,,0.0,,
Yaw rate,NOTE1,internal,varID,CMBFUR2,,0.0,,
Yaw rate,NOTE1,internal,varID,CMBFUR3,,0.0,,
Yaw rate,NOTE1,internal,varID,CMBFUR,,0.0,,
Yaw rate,NOTE1,internal,varID,CYBFUR0,,0.0,,
Yaw rate,NOTE1,internal,varID,CYBFUR1,,0.0,,
Yaw rate,NOTE1,internal,varID,CYBFUR2,,0.0,,
Yaw rate,NOTE1,internal,varID,CYBFUR3,,0.0,,
Yaw rate,NOTE1,internal,varID,CYBFUR,,-0.0,,
Yaw rate,NOTE1,internal,varID,CRBFUR0,,0.0,,
Yaw rate,NOTE1,internal,varID,CRBFUR1,,0.0,,
Yaw rate,NOTE1,internal,varID,CRBFUR2,,0.0,,
Yaw rate,NOTE1,internal,varID,CRBFUR3,,0.0,,
Yaw rate,NOTE1,internal,varID,CRBFUR,,-0.0,,
Yaw rate,NOTE1,internal,varID,CNBFUR0,,0.0,,
Yaw rate,NOTE1,internal,varID,CNBFUR1,,0.0,,
Yaw rate,NOTE1,internal,varID,CNBFUR2,,0.0,,
Yaw rate,NOTE1,internal,varID,CNBFUR3,,0.0,,
Yaw rate,NOTE1,internal,varID,CNBFUR,,-0.0,,
Yaw rate,NOTE1,internal,varID,CLWFL0,,0.0,,
Yaw rate,NOTE1,internal,varID,CLWFL1,,0.0,,
Yaw rate,NOTE1,internal,varID,CLWFL2,,0.0,,
Yaw rate,NOTE1,internal,varID,CLWFL3,,0.0,,
Yaw rate,NOTE1,internal,varID,CLWFL,,0.0,,
Yaw rate,NOTE1,internal,varID,CDWFL0,,0.0,,
Yaw rate,NOTE1,internal,varID,CDWFL1,,0.0,,
Yaw rate,NOTE1,internal,varID,CDWFL2,,0.0,,
Yaw rate,NOTE1,internal,varID,CDWFL3,,0.0,,
Yaw rate,NOTE1,internal,varID,CDWFL,,0.0,,
Yaw rate,NOTE1,internal,varID,CMWFL0,,0.0,,
Yaw rate,NOTE1,internal,varID,CMWFL1,,0.0,,
Yaw rate,NOTE1,internal,varID,CMWFL2,,0.0,,
Yaw rate,NOTE1,internal,varID,CMWFL3,,0.0,,
Yaw rate,NOTE1,internal,varID,CMWFL,,0.0,,
Yaw rate,NOTE1,internal,varID,CYWFL0,,0.0,,
Yaw rate,NOTE1,internal,varID,CYWFL1,,0.0,,
Yaw rate,NOTE1,internal,varID,CYWFL2,,0.0,,
Yaw rate,NOTE1,internal,varID,CYWFL3,,0.0,,
Yaw rate,NOTE1,internal,varID,CYWFL,,0.0,,
Yaw rate,NOTE1,internal,varID,CRWFL0,,0.0,,
Yaw rate,NOTE1,internal,varID,CRWFL1,,0.0,,
Yaw rate,NOTE1,internal,varID,CRWFL2,,0.0,,
Yaw rate,NOTE1,internal,varID,CRWFL3,,0.0,,
Yaw rate,NOTE1,internal,varID,CRWFL,,0.0,,
Yaw rate,NOTE1,internal,varID,CNWFL0,,0.0,,
Yaw rate,NOTE1,internal,varID,CNWFL1,,0.0,,
Yaw rate,NOTE1,internal,varID,CNWFL2,,0.0,,
Yaw rate,NOTE1,internal,varID,CNWFL3,,0.0,,
Yaw rate,NOTE1,internal,varID,CNWFL,,0.0,,
Yaw rate,NOTE1,internal,varID,CLWFR0,,0.0,,
Yaw rate,NOTE1,internal,varID,CLWFR1,,0.0,,
Yaw rate,NOTE1,internal,varID,CLWFR2,,0.0,,
Yaw rate,NOTE1,internal,varID,CLWFR3,,0.0,,
Yaw rate,NOTE1,internal,varID,CLWFR,,0.0,,
Yaw rate,NOTE1,internal,varID,CDWFR0,,0.0,,
Yaw rate,NOTE1,internal,varID,CDWFR1,,0.0,,
Yaw rate,NOTE1,internal,varID,CDWFR2,,0.0,,
Yaw rate,NOTE1,internal,varID,CDWFR3,,0.0,,
Yaw rate,NOTE1,internal,varID,CDWFR,,0.0,,
Yaw rate,NOTE1,internal,varID,CMWFR0,,0.0,,
Yaw rate,NOTE1,internal,varID,CMWFR1,,0.0,,
Yaw rate,NOTE1,internal,varID,CMWFR2,,0.0,,
Yaw rate,NOTE1,internal,varID,CMWFR3,,0.0,,
Yaw rate,NOTE1,internal,varID,CMWFR,,0.0,,
Yaw rate,NOTE1,internal,varID,CYWFR0,,0.0,,
Yaw rate,NOTE1,internal,varID,CYWFR1,,0.0,,
Yaw rate,NOTE1,internal,varID,CYWFR2,,0.0,,
Yaw rate,NOTE1,internal,varID,CYWFR3,,0.0,,
Yaw rate,NOTE1,internal,varID,CYWFR,,-0.0,,
Yaw rate,NOTE1,internal,varID,CRWFR0,,0.0,,
Yaw rate,NOTE1,internal,varID,CRWFR1,,0.0,,
Yaw rate,NOTE1,internal,varID,CRWFR2,,0.0,,
Yaw rate,NOTE1,internal,varID,CRWFR3,,0.0,,
Yaw rate,NOTE1,internal,varID,CRWFR,,-0.0,,
Yaw rate,NOTE1,internal,varID,CNWFR0,,0.0,,
Yaw rate,NOTE1,internal,varID,CNWFR1,,0.0,,
Yaw rate,NOTE1,internal,varID,CNWFR2,,0.0,,
Yaw rate,NOTE1,internal,varID,CNWFR3,,0.0,,
Yaw rate,NOTE1,internal,varID,CNWFR,,-0.0,,
Yaw rate,NOTE1,internal,varID,CLLG0,,0.0,,
Yaw rate,NOTE1,internal,varID,CLLG1,,0.0,,
Yaw rate,NOTE1,internal,varID,CLLG2,,0.0,,
Yaw rate,NOTE1,internal,varID,CLLG3,,0.0,,
Yaw rate,NOTE1,internal,varID,CLLG,,0.0,,
Yaw rate,NOTE1,internal,varID,CDLG0,,0.0,,
Yaw rate,NOTE1,internal,varID,CDLG1,,0.0,,
Yaw rate,NOTE1,internal,varID,CDLG2,,0.0,,
Yaw rate,NOTE1,internal,varID,CDLG3,,0.0,,
Yaw rate,NOTE1,internal,varID,CDLG,,0.0,,
Yaw rate,NOTE1,internal,varID,CMLG0,,0.0,,
Yaw rate,NOTE1,internal,varID,CMLG1,,0.0,,
Yaw rate,NOTE1,internal,varID,CMLG2,,0.0,,
Yaw rate,NOTE1,internal,varID,CMLG3,,0.0,,
Yaw rate,NOTE1,internal,varID,CMLG,,0.0,,
Yaw rate,NOTE1,internal,varID,CYLG0,,0.0,,
Yaw rate,NOTE1,internal,varID,CYLG1,,0.0,,
Yaw rate,NOTE1,internal,varID,CYLG2,,0.0,,
Yaw rate,NOTE1,internal,varID,CYLG3,,0.0,,
Yaw rate,NOTE1,internal,varID,CYLG,,0.0,,
Yaw rate,NOTE1,internal,varID,CRLG0,,0.0,,
Yaw rate,NOTE1,internal,varID,CRLG1,,0.0,,
Yaw rate,NOTE1,internal,varID,CRLG2,,0.0,,
Yaw rate,NOTE1,internal,varID,CRLG3,,0.0,,
Yaw rate,NOTE1,internal,varID,CRLG,,0.0,,
Yaw rate,NOTE1,internal,varID,CNLG0,,0.0,,
Yaw rate,NOTE1,internal,varID,CNLG1,,0.0,,
Yaw rate,NOTE1,internal,varID,CNLG2,,0.0,,
Yaw rate,NOTE1,internal,varID,CNLG3,,0.0,,
Yaw rate,NOTE1,internal,varID,CNLG,,0.0,,
Yaw rate,NOTE1,internal,varID,CLGE0,,0.0,,
Yaw rate,NOTE1,internal,varID,CLGE1,,0.0,,
Yaw rate,NOTE1,internal,varID,CLGE2,,0.0,,
Yaw rate,NOTE1,internal,varID,CLGE3,,0.0,,
Yaw rate,NOTE1,internal,varID,CLGE,,0.0,,
Yaw rate,NOTE1,internal,varID,CDGE0,,0.0,,
Yaw rate,NOTE1,internal,varID,CDGE1,,0.0,,
Yaw rate,NOTE1,internal,varID,CDGE2,,0.0,,
Yaw rate,NOTE1,internal,varID,CDGE3,,0.0,,
Yaw rate,NOTE1,internal,varID,CDGE,,0.0,,
Yaw rate,NOTE1,internal,varID,CMGE0,,0.0,,
Yaw rate,NOTE1,internal,varID,CMGE1,,0.0,,
Yaw rate,NOTE1,internal,varID,CMGE2,,0.0,,
Yaw rate,NOTE1,internal,varID,CMGE3,,0.0,,
Yaw rate,NOTE1,internal,varID,CMGE,,0.0,,
Yaw rate,NOTE1,internal,varID,CYGE0,,0.0,,
Yaw rate,NOTE1,internal,varID,CYGE1,,0.0,,
Yaw rate,NOTE1,internal,varID,CYGE2,,0.0,,
Yaw rate,NOTE1,internal,varID,CYGE3,,0.0,,
Yaw rate,NOTE1,internal,varID,CYGE,,0.0,,
Yaw rate,NOTE1,internal,varID,CRGE0,,0.0,,
Yaw rate,NOTE1,internal,varID,CRGE1,,0.0,,
Yaw rate,NOTE1,internal,varID,CRGE2,,0.0,,
Yaw rate,NOTE1,internal,varID,CRGE3,,0.0,,
Yaw rate,NOTE1,internal,varID,CRGE,,0.0,,
Yaw rate,NOTE1,internal,varID,CNGE0,,0.0,,
Yaw rate,NOTE1,internal,varID,CNGE1,,0.0,,
Yaw rate,NOTE1,internal,varID,CNGE2,,0.0,,
Yaw rate,NOTE1,internal,varID,CNGE3,,0.0,,
Yaw rate,NOTE1,internal,varID,CNGE,,0.0,,
Yaw rate,NOTE1,internal,varID,sCYRUD,,0.0,,
Yaw rate,NOTE1,internal,varID,sCRRUD,,0.0,,
Yaw rate,NOTE1,internal,varID,sCNRUD,,0.0,,
Yaw rate,NOTE1,internal,varID,CMQ,,-0.155988326714,,
Yaw rate,NOTE1,internal,varID,CNP,,0.24752343178,,
Yaw rate,NOTE1,internal,varID,CNR,,-0.8981111534383,,
Yaw rate,NOTE1,internal,varID,CLP,,-0.506429680738,,
Yaw rate,NOTE1,internal,varID,CLR,,0.72926521693,,
Yaw rate,NOTE1,internal,varID,CL,,0.368505466871,,
Yaw rate,NOTE1,internal,varID,CD,,0.11129794625100001,,
Yaw rate,NOTE1,internal,varID,CM,,-0.006371181236900003,,
Yaw rate,NOTE1,internal,varID,CY,,0.0,,
Yaw rate,NOTE1,internal,varID,CN,,-0.012994545751310402,,
Yaw rate,NOTE1,internal,varID,CR,,0.010551556107455938,,
Yaw rate,NOTE1,output,signalName,referenceWingChord,f,28.24,1e-06,
Yaw rate,NOTE1,output,signalName,referenceWingSpan,f,13.89,1e-06,
Yaw rate,NOTE1,output,signalName,referenceWingArea,f2,286.45,1e-06,
Yaw rate,NOTE1,output,signalName,vrsPositionOfMrc_X,fracMAC,0.54,1e-06,
Yaw rate,NOTE1,output,signalName,totalCoefficientOfLift,nd,0.368505477905,1e-06,
Yaw rate,NOTE1,output,signalName,totalCoefficientOfDrag,nd,0.111297950149,1e-06,
Yaw rate,NOTE1,output,signalName,aeroBodyForceCoefficient_Y,nd,0.0,1e-06,
Yaw rate,NOTE1,output,signalName,aeroBodyMomentCoefficient_Roll,nd,0.010551556014,1e-06,
Yaw rate,NOTE1,output,signalName,aeroBodyMomentCoefficient_Pitch,nd,-0.006371179596,1e-06,
Yaw rate,NOTE1,output,signalName,aeroBodyMomentCoefficient_Yaw,nd,-0.012994545512,1e-06,
Upper left body flap,NOTE1,input,signalName,angleOfAttack,deg,10.3,,
Upper left body flap,NOTE1,input,signalName,angleOfSideslip,deg,0.0,,
Upper left body flap,NOTE1,input,signalName,mach,nd,0.8,,
Upper left body flap,NOTE1,input,signalName,trueAirspeed,f_s,240.0,,
Upper left body flap,NOTE1,input,signalName,heightOfCgWrtRwy,f,20000.0,,
Upper left body flap,NOTE1,input,signalName,bodyAngularRate_Roll,rad_s,0.0,,
Upper left body flap,NOTE1,input,signalName,bodyAngularRate_Pitch,rad_s,0.0,,
Upper left body flap,NOTE1,input,signalName,bodyAngularRate_Yaw,rad_s,0.0,,
Upper left body flap,NOTE1,input,signalName,upperLeftBodyFlapDeflection,deg,-15.47,,
Upper left body flap,NOTE1,input,signalName,upperRightBodyFlapDeflection,deg,0.0,,
Upper left body flap,NOTE1,input,signalName,lowerLeftBodyFlapDeflection,deg,0.0,,
Upper left body flap,NOTE1,input,signalName,lowerRightBodyFlapDeflection,deg,0.0,,
Upper left body flap,NOTE1,input,signalName,leftWingFlapDeflection,deg,0.0,,
Upper left body flap,NOTE1,input,signalName,rightWingFlapDeflection,deg,0.0,,
Upper left body flap,NOTE1,input,signalName,rudderDeflection,deg,0.0,,
Upper left body flap,NOTE1,input,signalName,landingGearExtension,deg,0.0,,
Upper left body flap,NOTE1,internal,varID,ALP,,10.3,,
Upper left body flap,NOTE1,internal,varID,BETA,,0.0,,
Upper left body flap,NOTE1,internal,varID,XMACH,,0.8,,
Upper left body flap,NOTE1,internal,varID,PB,,0.0,,
Upper left body flap,NOTE1,internal,varID,QB,,0.0,,
Upper left body flap,NOTE1,internal,varID,RB,,0.0,,
Upper left body flap,NOTE1,internal,varID,VRW,,240.0,,
Upper left body flap,NOTE1,internal,varID,H_rwy,,20000.0,,
Upper left body flap,NOTE1,internal,varID,DBFUL,,-15.47,,
Upper left body flap,NOTE1,internal,varID,DBFUR,,0.0,,
Upper left body flap,NOTE1,internal,varID,DBFLL,,0.0,,
Upper left body flap,NOTE1,internal,varID,DBFLR,,0.0,,
Upper left body flap,NOTE1,internal,varID,DWFL,,0.0,,
Upper left body flap,NOTE1,internal,varID,DWFR,,0.0,,
Upper left body flap,NOTE1,internal,varID,DRUD,,0.0,,
Upper left body flap,NOTE1,internal,varID,DLG,,0.0,,
Upper left body flap,NOTE1,internal,varID,CBAR,,28.24,,
Upper left body flap,NOTE1,internal,varID,BSPAN,,13.89,,
Upper left body flap,NOTE1,internal,varID,SWING,,286.45,,
Upper left body flap,NOTE1,internal,varID,XRP,,0.54,,
Upper left body flap,NOTE1,internal,varID,CMQ0,,-0.22364,,
Upper left body flap,NOTE1,internal,varID,CMQ1,,0.020457,,
Upper left body flap,NOTE1,internal,varID,CMQ2,,-0.0016741,,
Upper left body flap,NOTE1,internal,varID,CMQ3,,3.1618e-05,,
Upper left body flap,NOTE1,internal,varID,CNP0,,0.40031,,
Upper left body flap,NOTE1,internal,varID,CNP1,,-0.015518,,
Upper left body flap,NOTE1,internal,varID,CNP2,,-0.00012143,,
Upper left body flap,NOTE1,internal,varID,CNP3,,1.824e-05,,
Upper left body flap,NOTE1,internal,varID,CNR0,,-0.79533,,
Upper left body flap,NOTE1,internal,varID,CNR1,,-0.012647,,
Upper left body flap,NOTE1,internal,varID,CNR2,,0.00032696,,
Upper left body flap,NOTE1,internal,varID,CNR3,,-6.5929e-06,,
Upper left body flap,NOTE1,internal,varID,CLP0,,-0.55242,,
Upper left body flap,NOTE1,internal,varID,CLP1,,0.014478,,
Upper left body flap,NOTE1,internal,varID,CLP2,,-0.0011545,,
Upper left body flap,NOTE1,internal,varID,CLP3,,1.7706e-05,,
Upper left body flap,NOTE1,internal,varID,CLR0,,0.44685,,
Upper left body flap,NOTE1,internal,varID,CLR1,,0.067411,,
Upper left body flap,NOTE1,internal,varID,CLR2,,-0.0051866,,
Upper left body flap,NOTE1,internal,varID,CLR3,,0.00012659,,
Upper left body flap,NOTE1,internal,varID,abs_rud,,0.0,,
Upper left body flap,NOTE1,internal,varID,HOB,,1439.8848092152627,,
Upper left body flap,NOTE1,internal,varID,PBO2V,,0.0,,
Upper left body flap,NOTE1,internal,varID,QCO2V,,0.0,,
Upper left body flap,NOTE1,internal,varID,RBO2V,,0.0,,
Upper left body flap,NOTE1,internal,varID,CL0A0,,-0.073425,,
Upper left body flap,NOTE1,internal,varID,CL0A1,,0.043347,,
Upper left body flap,NOTE1,internal,varID,CL0A2,,0.00012122,,
Upper left body flap,NOTE1,internal,varID,CL0A3,,-1.5927e-05,,
Upper left body flap,NOTE1,internal,varID,CL0,,0.368505466871,,
Upper left body flap,NOTE1,internal,varID,CD0A0,,0.060114,,
Upper left body flap,NOTE1,internal,varID,CD0A1,,-0.002439,,
Upper left body flap,NOTE1,internal,varID,CD0A2,,0.00080564,,
Upper left body flap,NOTE1,internal,varID,CD0A3,,-8.387e-06,,
Upper left body flap,NOTE1,internal,varID,CD0,,0.11129794625100001,,
Upper left body flap,NOTE1,internal,varID,CM0A0,,0.025129,,
Upper left body flap,NOTE1,internal,varID,CM0A1,,-0.0030512,,
Upper left body flap,NOTE1,internal,varID,CM0A2,,-4.8533e-05,,
Upper left body flap,NOTE1,internal,varID,CM0A3,,4.6453e-06,,
Upper left body flap,NOTE1,internal,varID,CM0,,-0.006371181236900003,,
Upper left body flap,NOTE1,internal,varID,CY0A0,,-0.013313,,
Upper left body flap,NOTE1,internal,varID,CY0A1,,-0.00013917,,
Upper left body flap,NOTE1,internal,varID,CY0A2,,1.604e-05,,
Upper left body flap,NOTE1,internal,varID,CY0A3,,-1.4751e-07,,
Upper left body flap,NOTE1,internal,varID,CYB,,-0.013205955559770001,,
Upper left body flap,NOTE1,internal,varID,CR0A0,,-0.0063969,,
Upper left body flap,NOTE1,internal,varID,CR0A1,,-0.00049202,,
Upper left body flap,NOTE1,internal,varID,CR0A2,,2.8527e-05,,
Upper left body flap,NOTE1,internal,varID,CR0A3,,-3.0272e-07,,
Upper left body flap,NOTE1,internal,varID,CRB,,-0.008769066887439999,,
Upper left body flap,NOTE1,internal,varID,CN0A0,,0.0030814,,
Upper left body flap,NOTE1,internal,varID,CN0A1,,0.00011705,,
Upper left body flap,NOTE1,internal,varID,CN0A2,,-2.2768e-06,,
Upper left body flap,NOTE1,internal,varID,CN0A3,,-2.9912e-07,,
Upper left body flap,NOTE1,internal,varID,CNB,,0.00371861278776,,
Upper left body flap,NOTE1,internal,varID,CLRUD0,,0.0,,
Upper left body flap,NOTE1,internal,varID,CLRUD1,,0.0,,
Upper left body flap,NOTE1,internal,varID,CLRUD2,,0.0,,
Upper left body flap,NOTE1,internal,varID,CLRUD3,,0.0,,
Upper left body flap,NOTE1,internal,varID,CLRUD,,0.0,,
Upper left body flap,NOTE1,internal,varID,CDRUD0,,0.0,,
Upper left body flap,NOTE1,internal,varID,CDRUD1,,0.0,,
Upper left body flap,NOTE1,internal,varID,CDRUD2,,0.0,,
Upper left body flap,NOTE1,internal,varID,CDRUD3,,0.0,,
Upper left body flap,NOTE1,internal,varID,CDRUD,,0.0,,
Upper left body flap,NOTE1,internal,varID,CMRUD0,,0.0,,
Upper left body flap,NOTE1,internal,varID,CMRUD1,,0.0,,
Upper left body flap,NOTE1,internal,varID,CMRUD2,,0.0,,
Upper left body flap,NOTE1,internal,varID,CMRUD3,,0.0,,
Upper left body flap,NOTE1,internal,varID,CMRUD,,0.0,,
Upper left body flap,NOTE1,internal,varID,CYRUD0,,0.0,,
Upper left body flap,NOTE1,internal,varID,CYRUD1,,0.0,,
Upper left body flap,NOTE1,internal,varID,CYRUD2,,0.0,,
Upper left body flap,NOTE1,internal,varID,CYRUD3,,0.0,,
Upper left body flap,NOTE1,internal,varID,CYRUD,,0.0,,
Upper left body flap,NOTE1,internal,varID,CRRUD0,,0.0,,
Upper left body flap,NOTE1,internal,varID,CRRUD1,,0.0,,
Upper left body flap,NOTE1,internal,varID,CRRUD2,,0.0,,
Upper left body flap,NOTE1,internal,varID,CRRUD3,,0.0,,
Upper left body flap,NOTE1,internal,varID,CRRUD,,0.0,,
Upper left body flap,NOTE1,internal,varID,CNRUD0,,0.0,,
Upper left body flap,NOTE1,internal,varID,CNRUD1,,0.0,,
Upper left body flap,NOTE1,internal,varID,CNRUD2,,0.0,,
Upper left body flap,NOTE1,internal,varID,CNRUD3,,0.0,,
Upper left body flap,NOTE1,internal,varID,CNRUD,,0.0,,
Upper left body flap,NOTE1,internal,varID,CLBFLL0,,0.0,,
Upper left body flap,NOTE1,internal,varID,CLBFLL1,,0.0,,
Upper left body flap,NOTE1,internal,varID,CLBFLL2,,0.0,,
Upper left body flap,NOTE1,internal,varID,CLBFLL3,,0.0,,
Upper left body flap,NOTE1,internal,varID,CLBFLL,,0.0,,
Upper left body flap,NOTE1,internal,varID,CDBFLL0,,0.0,,
Upper left body flap,NOTE1,internal,varID,CDBFLL1,,0.0,,
Upper left body flap,NOTE1,internal,varID,CDBFLL2,,0.0,,
Upper left body flap,NOTE1,internal,varID,CDBFLL3,,0.0,,
Upper left body flap,NOTE1,internal,varID,CDBFLL,,0.0,,
Upper left body flap,NOTE1,internal,varID,CMBFLL0,,0.0,,
Upper left body flap,NOTE1,internal,varID,CMBFLL1,,0.0,,
Upper left body flap,NOTE1,internal,varID,CMBFLL2,,0.0,,
Upper left body flap,NOTE1,internal,varID,CMBFLL3,,0.0,,
Upper left body flap,NOTE1,internal,varID,CMBFLL,,0.0,,
Upper left body flap,NOTE1,internal,varID,CYBFLL0,,0.0,,
Upper left body flap,NOTE1,internal,varID,CYBFLL1,,0.0,,
Upper left body flap,NOTE1,internal,varID,CYBFLL2,,0.0,,
Upper left body flap,NOTE1,internal,varID,CYBFLL3,,0.0,,
Upper left body flap,NOTE1,internal,varID,CYBFLL,,0.0,,
Upper left body flap,NOTE1,internal,varID,CRBFLL0,,0.0,,
Upper left body flap,NOTE1,internal,varID,CRBFLL1,,0.0,,
Upper left body flap,NOTE1,internal,varID,CRBFLL2,,0.0,,
Upper left body flap,NOTE1,internal,varID,CRBFLL3,,0.0,,
Upper left body flap,NOTE1,internal,varID,CRBFLL,,0.0,,
Upper left body flap,NOTE1,internal,varID,CNBFLL0,,0.0,,
Upper left body flap,NOTE1,internal,varID,CNBFLL1,,0.0,,
Upper left body flap,NOTE1,internal,varID,CNBFLL2,,0.0,,
Upper left body flap,NOTE1,internal,varID,CNBFLL3,,0.0,,
Upper left body flap,NOTE1,internal,varID,CNBFLL,,0.0,,
Upper left body flap,NOTE1,internal,varID,CLBFLR0,,0.0,,
Upper left body flap,NOTE1,internal,varID,CLBFLR1,,0.0,,
Upper left body flap,NOTE1,internal,varID,CLBFLR2,,0.0,,
Upper left body flap,NOTE1,internal,varID,CLBFLR3,,0.0,,
Upper left body flap,NOTE1,internal,varID,CLBFLR,,0.0,,
Upper left body flap,NOTE1,internal,varID,CDBFLR0,,0.0,,
Upper left body flap,NOTE1,internal,varID,CDBFLR1,,0.0,,
Upper left body flap,NOTE1,internal,varID,CDBFLR2,,0.0,,
Upper left body flap,NOTE1,internal,varID,CDBFLR3,,0.0,,
Upper left body flap,NOTE1,internal,varID,CDBFLR,,0.0,,
Upper left body flap,NOTE1,internal,varID,CMBFLR0,,0.0,,
Upper left body flap,NOTE1,internal,varID,CMBFLR1,,0.0,,
Upper left body flap,NOTE1,internal,varID,CMBFLR2,,0.0,,
Upper left body flap,NOTE1,internal,varID,CMBFLR3,,0.0,,
Upper left body flap,NOTE1,internal,varID,CMBFLR,,0.0,,
Upper left body flap,NOTE1,internal,varID,CYBFLR0,,0.0,,
Upper left body flap,NOTE1,internal,varID,CYBFLR1,,0.0,,
Upper left body flap,NOTE1,internal,varID,CYBFLR2,,0.0,,
Upper left body flap,NOTE1,internal,varID,CYBFLR3,,0.0,,
Upper left body flap,NOTE1,internal,varID,CYBFLR,,-0.0,,
Upper left body flap,NOTE1,internal,varID,CRBFLR0,,0.0,,
Upper left body flap,NOTE1,internal,varID,CRBFLR1,,0.0,,
Upper left body flap,NOTE1,internal,varID,CRBFLR2,,0.0,,
Upper left body flap,NOTE1,internal,varID,CRBFLR3,,0.0,,
Upper left body flap,NOTE1,internal,varID,CRBFLR,,-0.0,,
Upper left body flap,NOTE1,internal,varID,CNBFLR0,,0.0,,
Upper left body flap,NOTE1,internal,varID,CNBFLR1,,0.0,,
Upper left body flap,NOTE1,internal,varID,CNBFLR2,,0.0,,
Upper left body flap,NOTE1,internal,varID,CNBFLR3,,0.0,,
Upper left body flap,NOTE1,internal,varID,CNBFLR,,-0.0,,
Upper left body flap,NOTE1,internal,varID,CLBFUL0,,-0.06762536,,
Upper left body flap,NOTE1,internal,varID,CLBFUL1,,0.006673296933333334,,
Upper left body flap,NOTE1,internal,varID,CLBFUL2,,-0.00044182399333333333,,
Upper left body flap,NOTE1,internal,varID,CLBFUL3,,8.4374816e-06,,
Upper left body flap,NOTE1,internal,varID,CLBFUL,,-0.03654364508307679,,
Upper left body flap,NOTE1,internal,varID,CDBFUL0,,0.004101006733333336,,
Upper left body flap,NOTE1,internal,varID,CDBFUL1,,-0.00045433871333333336,,
Upper left body flap,NOTE1,internal,varID,CDBFUL2,,-6.4552778666666656e-06,,
Upper left body flap,NOTE1,internal,varID,CDBFUL3,,-1.8445313333333332e-07,,
Upper left body flap,NOTE1,internal,varID,CDBFUL,,-0.0014650793619025975,,
Upper left body flap,NOTE1,internal,varID,CMBFUL0,,0.015511636666666669,,
Upper left body flap,NOTE1,internal,varID,CMBFUL1,,-0.00021831943333333332,,
Upper left body flap,NOTE1,internal,varID,CMBFUL2,,-4.25232833333334e-06,,
Upper left body flap,NOTE1,internal,varID,CMBFUL3,,4.0329327333333337e-07,,
Upper left body flap,NOTE1,internal,varID,CMBFUL,,0.013252506439139715,,
Upper left body flap,NOTE1,internal,varID,CYBFUL0,,-0.006756022599999997,,
Upper left body flap,NOTE1,internal,varID,CYBFUL1,,0.0027087246,,
Upper left body flap,NOTE1,internal,varID,CYBFUL2,,-0.00014725031933333332,,
Upper left body flap,NOTE1,internal,varID,CYBFUL3,,2.04763662e-06,,
Upper left body flap,NOTE1,internal,varID,CYBFUL,,0.00775956222278941,,
Upper left body flap,NOTE1,internal,varID,CRBFUL0,,-0.012698273333333333,,
Upper left body flap,NOTE1,internal,varID,CRBFUL1,,0.0018840996399999998,,
Upper left body flap,NOTE1,internal,varID,CRBFUL2,,-0.000109618708,,
Upper left body flap,NOTE1,internal,varID,CRBFUL3,,1.3982464666666664e-06,,
Upper left body flap,NOTE1,internal,varID,CRBFUL,,-0.0033935941062720673,,
Upper left body flap,NOTE1,internal,varID,CNBFUL0,,0.0003682073333333329,,
Upper left body flap,NOTE1,internal,varID,CNBFUL1,,-0.00044550968666666664,,
Upper left body flap,NOTE1,internal,varID,CNBFUL2,,2.112468686666667e-05,,
Upper left body flap,NOTE1,internal,varID,CNBFUL3,,-1.1863071333333334e-07,,
Upper left body flap,NOTE1,internal,varID,CNBFUL,,-0.0021090553931372596,,
Upper left body flap,NOTE1,internal,varID,CLBFUR0,,0.0,,
Upper left body flap,NOTE1,internal,varID,CLBFUR1,,0.0,,
Upper left body flap,NOTE1,internal,varID,CLBFUR2,,0.0,,
Upper left body flap,NOTE1,internal,varID,CLBFUR3,,0.0,,
Upper left body flap,NOTE1,internal,varID,CLBFUR,,0.0,,
Upper left body flap,NOTE1,internal,varID,CDBFUR0,,0.0,,
Upper left body flap,NOTE1,internal,varID,CDBFUR1,,0.0,,
Upper left body flap,NOTE1,internal,varID,CDBFUR2,,0.0,,
Upper left body flap,NOTE1,internal,varID,CDBFUR3,,0.0,,
Upper left body flap,NOTE1,internal,varID,CDBFUR,,0.0,,
Upper left body flap,NOTE1,internal,varID,CMBFUR0,,0.0,,
Upper left body flap,NOTE1,internal,varID,CMBFUR1,,0.0,,
Upper left body flap,NOTE1,internal,varID,CMBFUR2,,0.0,,
Upper left body flap,NOTE1,internal,varID,CMBFUR3,,0.0,,
Upper left body flap,NOTE1,internal,varID,CMBFUR,,0.0,,
Upper left body flap,NOTE1,internal,varID,CYBFUR0,,0.0,,
Upper left body flap,NOTE1,internal,varID,CYBFUR1,,0.0,,
Upper left body flap,NOTE1,internal,varID,CYBFUR2,,0.0,,
Upper left body flap,NOTE1,internal,varID,CYBFUR3,,0.0,,
Upper left body flap,NOTE1,internal,varID,CYBFUR,,-0.0,,
Upper left body flap,NOTE1,internal,varID,CRBFUR0,,0.0,,
Upper left body flap,NOTE1,internal,varID,CRBFUR1,,0.0,,
Upper left body flap,NOTE1,internal,varID,CRBFUR2,,0.0,,
Upper left body flap,NOTE1,internal,varID,CRBFUR3,,0.0,,
Upper left body flap,NOTE1,internal,varID,CRBFUR,,-0.0,,
Upper left body flap,NOTE1,internal,varID,CNBFUR0,,0.0,,
Upper left body flap,NOTE1,internal,varID,CNBFUR1,,0.0,,
Upper left body flap,NOTE1,internal,varID,CNBFUR2,,0.0,,
Upper left body flap,NOTE1,internal,varID,CNBFUR3,,0.0,,
Upper left body flap,NOTE1,internal,varID,CNBFUR,,-0.0,,
Upper left body flap,NOTE1,internal,varID,CLWFL0,,0.0,,
Upper left body flap,NOTE1,internal,varID,CLWFL1,,0.0,,
Upper left body flap,NOTE1,internal,varID,CLWFL2,,0.0,,
Upper left body flap,NOTE1,internal,varID,CLWFL3,,0.0,,
Upper left body flap,NOTE1,internal,varID,CLWFL,,0.0,,
Upper left body flap,NOTE1,internal,varID,CDWFL0,,0.0,,
Upper left body flap,NOTE1,internal,varID,CDWFL1,,0.0,,
Upper left body flap,NOTE1,internal,varID,CDWFL2,,0.0,,
Upper left body flap,NOTE1,internal,varID,CDWFL3,,0.0,,
Upper left body flap,NOTE1,internal,varID,CDWFL,,0.0,,
Upper left body flap,NOTE1,internal,varID,CMWFL0,,0.0,,
Upper left body flap,NOTE1,internal,varID,CMWFL1,,0.0,,
Upper left body flap,NOTE1,internal,varID,CMWFL2,,0.0,,
Upper left body flap,NOTE1,internal,varID,CMWFL3,,0.0,,
Upper left body flap,NOTE1,internal,varID,CMWFL,,0.0,,
Upper left body flap,NOTE1,internal,varID,CYWFL0,,0.0,,
Upper left body flap,NOTE1,internal,varID,CYWFL1,,0.0,,
Upper left body flap,NOTE1,internal,varID,CYWFL2,,0.0,,
Upper left body flap,NOTE1,internal,varID,CYWFL3,,0.0,,
Upper left body flap,NOTE1,internal,varID,CYWFL,,0.0,,
Upper left body flap,NOTE1,internal,varID,CRWFL0,,0.0,,
Upper left body flap,NOTE1,internal,varID,CRWFL1,,0.0,,
Upper left body flap,NOTE1,internal,varID,CRWFL2,,0.0,,
Upper left body flap,NOTE1,internal,varID,CRWFL3,,0.0,,
Upper left body flap,NOTE1,internal,varID,CRWFL,,0.0,,
Upper left body flap,NOTE1,internal,varID,CNWFL0,,0.0,,
Upper left body flap,NOTE1,internal,varID,CNWFL1,,0.0,,
Upper left body flap,NOTE1,internal,varID,CNWFL2,,0.0,,
Upper left body flap,NOTE1,internal,varID,CNWFL3,,0.0,,
Upper left body flap,NOTE1,internal,varID,CNWFL,,0.0,,
Upper left body flap,NOTE1,internal,varID,CLWFR0,,0.0,,
Upper left body flap,NOTE1,internal,varID,CLWFR1,,0.0,,
Upper left body flap,NOTE1,internal,varID,CLWFR2,,0.0,,
Upper left body flap,NOTE1,internal,varID,CLWFR3,,0.0,,
Upper left body flap,NOTE1,internal,varID,CLWFR,,0.0,,
Upper left body flap,NOTE1,internal,varID,CDWFR0,,0.0,,
Upper left body flap,NOTE1,internal,varID,CDWFR1,,0.0,,
Upper left body flap,NOTE1,internal,varID,CDWFR2,,0.0,,
Upper left body flap,NOTE1,internal,varID,CDWFR3,,0.0,,
Upper left body flap,NOTE1,internal,varID,CDWFR,,0.0,,
Upper left body flap,NOTE1,internal,varID,CMWFR0,,0.0,,
Upper left body flap,NOTE1,internal,varID,CMWFR1,,0.0,,
Upper left body flap,NOTE1,internal,varID,CMWFR2,,0.0,,
Upper left body flap,NOTE1,internal,varID,CMWFR3,,0.0,,
Upper left body flap,NOTE1,internal,varID,CMWFR,,0.0,,
Upper left body flap,NOTE1,internal,varID,CYWFR0,,0.0,,
Upper left body flap,NOTE1,internal,varID,CYWFR1,,0.0,,
Upper left body flap,NOTE1,internal,varID,CYWFR2,,0.0,,
Upper left body flap,NOTE1,internal,varID,CYWFR3,,0.0,,
Upper left body flap,NOTE1,internal,varID,CYWFR,,-0.0,,
Upper left body flap,NOTE1,internal,varID,CRWFR0,,0.0,,
Upper left body flap,NOTE1,internal,varID,CRWFR1,,0.0,,
Upper left body flap,NOTE1,internal,varID,CRWFR2,,0.0,,
Upper left body flap,NOTE1,internal,varID,CRWFR3,,0.0,,
Upper left body flap,NOTE1,internal,varID,CRWFR,,-0.0,,
Upper left body flap,NOTE1,internal,varID,CNWFR0,,0.0,,
Upper left body flap,NOTE1,internal,varID,CNWFR1,,0.0,,
Upper left body flap,NOTE1,internal,varID,CNWFR2,,0.0,,
Upper left body flap,NOTE1,internal,varID,CNWFR3,,0.0,,
Upper left body flap,NOTE1,internal,varID,CNWFR,,-0.0,,
Upper left body flap,NOTE1,internal,varID,CLLG0,,0.0,,
Upper left body flap,NOTE1,internal,varID,CLLG1,,0.0,,
Upper left body flap,NOTE1,internal,varID,CLLG2,,0.0,,
Upper left body flap,NOTE1,internal,varID,CLLG3,,0.0,,
Upper left body flap,NOTE1,internal,varID,CLLG,,0.0,,
Upper left body flap,NOTE1,internal,varID,CDLG0,,0.0,,
Upper left body flap,NOTE1,internal,varID,CDLG1,,0.0,,
Upper left body flap,NOTE1,internal,varID,CDLG2,,0.0,,
Upper left body flap,NOTE1,internal,varID,CDLG3,,0.0,,
Upper left body flap,NOTE1,internal,varID,CDLG,,0.0,,
Upper left body flap,NOTE1,internal,varID,CMLG0,,0.0,,
Upper left body flap,NOTE1,internal,varID,CMLG1,,0.0,,
Upper left body flap,NOTE1,internal,varID,CMLG2,,0.0,,
Upper left body flap,NOTE1,internal,varID,CMLG3,,0.0,,
Upper left body flap,NOTE1,internal,varID,CMLG,,0.0,,
Upper left body flap,NOTE1,internal,varID,CYLG0,,0.0,,
Upper left body flap,NOTE1,internal,varID,CYLG1,,0.0,,
Upper left body flap,NOTE1,internal,varID,CYLG2,,0.0,,
Upper left body flap,NOTE1,internal,varID,CYLG3,,0.0,,
Upper left body flap,NOTE1,internal,varID,CYLG,,0.0,,
Upper left body flap,NOTE1,internal,varID,CRLG0,,0.0,,
Upper left body flap,NOTE1,internal,varID,CRLG1,,0.0,,
Upper left body flap,NOTE1,internal,varID,CRLG2,,0.0,,
Upper left body flap,NOTE1,internal,varID,CRLG3,,0.0,,
Upper left body flap,NOTE1,internal,varID,CRLG,,0.0,,
Upper left body flap,NOTE1,internal,varID,CNLG0,,0.0,,
Upper left body flap,NOTE1,internal,varID,CNLG1,,0.0,,
Upper left body flap,NOTE1,internal,varID,CNLG2,,0.0,,
Upper left body flap,NOTE1,internal,varID,CNLG3,,0.0,,
Upper left body flap,NOTE1,internal,varID,CNLG,,0.0,,
Upper left body flap,NOTE1,internal,varID,CLGE0,,0.0,,
Upper left body flap,NOTE1,internal,varID,CLGE1,,0.0,,
Upper left body flap,NOTE1,internal,varID,CLGE2,,0.0,,
Upper left body flap,NOTE1,internal,varID,CLGE3,,0.0,,
Upper left body flap,NOTE1,internal,varID,CLGE,,0.0,,
Upper left body flap,NOTE1,internal,varID,CDGE0,,0.0,,
Upper left body flap,NOTE1,internal,varID,CDGE1,,0.0,,
Upper left body flap,NOTE1,internal,varID,CDGE2,,0.0,,
Upper left body flap,NOTE1,internal,varID,CDGE3,,0.0,,
Upper left body flap,NOTE1,internal,varID,CDGE,,0.0,,
Upper left body flap,NOTE1,internal,varID,CMGE0,,0.0,,
Upper left body flap,NOTE1,internal,varID,CMGE1,,0.0,,
Upper left body flap,NOTE1,internal,varID,CMGE2,,0.0,,
Upper left body flap,NOTE1,internal,varID,CMGE3,,0.0,,
Upper left body flap,NOTE1,internal,varID,CMGE,,0.0,,
Upper left body flap,NOTE1,internal,varID,CYGE0,,0.0,,
Upper left body flap,NOTE1,internal,varID,CYGE1,,0.0,,
Upper left body flap,NOTE1,internal,varID,CYGE2,,0.0,,
Upper left body flap,NOTE1,internal,varID,CYGE3,,0.0,,
Upper left body flap,NOTE1,internal,varID,CYGE,,0.0,,
Upper left body flap,NOTE1,internal,varID,CRGE0,,0.0,,
Upper left body flap,NOTE1,internal,varID,CRGE1,,0.0,,
Upper left body flap,NOTE1,internal,varID,CRGE2,,0.0,,
Upper left body flap,NOTE1,internal,varID,CRGE3,,0.0,,
Upper left body flap,NOTE1,internal,varID,CRGE,,0.0,,
Upper left body flap,NOTE1,internal,varID,CNGE0,,0.0,,
Upper left body flap,NOTE1,internal,varID,CNGE1,,0.0,,
Upper left body flap,NOTE1,internal,varID,CNGE2,,0.0,,
Upper left body flap,NOTE1,internal,varID,CNGE3,,0.0,,
Upper left body flap,NOTE1,internal,varID,CNGE,,0.0,,
Upper left body flap,NOTE1,internal,varID,sCYRUD,,0.0,,
Upper left body flap,NOTE1,internal,varID,sCRRUD,,0.0,,
Upper left body flap,NOTE1,internal,varID,sCNRUD,,0.0,,
Upper left body flap,NOTE1,internal,varID,CMQ,,-0.155988326714,,
Upper left body flap,NOTE1,internal,varID,CNP,,0.24752343178,,
Upper left body flap,NOTE1,internal,varID,CNR,,-0.8981111534383,,
Upper left body flap,NOTE1,internal,varID,CLP,,-0.506429680738,,
Upper left body flap,NOTE1,internal,varID,CLR,,0.72926521693,,
Upper left body flap,NOTE1,internal,varID,CL,,0.3319618217879232,,
Upper left body flap,NOTE1,internal,varID,CD,,0.10983286688909741,,
Upper left body flap,NOTE1,internal,varID,CM,,0.006881325202239712,,
Upper left body flap,NOTE1,internal,varID,CY,,0.00775956222278941,,
Upper left body flap,NOTE1,internal,varID,CN,,-0.0021090553931372596,,
Upper left body flap,NOTE1,internal,varID,CR,,-0.0033935941062720673,,
Upper left body flap,NOTE1,output,signalName,referenceWingChord,f,28.24,1e-06,
Upper left body flap,NOTE1,output,signalName,referenceWingSpan,f,13.89,1e-06,
Upper left body flap,NOTE1,output,signalName,referenceWingArea,f2,286.45,1e-06,
Upper left body flap,NOTE1,output,signalName,vrsPositionOfMrc_X,fracMAC,0.54,1e-06,
Upper left body flap,NOTE1,output,signalName,totalCoefficientOfLift,nd,0.331961810589,1e-06,
Upper left body flap,NOTE1,output,signalName,totalCoefficientOfDrag,nd,0.10983286798,1e-06,
Upper left body flap,NOTE1,output,signalName,aeroBodyForceCoefficient_Y,nd,0.007759563625,1e-06,
Upper left body flap,NOTE1,output,signalName,aeroBodyMomentCoefficient_Roll,nd,-0.003393595107,1e-06,
Upper left body flap,NOTE1,output,signalName,aeroBodyMomentCoefficient_Pitch,nd,0.006881327368,1e-06,
Upper left body flap,NOTE1,output,signalName,aeroBodyMomentCoefficient_Yaw,nd,-0.002109055407,1e-06,
Symmetric upper body flap,NOTE1,input,signalName,angleOfAttack,deg,10.3,,
Symmetric upper body flap,NOTE1,input,signalName,angleOfSideslip,deg,0.0,,
Symmetric upper body flap,NOTE1,input,signalName,mach,nd,0.8,,
Symmetric upper body flap,NOTE1,input,signalName,trueAirspeed,f_s,240.0,,
Symmetric upper body flap,NOTE1,input,signalName,heightOfCgWrtRwy,f,20000.0,,
Symmetric upper body flap,NOTE1,input,signalName,bodyAngularRate_Roll,rad_s,0.0,,
Symmetric upper body flap,NOTE1,input,signalName,bodyAngularRate_Pitch,rad_s,0.0,,
Symmetric upper body flap,NOTE1,input,signalName,bodyAngularRate_Yaw,rad_s,0.0,,
Symmetric upper body flap,NOTE1,input,signalName,upperLeftBodyFlapDeflection,deg,-15.47,,
Symmetric upper body flap,NOTE1,input,signalName,upperRightBodyFlapDeflection,deg,-15.47,,
Symmetric upper body flap,NOTE1,input,signalName,lowerLeftBodyFlapDeflection,deg,0.0,,
Symmetric upper body flap,NOTE1,input,signalName,lowerRightBodyFlapDeflection,deg,0.0,,
Symmetric upper body flap,NOTE1,input,signalName,leftWingFlapDeflection,deg,0.0,,
Symmetric upper body flap,NOTE1,input,signalName,rightWingFlapDeflection,deg,0.0,,
Symmetric upper body flap,NOTE1,input,signalName,rudderDeflection,deg,0.0,,
Symmetric upper body flap,NOTE1,input,signalName,landingGearExtension,deg,0.0,,
Symmetric upper body flap,NOTE1,internal,varID,ALP,,10.3,,
Symmetric upper body flap,NOTE1,internal,varID,BETA,,0.0,,
Symmetric upper body flap,NOTE1,internal,varID,XMACH,,0.8,,
Symmetric upper body flap,NOTE1,internal,varID,PB,,0.0,,
Symmetric upper body flap,NOTE1,internal,varID,QB,,0.0,,
Symmetric upper body flap,NOTE1,internal,varID,RB,,0.0,,
Symmetric upper body flap,NOTE1,internal,varID,VRW,,240.0,,
Symmetric upper body flap,NOTE1,internal,varID,H_rwy,,20000.0,,
Symmetric upper body flap,NOTE1,internal,varID,DBFUL,,-15.47,,
Symmetric upper body flap,NOTE1,internal,varID,DBFUR,,-15.47,,
Symmetric upper body flap,NOTE1,internal,varID,DBFLL,,0.0,,
Symmetric upper body flap,NOTE1,internal,varID,DBFLR,,0.0,,
Symmetric upper body flap,NOTE1,internal,varID,DWFL,,0.0,,
Symmetric upper body flap,NOTE1,internal,varID,DWFR,,0.0,,
Symmetric upper body flap,NOTE1,internal,varID,DRUD,,0.0,,
Symmetric upper body flap,NOTE1,internal,varID,DLG,,0.0,,
Symmetric upper body flap,NOTE1,internal,varID,CBAR,,28.24,,
Symmetric upper body flap,NOTE1,internal,varID,BSPAN,,13.89,,
Symmetric upper body flap,NOTE1,internal,varID,SWING,,286.45,,
Symmetric upper body flap,NOTE1,internal,varID,XRP,,0.54,,
Symmetric upper body flap,NOTE1,internal,varID,CMQ0,,-0.22364,,
Symmetric upper body flap,NOTE1,internal,varID,CMQ1,,0.020457,,
Symmetric upper body flap,NOTE1,internal,varID,CMQ2,,-0.0016741,,
Symmetric upper body flap,NOTE1,internal,varID,CMQ3,,3.1618e-05,,
Symmetric upper body flap,NOTE1,internal,varID,CNP0,,0.40031,,
Symmetric upper body flap,NOTE1,internal,varID,CNP1,,-0.015518,,
Symmetric upper body flap,NOTE1,internal,varID,CNP2,,-0.00012143,,
Symmetric upper body flap,NOTE1,internal,varID,CNP3,,1.824e-05,,
Symmetric upper body flap,NOTE1,internal,varID,CNR0,,-0.79533,,
Symmetric upper body flap,NOTE1,internal,varID,CNR1,,-0.012647,,
Symmetric upper body flap,NOTE1,internal,varID,CNR2,,0.00032696,,
Symmetric upper body flap,NOTE1,internal,varID,CNR3,,-6.5929e-06,,
Symmetric upper body flap,NOTE1,internal,varID,CLP0,,-0.55242,,
Symmetric upper body flap,NOTE1,internal,varID,CLP1,,0.014478,,
Symmetric upper body flap,NOTE1,internal,varID,CLP2,,-0.0011545,,
Symmetric upper body flap,NOTE1,internal,varID,CLP3,,1.7706e-05,,
Symmetric upper body flap,NOTE1,internal,varID,CLR0,,0.44685,,
Symmetric upper body flap,NOTE1,internal,varID,CLR1,,0.067411,,
Symmetric upper body flap,NOTE1,internal,varID,CLR2,,-0.0051866,,
Symmetric upper body flap,NOTE1,internal,varID,CLR3,,0.00012659,,
Symmetric upper body flap,NOTE1,internal,varID,abs_rud,,0.0,,
Symmetric upper body flap,NOTE1,internal,varID,HOB,,1439.8848092152627,,
Symmetric upper body flap,NOTE1,internal,varID,PBO2V,,0.0,,
Symmetric upper body flap,NOTE1,internal,varID,QCO2V,,0.0,,
Symmetric upper body flap,NOTE1,internal,varID,RBO2V,,0.0,,
Symmetric upper body flap,NOTE1,internal,varID,CL0A0,,-0.073425,,
Symmetric upper body flap,NOTE1,internal,varID,CL0A1,,0.043347,,
Symmetric upper body flap,NOTE1,internal,varID,CL0A2,,0.00012122,,
Symmetric upper body flap,NOTE1,internal,varID,CL0A3,,-1.5927e-05,,
Symmetric upper body flap,NOTE1,internal,varID,CL0,,0.368505466871,,
Symmetric upper body flap,NOTE1,internal,varID,CD0A0,,0.060114,,
Symmetric upper body flap,NOTE1,internal,varID,CD0A1,,-0.002439,,
Symmetric upper body flap,NOTE1,internal,varID,CD0A2,,0.00080564,,
Symmetric upper body flap,NOTE1,internal,varID,CD0A3,,-8.387e-06,,
Symmetric upper body flap,NOTE1,internal,varID,CD0,,0.11129794625100001,,
Symmetric upper body flap,NOTE1,internal,varID,CM0A0,,0.025129,,
Symmetric upper body flap,NOTE1,internal,varID,CM0A1,,-0.0030512,,
Symmetric upper body flap,NOTE1,internal,varID,CM0A2,,-4.8533e-05,,
Symmetric upper body flap,NOTE1,internal,varID,CM0A3,,4.6453e-06,,
Symmetric upper body flap,NOTE1,internal,varID,CM0,,-0.006371181236900003,,
Symmetric upper body flap,NOTE1,internal,varID,CY0A0,,-0.013313,,
Symmetric upper body flap,NOTE1,internal,varID,CY0A1,,-0.00013917,,
Symmetric upper body flap,NOTE1,internal,varID,CY0A2,,1.604e-05,,
Symmetric upper body flap,NOTE1,internal,varID,CY0A3,,-1.4751e-07,,
Symmetric upper body flap,NOTE1,internal,varID,CYB,,-0.013205955559770001,,
Symmetric upper body flap,NOTE1,internal,varID,CR0A0,,-0.0063969,,
Symmetric upper body flap,NOTE1,internal,varID,CR0A1,,-0.00049202,,
Symmetric upper body flap,NOTE1,internal,varID,CR0A2,,2.8527e-05,,
Symmetric upper body flap,NOTE1,internal,varID,CR0A3,,-3.0272e-07,,
Symmetric upper body flap,NOTE1,internal,varID,CRB,,-0.008769066887439999,,
Symmetric upper body flap,NOTE1,internal,varID,CN0A0,,0.0030814,,
Symmetric upper body flap,NOTE1,internal,varID,CN0A1,,0.00011705,,
Symmetric upper body flap,NOTE1,internal,varID,CN0A2,,-2.2768e-06,,
Symmetric upper body flap,NOTE1,internal,varID,CN0A3,,-2.9912e-07,,
Symmetric upper body flap,NOTE1,internal,varID,CNB,,0.00371861278776,,
Symmetric upper body flap,NOTE1,internal,varID,CLRUD0,,0.0,,
Symmetric upper body flap,NOTE1,internal,varID,CLRUD1,,0.0,,
Symmetric upper body flap,NOTE1,internal,varID,CLRUD2,,0.0,,
Symmetric upper body flap,NOTE1,internal,varID,CLRUD3,,0.0,,
Symmetric upper body flap,NOTE1,internal,varID,CLRUD,,0.0,,
Symmetric upper body flap,NOTE1,internal,varID,CDRUD0,,0.0,,
Symmetric upper body flap,NOTE1,internal,varID,CDRUD1,,0.0,,
Symmetric upper body flap,NOTE1,internal,varID,CDRUD2,,0.0,,
Symmetric upper body flap,NOTE1,internal,varID,CDRUD3,,0.0,,
Symmetric upper body flap,NOTE1,internal,varID,CDRUD,,0.0,,
Symmetric upper body flap,NOTE1,internal,varID,CMRUD0,,0.0,,
Symmetric upper body flap,NOTE1,internal,varID,CMRUD1,,0.0,,
Symmetric upper body flap,NOTE1,internal,varID,CMRUD2,,0.0,,
Symmetric upper body flap,NOTE1,internal,varID,CMRUD3,,0.0,,
Symmetric upper body flap,NOTE1,internal,varID,CMRUD,,0.0,,
Symmetric upper body flap,NOTE1,internal,varID,CYRUD0,,0.0,,
Symmetric upper body flap,NOTE1,internal,varID,CYRUD1,,0.0,,
Symmetric upper body flap,NOTE1,internal,varID,CYRUD2,,0.0,,
Symmetric upper body flap,NOTE1,internal,varID,CYRUD3,,0.0,,
Symmetric upper body flap,NOTE1,internal,varID,CYRUD,,0.0,,
Symmetric upper body flap,NOTE1,internal,varID,CRRUD0,,0.0,,
Symmetric upper body flap,NOTE1,internal,varID,CRRUD1,,0.0,,
Symmetric upper body flap,NOTE1,internal,varID,CRRUD2,,0.0,,
Symmetric upper body flap,NOTE1,internal,varID,CRRUD3,,0.0,,
Symmetric upper body flap,NOTE1,internal,varID,CRRUD,,0.0,,
Symmetric upper body flap,NOTE1,internal,varID,CNRUD0,,0.0,,
Symmetric upper body flap,NOTE1,internal,varID,CNRUD1,,0.0,,
Symmetric upper body flap,NOTE1,internal,varID,CNRUD2,,0.0,,
Symmetric upper body flap,NOTE1,internal,varID,CNRUD3,,0.0,,
Symmetric upper body flap,NOTE1,internal,varID,CNRUD,,0.0,,
Symmetric upper body flap,NOTE1,internal,varID,CLBFLL0,,0.0,,
Symmetric upper body flap,NOTE1,internal,varID,CLBFLL1,,0.0,,
Symmetric upper body flap,NOTE1,internal,varID,CLBFLL2,,0.0,,
Symmetric upper body flap,NOTE1,internal,varID,CLBFLL3,,0.0,,
Symmetric upper body flap,NOTE1,internal,varID,CLBFLL,,0.0,,
Symmetric upper body flap,NOTE1,internal,varID,CDBFLL0,,0.0,,
Symmetric upper body flap,NOTE1,internal,varID,CDBFLL1,,0.0,,
Symmetric upper body flap,NOTE1,internal,varID,CDBFLL2,,0.0,,
Symmetric upper body flap,NOTE1,internal,varID,CDBFLL3,,0.0,,
Symmetric upper body flap,NOTE1,internal,varID,CDBFLL,,0.0,,
Symmetric upper body flap,NOTE1,internal,varID,CMBFLL0,,0.0,,
Symmetric upper body flap,NOTE1,internal,varID,CMBFLL1,,0.0,,
Symmetric upper body flap,NOTE1,internal,varID,CMBFLL2,,0.0,,
Symmetric upper body flap,NOTE1,internal,varID,CMBFLL3,,0.0,,
Symmetric upper body flap,NOTE1,internal,varID,CMBFLL,,0.0,,
Symmetric upper body flap,NOTE1,internal,varID,CYBFLL0,,0.0,,
Symmetric upper body flap,NOTE1,internal,varID,CYBFLL1,,0.0,,
Symmetric upper body flap,NOTE1,internal,varID,CYBFLL2,,0.0,,
Symmetric upper body flap,NOTE1,internal,varID,CYBFLL3,,0.0,,
Symmetric upper body flap,NOTE1,internal,varID,CYBFLL,,0.0,,
Symmetric upper body flap,NOTE1,internal,varID,CRBFLL0,,0.0,,
Symmetric upper body flap,NOTE1,internal,varID,CRBFLL1,,0.0,,
Symmetric upper body flap,NOTE1,internal,varID,CRBFLL2,,0.0,,
Symmetric upper body flap,NOTE1,internal,varID,CRBFLL3,,0.0,,
Symmetric upper body flap,NOTE1,internal,varID,CRBFLL,,0.0,,
Symmetric upper body flap,NOTE1,internal,varID,CNBFLL0,,0.0,,
Symmetric upper body flap,NOTE1,internal,varID,CNBFLL1,,0.0,,
Symmetric upper body flap,NOTE1,internal,varID,CNBFLL2,,0.0,,
Symmetric upper body flap,NOTE1,internal,varID,CNBFLL3,,0.0,,
Symmetric upper body flap,NOTE1,internal,varID,CNBFLL,,0.0,,
Symmetric upper body flap,NOTE1,internal,varID,CLBFLR0,,0.0,,
Symmetric upper body flap,NOTE1,internal,varID,CLBFLR1,,0.0,,
Symmetric upper body flap,NOTE1,internal,varID,CLBFLR2,,0.0,,
Symmetric upper body flap,NOTE1,internal,varID,CLBFLR3,,0.0,,
Symmetric upper body flap,NOTE1,internal,varID,CLBFLR,,0.0,,
Symmetric upper body flap,NOTE1,internal,varID,CDBFLR0,,0.0,,
Symmetric upper body flap,NOTE1,internal,varID,CDBFLR1,,0.0,,
Symmetric upper body flap,NOTE1,internal,varID,CDBFLR2,,0.0,,
Symmetric upper body flap,NOTE1,internal,varID,CDBFLR3,,0.0,,
Symmetric upper body flap,NOTE1,internal,varID,CDBFLR,,0.0,,
Symmetric upper body flap,NOTE1,internal,varID,CMBFLR0,,0.0,,
Symmetric upper body flap,NOTE1,internal,varID,CMBFLR1,,0.0,,
Symmetric upper body flap,NOTE1,internal,varID,CMBFLR2,,0.0,,
Symmetric upper body flap,NOTE1,internal,varID,CMBFLR3,,0.0,,
Symmetric upper body flap,NOTE1,internal,varID,CMBFLR,,0.0,,
Symmetric upper body flap,NOTE1,internal,varID,CYBFLR0,,0.0,,
Symmetric upper body flap,NOTE1,internal,varID,CYBFLR1,,0.0,,
Symmetric upper body flap,NOTE1,internal,varID,CYBFLR2,,0.0,,
Symmetric upper body flap,NOTE1,internal,varID,CYBFLR3,,0.0,,
Symmetric upper body flap,NOTE1,internal,varID,CYBFLR,,-0.0,,
Symmetric upper body flap,NOTE1,internal,varID,CRBFLR0,,0.0,,
Symmetric upper body flap,NOTE1,internal,varID,CRBFLR1,,0.0,,
Symmetric upper body flap,NOTE1,internal,varID,CRBFLR2,,0.0,,
Symmetric upper body flap,NOTE1,internal,varID,CRBFLR3,,0.0,,
Symmetric upper body flap,NOTE1,internal,varID,CRBFLR,,-0.0,,
Symmetric upper body flap,NOTE1,internal,varID,CNBFLR0,,0.0,,
Symmetric upper body flap,NOTE1,internal,varID,CNBFLR1,,0.0,,
Symmetric upper body flap,NOTE1,internal,varID,CNBFLR2,,0.0,,
Symmetric upper body flap,NOTE1,internal,varID,CNBFLR3,,0.0,,
Symmetric upper body flap,NOTE1,internal,varID,CNBFLR,,-0.0,,
Symmetric upper body flap,NOTE1,internal,varID,CLBFUL0,,-0.06762536,,
Symmetric upper body flap,NOTE1,internal,varID,CLBFUL1,,0.006673296933333334,,
Symmetric upper body flap,NOTE1,internal,varID,CLBFUL2,,-0.00044182399333333333,,
Symmetric upper body flap,NOTE1,internal,varID,CLBFUL3,,8.4374816e-06,,
Symmetric upper body flap,NOTE1,internal,varID,CLBFUL,,-0.03654364508307679,,
Symmetric upper body flap,NOTE1,internal,varID,CDBFUL0,,0.004101006733333336,,
Symmetric upper body flap,NOTE1,internal,varID,CDBFUL1,,-0.00045433871333333336,,
Symmetric upper body flap,NOTE1,internal,varID,CDBFUL2,,-6.4552778666666656e-06,,
Symmetric upper body flap,NOTE1,internal,varID,CDBFUL3,,-1.8445313333333332e-07,,
Symmetric upper body flap,NOTE1,internal,varID,CDBFUL,,-0.0014650793619025975,,
Symmetric upper body flap,NOTE1,internal,varID,CMBFUL0,,0.015511636666666669,,
Symmetric upper body flap,NOTE1,internal,varID,CMBFUL1,,-0.00021831943333333332,,
Symmetric upper body flap,NOTE1,internal,varID,CMBFUL2,,-4.25232833333334e-06,,
Symmetric upper body flap,NOTE1,internal,varID,CMBFUL3,,4.0329327333333337e-07,,
Symmetric upper body flap,NOTE1,internal,varID,CMBFUL,,0.013252506439139715,,
Symmetric upper body flap,NOTE1,internal,varID,CYBFUL0,,-0.006756022599999997,,
Symmetric upper body flap,NOTE1,internal,varID,CYBFUL1,,0.0027087246,,
Symmetric upper body flap,NOTE1,internal,varID,CYBFUL2,,-0.00014725031933333332,,
Symmetric upper body flap,NOTE1,internal,varID,CYBFUL3,,2.04763662e-06,,
Symmetric upper body flap,NOTE1,internal,varID,CYBFUL,,0.00775956222278941,,
Symmetric upper body flap,NOTE1,internal,varID,CRBFUL0,,-0.012698273333333333,,
Symmetric upper body flap,NOTE1,internal,varID,CRBFUL1,,0.0018840996399999998,,
Symmetric upper body flap,NOTE1,internal,varID,CRBFUL2,,-0.000109618708,,
Symmetric upper body flap,NOTE1,internal,varID,CRBFUL3,,1.3982464666666664e-06,,
Symmetric upper body flap,NOTE1,internal,varID,CRBFUL,,-0.0033935941062720673,,
Symmetric upper body flap,NOTE1,internal,varID,CNBFUL0,,0.0003682073333333329,,
Symmetric upper body flap,NOTE1,internal,varID,CNBFUL1,,-0.00044550968666666664,,
Symmetric upper body flap,NOTE1,internal,varID,CNBFUL2,,2.112468686666667e-05,,
Symmetric upper body flap,NOTE1,internal,varID,CNBFUL3,,-1.1863071333333334e-07,,
Symmetric upper body flap,NOTE1,internal,varID,CNBFUL,,-0.0021090553931372596,,
Symmetric upper body flap,NOTE1,internal,varID,CLBFUR0,,-0.06762536,,
Symmetric upper body flap,NOTE1,internal,varID,CLBFUR1,,0.006673296933333334,,
Symmetric upper body flap,NOTE1,internal,varID,CLBFUR2,,-0.00044182399333333333,,
Symmetric upper body flap,NOTE1,internal,varID,CLBFUR3,,8.4374816e-06,,
Symmetric upper body flap,NOTE1,internal,varID,CLBFUR,,-0.03654364508307679,,
Symmetric upper body flap,NOTE1,internal,varID,CDBFUR0,,0.004101006733333336,,
Symmetric upper body flap,NOTE1,internal,varID,CDBFUR1,,-0.00045433871333333336,,
Symmetric upper body flap,NOTE1,internal,varID,CDBFUR2,,-6.4552778666666656e-06,,
Symmetric upper body flap,NOTE1,internal,varID,CDBFUR3,,-1.8445313333333332e-07,,
Symmetric upper body flap,NOTE1,internal,varID,CDBFUR,,-0.0014650793619025975,,
Symmetric upper body flap,NOTE1,internal,varID,CMBFUR0,,0.015511636666666669,,
Symmetric upper body flap,NOTE1,internal,varID,CMBFUR1,,-0.00021831943333333332,,
Symmetric upper body flap,NOTE1,internal,varID,CMBFUR2,,-4.25232833333334e-06,,
Symmetric upper body flap,NOTE1,internal,varID,CMBFUR3,,4.0329327333333337e-07,,
Symmetric upper body flap,NOTE1,internal,varID,CMBFUR,,0.013252506439139715,,
Symmetric upper body flap,NOTE1,internal,varID,CYBFUR0,,-0.006756022599999997,,
Symmetric upper body flap,NOTE1,internal,varID,CYBFUR1,,0.0027087246,,
Symmetric upper body flap,NOTE1,internal,varID,CYBFUR2,,-0.00014725031933333332,,
Symmetric upper body flap,NOTE1,internal,varID,CYBFUR3,,2.04763662e-06,,
Symmetric upper body flap,NOTE1,internal,varID,CYBFUR,,-0.00775956222278941,,
Symmetric upper body flap,NOTE1,internal,varID,CRBFUR0,,-0.012698273333333333,,
Symmetric upper body flap,NOTE1,internal,varID,CRBFUR1,,0.0018840996399999998,,
Symmetric upper body flap,NOTE1,internal,varID,CRBFUR2,,-0.000109618708,,
Symmetric upper body flap,NOTE1,internal,varID,CRBFUR3,,1.3982464666666664e-06,,
Symmetric upper body flap,NOTE1,internal,varID,CRBFUR,,0.0033935941062720673,,
Symmetric upper body flap,NOTE1,internal,varID,CNBFUR0,,0.0003682073333333329,,
Symmetric upper body flap,NOTE1,internal,varID,CNBFUR1,,-0.00044550968666666664,,
Symmetric upper body flap,NOTE1,internal,varID,CNBFUR2,,2.112468686666667e-05,,
Symmetric upper body flap,NOTE1,internal,varID,CNBFUR3,,-1.1863071333333334e-07,,
Symmetric upper body flap,NOTE1,internal,varID,CNBFUR,,0.0021090553931372596,,
Symmetric upper body flap,NOTE1,internal,varID,CLWFL0,,0.0,,
Symmetric upper body flap,NOTE1,internal,varID,CLWFL1,,0.0,,
Symmetric upper body flap,NOTE1,internal,varID,CLWFL2,,0.0,,
Symmetric upper body flap,NOTE1,internal,varID,CLWFL3,,0.0,,
Symmetric upper body flap,NOTE1,internal,varID,CLWFL,,0.0,,
Symmetric upper body flap,NOTE1,internal,varID,CDWFL0,,0.0,,
Symmetric upper body flap,NOTE1,internal,varID,CDWFL1,,0.0,,
Symmetric upper body flap,NOTE1,internal,varID,CDWFL2,,0.0,,
Symmetric upper body flap,NOTE1,internal,varID,CDWFL3,,0.0,,
Symmetric upper body flap,NOTE1,internal,varID,CDWFL,,0.0,,
Symmetric upper body flap,NOTE1,internal,varID,CMWFL0,,0.0,,
Symmetric upper body flap,NOTE1,internal,varID,CMWFL1,,0.0,,
Symmetric upper body flap,NOTE1,internal,varID,CMWFL2,,0.0,,
Symmetric upper body flap,NOTE1,internal,varID,CMWFL3,,0.0,,
Symmetric upper body flap,NOTE1,internal,varID,CMWFL,,0.0,,
Symmetric upper body flap,NOTE1,internal,varID,CYWFL0,,0.0,,
Symmetric upper body flap,NOTE1,internal,varID,CYWFL1,,0.0,,
Symmetric upper body flap,NOTE1,internal,varID,CYWFL2,,0.0,,
Symmetric upper body flap,NOTE1,internal,varID,CYWFL3,,0.0,,
Symmetric upper body flap,NOTE1,internal,varID,CYWFL,,0.0,,
Symmetric upper body flap,NOTE1,internal,varID,CRWFL0,,0.0,,
Symmetric upper body flap,NOTE1,internal,varID,CRWFL1,,0.0,,
Symmetric upper body flap,NOTE1,internal,varID,CRWFL2,,0.0,,
Symmetric upper body flap,NOTE1,internal,varID,CRWFL3,,0.0,,
Symmetric upper body flap,NOTE1,internal,varID,CRWFL,,0.0,,
Symmetric upper body flap,NOTE1,internal,varID,CNWFL0,,0.0,,
Symmetric upper body flap,NOTE1,internal,varID,CNWFL1,,0.0,,
Symmetric upper body flap,NOTE1,internal,varID,CNWFL2,,0.0,,
Symmetric upper body flap,NOTE1,internal,varID,CNWFL3,,0.0,,
Symmetric upper body flap,NOTE1,internal,varID,CNWFL,,0.0,,
Symmetric upper body flap,NOTE1,internal,varID,CLWFR0,,0.0,,
Symmetric upper body flap,NOTE1,internal,varID,CLWFR1,,0.0,,
Symmetric upper body flap,NOTE1,internal,varID,CLWFR2,,0.0,,
Symmetric upper body flap,NOTE1,internal,varID,CLWFR3,,0.0,,
Symmetric upper body flap,NOTE1,internal,varID,CLWFR,,0.0,,
Symmetric upper body flap,NOTE1,internal,varID,CDWFR0,,0.0,,
Symmetric upper body flap,NOTE1,internal,varID,CDWFR1,,0.0,,
Symmetric upper body flap,NOTE1,internal,varID,CDWFR2,,0.0,,
Symmetric upper body flap,NOTE1,internal,varID,CDWFR3,,0.0,,
Symmetric upper body flap,NOTE1,internal,varID,CDWFR,,0.0,,
Symmetric upper body flap,NOTE1,internal,varID,CMWFR0,,0.0,,
Symmetric upper body flap,NOTE1,internal,varID,CMWFR1,,0.0,,
Symmetric upper body flap,NOTE1,internal,varID,CMWFR2,,0.0,,
Symmetric upper body flap,NOTE1,internal,varID,CMWFR3,,0.0,,
Symmetric upper body flap,NOTE1,internal,varID,CMWFR,,0.0,,
Symmetric upper body flap,NOTE1,internal,varID,CYWFR0,,0.0,,
Symmetric upper body flap,NOTE1,internal,varID,CYWFR1,,0.0,,
Symmetric upper body flap,NOTE1,internal,varID,CYWFR2,,0.0,,
Symmetric upper body flap,NOTE1,internal,varID,CYWFR3,,0.0,,
Symmetric upper body flap,NOTE1,internal,varID,CYWFR,,-0.0,,
Symmetric upper body flap,NOTE1,internal,varID,CRWFR0,,0.0,,
Symmetric upper body flap,NOTE1,internal,varID,CRWFR1,,0.0,,
Symmetric upper body flap,NOTE1,internal,varID,CRWFR2,,0.0,,
Symmetric upper body flap,NOTE1,internal,varID,CRWFR3,,0.0,,
Symmetric upper body flap,NOTE1,internal,varID,CRWFR,,-0.0,,
Symmetric upper body flap,NOTE1,internal,varID,CNWFR0,,0.0,,
Symmetric upper body flap,NOTE1,internal,varID,CNWFR1,,0.0,,
Symmetric upper body flap,NOTE1,internal,varID,CNWFR2,,0.0,,
Symmetric upper body flap,NOTE1,internal,varID,CNWFR3,,0.0,,
Symmetric upper body flap,NOTE1,internal,varID,CNWFR,,-0.0,,
Symmetric upper body flap,NOTE1,internal,varID,CLLG0,,0.0,,
Symmetric upper body flap,NOTE1,internal,varID,CLLG1,,0.0,,
Symmetric upper body flap,NOTE1,internal,varID,CLLG2,,0.0,,
Symmetric upper body flap,NOTE1,internal,varID,CLLG3,,0.0,,
Symmetric upper body flap,NOTE1,internal,varID,CLLG,,0.0,,
Symmetric upper body flap,NOTE1,internal,varID,CDLG0,,0.0,,
Symmetric upper body flap,NOTE1,internal,varID,CDLG1,,0.0,,
Symmetric upper body flap,NOTE1,internal,varID,CDLG2,,0.0,,
Symmetric upper body flap,NOTE1,internal,varID,CDLG3,,0.0,,
Symmetric upper body flap,NOTE1,internal,varID,CDLG,,0.0,,
Symmetric upper body flap,NOTE1,internal,varID,CMLG0,,0.0,,
Symmetric upper body flap,NOTE1,internal,varID,CMLG1,,0.0,,
Symmetric upper body flap,NOTE1,internal,varID,CMLG2,,0.0,,
Symmetric upper body flap,NOTE1,internal,varID,CMLG3,,0.0,,
Symmetric upper body flap,NOTE1,internal,varID,CMLG,,0.0,,
Symmetric upper body flap,NOTE1,internal,varID,CYLG0,,0.0,,
Symmetric upper body flap,NOTE1,internal,varID,CYLG1,,0.0,,
Symmetric upper body flap,NOTE1,internal,varID,CYLG2,,0.0,,
Symmetric upper body flap,NOTE1,internal,varID,CYLG3,,0.0,,
Symmetric upper body flap,NOTE1,internal,varID,CYLG,,0.0,,
Symmetric upper body flap,NOTE1,internal,varID,CRLG0,,0.0,,
Symmetric upper body flap,NOTE1,internal,varID,CRLG1,,0.0,,
Symmetric upper body flap,NOTE1,internal,varID,CRLG2,,0.0,,
Symmetric upper body flap,NOTE1,internal,varID,CRLG3,,0.0,,
Symmetric upper body flap,NOTE1,internal,varID,CRLG,,0.0,,
Symmetric upper body flap,NOTE1,internal,varID,CNLG0,,0.0,,
Symmetric upper body flap,NOTE1,internal,varID,CNLG1,,0.0,,
Symmetric upper body flap,NOTE1,internal,varID,CNLG2,,0.0,,
Symmetric upper body flap,NOTE1,internal,varID,CNLG3,,0.0,,
Symmetric upper body flap,NOTE1,internal,varID,CNLG,,0.0,,
Symmetric upper body flap,NOTE1,internal,varID,CLGE0,,0.0,,
Symmetric upper body flap,NOTE1,internal,varID,CLGE1,,0.0,,
Symmetric upper body flap,NOTE1,internal,varID,CLGE2,,0.0,,
Symmetric upper body flap,NOTE1,internal,varID,CLGE3,,0.0,,
Symmetric upper body flap,NOTE1,internal,varID,CLGE,,0.0,,
Symmetric upper body flap,NOTE1,internal,varID,CDGE0,,0.0,,
Symmetric upper body flap,NOTE1,internal,varID,CDGE1,,0.0,,
Symmetric upper body flap,NOTE1,internal,varID,CDGE2,,0.0,,
Symmetric upper body flap,NOTE1,internal,varID,CDGE3,,0.0,,
Symmetric upper body flap,NOTE1,internal,varID,CDGE,,0.0,,
Symmetric upper body flap,NOTE1,internal,varID,CMGE0,,0.0,,
Symmetric upper body flap,NOTE1,internal,varID,CMGE1,,0.0,,
Symmetric upper body flap,NOTE1,internal,varID,CMGE2,,0.0,,
Symmetric upper body flap,NOTE1,internal,varID,CMGE3,,0.0,,
Symmetric upper body flap,NOTE1,internal,varID,CMGE,,0.0,,
Symmetric upper body flap,NOTE1,internal,varID,CYGE0,,0.0,,
Symmetric upper body flap,NOTE1,internal,varID,CYGE1,,0.0,,
Symmetric upper body flap,NOTE1,internal,varID,CYGE2,,0.0,,
Symmetric upper body flap,NOTE1,internal,varID,CYGE3,,0.0,,
Symmetric upper body flap,NOTE1,internal,varID,CYGE,,0.0,,
Symmetric upper body flap,NOTE1,internal,varID,CRGE0,,0.0,,
Symmetric upper body flap,NOTE1,internal,varID,CRGE1,,0.0,,
Symmetric upper body flap,NOTE1,internal,varID,CRGE2,,0.0,,
Symmetric upper body flap,NOTE1,internal,varID,CRGE3,,0.0,,
Symmetric upper body flap,NOTE1,internal,varID,CRGE,,0.0,,
Symmetric upper body flap,NOTE1,internal,varID,CNGE0,,0.0,,
Symmetric upper body flap,NOTE1,internal,varID,CNGE1,,0.0,,
Symmetric upper body flap,NOTE1,internal,varID,CNGE2,,0.0,,
Symmetric upper body flap,NOTE1,internal,varID,CNGE3,,0.0,,
Symmetric upper body flap,NOTE1,internal,varID,CNGE,,0.0,,
Symmetric upper body flap,NOTE1,internal,varID,sCYRUD,,0.0,,
Symmetric upper body flap,NOTE1,internal,varID,sCRRUD,,0.0,,
Symmetric upper body flap,NOTE1,internal,varID,sCNRUD,,0.0,,
Symmetric upper body flap,NOTE1,internal,varID,CMQ,,-0.155988326714,,
Symmetric upper body flap,NOTE1,internal,varID,CNP,,0.24752343178,,
Symmetric upper body flap,NOTE1,internal,varID,CNR,,-0.8981111534383,,
Symmetric upper body flap,NOTE1,internal,varID,CLP,,-0.506429680738,,
Symmetric upper body flap,NOTE1,internal,varID,CLR,,0.72926521693,,
Symmetric upper body flap,NOTE1,internal,varID,CL,,0.29541817670484644,,
Symmetric upper body flap,NOTE1,internal,varID,CD,,0.10836778752719481,,
Symmetric upper body flap,NOTE1,internal,varID,CM,,0.020133831641379427,,
Symmetric upper body flap,NOTE1,internal,varID,CY,,0.0,,
Symmetric upper body flap,NOTE1,internal,varID,CN,,0.0,,
Symmetric upper body flap,NOTE1,internal,varID,CR,,0.0,,
Symmetric upper body flap,NOTE1,output,signalName,referenceWingChord,f,28.24,1e-06,
Symmetric upper body flap,NOTE1,output,signalName,referenceWingSpan,f,13.89,1e-06,
Symmetric upper body flap,NOTE1,output,signalName,referenceWingArea,f2,286.45,1e-06,
Symmetric upper body flap,NOTE1,output,signalName,vrsPositionOfMrc_X,fracMAC,0.54,1e-06,
Symmetric upper body flap,NOTE1,output,signalName,totalCoefficientOfLift,nd,0.295418143272,1e-06,
Symmetric upper body flap,NOTE1,output,signalName,totalCoefficientOfDrag,nd,0.108367785811,1e-06,
Symmetric upper body flap,NOTE1,output,signalName,aeroBodyForceCoefficient_Y,nd,0.0,1e-06,
Symmetric upper body flap,NOTE1,output,signalName,aeroBodyMomentCoefficient_Roll,nd,0.0,1e-06,
Symmetric upper body flap,NOTE1,output,signalName,aeroBodyMomentCoefficient_Pitch,nd,0.020133834332,1e-06,
Symmetric upper body flap,NOTE1,output,signalName,aeroBodyMomentCoefficient_Yaw,nd,0.0,1e-06,
Upper right body flap,NOTE1,input,signalName,angleOfAttack,deg,10.3,,
Upper right body flap,NOTE1,input,signalName,angleOfSideslip,deg,0.0,,
Upper right body flap,NOTE1,input,signalName,mach,nd,0.8,,
Upper right body flap,NOTE1,input,signalName,trueAirspeed,f_s,240.0,,
Upper right body flap,NOTE1,input,signalName,heightOfCgWrtRwy,f,20000.0,,
Upper right body flap,NOTE1,input,signalName,bodyAngularRate_Roll,rad_s,0.0,,
Upper right body flap,NOTE1,input,signalName,bodyAngularRate_Pitch,rad_s,0.0,,
Upper right body flap,NOTE1,input,signalName,bodyAngularRate_Yaw,rad_s,0.0,,
Upper right body flap,NOTE1,input,signalName,upperLeftBodyFlapDeflection,deg,0.0,,
Upper right body flap,NOTE1,input,signalName,upperRightBodyFlapDeflection,deg,-15.47,,
Upper right body flap,NOTE1,input,signalName,lowerLeftBodyFlapDeflection,deg,0.0,,
Upper right body flap,NOTE1,input,signalName,lowerRightBodyFlapDeflection,deg,0.0,,
Upper right body flap,NOTE1,input,signalName,leftWingFlapDeflection,deg,0.0,,
Upper right body flap,NOTE1,input,signalName,rightWingFlapDeflection,deg,0.0,,
Upper right body flap,NOTE1,input,signalName,rudderDeflection,deg,0.0,,
Upper right body flap,NOTE1,input,signalName,landingGearExtension,deg,0.0,,
Upper right body flap,NOTE1,internal,varID,ALP,,10.3,,
Upper right body flap,NOTE1,internal,varID,BETA,,0.0,,
Upper right body flap,NOTE1,internal,varID,XMACH,,0.8,,
Upper right body flap,NOTE1,internal,varID,PB,,0.0,,
Upper right body flap,NOTE1,internal,varID,QB,,0.0,,
Upper right body flap,NOTE1,internal,varID,RB,,0.0,,
Upper right body flap,NOTE1,internal,varID,VRW,,240.0,,
Upper right body flap,NOTE1,internal,varID,H_rwy,,20000.0,,
Upper right body flap,NOTE1,internal,varID,DBFUL,,0.0,,
Upper right body flap,NOTE1,internal,varID,DBFUR,,-15.47,,
Upper right body flap,NOTE1,internal,varID,DBFLL,,0.0,,
Upper right body flap,NOTE1,internal,varID,DBFLR,,0.0,,
Upper right body flap,NOTE1,internal,varID,DWFL,,0.0,,
Upper right body flap,NOTE1,internal,varID,DWFR,,0.0,,
Upper right body flap,NOTE1,internal,varID,DRUD,,0.0,,
Upper right body flap,NOTE1,internal,varID,DLG,,0.0,,
Upper right body flap,NOTE1,internal,varID,CBAR,,28.24,,
Upper right body flap,NOTE1,internal,varID,BSPAN,,13.89,,
Upper right body flap,NOTE1,internal,varID,SWING,,286.45,,
Upper right body flap,NOTE1,internal,varID,XRP,,0.54,,
Upper right body flap,NOTE1,internal,varID,CMQ0,,-0.22364,,
Upper right body flap,NOTE1,internal,varID,CMQ1,,0.020457,,
Upper right body flap,NOTE1,internal,varID,CMQ2,,-0.0016741,,
Upper right body flap,NOTE1,internal,varID,CMQ3,,3.1618e-05,,
Upper right body flap,NOTE1,internal,varID,CNP0,,0.40031,,
Upper right body flap,NOTE1,internal,varID,CNP1,,-0.015518,,
Upper right body flap,NOTE1,internal,varID,CNP2,,-0.00012143,,
Upper right body flap,NOTE1,internal,varID,CNP3,,1.824e-05,,
Upper right body flap,NOTE1,internal,varID,CNR0,,-0.79533,,
Upper right body flap,NOTE1,internal,varID,CNR1,,-0.012647,,
Upper right body flap,NOTE1,internal,varID,CNR2,,0.00032696,,
Upper right body flap,NOTE1,internal,varID,CNR3,,-6.5929e-06,,
Upper right body flap,NOTE1,internal,varID,CLP0,,-0.55242,,
Upper right body flap,NOTE1,internal,varID,CLP1,,0.014478,,
Upper right body flap,NOTE1,internal,varID,CLP2,,-0.0011545,,
Upper right body flap,NOTE1,internal,varID,CLP3,,1.7706e-05,,
Upper right body flap,NOTE1,internal,varID,CLR0,,0.44685,,
Upper right body flap,NOTE1,internal,varID,CLR1,,0.067411,,
Upper right body flap,NOTE1,internal,varID,CLR2,,-0.0051866,,
Upper right body flap,NOTE1,internal,varID,CLR3,,0.00012659,,
Upper right body flap,NOTE1,internal,varID,abs_rud,,0.0,,
Upper right body flap,NOTE1,internal,varID,HOB,,1439.8848092152627,,
Upper right body flap,NOTE1,internal,varID,PBO2V,,0.0,,
Upper right body flap,NOTE1,internal,varID,QCO2V,,0.0,,
Upper right body flap,NOTE1,internal,varID,RBO2V,,0.0,,
Upper right body flap,NOTE1,internal,varID,CL0A0,,-0.073425,,
Upper right body flap,NOTE1,internal,varID,CL0A1,,0.043347,,
Upper right body flap,NOTE1,internal,varID,CL0A2,,0.00012122,,
Upper right body flap,NOTE1,internal,varID,CL0A3,,-1.5927e-05,,
Upper right body flap,NOTE1,internal,varID,CL0,,0.368505466871,,
Upper right body flap,NOTE1,internal,varID,CD0A0,,0.060114,,
Upper right body flap,NOTE1,internal,varID,CD0A1,,-0.002439,,
Upper right body flap,NOTE1,internal,varID,CD0A2,,0.00080564,,
Upper right body flap,NOTE1,internal,varID,CD0A3,,-8.387e-06,,
Upper right body flap,NOTE1,internal,varID,CD0,,0.11129794625100001,,
Upper right body flap,NOTE1,internal,varID,CM0A0,,0.025129,,
Upper right body flap,NOTE1,internal,varID,CM0A1,,-0.0030512,,
Upper right body flap,NOTE1,internal,varID,CM0A2,,-4.8533e-05,,
Upper right body flap,NOTE1,internal,varID,CM0A3,,4.6453e-06,,
Upper right body flap,NOTE1,internal,varID,CM0,,-0.006371181236900003,,
Upper right body flap,NOTE1,internal,varID,CY0A0,,-0.013313,,
Upper right body flap,NOTE1,internal,varID,CY0A1,,-0.00013917,,
Upper right body flap,NOTE1,internal,varID,CY0A2,,1.604e-05,,
Upper right body flap,NOTE1,internal,varID,CY0A3,,-1.4751e-07,,
Upper right body flap,NOTE1,internal,varID,CYB,,-0.013205955559770001,,
Upper right body flap,NOTE1,internal,varID,CR0A0,,-0.0063969,,
Upper right body flap,NOTE1,internal,varID,CR0A1,,-0.00049202,,
Upper right body flap,NOTE1,internal,varID,CR0A2,,2.8527e-05,,
Upper right body flap,NOTE1,internal,varID,CR0A3,,-3.0272e-07,,
Upper right body flap,NOTE1,internal,varID,CRB,,-0.008769066887439999,,
Upper right body flap,NOTE1,internal,varID,CN0A0,,0.0030814,,
Upper right body flap,NOTE1,internal,varID,CN0A1,,0.00011705,,
Upper right body flap,NOTE1,internal,varID,CN0A2,,-2.2768e-06,,
Upper right body flap,NOTE1,internal,varID,CN0A3,,-2.9912e-07,,
Upper right body flap,NOTE1,internal,varID,CNB,,0.00371861278776,,
Upper right body flap,NOTE1,internal,varID,CLRUD0,,0.0,,
Upper right body flap,NOTE1,internal,varID,CLRUD1,,0.0,,
Upper right body flap,NOTE1,internal,varID,CLRUD2,,0.0,,
Upper right body flap,NOTE1,internal,varID,CLRUD3,,0.0,,
Upper right body flap,NOTE1,internal,varID,CLRUD,,0.0,,
Upper right body flap,NOTE1,internal,varID,CDRUD0,,0.0,,
Upper right body flap,NOTE1,internal,varID,CDRUD1,,0.0,,
Upper right body flap,NOTE1,internal,varID,CDRUD2,,0.0,,
Upper right body flap,NOTE1,internal,varID,CDRUD3,,0.0,,
Upper right body flap,NOTE1,internal,varID,CDRUD,,0.0,,
Upper right body flap,NOTE1,internal,varID,CMRUD0,,0.0,,
Upper right body flap,NOTE1,internal,varID,CMRUD1,,0.0,,
Upper right body flap,NOTE1,internal,varID,CMRUD2,,0.0,,
Upper right body flap,NOTE1,internal,varID,CMRUD3,,0.0,,
Upper right body flap,NOTE1,internal,varID,CMRUD,,0.0,,
Upper right body flap,NOTE1,internal,varID,CYRUD0,,0.0,,
Upper right body flap,NOTE1,internal,varID,CYRUD1,,0.0,,
Upper right body flap,NOTE1,internal,varID,CYRUD2,,0.0,,
Upper right body flap,NOTE1,internal,varID,CYRUD3,,0.0,,
Upper right body flap,NOTE1,internal,varID,CYRUD,,0.0,,
Upper right body flap,NOTE1,internal,varID,CRRUD0,,0.0,,
Upper right body flap,NOTE1,internal,varID,CRRUD1,,0.0,,
Upper right body flap,NOTE1,internal,varID,CRRUD2,,0.0,,
Upper right body flap,NOTE1,internal,varID,CRRUD3,,0.0,,
Upper right body flap,NOTE1,internal,varID,CRRUD,,0.0,,
Upper right body flap,NOTE1,internal,varID,CNRUD0,,0.0,,
Upper right body flap,NOTE1,internal,varID,CNRUD1,,0.0,,
Upper right body flap,NOTE1,internal,varID,CNRUD2,,0.0,,
Upper right body flap,NOTE1,internal,varID,CNRUD3,,0.0,,
Upper right body flap,NOTE1,internal,varID,CNRUD,,0.0,,
Upper right body flap,NOTE1,internal,varID,CLBFLL0,,0.0,,
Upper right body flap,NOTE1,internal,varID,CLBFLL1,,0.0,,
Upper right body flap,NOTE1,internal,varID,CLBFLL2,,0.0,,
Upper right body flap,NOTE1,internal,varID,CLBFLL3,,0.0,,
Upper right body flap,NOTE1,internal,varID,CLBFLL,,0.0,,
Upper right body flap,NOTE1,internal,varID,CDBFLL0,,0.0,,
Upper right body flap,NOTE1,internal,varID,CDBFLL1,,0.0,,
Upper right body flap,NOTE1,internal,varID,CDBFLL2,,0.0,,
Upper right body flap,NOTE1,internal,varID,CDBFLL3,,0.0,,
Upper right body flap,NOTE1,internal,varID,CDBFLL,,0.0,,
Upper right body flap,NOTE1,internal,varID,CMBFLL0,,0.0,,
Upper right body flap,NOTE1,internal,varID,CMBFLL1,,0.0,,
Upper right body flap,NOTE1,internal,varID,CMBFLL2,,0.0,,
Upper right body flap,NOTE1,internal,varID,CMBFLL3,,0.0,,
Upper right body flap,NOTE1,internal,varID,CMBFLL,,0.0,,
Upper right body flap,NOTE1,internal,varID,CYBFLL0,,0.0,,
Upper right body flap,NOTE1,internal,varID,CYBFLL1,,0.0,,
Upper right body flap,NOTE1,internal,varID,CYBFLL2,,0.0,,
Upper right body flap,NOTE1,internal,varID,CYBFLL3,,0.0,,
Upper right body flap,NOTE1,internal,varID,CYBFLL,,0.0,,
Upper right body flap,NOTE1,internal,varID,CRBFLL0,,0.0,,
Upper right body flap,NOTE1,internal,varID,CRBFLL1,,0.0,,
Upper right body flap,NOTE1,internal,varID,CRBFLL2,,0.0,,
Upper right body flap,NOTE1,internal,varID,CRBFLL3,,0.0,,
Upper right body flap,NOTE1,internal,varID,CRBFLL,,0.0,,
Upper right body flap,NOTE1,internal,varID,CNBFLL0,,0.0,,
Upper right body flap,NOTE1,internal,varID,CNBFLL1,,0.0,,
Upper right body flap,NOTE1,internal,varID,CNBFLL2,,0.0,,
Upper right body flap,NOTE1,internal,varID,CNBFLL3,,0.0,,
Upper right body flap,NOTE1,internal,varID,CNBFLL,,0.0,,
Upper right body flap,NOTE1,internal,varID,CLBFLR0,,0.0,,
Upper right body flap,NOTE1,internal,varID,CLBFLR1,,0.0,,
Upper right body flap,NOTE1,internal,varID,CLBFLR2,,0.0,,
Upper right body flap,NOTE1,internal,varID,CLBFLR3,,0.0,,
Upper right body flap,NOTE1,internal,varID,CLBFLR,,0.0,,
Upper right body flap,NOTE1,internal,varID,CDBFLR0,,0.0,,
Upper right body flap,NOTE1,internal,varID,CDBFLR1,,0.0,,
Upper right body flap,NOTE1,internal,varID,CDBFLR2,,0.0,,
Upper right body flap,NOTE1,internal,varID,CDBFLR3,,0.0,,
Upper right body flap,NOTE1,internal,varID,CDBFLR,,0.0,,
Upper right body flap,NOTE1,internal,varID,CMBFLR0,,0.0,,
Upper right body flap,NOTE1,internal,varID,CMBFLR1,,0.0,,
Upper right body flap,NOTE1,internal,varID,CMBFLR2,,0.0,,
Upper right body flap,NOTE1,internal,varID,CMBFLR3,,0.0,,
Upper right body flap,NOTE1,internal,varID,CMBFLR,,0.0,,
Upper right body flap,NOTE1,internal,varID,CYBFLR0,,0.0,,
Upper right body flap,NOTE1,internal,varID,CYBFLR1,,0.0,,
Upper right body flap,NOTE1,internal,varID,CYBFLR2,,0.0,,
Upper right body flap,NOTE1,internal,varID,CYBFLR3,,0.0,,
Upper right body flap,NOTE1,internal,varID,CYBFLR,,-0.0,,
Upper right body flap,NOTE1,internal,varID,CRBFLR0,,0.0,,
Upper right body flap,NOTE1,internal,varID,CRBFLR1,,0.0,,
Upper right body flap,NOTE1,internal,varID,CRBFLR2,,0.0,,
Upper right body flap,NOTE1,internal,varID,CRBFLR3,,0.0,,
Upper right body flap,NOTE1,internal,varID,CRBFLR,,-0.0,,
Upper right body flap,NOTE1,internal,varID,CNBFLR0,,0.0,,
Upper right body flap,NOTE1,internal,varID,CNBFLR1,,0.0,,
Upper right body flap,NOTE1,internal,varID,CNBFLR2,,0.0,,
Upper right body flap,NOTE1,internal,varID,CNBFLR3,,0.0,,
Upper right body flap,NOTE1,internal,varID,CNBFLR,,-0.0,,
Upper right body flap,NOTE1,internal,varID,CLBFUL0,,0.0,,
Upper right body flap,NOTE1,internal,varID,CLBFUL1,,0.0,,
Upper right body flap,NOTE1,internal,varID,CLBFUL2,,0.0,,
Upper right body flap,NOTE1,internal,varID,CLBFUL3,,0.0,,
Upper right body flap,NOTE1,internal,varID,CLBFUL,,0.0,,
Upper right body flap,NOTE1,internal,varID,CDBFUL0,,0.0,,
Upper right body flap,NOTE1,internal,varID,CDBFUL1,,0.0,,
Upper right body flap,NOTE1,internal,varID,CDBFUL2,,0.0,,
Upper right body flap,NOTE1,internal,varID,CDBFUL3,,0.0,,
Upper right body flap,NOTE1,internal,varID,CDBFUL,,0.0,,
Upper right body flap,NOTE1,internal,varID,CMBFUL0,,0.0,,
Upper right body flap,NOTE1,internal,varID,CMBFUL1,,0.0,,
Upper right body flap,NOTE1,internal,varID,CMBFUL2,,0.0,,
Upper right body flap,NOTE1,internal,varID,CMBFUL3,,0.0,,
Upper right body flap,NOTE1,internal,varID,CMBFUL,,0.0,,
Upper right body flap,NOTE1,internal,varID,CYBFUL0,,0.0,,
Upper right body flap,NOTE1,internal,varID,CYBFUL1,,0.0,,
Upper right body flap,NOTE1,internal,varID,CYBFUL2,,0.0,,
Upper right body flap,NOTE1,internal,varID,CYBFUL3,,0.0,,
Upper right body flap,NOTE1,internal,varID,CYBFUL,,0.0,,
Upper right body flap,NOTE1,internal,varID,CRBFUL0,,0.0,,
Upper right body flap,NOTE1,internal,varID,CRBFUL1,,0.0,,
Upper right body flap,NOTE1,internal,varID,CRBFUL2,,0.0,,
Upper right body flap,NOTE1,internal,varID,CRBFUL3,,0.0,,
Upper right body flap,NOTE1,internal,varID,CRBFUL,,0.0,,
Upper right body flap,NOTE1,internal,varID,CNBFUL0,,0.0,,
Upper right body flap,NOTE1,internal,varID,CNBFUL1,,0.0,,
Upper right body flap,NOTE1,internal,varID,CNBFUL2,,0.0,,
Upper right body flap,NOTE1,internal,varID,CNBFUL3,,0.0,,
Upper right body flap,NOTE1,internal,varID,CNBFUL,,0.0,,
Upper right body flap,NOTE1,internal,varID,CLBFUR0,,-0.06762536,,
Upper right body flap,NOTE1,internal,varID,CLBFUR1,,0.006673296933333334,,
Upper right body flap,NOTE1,internal,varID,CLBFUR2,,-0.00044182399333333333,,
Upper right body flap,NOTE1,internal,varID,CLBFUR3,,8.4374816e-06,,
Upper right body flap,NOTE1,internal,varID,CLBFUR,,-0.03654364508307679,,
Upper right body flap,NOTE1,internal,varID,CDBFUR0,,0.004101006733333336,,
Upper right body flap,NOTE1,internal,varID,CDBFUR1,,-0.00045433871333333336,,
Upper right body flap,NOTE1,internal,varID,CDBFUR2,,-6.4552778666666656e-06,,
Upper right body flap,NOTE1,internal,varID,CDBFUR3,,-1.8445313333333332e-07,,
Upper right body flap,NOTE1,internal,varID,CDBFUR,,-0.0014650793619025975,,
Upper right body flap,NOTE1,internal,varID,CMBFUR0,,0.015511636666666669,,
Upper right body flap,NOTE1,internal,varID,CMBFUR1,,-0.00021831943333333332,,
Upper right body flap,NOTE1,internal,varID,CMBFUR2,,-4.25232833333334e-06,,
Upper right body flap,NOTE1,internal,varID,CMBFUR3,,4.0329327333333337e-07,,
Upper right body flap,NOTE1,internal,varID,CMBFUR,,0.013252506439139715,,
Upper right body flap,NOTE1,internal,varID,CYBFUR0,,-0.006756022599999997,,
Upper right body flap,NOTE1,internal,varID,CYBFUR1,,0.0027087246,,
Upper right body flap,NOTE1,internal,varID,CYBFUR2,,-0.00014725031933333332,,
Upper right body flap,NOTE1,internal,varID,CYBFUR3,,2.04763662e-06,,
Upper right body flap,NOTE1,internal,varID,CYBFUR,,-0.00775956222278941,,
Upper right body flap,NOTE1,internal,varID,CRBFUR0,,-0.012698273333333333,,
Upper right body flap,NOTE1,internal,varID,CRBFUR1,,0.0018840996399999998,,
Upper right body flap,NOTE1,internal,varID,CRBFUR2,,-0.000109618708,,
Upper right body flap,NOTE1,internal,varID,CRBFUR3,,1.3982464666666664e-06,,
Upper right body flap,NOTE1,internal,varID,CRBFUR,,0.0033935941062720673,,
Upper right body flap,NOTE1,internal,varID,CNBFUR0,,0.0003682073333333329,,
Upper right body flap,NOTE1,internal,varID,CNBFUR1,,-0.00044550968666666664,,
Upper right body flap,NOTE1,internal,varID,CNBFUR2,,2.112468686666667e-05,,
Upper right body flap,NOTE1,internal,varID,CNBFUR3,,-1.1863071333333334e-07,,
Upper right body flap,NOTE1,internal,varID,CNBFUR,,0.0021090553931372596,,
Upper right body flap,NOTE1,internal,varID,CLWFL0,,0.0,,
Upper right body flap,NOTE1,internal,varID,CLWFL1,,0.0,,
Upper right body flap,NOTE1,internal,varID,CLWFL2,,0.0,,
Upper right body flap,NOTE1,internal,varID,CLWFL3,,0.0,,
Upper right body flap,NOTE1,internal,varID,CLWFL,,0.0,,
Upper right body flap,NOTE1,internal,varID,CDWFL0,,0.0,,
Upper right body flap,NOTE1,internal,varID,CDWFL1,,0.0,,
Upper right body flap,NOTE1,internal,varID,CDWFL2,,0.0,,
Upper right body flap,NOTE1,internal,varID,CDWFL3,,0.0,,
Upper right body flap,NOTE1,internal,varID,CDWFL,,0.0,,
Upper right body flap,NOTE1,internal,varID,CMWFL0,,0.0,,
Upper right body flap,NOTE1,internal,varID,CMWFL1,,0.0,,
Upper right body flap,NOTE1,internal,varID,CMWFL2,,0.0,,
Upper right body flap,NOTE1,internal,varID,CMWFL3,,0.0,,
Upper right body flap,NOTE1,internal,varID,CMWFL,,0.0,,
Upper right body flap,NOTE1,internal,varID,CYWFL0,,0.0,,
Upper right body flap,NOTE1,internal,varID,CYWFL1,,0.0,,
Upper right body flap,NOTE1,internal,varID,CYWFL2,,0.0,,
Upper right body flap,NOTE1,internal,varID,CYWFL3,,0.0,,
Upper right body flap,NOTE1,internal,varID,CYWFL,,0.0,,
Upper right body flap,NOTE1,internal,varID,CRWFL0,,0.0,,
Upper right body flap,NOTE1,internal,varID,CRWFL1,,0.0,,
Upper right body flap,NOTE1,internal,varID,CRWFL2,,0.0,,
Upper right body flap,NOTE1,internal,varID,CRWFL3,,0.0,,
Upper right body flap,NOTE1,internal,varID,CRWFL,,0.0,,
Upper right body flap,NOTE1,internal,varID,CNWFL0,,0.0,,
Upper right body flap,NOTE1,internal,varID,CNWFL1,,0.0,,
Upper right body flap,NOTE1,internal,varID,CNWFL2,,0.0,,
Upper right body flap,NOTE1,internal,varID,CNWFL3,,0.0,,
Upper right body flap,NOTE1,internal,varID,CNWFL,,0.0,,
Upper right body flap,NOTE1,internal,varID,CLWFR0,,0.0,,
Upper right body flap,NOTE1,internal,varID,CLWFR1,,0.0,,
Upper right body flap,NOTE1,internal,varID,CLWFR2,,0.0,,
Upper right body flap,NOTE1,internal,varID,CLWFR3,,0.0,,
Upper right body flap,NOTE1,internal,varID,CLWFR,,0.0,,
Upper right body flap,NOTE1,internal,varID,CDWFR0,,0.0,,
Upper right body flap,NOTE1,internal,varID,CDWFR1,,0.0,,
Upper right body flap,NOTE1,internal,varID,CDWFR2,,0.0,,
Upper right body flap,NOTE1,internal,varID,CDWFR3,,0.0,,
Upper right body flap,NOTE1,internal,varID,CDWFR,,0.0,,
Upper right body flap,NOTE1,internal,varID,CMWFR0,,0.0,,
Upper right body flap,NOTE1,internal,varID,CMWFR1,,0.0,,
Upper right body flap,NOTE1,internal,varID,CMWFR2,,0.0,,
Upper right body flap,NOTE1,internal,varID,CMWFR3,,0.0,,
Upper right body flap,NOTE1,internal,varID,CMWFR,,0.0,,
Upper right body flap,NOTE1,internal,varID,CYWFR0,,0.0,,
Upper right body flap,NOTE1,internal,varID,CYWFR1,,0.0,,
Upper right body flap,NOTE1,internal,varID,CYWFR2,,0.0,,
Upper right body flap,NOTE1,internal,varID,CYWFR3,,0.0,,
Upper right body flap,NOTE1,internal,varID,CYWFR,,-0.0,,
Upper right body flap,NOTE1,internal,varID,CRWFR0,,0.0,,
Upper right body flap,NOTE1,internal,varID,CRWFR1,,0.0,,
Upper right body flap,NOTE1,internal,varID,CRWFR2,,0.0,,
Upper right body flap,NOTE1,internal,varID,CRWFR3,,0.0,,
Upper right body flap,NOTE1,internal,varID,CRWFR,,-0.0,,
Upper right body flap,NOTE1,internal,varID,CNWFR0,,0.0,,
Upper right body flap,NOTE1,internal,varID,CNWFR1,,0.0,,
Upper right body flap,NOTE1,internal,varID,CNWFR2,,0.0,,
Upper right body flap,NOTE1,internal,varID,CNWFR3,,0.0,,
Upper right body flap,NOTE1,internal,varID,CNWFR,,-0.0,,
Upper right body flap,NOTE1,internal,varID,CLLG0,,0.0,,
Upper right body flap,NOTE1,internal,varID,CLLG1,,0.0,,
Upper right body flap,NOTE1,internal,varID,CLLG2,,0.0,,
Upper right body flap,NOTE1,internal,varID,CLLG3,,0.0,,
Upper right body flap,NOTE1,internal,varID,CLLG,,0.0,,
Upper right body flap,NOTE1,internal,varID,CDLG0,,0.0,,
Upper right body flap,NOTE1,internal,varID,CDLG1,,0.0,,
Upper right body flap,NOTE1,internal,varID,CDLG2,,0.0,,
Upper right body flap,NOTE1,internal,varID,CDLG3,,0.0,,
Upper right body flap,NOTE1,internal,varID,CDLG,,0.0,,
Upper right body flap,NOTE1,internal,varID,CMLG0,,0.0,,
Upper right body flap,NOTE1,internal,varID,CMLG1,,0.0,,
Upper right body flap,NOTE1,internal,varID,CMLG2,,0.0,,
Upper right body flap,NOTE1,internal,varID,CMLG3,,0.0,,
Upper right body flap,NOTE1,internal,varID,CMLG,,0.0,,
Upper right body flap,NOTE1,internal,varID,CYLG0,,0.0,,
Upper right body flap,NOTE1,internal,varID,CYLG1,,0.0,,
Upper right body flap,NOTE1,internal,varID,CYLG2,,0.0,,
Upper right body flap,NOTE1,internal,varID,CYLG3,,0.0,,
Upper right body flap,NOTE1,internal,varID,CYLG,,0.0,,
Upper right body flap,NOTE1,internal,varID,CRLG0,,0.0,,
Upper right body flap,NOTE1,internal,varID,CRLG1,,0.0,,
Upper right body flap,NOTE1,internal,varID,CRLG2,,0.0,,
Upper right body flap,NOTE1,internal,varID,CRLG3,,0.0,,
Upper right body flap,NOTE1,internal,varID,CRLG,,0.0,,
Upper right body flap,NOTE1,internal,varID,CNLG0,,0.0,,
Upper right body flap,NOTE1,internal,varID,CNLG1,,0.0,,
Upper right body flap,NOTE1,internal,varID,CNLG2,,0.0,,
Upper right body flap,NOTE1,internal,varID,CNLG3,,0.0,,
Upper right body flap,NOTE1,internal,varID,CNLG,,0.0,,
Upper right body flap,NOTE1,internal,varID,CLGE0,,0.0,,
Upper right body flap,NOTE1,internal,varID,CLGE1,,0.0,,
Upper right body flap,NOTE1,internal,varID,CLGE2,,0.0,,
Upper right body flap,NOTE1,internal,varID,CLGE3,,0.0,,
Upper right body flap,NOTE1,internal,varID,CLGE,,0.0,,
Upper right body flap,NOTE1,internal,varID,CDGE0,,0.0,,
Upper right body flap,NOTE1,internal,varID,CDGE1,,0.0,,
Upper right body flap,NOTE1,internal,varID,CDGE2,,0.0,,
Upper right body flap,NOTE1,internal,varID,CDGE3,,0.0,,
Upper right body flap,NOTE1,internal,varID,CDGE,,0.0,,
Upper right body flap,NOTE1,internal,varID,CMGE0,,0.0,,
Upper right body flap,NOTE1,internal,varID,CMGE1,,0.0,,
Upper right body flap,NOTE1,internal,varID,CMGE2,,0.0,,
Upper right body flap,NOTE1,internal,varID,CMGE3,,0.0,,
Upper right body flap,NOTE1,internal,varID,CMGE,,0.0,,
Upper right body flap,NOTE1,internal,varID,CYGE0,,0.0,,
Upper right body flap,NOTE1,internal,varID,CYGE1,,0.0,,
Upper right body flap,NOTE1,internal,varID,CYGE2,,0.0,,
Upper right body flap,NOTE1,internal,varID,CYGE3,,0.0,,
Upper right body flap,NOTE1,internal,varID,CYGE,,0.0,,
Upper right body flap,NOTE1,internal,varID,CRGE0,,0.0,,
Upper right body flap,NOTE1,internal,varID,CRGE1,,0.0,,
Upper right body flap,NOTE1,internal,varID,CRGE2,,0.0,,
Upper right body flap,NOTE1,internal,varID,CRGE3,,0.0,,
Upper right body flap,NOTE1,internal,varID,CRGE,,0.0,,
Upper right body flap,NOTE1,internal,varID,CNGE0,,0.0,,
Upper right body flap,NOTE1,internal,varID,CNGE1,,0.0,,
Upper right body flap,NOTE1,internal,varID,CNGE2,,0.0,,
Upper right body flap,NOTE1,internal,varID,CNGE3,,0.0,,
Upper right body flap,NOTE1,internal,varID,CNGE,,0.0,,
Upper right body flap,NOTE1,internal,varID,sCYRUD,,0.0,,
Upper right body flap,NOTE1,internal,varID,sCRRUD,,0.0,,
Upper right body flap,NOTE1,internal,varID,sCNRUD,,0.0,,
Upper right body flap,NOTE1,internal,varID,CMQ,,-0.155988326714,,
Upper right body flap,NOTE1,internal,varID,CNP,,0.24752343178,,
Upper right body flap,NOTE1,internal,varID,CNR,,-0.8981111534383,,
Upper right body flap,NOTE1,internal,varID,CLP,,-0.506429680738,,
Upper right body flap,NOTE1,internal,varID,CLR,,0.72926521693,,
Upper right body flap,NOTE1,internal,varID,CL,,0.3319618217879232,,
Upper right body flap,NOTE1,internal,varID,CD,,0.10983286688909741,,
Upper right body flap,NOTE1,internal,varID,CM,,0.006881325202239712,,
Upper right body flap,NOTE1,internal,varID,CY,,-0.00775956222278941,,
Upper right body flap,NOTE1,internal,varID,CN,,0.0021090553931372596,,
Upper right body flap,NOTE1,internal,varID,CR,,0.0033935941062720673,,
Upper right body flap,NOTE1,output,signalName,referenceWingChord,f,28.24,1e-06,
Upper right body flap,NOTE1,output,signalName,referenceWingSpan,f,13.89,1e-06,
Upper right body flap,NOTE1,output,signalName,referenceWingArea,f2,286.45,1e-06,
Upper right body flap,NOTE1,output,signalName,vrsPositionOfMrc_X,fracMAC,0.54,1e-06,
Upper right body flap,NOTE1,output,signalName,totalCoefficientOfLift,nd,0.331961810589,1e-06,
Upper right body flap,NOTE1,output,signalName,totalCoefficientOfDrag,nd,0.10983286798,1e-06,
Upper right body flap,NOTE1,output,signalName,aeroBodyForceCoefficient_Y,nd,-0.007759563625,1e-06,
Upper right body flap,NOTE1,output,signalName,aeroBodyMomentCoefficient_Roll,nd,0.003393595107,1e-06,
Upper right body flap,NOTE1,output,signalName,aeroBodyMomentCoefficient_Pitch,nd,0.006881327368,1e-06,
Upper right body flap,NOTE1,output,signalName,aeroBodyMomentCoefficient_Yaw,nd,0.002109055407,1e-06,
Lower left body flap,NOTE1,input,signalName,angleOfAttack,deg,10.3,,
Lower left body flap,NOTE1,input,signalName,angleOfSideslip,deg,0.0,,
Lower left body flap,NOTE1,input,signalName,mach,nd,0.8,,
Lower left body flap,NOTE1,input,signalName,trueAirspeed,f_s,240.0,,
Lower left body flap,NOTE1,input,signalName,heightOfCgWrtRwy,f,20000.0,,
Lower left body flap,NOTE1,input,signalName,bodyAngularRate_Roll,rad_s,0.0,,
Lower left body flap,NOTE1,input,signalName,bodyAngularRate_Pitch,rad_s,0.0,,
Lower left body flap,NOTE1,input,signalName,bodyAngularRate_Yaw,rad_s,0.0,,
Lower left body flap,NOTE1,input,signalName,upperLeftBodyFlapDeflection,deg,0.0,,
Lower left body flap,NOTE1,input,signalName,upperRightBodyFlapDeflection,deg,0.0,,
Lower left body flap,NOTE1,input,signalName,lowerLeftBodyFlapDeflection,deg,19.12,,
Lower left body flap,NOTE1,input,signalName,lowerRightBodyFlapDeflection,deg,0.0,,
Lower left body flap,NOTE1,input,signalName,leftWingFlapDeflection,deg,0.0,,
Lower left body flap,NOTE1,input,signalName,rightWingFlapDeflection,deg,0.0,,
Lower left body flap,NOTE1,input,signalName,rudderDeflection,deg,0.0,,
Lower left body flap,NOTE1,input,signalName,landingGearExtension,deg,0.0,,
Lower left body flap,NOTE1,internal,varID,ALP,,10.3,,
Lower left body flap,NOTE1,internal,varID,BETA,,0.0,,
Lower left body flap,NOTE1,internal,varID,XMACH,,0.8,,
Lower left body flap,NOTE1,internal,varID,PB,,0.0,,
Lower left body flap,NOTE1,internal,varID,QB,,0.0,,
Lower left body flap,NOTE1,internal,varID,RB,,0.0,,
Lower left body flap,NOTE1,internal,varID,VRW,,240.0,,
Lower left body flap,NOTE1,internal,varID,H_rwy,,20000.0,,
Lower left body flap,NOTE1,internal,varID,DBFUL,,0.0,,
Lower left body flap,NOTE1,internal,varID,DBFUR,,0.0,,
Lower left body flap,NOTE1,internal,varID,DBFLL,,19.12,,
Lower left body flap,NOTE1,internal,varID,DBFLR,,0.0,,
Lower left body flap,NOTE1,internal,varID,DWFL,,0.0,,
Lower left body flap,NOTE1,internal,varID,DWFR,,0.0,,
Lower left body flap,NOTE1,internal,varID,DRUD,,0.0,,
Lower left body flap,NOTE1,internal,varID,DLG,,0.0,,
Lower left body flap,NOTE1,internal,varID,CBAR,,28.24,,
Lower left body flap,NOTE1,internal,varID,BSPAN,,13.89,,
Lower left body flap,NOTE1,internal,varID,SWING,,286.45,,
Lower left body flap,NOTE1,internal,varID,XRP,,0.54,,
Lower left body flap,NOTE1,internal,varID,CMQ0,,-0.22364,,
Lower left body flap,NOTE1,internal,varID,CMQ1,,0.020457,,
Lower left body flap,NOTE1,internal,varID,CMQ2,,-0.0016741,,
Lower left body flap,NOTE1,internal,varID,CMQ3,,3.1618e-05,,
Lower left body flap,NOTE1,internal,varID,CNP0,,0.40031,,
Lower left body flap,NOTE1,internal,varID,CNP1,,-0.015518,,
Lower left body flap,NOTE1,internal,varID,CNP2,,-0.00012143,,
Lower left body flap,NOTE1,internal,varID,CNP3,,1.824e-05,,
Lower left body flap,NOTE1,internal,varID,CNR0,,-0.79533,,
Lower left body flap,NOTE1,internal,varID,CNR1,,-0.012647,,
Lower left body flap,NOTE1,internal,varID,CNR2,,0.00032696,,
Lower left body flap,NOTE1,internal,varID,CNR3,,-6.5929e-06,,
Lower left body flap,NOTE1,internal,varID,CLP0,,-0.55242,,
Lower left body flap,NOTE1,internal,varID,CLP1,,0.014478,,
Lower left body flap,NOTE1,internal,varID,CLP2,,-0.0011545,,
Lower left body flap,NOTE1,internal,varID,CLP3,,1.7706e-05,,
Lower left body flap,NOTE1,internal,varID,CLR0,,0.44685,,
Lower left body flap,NOTE1,internal,varID,CLR1,,0.067411,,
Lower left body flap,NOTE1,internal,varID,CLR2,,-0.0051866,,
Lower left body flap,NOTE1,internal,varID,CLR3,,0.00012659,,
Lower left body flap,NOTE1,internal,varID,abs_rud,,0.0,,
Lower left body flap,NOTE1,internal,varID,HOB,,1439.8848092152627,,
Lower left body flap,NOTE1,internal,varID,PBO2V,,0.0,,
Lower left body flap,NOTE1,internal,varID,QCO2V,,0.0,,
Lower left body flap,NOTE1,internal,varID,RBO2V,,0.0,,
Lower left body flap,NOTE1,internal,varID,CL0A0,,-0.073425,,
Lower left body flap,NOTE1,internal,varID,CL0A1,,0.043347,,
Lower left body flap,NOTE1,internal,varID,CL0A2,,0.00012122,,
Lower left body flap,NOTE1,internal,varID,CL0A3,,-1.5927e-05,,
Lower left body flap,NOTE1,internal,varID,CL0,,0.368505466871,,
Lower left body flap,NOTE1,internal,varID,CD0A0,,0.060114,,
Lower left body flap,NOTE1,internal,varID,CD0A1,,-0.002439,,
Lower left body flap,NOTE1,internal,varID,CD0A2,,0.00080564,,
Lower left body flap,NOTE1,internal,varID,CD0A3,,-8.387e-06,,
Lower left body flap,NOTE1,internal,varID,CD0,,0.11129794625100001,,
Lower left body flap,NOTE1,internal,varID,CM0A0,,0.025129,,
Lower left body flap,NOTE1,internal,varID,CM0A1,,-0.0030512,,
Lower left body flap,NOTE1,internal,varID,CM0A2,,-4.8533e-05,,
Lower left body flap,NOTE1,internal,varID,CM0A3,,4.6453e-06,,
Lower left body flap,NOTE1,internal,varID,CM0,,-0.006371181236900003,,
Lower left body flap,NOTE1,internal,varID,CY0A0,,-0.013313,,
Lower left body flap,NOTE1,internal,varID,CY0A1,,-0.00013917,,
Lower left body flap,NOTE1,internal,varID,CY0A2,,1.604e-05,,
Lower left body flap,NOTE1,internal,varID,CY0A3,,-1.4751e-07,,
Lower left body flap,NOTE1,internal,varID,CYB,,-0.013205955559770001,,
Lower left body flap,NOTE1,internal,varID,CR0A0,,-0.0063969,,
Lower left body flap,NOTE1,internal,varID,CR0A1,,-0.00049202,,
Lower left body flap,NOTE1,internal,varID,CR0A2,,2.8527e-05,,
Lower left body flap,NOTE1,internal,varID,CR0A3,,-3.0272e-07,,
Lower left body flap,NOTE1,internal,varID,CRB,,-0.008769066887439999,,
Lower left body flap,NOTE1,internal,varID,CN0A0,,0.0030814,,
Lower left body flap,NOTE1,internal,varID,CN0A1,,0.00011705,,
Lower left body flap,NOTE1,internal,varID,CN0A2,,-2.2768e-06,,
Lower left body flap,NOTE1,internal,varID,CN0A3,,-2.9912e-07,,
Lower left body flap,NOTE1,internal,varID,CNB,,0.00371861278776,,
Lower left body flap,NOTE1,internal,varID,CLRUD0,,0.0,,
Lower left body flap,NOTE1,internal,varID,CLRUD1,,0.0,,
Lower left body flap,NOTE1,internal,varID,CLRUD2,,0.0,,
Lower left body flap,NOTE1,internal,varID,CLRUD3,,0.0,,
Lower left body flap,NOTE1,internal,varID,CLRUD,,0.0,,
Lower left body flap,NOTE1,internal,varID,CDRUD0,,0.0,,
Lower left body flap,NOTE1,internal,varID,CDRUD1,,0.0,,
Lower left body flap,NOTE1,internal,varID,CDRUD2,,0.0,,
Lower left body flap,NOTE1,internal,varID,CDRUD3,,0.0,,
Lower left body flap,NOTE1,internal,varID,CDRUD,,0.0,,
Lower left body flap,NOTE1,internal,varID,CMRUD0,,0.0,,
Lower left body flap,NOTE1,internal,varID,CMRUD1,,0.0,,
Lower left body flap,NOTE1,internal,varID,CMRUD2,,0.0,,
Lower left body flap,NOTE1,internal,varID,CMRUD3,,0.0,,
Lower left body flap,NOTE1,internal,varID,CMRUD,,0.0,,
Lower left body flap,NOTE1,internal,varID,CYRUD0,,0.0,,
Lower left body flap,NOTE1,internal,varID,CYRUD1,,0.0,,
Lower left body flap,NOTE1,internal,varID,CYRUD2,,0.0,,
Lower left body flap,NOTE1,internal,varID,CYRUD3,,0.0,,
Lower left body flap,NOTE1,internal,varID,CYRUD,,0.0,,
Lower left body flap,NOTE1,internal,varID,CRRUD0,,0.0,,
Lower left body flap,NOTE1,internal,varID,CRRUD1,,0.0,,
Lower left body flap,NOTE1,internal,varID,CRRUD2,,0.0,,
Lower left body flap,NOTE1,internal,varID,CRRUD3,,0.0,,
Lower left body flap,NOTE1,internal,varID,CRRUD,,0.0,,
Lower left body flap,NOTE1,internal,varID,CNRUD0,,0.0,,
Lower left body flap,NOTE1,internal,varID,CNRUD1,,0.0,,
Lower left body flap,NOTE1,internal,varID,CNRUD2,,0.0,,
Lower left body flap,NOTE1,internal,varID,CNRUD3,,0.0,,
Lower left body flap,NOTE1,internal,varID,CNRUD,,0.0,,
Lower left body flap,NOTE1,internal,varID,CLBFLL0,,-0.0002039813333333338,,
Lower left body flap,NOTE1,internal,varID,CLBFLL1,,0.0097060616,,
Lower left body flap,NOTE1,internal,varID,CLBFLL2,,-0.0007779796533333333,,
Lower left body flap,NOTE1,internal,varID,CLBFLL3,,1.6647722666666666e-05,,
Lower left body flap,NOTE1,internal,varID,CLBFLL,,0.035424007770912,,
Lower left body flap,NOTE1,internal,varID,CDBFLL0,,0.0020624170666666657,,
Lower left body flap,NOTE1,internal,varID,CDBFLL1,,0.00090469976,,
Lower left body flap,NOTE1,internal,varID,CDBFLL2,,-1.1713005333333335e-05,,
Lower left body flap,NOTE1,internal,varID,CDBFLL3,,-2.2099983999999977e-07,,
Lower left body flap,NOTE1,internal,varID,CDBFLL,,0.009896699366689653,,
Lower left body flap,NOTE1,internal,varID,CMBFLL0,,-0.005496825066666666,,
Lower left body flap,NOTE1,internal,varID,CMBFLL1,,-0.00040032863999999997,,
Lower left body flap,NOTE1,internal,varID,CMBFLL2,,2.825312e-05,,
Lower left body flap,NOTE1,internal,varID,CMBFLL3,,-6.6534888e-07,,
Lower left body flap,NOTE1,internal,varID,CMBFLL,,-0.007349881243462426,,
Lower left body flap,NOTE1,internal,varID,CYBFLL0,,0.007472841866666666,,
Lower left body flap,NOTE1,internal,varID,CYBFLL1,,6.0501279999999825e-05,,
Lower left body flap,NOTE1,internal,varID,CYBFLL2,,2.26985600000001e-06,,
Lower left body flap,NOTE1,internal,varID,CYBFLL3,,-4.810552000000003e-07,,
Lower left body flap,NOTE1,internal,varID,CYBFLL,,0.007811152068176265,,
Lower left body flap,NOTE1,internal,varID,CRBFLL0,,0.008174115733333332,,
Lower left body flap,NOTE1,internal,varID,CRBFLL1,,0.0006460713066666667,,
Lower left body flap,NOTE1,internal,varID,CRBFLL2,,-3.5151311999999996e-05,,
Lower left body flap,NOTE1,internal,varID,CRBFLL3,,3.9336246826666665e-07,,
Lower left body flap,NOTE1,internal,varID,CRBFLL,,0.01152928529178163,,
Lower left body flap,NOTE1,internal,varID,CNBFLL0,,-0.0047257456,,
Lower left body flap,NOTE1,internal,varID,CNBFLL1,,0.00023624278933333335,,
Lower left body flap,NOTE1,internal,varID,CNBFLL2,,-8.41610666666667e-06,,
Lower left body flap,NOTE1,internal,varID,CNBFLL3,,1.8441549333333337e-07,,
Lower left body flap,NOTE1,internal,varID,CNBFLL,,-0.0029837938373496803,,
Lower left body flap,NOTE1,internal,varID,CLBFLR0,,0.0,,
Lower left body flap,NOTE1,internal,varID,CLBFLR1,,0.0,,
Lower left body flap,NOTE1,internal,varID,CLBFLR2,,0.0,,
Lower left body flap,NOTE1,internal,varID,CLBFLR3,,0.0,,
Lower left body flap,NOTE1,internal,varID,CLBFLR,,0.0,,
Lower left body flap,NOTE1,internal,varID,CDBFLR0,,0.0,,
Lower left body flap,NOTE1,internal,varID,CDBFLR1,,0.0,,
Lower left body flap,NOTE1,internal,varID,CDBFLR2,,0.0,,
Lower left body flap,NOTE1,internal,varID,CDBFLR3,,0.0,,
Lower left body flap,NOTE1,internal,varID,CDBFLR,,0.0,,
Lower left body flap,NOTE1,internal,varID,CMBFLR0,,0.0,,
Lower left body flap,NOTE1,internal,varID,CMBFLR1,,0.0,,
Lower left body flap,NOTE1,internal,varID,CMBFLR2,,0.0,,
Lower left body flap,NOTE1,internal,varID,CMBFLR3,,0.0,,
Lower left body flap,NOTE1,internal,varID,CMBFLR,,0.0,,
Lower left body flap,NOTE1,internal,varID,CYBFLR0,,0.0,,
Lower left body flap,NOTE1,internal,varID,CYBFLR1,,0.0,,
Lower left body flap,NOTE1,internal,varID,CYBFLR2,,0.0,,
Lower left body flap,NOTE1,internal,varID,CYBFLR3,,0.0,,
Lower left body flap,NOTE1,internal,varID,CYBFLR,,-0.0,,
Lower left body flap,NOTE1,internal,varID,CRBFLR0,,0.0,,
Lower left body flap,NOTE1,internal,varID,CRBFLR1,,0.0,,
Lower left body flap,NOTE1,internal,varID,CRBFLR2,,0.0,,
Lower left body flap,NOTE1,internal,varID,CRBFLR3,,0.0,,
Lower left body flap,NOTE1,internal,varID,CRBFLR,,-0.0,,
Lower left body flap,NOTE1,internal,varID,CNBFLR0,,0.0,,
Lower left body flap,NOTE1,internal,varID,CNBFLR1,,0.0,,
Lower left body flap,NOTE1,internal,varID,CNBFLR2,,0.0,,
Lower left body flap,NOTE1,internal,varID,CNBFLR3,,0.0,,
Lower left body flap,NOTE1,internal,varID,CNBFLR,,-0.0,,
Lower left body flap,NOTE1,internal,varID,CLBFUL0,,0.0,,
Lower left body flap,NOTE1,internal,varID,CLBFUL1,,0.0,,
Lower left body flap,NOTE1,internal,varID,CLBFUL2,,0.0,,
Lower left body flap,NOTE1,internal,varID,CLBFUL3,,0.0,,
Lower left body flap,NOTE1,internal,varID,CLBFUL,,0.0,,
Lower left body flap,NOTE1,internal,varID,CDBFUL0,,0.0,,
Lower left body flap,NOTE1,internal,varID,CDBFUL1,,0.0,,
Lower left body flap,NOTE1,internal,varID,CDBFUL2,,0.0,,
Lower left body flap,NOTE1,internal,varID,CDBFUL3,,0.0,,
Lower left body flap,NOTE1,internal,varID,CDBFUL,,0.0,,
Lower left body flap,NOTE1,internal,varID,CMBFUL0,,0.0,,
Lower left body flap,NOTE1,internal,varID,CMBFUL1,,0.0,,
Lower left body flap,NOTE1,internal,varID,CMBFUL2,,0.0,,
Lower left body flap,NOTE1,internal,varID,CMBFUL3,,0.0,,
Lower left body flap,NOTE1,internal,varID,CMBFUL,,0.0,,
Lower left body flap,NOTE1,internal,varID,CYBFUL0,,0.0,,
Lower left body flap,NOTE1,internal,varID,CYBFUL1,,0.0,,
Lower left body flap,NOTE1,internal,varID,CYBFUL2,,0.0,,
Lower left body flap,NOTE1,internal,varID,CYBFUL3,,0.0,,
Lower left body flap,NOTE1,internal,varID,CYBFUL,,0.0,,
Lower left body flap,NOTE1,internal,varID,CRBFUL0,,0.0,,
Lower left body flap,NOTE1,internal,varID,CRBFUL1,,0.0,,
Lower left body flap,NOTE1,internal,varID,CRBFUL2,,0.0,,
Lower left body flap,NOTE1,internal,varID,CRBFUL3,,0.0,,
Lower left body flap,NOTE1,internal,varID,CRBFUL,,0.0,,
Lower left body flap,NOTE1,internal,varID,CNBFUL0,,0.0,,
Lower left body flap,NOTE1,internal,varID,CNBFUL1,,0.0,,
Lower left body flap,NOTE1,internal,varID,CNBFUL2,,0.0,,
Lower left body flap,NOTE1,internal,varID,CNBFUL3,,0.0,,
Lower left body flap,NOTE1,internal,varID,CNBFUL,,0.0,,
Lower left body flap,NOTE1,internal,varID,CLBFUR0,,0.0,,
Lower left body flap,NOTE1,internal,varID,CLBFUR1,,0.0,,
Lower left body flap,NOTE1,internal,varID,CLBFUR2,,0.0,,
Lower left body flap,NOTE1,internal,varID,CLBFUR3,,0.0,,
Lower left body flap,NOTE1,internal,varID,CLBFUR,,0.0,,
Lower left body flap,NOTE1,internal,varID,CDBFUR0,,0.0,,
Lower left body flap,NOTE1,internal,varID,CDBFUR1,,0.0,,
Lower left body flap,NOTE1,internal,varID,CDBFUR2,,0.0,,
Lower left body flap,NOTE1,internal,varID,CDBFUR3,,0.0,,
Lower left body flap,NOTE1,internal,varID,CDBFUR,,0.0,,
Lower left body flap,NOTE1,internal,varID,CMBFUR0,,0.0,,
Lower left body flap,NOTE1,internal,varID,CMBFUR1,,0.0,,
Lower left body flap,NOTE1,internal,varID,CMBFUR2,,0.0,,
Lower left body flap,NOTE1,internal,varID,CMBFUR3,,0.0,,
Lower left body flap,NOTE1,internal,varID,CMBFUR,,0.0,,
Lower left body flap,NOTE1,internal,varID,CYBFUR0,,0.0,,
Lower left body flap,NOTE1,internal,varID,CYBFUR1,,0.0,,
Lower left body flap,NOTE1,internal,varID,CYBFUR2,,0.0,,
Lower left body flap,NOTE1,internal,varID,CYBFUR3,,0.0,,
Lower left body flap,NOTE1,internal,varID,CYBFUR,,-0.0,,
Lower left body flap,NOTE1,internal,varID,CRBFUR0,,0.0,,
Lower left body flap,NOTE1,internal,varID,CRBFUR1,,0.0,,
Lower left body flap,NOTE1,internal,varID,CRBFUR2,,0.0,,
Lower left body flap,NOTE1,internal,varID,CRBFUR3,,0.0,,
Lower left body flap,NOTE1,internal,varID,CRBFUR,,-0.0,,
Lower left body flap,NOTE1,internal,varID,CNBFUR0,,0.0,,
Lower left body flap,NOTE1,internal,varID,CNBFUR1,,0.0,,
Lower left body flap,NOTE1,internal,varID,CNBFUR2,,0.0,,
Lower left body flap,NOTE1,internal,varID,CNBFUR3,,0.0,,
Lower left body flap,NOTE1,internal,varID,CNBFUR,,-0.0,,
Lower left body flap,NOTE1,internal,varID,CLWFL0,,0.0,,
Lower left body flap,NOTE1,internal,varID,CLWFL1,,0.0,,
Lower left body flap,NOTE1,internal,varID,CLWFL2,,0.0,,
Lower left body flap,NOTE1,internal,varID,CLWFL3,,0.0,,
Lower left body flap,NOTE1,internal,varID,CLWFL,,0.0,,
Lower left body flap,NOTE1,internal,varID,CDWFL0,,0.0,,
Lower left body flap,NOTE1,internal,varID,CDWFL1,,0.0,,
Lower left body flap,NOTE1,internal,varID,CDWFL2,,0.0,,
Lower left body flap,NOTE1,internal,varID,CDWFL3,,0.0,,
Lower left body flap,NOTE1,internal,varID,CDWFL,,0.0,,
Lower left body flap,NOTE1,internal,varID,CMWFL0,,0.0,,
Lower left body flap,NOTE1,internal,varID,CMWFL1,,0.0,,
Lower left body flap,NOTE1,internal,varID,CMWFL2,,0.0,,
Lower left body flap,NOTE1,internal,varID,CMWFL3,,0.0,,
Lower left body flap,NOTE1,internal,varID,CMWFL,,0.0,,
Lower left body flap,NOTE1,internal,varID,CYWFL0,,0.0,,
Lower left body flap,NOTE1,internal,varID,CYWFL1,,0.0,,
Lower left body flap,NOTE1,internal,varID,CYWFL2,,0.0,,
Lower left body flap,NOTE1,internal,varID,CYWFL3,,0.0,,
Lower left body flap,NOTE1,internal,varID,CYWFL,,0.0,,
Lower left body flap,NOTE1,internal,varID,CRWFL0,,0.0,,
Lower left body flap,NOTE1,internal,varID,CRWFL1,,0.0,,
Lower left body flap,NOTE1,internal,varID,CRWFL2,,0.0,,
Lower left body flap,NOTE1,internal,varID,CRWFL3,,0.0,,
Lower left body flap,NOTE1,internal,varID,CRWFL,,0.0,,
Lower left body flap,NOTE1,internal,varID,CNWFL0,,0.0,,
Lower left body flap,NOTE1,internal,varID,CNWFL1,,0.0,,
Lower left body flap,NOTE1,internal,varID,CNWFL2,,0.0,,
Lower left body flap,NOTE1,internal,varID,CNWFL3,,0.0,,
Lower left body flap,NOTE1,internal,varID,CNWFL,,0.0,,
Lower left body flap,NOTE1,internal,varID,CLWFR0,,0.0,,
Lower left body flap,NOTE1,internal,varID,CLWFR1,,0.0,,
Lower left body flap,NOTE1,internal,varID,CLWFR2,,0.0,,
Lower left body flap,NOTE1,internal,varID,CLWFR3,,0.0,,
Lower left body flap,NOTE1,internal,varID,CLWFR,,0.0,,
Lower left body flap,NOTE1,internal,varID,CDWFR0,,0.0,,
Lower left body flap,NOTE1,internal,varID,CDWFR1,,0.0,,
Lower left body flap,NOTE1,internal,varID,CDWFR2,,0.0,,
Lower left body flap,NOTE1,internal,varID,CDWFR3,,0.0,,
Lower left body flap,NOTE1,internal,varID,CDWFR,,0.0,,
Lower left body flap,NOTE1,internal,varID,CMWFR0,,0.0,,
Lower left body flap,NOTE1,internal,varID,CMWFR1,,0.0,,
Lower left body flap,NOTE1,internal,varID,CMWFR2,,0.0,,
Lower left body flap,NOTE1,internal,varID,CMWFR3,,0.0,,
Lower left body flap,NOTE1,internal,varID,CMWFR,,0.0,,
Lower left body flap,NOTE1,internal,varID,CYWFR0,,0.0,,
Lower left body flap,NOTE1,internal,varID,CYWFR1,,0.0,,
Lower left body flap,NOTE1,internal,varID,CYWFR2,,0.0,,
Lower left body flap,NOTE1,internal,varID,CYWFR3,,0.0,,
Lower left body flap,NOTE1,internal,varID,CYWFR,,-0.0,,
Lower left body flap,NOTE1,internal,varID,CRWFR0,,0.0,,
Lower left body flap,NOTE1,internal,varID,CRWFR1,,0.0,,
Lower left body flap,NOTE1,internal,varID,CRWFR2,,0.0,,
Lower left body flap,NOTE1,internal,varID,CRWFR3,,0.0,,
Lower left body flap,NOTE1,internal,varID,CRWFR,,-0.0,,
Lower left body flap,NOTE1,internal,varID,CNWFR0,,0.0,,
Lower left body flap,NOTE1,internal,varID,CNWFR1,,0.0,,
Lower left body flap,NOTE1,internal,varID,CNWFR2,,0.0,,
Lower left body flap,NOTE1,internal,varID,CNWFR3,,0.0,,
Lower left body flap,NOTE1,internal,varID,CNWFR,,-0.0,,
Lower left body flap,NOTE1,internal,varID,CLLG0,,0.0,,
Lower left body flap,NOTE1,internal,varID,CLLG1,,0.0,,
Lower left body flap,NOTE1,internal,varID,CLLG2,,0.0,,
Lower left body flap,NOTE1,internal,varID,CLLG3,,0.0,,
Lower left body flap,NOTE1,internal,varID,CLLG,,0.0,,
Lower left body flap,NOTE1,internal,varID,CDLG0,,0.0,,
Lower left body flap,NOTE1,internal,varID,CDLG1,,0.0,,
Lower left body flap,NOTE1,internal,varID,CDLG2,,0.0,,
Lower left body flap,NOTE1,internal,varID,CDLG3,,0.0,,
Lower left body flap,NOTE1,internal,varID,CDLG,,0.0,,
Lower left body flap,NOTE1,internal,varID,CMLG0,,0.0,,
Lower left body flap,NOTE1,internal,varID,CMLG1,,0.0,,
Lower left body flap,NOTE1,internal,varID,CMLG2,,0.0,,
Lower left body flap,NOTE1,internal,varID,CMLG3,,0.0,,
Lower left body flap,NOTE1,internal,varID,CMLG,,0.0,,
Lower left body flap,NOTE1,internal,varID,CYLG0,,0.0,,
Lower left body flap,NOTE1,internal,varID,CYLG1,,0.0,,
Lower left body flap,NOTE1,internal,varID,CYLG2,,0.0,,
Lower left body flap,NOTE1,internal,varID,CYLG3,,0.0,,
Lower left body flap,NOTE1,internal,varID,CYLG,,0.0,,
Lower left body flap,NOTE1,internal,varID,CRLG0,,0.0,,
Lower left body flap,NOTE1,internal,varID,CRLG1,,0.0,,
Lower left body flap,NOTE1,internal,varID,CRLG2,,0.0,,
Lower left body flap,NOTE1,internal,varID,CRLG3,,0.0,,
Lower left body flap,NOTE1,internal,varID,CRLG,,0.0,,
Lower left body flap,NOTE1,internal,varID,CNLG0,,0.0,,
Lower left body flap,NOTE1,internal,varID,CNLG1,,0.0,,
Lower left body flap,NOTE1,internal,varID,CNLG2,,0.0,,
Lower left body flap,NOTE1,internal,varID,CNLG3,,0.0,,
Lower left body flap,NOTE1,internal,varID,CNLG,,0.0,,
Lower left body flap,NOTE1,internal,varID,CLGE0,,0.0,,
Lower left body flap,NOTE1,internal,varID,CLGE1,,0.0,,
Lower left body flap,NOTE1,internal,varID,CLGE2,,0.0,,
Lower left body flap,NOTE1,internal,varID,CLGE3,,0.0,,
Lower left body flap,NOTE1,internal,varID,CLGE,,0.0,,
Lower left body flap,NOTE1,internal,varID,CDGE0,,0.0,,
Lower left body flap,NOTE1,internal,varID,CDGE1,,0.0,,
Lower left body flap,NOTE1,internal,varID,CDGE2,,0.0,,
Lower left body flap,NOTE1,internal,varID,CDGE3,,0.0,,
Lower left body flap,NOTE1,internal,varID,CDGE,,0.0,,
Lower left body flap,NOTE1,internal,varID,CMGE0,,0.0,,
Lower left body flap,NOTE1,internal,varID,CMGE1,,0.0,,
Lower left body flap,NOTE1,internal,varID,CMGE2,,0.0,,
Lower left body flap,NOTE1,internal,varID,CMGE3,,0.0,,
Lower left body flap,NOTE1,internal,varID,CMGE,,0.0,,
Lower left body flap,NOTE1,internal,varID,CYGE0,,0.0,,
Lower left body flap,NOTE1,internal,varID,CYGE1,,0.0,,
Lower left body flap,NOTE1,internal,varID,CYGE2,,0.0,,
Lower left body flap,NOTE1,internal,varID,CYGE3,,0.0,,
Lower left body flap,NOTE1,internal,varID,CYGE,,0.0,,
Lower left body flap,NOTE1,internal,varID,CRGE0,,0.0,,
Lower left body flap,NOTE1,internal,varID,CRGE1,,0.0,,
Lower left body flap,NOTE1,internal,varID,CRGE2,,0.0,,
Lower left body flap,NOTE1,internal,varID,CRGE3,,0.0,,
Lower left body flap,NOTE1,internal,varID,CRGE,,0.0,,
Lower left body flap,NOTE1,internal,varID,CNGE0,,0.0,,
Lower left body flap,NOTE1,internal,varID,CNGE1,,0.0,,
Lower left body flap,NOTE1,internal,varID,CNGE2,,0.0,,
Lower left body flap,NOTE1,internal,varID,CNGE3,,0.0,,
Lower left body flap,NOTE1,internal,varID,CNGE,,0.0,,
Lower left body flap,NOTE1,internal,varID,sCYRUD,,0.0,,
Lower left body flap,NOTE1,internal,varID,sCRRUD,,0.0,,
Lower left body flap,NOTE1,internal,varID,sCNRUD,,0.0,,
Lower left body flap,NOTE1,internal,varID,CMQ,,-0.155988326714,,
Lower left body flap,NOTE1,internal,varID,CNP,,0.24752343178,,
Lower left body flap,NOTE1,internal,varID,CNR,,-0.8981111534383,,
Lower left body flap,NOTE1,internal,varID,CLP,,-0.506429680738,,
Lower left body flap,NOTE1,internal,varID,CLR,,0.72926521693,,
Lower left body flap,NOTE1,internal,varID,CL,,0.403929474641912,,
Lower left body flap,NOTE1,internal,varID,CD,,0.12119464561768967,,
Lower left body flap,NOTE1,internal,varID,CM,,-0.01372106248036243,,
Lower left body flap,NOTE1,internal,varID,CY,,0.007811152068176265,,
Lower left body flap,NOTE1,internal,varID,CN,,-0.0029837938373496803,,
Lower left body flap,NOTE1,internal,varID,CR,,0.01152928529178163,,
Lower left body flap,NOTE1,output,signalName,referenceWingChord,f,28.24,1e-06,
Lower left body flap,NOTE1,output,signalName,referenceWingSpan,f,13.89,1e-06,
Lower left body flap,NOTE1,output,signalName,referenceWingArea,f2,286.45,1e-06,
Lower left body flap,NOTE1,output,signalName,vrsPositionOfMrc_X,fracMAC,0.54,1e-06,
Lower left body flap,NOTE1,output,signalName,totalCoefficientOfLift,nd,0.40392947197,1e-06,
Lower left body flap,NOTE1,output,signalName,totalCoefficientOfDrag,nd,0.121194645762,1e-06,
Lower left body flap,NOTE1,output,signalName,aeroBodyForceCoefficient_Y,nd,0.007811152376,1e-06,
Lower left body flap,NOTE1,output,signalName,aeroBodyMomentCoefficient_Roll,nd,0.011529285461,1e-06,
Lower left body flap,NOTE1,output,signalName,aeroBodyMomentCoefficient_Pitch,nd,-0.013721060939,1e-06,
Lower left body flap,NOTE1,output,signalName,aeroBodyMomentCoefficient_Yaw,nd,-0.002983793616,1e-06,
Symmetric lower body flap,NOTE1,input,signalName,angleOfAttack,deg,10.3,,
Symmetric lower body flap,NOTE1,input,signalName,angleOfSideslip,deg,0.0,,
Symmetric lower body flap,NOTE1,input,signalName,mach,nd,0.8,,
Symmetric lower body flap,NOTE1,input,signalName,trueAirspeed,f_s,240.0,,
Symmetric lower body flap,NOTE1,input,signalName,heightOfCgWrtRwy,f,20000.0,,
Symmetric lower body flap,NOTE1,input,signalName,bodyAngularRate_Roll,rad_s,0.0,,
Symmetric lower body flap,NOTE1,input,signalName,bodyAngularRate_Pitch,rad_s,0.0,,
Symmetric lower body flap,NOTE1,input,signalName,bodyAngularRate_Yaw,rad_s,0.0,,
Symmetric lower body flap,NOTE1,input,signalName,upperLeftBodyFlapDeflection,deg,0.0,,
Symmetric lower body flap,NOTE1,input,signalName,upperRightBodyFlapDeflection,deg,0.0,,
Symmetric lower body flap,NOTE1,input,signalName,lowerLeftBodyFlapDeflection,deg,19.12,,
Symmetric lower body flap,NOTE1,input,signalName,lowerRightBodyFlapDeflection,deg,19.12,,
Symmetric lower body flap,NOTE1,input,signalName,leftWingFlapDeflection,deg,0.0,,
Symmetric lower body flap,NOTE1,input,signalName,rightWingFlapDeflection,deg,0.0,,
Symmetric lower body flap,NOTE1,input,signalName,rudderDeflection,deg,0.0,,
Symmetric lower body flap,NOTE1,input,signalName,landingGearExtension,deg,0.0,,
Symmetric lower body flap,NOTE1,internal,varID,ALP,,10.3,,
Symmetric lower body flap,NOTE1,internal,varID,BETA,,0.0,,
Symmetric lower body flap,NOTE1,internal,varID,XMACH,,0.8,,
Symmetric lower body flap,NOTE1,internal,varID,PB,,0.0,,
Symmetric lower body flap,NOTE1,internal,varID,QB,,0.0,,
Symmetric lower body flap,NOTE1,internal,varID,RB,,0.0,,
Symmetric lower body flap,NOTE1,internal,varID,VRW,,240.0,,
Symmetric lower body flap,NOTE1,internal,varID,H_rwy,,20000.0,,
Symmetric lower body flap,NOTE1,internal,varID,DBFUL,,0.0,,
Symmetric lower body flap,NOTE1,internal,varID,DBFUR,,0.0,,
Symmetric lower body flap,NOTE1,internal,varID,DBFLL,,19.12,,
Symmetric lower body flap,NOTE1,internal,varID,DBFLR,,19.12,,
Symmetric lower body flap,NOTE1,internal,varID,DWFL,,0.0,,
Symmetric lower body flap,NOTE1,internal,varID,DWFR,,0.0,,
Symmetric lower body flap,NOTE1,internal,varID,DRUD,,0.0,,
Symmetric lower body flap,NOTE1,internal,varID,DLG,,0.0,,
Symmetric lower body flap,NOTE1,internal,varID,CBAR,,28.24,,
Symmetric lower body flap,NOTE1,internal,varID,BSPAN,,13.89,,
Symmetric lower body flap,NOTE1,internal,varID,SWING,,286.45,,
Symmetric lower body flap,NOTE1,internal,varID,XRP,,0.54,,
Symmetric lower body flap,NOTE1,internal,varID,CMQ0,,-0.22364,,
Symmetric lower body flap,NOTE1,internal,varID,CMQ1,,0.020457,,
Symmetric lower body flap,NOTE1,internal,varID,CMQ2,,-0.0016741,,
Symmetric lower body flap,NOTE1,internal,varID,CMQ3,,3.1618e-05,,
Symmetric lower body flap,NOTE1,internal,varID,CNP0,,0.40031,,
Symmetric lower body flap,NOTE1,internal,varID,CNP1,,-0.015518,,
Symmetric lower body flap,NOTE1,internal,varID,CNP2,,-0.00012143,,
Symmetric lower body flap,NOTE1,internal,varID,CNP3,,1.824e-05,,
Symmetric lower body flap,NOTE1,internal,varID,CNR0,,-0.79533,,
Symmetric lower body flap,NOTE1,internal,varID,CNR1,,-0.012647,,
Symmetric lower body flap,NOTE1,internal,varID,CNR2,,0.00032696,,
Symmetric lower body flap,NOTE1,internal,varID,CNR3,,-6.5929e-06,,
Symmetric lower body flap,NOTE1,internal,varID,CLP0,,-0.55242,,
Symmetric lower body flap,NOTE1,internal,varID,CLP1,,0.014478,,
Symmetric lower body flap,NOTE1,internal,varID,CLP2,,-0.0011545,,
Symmetric lower body flap,NOTE1,internal,varID,CLP3,,1.7706e-05,,
Symmetric lower body flap,NOTE1,internal,varID,CLR0,,0.44685,,
Symmetric lower body flap,NOTE1,internal,varID,CLR1,,0.067411,,
Symmetric lower body flap,NOTE1,internal,varID,CLR2,,-0.0051866,,
Symmetric lower body flap,NOTE1,internal,varID,CLR3,,0.00012659,,
Symmetric lower body flap,NOTE1,internal,varID,abs_rud,,0.0,,
Symmetric lower body flap,NOTE1,internal,varID,HOB,,1439.8848092152627,,
Symmetric lower body flap,NOTE1,internal,varID,PBO2V,,0.0,,
Symmetric lower body flap,NOTE1,internal,varID,QCO2V,,0.0,,
Symmetric lower body flap,NOTE1,internal,varID,RBO2V,,0.0,,
Symmetric lower body flap,NOTE1,internal,varID,CL0A0,,-0.073425,,
Symmetric lower body flap,NOTE1,internal,varID,CL0A1,,0.043347,,
Symmetric lower body flap,NOTE1,internal,varID,CL0A2,,0.00012122,,
Symmetric lower body flap,NOTE1,internal,varID,CL0A3,,-1.5927e-05,,
Symmetric lower body flap,NOTE1,internal,varID,CL0,,0.368505466871,,
Symmetric lower body flap,NOTE1,internal,varID,CD0A0,,0.060114,,
Symmetric lower body flap,NOTE1,internal,varID,CD0A1,,-0.002439,,
Symmetric lower body flap,NOTE1,internal,varID,CD0A2,,0.00080564,,
Symmetric lower body flap,NOTE1,internal,varID,CD0A3,,-8.387e-06,,
Symmetric lower body flap,NOTE1,internal,varID,CD0,,0.11129794625100001,,
Symmetric lower body flap,NOTE1,internal,varID,CM0A0,,0.025129,,
Symmetric lower body flap,NOTE1,internal,varID,CM0A1,,-0.0030512,,
Symmetric lower body flap,NOTE1,internal,varID,CM0A2,,-4.8533e-05,,
Symmetric lower body flap,NOTE1,internal,varID,CM0A3,,4.6453e-06,,
Symmetric lower body flap,NOTE1,internal,varID,CM0,,-0.006371181236900003,,
Symmetric lower body flap,NOTE1,internal,varID,CY0A0,,-0.013313,,
Symmetric lower body flap,NOTE1,internal,varID,CY0A1,,-0.00013917,,
Symmetric lower body flap,NOTE1,internal,varID,CY0A2,,1.604e-05,,
Symmetric lower body flap,NOTE1,internal,varID,CY0A3,,-1.4751e-07,,
Symmetric lower body flap,NOTE1,internal,varID,CYB,,-0.013205955559770001,,
Symmetric lower body flap,NOTE1,internal,varID,CR0A0,,-0.0063969,,
Symmetric lower body flap,NOTE1,internal,varID,CR0A1,,-0.00049202,,
Symmetric lower body flap,NOTE1,internal,varID,CR0A2,,2.8527e-05,,
Symmetric lower body flap,NOTE1,internal,varID,CR0A3,,-3.0272e-07,,
Symmetric lower body flap,NOTE1,internal,varID,CRB,,-0.008769066887439999,,
Symmetric lower body flap,NOTE1,internal,varID,CN0A0,,0.0030814,,
Symmetric lower body flap,NOTE1,internal,varID,CN0A1,,0.00011705,,
Symmetric lower body flap,NOTE1,internal,varID,CN0A2,,-2.2768e-06,,
Symmetric lower body flap,NOTE1,internal,varID,CN0A3,,-2.9912e-07,,
Symmetric lower body flap,NOTE1,internal,varID,CNB,,0.00371861278776,,
Symmetric lower body flap,NOTE1,internal,varID,CLRUD0,,0.0,,
Symmetric lower body flap,NOTE1,internal,varID,CLRUD1,,0.0,,
Symmetric lower body flap,NOTE1,internal,varID,CLRUD2,,0.0,,
Symmetric lower body flap,NOTE1,internal,varID,CLRUD3,,0.0,,
Symmetric lower body flap,NOTE1,internal,varID,CLRUD,,0.0,,
Symmetric lower body flap,NOTE1,internal,varID,CDRUD0,,0.0,,
Symmetric lower body flap,NOTE1,internal,varID,CDRUD1,,0.0,,
Symmetric lower body flap,NOTE1,internal,varID,CDRUD2,,0.0,,
Symmetric lower body flap,NOTE1,internal,varID,CDRUD3,,0.0,,
Symmetric lower body flap,NOTE1,internal,varID,CDRUD,,0.0,,
Symmetric lower body flap,NOTE1,internal,varID,CMRUD0,,0.0,,
Symmetric lower body flap,NOTE1,internal,varID,CMRUD1,,0.0,,
Symmetric lower body flap,NOTE1,internal,varID,CMRUD2,,0.0,,
Symmetric lower body flap,NOTE1,internal,varID,CMRUD3,,0.0,,
Symmetric lower body flap,NOTE1,internal,varID,CMRUD,,0.0,,
Symmetric lower body flap,NOTE1,internal,varID,CYRUD0,,0.0,,
Symmetric lower body flap,NOTE1,internal,varID,CYRUD1,,0.0,,
Symmetric lower body flap,NOTE1,internal,varID,CYRUD2,,0.0,,
Symmetric lower body flap,NOTE1,internal,varID,CYRUD3,,0.0,,
Symmetric lower body flap,NOTE1,internal,varID,CYRUD,,0.0,,
Symmetric lower body flap,NOTE1,internal,varID,CRRUD0,,0.0,,
Symmetric lower body flap,NOTE1,internal,varID,CRRUD1,,0.0,,
Symmetric lower body flap,NOTE1,internal,varID,CRRUD2,,0.0,,
Symmetric lower body flap,NOTE1,internal,varID,CRRUD3,,0.0,,
Symmetric lower body flap,NOTE1,internal,varID,CRRUD,,0.0,,
Symmetric lower body flap,NOTE1,internal,varID,CNRUD0,,0.0,,
Symmetric lower body flap,NOTE1,internal,varID,CNRUD1,,0.0,,
Symmetric lower body flap,NOTE1,internal,varID,CNRUD2,,0.0,,
Symmetric lower body flap,NOTE1,internal,varID,CNRUD3,,0.0,,
Symmetric lower body flap,NOTE1,internal,varID,CNRUD,,0.0,,
Symmetric lower body flap,NOTE1,internal,varID,CLBFLL0,,-0.0002039813333333338,,
Symmetric lower body flap,NOTE1,internal,varID,CLBFLL1,,0.0097060616,,
Symmetric lower body flap,NOTE1,internal,varID,CLBFLL2,,-0.0007779796533333333,,
Symmetric lower body flap,NOTE1,internal,varID,CLBFLL3,,1.6647722666666666e-05,,
Symmetric lower body flap,NOTE1,internal,varID,CLBFLL,,0.035424007770912,,
Symmetric lower body flap,NOTE1,internal,varID,CDBFLL0,,0.0020624170666666657,,
Symmetric lower body flap,NOTE1,internal,varID,CDBFLL1,,0.00090469976,,
Symmetric lower body flap,NOTE1,internal,varID,CDBFLL2,,-1.1713005333333335e-05,,
Symmetric lower body flap,NOTE1,internal,varID,CDBFLL3,,-2.2099983999999977e-07,,
Symmetric lower body flap,NOTE1,internal,varID,CDBFLL,,0.009896699366689653,,
Symmetric lower body flap,NOTE1,internal,varID,CMBFLL0,,-0.005496825066666666,,
Symmetric lower body flap,NOTE1,internal,varID,CMBFLL1,,-0.00040032863999999997,,
Symmetric lower body flap,NOTE1,internal,varID,CMBFLL2,,2.825312e-05,,
Symmetric lower body flap,NOTE1,internal,varID,CMBFLL3,,-6.6534888e-07,,
Symmetric lower body flap,NOTE1,internal,varID,CMBFLL,,-0.007349881243462426,,
Symmetric lower body flap,NOTE1,internal,varID,CYBFLL0,,0.007472841866666666,,
Symmetric lower body flap,NOTE1,internal,varID,CYBFLL1,,6.0501279999999825e-05,,
Symmetric lower body flap,NOTE1,internal,varID,CYBFLL2,,2.26985600000001e-06,,
Symmetric lower body flap,NOTE1,internal,varID,CYBFLL3,,-4.810552000000003e-07,,
Symmetric lower body flap,NOTE1,internal,varID,CYBFLL,,0.007811152068176265,,
Symmetric lower body flap,NOTE1,internal,varID,CRBFLL0,,0.008174115733333332,,
Symmetric lower body flap,NOTE1,internal,varID,CRBFLL1,,0.0006460713066666667,,
Symmetric lower body flap,NOTE1,internal,varID,CRBFLL2,,-3.5151311999999996e-05,,
Symmetric lower body flap,NOTE1,internal,varID,CRBFLL3,,3.9336246826666665e-07,,
Symmetric lower body flap,NOTE1,internal,varID,CRBFLL,,0.01152928529178163,,
Symmetric lower body flap,NOTE1,internal,varID,CNBFLL0,,-0.0047257456,,
Symmetric lower body flap,NOTE1,internal,varID,CNBFLL1,,0.00023624278933333335,,
Symmetric lower body flap,NOTE1,internal,varID,CNBFLL2,,-8.41610666666667e-06,,
Symmetric lower body flap,NOTE1,internal,varID,CNBFLL3,,1.8441549333333337e-07,,
Symmetric lower body flap,NOTE1,internal,varID,CNBFLL,,-0.0029837938373496803,,
Symmetric lower body flap,NOTE1,internal,varID,CLBFLR0,,-0.0002039813333333338,,
Symmetric lower body flap,NOTE1,internal,varID,CLBFLR1,,0.0097060616,,
Symmetric lower body flap,NOTE1,internal,varID,CLBFLR2,,-0.0007779796533333333,,
Symmetric lower body flap,NOTE1,internal,varID,CLBFLR3,,1.6647722666666666e-05,,
Symmetric lower body flap,NOTE1,internal,varID,CLBFLR,,0.035424007770912,,
Symmetric lower body flap,NOTE1,internal,varID,CDBFLR0,,0.0020624170666666657,,
Symmetric lower body flap,NOTE1,internal,varID,CDBFLR1,,0.00090469976,,
Symmetric lower body flap,NOTE1,internal,varID,CDBFLR2,,-1.1713005333333335e-05,,
Symmetric lower body flap,NOTE1,internal,varID,CDBFLR3,,-2.2099983999999977e-07,,
Symmetric lower body flap,NOTE1,internal,varID,CDBFLR,,0.009896699366689653,,
Symmetric lower body flap,NOTE1,internal,varID,CMBFLR0,,-0.005496825066666666,,
Symmetric lower body flap,NOTE1,internal,varID,CMBFLR1,,-0.00040032863999999997,,
Symmetric lower body flap,NOTE1,internal,varID,CMBFLR2,,2.825312e-05,,
Symmetric lower body flap,NOTE1,internal,varID,CMBFLR3,,-6.6534888e-07,,
Symmetric lower body flap,NOTE1,internal,varID,CMBFLR,,-0.007349881243462426,,
Symmetric lower body flap,NOTE1,internal,varID,CYBFLR0,,0.007472841866666666,,
Symmetric lower body flap,NOTE1,internal,varID,CYBFLR1,,6.0501279999999825e-05,,
Symmetric lower body flap,NOTE1,internal,varID,CYBFLR2,,2.26985600000001e-06,,
Symmetric lower body flap,NOTE1,internal,varID,CYBFLR3,,-4.810552000000003e-07,,
Symmetric lower body flap,NOTE1,internal,varID,CYBFLR,,-0.007811152068176265,,
Symmetric lower body flap,NOTE1,internal,varID,CRBFLR0,,0.008174115733333332,,
Symmetric lower body flap,NOTE1,internal,varID,CRBFLR1,,0.0006460713066666667,,
Symmetric lower body flap,NOTE1,internal,varID,CRBFLR2,,-3.5151311999999996e-05,,
Symmetric lower body flap,NOTE1,internal,varID,CRBFLR3,,3.9336246826666665e-07,,
Symmetric lower body flap,NOTE1,internal,varID,CRBFLR,,-0.01152928529178163,,
Symmetric lower body flap,NOTE1,internal,varID,CNBFLR0,,-0.0047257456,,
Symmetric lower body flap,NOTE1,internal,varID,CNBFLR1,,0.00023624278933333335,,
Symmetric lower body flap,NOTE1,internal,varID,CNBFLR2,,-8.41610666666667e-06,,
Symmetric lower body flap,NOTE1,internal,varID,CNBFLR3,,1.8441549333333337e-07,,
Symmetric lower body flap,NOTE1,internal,varID,CNBFLR,,0.0029837938373496803,,
Symmetric lower body flap,NOTE1,internal,varID,CLBFUL0,,0.0,,
Symmetric lower body flap,NOTE1,internal,varID,CLBFUL1,,0.0,,
Symmetric lower body flap,NOTE1,internal,varID,CLBFUL2,,0.0,,
Symmetric lower body flap,NOTE1,internal,varID,CLBFUL3,,0.0,,
Symmetric lower body flap,NOTE1,internal,varID,CLBFUL,,0.0,,
Symmetric lower body flap,NOTE1,internal,varID,CDBFUL0,,0.0,,
Symmetric lower body flap,NOTE1,internal,varID,CDBFUL1,,0.0,,
Symmetric lower body flap,NOTE1,internal,varID,CDBFUL2,,0.0,,
Symmetric lower body flap,NOTE1,internal,varID,CDBFUL3,,0.0,,
Symmetric lower body flap,NOTE1,internal,varID,CDBFUL,,0.0,,
Symmetric lower body flap,NOTE1,internal,varID,CMBFUL0,,0.0,,
Symmetric lower body flap,NOTE1,internal,varID,CMBFUL1,,0.0,,
Symmetric lower body flap,NOTE1,internal,varID,CMBFUL2,,0.0,,
Symmetric lower body flap,NOTE1,internal,varID,CMBFUL3,,0.0,,
Symmetric lower body flap,NOTE1,internal,varID,CMBFUL,,0.0,,
Symmetric lower body flap,NOTE1,internal,varID,CYBFUL0,,0.0,,
Symmetric lower body flap,NOTE1,internal,varID,CYBFUL1,,0.0,,
Symmetric lower body flap,NOTE1,internal,varID,CYBFUL2,,0.0,,
Symmetric lower body flap,NOTE1,internal,varID,CYBFUL3,,0.0,,
Symmetric lower body flap,NOTE1,internal,varID,CYBFUL,,0.0,,
Symmetric lower body flap,NOTE1,internal,varID,CRBFUL0,,0.0,,
Symmetric lower body flap,NOTE1,internal,varID,CRBFUL1,,0.0,,
Symmetric lower body flap,NOTE1,internal,varID,CRBFUL2,,0.0,,
Symmetric lower body flap,NOTE1,internal,varID,CRBFUL3,,0.0,,
Symmetric lower body flap,NOTE1,internal,varID,CRBFUL,,0.0,,
Symmetric lower body flap,NOTE1,internal,varID,CNBFUL0,,0.0,,
Symmetric lower body flap,NOTE1,internal,varID,CNBFUL1,,0.0,,
Symmetric lower body flap,NOTE1,internal,varID,CNBFUL2,,0.0,,
Symmetric lower body flap,NOTE1,internal,varID,CNBFUL3,,0.0,,
Symmetric lower body flap,NOTE1,internal,varID,CNBFUL,,0.0,,
Symmetric lower body flap,NOTE1,internal,varID,CLBFUR0,,0.0,,
Symmetric lower body flap,NOTE1,internal,varID,CLBFUR1,,0.0,,
Symmetric lower body flap,NOTE1,internal,varID,CLBFUR2,,0.0,,
Symmetric lower body flap,NOTE1,internal,varID,CLBFUR3,,0.0,,
Symmetric lower body flap,NOTE1,internal,varID,CLBFUR,,0.0,,
Symmetric lower body flap,NOTE1,internal,varID,CDBFUR0,,0.0,,
Symmetric lower body flap,NOTE1,internal,varID,CDBFUR1,,0.0,,
Symmetric lower body flap,NOTE1,internal,varID,CDBFUR2,,0.0,,
Symmetric lower body flap,NOTE1,internal,varID,CDBFUR3,,0.0,,
Symmetric lower body flap,NOTE1,internal,varID,CDBFUR,,0.0,,
Symmetric lower body flap,NOTE1,internal,varID,CMBFUR0,,0.0,,
Symmetric lower body flap,NOTE1,internal,varID,CMBFUR1,,0.0,,
Symmetric lower body flap,NOTE1,internal,varID,CMBFUR2,,0.0,,
Symmetric lower body flap,NOTE1,internal,varID,CMBFUR3,,0.0,,
Symmetric lower body flap,NOTE1,internal,varID,CMBFUR,,0.0,,
Symmetric lower body flap,NOTE1,internal,varID,CYBFUR0,,0.0,,
Symmetric lower body flap,NOTE1,internal,varID,CYBFUR1,,0.0,,
Symmetric lower body flap,NOTE1,internal,varID,CYBFUR2,,0.0,,
Symmetric lower body flap,NOTE1,internal,varID,CYBFUR3,,0.0,,
Symmetric lower body flap,NOTE1,internal,varID,CYBFUR,,-0.0,,
Symmetric lower body flap,NOTE1,internal,varID,CRBFUR0,,0.0,,
Symmetric lower body flap,NOTE1,internal,varID,CRBFUR1,,0.0,,
Symmetric lower body flap,NOTE1,internal,varID,CRBFUR2,,0.0,,
Symmetric lower body flap,NOTE1,internal,varID,CRBFUR3,,0.0,,
Symmetric lower body flap,NOTE1,internal,varID,CRBFUR,,-0.0,,
Symmetric lower body flap,NOTE1,internal,varID,CNBFUR0,,0.0,,
Symmetric lower body flap,NOTE1,internal,varID,CNBFUR1,,0.0,,
Symmetric lower body flap,NOTE1,internal,varID,CNBFUR2,,0.0,,
Symmetric lower body flap,NOTE1,internal,varID,CNBFUR3,,0.0,,
Symmetric lower body flap,NOTE1,internal,varID,CNBFUR,,-0.0,,
Symmetric lower body flap,NOTE1,internal,varID,CLWFL0,,0.0,,
Symmetric lower body flap,NOTE1,internal,varID,CLWFL1,,0.0,,
Symmetric lower body flap,NOTE1,internal,varID,CLWFL2,,0.0,,
Symmetric lower body flap,NOTE1,internal,varID,CLWFL3,,0.0,,
Symmetric lower body flap,NOTE1,internal,varID,CLWFL,,0.0,,
Symmetric lower body flap,NOTE1,internal,varID,CDWFL0,,0.0,,
Symmetric lower body flap,NOTE1,internal,varID,CDWFL1,,0.0,,
Symmetric lower body flap,NOTE1,internal,varID,CDWFL2,,0.0,,
Symmetric lower body flap,NOTE1,internal,varID,CDWFL3,,0.0,,
Symmetric lower body flap,NOTE1,internal,varID,CDWFL,,0.0,,
Symmetric lower body flap,NOTE1,internal,varID,CMWFL0,,0.0,,
Symmetric lower body flap,NOTE1,internal,varID,CMWFL1,,0.0,,
Symmetric lower body flap,NOTE1,internal,varID,CMWFL2,,0.0,,
Symmetric lower body flap,NOTE1,internal,varID,CMWFL3,,0.0,,
Symmetric lower body flap,NOTE1,internal,varID,CMWFL,,0.0,,
Symmetric lower body flap,NOTE1,internal,varID,CYWFL0,,0.0,,
Symmetric lower body flap,NOTE1,internal,varID,CYWFL1,,0.0,,
Symmetric lower body flap,NOTE1,internal,varID,CYWFL2,,0.0,,
Symmetric lower body flap,NOTE1,internal,varID,CYWFL3,,0.0,,
Symmetric lower body flap,NOTE1,internal,varID,CYWFL,,0.0,,
Symmetric lower body flap,NOTE1,internal,varID,CRWFL0,,0.0,,
Symmetric lower body flap,NOTE1,internal,varID,CRWFL1,,0.0,,
Symmetric lower body flap,NOTE1,internal,varID,CRWFL2,,0.0,,
Symmetric lower body flap,NOTE1,internal,varID,CRWFL3,,0.0,,
Symmetric lower body flap,NOTE1,internal,varID,CRWFL,,0.0,,
Symmetric lower body flap,NOTE1,internal,varID,CNWFL0,,0.0,,
Symmetric lower body flap,NOTE1,internal,varID,CNWFL1,,0.0,,
Symmetric lower body flap,NOTE1,internal,varID,CNWFL2,,0.0,,
Symmetric lower body flap,NOTE1,internal,varID,CNWFL3,,0.0,,
Symmetric lower body flap,NOTE1,internal,varID,CNWFL,,0.0,,
Symmetric lower body flap,NOTE1,internal,varID,CLWFR0,,0.0,,
Symmetric lower body flap,NOTE1,internal,varID,CLWFR1,,0.0,,
Symmetric lower body flap,NOTE1,internal,varID,CLWFR2,,0.0,,
Symmetric lower body flap,NOTE1,internal,varID,CLWFR3,,0.0,,
Symmetric lower body flap,NOTE1,internal,varID,CLWFR,,0.0,,
Symmetric lower body flap,NOTE1,internal,varID,CDWFR0,,0.0,,
Symmetric lower body flap,NOTE1,internal,varID,CDWFR1,,0.0,,
Symmetric lower body flap,NOTE1,internal,varID,CDWFR2,,0.0,,
Symmetric lower body flap,NOTE1,internal,varID,CDWFR3,,0.0,,
Symmetric lower body flap,NOTE1,internal,varID,CDWFR,,0.0,,
Symmetric lower body flap,NOTE1,internal,varID,CMWFR0,,0.0,,
Symmetric lower body flap,NOTE1,internal,varID,CMWFR1,,0.0,,
Symmetric lower body flap,NOTE1,internal,varID,CMWFR2,,0.0,,
Symmetric lower body flap,NOTE1,internal,varID,CMWFR3,,0.0,,
Symmetric lower body flap,NOTE1,internal,varID,CMWFR,,0.0,,
Symmetric lower body flap,NOTE1,internal,varID,CYWFR0,,0.0,,
Symmetric lower body flap,NOTE1,internal,varID,CYWFR1,,0.0,,
Symmetric lower body flap,NOTE1,internal,varID,CYWFR2,,0.0,,
Symmetric lower body flap,NOTE1,internal,varID,CYWFR3,,0.0,,
Symmetric lower body flap,NOTE1,internal,varID,CYWFR,,-0.0,,
Symmetric lower body flap,NOTE1,internal,varID,CRWFR0,,0.0,,
Symmetric lower body flap,NOTE1,internal,varID,CRWFR1,,0.0,,
Symmetric lower body flap,NOTE1,internal,varID,CRWFR2,,0.0,,
Symmetric lower body flap,NOTE1,internal,varID,CRWFR3,,0.0,,
Symmetric lower body flap,NOTE1,internal,varID,CRWFR,,-0.0,,
Symmetric lower body flap,NOTE1,internal,varID,CNWFR0,,0.0,,
Symmetric lower body flap,NOTE1,internal,varID,CNWFR1,,0.0,,
Symmetric lower body flap,NOTE1,internal,varID,CNWFR2,,0.0,,
Symmetric lower body flap,NOTE1,internal,varID,CNWFR3,,0.0,,
Symmetric lower body flap,NOTE1,internal,varID,CNWFR,,-0.0,,
Symmetric lower body flap,NOTE1,internal,varID,CLLG0,,0.0,,
Symmetric lower body flap,NOTE1,internal,varID,CLLG1,,0.0,,
Symmetric lower body flap,NOTE1,internal,varID,CLLG2,,0.0,,
Symmetric lower body flap,NOTE1,internal,varID,CLLG3,,0.0,,
Symmetric lower body flap,NOTE1,internal,varID,CLLG,,0.0,,
Symmetric lower body flap,NOTE1,internal,varID,CDLG0,,0.0,,
Symmetric lower body flap,NOTE1,internal,varID,CDLG1,,0.0,,
Symmetric lower body flap,NOTE1,internal,varID,CDLG2,,0.0,,
Symmetric lower body flap,NOTE1,internal,varID,CDLG3,,0.0,,
Symmetric lower body flap,NOTE1,internal,varID,CDLG,,0.0,,
Symmetric lower body flap,NOTE1,internal,varID,CMLG0,,0.0,,
Symmetric lower body flap,NOTE1,internal,varID,CMLG1,,0.0,,
Symmetric lower body flap,NOTE1,internal,varID,CMLG2,,0.0,,
Symmetric lower body flap,NOTE1,internal,varID,CMLG3,,0.0,,
Symmetric lower body flap,NOTE1,internal,varID,CMLG,,0.0,,
Symmetric lower body flap,NOTE1,internal,varID,CYLG0,,0.0,,
Symmetric lower body flap,NOTE1,internal,varID,CYLG1,,0.0,,
Symmetric lower body flap,NOTE1,internal,varID,CYLG2,,0.0,,
Symmetric lower body flap,NOTE1,internal,varID,CYLG3,,0.0,,
Symmetric lower body flap,NOTE1,internal,varID,CYLG,,0.0,,
Symmetric lower body flap,NOTE1,internal,varID,CRLG0,,0.0,,
Symmetric lower body flap,NOTE1,internal,varID,CRLG1,,0.0,,
Symmetric lower body flap,NOTE1,internal,varID,CRLG2,,0.0,,
Symmetric lower body flap,NOTE1,internal,varID,CRLG3,,0.0,,
Symmetric lower body flap,NOTE1,internal,varID,CRLG,,0.0,,
Symmetric lower body flap,NOTE1,internal,varID,CNLG0,,0.0,,
Symmetric lower body flap,NOTE1,internal,varID,CNLG1,,0.0,,
Symmetric lower body flap,NOTE1,internal,varID,CNLG2,,0.0,,
Symmetric lower body flap,NOTE1,internal,varID,CNLG3,,0.0,,
Symmetric lower body flap,NOTE1,internal,varID,CNLG,,0.0,,
Symmetric lower body flap,NOTE1,internal,varID,CLGE0,,0.0,,
Symmetric lower body flap,NOTE1,internal,varID,CLGE1,,0.0,,
Symmetric lower body flap,NOTE1,internal,varID,CLGE2,,0.0,,
Symmetric lower body flap,NOTE1,internal,varID,CLGE3,,0.0,,
Symmetric lower body flap,NOTE1,internal,varID,CLGE,,0.0,,
Symmetric lower body flap,NOTE1,internal,varID,CDGE0,,0.0,,
Symmetric lower body flap,NOTE1,internal,varID,CDGE1,,0.0,,
Symmetric lower body flap,NOTE1,internal,varID,CDGE2,,0.0,,
Symmetric lower body flap,NOTE1,internal,varID,CDGE3,,0.0,,
Symmetric lower body flap,NOTE1,internal,varID,CDGE,,0.0,,
Symmetric lower body flap,NOTE1,internal,varID,CMGE0,,0.0,,
Symmetric lower body flap,NOTE1,internal,varID,CMGE1,,0.0,,
Symmetric lower body flap,NOTE1,internal,varID,CMGE2,,0.0,,
Symmetric lower body flap,NOTE1,internal,varID,CMGE3,,0.0,,
Symmetric lower body flap,NOTE1,internal,varID,CMGE,,0.0,,
Symmetric lower body flap,NOTE1,internal,varID,CYGE0,,0.0,,
Symmetric lower body flap,NOTE1,internal,varID,CYGE1,,0.0,,
Symmetric lower body flap,NOTE1,internal,varID,CYGE2,,0.0,,
Symmetric lower body flap,NOTE1,internal,varID,CYGE3,,0.0,,
Symmetric lower body flap,NOTE1,internal,varID,CYGE,,0.0,,
Symmetric lower body flap,NOTE1,internal,varID,CRGE0,,0.0,,
Symmetric lower body flap,NOTE1,internal,varID,CRGE1,,0.0,,
Symmetric lower body flap,NOTE1,internal,varID,CRGE2,,0.0,,
Symmetric lower body flap,NOTE1,internal,varID,CRGE3,,0.0,,
Symmetric lower body flap,NOTE1,internal,varID,CRGE,,0.0,,
Symmetric lower body flap,NOTE1,internal,varID,CNGE0,,0.0,,
Symmetric lower body flap,NOTE1,internal,varID,CNGE1,,0.0,,
Symmetric lower body flap,NOTE1,internal,varID,CNGE2,,0.0,,
Symmetric lower body flap,NOTE1,internal,varID,CNGE3,,0.0,,
Symmetric lower body flap,NOTE1,internal,varID,CNGE,,0.0,,
Symmetric lower body flap,NOTE1,internal,varID,sCYRUD,,0.0,,
Symmetric lower body flap,NOTE1,internal,varID,sCRRUD,,0.0,,
Symmetric lower body flap,NOTE1,internal,varID,sCNRUD,,0.0,,
Symmetric lower body flap,NOTE1,internal,varID,CMQ,,-0.155988326714,,
Symmetric lower body flap,NOTE1,internal,varID,CNP,,0.24752343178,,
Symmetric lower body flap,NOTE1,internal,varID,CNR,,-0.8981111534383,,
Symmetric lower body flap,NOTE1,internal,varID,CLP,,-0.506429680738,,
Symmetric lower body flap,NOTE1,internal,varID,CLR,,0.72926521693,,
Symmetric lower body flap,NOTE1,internal,varID,CL,,0.43935348241282396,,
Symmetric lower body flap,NOTE1,internal,varID,CD,,0.13109134498437933,,
Symmetric lower body flap,NOTE1,internal,varID,CM,,-0.021070943723824856,,
Symmetric lower body flap,NOTE1,internal,varID,CY,,0.0,,
Symmetric lower body flap,NOTE1,internal,varID,CN,,0.0,,
Symmetric lower body flap,NOTE1,internal,varID,CR,,0.0,,
Symmetric lower body flap,NOTE1,output,signalName,referenceWingChord,f,28.24,1e-06,
Symmetric lower body flap,NOTE1,output,signalName,referenceWingSpan,f,13.89,1e-06,
Symmetric lower body flap,NOTE1,output,signalName,referenceWingArea,f2,286.45,1e-06,
Symmetric lower body flap,NOTE1,output,signalName,vrsPositionOfMrc_X,fracMAC,0.54,1e-06,
Symmetric lower body flap,NOTE1,output,signalName,totalCoefficientOfLift,nd,0.439353466034,1e-06,
Symmetric lower body flap,NOTE1,output,signalName,totalCoefficientOfDrag,nd,0.131091341376,1e-06,
Symmetric lower body flap,NOTE1,output,signalName,aeroBodyForceCoefficient_Y,nd,0.0,1e-06,
Symmetric lower body flap,NOTE1,output,signalName,aeroBodyMomentCoefficient_Roll,nd,0.0,1e-06,
Symmetric lower body flap,NOTE1,output,signalName,aeroBodyMomentCoefficient_Pitch,nd,-0.021070942283,1e-06,
Symmetric lower body flap,NOTE1,output,signalName,aeroBodyMomentCoefficient_Yaw,nd,0.0,1e-06,
Lower right body flap,NOTE1,input,signalName,angleOfAttack,deg,10.3,,
Lower right body flap,NOTE1,input,signalName,angleOfSideslip,deg,0.0,,
Lower right body flap,NOTE1,input,signalName,mach,nd,0.8,,
Lower right body flap,NOTE1,input,signalName,trueAirspeed,f_s,240.0,,
Lower right body flap,NOTE1,input,signalName,heightOfCgWrtRwy,f,20000.0,,
Lower right body flap,NOTE1,input,signalName,bodyAngularRate_Roll,rad_s,0.0,,
Lower right body flap,NOTE1,input,signalName,bodyAngularRate_Pitch,rad_s,0.0,,
Lower right body flap,NOTE1,input,signalName,bodyAngularRate_Yaw,rad_s,0.0,,
Lower right body flap,NOTE1,input,signalName,upperLeftBodyFlapDeflection,deg,0.0,,
Lower right body flap,NOTE1,input,signalName,upperRightBodyFlapDeflection,deg,0.0,,
Lower right body flap,NOTE1,input,signalName,lowerLeftBodyFlapDeflection,deg,0.0,,
Lower right body flap,NOTE1,input,signalName,lowerRightBodyFlapDeflection,deg,19.12,,
Lower right body flap,NOTE1,input,signalName,leftWingFlapDeflection,deg,0.0,,
Lower right body flap,NOTE1,input,signalName,rightWingFlapDeflection,deg,0.0,,
Lower right body flap,NOTE1,input,signalName,rudderDeflection,deg,0.0,,
Lower right body flap,NOTE1,input,signalName,landingGearExtension,deg,0.0,,
Lower right body flap,NOTE1,internal,varID,ALP,,10.3,,
Lower right body flap,NOTE1,internal,varID,BETA,,0.0,,
Lower right body flap,NOTE1,internal,varID,XMACH,,0.8,,
Lower right body flap,NOTE1,internal,varID,PB,,0.0,,
Lower right body flap,NOTE1,internal,varID,QB,,0.0,,
Lower right body flap,NOTE1,internal,varID,RB,,0.0,,
Lower right body flap,NOTE1,internal,varID,VRW,,240.0,,
Lower right body flap,NOTE1,internal,varID,H_rwy,,20000.0,,
Lower right body flap,NOTE1,internal,varID,DBFUL,,0.0,,
Lower right body flap,NOTE1,internal,varID,DBFUR,,0.0,,
Lower right body flap,NOTE1,internal,varID,DBFLL,,0.0,,
Lower right body flap,NOTE1,internal,varID,DBFLR,,19.12,,
Lower right body flap,NOTE1,internal,varID,DWFL,,0.0,,
Lower right body flap,NOTE1,internal,varID,DWFR,,0.0,,
Lower right body flap,NOTE1,internal,varID,DRUD,,0.0,,
Lower right body flap,NOTE1,internal,varID,DLG,,0.0,,
Lower right body flap,NOTE1,internal,varID,CBAR,,28.24,,
Lower right body flap,NOTE1,internal,varID,BSPAN,,13.89,,
Lower right body flap,NOTE1,internal,varID,SWING,,286.45,,
Lower right body flap,NOTE1,internal,varID,XRP,,0.54,,
Lower right body flap,NOTE1,internal,varID,CMQ0,,-0.22364,,
Lower right body flap,NOTE1,internal,varID,CMQ1,,0.020457,,
Lower right body flap,NOTE1,internal,varID,CMQ2,,-0.0016741,,
Lower right body flap,NOTE1,internal,varID,CMQ3,,3.1618e-05,,
Lower right body flap,NOTE1,internal,varID,CNP0,,0.40031,,
Lower right body flap,NOTE1,internal,varID,CNP1,,-0.015518,,
Lower right body flap,NOTE1,internal,varID,CNP2,,-0.00012143,,
Lower right body flap,NOTE1,internal,varID,CNP3,,1.824e-05,,
Lower right body flap,NOTE1,internal,varID,CNR0,,-0.79533,,
Lower right body flap,NOTE1,internal,varID,CNR1,,-0.012647,,
Lower right body flap,NOTE1,internal,varID,CNR2,,0.00032696,,
Lower right body flap,NOTE1,internal,varID,CNR3,,-6.5929e-06,,
Lower right body flap,NOTE1,internal,varID,CLP0,,-0.55242,,
Lower right body flap,NOTE1,internal,varID,CLP1,,0.014478,,
Lower right body flap,NOTE1,internal,varID,CLP2,,-0.0011545,,
Lower right body flap,NOTE1,internal,varID,CLP3,,1.7706e-05,,
Lower right body flap,NOTE1,internal,varID,CLR0,,0.44685,,
Lower right body flap,NOTE1,internal,varID,CLR1,,0.067411,,
Lower right body flap,NOTE1,internal,varID,CLR2,,-0.0051866,,
Lower right body flap,NOTE1,internal,varID,CLR3,,0.00012659,,
Lower right body flap,NOTE1,internal,varID,abs_rud,,0.0,,
Lower right body flap,NOTE1,internal,varID,HOB,,1439.8848092152627,,
Lower right body flap,NOTE1,internal,varID,PBO2V,,0.0,,
Lower right body flap,NOTE1,internal,varID,QCO2V,,0.0,,
Lower right body flap,NOTE1,internal,varID,RBO2V,,0.0,,
Lower right body flap,NOTE1,internal,varID,CL0A0,,-0.073425,,
Lower right body flap,NOTE1,internal,varID,CL0A1,,0.043347,,
Lower right body flap,NOTE1,internal,varID,CL0A2,,0.00012122,,
Lower right body flap,NOTE1,internal,varID,CL0A3,,-1.5927e-05,,
Lower right body flap,NOTE1,internal,varID,CL0,,0.368505466871,,
Lower right body flap,NOTE1,internal,varID,CD0A0,,0.060114,,
Lower right body flap,NOTE1,internal,varID,CD0A1,,-0.002439,,
Lower right body flap,NOTE1,internal,varID,CD0A2,,0.00080564,,
Lower right body flap,NOTE1,internal,varID,CD0A3,,-8.387e-06,,
Lower right body flap,NOTE1,internal,varID,CD0,,0.11129794625100001,,
Lower right body flap,NOTE1,internal,varID,CM0A0,,0.025129,,
Lower right body flap,NOTE1,internal,varID,CM0A1,,-0.0030512,,
Lower right body flap,NOTE1,internal,varID,CM0A2,,-4.8533e-05,,
Lower right body flap,NOTE1,internal,varID,CM0A3,,4.6453e-06,,
Lower right body flap,NOTE1,internal,varID,CM0,,-0.006371181236900003,,
Lower right body flap,NOTE1,internal,varID,CY0A0,,-0.013313,,
Lower right body flap,NOTE1,internal,varID,CY0A1,,-0.00013917,,
Lower right body flap,NOTE1,internal,varID,CY0A2,,1.604e-05,,
Lower right body flap,NOTE1,internal,varID,CY0A3,,-1.4751e-07,,
Lower right body flap,NOTE1,internal,varID,CYB,,-0.013205955559770001,,
Lower right body flap,NOTE1,internal,varID,CR0A0,,-0.0063969,,
Lower right body flap,NOTE1,internal,varID,CR0A1,,-0.00049202,,
Lower right body flap,NOTE1,internal,varID,CR0A2,,2.8527e-05,,
Lower right body flap,NOTE1,internal,varID,CR0A3,,-3.0272e-07,,
Lower right body flap,NOTE1,internal,varID,CRB,,-0.008769066887439999,,
Lower right body flap,NOTE1,internal,varID,CN0A0,,0.0030814,,
Lower right body flap,NOTE1,internal,varID,CN0A1,,0.00011705,,
Lower right body flap,NOTE1,internal,varID,CN0A2,,-2.2768e-06,,
Lower right body flap,NOTE1,internal,varID,CN0A3,,-2.9912e-07,,
Lower right body flap,NOTE1,internal,varID,CNB,,0.00371861278776,,
Lower right body flap,NOTE1,internal,varID,CLRUD0,,0.0,,
Lower right body flap,NOTE1,internal,varID,CLRUD1,,0.0,,
Lower right body flap,NOTE1,internal,varID,CLRUD2,,0.0,,
Lower right body flap,NOTE1,internal,varID,CLRUD3,,0.0,,
Lower right body flap,NOTE1,internal,varID,CLRUD,,0.0,,
Lower right body flap,NOTE1,internal,varID,CDRUD0,,0.0,,
Lower right body flap,NOTE1,internal,varID,CDRUD1,,0.0,,
Lower right body flap,NOTE1,internal,varID,CDRUD2,,0.0,,
Lower right body flap,NOTE1,internal,varID,CDRUD3,,0.0,,
Lower right body flap,NOTE1,internal,varID,CDRUD,,0.0,,
Lower right body flap,NOTE1,internal,varID,CMRUD0,,0.0,,
Lower right body flap,NOTE1,internal,varID,CMRUD1,,0.0,,
Lower right body flap,NOTE1,internal,varID,CMRUD2,,0.0,,
Lower right body flap,NOTE1,internal,varID,CMRUD3,,0.0,,
Lower right body flap,NOTE1,internal,varID,CMRUD,,0.0,,
Lower right body flap,NOTE1,internal,varID,CYRUD0,,0.0,,
Lower right body flap,NOTE1,internal,varID,CYRUD1,,0.0,,
Lower right body flap,NOTE1,internal,varID,CYRUD2,,0.0,,
Lower right body flap,NOTE1,internal,varID,CYRUD3,,0.0,,
Lower right body flap,NOTE1,internal,varID,CYRUD,,0.0,,
Lower right body flap,NOTE1,internal,varID,CRRUD0,,0.0,,
Lower right body flap,NOTE1,internal,varID,CRRUD1,,0.0,,
Lower right body flap,NOTE1,internal,varID,CRRUD2,,0.0,,
Lower right body flap,NOTE1,internal,varID,CRRUD3,,0.0,,
Lower right body flap,NOTE1,internal,varID,CRRUD,,0.0,,
Lower right body flap,NOTE1,internal,varID,CNRUD0,,0.0,,
Lower right body flap,NOTE1,internal,varID,CNRUD1,,0.0,,
Lower right body flap,NOTE1,internal,varID,CNRUD2,,0.0,,
Lower right body flap,NOTE1,internal,varID,CNRUD3,,0.0,,
Lower right body flap,NOTE1,internal,varID,CNRUD,,0.0,,
Lower right body flap,NOTE1,internal,varID,CLBFLL0,,0.0,,
Lower right body flap,NOTE1,internal,varID,CLBFLL1,,0.0,,
Lower right body flap,NOTE1,internal,varID,CLBFLL2,,0.0,,
Lower right body flap,NOTE1,internal,varID,CLBFLL3,,0.0,,
Lower right body flap,NOTE1,internal,varID,CLBFLL,,0.0,,
Lower right body flap,NOTE1,internal,varID,CDBFLL0,,0.0,,
Lower right body flap,NOTE1,internal,varID,CDBFLL1,,0.0,,
Lower right body flap,NOTE1,internal,varID,CDBFLL2,,0.0,,
Lower right body flap,NOTE1,internal,varID,CDBFLL3,,0.0,,
Lower right body flap,NOTE1,internal,varID,CDBFLL,,0.0,,
Lower right body flap,NOTE1,internal,varID,CMBFLL0,,0.0,,
Lower right body flap,NOTE1,internal,varID,CMBFLL1,,0.0,,
Lower right body flap,NOTE1,internal,varID,CMBFLL2,,0.0,,
Lower right body flap,NOTE1,internal,varID,CMBFLL3,,0.0,,
Lower right body flap,NOTE1,internal,varID,CMBFLL,,0.0,,
Lower right body flap,NOTE1,internal,varID,CYBFLL0,,0.0,,
Lower right body flap,NOTE1,internal,varID,CYBFLL1,,0.0,,
Lower right body flap,NOTE1,internal,varID,CYBFLL2,,0.0,,
Lower right body flap,NOTE1,internal,varID,CYBFLL3,,0.0,,
Lower right body flap,NOTE1,internal,varID,CYBFLL,,0.0,,
Lower right body flap,NOTE1,internal,varID,CRBFLL0,,0.0,,
Lower right body flap,NOTE1,internal,varID,CRBFLL1,,0.0,,
Lower right body flap,NOTE1,internal,varID,CRBFLL2,,0.0,,
Lower right body flap,NOTE1,internal,varID,CRBFLL3,,0.0,,
Lower right body flap,NOTE1,internal,varID,CRBFLL,,0.0,,
Lower right body flap,NOTE1,internal,varID,CNBFLL0,,0.0,,
Lower right body flap,NOTE1,internal,varID,CNBFLL1,,0.0,,
Lower right body flap,NOTE1,internal,varID,CNBFLL2,,0.0,,
Lower right body flap,NOTE1,internal,varID,CNBFLL3,,0.0,,
Lower right body flap,NOTE1,internal,varID,CNBFLL,,0.0,,
Lower right body flap,NOTE1,internal,varID,CLBFLR0,,-0.0002039813333333338,,
Lower right body flap,NOTE1,internal,varID,CLBFLR1,,0.0097060616,,
Lower right body flap,NOTE1,internal,varID,CLBFLR2,,-0.0007779796533333333,,
Lower right body flap,NOTE1,internal,varID,CLBFLR3,,1.6647722666666666e-05,,
Lower right body flap,NOTE1,internal,varID,CLBFLR,,0.035424007770912,,
Lower right body flap,NOTE1,internal,varID,CDBFLR0,,0.0020624170666666657,,
Lower right body flap,NOTE1,internal,varID,CDBFLR1,,0.00090469976,,
Lower right body flap,NOTE1,internal,varID,CDBFLR2,,-1.1713005333333335e-05,,
Lower right body flap,NOTE1,internal,varID,CDBFLR3,,-2.2099983999999977e-07,,
Lower right body flap,NOTE1,internal,varID,CDBFLR,,0.009896699366689653,,
Lower right body flap,NOTE1,internal,varID,CMBFLR0,,-0.005496825066666666,,
Lower right body flap,NOTE1,internal,varID,CMBFLR1,,-0.00040032863999999997,,
Lower right body flap,NOTE1,internal,varID,CMBFLR2,,2.825312e-05,,
Lower right body flap,NOTE1,internal,varID,CMBFLR3,,-6.6534888e-07,,
Lower right body flap,NOTE1,internal,varID,CMBFLR,,-0.007349881243462426,,
Lower right body flap,NOTE1,internal,varID,CYBFLR0,,0.007472841866666666,,
Lower right body flap,NOTE1,internal,varID,CYBFLR1,,6.0501279999999825e-05,,
Lower right body flap,NOTE1,internal,varID,CYBFLR2,,2.26985600000001e-06,,
Lower right body flap,NOTE1,internal,varID,CYBFLR3,,-4.810552000000003e-07,,
Lower right body flap,NOTE1,internal,varID,CYBFLR,,-0.007811152068176265,,
Lower right body flap,NOTE1,internal,varID,CRBFLR0,,0.008174115733333332,,
Lower right body flap,NOTE1,internal,varID,CRBFLR1,,0.0006460713066666667,,
Lower right body flap,NOTE1,internal,varID,CRBFLR2,,-3.5151311999999996e-05,,
Lower right body flap,NOTE1,internal,varID,CRBFLR3,,3.9336246826666665e-07,,
Lower right body flap,NOTE1,internal,varID,CRBFLR,,-0.01152928529178163,,
Lower right body flap,NOTE1,internal,varID,CNBFLR0,,-0.0047257456,,
Lower right body flap,NOTE1,internal,varID,CNBFLR1,,0.00023624278933333335,,
Lower right body flap,NOTE1,internal,varID,CNBFLR2,,-8.41610666666667e-06,,
Lower right body flap,NOTE1,internal,varID,CNBFLR3,,1.8441549333333337e-07,,
Lower right body flap,NOTE1,internal,varID,CNBFLR,,0.0029837938373496803,,
Lower right body flap,NOTE1,internal,varID,CLBFUL0,,0.0,,
Lower right body flap,NOTE1,internal,varID,CLBFUL1,,0.0,,
Lower right body flap,NOTE1,internal,varID,CLBFUL2,,0.0,,
Lower right body flap,NOTE1,internal,varID,CLBFUL3,,0.0,,
Lower right body flap,NOTE1,internal,varID,CLBFUL,,0.0,,
Lower right body flap,NOTE1,internal,varID,CDBFUL0,,0.0,,
Lower right body flap,NOTE1,internal,varID,CDBFUL1,,0.0,,
Lower right body flap,NOTE1,internal,varID,CDBFUL2,,0.0,,
Lower right body flap,NOTE1,internal,varID,CDBFUL3,,0.0,,
Lower right body flap,NOTE1,internal,varID,CDBFUL,,0.0,,
Lower right body flap,NOTE1,internal,varID,CMBFUL0,,0.0,,
Lower right body flap,NOTE1,internal,varID,CMBFUL1,,0.0,,
Lower right body flap,NOTE1,internal,varID,CMBFUL2,,0.0,,
Lower right body flap,NOTE1,internal,varID,CMBFUL3,,0.0,,
Lower right body flap,NOTE1,internal,varID,CMBFUL,,0.0,,
Lower right body flap,NOTE1,internal,varID,CYBFUL0,,0.0,,
Lower right body flap,NOTE1,internal,varID,CYBFUL1,,0.0,,
Lower right body flap,NOTE1,internal,varID,CYBFUL2,,0.0,,
Lower right body flap,NOTE1,internal,varID,CYBFUL3,,0.0,,
Lower right body flap,NOTE1,internal,varID,CYBFUL,,0.0,,
Lower right body flap,NOTE1,internal,varID,CRBFUL0,,0.0,,
Lower right body flap,NOTE1,internal,varID,CRBFUL1,,0.0,,
Lower right body flap,NOTE1,internal,varID,CRBFUL2,,0.0,,
Lower right body flap,NOTE1,internal,varID,CRBFUL3,,0.0,,
Lower right body flap,NOTE1,internal,varID,CRBFUL,,0.0,,
Lower right body flap,NOTE1,internal,varID,CNBFUL0,,0.0,,
Lower right body flap,NOTE1,internal,varID,CNBFUL1,,0.0,,
Lower right body flap,NOTE1,internal,varID,CNBFUL2,,0.0,,
Lower right body flap,NOTE1,internal,varID,CNBFUL3,,0.0,,
Lower right body flap,NOTE1,internal,varID,CNBFUL,,0.0,,
Lower right body flap,NOTE1,internal,varID,CLBFUR0,,0.0,,
Lower right body flap,NOTE1,internal,varID,CLBFUR1,,0.0,,
Lower right body flap,NOTE1,internal,varID,CLBFUR2,,0.0,,
Lower right body flap,NOTE1,internal,varID,CLBFUR3,,0.0,,
Lower right body flap,NOTE1,internal,varID,CLBFUR,,0.0,,
Lower right body flap,NOTE1,internal,varID,CDBFUR0,,0.0,,
Lower right body flap,NOTE1,internal,varID,CDBFUR1,,0.0,,
Lower right body flap,NOTE1,internal,varID,CDBFUR2,,0.0,,
Lower right body flap,NOTE1,internal,varID,CDBFUR3,,0.0,,
Lower right body flap,NOTE1,internal,varID,CDBFUR,,0.0,,
Lower right body flap,NOTE1,internal,varID,CMBFUR0,,0.0,,
Lower right body flap,NOTE1,internal,varID,CMBFUR1,,0.0,,
Lower right body flap,NOTE1,internal,varID,CMBFUR2,,0.0,,
Lower right body flap,NOTE1,internal,varID,CMBFUR3,,0.0,,
Lower right body flap,NOTE1,internal,varID,CMBFUR,,0.0,,
Lower right body flap,NOTE1,internal,varID,CYBFUR0,,0.0,,
Lower right body flap,NOTE1,internal,varID,CYBFUR1,,0.0,,
Lower right body flap,NOTE1,internal,varID,CYBFUR2,,0.0,,
Lower right body flap,NOTE1,internal,varID,CYBFUR3,,0.0,,
Lower right body flap,NOTE1,internal,varID,CYBFUR,,-0.0,,
Lower right body flap,NOTE1,internal,varID,CRBFUR0,,0.0,,
Lower right body flap,NOTE1,internal,varID,CRBFUR1,,0.0,,
Lower right body flap,NOTE1,internal,varID,CRBFUR2,,0.0,,
Lower right body flap,NOTE1,internal,varID,CRBFUR3,,0.0,,
Lower right body flap,NOTE1,internal,varID,CRBFUR,,-0.0,,
Lower right body flap,NOTE1,internal,varID,CNBFUR0,,0.0,,
Lower right body flap,NOTE1,internal,varID,CNBFUR1,,0.0,,
Lower right body flap,NOTE1,internal,varID,CNBFUR2,,0.0,,
Lower right body flap,NOTE1,internal,varID,CNBFUR3,,0.0,,
Lower right body flap,NOTE1,internal,varID,CNBFUR,,-0.0,,
Lower right body flap,NOTE1,internal,varID,CLWFL0,,0.0,,
Lower right body flap,NOTE1,internal,varID,CLWFL1,,0.0,,
Lower right body flap,NOTE1,internal,varID,CLWFL2,,0.0,,
Lower right body flap,NOTE1,internal,varID,CLWFL3,,0.0,,
Lower right body flap,NOTE1,internal,varID,CLWFL,,0.0,,
Lower right body flap,NOTE1,internal,varID,CDWFL0,,0.0,,
Lower right body flap,NOTE1,internal,varID,CDWFL1,,0.0,,
Lower right body flap,NOTE1,internal,varID,CDWFL2,,0.0,,
Lower right body flap,NOTE1,internal,varID,CDWFL3,,0.0,,
Lower right body flap,NOTE1,internal,varID,CDWFL,,0.0,,
Lower right body flap,NOTE1,internal,varID,CMWFL0,,0.0,,
Lower right body flap,NOTE1,internal,varID,CMWFL1,,0.0,,
Lower right body flap,NOTE1,internal,varID,CMWFL2,,0.0,,
Lower right body flap,NOTE1,internal,varID,CMWFL3,,0.0,,
Lower right body flap,NOTE1,internal,varID,CMWFL,,0.0,,
Lower right body flap,NOTE1,internal,varID,CYWFL0,,0.0,,
Lower right body flap,NOTE1,internal,varID,CYWFL1,,0.0,,
Lower right body flap,NOTE1,internal,varID,CYWFL2,,0.0,,
Lower right body flap,NOTE1,internal,varID,CYWFL3,,0.0,,
Lower right body flap,NOTE1,internal,varID,CYWFL,,0.0,,
Lower right body flap,NOTE1,internal,varID,CRWFL0,,0.0,,
Lower right body flap,NOTE1,internal,varID,CRWFL1,,0.0,,
Lower right body flap,NOTE1,internal,varID,CRWFL2,,0.0,,
Lower right body flap,NOTE1,internal,varID,CRWFL3,,0.0,,
Lower right body flap,NOTE1,internal,varID,CRWFL,,0.0,,
Lower right body flap,NOTE1,internal,varID,CNWFL0,,0.0,,
Lower right body flap,NOTE1,internal,varID,CNWFL1,,0.0,,
Lower right body flap,NOTE1,internal,varID,CNWFL2,,0.0,,
Lower right body flap,NOTE1,internal,varID,CNWFL3,,0.0,,
Lower right body flap,NOTE1,internal,varID,CNWFL,,0.0,,
Lower right body flap,NOTE1,internal,varID,CLWFR0,,0.0,,
Lower right body flap,NOTE1,internal,varID,CLWFR1,,0.0,,
Lower right body flap,NOTE1,internal,varID,CLWFR2,,0.0,,
Lower right body flap,NOTE1,internal,varID,CLWFR3,,0.0,,
Lower right body flap,NOTE1,internal,varID,CLWFR,,0.0,,
Lower right body flap,NOTE1,internal,varID,CDWFR0,,0.0,,
Lower right body flap,NOTE1,internal,varID,CDWFR1,,0.0,,
Lower right body flap,NOTE1,internal,varID,CDWFR2,,0.0,,
Lower right body flap,NOTE1,internal,varID,CDWFR3,,0.0,,
Lower right body flap,NOTE1,internal,varID,CDWFR,,0.0,,
Lower right body flap,NOTE1,internal,varID,CMWFR0,,0.0,,
Lower right body flap,NOTE1,internal,varID,CMWFR1,,0.0,,
Lower right body flap,NOTE1,internal,varID,CMWFR2,,0.0,,
Lower right body flap,NOTE1,internal,varID,CMWFR3,,0.0,,
Lower right body flap,NOTE1,internal,varID,CMWFR,,0.0,,
Lower right body flap,NOTE1,internal,varID,CYWFR0,,0.0,,
Lower right body flap,NOTE1,internal,varID,CYWFR1,,0.0,,
Lower right body flap,NOTE1,internal,varID,CYWFR2,,0.0,,
Lower right body flap,NOTE1,internal,varID,CYWFR3,,0.0,,
Lower right body flap,NOTE1,internal,varID,CYWFR,,-0.0,,
Lower right body flap,NOTE1,internal,varID,CRWFR0,,0.0,,
Lower right body flap,NOTE1,internal,varID,CRWFR1,,0.0,,
Lower right body flap,NOTE1,internal,varID,CRWFR2,,0.0,,
Lower right body flap,NOTE1,internal,varID,CRWFR3,,0.0,,
Lower right body flap,NOTE1,internal,varID,CRWFR,,-0.0,,
Lower right body flap,NOTE1,internal,varID,CNWFR0,,0.0,,
Lower right body flap,NOTE1,internal,varID,CNWFR1,,0.0,,
Lower right body flap,NOTE1,internal,varID,CNWFR2,,0.0,,
Lower right body flap,NOTE1,internal,varID,CNWFR3,,0.0,,
Lower right body flap,NOTE1,internal,varID,CNWFR,,-0.0,,
Lower right body flap,NOTE1,internal,varID,CLLG0,,0.0,,
Lower right body flap,NOTE1,internal,varID,CLLG1,,0.0,,
Lower right body flap,NOTE1,internal,varID,CLLG2,,0.0,,
Lower right body flap,NOTE1,internal,varID,CLLG3,,0.0,,
Lower right body flap,NOTE1,internal,varID,CLLG,,0.0,,
Lower right body flap,NOTE1,internal,varID,CDLG0,,0.0,,
Lower right body flap,NOTE1,internal,varID,CDLG1,,0.0,,
Lower right body flap,NOTE1,internal,varID,CDLG2,,0.0,,
Lower right body flap,NOTE1,internal,varID,CDLG3,,0.0,,
Lower right body flap,NOTE1,internal,varID,CDLG,,0.0,,
Lower right body flap,NOTE1,internal,varID,CMLG0,,0.0,,
Lower right body flap,NOTE1,internal,varID,CMLG1,,0.0,,
Lower right body flap,NOTE1,internal,varID,CMLG2,,0.0,,
Lower right body flap,NOTE1,internal,varID,CMLG3,,0.0,,
Lower right body flap,NOTE1,internal,varID,CMLG,,0.0,,
Lower right body flap,NOTE1,internal,varID,CYLG0,,0.0,,
Lower right body flap,NOTE1,internal,varID,CYLG1,,0.0,,
Lower right body flap,NOTE1,internal,varID,CYLG2,,0.0,,
Lower right body flap,NOTE1,internal,varID,CYLG3,,0.0,,
Lower right body flap,NOTE1,internal,varID,CYLG,,0.0,,
Lower right body flap,NOTE1,internal,varID,CRLG0,,0.0,,
Lower right body flap,NOTE1,internal,varID,CRLG1,,0.0,,
Lower right body flap,NOTE1,internal,varID,CRLG2,,0.0,,
Lower right body flap,NOTE1,internal,varID,CRLG3,,0.0,,
Lower right body flap,NOTE1,internal,varID,CRLG,,0.0,,
Lower right body flap,NOTE1,internal,varID,CNLG0,,0.0,,
Lower right body flap,NOTE1,internal,varID,CNLG1,,0.0,,
Lower right body flap,NOTE1,internal,varID,CNLG2,,0.0,,
Lower right body flap,NOTE1,internal,varID,CNLG3,,0.0,,
Lower right body flap,NOTE1,internal,varID,CNLG,,0.0,,
Lower right body flap,NOTE1,internal,varID,CLGE0,,0.0,,
Lower right body flap,NOTE1,internal,varID,CLGE1,,0.0,,
Lower right body flap,NOTE1,internal,varID,CLGE2,,0.0,,
Lower right body flap,NOTE1,internal,varID,CLGE3,,0.0,,
Lower right body flap,NOTE1,internal,varID,CLGE,,0.0,,
Lower right body flap,NOTE1,internal,varID,CDGE0,,0.0,,
Lower right body flap,NOTE1,internal,varID,CDGE1,,0.0,,
Lower right body flap,NOTE1,internal,varID,CDGE2,,0.0,,
Lower right body flap,NOTE1,internal,varID,CDGE3,,0.0,,
Lower right body flap,NOTE1,internal,varID,CDGE,,0.0,,
Lower right body flap,NOTE1,internal,varID,CMGE0,,0.0,,
Lower right body flap,NOTE1,internal,varID,CMGE1,,0.0,,
Lower right body flap,NOTE1,internal,varID,CMGE2,,0.0,,
Lower right body flap,NOTE1,internal,varID,CMGE3,,0.0,,
Lower right body flap,NOTE1,internal,varID,CMGE,,0.0,,
Lower right body flap,NOTE1,internal,varID,CYGE0,,0.0,,
Lower right body flap,NOTE1,internal,varID,CYGE1,,0.0,,
Lower right body flap,NOTE1,internal,varID,CYGE2,,0.0,,
Lower right body flap,NOTE1,internal,varID,CYGE3,,0.0,,
Lower right body flap,NOTE1,internal,varID,CYGE,,0.0,,
Lower right body flap,NOTE1,internal,varID,CRGE0,,0.0,,
Lower right body flap,NOTE1,internal,varID,CRGE1,,0.0,,
Lower right body flap,NOTE1,internal,varID,CRGE2,,0.0,,
Lower right body flap,NOTE1,internal,varID,CRGE3,,0.0,,
Lower right body flap,NOTE1,internal,varID,CRGE,,0.0,,
Lower right body flap,NOTE1,internal,varID,CNGE0,,0.0,,
Lower right body flap,NOTE1,internal,varID,CNGE1,,0.0,,
Lower right body flap,NOTE1,internal,varID,CNGE2,,0.0,,
Lower right body flap,NOTE1,internal,varID,CNGE3,,0.0,,
Lower right body flap,NOTE1,internal,varID,CNGE,,0.0,,
Lower right body flap,NOTE1,internal,varID,sCYRUD,,0.0,,
Lower right body flap,NOTE1,internal,varID,sCRRUD,,0.0,,
Lower right body flap,NOTE1,internal,varID,sCNRUD,,0.0,,
Lower right body flap,NOTE1,internal,varID,CMQ,,-0.155988326714,,
Lower right body flap,NOTE1,internal,varID,CNP,,0.24752343178,,
Lower right body flap,NOTE1,internal,varID,CNR,,-0.8981111534383,,
Lower right body flap,NOTE1,internal,varID,CLP,,-0.506429680738,,
Lower right body flap,NOTE1,internal,varID,CLR,,0.72926521693,,
Lower right body flap,NOTE1,internal,varID,CL,,0.403929474641912,,
Lower right body flap,NOTE1,internal,varID,CD,,0.12119464561768967,,
Lower right body flap,NOTE1,internal,varID,CM,,-0.01372106248036243,,
Lower right body flap,NOTE1,internal,varID,CY,,-0.007811152068176265,,
Lower right body flap,NOTE1,internal,varID,CN,,0.0029837938373496803,,
Lower right body flap,NOTE1,internal,varID,CR,,-0.01152928529178163,,
Lower right body flap,NOTE1,output,signalName,referenceWingChord,f,28.24,1e-06,
Lower right body flap,NOTE1,output,signalName,referenceWingSpan,f,13.89,1e-06,
Lower right body flap,NOTE1,output,signalName,referenceWingArea,f2,286.45,1e-06,
Lower right body flap,NOTE1,output,signalName,vrsPositionOfMrc_X,fracMAC,0.54,1e-06,
Lower right body flap,NOTE1,output,signalName,totalCoefficientOfLift,nd,0.40392947197,1e-06,
Lower right body flap,NOTE1,output,signalName,totalCoefficientOfDrag,nd,0.121194645762,1e-06,
Lower right body flap,NOTE1,output,signalName,aeroBodyForceCoefficient_Y,nd,-0.007811152376,1e-06,
Lower right body flap,NOTE1,output,signalName,aeroBodyMomentCoefficient_Roll,nd,-0.011529285461,1e-06,
Lower right body flap,NOTE1,output,signalName,aeroBodyMomentCoefficient_Pitch,nd,-0.013721060939,1e-06,
Lower right body flap,NOTE1,output,signalName,aeroBodyMomentCoefficient_Yaw,nd,0.002983793616,1e-06,
Speedbrake,NOTE1,input,signalName,angleOfAttack,deg,10.3,,
Speedbrake,NOTE1,input,signalName,angleOfSideslip,deg,0.0,,
Speedbrake,NOTE1,input,signalName,mach,nd,0.8,,
Speedbrake,NOTE1,input,signalName,trueAirspeed,f_s,240.0,,
Speedbrake,NOTE1,input,signalName,heightOfCgWrtRwy,f,20000.0,,
Speedbrake,NOTE1,input,signalName,bodyAngularRate_Roll,rad_s,0.0,,
Speedbrake,NOTE1,input,signalName,bodyAngularRate_Pitch,rad_s,0.0,,
Speedbrake,NOTE1,input,signalName,bodyAngularRate_Yaw,rad_s,0.0,,
Speedbrake,NOTE1,input,signalName,upperLeftBodyFlapDeflection,deg,-20.0,,
Speedbrake,NOTE1,input,signalName,upperRightBodyFlapDeflection,deg,-20.0,,
Speedbrake,NOTE1,input,signalName,lowerLeftBodyFlapDeflection,deg,20.0,,
Speedbrake,NOTE1,input,signalName,lowerRightBodyFlapDeflection,deg,20.0,,
Speedbrake,NOTE1,input,signalName,leftWingFlapDeflection,deg,0.0,,
Speedbrake,NOTE1,input,signalName,rightWingFlapDeflection,deg,0.0,,
Speedbrake,NOTE1,input,signalName,rudderDeflection,deg,0.0,,
Speedbrake,NOTE1,input,signalName,landingGearExtension,deg,0.0,,
Speedbrake,NOTE1,internal,varID,ALP,,10.3,,
Speedbrake,NOTE1,internal,varID,BETA,,0.0,,
Speedbrake,NOTE1,internal,varID,XMACH,,0.8,,
Speedbrake,NOTE1,internal,varID,PB,,0.0,,
Speedbrake,NOTE1,internal,varID,QB,,0.0,,
Speedbrake,NOTE1,internal,varID,RB,,0.0,,
Speedbrake,NOTE1,internal,varID,VRW,,240.0,,
Speedbrake,NOTE1,internal,varID,H_rwy,,20000.0,,
Speedbrake,NOTE1,internal,varID,DBFUL,,-20.0,,
Speedbrake,NOTE1,internal,varID,DBFUR,,-20.0,,
Speedbrake,NOTE1,internal,varID,DBFLL,,20.0,,
Speedbrake,NOTE1,internal,varID,DBFLR,,20.0,,
Speedbrake,NOTE1,internal,varID,DWFL,,0.0,,
Speedbrake,NOTE1,internal,varID,DWFR,,0.0,,
Speedbrake,NOTE1,internal,varID,DRUD,,0.0,,
Speedbrake,NOTE1,internal,varID,DLG,,0.0,,
Speedbrake,NOTE1,internal,varID,CBAR,,28.24,,
Speedbrake,NOTE1,internal,varID,BSPAN,,13.89,,
Speedbrake,NOTE1,internal,varID,SWING,,286.45,,
Speedbrake,NOTE1,internal,varID,XRP,,0.54,,
Speedbrake,NOTE1,internal,varID,CMQ0,,-0.22364,,
Speedbrake,NOTE1,internal,varID,CMQ1,,0.020457,,
Speedbrake,NOTE1,internal,varID,CMQ2,,-0.0016741,,
Speedbrake,NOTE1,internal,varID,CMQ3,,3.1618e-05,,
Speedbrake,NOTE1,internal,varID,CNP0,,0.40031,,
Speedbrake,NOTE1,internal,varID,CNP1,,-0.015518,,
Speedbrake,NOTE1,internal,varID,CNP2,,-0.00012143,,
Speedbrake,NOTE1,internal,varID,CNP3,,1.824e-05,,
Speedbrake,NOTE1,internal,varID,CNR0,,-0.79533,,
Speedbrake,NOTE1,internal,varID,CNR1,,-0.012647,,
Speedbrake,NOTE1,internal,varID,CNR2,,0.00032696,,
Speedbrake,NOTE1,internal,varID,CNR3,,-6.5929e-06,,
Speedbrake,NOTE1,internal,varID,CLP0,,-0.55242,,
Speedbrake,NOTE1,internal,varID,CLP1,,0.014478,,
Speedbrake,NOTE1,internal,varID,CLP2,,-0.0011545,,
Speedbrake,NOTE1,internal,varID,CLP3,,1.7706e-05,,
Speedbrake,NOTE1,internal,varID,CLR0,,0.44685,,
Speedbrake,NOTE1,internal,varID,CLR1,,0.067411,,
Speedbrake,NOTE1,internal,varID,CLR2,,-0.0051866,,
Speedbrake,NOTE1,internal,varID,CLR3,,0.00012659,,
Speedbrake,NOTE1,internal,varID,abs_rud,,0.0,,
Speedbrake,NOTE1,internal,varID,HOB,,1439.8848092152627,,
Speedbrake,NOTE1,internal,varID,PBO2V,,0.0,,
Speedbrake,NOTE1,internal,varID,QCO2V,,0.0,,
Speedbrake,NOTE1,internal,varID,RBO2V,,0.0,,
Speedbrake,NOTE1,internal,varID,CL0A0,,-0.073425,,
Speedbrake,NOTE1,internal,varID,CL0A1,,0.043347,,
Speedbrake,NOTE1,internal,varID,CL0A2,,0.00012122,,
Speedbrake,NOTE1,internal,varID,CL0A3,,-1.5927e-05,,
Speedbrake,NOTE1,internal,varID,CL0,,0.368505466871,,
Speedbrake,NOTE1,internal,varID,CD0A0,,0.060114,,
Speedbrake,NOTE1,internal,varID,CD0A1,,-0.002439,,
Speedbrake,NOTE1,internal,varID,CD0A2,,0.00080564,,
Speedbrake,NOTE1,internal,varID,CD0A3,,-8.387e-06,,
Speedbrake,NOTE1,internal,varID,CD0,,0.11129794625100001,,
Speedbrake,NOTE1,internal,varID,CM0A0,,0.025129,,
Speedbrake,NOTE1,internal,varID,CM0A1,,-0.0030512,,
Speedbrake,NOTE1,internal,varID,CM0A2,,-4.8533e-05,,
Speedbrake,NOTE1,internal,varID,CM0A3,,4.6453e-06,,
Speedbrake,NOTE1,internal,varID,CM0,,-0.006371181236900003,,
Speedbrake,NOTE1,internal,varID,CY0A0,,-0.013313,,
Speedbrake,NOTE1,internal,varID,CY0A1,,-0.00013917,,
Speedbrake,NOTE1,internal,varID,CY0A2,,1.604e-05,,
Speedbrake,NOTE1,internal,varID,CY0A3,,-1.4751e-07,,
Speedbrake,NOTE1,internal,varID,CYB,,-0.013205955559770001,,
Speedbrake,NOTE1,internal,varID,CR0A0,,-0.0063969,,
Speedbrake,NOTE1,internal,varID,CR0A1,,-0.00049202,,
Speedbrake,NOTE1,internal,varID,CR0A2,,2.8527e-05,,
Speedbrake,NOTE1,internal,varID,CR0A3,,-3.0272e-07,,
Speedbrake,NOTE1,internal,varID,CRB,,-0.008769066887439999,,
Speedbrake,NOTE1,internal,varID,CN0A0,,0.0030814,,
Speedbrake,NOTE1,internal,varID,CN0A1,,0.00011705,,
Speedbrake,NOTE1,internal,varID,CN0A2,,-2.2768e-06,,
Speedbrake,NOTE1,internal,varID,CN0A3,,-2.9912e-07,,
Speedbrake,NOTE1,internal,varID,CNB,,0.00371861278776,,
Speedbrake,NOTE1,internal,varID,CLRUD0,,0.0,,
Speedbrake,NOTE1,internal,varID,CLRUD1,,0.0,,
Speedbrake,NOTE1,internal,varID,CLRUD2,,0.0,,
Speedbrake,NOTE1,internal,varID,CLRUD3,,0.0,,
Speedbrake,NOTE1,internal,varID,CLRUD,,0.0,,
Speedbrake,NOTE1,internal,varID,CDRUD0,,0.0,,
Speedbrake,NOTE1,internal,varID,CDRUD1,,0.0,,
Speedbrake,NOTE1,internal,varID,CDRUD2,,0.0,,
Speedbrake,NOTE1,internal,varID,CDRUD3,,0.0,,
Speedbrake,NOTE1,internal,varID,CDRUD,,0.0,,
Speedbrake,NOTE1,internal,varID,CMRUD0,,0.0,,
Speedbrake,NOTE1,internal,varID,CMRUD1,,0.0,,
Speedbrake,NOTE1,internal,varID,CMRUD2,,0.0,,
Speedbrake,NOTE1,internal,varID,CMRUD3,,0.0,,
Speedbrake,NOTE1,internal,varID,CMRUD,,0.0,,
Speedbrake,NOTE1,internal,varID,CYRUD0,,0.0,,
Speedbrake,NOTE1,internal,varID,CYRUD1,,0.0,,
Speedbrake,NOTE1,internal,varID,CYRUD2,,0.0,,
Speedbrake,NOTE1,internal,varID,CYRUD3,,0.0,,
Speedbrake,NOTE1,internal,varID,CYRUD,,0.0,,
Speedbrake,NOTE1,internal,varID,CRRUD0,,0.0,,
Speedbrake,NOTE1,internal,varID,CRRUD1,,0.0,,
Speedbrake,NOTE1,internal,varID,CRRUD2,,0.0,,
Speedbrake,NOTE1,internal,varID,CRRUD3,,0.0,,
Speedbrake,NOTE1,internal,varID,CRRUD,,0.0,,
Speedbrake,NOTE1,internal,varID,CNRUD0,,0.0,,
Speedbrake,NOTE1,internal,varID,CNRUD1,,0.0,,
Speedbrake,NOTE1,internal,varID,CNRUD2,,0.0,,
Speedbrake,NOTE1,internal,varID,CNRUD3,,0.0,,
Speedbrake,NOTE1,internal,varID,CNRUD,,0.0,,
Speedbrake,NOTE1,internal,varID,CLBFLL0,,0.002142333333333331,,
Speedbrake,NOTE1,internal,varID,CLBFLL1,,0.0093859,,
Speedbrake,NOTE1,internal,varID,CLBFLL2,,-0.0007529166666666667,,
Speedbrake,NOTE1,internal,varID,CLBFLL3,,1.6111333333333336e-05,,
Speedbrake,NOTE1,internal,varID,CLBFLL,,0.036545463106,,
Speedbrake,NOTE1,internal,varID,CDBFLL0,,0.002890133333333332,,
Speedbrake,NOTE1,internal,varID,CDBFLL1,,0.00090527,,
Speedbrake,NOTE1,internal,varID,CDBFLL2,,-7.54966666666667e-06,,
Speedbrake,NOTE1,internal,varID,CDBFLL3,,-3.566799999999997e-07,,
Speedbrake,NOTE1,internal,varID,CDBFLL,,0.011023716330306667,,
Speedbrake,NOTE1,internal,varID,CMBFLL0,,-0.0059601333333333326,,
Speedbrake,NOTE1,internal,varID,CMBFLL1,,-0.00041741999999999994,,
Speedbrake,NOTE1,internal,varID,CMBFLL2,,2.909e-05,,
Speedbrake,NOTE1,internal,varID,CMBFLL3,,-6.7263e-07,,
Speedbrake,NOTE1,internal,varID,CMBFLL,,-0.007908402195343332,,
Speedbrake,NOTE1,internal,varID,CYBFLL0,,0.007608033333333333,,
Speedbrake,NOTE1,internal,varID,CYBFLL1,,0.00017735999999999983,,
Speedbrake,NOTE1,internal,varID,CYBFLL2,,-9.26799999999998e-06,,
Speedbrake,NOTE1,internal,varID,CYBFLL3,,-2.1350000000000037e-07,,
Speedbrake,NOTE1,internal,varID,CYBFLL,,0.008218301998833333,,
Speedbrake,NOTE1,internal,varID,CRBFLL0,,0.008500466666666666,,
Speedbrake,NOTE1,internal,varID,CRBFLL1,,0.0006937133333333333,,
Speedbrake,NOTE1,internal,varID,CRBFLL2,,-3.920599999999999e-05,,
Speedbrake,NOTE1,internal,varID,CRBFLL3,,4.785265333333333e-07,,
Speedbrake,NOTE1,internal,varID,CRBFLL,,0.012009248323189734,,
Speedbrake,NOTE1,internal,varID,CNBFLL0,,-0.004921,,
Speedbrake,NOTE1,internal,varID,CNBFLL1,,0.00021728066666666667,,
Speedbrake,NOTE1,internal,varID,CNBFLL2,,-6.065333333333338e-06,,
Speedbrake,NOTE1,internal,varID,CNBFLL3,,1.2963666666666672e-07,,
Speedbrake,NOTE1,internal,varID,CNBFLL,,-0.00318482286081,,
Speedbrake,NOTE1,internal,varID,CLBFLR0,,0.002142333333333331,,
Speedbrake,NOTE1,internal,varID,CLBFLR1,,0.0093859,,
Speedbrake,NOTE1,internal,varID,CLBFLR2,,-0.0007529166666666667,,
Speedbrake,NOTE1,internal,varID,CLBFLR3,,1.6111333333333336e-05,,
Speedbrake,NOTE1,internal,varID,CLBFLR,,0.036545463106,,
Speedbrake,NOTE1,internal,varID,CDBFLR0,,0.002890133333333332,,
Speedbrake,NOTE1,internal,varID,CDBFLR1,,0.00090527,,
Speedbrake,NOTE1,internal,varID,CDBFLR2,,-7.54966666666667e-06,,
Speedbrake,NOTE1,internal,varID,CDBFLR3,,-3.566799999999997e-07,,
Speedbrake,NOTE1,internal,varID,CDBFLR,,0.011023716330306667,,
Speedbrake,NOTE1,internal,varID,CMBFLR0,,-0.0059601333333333326,,
Speedbrake,NOTE1,internal,varID,CMBFLR1,,-0.00041741999999999994,,
Speedbrake,NOTE1,internal,varID,CMBFLR2,,2.909e-05,,
Speedbrake,NOTE1,internal,varID,CMBFLR3,,-6.7263e-07,,
Speedbrake,NOTE1,internal,varID,CMBFLR,,-0.007908402195343332,,
Speedbrake,NOTE1,internal,varID,CYBFLR0,,0.007608033333333333,,
Speedbrake,NOTE1,internal,varID,CYBFLR1,,0.00017735999999999983,,
Speedbrake,NOTE1,internal,varID,CYBFLR2,,-9.26799999999998e-06,,
Speedbrake,NOTE1,internal,varID,CYBFLR3,,-2.1350000000000037e-07,,
Speedbrake,NOTE1,internal,varID,CYBFLR,,-0.008218301998833333,,
Speedbrake,NOTE1,internal,varID,CRBFLR0,,0.008500466666666666,,
Speedbrake,NOTE1,internal,varID,CRBFLR1,,0.0006937133333333333,,
Speedbrake,NOTE1,internal,varID,CRBFLR2,,-3.920599999999999e-05,,
Speedbrake,NOTE1,internal,varID,CRBFLR3,,4.785265333333333e-07,,
Speedbrake,NOTE1,internal,varID,CRBFLR,,-0.012009248323189734,,
Speedbrake,NOTE1,internal,varID,CNBFLR0,,-0.004921,,
Speedbrake,NOTE1,internal,varID,CNBFLR1,,0.00021728066666666667,,
Speedbrake,NOTE1,internal,varID,CNBFLR2,,-6.065333333333338e-06,,
Speedbrake,NOTE1,internal,varID,CNBFLR3,,1.2963666666666672e-07,,
Speedbrake,NOTE1,internal,varID,CNBFLR,,0.00318482286081,,
Speedbrake,NOTE1,internal,varID,CLBFUL0,,-0.08252000000000001,,
Speedbrake,NOTE1,internal,varID,CLBFUL1,,0.007228433333333334,,
Speedbrake,NOTE1,internal,varID,CLBFUL2,,-0.00047328333333333334,,
Speedbrake,NOTE1,internal,varID,CLBFUL3,,8.9144e-06,,
Speedbrake,NOTE1,internal,varID,CLBFUL,,-0.048536759931200005,,
Speedbrake,NOTE1,internal,varID,CDBFUL0,,0.009029133333333337,,
Speedbrake,NOTE1,internal,varID,CDBFUL1,,-0.0005617933333333334,,
Speedbrake,NOTE1,internal,varID,CDBFUL2,,-1.951206666666667e-05,,
Speedbrake,NOTE1,internal,varID,CDBFUL3,,1.4167666666666682e-07,,
Speedbrake,NOTE1,internal,varID,CDBFUL,,0.0013274407662700015,,
Speedbrake,NOTE1,internal,varID,CMBFUL0,,0.01861166666666667,,
Speedbrake,NOTE1,internal,varID,CMBFUL1,,-0.00019248333333333334,,
Speedbrake,NOTE1,internal,varID,CMBFUL2,,-1.4785333333333342e-05,,
Speedbrake,NOTE1,internal,varID,CMBFUL3,,7.447133333333334e-07,,
Speedbrake,NOTE1,internal,varID,CMBFUL,,0.015874280686593335,,
Speedbrake,NOTE1,internal,varID,CYBFUL0,,-0.004244499999999998,,
Speedbrake,NOTE1,internal,varID,CYBFUL1,,0.0022202999999999997,,
Speedbrake,NOTE1,internal,varID,CYBFUL2,,-0.00011024233333333331,,
Speedbrake,NOTE1,internal,varID,CYBFUL3,,1.2075299999999996e-06,,
Speedbrake,NOTE1,internal,varID,CYBFUL,,0.008248481490976668,,
Speedbrake,NOTE1,internal,varID,CRBFUL0,,-0.013915333333333333,,
Speedbrake,NOTE1,internal,varID,CRBFUL1,,0.0013414599999999996,,
Speedbrake,NOTE1,internal,varID,CRBFUL2,,-5.669199999999998e-05,,
Speedbrake,NOTE1,internal,varID,CRBFUL3,,8.306666666666627e-08,,
Speedbrake,NOTE1,internal,varID,CRBFUL,,-0.006021980423866669,,
Speedbrake,NOTE1,internal,varID,CNBFUL0,,-0.0004432666666666673,,
Speedbrake,NOTE1,internal,varID,CNBFUL1,,-0.00037755666666666667,,
Speedbrake,NOTE1,internal,varID,CNBFUL2,,1.6263966666666665e-05,,
Speedbrake,NOTE1,internal,varID,CNBFUL3,,-6.833333333333282e-09,,
Speedbrake,NOTE1,internal,varID,CNBFUL,,-0.0026141230775000007,,
Speedbrake,NOTE1,internal,varID,CLBFUR0,,-0.08252000000000001,,
Speedbrake,NOTE1,internal,varID,CLBFUR1,,0.007228433333333334,,
Speedbrake,NOTE1,internal,varID,CLBFUR2,,-0.00047328333333333334,,
Speedbrake,NOTE1,internal,varID,CLBFUR3,,8.9144e-06,,
Speedbrake,NOTE1,internal,varID,CLBFUR,,-0.048536759931200005,,
Speedbrake,NOTE1,internal,varID,CDBFUR0,,0.009029133333333337,,
Speedbrake,NOTE1,internal,varID,CDBFUR1,,-0.0005617933333333334,,
Speedbrake,NOTE1,internal,varID,CDBFUR2,,-1.951206666666667e-05,,
Speedbrake,NOTE1,internal,varID,CDBFUR3,,1.4167666666666682e-07,,
Speedbrake,NOTE1,internal,varID,CDBFUR,,0.0013274407662700015,,
Speedbrake,NOTE1,internal,varID,CMBFUR0,,0.01861166666666667,,
Speedbrake,NOTE1,internal,varID,CMBFUR1,,-0.00019248333333333334,,
Speedbrake,NOTE1,internal,varID,CMBFUR2,,-1.4785333333333342e-05,,
Speedbrake,NOTE1,internal,varID,CMBFUR3,,7.447133333333334e-07,,
Speedbrake,NOTE1,internal,varID,CMBFUR,,0.015874280686593335,,
Speedbrake,NOTE1,internal,varID,CYBFUR0,,-0.004244499999999998,,
Speedbrake,NOTE1,internal,varID,CYBFUR1,,0.0022202999999999997,,
Speedbrake,NOTE1,internal,varID,CYBFUR2,,-0.00011024233333333331,,
Speedbrake,NOTE1,internal,varID,CYBFUR3,,1.2075299999999996e-06,,
Speedbrake,NOTE1,internal,varID,CYBFUR,,-0.008248481490976668,,
Speedbrake,NOTE1,internal,varID,CRBFUR0,,-0.013915333333333333,,
Speedbrake,NOTE1,internal,varID,CRBFUR1,,0.0013414599999999996,,
Speedbrake,NOTE1,internal,varID,CRBFUR2,,-5.669199999999998e-05,,
Speedbrake,NOTE1,internal,varID,CRBFUR3,,8.306666666666627e-08,,
Speedbrake,NOTE1,internal,varID,CRBFUR,,0.006021980423866669,,
Speedbrake,NOTE1,internal,varID,CNBFUR0,,-0.0004432666666666673,,
Speedbrake,NOTE1,internal,varID,CNBFUR1,,-0.00037755666666666667,,
Speedbrake,NOTE1,internal,varID,CNBFUR2,,1.6263966666666665e-05,,
Speedbrake,NOTE1,internal,varID,CNBFUR3,,-6.833333333333282e-09,,
Speedbrake,NOTE1,internal,varID,CNBFUR,,0.0026141230775000007,,
Speedbrake,NOTE1,internal,varID,CLWFL0,,0.0,,
Speedbrake,NOTE1,internal,varID,CLWFL1,,0.0,,
Speedbrake,NOTE1,internal,varID,CLWFL2,,0.0,,
Speedbrake,NOTE1,internal,varID,CLWFL3,,0.0,,
Speedbrake,NOTE1,internal,varID,CLWFL,,0.0,,
Speedbrake,NOTE1,internal,varID,CDWFL0,,0.0,,
Speedbrake,NOTE1,internal,varID,CDWFL1,,0.0,,
Speedbrake,NOTE1,internal,varID,CDWFL2,,0.0,,
Speedbrake,NOTE1,internal,varID,CDWFL3,,0.0,,
Speedbrake,NOTE1,internal,varID,CDWFL,,0.0,,
Speedbrake,NOTE1,internal,varID,CMWFL0,,0.0,,
Speedbrake,NOTE1,internal,varID,CMWFL1,,0.0,,
Speedbrake,NOTE1,internal,varID,CMWFL2,,0.0,,
Speedbrake,NOTE1,internal,varID,CMWFL3,,0.0,,
Speedbrake,NOTE1,internal,varID,CMWFL,,0.0,,
Speedbrake,NOTE1,internal,varID,CYWFL0,,0.0,,
Speedbrake,NOTE1,internal,varID,CYWFL1,,0.0,,
Speedbrake,NOTE1,internal,varID,CYWFL2,,0.0,,
Speedbrake,NOTE1,internal,varID,CYWFL3,,0.0,,
Speedbrake,NOTE1,internal,varID,CYWFL,,0.0,,
Speedbrake,NOTE1,internal,varID,CRWFL0,,0.0,,
Speedbrake,NOTE1,internal,varID,CRWFL1,,0.0,,
Speedbrake,NOTE1,internal,varID,CRWFL2,,0.0,,
Speedbrake,NOTE1,internal,varID,CRWFL3,,0.0,,
Speedbrake,NOTE1,internal,varID,CRWFL,,0.0,,
Speedbrake,NOTE1,internal,varID,CNWFL0,,0.0,,
Speedbrake,NOTE1,internal,varID,CNWFL1,,0.0,,
Speedbrake,NOTE1,internal,varID,CNWFL2,,0.0,,
Speedbrake,NOTE1,internal,varID,CNWFL3,,0.0,,
Speedbrake,NOTE1,internal,varID,CNWFL,,0.0,,
Speedbrake,NOTE1,internal,varID,CLWFR0,,0.0,,
Speedbrake,NOTE1,internal,varID,CLWFR1,,0.0,,
Speedbrake,NOTE1,internal,varID,CLWFR2,,0.0,,
Speedbrake,NOTE1,internal,varID,CLWFR3,,0.0,,
Speedbrake,NOTE1,internal,varID,CLWFR,,0.0,,
Speedbrake,NOTE1,internal,varID,CDWFR0,,0.0,,
Speedbrake,NOTE1,internal,varID,CDWFR1,,0.0,,
Speedbrake,NOTE1,internal,varID,CDWFR2,,0.0,,
Speedbrake,NOTE1,internal,varID,CDWFR3,,0.0,,
Speedbrake,NOTE1,internal,varID,CDWFR,,0.0,,
Speedbrake,NOTE1,internal,varID,CMWFR0,,0.0,,
Speedbrake,NOTE1,internal,varID,CMWFR1,,0.0,,
Speedbrake,NOTE1,internal,varID,CMWFR2,,0.0,,
Speedbrake,NOTE1,internal,varID,CMWFR3,,0.0,,
Speedbrake,NOTE1,internal,varID,CMWFR,,0.0,,
Speedbrake,NOTE1,internal,varID,CYWFR0,,0.0,,
Speedbrake,NOTE1,internal,varID,CYWFR1,,0.0,,
Speedbrake,NOTE1,internal,varID,CYWFR2,,0.0,,
Speedbrake,NOTE1,internal,varID,CYWFR3,,0.0,,
Speedbrake,NOTE1,internal,varID,CYWFR,,-0.0,,
Speedbrake,NOTE1,internal,varID,CRWFR0,,0.0,,
Speedbrake,NOTE1,internal,varID,CRWFR1,,0.0,,
Speedbrake,NOTE1,internal,varID,CRWFR2,,0.0,,
Speedbrake,NOTE1,internal,varID,CRWFR3,,0.0,,
Speedbrake,NOTE1,internal,varID,CRWFR,,-0.0,,
Speedbrake,NOTE1,internal,varID,CNWFR0,,0.0,,
Speedbrake,NOTE1,internal,varID,CNWFR1,,0.0,,
Speedbrake,NOTE1,internal,varID,CNWFR2,,0.0,,
Speedbrake,NOTE1,internal,varID,CNWFR3,,0.0,,
Speedbrake,NOTE1,internal,varID,CNWFR,,-0.0,,
Speedbrake,NOTE1,internal,varID,CLLG0,,0.0,,
Speedbrake,NOTE1,internal,varID,CLLG1,,0.0,,
Speedbrake,NOTE1,internal,varID,CLLG2,,0.0,,
Speedbrake,NOTE1,internal,varID,CLLG3,,0.0,,
Speedbrake,NOTE1,internal,varID,CLLG,,0.0,,
Speedbrake,NOTE1,internal,varID,CDLG0,,0.0,,
Speedbrake,NOTE1,internal,varID,CDLG1,,0.0,,
Speedbrake,NOTE1,internal,varID,CDLG2,,0.0,,
Speedbrake,NOTE1,internal,varID,CDLG3,,0.0,,
Speedbrake,NOTE1,internal,varID,CDLG,,0.0,,
Speedbrake,NOTE1,internal,varID,CMLG0,,0.0,,
Speedbrake,NOTE1,internal,varID,CMLG1,,0.0,,
Speedbrake,NOTE1,internal,varID,CMLG2,,0.0,,
Speedbrake,NOTE1,internal,varID,CMLG3,,0.0,,
Speedbrake,NOTE1,internal,varID,CMLG,,0.0,,
Speedbrake,NOTE1,internal,varID,CYLG0,,0.0,,
Speedbrake,NOTE1,internal,varID,CYLG1,,0.0,,
Speedbrake,NOTE1,internal,varID,CYLG2,,0.0,,
Speedbrake,NOTE1,internal,varID,CYLG3,,0.0,,
Speedbrake,NOTE1,internal,varID,CYLG,,0.0,,
Speedbrake,NOTE1,internal,varID,CRLG0,,0.0,,
Speedbrake,NOTE1,internal,varID,CRLG1,,0.0,,
Speedbrake,NOTE1,internal,varID,CRLG2,,0.0,,
Speedbrake,NOTE1,internal,varID,CRLG3,,0.0,,
Speedbrake,NOTE1,internal,varID,CRLG,,0.0,,
Speedbrake,NOTE1,internal,varID,CNLG0,,0.0,,
Speedbrake,NOTE1,internal,varID,CNLG1,,0.0,,
Speedbrake,NOTE1,internal,varID,CNLG2,,0.0,,
Speedbrake,NOTE1,internal,varID,CNLG3,,0.0,,
Speedbrake,NOTE1,internal,varID,CNLG,,0.0,,
Speedbrake,NOTE1,internal,varID,CLGE0,,0.0,,
Speedbrake,NOTE1,internal,varID,CLGE1,,0.0,,
Speedbrake,NOTE1,internal,varID,CLGE2,,0.0,,
Speedbrake,NOTE1,internal,varID,CLGE3,,0.0,,
Speedbrake,NOTE1,internal,varID,CLGE,,0.0,,
Speedbrake,NOTE1,internal,varID,CDGE0,,0.0,,
Speedbrake,NOTE1,internal,varID,CDGE1,,0.0,,
Speedbrake,NOTE1,internal,varID,CDGE2,,0.0,,
Speedbrake,NOTE1,internal,varID,CDGE3,,0.0,,
Speedbrake,NOTE1,internal,varID,CDGE,,0.0,,
Speedbrake,NOTE1,internal,varID,CMGE0,,0.0,,
Speedbrake,NOTE1,internal,varID,CMGE1,,0.0,,
Speedbrake,NOTE1,internal,varID,CMGE2,,0.0,,
Speedbrake,NOTE1,internal,varID,CMGE3,,0.0,,
Speedbrake,NOTE1,internal,varID,CMGE,,0.0,,
Speedbrake,NOTE1,internal,varID,CYGE0,,0.0,,
Speedbrake,NOTE1,internal,varID,CYGE1,,0.0,,
Speedbrake,NOTE1,internal,varID,CYGE2,,0.0,,
Speedbrake,NOTE1,internal,varID,CYGE3,,0.0,,
Speedbrake,NOTE1,internal,varID,CYGE,,0.0,,
Speedbrake,NOTE1,internal,varID,CRGE0,,0.0,,
Speedbrake,NOTE1,internal,varID,CRGE1,,0.0,,
Speedbrake,NOTE1,internal,varID,CRGE2,,0.0,,
Speedbrake,NOTE1,internal,varID,CRGE3,,0.0,,
Speedbrake,NOTE1,internal,varID,CRGE,,0.0,,
Speedbrake,NOTE1,internal,varID,CNGE0,,0.0,,
Speedbrake,NOTE1,internal,varID,CNGE1,,0.0,,
Speedbrake,NOTE1,internal,varID,CNGE2,,0.0,,
Speedbrake,NOTE1,internal,varID,CNGE3,,0.0,,
Speedbrake,NOTE1,internal,varID,CNGE,,0.0,,
Speedbrake,NOTE1,internal,varID,sCYRUD,,0.0,,
Speedbrake,NOTE1,internal,varID,sCRRUD,,0.0,,
Speedbrake,NOTE1,internal,varID,sCNRUD,,0.0,,
Speedbrake,NOTE1,internal,varID,CMQ,,-0.155988326714,,
Speedbrake,NOTE1,internal,varID,CNP,,0.24752343178,,
Speedbrake,NOTE1,internal,varID,CNR,,-0.8981111534383,,
Speedbrake,NOTE1,internal,varID,CLP,,-0.506429680738,,
Speedbrake,NOTE1,internal,varID,CLR,,0.72926521693,,
Speedbrake,NOTE1,internal,varID,CL,,0.3445228732206,,
Speedbrake,NOTE1,internal,varID,CD,,0.13600026044415334,,
Speedbrake,NOTE1,internal,varID,CM,,0.009560575745600002,,
Speedbrake,NOTE1,internal,varID,CY,,0.0,,
Speedbrake,NOTE1,internal,varID,CN,,0.0,,
Speedbrake,NOTE1,internal,varID,CR,,0.0,,
Speedbrake,NOTE1,output,signalName,referenceWingChord,f,28.24,1e-06,
Speedbrake,NOTE1,output,signalName,referenceWingSpan,f,13.89,1e-06,
Speedbrake,NOTE1,output,signalName,referenceWingArea,f2,286.45,1e-06,
Speedbrake,NOTE1,output,signalName,vrsPositionOfMrc_X,fracMAC,0.54,1e-06,
Speedbrake,NOTE1,output,signalName,totalCoefficientOfLift,nd,0.344522893429,1e-06,
Speedbrake,NOTE1,output,signalName,totalCoefficientOfDrag,nd,0.136000260711,1e-06,
Speedbrake,NOTE1,output,signalName,aeroBodyForceCoefficient_Y,nd,0.0,1e-06,
Speedbrake,NOTE1,output,signalName,aeroBodyMomentCoefficient_Roll,nd,0.0,1e-06,
Speedbrake,NOTE1,output,signalName,aeroBodyMomentCoefficient_Pitch,nd,0.009560574777,1e-06,
Speedbrake,NOTE1,output,signalName,aeroBodyMomentCoefficient_Yaw,nd,0.0,1e-06,
Left wing flap,NOTE1,input,signalName,angleOfAttack,deg,10.3,,
Left wing flap,NOTE1,input,signalName,angleOfSideslip,deg,0.0,,
Left wing flap,NOTE1,input,signalName,mach,nd,0.8,,
Left wing flap,NOTE1,input,signalName,trueAirspeed,f_s,240.0,,
Left wing flap,NOTE1,input,signalName,heightOfCgWrtRwy,f,20000.0,,
Left wing flap,NOTE1,input,signalName,bodyAngularRate_Roll,rad_s,0.0,,
Left wing flap,NOTE1,input,signalName,bodyAngularRate_Pitch,rad_s,0.0,,
Left wing flap,NOTE1,input,signalName,bodyAngularRate_Yaw,rad_s,0.0,,
Left wing flap,NOTE1,input,signalName,upperLeftBodyFlapDeflection,deg,0.0,,
Left wing flap,NOTE1,input,signalName,upperRightBodyFlapDeflection,deg,0.0,,
Left wing flap,NOTE1,input,signalName,lowerLeftBodyFlapDeflection,deg,0.0,,
Left wing flap,NOTE1,input,signalName,lowerRightBodyFlapDeflection,deg,0.0,,
Left wing flap,NOTE1,input,signalName,leftWingFlapDeflection,deg,-10.2,,
Left wing flap,NOTE1,input,signalName,rightWingFlapDeflection,deg,0.0,,
Left wing flap,NOTE1,input,signalName,rudderDeflection,deg,0.0,,
Left wing flap,NOTE1,input,signalName,landingGearExtension,deg,0.0,,
Left wing flap,NOTE1,internal,varID,ALP,,10.3,,
Left wing flap,NOTE1,internal,varID,BETA,,0.0,,
Left wing flap,NOTE1,internal,varID,XMACH,,0.8,,
Left wing flap,NOTE1,internal,varID,PB,,0.0,,
Left wing flap,NOTE1,internal,varID,QB,,0.0,,
Left wing flap,NOTE1,internal,varID,RB,,0.0,,
Left wing flap,NOTE1,internal,varID,VRW,,240.0,,
Left wing flap,NOTE1,internal,varID,H_rwy,,20000.0,,
Left wing flap,NOTE1,internal,varID,DBFUL,,0.0,,
Left wing flap,NOTE1,internal,varID,DBFUR,,0.0,,
Left wing flap,NOTE1,internal,varID,DBFLL,,0.0,,
Left wing flap,NOTE1,internal,varID,DBFLR,,0.0,,
Left wing flap,NOTE1,internal,varID,DWFL,,-10.2,,
Left wing flap,NOTE1,internal,varID,DWFR,,0.0,,
Left wing flap,NOTE1,internal,varID,DRUD,,0.0,,
Left wing flap,NOTE1,internal,varID,DLG,,0.0,,
Left wing flap,NOTE1,internal,varID,CBAR,,28.24,,
Left wing flap,NOTE1,internal,varID,BSPAN,,13.89,,
Left wing flap,NOTE1,internal,varID,SWING,,286.45,,
Left wing flap,NOTE1,internal,varID,XRP,,0.54,,
Left wing flap,NOTE1,internal,varID,CMQ0,,-0.22364,,
Left wing flap,NOTE1,internal,varID,CMQ1,,0.020457,,
Left wing flap,NOTE1,internal,varID,CMQ2,,-0.0016741,,
Left wing flap,NOTE1,internal,varID,CMQ3,,3.1618e-05,,
Left wing flap,NOTE1,internal,varID,CNP0,,0.40031,,
Left wing flap,NOTE1,internal,varID,CNP1,,-0.015518,,
Left wing flap,NOTE1,internal,varID,CNP2,,-0.00012143,,
Left wing flap,NOTE1,internal,varID,CNP3,,1.824e-05,,
Left wing flap,NOTE1,internal,varID,CNR0,,-0.79533,,
Left wing flap,NOTE1,internal,varID,CNR1,,-0.012647,,
Left wing flap,NOTE1,internal,varID,CNR2,,0.00032696,,
Left wing flap,NOTE1,internal,varID,CNR3,,-6.5929e-06,,
Left wing flap,NOTE1,internal,varID,CLP0,,-0.55242,,
Left wing flap,NOTE1,internal,varID,CLP1,,0.014478,,
Left wing flap,NOTE1,internal,varID,CLP2,,-0.0011545,,
Left wing flap,NOTE1,internal,varID,CLP3,,1.7706e-05,,
Left wing flap,NOTE1,internal,varID,CLR0,,0.44685,,
Left wing flap,NOTE1,internal,varID,CLR1,,0.067411,,
Left wing flap,NOTE1,internal,varID,CLR2,,-0.0051866,,
Left wing flap,NOTE1,internal,varID,CLR3,,0.00012659,,
Left wing flap,NOTE1,internal,varID,abs_rud,,0.0,,
Left wing flap,NOTE1,internal,varID,HOB,,1439.8848092152627,,
Left wing flap,NOTE1,internal,varID,PBO2V,,0.0,,
Left wing flap,NOTE1,internal,varID,QCO2V,,0.0,,
Left wing flap,NOTE1,internal,varID,RBO2V,,0.0,,
Left wing flap,NOTE1,internal,varID,CL0A0,,-0.073425,,
Left wing flap,NOTE1,internal,varID,CL0A1,,0.043347,,
Left wing flap,NOTE1,internal,varID,CL0A2,,0.00012122,,
Left wing flap,NOTE1,internal,varID,CL0A3,,-1.5927e-05,,
Left wing flap,NOTE1,internal,varID,CL0,,0.368505466871,,
Left wing flap,NOTE1,internal,varID,CD0A0,,0.060114,,
Left wing flap,NOTE1,internal,varID,CD0A1,,-0.002439,,
Left wing flap,NOTE1,internal,varID,CD0A2,,0.00080564,,
Left wing flap,NOTE1,internal,varID,CD0A3,,-8.387e-06,,
Left wing flap,NOTE1,internal,varID,CD0,,0.11129794625100001,,
Left wing flap,NOTE1,internal,varID,CM0A0,,0.025129,,
Left wing flap,NOTE1,internal,varID,CM0A1,,-0.0030512,,
Left wing flap,NOTE1,internal,varID,CM0A2,,-4.8533e-05,,
Left wing flap,NOTE1,internal,varID,CM0A3,,4.6453e-06,,
Left wing flap,NOTE1,internal,varID,CM0,,-0.006371181236900003,,
Left wing flap,NOTE1,internal,varID,CY0A0,,-0.013313,,
Left wing flap,NOTE1,internal,varID,CY0A1,,-0.00013917,,
Left wing flap,NOTE1,internal,varID,CY0A2,,1.604e-05,,
Left wing flap,NOTE1,internal,varID,CY0A3,,-1.4751e-07,,
Left wing flap,NOTE1,internal,varID,CYB,,-0.013205955559770001,,
Left wing flap,NOTE1,internal,varID,CR0A0,,-0.0063969,,
Left wing flap,NOTE1,internal,varID,CR0A1,,-0.00049202,,
Left wing flap,NOTE1,internal,varID,CR0A2,,2.8527e-05,,
Left wing flap,NOTE1,internal,varID,CR0A3,,-3.0272e-07,,
Left wing flap,NOTE1,internal,varID,CRB,,-0.008769066887439999,,
Left wing flap,NOTE1,internal,varID,CN0A0,,0.0030814,,
Left wing flap,NOTE1,internal,varID,CN0A1,,0.00011705,,
Left wing flap,NOTE1,internal,varID,CN0A2,,-2.2768e-06,,
Left wing flap,NOTE1,internal,varID,CN0A3,,-2.9912e-07,,
Left wing flap,NOTE1,internal,varID,CNB,,0.00371861278776,,
Left wing flap,NOTE1,internal,varID,CLRUD0,,0.0,,
Left wing flap,NOTE1,internal,varID,CLRUD1,,0.0,,
Left wing flap,NOTE1,internal,varID,CLRUD2,,0.0,,
Left wing flap,NOTE1,internal,varID,CLRUD3,,0.0,,
Left wing flap,NOTE1,internal,varID,CLRUD,,0.0,,
Left wing flap,NOTE1,internal,varID,CDRUD0,,0.0,,
Left wing flap,NOTE1,internal,varID,CDRUD1,,0.0,,
Left wing flap,NOTE1,internal,varID,CDRUD2,,0.0,,
Left wing flap,NOTE1,internal,varID,CDRUD3,,0.0,,
Left wing flap,NOTE1,internal,varID,CDRUD,,0.0,,
Left wing flap,NOTE1,internal,varID,CMRUD0,,0.0,,
Left wing flap,NOTE1,internal,varID,CMRUD1,,0.0,,
Left wing flap,NOTE1,internal,varID,CMRUD2,,0.0,,
Left wing flap,NOTE1,internal,varID,CMRUD3,,0.0,,
Left wing flap,NOTE1,internal,varID,CMRUD,,0.0,,
Left wing flap,NOTE1,internal,varID,CYRUD0,,0.0,,
Left wing flap,NOTE1,internal,varID,CYRUD1,,0.0,,
Left wing flap,NOTE1,internal,varID,CYRUD2,,0.0,,
Left wing flap,NOTE1,internal,varID,CYRUD3,,0.0,,
Left wing flap,NOTE1,internal,varID,CYRUD,,0.0,,
Left wing flap,NOTE1,internal,varID,CRRUD0,,0.0,,
Left wing flap,NOTE1,internal,varID,CRRUD1,,0.0,,
Left wing flap,NOTE1,internal,varID,CRRUD2,,0.0,,
Left wing flap,NOTE1,internal,varID,CRRUD3,,0.0,,
Left wing flap,NOTE1,internal,varID,CRRUD,,0.0,,
Left wing flap,NOTE1,internal,varID,CNRUD0,,0.0,,
Left wing flap,NOTE1,internal,varID,CNRUD1,,0.0,,
Left wing flap,NOTE1,internal,varID,CNRUD2,,0.0,,
Left wing flap,NOTE1,internal,varID,CNRUD3,,0.0,,
Left wing flap,NOTE1,internal,varID,CNRUD,,0.0,,
Left wing flap,NOTE1,internal,varID,CLBFLL0,,0.0,,
Left wing flap,NOTE1,internal,varID,CLBFLL1,,0.0,,
Left wing flap,NOTE1,internal,varID,CLBFLL2,,0.0,,
Left wing flap,NOTE1,internal,varID,CLBFLL3,,0.0,,
Left wing flap,NOTE1,internal,varID,CLBFLL,,0.0,,
Left wing flap,NOTE1,internal,varID,CDBFLL0,,0.0,,
Left wing flap,NOTE1,internal,varID,CDBFLL1,,0.0,,
Left wing flap,NOTE1,internal,varID,CDBFLL2,,0.0,,
Left wing flap,NOTE1,internal,varID,CDBFLL3,,0.0,,
Left wing flap,NOTE1,internal,varID,CDBFLL,,0.0,,
Left wing flap,NOTE1,internal,varID,CMBFLL0,,0.0,,
Left wing flap,NOTE1,internal,varID,CMBFLL1,,0.0,,
Left wing flap,NOTE1,internal,varID,CMBFLL2,,0.0,,
Left wing flap,NOTE1,internal,varID,CMBFLL3,,0.0,,
Left wing flap,NOTE1,internal,varID,CMBFLL,,0.0,,
Left wing flap,NOTE1,internal,varID,CYBFLL0,,0.0,,
Left wing flap,NOTE1,internal,varID,CYBFLL1,,0.0,,
Left wing flap,NOTE1,internal,varID,CYBFLL2,,0.0,,
Left wing flap,NOTE1,internal,varID,CYBFLL3,,0.0,,
Left wing flap,NOTE1,internal,varID,CYBFLL,,0.0,,
Left wing flap,NOTE1,internal,varID,CRBFLL0,,0.0,,
Left wing flap,NOTE1,internal,varID,CRBFLL1,,0.0,,
Left wing flap,NOTE1,internal,varID,CRBFLL2,,0.0,,
Left wing flap,NOTE1,internal,varID,CRBFLL3,,0.0,,
Left wing flap,NOTE1,internal,varID,CRBFLL,,0.0,,
Left wing flap,NOTE1,internal,varID,CNBFLL0,,0.0,,
Left wing flap,NOTE1,internal,varID,CNBFLL1,,0.0,,
Left wing flap,NOTE1,internal,varID,CNBFLL2,,0.0,,
Left wing flap,NOTE1,internal,varID,CNBFLL3,,0.0,,
Left wing flap,NOTE1,internal,varID,CNBFLL,,0.0,,
Left wing flap,NOTE1,internal,varID,CLBFLR0,,0.0,,
Left wing flap,NOTE1,internal,varID,CLBFLR1,,0.0,,
Left wing flap,NOTE1,internal,varID,CLBFLR2,,0.0,,
Left wing flap,NOTE1,internal,varID,CLBFLR3,,0.0,,
Left wing flap,NOTE1,internal,varID,CLBFLR,,0.0,,
Left wing flap,NOTE1,internal,varID,CDBFLR0,,0.0,,
Left wing flap,NOTE1,internal,varID,CDBFLR1,,0.0,,
Left wing flap,NOTE1,internal,varID,CDBFLR2,,0.0,,
Left wing flap,NOTE1,internal,varID,CDBFLR3,,0.0,,
Left wing flap,NOTE1,internal,varID,CDBFLR,,0.0,,
Left wing flap,NOTE1,internal,varID,CMBFLR0,,0.0,,
Left wing flap,NOTE1,internal,varID,CMBFLR1,,0.0,,
Left wing flap,NOTE1,internal,varID,CMBFLR2,,0.0,,
Left wing flap,NOTE1,internal,varID,CMBFLR3,,0.0,,
Left wing flap,NOTE1,internal,varID,CMBFLR,,0.0,,
Left wing flap,NOTE1,internal,varID,CYBFLR0,,0.0,,
Left wing flap,NOTE1,internal,varID,CYBFLR1,,0.0,,
Left wing flap,NOTE1,internal,varID,CYBFLR2,,0.0,,
Left wing flap,NOTE1,internal,varID,CYBFLR3,,0.0,,
Left wing flap,NOTE1,internal,varID,CYBFLR,,-0.0,,
Left wing flap,NOTE1,internal,varID,CRBFLR0,,0.0,,
Left wing flap,NOTE1,internal,varID,CRBFLR1,,0.0,,
Left wing flap,NOTE1,internal,varID,CRBFLR2,,0.0,,
Left wing flap,NOTE1,internal,varID,CRBFLR3,,0.0,,
Left wing flap,NOTE1,internal,varID,CRBFLR,,-0.0,,
Left wing flap,NOTE1,internal,varID,CNBFLR0,,0.0,,
Left wing flap,NOTE1,internal,varID,CNBFLR1,,0.0,,
Left wing flap,NOTE1,internal,varID,CNBFLR2,,0.0,,
Left wing flap,NOTE1,internal,varID,CNBFLR3,,0.0,,
Left wing flap,NOTE1,internal,varID,CNBFLR,,-0.0,,
Left wing flap,NOTE1,internal,varID,CLBFUL0,,0.0,,
Left wing flap,NOTE1,internal,varID,CLBFUL1,,0.0,,
Left wing flap,NOTE1,internal,varID,CLBFUL2,,0.0,,
Left wing flap,NOTE1,internal,varID,CLBFUL3,,0.0,,
Left wing flap,NOTE1,internal,varID,CLBFUL,,0.0,,
Left wing flap,NOTE1,internal,varID,CDBFUL0,,0.0,,
Left wing flap,NOTE1,internal,varID,CDBFUL1,,0.0,,
Left wing flap,NOTE1,internal,varID,CDBFUL2,,0.0,,
Left wing flap,NOTE1,internal,varID,CDBFUL3,,0.0,,
Left wing flap,NOTE1,internal,varID,CDBFUL,,0.0,,
Left wing flap,NOTE1,internal,varID,CMBFUL0,,0.0,,
Left wing flap,NOTE1,internal,varID,CMBFUL1,,0.0,,
Left wing flap,NOTE1,internal,varID,CMBFUL2,,0.0,,
Left wing flap,NOTE1,internal,varID,CMBFUL3,,0.0,,
Left wing flap,NOTE1,internal,varID,CMBFUL,,0.0,,
Left wing flap,NOTE1,internal,varID,CYBFUL0,,0.0,,
Left wing flap,NOTE1,internal,varID,CYBFUL1,,0.0,,
Left wing flap,NOTE1,internal,varID,CYBFUL2,,0.0,,
Left wing flap,NOTE1,internal,varID,CYBFUL3,,0.0,,
Left wing flap,NOTE1,internal,varID,CYBFUL,,0.0,,
Left wing flap,NOTE1,internal,varID,CRBFUL0,,0.0,,
Left wing flap,NOTE1,internal,varID,CRBFUL1,,0.0,,
Left wing flap,NOTE1,internal,varID,CRBFUL2,,0.0,,
Left wing flap,NOTE1,internal,varID,CRBFUL3,,0.0,,
Left wing flap,NOTE1,internal,varID,CRBFUL,,0.0,,
Left wing flap,NOTE1,internal,varID,CNBFUL0,,0.0,,
Left wing flap,NOTE1,internal,varID,CNBFUL1,,0.0,,
Left wing flap,NOTE1,internal,varID,CNBFUL2,,0.0,,
Left wing flap,NOTE1,internal,varID,CNBFUL3,,0.0,,
Left wing flap,NOTE1,internal,varID,CNBFUL,,0.0,,
Left wing flap,NOTE1,internal,varID,CLBFUR0,,0.0,,
Left wing flap,NOTE1,internal,varID,CLBFUR1,,0.0,,
Left wing flap,NOTE1,internal,varID,CLBFUR2,,0.0,,
Left wing flap,NOTE1,internal,varID,CLBFUR3,,0.0,,
Left wing flap,NOTE1,internal,varID,CLBFUR,,0.0,,
Left wing flap,NOTE1,internal,varID,CDBFUR0,,0.0,,
Left wing flap,NOTE1,internal,varID,CDBFUR1,,0.0,,
Left wing flap,NOTE1,internal,varID,CDBFUR2,,0.0,,
Left wing flap,NOTE1,internal,varID,CDBFUR3,,0.0,,
Left wing flap,NOTE1,internal,varID,CDBFUR,,0.0,,
Left wing flap,NOTE1,internal,varID,CMBFUR0,,0.0,,
Left wing flap,NOTE1,internal,varID,CMBFUR1,,0.0,,
Left wing flap,NOTE1,internal,varID,CMBFUR2,,0.0,,
Left wing flap,NOTE1,internal,varID,CMBFUR3,,0.0,,
Left wing flap,NOTE1,internal,varID,CMBFUR,,0.0,,
Left wing flap,NOTE1,internal,varID,CYBFUR0,,0.0,,
Left wing flap,NOTE1,internal,varID,CYBFUR1,,0.0,,
Left wing flap,NOTE1,internal,varID,CYBFUR2,,0.0,,
Left wing flap,NOTE1,internal,varID,CYBFUR3,,0.0,,
Left wing flap,NOTE1,internal,varID,CYBFUR,,-0.0,,
Left wing flap,NOTE1,internal,varID,CRBFUR0,,0.0,,
Left wing flap,NOTE1,internal,varID,CRBFUR1,,0.0,,
Left wing flap,NOTE1,internal,varID,CRBFUR2,,0.0,,
Left wing flap,NOTE1,internal,varID,CRBFUR3,,0.0,,
Left wing flap,NOTE1,internal,varID,CRBFUR,,-0.0,,
Left wing flap,NOTE1,internal,varID,CNBFUR0,,0.0,,
Left wing flap,NOTE1,internal,varID,CNBFUR1,,0.0,,
Left wing flap,NOTE1,internal,varID,CNBFUR2,,0.0,,
Left wing flap,NOTE1,internal,varID,CNBFUR3,,0.0,,
Left wing flap,NOTE1,internal,varID,CNBFUR,,-0.0,,
Left wing flap,NOTE1,internal,varID,CLWFL0,,-0.03897895999999999,,
Left wing flap,NOTE1,internal,varID,CLWFL1,,0.0044883399999999995,,
Left wing flap,NOTE1,internal,varID,CLWFL2,,-0.00041711879999999996,,
Left wing flap,NOTE1,internal,varID,CLWFL3,,1.044888e-05,,
Left wing flap,NOTE1,internal,varID,CLWFL,,-0.025583418196239997,,
Left wing flap,NOTE1,internal,varID,CDWFL0,,0.001534352,,
Left wing flap,NOTE1,internal,varID,CDWFL1,,-0.00037776719999999995,,
Left wing flap,NOTE1,internal,varID,CDWFL2,,-1.44908e-05,,
Left wing flap,NOTE1,internal,varID,CDWFL3,,7.443279999999999e-07,,
Left wing flap,NOTE1,internal,varID,CDWFL,,-0.003080631829544,,
Left wing flap,NOTE1,internal,varID,CMWFL0,,0.01222028,,
Left wing flap,NOTE1,internal,varID,CMWFL1,,-0.0002483632,,
Left wing flap,NOTE1,internal,varID,CMWFL2,,1.5139519999999998e-05,,
Left wing flap,NOTE1,internal,varID,CMWFL3,,-5.759056e-07,,
Left wing flap,NOTE1,internal,varID,CMWFL,,0.0106389831182288,,
Left wing flap,NOTE1,internal,varID,CYWFL0,,-0.02348856,,
Left wing flap,NOTE1,internal,varID,CYWFL1,,0.0017922759999999998,,
Left wing flap,NOTE1,internal,varID,CYWFL2,,-7.61328e-05,,
Left wing flap,NOTE1,internal,varID,CYWFL3,,1.1902039999999997e-06,,
Left wing flap,NOTE1,internal,varID,CYWFL,,-0.011804477905692003,,
Left wing flap,NOTE1,internal,varID,CRWFL0,,-0.017262479999999997,,
Left wing flap,NOTE1,internal,varID,CRWFL1,,0.0015087159999999998,,
Left wing flap,NOTE1,internal,varID,CRWFL2,,-8.443559999999999e-05,,
Left wing flap,NOTE1,internal,varID,CRWFL3,,1.7309399999999999e-06,,
Left wing flap,NOTE1,internal,varID,CRWFL,,-0.008789033130619999,,
Left wing flap,NOTE1,internal,varID,CNWFL0,,0.014566959999999999,,
Left wing flap,NOTE1,internal,varID,CNWFL1,,-0.0006432596,,
Left wing flap,NOTE1,internal,varID,CNWFL2,,2.758216e-05,,
Left wing flap,NOTE1,internal,varID,CNWFL3,,-5.261499999999999e-07,,
Left wing flap,NOTE1,internal,varID,CNWFL,,0.01029263916335,,
Left wing flap,NOTE1,internal,varID,CLWFR0,,0.0,,
Left wing flap,NOTE1,internal,varID,CLWFR1,,0.0,,
Left wing flap,NOTE1,internal,varID,CLWFR2,,0.0,,
Left wing flap,NOTE1,internal,varID,CLWFR3,,0.0,,
Left wing flap,NOTE1,internal,varID,CLWFR,,0.0,,
Left wing flap,NOTE1,internal,varID,CDWFR0,,0.0,,
Left wing flap,NOTE1,internal,varID,CDWFR1,,0.0,,
Left wing flap,NOTE1,internal,varID,CDWFR2,,0.0,,
Left wing flap,NOTE1,internal,varID,CDWFR3,,0.0,,
Left wing flap,NOTE1,internal,varID,CDWFR,,0.0,,
Left wing flap,NOTE1,internal,varID,CMWFR0,,0.0,,
Left wing flap,NOTE1,internal,varID,CMWFR1,,0.0,,
Left wing flap,NOTE1,internal,varID,CMWFR2,,0.0,,
Left wing flap,NOTE1,internal,varID,CMWFR3,,0.0,,
Left wing flap,NOTE1,internal,varID,CMWFR,,0.0,,
Left wing flap,NOTE1,internal,varID,CYWFR0,,0.0,,
Left wing flap,NOTE1,internal,varID,CYWFR1,,0.0,,
Left wing flap,NOTE1,internal,varID,CYWFR2,,0.0,,
Left wing flap,NOTE1,internal,varID,CYWFR3,,0.0,,
Left wing flap,NOTE1,internal,varID,CYWFR,,-0.0,,
Left wing flap,NOTE1,internal,varID,CRWFR0,,0.0,,
Left wing flap,NOTE1,internal,varID,CRWFR1,,0.0,,
Left wing flap,NOTE1,internal,varID,CRWFR2,,0.0,,
Left wing flap,NOTE1,internal,varID,CRWFR3,,0.0,,
Left wing flap,NOTE1,internal,varID,CRWFR,,-0.0,,
Left wing flap,NOTE1,internal,varID,CNWFR0,,0.0,,
Left wing flap,NOTE1,internal,varID,CNWFR1,,0.0,,
Left wing flap,NOTE1,internal,varID,CNWFR2,,0.0,,
Left wing flap,NOTE1,internal,varID,CNWFR3,,0.0,,
Left wing flap,NOTE1,internal,varID,CNWFR,,-0.0,,
Left wing flap,NOTE1,internal,varID,CLLG0,,0.0,,
Left wing flap,NOTE1,internal,varID,CLLG1,,0.0,,
Left wing flap,NOTE1,internal,varID,CLLG2,,0.0,,
Left wing flap,NOTE1,internal,varID,CLLG3,,0.0,,
Left wing flap,NOTE1,internal,varID,CLLG,,0.0,,
Left wing flap,NOTE1,internal,varID,CDLG0,,0.0,,
Left wing flap,NOTE1,internal,varID,CDLG1,,0.0,,
Left wing flap,NOTE1,internal,varID,CDLG2,,0.0,,
Left wing flap,NOTE1,internal,varID,CDLG3,,0.0,,
Left wing flap,NOTE1,internal,varID,CDLG,,0.0,,
Left wing flap,NOTE1,internal,varID,CMLG0,,0.0,,
Left wing flap,NOTE1,internal,varID,CMLG1,,0.0,,
Left wing flap,NOTE1,internal,varID,CMLG2,,0.0,,
Left wing flap,NOTE1,internal,varID,CMLG3,,0.0,,
Left wing flap,NOTE1,internal,varID,CMLG,,0.0,,
Left wing flap,NOTE1,internal,varID,CYLG0,,0.0,,
Left wing flap,NOTE1,internal,varID,CYLG1,,0.0,,
Left wing flap,NOTE1,internal,varID,CYLG2,,0.0,,
Left wing flap,NOTE1,internal,varID,CYLG3,,0.0,,
Left wing flap,NOTE1,internal,varID,CYLG,,0.0,,
Left wing flap,NOTE1,internal,varID,CRLG0,,0.0,,
Left wing flap,NOTE1,internal,varID,CRLG1,,0.0,,
Left wing flap,NOTE1,internal,varID,CRLG2,,0.0,,
Left wing flap,NOTE1,internal,varID,CRLG3,,0.0,,
Left wing flap,NOTE1,internal,varID,CRLG,,0.0,,
Left wing flap,NOTE1,internal,varID,CNLG0,,0.0,,
Left wing flap,NOTE1,internal,varID,CNLG1,,0.0,,
Left wing flap,NOTE1,internal,varID,CNLG2,,0.0,,
Left wing flap,NOTE1,internal,varID,CNLG3,,0.0,,
Left wing flap,NOTE1,internal,varID,CNLG,,0.0,,
Left wing flap,NOTE1,internal,varID,CLGE0,,0.0,,
Left wing flap,NOTE1,internal,varID,CLGE1,,0.0,,
Left wing flap,NOTE1,internal,varID,CLGE2,,0.0,,
Left wing flap,NOTE1,internal,varID,CLGE3,,0.0,,
Left wing flap,NOTE1,internal,varID,CLGE,,0.0,,
Left wing flap,NOTE1,internal,varID,CDGE0,,0.0,,
Left wing flap,NOTE1,internal,varID,CDGE1,,0.0,,
Left wing flap,NOTE1,internal,varID,CDGE2,,0.0,,
Left wing flap,NOTE1,internal,varID,CDGE3,,0.0,,
Left wing flap,NOTE1,internal,varID,CDGE,,0.0,,
Left wing flap,NOTE1,internal,varID,CMGE0,,0.0,,
Left wing flap,NOTE1,internal,varID,CMGE1,,0.0,,
Left wing flap,NOTE1,internal,varID,CMGE2,,0.0,,
Left wing flap,NOTE1,internal,varID,CMGE3,,0.0,,
Left wing flap,NOTE1,internal,varID,CMGE,,0.0,,
Left wing flap,NOTE1,internal,varID,CYGE0,,0.0,,
Left wing flap,NOTE1,internal,varID,CYGE1,,0.0,,
Left wing flap,NOTE1,internal,varID,CYGE2,,0.0,,
Left wing flap,NOTE1,internal,varID,CYGE3,,0.0,,
Left wing flap,NOTE1,internal,varID,CYGE,,0.0,,
Left wing flap,NOTE1,internal,varID,CRGE0,,0.0,,
Left wing flap,NOTE1,internal,varID,CRGE1,,0.0,,
Left wing flap,NOTE1,internal,varID,CRGE2,,0.0,,
Left wing flap,NOTE1,internal,varID,CRGE3,,0.0,,
Left wing flap,NOTE1,internal,varID,CRGE,,0.0,,
Left wing flap,NOTE1,internal,varID,CNGE0,,0.0,,
Left wing flap,NOTE1,internal,varID,CNGE1,,0.0,,
Left wing flap,NOTE1,internal,varID,CNGE2,,0.0,,
Left wing flap,NOTE1,internal,varID,CNGE3,,0.0,,
Left wing flap,NOTE1,internal,varID,CNGE,,0.0,,
Left wing flap,NOTE1,internal,varID,sCYRUD,,0.0,,
Left wing flap,NOTE1,internal,varID,sCRRUD,,0.0,,
Left wing flap,NOTE1,internal,varID,sCNRUD,,0.0,,
Left wing flap,NOTE1,internal,varID,CMQ,,-0.155988326714,,
Left wing flap,NOTE1,internal,varID,CNP,,0.24752343178,,
Left wing flap,NOTE1,internal,varID,CNR,,-0.8981111534383,,
Left wing flap,NOTE1,internal,varID,CLP,,-0.506429680738,,
Left wing flap,NOTE1,internal,varID,CLR,,0.72926521693,,
Left wing flap,NOTE1,internal,varID,CL,,0.34292204867476,,
Left wing flap,NOTE1,internal,varID,CD,,0.108217314421456,,
Left wing flap,NOTE1,internal,varID,CM,,0.004267801881328796,,
Left wing flap,NOTE1,internal,varID,CY,,-0.011804477905692003,,
Left wing flap,NOTE1,internal,varID,CN,,0.01029263916335,,
Left wing flap,NOTE1,internal,varID,CR,,-0.008789033130619999,,
Left wing flap,NOTE1,output,signalName,referenceWingChord,f,28.24,1e-06,
Left wing flap,NOTE1,output,signalName,referenceWingSpan,f,13.89,1e-06,
Left wing flap,NOTE1,output,signalName,referenceWingArea,f2,286.45,1e-06,
Left wing flap,NOTE1,output,signalName,vrsPositionOfMrc_X,fracMAC,0.54,1e-06,
Left wing flap,NOTE1,output,signalName,totalCoefficientOfLift,nd,0.342922061682,1e-06,
Left wing flap,NOTE1,output,signalName,totalCoefficientOfDrag,nd,0.108217321336,1e-06,
Left wing flap,NOTE1,output,signalName,aeroBodyForceCoefficient_Y,nd,-0.011804478243,1e-06,
Left wing flap,NOTE1,output,signalName,aeroBodyMomentCoefficient_Roll,nd,-0.008789033629,1e-06,
Left wing flap,NOTE1,output,signalName,aeroBodyMomentCoefficient_Pitch,nd,0.004267802462,1e-06,
Left wing flap,NOTE1,output,signalName,aeroBodyMomentCoefficient_Yaw,nd,0.010292638093,1e-06,
Symm. wing flap,NOTE1,input,signalName,angleOfAttack,deg,10.3,,
Symm. wing flap,NOTE1,input,signalName,angleOfSideslip,deg,0.0,,
Symm. wing flap,NOTE1,input,signalName,mach,nd,0.8,,
Symm. wing flap,NOTE1,input,signalName,trueAirspeed,f_s,240.0,,
Symm. wing flap,NOTE1,input,signalName,heightOfCgWrtRwy,f,20000.0,,
Symm. wing flap,NOTE1,input,signalName,bodyAngularRate_Roll,rad_s,0.0,,
Symm. wing flap,NOTE1,input,signalName,bodyAngularRate_Pitch,rad_s,0.0,,
Symm. wing flap,NOTE1,input,signalName,bodyAngularRate_Yaw,rad_s,0.0,,
Symm. wing flap,NOTE1,input,signalName,upperLeftBodyFlapDeflection,deg,0.0,,
Symm. wing flap,NOTE1,input,signalName,upperRightBodyFlapDeflection,deg,0.0,,
Symm. wing flap,NOTE1,input,signalName,lowerLeftBodyFlapDeflection,deg,0.0,,
Symm. wing flap,NOTE1,input,signalName,lowerRightBodyFlapDeflection,deg,0.0,,
Symm. wing flap,NOTE1,input,signalName,leftWingFlapDeflection,deg,-10.2,,
Symm. wing flap,NOTE1,input,signalName,rightWingFlapDeflection,deg,-10.2,,
Symm. wing flap,NOTE1,input,signalName,rudderDeflection,deg,0.0,,
Symm. wing flap,NOTE1,input,signalName,landingGearExtension,deg,0.0,,
Symm. wing flap,NOTE1,internal,varID,ALP,,10.3,,
Symm. wing flap,NOTE1,internal,varID,BETA,,0.0,,
Symm. wing flap,NOTE1,internal,varID,XMACH,,0.8,,
Symm. wing flap,NOTE1,internal,varID,PB,,0.0,,
Symm. wing flap,NOTE1,internal,varID,QB,,0.0,,
Symm. wing flap,NOTE1,internal,varID,RB,,0.0,,
Symm. wing flap,NOTE1,internal,varID,VRW,,240.0,,
Symm. wing flap,NOTE1,internal,varID,H_rwy,,20000.0,,
Symm. wing flap,NOTE1,internal,varID,DBFUL,,0.0,,
Symm. wing flap,NOTE1,internal,varID,DBFUR,,0.0,,
Symm. wing flap,NOTE1,internal,varID,DBFLL,,0.0,,
Symm. wing flap,NOTE1,internal,varID,DBFLR,,0.0,,
Symm. wing flap,NOTE1,internal,varID,DWFL,,-10.2,,
Symm. wing flap,NOTE1,internal,varID,DWFR,,-10.2,,
Symm. wing flap,NOTE1,internal,varID,DRUD,,0.0,,
Symm. wing flap,NOTE1,internal,varID,DLG,,0.0,,
Symm. wing flap,NOTE1,internal,varID,CBAR,,28.24,,
Symm. wing flap,NOTE1,internal,varID,BSPAN,,13.89,,
Symm. wing flap,NOTE1,internal,varID,SWING,,286.45,,
Symm. wing flap,NOTE1,internal,varID,XRP,,0.54,,
Symm. wing flap,NOTE1,internal,varID,CMQ0,,-0.22364,,
Symm. wing flap,NOTE1,internal,varID,CMQ1,,0.020457,,
Symm. wing flap,NOTE1,internal,varID,CMQ2,,-0.0016741,,
Symm. wing flap,NOTE1,internal,varID,CMQ3,,3.1618e-05,,
Symm. wing flap,NOTE1,internal,varID,CNP0,,0.40031,,
Symm. wing flap,NOTE1,internal,varID,CNP1,,-0.015518,,
Symm. wing flap,NOTE1,internal,varID,CNP2,,-0.00012143,,
Symm. wing flap,NOTE1,internal,varID,CNP3,,1.824e-05,,
Symm. wing flap,NOTE1,internal,varID,CNR0,,-0.79533,,
Symm. wing flap,NOTE1,internal,varID,CNR1,,-0.012647,,
Symm. wing flap,NOTE1,internal,varID,CNR2,,0.00032696,,
Symm. wing flap,NOTE1,internal,varID,CNR3,,-6.5929e-06,,
Symm. wing flap,NOTE1,internal,varID,CLP0,,-0.55242,,
Symm. wing flap,NOTE1,internal,varID,CLP1,,0.014478,,
Symm. wing flap,NOTE1,internal,varID,CLP2,,-0.0011545,,
Symm. wing flap,NOTE1,internal,varID,CLP3,,1.7706e-05,,
Symm. wing flap,NOTE1,internal,varID,CLR0,,0.44685,,
Symm. wing flap,NOTE1,internal,varID,CLR1,,0.067411,,
Symm. wing flap,NOTE1,internal,varID,CLR2,,-0.0051866,,
Symm. wing flap,NOTE1,internal,varID,CLR3,,0.00012659,,
Symm. wing flap,NOTE1,internal,varID,abs_rud,,0.0,,
Symm. wing flap,NOTE1,internal,varID,HOB,,1439.8848092152627,,
Symm. wing flap,NOTE1,internal,varID,PBO2V,,0.0,,
Symm. wing flap,NOTE1,internal,varID,QCO2V,,0.0,,
Symm. wing flap,NOTE1,internal,varID,RBO2V,,0.0,,
Symm. wing flap,NOTE1,internal,varID,CL0A0,,-0.073425,,
Symm. wing flap,NOTE1,internal,varID,CL0A1,,0.043347,,
Symm. wing flap,NOTE1,internal,varID,CL0A2,,0.00012122,,
Symm. wing flap,NOTE1,internal,varID,CL0A3,,-1.5927e-05,,
Symm. wing flap,NOTE1,internal,varID,CL0,,0.368505466871,,
Symm. wing flap,NOTE1,internal,varID,CD0A0,,0.060114,,
Symm. wing flap,NOTE1,internal,varID,CD0A1,,-0.002439,,
Symm. wing flap,NOTE1,internal,varID,CD0A2,,0.00080564,,
Symm. wing flap,NOTE1,internal,varID,CD0A3,,-8.387e-06,,
Symm. wing flap,NOTE1,internal,varID,CD0,,0.11129794625100001,,
Symm. wing flap,NOTE1,internal,varID,CM0A0,,0.025129,,
Symm. wing flap,NOTE1,internal,varID,CM0A1,,-0.0030512,,
Symm. wing flap,NOTE1,internal,varID,CM0A2,,-4.8533e-05,,
Symm. wing flap,NOTE1,internal,varID,CM0A3,,4.6453e-06,,
Symm. wing flap,NOTE1,internal,varID,CM0,,-0.006371181236900003,,
Symm. wing flap,NOTE1,internal,varID,CY0A0,,-0.013313,,
Symm. wing flap,NOTE1,internal,varID,CY0A1,,-0.00013917,,
Symm. wing flap,NOTE1,internal,varID,CY0A2,,1.604e-05,,
Symm. wing flap,NOTE1,internal,varID,CY0A3,,-1.4751e-07,,
Symm. wing flap,NOTE1,internal,varID,CYB,,-0.013205955559770001,,
Symm. wing flap,NOTE1,internal,varID,CR0A0,,-0.0063969,,
Symm. wing flap,NOTE1,internal,varID,CR0A1,,-0.00049202,,
Symm. wing flap,NOTE1,internal,varID,CR0A2,,2.8527e-05,,
Symm. wing flap,NOTE1,internal,varID,CR0A3,,-3.0272e-07,,
Symm. wing flap,NOTE1,internal,varID,CRB,,-0.008769066887439999,,
Symm. wing flap,NOTE1,internal,varID,CN0A0,,0.0030814,,
Symm. wing flap,NOTE1,internal,varID,CN0A1,,0.00011705,,
Symm. wing flap,NOTE1,internal,varID,CN0A2,,-2.2768e-06,,
Symm. wing flap,NOTE1,internal,varID,CN0A3,,-2.9912e-07,,
Symm. wing flap,NOTE1,internal,varID,CNB,,0.00371861278776,,
Symm. wing flap,NOTE1,internal,varID,CLRUD0,,0.0,,
Symm. wing flap,NOTE1,internal,varID,CLRUD1,,0.0,,
Symm. wing flap,NOTE1,internal,varID,CLRUD2,,0.0,,
Symm. wing flap,NOTE1,internal,varID,CLRUD3,,0.0,,
Symm. wing flap,NOTE1,internal,varID,CLRUD,,0.0,,
Symm. wing flap,NOTE1,internal,varID,CDRUD0,,0.0,,
Symm. wing flap,NOTE1,internal,varID,CDRUD1,,0.0,,
Symm. wing flap,NOTE1,internal,varID,CDRUD2,,0.0,,
Symm. wing flap,NOTE1,internal,varID,CDRUD3,,0.0,,
Symm. wing flap,NOTE1,internal,varID,CDRUD,,0.0,,
Symm. wing flap,NOTE1,internal,varID,CMRUD0,,0.0,,
Symm. wing flap,NOTE1,internal,varID,CMRUD1,,0.0,,
Symm. wing flap,NOTE1,internal,varID,CMRUD2,,0.0,,
Symm. wing flap,NOTE1,internal,varID,CMRUD3,,0.0,,
Symm. wing flap,NOTE1,internal,varID,CMRUD,,0.0,,
Symm. wing flap,NOTE1,internal,varID,CYRUD0,,0.0,,
Symm. wing flap,NOTE1,internal,varID,CYRUD1,,0.0,,
Symm. wing flap,NOTE1,internal,varID,CYRUD2,,0.0,,
Symm. wing flap,NOTE1,internal,varID,CYRUD3,,0.0,,
Symm. wing flap,NOTE1,internal,varID,CYRUD,,0.0,,
Symm. wing flap,NOTE1,internal,varID,CRRUD0,,0.0,,
Symm. wing flap,NOTE1,internal,varID,CRRUD1,,0.0,,
Symm. wing flap,NOTE1,internal,varID,CRRUD2,,0.0,,
Symm. wing flap,NOTE1,internal,varID,CRRUD3,,0.0,,
Symm. wing flap,NOTE1,internal,varID,CRRUD,,0.0,,
Symm. wing flap,NOTE1,internal,varID,CNRUD0,,0.0,,
Symm. wing flap,NOTE1,internal,varID,CNRUD1,,0.0,,
Symm. wing flap,NOTE1,internal,varID,CNRUD2,,0.0,,
Symm. wing flap,NOTE1,internal,varID,CNRUD3,,0.0,,
Symm. wing flap,NOTE1,internal,varID,CNRUD,,0.0,,
Symm. wing flap,NOTE1,internal,varID,CLBFLL0,,0.0,,
Symm. wing flap,NOTE1,internal,varID,CLBFLL1,,0.0,,
Symm. wing flap,NOTE1,internal,varID,CLBFLL2,,0.0,,
Symm. wing flap,NOTE1,internal,varID,CLBFLL3,,0.0,,
Symm. wing flap,NOTE1,internal,varID,CLBFLL,,0.0,,
Symm. wing flap,NOTE1,internal,varID,CDBFLL0,,0.0,,
Symm. wing flap,NOTE1,internal,varID,CDBFLL1,,0.0,,
Symm. wing flap,NOTE1,internal,varID,CDBFLL2,,0.0,,
Symm. wing flap,NOTE1,internal,varID,CDBFLL3,,0.0,,
Symm. wing flap,NOTE1,internal,varID,CDBFLL,,0.0,,
Symm. wing flap,NOTE1,internal,varID,CMBFLL0,,0.0,,
Symm. wing flap,NOTE1,internal,varID,CMBFLL1,,0.0,,
Symm. wing flap,NOTE1,internal,varID,CMBFLL2,,0.0,,
Symm. wing flap,NOTE1,internal,varID,CMBFLL3,,0.0,,
Symm. wing flap,NOTE1,internal,varID,CMBFLL,,0.0,,
Symm. wing flap,NOTE1,internal,varID,CYBFLL0,,0.0,,
Symm. wing flap,NOTE1,internal,varID,CYBFLL1,,0.0,,
Symm. wing flap,NOTE1,internal,varID,CYBFLL2,,0.0,,
Symm. wing flap,NOTE1,internal,varID,CYBFLL3,,0.0,,
Symm. wing flap,NOTE1,internal,varID,CYBFLL,,0.0,,
Symm. wing flap,NOTE1,internal,varID,CRBFLL0,,0.0,,
Symm. wing flap,NOTE1,internal,varID,CRBFLL1,,0.0,,
Symm. wing flap,NOTE1,internal,varID,CRBFLL2,,0.0,,
Symm. wing flap,NOTE1,internal,varID,CRBFLL3,,0.0,,
Symm. wing flap,NOTE1,internal,varID,CRBFLL,,0.0,,
Symm. wing flap,NOTE1,internal,varID,CNBFLL0,,0.0,,
Symm. wing flap,NOTE1,internal,varID,CNBFLL1,,0.0,,
Symm. wing flap,NOTE1,internal,varID,CNBFLL2,,0.0,,
Symm. wing flap,NOTE1,internal,varID,CNBFLL3,,0.0,,
Symm. wing flap,NOTE1,internal,varID,CNBFLL,,0.0,,
Symm. wing flap,NOTE1,internal,varID,CLBFLR0,,0.0,,
Symm. wing flap,NOTE1,internal,varID,CLBFLR1,,0.0,,
Symm. wing flap,NOTE1,internal,varID,CLBFLR2,,0.0,,
Symm. wing flap,NOTE1,internal,varID,CLBFLR3,,0.0,,
Symm. wing flap,NOTE1,internal,varID,CLBFLR,,0.0,,
Symm. wing flap,NOTE1,internal,varID,CDBFLR0,,0.0,,
Symm. wing flap,NOTE1,internal,varID,CDBFLR1,,0.0,,
Symm. wing flap,NOTE1,internal,varID,CDBFLR2,,0.0,,
Symm. wing flap,NOTE1,internal,varID,CDBFLR3,,0.0,,
Symm. wing flap,NOTE1,internal,varID,CDBFLR,,0.0,,
Symm. wing flap,NOTE1,internal,varID,CMBFLR0,,0.0,,
Symm. wing flap,NOTE1,internal,varID,CMBFLR1,,0.0,,
Symm. wing flap,NOTE1,internal,varID,CMBFLR2,,0.0,,
Symm. wing flap,NOTE1,internal,varID,CMBFLR3,,0.0,,
Symm. wing flap,NOTE1,internal,varID,CMBFLR,,0.0,,
Symm. wing flap,NOTE1,internal,varID,CYBFLR0,,0.0,,
Symm. wing flap,NOTE1,internal,varID,CYBFLR1,,0.0,,
Symm. wing flap,NOTE1,internal,varID,CYBFLR2,,0.0,,
Symm. wing flap,NOTE1,internal,varID,CYBFLR3,,0.0,,
Symm. wing flap,NOTE1,internal,varID,CYBFLR,,-0.0,,
Symm. wing flap,NOTE1,internal,varID,CRBFLR0,,0.0,,
Symm. wing flap,NOTE1,internal,varID,CRBFLR1,,0.0,,
Symm. wing flap,NOTE1,internal,varID,CRBFLR2,,0.0,,
Symm. wing flap,NOTE1,internal,varID,CRBFLR3,,0.0,,
Symm. wing flap,NOTE1,internal,varID,CRBFLR,,-0.0,,
Symm. wing flap,NOTE1,internal,varID,CNBFLR0,,0.0,,
Symm. wing flap,NOTE1,internal,varID,CNBFLR1,,0.0,,
Symm. wing flap,NOTE1,internal,varID,CNBFLR2,,0.0,,
Symm. wing flap,NOTE1,internal,varID,CNBFLR3,,0.0,,
Symm. wing flap,NOTE1,internal,varID,CNBFLR,,-0.0,,
Symm. wing flap,NOTE1,internal,varID,CLBFUL0,,0.0,,
Symm. wing flap,NOTE1,internal,varID,CLBFUL1,,0.0,,
Symm. wing flap,NOTE1,internal,varID,CLBFUL2,,0.0,,
Symm. wing flap,NOTE1,internal,varID,CLBFUL3,,0.0,,
Symm. wing flap,NOTE1,internal,varID,CLBFUL,,0.0,,
Symm. wing flap,NOTE1,internal,varID,CDBFUL0,,0.0,,
Symm. wing flap,NOTE1,internal,varID,CDBFUL1,,0.0,,
Symm. wing flap,NOTE1,internal,varID,CDBFUL2,,0.0,,
Symm. wing flap,NOTE1,internal,varID,CDBFUL3,,0.0,,
Symm. wing flap,NOTE1,internal,varID,CDBFUL,,0.0,,
Symm. wing flap,NOTE1,internal,varID,CMBFUL0,,0.0,,
Symm. wing flap,NOTE1,internal,varID,CMBFUL1,,0.0,,
Symm. wing flap,NOTE1,internal,varID,CMBFUL2,,0.0,,
Symm. wing flap,NOTE1,internal,varID,CMBFUL3,,0.0,,
Symm. wing flap,NOTE1,internal,varID,CMBFUL,,0.0,,
Symm. wing flap,NOTE1,internal,varID,CYBFUL0,,0.0,,
Symm. wing flap,NOTE1,internal,varID,CYBFUL1,,0.0,,
Symm. wing flap,NOTE1,internal,varID,CYBFUL2,,0.0,,
Symm. wing flap,NOTE1,internal,varID,CYBFUL3,,0.0,,
Symm. wing flap,NOTE1,internal,varID,CYBFUL,,0.0,,
Symm. wing flap,NOTE1,internal,varID,CRBFUL0,,0.0,,
Symm. wing flap,NOTE1,internal,varID,CRBFUL1,,0.0,,
Symm. wing flap,NOTE1,internal,varID,CRBFUL2,,0.0,,
Symm. wing flap,NOTE1,internal,varID,CRBFUL3,,0.0,,
Symm. wing flap,NOTE1,internal,varID,CRBFUL,,0.0,,
Symm. wing flap,NOTE1,internal,varID,CNBFUL0,,0.0,,
Symm. wing flap,NOTE1,internal,varID,CNBFUL1,,0.0,,
Symm. wing flap,NOTE1,internal,varID,CNBFUL2,,0.0,,
Symm. wing flap,NOTE1,internal,varID,CNBFUL3,,0.0,,
Symm. wing flap,NOTE1,internal,varID,CNBFUL,,0.0,,
Symm. wing flap,NOTE1,internal,varID,CLBFUR0,,0.0,,
Symm. wing flap,NOTE1,internal,varID,CLBFUR1,,0.0,,
Symm. wing flap,NOTE1,internal,varID,CLBFUR2,,0.0,,
Symm. wing flap,NOTE1,internal,varID,CLBFUR3,,0.0,,
Symm. wing flap,NOTE1,internal,varID,CLBFUR,,0.0,,
Symm. wing flap,NOTE1,internal,varID,CDBFUR0,,0.0,,
Symm. wing flap,NOTE1,internal,varID,CDBFUR1,,0.0,,
Symm. wing flap,NOTE1,internal,varID,CDBFUR2,,0.0,,
Symm. wing flap,NOTE1,internal,varID,CDBFUR3,,0.0,,
Symm. wing flap,NOTE1,internal,varID,CDBFUR,,0.0,,
Symm. wing flap,NOTE1,internal,varID,CMBFUR0,,0.0,,
Symm. wing flap,NOTE1,internal,varID,CMBFUR1,,0.0,,
Symm. wing flap,NOTE1,internal,varID,CMBFUR2,,0.0,,
Symm. wing flap,NOTE1,internal,varID,CMBFUR3,,0.0,,
Symm. wing flap,NOTE1,internal,varID,CMBFUR,,0.0,,
Symm. wing flap,NOTE1,internal,varID,CYBFUR0,,0.0,,
Symm. wing flap,NOTE1,internal,varID,CYBFUR1,,0.0,,
Symm. wing flap,NOTE1,internal,varID,CYBFUR2,,0.0,,
Symm. wing flap,NOTE1,internal,varID,CYBFUR3,,0.0,,
Symm. wing flap,NOTE1,internal,varID,CYBFUR,,-0.0,,
Symm. wing flap,NOTE1,internal,varID,CRBFUR0,,0.0,,
Symm. wing flap,NOTE1,internal,varID,CRBFUR1,,0.0,,
Symm. wing flap,NOTE1,internal,varID,CRBFUR2,,0.0,,
Symm. wing flap,NOTE1,internal,varID,CRBFUR3,,0.0,,
Symm. wing flap,NOTE1,internal,varID,CRBFUR,,-0.0,,
Symm. wing flap,NOTE1,internal,varID,CNBFUR0,,0.0,,
Symm. wing flap,NOTE1,internal,varID,CNBFUR1,,0.0,,
Symm. wing flap,NOTE1,internal,varID,CNBFUR2,,0.0,,
Symm. wing flap,NOTE1,internal,varID,CNBFUR3,,0.0,,
Symm. wing flap,NOTE1,internal,varID,CNBFUR,,-0.0,,
Symm. wing flap,NOTE1,internal,varID,CLWFL0,,-0.03897895999999999,,
Symm. wing flap,NOTE1,internal,varID,CLWFL1,,0.0044883399999999995,,
Symm. wing flap,NOTE1,internal,varID,CLWFL2,,-0.00041711879999999996,,
Symm. wing flap,NOTE1,internal,varID,CLWFL3,,1.044888e-05,,
Symm. wing flap,NOTE1,internal,varID,CLWFL,,-0.025583418196239997,,
Symm. wing flap,NOTE1,internal,varID,CDWFL0,,0.001534352,,
Symm. wing flap,NOTE1,internal,varID,CDWFL1,,-0.00037776719999999995,,
Symm. wing flap,NOTE1,internal,varID,CDWFL2,,-1.44908e-05,,
Symm. wing flap,NOTE1,internal,varID,CDWFL3,,7.443279999999999e-07,,
Symm. wing flap,NOTE1,internal,varID,CDWFL,,-0.003080631829544,,
Symm. wing flap,NOTE1,internal,varID,CMWFL0,,0.01222028,,
Symm. wing flap,NOTE1,internal,varID,CMWFL1,,-0.0002483632,,
Symm. wing flap,NOTE1,internal,varID,CMWFL2,,1.5139519999999998e-05,,
Symm. wing flap,NOTE1,internal,varID,CMWFL3,,-5.759056e-07,,
Symm. wing flap,NOTE1,internal,varID,CMWFL,,0.0106389831182288,,
Symm. wing flap,NOTE1,internal,varID,CYWFL0,,-0.02348856,,
Symm. wing flap,NOTE1,internal,varID,CYWFL1,,0.0017922759999999998,,
Symm. wing flap,NOTE1,internal,varID,CYWFL2,,-7.61328e-05,,
Symm. wing flap,NOTE1,internal,varID,CYWFL3,,1.1902039999999997e-06,,
Symm. wing flap,NOTE1,internal,varID,CYWFL,,-0.011804477905692003,,
Symm. wing flap,NOTE1,internal,varID,CRWFL0,,-0.017262479999999997,,
Symm. wing flap,NOTE1,internal,varID,CRWFL1,,0.0015087159999999998,,
Symm. wing flap,NOTE1,internal,varID,CRWFL2,,-8.443559999999999e-05,,
Symm. wing flap,NOTE1,internal,varID,CRWFL3,,1.7309399999999999e-06,,
Symm. wing flap,NOTE1,internal,varID,CRWFL,,-0.008789033130619999,,
Symm. wing flap,NOTE1,internal,varID,CNWFL0,,0.014566959999999999,,
Symm. wing flap,NOTE1,internal,varID,CNWFL1,,-0.0006432596,,
Symm. wing flap,NOTE1,internal,varID,CNWFL2,,2.758216e-05,,
Symm. wing flap,NOTE1,internal,varID,CNWFL3,,-5.261499999999999e-07,,
Symm. wing flap,NOTE1,internal,varID,CNWFL,,0.01029263916335,,
Symm. wing flap,NOTE1,internal,varID,CLWFR0,,-0.03897895999999999,,
Symm. wing flap,NOTE1,internal,varID,CLWFR1,,0.0044883399999999995,,
Symm. wing flap,NOTE1,internal,varID,CLWFR2,,-0.00041711879999999996,,
Symm. wing flap,NOTE1,internal,varID,CLWFR3,,1.044888e-05,,
Symm. wing flap,NOTE1,internal,varID,CLWFR,,-0.025583418196239997,,
Symm. wing flap,NOTE1,internal,varID,CDWFR0,,0.001534352,,
Symm. wing flap,NOTE1,internal,varID,CDWFR1,,-0.00037776719999999995,,
Symm. wing flap,NOTE1,internal,varID,CDWFR2,,-1.44908e-05,,
Symm. wing flap,NOTE1,internal,varID,CDWFR3,,7.443279999999999e-07,,
Symm. wing flap,NOTE1,internal,varID,CDWFR,,-0.003080631829544,,
Symm. wing flap,NOTE1,internal,varID,CMWFR0,,0.01222028,,
Symm. wing flap,NOTE1,internal,varID,CMWFR1,,-0.0002483632,,
Symm. wing flap,NOTE1,internal,varID,CMWFR2,,1.5139519999999998e-05,,
Symm. wing flap,NOTE1,internal,varID,CMWFR3,,-5.759056e-07,,
Symm. wing flap,NOTE1,internal,varID,CMWFR,,0.0106389831182288,,
Symm. wing flap,NOTE1,internal,varID,CYWFR0,,-0.02348856,,
Symm. wing flap,NOTE1,internal,varID,CYWFR1,,0.0017922759999999998,,
Symm. wing flap,NOTE1,internal,varID,CYWFR2,,-7.61328e-05,,
Symm. wing flap,NOTE1,internal,varID,CYWFR3,,1.1902039999999997e-06,,
Symm. wing flap,NOTE1,internal,varID,CYWFR,,0.011804477905692003,,
Symm. wing flap,NOTE1,internal,varID,CRWFR0,,-0.017262479999999997,,
Symm. wing flap,NOTE1,internal,varID,CRWFR1,,0.0015087159999999998,,
Symm. wing flap,NOTE1,internal,varID,CRWFR2,,-8.443559999999999e-05,,
Symm. wing flap,NOTE1,internal,varID,CRWFR3,,1.7309399999999999e-06,,
Symm. wing flap,NOTE1,internal,varID,CRWFR,,0.008789033130619999,,
Symm. wing flap,NOTE1,internal,varID,CNWFR0,,0.014566959999999999,,
Symm. wing flap,NOTE1,internal,varID,CNWFR1,,-0.0006432596,,
Symm. wing flap,NOTE1,internal,varID,CNWFR2,,2.758216e-05,,
Symm. wing flap,NOTE1,internal,varID,CNWFR3,,-5.261499999999999e-07,,
Symm. wing flap,NOTE1,internal,varID,CNWFR,,-0.01029263916335,,
Symm. wing flap,NOTE1,internal,varID,CLLG0,,0.0,,
Symm. wing flap,NOTE1,internal,varID,CLLG1,,0.0,,
Symm. wing flap,NOTE1,internal,varID,CLLG2,,0.0,,
Symm. wing flap,NOTE1,internal,varID,CLLG3,,0.0,,
Symm. wing flap,NOTE1,internal,varID,CLLG,,0.0,,
Symm. wing flap,NOTE1,internal,varID,CDLG0,,0.0,,
Symm. wing flap,NOTE1,internal,varID,CDLG1,,0.0,,
Symm. wing flap,NOTE1,internal,varID,CDLG2,,0.0,,
Symm. wing flap,NOTE1,internal,varID,CDLG3,,0.0,,
Symm. wing flap,NOTE1,internal,varID,CDLG,,0.0,,
Symm. wing flap,NOTE1,internal,varID,CMLG0,,0.0,,
Symm. wing flap,NOTE1,internal,varID,CMLG1,,0.0,,
Symm. wing flap,NOTE1,internal,varID,CMLG2,,0.0,,
Symm. wing flap,NOTE1,internal,varID,CMLG3,,0.0,,
Symm. wing flap,NOTE1,internal,varID,CMLG,,0.0,,
Symm. wing flap,NOTE1,internal,varID,CYLG0,,0.0,,
Symm. wing flap,NOTE1,internal,varID,CYLG1,,0.0,,
Symm. wing flap,NOTE1,internal,varID,CYLG2,,0.0,,
Symm. wing flap,NOTE1,internal,varID,CYLG3,,0.0,,
Symm. wing flap,NOTE1,internal,varID,CYLG,,0.0,,
Symm. wing flap,NOTE1,internal,varID,CRLG0,,0.0,,
Symm. wing flap,NOTE1,internal,varID,CRLG1,,0.0,,
Symm. wing flap,NOTE1,internal,varID,CRLG2,,0.0,,
Symm. wing flap,NOTE1,internal,varID,CRLG3,,0.0,,
Symm. wing flap,NOTE1,internal,varID,CRLG,,0.0,,
Symm. wing flap,NOTE1,internal,varID,CNLG0,,0.0,,
Symm. wing flap,NOTE1,internal,varID,CNLG1,,0.0,,
Symm. wing flap,NOTE1,internal,varID,CNLG2,,0.0,,
Symm. wing flap,NOTE1,internal,varID,CNLG3,,0.0,,
Symm. wing flap,NOTE1,internal,varID,CNLG,,0.0,,
Symm. wing flap,NOTE1,internal,varID,CLGE0,,0.0,,
Symm. wing flap,NOTE1,internal,varID,CLGE1,,0.0,,
Symm. wing flap,NOTE1,internal,varID,CLGE2,,0.0,,
Symm. wing flap,NOTE1,internal,varID,CLGE3,,0.0,,
Symm. wing flap,NOTE1,internal,varID,CLGE,,0.0,,
Symm. wing flap,NOTE1,internal,varID,CDGE0,,0.0,,
Symm. wing flap,NOTE1,internal,varID,CDGE1,,0.0,,
Symm. wing flap,NOTE1,internal,varID,CDGE2,,0.0,,
Symm. wing flap,NOTE1,internal,varID,CDGE3,,0.0,,
Symm. wing flap,NOTE1,internal,varID,CDGE,,0.0,,
Symm. wing flap,NOTE1,internal,varID,CMGE0,,0.0,,
Symm. wing flap,NOTE1,internal,varID,CMGE1,,0.0,,
Symm. wing flap,NOTE1,internal,varID,CMGE2,,0.0,,
Symm. wing flap,NOTE1,internal,varID,CMGE3,,0.0,,
Symm. wing flap,NOTE1,internal,varID,CMGE,,0.0,,
Symm. wing flap,NOTE1,internal,varID,CYGE0,,0.0,,
Symm. wing flap,NOTE1,internal,varID,CYGE1,,0.0,,
Symm. wing flap,NOTE1,internal,varID,CYGE2,,0.0,,
Symm. wing flap,NOTE1,internal,varID,CYGE3,,0.0,,
Symm. wing flap,NOTE1,internal,varID,CYGE,,0.0,,
Symm. wing flap,NOTE1,internal,varID,CRGE0,,0.0,,
Symm. wing flap,NOTE1,internal,varID,CRGE1,,0.0,,
Symm. wing flap,NOTE1,internal,varID,CRGE2,,0.0,,
Symm. wing flap,NOTE1,internal,varID,CRGE3,,0.0,,
Symm. wing flap,NOTE1,internal,varID,CRGE,,0.0,,
Symm. wing flap,NOTE1,internal,varID,CNGE0,,0.0,,
Symm. wing flap,NOTE1,internal,varID,CNGE1,,0.0,,
Symm. wing flap,NOTE1,internal,varID,CNGE2,,0.0,,
Symm. wing flap,NOTE1,internal,varID,CNGE3,,0.0,,
Symm. wing flap,NOTE1,internal,varID,CNGE,,0.0,,
Symm. wing flap,NOTE1,internal,varID,sCYRUD,,0.0,,
Symm. wing flap,NOTE1,internal,varID,sCRRUD,,0.0,,
Symm. wing flap,NOTE1,internal,varID,sCNRUD,,0.0,,
Symm. wing flap,NOTE1,internal,varID,CMQ,,-0.155988326714,,
Symm. wing flap,NOTE1,internal,varID,CNP,,0.24752343178,,
Symm. wing flap,NOTE1,internal,varID,CNR,,-0.8981111534383,,
Symm. wing flap,NOTE1,internal,varID,CLP,,-0.506429680738,,
Symm. wing flap,NOTE1,internal,varID,CLR,,0.72926521693,,
Symm. wing flap,NOTE1,internal,varID,CL,,0.31733863047852,,
Symm. wing flap,NOTE1,internal,varID,CD,,0.105136682591912,,
Symm. wing flap,NOTE1,internal,varID,CM,,0.014906784999557596,,
Symm. wing flap,NOTE1,internal,varID,CY,,0.0,,
Symm. wing flap,NOTE1,internal,varID,CN,,0.0,,
Symm. wing flap,NOTE1,internal,varID,CR,,0.0,,
Symm. wing flap,NOTE1,output,signalName,referenceWingChord,f,28.24,1e-06,
Symm. wing flap,NOTE1,output,signalName,referenceWingSpan,f,13.89,1e-06,
Symm. wing flap,NOTE1,output,signalName,referenceWingArea,f2,286.45,1e-06,
Symm. wing flap,NOTE1,output,signalName,vrsPositionOfMrc_X,fracMAC,0.54,1e-06,
Symm. wing flap,NOTE1,output,signalName,totalCoefficientOfLift,nd,0.317338645458,1e-06,
Symm. wing flap,NOTE1,output,signalName,totalCoefficientOfDrag,nd,0.105136692524,1e-06,
Symm. wing flap,NOTE1,output,signalName,aeroBodyForceCoefficient_Y,nd,0.0,1e-06,
Symm. wing flap,NOTE1,output,signalName,aeroBodyMomentCoefficient_Roll,nd,0.0,1e-06,
Symm. wing flap,NOTE1,output,signalName,aeroBodyMomentCoefficient_Pitch,nd,0.01490678452,1e-06,
Symm. wing flap,NOTE1,output,signalName,aeroBodyMomentCoefficient_Yaw,nd,0.0,1e-06,
Right wing flap,NOTE1,input,signalName,angleOfAttack,deg,10.3,,
Right wing flap,NOTE1,input,signalName,angleOfSideslip,deg,0.0,,
Right wing flap,NOTE1,input,signalName,mach,nd,0.8,,
Right wing flap,NOTE1,input,signalName,trueAirspeed,f_s,240.0,,
Right wing flap,NOTE1,input,signalName,heightOfCgWrtRwy,f,20000.0,,
Right wing flap,NOTE1,input,signalName,bodyAngularRate_Roll,rad_s,0.0,,
Right wing flap,NOTE1,input,signalName,bodyAngularRate_Pitch,rad_s,0.0,,
Right wing flap,NOTE1,input,signalName,bodyAngularRate_Yaw,rad_s,0.0,,
Right wing flap,NOTE1,input,signalName,upperLeftBodyFlapDeflection,deg,0.0,,
Right wing flap,NOTE1,input,signalName,upperRightBodyFlapDeflection,deg,0.0,,
Right wing flap,NOTE1,input,signalName,lowerLeftBodyFlapDeflection,deg,0.0,,
Right wing flap,NOTE1,input,signalName,lowerRightBodyFlapDeflection,deg,0.0,,
Right wing flap,NOTE1,input,signalName,leftWingFlapDeflection,deg,0.0,,
Right wing flap,NOTE1,input,signalName,rightWingFlapDeflection,deg,-10.2,,
Right wing flap,NOTE1,input,signalName,rudderDeflection,deg,0.0,,
Right wing flap,NOTE1,input,signalName,landingGearExtension,deg,0.0,,
Right wing flap,NOTE1,internal,varID,ALP,,10.3,,
Right wing flap,NOTE1,internal,varID,BETA,,0.0,,
Right wing flap,NOTE1,internal,varID,XMACH,,0.8,,
Right wing flap,NOTE1,internal,varID,PB,,0.0,,
Right wing flap,NOTE1,internal,varID,QB,,0.0,,
Right wing flap,NOTE1,internal,varID,RB,,0.0,,
Right wing flap,NOTE1,internal,varID,VRW,,240.0,,
Right wing flap,NOTE1,internal,varID,H_rwy,,20000.0,,
Right wing flap,NOTE1,internal,varID,DBFUL,,0.0,,
Right wing flap,NOTE1,internal,varID,DBFUR,,0.0,,
Right wing flap,NOTE1,internal,varID,DBFLL,,0.0,,
Right wing flap,NOTE1,internal,varID,DBFLR,,0.0,,
Right wing flap,NOTE1,internal,varID,DWFL,,0.0,,
Right wing flap,NOTE1,internal,varID,DWFR,,-10.2,,
Right wing flap,NOTE1,internal,varID,DRUD,,0.0,,
Right wing flap,NOTE1,internal,varID,DLG,,0.0,,
Right wing flap,NOTE1,internal,varID,CBAR,,28.24,,
Right wing flap,NOTE1,internal,varID,BSPAN,,13.89,,
Right wing flap,NOTE1,internal,varID,SWING,,286.45,,
Right wing flap,NOTE1,internal,varID,XRP,,0.54,,
Right wing flap,NOTE1,internal,varID,CMQ0,,-0.22364,,
Right wing flap,NOTE1,internal,varID,CMQ1,,0.020457,,
Right wing flap,NOTE1,internal,varID,CMQ2,,-0.0016741,,
Right wing flap,NOTE1,internal,varID,CMQ3,,3.1618e-05,,
Right wing flap,NOTE1,internal,varID,CNP0,,0.40031,,
Right wing flap,NOTE1,internal,varID,CNP1,,-0.015518,,
Right wing flap,NOTE1,internal,varID,CNP2,,-0.00012143,,
Right wing flap,NOTE1,internal,varID,CNP3,,1.824e-05,,
Right wing flap,NOTE1,internal,varID,CNR0,,-0.79533,,
Right wing flap,NOTE1,internal,varID,CNR1,,-0.012647,,
Right wing flap,NOTE1,internal,varID,CNR2,,0.00032696,,
Right wing flap,NOTE1,internal,varID,CNR3,,-6.5929e-06,,
Right wing flap,NOTE1,internal,varID,CLP0,,-0.55242,,
Right wing flap,NOTE1,internal,varID,CLP1,,0.014478,,
Right wing flap,NOTE1,internal,varID,CLP2,,-0.0011545,,
Right wing flap,NOTE1,internal,varID,CLP3,,1.7706e-05,,
Right wing flap,NOTE1,internal,varID,CLR0,,0.44685,,
Right wing flap,NOTE1,internal,varID,CLR1,,0.067411,,
Right wing flap,NOTE1,internal,varID,CLR2,,-0.0051866,,
Right wing flap,NOTE1,internal,varID,CLR3,,0.00012659,,
Right wing flap,NOTE1,internal,varID,abs_rud,,0.0,,
Right wing flap,NOTE1,internal,varID,HOB,,1439.8848092152627,,
Right wing flap,NOTE1,internal,varID,PBO2V,,0.0,,
Right wing flap,NOTE1,internal,varID,QCO2V,,0.0,,
Right wing flap,NOTE1,internal,varID,RBO2V,,0.0,,
Right wing flap,NOTE1,internal,varID,CL0A0,,-0.073425,,
Right wing flap,NOTE1,internal,varID,CL0A1,,0.043347,,
Right wing flap,NOTE1,internal,varID,CL0A2,,0.00012122,,
Right wing flap,NOTE1,internal,varID,CL0A3,,-1.5927e-05,,
Right wing flap,NOTE1,internal,varID,CL0,,0.368505466871,,
Right wing flap,NOTE1,internal,varID,CD0A0,,0.060114,,
Right wing flap,NOTE1,internal,varID,CD0A1,,-0.002439,,
Right wing flap,NOTE1,internal,varID,CD0A2,,0.00080564,,
Right wing flap,NOTE1,internal,varID,CD0A3,,-8.387e-06,,
Right wing flap,NOTE1,internal,varID,CD0,,0.11129794625100001,,
Right wing flap,NOTE1,internal,varID,CM0A0,,0.025129,,
Right wing flap,NOTE1,internal,varID,CM0A1,,-0.0030512,,
Right wing flap,NOTE1,internal,varID,CM0A2,,-4.8533e-05,,
Right wing flap,NOTE1,internal,varID,CM0A3,,4.6453e-06,,
Right wing flap,NOTE1,internal,varID,CM0,,-0.006371181236900003,,
Right wing flap,NOTE1,internal,varID,CY0A0,,-0.013313,,
Right wing flap,NOTE1,internal,varID,CY0A1,,-0.00013917,,
Right wing flap,NOTE1,internal,varID,CY0A2,,1.604e-05,,
Right wing flap,NOTE1,internal,varID,CY0A3,,-1.4751e-07,,
Right wing flap,NOTE1,internal,varID,CYB,,-0.013205955559770001,,
Right wing flap,NOTE1,internal,varID,CR0A0,,-0.0063969,,
Right wing flap,NOTE1,internal,varID,CR0A1,,-0.00049202,,
Right wing flap,NOTE1,internal,varID,CR0A2,,2.8527e-05,,
Right wing flap,NOTE1,internal,varID,CR0A3,,-3.0272e-07,,
Right wing flap,NOTE1,internal,varID,CRB,,-0.008769066887439999,,
Right wing flap,NOTE1,internal,varID,CN0A0,,0.0030814,,
Right wing flap,NOTE1,internal,varID,CN0A1,,0.00011705,,
Right wing flap,NOTE1,internal,varID,CN0A2,,-2.2768e-06,,
Right wing flap,NOTE1,internal,varID,CN0A3,,-2.9912e-07,,
Right wing flap,NOTE1,internal,varID,CNB,,0.00371861278776,,
Right wing flap,NOTE1,internal,varID,CLRUD0,,0.0,,
Right wing flap,NOTE1,internal,varID,CLRUD1,,0.0,,
Right wing flap,NOTE1,internal,varID,CLRUD2,,0.0,,
Right wing flap,NOTE1,internal,varID,CLRUD3,,0.0,,
Right wing flap,NOTE1,internal,varID,CLRUD,,0.0,,
Right wing flap,NOTE1,internal,varID,CDRUD0,,0.0,,
Right wing flap,NOTE1,internal,varID,CDRUD1,,0.0,,
Right wing flap,NOTE1,internal,varID,CDRUD2,,0.0,,
Right wing flap,NOTE1,internal,varID,CDRUD3,,0.0,,
Right wing flap,NOTE1,internal,varID,CDRUD,,0.0,,
Right wing flap,NOTE1,internal,varID,CMRUD0,,0.0,,
Right wing flap,NOTE1,internal,varID,CMRUD1,,0.0,,
Right wing flap,NOTE1,internal,varID,CMRUD2,,0.0,,
Right wing flap,NOTE1,internal,varID,CMRUD3,,0.0,,
Right wing flap,NOTE1,internal,varID,CMRUD,,0.0,,
Right wing flap,NOTE1,internal,varID,CYRUD0,,0.0,,
Right wing flap,NOTE1,internal,varID,CYRUD1,,0.0,,
Right wing flap,NOTE1,internal,varID,CYRUD2,,0.0,,
Right wing flap,NOTE1,internal,varID,CYRUD3,,0.0,,
Right wing flap,NOTE1,internal,varID,CYRUD,,0.0,,
Right wing flap,NOTE1,internal,varID,CRRUD0,,0.0,,
Right wing flap,NOTE1,internal,varID,CRRUD1,,0.0,,
Right wing flap,NOTE1,internal,varID,CRRUD2,,0.0,,
Right wing flap,NOTE1,internal,varID,CRRUD3,,0.0,,
Right wing flap,NOTE1,internal,varID,CRRUD,,0.0,,
Right wing flap,NOTE1,internal,varID,CNRUD0,,0.0,,
Right wing flap,NOTE1,internal,varID,CNRUD1,,0.0,,
Right wing flap,NOTE1,internal,varID,CNRUD2,,0.0,,
Right wing flap,NOTE1,internal,varID,CNRUD3,,0.0,,
Right wing flap,NOTE1,internal,varID,CNRUD,,0.0,,
Right wing flap,NOTE1,internal,varID,CLBFLL0,,0.0,,
Right wing flap,NOTE1,internal,varID,CLBFLL1,,0.0,,
Right wing flap,NOTE1,internal,varID,CLBFLL2,,0.0,,
Right wing flap,NOTE1,internal,varID,CLBFLL3,,0.0,,
Right wing flap,NOTE1,internal,varID,CLBFLL,,0.0,,
Right wing flap,NOTE1,internal,varID,CDBFLL0,,0.0,,
Right wing flap,NOTE1,internal,varID,CDBFLL1,,0.0,,
Right wing flap,NOTE1,internal,varID,CDBFLL2,,0.0,,
Right wing flap,NOTE1,internal,varID,CDBFLL3,,0.0,,
Right wing flap,NOTE1,internal,varID,CDBFLL,,0.0,,
Right wing flap,NOTE1,internal,varID,CMBFLL0,,0.0,,
Right wing flap,NOTE1,internal,varID,CMBFLL1,,0.0,,
Right wing flap,NOTE1,internal,varID,CMBFLL2,,0.0,,
Right wing flap,NOTE1,internal,varID,CMBFLL3,,0.0,,
Right wing flap,NOTE1,internal,varID,CMBFLL,,0.0,,
Right wing flap,NOTE1,internal,varID,CYBFLL0,,0.0,,
Right wing flap,NOTE1,internal,varID,CYBFLL1,,0.0,,
Right wing flap,NOTE1,internal,varID,CYBFLL2,,0.0,,
Right wing flap,NOTE1,internal,varID,CYBFLL3,,0.0,,
Right wing flap,NOTE1,internal,varID,CYBFLL,,0.0,,
Right wing flap,NOTE1,internal,varID,CRBFLL0,,0.0,,
Right wing flap,NOTE1,internal,varID,CRBFLL1,,0.0,,
Right wing flap,NOTE1,internal,varID,CRBFLL2,,0.0,,
Right wing flap,NOTE1,internal,varID,CRBFLL3,,0.0,,
Right wing flap,NOTE1,internal,varID,CRBFLL,,0.0,,
Right wing flap,NOTE1,internal,varID,CNBFLL0,,0.0,,
Right wing flap,NOTE1,internal,varID,CNBFLL1,,0.0,,
Right wing flap,NOTE1,internal,varID,CNBFLL2,,0.0,,
Right wing flap,NOTE1,internal,varID,CNBFLL3,,0.0,,
Right wing flap,NOTE1,internal,varID,CNBFLL,,0.0,,
Right wing flap,NOTE1,internal,varID,CLBFLR0,,0.0,,
Right wing flap,NOTE1,internal,varID,CLBFLR1,,0.0,,
Right wing flap,NOTE1,internal,varID,CLBFLR2,,0.0,,
Right wing flap,NOTE1,internal,varID,CLBFLR3,,0.0,,
Right wing flap,NOTE1,internal,varID,CLBFLR,,0.0,,
Right wing flap,NOTE1,internal,varID,CDBFLR0,,0.0,,
Right wing flap,NOTE1,internal,varID,CDBFLR1,,0.0,,
Right wing flap,NOTE1,internal,varID,CDBFLR2,,0.0,,
Right wing flap,NOTE1,internal,varID,CDBFLR3,,0.0,,
Right wing flap,NOTE1,internal,varID,CDBFLR,,0.0,,
Right wing flap,NOTE1,internal,varID,CMBFLR0,,0.0,,
Right wing flap,NOTE1,internal,varID,CMBFLR1,,0.0,,
Right wing flap,NOTE1,internal,varID,CMBFLR2,,0.0,,
Right wing flap,NOTE1,internal,varID,CMBFLR3,,0.0,,
Right wing flap,NOTE1,internal,varID,CMBFLR,,0.0,,
Right wing flap,NOTE1,internal,varID,CYBFLR0,,0.0,,
Right wing flap,NOTE1,internal,varID,CYBFLR1,,0.0,,
Right wing flap,NOTE1,internal,varID,CYBFLR2,,0.0,,
Right wing flap,NOTE1,internal,varID,CYBFLR3,,0.0,,
Right wing flap,NOTE1,internal,varID,CYBFLR,,-0.0,,
Right wing flap,NOTE1,internal,varID,CRBFLR0,,0.0,,
Right wing flap,NOTE1,internal,varID,CRBFLR1,,0.0,,
Right wing flap,NOTE1,internal,varID,CRBFLR2,,0.0,,
Right wing flap,NOTE1,internal,varID,CRBFLR3,,0.0,,
Right wing flap,NOTE1,internal,varID,CRBFLR,,-0.0,,
Right wing flap,NOTE1,internal,varID,CNBFLR0,,0.0,,
Right wing flap,NOTE1,internal,varID,CNBFLR1,,0.0,,
Right wing flap,NOTE1,internal,varID,CNBFLR2,,0.0,,
Right wing flap,NOTE1,internal,varID,CNBFLR3,,0.0,,
Right wing flap,NOTE1,internal,varID,CNBFLR,,-0.0,,
Right wing flap,NOTE1,internal,varID,CLBFUL0,,0.0,,
Right wing flap,NOTE1,internal,varID,CLBFUL1,,0.0,,
Right wing flap,NOTE1,internal,varID,CLBFUL2,,0.0,,
Right wing flap,NOTE1,internal,varID,CLBFUL3,,0.0,,
Right wing flap,NOTE1,internal,varID,CLBFUL,,0.0,,
Right wing flap,NOTE1,internal,varID,CDBFUL0,,0.0,,
Right wing flap,NOTE1,internal,varID,CDBFUL1,,0.0,,
Right wing flap,NOTE1,internal,varID,CDBFUL2,,0.0,,
Right wing flap,NOTE1,internal,varID,CDBFUL3,,0.0,,
Right wing flap,NOTE1,internal,varID,CDBFUL,,0.0,,
Right wing flap,NOTE1,internal,varID,CMBFUL0,,0.0,,
Right wing flap,NOTE1,internal,varID,CMBFUL1,,0.0,,
Right wing flap,NOTE1,internal,varID,CMBFUL2,,0.0,,
Right wing flap,NOTE1,internal,varID,CMBFUL3,,0.0,,
Right wing flap,NOTE1,internal,varID,CMBFUL,,0.0,,
Right wing flap,NOTE1,internal,varID,CYBFUL0,,0.0,,
Right wing flap,NOTE1,internal,varID,CYBFUL1,,0.0,,
Right wing flap,NOTE1,internal,varID,CYBFUL2,,0.0,,
Right wing flap,NOTE1,internal,varID,CYBFUL3,,0.0,,
Right wing flap,NOTE1,internal,varID,CYBFUL,,0.0,,
Right wing flap,NOTE1,internal,varID,CRBFUL0,,0.0,,
Right wing flap,NOTE1,internal,varID,CRBFUL1,,0.0,,
Right wing flap,NOTE1,internal,varID,CRBFUL2,,0.0,,
Right wing flap,NOTE1,internal,varID,CRBFUL3,,0.0,,
Right wing flap,NOTE1,internal,varID,CRBFUL,,0.0,,
Right wing flap,NOTE1,internal,varID,CNBFUL0,,0.0,,
Right wing flap,NOTE1,internal,varID,CNBFUL1,,0.0,,
Right wing flap,NOTE1,internal,varID,CNBFUL2,,0.0,,
Right wing flap,NOTE1,internal,varID,CNBFUL3,,0.0,,
Right wing flap,NOTE1,internal,varID,CNBFUL,,0.0,,
Right wing flap,NOTE1,internal,varID,CLBFUR0,,0.0,,
Right wing flap,NOTE1,internal,varID,CLBFUR1,,0.0,,
Right wing flap,NOTE1,internal,varID,CLBFUR2,,0.0,,
Right wing flap,NOTE1,internal,varID,CLBFUR3,,0.0,,
Right wing flap,NOTE1,internal,varID,CLBFUR,,0.0,,
Right wing flap,NOTE1,internal,varID,CDBFUR0,,0.0,,
Right wing flap,NOTE1,internal,varID,CDBFUR1,,0.0,,
Right wing flap,NOTE1,internal,varID,CDBFUR2,,0.0,,
Right wing flap,NOTE1,internal,varID,CDBFUR3,,0.0,,
Right wing flap,NOTE1,internal,varID,CDBFUR,,0.0,,
Right wing flap,NOTE1,internal,varID,CMBFUR0,,0.0,,
Right wing flap,NOTE1,internal,varID,CMBFUR1,,0.0,,
Right wing flap,NOTE1,internal,varID,CMBFUR2,,0.0,,
Right wing flap,NOTE1,internal,varID,CMBFUR3,,0.0,,
Right wing flap,NOTE1,internal,varID,CMBFUR,,0.0,,
Right wing flap,NOTE1,internal,varID,CYBFUR0,,0.0,,
Right wing flap,NOTE1,internal,varID,CYBFUR1,,0.0,,
Right wing flap,NOTE1,internal,varID,CYBFUR2,,0.0,,
Right wing flap,NOTE1,internal,varID,CYBFUR3,,0.0,,
Right wing flap,NOTE1,internal,varID,CYBFUR,,-0.0,,
Right wing flap,NOTE1,internal,varID,CRBFUR0,,0.0,,
Right wing flap,NOTE1,internal,varID,CRBFUR1,,0.0,,
Right wing flap,NOTE1,internal,varID,CRBFUR2,,0.0,,
Right wing flap,NOTE1,internal,varID,CRBFUR3,,0.0,,
Right wing flap,NOTE1,internal,varID,CRBFUR,,-0.0,,
Right wing flap,NOTE1,internal,varID,CNBFUR0,,0.0,,
Right wing flap,NOTE1,internal,varID,CNBFUR1,,0.0,,
Right wing flap,NOTE1,internal,varID,CNBFUR2,,0.0,,
Right wing flap,NOTE1,internal,varID,CNBFUR3,,0.0,,
Right wing flap,NOTE1,internal,varID,CNBFUR,,-0.0,,
Right wing flap,NOTE1,internal,varID,CLWFL0,,0.0,,
Right wing flap,NOTE1,internal,varID,CLWFL1,,0.0,,
Right wing flap,NOTE1,internal,varID,CLWFL2,,0.0,,
Right wing flap,NOTE1,internal,varID,CLWFL3,,0.0,,
Right wing flap,NOTE1,internal,varID,CLWFL,,0.0,,
Right wing flap,NOTE1,internal,varID,CDWFL0,,0.0,,
Right wing flap,NOTE1,internal,varID,CDWFL1,,0.0,,
Right wing flap,NOTE1,internal,varID,CDWFL2,,0.0,,
Right wing flap,NOTE1,internal,varID,CDWFL3,,0.0,,
Right wing flap,NOTE1,internal,varID,CDWFL,,0.0,,
Right wing flap,NOTE1,internal,varID,CMWFL0,,0.0,,
Right wing flap,NOTE1,internal,varID,CMWFL1,,0.0,,
Right wing flap,NOTE1,internal,varID,CMWFL2,,0.0,,
Right wing flap,NOTE1,internal,varID,CMWFL3,,0.0,,
Right wing flap,NOTE1,internal,varID,CMWFL,,0.0,,
Right wing flap,NOTE1,internal,varID,CYWFL0,,0.0,,
Right wing flap,NOTE1,internal,varID,CYWFL1,,0.0,,
Right wing flap,NOTE1,internal,varID,CYWFL2,,0.0,,
Right wing flap,NOTE1,internal,varID,CYWFL3,,0.0,,
Right wing flap,NOTE1,internal,varID,CYWFL,,0.0,,
Right wing flap,NOTE1,internal,varID,CRWFL0,,0.0,,
Right wing flap,NOTE1,internal,varID,CRWFL1,,0.0,,
Right wing flap,NOTE1,internal,varID,CRWFL2,,0.0,,
Right wing flap,NOTE1,internal,varID,CRWFL3,,0.0,,
Right wing flap,NOTE1,internal,varID,CRWFL,,0.0,,
Right wing flap,NOTE1,internal,varID,CNWFL0,,0.0,,
Right wing flap,NOTE1,internal,varID,CNWFL1,,0.0,,
Right wing flap,NOTE1,internal,varID,CNWFL2,,0.0,,
Right wing flap,NOTE1,internal,varID,CNWFL3,,0.0,,
Right wing flap,NOTE1,internal,varID,CNWFL,,0.0,,
Right wing flap,NOTE1,internal,varID,CLWFR0,,-0.03897895999999999,,
Right wing flap,NOTE1,internal,varID,CLWFR1,,0.0044883399999999995,,
Right wing flap,NOTE1,internal,varID,CLWFR2,,-0.00041711879999999996,,
Right wing flap,NOTE1,internal,varID,CLWFR3,,1.044888e-05,,
Right wing flap,NOTE1,internal,varID,CLWFR,,-0.025583418196239997,,
Right wing flap,NOTE1,internal,varID,CDWFR0,,0.001534352,,
Right wing flap,NOTE1,internal,varID,CDWFR1,,-0.00037776719999999995,,
Right wing flap,NOTE1,internal,varID,CDWFR2,,-1.44908e-05,,
Right wing flap,NOTE1,internal,varID,CDWFR3,,7.443279999999999e-07,,
Right wing flap,NOTE1,internal,varID,CDWFR,,-0.003080631829544,,
Right wing flap,NOTE1,internal,varID,CMWFR0,,0.01222028,,
Right wing flap,NOTE1,internal,varID,CMWFR1,,-0.0002483632,,
Right wing flap,NOTE1,internal,varID,CMWFR2,,1.5139519999999998e-05,,
Right wing flap,NOTE1,internal,varID,CMWFR3,,-5.759056e-07,,
Right wing flap,NOTE1,internal,varID,CMWFR,,0.0106389831182288,,
Right wing flap,NOTE1,internal,varID,CYWFR0,,-0.02348856,,
Right wing flap,NOTE1,internal,varID,CYWFR1,,0.0017922759999999998,,
Right wing flap,NOTE1,internal,varID,CYWFR2,,-7.61328e-05,,
Right wing flap,NOTE1,internal,varID,CYWFR3,,1.1902039999999997e-06,,
Right wing flap,NOTE1,internal,varID,CYWFR,,0.011804477905692003,,
Right wing flap,NOTE1,internal,varID,CRWFR0,,-0.017262479999999997,,
Right wing flap,NOTE1,internal,varID,CRWFR1,,0.0015087159999999998,,
Right wing flap,NOTE1,internal,varID,CRWFR2,,-8.443559999999999e-05,,
Right wing flap,NOTE1,internal,varID,CRWFR3,,1.7309399999999999e-06,,
Right wing flap,NOTE1,internal,varID,CRWFR,,0.008789033130619999,,
Right wing flap,NOTE1,internal,varID,CNWFR0,,0.014566959999999999,,
Right wing flap,NOTE1,internal,varID,CNWFR1,,-0.0006432596,,
Right wing flap,NOTE1,internal,varID,CNWFR2,,2.758216e-05,,
Right wing flap,NOTE1,internal,varID,CNWFR3,,-5.261499999999999e-07,,
Right wing flap,NOTE1,internal,varID,CNWFR,,-0.01029263916335,,
Right wing flap,NOTE1,internal,varID,CLLG0,,0.0,,
Right wing flap,NOTE1,internal,varID,CLLG1,,0.0,,
Right wing flap,NOTE1,internal,varID,CLLG2,,0.0,,
Right wing flap,NOTE1,internal,varID,CLLG3,,0.0,,
Right wing flap,NOTE1,internal,varID,CLLG,,0.0,,
Right wing flap,NOTE1,internal,varID,CDLG0,,0.0,,
Right wing flap,NOTE1,internal,varID,CDLG1,,0.0,,
Right wing flap,NOTE1,internal,varID,CDLG2,,0.0,,
Right wing flap,NOTE1,internal,varID,CDLG3,,0.0,,
Right wing flap,NOTE1,internal,varID,CDLG,,0.0,,
Right wing flap,NOTE1,internal,varID,CMLG0,,0.0,,
Right wing flap,NOTE1,internal,varID,CMLG1,,0.0,,
Right wing flap,NOTE1,internal,varID,CMLG2,,0.0,,
Right wing flap,NOTE1,internal,varID,CMLG3,,0.0,,
Right wing flap,NOTE1,internal,varID,CMLG,,0.0,,
Right wing flap,NOTE1,internal,varID,CYLG0,,0.0,,
Right wing flap,NOTE1,internal,varID,CYLG1,,0.0,,
Right wing flap,NOTE1,internal,varID,CYLG2,,0.0,,
Right wing flap,NOTE1,internal,varID,CYLG3,,0.0,,
Right wing flap,NOTE1,internal,varID,CYLG,,0.0,,
Right wing flap,NOTE1,internal,varID,CRLG0,,0.0,,
Right wing flap,NOTE1,internal,varID,CRLG1,,0.0,,
Right wing flap,NOTE1,internal,varID,CRLG2,,0.0,,
Right wing flap,NOTE1,internal,varID,CRLG3,,0.0,,
Right wing flap,NOTE1,internal,varID,CRLG,,0.0,,
Right wing flap,NOTE1,internal,varID,CNLG0,,0.0,,
Right wing flap,NOTE1,internal,varID,CNLG1,,0.0,,
Right wing flap,NOTE1,internal,varID,CNLG2,,0.0,,
Right wing flap,NOTE1,internal,varID,CNLG3,,0.0,,
Right wing flap,NOTE1,internal,varID,CNLG,,0.0,,
Right wing flap,NOTE1,internal,varID,CLGE0,,0.0,,
Right wing flap,NOTE1,internal,varID,CLGE1,,0.0,,
Right wing flap,NOTE1,internal,varID,CLGE2,,0.0,,
Right wing flap,NOTE1,internal,varID,CLGE3,,0.0,,
Right wing flap,NOTE1,internal,varID,CLGE,,0.0,,
Right wing flap,NOTE1,internal,varID,CDGE0,,0.0,,
Right wing flap,NOTE1,internal,varID,CDGE1,,0.0,,
Right wing flap,NOTE1,internal,varID,CDGE2,,0.0,,
Right wing flap,NOTE1,internal,varID,CDGE3,,0.0,,
Right wing flap,NOTE1,internal,varID,CDGE,,0.0,,
Right wing flap,NOTE1,internal,varID,CMGE0,,0.0,,
Right wing flap,NOTE1,internal,varID,CMGE1,,0.0,,
Right wing flap,NOTE1,internal,varID,CMGE2,,0.0,,
Right wing flap,NOTE1,internal,varID,CMGE3,,0.0,,
Right wing flap,NOTE1,internal,varID,CMGE,,0.0,,
Right wing flap,NOTE1,internal,varID,CYGE0,,0.0,,
Right wing flap,NOTE1,internal,varID,CYGE1,,0.0,,
Right wing flap,NOTE1,internal,varID,CYGE2,,0.0,,
Right wing flap,NOTE1,internal,varID,CYGE3,,0.0,,
Right wing flap,NOTE1,internal,varID,CYGE,,0.0,,
Right wing flap,NOTE1,internal,varID,CRGE0,,0.0,,
Right wing flap,NOTE1,internal,varID,CRGE1,,0.0,,
Right wing flap,NOTE1,internal,varID,CRGE2,,0.0,,
Right wing flap,NOTE1,internal,varID,CRGE3,,0.0,,
Right wing flap,NOTE1,internal,varID,CRGE,,0.0,,
Right wing flap,NOTE1,internal,varID,CNGE0,,0.0,,
Right wing flap,NOTE1,internal,varID,CNGE1,,0.0,,
Right wing flap,NOTE1,internal,varID,CNGE2,,0.0,,
Right wing flap,NOTE1,internal,varID,CNGE3,,0.0,,
Right wing flap,NOTE1,internal,varID,CNGE,,0.0,,
Right wing flap,NOTE1,internal,varID,sCYRUD,,0.0,,
Right wing flap,NOTE1,internal,varID,sCRRUD,,0.0,,
Right wing flap,NOTE1,internal,varID,sCNRUD,,0.0,,
Right wing flap,NOTE1,internal,varID,CMQ,,-0.155988326714,,
Right wing flap,NOTE1,internal,varID,CNP,,0.24752343178,,
Right wing flap,NOTE1,internal,varID,CNR,,-0.8981111534383,,
Right wing flap,NOTE1,internal,varID,CLP,,-0.506429680738,,
Right wing flap,NOTE1,internal,varID,CLR,,0.72926521693,,
Right wing flap,NOTE1,internal,varID,CL,,0.34292204867476,,
Right wing flap,NOTE1,internal,varID,CD,,0.108217314421456,,
Right wing flap,NOTE1,internal,varID,CM,,0.004267801881328796,,
Right wing flap,NOTE1,internal,varID,CY,,0.011804477905692003,,
Right wing flap,NOTE1,internal,varID,CN,,-0.01029263916335,,
Right wing flap,NOTE1,internal,varID,CR,,0.008789033130619999,,
Right wing flap,NOTE1,output,signalName,referenceWingChord,f,28.24,1e-06,
Right wing flap,NOTE1,output,signalName,referenceWingSpan,f,13.89,1e-06,
Right wing flap,NOTE1,output,signalName,referenceWingArea,f2,286.45,1e-06,
Right wing flap,NOTE1,output,signalName,vrsPositionOfMrc_X,fracMAC,0.54,1e-06,
Right wing flap,NOTE1,output,signalName,totalCoefficientOfLift,nd,0.342922061682,1e-06,
Right wing flap,NOTE1,output,signalName,totalCoefficientOfDrag,nd,0.108217321336,1e-06,
Right wing flap,NOTE1,output,signalName,aeroBodyForceCoefficient_Y,nd,0.011804478243,1e-06,
Right wing flap,NOTE1,output,signalName,aeroBodyMomentCoefficient_Roll,nd,0.008789033629,1e-06,
Right wing flap,NOTE1,output,signalName,aeroBodyMomentCoefficient_Pitch,nd,0.004267802462,1e-06,
Right wing flap,NOTE1,output,signalName,aeroBodyMomentCoefficient_Yaw,nd,-0.010292638093,1e-06,
Negative rudder,NOTE1,input,signalName,angleOfAttack,deg,10.3,,
Negative rudder,NOTE1,input,signalName,angleOfSideslip,deg,0.0,,
Negative rudder,NOTE1,input,signalName,mach,nd,0.8,,
Negative rudder,NOTE1,input,signalName,trueAirspeed,f_s,240.0,,
Negative rudder,NOTE1,input,signalName,heightOfCgWrtRwy,f,20000.0,,
Negative rudder,NOTE1,input,signalName,bodyAngularRate_Roll,rad_s,0.0,,
Negative rudder,NOTE1,input,signalName,bodyAngularRate_Pitch,rad_s,0.0,,
Negative rudder,NOTE1,input,signalName,bodyAngularRate_Yaw,rad_s,0.0,,
Negative rudder,NOTE1,input,signalName,upperLeftBodyFlapDeflection,deg,0.0,,
Negative rudder,NOTE1,input,signalName,upperRightBodyFlapDeflection,deg,0.0,,
Negative rudder,NOTE1,input,signalName,lowerLeftBodyFlapDeflection,deg,0.0,,
Negative rudder,NOTE1,input,signalName,lowerRightBodyFlapDeflection,deg,0.0,,
Negative rudder,NOTE1,input,signalName,leftWingFlapDeflection,deg,0.0,,
Negative rudder,NOTE1,input,signalName,rightWingFlapDeflection,deg,0.0,,
Negative rudder,NOTE1,input,signalName,rudderDeflection,deg,-15.34,,
Negative rudder,NOTE1,input,signalName,landingGearExtension,deg,0.0,,
Negative rudder,NOTE1,internal,varID,ALP,,10.3,,
Negative rudder,NOTE1,internal,varID,BETA,,0.0,,
Negative rudder,NOTE1,internal,varID,XMACH,,0.8,,
Negative rudder,NOTE1,internal,varID,PB,,0.0,,
Negative rudder,NOTE1,internal,varID,QB,,0.0,,
Negative rudder,NOTE1,internal,varID,RB,,0.0,,
Negative rudder,NOTE1,internal,varID,VRW,,240.0,,
Negative rudder,NOTE1,internal,varID,H_rwy,,20000.0,,
Negative rudder,NOTE1,internal,varID,DBFUL,,0.0,,
Negative rudder,NOTE1,internal,varID,DBFUR,,0.0,,
Negative rudder,NOTE1,internal,varID,DBFLL,,0.0,,
Negative rudder,NOTE1,internal,varID,DBFLR,,0.0,,
Negative rudder,NOTE1,internal,varID,DWFL,,0.0,,
Negative rudder,NOTE1,internal,varID,DWFR,,0.0,,
Negative rudder,NOTE1,internal,varID,DRUD,,-15.34,,
Negative rudder,NOTE1,internal,varID,DLG,,0.0,,
Negative rudder,NOTE1,internal,varID,CBAR,,28.24,,
Negative rudder,NOTE1,internal,varID,BSPAN,,13.89,,
Negative rudder,NOTE1,internal,varID,SWING,,286.45,,
Negative rudder,NOTE1,internal,varID,XRP,,0.54,,
Negative rudder,NOTE1,internal,varID,CMQ0,,-0.22364,,
Negative rudder,NOTE1,internal,varID,CMQ1,,0.020457,,
Negative rudder,NOTE1,internal,varID,CMQ2,,-0.0016741,,
Negative rudder,NOTE1,internal,varID,CMQ3,,3.1618e-05,,
Negative rudder,NOTE1,internal,varID,CNP0,,0.40031,,
Negative rudder,NOTE1,internal,varID,CNP1,,-0.015518,,
Negative rudder,NOTE1,internal,varID,CNP2,,-0.00012143,,
Negative rudder,NOTE1,internal,varID,CNP3,,1.824e-05,,
Negative rudder,NOTE1,internal,varID,CNR0,,-0.79533,,
Negative rudder,NOTE1,internal,varID,CNR1,,-0.012647,,
Negative rudder,NOTE1,internal,varID,CNR2,,0.00032696,,
Negative rudder,NOTE1,internal,varID,CNR3,,-6.5929e-06,,
Negative rudder,NOTE1,internal,varID,CLP0,,-0.55242,,
Negative rudder,NOTE1,internal,varID,CLP1,,0.014478,,
Negative rudder,NOTE1,internal,varID,CLP2,,-0.0011545,,
Negative rudder,NOTE1,internal,varID,CLP3,,1.7706e-05,,
Negative rudder,NOTE1,internal,varID,CLR0,,0.44685,,
Negative rudder,NOTE1,internal,varID,CLR1,,0.067411,,
Negative rudder,NOTE1,internal,varID,CLR2,,-0.0051866,,
Negative rudder,NOTE1,internal,varID,CLR3,,0.00012659,,
Negative rudder,NOTE1,internal,varID,abs_rud,,15.34,,
Negative rudder,NOTE1,internal,varID,HOB,,1439.8848092152627,,
Negative rudder,NOTE1,internal,varID,PBO2V,,0.0,,
Negative rudder,NOTE1,internal,varID,QCO2V,,0.0,,
Negative rudder,NOTE1,internal,varID,RBO2V,,0.0,,
Negative rudder,NOTE1,internal,varID,CL0A0,,-0.073425,,
Negative rudder,NOTE1,internal,varID,CL0A1,,0.043347,,
Negative rudder,NOTE1,internal,varID,CL0A2,,0.00012122,,
Negative rudder,NOTE1,internal,varID,CL0A3,,-1.5927e-05,,
Negative rudder,NOTE1,internal,varID,CL0,,0.368505466871,,
Negative rudder,NOTE1,internal,varID,CD0A0,,0.060114,,
Negative rudder,NOTE1,internal,varID,CD0A1,,-0.002439,,
Negative rudder,NOTE1,internal,varID,CD0A2,,0.00080564,,
Negative rudder,NOTE1,internal,varID,CD0A3,,-8.387e-06,,
Negative rudder,NOTE1,internal,varID,CD0,,0.11129794625100001,,
Negative rudder,NOTE1,internal,varID,CM0A0,,0.025129,,
Negative rudder,NOTE1,internal,varID,CM0A1,,-0.0030512,,
Negative rudder,NOTE1,internal,varID,CM0A2,,-4.8533e-05,,
Negative rudder,NOTE1,internal,varID,CM0A3,,4.6453e-06,,
Negative rudder,NOTE1,internal,varID,CM0,,-0.006371181236900003,,
Negative rudder,NOTE1,internal,varID,CY0A0,,-0.013313,,
Negative rudder,NOTE1,internal,varID,CY0A1,,-0.00013917,,
Negative rudder,NOTE1,internal,varID,CY0A2,,1.604e-05,,
Negative rudder,NOTE1,internal,varID,CY0A3,,-1.4751e-07,,
Negative rudder,NOTE1,internal,varID,CYB,,-0.013205955559770001,,
Negative rudder,NOTE1,internal,varID,CR0A0,,-0.0063969,,
Negative rudder,NOTE1,internal,varID,CR0A1,,-0.00049202,,
Negative rudder,NOTE1,internal,varID,CR0A2,,2.8527e-05,,
Negative rudder,NOTE1,internal,varID,CR0A3,,-3.0272e-07,,
Negative rudder,NOTE1,internal,varID,CRB,,-0.008769066887439999,,
Negative rudder,NOTE1,internal,varID,CN0A0,,0.0030814,,
Negative rudder,NOTE1,internal,varID,CN0A1,,0.00011705,,
Negative rudder,NOTE1,internal,varID,CN0A2,,-2.2768e-06,,
Negative rudder,NOTE1,internal,varID,CN0A3,,-2.9912e-07,,
Negative rudder,NOTE1,internal,varID,CNB,,0.00371861278776,,
Negative rudder,NOTE1,internal,varID,CLRUD0,,0.017361789333333332,,
Negative rudder,NOTE1,internal,varID,CLRUD1,,-0.0030352769333333333,,
Negative rudder,NOTE1,internal,varID,CLRUD2,,-4.1774910666666666e-05,,
Negative rudder,NOTE1,internal,varID,CLRUD3,,5.593573066666666e-06,,
Negative rudder,NOTE1,internal,varID,CLRUD,,-0.012221215036207201,,
Negative rudder,NOTE1,internal,varID,CDRUD0,,-0.0004640659066666666,,
Negative rudder,NOTE1,internal,varID,CDRUD1,,6.580544133333333e-05,,
Negative rudder,NOTE1,internal,varID,CDRUD2,,-0.00012442808,,
Negative rudder,NOTE1,internal,varID,CDRUD3,,5.137268266666666e-06,,
Negative rudder,NOTE1,internal,varID,CDRUD,,-0.007373213126903469,,
Negative rudder,NOTE1,internal,varID,CMRUD0,,-0.0052359556,,
Negative rudder,NOTE1,internal,varID,CMRUD1,,0.0009055006533333332,,
Negative rudder,NOTE1,internal,varID,CMRUD2,,-3.4231721333333333e-05,,
Negative rudder,NOTE1,internal,varID,CMRUD3,,3.9107795999999996e-08,,
Negative rudder,NOTE1,internal,varID,CMRUD,,0.0005017919576796913,,
Negative rudder,NOTE1,internal,varID,CYRUD0,,0.03028320533333333,,
Negative rudder,NOTE1,internal,varID,CYRUD1,,-0.0003068818133333333,,
Negative rudder,NOTE1,internal,varID,CYRUD2,,0.0003204014666666667,,
Negative rudder,NOTE1,internal,varID,CYRUD3,,-1.3027750666666665e-05,,
Negative rudder,NOTE1,internal,varID,CYRUD,,0.046877939351932005,,
Negative rudder,NOTE1,internal,varID,CRRUD0,,0.0016450638666666666,,
Negative rudder,NOTE1,internal,varID,CRRUD1,,-0.00015646822666666666,,
Negative rudder,NOTE1,internal,varID,CRRUD2,,4.0449512e-05,,
Negative rudder,NOTE1,internal,varID,CRRUD3,,-1.01328972e-06,,
Negative rudder,NOTE1,internal,varID,CRRUD,,0.00321748082421356,,
Negative rudder,NOTE1,internal,varID,CNRUD0,,-0.027822669333333334,,
Negative rudder,NOTE1,internal,varID,CNRUD1,,-0.00010998779999999999,,
Negative rudder,NOTE1,internal,varID,CNRUD2,,4.011714533333333e-05,,
Negative rudder,NOTE1,internal,varID,CNRUD3,,-2.2879098666666663e-06,,
Negative rudder,NOTE1,internal,varID,CNRUD,,-0.027199576609793066,,
Negative rudder,NOTE1,internal,varID,CLBFLL0,,0.0,,
Negative rudder,NOTE1,internal,varID,CLBFLL1,,0.0,,
Negative rudder,NOTE1,internal,varID,CLBFLL2,,0.0,,
Negative rudder,NOTE1,internal,varID,CLBFLL3,,0.0,,
Negative rudder,NOTE1,internal,varID,CLBFLL,,0.0,,
Negative rudder,NOTE1,internal,varID,CDBFLL0,,0.0,,
Negative rudder,NOTE1,internal,varID,CDBFLL1,,0.0,,
Negative rudder,NOTE1,internal,varID,CDBFLL2,,0.0,,
Negative rudder,NOTE1,internal,varID,CDBFLL3,,0.0,,
Negative rudder,NOTE1,internal,varID,CDBFLL,,0.0,,
Negative rudder,NOTE1,internal,varID,CMBFLL0,,0.0,,
Negative rudder,NOTE1,internal,varID,CMBFLL1,,0.0,,
Negative rudder,NOTE1,internal,varID,CMBFLL2,,0.0,,
Negative rudder,NOTE1,internal,varID,CMBFLL3,,0.0,,
Negative rudder,NOTE1,internal,varID,CMBFLL,,0.0,,
Negative rudder,NOTE1,internal,varID,CYBFLL0,,0.0,,
Negative rudder,NOTE1,internal,varID,CYBFLL1,,0.0,,
Negative rudder,NOTE1,internal,varID,CYBFLL2,,0.0,,
Negative rudder,NOTE1,internal,varID,CYBFLL3,,0.0,,
Negative rudder,NOTE1,internal,varID,CYBFLL,,0.0,,
Negative rudder,NOTE1,internal,varID,CRBFLL0,,0.0,,
Negative rudder,NOTE1,internal,varID,CRBFLL1,,0.0,,
Negative rudder,NOTE1,internal,varID,CRBFLL2,,0.0,,
Negative rudder,NOTE1,internal,varID,CRBFLL3,,0.0,,
Negative rudder,NOTE1,internal,varID,CRBFLL,,0.0,,
Negative rudder,NOTE1,internal,varID,CNBFLL0,,0.0,,
Negative rudder,NOTE1,internal,varID,CNBFLL1,,0.0,,
Negative rudder,NOTE1,internal,varID,CNBFLL2,,0.0,,
Negative rudder,NOTE1,internal,varID,CNBFLL3,,0.0,,
Negative rudder,NOTE1,internal,varID,CNBFLL,,0.0,,
Negative rudder,NOTE1,internal,varID,CLBFLR0,,0.0,,
Negative rudder,NOTE1,internal,varID,CLBFLR1,,0.0,,
Negative rudder,NOTE1,internal,varID,CLBFLR2,,0.0,,
Negative rudder,NOTE1,internal,varID,CLBFLR3,,0.0,,
Negative rudder,NOTE1,internal,varID,CLBFLR,,0.0,,
Negative rudder,NOTE1,internal,varID,CDBFLR0,,0.0,,
Negative rudder,NOTE1,internal,varID,CDBFLR1,,0.0,,
Negative rudder,NOTE1,internal,varID,CDBFLR2,,0.0,,
Negative rudder,NOTE1,internal,varID,CDBFLR3,,0.0,,
Negative rudder,NOTE1,internal,varID,CDBFLR,,0.0,,
Negative rudder,NOTE1,internal,varID,CMBFLR0,,0.0,,
Negative rudder,NOTE1,internal,varID,CMBFLR1,,0.0,,
Negative rudder,NOTE1,internal,varID,CMBFLR2,,0.0,,
Negative rudder,NOTE1,internal,varID,CMBFLR3,,0.0,,
Negative rudder,NOTE1,internal,varID,CMBFLR,,0.0,,
Negative rudder,NOTE1,internal,varID,CYBFLR0,,0.0,,
Negative rudder,NOTE1,internal,varID,CYBFLR1,,0.0,,
Negative rudder,NOTE1,internal,varID,CYBFLR2,,0.0,,
Negative rudder,NOTE1,internal,varID,CYBFLR3,,0.0,,
Negative rudder,NOTE1,internal,varID,CYBFLR,,-0.0,,
Negative rudder,NOTE1,internal,varID,CRBFLR0,,0.0,,
Negative rudder,NOTE1,internal,varID,CRBFLR1,,0.0,,
Negative rudder,NOTE1,internal,varID,CRBFLR2,,0.0,,
Negative rudder,NOTE1,internal,varID,CRBFLR3,,0.0,,
Negative rudder,NOTE1,internal,varID,CRBFLR,,-0.0,,
Negative rudder,NOTE1,internal,varID,CNBFLR0,,0.0,,
Negative rudder,NOTE1,internal,varID,CNBFLR1,,0.0,,
Negative rudder,NOTE1,internal,varID,CNBFLR2,,0.0,,
Negative rudder,NOTE1,internal,varID,CNBFLR3,,0.0,,
Negative rudder,NOTE1,internal,varID,CNBFLR,,-0.0,,
Negative rudder,NOTE1,internal,varID,CLBFUL0,,0.0,,
Negative rudder,NOTE1,internal,varID,CLBFUL1,,0.0,,
Negative rudder,NOTE1,internal,varID,CLBFUL2,,0.0,,
Negative rudder,NOTE1,internal,varID,CLBFUL3,,0.0,,
Negative rudder,NOTE1,internal,varID,CLBFUL,,0.0,,
Negative rudder,NOTE1,internal,varID,CDBFUL0,,0.0,,
Negative rudder,NOTE1,internal,varID,CDBFUL1,,0.0,,
Negative rudder,NOTE1,internal,varID,CDBFUL2,,0.0,,
Negative rudder,NOTE1,internal,varID,CDBFUL3,,0.0,,
Negative rudder,NOTE1,internal,varID,CDBFUL,,0.0,,
Negative rudder,NOTE1,internal,varID,CMBFUL0,,0.0,,
Negative rudder,NOTE1,internal,varID,CMBFUL1,,0.0,,
Negative rudder,NOTE1,internal,varID,CMBFUL2,,0.0,,
Negative rudder,NOTE1,internal,varID,CMBFUL3,,0.0,,
Negative rudder,NOTE1,internal,varID,CMBFUL,,0.0,,
Negative rudder,NOTE1,internal,varID,CYBFUL0,,0.0,,
Negative rudder,NOTE1,internal,varID,CYBFUL1,,0.0,,
Negative rudder,NOTE1,internal,varID,CYBFUL2,,0.0,,
Negative rudder,NOTE1,internal,varID,CYBFUL3,,0.0,,
Negative rudder,NOTE1,internal,varID,CYBFUL,,0.0,,
Negative rudder,NOTE1,internal,varID,CRBFUL0,,0.0,,
Negative rudder,NOTE1,internal,varID,CRBFUL1,,0.0,,
Negative rudder,NOTE1,internal,varID,CRBFUL2,,0.0,,
Negative rudder,NOTE1,internal,varID,CRBFUL3,,0.0,,
Negative rudder,NOTE1,internal,varID,CRBFUL,,0.0,,
Negative rudder,NOTE1,internal,varID,CNBFUL0,,0.0,,
Negative rudder,NOTE1,internal,varID,CNBFUL1,,0.0,,
Negative rudder,NOTE1,internal,varID,CNBFUL2,,0.0,,
Negative rudder,NOTE1,internal,varID,CNBFUL3,,0.0,,
Negative rudder,NOTE1,internal,varID,CNBFUL,,0.0,,
Negative rudder,NOTE1,internal,varID,CLBFUR0,,0.0,,
Negative rudder,NOTE1,internal,varID,CLBFUR1,,0.0,,
Negative rudder,NOTE1,internal,varID,CLBFUR2,,0.0,,
Negative rudder,NOTE1,internal,varID,CLBFUR3,,0.0,,
Negative rudder,NOTE1,internal,varID,CLBFUR,,0.0,,
Negative rudder,NOTE1,internal,varID,CDBFUR0,,0.0,,
Negative rudder,NOTE1,internal,varID,CDBFUR1,,0.0,,
Negative rudder,NOTE1,internal,varID,CDBFUR2,,0.0,,
Negative rudder,NOTE1,internal,varID,CDBFUR3,,0.0,,
Negative rudder,NOTE1,internal,varID,CDBFUR,,0.0,,
Negative rudder,NOTE1,internal,varID,CMBFUR0,,0.0,,
Negative rudder,NOTE1,internal,varID,CMBFUR1,,0.0,,
Negative rudder,NOTE1,internal,varID,CMBFUR2,,0.0,,
Negative rudder,NOTE1,internal,varID,CMBFUR3,,0.0,,
Negative rudder,NOTE1,internal,varID,CMBFUR,,0.0,,
Negative rudder,NOTE1,internal,varID,CYBFUR0,,0.0,,
Negative rudder,NOTE1,internal,varID,CYBFUR1,,0.0,,
Negative rudder,NOTE1,internal,varID,CYBFUR2,,0.0,,
Negative rudder,NOTE1,internal,varID,CYBFUR3,,0.0,,
Negative rudder,NOTE1,internal,varID,CYBFUR,,-0.0,,
Negative rudder,NOTE1,internal,varID,CRBFUR0,,0.0,,
Negative rudder,NOTE1,internal,varID,CRBFUR1,,0.0,,
Negative rudder,NOTE1,internal,varID,CRBFUR2,,0.0,,
Negative rudder,NOTE1,internal,varID,CRBFUR3,,0.0,,
Negative rudder,NOTE1,internal,varID,CRBFUR,,-0.0,,
Negative rudder,NOTE1,internal,varID,CNBFUR0,,0.0,,
Negative rudder,NOTE1,internal,varID,CNBFUR1,,0.0,,
Negative rudder,NOTE1,internal,varID,CNBFUR2,,0.0,,
Negative rudder,NOTE1,internal,varID,CNBFUR3,,0.0,,
Negative rudder,NOTE1,internal,varID,CNBFUR,,-0.0,,
Negative rudder,NOTE1,internal,varID,CLWFL0,,0.0,,
Negative rudder,NOTE1,internal,varID,CLWFL1,,0.0,,
Negative rudder,NOTE1,internal,varID,CLWFL2,,0.0,,
Negative rudder,NOTE1,internal,varID,CLWFL3,,0.0,,
Negative rudder,NOTE1,internal,varID,CLWFL,,0.0,,
Negative rudder,NOTE1,internal,varID,CDWFL0,,0.0,,
Negative rudder,NOTE1,internal,varID,CDWFL1,,0.0,,
Negative rudder,NOTE1,internal,varID,CDWFL2,,0.0,,
Negative rudder,NOTE1,internal,varID,CDWFL3,,0.0,,
Negative rudder,NOTE1,internal,varID,CDWFL,,0.0,,
Negative rudder,NOTE1,internal,varID,CMWFL0,,0.0,,
Negative rudder,NOTE1,internal,varID,CMWFL1,,0.0,,
Negative rudder,NOTE1,internal,varID,CMWFL2,,0.0,,
Negative rudder,NOTE1,internal,varID,CMWFL3,,0.0,,
Negative rudder,NOTE1,internal,varID,CMWFL,,0.0,,
Negative rudder,NOTE1,internal,varID,CYWFL0,,0.0,,
Negative rudder,NOTE1,internal,varID,CYWFL1,,0.0,,
Negative rudder,NOTE1,internal,varID,CYWFL2,,0.0,,
Negative rudder,NOTE1,internal,varID,CYWFL3,,0.0,,
Negative rudder,NOTE1,internal,varID,CYWFL,,0.0,,
Negative rudder,NOTE1,internal,varID,CRWFL0,,0.0,,
Negative rudder,NOTE1,internal,varID,CRWFL1,,0.0,,
Negative rudder,NOTE1,internal,varID,CRWFL2,,0.0,,
Negative rudder,NOTE1,internal,varID,CRWFL3,,0.0,,
Negative rudder,NOTE1,internal,varID,CRWFL,,0.0,,
Negative rudder,NOTE1,internal,varID,CNWFL0,,0.0,,
Negative rudder,NOTE1,internal,varID,CNWFL1,,0.0,,
Negative rudder,NOTE1,internal,varID,CNWFL2,,0.0,,
Negative rudder,NOTE1,internal,varID,CNWFL3,,0.0,,
Negative rudder,NOTE1,internal,varID,CNWFL,,0.0,,
Negative rudder,NOTE1,internal,varID,CLWFR0,,0.0,,
Negative rudder,NOTE1,internal,varID,CLWFR1,,0.0,,
Negative rudder,NOTE1,internal,varID,CLWFR2,,0.0,,
Negative rudder,NOTE1,internal,varID,CLWFR3,,0.0,,
Negative rudder,NOTE1,internal,varID,CLWFR,,0.0,,
Negative rudder,NOTE1,internal,varID,CDWFR0,,0.0,,
Negative rudder,NOTE1,internal,varID,CDWFR1,,0.0,,
Negative rudder,NOTE1,internal,varID,CDWFR2,,0.0,,
Negative rudder,NOTE1,internal,varID,CDWFR3,,0.0,,
Negative rudder,NOTE1,internal,varID,CDWFR,,0.0,,
Negative rudder,NOTE1,internal,varID,CMWFR0,,0.0,,
Negative rudder,NOTE1,internal,varID,CMWFR1,,0.0,,
Negative rudder,NOTE1,internal,varID,CMWFR2,,0.0,,
Negative rudder,NOTE1,internal,varID,CMWFR3,,0.0,,
Negative rudder,NOTE1,internal,varID,CMWFR,,0.0,,
Negative rudder,NOTE1,internal,varID,CYWFR0,,0.0,,
Negative rudder,NOTE1,internal,varID,CYWFR1,,0.0,,
Negative rudder,NOTE1,internal,varID,CYWFR2,,0.0,,
Negative rudder,NOTE1,internal,varID,CYWFR3,,0.0,,
Negative rudder,NOTE1,internal,varID,CYWFR,,-0.0,,
Negative rudder,NOTE1,internal,varID,CRWFR0,,0.0,,
Negative rudder,NOTE1,internal,varID,CRWFR1,,0.0,,
Negative rudder,NOTE1,internal,varID,CRWFR2,,0.0,,
Negative rudder,NOTE1,internal,varID,CRWFR3,,0.0,,
Negative rudder,NOTE1,internal,varID,CRWFR,,-0.0,,
Negative rudder,NOTE1,internal,varID,CNWFR0,,0.0,,
Negative rudder,NOTE1,internal,varID,CNWFR1,,0.0,,
Negative rudder,NOTE1,internal,varID,CNWFR2,,0.0,,
Negative rudder,NOTE1,internal,varID,CNWFR3,,0.0,,
Negative rudder,NOTE1,internal,varID,CNWFR,,-0.0,,
Negative rudder,NOTE1,internal,varID,CLLG0,,0.0,,
Negative rudder,NOTE1,internal,varID,CLLG1,,0.0,,
Negative rudder,NOTE1,internal,varID,CLLG2,,0.0,,
Negative rudder,NOTE1,internal,varID,CLLG3,,0.0,,
Negative rudder,NOTE1,internal,varID,CLLG,,0.0,,
Negative rudder,NOTE1,internal,varID,CDLG0,,0.0,,
Negative rudder,NOTE1,internal,varID,CDLG1,,0.0,,
Negative rudder,NOTE1,internal,varID,CDLG2,,0.0,,
Negative rudder,NOTE1,internal,varID,CDLG3,,0.0,,
Negative rudder,NOTE1,internal,varID,CDLG,,0.0,,
Negative rudder,NOTE1,internal,varID,CMLG0,,0.0,,
Negative rudder,NOTE1,internal,varID,CMLG1,,0.0,,
Negative rudder,NOTE1,internal,varID,CMLG2,,0.0,,
Negative rudder,NOTE1,internal,varID,CMLG3,,0.0,,
Negative rudder,NOTE1,internal,varID,CMLG,,0.0,,
Negative rudder,NOTE1,internal,varID,CYLG0,,0.0,,
Negative rudder,NOTE1,internal,varID,CYLG1,,0.0,,
Negative rudder,NOTE1,internal,varID,CYLG2,,0.0,,
Negative rudder,NOTE1,internal,varID,CYLG3,,0.0,,
Negative rudder,NOTE1,internal,varID,CYLG,,0.0,,
Negative rudder,NOTE1,internal,varID,CRLG0,,0.0,,
Negative rudder,NOTE1,internal,varID,CRLG1,,0.0,,
Negative rudder,NOTE1,internal,varID,CRLG2,,0.0,,
Negative rudder,NOTE1,internal,varID,CRLG3,,0.0,,
Negative rudder,NOTE1,internal,varID,CRLG,,0.0,,
Negative rudder,NOTE1,internal,varID,CNLG0,,0.0,,
Negative rudder,NOTE1,internal,varID,CNLG1,,0.0,,
Negative rudder,NOTE1,internal,varID,CNLG2,,0.0,,
Negative rudder,NOTE1,internal,varID,CNLG3,,0.0,,
Negative rudder,NOTE1,internal,varID,CNLG,,0.0,,
Negative rudder,NOTE1,internal,varID,CLGE0,,0.0,,
Negative rudder,NOTE1,internal,varID,CLGE1,,0.0,,
Negative rudder,NOTE1,internal,varID,CLGE2,,0.0,,
Negative rudder,NOTE1,internal,varID,CLGE3,,0.0,,
Negative rudder,NOTE1,internal,varID,CLGE,,0.0,,
Negative rudder,NOTE1,internal,varID,CDGE0,,0.0,,
Negative rudder,NOTE1,internal,varID,CDGE1,,0.0,,
Negative rudder,NOTE1,internal,varID,CDGE2,,0.0,,
Negative rudder,NOTE1,internal,varID,CDGE3,,0.0,,
Negative rudder,NOTE1,internal,varID,CDGE,,0.0,,
Negative rudder,NOTE1,internal,varID,CMGE0,,0.0,,
Negative rudder,NOTE1,internal,varID,CMGE1,,0.0,,
Negative rudder,NOTE1,internal,varID,CMGE2,,0.0,,
Negative rudder,NOTE1,internal,varID,CMGE3,,0.0,,
Negative rudder,NOTE1,internal,varID,CMGE,,0.0,,
Negative rudder,NOTE1,internal,varID,CYGE0,,0.0,,
Negative rudder,NOTE1,internal,varID,CYGE1,,0.0,,
Negative rudder,NOTE1,internal,varID,CYGE2,,0.0,,
Negative rudder,NOTE1,internal,varID,CYGE3,,0.0,,
Negative rudder,NOTE1,internal,varID,CYGE,,0.0,,
Negative rudder,NOTE1,internal,varID,CRGE0,,0.0,,
Negative rudder,NOTE1,internal,varID,CRGE1,,0.0,,
Negative rudder,NOTE1,internal,varID,CRGE2,,0.0,,
Negative rudder,NOTE1,internal,varID,CRGE3,,0.0,,
Negative rudder,NOTE1,internal,varID,CRGE,,0.0,,
Negative rudder,NOTE1,internal,varID,CNGE0,,0.0,,
Negative rudder,NOTE1,internal,varID,CNGE1,,0.0,,
Negative rudder,NOTE1,internal,varID,CNGE2,,0.0,,
Negative rudder,NOTE1,internal,varID,CNGE3,,0.0,,
Negative rudder,NOTE1,internal,varID,CNGE,,0.0,,
Negative rudder,NOTE1,internal,varID,sCYRUD,,-0.046877939351932005,,
Negative rudder,NOTE1,internal,varID,sCRRUD,,-0.00321748082421356,,
Negative rudder,NOTE1,internal,varID,sCNRUD,,0.027199576609793066,,
Negative rudder,NOTE1,internal,varID,CMQ,,-0.155988326714,,
Negative rudder,NOTE1,internal,varID,CNP,,0.24752343178,,
Negative rudder,NOTE1,internal,varID,CNR,,-0.8981111534383,,
Negative rudder,NOTE1,internal,varID,CLP,,-0.506429680738,,
Negative rudder,NOTE1,internal,varID,CLR,,0.72926521693,,
Negative rudder,NOTE1,internal,varID,CL,,0.3562842518347928,,
Negative rudder,NOTE1,internal,varID,CD,,0.10392473312409654,,
Negative rudder,NOTE1,internal,varID,CM,,-0.005869389279220312,,
Negative rudder,NOTE1,internal,varID,CY,,-0.046877939351932005,,
Negative rudder,NOTE1,internal,varID,CN,,0.027199576609793066,,
Negative rudder,NOTE1,internal,varID,CR,,-0.00321748082421356,,
Negative rudder,NOTE1,output,signalName,referenceWingChord,f,28.24,1e-06,
Negative rudder,NOTE1,output,signalName,referenceWingSpan,f,13.89,1e-06,
Negative rudder,NOTE1,output,signalName,referenceWingArea,f2,286.45,1e-06,
Negative rudder,NOTE1,output,signalName,vrsPositionOfMrc_X,fracMAC,0.54,1e-06,
Negative rudder,NOTE1,output,signalName,totalCoefficientOfLift,nd,0.35628426075,1e-06,
Negative rudder,NOTE1,output,signalName,totalCoefficientOfDrag,nd,0.103924736381,1e-06,
Negative rudder,NOTE1,output,signalName,aeroBodyForceCoefficient_Y,nd,-0.046877939254,1e-06,
Negative rudder,NOTE1,output,signalName,aeroBodyMomentCoefficient_Roll,nd,-0.003217480611,1e-06,
Negative rudder,NOTE1,output,signalName,aeroBodyMomentCoefficient_Pitch,nd,-0.005869387183,1e-06,
Negative rudder,NOTE1,output,signalName,aeroBodyMomentCoefficient_Yaw,nd,0.02719957754,1e-06,
Positive rudder,NOTE1,input,signalName,angleOfAttack,deg,10.3,,
Positive rudder,NOTE1,input,signalName,angleOfSideslip,deg,0.0,,
Positive rudder,NOTE1,input,signalName,mach,nd,0.8,,
Positive rudder,NOTE1,input,signalName,trueAirspeed,f_s,240.0,,
Positive rudder,NOTE1,input,signalName,heightOfCgWrtRwy,f,20000.0,,
Positive rudder,NOTE1,input,signalName,bodyAngularRate_Roll,rad_s,0.0,,
Positive rudder,NOTE1,input,signalName,bodyAngularRate_Pitch,rad_s,0.0,,
Positive rudder,NOTE1,input,signalName,bodyAngularRate_Yaw,rad_s,0.0,,
Positive rudder,NOTE1,input,signalName,upperLeftBodyFlapDeflection,deg,0.0,,
Positive rudder,NOTE1,input,signalName,upperRightBodyFlapDeflection,deg,0.0,,
Positive rudder,NOTE1,input,signalName,lowerLeftBodyFlapDeflection,deg,0.0,,
Positive rudder,NOTE1,input,signalName,lowerRightBodyFlapDeflection,deg,0.0,,
Positive rudder,NOTE1,input,signalName,leftWingFlapDeflection,deg,0.0,,
Positive rudder,NOTE1,input,signalName,rightWingFlapDeflection,deg,0.0,,
Positive rudder,NOTE1,input,signalName,rudderDeflection,deg,15.34,,
Positive rudder,NOTE1,input,signalName,landingGearExtension,deg,0.0,,
Positive rudder,NOTE1,internal,varID,ALP,,10.3,,
Positive rudder,NOTE1,internal,varID,BETA,,0.0,,
Positive rudder,NOTE1,internal,varID,XMACH,,0.8,,
Positive rudder,NOTE1,internal,varID,PB,,0.0,,
Positive rudder,NOTE1,internal,varID,QB,,0.0,,
Positive rudder,NOTE1,internal,varID,RB,,0.0,,
Positive rudder,NOTE1,internal,varID,VRW,,240.0,,
Positive rudder,NOTE1,internal,varID,H_rwy,,20000.0,,
Positive rudder,NOTE1,internal,varID,DBFUL,,0.0,,
Positive rudder,NOTE1,internal,varID,DBFUR,,0.0,,
Positive rudder,NOTE1,internal,varID,DBFLL,,0.0,,
Positive rudder,NOTE1,internal,varID,DBFLR,,0.0,,
Positive rudder,NOTE1,internal,varID,DWFL,,0.0,,
Positive rudder,NOTE1,internal,varID,DWFR,,0.0,,
Positive rudder,NOTE1,internal,varID,DRUD,,15.34,,
Positive rudder,NOTE1,internal,varID,DLG,,0.0,,
Positive rudder,NOTE1,internal,varID,CBAR,,28.24,,
Positive rudder,NOTE1,internal,varID,BSPAN,,13.89,,
Positive rudder,NOTE1,internal,varID,SWING,,286.45,,
Positive rudder,NOTE1,internal,varID,XRP,,0.54,,
Positive rudder,NOTE1,internal,varID,CMQ0,,-0.22364,,
Positive rudder,NOTE1,internal,varID,CMQ1,,0.020457,,
Positive rudder,NOTE1,internal,varID,CMQ2,,-0.0016741,,
Positive rudder,NOTE1,internal,varID,CMQ3,,3.1618e-05,,
Positive rudder,NOTE1,internal,varID,CNP0,,0.40031,,
Positive rudder,NOTE1,internal,varID,CNP1,,-0.015518,,
Positive rudder,NOTE1,internal,varID,CNP2,,-0.00012143,,
Positive rudder,NOTE1,internal,varID,CNP3,,1.824e-05,,
Positive rudder,NOTE1,internal,varID,CNR0,,-0.79533,,
Positive rudder,NOTE1,internal,varID,CNR1,,-0.012647,,
Positive rudder,NOTE1,internal,varID,CNR2,,0.00032696,,
Positive rudder,NOTE1,internal,varID,CNR3,,-6.5929e-06,,
Positive rudder,NOTE1,internal,varID,CLP0,,-0.55242,,
Positive rudder,NOTE1,internal,varID,CLP1,,0.014478,,
Positive rudder,NOTE1,internal,varID,CLP2,,-0.0011545,,
Positive rudder,NOTE1,internal,varID,CLP3,,1.7706e-05,,
Positive rudder,NOTE1,internal,varID,CLR0,,0.44685,,
Positive rudder,NOTE1,internal,varID,CLR1,,0.067411,,
Positive rudder,NOTE1,internal,varID,CLR2,,-0.0051866,,
Positive rudder,NOTE1,internal,varID,CLR3,,0.00012659,,
Positive rudder,NOTE1,internal,varID,abs_rud,,15.34,,
Positive rudder,NOTE1,internal,varID,HOB,,1439.8848092152627,,
Positive rudder,NOTE1,internal,varID,PBO2V,,0.0,,
Positive rudder,NOTE1,internal,varID,QCO2V,,0.0,,
Positive rudder,NOTE1,internal,varID,RBO2V,,0.0,,
Positive rudder,NOTE1,internal,varID,CL0A0,,-0.073425,,
Positive rudder,NOTE1,internal,varID,CL0A1,,0.043347,,
Positive rudder,NOTE1,internal,varID,CL0A2,,0.00012122,,
Positive rudder,NOTE1,internal,varID,CL0A3,,-1.5927e-05,,
Positive rudder,NOTE1,internal,varID,CL0,,0.368505466871,,
Positive rudder,NOTE1,internal,varID,CD0A0,,0.060114,,
Positive rudder,NOTE1,internal,varID,CD0A1,,-0.002439,,
Positive rudder,NOTE1,internal,varID,CD0A2,,0.00080564,,
Positive rudder,NOTE1,internal,varID,CD0A3,,-8.387e-06,,
Positive rudder,NOTE1,internal,varID,CD0,,0.11129794625100001,,
Positive rudder,NOTE1,internal,varID,CM0A0,,0.025129,,
Positive rudder,NOTE1,internal,varID,CM0A1,,-0.0030512,,
Positive rudder,NOTE1,internal,varID,CM0A2,,-4.8533e-05,,
Positive rudder,NOTE1,internal,varID,CM0A3,,4.6453e-06,,
Positive rudder,NOTE1,internal,varID,CM0,,-0.006371181236900003,,
Positive rudder,NOTE1,internal,varID,CY0A0,,-0.013313,,
Positive rudder,NOTE1,internal,varID,CY0A1,,-0.00013917,,
Positive rudder,NOTE1,internal,varID,CY0A2,,1.604e-05,,
Positive rudder,NOTE1,internal,varID,CY0A3,,-1.4751e-07,,
Positive rudder,NOTE1,internal,varID,CYB,,-0.013205955559770001,,
Positive rudder,NOTE1,internal,varID,CR0A0,,-0.0063969,,
Positive rudder,NOTE1,internal,varID,CR0A1,,-0.00049202,,
Positive rudder,NOTE1,internal,varID,CR0A2,,2.8527e-05,,
Positive rudder,NOTE1,internal,varID,CR0A3,,-3.0272e-07,,
Positive rudder,NOTE1,internal,varID,CRB,,-0.008769066887439999,,
Positive rudder,NOTE1,internal,varID,CN0A0,,0.0030814,,
Positive rudder,NOTE1,internal,varID,CN0A1,,0.00011705,,
Positive rudder,NOTE1,internal,varID,CN0A2,,-2.2768e-06,,
Positive rudder,NOTE1,internal,varID,CN0A3,,-2.9912e-07,,
Positive rudder,NOTE1,internal,varID,CNB,,0.00371861278776,,
Positive rudder,NOTE1,internal,varID,CLRUD0,,0.017361789333333332,,
Positive rudder,NOTE1,internal,varID,CLRUD1,,-0.0030352769333333333,,
Positive rudder,NOTE1,internal,varID,CLRUD2,,-4.1774910666666666e-05,,
Positive rudder,NOTE1,internal,varID,CLRUD3,,5.593573066666666e-06,,
Positive rudder,NOTE1,internal,varID,CLRUD,,-0.012221215036207201,,
Positive rudder,NOTE1,internal,varID,CDRUD0,,-0.0004640659066666666,,
Positive rudder,NOTE1,internal,varID,CDRUD1,,6.580544133333333e-05,,
Positive rudder,NOTE1,internal,varID,CDRUD2,,-0.00012442808,,
Positive rudder,NOTE1,internal,varID,CDRUD3,,5.137268266666666e-06,,
Positive rudder,NOTE1,internal,varID,CDRUD,,-0.007373213126903469,,
Positive rudder,NOTE1,internal,varID,CMRUD0,,-0.0052359556,,
Positive rudder,NOTE1,internal,varID,CMRUD1,,0.0009055006533333332,,
Positive rudder,NOTE1,internal,varID,CMRUD2,,-3.4231721333333333e-05,,
Positive rudder,NOTE1,internal,varID,CMRUD3,,3.9107795999999996e-08,,
Positive rudder,NOTE1,internal,varID,CMRUD,,0.0005017919576796913,,
Positive rudder,NOTE1,internal,varID,CYRUD0,,0.03028320533333333,,
Positive rudder,NOTE1,internal,varID,CYRUD1,,-0.0003068818133333333,,
Positive rudder,NOTE1,internal,varID,CYRUD2,,0.0003204014666666667,,
Positive rudder,NOTE1,internal,varID,CYRUD3,,-1.3027750666666665e-05,,
Positive rudder,NOTE1,internal,varID,CYRUD,,0.046877939351932005,,
Positive rudder,NOTE1,internal,varID,CRRUD0,,0.0016450638666666666,,
Positive rudder,NOTE1,internal,varID,CRRUD1,,-0.00015646822666666666,,
Positive rudder,NOTE1,internal,varID,CRRUD2,,4.0449512e-05,,
Positive rudder,NOTE1,internal,varID,CRRUD3,,-1.01328972e-06,,
Positive rudder,NOTE1,internal,varID,CRRUD,,0.00321748082421356,,
Positive rudder,NOTE1,internal,varID,CNRUD0,,-0.027822669333333334,,
Positive rudder,NOTE1,internal,varID,CNRUD1,,-0.00010998779999999999,,
Positive rudder,NOTE1,internal,varID,CNRUD2,,4.011714533333333e-05,,
Positive rudder,NOTE1,internal,varID,CNRUD3,,-2.2879098666666663e-06,,
Positive rudder,NOTE1,internal,varID,CNRUD,,-0.027199576609793066,,
Positive rudder,NOTE1,internal,varID,CLBFLL0,,0.0,,
Positive rudder,NOTE1,internal,varID,CLBFLL1,,0.0,,
Positive rudder,NOTE1,internal,varID,CLBFLL2,,0.0,,
Positive rudder,NOTE1,internal,varID,CLBFLL3,,0.0,,
Positive rudder,NOTE1,internal,varID,CLBFLL,,0.0,,
Positive rudder,NOTE1,internal,varID,CDBFLL0,,0.0,,
Positive rudder,NOTE1,internal,varID,CDBFLL1,,0.0,,
Positive rudder,NOTE1,internal,varID,CDBFLL2,,0.0,,
Positive rudder,NOTE1,internal,varID,CDBFLL3,,0.0,,
Positive rudder,NOTE1,internal,varID,CDBFLL,,0.0,,
Positive rudder,NOTE1,internal,varID,CMBFLL0,,0.0,,
Positive rudder,NOTE1,internal,varID,CMBFLL1,,0.0,,
Positive rudder,NOTE1,internal,varID,CMBFLL2,,0.0,,
Positive rudder,NOTE1,internal,varID,CMBFLL3,,0.0,,
Positive rudder,NOTE1,internal,varID,CMBFLL,,0.0,,
Positive rudder,NOTE1,internal,varID,CYBFLL0,,0.0,,
Positive rudder,NOTE1,internal,varID,CYBFLL1,,0.0,,
Positive rudder,NOTE1,internal,varID,CYBFLL2,,0.0,,
Positive rudder,NOTE1,internal,varID,CYBFLL3,,0.0,,
Positive rudder,NOTE1,internal,varID,CYBFLL,,0.0,,
Positive rudder,NOTE1,internal,varID,CRBFLL0,,0.0,,
Positive rudder,NOTE1,internal,varID,CRBFLL1,,0.0,,
Positive rudder,NOTE1,internal,varID,CRBFLL2,,0.0,,
Positive rudder,NOTE1,internal,varID,CRBFLL3,,0.0,,
Positive rudder,NOTE1,internal,varID,CRBFLL,,0.0,,
Positive rudder,NOTE1,internal,varID,CNBFLL0,,0.0,,
Positive rudder,NOTE1,internal,varID,CNBFLL1,,0.0,,
Positive rudder,NOTE1,internal,varID,CNBFLL2,,0.0,,
Positive rudder,NOTE1,internal,varID,CNBFLL3,,0.0,,
Positive rudder,NOTE1,internal,varID,CNBFLL,,0.0,,
Positive rudder,NOTE1,internal,varID,CLBFLR0,,0.0,,
Positive rudder,NOTE1,internal,varID,CLBFLR1,,0.0,,
Positive rudder,NOTE1,internal,varID,CLBFLR2,,0.0,,
Positive rudder,NOTE1,internal,varID,CLBFLR3,,0.0,,
Positive rudder,NOTE1,internal,varID,CLBFLR,,0.0,,
Positive rudder,NOTE1,internal,varID,CDBFLR0,,0.0,,
Positive rudder,NOTE1,internal,varID,CDBFLR1,,0.0,,
Positive rudder,NOTE1,internal,varID,CDBFLR2,,0.0,,
Positive rudder,NOTE1,internal,varID,CDBFLR3,,0.0,,
Positive rudder,NOTE1,internal,varID,CDBFLR,,0.0,,
Positive rudder,NOTE1,internal,varID,CMBFLR0,,0.0,,
Positive rudder,NOTE1,internal,varID,CMBFLR1,,0.0,,
Positive rudder,NOTE1,internal,varID,CMBFLR2,,0.0,,
Positive rudder,NOTE1,internal,varID,CMBFLR3,,0.0,,
Positive rudder,NOTE1,internal,varID,CMBFLR,,0.0,,
Positive rudder,NOTE1,internal,varID,CYBFLR0,,0.0,,
Positive rudder,NOTE1,internal,varID,CYBFLR1,,0.0,,
Positive rudder,NOTE1,internal,varID,CYBFLR2,,0.0,,
Positive rudder,NOTE1,internal,varID,CYBFLR3,,0.0,,
Positive rudder,NOTE1,internal,varID,CYBFLR,,-0.0,,
Positive rudder,NOTE1,internal,varID,CRBFLR0,,0.0,,
Positive rudder,NOTE1,internal,varID,CRBFLR1,,0.0,,
Positive rudder,NOTE1,internal,varID,CRBFLR2,,0.0,,
Positive rudder,NOTE1,internal,varID,CRBFLR3,,0.0,,
Positive rudder,NOTE1,internal,varID,CRBFLR,,-0.0,,
Positive rudder,NOTE1,internal,varID,CNBFLR0,,0.0,,
Positive rudder,NOTE1,internal,varID,CNBFLR1,,0.0,,
Positive rudder,NOTE1,internal,varID,CNBFLR2,,0.0,,
Positive rudder,NOTE1,internal,varID,CNBFLR3,,0.0,,
Positive rudder,NOTE1,internal,varID,CNBFLR,,-0.0,,
Positive rudder,NOTE1,internal,varID,CLBFUL0,,0.0,,
Positive rudder,NOTE1,internal,varID,CLBFUL1,,0.0,,
Positive rudder,NOTE1,internal,varID,CLBFUL2,,0.0,,
Positive rudder,NOTE1,internal,varID,CLBFUL3,,0.0,,
Positive rudder,NOTE1,internal,varID,CLBFUL,,0.0,,
Positive rudder,NOTE1,internal,varID,CDBFUL0,,0.0,,
Positive rudder,NOTE1,internal,varID,CDBFUL1,,0.0,,
Positive rudder,NOTE1,internal,varID,CDBFUL2,,0.0,,
Positive rudder,NOTE1,internal,varID,CDBFUL3,,0.0,,
Positive rudder,NOTE1,internal,varID,CDBFUL,,0.0,,
Positive rudder,NOTE1,internal,varID,CMBFUL0,,0.0,,
Positive rudder,NOTE1,internal,varID,CMBFUL1,,0.0,,
Positive rudder,NOTE1,internal,varID,CMBFUL2,,0.0,,
Positive rudder,NOTE1,internal,varID,CMBFUL3,,0.0,,
Positive rudder,NOTE1,internal,varID,CMBFUL,,0.0,,
Positive rudder,NOTE1,internal,varID,CYBFUL0,,0.0,,
Positive rudder,NOTE1,internal,varID,CYBFUL1,,0.0,,
Positive rudder,NOTE1,internal,varID,CYBFUL2,,0.0,,
Positive rudder,NOTE1,internal,varID,CYBFUL3,,0.0,,
Positive rudder,NOTE1,internal,varID,CYBFUL,,0.0,,
Positive rudder,NOTE1,internal,varID,CRBFUL0,,0.0,,
Positive rudder,NOTE1,internal,varID,CRBFUL1,,0.0,,
Positive rudder,NOTE1,internal,varID,CRBFUL2,,0.0,,
Positive rudder,NOTE1,internal,varID,CRBFUL3,,0.0,,
Positive rudder,NOTE1,internal,varID,CRBFUL,,0.0,,
Positive rudder,NOTE1,internal,varID,CNBFUL0,,0.0,,
Positive rudder,NOTE1,internal,varID,CNBFUL1,,0.0,,
Positive rudder,NOTE1,internal,varID,CNBFUL2,,0.0,,
Positive rudder,NOTE1,internal,varID,CNBFUL3,,0.0,,
Positive rudder,NOTE1,internal,varID,CNBFUL,,0.0,,
Positive rudder,NOTE1,internal,varID,CLBFUR0,,0.0,,
Positive rudder,NOTE1,internal,varID,CLBFUR1,,0.0,,
Positive rudder,NOTE1,internal,varID,CLBFUR2,,0.0,,
Positive rudder,NOTE1,internal,varID,CLBFUR3,,0.0,,
Positive rudder,NOTE1,internal,varID,CLBFUR,,0.0,,
Positive rudder,NOTE1,internal,varID,CDBFUR0,,0.0,,
Positive rudder,NOTE1,internal,varID,CDBFUR1,,0.0,,
Positive rudder,NOTE1,internal,varID,CDBFUR2,,0.0,,
Positive rudder,NOTE1,internal,varID,CDBFUR3,,0.0,,
Positive rudder,NOTE1,internal,varID,CDBFUR,,0.0,,
Positive rudder,NOTE1,internal,varID,CMBFUR0,,0.0,,
Positive rudder,NOTE1,internal,varID,CMBFUR1,,0.0,,
Positive rudder,NOTE1,internal,varID,CMBFUR2,,0.0,,
Positive rudder,NOTE1,internal,varID,CMBFUR3,,0.0,,
Positive rudder,NOTE1,internal,varID,CMBFUR,,0.0,,
Positive rudder,NOTE1,internal,varID,CYBFUR0,,0.0,,
Positive rudder,NOTE1,internal,varID,CYBFUR1,,0.0,,
Positive rudder,NOTE1,internal,varID,CYBFUR2,,0.0,,
Positive rudder,NOTE1,internal,varID,CYBFUR3,,0.0,,
Positive rudder,NOTE1,internal,varID,CYBFUR,,-0.0,,
Positive rudder,NOTE1,internal,varID,CRBFUR0,,0.0,,
Positive rudder,NOTE1,internal,varID,CRBFUR1,,0.0,,
Positive rudder,NOTE1,internal,varID,CRBFUR2,,0.0,,
Positive rudder,NOTE1,internal,varID,CRBFUR3,,0.0,,
Positive rudder,NOTE1,internal,varID,CRBFUR,,-0.0,,
Positive rudder,NOTE1,internal,varID,CNBFUR0,,0.0,,
Positive rudder,NOTE1,internal,varID,CNBFUR1,,0.0,,
Positive rudder,NOTE1,internal,varID,CNBFUR2,,0.0,,
Positive rudder,NOTE1,internal,varID,CNBFUR3,,0.0,,
Positive rudder,NOTE1,internal,varID,CNBFUR,,-0.0,,
Positive rudder,NOTE1,internal,varID,CLWFL0,,0.0,,
Positive rudder,NOTE1,internal,varID,CLWFL1,,0.0,,
Positive rudder,NOTE1,internal,varID,CLWFL2,,0.0,,
Positive rudder,NOTE1,internal,varID,CLWFL3,,0.0,,
Positive rudder,NOTE1,internal,varID,CLWFL,,0.0,,
Positive rudder,NOTE1,internal,varID,CDWFL0,,0.0,,
Positive rudder,NOTE1,internal,varID,CDWFL1,,0.0,,
Positive rudder,NOTE1,internal,varID,CDWFL2,,0.0,,
Positive rudder,NOTE1,internal,varID,CDWFL3,,0.0,,
Positive rudder,NOTE1,internal,varID,CDWFL,,0.0,,
Positive rudder,NOTE1,internal,varID,CMWFL0,,0.0,,
Positive rudder,NOTE1,internal,varID,CMWFL1,,0.0,,
Positive rudder,NOTE1,internal,varID,CMWFL2,,0.0,,
Positive rudder,NOTE1,internal,varID,CMWFL3,,0.0,,
Positive rudder,NOTE1,internal,varID,CMWFL,,0.0,,
Positive rudder,NOTE1,internal,varID,CYWFL0,,0.0,,
Positive rudder,NOTE1,internal,varID,CYWFL1,,0.0,,
Positive rudder,NOTE1,internal,varID,CYWFL2,,0.0,,
Positive rudder,NOTE1,internal,varID,CYWFL3,,0.0,,
Positive rudder,NOTE1,internal,varID,CYWFL,,0.0,,
Positive rudder,NOTE1,internal,varID,CRWFL0,,0.0,,
Positive rudder,NOTE1,internal,varID,CRWFL1,,0.0,,
Positive rudder,NOTE1,internal,varID,CRWFL2,,0.0,,
Positive rudder,NOTE1,internal,varID,CRWFL3,,0.0,,
Positive rudder,NOTE1,internal,varID,CRWFL,,0.0,,
Positive rudder,NOTE1,internal,varID,CNWFL0,,0.0,,
Positive rudder,NOTE1,internal,varID,CNWFL1,,0.0,,
Positive rudder,NOTE1,internal,varID,CNWFL2,,0.0,,
Positive rudder,NOTE1,internal,varID,CNWFL3,,0.0,,
Positive rudder,NOTE1,internal,varID,CNWFL,,0.0,,
Positive rudder,NOTE1,internal,varID,CLWFR0,,0.0,,
Positive rudder,NOTE1,internal,varID,CLWFR1,,0.0,,
Positive rudder,NOTE1,internal,varID,CLWFR2,,0.0,,
Positive rudder,NOTE1,internal,varID,CLWFR3,,0.0,,
Positive rudder,NOTE1,internal,varID,CLWFR,,0.0,,
Positive rudder,NOTE1,internal,varID,CDWFR0,,0.0,,
Positive rudder,NOTE1,internal,varID,CDWFR1,,0.0,,
Positive rudder,NOTE1,internal,varID,CDWFR2,,0.0,,
Positive rudder,NOTE1,internal,varID,CDWFR3,,0.0,,
Positive rudder,NOTE1,internal,varID,CDWFR,,0.0,,
Positive rudder,NOTE1,internal,varID,CMWFR0,,0.0,,
Positive rudder,NOTE1,internal,varID,CMWFR1,,0.0,,
Positive rudder,NOTE1,internal,varID,CMWFR2,,0.0,,
Positive rudder,NOTE1,internal,varID,CMWFR3,,0.0,,
Positive rudder,NOTE1,internal,varID,CMWFR,,0.0,,
Positive rudder,NOTE1,internal,varID,CYWFR0,,0.0,,
Positive rudder,NOTE1,internal,varID,CYWFR1,,0.0,,
Positive rudder,NOTE1,internal,varID,CYWFR2,,0.0,,
Positive rudder,NOTE1,internal,varID,CYWFR3,,0.0,,
Positive rudder,NOTE1,internal,varID,CYWFR,,-0.0,,
Positive rudder,NOTE1,internal,varID,CRWFR0,,0.0,,
Positive rudder,NOTE1,internal,varID,CRWFR1,,0.0,,
Positive rudder,NOTE1,internal,varID,CRWFR2,,0.0,,
Positive rudder,NOTE1,internal,varID,CRWFR3,,0.0,,
Positive rudder,NOTE1,internal,varID,CRWFR,,-0.0,,
Positive rudder,NOTE1,internal,varID,CNWFR0,,0.0,,
Positive rudder,NOTE1,internal,varID,CNWFR1,,0.0,,
Positive rudder,NOTE1,internal,varID,CNWFR2,,0.0,,
Positive rudder,NOTE1,internal,varID,CNWFR3,,0.0,,
Positive rudder,NOTE1,internal,varID,CNWFR,,-0.0,,
Positive rudder,NOTE1,internal,varID,CLLG0,,0.0,,
Positive rudder,NOTE1,internal,varID,CLLG1,,0.0,,
Positive rudder,NOTE1,internal,varID,CLLG2,,0.0,,
Positive rudder,NOTE1,internal,varID,CLLG3,,0.0,,
Positive rudder,NOTE1,internal,varID,CLLG,,0.0,,
Positive rudder,NOTE1,internal,varID,CDLG0,,0.0,,
Positive rudder,NOTE1,internal,varID,CDLG1,,0.0,,
Positive rudder,NOTE1,internal,varID,CDLG2,,0.0,,
Positive rudder,NOTE1,internal,varID,CDLG3,,0.0,,
Positive rudder,NOTE1,internal,varID,CDLG,,0.0,,
Positive rudder,NOTE1,internal,varID,CMLG0,,0.0,,
Positive rudder,NOTE1,internal,varID,CMLG1,,0.0,,
Positive rudder,NOTE1,internal,varID,CMLG2,,0.0,,
Positive rudder,NOTE1,internal,varID,CMLG3,,0.0,,
Positive rudder,NOTE1,internal,varID,CMLG,,0.0,,
Positive rudder,NOTE1,internal,varID,CYLG0,,0.0,,
Positive rudder,NOTE1,internal,varID,CYLG1,,0.0,,
Positive rudder,NOTE1,internal,varID,CYLG2,,0.0,,
Positive rudder,NOTE1,internal,varID,CYLG3,,0.0,,
Positive rudder,NOTE1,internal,varID,CYLG,,0.0,,
Positive rudder,NOTE1,internal,varID,CRLG0,,0.0,,
Positive rudder,NOTE1,internal,varID,CRLG1,,0.0,,
Positive rudder,NOTE1,internal,varID,CRLG2,,0.0,,
Positive rudder,NOTE1,internal,varID,CRLG3,,0.0,,
Positive rudder,NOTE1,internal,varID,CRLG,,0.0,,
Positive rudder,NOTE1,internal,varID,CNLG0,,0.0,,
Positive rudder,NOTE1,internal,varID,CNLG1,,0.0,,
Positive rudder,NOTE1,internal,varID,CNLG2,,0.0,,
Positive rudder,NOTE1,internal,varID,CNLG3,,0.0,,
Positive rudder,NOTE1,internal,varID,CNLG,,0.0,,
Positive rudder,NOTE1,internal,varID,CLGE0,,0.0,,
Positive rudder,NOTE1,internal,varID,CLGE1,,0.0,,
Positive rudder,NOTE1,internal,varID,CLGE2,,0.0,,
Positive rudder,NOTE1,internal,varID,CLGE3,,0.0,,
Positive rudder,NOTE1,internal,varID,CLGE,,0.0,,
Positive rudder,NOTE1,internal,varID,CDGE0,,0.0,,
Positive rudder,NOTE1,internal,varID,CDGE1,,0.0,,
Positive rudder,NOTE1,internal,varID,CDGE2,,0.0,,
Positive rudder,NOTE1,internal,varID,CDGE3,,0.0,,
Positive rudder,NOTE1,internal,varID,CDGE,,0.0,,
Positive rudder,NOTE1,internal,varID,CMGE0,,0.0,,
Positive rudder,NOTE1,internal,varID,CMGE1,,0.0,,
Positive rudder,NOTE1,internal,varID,CMGE2,,0.0,,
Positive rudder,NOTE1,internal,varID,CMGE3,,0.0,,
Positive rudder,NOTE1,internal,varID,CMGE,,0.0,,
Positive rudder,NOTE1,internal,varID,CYGE0,,0.0,,
Positive rudder,NOTE1,internal,varID,CYGE1,,0.0,,
Positive rudder,NOTE1,internal,varID,CYGE2,,0.0,,
Positive rudder,NOTE1,internal,varID,CYGE3,,0.0,,
Positive rudder,NOTE1,internal,varID,CYGE,,0.0,,
Positive rudder,NOTE1,internal,varID,CRGE0,,0.0,,
Positive rudder,NOTE1,internal,varID,CRGE1,,0.0,,
Positive rudder,NOTE1,internal,varID,CRGE2,,0.0,,
Positive rudder,NOTE1,internal,varID,CRGE3,,0.0,,
Positive rudder,NOTE1,internal,varID,CRGE,,0.0,,
Positive rudder,NOTE1,internal,varID,CNGE0,,0.0,,
Positive rudder,NOTE1,internal,varID,CNGE1,,0.0,,
Positive rudder,NOTE1,internal,varID,CNGE2,,0.0,,
Positive rudder,NOTE1,internal,varID,CNGE3,,0.0,,
Positive rudder,NOTE1,internal,varID,CNGE,,0.0,,
Positive rudder,NOTE1,internal,varID,sCYRUD,,0.046877939351932005,,
Positive rudder,NOTE1,internal,varID,sCRRUD,,0.00321748082421356,,
Positive rudder,NOTE1,internal,varID,sCNRUD,,-0.027199576609793066,,
Positive rudder,NOTE1,internal,varID,CMQ,,-0.155988326714,,
Positive rudder,NOTE1,internal,varID,CNP,,0.24752343178,,
Positive rudder,NOTE1,internal,varID,CNR,,-0.8981111534383,,
Positive rudder,NOTE1,internal,varID,CLP,,-0.506429680738,,
Positive rudder,NOTE1,internal,varID,CLR,,0.72926521693,,
Positive rudder,NOTE1,internal,varID,CL,,0.3562842518347928,,
Positive rudder,NOTE1,internal,varID,CD,,0.10392473312409654,,
Positive rudder,NOTE1,internal,varID,CM,,-0.005869389279220312,,
Positive rudder,NOTE1,internal,varID,CY,,0.046877939351932005,,
Positive rudder,NOTE1,internal,varID,CN,,-0.027199576609793066,,
Positive rudder,NOTE1,internal,varID,CR,,0.00321748082421356,,
Positive rudder,NOTE1,output,signalName,referenceWingChord,f,28.24,1e-06,
Positive rudder,NOTE1,output,signalName,referenceWingSpan,f,13.89,1e-06,
Positive rudder,NOTE1,output,signalName,referenceWingArea,f2,286.45,1e-06,
Positive rudder,NOTE1,output,signalName,vrsPositionOfMrc_X,fracMAC,0.54,1e-06,
Positive rudder,NOTE1,output,signalName,totalCoefficientOfLift,nd,0.35628426075,1e-06,
Positive rudder,NOTE1,output,signalName,totalCoefficientOfDrag,nd,0.103924736381,1e-06,
Positive rudder,NOTE1,output,signalName,aeroBodyForceCoefficient_Y,nd,0.046877939254,1e-06,
Positive rudder,NOTE1,output,signalName,aeroBodyMomentCoefficient_Roll,nd,0.003217480611,1e-06,
Positive rudder,NOTE1,output,signalName,aeroBodyMomentCoefficient_Pitch,nd,-0.005869387183,1e-06,
Positive rudder,NOTE1,output,signalName,aeroBodyMomentCoefficient_Yaw,nd,-0.02719957754,1e-06,
Landing gear half ext.,NOTE1,input,signalName,angleOfAttack,deg,10.3,,
Landing gear half ext.,NOTE1,input,signalName,angleOfSideslip,deg,0.0,,
Landing gear half ext.,NOTE1,input,signalName,mach,nd,0.8,,
Landing gear half ext.,NOTE1,input,signalName,trueAirspeed,f_s,240.0,,
Landing gear half ext.,NOTE1,input,signalName,heightOfCgWrtRwy,f,20000.0,,
Landing gear half ext.,NOTE1,input,signalName,bodyAngularRate_Roll,rad_s,0.0,,
Landing gear half ext.,NOTE1,input,signalName,bodyAngularRate_Pitch,rad_s,0.0,,
Landing gear half ext.,NOTE1,input,signalName,bodyAngularRate_Yaw,rad_s,0.0,,
Landing gear half ext.,NOTE1,input,signalName,upperLeftBodyFlapDeflection,deg,0.0,,
Landing gear half ext.,NOTE1,input,signalName,upperRightBodyFlapDeflection,deg,0.0,,
Landing gear half ext.,NOTE1,input,signalName,lowerLeftBodyFlapDeflection,deg,0.0,,
Landing gear half ext.,NOTE1,input,signalName,lowerRightBodyFlapDeflection,deg,0.0,,
Landing gear half ext.,NOTE1,input,signalName,leftWingFlapDeflection,deg,0.0,,
Landing gear half ext.,NOTE1,input,signalName,rightWingFlapDeflection,deg,0.0,,
Landing gear half ext.,NOTE1,input,signalName,rudderDeflection,deg,0.0,,
Landing gear half ext.,NOTE1,input,signalName,landingGearExtension,deg,45.0,,
Landing gear half ext.,NOTE1,internal,varID,ALP,,10.3,,
Landing gear half ext.,NOTE1,internal,varID,BETA,,0.0,,
Landing gear half ext.,NOTE1,internal,varID,XMACH,,0.8,,
Landing gear half ext.,NOTE1,internal,varID,PB,,0.0,,
Landing gear half ext.,NOTE1,internal,varID,QB,,0.0,,
Landing gear half ext.,NOTE1,internal,varID,RB,,0.0,,
Landing gear half ext.,NOTE1,internal,varID,VRW,,240.0,,
Landing gear half ext.,NOTE1,internal,varID,H_rwy,,20000.0,,
Landing gear half ext.,NOTE1,internal,varID,DBFUL,,0.0,,
Landing gear half ext.,NOTE1,internal,varID,DBFUR,,0.0,,
Landing gear half ext.,NOTE1,internal,varID,DBFLL,,0.0,,
Landing gear half ext.,NOTE1,internal,varID,DBFLR,,0.0,,
Landing gear half ext.,NOTE1,internal,varID,DWFL,,0.0,,
Landing gear half ext.,NOTE1,internal,varID,DWFR,,0.0,,
Landing gear half ext.,NOTE1,internal,varID,DRUD,,0.0,,
Landing gear half ext.,NOTE1,internal,varID,DLG,,45.0,,
Landing gear half ext.,NOTE1,internal,varID,CBAR,,28.24,,
Landing gear half ext.,NOTE1,internal,varID,BSPAN,,13.89,,
Landing gear half ext.,NOTE1,internal,varID,SWING,,286.45,,
Landing gear half ext.,NOTE1,internal,varID,XRP,,0.54,,
Landing gear half ext.,NOTE1,internal,varID,CMQ0,,-0.22364,,
Landing gear half ext.,NOTE1,internal,varID,CMQ1,,0.020457,,
Landing gear half ext.,NOTE1,internal,varID,CMQ2,,-0.0016741,,
Landing gear half ext.,NOTE1,internal,varID,CMQ3,,3.1618e-05,,
Landing gear half ext.,NOTE1,internal,varID,CNP0,,0.40031,,
Landing gear half ext.,NOTE1,internal,varID,CNP1,,-0.015518,,
Landing gear half ext.,NOTE1,internal,varID,CNP2,,-0.00012143,,
Landing gear half ext.,NOTE1,internal,varID,CNP3,,1.824e-05,,
Landing gear half ext.,NOTE1,internal,varID,CNR0,,-0.79533,,
Landing gear half ext.,NOTE1,internal,varID,CNR1,,-0.012647,,
Landing gear half ext.,NOTE1,internal,varID,CNR2,,0.00032696,,
Landing gear half ext.,NOTE1,internal,varID,CNR3,,-6.5929e-06,,
Landing gear half ext.,NOTE1,internal,varID,CLP0,,-0.55242,,
Landing gear half ext.,NOTE1,internal,varID,CLP1,,0.014478,,
Landing gear half ext.,NOTE1,internal,varID,CLP2,,-0.0011545,,
Landing gear half ext.,NOTE1,internal,varID,CLP3,,1.7706e-05,,
Landing gear half ext.,NOTE1,internal,varID,CLR0,,0.44685,,
Landing gear half ext.,NOTE1,internal,varID,CLR1,,0.067411,,
Landing gear half ext.,NOTE1,internal,varID,CLR2,,-0.0051866,,
Landing gear half ext.,NOTE1,internal,varID,CLR3,,0.00012659,,
Landing gear half ext.,NOTE1,internal,varID,abs_rud,,0.0,,
Landing gear half ext.,NOTE1,internal,varID,HOB,,1439.8848092152627,,
Landing gear half ext.,NOTE1,internal,varID,PBO2V,,0.0,,
Landing gear half ext.,NOTE1,internal,varID,QCO2V,,0.0,,
Landing gear half ext.,NOTE1,internal,varID,RBO2V,,0.0,,
Landing gear half ext.,NOTE1,internal,varID,CL0A0,,-0.073425,,
Landing gear half ext.,NOTE1,internal,varID,CL0A1,,0.043347,,
Landing gear half ext.,NOTE1,internal,varID,CL0A2,,0.00012122,,
Landing gear half ext.,NOTE1,internal,varID,CL0A3,,-1.5927e-05,,
Landing gear half ext.,NOTE1,internal,varID,CL0,,0.368505466871,,
Landing gear half ext.,NOTE1,internal,varID,CD0A0,,0.060114,,
Landing gear half ext.,NOTE1,internal,varID,CD0A1,,-0.002439,,
Landing gear half ext.,NOTE1,internal,varID,CD0A2,,0.00080564,,
Landing gear half ext.,NOTE1,internal,varID,CD0A3,,-8.387e-06,,
Landing gear half ext.,NOTE1,internal,varID,CD0,,0.11129794625100001,,
Landing gear half ext.,NOTE1,internal,varID,CM0A0,,0.025129,,
Landing gear half ext.,NOTE1,internal,varID,CM0A1,,-0.0030512,,
Landing gear half ext.,NOTE1,internal,varID,CM0A2,,-4.8533e-05,,
Landing gear half ext.,NOTE1,internal,varID,CM0A3,,4.6453e-06,,
Landing gear half ext.,NOTE1,internal,varID,CM0,,-0.006371181236900003,,
Landing gear half ext.,NOTE1,internal,varID,CY0A0,,-0.013313,,
Landing gear half ext.,NOTE1,internal,varID,CY0A1,,-0.00013917,,
Landing gear half ext.,NOTE1,internal,varID,CY0A2,,1.604e-05,,
Landing gear half ext.,NOTE1,internal,varID,CY0A3,,-1.4751e-07,,
Landing gear half ext.,NOTE1,internal,varID,CYB,,-0.013205955559770001,,
Landing gear half ext.,NOTE1,internal,varID,CR0A0,,-0.0063969,,
Landing gear half ext.,NOTE1,internal,varID,CR0A1,,-0.00049202,,
Landing gear half ext.,NOTE1,internal,varID,CR0A2,,2.8527e-05,,
Landing gear half ext.,NOTE1,internal,varID,CR0A3,,-3.0272e-07,,
Landing gear half ext.,NOTE1,internal,varID,CRB,,-0.008769066887439999,,
Landing gear half ext.,NOTE1,internal,varID,CN0A0,,0.0030814,,
Landing gear half ext.,NOTE1,internal,varID,CN0A1,,0.00011705,,
Landing gear half ext.,NOTE1,internal,varID,CN0A2,,-2.2768e-06,,
Landing gear half ext.,NOTE1,internal,varID,CN0A3,,-2.9912e-07,,
Landing gear half ext.,NOTE1,internal,varID,CNB,,0.00371861278776,,
Landing gear half ext.,NOTE1,internal,varID,CLRUD0,,0.0,,
Landing gear half ext.,NOTE1,internal,varID,CLRUD1,,0.0,,
Landing gear half ext.,NOTE1,internal,varID,CLRUD2,,0.0,,
Landing gear half ext.,NOTE1,internal,varID,CLRUD3,,0.0,,
Landing gear half ext.,NOTE1,internal,varID,CLRUD,,0.0,,
Landing gear half ext.,NOTE1,internal,varID,CDRUD0,,0.0,,
Landing gear half ext.,NOTE1,internal,varID,CDRUD1,,0.0,,
Landing gear half ext.,NOTE1,internal,varID,CDRUD2,,0.0,,
Landing gear half ext.,NOTE1,internal,varID,CDRUD3,,0.0,,
Landing gear half ext.,NOTE1,internal,varID,CDRUD,,0.0,,
Landing gear half ext.,NOTE1,internal,varID,CMRUD0,,0.0,,
Landing gear half ext.,NOTE1,internal,varID,CMRUD1,,0.0,,
Landing gear half ext.,NOTE1,internal,varID,CMRUD2,,0.0,,
Landing gear half ext.,NOTE1,internal,varID,CMRUD3,,0.0,,
Landing gear half ext.,NOTE1,internal,varID,CMRUD,,0.0,,
Landing gear half ext.,NOTE1,internal,varID,CYRUD0,,0.0,,
Landing gear half ext.,NOTE1,internal,varID,CYRUD1,,0.0,,
Landing gear half ext.,NOTE1,internal,varID,CYRUD2,,0.0,,
Landing gear half ext.,NOTE1,internal,varID,CYRUD3,,0.0,,
Landing gear half ext.,NOTE1,internal,varID,CYRUD,,0.0,,
Landing gear half ext.,NOTE1,internal,varID,CRRUD0,,0.0,,
Landing gear half ext.,NOTE1,internal,varID,CRRUD1,,0.0,,
Landing gear half ext.,NOTE1,internal,varID,CRRUD2,,0.0,,
Landing gear half ext.,NOTE1,internal,varID,CRRUD3,,0.0,,
Landing gear half ext.,NOTE1,internal,varID,CRRUD,,0.0,,
Landing gear half ext.,NOTE1,internal,varID,CNRUD0,,0.0,,
Landing gear half ext.,NOTE1,internal,varID,CNRUD1,,0.0,,
Landing gear half ext.,NOTE1,internal,varID,CNRUD2,,0.0,,
Landing gear half ext.,NOTE1,internal,varID,CNRUD3,,0.0,,
Landing gear half ext.,NOTE1,internal,varID,CNRUD,,0.0,,
Landing gear half ext.,NOTE1,internal,varID,CLBFLL0,,0.0,,
Landing gear half ext.,NOTE1,internal,varID,CLBFLL1,,0.0,,
Landing gear half ext.,NOTE1,internal,varID,CLBFLL2,,0.0,,
Landing gear half ext.,NOTE1,internal,varID,CLBFLL3,,0.0,,
Landing gear half ext.,NOTE1,internal,varID,CLBFLL,,0.0,,
Landing gear half ext.,NOTE1,internal,varID,CDBFLL0,,0.0,,
Landing gear half ext.,NOTE1,internal,varID,CDBFLL1,,0.0,,
Landing gear half ext.,NOTE1,internal,varID,CDBFLL2,,0.0,,
Landing gear half ext.,NOTE1,internal,varID,CDBFLL3,,0.0,,
Landing gear half ext.,NOTE1,internal,varID,CDBFLL,,0.0,,
Landing gear half ext.,NOTE1,internal,varID,CMBFLL0,,0.0,,
Landing gear half ext.,NOTE1,internal,varID,CMBFLL1,,0.0,,
Landing gear half ext.,NOTE1,internal,varID,CMBFLL2,,0.0,,
Landing gear half ext.,NOTE1,internal,varID,CMBFLL3,,0.0,,
Landing gear half ext.,NOTE1,internal,varID,CMBFLL,,0.0,,
Landing gear half ext.,NOTE1,internal,varID,CYBFLL0,,0.0,,
Landing gear half ext.,NOTE1,internal,varID,CYBFLL1,,0.0,,
Landing gear half ext.,NOTE1,internal,varID,CYBFLL2,,0.0,,
Landing gear half ext.,NOTE1,internal,varID,CYBFLL3,,0.0,,
Landing gear half ext.,NOTE1,internal,varID,CYBFLL,,0.0,,
Landing gear half ext.,NOTE1,internal,varID,CRBFLL0,,0.0,,
Landing gear half ext.,NOTE1,internal,varID,CRBFLL1,,0.0,,
Landing gear half ext.,NOTE1,internal,varID,CRBFLL2,,0.0,,
Landing gear half ext.,NOTE1,internal,varID,CRBFLL3,,0.0,,
Landing gear half ext.,NOTE1,internal,varID,CRBFLL,,0.0,,
Landing gear half ext.,NOTE1,internal,varID,CNBFLL0,,0.0,,
Landing gear half ext.,NOTE1,internal,varID,CNBFLL1,,0.0,,
Landing gear half ext.,NOTE1,internal,varID,CNBFLL2,,0.0,,
Landing gear half ext.,NOTE1,internal,varID,CNBFLL3,,0.0,,
Landing gear half ext.,NOTE1,internal,varID,CNBFLL,,0.0,,
Landing gear half ext.,NOTE1,internal,varID,CLBFLR0,,0.0,,
Landing gear half ext.,NOTE1,internal,varID,CLBFLR1,,0.0,,
Landing gear half ext.,NOTE1,internal,varID,CLBFLR2,,0.0,,
Landing gear half ext.,NOTE1,internal,varID,CLBFLR3,,0.0,,
Landing gear half ext.,NOTE1,internal,varID,CLBFLR,,0.0,,
Landing gear half ext.,NOTE1,internal,varID,CDBFLR0,,0.0,,
Landing gear half ext.,NOTE1,internal,varID,CDBFLR1,,0.0,,
Landing gear half ext.,NOTE1,internal,varID,CDBFLR2,,0.0,,
Landing gear half ext.,NOTE1,internal,varID,CDBFLR3,,0.0,,
Landing gear half ext.,NOTE1,internal,varID,CDBFLR,,0.0,,
Landing gear half ext.,NOTE1,internal,varID,CMBFLR0,,0.0,,
Landing gear half ext.,NOTE1,internal,varID,CMBFLR1,,0.0,,
Landing gear half ext.,NOTE1,internal,varID,CMBFLR2,,0.0,,
Landing gear half ext.,NOTE1,internal,varID,CMBFLR3,,0.0,,
Landing gear half ext.,NOTE1,internal,varID,CMBFLR,,0.0,,
Landing gear half ext.,NOTE1,internal,varID,CYBFLR0,,0.0,,
Landing gear half ext.,NOTE1,internal,varID,CYBFLR1,,0.0,,
Landing gear half ext.,NOTE1,internal,varID,CYBFLR2,,0.0,,
Landing gear half ext.,NOTE1,internal,varID,CYBFLR3,,0.0,,
Landing gear half ext.,NOTE1,internal,varID,CYBFLR,,-0.0,,
Landing gear half ext.,NOTE1,internal,varID,CRBFLR0,,0.0,,
Landing gear half ext.,NOTE1,internal,varID,CRBFLR1,,0.0,,
Landing gear half ext.,NOTE1,internal,varID,CRBFLR2,,0.0,,
Landing gear half ext.,NOTE1,internal,varID,CRBFLR3,,0.0,,
Landing gear half ext.,NOTE1,internal,varID,CRBFLR,,-0.0,,
Landing gear half ext.,NOTE1,internal,varID,CNBFLR0,,0.0,,
Landing gear half ext.,NOTE1,internal,varID,CNBFLR1,,0.0,,
Landing gear half ext.,NOTE1,internal,varID,CNBFLR2,,0.0,,
Landing gear half ext.,NOTE1,internal,varID,CNBFLR3,,0.0,,
Landing gear half ext.,NOTE1,internal,varID,CNBFLR,,-0.0,,
Landing gear half ext.,NOTE1,internal,varID,CLBFUL0,,0.0,,
Landing gear half ext.,NOTE1,internal,varID,CLBFUL1,,0.0,,
Landing gear half ext.,NOTE1,internal,varID,CLBFUL2,,0.0,,
Landing gear half ext.,NOTE1,internal,varID,CLBFUL3,,0.0,,
Landing gear half ext.,NOTE1,internal,varID,CLBFUL,,0.0,,
Landing gear half ext.,NOTE1,internal,varID,CDBFUL0,,0.0,,
Landing gear half ext.,NOTE1,internal,varID,CDBFUL1,,0.0,,
Landing gear half ext.,NOTE1,internal,varID,CDBFUL2,,0.0,,
Landing gear half ext.,NOTE1,internal,varID,CDBFUL3,,0.0,,
Landing gear half ext.,NOTE1,internal,varID,CDBFUL,,0.0,,
Landing gear half ext.,NOTE1,internal,varID,CMBFUL0,,0.0,,
Landing gear half ext.,NOTE1,internal,varID,CMBFUL1,,0.0,,
Landing gear half ext.,NOTE1,internal,varID,CMBFUL2,,0.0,,
Landing gear half ext.,NOTE1,internal,varID,CMBFUL3,,0.0,,
Landing gear half ext.,NOTE1,internal,varID,CMBFUL,,0.0,,
Landing gear half ext.,NOTE1,internal,varID,CYBFUL0,,0.0,,
Landing gear half ext.,NOTE1,internal,varID,CYBFUL1,,0.0,,
Landing gear half ext.,NOTE1,internal,varID,CYBFUL2,,0.0,,
Landing gear half ext.,NOTE1,internal,varID,CYBFUL3,,0.0,,
Landing gear half ext.,NOTE1,internal,varID,CYBFUL,,0.0,,
Landing gear half ext.,NOTE1,internal,varID,CRBFUL0,,0.0,,
Landing gear half ext.,NOTE1,internal,varID,CRBFUL1,,0.0,,
Landing gear half ext.,NOTE1,internal,varID,CRBFUL2,,0.0,,
Landing gear half ext.,NOTE1,internal,varID,CRBFUL3,,0.0,,
Landing gear half ext.,NOTE1,internal,varID,CRBFUL,,0.0,,
Landing gear half ext.,NOTE1,internal,varID,CNBFUL0,,0.0,,
Landing gear half ext.,NOTE1,internal,varID,CNBFUL1,,0.0,,
Landing gear half ext.,NOTE1,internal,varID,CNBFUL2,,0.0,,
Landing gear half ext.,NOTE1,internal,varID,CNBFUL3,,0.0,,
Landing gear half ext.,NOTE1,internal,varID,CNBFUL,,0.0,,
Landing gear half ext.,NOTE1,internal,varID,CLBFUR0,,0.0,,
Landing gear half ext.,NOTE1,internal,varID,CLBFUR1,,0.0,,
Landing gear half ext.,NOTE1,internal,varID,CLBFUR2,,0.0,,
Landing gear half ext.,NOTE1,internal,varID,CLBFUR3,,0.0,,
Landing gear half ext.,NOTE1,internal,varID,CLBFUR,,0.0,,
Landing gear half ext.,NOTE1,internal,varID,CDBFUR0,,0.0,,
Landing gear half ext.,NOTE1,internal,varID,CDBFUR1,,0.0,,
Landing gear half ext.,NOTE1,internal,varID,CDBFUR2,,0.0,,
Landing gear half ext.,NOTE1,internal,varID,CDBFUR3,,0.0,,
Landing gear half ext.,NOTE1,internal,varID,CDBFUR,,0.0,,
Landing gear half ext.,NOTE1,internal,varID,CMBFUR0,,0.0,,
Landing gear half ext.,NOTE1,internal,varID,CMBFUR1,,0.0,,
Landing gear half ext.,NOTE1,internal,varID,CMBFUR2,,0.0,,
Landing gear half ext.,NOTE1,internal,varID,CMBFUR3,,0.0,,
Landing gear half ext.,NOTE1,internal,varID,CMBFUR,,0.0,,
Landing gear half ext.,NOTE1,internal,varID,CYBFUR0,,0.0,,
Landing gear half ext.,NOTE1,internal,varID,CYBFUR1,,0.0,,
Landing gear half ext.,NOTE1,internal,varID,CYBFUR2,,0.0,,
Landing gear half ext.,NOTE1,internal,varID,CYBFUR3,,0.0,,
Landing gear half ext.,NOTE1,internal,varID,CYBFUR,,-0.0,,
Landing gear half ext.,NOTE1,internal,varID,CRBFUR0,,0.0,,
Landing gear half ext.,NOTE1,internal,varID,CRBFUR1,,0.0,,
Landing gear half ext.,NOTE1,internal,varID,CRBFUR2,,0.0,,
Landing gear half ext.,NOTE1,internal,varID,CRBFUR3,,0.0,,
Landing gear half ext.,NOTE1,internal,varID,CRBFUR,,-0.0,,
Landing gear half ext.,NOTE1,internal,varID,CNBFUR0,,0.0,,
Landing gear half ext.,NOTE1,internal,varID,CNBFUR1,,0.0,,
Landing gear half ext.,NOTE1,internal,varID,CNBFUR2,,0.0,,
Landing gear half ext.,NOTE1,internal,varID,CNBFUR3,,0.0,,
Landing gear half ext.,NOTE1,internal,varID,CNBFUR,,-0.0,,
Landing gear half ext.,NOTE1,internal,varID,CLWFL0,,0.0,,
Landing gear half ext.,NOTE1,internal,varID,CLWFL1,,0.0,,
Landing gear half ext.,NOTE1,internal,varID,CLWFL2,,0.0,,
Landing gear half ext.,NOTE1,internal,varID,CLWFL3,,0.0,,
Landing gear half ext.,NOTE1,internal,varID,CLWFL,,0.0,,
Landing gear half ext.,NOTE1,internal,varID,CDWFL0,,0.0,,
Landing gear half ext.,NOTE1,internal,varID,CDWFL1,,0.0,,
Landing gear half ext.,NOTE1,internal,varID,CDWFL2,,0.0,,
Landing gear half ext.,NOTE1,internal,varID,CDWFL3,,0.0,,
Landing gear half ext.,NOTE1,internal,varID,CDWFL,,0.0,,
Landing gear half ext.,NOTE1,internal,varID,CMWFL0,,0.0,,
Landing gear half ext.,NOTE1,internal,varID,CMWFL1,,0.0,,
Landing gear half ext.,NOTE1,internal,varID,CMWFL2,,0.0,,
Landing gear half ext.,NOTE1,internal,varID,CMWFL3,,0.0,,
Landing gear half ext.,NOTE1,internal,varID,CMWFL,,0.0,,
Landing gear half ext.,NOTE1,internal,varID,CYWFL0,,0.0,,
Landing gear half ext.,NOTE1,internal,varID,CYWFL1,,0.0,,
Landing gear half ext.,NOTE1,internal,varID,CYWFL2,,0.0,,
Landing gear half ext.,NOTE1,internal,varID,CYWFL3,,0.0,,
Landing gear half ext.,NOTE1,internal,varID,CYWFL,,0.0,,
Landing gear half ext.,NOTE1,internal,varID,CRWFL0,,0.0,,
Landing gear half ext.,NOTE1,internal,varID,CRWFL1,,0.0,,
Landing gear half ext.,NOTE1,internal,varID,CRWFL2,,0.0,,
Landing gear half ext.,NOTE1,internal,varID,CRWFL3,,0.0,,
Landing gear half ext.,NOTE1,internal,varID,CRWFL,,0.0,,
Landing gear half ext.,NOTE1,internal,varID,CNWFL0,,0.0,,
Landing gear half ext.,NOTE1,internal,varID,CNWFL1,,0.0,,
Landing gear half ext.,NOTE1,internal,varID,CNWFL2,,0.0,,
Landing gear half ext.,NOTE1,internal,varID,CNWFL3,,0.0,,
Landing gear half ext.,NOTE1,internal,varID,CNWFL,,0.0,,
Landing gear half ext.,NOTE1,internal,varID,CLWFR0,,0.0,,
Landing gear half ext.,NOTE1,internal,varID,CLWFR1,,0.0,,
Landing gear half ext.,NOTE1,internal,varID,CLWFR2,,0.0,,
Landing gear half ext.,NOTE1,internal,varID,CLWFR3,,0.0,,
Landing gear half ext.,NOTE1,internal,varID,CLWFR,,0.0,,
Landing gear half ext.,NOTE1,internal,varID,CDWFR0,,0.0,,
Landing gear half ext.,NOTE1,internal,varID,CDWFR1,,0.0,,
Landing gear half ext.,NOTE1,internal,varID,CDWFR2,,0.0,,
Landing gear half ext.,NOTE1,internal,varID,CDWFR3,,0.0,,
Landing gear half ext.,NOTE1,internal,varID,CDWFR,,0.0,,
Landing gear half ext.,NOTE1,internal,varID,CMWFR0,,0.0,,
Landing gear half ext.,NOTE1,internal,varID,CMWFR1,,0.0,,
Landing gear half ext.,NOTE1,internal,varID,CMWFR2,,0.0,,
Landing gear half ext.,NOTE1,internal,varID,CMWFR3,,0.0,,
Landing gear half ext.,NOTE1,internal,varID,CMWFR,,0.0,,
Landing gear half ext.,NOTE1,internal,varID,CYWFR0,,0.0,,
Landing gear half ext.,NOTE1,internal,varID,CYWFR1,,0.0,,
Landing gear half ext.,NOTE1,internal,varID,CYWFR2,,0.0,,
Landing gear half ext.,NOTE1,internal,varID,CYWFR3,,0.0,,
Landing gear half ext.,NOTE1,internal,varID,CYWFR,,-0.0,,
Landing gear half ext.,NOTE1,internal,varID,CRWFR0,,0.0,,
Landing gear half ext.,NOTE1,internal,varID,CRWFR1,,0.0,,
Landing gear half ext.,NOTE1,internal,varID,CRWFR2,,0.0,,
Landing gear half ext.,NOTE1,internal,varID,CRWFR3,,0.0,,
Landing gear half ext.,NOTE1,internal,varID,CRWFR,,-0.0,,
Landing gear half ext.,NOTE1,internal,varID,CNWFR0,,0.0,,
Landing gear half ext.,NOTE1,internal,varID,CNWFR1,,0.0,,
Landing gear half ext.,NOTE1,internal,varID,CNWFR2,,0.0,,
Landing gear half ext.,NOTE1,internal,varID,CNWFR3,,0.0,,
Landing gear half ext.,NOTE1,internal,varID,CNWFR,,-0.0,,
Landing gear half ext.,NOTE1,internal,varID,CLLG0,,0.00074719,,
Landing gear half ext.,NOTE1,internal,varID,CLLG1,,0.00038242500000000004,,
Landing gear half ext.,NOTE1,internal,varID,CLLG2,,2.8977499999999998e-05,,
Landing gear half ext.,NOTE1,internal,varID,CLLG3,,-1.0032349999999999e-06,,
Landing gear half ext.,NOTE1,internal,varID,CLLG,,0.006664128503155001,,
Landing gear half ext.,NOTE1,internal,varID,CDLG0,,0.004069,,
Landing gear half ext.,NOTE1,internal,varID,CDLG1,,-5.068e-05,,
Landing gear half ext.,NOTE1,internal,varID,CDLG2,,2.10325e-06,,
Landing gear half ext.,NOTE1,internal,varID,CDLG3,,-2.60037e-08,,
Landing gear half ext.,NOTE1,internal,varID,CDLG,,0.0037417148474100997,,
Landing gear half ext.,NOTE1,internal,varID,CMLG0,,0.00043167,,
Landing gear half ext.,NOTE1,internal,varID,CMLG1,,-3.73235e-05,,
Landing gear half ext.,NOTE1,internal,varID,CMLG2,,-3.4024000000000002e-06,,
Landing gear half ext.,NOTE1,internal,varID,CMLG3,,1.126415e-07,,
Landing gear half ext.,NOTE1,internal,varID,CMLG,,-0.00019063625762950009,,
Landing gear half ext.,NOTE1,internal,varID,CYLG0,,-0.0026973500000000003,,
Landing gear half ext.,NOTE1,internal,varID,CYLG1,,-6.53015e-06,,
Landing gear half ext.,NOTE1,internal,varID,CYLG2,,-1.2287849999999998e-06,,
Landing gear half ext.,NOTE1,internal,varID,CYLG3,,3.8008e-08,,
Landing gear half ext.,NOTE1,internal,varID,CYLG,,-0.002853439977834,,
Landing gear half ext.,NOTE1,internal,varID,CRLG0,,0.000263785,,
Landing gear half ext.,NOTE1,internal,varID,CRLG1,,1.3194e-06,,
Landing gear half ext.,NOTE1,internal,varID,CRLG2,,-2.5140000000000004e-07,,
Landing gear half ext.,NOTE1,internal,varID,CRLG3,,6.7564e-09,,
Landing gear half ext.,NOTE1,internal,varID,CRLG,,0.0002580866947028,,
Landing gear half ext.,NOTE1,internal,varID,CNLG0,,0.0005152,,
Landing gear half ext.,NOTE1,internal,varID,CNLG1,,2.6372e-06,,
Landing gear half ext.,NOTE1,internal,varID,CNLG2,,7.553e-07,,
Landing gear half ext.,NOTE1,internal,varID,CNLG3,,-2.2640999999999997e-08,,
Landing gear half ext.,NOTE1,internal,varID,CNLG,,0.000597752504993,,
Landing gear half ext.,NOTE1,internal,varID,CLGE0,,0.0,,
Landing gear half ext.,NOTE1,internal,varID,CLGE1,,0.0,,
Landing gear half ext.,NOTE1,internal,varID,CLGE2,,0.0,,
Landing gear half ext.,NOTE1,internal,varID,CLGE3,,0.0,,
Landing gear half ext.,NOTE1,internal,varID,CLGE,,0.0,,
Landing gear half ext.,NOTE1,internal,varID,CDGE0,,0.0,,
Landing gear half ext.,NOTE1,internal,varID,CDGE1,,0.0,,
Landing gear half ext.,NOTE1,internal,varID,CDGE2,,0.0,,
Landing gear half ext.,NOTE1,internal,varID,CDGE3,,0.0,,
Landing gear half ext.,NOTE1,internal,varID,CDGE,,0.0,,
Landing gear half ext.,NOTE1,internal,varID,CMGE0,,0.0,,
Landing gear half ext.,NOTE1,internal,varID,CMGE1,,0.0,,
Landing gear half ext.,NOTE1,internal,varID,CMGE2,,0.0,,
Landing gear half ext.,NOTE1,internal,varID,CMGE3,,0.0,,
Landing gear half ext.,NOTE1,internal,varID,CMGE,,0.0,,
Landing gear half ext.,NOTE1,internal,varID,CYGE0,,0.0,,
Landing gear half ext.,NOTE1,internal,varID,CYGE1,,0.0,,
Landing gear half ext.,NOTE1,internal,varID,CYGE2,,0.0,,
Landing gear half ext.,NOTE1,internal,varID,CYGE3,,0.0,,
Landing gear half ext.,NOTE1,internal,varID,CYGE,,0.0,,
Landing gear half ext.,NOTE1,internal,varID,CRGE0,,0.0,,
Landing gear half ext.,NOTE1,internal,varID,CRGE1,,0.0,,
Landing gear half ext.,NOTE1,internal,varID,CRGE2,,0.0,,
Landing gear half ext.,NOTE1,internal,varID,CRGE3,,0.0,,
Landing gear half ext.,NOTE1,internal,varID,CRGE,,0.0,,
Landing gear half ext.,NOTE1,internal,varID,CNGE0,,0.0,,
Landing gear half ext.,NOTE1,internal,varID,CNGE1,,0.0,,
Landing gear half ext.,NOTE1,internal,varID,CNGE2,,0.0,,
Landing gear half ext.,NOTE1,internal,varID,CNGE3,,0.0,,
Landing gear half ext.,NOTE1,internal,varID,CNGE,,0.0,,
Landing gear half ext.,NOTE1,internal,varID,sCYRUD,,0.0,,
Landing gear half ext.,NOTE1,internal,varID,sCRRUD,,0.0,,
Landing gear half ext.,NOTE1,internal,varID,sCNRUD,,0.0,,
Landing gear half ext.,NOTE1,internal,varID,CMQ,,-0.155988326714,,
Landing gear half ext.,NOTE1,internal,varID,CNP,,0.24752343178,,
Landing gear half ext.,NOTE1,internal,varID,CNR,,-0.8981111534383,,
Landing gear half ext.,NOTE1,internal,varID,CLP,,-0.506429680738,,
Landing gear half ext.,NOTE1,internal,varID,CLR,,0.72926521693,,
Landing gear half ext.,NOTE1,internal,varID,CL,,0.375169595374155,,
Landing gear half ext.,NOTE1,internal,varID,CD,,0.1150396610984101,,
Landing gear half ext.,NOTE1,internal,varID,CM,,-0.0065618174945295035,,
Landing gear half ext.,NOTE1,internal,varID,CY,,0.0,,
Landing gear half ext.,NOTE1,internal,varID,CN,,0.0,,
Landing gear half ext.,NOTE1,internal,varID,CR,,0.0,,
Landing gear half ext.,NOTE1,output,signalName,referenceWingChord,f,28.24,1e-06,
Landing gear half ext.,NOTE1,output,signalName,referenceWingSpan,f,13.89,1e-06,
Landing gear half ext.,NOTE1,output,signalName,referenceWingArea,f2,286.45,1e-06,
Landing gear half ext.,NOTE1,output,signalName,vrsPositionOfMrc_X,fracMAC,0.54,1e-06,
Landing gear half ext.,NOTE1,output,signalName,totalCoefficientOfLift,nd,0.375169605017,1e-06,
Landing gear half ext.,NOTE1,output,signalName,totalCoefficientOfDrag,nd,0.115039661527,1e-06,
Landing gear half ext.,NOTE1,output,signalName,aeroBodyForceCoefficient_Y,nd,0.0,1e-06,
Landing gear half ext.,NOTE1,output,signalName,aeroBodyMomentCoefficient_Roll,nd,0.0,1e-06,
Landing gear half ext.,NOTE1,output,signalName,aeroBodyMomentCoefficient_Pitch,nd,-0.006561815739,1e-06,
Landing gear half ext.,NOTE1,output,signalName,aeroBodyMomentCoefficient_Yaw,nd,0.0,1e-06,
Landing gear ext.,NOTE1,input,signalName,angleOfAttack,deg,10.3,,
Landing gear ext.,NOTE1,input,signalName,angleOfSideslip,deg,0.0,,
Landing gear ext.,NOTE1,input,signalName,mach,nd,0.8,,
Landing gear ext.,NOTE1,input,signalName,trueAirspeed,f_s,240.0,,
Landing gear ext.,NOTE1,input,signalName,heightOfCgWrtRwy,f,20000.0,,
Landing gear ext.,NOTE1,input,signalName,bodyAngularRate_Roll,rad_s,0.0,,
Landing gear ext.,NOTE1,input,signalName,bodyAngularRate_Pitch,rad_s,0.0,,
Landing gear ext.,NOTE1,input,signalName,bodyAngularRate_Yaw,rad_s,0.0,,
Landing gear ext.,NOTE1,input,signalName,upperLeftBodyFlapDeflection,deg,0.0,,
Landing gear ext.,NOTE1,input,signalName,upperRightBodyFlapDeflection,deg,0.0,,
Landing gear ext.,NOTE1,input,signalName,lowerLeftBodyFlapDeflection,deg,0.0,,
Landing gear ext.,NOTE1,input,signalName,lowerRightBodyFlapDeflection,deg,0.0,,
Landing gear ext.,NOTE1,input,signalName,leftWingFlapDeflection,deg,0.0,,
Landing gear ext.,NOTE1,input,signalName,rightWingFlapDeflection,deg,0.0,,
Landing gear ext.,NOTE1,input,signalName,rudderDeflection,deg,0.0,,
Landing gear ext.,NOTE1,input,signalName,landingGearExtension,deg,90.0,,
Landing gear ext.,NOTE1,internal,varID,ALP,,10.3,,
Landing gear ext.,NOTE1,internal,varID,BETA,,0.0,,
Landing gear ext.,NOTE1,internal,varID,XMACH,,0.8,,
Landing gear ext.,NOTE1,internal,varID,PB,,0.0,,
Landing gear ext.,NOTE1,internal,varID,QB,,0.0,,
Landing gear ext.,NOTE1,internal,varID,RB,,0.0,,
Landing gear ext.,NOTE1,internal,varID,VRW,,240.0,,
Landing gear ext.,NOTE1,internal,varID,H_rwy,,20000.0,,
Landing gear ext.,NOTE1,internal,varID,DBFUL,,0.0,,
Landing gear ext.,NOTE1,internal,varID,DBFUR,,0.0,,
Landing gear ext.,NOTE1,internal,varID,DBFLL,,0.0,,
Landing gear ext.,NOTE1,internal,varID,DBFLR,,0.0,,
Landing gear ext.,NOTE1,internal,varID,DWFL,,0.0,,
Landing gear ext.,NOTE1,internal,varID,DWFR,,0.0,,
Landing gear ext.,NOTE1,internal,varID,DRUD,,0.0,,
Landing gear ext.,NOTE1,internal,varID,DLG,,90.0,,
Landing gear ext.,NOTE1,internal,varID,CBAR,,28.24,,
Landing gear ext.,NOTE1,internal,varID,BSPAN,,13.89,,
Landing gear ext.,NOTE1,internal,varID,SWING,,286.45,,
Landing gear ext.,NOTE1,internal,varID,XRP,,0.54,,
Landing gear ext.,NOTE1,internal,varID,CMQ0,,-0.22364,,
Landing gear ext.,NOTE1,internal,varID,CMQ1,,0.020457,,
Landing gear ext.,NOTE1,internal,varID,CMQ2,,-0.0016741,,
Landing gear ext.,NOTE1,internal,varID,CMQ3,,3.1618e-05,,
Landing gear ext.,NOTE1,internal,varID,CNP0,,0.40031,,
Landing gear ext.,NOTE1,internal,varID,CNP1,,-0.015518,,
Landing gear ext.,NOTE1,internal,varID,CNP2,,-0.00012143,,
Landing gear ext.,NOTE1,internal,varID,CNP3,,1.824e-05,,
Landing gear ext.,NOTE1,internal,varID,CNR0,,-0.79533,,
Landing gear ext.,NOTE1,internal,varID,CNR1,,-0.012647,,
Landing gear ext.,NOTE1,internal,varID,CNR2,,0.00032696,,
Landing gear ext.,NOTE1,internal,varID,CNR3,,-6.5929e-06,,
Landing gear ext.,NOTE1,internal,varID,CLP0,,-0.55242,,
Landing gear ext.,NOTE1,internal,varID,CLP1,,0.014478,,
Landing gear ext.,NOTE1,internal,varID,CLP2,,-0.0011545,,
Landing gear ext.,NOTE1,internal,varID,CLP3,,1.7706e-05,,
Landing gear ext.,NOTE1,internal,varID,CLR0,,0.44685,,
Landing gear ext.,NOTE1,internal,varID,CLR1,,0.067411,,
Landing gear ext.,NOTE1,internal,varID,CLR2,,-0.0051866,,
Landing gear ext.,NOTE1,internal,varID,CLR3,,0.00012659,,
Landing gear ext.,NOTE1,internal,varID,abs_rud,,0.0,,
Landing gear ext.,NOTE1,internal,varID,HOB,,1439.8848092152627,,
Landing gear ext.,NOTE1,internal,varID,PBO2V,,0.0,,
Landing gear ext.,NOTE1,internal,varID,QCO2V,,0.0,,
Landing gear ext.,NOTE1,internal,varID,RBO2V,,0.0,,
Landing gear ext.,NOTE1,internal,varID,CL0A0,,-0.073425,,
Landing gear ext.,NOTE1,internal,varID,CL0A1,,0.043347,,
Landing gear ext.,NOTE1,internal,varID,CL0A2,,0.00012122,,
Landing gear ext.,NOTE1,internal,varID,CL0A3,,-1.5927e-05,,
Landing gear ext.,NOTE1,internal,varID,CL0,,0.368505466871,,
Landing gear ext.,NOTE1,internal,varID,CD0A0,,0.060114,,
Landing gear ext.,NOTE1,internal,varID,CD0A1,,-0.002439,,
Landing gear ext.,NOTE1,internal,varID,CD0A2,,0.00080564,,
Landing gear ext.,NOTE1,internal,varID,CD0A3,,-8.387e-06,,
Landing gear ext.,NOTE1,internal,varID,CD0,,0.11129794625100001,,
Landing gear ext.,NOTE1,internal,varID,CM0A0,,0.025129,,
Landing gear ext.,NOTE1,internal,varID,CM0A1,,-0.0030512,,
Landing gear ext.,NOTE1,internal,varID,CM0A2,,-4.8533e-05,,
Landing gear ext.,NOTE1,internal,varID,CM0A3,,4.6453e-06,,
Landing gear ext.,NOTE1,internal,varID,CM0,,-0.006371181236900003,,
Landing gear ext.,NOTE1,internal,varID,CY0A0,,-0.013313,,
Landing gear ext.,NOTE1,internal,varID,CY0A1,,-0.00013917,,
Landing gear ext.,NOTE1,internal,varID,CY0A2,,1.604e-05,,
Landing gear ext.,NOTE1,internal,varID,CY0A3,,-1.4751e-07,,
Landing gear ext.,NOTE1,internal,varID,CYB,,-0.013205955559770001,,
Landing gear ext.,NOTE1,internal,varID,CR0A0,,-0.0063969,,
Landing gear ext.,NOTE1,internal,varID,CR0A1,,-0.00049202,,
Landing gear ext.,NOTE1,internal,varID,CR0A2,,2.8527e-05,,
Landing gear ext.,NOTE1,internal,varID,CR0A3,,-3.0272e-07,,
Landing gear ext.,NOTE1,internal,varID,CRB,,-0.008769066887439999,,
Landing gear ext.,NOTE1,internal,varID,CN0A0,,0.0030814,,
Landing gear ext.,NOTE1,internal,varID,CN0A1,,0.00011705,,
Landing gear ext.,NOTE1,internal,varID,CN0A2,,-2.2768e-06,,
Landing gear ext.,NOTE1,internal,varID,CN0A3,,-2.9912e-07,,
Landing gear ext.,NOTE1,internal,varID,CNB,,0.00371861278776,,
Landing gear ext.,NOTE1,internal,varID,CLRUD0,,0.0,,
Landing gear ext.,NOTE1,internal,varID,CLRUD1,,0.0,,
Landing gear ext.,NOTE1,internal,varID,CLRUD2,,0.0,,
Landing gear ext.,NOTE1,internal,varID,CLRUD3,,0.0,,
Landing gear ext.,NOTE1,internal,varID,CLRUD,,0.0,,
Landing gear ext.,NOTE1,internal,varID,CDRUD0,,0.0,,
Landing gear ext.,NOTE1,internal,varID,CDRUD1,,0.0,,
Landing gear ext.,NOTE1,internal,varID,CDRUD2,,0.0,,
Landing gear ext.,NOTE1,internal,varID,CDRUD3,,0.0,,
Landing gear ext.,NOTE1,internal,varID,CDRUD,,0.0,,
Landing gear ext.,NOTE1,internal,varID,CMRUD0,,0.0,,
Landing gear ext.,NOTE1,internal,varID,CMRUD1,,0.0,,
Landing gear ext.,NOTE1,internal,varID,CMRUD2,,0.0,,
Landing gear ext.,NOTE1,internal,varID,CMRUD3,,0.0,,
Landing gear ext.,NOTE1,internal,varID,CMRUD,,0.0,,
Landing gear ext.,NOTE1,internal,varID,CYRUD0,,0.0,,
Landing gear ext.,NOTE1,internal,varID,CYRUD1,,0.0,,
Landing gear ext.,NOTE1,internal,varID,CYRUD2,,0.0,,
Landing gear ext.,NOTE1,internal,varID,CYRUD3,,0.0,,
Landing gear ext.,NOTE1,internal,varID,CYRUD,,0.0,,
Landing gear ext.,NOTE1,internal,varID,CRRUD0,,0.0,,
Landing gear ext.,NOTE1,internal,varID,CRRUD1,,0.0,,
Landing gear ext.,NOTE1,internal,varID,CRRUD2,,0.0,,
Landing gear ext.,NOTE1,internal,varID,CRRUD3,,0.0,,
Landing gear ext.,NOTE1,internal,varID,CRRUD,,0.0,,
Landing gear ext.,NOTE1,internal,varID,CNRUD0,,0.0,,
Landing gear ext.,NOTE1,internal,varID,CNRUD1,,0.0,,
Landing gear ext.,NOTE1,internal,varID,CNRUD2,,0.0,,
Landing gear ext.,NOTE1,internal,varID,CNRUD3,,0.0,,
Landing gear ext.,NOTE1,internal,varID,CNRUD,,0.0,,
Landing gear ext.,NOTE1,internal,varID,CLBFLL0,,0.0,,
Landing gear ext.,NOTE1,internal,varID,CLBFLL1,,0.0,,
Landing gear ext.,NOTE1,internal,varID,CLBFLL2,,0.0,,
Landing gear ext.,NOTE1,internal,varID,CLBFLL3,,0.0,,
Landing gear ext.,NOTE1,internal,varID,CLBFLL,,0.0,,
Landing gear ext.,NOTE1,internal,varID,CDBFLL0,,0.0,,
Landing gear ext.,NOTE1,internal,varID,CDBFLL1,,0.0,,
Landing gear ext.,NOTE1,internal,varID,CDBFLL2,,0.0,,
Landing gear ext.,NOTE1,internal,varID,CDBFLL3,,0.0,,
Landing gear ext.,NOTE1,internal,varID,CDBFLL,,0.0,,
Landing gear ext.,NOTE1,internal,varID,CMBFLL0,,0.0,,
Landing gear ext.,NOTE1,internal,varID,CMBFLL1,,0.0,,
Landing gear ext.,NOTE1,internal,varID,CMBFLL2,,0.0,,
Landing gear ext.,NOTE1,internal,varID,CMBFLL3,,0.0,,
Landing gear ext.,NOTE1,internal,varID,CMBFLL,,0.0,,
Landing gear ext.,NOTE1,internal,varID,CYBFLL0,,0.0,,
Landing gear ext.,NOTE1,internal,varID,CYBFLL1,,0.0,,
Landing gear ext.,NOTE1,internal,varID,CYBFLL2,,0.0,,
Landing gear ext.,NOTE1,internal,varID,CYBFLL3,,0.0,,
Landing gear ext.,NOTE1,internal,varID,CYBFLL,,0.0,,
Landing gear ext.,NOTE1,internal,varID,CRBFLL0,,0.0,,
Landing gear ext.,NOTE1,internal,varID,CRBFLL1,,0.0,,
Landing gear ext.,NOTE1,internal,varID,CRBFLL2,,0.0,,
Landing gear ext.,NOTE1,internal,varID,CRBFLL3,,0.0,,
Landing gear ext.,NOTE1,internal,varID,CRBFLL,,0.0,,
Landing gear ext.,NOTE1,internal,varID,CNBFLL0,,0.0,,
Landing gear ext.,NOTE1,internal,varID,CNBFLL1,,0.0,,
Landing gear ext.,NOTE1,internal,varID,CNBFLL2,,0.0,,
Landing gear ext.,NOTE1,internal,varID,CNBFLL3,,0.0,,
Landing gear ext.,NOTE1,internal,varID,CNBFLL,,0.0,,
Landing gear ext.,NOTE1,internal,varID,CLBFLR0,,0.0,,
Landing gear ext.,NOTE1,internal,varID,CLBFLR1,,0.0,,
Landing gear ext.,NOTE1,internal,varID,CLBFLR2,,0.0,,
Landing gear ext.,NOTE1,internal,varID,CLBFLR3,,0.0,,
Landing gear ext.,NOTE1,internal,varID,CLBFLR,,0.0,,
Landing gear ext.,NOTE1,internal,varID,CDBFLR0,,0.0,,
Landing gear ext.,NOTE1,internal,varID,CDBFLR1,,0.0,,
Landing gear ext.,NOTE1,internal,varID,CDBFLR2,,0.0,,
Landing gear ext.,NOTE1,internal,varID,CDBFLR3,,0.0,,
Landing gear ext.,NOTE1,internal,varID,CDBFLR,,0.0,,
Landing gear ext.,NOTE1,internal,varID,CMBFLR0,,0.0,,
Landing gear ext.,NOTE1,internal,varID,CMBFLR1,,0.0,,
Landing gear ext.,NOTE1,internal,varID,CMBFLR2,,0.0,,
Landing gear ext.,NOTE1,internal,varID,CMBFLR3,,0.0,,
Landing gear ext.,NOTE1,internal,varID,CMBFLR,,0.0,,
Landing gear ext.,NOTE1,internal,varID,CYBFLR0,,0.0,,
Landing gear ext.,NOTE1,internal,varID,CYBFLR1,,0.0,,
Landing gear ext.,NOTE1,internal,varID,CYBFLR2,,0.0,,
Landing gear ext.,NOTE1,internal,varID,CYBFLR3,,0.0,,
Landing gear ext.,NOTE1,internal,varID,CYBFLR,,-0.0,,
Landing gear ext.,NOTE1,internal,varID,CRBFLR0,,0.0,,
Landing gear ext.,NOTE1,internal,varID,CRBFLR1,,0.0,,
Landing gear ext.,NOTE1,internal,varID,CRBFLR2,,0.0,,
Landing gear ext.,NOTE1,internal,varID,CRBFLR3,,0.0,,
Landing gear ext.,NOTE1,internal,varID,CRBFLR,,-0.0,,
Landing gear ext.,NOTE1,internal,varID,CNBFLR0,,0.0,,
Landing gear ext.,NOTE1,internal,varID,CNBFLR1,,0.0,,
Landing gear ext.,NOTE1,internal,varID,CNBFLR2,,0.0,,
Landing gear ext.,NOTE1,internal,varID,CNBFLR3,,0.0,,
Landing gear ext.,NOTE1,internal,varID,CNBFLR,,-0.0,,
Landing gear ext.,NOTE1,internal,varID,CLBFUL0,,0.0,,
Landing gear ext.,NOTE1,internal,varID,CLBFUL1,,0.0,,
Landing gear ext.,NOTE1,internal,varID,CLBFUL2,,0.0,,
Landing gear ext.,NOTE1,internal,varID,CLBFUL3,,0.0,,
Landing gear ext.,NOTE1,internal,varID,CLBFUL,,0.0,,
Landing gear ext.,NOTE1,internal,varID,CDBFUL0,,0.0,,
Landing gear ext.,NOTE1,internal,varID,CDBFUL1,,0.0,,
Landing gear ext.,NOTE1,internal,varID,CDBFUL2,,0.0,,
Landing gear ext.,NOTE1,internal,varID,CDBFUL3,,0.0,,
Landing gear ext.,NOTE1,internal,varID,CDBFUL,,0.0,,
Landing gear ext.,NOTE1,internal,varID,CMBFUL0,,0.0,,
Landing gear ext.,NOTE1,internal,varID,CMBFUL1,,0.0,,
Landing gear ext.,NOTE1,internal,varID,CMBFUL2,,0.0,,
Landing gear ext.,NOTE1,internal,varID,CMBFUL3,,0.0,,
Landing gear ext.,NOTE1,internal,varID,CMBFUL,,0.0,,
Landing gear ext.,NOTE1,internal,varID,CYBFUL0,,0.0,,
Landing gear ext.,NOTE1,internal,varID,CYBFUL1,,0.0,,
Landing gear ext.,NOTE1,internal,varID,CYBFUL2,,0.0,,
Landing gear ext.,NOTE1,internal,varID,CYBFUL3,,0.0,,
Landing gear ext.,NOTE1,internal,varID,CYBFUL,,0.0,,
Landing gear ext.,NOTE1,internal,varID,CRBFUL0,,0.0,,
Landing gear ext.,NOTE1,internal,varID,CRBFUL1,,0.0,,
Landing gear ext.,NOTE1,internal,varID,CRBFUL2,,0.0,,
Landing gear ext.,NOTE1,internal,varID,CRBFUL3,,0.0,,
Landing gear ext.,NOTE1,internal,varID,CRBFUL,,0.0,,
Landing gear ext.,NOTE1,internal,varID,CNBFUL0,,0.0,,
Landing gear ext.,NOTE1,internal,varID,CNBFUL1,,0.0,,
Landing gear ext.,NOTE1,internal,varID,CNBFUL2,,0.0,,
Landing gear ext.,NOTE1,internal,varID,CNBFUL3,,0.0,,
Landing gear ext.,NOTE1,internal,varID,CNBFUL,,0.0,,
Landing gear ext.,NOTE1,internal,varID,CLBFUR0,,0.0,,
Landing gear ext.,NOTE1,internal,varID,CLBFUR1,,0.0,,
Landing gear ext.,NOTE1,internal,varID,CLBFUR2,,0.0,,
Landing gear ext.,NOTE1,internal,varID,CLBFUR3,,0.0,,
Landing gear ext.,NOTE1,internal,varID,CLBFUR,,0.0,,
Landing gear ext.,NOTE1,internal,varID,CDBFUR0,,0.0,,
Landing gear ext.,NOTE1,internal,varID,CDBFUR1,,0.0,,
Landing gear ext.,NOTE1,internal,varID,CDBFUR2,,0.0,,
Landing gear ext.,NOTE1,internal,varID,CDBFUR3,,0.0,,
Landing gear ext.,NOTE1,internal,varID,CDBFUR,,0.0,,
Landing gear ext.,NOTE1,internal,varID,CMBFUR0,,0.0,,
Landing gear ext.,NOTE1,internal,varID,CMBFUR1,,0.0,,
Landing gear ext.,NOTE1,internal,varID,CMBFUR2,,0.0,,
Landing gear ext.,NOTE1,internal,varID,CMBFUR3,,0.0,,
Landing gear ext.,NOTE1,internal,varID,CMBFUR,,0.0,,
Landing gear ext.,NOTE1,internal,varID,CYBFUR0,,0.0,,
Landing gear ext.,NOTE1,internal,varID,CYBFUR1,,0.0,,
Landing gear ext.,NOTE1,internal,varID,CYBFUR2,,0.0,,
Landing gear ext.,NOTE1,internal,varID,CYBFUR3,,0.0,,
Landing gear ext.,NOTE1,internal,varID,CYBFUR,,-0.0,,
Landing gear ext.,NOTE1,internal,varID,CRBFUR0,,0.0,,
Landing gear ext.,NOTE1,internal,varID,CRBFUR1,,0.0,,
Landing gear ext.,NOTE1,internal,varID,CRBFUR2,,0.0,,
Landing gear ext.,NOTE1,internal,varID,CRBFUR3,,0.0,,
Landing gear ext.,NOTE1,internal,varID,CRBFUR,,-0.0,,
Landing gear ext.,NOTE1,internal,varID,CNBFUR0,,0.0,,
Landing gear ext.,NOTE1,internal,varID,CNBFUR1,,0.0,,
Landing gear ext.,NOTE1,internal,varID,CNBFUR2,,0.0,,
Landing gear ext.,NOTE1,internal,varID,CNBFUR3,,0.0,,
Landing gear ext.,NOTE1,internal,varID,CNBFUR,,-0.0,,
Landing gear ext.,NOTE1,internal,varID,CLWFL0,,0.0,,
Landing gear ext.,NOTE1,internal,varID,CLWFL1,,0.0,,
Landing gear ext.,NOTE1,internal,varID,CLWFL2,,0.0,,
Landing gear ext.,NOTE1,internal,varID,CLWFL3,,0.0,,
Landing gear ext.,NOTE1,internal,varID,CLWFL,,0.0,,
Landing gear ext.,NOTE1,internal,varID,CDWFL0,,0.0,,
Landing gear ext.,NOTE1,internal,varID,CDWFL1,,0.0,,
Landing gear ext.,NOTE1,internal,varID,CDWFL2,,0.0,,
Landing gear ext.,NOTE1,internal,varID,CDWFL3,,0.0,,
Landing gear ext.,NOTE1,internal,varID,CDWFL,,0.0,,
Landing gear ext.,NOTE1,internal,varID,CMWFL0,,0.0,,
Landing gear ext.,NOTE1,internal,varID,CMWFL1,,0.0,,
Landing gear ext.,NOTE1,internal,varID,CMWFL2,,0.0,,
Landing gear ext.,NOTE1,internal,varID,CMWFL3,,0.0,,
Landing gear ext.,NOTE1,internal,varID,CMWFL,,0.0,,
Landing gear ext.,NOTE1,internal,varID,CYWFL0,,0.0,,
Landing gear ext.,NOTE1,internal,varID,CYWFL1,,0.0,,
Landing gear ext.,NOTE1,internal,varID,CYWFL2,,0.0,,
Landing gear ext.,NOTE1,internal,varID,CYWFL3,,0.0,,
Landing gear ext.,NOTE1,internal,varID,CYWFL,,0.0,,
Landing gear ext.,NOTE1,internal,varID,CRWFL0,,0.0,,
Landing gear ext.,NOTE1,internal,varID,CRWFL1,,0.0,,
Landing gear ext.,NOTE1,internal,varID,CRWFL2,,0.0,,
Landing gear ext.,NOTE1,internal,varID,CRWFL3,,0.0,,
Landing gear ext.,NOTE1,internal,varID,CRWFL,,0.0,,
Landing gear ext.,NOTE1,internal,varID,CNWFL0,,0.0,,
Landing gear ext.,NOTE1,internal,varID,CNWFL1,,0.0,,
Landing gear ext.,NOTE1,internal,varID,CNWFL2,,0.0,,
Landing gear ext.,NOTE1,internal,varID,CNWFL3,,0.0,,
Landing gear ext.,NOTE1,internal,varID,CNWFL,,0.0,,
Landing gear ext.,NOTE1,internal,varID,CLWFR0,,0.0,,
Landing gear ext.,NOTE1,internal,varID,CLWFR1,,0.0,,
Landing gear ext.,NOTE1,internal,varID,CLWFR2,,0.0,,
Landing gear ext.,NOTE1,internal,varID,CLWFR3,,0.0,,
Landing gear ext.,NOTE1,internal,varID,CLWFR,,0.0,,
Landing gear ext.,NOTE1,internal,varID,CDWFR0,,0.0,,
Landing gear ext.,NOTE1,internal,varID,CDWFR1,,0.0,,
Landing gear ext.,NOTE1,internal,varID,CDWFR2,,0.0,,
Landing gear ext.,NOTE1,internal,varID,CDWFR3,,0.0,,
Landing gear ext.,NOTE1,internal,varID,CDWFR,,0.0,,
Landing gear ext.,NOTE1,internal,varID,CMWFR0,,0.0,,
Landing gear ext.,NOTE1,internal,varID,CMWFR1,,0.0,,
Landing gear ext.,NOTE1,internal,varID,CMWFR2,,0.0,,
Landing gear ext.,NOTE1,internal,varID,CMWFR3,,0.0,,
Landing gear ext.,NOTE1,internal,varID,CMWFR,,0.0,,
Landing gear ext.,NOTE1,internal,varID,CYWFR0,,0.0,,
Landing gear ext.,NOTE1,internal,varID,CYWFR1,,0.0,,
Landing gear ext.,NOTE1,internal,varID,CYWFR2,,0.0,,
Landing gear ext.,NOTE1,internal,varID,CYWFR3,,0.0,,
Landing gear ext.,NOTE1,internal,varID,CYWFR,,-0.0,,
Landing gear ext.,NOTE1,internal,varID,CRWFR0,,0.0,,
Landing gear ext.,NOTE1,internal,varID,CRWFR1,,0.0,,
Landing gear ext.,NOTE1,internal,varID,CRWFR2,,0.0,,
Landing gear ext.,NOTE1,internal,varID,CRWFR3,,0.0,,
Landing gear ext.,NOTE1,internal,varID,CRWFR,,-0.0,,
Landing gear ext.,NOTE1,internal,varID,CNWFR0,,0.0,,
Landing gear ext.,NOTE1,internal,varID,CNWFR1,,0.0,,
Landing gear ext.,NOTE1,internal,varID,CNWFR2,,0.0,,
Landing gear ext.,NOTE1,internal,varID,CNWFR3,,0.0,,
Landing gear ext.,NOTE1,internal,varID,CNWFR,,-0.0,,
Landing gear ext.,NOTE1,internal,varID,CLLG0,,0.00092976,,
Landing gear ext.,NOTE1,internal,varID,CLLG1,,0.00071877,,
Landing gear ext.,NOTE1,internal,varID,CLLG2,,5.337e-05,,
Landing gear ext.,NOTE1,internal,varID,CLLG3,,-1.8575e-06,,
Landing gear ext.,NOTE1,internal,varID,CLLG,,0.0119653738975,,
Landing gear ext.,NOTE1,internal,varID,CDLG0,,0.0060569,,
Landing gear ext.,NOTE1,internal,varID,CDLG1,,-7.3249e-05,,
Landing gear ext.,NOTE1,internal,varID,CDLG2,,6.2029e-07,,
Landing gear ext.,NOTE1,internal,varID,CDLG3,,2.8351e-08,,
Landing gear ext.,NOTE1,internal,varID,CDLG,,0.005399221769277,,
Landing gear ext.,NOTE1,internal,varID,CMLG0,,0.00069595,,
Landing gear ext.,NOTE1,internal,varID,CMLG1,,-5.174e-05,,
Landing gear ext.,NOTE1,internal,varID,CMLG2,,-4.3182e-06,,
Landing gear ext.,NOTE1,internal,varID,CMLG3,,1.4397e-07,,
Landing gear ext.,NOTE1,internal,varID,CMLG,,-0.00013776993180999997,,
Landing gear ext.,NOTE1,internal,varID,CYLG0,,-0.004857,,
Landing gear ext.,NOTE1,internal,varID,CYLG1,,-1.1288e-05,,
Landing gear ext.,NOTE1,internal,varID,CYLG2,,-2.3133e-06,,
Landing gear ext.,NOTE1,internal,varID,CYLG3,,7.1074e-08,,
Landing gear ext.,NOTE1,internal,varID,CYLG,,-0.005141019918202001,,
Landing gear ext.,NOTE1,internal,varID,CRLG0,,0.00060258,,
Landing gear ext.,NOTE1,internal,varID,CRLG1,,2.9572e-06,,
Landing gear ext.,NOTE1,internal,varID,CRLG2,,-5.1784e-07,,
Landing gear ext.,NOTE1,internal,varID,CRLG3,,1.3797e-08,,
Landing gear ext.,NOTE1,internal,varID,CRLG,,0.000593177868819,,
Landing gear ext.,NOTE1,internal,varID,CNLG0,,0.00051721,,
Landing gear ext.,NOTE1,internal,varID,CNLG1,,4.4366e-06,,
Landing gear ext.,NOTE1,internal,varID,CNLG2,,1.3916e-06,,
Landing gear ext.,NOTE1,internal,varID,CNLG3,,-4.1453e-08,,
Landing gear ext.,NOTE1,internal,varID,CNLG,,0.000665245011669,,
Landing gear ext.,NOTE1,internal,varID,CLGE0,,0.0,,
Landing gear ext.,NOTE1,internal,varID,CLGE1,,0.0,,
Landing gear ext.,NOTE1,internal,varID,CLGE2,,0.0,,
Landing gear ext.,NOTE1,internal,varID,CLGE3,,0.0,,
Landing gear ext.,NOTE1,internal,varID,CLGE,,0.0,,
Landing gear ext.,NOTE1,internal,varID,CDGE0,,0.0,,
Landing gear ext.,NOTE1,internal,varID,CDGE1,,0.0,,
Landing gear ext.,NOTE1,internal,varID,CDGE2,,0.0,,
Landing gear ext.,NOTE1,internal,varID,CDGE3,,0.0,,
Landing gear ext.,NOTE1,internal,varID,CDGE,,0.0,,
Landing gear ext.,NOTE1,internal,varID,CMGE0,,0.0,,
Landing gear ext.,NOTE1,internal,varID,CMGE1,,0.0,,
Landing gear ext.,NOTE1,internal,varID,CMGE2,,0.0,,
Landing gear ext.,NOTE1,internal,varID,CMGE3,,0.0,,
Landing gear ext.,NOTE1,internal,varID,CMGE,,0.0,,
Landing gear ext.,NOTE1,internal,varID,CYGE0,,0.0,,
Landing gear ext.,NOTE1,internal,varID,CYGE1,,0.0,,
Landing gear ext.,NOTE1,internal,varID,CYGE2,,0.0,,
Landing gear ext.,NOTE1,internal,varID,CYGE3,,0.0,,
Landing gear ext.,NOTE1,internal,varID,CYGE,,0.0,,
Landing gear ext.,NOTE1,internal,varID,CRGE0,,0.0,,
Landing gear ext.,NOTE1,internal,varID,CRGE1,,0.0,,
Landing gear ext.,NOTE1,internal,varID,CRGE2,,0.0,,
Landing gear ext.,NOTE1,internal,varID,CRGE3,,0.0,,
Landing gear ext.,NOTE1,internal,varID,CRGE,,0.0,,
Landing gear ext.,NOTE1,internal,varID,CNGE0,,0.0,,
Landing gear ext.,NOTE1,internal,varID,CNGE1,,0.0,,
Landing gear ext.,NOTE1,internal,varID,CNGE2,,0.0,,
Landing gear ext.,NOTE1,internal,varID,CNGE3,,0.0,,
Landing gear ext.,NOTE1,internal,varID,CNGE,,0.0,,
Landing gear ext.,NOTE1,internal,varID,sCYRUD,,0.0,,
Landing gear ext.,NOTE1,internal,varID,sCRRUD,,0.0,,
Landing gear ext.,NOTE1,internal,varID,sCNRUD,,0.0,,
Landing gear ext.,NOTE1,internal,varID,CMQ,,-0.155988326714,,
Landing gear ext.,NOTE1,internal,varID,CNP,,0.24752343178,,
Landing gear ext.,NOTE1,internal,varID,CNR,,-0.8981111534383,,
Landing gear ext.,NOTE1,internal,varID,CLP,,-0.506429680738,,
Landing gear ext.,NOTE1,internal,varID,CLR,,0.72926521693,,
Landing gear ext.,NOTE1,internal,varID,CL,,0.3804708407685,,
Landing gear ext.,NOTE1,internal,varID,CD,,0.116697168020277,,
Landing gear ext.,NOTE1,internal,varID,CM,,-0.006508951168710003,,
Landing gear ext.,NOTE1,internal,varID,CY,,0.0,,
Landing gear ext.,NOTE1,internal,varID,CN,,0.0,,
Landing gear ext.,NOTE1,internal,varID,CR,,0.0,,
Landing gear ext.,NOTE1,output,signalName,referenceWingChord,f,28.24,1e-06,
Landing gear ext.,NOTE1,output,signalName,referenceWingSpan,f,13.89,1e-06,
Landing gear ext.,NOTE1,output,signalName,referenceWingArea,f2,286.45,1e-06,
Landing gear ext.,NOTE1,output,signalName,vrsPositionOfMrc_X,fracMAC,0.54,1e-06,
Landing gear ext.,NOTE1,output,signalName,totalCoefficientOfLift,nd,0.380470842123,1e-06,
Landing gear ext.,NOTE1,output,signalName,totalCoefficientOfDrag,nd,0.11669716984,1e-06,
Landing gear ext.,NOTE1,output,signalName,aeroBodyForceCoefficient_Y,nd,0.0,1e-06,
Landing gear ext.,NOTE1,output,signalName,aeroBodyMomentCoefficient_Roll,nd,0.0,1e-06,
Landing gear ext.,NOTE1,output,signalName,aeroBodyMomentCoefficient_Pitch,nd,-0.006508949678,1e-06,
Landing gear ext.,NOTE1,output,signalName,aeroBodyMomentCoefficient_Yaw,nd,0.0,1e-06,
In ground effect,NOTE1,input,signalName,angleOfAttack,deg,10.3,,
In ground effect,NOTE1,input,signalName,angleOfSideslip,deg,0.0,,
In ground effect,NOTE1,input,signalName,mach,nd,0.8,,
In ground effect,NOTE1,input,signalName,trueAirspeed,f_s,240.0,,
In ground effect,NOTE1,input,signalName,heightOfCgWrtRwy,f,8.0,,
In ground effect,NOTE1,input,signalName,bodyAngularRate_Roll,rad_s,0.0,,
In ground effect,NOTE1,input,signalName,bodyAngularRate_Pitch,rad_s,0.0,,
In ground effect,NOTE1,input,signalName,bodyAngularRate_Yaw,rad_s,0.0,,
In ground effect,NOTE1,input,signalName,upperLeftBodyFlapDeflection,deg,0.0,,
In ground effect,NOTE1,input,signalName,upperRightBodyFlapDeflection,deg,0.0,,
In ground effect,NOTE1,input,signalName,lowerLeftBodyFlapDeflection,deg,0.0,,
In ground effect,NOTE1,input,signalName,lowerRightBodyFlapDeflection,deg,0.0,,
In ground effect,NOTE1,input,signalName,leftWingFlapDeflection,deg,0.0,,
In ground effect,NOTE1,input,signalName,rightWingFlapDeflection,deg,0.0,,
In ground effect,NOTE1,input,signalName,rudderDeflection,deg,0.0,,
In ground effect,NOTE1,input,signalName,landingGearExtension,deg,90.0,,
In ground effect,NOTE1,internal,varID,ALP,,10.3,,
In ground effect,NOTE1,internal,varID,BETA,,0.0,,
In ground effect,NOTE1,internal,varID,XMACH,,0.8,,
In ground effect,NOTE1,internal,varID,PB,,0.0,,
In ground effect,NOTE1,internal,varID,QB,,0.0,,
In ground effect,NOTE1,internal,varID,RB,,0.0,,
In ground effect,NOTE1,internal,varID,VRW,,240.0,,
In ground effect,NOTE1,internal,varID,H_rwy,,8.0,,
In ground effect,NOTE1,internal,varID,DBFUL,,0.0,,
In ground effect,NOTE1,internal,varID,DBFUR,,0.0,,
In ground effect,NOTE1,internal,varID,DBFLL,,0.0,,
In ground effect,NOTE1,internal,varID,DBFLR,,0.0,,
In ground effect,NOTE1,internal,varID,DWFL,,0.0,,
In ground effect,NOTE1,internal,varID,DWFR,,0.0,,
In ground effect,NOTE1,internal,varID,DRUD,,0.0,,
In ground effect,NOTE1,internal,varID,DLG,,90.0,,
In ground effect,NOTE1,internal,varID,CBAR,,28.24,,
In ground effect,NOTE1,internal,varID,BSPAN,,13.89,,
In ground effect,NOTE1,internal,varID,SWING,,286.45,,
In ground effect,NOTE1,internal,varID,XRP,,0.54,,
In ground effect,NOTE1,internal,varID,CMQ0,,-0.22364,,
In ground effect,NOTE1,internal,varID,CMQ1,,0.020457,,
In ground effect,NOTE1,internal,varID,CMQ2,,-0.0016741,,
In ground effect,NOTE1,internal,varID,CMQ3,,3.1618e-05,,
In ground effect,NOTE1,internal,varID,CNP0,,0.40031,,
In ground effect,NOTE1,internal,varID,CNP1,,-0.015518,,
In ground effect,NOTE1,internal,varID,CNP2,,-0.00012143,,
In ground effect,NOTE1,internal,varID,CNP3,,1.824e-05,,
In ground effect,NOTE1,internal,varID,CNR0,,-0.79533,,
In ground effect,NOTE1,internal,varID,CNR1,,-0.012647,,
In ground effect,NOTE1,internal,varID,CNR2,,0.00032696,,
In ground effect,NOTE1,internal,varID,CNR3,,-6.5929e-06,,
In ground effect,NOTE1,internal,varID,CLP0,,-0.55242,,
In ground effect,NOTE1,internal,varID,CLP1,,0.014478,,
In ground effect,NOTE1,internal,varID,CLP2,,-0.0011545,,
In ground effect,NOTE1,internal,varID,CLP3,,1.7706e-05,,
In ground effect,NOTE1,internal,varID,CLR0,,0.44685,,
In ground effect,NOTE1,internal,varID,CLR1,,0.067411,,
In ground effect,NOTE1,internal,varID,CLR2,,-0.0051866,,
In ground effect,NOTE1,internal,varID,CLR3,,0.00012659,,
In ground effect,NOTE1,internal,varID,abs_rud,,0.0,,
In ground effect,NOTE1,internal,varID,HOB,,0.5759539236861051,,
In ground effect,NOTE1,internal,varID,PBO2V,,0.0,,
In ground effect,NOTE1,internal,varID,QCO2V,,0.0,,
In ground effect,NOTE1,internal,varID,RBO2V,,0.0,,
In ground effect,NOTE1,internal,varID,CL0A0,,-0.073425,,
In ground effect,NOTE1,internal,varID,CL0A1,,0.043347,,
In ground effect,NOTE1,internal,varID,CL0A2,,0.00012122,,
In ground effect,NOTE1,internal,varID,CL0A3,,-1.5927e-05,,
In ground effect,NOTE1,internal,varID,CL0,,0.368505466871,,
In ground effect,NOTE1,internal,varID,CD0A0,,0.060114,,
In ground effect,NOTE1,internal,varID,CD0A1,,-0.002439,,
In ground effect,NOTE1,internal,varID,CD0A2,,0.00080564,,
In ground effect,NOTE1,internal,varID,CD0A3,,-8.387e-06,,
In ground effect,NOTE1,internal,varID,CD0,,0.11129794625100001,,
In ground effect,NOTE1,internal,varID,CM0A0,,0.025129,,
In ground effect,NOTE1,internal,varID,CM0A1,,-0.0030512,,
In ground effect,NOTE1,internal,varID,CM0A2,,-4.8533e-05,,
In ground effect,NOTE1,internal,varID,CM0A3,,4.6453e-06,,
In ground effect,NOTE1,internal,varID,CM0,,-0.006371181236900003,,
In ground effect,NOTE1,internal,varID,CY0A0,,-0.013313,,
In ground effect,NOTE1,internal,varID,CY0A1,,-0.00013917,,
In ground effect,NOTE1,internal,varID,CY0A2,,1.604e-05,,
In ground effect,NOTE1,internal,varID,CY0A3,,-1.4751e-07,,
In ground effect,NOTE1,internal,varID,CYB,,-0.013205955559770001,,
In ground effect,NOTE1,internal,varID,CR0A0,,-0.0063969,,
In ground effect,NOTE1,internal,varID,CR0A1,,-0.00049202,,
In ground effect,NOTE1,internal,varID,CR0A2,,2.8527e-05,,
In ground effect,NOTE1,internal,varID,CR0A3,,-3.0272e-07,,
In ground effect,NOTE1,internal,varID,CRB,,-0.008769066887439999,,
In ground effect,NOTE1,internal,varID,CN0A0,,0.0030814,,
In ground effect,NOTE1,internal,varID,CN0A1,,0.00011705,,
In ground effect,NOTE1,internal,varID,CN0A2,,-2.2768e-06,,
In ground effect,NOTE1,internal,varID,CN0A3,,-2.9912e-07,,
In ground effect,NOTE1,internal,varID,CNB,,0.00371861278776,,
In ground effect,NOTE1,internal,varID,CLRUD0,,0.0,,
In ground effect,NOTE1,internal,varID,CLRUD1,,0.0,,
In ground effect,NOTE1,internal,varID,CLRUD2,,0.0,,
In ground effect,NOTE1,internal,varID,CLRUD3,,0.0,,
In ground effect,NOTE1,internal,varID,CLRUD,,0.0,,
In ground effect,NOTE1,internal,varID,CDRUD0,,0.0,,
In ground effect,NOTE1,internal,varID,CDRUD1,,0.0,,
In ground effect,NOTE1,internal,varID,CDRUD2,,0.0,,
In ground effect,NOTE1,internal,varID,CDRUD3,,0.0,,
In ground effect,NOTE1,internal,varID,CDRUD,,0.0,,
In ground effect,NOTE1,internal,varID,CMRUD0,,0.0,,
In ground effect,NOTE1,internal,varID,CMRUD1,,0.0,,
In ground effect,NOTE1,internal,varID,CMRUD2,,0.0,,
In ground effect,NOTE1,internal,varID,CMRUD3,,0.0,,
In ground effect,NOTE1,internal,varID,CMRUD,,0.0,,
In ground effect,NOTE1,internal,varID,CYRUD0,,0.0,,
In ground effect,NOTE1,internal,varID,CYRUD1,,0.0,,
In ground effect,NOTE1,internal,varID,CYRUD2,,0.0,,
In ground effect,NOTE1,internal,varID,CYRUD3,,0.0,,
In ground effect,NOTE1,internal,varID,CYRUD,,0.0,,
In ground effect,NOTE1,internal,varID,CRRUD0,,0.0,,
In ground effect,NOTE1,internal,varID,CRRUD1,,0.0,,
In ground effect,NOTE1,internal,varID,CRRUD2,,0.0,,
In ground effect,NOTE1,internal,varID,CRRUD3,,0.0,,
In ground effect,NOTE1,internal,varID,CRRUD,,0.0,,
In ground effect,NOTE1,internal,varID,CNRUD0,,0.0,,
In ground effect,NOTE1,internal,varID,CNRUD1,,0.0,,
In ground effect,NOTE1,internal,varID,CNRUD2,,0.0,,
In ground effect,NOTE1,internal,varID,CNRUD3,,0.0,,
In ground effect,NOTE1,internal,varID,CNRUD,,0.0,,
In ground effect,NOTE1,internal,varID,CLBFLL0,,0.0,,
In ground effect,NOTE1,internal,varID,CLBFLL1,,0.0,,
In ground effect,NOTE1,internal,varID,CLBFLL2,,0.0,,
In ground effect,NOTE1,internal,varID,CLBFLL3,,0.0,,
In ground effect,NOTE1,internal,varID,CLBFLL,,0.0,,
In ground effect,NOTE1,internal,varID,CDBFLL0,,0.0,,
In ground effect,NOTE1,internal,varID,CDBFLL1,,0.0,,
In ground effect,NOTE1,internal,varID,CDBFLL2,,0.0,,
In ground effect,NOTE1,internal,varID,CDBFLL3,,0.0,,
In ground effect,NOTE1,internal,varID,CDBFLL,,0.0,,
In ground effect,NOTE1,internal,varID,CMBFLL0,,0.0,,
In ground effect,NOTE1,internal,varID,CMBFLL1,,0.0,,
In ground effect,NOTE1,internal,varID,CMBFLL2,,0.0,,
In ground effect,NOTE1,internal,varID,CMBFLL3,,0.0,,
In ground effect,NOTE1,internal,varID,CMBFLL,,0.0,,
In ground effect,NOTE1,internal,varID,CYBFLL0,,0.0,,
In ground effect,NOTE1,internal,varID,CYBFLL1,,0.0,,
In ground effect,NOTE1,internal,varID,CYBFLL2,,0.0,,
In ground effect,NOTE1,internal,varID,CYBFLL3,,0.0,,
In ground effect,NOTE1,internal,varID,CYBFLL,,0.0,,
In ground effect,NOTE1,internal,varID,CRBFLL0,,0.0,,
In ground effect,NOTE1,internal,varID,CRBFLL1,,0.0,,
In ground effect,NOTE1,internal,varID,CRBFLL2,,0.0,,
In ground effect,NOTE1,internal,varID,CRBFLL3,,0.0,,
In ground effect,NOTE1,internal,varID,CRBFLL,,0.0,,
In ground effect,NOTE1,internal,varID,CNBFLL0,,0.0,,
In ground effect,NOTE1,internal,varID,CNBFLL1,,0.0,,
In ground effect,NOTE1,internal,varID,CNBFLL2,,0.0,,
In ground effect,NOTE1,internal,varID,CNBFLL3,,0.0,,
In ground effect,NOTE1,internal,varID,CNBFLL,,0.0,,
In ground effect,NOTE1,internal,varID,CLBFLR0,,0.0,,
In ground effect,NOTE1,internal,varID,CLBFLR1,,0.0,,
In ground effect,NOTE1,internal,varID,CLBFLR2,,0.0,,
In ground effect,NOTE1,internal,varID,CLBFLR3,,0.0,,
In ground effect,NOTE1,internal,varID,CLBFLR,,0.0,,
In ground effect,NOTE1,internal,varID,CDBFLR0,,0.0,,
In ground effect,NOTE1,internal,varID,CDBFLR1,,0.0,,
In ground effect,NOTE1,internal,varID,CDBFLR2,,0.0,,
In ground effect,NOTE1,internal,varID,CDBFLR3,,0.0,,
In ground effect,NOTE1,internal,varID,CDBFLR,,0.0,,
In ground effect,NOTE1,internal,varID,CMBFLR0,,0.0,,
In ground effect,NOTE1,internal,varID,CMBFLR1,,0.0,,
In ground effect,NOTE1,internal,varID,CMBFLR2,,0.0,,
In ground effect,NOTE1,internal,varID,CMBFLR3,,0.0,,
In ground effect,NOTE1,internal,varID,CMBFLR,,0.0,,
In ground effect,NOTE1,internal,varID,CYBFLR0,,0.0,,
In ground effect,NOTE1,internal,varID,CYBFLR1,,0.0,,
In ground effect,NOTE1,internal,varID,CYBFLR2,,0.0,,
In ground effect,NOTE1,internal,varID,CYBFLR3,,0.0,,
In ground effect,NOTE1,internal,varID,CYBFLR,,-0.0,,
In ground effect,NOTE1,internal,varID,CRBFLR0,,0.0,,
In ground effect,NOTE1,internal,varID,CRBFLR1,,0.0,,
In ground effect,NOTE1,internal,varID,CRBFLR2,,0.0,,
In ground effect,NOTE1,internal,varID,CRBFLR3,,0.0,,
In ground effect,NOTE1,internal,varID,CRBFLR,,-0.0,,
In ground effect,NOTE1,internal,varID,CNBFLR0,,0.0,,
In ground effect,NOTE1,internal,varID,CNBFLR1,,0.0,,
In ground effect,NOTE1,internal,varID,CNBFLR2,,0.0,,
In ground effect,NOTE1,internal,varID,CNBFLR3,,0.0,,
In ground effect,NOTE1,internal,varID,CNBFLR,,-0.0,,
In ground effect,NOTE1,internal,varID,CLBFUL0,,0.0,,
In ground effect,NOTE1,internal,varID,CLBFUL1,,0.0,,
In ground effect,NOTE1,internal,varID,CLBFUL2,,0.0,,
In ground effect,NOTE1,internal,varID,CLBFUL3,,0.0,,
In ground effect,NOTE1,internal,varID,CLBFUL,,0.0,,
In ground effect,NOTE1,internal,varID,CDBFUL0,,0.0,,
In ground effect,NOTE1,internal,varID,CDBFUL1,,0.0,,
In ground effect,NOTE1,internal,varID,CDBFUL2,,0.0,,
In ground effect,NOTE1,internal,varID,CDBFUL3,,0.0,,
In ground effect,NOTE1,internal,varID,CDBFUL,,0.0,,
In ground effect,NOTE1,internal,varID,CMBFUL0,,0.0,,
In ground effect,NOTE1,internal,varID,CMBFUL1,,0.0,,
In ground effect,NOTE1,internal,varID,CMBFUL2,,0.0,,
In ground effect,NOTE1,internal,varID,CMBFUL3,,0.0,,
In ground effect,NOTE1,internal,varID,CMBFUL,,0.0,,
In ground effect,NOTE1,internal,varID,CYBFUL0,,0.0,,
In ground effect,NOTE1,internal,varID,CYBFUL1,,0.0,,
In ground effect,NOTE1,internal,varID,CYBFUL2,,0.0,,
In ground effect,NOTE1,internal,varID,CYBFUL3,,0.0,,
In ground effect,NOTE1,internal,varID,CYBFUL,,0.0,,
In ground effect,NOTE1,internal,varID,CRBFUL0,,0.0,,
In ground effect,NOTE1,internal,varID,CRBFUL1,,0.0,,
In ground effect,NOTE1,internal,varID,CRBFUL2,,0.0,,
In ground effect,NOTE1,internal,varID,CRBFUL3,,0.0,,
In ground effect,NOTE1,internal,varID,CRBFUL,,0.0,,
In ground effect,NOTE1,internal,varID,CNBFUL0,,0.0,,
In ground effect,NOTE1,internal,varID,CNBFUL1,,0.0,,
In ground effect,NOTE1,internal,varID,CNBFUL2,,0.0,,
In ground effect,NOTE1,internal,varID,CNBFUL3,,0.0,,
In ground effect,NOTE1,internal,varID,CNBFUL,,0.0,,
In ground effect,NOTE1,internal,varID,CLBFUR0,,0.0,,
In ground effect,NOTE1,internal,varID,CLBFUR1,,0.0,,
In ground effect,NOTE1,internal,varID,CLBFUR2,,0.0,,
In ground effect,NOTE1,internal,varID,CLBFUR3,,0.0,,
In ground effect,NOTE1,internal,varID,CLBFUR,,0.0,,
In ground effect,NOTE1,internal,varID,CDBFUR0,,0.0,,
In ground effect,NOTE1,internal,varID,CDBFUR1,,0.0,,
In ground effect,NOTE1,internal,varID,CDBFUR2,,0.0,,
In ground effect,NOTE1,internal,varID,CDBFUR3,,0.0,,
In ground effect,NOTE1,internal,varID,CDBFUR,,0.0,,
In ground effect,NOTE1,internal,varID,CMBFUR0,,0.0,,
In ground effect,NOTE1,internal,varID,CMBFUR1,,0.0,,
In ground effect,NOTE1,internal,varID,CMBFUR2,,0.0,,
In ground effect,NOTE1,internal,varID,CMBFUR3,,0.0,,
In ground effect,NOTE1,internal,varID,CMBFUR,,0.0,,
In ground effect,NOTE1,internal,varID,CYBFUR0,,0.0,,
In ground effect,NOTE1,internal,varID,CYBFUR1,,0.0,,
In ground effect,NOTE1,internal,varID,CYBFUR2,,0.0,,
In ground effect,NOTE1,internal,varID,CYBFUR3,,0.0,,
In ground effect,NOTE1,internal,varID,CYBFUR,,-0.0,,
In ground effect,NOTE1,internal,varID,CRBFUR0,,0.0,,
In ground effect,NOTE1,internal,varID,CRBFUR1,,0.0,,
In ground effect,NOTE1,internal,varID,CRBFUR2,,0.0,,
In ground effect,NOTE1,internal,varID,CRBFUR3,,0.0,,
In ground effect,NOTE1,internal,varID,CRBFUR,,-0.0,,
In ground effect,NOTE1,internal,varID,CNBFUR0,,0.0,,
In ground effect,NOTE1,internal,varID,CNBFUR1,,0.0,,
In ground effect,NOTE1,internal,varID,CNBFUR2,,0.0,,
In ground effect,NOTE1,internal,varID,CNBFUR3,,0.0,,
In ground effect,NOTE1,internal,varID,CNBFUR,,-0.0,,
In ground effect,NOTE1,internal,varID,CLWFL0,,0.0,,
In ground effect,NOTE1,internal,varID,CLWFL1,,0.0,,
In ground effect,NOTE1,internal,varID,CLWFL2,,0.0,,
In ground effect,NOTE1,internal,varID,CLWFL3,,0.0,,
In ground effect,NOTE1,internal,varID,CLWFL,,0.0,,
In ground effect,NOTE1,internal,varID,CDWFL0,,0.0,,
In ground effect,NOTE1,internal,varID,CDWFL1,,0.0,,
In ground effect,NOTE1,internal,varID,CDWFL2,,0.0,,
In ground effect,NOTE1,internal,varID,CDWFL3,,0.0,,
In ground effect,NOTE1,internal,varID,CDWFL,,0.0,,
In ground effect,NOTE1,internal,varID,CMWFL0,,0.0,,
In ground effect,NOTE1,internal,varID,CMWFL1,,0.0,,
In ground effect,NOTE1,internal,varID,CMWFL2,,0.0,,
In ground effect,NOTE1,internal,varID,CMWFL3,,0.0,,
In ground effect,NOTE1,internal,varID,CMWFL,,0.0,,
In ground effect,NOTE1,internal,varID,CYWFL0,,0.0,,
In ground effect,NOTE1,internal,varID,CYWFL1,,0.0,,
In ground effect,NOTE1,internal,varID,CYWFL2,,0.0,,
In ground effect,NOTE1,internal,varID,CYWFL3,,0.0,,
In ground effect,NOTE1,internal,varID,CYWFL,,0.0,,
In ground effect,NOTE1,internal,varID,CRWFL0,,0.0,,
In ground effect,NOTE1,internal,varID,CRWFL1,,0.0,,
In ground effect,NOTE1,internal,varID,CRWFL2,,0.0,,
In ground effect,NOTE1,internal,varID,CRWFL3,,0.0,,
In ground effect,NOTE1,internal,varID,CRWFL,,0.0,,
In ground effect,NOTE1,internal,varID,CNWFL0,,0.0,,
In ground effect,NOTE1,internal,varID,CNWFL1,,0.0,,
In ground effect,NOTE1,internal,varID,CNWFL2,,0.0,,
In ground effect,NOTE1,internal,varID,CNWFL3,,0.0,,
In ground effect,NOTE1,internal,varID,CNWFL,,0.0,,
In ground effect,NOTE1,internal,varID,CLWFR0,,0.0,,
In ground effect,NOTE1,internal,varID,CLWFR1,,0.0,,
In ground effect,NOTE1,internal,varID,CLWFR2,,0.0,,
In ground effect,NOTE1,internal,varID,CLWFR3,,0.0,,
In ground effect,NOTE1,internal,varID,CLWFR,,0.0,,
In ground effect,NOTE1,internal,varID,CDWFR0,,0.0,,
In ground effect,NOTE1,internal,varID,CDWFR1,,0.0,,
In ground effect,NOTE1,internal,varID,CDWFR2,,0.0,,
In ground effect,NOTE1,internal,varID,CDWFR3,,0.0,,
In ground effect,NOTE1,internal,varID,CDWFR,,0.0,,
In ground effect,NOTE1,internal,varID,CMWFR0,,0.0,,
In ground effect,NOTE1,internal,varID,CMWFR1,,0.0,,
In ground effect,NOTE1,internal,varID,CMWFR2,,0.0,,
In ground effect,NOTE1,internal,varID,CMWFR3,,0.0,,
In ground effect,NOTE1,internal,varID,CMWFR,,0.0,,
In ground effect,NOTE1,internal,varID,CYWFR0,,0.0,,
In ground effect,NOTE1,internal,varID,CYWFR1,,0.0,,
In ground effect,NOTE1,internal,varID,CYWFR2,,0.0,,
In ground effect,NOTE1,internal,varID,CYWFR3,,0.0,,
In ground effect,NOTE1,internal,varID,CYWFR,,-0.0,,
In ground effect,NOTE1,internal,varID,CRWFR0,,0.0,,
In ground effect,NOTE1,internal,varID,CRWFR1,,0.0,,
In ground effect,NOTE1,internal,varID,CRWFR2,,0.0,,
In ground effect,NOTE1,internal,varID,CRWFR3,,0.0,,
In ground effect,NOTE1,internal,varID,CRWFR,,-0.0,,
In ground effect,NOTE1,internal,varID,CNWFR0,,0.0,,
In ground effect,NOTE1,internal,varID,CNWFR1,,0.0,,
In ground effect,NOTE1,internal,varID,CNWFR2,,0.0,,
In ground effect,NOTE1,internal,varID,CNWFR3,,0.0,,
In ground effect,NOTE1,internal,varID,CNWFR,,-0.0,,
In ground effect,NOTE1,internal,varID,CLLG0,,0.00092976,,
In ground effect,NOTE1,internal,varID,CLLG1,,0.00071877,,
In ground effect,NOTE1,internal,varID,CLLG2,,5.337e-05,,
In ground effect,NOTE1,internal,varID,CLLG3,,-1.8575e-06,,
In ground effect,NOTE1,internal,varID,CLLG,,0.0119653738975,,
In ground effect,NOTE1,internal,varID,CDLG0,,0.0060569,,
In ground effect,NOTE1,internal,varID,CDLG1,,-7.3249e-05,,
In ground effect,NOTE1,internal,varID,CDLG2,,6.2029e-07,,
In ground effect,NOTE1,internal,varID,CDLG3,,2.8351e-08,,
In ground effect,NOTE1,internal,varID,CDLG,,0.005399221769277,,
In ground effect,NOTE1,internal,varID,CMLG0,,0.00069595,,
In ground effect,NOTE1,internal,varID,CMLG1,,-5.174e-05,,
In ground effect,NOTE1,internal,varID,CMLG2,,-4.3182e-06,,
In ground effect,NOTE1,internal,varID,CMLG3,,1.4397e-07,,
In ground effect,NOTE1,internal,varID,CMLG,,-0.00013776993180999997,,
In ground effect,NOTE1,internal,varID,CYLG0,,-0.004857,,
In ground effect,NOTE1,internal,varID,CYLG1,,-1.1288e-05,,
In ground effect,NOTE1,internal,varID,CYLG2,,-2.3133e-06,,
In ground effect,NOTE1,internal,varID,CYLG3,,7.1074e-08,,
In ground effect,NOTE1,internal,varID,CYLG,,-0.005141019918202001,,
In ground effect,NOTE1,internal,varID,CRLG0,,0.00060258,,
In ground effect,NOTE1,internal,varID,CRLG1,,2.9572e-06,,
In ground effect,NOTE1,internal,varID,CRLG2,,-5.1784e-07,,
In ground effect,NOTE1,internal,varID,CRLG3,,1.3797e-08,,
In ground effect,NOTE1,internal,varID,CRLG,,0.000593177868819,,
In ground effect,NOTE1,internal,varID,CNLG0,,0.00051721,,
In ground effect,NOTE1,internal,varID,CNLG1,,4.4366e-06,,
In ground effect,NOTE1,internal,varID,CNLG2,,1.3916e-06,,
In ground effect,NOTE1,internal,varID,CNLG3,,-4.1453e-08,,
In ground effect,NOTE1,internal,varID,CNLG,,0.000665245011669,,
In ground effect,NOTE1,internal,varID,CLGE0,,0.00029209457883369334,,
In ground effect,NOTE1,internal,varID,CLGE1,,0.0004995574154067674,,
In ground effect,NOTE1,internal,varID,CLGE2,,2.335454355651548e-05,,
In ground effect,NOTE1,internal,varID,CLGE3,,-9.299990928725702e-07,,
In ground effect,NOTE1,internal,varID,CLGE,,0.0068989843646767605,,
In ground effect,NOTE1,internal,varID,CDGE0,,0.00014454172786177106,,
In ground effect,NOTE1,internal,varID,CDGE1,,-8.341755219582435e-05,,
In ground effect,NOTE1,internal,varID,CDGE2,,2.1159597552195827e-05,,
In ground effect,NOTE1,internal,varID,CDGE3,,-5.256210367170627e-07,,
In ground effect,NOTE1,internal,varID,CDGE,,0.0009558023459685099,,
In ground effect,NOTE1,internal,varID,CMGE0,,0.0002977848884089273,,
In ground effect,NOTE1,internal,varID,CMGE1,,-5.792946148308137e-05,,
In ground effect,NOTE1,internal,varID,CMGE2,,-1.2248513174946006e-06,,
In ground effect,NOTE1,internal,varID,CMGE3,,6.847605759539238e-08,,
In ground effect,NOTE1,internal,varID,CMGE,,-0.00035400740415177274,,
In ground effect,NOTE1,internal,varID,CYGE0,,-0.00020069056875449964,,
In ground effect,NOTE1,internal,varID,CYGE1,,-6.685427069834413e-06,,
In ground effect,NOTE1,internal,varID,CYGE2,,-7.228288840892729e-07,,
In ground effect,NOTE1,internal,varID,CYGE3,,2.394499208063355e-08,,
In ground effect,NOTE1,internal,varID,CYGE,,-0.0003200700445255306,,
In ground effect,NOTE1,internal,varID,CRGE0,,-8.576711879049676e-05,,
In ground effect,NOTE1,internal,varID,CRGE1,,-1.4611817134629231e-06,,
In ground effect,NOTE1,internal,varID,CRGE2,,-4.874821310295177e-08,,
In ground effect,NOTE1,internal,varID,CRGE3,,2.4524961843052558e-09,,
In ground effect,NOTE1,internal,varID,CRGE,,-0.0001033090795692697,,
In ground effect,NOTE1,internal,varID,CNGE0,,4.959085241180706e-05,,
In ground effect,NOTE1,internal,varID,CNGE1,,4.033839164866811e-06,,
In ground effect,NOTE1,internal,varID,CNGE2,,4.3156048956083513e-07,,
In ground effect,NOTE1,internal,varID,CNGE3,,-1.4132236861051117e-08,,
In ground effect,NOTE1,internal,varID,CNGE,,0.00012148097135897842,,
In ground effect,NOTE1,internal,varID,sCYRUD,,0.0,,
In ground effect,NOTE1,internal,varID,sCRRUD,,0.0,,
In ground effect,NOTE1,internal,varID,sCNRUD,,0.0,,
In ground effect,NOTE1,internal,varID,CMQ,,-0.155988326714,,
In ground effect,NOTE1,internal,varID,CNP,,0.24752343178,,
In ground effect,NOTE1,internal,varID,CNR,,-0.8981111534383,,
In ground effect,NOTE1,internal,varID,CLP,,-0.506429680738,,
In ground effect,NOTE1,internal,varID,CLR,,0.72926521693,,
In ground effect,NOTE1,internal,varID,CL,,0.3873698251331768,,
In ground effect,NOTE1,internal,varID,CD,,0.11765297036624552,,
In ground effect,NOTE1,internal,varID,CM,,-0.006862958572861776,,
In ground effect,NOTE1,internal,varID,CY,,0.0,,
In ground effect,NOTE1,internal,varID,CN,,0.0,,
In ground effect,NOTE1,internal,varID,CR,,0.0,,
In ground effect,NOTE1,output,signalName,referenceWingChord,f,28.24,1e-06,
In ground effect,NOTE1,output,signalName,referenceWingSpan,f,13.89,1e-06,
In ground effect,NOTE1,output,signalName,referenceWingArea,f2,286.45,1e-06,
In ground effect,NOTE1,output,signalName,vrsPositionOfMrc_X,fracMAC,0.54,1e-06,
In ground effect,NOTE1,output,signalName,totalCoefficientOfLift,nd,0.387369841337,1e-06,
In ground effect,NOTE1,output,signalName,totalCoefficientOfDrag,nd,0.117652975023,1e-06,
In ground effect,NOTE1,output,signalName,aeroBodyForceCoefficient_Y,nd,0.0,1e-06,
In ground effect,NOTE1,output,signalName,aeroBodyMomentCoefficient_Roll,nd,0.0,1e-06,
In ground effect,NOTE1,output,signalName,aeroBodyMomentCoefficient_Pitch,nd,-0.006862957031,1e-06,
In ground effect,NOTE1,output,signalName,aeroBodyMomentCoefficient_Yaw,nd,0.0,1e-06,
