table_id,declared_id,name,function_name,source_kind,dimensions,shape,breakpoint_ids,flat_index,coordinates,value,issues
CLBFL0_table,CLBFL0_table,CLBFL0,,top-level-definition,2,"[5,13]",DBFL_PTS;XMACH1_PTS,0,"[0.0,0.3]",0.0,
CLBFL0_table,CLBFL0_table,CLBFL0,,top-level-definition,2,"[5,13]",DBFL_PTS;XMACH1_PTS,1,"[0.0,0.6]",0.0,
CLBFL0_table,CLBFL0_table,CLBFL0,,top-level-definition,2,"[5,13]",DBFL_PTS;XMACH1_PTS,2,"[0.0,0.8]",0.0,
CLBFL0_table,CLBFL0_table,CLBFL0,,top-level-definition,2,"[5,13]",DBFL_PTS;XMACH1_PTS,3,"[0.0,0.9]",0.0,
CLBFL0_table,CLBFL0_table,CLBFL0,,top-level-definition,2,"[5,13]",DBFL_PTS;XMACH1_PTS,4,"[0.0,0.95]",0.0,
CLBFL0_table,CLBFL0_table,CLBFL0,,top-level-definition,2,"[5,13]",DBFL_PTS;XMACH1_PTS,5,"[0.0,1.1]",0.0,
CLBFL0_table,CLBFL0_table,CLBFL0,,top-level-definition,2,"[5,13]",DBFL_PTS;XMACH1_PTS,6,"[0.0,1.2]",0.0,
CLBFL0_table,CLBFL0_table,CLBFL0,,top-level-definition,2,"[5,13]",DBFL_PTS;XMACH1_PTS,7,"[0.0,1.6]",0.0,
CLBFL0_table,CLBFL0_table,CLBFL0,,top-level-definition,2,"[5,13]",DBFL_PTS;XMACH1_PTS,8,"[0.0,2.0]",0.0,
CLBFL0_table,CLBFL0_table,CLBFL0,,top-level-definition,2,"[5,13]",DBFL_PTS;XMACH1_PTS,9,"[0.0,2.5]",0.0,
CLBFL0_table,CLBFL0_table,CLBFL0,,top-level-definition,2,"[5,13]",DBFL_PTS;XMACH1_PTS,10,"[0.0,3.0]",0.0,
CLBFL0_table,CLBFL0_table,CLBFL0,,top-level-definition,2,"[5,13]",DBFL_PTS;XMACH1_PTS,11,"[0.0,3.5]",0.0,
CLBFL0_table,CLBFL0_table,CLBFL0,,top-level-definition,2,"[5,13]",DBFL_PTS;XMACH1_PTS,12,"[0.0,4.0]",0.0,
CLBFL0_table,CLBFL0_table,CLBFL0,,top-level-definition,2,"[5,13]",DBFL_PTS;XMACH1_PTS,13,"[15.0,0.3]",-0.0086429,
CLBFL0_table,CLBFL0_table,CLBFL0,,top-level-definition,2,"[5,13]",DBFL_PTS;XMACH1_PTS,14,"[15.0,0.6]",-0.010256,
CLBFL0_table,CLBFL0_table,CLBFL0,,top-level-definition,2,"[5,13]",DBFL_PTS;XMACH1_PTS,15,"[15.0,0.8]",-0.011189,
CLBFL0_table,CLBFL0_table,CLBFL0,,top-level-definition,2,"[5,13]",DBFL_PTS;XMACH1_PTS,16,"[15.0,0.9]",-0.012121,
CLBFL0_table,CLBFL0_table,CLBFL0,,top-level-definition,2,"[5,13]",DBFL_PTS;XMACH1_PTS,17,"[15.0,0.95]",-0.01352,
CLBFL0_table,CLBFL0_table,CLBFL0,,top-level-definition,2,"[5,13]",DBFL_PTS;XMACH1_PTS,18,"[15.0,1.1]",-0.0086299,
CLBFL0_table,CLBFL0_table,CLBFL0,,top-level-definition,2,"[5,13]",DBFL_PTS;XMACH1_PTS,19,"[15.0,1.2]",-0.0053679,
CLBFL0_table,CLBFL0_table,CLBFL0,,top-level-definition,2,"[5,13]",DBFL_PTS;XMACH1_PTS,20,"[15.0,1.6]",0.0076757,
CLBFL0_table,CLBFL0_table,CLBFL0,,top-level-definition,2,"[5,13]",DBFL_PTS;XMACH1_PTS,21,"[15.0,2.0]",0.0113,
CLBFL0_table,CLBFL0_table,CLBFL0,,top-level-definition,2,"[5,13]",DBFL_PTS;XMACH1_PTS,22,"[15.0,2.5]",0.0062992,
CLBFL0_table,CLBFL0_table,CLBFL0,,top-level-definition,2,"[5,13]",DBFL_PTS;XMACH1_PTS,23,"[15.0,3.0]",0.0051902,
CLBFL0_table,CLBFL0_table,CLBFL0,,top-level-definition,2,"[5,13]",DBFL_PTS;XMACH1_PTS,24,"[15.0,3.5]",0.0038813,
CLBFL0_table,CLBFL0_table,CLBFL0,,top-level-definition,2,"[5,13]",DBFL_PTS;XMACH1_PTS,25,"[15.0,4.0]",0.0037366,
CLBFL0_table,CLBFL0_table,CLBFL0,,top-level-definition,2,"[5,13]",DBFL_PTS;XMACH1_PTS,26,"[30.0,0.3]",0.022251,
CLBFL0_table,CLBFL0_table,CLBFL0,,top-level-definition,2,"[5,13]",DBFL_PTS;XMACH1_PTS,27,"[30.0,0.6]",0.026405,
CLBFL0_table,CLBFL0_table,CLBFL0,,top-level-definition,2,"[5,13]",DBFL_PTS;XMACH1_PTS,28,"[30.0,0.8]",0.028805,
CLBFL0_table,CLBFL0_table,CLBFL0,,top-level-definition,2,"[5,13]",DBFL_PTS;XMACH1_PTS,29,"[30.0,0.9]",0.031206,
CLBFL0_table,CLBFL0_table,CLBFL0,,top-level-definition,2,"[5,13]",DBFL_PTS;XMACH1_PTS,30,"[30.0,0.95]",0.034806,
CLBFL0_table,CLBFL0_table,CLBFL0,,top-level-definition,2,"[5,13]",DBFL_PTS;XMACH1_PTS,31,"[30.0,1.1]",0.031321,
CLBFL0_table,CLBFL0_table,CLBFL0,,top-level-definition,2,"[5,13]",DBFL_PTS;XMACH1_PTS,32,"[30.0,1.2]",0.028996,
CLBFL0_table,CLBFL0_table,CLBFL0,,top-level-definition,2,"[5,13]",DBFL_PTS;XMACH1_PTS,33,"[30.0,1.6]",0.019698,
CLBFL0_table,CLBFL0_table,CLBFL0,,top-level-definition,2,"[5,13]",DBFL_PTS;XMACH1_PTS,34,"[30.0,2.0]",0.018808,
CLBFL0_table,CLBFL0_table,CLBFL0,,top-level-definition,2,"[5,13]",DBFL_PTS;XMACH1_PTS,35,"[30.0,2.5]",0.012755,
CLBFL0_table,CLBFL0_table,CLBFL0,,top-level-definition,2,"[5,13]",DBFL_PTS;XMACH1_PTS,36,"[30.0,3.0]",0.010804,
CLBFL0_table,CLBFL0_table,CLBFL0,,top-level-definition,2,"[5,13]",DBFL_PTS;XMACH1_PTS,37,"[30.0,3.5]",0.0098493,
CLBFL0_table,CLBFL0_table,CLBFL0,,top-level-definition,2,"[5,13]",DBFL_PTS;XMACH1_PTS,38,"[30.0,4.0]",0.0083719,
CLBFL0_table,CLBFL0_table,CLBFL0,,top-level-definition,2,"[5,13]",DBFL_PTS;XMACH1_PTS,39,"[45.0,0.3]",0.029416,
CLBFL0_table,CLBFL0_table,CLBFL0,,top-level-definition,2,"[5,13]",DBFL_PTS;XMACH1_PTS,40,"[45.0,0.6]",0.034907,
CLBFL0_table,CLBFL0_table,CLBFL0,,top-level-definition,2,"[5,13]",DBFL_PTS;XMACH1_PTS,41,"[45.0,0.8]",0.03808,
CLBFL0_table,CLBFL0_table,CLBFL0,,top-level-definition,2,"[5,13]",DBFL_PTS;XMACH1_PTS,42,"[45.0,0.9]",0.041254,
CLBFL0_table,CLBFL0_table,CLBFL0,,top-level-definition,2,"[5,13]",DBFL_PTS;XMACH1_PTS,43,"[45.0,0.95]",0.046014,
CLBFL0_table,CLBFL0_table,CLBFL0,,top-level-definition,2,"[5,13]",DBFL_PTS;XMACH1_PTS,44,"[45.0,1.1]",0.042215,
CLBFL0_table,CLBFL0_table,CLBFL0,,top-level-definition,2,"[5,13]",DBFL_PTS;XMACH1_PTS,45,"[45.0,1.2]",0.039681,
CLBFL0_table,CLBFL0_table,CLBFL0,,top-level-definition,2,"[5,13]",DBFL_PTS;XMACH1_PTS,46,"[45.0,1.6]",0.029547,
CLBFL0_table,CLBFL0_table,CLBFL0,,top-level-definition,2,"[5,13]",DBFL_PTS;XMACH1_PTS,47,"[45.0,2.0]",0.028211,
CLBFL0_table,CLBFL0_table,CLBFL0,,top-level-definition,2,"[5,13]",DBFL_PTS;XMACH1_PTS,48,"[45.0,2.5]",0.019132,
CLBFL0_table,CLBFL0_table,CLBFL0,,top-level-definition,2,"[5,13]",DBFL_PTS;XMACH1_PTS,49,"[45.0,3.0]",0.016206,
CLBFL0_table,CLBFL0_table,CLBFL0,,top-level-definition,2,"[5,13]",DBFL_PTS;XMACH1_PTS,50,"[45.0,3.5]",0.014774,
CLBFL0_table,CLBFL0_table,CLBFL0,,top-level-definition,2,"[5,13]",DBFL_PTS;XMACH1_PTS,51,"[45.0,4.0]",0.012558,
CLBFL0_table,CLBFL0_table,CLBFL0,,top-level-definition,2,"[5,13]",DBFL_PTS;XMACH1_PTS,52,"[60.0,0.3]",0.063779,
CLBFL0_table,CLBFL0_table,CLBFL0,,top-level-definition,2,"[5,13]",DBFL_PTS;XMACH1_PTS,53,"[60.0,0.6]",0.075685,
CLBFL0_table,CLBFL0_table,CLBFL0,,top-level-definition,2,"[5,13]",DBFL_PTS;XMACH1_PTS,54,"[60.0,0.8]",0.082566,
CLBFL0_table,CLBFL0_table,CLBFL0,,top-level-definition,2,"[5,13]",DBFL_PTS;XMACH1_PTS,55,"[60.0,0.9]",0.089446,
CLBFL0_table,CLBFL0_table,CLBFL0,,top-level-definition,2,"[5,13]",DBFL_PTS;XMACH1_PTS,56,"[60.0,0.95]",0.099767,
CLBFL0_table,CLBFL0_table,CLBFL0,,top-level-definition,2,"[5,13]",DBFL_PTS;XMACH1_PTS,57,"[60.0,1.1]",0.085587,
CLBFL0_table,CLBFL0_table,CLBFL0,,top-level-definition,2,"[5,13]",DBFL_PTS;XMACH1_PTS,58,"[60.0,1.2]",0.076127,
CLBFL0_table,CLBFL0_table,CLBFL0,,top-level-definition,2,"[5,13]",DBFL_PTS;XMACH1_PTS,59,"[60.0,1.6]",0.038301,
CLBFL0_table,CLBFL0_table,CLBFL0,,top-level-definition,2,"[5,13]",DBFL_PTS;XMACH1_PTS,60,"[60.0,2.0]",0.036569,
CLBFL0_table,CLBFL0_table,CLBFL0,,top-level-definition,2,"[5,13]",DBFL_PTS;XMACH1_PTS,61,"[60.0,2.5]",0.0248,
CLBFL0_table,CLBFL0_table,CLBFL0,,top-level-definition,2,"[5,13]",DBFL_PTS;XMACH1_PTS,62,"[60.0,3.0]",0.021007,
CLBFL0_table,CLBFL0_table,CLBFL0,,top-level-definition,2,"[5,13]",DBFL_PTS;XMACH1_PTS,63,"[60.0,3.5]",0.019151,
CLBFL0_table,CLBFL0_table,CLBFL0,,top-level-definition,2,"[5,13]",DBFL_PTS;XMACH1_PTS,64,"[60.0,4.0]",0.016278,
CLBFL1_table,CLBFL1_table,CLBFL1,,top-level-definition,2,"[5,13]",DBFL_PTS;XMACH1_PTS,0,"[0.0,0.3]",0.0,
CLBFL1_table,CLBFL1_table,CLBFL1,,top-level-definition,2,"[5,13]",DBFL_PTS;XMACH1_PTS,1,"[0.0,0.6]",0.0,
CLBFL1_table,CLBFL1_table,CLBFL1,,top-level-definition,2,"[5,13]",DBFL_PTS;XMACH1_PTS,2,"[0.0,0.8]",0.0,
CLBFL1_table,CLBFL1_table,CLBFL1,,top-level-definition,2,"[5,13]",DBFL_PTS;XMACH1_PTS,3,"[0.0,0.9]",0.0,
CLBFL1_table,CLBFL1_table,CLBFL1,,top-level-definition,2,"[5,13]",DBFL_PTS;XMACH1_PTS,4,"[0.0,0.95]",0.0,
CLBFL1_table,CLBFL1_table,CLBFL1,,top-level-definition,2,"[5,13]",DBFL_PTS;XMACH1_PTS,5,"[0.0,1.1]",0.0,
CLBFL1_table,CLBFL1_table,CLBFL1,,top-level-definition,2,"[5,13]",DBFL_PTS;XMACH1_PTS,6,"[0.0,1.2]",0.0,
CLBFL1_table,CLBFL1_table,CLBFL1,,top-level-definition,2,"[5,13]",DBFL_PTS;XMACH1_PTS,7,"[0.0,1.6]",0.0,
CLBFL1_table,CLBFL1_table,CLBFL1,,top-level-definition,2,"[5,13]",DBFL_PTS;XMACH1_PTS,8,"[0.0,2.0]",0.0,
CLBFL1_table,CLBFL1_table,CLBFL1,,top-level-definition,2,"[5,13]",DBFL_PTS;XMACH1_PTS,9,"[0.0,2.5]",0.0,
CLBFL1_table,CLBFL1_table,CLBFL1,,top-level-definition,2,"[5,13]",DBFL_PTS;XMACH1_PTS,10,"[0.0,3.0]",0.0,
CLBFL1_table,CLBFL1_table,CLBFL1,,top-level-definition,2,"[5,13]",DBFL_PTS;XMACH1_PTS,11,"[0.0,3.5]",0.0,
CLBFL1_table,CLBFL1_table,CLBFL1,,top-level-definition,2,"[5,13]",DBFL_PTS;XMACH1_PTS,12,"[0.0,4.0]",0.0,
CLBFL1_table,CLBFL1_table,CLBFL1,,top-level-definition,2,"[5,13]",DBFL_PTS;XMACH1_PTS,13,"[15.0,0.3]",0.0086555,
CLBFL1_table,CLBFL1_table,CLBFL1,,top-level-definition,2,"[5,13]",DBFL_PTS;XMACH1_PTS,14,"[15.0,0.6]",0.010271,
CLBFL1_table,CLBFL1_table,CLBFL1,,top-level-definition,2,"[5,13]",DBFL_PTS;XMACH1_PTS,15,"[15.0,0.8]",0.011205,
CLBFL1_table,CLBFL1_table,CLBFL1,,top-level-definition,2,"[5,13]",DBFL_PTS;XMACH1_PTS,16,"[15.0,0.9]",0.012139,
CLBFL1_table,CLBFL1_table,CLBFL1,,top-level-definition,2,"[5,13]",DBFL_PTS;XMACH1_PTS,17,"[15.0,0.95]",0.013539,
CLBFL1_table,CLBFL1_table,CLBFL1,,top-level-definition,2,"[5,13]",DBFL_PTS;XMACH1_PTS,18,"[15.0,1.1]",0.010423,
CLBFL1_table,CLBFL1_table,CLBFL1,,top-level-definition,2,"[5,13]",DBFL_PTS;XMACH1_PTS,19,"[15.0,1.2]",0.008344,
CLBFL1_table,CLBFL1_table,CLBFL1,,top-level-definition,2,"[5,13]",DBFL_PTS;XMACH1_PTS,20,"[15.0,1.6]",3.0896e-05,
CLBFL1_table,CLBFL1_table,CLBFL1,,top-level-definition,2,"[5,13]",DBFL_PTS;XMACH1_PTS,21,"[15.0,2.0]",-0.00013943,
CLBFL1_table,CLBFL1_table,CLBFL1,,top-level-definition,2,"[5,13]",DBFL_PTS;XMACH1_PTS,22,"[15.0,2.5]",-2.4581e-05,
CLBFL1_table,CLBFL1_table,CLBFL1,,top-level-definition,2,"[5,13]",DBFL_PTS;XMACH1_PTS,23,"[15.0,3.0]",-3.797e-06,
CLBFL1_table,CLBFL1_table,CLBFL1,,top-level-definition,2,"[5,13]",DBFL_PTS;XMACH1_PTS,24,"[15.0,3.5]",6.7482e-05,
CLBFL1_table,CLBFL1_table,CLBFL1,,top-level-definition,2,"[5,13]",DBFL_PTS;XMACH1_PTS,25,"[15.0,4.0]",6.3974e-05,
CLBFL1_table,CLBFL1_table,CLBFL1,,top-level-definition,2,"[5,13]",DBFL_PTS;XMACH1_PTS,26,"[30.0,0.3]",0.0044399,
CLBFL1_table,CLBFL1_table,CLBFL1,,top-level-definition,2,"[5,13]",DBFL_PTS;XMACH1_PTS,27,"[30.0,0.6]",0.0052687,
CLBFL1_table,CLBFL1_table,CLBFL1,,top-level-definition,2,"[5,13]",DBFL_PTS;XMACH1_PTS,28,"[30.0,0.8]",0.0057477,
CLBFL1_table,CLBFL1_table,CLBFL1,,top-level-definition,2,"[5,13]",DBFL_PTS;XMACH1_PTS,29,"[30.0,0.9]",0.0062266,
CLBFL1_table,CLBFL1_table,CLBFL1,,top-level-definition,2,"[5,13]",DBFL_PTS;XMACH1_PTS,30,"[30.0,0.95]",0.0069451,
CLBFL1_table,CLBFL1_table,CLBFL1,,top-level-definition,2,"[5,13]",DBFL_PTS;XMACH1_PTS,31,"[30.0,1.1]",0.0053355,
CLBFL1_table,CLBFL1_table,CLBFL1,,top-level-definition,2,"[5,13]",DBFL_PTS;XMACH1_PTS,32,"[30.0,1.2]",0.0042617,
CLBFL1_table,CLBFL1_table,CLBFL1,,top-level-definition,2,"[5,13]",DBFL_PTS;XMACH1_PTS,33,"[30.0,1.6]",-3.2015e-05,
CLBFL1_table,CLBFL1_table,CLBFL1,,top-level-definition,2,"[5,13]",DBFL_PTS;XMACH1_PTS,34,"[30.0,2.0]",0.00054574,
CLBFL1_table,CLBFL1_table,CLBFL1,,top-level-definition,2,"[5,13]",DBFL_PTS;XMACH1_PTS,35,"[30.0,2.5]",-0.00047305,
CLBFL1_table,CLBFL1_table,CLBFL1,,top-level-definition,2,"[5,13]",DBFL_PTS;XMACH1_PTS,36,"[30.0,3.0]",-0.00012143,
CLBFL1_table,CLBFL1_table,CLBFL1,,top-level-definition,2,"[5,13]",DBFL_PTS;XMACH1_PTS,37,"[30.0,3.5]",9.9384e-05,
CLBFL1_table,CLBFL1_table,CLBFL1,,top-level-definition,2,"[5,13]",DBFL_PTS;XMACH1_PTS,38,"[30.0,4.0]",0.00028164,
CLBFL1_table,CLBFL1_table,CLBFL1,,top-level-definition,2,"[5,13]",DBFL_PTS;XMACH1_PTS,39,"[45.0,0.3]",0.013283,
CLBFL1_table,CLBFL1_table,CLBFL1,,top-level-definition,2,"[5,13]",DBFL_PTS;XMACH1_PTS,40,"[45.0,0.6]",0.015763,
CLBFL1_table,CLBFL1_table,CLBFL1,,top-level-definition,2,"[5,13]",DBFL_PTS;XMACH1_PTS,41,"[45.0,0.8]",0.017195,
CLBFL1_table,CLBFL1_table,CLBFL1,,top-level-definition,2,"[5,13]",DBFL_PTS;XMACH1_PTS,42,"[45.0,0.9]",0.018628,
CLBFL1_table,CLBFL1_table,CLBFL1,,top-level-definition,2,"[5,13]",DBFL_PTS;XMACH1_PTS,43,"[45.0,0.95]",0.020778,
CLBFL1_table,CLBFL1_table,CLBFL1,,top-level-definition,2,"[5,13]",DBFL_PTS;XMACH1_PTS,44,"[45.0,1.1]",0.015973,
CLBFL1_table,CLBFL1_table,CLBFL1,,top-level-definition,2,"[5,13]",DBFL_PTS;XMACH1_PTS,45,"[45.0,1.2]",0.012768,
CLBFL1_table,CLBFL1_table,CLBFL1,,top-level-definition,2,"[5,13]",DBFL_PTS;XMACH1_PTS,46,"[45.0,1.6]",-4.8022e-05,
CLBFL1_table,CLBFL1_table,CLBFL1,,top-level-definition,2,"[5,13]",DBFL_PTS;XMACH1_PTS,47,"[45.0,2.0]",0.00081861,
CLBFL1_table,CLBFL1_table,CLBFL1,,top-level-definition,2,"[5,13]",DBFL_PTS;XMACH1_PTS,48,"[45.0,2.5]",-0.00070958,
CLBFL1_table,CLBFL1_table,CLBFL1,,top-level-definition,2,"[5,13]",DBFL_PTS;XMACH1_PTS,49,"[45.0,3.0]",-0.00018214,
CLBFL1_table,CLBFL1_table,CLBFL1,,top-level-definition,2,"[5,13]",DBFL_PTS;XMACH1_PTS,50,"[45.0,3.5]",0.00014908,
CLBFL1_table,CLBFL1_table,CLBFL1,,top-level-definition,2,"[5,13]",DBFL_PTS;XMACH1_PTS,51,"[45.0,4.0]",0.00042245,
CLBFL1_table,CLBFL1_table,CLBFL1,,top-level-definition,2,"[5,13]",DBFL_PTS;XMACH1_PTS,52,"[60.0,0.3]",0.0054896,
CLBFL1_table,CLBFL1_table,CLBFL1,,top-level-definition,2,"[5,13]",DBFL_PTS;XMACH1_PTS,53,"[60.0,0.6]",0.0065144,
CLBFL1_table,CLBFL1_table,CLBFL1,,top-level-definition,2,"[5,13]",DBFL_PTS;XMACH1_PTS,54,"[60.0,0.8]",0.0071066,
CLBFL1_table,CLBFL1_table,CLBFL1,,top-level-definition,2,"[5,13]",DBFL_PTS;XMACH1_PTS,55,"[60.0,0.9]",0.0076988,
CLBFL1_table,CLBFL1_table,CLBFL1,,top-level-definition,2,"[5,13]",DBFL_PTS;XMACH1_PTS,56,"[60.0,0.95]",0.0085871,
CLBFL1_table,CLBFL1_table,CLBFL1,,top-level-definition,2,"[5,13]",DBFL_PTS;XMACH1_PTS,57,"[60.0,1.1]",0.0065917,
CLBFL1_table,CLBFL1_table,CLBFL1,,top-level-definition,2,"[5,13]",DBFL_PTS;XMACH1_PTS,58,"[60.0,1.2]",0.0052606,
CLBFL1_table,CLBFL1_table,CLBFL1,,top-level-definition,2,"[5,13]",DBFL_PTS;XMACH1_PTS,59,"[60.0,1.6]",-6.225e-05,
CLBFL1_table,CLBFL1_table,CLBFL1,,top-level-definition,2,"[5,13]",DBFL_PTS;XMACH1_PTS,60,"[60.0,2.0]",0.0010611,
CLBFL1_table,CLBFL1_table,CLBFL1,,top-level-definition,2,"[5,13]",DBFL_PTS;XMACH1_PTS,61,"[60.0,2.5]",-0.0009198,
CLBFL1_table,CLBFL1_table,CLBFL1,,top-level-definition,2,"[5,13]",DBFL_PTS;XMACH1_PTS,62,"[60.0,3.0]",-0.00023611,
CLBFL1_table,CLBFL1_table,CLBFL1,,top-level-definition,2,"[5,13]",DBFL_PTS;XMACH1_PTS,63,"[60.0,3.5]",0.00019324,
CLBFL1_table,CLBFL1_table,CLBFL1,,top-level-definition,2,"[5,13]",DBFL_PTS;XMACH1_PTS,64,"[60.0,4.0]",0.00054761,
CLBFL2_table,CLBFL2_table,CLBFL2,,top-level-definition,2,"[5,13]",DBFL_PTS;XMACH1_PTS,0,"[0.0,0.3]",0.0,
CLBFL2_table,CLBFL2_table,CLBFL2,,top-level-definition,2,"[5,13]",DBFL_PTS;XMACH1_PTS,1,"[0.0,0.6]",0.0,
CLBFL2_table,CLBFL2_table,CLBFL2,,top-level-definition,2,"[5,13]",DBFL_PTS;XMACH1_PTS,2,"[0.0,0.8]",0.0,
CLBFL2_table,CLBFL2_table,CLBFL2,,top-level-definition,2,"[5,13]",DBFL_PTS;XMACH1_PTS,3,"[0.0,0.9]",0.0,
CLBFL2_table,CLBFL2_table,CLBFL2,,top-level-definition,2,"[5,13]",DBFL_PTS;XMACH1_PTS,4,"[0.0,0.95]",0.0,
CLBFL2_table,CLBFL2_table,CLBFL2,,top-level-definition,2,"[5,13]",DBFL_PTS;XMACH1_PTS,5,"[0.0,1.1]",0.0,
CLBFL2_table,CLBFL2_table,CLBFL2,,top-level-definition,2,"[5,13]",DBFL_PTS;XMACH1_PTS,6,"[0.0,1.2]",0.0,
CLBFL2_table,CLBFL2_table,CLBFL2,,top-level-definition,2,"[5,13]",DBFL_PTS;XMACH1_PTS,7,"[0.0,1.6]",0.0,
CLBFL2_table,CLBFL2_table,CLBFL2,,top-level-definition,2,"[5,13]",DBFL_PTS;XMACH1_PTS,8,"[0.0,2.0]",0.0,
CLBFL2_table,CLBFL2_table,CLBFL2,,top-level-definition,2,"[5,13]",DBFL_PTS;XMACH1_PTS,9,"[0.0,2.5]",0.0,
CLBFL2_table,CLBFL2_table,CLBFL2,,top-level-definition,2,"[5,13]",DBFL_PTS;XMACH1_PTS,10,"[0.0,3.0]",0.0,
CLBFL2_table,CLBFL2_table,CLBFL2,,top-level-definition,2,"[5,13]",DBFL_PTS;XMACH1_PTS,11,"[0.0,3.5]",0.0,
CLBFL2_table,CLBFL2_table,CLBFL2,,top-level-definition,2,"[5,13]",DBFL_PTS;XMACH1_PTS,12,"[0.0,4.0]",0.0,
CLBFL2_table,CLBFL2_table,CLBFL2,,top-level-definition,2,"[5,13]",DBFL_PTS;XMACH1_PTS,13,"[15.0,0.3]",-0.0006916,
CLBFL2_table,CLBFL2_table,CLBFL2,,top-level-definition,2,"[5,13]",DBFL_PTS;XMACH1_PTS,14,"[15.0,0.6]",-0.00082071,
CLBFL2_table,CLBFL2_table,CLBFL2,,top-level-definition,2,"[5,13]",DBFL_PTS;XMACH1_PTS,15,"[15.0,0.8]",-0.00089532,
CLBFL2_table,CLBFL2_table,CLBFL2,,top-level-definition,2,"[5,13]",DBFL_PTS;XMACH1_PTS,16,"[15.0,0.9]",-0.00096993,
CLBFL2_table,CLBFL2_table,CLBFL2,,top-level-definition,2,"[5,13]",DBFL_PTS;XMACH1_PTS,17,"[15.0,0.95]",-0.0010818,
CLBFL2_table,CLBFL2_table,CLBFL2,,top-level-definition,2,"[5,13]",DBFL_PTS;XMACH1_PTS,18,"[15.0,1.1]",-0.00082007,
CLBFL2_table,CLBFL2_table,CLBFL2,,top-level-definition,2,"[5,13]",DBFL_PTS;XMACH1_PTS,19,"[15.0,1.2]",-0.00064545,
CLBFL2_table,CLBFL2_table,CLBFL2,,top-level-definition,2,"[5,13]",DBFL_PTS;XMACH1_PTS,20,"[15.0,1.6]",5.2824e-05,
CLBFL2_table,CLBFL2_table,CLBFL2,,top-level-definition,2,"[5,13]",DBFL_PTS;XMACH1_PTS,21,"[15.0,2.0]",6.9327e-05,
CLBFL2_table,CLBFL2_table,CLBFL2,,top-level-definition,2,"[5,13]",DBFL_PTS;XMACH1_PTS,22,"[15.0,2.5]",4.1123e-05,
CLBFL2_table,CLBFL2_table,CLBFL2,,top-level-definition,2,"[5,13]",DBFL_PTS;XMACH1_PTS,23,"[15.0,3.0]",1.8785e-05,
CLBFL2_table,CLBFL2_table,CLBFL2,,top-level-definition,2,"[5,13]",DBFL_PTS;XMACH1_PTS,24,"[15.0,3.5]",9.2102e-06,
CLBFL2_table,CLBFL2_table,CLBFL2,,top-level-definition,2,"[5,13]",DBFL_PTS;XMACH1_PTS,25,"[15.0,4.0]",9.8744e-06,
CLBFL2_table,CLBFL2_table,CLBFL2,,top-level-definition,2,"[5,13]",DBFL_PTS;XMACH1_PTS,26,"[30.0,0.3]",-0.0003616,
CLBFL2_table,CLBFL2_table,CLBFL2,,top-level-definition,2,"[5,13]",DBFL_PTS;XMACH1_PTS,27,"[30.0,0.6]",-0.0004291,
CLBFL2_table,CLBFL2_table,CLBFL2,,top-level-definition,2,"[5,13]",DBFL_PTS;XMACH1_PTS,28,"[30.0,0.8]",-0.00046811,
CLBFL2_table,CLBFL2_table,CLBFL2,,top-level-definition,2,"[5,13]",DBFL_PTS;XMACH1_PTS,29,"[30.0,0.9]",-0.00050712,
CLBFL2_table,CLBFL2_table,CLBFL2,,top-level-definition,2,"[5,13]",DBFL_PTS;XMACH1_PTS,30,"[30.0,0.95]",-0.00056564,
CLBFL2_table,CLBFL2_table,CLBFL2,,top-level-definition,2,"[5,13]",DBFL_PTS;XMACH1_PTS,31,"[30.0,1.1]",-0.00041864,
CLBFL2_table,CLBFL2_table,CLBFL2,,top-level-definition,2,"[5,13]",DBFL_PTS;XMACH1_PTS,32,"[30.0,1.2]",-0.00032059,
CLBFL2_table,CLBFL2_table,CLBFL2,,top-level-definition,2,"[5,13]",DBFL_PTS;XMACH1_PTS,33,"[30.0,1.6]",7.1525e-05,
CLBFL2_table,CLBFL2_table,CLBFL2,,top-level-definition,2,"[5,13]",DBFL_PTS;XMACH1_PTS,34,"[30.0,2.0]",-2.1571e-05,
CLBFL2_table,CLBFL2_table,CLBFL2,,top-level-definition,2,"[5,13]",DBFL_PTS;XMACH1_PTS,35,"[30.0,2.5]",0.00011089,
CLBFL2_table,CLBFL2_table,CLBFL2,,top-level-definition,2,"[5,13]",DBFL_PTS;XMACH1_PTS,36,"[30.0,3.0]",3.5324e-05,
CLBFL2_table,CLBFL2_table,CLBFL2,,top-level-definition,2,"[5,13]",DBFL_PTS;XMACH1_PTS,37,"[30.0,3.5]",1.5963e-05,
CLBFL2_table,CLBFL2_table,CLBFL2,,top-level-definition,2,"[5,13]",DBFL_PTS;XMACH1_PTS,38,"[30.0,4.0]",8.5813e-06,
CLBFL2_table,CLBFL2_table,CLBFL2,,top-level-definition,2,"[5,13]",DBFL_PTS;XMACH1_PTS,39,"[45.0,0.3]",-0.0010813,
CLBFL2_table,CLBFL2_table,CLBFL2,,top-level-definition,2,"[5,13]",DBFL_PTS;XMACH1_PTS,40,"[45.0,0.6]",-0.0012831,
CLBFL2_table,CLBFL2_table,CLBFL2,,top-level-definition,2,"[5,13]",DBFL_PTS;XMACH1_PTS,41,"[45.0,0.8]",-0.0013998,
CLBFL2_table,CLBFL2_table,CLBFL2,,top-level-definition,2,"[5,13]",DBFL_PTS;XMACH1_PTS,42,"[45.0,0.9]",-0.0015164,
CLBFL2_table,CLBFL2_table,CLBFL2,,top-level-definition,2,"[5,13]",DBFL_PTS;XMACH1_PTS,43,"[45.0,0.95]",-0.0016914,
CLBFL2_table,CLBFL2_table,CLBFL2,,top-level-definition,2,"[5,13]",DBFL_PTS;XMACH1_PTS,44,"[45.0,1.1]",-0.0012764,
CLBFL2_table,CLBFL2_table,CLBFL2,,top-level-definition,2,"[5,13]",DBFL_PTS;XMACH1_PTS,45,"[45.0,1.2]",-0.00099963,
CLBFL2_table,CLBFL2_table,CLBFL2,,top-level-definition,2,"[5,13]",DBFL_PTS;XMACH1_PTS,46,"[45.0,1.6]",0.00010729,
CLBFL2_table,CLBFL2_table,CLBFL2,,top-level-definition,2,"[5,13]",DBFL_PTS;XMACH1_PTS,47,"[45.0,2.0]",-3.2357e-05,
CLBFL2_table,CLBFL2_table,CLBFL2,,top-level-definition,2,"[5,13]",DBFL_PTS;XMACH1_PTS,48,"[45.0,2.5]",0.00016633,
CLBFL2_table,CLBFL2_table,CLBFL2,,top-level-definition,2,"[5,13]",DBFL_PTS;XMACH1_PTS,49,"[45.0,3.0]",5.2986e-05,
CLBFL2_table,CLBFL2_table,CLBFL2,,top-level-definition,2,"[5,13]",DBFL_PTS;XMACH1_PTS,50,"[45.0,3.5]",2.3944e-05,
CLBFL2_table,CLBFL2_table,CLBFL2,,top-level-definition,2,"[5,13]",DBFL_PTS;XMACH1_PTS,51,"[45.0,4.0]",1.2872e-05,
CLBFL2_table,CLBFL2_table,CLBFL2,,top-level-definition,2,"[5,13]",DBFL_PTS;XMACH1_PTS,52,"[60.0,0.3]",-0.00046771,
CLBFL2_table,CLBFL2_table,CLBFL2,,top-level-definition,2,"[5,13]",DBFL_PTS;XMACH1_PTS,53,"[60.0,0.6]",-0.00055502,
CLBFL2_table,CLBFL2_table,CLBFL2,,top-level-definition,2,"[5,13]",DBFL_PTS;XMACH1_PTS,54,"[60.0,0.8]",-0.00060548,
CLBFL2_table,CLBFL2_table,CLBFL2,,top-level-definition,2,"[5,13]",DBFL_PTS;XMACH1_PTS,55,"[60.0,0.9]",-0.00065593,
CLBFL2_table,CLBFL2_table,CLBFL2,,top-level-definition,2,"[5,13]",DBFL_PTS;XMACH1_PTS,56,"[60.0,0.95]",-0.00073162,
CLBFL2_table,CLBFL2_table,CLBFL2,,top-level-definition,2,"[5,13]",DBFL_PTS;XMACH1_PTS,57,"[60.0,1.1]",-0.00053075,
CLBFL2_table,CLBFL2_table,CLBFL2,,top-level-definition,2,"[5,13]",DBFL_PTS;XMACH1_PTS,58,"[60.0,1.2]",-0.00039675,
CLBFL2_table,CLBFL2_table,CLBFL2,,top-level-definition,2,"[5,13]",DBFL_PTS;XMACH1_PTS,59,"[60.0,1.6]",0.00013907,
CLBFL2_table,CLBFL2_table,CLBFL2,,top-level-definition,2,"[5,13]",DBFL_PTS;XMACH1_PTS,60,"[60.0,2.0]",-4.1943e-05,
CLBFL2_table,CLBFL2_table,CLBFL2,,top-level-definition,2,"[5,13]",DBFL_PTS;XMACH1_PTS,61,"[60.0,2.5]",0.00021561,
CLBFL2_table,CLBFL2_table,CLBFL2,,top-level-definition,2,"[5,13]",DBFL_PTS;XMACH1_PTS,62,"[60.0,3.0]",6.8684e-05,
CLBFL2_table,CLBFL2_table,CLBFL2,,top-level-definition,2,"[5,13]",DBFL_PTS;XMACH1_PTS,63,"[60.0,3.5]",3.1038e-05,
CLBFL2_table,CLBFL2_table,CLBFL2,,top-level-definition,2,"[5,13]",DBFL_PTS;XMACH1_PTS,64,"[60.0,4.0]",1.6686e-05,
CLBFL3_table,CLBFL3_table,CLBFL3,,top-level-definition,2,"[5,13]",DBFL_PTS;XMACH1_PTS,0,"[0.0,0.3]",0.0,
CLBFL3_table,CLBFL3_table,CLBFL3,,top-level-definition,2,"[5,13]",DBFL_PTS;XMACH1_PTS,1,"[0.0,0.6]",0.0,
CLBFL3_table,CLBFL3_table,CLBFL3,,top-level-definition,2,"[5,13]",DBFL_PTS;XMACH1_PTS,2,"[0.0,0.8]",0.0,
CLBFL3_table,CLBFL3_table,CLBFL3,,top-level-definition,2,"[5,13]",DBFL_PTS;XMACH1_PTS,3,"[0.0,0.9]",0.0,
CLBFL3_table,CLBFL3_table,CLBFL3,,top-level-definition,2,"[5,13]",DBFL_PTS;XMACH1_PTS,4,"[0.0,0.95]",0.0,
CLBFL3_table,CLBFL3_table,CLBFL3,,top-level-definition,2,"[5,13]",DBFL_PTS;XMACH1_PTS,5,"[0.0,1.1]",0.0,
CLBFL3_table,CLBFL3_table,CLBFL3,,top-level-definition,2,"[5,13]",DBFL_PTS;XMACH1_PTS,6,"[0.0,1.2]",0.0,
CLBFL3_table,CLBFL3_table,CLBFL3,,top-level-definition,2,"[5,13]",DBFL_PTS;XMACH1_PTS,7,"[0.0,1.6]",0.0,
CLBFL3_table,CLBFL3_table,CLBFL3,,top-level-definition,2,"[5,13]",DBFL_PTS;XMACH1_PTS,8,"[0.0,2.0]",0.0,
CLBFL3_table,CLBFL3_table,CLBFL3,,top-level-definition,2,"[5,13]",DBFL_PTS;XMACH1_PTS,9,"[0.0,2.5]",0.0,
CLBFL3_table,CLBFL3_table,CLBFL3,,top-level-definition,2,"[5,13]",DBFL_PTS;XMACH1_PTS,10,"[0.0,3.0]",0.0,
CLBFL3_table,CLBFL3_table,CLBFL3,,top-level-definition,2,"[5,13]",DBFL_PTS;XMACH1_PTS,11,"[0.0,3.5]",0.0,
CLBFL3_table,CLBFL3_table,CLBFL3,,top-level-definition,2,"[5,13]",DBFL_PTS;XMACH1_PTS,12,"[0.0,4.0]",0.0,
CLBFL3_table,CLBFL3_table,CLBFL3,,top-level-definition,2,"[5,13]",DBFL_PTS;XMACH1_PTS,13,"[15.0,0.3]",1.4799e-05,
CLBFL3_table,CLBFL3_table,CLBFL3,,top-level-definition,2,"[5,13]",DBFL_PTS;XMACH1_PTS,14,"[15.0,0.6]",1.7562e-05,
CLBFL3_table,CLBFL3_table,CLBFL3,,top-level-definition,2,"[5,13]",DBFL_PTS;XMACH1_PTS,15,"[15.0,0.8]",1.9159e-05,
CLBFL3_table,CLBFL3_table,CLBFL3,,top-level-definition,2,"[5,13]",DBFL_PTS;XMACH1_PTS,16,"[15.0,0.9]",2.0755e-05,
CLBFL3_table,CLBFL3_table,CLBFL3,,top-level-definition,2,"[5,13]",DBFL_PTS;XMACH1_PTS,17,"[15.0,0.95]",2.315e-05,
CLBFL3_table,CLBFL3_table,CLBFL3,,top-level-definition,2,"[5,13]",DBFL_PTS;XMACH1_PTS,18,"[15.0,1.1]",1.7069e-05,
CLBFL3_table,CLBFL3_table,CLBFL3,,top-level-definition,2,"[5,13]",DBFL_PTS;XMACH1_PTS,19,"[15.0,1.2]",1.3012e-05,
CLBFL3_table,CLBFL3_table,CLBFL3,,top-level-definition,2,"[5,13]",DBFL_PTS;XMACH1_PTS,20,"[15.0,1.6]",-3.2089e-06,
CLBFL3_table,CLBFL3_table,CLBFL3,,top-level-definition,2,"[5,13]",DBFL_PTS;XMACH1_PTS,21,"[15.0,2.0]",-2.7902e-06,
CLBFL3_table,CLBFL3_table,CLBFL3,,top-level-definition,2,"[5,13]",DBFL_PTS;XMACH1_PTS,22,"[15.0,2.5]",-1.1492e-06,
CLBFL3_table,CLBFL3_table,CLBFL3,,top-level-definition,2,"[5,13]",DBFL_PTS;XMACH1_PTS,23,"[15.0,3.0]",-5.6757e-07,
CLBFL3_table,CLBFL3_table,CLBFL3,,top-level-definition,2,"[5,13]",DBFL_PTS;XMACH1_PTS,24,"[15.0,3.5]",-2.7373e-07,
CLBFL3_table,CLBFL3_table,CLBFL3,,top-level-definition,2,"[5,13]",DBFL_PTS;XMACH1_PTS,25,"[15.0,4.0]",-1.9059e-07,
CLBFL3_table,CLBFL3_table,CLBFL3,,top-level-definition,2,"[5,13]",DBFL_PTS;XMACH1_PTS,26,"[30.0,0.3]",7.7367e-06,
CLBFL3_table,CLBFL3_table,CLBFL3,,top-level-definition,2,"[5,13]",DBFL_PTS;XMACH1_PTS,27,"[30.0,0.6]",9.1809e-06,
CLBFL3_table,CLBFL3_table,CLBFL3,,top-level-definition,2,"[5,13]",DBFL_PTS;XMACH1_PTS,28,"[30.0,0.8]",1.0016e-05,
CLBFL3_table,CLBFL3_table,CLBFL3,,top-level-definition,2,"[5,13]",DBFL_PTS;XMACH1_PTS,29,"[30.0,0.9]",1.085e-05,
CLBFL3_table,CLBFL3_table,CLBFL3,,top-level-definition,2,"[5,13]",DBFL_PTS;XMACH1_PTS,30,"[30.0,0.95]",1.2102e-05,
CLBFL3_table,CLBFL3_table,CLBFL3,,top-level-definition,2,"[5,13]",DBFL_PTS;XMACH1_PTS,31,"[30.0,1.1]",8.3189e-06,
CLBFL3_table,CLBFL3_table,CLBFL3,,top-level-definition,2,"[5,13]",DBFL_PTS;XMACH1_PTS,32,"[30.0,1.2]",5.7951e-06,
CLBFL3_table,CLBFL3_table,CLBFL3,,top-level-definition,2,"[5,13]",DBFL_PTS;XMACH1_PTS,33,"[30.0,1.6]",-4.2966e-06,
CLBFL3_table,CLBFL3_table,CLBFL3,,top-level-definition,2,"[5,13]",DBFL_PTS;XMACH1_PTS,34,"[30.0,2.0]",-4.0469e-07,
CLBFL3_table,CLBFL3_table,CLBFL3,,top-level-definition,2,"[5,13]",DBFL_PTS;XMACH1_PTS,35,"[30.0,2.5]",-3.3791e-06,
CLBFL3_table,CLBFL3_table,CLBFL3,,top-level-definition,2,"[5,13]",DBFL_PTS;XMACH1_PTS,36,"[30.0,3.0]",-9.419e-07,
CLBFL3_table,CLBFL3_table,CLBFL3,,top-level-definition,2,"[5,13]",DBFL_PTS;XMACH1_PTS,37,"[30.0,3.5]",-5.167e-07,
CLBFL3_table,CLBFL3_table,CLBFL3,,top-level-definition,2,"[5,13]",DBFL_PTS;XMACH1_PTS,38,"[30.0,4.0]",-2.3797e-07,
CLBFL3_table,CLBFL3_table,CLBFL3,,top-level-definition,2,"[5,13]",DBFL_PTS;XMACH1_PTS,39,"[45.0,0.3]",2.2239e-05,
CLBFL3_table,CLBFL3_table,CLBFL3,,top-level-definition,2,"[5,13]",DBFL_PTS;XMACH1_PTS,40,"[45.0,0.6]",2.6391e-05,
CLBFL3_table,CLBFL3_table,CLBFL3,,top-level-definition,2,"[5,13]",DBFL_PTS;XMACH1_PTS,41,"[45.0,0.8]",2.879e-05,
CLBFL3_table,CLBFL3_table,CLBFL3,,top-level-definition,2,"[5,13]",DBFL_PTS;XMACH1_PTS,42,"[45.0,0.9]",3.1189e-05,
CLBFL3_table,CLBFL3_table,CLBFL3,,top-level-definition,2,"[5,13]",DBFL_PTS;XMACH1_PTS,43,"[45.0,0.95]",3.4788e-05,
CLBFL3_table,CLBFL3_table,CLBFL3,,top-level-definition,2,"[5,13]",DBFL_PTS;XMACH1_PTS,44,"[45.0,1.1]",2.5276e-05,
CLBFL3_table,CLBFL3_table,CLBFL3,,top-level-definition,2,"[5,13]",DBFL_PTS;XMACH1_PTS,45,"[45.0,1.2]",1.893e-05,
CLBFL3_table,CLBFL3_table,CLBFL3,,top-level-definition,2,"[5,13]",DBFL_PTS;XMACH1_PTS,46,"[45.0,1.6]",-6.4449e-06,
CLBFL3_table,CLBFL3_table,CLBFL3,,top-level-definition,2,"[5,13]",DBFL_PTS;XMACH1_PTS,47,"[45.0,2.0]",-6.0703e-07,
CLBFL3_table,CLBFL3_table,CLBFL3,,top-level-definition,2,"[5,13]",DBFL_PTS;XMACH1_PTS,48,"[45.0,2.5]",-5.0686e-06,
CLBFL3_table,CLBFL3_table,CLBFL3,,top-level-definition,2,"[5,13]",DBFL_PTS;XMACH1_PTS,49,"[45.0,3.0]",-1.4129e-06,
CLBFL3_table,CLBFL3_table,CLBFL3,,top-level-definition,2,"[5,13]",DBFL_PTS;XMACH1_PTS,50,"[45.0,3.5]",-7.7505e-07,
CLBFL3_table,CLBFL3_table,CLBFL3,,top-level-definition,2,"[5,13]",DBFL_PTS;XMACH1_PTS,51,"[45.0,4.0]",-3.5695e-07,
CLBFL3_table,CLBFL3_table,CLBFL3,,top-level-definition,2,"[5,13]",DBFL_PTS;XMACH1_PTS,52,"[60.0,0.3]",9.0267e-06,
CLBFL3_table,CLBFL3_table,CLBFL3,,top-level-definition,2,"[5,13]",DBFL_PTS;XMACH1_PTS,53,"[60.0,0.6]",1.0712e-05,
CLBFL3_table,CLBFL3_table,CLBFL3,,top-level-definition,2,"[5,13]",DBFL_PTS;XMACH1_PTS,54,"[60.0,0.8]",1.1686e-05,
CLBFL3_table,CLBFL3_table,CLBFL3,,top-level-definition,2,"[5,13]",DBFL_PTS;XMACH1_PTS,55,"[60.0,0.9]",1.2659e-05,
CLBFL3_table,CLBFL3_table,CLBFL3,,top-level-definition,2,"[5,13]",DBFL_PTS;XMACH1_PTS,56,"[60.0,0.95]",1.412e-05,
CLBFL3_table,CLBFL3_table,CLBFL3,,top-level-definition,2,"[5,13]",DBFL_PTS;XMACH1_PTS,57,"[60.0,1.1]",8.9352e-06,
CLBFL3_table,CLBFL3_table,CLBFL3,,top-level-definition,2,"[5,13]",DBFL_PTS;XMACH1_PTS,58,"[60.0,1.2]",5.4764e-06,
CLBFL3_table,CLBFL3_table,CLBFL3,,top-level-definition,2,"[5,13]",DBFL_PTS;XMACH1_PTS,59,"[60.0,1.6]",-8.3543e-06,
CLBFL3_table,CLBFL3_table,CLBFL3,,top-level-definition,2,"[5,13]",DBFL_PTS;XMACH1_PTS,60,"[60.0,2.0]",-7.8687e-07,
CLBFL3_table,CLBFL3_table,CLBFL3,,top-level-definition,2,"[5,13]",DBFL_PTS;XMACH1_PTS,61,"[60.0,2.5]",-6.5703e-06,
CLBFL3_table,CLBFL3_table,CLBFL3,,top-level-definition,2,"[5,13]",DBFL_PTS;XMACH1_PTS,62,"[60.0,3.0]",-1.8314e-06,
CLBFL3_table,CLBFL3_table,CLBFL3,,top-level-definition,2,"[5,13]",DBFL_PTS;XMACH1_PTS,63,"[60.0,3.5]",-1.0047e-06,
CLBFL3_table,CLBFL3_table,CLBFL3,,top-level-definition,2,"[5,13]",DBFL_PTS;XMACH1_PTS,64,"[60.0,4.0]",-4.627e-07,
CDBFL0_table,CDBFL0_table,CDBFL0,,top-level-definition,2,"[5,13]",DBFL_PTS;XMACH1_PTS,0,"[0.0,0.3]",0.0,
CDBFL0_table,CDBFL0_table,CDBFL0,,top-level-definition,2,"[5,13]",DBFL_PTS;XMACH1_PTS,1,"[0.0,0.6]",0.0,
CDBFL0_table,CDBFL0_table,CDBFL0,,top-level-definition,2,"[5,13]",DBFL_PTS;XMACH1_PTS,2,"[0.0,0.8]",0.0,
CDBFL0_table,CDBFL0_table,CDBFL0,,top-level-definition,2,"[5,13]",DBFL_PTS;XMACH1_PTS,3,"[0.0,0.9]",0.0,
CDBFL0_table,CDBFL0_table,CDBFL0,,top-level-definition,2,"[5,13]",DBFL_PTS;XMACH1_PTS,4,"[0.0,0.95]",0.0,
CDBFL0_table,CDBFL0_table,CDBFL0,,top-level-definition,2,"[5,13]",DBFL_PTS;XMACH1_PTS,5,"[0.0,1.1]",0.0,
CDBFL0_table,CDBFL0_table,CDBFL0,,top-level-definition,2,"[5,13]",DBFL_PTS;XMACH1_PTS,6,"[0.0,1.2]",0.0,
CDBFL0_table,CDBFL0_table,CDBFL0,,top-level-definition,2,"[5,13]",DBFL_PTS;XMACH1_PTS,7,"[0.0,1.6]",0.0,
CDBFL0_table,CDBFL0_table,CDBFL0,,top-level-definition,2,"[5,13]",DBFL_PTS;XMACH1_PTS,8,"[0.0,2.0]",0.0,
CDBFL0_table,CDBFL0_table,CDBFL0,,top-level-definition,2,"[5,13]",DBFL_PTS;XMACH1_PTS,9,"[0.0,2.5]",0.0,
CDBFL0_table,CDBFL0_table,CDBFL0,,top-level-definition,2,"[5,13]",DBFL_PTS;XMACH1_PTS,10,"[0.0,3.0]",0.0,
CDBFL0_table,CDBFL0_table,CDBFL0,,top-level-definition,2,"[5,13]",DBFL_PTS;XMACH1_PTS,11,"[0.0,3.5]",0.0,
CDBFL0_table,CDBFL0_table,CDBFL0,,top-level-definition,2,"[5,13]",DBFL_PTS;XMACH1_PTS,12,"[0.0,4.0]",0.0,
CDBFL0_table,CDBFL0_table,CDBFL0,,top-level-definition,2,"[5,13]",DBFL_PTS;XMACH1_PTS,13,"[15.0,0.3]",-0.0014003,
CDBFL0_table,CDBFL0_table,CDBFL0,,top-level-definition,2,"[5,13]",DBFL_PTS;XMACH1_PTS,14,"[15.0,0.6]",-0.0016617,
CDBFL0_table,CDBFL0_table,CDBFL0,,top-level-definition,2,"[5,13]",DBFL_PTS;XMACH1_PTS,15,"[15.0,0.8]",-0.0018128,
CDBFL0_table,CDBFL0_table,CDBFL0,,top-level-definition,2,"[5,13]",DBFL_PTS;XMACH1_PTS,16,"[15.0,0.9]",-0.0019638,
CDBFL0_table,CDBFL0_table,CDBFL0,,top-level-definition,2,"[5,13]",DBFL_PTS;XMACH1_PTS,17,"[15.0,0.95]",-0.0021904,
CDBFL0_table,CDBFL0_table,CDBFL0,,top-level-definition,2,"[5,13]",DBFL_PTS;XMACH1_PTS,18,"[15.0,1.1]",-0.00022915,
CDBFL0_table,CDBFL0_table,CDBFL0,,top-level-definition,2,"[5,13]",DBFL_PTS;XMACH1_PTS,19,"[15.0,1.2]",0.0010792,
CDBFL0_table,CDBFL0_table,CDBFL0,,top-level-definition,2,"[5,13]",DBFL_PTS;XMACH1_PTS,20,"[15.0,1.6]",0.006311,
CDBFL0_table,CDBFL0_table,CDBFL0,,top-level-definition,2,"[5,13]",DBFL_PTS;XMACH1_PTS,21,"[15.0,2.0]",0.0050538,
CDBFL0_table,CDBFL0_table,CDBFL0,,top-level-definition,2,"[5,13]",DBFL_PTS;XMACH1_PTS,22,"[15.0,2.5]",0.0051231,
CDBFL0_table,CDBFL0_table,CDBFL0,,top-level-definition,2,"[5,13]",DBFL_PTS;XMACH1_PTS,23,"[15.0,3.0]",0.0020911,
CDBFL0_table,CDBFL0_table,CDBFL0,,top-level-definition,2,"[5,13]",DBFL_PTS;XMACH1_PTS,24,"[15.0,3.5]",0.0014891,
CDBFL0_table,CDBFL0_table,CDBFL0,,top-level-definition,2,"[5,13]",DBFL_PTS;XMACH1_PTS,25,"[15.0,4.0]",0.0012674,
CDBFL0_table,CDBFL0_table,CDBFL0,,top-level-definition,2,"[5,13]",DBFL_PTS;XMACH1_PTS,26,"[30.0,0.3]",0.0094981,
CDBFL0_table,CDBFL0_table,CDBFL0,,top-level-definition,2,"[5,13]",DBFL_PTS;XMACH1_PTS,27,"[30.0,0.6]",0.011271,
CDBFL0_table,CDBFL0_table,CDBFL0,,top-level-definition,2,"[5,13]",DBFL_PTS;XMACH1_PTS,28,"[30.0,0.8]",0.012296,
CDBFL0_table,CDBFL0_table,CDBFL0,,top-level-definition,2,"[5,13]",DBFL_PTS;XMACH1_PTS,29,"[30.0,0.9]",0.01332,
CDBFL0_table,CDBFL0_table,CDBFL0,,top-level-definition,2,"[5,13]",DBFL_PTS;XMACH1_PTS,30,"[30.0,0.95]",0.014857,
CDBFL0_table,CDBFL0_table,CDBFL0,,top-level-definition,2,"[5,13]",DBFL_PTS;XMACH1_PTS,31,"[30.0,1.1]",0.014939,
CDBFL0_table,CDBFL0_table,CDBFL0,,top-level-definition,2,"[5,13]",DBFL_PTS;XMACH1_PTS,32,"[30.0,1.2]",0.014994,
CDBFL0_table,CDBFL0_table,CDBFL0,,top-level-definition,2,"[5,13]",DBFL_PTS;XMACH1_PTS,33,"[30.0,1.6]",0.015211,
CDBFL0_table,CDBFL0_table,CDBFL0,,top-level-definition,2,"[5,13]",DBFL_PTS;XMACH1_PTS,34,"[30.0,2.0]",0.012251,
CDBFL0_table,CDBFL0_table,CDBFL0,,top-level-definition,2,"[5,13]",DBFL_PTS;XMACH1_PTS,35,"[30.0,2.5]",0.010635,
CDBFL0_table,CDBFL0_table,CDBFL0,,top-level-definition,2,"[5,13]",DBFL_PTS;XMACH1_PTS,36,"[30.0,3.0]",0.0058745,
CDBFL0_table,CDBFL0_table,CDBFL0,,top-level-definition,2,"[5,13]",DBFL_PTS;XMACH1_PTS,37,"[30.0,3.5]",0.0045952,
CDBFL0_table,CDBFL0_table,CDBFL0,,top-level-definition,2,"[5,13]",DBFL_PTS;XMACH1_PTS,38,"[30.0,4.0]",0.004285,
CDBFL0_table,CDBFL0_table,CDBFL0,,top-level-definition,2,"[5,13]",DBFL_PTS;XMACH1_PTS,39,"[45.0,0.3]",0.020327,
CDBFL0_table,CDBFL0_table,CDBFL0,,top-level-definition,2,"[5,13]",DBFL_PTS;XMACH1_PTS,40,"[45.0,0.6]",0.024121,
CDBFL0_table,CDBFL0_table,CDBFL0,,top-level-definition,2,"[5,13]",DBFL_PTS;XMACH1_PTS,41,"[45.0,0.8]",0.026314,
CDBFL0_table,CDBFL0_table,CDBFL0,,top-level-definition,2,"[5,13]",DBFL_PTS;XMACH1_PTS,42,"[45.0,0.9]",0.028507,
CDBFL0_table,CDBFL0_table,CDBFL0,,top-level-definition,2,"[5,13]",DBFL_PTS;XMACH1_PTS,43,"[45.0,0.95]",0.031796,
CDBFL0_table,CDBFL0_table,CDBFL0,,top-level-definition,2,"[5,13]",DBFL_PTS;XMACH1_PTS,44,"[45.0,1.1]",0.029725,
CDBFL0_table,CDBFL0_table,CDBFL0,,top-level-definition,2,"[5,13]",DBFL_PTS;XMACH1_PTS,45,"[45.0,1.2]",0.028343,
CDBFL0_table,CDBFL0_table,CDBFL0,,top-level-definition,2,"[5,13]",DBFL_PTS;XMACH1_PTS,46,"[45.0,1.6]",0.022817,
CDBFL0_table,CDBFL0_table,CDBFL0,,top-level-definition,2,"[5,13]",DBFL_PTS;XMACH1_PTS,47,"[45.0,2.0]",0.018377,
CDBFL0_table,CDBFL0_table,CDBFL0,,top-level-definition,2,"[5,13]",DBFL_PTS;XMACH1_PTS,48,"[45.0,2.5]",0.015952,
CDBFL0_table,CDBFL0_table,CDBFL0,,top-level-definition,2,"[5,13]",DBFL_PTS;XMACH1_PTS,49,"[45.0,3.0]",0.0088118,
CDBFL0_table,CDBFL0_table,CDBFL0,,top-level-definition,2,"[5,13]",DBFL_PTS;XMACH1_PTS,50,"[45.0,3.5]",0.0068928,
CDBFL0_table,CDBFL0_table,CDBFL0,,top-level-definition,2,"[5,13]",DBFL_PTS;XMACH1_PTS,51,"[45.0,4.0]",0.0064275,
CDBFL0_table,CDBFL0_table,CDBFL0,,top-level-definition,2,"[5,13]",DBFL_PTS;XMACH1_PTS,52,"[60.0,0.3]",0.028995,
CDBFL0_table,CDBFL0_table,CDBFL0,,top-level-definition,2,"[5,13]",DBFL_PTS;XMACH1_PTS,53,"[60.0,0.6]",0.034407,
CDBFL0_table,CDBFL0_table,CDBFL0,,top-level-definition,2,"[5,13]",DBFL_PTS;XMACH1_PTS,54,"[60.0,0.8]",0.037535,
CDBFL0_table,CDBFL0_table,CDBFL0,,top-level-definition,2,"[5,13]",DBFL_PTS;XMACH1_PTS,55,"[60.0,0.9]",0.040663,
CDBFL0_table,CDBFL0_table,CDBFL0,,top-level-definition,2,"[5,13]",DBFL_PTS;XMACH1_PTS,56,"[60.0,0.95]",0.045355,
CDBFL0_table,CDBFL0_table,CDBFL0,,top-level-definition,2,"[5,13]",DBFL_PTS;XMACH1_PTS,57,"[60.0,1.1]",0.041715,
CDBFL0_table,CDBFL0_table,CDBFL0,,top-level-definition,2,"[5,13]",DBFL_PTS;XMACH1_PTS,58,"[60.0,1.2]",0.039287,
CDBFL0_table,CDBFL0_table,CDBFL0,,top-level-definition,2,"[5,13]",DBFL_PTS;XMACH1_PTS,59,"[60.0,1.6]",0.029577,
CDBFL0_table,CDBFL0_table,CDBFL0,,top-level-definition,2,"[5,13]",DBFL_PTS;XMACH1_PTS,60,"[60.0,2.0]",0.023822,
CDBFL0_table,CDBFL0_table,CDBFL0,,top-level-definition,2,"[5,13]",DBFL_PTS;XMACH1_PTS,61,"[60.0,2.5]",0.020678,
CDBFL0_table,CDBFL0_table,CDBFL0,,top-level-definition,2,"[5,13]",DBFL_PTS;XMACH1_PTS,62,"[60.0,3.0]",0.011422,
CDBFL0_table,CDBFL0_table,CDBFL0,,top-level-definition,2,"[5,13]",DBFL_PTS;XMACH1_PTS,63,"[60.0,3.5]",0.0089349,
CDBFL0_table,CDBFL0_table,CDBFL0,,top-level-definition,2,"[5,13]",DBFL_PTS;XMACH1_PTS,64,"[60.0,4.0]",0.0083317,
CDBFL1_table,CDBFL1_table,CDBFL1,,top-level-definition,2,"[5,13]",DBFL_PTS;XMACH1_PTS,0,"[0.0,0.3]",0.0,
CDBFL1_table,CDBFL1_table,CDBFL1,,top-level-definition,2,"[5,13]",DBFL_PTS;XMACH1_PTS,1,"[0.0,0.6]",0.0,
CDBFL1_table,CDBFL1_table,CDBFL1,,top-level-definition,2,"[5,13]",DBFL_PTS;XMACH1_PTS,2,"[0.0,0.8]",0.0,
CDBFL1_table,CDBFL1_table,CDBFL1,,top-level-definition,2,"[5,13]",DBFL_PTS;XMACH1_PTS,3,"[0.0,0.9]",0.0,
CDBFL1_table,CDBFL1_table,CDBFL1,,top-level-definition,2,"[5,13]",DBFL_PTS;XMACH1_PTS,4,"[0.0,0.95]",0.0,
CDBFL1_table,CDBFL1_table,CDBFL1,,top-level-definition,2,"[5,13]",DBFL_PTS;XMACH1_PTS,5,"[0.0,1.1]",0.0,
CDBFL1_table,CDBFL1_table,CDBFL1,,top-level-definition,2,"[5,13]",DBFL_PTS;XMACH1_PTS,6,"[0.0,1.2]",0.0,
CDBFL1_table,CDBFL1_table,CDBFL1,,top-level-definition,2,"[5,13]",DBFL_PTS;XMACH1_PTS,7,"[0.0,1.6]",0.0,
CDBFL1_table,CDBFL1_table,CDBFL1,,top-level-definition,2,"[5,13]",DBFL_PTS;XMACH1_PTS,8,"[0.0,2.0]",0.0,
CDBFL1_table,CDBFL1_table,CDBFL1,,top-level-definition,2,"[5,13]",DBFL_PTS;XMACH1_PTS,9,"[0.0,2.5]",0.0,
CDBFL1_table,CDBFL1_table,CDBFL1,,top-level-definition,2,"[5,13]",DBFL_PTS;XMACH1_PTS,10,"[0.0,3.0]",0.0,
CDBFL1_table,CDBFL1_table,CDBFL1,,top-level-definition,2,"[5,13]",DBFL_PTS;XMACH1_PTS,11,"[0.0,3.5]",0.0,
CDBFL1_table,CDBFL1_table,CDBFL1,,top-level-definition,2,"[5,13]",DBFL_PTS;XMACH1_PTS,12,"[0.0,4.0]",0.0,
CDBFL1_table,CDBFL1_table,CDBFL1,,top-level-definition,2,"[5,13]",DBFL_PTS;XMACH1_PTS,13,"[15.0,0.3]",0.00069679,
CDBFL1_table,CDBFL1_table,CDBFL1,,top-level-definition,2,"[5,13]",DBFL_PTS;XMACH1_PTS,14,"[15.0,0.6]",0.00082686,
CDBFL1_table,CDBFL1_table,CDBFL1,,top-level-definition,2,"[5,13]",DBFL_PTS;XMACH1_PTS,15,"[15.0,0.8]",0.00090203,
CDBFL1_table,CDBFL1_table,CDBFL1,,top-level-definition,2,"[5,13]",DBFL_PTS;XMACH1_PTS,16,"[15.0,0.9]",0.0009772,
CDBFL1_table,CDBFL1_table,CDBFL1,,top-level-definition,2,"[5,13]",DBFL_PTS;XMACH1_PTS,17,"[15.0,0.95]",0.00109,
CDBFL1_table,CDBFL1_table,CDBFL1,,top-level-definition,2,"[5,13]",DBFL_PTS;XMACH1_PTS,18,"[15.0,1.1]",0.0010363,
CDBFL1_table,CDBFL1_table,CDBFL1,,top-level-definition,2,"[5,13]",DBFL_PTS;XMACH1_PTS,19,"[15.0,1.2]",0.0010005,
CDBFL1_table,CDBFL1_table,CDBFL1,,top-level-definition,2,"[5,13]",DBFL_PTS;XMACH1_PTS,20,"[15.0,1.6]",0.00085726,
CDBFL1_table,CDBFL1_table,CDBFL1,,top-level-definition,2,"[5,13]",DBFL_PTS;XMACH1_PTS,21,"[15.0,2.0]",0.00036506,
CDBFL1_table,CDBFL1_table,CDBFL1,,top-level-definition,2,"[5,13]",DBFL_PTS;XMACH1_PTS,22,"[15.0,2.5]",0.00021827,
CDBFL1_table,CDBFL1_table,CDBFL1,,top-level-definition,2,"[5,13]",DBFL_PTS;XMACH1_PTS,23,"[15.0,3.0]",4.8645e-05,
CDBFL1_table,CDBFL1_table,CDBFL1,,top-level-definition,2,"[5,13]",DBFL_PTS;XMACH1_PTS,24,"[15.0,3.5]",0.00010671,
CDBFL1_table,CDBFL1_table,CDBFL1,,top-level-definition,2,"[5,13]",DBFL_PTS;XMACH1_PTS,25,"[15.0,4.0]",4.9166e-05,
CDBFL1_table,CDBFL1_table,CDBFL1,,top-level-definition,2,"[5,13]",DBFL_PTS;XMACH1_PTS,26,"[30.0,0.3]",0.0007043,
CDBFL1_table,CDBFL1_table,CDBFL1,,top-level-definition,2,"[5,13]",DBFL_PTS;XMACH1_PTS,27,"[30.0,0.6]",0.00083577,
CDBFL1_table,CDBFL1_table,CDBFL1,,top-level-definition,2,"[5,13]",DBFL_PTS;XMACH1_PTS,28,"[30.0,0.8]",0.00091175,
CDBFL1_table,CDBFL1_table,CDBFL1,,top-level-definition,2,"[5,13]",DBFL_PTS;XMACH1_PTS,29,"[30.0,0.9]",0.00098773,
CDBFL1_table,CDBFL1_table,CDBFL1,,top-level-definition,2,"[5,13]",DBFL_PTS;XMACH1_PTS,30,"[30.0,0.95]",0.0011017,
CDBFL1_table,CDBFL1_table,CDBFL1,,top-level-definition,2,"[5,13]",DBFL_PTS;XMACH1_PTS,31,"[30.0,1.1]",0.0011995,
CDBFL1_table,CDBFL1_table,CDBFL1,,top-level-definition,2,"[5,13]",DBFL_PTS;XMACH1_PTS,32,"[30.0,1.2]",0.0012648,
CDBFL1_table,CDBFL1_table,CDBFL1,,top-level-definition,2,"[5,13]",DBFL_PTS;XMACH1_PTS,33,"[30.0,1.6]",0.0015258,
CDBFL1_table,CDBFL1_table,CDBFL1,,top-level-definition,2,"[5,13]",DBFL_PTS;XMACH1_PTS,34,"[30.0,2.0]",0.00089933,
CDBFL1_table,CDBFL1_table,CDBFL1,,top-level-definition,2,"[5,13]",DBFL_PTS;XMACH1_PTS,35,"[30.0,2.5]",0.00041097,
CDBFL1_table,CDBFL1_table,CDBFL1,,top-level-definition,2,"[5,13]",DBFL_PTS;XMACH1_PTS,36,"[30.0,3.0]",0.00021103,
CDBFL1_table,CDBFL1_table,CDBFL1,,top-level-definition,2,"[5,13]",DBFL_PTS;XMACH1_PTS,37,"[30.0,3.5]",0.00023942,
CDBFL1_table,CDBFL1_table,CDBFL1,,top-level-definition,2,"[5,13]",DBFL_PTS;XMACH1_PTS,38,"[30.0,4.0]",0.00013376,
CDBFL1_table,CDBFL1_table,CDBFL1,,top-level-definition,2,"[5,13]",DBFL_PTS;XMACH1_PTS,39,"[45.0,0.3]",0.0021376,
CDBFL1_table,CDBFL1_table,CDBFL1,,top-level-definition,2,"[5,13]",DBFL_PTS;XMACH1_PTS,40,"[45.0,0.6]",0.0025366,
CDBFL1_table,CDBFL1_table,CDBFL1,,top-level-definition,2,"[5,13]",DBFL_PTS;XMACH1_PTS,41,"[45.0,0.8]",0.0027672,
CDBFL1_table,CDBFL1_table,CDBFL1,,top-level-definition,2,"[5,13]",DBFL_PTS;XMACH1_PTS,42,"[45.0,0.9]",0.0029978,
CDBFL1_table,CDBFL1_table,CDBFL1,,top-level-definition,2,"[5,13]",DBFL_PTS;XMACH1_PTS,43,"[45.0,0.95]",0.0033437,
CDBFL1_table,CDBFL1_table,CDBFL1,,top-level-definition,2,"[5,13]",DBFL_PTS;XMACH1_PTS,44,"[45.0,1.1]",0.0031003,
CDBFL1_table,CDBFL1_table,CDBFL1,,top-level-definition,2,"[5,13]",DBFL_PTS;XMACH1_PTS,45,"[45.0,1.2]",0.0029379,
CDBFL1_table,CDBFL1_table,CDBFL1,,top-level-definition,2,"[5,13]",DBFL_PTS;XMACH1_PTS,46,"[45.0,1.6]",0.0022887,
CDBFL1_table,CDBFL1_table,CDBFL1,,top-level-definition,2,"[5,13]",DBFL_PTS;XMACH1_PTS,47,"[45.0,2.0]",0.001349,
CDBFL1_table,CDBFL1_table,CDBFL1,,top-level-definition,2,"[5,13]",DBFL_PTS;XMACH1_PTS,48,"[45.0,2.5]",0.00061645,
CDBFL1_table,CDBFL1_table,CDBFL1,,top-level-definition,2,"[5,13]",DBFL_PTS;XMACH1_PTS,49,"[45.0,3.0]",0.00031654,
CDBFL1_table,CDBFL1_table,CDBFL1,,top-level-definition,2,"[5,13]",DBFL_PTS;XMACH1_PTS,50,"[45.0,3.5]",0.00035912,
CDBFL1_table,CDBFL1_table,CDBFL1,,top-level-definition,2,"[5,13]",DBFL_PTS;XMACH1_PTS,51,"[45.0,4.0]",0.00020064,
CDBFL1_table,CDBFL1_table,CDBFL1,,top-level-definition,2,"[5,13]",DBFL_PTS;XMACH1_PTS,52,"[60.0,0.3]",0.0021071,
CDBFL1_table,CDBFL1_table,CDBFL1,,top-level-definition,2,"[5,13]",DBFL_PTS;XMACH1_PTS,53,"[60.0,0.6]",0.0025004,
CDBFL1_table,CDBFL1_table,CDBFL1,,top-level-definition,2,"[5,13]",DBFL_PTS;XMACH1_PTS,54,"[60.0,0.8]",0.0027277,
CDBFL1_table,CDBFL1_table,CDBFL1,,top-level-definition,2,"[5,13]",DBFL_PTS;XMACH1_PTS,55,"[60.0,0.9]",0.002955,
CDBFL1_table,CDBFL1_table,CDBFL1,,top-level-definition,2,"[5,13]",DBFL_PTS;XMACH1_PTS,56,"[60.0,0.95]",0.003296,
CDBFL1_table,CDBFL1_table,CDBFL1,,top-level-definition,2,"[5,13]",DBFL_PTS;XMACH1_PTS,57,"[60.0,1.1]",0.00322,
CDBFL1_table,CDBFL1_table,CDBFL1,,top-level-definition,2,"[5,13]",DBFL_PTS;XMACH1_PTS,58,"[60.0,1.2]",0.0031693,
CDBFL1_table,CDBFL1_table,CDBFL1,,top-level-definition,2,"[5,13]",DBFL_PTS;XMACH1_PTS,59,"[60.0,1.6]",0.0029667,
CDBFL1_table,CDBFL1_table,CDBFL1,,top-level-definition,2,"[5,13]",DBFL_PTS;XMACH1_PTS,60,"[60.0,2.0]",0.0017487,
CDBFL1_table,CDBFL1_table,CDBFL1,,top-level-definition,2,"[5,13]",DBFL_PTS;XMACH1_PTS,61,"[60.0,2.5]",0.00079909,
CDBFL1_table,CDBFL1_table,CDBFL1,,top-level-definition,2,"[5,13]",DBFL_PTS;XMACH1_PTS,62,"[60.0,3.0]",0.00041032,
CDBFL1_table,CDBFL1_table,CDBFL1,,top-level-definition,2,"[5,13]",DBFL_PTS;XMACH1_PTS,63,"[60.0,3.5]",0.00046552,
CDBFL1_table,CDBFL1_table,CDBFL1,,top-level-definition,2,"[5,13]",DBFL_PTS;XMACH1_PTS,64,"[60.0,4.0]",0.00026008,
CDBFL2_table,CDBFL2_table,CDBFL2,,top-level-definition,2,"[5,13]",DBFL_PTS;XMACH1_PTS,0,"[0.0,0.3]",0.0,
CDBFL2_table,CDBFL2_table,CDBFL2,,top-level-definition,2,"[5,13]",DBFL_PTS;XMACH1_PTS,1,"[0.0,0.6]",0.0,
CDBFL2_table,CDBFL2_table,CDBFL2,,top-level-definition,2,"[5,13]",DBFL_PTS;XMACH1_PTS,2,"[0.0,0.8]",0.0,
CDBFL2_table,CDBFL2_table,CDBFL2,,top-level-definition,2,"[5,13]",DBFL_PTS;XMACH1_PTS,3,"[0.0,0.9]",0.0,
CDBFL2_table,CDBFL2_table,CDBFL2,,top-level-definition,2,"[5,13]",DBFL_PTS;XMACH1_PTS,4,"[0.0,0.95]",0.0,
CDBFL2_table,CDBFL2_table,CDBFL2,,top-level-definition,2,"[5,13]",DBFL_PTS;XMACH1_PTS,5,"[0.0,1.1]",0.0,
CDBFL2_table,CDBFL2_table,CDBFL2,,top-level-definition,2,"[5,13]",DBFL_PTS;XMACH1_PTS,6,"[0.0,1.2]",0.0,
CDBFL2_table,CDBFL2_table,CDBFL2,,top-level-definition,2,"[5,13]",DBFL_PTS;XMACH1_PTS,7,"[0.0,1.6]",0.0,
CDBFL2_table,CDBFL2_table,CDBFL2,,top-level-definition,2,"[5,13]",DBFL_PTS;XMACH1_PTS,8,"[0.0,2.0]",0.0,
CDBFL2_table,CDBFL2_table,CDBFL2,,top-level-definition,2,"[5,13]",DBFL_PTS;XMACH1_PTS,9,"[0.0,2.5]",0.0,
CDBFL2_table,CDBFL2_table,CDBFL2,,top-level-definition,2,"[5,13]",DBFL_PTS;XMACH1_PTS,10,"[0.0,3.0]",0.0,
CDBFL2_table,CDBFL2_table,CDBFL2,,top-level-definition,2,"[5,13]",DBFL_PTS;XMACH1_PTS,11,"[0.0,3.5]",0.0,
CDBFL2_table,CDBFL2_table,CDBFL2,,top-level-definition,2,"[5,13]",DBFL_PTS;XMACH1_PTS,12,"[0.0,4.0]",0.0,
CDBFL2_table,CDBFL2_table,CDBFL2,,top-level-definition,2,"[5,13]",DBFL_PTS;XMACH1_PTS,13,"[15.0,0.3]",-2.4105e-05,
CDBFL2_table,CDBFL2_table,CDBFL2,,top-level-definition,2,"[5,13]",DBFL_PTS;XMACH1_PTS,14,"[15.0,0.6]",-2.8604e-05,
CDBFL2_table,CDBFL2_table,CDBFL2,,top-level-definition,2,"[5,13]",DBFL_PTS;XMACH1_PTS,15,"[15.0,0.8]",-3.1205e-05,
CDBFL2_table,CDBFL2_table,CDBFL2,,top-level-definition,2,"[5,13]",DBFL_PTS;XMACH1_PTS,16,"[15.0,0.9]",-3.3805e-05,
CDBFL2_table,CDBFL2_table,CDBFL2,,top-level-definition,2,"[5,13]",DBFL_PTS;XMACH1_PTS,17,"[15.0,0.95]",-3.7706e-05,
CDBFL2_table,CDBFL2_table,CDBFL2,,top-level-definition,2,"[5,13]",DBFL_PTS;XMACH1_PTS,18,"[15.0,1.1]",-5.1513e-05,
CDBFL2_table,CDBFL2_table,CDBFL2,,top-level-definition,2,"[5,13]",DBFL_PTS;XMACH1_PTS,19,"[15.0,1.2]",-6.0724e-05,
CDBFL2_table,CDBFL2_table,CDBFL2,,top-level-definition,2,"[5,13]",DBFL_PTS;XMACH1_PTS,20,"[15.0,1.6]",-9.7557e-05,
CDBFL2_table,CDBFL2_table,CDBFL2,,top-level-definition,2,"[5,13]",DBFL_PTS;XMACH1_PTS,21,"[15.0,2.0]",-3.2389e-05,
CDBFL2_table,CDBFL2_table,CDBFL2,,top-level-definition,2,"[5,13]",DBFL_PTS;XMACH1_PTS,22,"[15.0,2.5]",-6.7905e-06,
CDBFL2_table,CDBFL2_table,CDBFL2,,top-level-definition,2,"[5,13]",DBFL_PTS;XMACH1_PTS,23,"[15.0,3.0]",1.7486e-05,
CDBFL2_table,CDBFL2_table,CDBFL2,,top-level-definition,2,"[5,13]",DBFL_PTS;XMACH1_PTS,24,"[15.0,3.5]",8.866e-06,
CDBFL2_table,CDBFL2_table,CDBFL2,,top-level-definition,2,"[5,13]",DBFL_PTS;XMACH1_PTS,25,"[15.0,4.0]",1.3262e-05,
CDBFL2_table,CDBFL2_table,CDBFL2,,top-level-definition,2,"[5,13]",DBFL_PTS;XMACH1_PTS,26,"[30.0,0.3]",3.0714e-05,
CDBFL2_table,CDBFL2_table,CDBFL2,,top-level-definition,2,"[5,13]",DBFL_PTS;XMACH1_PTS,27,"[30.0,0.6]",3.6448e-05,
CDBFL2_table,CDBFL2_table,CDBFL2,,top-level-definition,2,"[5,13]",DBFL_PTS;XMACH1_PTS,28,"[30.0,0.8]",3.9761e-05,
CDBFL2_table,CDBFL2_table,CDBFL2,,top-level-definition,2,"[5,13]",DBFL_PTS;XMACH1_PTS,29,"[30.0,0.9]",4.3074e-05,
CDBFL2_table,CDBFL2_table,CDBFL2,,top-level-definition,2,"[5,13]",DBFL_PTS;XMACH1_PTS,30,"[30.0,0.95]",4.8045e-05,
CDBFL2_table,CDBFL2_table,CDBFL2,,top-level-definition,2,"[5,13]",DBFL_PTS;XMACH1_PTS,31,"[30.0,1.1]",1.4996e-06,
CDBFL2_table,CDBFL2_table,CDBFL2,,top-level-definition,2,"[5,13]",DBFL_PTS;XMACH1_PTS,32,"[30.0,1.2]",-2.9551e-05,
CDBFL2_table,CDBFL2_table,CDBFL2,,top-level-definition,2,"[5,13]",DBFL_PTS;XMACH1_PTS,33,"[30.0,1.6]",-0.00015371,
CDBFL2_table,CDBFL2_table,CDBFL2,,top-level-definition,2,"[5,13]",DBFL_PTS;XMACH1_PTS,34,"[30.0,2.0]",-8.9467e-05,
CDBFL2_table,CDBFL2_table,CDBFL2,,top-level-definition,2,"[5,13]",DBFL_PTS;XMACH1_PTS,35,"[30.0,2.5]",7.7263e-07,
CDBFL2_table,CDBFL2_table,CDBFL2,,top-level-definition,2,"[5,13]",DBFL_PTS;XMACH1_PTS,36,"[30.0,3.0]",2.6481e-05,
CDBFL2_table,CDBFL2_table,CDBFL2,,top-level-definition,2,"[5,13]",DBFL_PTS;XMACH1_PTS,37,"[30.0,3.5]",2.6738e-05,
CDBFL2_table,CDBFL2_table,CDBFL2,,top-level-definition,2,"[5,13]",DBFL_PTS;XMACH1_PTS,38,"[30.0,4.0]",3.4985e-05,
CDBFL2_table,CDBFL2_table,CDBFL2,,top-level-definition,2,"[5,13]",DBFL_PTS;XMACH1_PTS,39,"[45.0,0.3]",-7.2343e-05,
CDBFL2_table,CDBFL2_table,CDBFL2,,top-level-definition,2,"[5,13]",DBFL_PTS;XMACH1_PTS,40,"[45.0,0.6]",-8.5847e-05,
CDBFL2_table,CDBFL2_table,CDBFL2,,top-level-definition,2,"[5,13]",DBFL_PTS;XMACH1_PTS,41,"[45.0,0.8]",-9.3651e-05,
CDBFL2_table,CDBFL2_table,CDBFL2,,top-level-definition,2,"[5,13]",DBFL_PTS;XMACH1_PTS,42,"[45.0,0.9]",-0.00010146,
CDBFL2_table,CDBFL2_table,CDBFL2,,top-level-definition,2,"[5,13]",DBFL_PTS;XMACH1_PTS,43,"[45.0,0.95]",-0.00011316,
CDBFL2_table,CDBFL2_table,CDBFL2,,top-level-definition,2,"[5,13]",DBFL_PTS;XMACH1_PTS,44,"[45.0,1.1]",-0.00014025,
CDBFL2_table,CDBFL2_table,CDBFL2,,top-level-definition,2,"[5,13]",DBFL_PTS;XMACH1_PTS,45,"[45.0,1.2]",-0.00015832,
CDBFL2_table,CDBFL2_table,CDBFL2,,top-level-definition,2,"[5,13]",DBFL_PTS;XMACH1_PTS,46,"[45.0,1.6]",-0.00023057,
CDBFL2_table,CDBFL2_table,CDBFL2,,top-level-definition,2,"[5,13]",DBFL_PTS;XMACH1_PTS,47,"[45.0,2.0]",-0.0001342,
CDBFL2_table,CDBFL2_table,CDBFL2,,top-level-definition,2,"[5,13]",DBFL_PTS;XMACH1_PTS,48,"[45.0,2.5]",1.1589e-06,
CDBFL2_table,CDBFL2_table,CDBFL2,,top-level-definition,2,"[5,13]",DBFL_PTS;XMACH1_PTS,49,"[45.0,3.0]",3.9721e-05,
CDBFL2_table,CDBFL2_table,CDBFL2,,top-level-definition,2,"[5,13]",DBFL_PTS;XMACH1_PTS,50,"[45.0,3.5]",4.0107e-05,
CDBFL2_table,CDBFL2_table,CDBFL2,,top-level-definition,2,"[5,13]",DBFL_PTS;XMACH1_PTS,51,"[45.0,4.0]",5.2478e-05,
CDBFL2_table,CDBFL2_table,CDBFL2,,top-level-definition,2,"[5,13]",DBFL_PTS;XMACH1_PTS,52,"[60.0,0.3]",-5.6284e-05,
CDBFL2_table,CDBFL2_table,CDBFL2,,top-level-definition,2,"[5,13]",DBFL_PTS;XMACH1_PTS,53,"[60.0,0.6]",-6.6791e-05,
CDBFL2_table,CDBFL2_table,CDBFL2,,top-level-definition,2,"[5,13]",DBFL_PTS;XMACH1_PTS,54,"[60.0,0.8]",-7.2863e-05,
CDBFL2_table,CDBFL2_table,CDBFL2,,top-level-definition,2,"[5,13]",DBFL_PTS;XMACH1_PTS,55,"[60.0,0.9]",-7.8935e-05,
CDBFL2_table,CDBFL2_table,CDBFL2,,top-level-definition,2,"[5,13]",DBFL_PTS;XMACH1_PTS,56,"[60.0,0.95]",-8.8043e-05,
CDBFL2_table,CDBFL2_table,CDBFL2,,top-level-definition,2,"[5,13]",DBFL_PTS;XMACH1_PTS,57,"[60.0,1.1]",-0.00013668,
CDBFL2_table,CDBFL2_table,CDBFL2,,top-level-definition,2,"[5,13]",DBFL_PTS;XMACH1_PTS,58,"[60.0,1.2]",-0.00016913,
CDBFL2_table,CDBFL2_table,CDBFL2,,top-level-definition,2,"[5,13]",DBFL_PTS;XMACH1_PTS,59,"[60.0,1.6]",-0.00029888,
CDBFL2_table,CDBFL2_table,CDBFL2,,top-level-definition,2,"[5,13]",DBFL_PTS;XMACH1_PTS,60,"[60.0,2.0]",-0.00017396,
CDBFL2_table,CDBFL2_table,CDBFL2,,top-level-definition,2,"[5,13]",DBFL_PTS;XMACH1_PTS,61,"[60.0,2.5]",1.5023e-06,
CDBFL2_table,CDBFL2_table,CDBFL2,,top-level-definition,2,"[5,13]",DBFL_PTS;XMACH1_PTS,62,"[60.0,3.0]",5.149e-05,
CDBFL2_table,CDBFL2_table,CDBFL2,,top-level-definition,2,"[5,13]",DBFL_PTS;XMACH1_PTS,63,"[60.0,3.5]",5.1989e-05,
CDBFL2_table,CDBFL2_table,CDBFL2,,top-level-definition,2,"[5,13]",DBFL_PTS;XMACH1_PTS,64,"[60.0,4.0]",6.8025e-05,
CDBFL3_table,CDBFL3_table,CDBFL3,,top-level-definition,2,"[5,13]",DBFL_PTS;XMACH1_PTS,0,"[0.0,0.3]",0.0,
CDBFL3_table,CDBFL3_table,CDBFL3,,top-level-definition,2,"[5,13]",DBFL_PTS;XMACH1_PTS,1,"[0.0,0.6]",0.0,
CDBFL3_table,CDBFL3_table,CDBFL3,,top-level-definition,2,"[5,13]",DBFL_PTS;XMACH1_PTS,2,"[0.0,0.8]",0.0,
CDBFL3_table,CDBFL3_table,CDBFL3,,top-level-definition,2,"[5,13]",DBFL_PTS;XMACH1_PTS,3,"[0.0,0.9]",0.0,
CDBFL3_table,CDBFL3_table,CDBFL3,,top-level-definition,2,"[5,13]",DBFL_PTS;XMACH1_PTS,4,"[0.0,0.95]",0.0,
CDBFL3_table,CDBFL3_table,CDBFL3,,top-level-definition,2,"[5,13]",DBFL_PTS;XMACH1_PTS,5,"[0.0,1.1]",0.0,
CDBFL3_table,CDBFL3_table,CDBFL3,,top-level-definition,2,"[5,13]",DBFL_PTS;XMACH1_PTS,6,"[0.0,1.2]",0.0,
CDBFL3_table,CDBFL3_table,CDBFL3,,top-level-definition,2,"[5,13]",DBFL_PTS;XMACH1_PTS,7,"[0.0,1.6]",0.0,
CDBFL3_table,CDBFL3_table,CDBFL3,,top-level-definition,2,"[5,13]",DBFL_PTS;XMACH1_PTS,8,"[0.0,2.0]",0.0,
CDBFL3_table,CDBFL3_table,CDBFL3,,top-level-definition,2,"[5,13]",DBFL_PTS;XMACH1_PTS,9,"[0.0,2.5]",0.0,
CDBFL3_table,CDBFL3_table,CDBFL3,,top-level-definition,2,"[5,13]",DBFL_PTS;XMACH1_PTS,10,"[0.0,3.0]",0.0,
CDBFL3_table,CDBFL3_table,CDBFL3,,top-level-definition,2,"[5,13]",DBFL_PTS;XMACH1_PTS,11,"[0.0,3.5]",0.0,
CDBFL3_table,CDBFL3_table,CDBFL3,,top-level-definition,2,"[5,13]",DBFL_PTS;XMACH1_PTS,12,"[0.0,4.0]",0.0,
CDBFL3_table,CDBFL3_table,CDBFL3,,top-level-definition,2,"[5,13]",DBFL_PTS;XMACH1_PTS,13,"[15.0,0.3]",3.1998e-07,
CDBFL3_table,CDBFL3_table,CDBFL3,,top-level-definition,2,"[5,13]",DBFL_PTS;XMACH1_PTS,14,"[15.0,0.6]",3.7971e-07,
CDBFL3_table,CDBFL3_table,CDBFL3,,top-level-definition,2,"[5,13]",DBFL_PTS;XMACH1_PTS,15,"[15.0,0.8]",4.1423e-07,
CDBFL3_table,CDBFL3_table,CDBFL3,,top-level-definition,2,"[5,13]",DBFL_PTS;XMACH1_PTS,16,"[15.0,0.9]",4.4875e-07,
CDBFL3_table,CDBFL3_table,CDBFL3,,top-level-definition,2,"[5,13]",DBFL_PTS;XMACH1_PTS,17,"[15.0,0.95]",5.0053e-07,
CDBFL3_table,CDBFL3_table,CDBFL3,,top-level-definition,2,"[5,13]",DBFL_PTS;XMACH1_PTS,18,"[15.0,1.1]",1.1795e-06,
CDBFL3_table,CDBFL3_table,CDBFL3,,top-level-definition,2,"[5,13]",DBFL_PTS;XMACH1_PTS,19,"[15.0,1.2]",1.6324e-06,
CDBFL3_table,CDBFL3_table,CDBFL3,,top-level-definition,2,"[5,13]",DBFL_PTS;XMACH1_PTS,20,"[15.0,1.6]",3.4435e-06,
CDBFL3_table,CDBFL3_table,CDBFL3,,top-level-definition,2,"[5,13]",DBFL_PTS;XMACH1_PTS,21,"[15.0,2.0]",1.7254e-06,
CDBFL3_table,CDBFL3_table,CDBFL3,,top-level-definition,2,"[5,13]",DBFL_PTS;XMACH1_PTS,22,"[15.0,2.5]",5.3028e-07,
CDBFL3_table,CDBFL3_table,CDBFL3,,top-level-definition,2,"[5,13]",DBFL_PTS;XMACH1_PTS,23,"[15.0,3.0]",-3.0253e-07,
CDBFL3_table,CDBFL3_table,CDBFL3,,top-level-definition,2,"[5,13]",DBFL_PTS;XMACH1_PTS,24,"[15.0,3.5]",-4.7982e-08,
CDBFL3_table,CDBFL3_table,CDBFL3,,top-level-definition,2,"[5,13]",DBFL_PTS;XMACH1_PTS,25,"[15.0,4.0]",-4.1384e-08,
CDBFL3_table,CDBFL3_table,CDBFL3,,top-level-definition,2,"[5,13]",DBFL_PTS;XMACH1_PTS,26,"[30.0,0.3]",-1.4665e-06,
CDBFL3_table,CDBFL3_table,CDBFL3,,top-level-definition,2,"[5,13]",DBFL_PTS;XMACH1_PTS,27,"[30.0,0.6]",-1.7403e-06,
CDBFL3_table,CDBFL3_table,CDBFL3,,top-level-definition,2,"[5,13]",DBFL_PTS;XMACH1_PTS,28,"[30.0,0.8]",-1.8985e-06,
CDBFL3_table,CDBFL3_table,CDBFL3,,top-level-definition,2,"[5,13]",DBFL_PTS;XMACH1_PTS,29,"[30.0,0.9]",-2.0567e-06,
CDBFL3_table,CDBFL3_table,CDBFL3,,top-level-definition,2,"[5,13]",DBFL_PTS;XMACH1_PTS,30,"[30.0,0.95]",-2.294e-06,
CDBFL3_table,CDBFL3_table,CDBFL3,,top-level-definition,2,"[5,13]",DBFL_PTS;XMACH1_PTS,31,"[30.0,1.1]",-5.532e-07,
CDBFL3_table,CDBFL3_table,CDBFL3,,top-level-definition,2,"[5,13]",DBFL_PTS;XMACH1_PTS,32,"[30.0,1.2]",6.0811e-07,
CDBFL3_table,CDBFL3_table,CDBFL3,,top-level-definition,2,"[5,13]",DBFL_PTS;XMACH1_PTS,33,"[30.0,1.6]",5.2519e-06,
CDBFL3_table,CDBFL3_table,CDBFL3,,top-level-definition,2,"[5,13]",DBFL_PTS;XMACH1_PTS,34,"[30.0,2.0]",3.7122e-06,
CDBFL3_table,CDBFL3_table,CDBFL3,,top-level-definition,2,"[5,13]",DBFL_PTS;XMACH1_PTS,35,"[30.0,2.5]",3.0645e-07,
CDBFL3_table,CDBFL3_table,CDBFL3,,top-level-definition,2,"[5,13]",DBFL_PTS;XMACH1_PTS,36,"[30.0,3.0]",-3.8742e-07,
CDBFL3_table,CDBFL3_table,CDBFL3,,top-level-definition,2,"[5,13]",DBFL_PTS;XMACH1_PTS,37,"[30.0,3.5]",-3.5833e-07,
CDBFL3_table,CDBFL3_table,CDBFL3,,top-level-definition,2,"[5,13]",DBFL_PTS;XMACH1_PTS,38,"[30.0,4.0]",-3.4278e-07,
CDBFL3_table,CDBFL3_table,CDBFL3,,top-level-definition,2,"[5,13]",DBFL_PTS;XMACH1_PTS,39,"[45.0,0.3]",6.66e-07,
CDBFL3_table,CDBFL3_table,CDBFL3,,top-level-definition,2,"[5,13]",DBFL_PTS;XMACH1_PTS,40,"[45.0,0.6]",7.9033e-07,
CDBFL3_table,CDBFL3_table,CDBFL3,,top-level-definition,2,"[5,13]",DBFL_PTS;XMACH1_PTS,41,"[45.0,0.8]",8.6217e-07,
CDBFL3_table,CDBFL3_table,CDBFL3,,top-level-definition,2,"[5,13]",DBFL_PTS;XMACH1_PTS,42,"[45.0,0.9]",9.3402e-07,
CDBFL3_table,CDBFL3_table,CDBFL3,,top-level-definition,2,"[5,13]",DBFL_PTS;XMACH1_PTS,43,"[45.0,0.95]",1.0418e-06,
CDBFL3_table,CDBFL3_table,CDBFL3,,top-level-definition,2,"[5,13]",DBFL_PTS;XMACH1_PTS,44,"[45.0,1.1]",2.6189e-06,
CDBFL3_table,CDBFL3_table,CDBFL3,,top-level-definition,2,"[5,13]",DBFL_PTS;XMACH1_PTS,45,"[45.0,1.2]",3.6709e-06,
CDBFL3_table,CDBFL3_table,CDBFL3,,top-level-definition,2,"[5,13]",DBFL_PTS;XMACH1_PTS,46,"[45.0,1.6]",7.8778e-06,
CDBFL3_table,CDBFL3_table,CDBFL3,,top-level-definition,2,"[5,13]",DBFL_PTS;XMACH1_PTS,47,"[45.0,2.0]",5.5684e-06,
CDBFL3_table,CDBFL3_table,CDBFL3,,top-level-definition,2,"[5,13]",DBFL_PTS;XMACH1_PTS,48,"[45.0,2.5]",4.5967e-07,
CDBFL3_table,CDBFL3_table,CDBFL3,,top-level-definition,2,"[5,13]",DBFL_PTS;XMACH1_PTS,49,"[45.0,3.0]",-5.8114e-07,
CDBFL3_table,CDBFL3_table,CDBFL3,,top-level-definition,2,"[5,13]",DBFL_PTS;XMACH1_PTS,50,"[45.0,3.5]",-5.3749e-07,
CDBFL3_table,CDBFL3_table,CDBFL3,,top-level-definition,2,"[5,13]",DBFL_PTS;XMACH1_PTS,51,"[45.0,4.0]",-5.1417e-07,
CDBFL3_table,CDBFL3_table,CDBFL3,,top-level-definition,2,"[5,13]",DBFL_PTS;XMACH1_PTS,52,"[60.0,0.3]",1.6263e-07,
CDBFL3_table,CDBFL3_table,CDBFL3,,top-level-definition,2,"[5,13]",DBFL_PTS;XMACH1_PTS,53,"[60.0,0.6]",1.9299e-07,
CDBFL3_table,CDBFL3_table,CDBFL3,,top-level-definition,2,"[5,13]",DBFL_PTS;XMACH1_PTS,54,"[60.0,0.8]",2.1054e-07,
CDBFL3_table,CDBFL3_table,CDBFL3,,top-level-definition,2,"[5,13]",DBFL_PTS;XMACH1_PTS,55,"[60.0,0.9]",2.2808e-07,
CDBFL3_table,CDBFL3_table,CDBFL3,,top-level-definition,2,"[5,13]",DBFL_PTS;XMACH1_PTS,56,"[60.0,0.95]",2.544e-07,
CDBFL3_table,CDBFL3_table,CDBFL3,,top-level-definition,2,"[5,13]",DBFL_PTS;XMACH1_PTS,57,"[60.0,1.1]",2.5515e-06,
CDBFL3_table,CDBFL3_table,CDBFL3,,top-level-definition,2,"[5,13]",DBFL_PTS;XMACH1_PTS,58,"[60.0,1.2]",4.084e-06,
CDBFL3_table,CDBFL3_table,CDBFL3,,top-level-definition,2,"[5,13]",DBFL_PTS;XMACH1_PTS,59,"[60.0,1.6]",1.0212e-05,
CDBFL3_table,CDBFL3_table,CDBFL3,,top-level-definition,2,"[5,13]",DBFL_PTS;XMACH1_PTS,60,"[60.0,2.0]",7.2181e-06,
CDBFL3_table,CDBFL3_table,CDBFL3,,top-level-definition,2,"[5,13]",DBFL_PTS;XMACH1_PTS,61,"[60.0,2.5]",5.9585e-07,
CDBFL3_table,CDBFL3_table,CDBFL3,,top-level-definition,2,"[5,13]",DBFL_PTS;XMACH1_PTS,62,"[60.0,3.0]",-7.5331e-07,
CDBFL3_table,CDBFL3_table,CDBFL3,,top-level-definition,2,"[5,13]",DBFL_PTS;XMACH1_PTS,63,"[60.0,3.5]",-6.9673e-07,
CDBFL3_table,CDBFL3_table,CDBFL3,,top-level-definition,2,"[5,13]",DBFL_PTS;XMACH1_PTS,64,"[60.0,4.0]",-6.6651e-07,
CMBFL0_table,CMBFL0_table,CMBFL0,,top-level-definition,2,"[5,13]",DBFL_PTS;XMACH1_PTS,0,"[0.0,0.3]",0.0,
CMBFL0_table,CMBFL0_table,CMBFL0,,top-level-definition,2,"[5,13]",DBFL_PTS;XMACH1_PTS,1,"[0.0,0.6]",0.0,
CMBFL0_table,CMBFL0_table,CMBFL0,,top-level-definition,2,"[5,13]",DBFL_PTS;XMACH1_PTS,2,"[0.0,0.8]",0.0,
CMBFL0_table,CMBFL0_table,CMBFL0,,top-level-definition,2,"[5,13]",DBFL_PTS;XMACH1_PTS,3,"[0.0,0.9]",0.0,
CMBFL0_table,CMBFL0_table,CMBFL0,,top-level-definition,2,"[5,13]",DBFL_PTS;XMACH1_PTS,4,"[0.0,0.95]",0.0,
CMBFL0_table,CMBFL0_table,CMBFL0,,top-level-definition,2,"[5,13]",DBFL_PTS;XMACH1_PTS,5,"[0.0,1.1]",0.0,
CMBFL0_table,CMBFL0_table,CMBFL0,,top-level-definition,2,"[5,13]",DBFL_PTS;XMACH1_PTS,6,"[0.0,1.2]",0.0,
CMBFL0_table,CMBFL0_table,CMBFL0,,top-level-definition,2,"[5,13]",DBFL_PTS;XMACH1_PTS,7,"[0.0,1.6]",0.0,
CMBFL0_table,CMBFL0_table,CMBFL0,,top-level-definition,2,"[5,13]",DBFL_PTS;XMACH1_PTS,8,"[0.0,2.0]",0.0,
CMBFL0_table,CMBFL0_table,CMBFL0,,top-level-definition,2,"[5,13]",DBFL_PTS;XMACH1_PTS,9,"[0.0,2.5]",0.0,
CMBFL0_table,CMBFL0_table,CMBFL0,,top-level-definition,2,"[5,13]",DBFL_PTS;XMACH1_PTS,10,"[0.0,3.0]",0.0,
CMBFL0_table,CMBFL0_table,CMBFL0,,top-level-definition,2,"[5,13]",DBFL_PTS;XMACH1_PTS,11,"[0.0,3.5]",0.0,
CMBFL0_table,CMBFL0_table,CMBFL0,,top-level-definition,2,"[5,13]",DBFL_PTS;XMACH1_PTS,12,"[0.0,4.0]",0.0,
CMBFL0_table,CMBFL0_table,CMBFL0,,top-level-definition,2,"[5,13]",DBFL_PTS;XMACH1_PTS,13,"[15.0,0.3]",-0.0025705,
CMBFL0_table,CMBFL0_table,CMBFL0,,top-level-definition,2,"[5,13]",DBFL_PTS;XMACH1_PTS,14,"[15.0,0.6]",-0.0030503,
CMBFL0_table,CMBFL0_table,CMBFL0,,top-level-definition,2,"[5,13]",DBFL_PTS;XMACH1_PTS,15,"[15.0,0.8]",-0.0033277,
CMBFL0_table,CMBFL0_table,CMBFL0,,top-level-definition,2,"[5,13]",DBFL_PTS;XMACH1_PTS,16,"[15.0,0.9]",-0.003605,
CMBFL0_table,CMBFL0_table,CMBFL0,,top-level-definition,2,"[5,13]",DBFL_PTS;XMACH1_PTS,17,"[15.0,0.95]",-0.0040209,
CMBFL0_table,CMBFL0_table,CMBFL0,,top-level-definition,2,"[5,13]",DBFL_PTS;XMACH1_PTS,18,"[15.0,1.1]",-0.0039685,
CMBFL0_table,CMBFL0_table,CMBFL0,,top-level-definition,2,"[5,13]",DBFL_PTS;XMACH1_PTS,19,"[15.0,1.2]",-0.0039335,
CMBFL0_table,CMBFL0_table,CMBFL0,,top-level-definition,2,"[5,13]",DBFL_PTS;XMACH1_PTS,20,"[15.0,1.6]",-0.0037936,
CMBFL0_table,CMBFL0_table,CMBFL0,,top-level-definition,2,"[5,13]",DBFL_PTS;XMACH1_PTS,21,"[15.0,2.0]",-0.0037173,
CMBFL0_table,CMBFL0_table,CMBFL0,,top-level-definition,2,"[5,13]",DBFL_PTS;XMACH1_PTS,22,"[15.0,2.5]",-0.0029078,
CMBFL0_table,CMBFL0_table,CMBFL0,,top-level-definition,2,"[5,13]",DBFL_PTS;XMACH1_PTS,23,"[15.0,3.0]",-0.0021732,
CMBFL0_table,CMBFL0_table,CMBFL0,,top-level-definition,2,"[5,13]",DBFL_PTS;XMACH1_PTS,24,"[15.0,3.5]",-0.0016973,
CMBFL0_table,CMBFL0_table,CMBFL0,,top-level-definition,2,"[5,13]",DBFL_PTS;XMACH1_PTS,25,"[15.0,4.0]",-0.0015127,
CMBFL0_table,CMBFL0_table,CMBFL0,,top-level-definition,2,"[5,13]",DBFL_PTS;XMACH1_PTS,26,"[30.0,0.3]",-0.0086708,
CMBFL0_table,CMBFL0_table,CMBFL0,,top-level-definition,2,"[5,13]",DBFL_PTS;XMACH1_PTS,27,"[30.0,0.6]",-0.010289,
CMBFL0_table,CMBFL0_table,CMBFL0,,top-level-definition,2,"[5,13]",DBFL_PTS;XMACH1_PTS,28,"[30.0,0.8]",-0.011225,
CMBFL0_table,CMBFL0_table,CMBFL0,,top-level-definition,2,"[5,13]",DBFL_PTS;XMACH1_PTS,29,"[30.0,0.9]",-0.01216,
CMBFL0_table,CMBFL0_table,CMBFL0,,top-level-definition,2,"[5,13]",DBFL_PTS;XMACH1_PTS,30,"[30.0,0.95]",-0.013563,
CMBFL0_table,CMBFL0_table,CMBFL0,,top-level-definition,2,"[5,13]",DBFL_PTS;XMACH1_PTS,31,"[30.0,1.1]",-0.012416,
CMBFL0_table,CMBFL0_table,CMBFL0,,top-level-definition,2,"[5,13]",DBFL_PTS;XMACH1_PTS,32,"[30.0,1.2]",-0.01165,
CMBFL0_table,CMBFL0_table,CMBFL0,,top-level-definition,2,"[5,13]",DBFL_PTS;XMACH1_PTS,33,"[30.0,1.6]",-0.0085894,
CMBFL0_table,CMBFL0_table,CMBFL0,,top-level-definition,2,"[5,13]",DBFL_PTS;XMACH1_PTS,34,"[30.0,2.0]",-0.0073197,
CMBFL0_table,CMBFL0_table,CMBFL0,,top-level-definition,2,"[5,13]",DBFL_PTS;XMACH1_PTS,35,"[30.0,2.5]",-0.0063068,
CMBFL0_table,CMBFL0_table,CMBFL0,,top-level-definition,2,"[5,13]",DBFL_PTS;XMACH1_PTS,36,"[30.0,3.0]",-0.0050591,
CMBFL0_table,CMBFL0_table,CMBFL0,,top-level-definition,2,"[5,13]",DBFL_PTS;XMACH1_PTS,37,"[30.0,3.5]",-0.0042817,
CMBFL0_table,CMBFL0_table,CMBFL0,,top-level-definition,2,"[5,13]",DBFL_PTS;XMACH1_PTS,38,"[30.0,4.0]",-0.0037826,
CMBFL0_table,CMBFL0_table,CMBFL0,,top-level-definition,2,"[5,13]",DBFL_PTS;XMACH1_PTS,39,"[45.0,0.3]",-0.014813,
CMBFL0_table,CMBFL0_table,CMBFL0,,top-level-definition,2,"[5,13]",DBFL_PTS;XMACH1_PTS,40,"[45.0,0.6]",-0.017579,
CMBFL0_table,CMBFL0_table,CMBFL0,,top-level-definition,2,"[5,13]",DBFL_PTS;XMACH1_PTS,41,"[45.0,0.8]",-0.019177,
CMBFL0_table,CMBFL0_table,CMBFL0,,top-level-definition,2,"[5,13]",DBFL_PTS;XMACH1_PTS,42,"[45.0,0.9]",-0.020775,
CMBFL0_table,CMBFL0_table,CMBFL0,,top-level-definition,2,"[5,13]",DBFL_PTS;XMACH1_PTS,43,"[45.0,0.95]",-0.023172,
CMBFL0_table,CMBFL0_table,CMBFL0,,top-level-definition,2,"[5,13]",DBFL_PTS;XMACH1_PTS,44,"[45.0,1.1]",-0.020798,
CMBFL0_table,CMBFL0_table,CMBFL0,,top-level-definition,2,"[5,13]",DBFL_PTS;XMACH1_PTS,45,"[45.0,1.2]",-0.019215,
CMBFL0_table,CMBFL0_table,CMBFL0,,top-level-definition,2,"[5,13]",DBFL_PTS;XMACH1_PTS,46,"[45.0,1.6]",-0.012884,
CMBFL0_table,CMBFL0_table,CMBFL0,,top-level-definition,2,"[5,13]",DBFL_PTS;XMACH1_PTS,47,"[45.0,2.0]",-0.01098,
CMBFL0_table,CMBFL0_table,CMBFL0,,top-level-definition,2,"[5,13]",DBFL_PTS;XMACH1_PTS,48,"[45.0,2.5]",-0.0094603,
CMBFL0_table,CMBFL0_table,CMBFL0,,top-level-definition,2,"[5,13]",DBFL_PTS;XMACH1_PTS,49,"[45.0,3.0]",-0.0075886,
CMBFL0_table,CMBFL0_table,CMBFL0,,top-level-definition,2,"[5,13]",DBFL_PTS;XMACH1_PTS,50,"[45.0,3.5]",-0.0064226,
CMBFL0_table,CMBFL0_table,CMBFL0,,top-level-definition,2,"[5,13]",DBFL_PTS;XMACH1_PTS,51,"[45.0,4.0]",-0.0056739,
CMBFL0_table,CMBFL0_table,CMBFL0,,top-level-definition,2,"[5,13]",DBFL_PTS;XMACH1_PTS,52,"[60.0,0.3]",-0.019156,
CMBFL0_table,CMBFL0_table,CMBFL0,,top-level-definition,2,"[5,13]",DBFL_PTS;XMACH1_PTS,53,"[60.0,0.6]",-0.022731,
CMBFL0_table,CMBFL0_table,CMBFL0,,top-level-definition,2,"[5,13]",DBFL_PTS;XMACH1_PTS,54,"[60.0,0.8]",-0.024798,
CMBFL0_table,CMBFL0_table,CMBFL0,,top-level-definition,2,"[5,13]",DBFL_PTS;XMACH1_PTS,55,"[60.0,0.9]",-0.026864,
CMBFL0_table,CMBFL0_table,CMBFL0,,top-level-definition,2,"[5,13]",DBFL_PTS;XMACH1_PTS,56,"[60.0,0.95]",-0.029964,
CMBFL0_table,CMBFL0_table,CMBFL0,,top-level-definition,2,"[5,13]",DBFL_PTS;XMACH1_PTS,57,"[60.0,1.1]",-0.026904,
CMBFL0_table,CMBFL0_table,CMBFL0,,top-level-definition,2,"[5,13]",DBFL_PTS;XMACH1_PTS,58,"[60.0,1.2]",-0.024863,
CMBFL0_table,CMBFL0_table,CMBFL0,,top-level-definition,2,"[5,13]",DBFL_PTS;XMACH1_PTS,59,"[60.0,1.6]",-0.016701,
CMBFL0_table,CMBFL0_table,CMBFL0,,top-level-definition,2,"[5,13]",DBFL_PTS;XMACH1_PTS,60,"[60.0,2.0]",-0.014232,
CMBFL0_table,CMBFL0_table,CMBFL0,,top-level-definition,2,"[5,13]",DBFL_PTS;XMACH1_PTS,61,"[60.0,2.5]",-0.012263,
CMBFL0_table,CMBFL0_table,CMBFL0,,top-level-definition,2,"[5,13]",DBFL_PTS;XMACH1_PTS,62,"[60.0,3.0]",-0.0098368,
CMBFL0_table,CMBFL0_table,CMBFL0,,top-level-definition,2,"[5,13]",DBFL_PTS;XMACH1_PTS,63,"[60.0,3.5]",-0.0083254,
CMBFL0_table,CMBFL0_table,CMBFL0,,top-level-definition,2,"[5,13]",DBFL_PTS;XMACH1_PTS,64,"[60.0,4.0]",-0.0073548,
CMBFL1_table,CMBFL1_table,CMBFL1,,top-level-definition,2,"[5,13]",DBFL_PTS;XMACH1_PTS,0,"[0.0,0.3]",0.0,
CMBFL1_table,CMBFL1_table,CMBFL1,,top-level-definition,2,"[5,13]",DBFL_PTS;XMACH1_PTS,1,"[0.0,0.6]",0.0,
CMBFL1_table,CMBFL1_table,CMBFL1,,top-level-definition,2,"[5,13]",DBFL_PTS;XMACH1_PTS,2,"[0.0,0.8]",0.0,
CMBFL1_table,CMBFL1_table,CMBFL1,,top-level-definition,2,"[5,13]",DBFL_PTS;XMACH1_PTS,3,"[0.0,0.9]",0.0,
CMBFL1_table,CMBFL1_table,CMBFL1,,top-level-definition,2,"[5,13]",DBFL_PTS;XMACH1_PTS,4,"[0.0,0.95]",0.0,
CMBFL1_table,CMBFL1_table,CMBFL1,,top-level-definition,2,"[5,13]",DBFL_PTS;XMACH1_PTS,5,"[0.0,1.1]",0.0,
CMBFL1_table,CMBFL1_table,CMBFL1,,top-level-definition,2,"[5,13]",DBFL_PTS;XMACH1_PTS,6,"[0.0,1.2]",0.0,
CMBFL1_table,CMBFL1_table,CMBFL1,,top-level-definition,2,"[5,13]",DBFL_PTS;XMACH1_PTS,7,"[0.0,1.6]",0.0,
CMBFL1_table,CMBFL1_table,CMBFL1,,top-level-definition,2,"[5,13]",DBFL_PTS;XMACH1_PTS,8,"[0.0,2.0]",0.0,
CMBFL1_table,CMBFL1_table,CMBFL1,,top-level-definition,2,"[5,13]",DBFL_PTS;XMACH1_PTS,9,"[0.0,2.5]",0.0,
CMBFL1_table,CMBFL1_table,CMBFL1,,top-level-definition,2,"[5,13]",DBFL_PTS;XMACH1_PTS,10,"[0.0,3.0]",0.0,
CMBFL1_table,CMBFL1_table,CMBFL1,,top-level-definition,2,"[5,13]",DBFL_PTS;XMACH1_PTS,11,"[0.0,3.5]",0.0,
CMBFL1_table,CMBFL1_table,CMBFL1,,top-level-definition,2,"[5,13]",DBFL_PTS;XMACH1_PTS,12,"[0.0,4.0]",0.0,
CMBFL1_table,CMBFL1_table,CMBFL1,,top-level-definition,2,"[5,13]",DBFL_PTS;XMACH1_PTS,13,"[15.0,0.3]",-0.00024743,
CMBFL1_table,CMBFL1_table,CMBFL1,,top-level-definition,2,"[5,13]",DBFL_PTS;XMACH1_PTS,14,"[15.0,0.6]",-0.00029362,
CMBFL1_table,CMBFL1_table,CMBFL1,,top-level-definition,2,"[5,13]",DBFL_PTS;XMACH1_PTS,15,"[15.0,0.8]",-0.00032031,
CMBFL1_table,CMBFL1_table,CMBFL1,,top-level-definition,2,"[5,13]",DBFL_PTS;XMACH1_PTS,16,"[15.0,0.9]",-0.000347,
CMBFL1_table,CMBFL1_table,CMBFL1,,top-level-definition,2,"[5,13]",DBFL_PTS;XMACH1_PTS,17,"[15.0,0.95]",-0.00038704,
CMBFL1_table,CMBFL1_table,CMBFL1,,top-level-definition,2,"[5,13]",DBFL_PTS;XMACH1_PTS,18,"[15.0,1.1]",-0.00030014,
CMBFL1_table,CMBFL1_table,CMBFL1,,top-level-definition,2,"[5,13]",DBFL_PTS;XMACH1_PTS,19,"[15.0,1.2]",-0.00024216,
CMBFL1_table,CMBFL1_table,CMBFL1,,top-level-definition,2,"[5,13]",DBFL_PTS;XMACH1_PTS,20,"[15.0,1.6]",-1.0338e-05,
CMBFL1_table,CMBFL1_table,CMBFL1,,top-level-definition,2,"[5,13]",DBFL_PTS;XMACH1_PTS,21,"[15.0,2.0]",-4.4322e-05,
CMBFL1_table,CMBFL1_table,CMBFL1,,top-level-definition,2,"[5,13]",DBFL_PTS;XMACH1_PTS,22,"[15.0,2.5]",3.7412e-06,
CMBFL1_table,CMBFL1_table,CMBFL1,,top-level-definition,2,"[5,13]",DBFL_PTS;XMACH1_PTS,23,"[15.0,3.0]",-3.7161e-05,
CMBFL1_table,CMBFL1_table,CMBFL1,,top-level-definition,2,"[5,13]",DBFL_PTS;XMACH1_PTS,24,"[15.0,3.5]",-2.6902e-05,
CMBFL1_table,CMBFL1_table,CMBFL1,,top-level-definition,2,"[5,13]",DBFL_PTS;XMACH1_PTS,25,"[15.0,4.0]",-7.3485e-07,
CMBFL1_table,CMBFL1_table,CMBFL1,,top-level-definition,2,"[5,13]",DBFL_PTS;XMACH1_PTS,26,"[30.0,0.3]",-0.00047247,
CMBFL1_table,CMBFL1_table,CMBFL1,,top-level-definition,2,"[5,13]",DBFL_PTS;XMACH1_PTS,27,"[30.0,0.6]",-0.00056067,
CMBFL1_table,CMBFL1_table,CMBFL1,,top-level-definition,2,"[5,13]",DBFL_PTS;XMACH1_PTS,28,"[30.0,0.8]",-0.00061164,
CMBFL1_table,CMBFL1_table,CMBFL1,,top-level-definition,2,"[5,13]",DBFL_PTS;XMACH1_PTS,29,"[30.0,0.9]",-0.00066261,
CMBFL1_table,CMBFL1_table,CMBFL1,,top-level-definition,2,"[5,13]",DBFL_PTS;XMACH1_PTS,30,"[30.0,0.95]",-0.00073906,
CMBFL1_table,CMBFL1_table,CMBFL1,,top-level-definition,2,"[5,13]",DBFL_PTS;XMACH1_PTS,31,"[30.0,1.1]",-0.00059356,
CMBFL1_table,CMBFL1_table,CMBFL1,,top-level-definition,2,"[5,13]",DBFL_PTS;XMACH1_PTS,32,"[30.0,1.2]",-0.0004965,
CMBFL1_table,CMBFL1_table,CMBFL1,,top-level-definition,2,"[5,13]",DBFL_PTS;XMACH1_PTS,33,"[30.0,1.6]",-0.00010836,
CMBFL1_table,CMBFL1_table,CMBFL1,,top-level-definition,2,"[5,13]",DBFL_PTS;XMACH1_PTS,34,"[30.0,2.0]",-0.00013207,
CMBFL1_table,CMBFL1_table,CMBFL1,,top-level-definition,2,"[5,13]",DBFL_PTS;XMACH1_PTS,35,"[30.0,2.5]",-6.3492e-05,
CMBFL1_table,CMBFL1_table,CMBFL1,,top-level-definition,2,"[5,13]",DBFL_PTS;XMACH1_PTS,36,"[30.0,3.0]",-5.8854e-05,
CMBFL1_table,CMBFL1_table,CMBFL1,,top-level-definition,2,"[5,13]",DBFL_PTS;XMACH1_PTS,37,"[30.0,3.5]",-6.0587e-05,
CMBFL1_table,CMBFL1_table,CMBFL1,,top-level-definition,2,"[5,13]",DBFL_PTS;XMACH1_PTS,38,"[30.0,4.0]",-4.1095e-05,
CMBFL1_table,CMBFL1_table,CMBFL1,,top-level-definition,2,"[5,13]",DBFL_PTS;XMACH1_PTS,39,"[45.0,0.3]",-0.00065267,
CMBFL1_table,CMBFL1_table,CMBFL1,,top-level-definition,2,"[5,13]",DBFL_PTS;XMACH1_PTS,40,"[45.0,0.6]",-0.00077451,
CMBFL1_table,CMBFL1_table,CMBFL1,,top-level-definition,2,"[5,13]",DBFL_PTS;XMACH1_PTS,41,"[45.0,0.8]",-0.00084492,
CMBFL1_table,CMBFL1_table,CMBFL1,,top-level-definition,2,"[5,13]",DBFL_PTS;XMACH1_PTS,42,"[45.0,0.9]",-0.00091533,
CMBFL1_table,CMBFL1_table,CMBFL1,,top-level-definition,2,"[5,13]",DBFL_PTS;XMACH1_PTS,43,"[45.0,0.95]",-0.0010209,
CMBFL1_table,CMBFL1_table,CMBFL1,,top-level-definition,2,"[5,13]",DBFL_PTS;XMACH1_PTS,44,"[45.0,1.1]",-0.00082291,
CMBFL1_table,CMBFL1_table,CMBFL1,,top-level-definition,2,"[5,13]",DBFL_PTS;XMACH1_PTS,45,"[45.0,1.2]",-0.0006908,
CMBFL1_table,CMBFL1_table,CMBFL1,,top-level-definition,2,"[5,13]",DBFL_PTS;XMACH1_PTS,46,"[45.0,1.6]",-0.00016254,
CMBFL1_table,CMBFL1_table,CMBFL1,,top-level-definition,2,"[5,13]",DBFL_PTS;XMACH1_PTS,47,"[45.0,2.0]",-0.0001981,
CMBFL1_table,CMBFL1_table,CMBFL1,,top-level-definition,2,"[5,13]",DBFL_PTS;XMACH1_PTS,48,"[45.0,2.5]",-9.5237e-05,
CMBFL1_table,CMBFL1_table,CMBFL1,,top-level-definition,2,"[5,13]",DBFL_PTS;XMACH1_PTS,49,"[45.0,3.0]",-8.8281e-05,
CMBFL1_table,CMBFL1_table,CMBFL1,,top-level-definition,2,"[5,13]",DBFL_PTS;XMACH1_PTS,50,"[45.0,3.5]",-9.088e-05,
CMBFL1_table,CMBFL1_table,CMBFL1,,top-level-definition,2,"[5,13]",DBFL_PTS;XMACH1_PTS,51,"[45.0,4.0]",-6.1642e-05,
CMBFL1_table,CMBFL1_table,CMBFL1,,top-level-definition,2,"[5,13]",DBFL_PTS;XMACH1_PTS,52,"[60.0,0.3]",-0.00034865,
CMBFL1_table,CMBFL1_table,CMBFL1,,top-level-definition,2,"[5,13]",DBFL_PTS;XMACH1_PTS,53,"[60.0,0.6]",-0.00041374,
CMBFL1_table,CMBFL1_table,CMBFL1,,top-level-definition,2,"[5,13]",DBFL_PTS;XMACH1_PTS,54,"[60.0,0.8]",-0.00045135,
CMBFL1_table,CMBFL1_table,CMBFL1,,top-level-definition,2,"[5,13]",DBFL_PTS;XMACH1_PTS,55,"[60.0,0.9]",-0.00048896,
CMBFL1_table,CMBFL1_table,CMBFL1,,top-level-definition,2,"[5,13]",DBFL_PTS;XMACH1_PTS,56,"[60.0,0.95]",-0.00054538,
CMBFL1_table,CMBFL1_table,CMBFL1,,top-level-definition,2,"[5,13]",DBFL_PTS;XMACH1_PTS,57,"[60.0,1.1]",-0.00046817,
CMBFL1_table,CMBFL1_table,CMBFL1,,top-level-definition,2,"[5,13]",DBFL_PTS;XMACH1_PTS,58,"[60.0,1.2]",-0.00041666,
CMBFL1_table,CMBFL1_table,CMBFL1,,top-level-definition,2,"[5,13]",DBFL_PTS;XMACH1_PTS,59,"[60.0,1.6]",-0.0002107,
CMBFL1_table,CMBFL1_table,CMBFL1,,top-level-definition,2,"[5,13]",DBFL_PTS;XMACH1_PTS,60,"[60.0,2.0]",-0.00025679,
CMBFL1_table,CMBFL1_table,CMBFL1,,top-level-definition,2,"[5,13]",DBFL_PTS;XMACH1_PTS,61,"[60.0,2.5]",-0.00012345,
CMBFL1_table,CMBFL1_table,CMBFL1,,top-level-definition,2,"[5,13]",DBFL_PTS;XMACH1_PTS,62,"[60.0,3.0]",-0.00011444,
CMBFL1_table,CMBFL1_table,CMBFL1,,top-level-definition,2,"[5,13]",DBFL_PTS;XMACH1_PTS,63,"[60.0,3.5]",-0.00011781,
CMBFL1_table,CMBFL1_table,CMBFL1,,top-level-definition,2,"[5,13]",DBFL_PTS;XMACH1_PTS,64,"[60.0,4.0]",-7.9904e-05,
CMBFL2_table,CMBFL2_table,CMBFL2,,top-level-definition,2,"[5,13]",DBFL_PTS;XMACH1_PTS,0,"[0.0,0.3]",0.0,
CMBFL2_table,CMBFL2_table,CMBFL2,,top-level-definition,2,"[5,13]",DBFL_PTS;XMACH1_PTS,1,"[0.0,0.6]",0.0,
CMBFL2_table,CMBFL2_table,CMBFL2,,top-level-definition,2,"[5,13]",DBFL_PTS;XMACH1_PTS,2,"[0.0,0.8]",0.0,
CMBFL2_table,CMBFL2_table,CMBFL2,,top-level-definition,2,"[5,13]",DBFL_PTS;XMACH1_PTS,3,"[0.0,0.9]",0.0,
CMBFL2_table,CMBFL2_table,CMBFL2,,top-level-definition,2,"[5,13]",DBFL_PTS;XMACH1_PTS,4,"[0.0,0.95]",0.0,
CMBFL2_table,CMBFL2_table,CMBFL2,,top-level-definition,2,"[5,13]",DBFL_PTS;XMACH1_PTS,5,"[0.0,1.1]",0.0,
CMBFL2_table,CMBFL2_table,CMBFL2,,top-level-definition,2,"[5,13]",DBFL_PTS;XMACH1_PTS,6,"[0.0,1.2]",0.0,
CMBFL2_table,CMBFL2_table,CMBFL2,,top-level-definition,2,"[5,13]",DBFL_PTS;XMACH1_PTS,7,"[0.0,1.6]",0.0,
CMBFL2_table,CMBFL2_table,CMBFL2,,top-level-definition,2,"[5,13]",DBFL_PTS;XMACH1_PTS,8,"[0.0,2.0]",0.0,
CMBFL2_table,CMBFL2_table,CMBFL2,,top-level-definition,2,"[5,13]",DBFL_PTS;XMACH1_PTS,9,"[0.0,2.5]",0.0,
CMBFL2_table,CMBFL2_table,CMBFL2,,top-level-definition,2,"[5,13]",DBFL_PTS;XMACH1_PTS,10,"[0.0,3.0]",0.0,
CMBFL2_table,CMBFL2_table,CMBFL2,,top-level-definition,2,"[5,13]",DBFL_PTS;XMACH1_PTS,11,"[0.0,3.5]",0.0,
CMBFL2_table,CMBFL2_table,CMBFL2,,top-level-definition,2,"[5,13]",DBFL_PTS;XMACH1_PTS,12,"[0.0,4.0]",0.0,
CMBFL2_table,CMBFL2_table,CMBFL2,,top-level-definition,2,"[5,13]",DBFL_PTS;XMACH1_PTS,13,"[15.0,0.3]",1.8798e-05,
CMBFL2_table,CMBFL2_table,CMBFL2,,top-level-definition,2,"[5,13]",DBFL_PTS;XMACH1_PTS,14,"[15.0,0.6]",2.2307e-05,
CMBFL2_table,CMBFL2_table,CMBFL2,,top-level-definition,2,"[5,13]",DBFL_PTS;XMACH1_PTS,15,"[15.0,0.8]",2.4335e-05,
CMBFL2_table,CMBFL2_table,CMBFL2,,top-level-definition,2,"[5,13]",DBFL_PTS;XMACH1_PTS,16,"[15.0,0.9]",2.6363e-05,
CMBFL2_table,CMBFL2_table,CMBFL2,,top-level-definition,2,"[5,13]",DBFL_PTS;XMACH1_PTS,17,"[15.0,0.95]",2.9405e-05,
CMBFL2_table,CMBFL2_table,CMBFL2,,top-level-definition,2,"[5,13]",DBFL_PTS;XMACH1_PTS,18,"[15.0,1.1]",1.808e-05,
CMBFL2_table,CMBFL2_table,CMBFL2,,top-level-definition,2,"[5,13]",DBFL_PTS;XMACH1_PTS,19,"[15.0,1.2]",1.0525e-05,
CMBFL2_table,CMBFL2_table,CMBFL2,,top-level-definition,2,"[5,13]",DBFL_PTS;XMACH1_PTS,20,"[15.0,1.6]",-1.9685e-05,
CMBFL2_table,CMBFL2_table,CMBFL2,,top-level-definition,2,"[5,13]",DBFL_PTS;XMACH1_PTS,21,"[15.0,2.0]",-5.9773e-06,
CMBFL2_table,CMBFL2_table,CMBFL2,,top-level-definition,2,"[5,13]",DBFL_PTS;XMACH1_PTS,22,"[15.0,2.5]",-9.0139e-06,
CMBFL2_table,CMBFL2_table,CMBFL2,,top-level-definition,2,"[5,13]",DBFL_PTS;XMACH1_PTS,23,"[15.0,3.0]",-3.2138e-06,
CMBFL2_table,CMBFL2_table,CMBFL2,,top-level-definition,2,"[5,13]",DBFL_PTS;XMACH1_PTS,24,"[15.0,3.5]",-5.5446e-06,
CMBFL2_table,CMBFL2_table,CMBFL2,,top-level-definition,2,"[5,13]",DBFL_PTS;XMACH1_PTS,25,"[15.0,4.0]",-7.9432e-06,
CMBFL2_table,CMBFL2_table,CMBFL2,,top-level-definition,2,"[5,13]",DBFL_PTS;XMACH1_PTS,26,"[30.0,0.3]",2.9817e-05,
CMBFL2_table,CMBFL2_table,CMBFL2,,top-level-definition,2,"[5,13]",DBFL_PTS;XMACH1_PTS,27,"[30.0,0.6]",3.5383e-05,
CMBFL2_table,CMBFL2_table,CMBFL2,,top-level-definition,2,"[5,13]",DBFL_PTS;XMACH1_PTS,28,"[30.0,0.8]",3.86e-05,
CMBFL2_table,CMBFL2_table,CMBFL2,,top-level-definition,2,"[5,13]",DBFL_PTS;XMACH1_PTS,29,"[30.0,0.9]",4.1816e-05,
CMBFL2_table,CMBFL2_table,CMBFL2,,top-level-definition,2,"[5,13]",DBFL_PTS;XMACH1_PTS,30,"[30.0,0.95]",4.6641e-05,
CMBFL2_table,CMBFL2_table,CMBFL2,,top-level-definition,2,"[5,13]",DBFL_PTS;XMACH1_PTS,31,"[30.0,1.1]",3.2216e-05,
CMBFL2_table,CMBFL2_table,CMBFL2,,top-level-definition,2,"[5,13]",DBFL_PTS;XMACH1_PTS,32,"[30.0,1.2]",2.2593e-05,
CMBFL2_table,CMBFL2_table,CMBFL2,,top-level-definition,2,"[5,13]",DBFL_PTS;XMACH1_PTS,33,"[30.0,1.6]",-1.5888e-05,
CMBFL2_table,CMBFL2_table,CMBFL2,,top-level-definition,2,"[5,13]",DBFL_PTS;XMACH1_PTS,34,"[30.0,2.0]",4.8084e-06,
CMBFL2_table,CMBFL2_table,CMBFL2,,top-level-definition,2,"[5,13]",DBFL_PTS;XMACH1_PTS,35,"[30.0,2.5]",-8.3337e-06,
CMBFL2_table,CMBFL2_table,CMBFL2,,top-level-definition,2,"[5,13]",DBFL_PTS;XMACH1_PTS,36,"[30.0,3.0]",-7.6807e-06,
CMBFL2_table,CMBFL2_table,CMBFL2,,top-level-definition,2,"[5,13]",DBFL_PTS;XMACH1_PTS,37,"[30.0,3.5]",-1.1734e-05,
CMBFL2_table,CMBFL2_table,CMBFL2,,top-level-definition,2,"[5,13]",DBFL_PTS;XMACH1_PTS,38,"[30.0,4.0]",-1.6179e-05,
CMBFL2_table,CMBFL2_table,CMBFL2,,top-level-definition,2,"[5,13]",DBFL_PTS;XMACH1_PTS,39,"[45.0,0.3]",4.2581e-05,
CMBFL2_table,CMBFL2_table,CMBFL2,,top-level-definition,2,"[5,13]",DBFL_PTS;XMACH1_PTS,40,"[45.0,0.6]",5.0529e-05,
CMBFL2_table,CMBFL2_table,CMBFL2,,top-level-definition,2,"[5,13]",DBFL_PTS;XMACH1_PTS,41,"[45.0,0.8]",5.5123e-05,
CMBFL2_table,CMBFL2_table,CMBFL2,,top-level-definition,2,"[5,13]",DBFL_PTS;XMACH1_PTS,42,"[45.0,0.9]",5.9717e-05,
CMBFL2_table,CMBFL2_table,CMBFL2,,top-level-definition,2,"[5,13]",DBFL_PTS;XMACH1_PTS,43,"[45.0,0.95]",6.6607e-05,
CMBFL2_table,CMBFL2_table,CMBFL2,,top-level-definition,2,"[5,13]",DBFL_PTS;XMACH1_PTS,44,"[45.0,1.1]",4.5743e-05,
CMBFL2_table,CMBFL2_table,CMBFL2,,top-level-definition,2,"[5,13]",DBFL_PTS;XMACH1_PTS,45,"[45.0,1.2]",3.1824e-05,
CMBFL2_table,CMBFL2_table,CMBFL2,,top-level-definition,2,"[5,13]",DBFL_PTS;XMACH1_PTS,46,"[45.0,1.6]",-2.3832e-05,
CMBFL2_table,CMBFL2_table,CMBFL2,,top-level-definition,2,"[5,13]",DBFL_PTS;XMACH1_PTS,47,"[45.0,2.0]",7.2126e-06,
CMBFL2_table,CMBFL2_table,CMBFL2,,top-level-definition,2,"[5,13]",DBFL_PTS;XMACH1_PTS,48,"[45.0,2.5]",-1.25e-05,
CMBFL2_table,CMBFL2_table,CMBFL2,,top-level-definition,2,"[5,13]",DBFL_PTS;XMACH1_PTS,49,"[45.0,3.0]",-1.1521e-05,
CMBFL2_table,CMBFL2_table,CMBFL2,,top-level-definition,2,"[5,13]",DBFL_PTS;XMACH1_PTS,50,"[45.0,3.5]",-1.7602e-05,
CMBFL2_table,CMBFL2_table,CMBFL2,,top-level-definition,2,"[5,13]",DBFL_PTS;XMACH1_PTS,51,"[45.0,4.0]",-2.4268e-05,
CMBFL2_table,CMBFL2_table,CMBFL2,,top-level-definition,2,"[5,13]",DBFL_PTS;XMACH1_PTS,52,"[60.0,0.3]",1.9633e-05,
CMBFL2_table,CMBFL2_table,CMBFL2,,top-level-definition,2,"[5,13]",DBFL_PTS;XMACH1_PTS,53,"[60.0,0.6]",2.3298e-05,
CMBFL2_table,CMBFL2_table,CMBFL2,,top-level-definition,2,"[5,13]",DBFL_PTS;XMACH1_PTS,54,"[60.0,0.8]",2.5416e-05,
CMBFL2_table,CMBFL2_table,CMBFL2,,top-level-definition,2,"[5,13]",DBFL_PTS;XMACH1_PTS,55,"[60.0,0.9]",2.7534e-05,
CMBFL2_table,CMBFL2_table,CMBFL2,,top-level-definition,2,"[5,13]",DBFL_PTS;XMACH1_PTS,56,"[60.0,0.95]",3.0711e-05,
CMBFL2_table,CMBFL2_table,CMBFL2,,top-level-definition,2,"[5,13]",DBFL_PTS;XMACH1_PTS,57,"[60.0,1.1]",1.6499e-05,
CMBFL2_table,CMBFL2_table,CMBFL2,,top-level-definition,2,"[5,13]",DBFL_PTS;XMACH1_PTS,58,"[60.0,1.2]",7.0183e-06,
CMBFL2_table,CMBFL2_table,CMBFL2,,top-level-definition,2,"[5,13]",DBFL_PTS;XMACH1_PTS,59,"[60.0,1.6]",-3.0893e-05,
CMBFL2_table,CMBFL2_table,CMBFL2,,top-level-definition,2,"[5,13]",DBFL_PTS;XMACH1_PTS,60,"[60.0,2.0]",9.3495e-06,
CMBFL2_table,CMBFL2_table,CMBFL2,,top-level-definition,2,"[5,13]",DBFL_PTS;XMACH1_PTS,61,"[60.0,2.5]",-1.6204e-05,
CMBFL2_table,CMBFL2_table,CMBFL2,,top-level-definition,2,"[5,13]",DBFL_PTS;XMACH1_PTS,62,"[60.0,3.0]",-1.4934e-05,
CMBFL2_table,CMBFL2_table,CMBFL2,,top-level-definition,2,"[5,13]",DBFL_PTS;XMACH1_PTS,63,"[60.0,3.5]",-2.2816e-05,
CMBFL2_table,CMBFL2_table,CMBFL2,,top-level-definition,2,"[5,13]",DBFL_PTS;XMACH1_PTS,64,"[60.0,4.0]",-3.1458e-05,
CMBFL3_table,CMBFL3_table,CMBFL3,,top-level-definition,2,"[5,13]",DBFL_PTS;XMACH1_PTS,0,"[0.0,0.3]",0.0,
CMBFL3_table,CMBFL3_table,CMBFL3,,top-level-definition,2,"[5,13]",DBFL_PTS;XMACH1_PTS,1,"[0.0,0.6]",0.0,
CMBFL3_table,CMBFL3_table,CMBFL3,,top-level-definition,2,"[5,13]",DBFL_PTS;XMACH1_PTS,2,"[0.0,0.8]",0.0,
CMBFL3_table,CMBFL3_table,CMBFL3,,top-level-definition,2,"[5,13]",DBFL_PTS;XMACH1_PTS,3,"[0.0,0.9]",0.0,
CMBFL3_table,CMBFL3_table,CMBFL3,,top-level-definition,2,"[5,13]",DBFL_PTS;XMACH1_PTS,4,"[0.0,0.95]",0.0,
CMBFL3_table,CMBFL3_table,CMBFL3,,top-level-definition,2,"[5,13]",DBFL_PTS;XMACH1_PTS,5,"[0.0,1.1]",0.0,
CMBFL3_table,CMBFL3_table,CMBFL3,,top-level-definition,2,"[5,13]",DBFL_PTS;XMACH1_PTS,6,"[0.0,1.2]",0.0,
CMBFL3_table,CMBFL3_table,CMBFL3,,top-level-definition,2,"[5,13]",DBFL_PTS;XMACH1_PTS,7,"[0.0,1.6]",0.0,
CMBFL3_table,CMBFL3_table,CMBFL3,,top-level-definition,2,"[5,13]",DBFL_PTS;XMACH1_PTS,8,"[0.0,2.0]",0.0,
CMBFL3_table,CMBFL3_table,CMBFL3,,top-level-definition,2,"[5,13]",DBFL_PTS;XMACH1_PTS,9,"[0.0,2.5]",0.0,
CMBFL3_table,CMBFL3_table,CMBFL3,,top-level-definition,2,"[5,13]",DBFL_PTS;XMACH1_PTS,10,"[0.0,3.0]",0.0,
CMBFL3_table,CMBFL3_table,CMBFL3,,top-level-definition,2,"[5,13]",DBFL_PTS;XMACH1_PTS,11,"[0.0,3.5]",0.0,
CMBFL3_table,CMBFL3_table,CMBFL3,,top-level-definition,2,"[5,13]",DBFL_PTS;XMACH1_PTS,12,"[0.0,4.0]",0.0,
CMBFL3_table,CMBFL3_table,CMBFL3,,top-level-definition,2,"[5,13]",DBFL_PTS;XMACH1_PTS,13,"[15.0,0.3]",-4.8763e-07,
CMBFL3_table,CMBFL3_table,CMBFL3,,top-level-definition,2,"[5,13]",DBFL_PTS;XMACH1_PTS,14,"[15.0,0.6]",-5.7865e-07,
CMBFL3_table,CMBFL3_table,CMBFL3,,top-level-definition,2,"[5,13]",DBFL_PTS;XMACH1_PTS,15,"[15.0,0.8]",-6.3126e-07,
CMBFL3_table,CMBFL3_table,CMBFL3,,top-level-definition,2,"[5,13]",DBFL_PTS;XMACH1_PTS,16,"[15.0,0.9]",-6.8386e-07,
CMBFL3_table,CMBFL3_table,CMBFL3,,top-level-definition,2,"[5,13]",DBFL_PTS;XMACH1_PTS,17,"[15.0,0.95]",-7.6277e-07,
CMBFL3_table,CMBFL3_table,CMBFL3,,top-level-definition,2,"[5,13]",DBFL_PTS;XMACH1_PTS,18,"[15.0,1.1]",-3.7793e-07,
CMBFL3_table,CMBFL3_table,CMBFL3,,top-level-definition,2,"[5,13]",DBFL_PTS;XMACH1_PTS,19,"[15.0,1.2]",-1.2121e-07,
CMBFL3_table,CMBFL3_table,CMBFL3,,top-level-definition,2,"[5,13]",DBFL_PTS;XMACH1_PTS,20,"[15.0,1.6]",9.0536e-07,
CMBFL3_table,CMBFL3_table,CMBFL3,,top-level-definition,2,"[5,13]",DBFL_PTS;XMACH1_PTS,21,"[15.0,2.0]",1.2376e-07,
CMBFL3_table,CMBFL3_table,CMBFL3,,top-level-definition,2,"[5,13]",DBFL_PTS;XMACH1_PTS,22,"[15.0,2.5]",2.4167e-07,
CMBFL3_table,CMBFL3_table,CMBFL3,,top-level-definition,2,"[5,13]",DBFL_PTS;XMACH1_PTS,23,"[15.0,3.0]",4.7897e-08,
CMBFL3_table,CMBFL3_table,CMBFL3,,top-level-definition,2,"[5,13]",DBFL_PTS;XMACH1_PTS,24,"[15.0,3.5]",8.9669e-08,
CMBFL3_table,CMBFL3_table,CMBFL3,,top-level-definition,2,"[5,13]",DBFL_PTS;XMACH1_PTS,25,"[15.0,4.0]",1.1848e-07,
CMBFL3_table,CMBFL3_table,CMBFL3,,top-level-definition,2,"[5,13]",DBFL_PTS;XMACH1_PTS,26,"[30.0,0.3]",-5.835e-07,
CMBFL3_table,CMBFL3_table,CMBFL3,,top-level-definition,2,"[5,13]",DBFL_PTS;XMACH1_PTS,27,"[30.0,0.6]",-6.9242e-07,
CMBFL3_table,CMBFL3_table,CMBFL3,,top-level-definition,2,"[5,13]",DBFL_PTS;XMACH1_PTS,28,"[30.0,0.8]",-7.5537e-07,
CMBFL3_table,CMBFL3_table,CMBFL3,,top-level-definition,2,"[5,13]",DBFL_PTS;XMACH1_PTS,29,"[30.0,0.9]",-8.1832e-07,
CMBFL3_table,CMBFL3_table,CMBFL3,,top-level-definition,2,"[5,13]",DBFL_PTS;XMACH1_PTS,30,"[30.0,0.95]",-9.1274e-07,
CMBFL3_table,CMBFL3_table,CMBFL3,,top-level-definition,2,"[5,13]",DBFL_PTS;XMACH1_PTS,31,"[30.0,1.1]",-5.4453e-07,
CMBFL3_table,CMBFL3_table,CMBFL3,,top-level-definition,2,"[5,13]",DBFL_PTS;XMACH1_PTS,32,"[30.0,1.2]",-2.989e-07,
CMBFL3_table,CMBFL3_table,CMBFL3,,top-level-definition,2,"[5,13]",DBFL_PTS;XMACH1_PTS,33,"[30.0,1.6]",6.8331e-07,
CMBFL3_table,CMBFL3_table,CMBFL3,,top-level-definition,2,"[5,13]",DBFL_PTS;XMACH1_PTS,34,"[30.0,2.0]",-2.4109e-07,
CMBFL3_table,CMBFL3_table,CMBFL3,,top-level-definition,2,"[5,13]",DBFL_PTS;XMACH1_PTS,35,"[30.0,2.5]",1.9481e-07,
CMBFL3_table,CMBFL3_table,CMBFL3,,top-level-definition,2,"[5,13]",DBFL_PTS;XMACH1_PTS,36,"[30.0,3.0]",9.7174e-08,
CMBFL3_table,CMBFL3_table,CMBFL3,,top-level-definition,2,"[5,13]",DBFL_PTS;XMACH1_PTS,37,"[30.0,3.5]",1.8015e-07,
CMBFL3_table,CMBFL3_table,CMBFL3,,top-level-definition,2,"[5,13]",DBFL_PTS;XMACH1_PTS,38,"[30.0,4.0]",2.5925e-07,
CMBFL3_table,CMBFL3_table,CMBFL3,,top-level-definition,2,"[5,13]",DBFL_PTS;XMACH1_PTS,39,"[45.0,0.3]",-6.9008e-07,
CMBFL3_table,CMBFL3_table,CMBFL3,,top-level-definition,2,"[5,13]",DBFL_PTS;XMACH1_PTS,40,"[45.0,0.6]",-8.189e-07,
CMBFL3_table,CMBFL3_table,CMBFL3,,top-level-definition,2,"[5,13]",DBFL_PTS;XMACH1_PTS,41,"[45.0,0.8]",-8.9335e-07,
CMBFL3_table,CMBFL3_table,CMBFL3,,top-level-definition,2,"[5,13]",DBFL_PTS;XMACH1_PTS,42,"[45.0,0.9]",-9.6779e-07,
CMBFL3_table,CMBFL3_table,CMBFL3,,top-level-definition,2,"[5,13]",DBFL_PTS;XMACH1_PTS,43,"[45.0,0.95]",-1.0795e-06,
CMBFL3_table,CMBFL3_table,CMBFL3,,top-level-definition,2,"[5,13]",DBFL_PTS;XMACH1_PTS,44,"[45.0,1.1]",-5.9397e-07,
CMBFL3_table,CMBFL3_table,CMBFL3,,top-level-definition,2,"[5,13]",DBFL_PTS;XMACH1_PTS,45,"[45.0,1.2]",-2.701e-07,
CMBFL3_table,CMBFL3_table,CMBFL3,,top-level-definition,2,"[5,13]",DBFL_PTS;XMACH1_PTS,46,"[45.0,1.6]",1.025e-06,
CMBFL3_table,CMBFL3_table,CMBFL3,,top-level-definition,2,"[5,13]",DBFL_PTS;XMACH1_PTS,47,"[45.0,2.0]",-3.6163e-07,
CMBFL3_table,CMBFL3_table,CMBFL3,,top-level-definition,2,"[5,13]",DBFL_PTS;XMACH1_PTS,48,"[45.0,2.5]",2.9222e-07,
CMBFL3_table,CMBFL3_table,CMBFL3,,top-level-definition,2,"[5,13]",DBFL_PTS;XMACH1_PTS,49,"[45.0,3.0]",1.4576e-07,
CMBFL3_table,CMBFL3_table,CMBFL3,,top-level-definition,2,"[5,13]",DBFL_PTS;XMACH1_PTS,50,"[45.0,3.5]",2.7023e-07,
CMBFL3_table,CMBFL3_table,CMBFL3,,top-level-definition,2,"[5,13]",DBFL_PTS;XMACH1_PTS,51,"[45.0,4.0]",3.8887e-07,
CMBFL3_table,CMBFL3_table,CMBFL3,,top-level-definition,2,"[5,13]",DBFL_PTS;XMACH1_PTS,52,"[60.0,0.3]",-1.6309e-07,
CMBFL3_table,CMBFL3_table,CMBFL3,,top-level-definition,2,"[5,13]",DBFL_PTS;XMACH1_PTS,53,"[60.0,0.6]",-1.9353e-07,
CMBFL3_table,CMBFL3_table,CMBFL3,,top-level-definition,2,"[5,13]",DBFL_PTS;XMACH1_PTS,54,"[60.0,0.8]",-2.1112e-07,
CMBFL3_table,CMBFL3_table,CMBFL3,,top-level-definition,2,"[5,13]",DBFL_PTS;XMACH1_PTS,55,"[60.0,0.9]",-2.2872e-07,
CMBFL3_table,CMBFL3_table,CMBFL3,,top-level-definition,2,"[5,13]",DBFL_PTS;XMACH1_PTS,56,"[60.0,0.95]",-2.5511e-07,
CMBFL3_table,CMBFL3_table,CMBFL3,,top-level-definition,2,"[5,13]",DBFL_PTS;XMACH1_PTS,57,"[60.0,1.1]",1.1026e-07,
CMBFL3_table,CMBFL3_table,CMBFL3,,top-level-definition,2,"[5,13]",DBFL_PTS;XMACH1_PTS,58,"[60.0,1.2]",3.54e-07,
CMBFL3_table,CMBFL3_table,CMBFL3,,top-level-definition,2,"[5,13]",DBFL_PTS;XMACH1_PTS,59,"[60.0,1.6]",1.3286e-06,
CMBFL3_table,CMBFL3_table,CMBFL3,,top-level-definition,2,"[5,13]",DBFL_PTS;XMACH1_PTS,60,"[60.0,2.0]",-4.6877e-07,
CMBFL3_table,CMBFL3_table,CMBFL3,,top-level-definition,2,"[5,13]",DBFL_PTS;XMACH1_PTS,61,"[60.0,2.5]",3.7879e-07,
CMBFL3_table,CMBFL3_table,CMBFL3,,top-level-definition,2,"[5,13]",DBFL_PTS;XMACH1_PTS,62,"[60.0,3.0]",1.8894e-07,
CMBFL3_table,CMBFL3_table,CMBFL3,,top-level-definition,2,"[5,13]",DBFL_PTS;XMACH1_PTS,63,"[60.0,3.5]",3.5028e-07,
CMBFL3_table,CMBFL3_table,CMBFL3,,top-level-definition,2,"[5,13]",DBFL_PTS;XMACH1_PTS,64,"[60.0,4.0]",5.0408e-07,
CYBFL0_table,CYBFL0_table,CYBFL0,,top-level-definition,2,"[5,13]",DBFL_PTS;XMACH1_PTS,0,"[0.0,0.3]",0.0,
CYBFL0_table,CYBFL0_table,CYBFL0,,top-level-definition,2,"[5,13]",DBFL_PTS;XMACH1_PTS,1,"[0.0,0.6]",0.0,
CYBFL0_table,CYBFL0_table,CYBFL0,,top-level-definition,2,"[5,13]",DBFL_PTS;XMACH1_PTS,2,"[0.0,0.8]",0.0,
CYBFL0_table,CYBFL0_table,CYBFL0,,top-level-definition,2,"[5,13]",DBFL_PTS;XMACH1_PTS,3,"[0.0,0.9]",0.0,
CYBFL0_table,CYBFL0_table,CYBFL0,,top-level-definition,2,"[5,13]",DBFL_PTS;XMACH1_PTS,4,"[0.0,0.95]",0.0,
CYBFL0_table,CYBFL0_table,CYBFL0,,top-level-definition,2,"[5,13]",DBFL_PTS;XMACH1_PTS,5,"[0.0,1.1]",0.0,
CYBFL0_table,CYBFL0_table,CYBFL0,,top-level-definition,2,"[5,13]",DBFL_PTS;XMACH1_PTS,6,"[0.0,1.2]",0.0,
CYBFL0_table,CYBFL0_table,CYBFL0,,top-level-definition,2,"[5,13]",DBFL_PTS;XMACH1_PTS,7,"[0.0,1.6]",0.0,
CYBFL0_table,CYBFL0_table,CYBFL0,,top-level-definition,2,"[5,13]",DBFL_PTS;XMACH1_PTS,8,"[0.0,2.0]",0.0,
CYBFL0_table,CYBFL0_table,CYBFL0,,top-level-definition,2,"[5,13]",DBFL_PTS;XMACH1_PTS,9,"[0.0,2.5]",0.0,
CYBFL0_table,CYBFL0_table,CYBFL0,,top-level-definition,2,"[5,13]",DBFL_PTS;XMACH1_PTS,10,"[0.0,3.0]",0.0,
CYBFL0_table,CYBFL0_table,CYBFL0,,top-level-definition,2,"[5,13]",DBFL_PTS;XMACH1_PTS,11,"[0.0,3.5]",0.0,
CYBFL0_table,CYBFL0_table,CYBFL0,,top-level-definition,2,"[5,13]",DBFL_PTS;XMACH1_PTS,12,"[0.0,4.0]",0.0,
CYBFL0_table,CYBFL0_table,CYBFL0,,top-level-definition,2,"[5,13]",DBFL_PTS;XMACH1_PTS,13,"[15.0,0.3]",0.0052836,
CYBFL0_table,CYBFL0_table,CYBFL0,,top-level-definition,2,"[5,13]",DBFL_PTS;XMACH1_PTS,14,"[15.0,0.6]",0.0062699,
CYBFL0_table,CYBFL0_table,CYBFL0,,top-level-definition,2,"[5,13]",DBFL_PTS;XMACH1_PTS,15,"[15.0,0.8]",0.0068399,
CYBFL0_table,CYBFL0_table,CYBFL0,,top-level-definition,2,"[5,13]",DBFL_PTS;XMACH1_PTS,16,"[15.0,0.9]",0.0074099,
CYBFL0_table,CYBFL0_table,CYBFL0,,top-level-definition,2,"[5,13]",DBFL_PTS;XMACH1_PTS,17,"[15.0,0.95]",0.0082649,
CYBFL0_table,CYBFL0_table,CYBFL0,,top-level-definition,2,"[5,13]",DBFL_PTS;XMACH1_PTS,18,"[15.0,1.1]",0.0063419,
CYBFL0_table,CYBFL0_table,CYBFL0,,top-level-definition,2,"[5,13]",DBFL_PTS;XMACH1_PTS,19,"[15.0,1.2]",0.0050591,
CYBFL0_table,CYBFL0_table,CYBFL0,,top-level-definition,2,"[5,13]",DBFL_PTS;XMACH1_PTS,20,"[15.0,1.6]",-7.0494e-05,
CYBFL0_table,CYBFL0_table,CYBFL0,,top-level-definition,2,"[5,13]",DBFL_PTS;XMACH1_PTS,21,"[15.0,2.0]",-0.00011682,
CYBFL0_table,CYBFL0_table,CYBFL0,,top-level-definition,2,"[5,13]",DBFL_PTS;XMACH1_PTS,22,"[15.0,2.5]",0.0007054,
CYBFL0_table,CYBFL0_table,CYBFL0,,top-level-definition,2,"[5,13]",DBFL_PTS;XMACH1_PTS,23,"[15.0,3.0]",-0.0002153,
CYBFL0_table,CYBFL0_table,CYBFL0,,top-level-definition,2,"[5,13]",DBFL_PTS;XMACH1_PTS,24,"[15.0,3.5]",-1.4112e-05,
CYBFL0_table,CYBFL0_table,CYBFL0,,top-level-definition,2,"[5,13]",DBFL_PTS;XMACH1_PTS,25,"[15.0,4.0]",0.00016182,
CYBFL0_table,CYBFL0_table,CYBFL0,,top-level-definition,2,"[5,13]",DBFL_PTS;XMACH1_PTS,26,"[30.0,0.3]",0.0070637,
CYBFL0_table,CYBFL0_table,CYBFL0,,top-level-definition,2,"[5,13]",DBFL_PTS;XMACH1_PTS,27,"[30.0,0.6]",0.0083823,
CYBFL0_table,CYBFL0_table,CYBFL0,,top-level-definition,2,"[5,13]",DBFL_PTS;XMACH1_PTS,28,"[30.0,0.8]",0.0091443,
CYBFL0_table,CYBFL0_table,CYBFL0,,top-level-definition,2,"[5,13]",DBFL_PTS;XMACH1_PTS,29,"[30.0,0.9]",0.0099063,
CYBFL0_table,CYBFL0_table,CYBFL0,,top-level-definition,2,"[5,13]",DBFL_PTS;XMACH1_PTS,30,"[30.0,0.95]",0.011049,
CYBFL0_table,CYBFL0_table,CYBFL0,,top-level-definition,2,"[5,13]",DBFL_PTS;XMACH1_PTS,31,"[30.0,1.1]",0.0086426,
CYBFL0_table,CYBFL0_table,CYBFL0,,top-level-definition,2,"[5,13]",DBFL_PTS;XMACH1_PTS,32,"[30.0,1.2]",0.0070371,
CYBFL0_table,CYBFL0_table,CYBFL0,,top-level-definition,2,"[5,13]",DBFL_PTS;XMACH1_PTS,33,"[30.0,1.6]",0.00061705,
CYBFL0_table,CYBFL0_table,CYBFL0,,top-level-definition,2,"[5,13]",DBFL_PTS;XMACH1_PTS,34,"[30.0,2.0]",0.00033065,
CYBFL0_table,CYBFL0_table,CYBFL0,,top-level-definition,2,"[5,13]",DBFL_PTS;XMACH1_PTS,35,"[30.0,2.5]",0.0011517,
CYBFL0_table,CYBFL0_table,CYBFL0,,top-level-definition,2,"[5,13]",DBFL_PTS;XMACH1_PTS,36,"[30.0,3.0]",0.00015267,
CYBFL0_table,CYBFL0_table,CYBFL0,,top-level-definition,2,"[5,13]",DBFL_PTS;XMACH1_PTS,37,"[30.0,3.5]",0.00020676,
CYBFL0_table,CYBFL0_table,CYBFL0,,top-level-definition,2,"[5,13]",DBFL_PTS;XMACH1_PTS,38,"[30.0,4.0]",0.00032371,
CYBFL0_table,CYBFL0_table,CYBFL0,,top-level-definition,2,"[5,13]",DBFL_PTS;XMACH1_PTS,39,"[45.0,0.3]",0.012242,
CYBFL0_table,CYBFL0_table,CYBFL0,,top-level-definition,2,"[5,13]",DBFL_PTS;XMACH1_PTS,40,"[45.0,0.6]",0.014527,
CYBFL0_table,CYBFL0_table,CYBFL0,,top-level-definition,2,"[5,13]",DBFL_PTS;XMACH1_PTS,41,"[45.0,0.8]",0.015848,
CYBFL0_table,CYBFL0_table,CYBFL0,,top-level-definition,2,"[5,13]",DBFL_PTS;XMACH1_PTS,42,"[45.0,0.9]",0.017169,
CYBFL0_table,CYBFL0_table,CYBFL0,,top-level-definition,2,"[5,13]",DBFL_PTS;XMACH1_PTS,43,"[45.0,0.95]",0.01915,
CYBFL0_table,CYBFL0_table,CYBFL0,,top-level-definition,2,"[5,13]",DBFL_PTS;XMACH1_PTS,44,"[45.0,1.1]",0.014945,
CYBFL0_table,CYBFL0_table,CYBFL0,,top-level-definition,2,"[5,13]",DBFL_PTS;XMACH1_PTS,45,"[45.0,1.2]",0.012141,
CYBFL0_table,CYBFL0_table,CYBFL0,,top-level-definition,2,"[5,13]",DBFL_PTS;XMACH1_PTS,46,"[45.0,1.6]",0.00092558,
CYBFL0_table,CYBFL0_table,CYBFL0,,top-level-definition,2,"[5,13]",DBFL_PTS;XMACH1_PTS,47,"[45.0,2.0]",0.00049598,
CYBFL0_table,CYBFL0_table,CYBFL0,,top-level-definition,2,"[5,13]",DBFL_PTS;XMACH1_PTS,48,"[45.0,2.5]",0.0017276,
CYBFL0_table,CYBFL0_table,CYBFL0,,top-level-definition,2,"[5,13]",DBFL_PTS;XMACH1_PTS,49,"[45.0,3.0]",0.000229,
CYBFL0_table,CYBFL0_table,CYBFL0,,top-level-definition,2,"[5,13]",DBFL_PTS;XMACH1_PTS,50,"[45.0,3.5]",0.00031014,
CYBFL0_table,CYBFL0_table,CYBFL0,,top-level-definition,2,"[5,13]",DBFL_PTS;XMACH1_PTS,51,"[45.0,4.0]",0.00048556,
CYBFL0_table,CYBFL0_table,CYBFL0,,top-level-definition,2,"[5,13]",DBFL_PTS;XMACH1_PTS,52,"[60.0,0.3]",0.0091905,
CYBFL0_table,CYBFL0_table,CYBFL0,,top-level-definition,2,"[5,13]",DBFL_PTS;XMACH1_PTS,53,"[60.0,0.6]",0.010906,
CYBFL0_table,CYBFL0_table,CYBFL0,,top-level-definition,2,"[5,13]",DBFL_PTS;XMACH1_PTS,54,"[60.0,0.8]",0.011898,
CYBFL0_table,CYBFL0_table,CYBFL0,,top-level-definition,2,"[5,13]",DBFL_PTS;XMACH1_PTS,55,"[60.0,0.9]",0.012889,
CYBFL0_table,CYBFL0_table,CYBFL0,,top-level-definition,2,"[5,13]",DBFL_PTS;XMACH1_PTS,56,"[60.0,0.95]",0.014376,
CYBFL0_table,CYBFL0_table,CYBFL0,,top-level-definition,2,"[5,13]",DBFL_PTS;XMACH1_PTS,57,"[60.0,1.1]",0.011336,
CYBFL0_table,CYBFL0_table,CYBFL0,,top-level-definition,2,"[5,13]",DBFL_PTS;XMACH1_PTS,58,"[60.0,1.2]",0.0093086,
CYBFL0_table,CYBFL0_table,CYBFL0,,top-level-definition,2,"[5,13]",DBFL_PTS;XMACH1_PTS,59,"[60.0,1.6]",0.0011998,
CYBFL0_table,CYBFL0_table,CYBFL0,,top-level-definition,2,"[5,13]",DBFL_PTS;XMACH1_PTS,60,"[60.0,2.0]",0.00064292,
CYBFL0_table,CYBFL0_table,CYBFL0,,top-level-definition,2,"[5,13]",DBFL_PTS;XMACH1_PTS,61,"[60.0,2.5]",0.0022394,
CYBFL0_table,CYBFL0_table,CYBFL0,,top-level-definition,2,"[5,13]",DBFL_PTS;XMACH1_PTS,62,"[60.0,3.0]",0.00029685,
CYBFL0_table,CYBFL0_table,CYBFL0,,top-level-definition,2,"[5,13]",DBFL_PTS;XMACH1_PTS,63,"[60.0,3.5]",0.00040202,
CYBFL0_table,CYBFL0_table,CYBFL0,,top-level-definition,2,"[5,13]",DBFL_PTS;XMACH1_PTS,64,"[60.0,4.0]",0.00062942,
CYBFL1_table,CYBFL1_table,CYBFL1,,top-level-definition,2,"[5,13]",DBFL_PTS;XMACH1_PTS,0,"[0.0,0.3]",0.0,
CYBFL1_table,CYBFL1_table,CYBFL1,,top-level-definition,2,"[5,13]",DBFL_PTS;XMACH1_PTS,1,"[0.0,0.6]",0.0,
CYBFL1_table,CYBFL1_table,CYBFL1,,top-level-definition,2,"[5,13]",DBFL_PTS;XMACH1_PTS,2,"[0.0,0.8]",0.0,
CYBFL1_table,CYBFL1_table,CYBFL1,,top-level-definition,2,"[5,13]",DBFL_PTS;XMACH1_PTS,3,"[0.0,0.9]",0.0,
CYBFL1_table,CYBFL1_table,CYBFL1,,top-level-definition,2,"[5,13]",DBFL_PTS;XMACH1_PTS,4,"[0.0,0.95]",0.0,
CYBFL1_table,CYBFL1_table,CYBFL1,,top-level-definition,2,"[5,13]",DBFL_PTS;XMACH1_PTS,5,"[0.0,1.1]",0.0,
CYBFL1_table,CYBFL1_table,CYBFL1,,top-level-definition,2,"[5,13]",DBFL_PTS;XMACH1_PTS,6,"[0.0,1.2]",0.0,
CYBFL1_table,CYBFL1_table,CYBFL1,,top-level-definition,2,"[5,13]",DBFL_PTS;XMACH1_PTS,7,"[0.0,1.6]",0.0,
CYBFL1_table,CYBFL1_table,CYBFL1,,top-level-definition,2,"[5,13]",DBFL_PTS;XMACH1_PTS,8,"[0.0,2.0]",0.0,
CYBFL1_table,CYBFL1_table,CYBFL1,,top-level-definition,2,"[5,13]",DBFL_PTS;XMACH1_PTS,9,"[0.0,2.5]",0.0,
CYBFL1_table,CYBFL1_table,CYBFL1,,top-level-definition,2,"[5,13]",DBFL_PTS;XMACH1_PTS,10,"[0.0,3.0]",0.0,
CYBFL1_table,CYBFL1_table,CYBFL1,,top-level-definition,2,"[5,13]",DBFL_PTS;XMACH1_PTS,11,"[0.0,3.5]",0.0,
CYBFL1_table,CYBFL1_table,CYBFL1,,top-level-definition,2,"[5,13]",DBFL_PTS;XMACH1_PTS,12,"[0.0,4.0]",0.0,
CYBFL1_table,CYBFL1_table,CYBFL1,,top-level-definition,2,"[5,13]",DBFL_PTS;XMACH1_PTS,13,"[15.0,0.3]",-0.00037589,
CYBFL1_table,CYBFL1_table,CYBFL1,,top-level-definition,2,"[5,13]",DBFL_PTS;XMACH1_PTS,14,"[15.0,0.6]",-0.00044606,
CYBFL1_table,CYBFL1_table,CYBFL1,,top-level-definition,2,"[5,13]",DBFL_PTS;XMACH1_PTS,15,"[15.0,0.8]",-0.00048661,
CYBFL1_table,CYBFL1_table,CYBFL1,,top-level-definition,2,"[5,13]",DBFL_PTS;XMACH1_PTS,16,"[15.0,0.9]",-0.00052717,
CYBFL1_table,CYBFL1_table,CYBFL1,,top-level-definition,2,"[5,13]",DBFL_PTS;XMACH1_PTS,17,"[15.0,0.95]",-0.00058799,
CYBFL1_table,CYBFL1_table,CYBFL1,,top-level-definition,2,"[5,13]",DBFL_PTS;XMACH1_PTS,18,"[15.0,1.1]",-0.00040123,
CYBFL1_table,CYBFL1_table,CYBFL1,,top-level-definition,2,"[5,13]",DBFL_PTS;XMACH1_PTS,19,"[15.0,1.2]",-0.00027664,
CYBFL1_table,CYBFL1_table,CYBFL1,,top-level-definition,2,"[5,13]",DBFL_PTS;XMACH1_PTS,20,"[15.0,1.6]",0.00022157,
CYBFL1_table,CYBFL1_table,CYBFL1,,top-level-definition,2,"[5,13]",DBFL_PTS;XMACH1_PTS,21,"[15.0,2.0]",-3.8847e-05,
CYBFL1_table,CYBFL1_table,CYBFL1,,top-level-definition,2,"[5,13]",DBFL_PTS;XMACH1_PTS,22,"[15.0,2.5]",-0.00017844,
CYBFL1_table,CYBFL1_table,CYBFL1,,top-level-definition,2,"[5,13]",DBFL_PTS;XMACH1_PTS,23,"[15.0,3.0]",5.1091e-05,
CYBFL1_table,CYBFL1_table,CYBFL1,,top-level-definition,2,"[5,13]",DBFL_PTS;XMACH1_PTS,24,"[15.0,3.5]",1.6037e-05,
CYBFL1_table,CYBFL1_table,CYBFL1,,top-level-definition,2,"[5,13]",DBFL_PTS;XMACH1_PTS,25,"[15.0,4.0]",8.1133e-07,
CYBFL1_table,CYBFL1_table,CYBFL1,,top-level-definition,2,"[5,13]",DBFL_PTS;XMACH1_PTS,26,"[30.0,0.3]",0.0011628,
CYBFL1_table,CYBFL1_table,CYBFL1,,top-level-definition,2,"[5,13]",DBFL_PTS;XMACH1_PTS,27,"[30.0,0.6]",0.0013798,
CYBFL1_table,CYBFL1_table,CYBFL1,,top-level-definition,2,"[5,13]",DBFL_PTS;XMACH1_PTS,28,"[30.0,0.8]",0.0015053,
CYBFL1_table,CYBFL1_table,CYBFL1,,top-level-definition,2,"[5,13]",DBFL_PTS;XMACH1_PTS,29,"[30.0,0.9]",0.0016307,
CYBFL1_table,CYBFL1_table,CYBFL1,,top-level-definition,2,"[5,13]",DBFL_PTS;XMACH1_PTS,30,"[30.0,0.95]",0.0018189,
CYBFL1_table,CYBFL1_table,CYBFL1,,top-level-definition,2,"[5,13]",DBFL_PTS;XMACH1_PTS,31,"[30.0,1.1]",0.0014482,
CYBFL1_table,CYBFL1_table,CYBFL1,,top-level-definition,2,"[5,13]",DBFL_PTS;XMACH1_PTS,32,"[30.0,1.2]",0.001201,
CYBFL1_table,CYBFL1_table,CYBFL1,,top-level-definition,2,"[5,13]",DBFL_PTS;XMACH1_PTS,33,"[30.0,1.6]",0.00021229,
CYBFL1_table,CYBFL1_table,CYBFL1,,top-level-definition,2,"[5,13]",DBFL_PTS;XMACH1_PTS,34,"[30.0,2.0]",-0.00018627,
CYBFL1_table,CYBFL1_table,CYBFL1,,top-level-definition,2,"[5,13]",DBFL_PTS;XMACH1_PTS,35,"[30.0,2.5]",-0.00012485,
CYBFL1_table,CYBFL1_table,CYBFL1,,top-level-definition,2,"[5,13]",DBFL_PTS;XMACH1_PTS,36,"[30.0,3.0]",2.9711e-05,
CYBFL1_table,CYBFL1_table,CYBFL1,,top-level-definition,2,"[5,13]",DBFL_PTS;XMACH1_PTS,37,"[30.0,3.5]",5.3793e-05,
CYBFL1_table,CYBFL1_table,CYBFL1,,top-level-definition,2,"[5,13]",DBFL_PTS;XMACH1_PTS,38,"[30.0,4.0]",-1.8071e-05,
CYBFL1_table,CYBFL1_table,CYBFL1,,top-level-definition,2,"[5,13]",DBFL_PTS;XMACH1_PTS,39,"[45.0,0.3]",0.00017488,
CYBFL1_table,CYBFL1_table,CYBFL1,,top-level-definition,2,"[5,13]",DBFL_PTS;XMACH1_PTS,40,"[45.0,0.6]",0.00020753,
CYBFL1_table,CYBFL1_table,CYBFL1,,top-level-definition,2,"[5,13]",DBFL_PTS;XMACH1_PTS,41,"[45.0,0.8]",0.0002264,
CYBFL1_table,CYBFL1_table,CYBFL1,,top-level-definition,2,"[5,13]",DBFL_PTS;XMACH1_PTS,42,"[45.0,0.9]",0.00024526,
CYBFL1_table,CYBFL1_table,CYBFL1,,top-level-definition,2,"[5,13]",DBFL_PTS;XMACH1_PTS,43,"[45.0,0.95]",0.00027356,
CYBFL1_table,CYBFL1_table,CYBFL1,,top-level-definition,2,"[5,13]",DBFL_PTS;XMACH1_PTS,44,"[45.0,1.1]",0.00028391,
CYBFL1_table,CYBFL1_table,CYBFL1,,top-level-definition,2,"[5,13]",DBFL_PTS;XMACH1_PTS,45,"[45.0,1.2]",0.00029082,
CYBFL1_table,CYBFL1_table,CYBFL1,,top-level-definition,2,"[5,13]",DBFL_PTS;XMACH1_PTS,46,"[45.0,1.6]",0.00031843,
CYBFL1_table,CYBFL1_table,CYBFL1,,top-level-definition,2,"[5,13]",DBFL_PTS;XMACH1_PTS,47,"[45.0,2.0]",-0.00027941,
CYBFL1_table,CYBFL1_table,CYBFL1,,top-level-definition,2,"[5,13]",DBFL_PTS;XMACH1_PTS,48,"[45.0,2.5]",-0.00018727,
CYBFL1_table,CYBFL1_table,CYBFL1,,top-level-definition,2,"[5,13]",DBFL_PTS;XMACH1_PTS,49,"[45.0,3.0]",4.4567e-05,
CYBFL1_table,CYBFL1_table,CYBFL1,,top-level-definition,2,"[5,13]",DBFL_PTS;XMACH1_PTS,50,"[45.0,3.5]",8.0689e-05,
CYBFL1_table,CYBFL1_table,CYBFL1,,top-level-definition,2,"[5,13]",DBFL_PTS;XMACH1_PTS,51,"[45.0,4.0]",-2.7107e-05,
CYBFL1_table,CYBFL1_table,CYBFL1,,top-level-definition,2,"[5,13]",DBFL_PTS;XMACH1_PTS,52,"[60.0,0.3]",-0.00019226,
CYBFL1_table,CYBFL1_table,CYBFL1,,top-level-definition,2,"[5,13]",DBFL_PTS;XMACH1_PTS,53,"[60.0,0.6]",-0.00022815,
CYBFL1_table,CYBFL1_table,CYBFL1,,top-level-definition,2,"[5,13]",DBFL_PTS;XMACH1_PTS,54,"[60.0,0.8]",-0.00024889,
CYBFL1_table,CYBFL1_table,CYBFL1,,top-level-definition,2,"[5,13]",DBFL_PTS;XMACH1_PTS,55,"[60.0,0.9]",-0.00026963,
CYBFL1_table,CYBFL1_table,CYBFL1,,top-level-definition,2,"[5,13]",DBFL_PTS;XMACH1_PTS,56,"[60.0,0.95]",-0.00030074,
CYBFL1_table,CYBFL1_table,CYBFL1,,top-level-definition,2,"[5,13]",DBFL_PTS;XMACH1_PTS,57,"[60.0,1.1]",-0.00013613,
CYBFL1_table,CYBFL1_table,CYBFL1,,top-level-definition,2,"[5,13]",DBFL_PTS;XMACH1_PTS,58,"[60.0,1.2]",-2.6326e-05,
CYBFL1_table,CYBFL1_table,CYBFL1,,top-level-definition,2,"[5,13]",DBFL_PTS;XMACH1_PTS,59,"[60.0,1.6]",0.00041277,
CYBFL1_table,CYBFL1_table,CYBFL1,,top-level-definition,2,"[5,13]",DBFL_PTS;XMACH1_PTS,60,"[60.0,2.0]",-0.00036219,
CYBFL1_table,CYBFL1_table,CYBFL1,,top-level-definition,2,"[5,13]",DBFL_PTS;XMACH1_PTS,61,"[60.0,2.5]",-0.00024276,
CYBFL1_table,CYBFL1_table,CYBFL1,,top-level-definition,2,"[5,13]",DBFL_PTS;XMACH1_PTS,62,"[60.0,3.0]",5.777e-05,
CYBFL1_table,CYBFL1_table,CYBFL1,,top-level-definition,2,"[5,13]",DBFL_PTS;XMACH1_PTS,63,"[60.0,3.5]",0.00010459,
CYBFL1_table,CYBFL1_table,CYBFL1,,top-level-definition,2,"[5,13]",DBFL_PTS;XMACH1_PTS,64,"[60.0,4.0]",-3.5138e-05,
CYBFL2_table,CYBFL2_table,CYBFL2,,top-level-definition,2,"[5,13]",DBFL_PTS;XMACH1_PTS,0,"[0.0,0.3]",0.0,
CYBFL2_table,CYBFL2_table,CYBFL2,,top-level-definition,2,"[5,13]",DBFL_PTS;XMACH1_PTS,1,"[0.0,0.6]",0.0,
CYBFL2_table,CYBFL2_table,CYBFL2,,top-level-definition,2,"[5,13]",DBFL_PTS;XMACH1_PTS,2,"[0.0,0.8]",0.0,
CYBFL2_table,CYBFL2_table,CYBFL2,,top-level-definition,2,"[5,13]",DBFL_PTS;XMACH1_PTS,3,"[0.0,0.9]",0.0,
CYBFL2_table,CYBFL2_table,CYBFL2,,top-level-definition,2,"[5,13]",DBFL_PTS;XMACH1_PTS,4,"[0.0,0.95]",0.0,
CYBFL2_table,CYBFL2_table,CYBFL2,,top-level-definition,2,"[5,13]",DBFL_PTS;XMACH1_PTS,5,"[0.0,1.1]",0.0,
CYBFL2_table,CYBFL2_table,CYBFL2,,top-level-definition,2,"[5,13]",DBFL_PTS;XMACH1_PTS,6,"[0.0,1.2]",0.0,
CYBFL2_table,CYBFL2_table,CYBFL2,,top-level-definition,2,"[5,13]",DBFL_PTS;XMACH1_PTS,7,"[0.0,1.6]",0.0,
CYBFL2_table,CYBFL2_table,CYBFL2,,top-level-definition,2,"[5,13]",DBFL_PTS;XMACH1_PTS,8,"[0.0,2.0]",0.0,
CYBFL2_table,CYBFL2_table,CYBFL2,,top-level-definition,2,"[5,13]",DBFL_PTS;XMACH1_PTS,9,"[0.0,2.5]",0.0,
CYBFL2_table,CYBFL2_table,CYBFL2,,top-level-definition,2,"[5,13]",DBFL_PTS;XMACH1_PTS,10,"[0.0,3.0]",0.0,
CYBFL2_table,CYBFL2_table,CYBFL2,,top-level-definition,2,"[5,13]",DBFL_PTS;XMACH1_PTS,11,"[0.0,3.5]",0.0,
CYBFL2_table,CYBFL2_table,CYBFL2,,top-level-definition,2,"[5,13]",DBFL_PTS;XMACH1_PTS,12,"[0.0,4.0]",0.0,
CYBFL2_table,CYBFL2_table,CYBFL2,,top-level-definition,2,"[5,13]",DBFL_PTS;XMACH1_PTS,13,"[15.0,0.3]",4.348e-05,
CYBFL2_table,CYBFL2_table,CYBFL2,,top-level-definition,2,"[5,13]",DBFL_PTS;XMACH1_PTS,14,"[15.0,0.6]",5.1597e-05,
CYBFL2_table,CYBFL2_table,CYBFL2,,top-level-definition,2,"[5,13]",DBFL_PTS;XMACH1_PTS,15,"[15.0,0.8]",5.6288e-05,
CYBFL2_table,CYBFL2_table,CYBFL2,,top-level-definition,2,"[5,13]",DBFL_PTS;XMACH1_PTS,16,"[15.0,0.9]",6.0978e-05,
CYBFL2_table,CYBFL2_table,CYBFL2,,top-level-definition,2,"[5,13]",DBFL_PTS;XMACH1_PTS,17,"[15.0,0.95]",6.8014e-05,
CYBFL2_table,CYBFL2_table,CYBFL2,,top-level-definition,2,"[5,13]",DBFL_PTS;XMACH1_PTS,18,"[15.0,1.1]",4.573e-05,
CYBFL2_table,CYBFL2_table,CYBFL2,,top-level-definition,2,"[5,13]",DBFL_PTS;XMACH1_PTS,19,"[15.0,1.2]",3.0864e-05,
CYBFL2_table,CYBFL2_table,CYBFL2,,top-level-definition,2,"[5,13]",DBFL_PTS;XMACH1_PTS,20,"[15.0,1.6]",-2.8579e-05,
CYBFL2_table,CYBFL2_table,CYBFL2,,top-level-definition,2,"[5,13]",DBFL_PTS;XMACH1_PTS,21,"[15.0,2.0]",2.9256e-05,
CYBFL2_table,CYBFL2_table,CYBFL2,,top-level-definition,2,"[5,13]",DBFL_PTS;XMACH1_PTS,22,"[15.0,2.5]",2.8403e-05,
CYBFL2_table,CYBFL2_table,CYBFL2,,top-level-definition,2,"[5,13]",DBFL_PTS;XMACH1_PTS,23,"[15.0,3.0]",-1.9441e-06,
CYBFL2_table,CYBFL2_table,CYBFL2,,top-level-definition,2,"[5,13]",DBFL_PTS;XMACH1_PTS,24,"[15.0,3.5]",-1.339e-06,
CYBFL2_table,CYBFL2_table,CYBFL2,,top-level-definition,2,"[5,13]",DBFL_PTS;XMACH1_PTS,25,"[15.0,4.0]",-5.966e-07,
CYBFL2_table,CYBFL2_table,CYBFL2,,top-level-definition,2,"[5,13]",DBFL_PTS;XMACH1_PTS,26,"[30.0,0.3]",-0.00010844,
CYBFL2_table,CYBFL2_table,CYBFL2,,top-level-definition,2,"[5,13]",DBFL_PTS;XMACH1_PTS,27,"[30.0,0.6]",-0.00012868,
CYBFL2_table,CYBFL2_table,CYBFL2,,top-level-definition,2,"[5,13]",DBFL_PTS;XMACH1_PTS,28,"[30.0,0.8]",-0.00014038,
CYBFL2_table,CYBFL2_table,CYBFL2,,top-level-definition,2,"[5,13]",DBFL_PTS;XMACH1_PTS,29,"[30.0,0.9]",-0.00015208,
CYBFL2_table,CYBFL2_table,CYBFL2,,top-level-definition,2,"[5,13]",DBFL_PTS;XMACH1_PTS,30,"[30.0,0.95]",-0.00016962,
CYBFL2_table,CYBFL2_table,CYBFL2,,top-level-definition,2,"[5,13]",DBFL_PTS;XMACH1_PTS,31,"[30.0,1.1]",-0.00013268,
CYBFL2_table,CYBFL2_table,CYBFL2,,top-level-definition,2,"[5,13]",DBFL_PTS;XMACH1_PTS,32,"[30.0,1.2]",-0.00010803,
CYBFL2_table,CYBFL2_table,CYBFL2,,top-level-definition,2,"[5,13]",DBFL_PTS;XMACH1_PTS,33,"[30.0,1.6]",-9.4769e-06,
CYBFL2_table,CYBFL2_table,CYBFL2,,top-level-definition,2,"[5,13]",DBFL_PTS;XMACH1_PTS,34,"[30.0,2.0]",4.7458e-05,
CYBFL2_table,CYBFL2_table,CYBFL2,,top-level-definition,2,"[5,13]",DBFL_PTS;XMACH1_PTS,35,"[30.0,2.5]",2.2102e-05,
CYBFL2_table,CYBFL2_table,CYBFL2,,top-level-definition,2,"[5,13]",DBFL_PTS;XMACH1_PTS,36,"[30.0,3.0]",-1.3111e-06,
CYBFL2_table,CYBFL2_table,CYBFL2,,top-level-definition,2,"[5,13]",DBFL_PTS;XMACH1_PTS,37,"[30.0,3.5]",-5.2297e-06,
CYBFL2_table,CYBFL2_table,CYBFL2,,top-level-definition,2,"[5,13]",DBFL_PTS;XMACH1_PTS,38,"[30.0,4.0]",6.4712e-07,
CYBFL2_table,CYBFL2_table,CYBFL2,,top-level-definition,2,"[5,13]",DBFL_PTS;XMACH1_PTS,39,"[45.0,0.3]",7.6254e-06,
CYBFL2_table,CYBFL2_table,CYBFL2,,top-level-definition,2,"[5,13]",DBFL_PTS;XMACH1_PTS,40,"[45.0,0.6]",9.0489e-06,
CYBFL2_table,CYBFL2_table,CYBFL2,,top-level-definition,2,"[5,13]",DBFL_PTS;XMACH1_PTS,41,"[45.0,0.8]",9.8715e-06,
CYBFL2_table,CYBFL2_table,CYBFL2,,top-level-definition,2,"[5,13]",DBFL_PTS;XMACH1_PTS,42,"[45.0,0.9]",1.0694e-05,
CYBFL2_table,CYBFL2_table,CYBFL2,,top-level-definition,2,"[5,13]",DBFL_PTS;XMACH1_PTS,43,"[45.0,0.95]",1.1928e-05,
CYBFL2_table,CYBFL2_table,CYBFL2,,top-level-definition,2,"[5,13]",DBFL_PTS;XMACH1_PTS,44,"[45.0,1.1]",5.8968e-06,
CYBFL2_table,CYBFL2_table,CYBFL2,,top-level-definition,2,"[5,13]",DBFL_PTS;XMACH1_PTS,45,"[45.0,1.2]",1.8733e-06,
CYBFL2_table,CYBFL2_table,CYBFL2,,top-level-definition,2,"[5,13]",DBFL_PTS;XMACH1_PTS,46,"[45.0,1.6]",-1.4215e-05,
CYBFL2_table,CYBFL2_table,CYBFL2,,top-level-definition,2,"[5,13]",DBFL_PTS;XMACH1_PTS,47,"[45.0,2.0]",7.1187e-05,
CYBFL2_table,CYBFL2_table,CYBFL2,,top-level-definition,2,"[5,13]",DBFL_PTS;XMACH1_PTS,48,"[45.0,2.5]",3.3153e-05,
CYBFL2_table,CYBFL2_table,CYBFL2,,top-level-definition,2,"[5,13]",DBFL_PTS;XMACH1_PTS,49,"[45.0,3.0]",-1.9666e-06,
CYBFL2_table,CYBFL2_table,CYBFL2,,top-level-definition,2,"[5,13]",DBFL_PTS;XMACH1_PTS,50,"[45.0,3.5]",-7.8445e-06,
CYBFL2_table,CYBFL2_table,CYBFL2,,top-level-definition,2,"[5,13]",DBFL_PTS;XMACH1_PTS,51,"[45.0,4.0]",9.7069e-07,
CYBFL2_table,CYBFL2_table,CYBFL2,,top-level-definition,2,"[5,13]",DBFL_PTS;XMACH1_PTS,52,"[60.0,0.3]",4.9357e-05,
CYBFL2_table,CYBFL2_table,CYBFL2,,top-level-definition,2,"[5,13]",DBFL_PTS;XMACH1_PTS,53,"[60.0,0.6]",5.8571e-05,
CYBFL2_table,CYBFL2_table,CYBFL2,,top-level-definition,2,"[5,13]",DBFL_PTS;XMACH1_PTS,54,"[60.0,0.8]",6.3896e-05,
CYBFL2_table,CYBFL2_table,CYBFL2,,top-level-definition,2,"[5,13]",DBFL_PTS;XMACH1_PTS,55,"[60.0,0.9]",6.922e-05,
CYBFL2_table,CYBFL2_table,CYBFL2,,top-level-definition,2,"[5,13]",DBFL_PTS;XMACH1_PTS,56,"[60.0,0.95]",7.7207e-05,
CYBFL2_table,CYBFL2_table,CYBFL2,,top-level-definition,2,"[5,13]",DBFL_PTS;XMACH1_PTS,57,"[60.0,1.1]",5.5144e-05,
CYBFL2_table,CYBFL2_table,CYBFL2,,top-level-definition,2,"[5,13]",DBFL_PTS;XMACH1_PTS,58,"[60.0,1.2]",4.0426e-05,
CYBFL2_table,CYBFL2_table,CYBFL2,,top-level-definition,2,"[5,13]",DBFL_PTS;XMACH1_PTS,59,"[60.0,1.6]",-1.8427e-05,
CYBFL2_table,CYBFL2_table,CYBFL2,,top-level-definition,2,"[5,13]",DBFL_PTS;XMACH1_PTS,60,"[60.0,2.0]",9.2277e-05,
CYBFL2_table,CYBFL2_table,CYBFL2,,top-level-definition,2,"[5,13]",DBFL_PTS;XMACH1_PTS,61,"[60.0,2.5]",4.2975e-05,
CYBFL2_table,CYBFL2_table,CYBFL2,,top-level-definition,2,"[5,13]",DBFL_PTS;XMACH1_PTS,62,"[60.0,3.0]",-2.5493e-06,
CYBFL2_table,CYBFL2_table,CYBFL2,,top-level-definition,2,"[5,13]",DBFL_PTS;XMACH1_PTS,63,"[60.0,3.5]",-1.0169e-05,
CYBFL2_table,CYBFL2_table,CYBFL2,,top-level-definition,2,"[5,13]",DBFL_PTS;XMACH1_PTS,64,"[60.0,4.0]",1.2583e-06,
CYBFL3_table,CYBFL3_table,CYBFL3,,top-level-definition,2,"[5,13]",DBFL_PTS;XMACH1_PTS,0,"[0.0,0.3]",0.0,
CYBFL3_table,CYBFL3_table,CYBFL3,,top-level-definition,2,"[5,13]",DBFL_PTS;XMACH1_PTS,1,"[0.0,0.6]",0.0,
CYBFL3_table,CYBFL3_table,CYBFL3,,top-level-definition,2,"[5,13]",DBFL_PTS;XMACH1_PTS,2,"[0.0,0.8]",0.0,
CYBFL3_table,CYBFL3_table,CYBFL3,,top-level-definition,2,"[5,13]",DBFL_PTS;XMACH1_PTS,3,"[0.0,0.9]",0.0,
CYBFL3_table,CYBFL3_table,CYBFL3,,top-level-definition,2,"[5,13]",DBFL_PTS;XMACH1_PTS,4,"[0.0,0.95]",0.0,
CYBFL3_table,CYBFL3_table,CYBFL3,,top-level-definition,2,"[5,13]",DBFL_PTS;XMACH1_PTS,5,"[0.0,1.1]",0.0,
CYBFL3_table,CYBFL3_table,CYBFL3,,top-level-definition,2,"[5,13]",DBFL_PTS;XMACH1_PTS,6,"[0.0,1.2]",0.0,
CYBFL3_table,CYBFL3_table,CYBFL3,,top-level-definition,2,"[5,13]",DBFL_PTS;XMACH1_PTS,7,"[0.0,1.6]",0.0,
CYBFL3_table,CYBFL3_table,CYBFL3,,top-level-definition,2,"[5,13]",DBFL_PTS;XMACH1_PTS,8,"[0.0,2.0]",0.0,
CYBFL3_table,CYBFL3_table,CYBFL3,,top-level-definition,2,"[5,13]",DBFL_PTS;XMACH1_PTS,9,"[0.0,2.5]",0.0,
CYBFL3_table,CYBFL3_table,CYBFL3,,top-level-definition,2,"[5,13]",DBFL_PTS;XMACH1_PTS,10,"[0.0,3.0]",0.0,
CYBFL3_table,CYBFL3_table,CYBFL3,,top-level-definition,2,"[5,13]",DBFL_PTS;XMACH1_PTS,11,"[0.0,3.5]",0.0,
CYBFL3_table,CYBFL3_table,CYBFL3,,top-level-definition,2,"[5,13]",DBFL_PTS;XMACH1_PTS,12,"[0.0,4.0]",0.0,
CYBFL3_table,CYBFL3_table,CYBFL3,,top-level-definition,2,"[5,13]",DBFL_PTS;XMACH1_PTS,13,"[15.0,0.3]",-1.3393e-06,
CYBFL3_table,CYBFL3_table,CYBFL3,,top-level-definition,2,"[5,13]",DBFL_PTS;XMACH1_PTS,14,"[15.0,0.6]",-1.5893e-06,
CYBFL3_table,CYBFL3_table,CYBFL3,,top-level-definition,2,"[5,13]",DBFL_PTS;XMACH1_PTS,15,"[15.0,0.8]",-1.7337e-06,
CYBFL3_table,CYBFL3_table,CYBFL3,,top-level-definition,2,"[5,13]",DBFL_PTS;XMACH1_PTS,16,"[15.0,0.9]",-1.8782e-06,
CYBFL3_table,CYBFL3_table,CYBFL3,,top-level-definition,2,"[5,13]",DBFL_PTS;XMACH1_PTS,17,"[15.0,0.95]",-2.0949e-06,
CYBFL3_table,CYBFL3_table,CYBFL3,,top-level-definition,2,"[5,13]",DBFL_PTS;XMACH1_PTS,18,"[15.0,1.1]",-1.2605e-06,
CYBFL3_table,CYBFL3_table,CYBFL3,,top-level-definition,2,"[5,13]",DBFL_PTS;XMACH1_PTS,19,"[15.0,1.2]",-7.0377e-07,
CYBFL3_table,CYBFL3_table,CYBFL3,,top-level-definition,2,"[5,13]",DBFL_PTS;XMACH1_PTS,20,"[15.0,1.6]",1.5222e-06,
CYBFL3_table,CYBFL3_table,CYBFL3,,top-level-definition,2,"[5,13]",DBFL_PTS;XMACH1_PTS,21,"[15.0,2.0]",-1.3267e-06,
CYBFL3_table,CYBFL3_table,CYBFL3,,top-level-definition,2,"[5,13]",DBFL_PTS;XMACH1_PTS,22,"[15.0,2.5]",-9.6517e-07,
CYBFL3_table,CYBFL3_table,CYBFL3,,top-level-definition,2,"[5,13]",DBFL_PTS;XMACH1_PTS,23,"[15.0,3.0]",3.5197e-08,
CYBFL3_table,CYBFL3_table,CYBFL3,,top-level-definition,2,"[5,13]",DBFL_PTS;XMACH1_PTS,24,"[15.0,3.5]",4.2099e-08,
CYBFL3_table,CYBFL3_table,CYBFL3,,top-level-definition,2,"[5,13]",DBFL_PTS;XMACH1_PTS,25,"[15.0,4.0]",2.4925e-08,
CYBFL3_table,CYBFL3_table,CYBFL3,,top-level-definition,2,"[5,13]",DBFL_PTS;XMACH1_PTS,26,"[30.0,0.3]",2.1837e-06,
CYBFL3_table,CYBFL3_table,CYBFL3,,top-level-definition,2,"[5,13]",DBFL_PTS;XMACH1_PTS,27,"[30.0,0.6]",2.5914e-06,
CYBFL3_table,CYBFL3_table,CYBFL3,,top-level-definition,2,"[5,13]",DBFL_PTS;XMACH1_PTS,28,"[30.0,0.8]",2.8269e-06,
CYBFL3_table,CYBFL3_table,CYBFL3,,top-level-definition,2,"[5,13]",DBFL_PTS;XMACH1_PTS,29,"[30.0,0.9]",3.0625e-06,
CYBFL3_table,CYBFL3_table,CYBFL3,,top-level-definition,2,"[5,13]",DBFL_PTS;XMACH1_PTS,30,"[30.0,0.95]",3.4159e-06,
CYBFL3_table,CYBFL3_table,CYBFL3,,top-level-definition,2,"[5,13]",DBFL_PTS;XMACH1_PTS,31,"[30.0,1.1]",2.7961e-06,
CYBFL3_table,CYBFL3_table,CYBFL3,,top-level-definition,2,"[5,13]",DBFL_PTS;XMACH1_PTS,32,"[30.0,1.2]",2.3826e-06,
CYBFL3_table,CYBFL3_table,CYBFL3,,top-level-definition,2,"[5,13]",DBFL_PTS;XMACH1_PTS,33,"[30.0,1.6]",7.2933e-07,
CYBFL3_table,CYBFL3_table,CYBFL3,,top-level-definition,2,"[5,13]",DBFL_PTS;XMACH1_PTS,34,"[30.0,2.0]",-1.859e-06,
CYBFL3_table,CYBFL3_table,CYBFL3,,top-level-definition,2,"[5,13]",DBFL_PTS;XMACH1_PTS,35,"[30.0,2.5]",-7.4424e-07,
CYBFL3_table,CYBFL3_table,CYBFL3,,top-level-definition,2,"[5,13]",DBFL_PTS;XMACH1_PTS,36,"[30.0,3.0]",9.3271e-08,
CYBFL3_table,CYBFL3_table,CYBFL3,,top-level-definition,2,"[5,13]",DBFL_PTS;XMACH1_PTS,37,"[30.0,3.5]",1.806e-07,
CYBFL3_table,CYBFL3_table,CYBFL3,,top-level-definition,2,"[5,13]",DBFL_PTS;XMACH1_PTS,38,"[30.0,4.0]",4.0258e-08,
CYBFL3_table,CYBFL3_table,CYBFL3,,top-level-definition,2,"[5,13]",DBFL_PTS;XMACH1_PTS,39,"[45.0,0.3]",-1.2653e-06,
CYBFL3_table,CYBFL3_table,CYBFL3,,top-level-definition,2,"[5,13]",DBFL_PTS;XMACH1_PTS,40,"[45.0,0.6]",-1.5015e-06,
CYBFL3_table,CYBFL3_table,CYBFL3,,top-level-definition,2,"[5,13]",DBFL_PTS;XMACH1_PTS,41,"[45.0,0.8]",-1.638e-06,
CYBFL3_table,CYBFL3_table,CYBFL3,,top-level-definition,2,"[5,13]",DBFL_PTS;XMACH1_PTS,42,"[45.0,0.9]",-1.7746e-06,
CYBFL3_table,CYBFL3_table,CYBFL3,,top-level-definition,2,"[5,13]",DBFL_PTS;XMACH1_PTS,43,"[45.0,0.95]",-1.9793e-06,
CYBFL3_table,CYBFL3_table,CYBFL3,,top-level-definition,2,"[5,13]",DBFL_PTS;XMACH1_PTS,44,"[45.0,1.1]",-1.2703e-06,
CYBFL3_table,CYBFL3_table,CYBFL3,,top-level-definition,2,"[5,13]",DBFL_PTS;XMACH1_PTS,45,"[45.0,1.2]",-7.9732e-07,
CYBFL3_table,CYBFL3_table,CYBFL3,,top-level-definition,2,"[5,13]",DBFL_PTS;XMACH1_PTS,46,"[45.0,1.6]",1.094e-06,
CYBFL3_table,CYBFL3_table,CYBFL3,,top-level-definition,2,"[5,13]",DBFL_PTS;XMACH1_PTS,47,"[45.0,2.0]",-2.7885e-06,
CYBFL3_table,CYBFL3_table,CYBFL3,,top-level-definition,2,"[5,13]",DBFL_PTS;XMACH1_PTS,48,"[45.0,2.5]",-1.1164e-06,
CYBFL3_table,CYBFL3_table,CYBFL3,,top-level-definition,2,"[5,13]",DBFL_PTS;XMACH1_PTS,49,"[45.0,3.0]",1.3991e-07,
CYBFL3_table,CYBFL3_table,CYBFL3,,top-level-definition,2,"[5,13]",DBFL_PTS;XMACH1_PTS,50,"[45.0,3.5]",2.7089e-07,
CYBFL3_table,CYBFL3_table,CYBFL3,,top-level-definition,2,"[5,13]",DBFL_PTS;XMACH1_PTS,51,"[45.0,4.0]",6.0388e-08,
CYBFL3_table,CYBFL3_table,CYBFL3,,top-level-definition,2,"[5,13]",DBFL_PTS;XMACH1_PTS,52,"[60.0,0.3]",-1.9454e-06,
CYBFL3_table,CYBFL3_table,CYBFL3,,top-level-definition,2,"[5,13]",DBFL_PTS;XMACH1_PTS,53,"[60.0,0.6]",-2.3085e-06,
CYBFL3_table,CYBFL3_table,CYBFL3,,top-level-definition,2,"[5,13]",DBFL_PTS;XMACH1_PTS,54,"[60.0,0.8]",-2.5184e-06,
CYBFL3_table,CYBFL3_table,CYBFL3,,top-level-definition,2,"[5,13]",DBFL_PTS;XMACH1_PTS,55,"[60.0,0.9]",-2.7283e-06,
CYBFL3_table,CYBFL3_table,CYBFL3,,top-level-definition,2,"[5,13]",DBFL_PTS;XMACH1_PTS,56,"[60.0,0.95]",-3.0431e-06,
CYBFL3_table,CYBFL3_table,CYBFL3,,top-level-definition,2,"[5,13]",DBFL_PTS;XMACH1_PTS,57,"[60.0,1.1]",-2.0139e-06,
CYBFL3_table,CYBFL3_table,CYBFL3,,top-level-definition,2,"[5,13]",DBFL_PTS;XMACH1_PTS,58,"[60.0,1.2]",-1.3273e-06,
CYBFL3_table,CYBFL3_table,CYBFL3,,top-level-definition,2,"[5,13]",DBFL_PTS;XMACH1_PTS,59,"[60.0,1.6]",1.4181e-06,
CYBFL3_table,CYBFL3_table,CYBFL3,,top-level-definition,2,"[5,13]",DBFL_PTS;XMACH1_PTS,60,"[60.0,2.0]",-3.6147e-06,
CYBFL3_table,CYBFL3_table,CYBFL3,,top-level-definition,2,"[5,13]",DBFL_PTS;XMACH1_PTS,61,"[60.0,2.5]",-1.4471e-06,
CYBFL3_table,CYBFL3_table,CYBFL3,,top-level-definition,2,"[5,13]",DBFL_PTS;XMACH1_PTS,62,"[60.0,3.0]",1.8136e-07,
CYBFL3_table,CYBFL3_table,CYBFL3,,top-level-definition,2,"[5,13]",DBFL_PTS;XMACH1_PTS,63,"[60.0,3.5]",3.5115e-07,
CYBFL3_table,CYBFL3_table,CYBFL3,,top-level-definition,2,"[5,13]",DBFL_PTS;XMACH1_PTS,64,"[60.0,4.0]",7.8278e-08,
CNBFL0_table,CNBFL0_table,CNBFL0,,top-level-definition,2,"[5,13]",DBFL_PTS;XMACH1_PTS,0,"[0.0,0.3]",0.0,
CNBFL0_table,CNBFL0_table,CNBFL0,,top-level-definition,2,"[5,13]",DBFL_PTS;XMACH1_PTS,1,"[0.0,0.6]",0.0,
CNBFL0_table,CNBFL0_table,CNBFL0,,top-level-definition,2,"[5,13]",DBFL_PTS;XMACH1_PTS,2,"[0.0,0.8]",0.0,
CNBFL0_table,CNBFL0_table,CNBFL0,,top-level-definition,2,"[5,13]",DBFL_PTS;XMACH1_PTS,3,"[0.0,0.9]",0.0,
CNBFL0_table,CNBFL0_table,CNBFL0,,top-level-definition,2,"[5,13]",DBFL_PTS;XMACH1_PTS,4,"[0.0,0.95]",0.0,
CNBFL0_table,CNBFL0_table,CNBFL0,,top-level-definition,2,"[5,13]",DBFL_PTS;XMACH1_PTS,5,"[0.0,1.1]",0.0,
CNBFL0_table,CNBFL0_table,CNBFL0,,top-level-definition,2,"[5,13]",DBFL_PTS;XMACH1_PTS,6,"[0.0,1.2]",0.0,
CNBFL0_table,CNBFL0_table,CNBFL0,,top-level-definition,2,"[5,13]",DBFL_PTS;XMACH1_PTS,7,"[0.0,1.6]",0.0,
CNBFL0_table,CNBFL0_table,CNBFL0,,top-level-definition,2,"[5,13]",DBFL_PTS;XMACH1_PTS,8,"[0.0,2.0]",0.0,
CNBFL0_table,CNBFL0_table,CNBFL0,,top-level-definition,2,"[5,13]",DBFL_PTS;XMACH1_PTS,9,"[0.0,2.5]",0.0,
CNBFL0_table,CNBFL0_table,CNBFL0,,top-level-definition,2,"[5,13]",DBFL_PTS;XMACH1_PTS,10,"[0.0,3.0]",0.0,
CNBFL0_table,CNBFL0_table,CNBFL0,,top-level-definition,2,"[5,13]",DBFL_PTS;XMACH1_PTS,11,"[0.0,3.5]",0.0,
CNBFL0_table,CNBFL0_table,CNBFL0,,top-level-definition,2,"[5,13]",DBFL_PTS;XMACH1_PTS,12,"[0.0,4.0]",0.0,
CNBFL0_table,CNBFL0_table,CNBFL0,,top-level-definition,2,"[5,13]",DBFL_PTS;XMACH1_PTS,13,"[15.0,0.3]",-0.0029443,
CNBFL0_table,CNBFL0_table,CNBFL0,,top-level-definition,2,"[5,13]",DBFL_PTS;XMACH1_PTS,14,"[15.0,0.6]",-0.003494,
CNBFL0_table,CNBFL0_table,CNBFL0,,top-level-definition,2,"[5,13]",DBFL_PTS;XMACH1_PTS,15,"[15.0,0.8]",-0.0038116,
CNBFL0_table,CNBFL0_table,CNBFL0,,top-level-definition,2,"[5,13]",DBFL_PTS;XMACH1_PTS,16,"[15.0,0.9]",-0.0041292,
CNBFL0_table,CNBFL0_table,CNBFL0,,top-level-definition,2,"[5,13]",DBFL_PTS;XMACH1_PTS,17,"[15.0,0.95]",-0.0046057,
CNBFL0_table,CNBFL0_table,CNBFL0,,top-level-definition,2,"[5,13]",DBFL_PTS;XMACH1_PTS,18,"[15.0,1.1]",-0.0039032,
CNBFL0_table,CNBFL0_table,CNBFL0,,top-level-definition,2,"[5,13]",DBFL_PTS;XMACH1_PTS,19,"[15.0,1.2]",-0.0034346,
CNBFL0_table,CNBFL0_table,CNBFL0,,top-level-definition,2,"[5,13]",DBFL_PTS;XMACH1_PTS,20,"[15.0,1.6]",-0.0015609,
CNBFL0_table,CNBFL0_table,CNBFL0,,top-level-definition,2,"[5,13]",DBFL_PTS;XMACH1_PTS,21,"[15.0,2.0]",-0.0012721,
CNBFL0_table,CNBFL0_table,CNBFL0,,top-level-definition,2,"[5,13]",DBFL_PTS;XMACH1_PTS,22,"[15.0,2.5]",-0.00071719,
CNBFL0_table,CNBFL0_table,CNBFL0,,top-level-definition,2,"[5,13]",DBFL_PTS;XMACH1_PTS,23,"[15.0,3.0]",-0.00092576,
CNBFL0_table,CNBFL0_table,CNBFL0,,top-level-definition,2,"[5,13]",DBFL_PTS;XMACH1_PTS,24,"[15.0,3.5]",-0.00062243,
CNBFL0_table,CNBFL0_table,CNBFL0,,top-level-definition,2,"[5,13]",DBFL_PTS;XMACH1_PTS,25,"[15.0,4.0]",-0.00047958,
CNBFL0_table,CNBFL0_table,CNBFL0,,top-level-definition,2,"[5,13]",DBFL_PTS;XMACH1_PTS,26,"[30.0,0.3]",-0.0055153,
CNBFL0_table,CNBFL0_table,CNBFL0,,top-level-definition,2,"[5,13]",DBFL_PTS;XMACH1_PTS,27,"[30.0,0.6]",-0.0065448,
CNBFL0_table,CNBFL0_table,CNBFL0,,top-level-definition,2,"[5,13]",DBFL_PTS;XMACH1_PTS,28,"[30.0,0.8]",-0.0071398,
CNBFL0_table,CNBFL0_table,CNBFL0,,top-level-definition,2,"[5,13]",DBFL_PTS;XMACH1_PTS,29,"[30.0,0.9]",-0.0077348,
CNBFL0_table,CNBFL0_table,CNBFL0,,top-level-definition,2,"[5,13]",DBFL_PTS;XMACH1_PTS,30,"[30.0,0.95]",-0.0086273,
CNBFL0_table,CNBFL0_table,CNBFL0,,top-level-definition,2,"[5,13]",DBFL_PTS;XMACH1_PTS,31,"[30.0,1.1]",-0.0076439,
CNBFL0_table,CNBFL0_table,CNBFL0,,top-level-definition,2,"[5,13]",DBFL_PTS;XMACH1_PTS,32,"[30.0,1.2]",-0.0069879,
CNBFL0_table,CNBFL0_table,CNBFL0,,top-level-definition,2,"[5,13]",DBFL_PTS;XMACH1_PTS,33,"[30.0,1.6]",-0.0043648,
CNBFL0_table,CNBFL0_table,CNBFL0,,top-level-definition,2,"[5,13]",DBFL_PTS;XMACH1_PTS,34,"[30.0,2.0]",-0.0035249,
CNBFL0_table,CNBFL0_table,CNBFL0,,top-level-definition,2,"[5,13]",DBFL_PTS;XMACH1_PTS,35,"[30.0,2.5]",-0.002393,
CNBFL0_table,CNBFL0_table,CNBFL0,,top-level-definition,2,"[5,13]",DBFL_PTS;XMACH1_PTS,36,"[30.0,3.0]",-0.0024712,
CNBFL0_table,CNBFL0_table,CNBFL0,,top-level-definition,2,"[5,13]",DBFL_PTS;XMACH1_PTS,37,"[30.0,3.5]",-0.0020191,
CNBFL0_table,CNBFL0_table,CNBFL0,,top-level-definition,2,"[5,13]",DBFL_PTS;XMACH1_PTS,38,"[30.0,4.0]",-0.0016435,
CNBFL0_table,CNBFL0_table,CNBFL0,,top-level-definition,2,"[5,13]",DBFL_PTS;XMACH1_PTS,39,"[45.0,0.3]",-0.0092672,
CNBFL0_table,CNBFL0_table,CNBFL0,,top-level-definition,2,"[5,13]",DBFL_PTS;XMACH1_PTS,40,"[45.0,0.6]",-0.010997,
CNBFL0_table,CNBFL0_table,CNBFL0,,top-level-definition,2,"[5,13]",DBFL_PTS;XMACH1_PTS,41,"[45.0,0.8]",-0.011997,
CNBFL0_table,CNBFL0_table,CNBFL0,,top-level-definition,2,"[5,13]",DBFL_PTS;XMACH1_PTS,42,"[45.0,0.9]",-0.012997,
CNBFL0_table,CNBFL0_table,CNBFL0,,top-level-definition,2,"[5,13]",DBFL_PTS;XMACH1_PTS,43,"[45.0,0.95]",-0.014496,
CNBFL0_table,CNBFL0_table,CNBFL0,,top-level-definition,2,"[5,13]",DBFL_PTS;XMACH1_PTS,44,"[45.0,1.1]",-0.012662,
CNBFL0_table,CNBFL0_table,CNBFL0,,top-level-definition,2,"[5,13]",DBFL_PTS;XMACH1_PTS,45,"[45.0,1.2]",-0.011439,
CNBFL0_table,CNBFL0_table,CNBFL0,,top-level-definition,2,"[5,13]",DBFL_PTS;XMACH1_PTS,46,"[45.0,1.6]",-0.0065472,
CNBFL0_table,CNBFL0_table,CNBFL0,,top-level-definition,2,"[5,13]",DBFL_PTS;XMACH1_PTS,47,"[45.0,2.0]",-0.0052874,
CNBFL0_table,CNBFL0_table,CNBFL0,,top-level-definition,2,"[5,13]",DBFL_PTS;XMACH1_PTS,48,"[45.0,2.5]",-0.0035895,
CNBFL0_table,CNBFL0_table,CNBFL0,,top-level-definition,2,"[5,13]",DBFL_PTS;XMACH1_PTS,49,"[45.0,3.0]",-0.0037068,
CNBFL0_table,CNBFL0_table,CNBFL0,,top-level-definition,2,"[5,13]",DBFL_PTS;XMACH1_PTS,50,"[45.0,3.5]",-0.0030287,
CNBFL0_table,CNBFL0_table,CNBFL0,,top-level-definition,2,"[5,13]",DBFL_PTS;XMACH1_PTS,51,"[45.0,4.0]",-0.0024653,
CNBFL0_table,CNBFL0_table,CNBFL0,,top-level-definition,2,"[5,13]",DBFL_PTS;XMACH1_PTS,52,"[60.0,0.3]",-0.010212,
CNBFL0_table,CNBFL0_table,CNBFL0,,top-level-definition,2,"[5,13]",DBFL_PTS;XMACH1_PTS,53,"[60.0,0.6]",-0.012118,
CNBFL0_table,CNBFL0_table,CNBFL0,,top-level-definition,2,"[5,13]",DBFL_PTS;XMACH1_PTS,54,"[60.0,0.8]",-0.01322,
CNBFL0_table,CNBFL0_table,CNBFL0,,top-level-definition,2,"[5,13]",DBFL_PTS;XMACH1_PTS,55,"[60.0,0.9]",-0.014322,
CNBFL0_table,CNBFL0_table,CNBFL0,,top-level-definition,2,"[5,13]",DBFL_PTS;XMACH1_PTS,56,"[60.0,0.95]",-0.015974,
CNBFL0_table,CNBFL0_table,CNBFL0,,top-level-definition,2,"[5,13]",DBFL_PTS;XMACH1_PTS,57,"[60.0,1.1]",-0.014247,
CNBFL0_table,CNBFL0_table,CNBFL0,,top-level-definition,2,"[5,13]",DBFL_PTS;XMACH1_PTS,58,"[60.0,1.2]",-0.013095,
CNBFL0_table,CNBFL0_table,CNBFL0,,top-level-definition,2,"[5,13]",DBFL_PTS;XMACH1_PTS,59,"[60.0,1.6]",-0.0084869,
CNBFL0_table,CNBFL0_table,CNBFL0,,top-level-definition,2,"[5,13]",DBFL_PTS;XMACH1_PTS,60,"[60.0,2.0]",-0.0068538,
CNBFL0_table,CNBFL0_table,CNBFL0,,top-level-definition,2,"[5,13]",DBFL_PTS;XMACH1_PTS,61,"[60.0,2.5]",-0.004653,
CNBFL0_table,CNBFL0_table,CNBFL0,,top-level-definition,2,"[5,13]",DBFL_PTS;XMACH1_PTS,62,"[60.0,3.0]",-0.004805,
CNBFL0_table,CNBFL0_table,CNBFL0,,top-level-definition,2,"[5,13]",DBFL_PTS;XMACH1_PTS,63,"[60.0,3.5]",-0.003926,
CNBFL0_table,CNBFL0_table,CNBFL0,,top-level-definition,2,"[5,13]",DBFL_PTS;XMACH1_PTS,64,"[60.0,4.0]",-0.0031957,
CNBFL1_table,CNBFL1_table,CNBFL1,,top-level-definition,2,"[5,13]",DBFL_PTS;XMACH1_PTS,0,"[0.0,0.3]",0.0,
CNBFL1_table,CNBFL1_table,CNBFL1,,top-level-definition,2,"[5,13]",DBFL_PTS;XMACH1_PTS,1,"[0.0,0.6]",0.0,
CNBFL1_table,CNBFL1_table,CNBFL1,,top-level-definition,2,"[5,13]",DBFL_PTS;XMACH1_PTS,2,"[0.0,0.8]",0.0,
CNBFL1_table,CNBFL1_table,CNBFL1,,top-level-definition,2,"[5,13]",DBFL_PTS;XMACH1_PTS,3,"[0.0,0.9]",0.0,
CNBFL1_table,CNBFL1_table,CNBFL1,,top-level-definition,2,"[5,13]",DBFL_PTS;XMACH1_PTS,4,"[0.0,0.95]",0.0,
CNBFL1_table,CNBFL1_table,CNBFL1,,top-level-definition,2,"[5,13]",DBFL_PTS;XMACH1_PTS,5,"[0.0,1.1]",0.0,
CNBFL1_table,CNBFL1_table,CNBFL1,,top-level-definition,2,"[5,13]",DBFL_PTS;XMACH1_PTS,6,"[0.0,1.2]",0.0,
CNBFL1_table,CNBFL1_table,CNBFL1,,top-level-definition,2,"[5,13]",DBFL_PTS;XMACH1_PTS,7,"[0.0,1.6]",0.0,
CNBFL1_table,CNBFL1_table,CNBFL1,,top-level-definition,2,"[5,13]",DBFL_PTS;XMACH1_PTS,8,"[0.0,2.0]",0.0,
CNBFL1_table,CNBFL1_table,CNBFL1,,top-level-definition,2,"[5,13]",DBFL_PTS;XMACH1_PTS,9,"[0.0,2.5]",0.0,
CNBFL1_table,CNBFL1_table,CNBFL1,,top-level-definition,2,"[5,13]",DBFL_PTS;XMACH1_PTS,10,"[0.0,3.0]",0.0,
CNBFL1_table,CNBFL1_table,CNBFL1,,top-level-definition,2,"[5,13]",DBFL_PTS;XMACH1_PTS,11,"[0.0,3.5]",0.0,
CNBFL1_table,CNBFL1_table,CNBFL1,,top-level-definition,2,"[5,13]",DBFL_PTS;XMACH1_PTS,12,"[0.0,4.0]",0.0,
CNBFL1_table,CNBFL1_table,CNBFL1,,top-level-definition,2,"[5,13]",DBFL_PTS;XMACH1_PTS,13,"[15.0,0.3]",0.00025107,
CNBFL1_table,CNBFL1_table,CNBFL1,,top-level-definition,2,"[5,13]",DBFL_PTS;XMACH1_PTS,14,"[15.0,0.6]",0.00029794,
CNBFL1_table,CNBFL1_table,CNBFL1,,top-level-definition,2,"[5,13]",DBFL_PTS;XMACH1_PTS,15,"[15.0,0.8]",0.00032502,
CNBFL1_table,CNBFL1_table,CNBFL1,,top-level-definition,2,"[5,13]",DBFL_PTS;XMACH1_PTS,16,"[15.0,0.9]",0.00035211,
CNBFL1_table,CNBFL1_table,CNBFL1,,top-level-definition,2,"[5,13]",DBFL_PTS;XMACH1_PTS,17,"[15.0,0.95]",0.00039274,
CNBFL1_table,CNBFL1_table,CNBFL1,,top-level-definition,2,"[5,13]",DBFL_PTS;XMACH1_PTS,18,"[15.0,1.1]",0.00029226,
CNBFL1_table,CNBFL1_table,CNBFL1,,top-level-definition,2,"[5,13]",DBFL_PTS;XMACH1_PTS,19,"[15.0,1.2]",0.00022522,
CNBFL1_table,CNBFL1_table,CNBFL1,,top-level-definition,2,"[5,13]",DBFL_PTS;XMACH1_PTS,20,"[15.0,1.6]",-4.2818e-05,
CNBFL1_table,CNBFL1_table,CNBFL1,,top-level-definition,2,"[5,13]",DBFL_PTS;XMACH1_PTS,21,"[15.0,2.0]",-1.8875e-05,
CNBFL1_table,CNBFL1_table,CNBFL1,,top-level-definition,2,"[5,13]",DBFL_PTS;XMACH1_PTS,22,"[15.0,2.5]",3.5933e-05,
CNBFL1_table,CNBFL1_table,CNBFL1,,top-level-definition,2,"[5,13]",DBFL_PTS;XMACH1_PTS,23,"[15.0,3.0]",-3.6608e-05,
CNBFL1_table,CNBFL1_table,CNBFL1,,top-level-definition,2,"[5,13]",DBFL_PTS;XMACH1_PTS,24,"[15.0,3.5]",-3.2815e-05,
CNBFL1_table,CNBFL1_table,CNBFL1,,top-level-definition,2,"[5,13]",DBFL_PTS;XMACH1_PTS,25,"[15.0,4.0]",-2.2109e-05,
CNBFL1_table,CNBFL1_table,CNBFL1,,top-level-definition,2,"[5,13]",DBFL_PTS;XMACH1_PTS,26,"[30.0,0.3]",1.392e-06,
CNBFL1_table,CNBFL1_table,CNBFL1,,top-level-definition,2,"[5,13]",DBFL_PTS;XMACH1_PTS,27,"[30.0,0.6]",1.6518e-06,
CNBFL1_table,CNBFL1_table,CNBFL1,,top-level-definition,2,"[5,13]",DBFL_PTS;XMACH1_PTS,28,"[30.0,0.8]",1.802e-06,
CNBFL1_table,CNBFL1_table,CNBFL1,,top-level-definition,2,"[5,13]",DBFL_PTS;XMACH1_PTS,29,"[30.0,0.9]",1.9522e-06,
CNBFL1_table,CNBFL1_table,CNBFL1,,top-level-definition,2,"[5,13]",DBFL_PTS;XMACH1_PTS,30,"[30.0,0.95]",2.1774e-06,
CNBFL1_table,CNBFL1_table,CNBFL1,,top-level-definition,2,"[5,13]",DBFL_PTS;XMACH1_PTS,31,"[30.0,1.1]",-4.5487e-06,
CNBFL1_table,CNBFL1_table,CNBFL1,,top-level-definition,2,"[5,13]",DBFL_PTS;XMACH1_PTS,32,"[30.0,1.2]",-9.0358e-06,
CNBFL1_table,CNBFL1_table,CNBFL1,,top-level-definition,2,"[5,13]",DBFL_PTS;XMACH1_PTS,33,"[30.0,1.6]",-2.6978e-05,
CNBFL1_table,CNBFL1_table,CNBFL1,,top-level-definition,2,"[5,13]",DBFL_PTS;XMACH1_PTS,34,"[30.0,2.0]",-7.429e-05,
CNBFL1_table,CNBFL1_table,CNBFL1,,top-level-definition,2,"[5,13]",DBFL_PTS;XMACH1_PTS,35,"[30.0,2.5]",1.8751e-05,
CNBFL1_table,CNBFL1_table,CNBFL1,,top-level-definition,2,"[5,13]",DBFL_PTS;XMACH1_PTS,36,"[30.0,3.0]",-4.4214e-05,
CNBFL1_table,CNBFL1_table,CNBFL1,,top-level-definition,2,"[5,13]",DBFL_PTS;XMACH1_PTS,37,"[30.0,3.5]",-4.4527e-05,
CNBFL1_table,CNBFL1_table,CNBFL1,,top-level-definition,2,"[5,13]",DBFL_PTS;XMACH1_PTS,38,"[30.0,4.0]",-3.6701e-05,
CNBFL1_table,CNBFL1_table,CNBFL1,,top-level-definition,2,"[5,13]",DBFL_PTS;XMACH1_PTS,39,"[45.0,0.3]",0.00031784,
CNBFL1_table,CNBFL1_table,CNBFL1,,top-level-definition,2,"[5,13]",DBFL_PTS;XMACH1_PTS,40,"[45.0,0.6]",0.00037717,
CNBFL1_table,CNBFL1_table,CNBFL1,,top-level-definition,2,"[5,13]",DBFL_PTS;XMACH1_PTS,41,"[45.0,0.8]",0.00041146,
CNBFL1_table,CNBFL1_table,CNBFL1,,top-level-definition,2,"[5,13]",DBFL_PTS;XMACH1_PTS,42,"[45.0,0.9]",0.00044575,
CNBFL1_table,CNBFL1_table,CNBFL1,,top-level-definition,2,"[5,13]",DBFL_PTS;XMACH1_PTS,43,"[45.0,0.95]",0.00049718,
CNBFL1_table,CNBFL1_table,CNBFL1,,top-level-definition,2,"[5,13]",DBFL_PTS;XMACH1_PTS,44,"[45.0,1.1]",0.00037315,
CNBFL1_table,CNBFL1_table,CNBFL1,,top-level-definition,2,"[5,13]",DBFL_PTS;XMACH1_PTS,45,"[45.0,1.2]",0.0002904,
CNBFL1_table,CNBFL1_table,CNBFL1,,top-level-definition,2,"[5,13]",DBFL_PTS;XMACH1_PTS,46,"[45.0,1.6]",-4.0467e-05,
CNBFL1_table,CNBFL1_table,CNBFL1,,top-level-definition,2,"[5,13]",DBFL_PTS;XMACH1_PTS,47,"[45.0,2.0]",-0.00011143,
CNBFL1_table,CNBFL1_table,CNBFL1,,top-level-definition,2,"[5,13]",DBFL_PTS;XMACH1_PTS,48,"[45.0,2.5]",2.8126e-05,
CNBFL1_table,CNBFL1_table,CNBFL1,,top-level-definition,2,"[5,13]",DBFL_PTS;XMACH1_PTS,49,"[45.0,3.0]",-6.632e-05,
CNBFL1_table,CNBFL1_table,CNBFL1,,top-level-definition,2,"[5,13]",DBFL_PTS;XMACH1_PTS,50,"[45.0,3.5]",-6.6791e-05,
CNBFL1_table,CNBFL1_table,CNBFL1,,top-level-definition,2,"[5,13]",DBFL_PTS;XMACH1_PTS,51,"[45.0,4.0]",-5.5051e-05,
CNBFL1_table,CNBFL1_table,CNBFL1,,top-level-definition,2,"[5,13]",DBFL_PTS;XMACH1_PTS,52,"[60.0,0.3]",0.00055057,
CNBFL1_table,CNBFL1_table,CNBFL1,,top-level-definition,2,"[5,13]",DBFL_PTS;XMACH1_PTS,53,"[60.0,0.6]",0.00065334,
CNBFL1_table,CNBFL1_table,CNBFL1,,top-level-definition,2,"[5,13]",DBFL_PTS;XMACH1_PTS,54,"[60.0,0.8]",0.00071274,
CNBFL1_table,CNBFL1_table,CNBFL1,,top-level-definition,2,"[5,13]",DBFL_PTS;XMACH1_PTS,55,"[60.0,0.9]",0.00077213,
CNBFL1_table,CNBFL1_table,CNBFL1,,top-level-definition,2,"[5,13]",DBFL_PTS;XMACH1_PTS,56,"[60.0,0.95]",0.00086123,
CNBFL1_table,CNBFL1_table,CNBFL1,,top-level-definition,2,"[5,13]",DBFL_PTS;XMACH1_PTS,57,"[60.0,1.1]",0.00065044,
CNBFL1_table,CNBFL1_table,CNBFL1,,top-level-definition,2,"[5,13]",DBFL_PTS;XMACH1_PTS,58,"[60.0,1.2]",0.00050982,
CNBFL1_table,CNBFL1_table,CNBFL1,,top-level-definition,2,"[5,13]",DBFL_PTS;XMACH1_PTS,59,"[60.0,1.6]",-5.2456e-05,
CNBFL1_table,CNBFL1_table,CNBFL1,,top-level-definition,2,"[5,13]",DBFL_PTS;XMACH1_PTS,60,"[60.0,2.0]",-0.00014445,
CNBFL1_table,CNBFL1_table,CNBFL1,,top-level-definition,2,"[5,13]",DBFL_PTS;XMACH1_PTS,61,"[60.0,2.5]",3.6459e-05,
CNBFL1_table,CNBFL1_table,CNBFL1,,top-level-definition,2,"[5,13]",DBFL_PTS;XMACH1_PTS,62,"[60.0,3.0]",-8.5969e-05,
CNBFL1_table,CNBFL1_table,CNBFL1,,top-level-definition,2,"[5,13]",DBFL_PTS;XMACH1_PTS,63,"[60.0,3.5]",-8.6579e-05,
CNBFL1_table,CNBFL1_table,CNBFL1,,top-level-definition,2,"[5,13]",DBFL_PTS;XMACH1_PTS,64,"[60.0,4.0]",-7.136e-05,
CNBFL2_table,CNBFL2_table,CNBFL2,,top-level-definition,2,"[5,13]",DBFL_PTS;XMACH1_PTS,0,"[0.0,0.3]",0.0,
CNBFL2_table,CNBFL2_table,CNBFL2,,top-level-definition,2,"[5,13]",DBFL_PTS;XMACH1_PTS,1,"[0.0,0.6]",0.0,
CNBFL2_table,CNBFL2_table,CNBFL2,,top-level-definition,2,"[5,13]",DBFL_PTS;XMACH1_PTS,2,"[0.0,0.8]",0.0,
CNBFL2_table,CNBFL2_table,CNBFL2,,top-level-definition,2,"[5,13]",DBFL_PTS;XMACH1_PTS,3,"[0.0,0.9]",0.0,
CNBFL2_table,CNBFL2_table,CNBFL2,,top-level-definition,2,"[5,13]",DBFL_PTS;XMACH1_PTS,4,"[0.0,0.95]",0.0,
CNBFL2_table,CNBFL2_table,CNBFL2,,top-level-definition,2,"[5,13]",DBFL_PTS;XMACH1_PTS,5,"[0.0,1.1]",0.0,
CNBFL2_table,CNBFL2_table,CNBFL2,,top-level-definition,2,"[5,13]",DBFL_PTS;XMACH1_PTS,6,"[0.0,1.2]",0.0,
CNBFL2_table,CNBFL2_table,CNBFL2,,top-level-definition,2,"[5,13]",DBFL_PTS;XMACH1_PTS,7,"[0.0,1.6]",0.0,
CNBFL2_table,CNBFL2_table,CNBFL2,,top-level-definition,2,"[5,13]",DBFL_PTS;XMACH1_PTS,8,"[0.0,2.0]",0.0,
CNBFL2_table,CNBFL2_table,CNBFL2,,top-level-definition,2,"[5,13]",DBFL_PTS;XMACH1_PTS,9,"[0.0,2.5]",0.0,
CNBFL2_table,CNBFL2_table,CNBFL2,,top-level-definition,2,"[5,13]",DBFL_PTS;XMACH1_PTS,10,"[0.0,3.0]",0.0,
CNBFL2_table,CNBFL2_table,CNBFL2,,top-level-definition,2,"[5,13]",DBFL_PTS;XMACH1_PTS,11,"[0.0,3.5]",0.0,
CNBFL2_table,CNBFL2_table,CNBFL2,,top-level-definition,2,"[5,13]",DBFL_PTS;XMACH1_PTS,12,"[0.0,4.0]",0.0,
CNBFL2_table,CNBFL2_table,CNBFL2,,top-level-definition,2,"[5,13]",DBFL_PTS;XMACH1_PTS,13,"[15.0,0.3]",-1.5003e-05,
CNBFL2_table,CNBFL2_table,CNBFL2,,top-level-definition,2,"[5,13]",DBFL_PTS;XMACH1_PTS,14,"[15.0,0.6]",-1.7803e-05,
CNBFL2_table,CNBFL2_table,CNBFL2,,top-level-definition,2,"[5,13]",DBFL_PTS;XMACH1_PTS,15,"[15.0,0.8]",-1.9422e-05,
CNBFL2_table,CNBFL2_table,CNBFL2,,top-level-definition,2,"[5,13]",DBFL_PTS;XMACH1_PTS,16,"[15.0,0.9]",-2.104e-05,
CNBFL2_table,CNBFL2_table,CNBFL2,,top-level-definition,2,"[5,13]",DBFL_PTS;XMACH1_PTS,17,"[15.0,0.95]",-2.3468e-05,
CNBFL2_table,CNBFL2_table,CNBFL2,,top-level-definition,2,"[5,13]",DBFL_PTS;XMACH1_PTS,18,"[15.0,1.1]",-1.7691e-05,
CNBFL2_table,CNBFL2_table,CNBFL2,,top-level-definition,2,"[5,13]",DBFL_PTS;XMACH1_PTS,19,"[15.0,1.2]",-1.3837e-05,
CNBFL2_table,CNBFL2_table,CNBFL2,,top-level-definition,2,"[5,13]",DBFL_PTS;XMACH1_PTS,20,"[15.0,1.6]",1.5727e-06,
CNBFL2_table,CNBFL2_table,CNBFL2,,top-level-definition,2,"[5,13]",DBFL_PTS;XMACH1_PTS,21,"[15.0,2.0]",3.339e-06,
CNBFL2_table,CNBFL2_table,CNBFL2,,top-level-definition,2,"[5,13]",DBFL_PTS;XMACH1_PTS,22,"[15.0,2.5]",-7.6222e-06,
CNBFL2_table,CNBFL2_table,CNBFL2,,top-level-definition,2,"[5,13]",DBFL_PTS;XMACH1_PTS,23,"[15.0,3.0]",1.9601e-06,
CNBFL2_table,CNBFL2_table,CNBFL2,,top-level-definition,2,"[5,13]",DBFL_PTS;XMACH1_PTS,24,"[15.0,3.5]",1.057e-08,
CNBFL2_table,CNBFL2_table,CNBFL2,,top-level-definition,2,"[5,13]",DBFL_PTS;XMACH1_PTS,25,"[15.0,4.0]",-1.0978e-06,
CNBFL2_table,CNBFL2_table,CNBFL2,,top-level-definition,2,"[5,13]",DBFL_PTS;XMACH1_PTS,26,"[30.0,0.3]",1.595e-05,
CNBFL2_table,CNBFL2_table,CNBFL2,,top-level-definition,2,"[5,13]",DBFL_PTS;XMACH1_PTS,27,"[30.0,0.6]",1.8927e-05,
CNBFL2_table,CNBFL2_table,CNBFL2,,top-level-definition,2,"[5,13]",DBFL_PTS;XMACH1_PTS,28,"[30.0,0.8]",2.0648e-05,
CNBFL2_table,CNBFL2_table,CNBFL2,,top-level-definition,2,"[5,13]",DBFL_PTS;XMACH1_PTS,29,"[30.0,0.9]",2.2369e-05,
CNBFL2_table,CNBFL2_table,CNBFL2,,top-level-definition,2,"[5,13]",DBFL_PTS;XMACH1_PTS,30,"[30.0,0.95]",2.495e-05,
CNBFL2_table,CNBFL2_table,CNBFL2,,top-level-definition,2,"[5,13]",DBFL_PTS;XMACH1_PTS,31,"[30.0,1.1]",1.7129e-05,
CNBFL2_table,CNBFL2_table,CNBFL2,,top-level-definition,2,"[5,13]",DBFL_PTS;XMACH1_PTS,32,"[30.0,1.2]",1.1913e-05,
CNBFL2_table,CNBFL2_table,CNBFL2,,top-level-definition,2,"[5,13]",DBFL_PTS;XMACH1_PTS,33,"[30.0,1.6]",-8.9482e-06,
CNBFL2_table,CNBFL2_table,CNBFL2,,top-level-definition,2,"[5,13]",DBFL_PTS;XMACH1_PTS,34,"[30.0,2.0]",7.4994e-06,
CNBFL2_table,CNBFL2_table,CNBFL2,,top-level-definition,2,"[5,13]",DBFL_PTS;XMACH1_PTS,35,"[30.0,2.5]",-9.7268e-06,
CNBFL2_table,CNBFL2_table,CNBFL2,,top-level-definition,2,"[5,13]",DBFL_PTS;XMACH1_PTS,36,"[30.0,3.0]",-1.3193e-06,
CNBFL2_table,CNBFL2_table,CNBFL2,,top-level-definition,2,"[5,13]",DBFL_PTS;XMACH1_PTS,37,"[30.0,3.5]",-2.49e-06,
CNBFL2_table,CNBFL2_table,CNBFL2,,top-level-definition,2,"[5,13]",DBFL_PTS;XMACH1_PTS,38,"[30.0,4.0]",-4.4813e-06,
CNBFL2_table,CNBFL2_table,CNBFL2,,top-level-definition,2,"[5,13]",DBFL_PTS;XMACH1_PTS,39,"[45.0,0.3]",-1.6634e-05,
CNBFL2_table,CNBFL2_table,CNBFL2,,top-level-definition,2,"[5,13]",DBFL_PTS;XMACH1_PTS,40,"[45.0,0.6]",-1.9739e-05,
CNBFL2_table,CNBFL2_table,CNBFL2,,top-level-definition,2,"[5,13]",DBFL_PTS;XMACH1_PTS,41,"[45.0,0.8]",-2.1533e-05,
CNBFL2_table,CNBFL2_table,CNBFL2,,top-level-definition,2,"[5,13]",DBFL_PTS;XMACH1_PTS,42,"[45.0,0.9]",-2.3328e-05,
CNBFL2_table,CNBFL2_table,CNBFL2,,top-level-definition,2,"[5,13]",DBFL_PTS;XMACH1_PTS,43,"[45.0,0.95]",-2.602e-05,
CNBFL2_table,CNBFL2_table,CNBFL2,,top-level-definition,2,"[5,13]",DBFL_PTS;XMACH1_PTS,44,"[45.0,1.1]",-2.3113e-05,
CNBFL2_table,CNBFL2_table,CNBFL2,,top-level-definition,2,"[5,13]",DBFL_PTS;XMACH1_PTS,45,"[45.0,1.2]",-2.1175e-05,
CNBFL2_table,CNBFL2_table,CNBFL2,,top-level-definition,2,"[5,13]",DBFL_PTS;XMACH1_PTS,46,"[45.0,1.6]",-1.3422e-05,
CNBFL2_table,CNBFL2_table,CNBFL2,,top-level-definition,2,"[5,13]",DBFL_PTS;XMACH1_PTS,47,"[45.0,2.0]",1.1249e-05,
CNBFL2_table,CNBFL2_table,CNBFL2,,top-level-definition,2,"[5,13]",DBFL_PTS;XMACH1_PTS,48,"[45.0,2.5]",-1.459e-05,
CNBFL2_table,CNBFL2_table,CNBFL2,,top-level-definition,2,"[5,13]",DBFL_PTS;XMACH1_PTS,49,"[45.0,3.0]",-1.9789e-06,
CNBFL2_table,CNBFL2_table,CNBFL2,,top-level-definition,2,"[5,13]",DBFL_PTS;XMACH1_PTS,50,"[45.0,3.5]",-3.735e-06,
CNBFL2_table,CNBFL2_table,CNBFL2,,top-level-definition,2,"[5,13]",DBFL_PTS;XMACH1_PTS,51,"[45.0,4.0]",-6.7219e-06,
CNBFL2_table,CNBFL2_table,CNBFL2,,top-level-definition,2,"[5,13]",DBFL_PTS;XMACH1_PTS,52,"[60.0,0.3]",-4.1475e-05,
CNBFL2_table,CNBFL2_table,CNBFL2,,top-level-definition,2,"[5,13]",DBFL_PTS;XMACH1_PTS,53,"[60.0,0.6]",-4.9217e-05,
CNBFL2_table,CNBFL2_table,CNBFL2,,top-level-definition,2,"[5,13]",DBFL_PTS;XMACH1_PTS,54,"[60.0,0.8]",-5.3691e-05,
CNBFL2_table,CNBFL2_table,CNBFL2,,top-level-definition,2,"[5,13]",DBFL_PTS;XMACH1_PTS,55,"[60.0,0.9]",-5.8166e-05,
CNBFL2_table,CNBFL2_table,CNBFL2,,top-level-definition,2,"[5,13]",DBFL_PTS;XMACH1_PTS,56,"[60.0,0.95]",-6.4877e-05,
CNBFL2_table,CNBFL2_table,CNBFL2,,top-level-definition,2,"[5,13]",DBFL_PTS;XMACH1_PTS,57,"[60.0,1.1]",-5.3924e-05,
CNBFL2_table,CNBFL2_table,CNBFL2,,top-level-definition,2,"[5,13]",DBFL_PTS;XMACH1_PTS,58,"[60.0,1.2]",-4.6617e-05,
CNBFL2_table,CNBFL2_table,CNBFL2,,top-level-definition,2,"[5,13]",DBFL_PTS;XMACH1_PTS,59,"[60.0,1.6]",-1.7399e-05,
CNBFL2_table,CNBFL2_table,CNBFL2,,top-level-definition,2,"[5,13]",DBFL_PTS;XMACH1_PTS,60,"[60.0,2.0]",1.4582e-05,
CNBFL2_table,CNBFL2_table,CNBFL2,,top-level-definition,2,"[5,13]",DBFL_PTS;XMACH1_PTS,61,"[60.0,2.5]",-1.8913e-05,
CNBFL2_table,CNBFL2_table,CNBFL2,,top-level-definition,2,"[5,13]",DBFL_PTS;XMACH1_PTS,62,"[60.0,3.0]",-2.5652e-06,
CNBFL2_table,CNBFL2_table,CNBFL2,,top-level-definition,2,"[5,13]",DBFL_PTS;XMACH1_PTS,63,"[60.0,3.5]",-4.8415e-06,
CNBFL2_table,CNBFL2_table,CNBFL2,,top-level-definition,2,"[5,13]",DBFL_PTS;XMACH1_PTS,64,"[60.0,4.0]",-8.7134e-06,
CNBFL3_table,CNBFL3_table,CNBFL3,,top-level-definition,2,"[5,13]",DBFL_PTS;XMACH1_PTS,0,"[0.0,0.3]",0.0,
CNBFL3_table,CNBFL3_table,CNBFL3,,top-level-definition,2,"[5,13]",DBFL_PTS;XMACH1_PTS,1,"[0.0,0.6]",0.0,
CNBFL3_table,CNBFL3_table,CNBFL3,,top-level-definition,2,"[5,13]",DBFL_PTS;XMACH1_PTS,2,"[0.0,0.8]",0.0,
CNBFL3_table,CNBFL3_table,CNBFL3,,top-level-definition,2,"[5,13]",DBFL_PTS;XMACH1_PTS,3,"[0.0,0.9]",0.0,
CNBFL3_table,CNBFL3_table,CNBFL3,,top-level-definition,2,"[5,13]",DBFL_PTS;XMACH1_PTS,4,"[0.0,0.95]",0.0,
CNBFL3_table,CNBFL3_table,CNBFL3,,top-level-definition,2,"[5,13]",DBFL_PTS;XMACH1_PTS,5,"[0.0,1.1]",0.0,
CNBFL3_table,CNBFL3_table,CNBFL3,,top-level-definition,2,"[5,13]",DBFL_PTS;XMACH1_PTS,6,"[0.0,1.2]",0.0,
CNBFL3_table,CNBFL3_table,CNBFL3,,top-level-definition,2,"[5,13]",DBFL_PTS;XMACH1_PTS,7,"[0.0,1.6]",0.0,
CNBFL3_table,CNBFL3_table,CNBFL3,,top-level-definition,2,"[5,13]",DBFL_PTS;XMACH1_PTS,8,"[0.0,2.0]",0.0,
CNBFL3_table,CNBFL3_table,CNBFL3,,top-level-definition,2,"[5,13]",DBFL_PTS;XMACH1_PTS,9,"[0.0,2.5]",0.0,
CNBFL3_table,CNBFL3_table,CNBFL3,,top-level-definition,2,"[5,13]",DBFL_PTS;XMACH1_PTS,10,"[0.0,3.0]",0.0,
CNBFL3_table,CNBFL3_table,CNBFL3,,top-level-definition,2,"[5,13]",DBFL_PTS;XMACH1_PTS,11,"[0.0,3.5]",0.0,
CNBFL3_table,CNBFL3_table,CNBFL3,,top-level-definition,2,"[5,13]",DBFL_PTS;XMACH1_PTS,12,"[0.0,4.0]",0.0,
CNBFL3_table,CNBFL3_table,CNBFL3,,top-level-definition,2,"[5,13]",DBFL_PTS;XMACH1_PTS,13,"[15.0,0.3]",3.4057e-07,
CNBFL3_table,CNBFL3_table,CNBFL3,,top-level-definition,2,"[5,13]",DBFL_PTS;XMACH1_PTS,14,"[15.0,0.6]",4.0414e-07,
CNBFL3_table,CNBFL3_table,CNBFL3,,top-level-definition,2,"[5,13]",DBFL_PTS;XMACH1_PTS,15,"[15.0,0.8]",4.4088e-07,
CNBFL3_table,CNBFL3_table,CNBFL3,,top-level-definition,2,"[5,13]",DBFL_PTS;XMACH1_PTS,16,"[15.0,0.9]",4.7762e-07,
CNBFL3_table,CNBFL3_table,CNBFL3,,top-level-definition,2,"[5,13]",DBFL_PTS;XMACH1_PTS,17,"[15.0,0.95]",5.3273e-07,
CNBFL3_table,CNBFL3_table,CNBFL3,,top-level-definition,2,"[5,13]",DBFL_PTS;XMACH1_PTS,18,"[15.0,1.1]",3.5443e-07,
CNBFL3_table,CNBFL3_table,CNBFL3,,top-level-definition,2,"[5,13]",DBFL_PTS;XMACH1_PTS,19,"[15.0,1.2]",2.3549e-07,
CNBFL3_table,CNBFL3_table,CNBFL3,,top-level-definition,2,"[5,13]",DBFL_PTS;XMACH1_PTS,20,"[15.0,1.6]",-2.4014e-07,
CNBFL3_table,CNBFL3_table,CNBFL3,,top-level-definition,2,"[5,13]",DBFL_PTS;XMACH1_PTS,21,"[15.0,2.0]",-1.9416e-07,
CNBFL3_table,CNBFL3_table,CNBFL3,,top-level-definition,2,"[5,13]",DBFL_PTS;XMACH1_PTS,22,"[15.0,2.5]",2.0263e-07,
CNBFL3_table,CNBFL3_table,CNBFL3,,top-level-definition,2,"[5,13]",DBFL_PTS;XMACH1_PTS,23,"[15.0,3.0]",-8.4223e-08,
CNBFL3_table,CNBFL3_table,CNBFL3,,top-level-definition,2,"[5,13]",DBFL_PTS;XMACH1_PTS,24,"[15.0,3.5]",-2.168e-08,
CNBFL3_table,CNBFL3_table,CNBFL3,,top-level-definition,2,"[5,13]",DBFL_PTS;XMACH1_PTS,25,"[15.0,4.0]",-3.9269e-09,
CNBFL3_table,CNBFL3_table,CNBFL3,,top-level-definition,2,"[5,13]",DBFL_PTS;XMACH1_PTS,26,"[30.0,0.3]",-3.8071e-07,
CNBFL3_table,CNBFL3_table,CNBFL3,,top-level-definition,2,"[5,13]",DBFL_PTS;XMACH1_PTS,27,"[30.0,0.6]",-4.5178e-07,
CNBFL3_table,CNBFL3_table,CNBFL3,,top-level-definition,2,"[5,13]",DBFL_PTS;XMACH1_PTS,28,"[30.0,0.8]",-4.9285e-07,
CNBFL3_table,CNBFL3_table,CNBFL3,,top-level-definition,2,"[5,13]",DBFL_PTS;XMACH1_PTS,29,"[30.0,0.9]",-5.3392e-07,
CNBFL3_table,CNBFL3_table,CNBFL3,,top-level-definition,2,"[5,13]",DBFL_PTS;XMACH1_PTS,30,"[30.0,0.95]",-5.9553e-07,
CNBFL3_table,CNBFL3_table,CNBFL3,,top-level-definition,2,"[5,13]",DBFL_PTS;XMACH1_PTS,31,"[30.0,1.1]",-4.9667e-07,
CNBFL3_table,CNBFL3_table,CNBFL3,,top-level-definition,2,"[5,13]",DBFL_PTS;XMACH1_PTS,32,"[30.0,1.2]",-4.3072e-07,
CNBFL3_table,CNBFL3_table,CNBFL3,,top-level-definition,2,"[5,13]",DBFL_PTS;XMACH1_PTS,33,"[30.0,1.6]",-1.6702e-07,
CNBFL3_table,CNBFL3_table,CNBFL3,,top-level-definition,2,"[5,13]",DBFL_PTS;XMACH1_PTS,34,"[30.0,2.0]",-4.558e-07,
CNBFL3_table,CNBFL3_table,CNBFL3,,top-level-definition,2,"[5,13]",DBFL_PTS;XMACH1_PTS,35,"[30.0,2.5]",1.7608e-07,
CNBFL3_table,CNBFL3_table,CNBFL3,,top-level-definition,2,"[5,13]",DBFL_PTS;XMACH1_PTS,36,"[30.0,3.0]",-7.8554e-08,
CNBFL3_table,CNBFL3_table,CNBFL3,,top-level-definition,2,"[5,13]",DBFL_PTS;XMACH1_PTS,37,"[30.0,3.5]",-4.2112e-08,
CNBFL3_table,CNBFL3_table,CNBFL3,,top-level-definition,2,"[5,13]",DBFL_PTS;XMACH1_PTS,38,"[30.0,4.0]",4.3358e-09,
CNBFL3_table,CNBFL3_table,CNBFL3,,top-level-definition,2,"[5,13]",DBFL_PTS;XMACH1_PTS,39,"[45.0,0.3]",5.9047e-07,
CNBFL3_table,CNBFL3_table,CNBFL3,,top-level-definition,2,"[5,13]",DBFL_PTS;XMACH1_PTS,40,"[45.0,0.6]",7.0069e-07,
CNBFL3_table,CNBFL3_table,CNBFL3,,top-level-definition,2,"[5,13]",DBFL_PTS;XMACH1_PTS,41,"[45.0,0.8]",7.6439e-07,
CNBFL3_table,CNBFL3_table,CNBFL3,,top-level-definition,2,"[5,13]",DBFL_PTS;XMACH1_PTS,42,"[45.0,0.9]",8.2809e-07,
CNBFL3_table,CNBFL3_table,CNBFL3,,top-level-definition,2,"[5,13]",DBFL_PTS;XMACH1_PTS,43,"[45.0,0.95]",9.2364e-07,
CNBFL3_table,CNBFL3_table,CNBFL3,,top-level-definition,2,"[5,13]",DBFL_PTS;XMACH1_PTS,44,"[45.0,1.1]",6.5276e-07,
CNBFL3_table,CNBFL3_table,CNBFL3,,top-level-definition,2,"[5,13]",DBFL_PTS;XMACH1_PTS,45,"[45.0,1.2]",4.7205e-07,
CNBFL3_table,CNBFL3_table,CNBFL3,,top-level-definition,2,"[5,13]",DBFL_PTS;XMACH1_PTS,46,"[45.0,1.6]",-2.5053e-07,
CNBFL3_table,CNBFL3_table,CNBFL3,,top-level-definition,2,"[5,13]",DBFL_PTS;XMACH1_PTS,47,"[45.0,2.0]",-6.837e-07,
CNBFL3_table,CNBFL3_table,CNBFL3,,top-level-definition,2,"[5,13]",DBFL_PTS;XMACH1_PTS,48,"[45.0,2.5]",2.6412e-07,
CNBFL3_table,CNBFL3_table,CNBFL3,,top-level-definition,2,"[5,13]",DBFL_PTS;XMACH1_PTS,49,"[45.0,3.0]",-1.1783e-07,
CNBFL3_table,CNBFL3_table,CNBFL3,,top-level-definition,2,"[5,13]",DBFL_PTS;XMACH1_PTS,50,"[45.0,3.5]",-6.3168e-08,
CNBFL3_table,CNBFL3_table,CNBFL3,,top-level-definition,2,"[5,13]",DBFL_PTS;XMACH1_PTS,51,"[45.0,4.0]",6.5037e-09,
CNBFL3_table,CNBFL3_table,CNBFL3,,top-level-definition,2,"[5,13]",DBFL_PTS;XMACH1_PTS,52,"[60.0,0.3]",1.1392e-06,
CNBFL3_table,CNBFL3_table,CNBFL3,,top-level-definition,2,"[5,13]",DBFL_PTS;XMACH1_PTS,53,"[60.0,0.6]",1.3519e-06,
CNBFL3_table,CNBFL3_table,CNBFL3,,top-level-definition,2,"[5,13]",DBFL_PTS;XMACH1_PTS,54,"[60.0,0.8]",1.4748e-06,
CNBFL3_table,CNBFL3_table,CNBFL3,,top-level-definition,2,"[5,13]",DBFL_PTS;XMACH1_PTS,55,"[60.0,0.9]",1.5977e-06,
CNBFL3_table,CNBFL3_table,CNBFL3,,top-level-definition,2,"[5,13]",DBFL_PTS;XMACH1_PTS,56,"[60.0,0.95]",1.782e-06,
CNBFL3_table,CNBFL3_table,CNBFL3,,top-level-definition,2,"[5,13]",DBFL_PTS;XMACH1_PTS,57,"[60.0,1.1]",1.296e-06,
CNBFL3_table,CNBFL3_table,CNBFL3,,top-level-definition,2,"[5,13]",DBFL_PTS;XMACH1_PTS,58,"[60.0,1.2]",9.7176e-07,
CNBFL3_table,CNBFL3_table,CNBFL3,,top-level-definition,2,"[5,13]",DBFL_PTS;XMACH1_PTS,59,"[60.0,1.6]",-3.2476e-07,
CNBFL3_table,CNBFL3_table,CNBFL3,,top-level-definition,2,"[5,13]",DBFL_PTS;XMACH1_PTS,60,"[60.0,2.0]",-8.8626e-07,
CNBFL3_table,CNBFL3_table,CNBFL3,,top-level-definition,2,"[5,13]",DBFL_PTS;XMACH1_PTS,61,"[60.0,2.5]",3.4238e-07,
CNBFL3_table,CNBFL3_table,CNBFL3,,top-level-definition,2,"[5,13]",DBFL_PTS;XMACH1_PTS,62,"[60.0,3.0]",-1.5274e-07,
CNBFL3_table,CNBFL3_table,CNBFL3,,top-level-definition,2,"[5,13]",DBFL_PTS;XMACH1_PTS,63,"[60.0,3.5]",-8.1882e-08,
CNBFL3_table,CNBFL3_table,CNBFL3,,top-level-definition,2,"[5,13]",DBFL_PTS;XMACH1_PTS,64,"[60.0,4.0]",8.4306e-09,
CRBFL0_table,CRBFL0_table,CRBFL0,,top-level-definition,2,"[5,13]",DBFL_PTS;XMACH1_PTS,0,"[0.0,0.3]",0.0,
CRBFL0_table,CRBFL0_table,CRBFL0,,top-level-definition,2,"[5,13]",DBFL_PTS;XMACH1_PTS,1,"[0.0,0.6]",0.0,
CRBFL0_table,CRBFL0_table,CRBFL0,,top-level-definition,2,"[5,13]",DBFL_PTS;XMACH1_PTS,2,"[0.0,0.8]",0.0,
CRBFL0_table,CRBFL0_table,CRBFL0,,top-level-definition,2,"[5,13]",DBFL_PTS;XMACH1_PTS,3,"[0.0,0.9]",0.0,
CRBFL0_table,CRBFL0_table,CRBFL0,,top-level-definition,2,"[5,13]",DBFL_PTS;XMACH1_PTS,4,"[0.0,0.95]",0.0,
CRBFL0_table,CRBFL0_table,CRBFL0,,top-level-definition,2,"[5,13]",DBFL_PTS;XMACH1_PTS,5,"[0.0,1.1]",0.0,
CRBFL0_table,CRBFL0_table,CRBFL0,,top-level-definition,2,"[5,13]",DBFL_PTS;XMACH1_PTS,6,"[0.0,1.2]",0.0,
CRBFL0_table,CRBFL0_table,CRBFL0,,top-level-definition,2,"[5,13]",DBFL_PTS;XMACH1_PTS,7,"[0.0,1.6]",0.0,
CRBFL0_table,CRBFL0_table,CRBFL0,,top-level-definition,2,"[5,13]",DBFL_PTS;XMACH1_PTS,8,"[0.0,2.0]",0.0,
CRBFL0_table,CRBFL0_table,CRBFL0,,top-level-definition,2,"[5,13]",DBFL_PTS;XMACH1_PTS,9,"[0.0,2.5]",0.0,
CRBFL0_table,CRBFL0_table,CRBFL0,,top-level-definition,2,"[5,13]",DBFL_PTS;XMACH1_PTS,10,"[0.0,3.0]",0.0,
CRBFL0_table,CRBFL0_table,CRBFL0,,top-level-definition,2,"[5,13]",DBFL_PTS;XMACH1_PTS,11,"[0.0,3.5]",0.0,
CRBFL0_table,CRBFL0_table,CRBFL0,,top-level-definition,2,"[5,13]",DBFL_PTS;XMACH1_PTS,12,"[0.0,4.0]",0.0,
CRBFL0_table,CRBFL0_table,CRBFL0,,top-level-definition,2,"[5,13]",DBFL_PTS;XMACH1_PTS,13,"[15.0,0.3]",0.005134,
CRBFL0_table,CRBFL0_table,CRBFL0,,top-level-definition,2,"[5,13]",DBFL_PTS;XMACH1_PTS,14,"[15.0,0.6]",0.0060923,
CRBFL0_table,CRBFL0_table,CRBFL0,,top-level-definition,2,"[5,13]",DBFL_PTS;XMACH1_PTS,15,"[15.0,0.8]",0.0066462,
CRBFL0_table,CRBFL0_table,CRBFL0,,top-level-definition,2,"[5,13]",DBFL_PTS;XMACH1_PTS,16,"[15.0,0.9]",0.0072,
CRBFL0_table,CRBFL0_table,CRBFL0,,top-level-definition,2,"[5,13]",DBFL_PTS;XMACH1_PTS,17,"[15.0,0.95]",0.0080308,
CRBFL0_table,CRBFL0_table,CRBFL0,,top-level-definition,2,"[5,13]",DBFL_PTS;XMACH1_PTS,18,"[15.0,1.1]",0.0067841,
CRBFL0_table,CRBFL0_table,CRBFL0,,top-level-definition,2,"[5,13]",DBFL_PTS;XMACH1_PTS,19,"[15.0,1.2]",0.0059525,
CRBFL0_table,CRBFL0_table,CRBFL0,,top-level-definition,2,"[5,13]",DBFL_PTS;XMACH1_PTS,20,"[15.0,1.6]",0.0026269,
CRBFL0_table,CRBFL0_table,CRBFL0,,top-level-definition,2,"[5,13]",DBFL_PTS;XMACH1_PTS,21,"[15.0,2.0]",0.0021487,
CRBFL0_table,CRBFL0_table,CRBFL0,,top-level-definition,2,"[5,13]",DBFL_PTS;XMACH1_PTS,22,"[15.0,2.5]",0.0019629,
CRBFL0_table,CRBFL0_table,CRBFL0,,top-level-definition,2,"[5,13]",DBFL_PTS;XMACH1_PTS,23,"[15.0,3.0]",0.0013784,
CRBFL0_table,CRBFL0_table,CRBFL0,,top-level-definition,2,"[5,13]",DBFL_PTS;XMACH1_PTS,24,"[15.0,3.5]",0.0012032,
CRBFL0_table,CRBFL0_table,CRBFL0,,top-level-definition,2,"[5,13]",DBFL_PTS;XMACH1_PTS,25,"[15.0,4.0]",0.0010237,
CRBFL0_table,CRBFL0_table,CRBFL0,,top-level-definition,2,"[5,13]",DBFL_PTS;XMACH1_PTS,26,"[30.0,0.3]",0.0094307,
CRBFL0_table,CRBFL0_table,CRBFL0,,top-level-definition,2,"[5,13]",DBFL_PTS;XMACH1_PTS,27,"[30.0,0.6]",0.011191,
CRBFL0_table,CRBFL0_table,CRBFL0,,top-level-definition,2,"[5,13]",DBFL_PTS;XMACH1_PTS,28,"[30.0,0.8]",0.012209,
CRBFL0_table,CRBFL0_table,CRBFL0,,top-level-definition,2,"[5,13]",DBFL_PTS;XMACH1_PTS,29,"[30.0,0.9]",0.013226,
CRBFL0_table,CRBFL0_table,CRBFL0,,top-level-definition,2,"[5,13]",DBFL_PTS;XMACH1_PTS,30,"[30.0,0.95]",0.014752,
CRBFL0_table,CRBFL0_table,CRBFL0,,top-level-definition,2,"[5,13]",DBFL_PTS;XMACH1_PTS,31,"[30.0,1.1]",0.012584,
CRBFL0_table,CRBFL0_table,CRBFL0,,top-level-definition,2,"[5,13]",DBFL_PTS;XMACH1_PTS,32,"[30.0,1.2]",0.011137,
CRBFL0_table,CRBFL0_table,CRBFL0,,top-level-definition,2,"[5,13]",DBFL_PTS;XMACH1_PTS,33,"[30.0,1.6]",0.0053524,
CRBFL0_table,CRBFL0_table,CRBFL0,,top-level-definition,2,"[5,13]",DBFL_PTS;XMACH1_PTS,34,"[30.0,2.0]",0.0044178,
CRBFL0_table,CRBFL0_table,CRBFL0,,top-level-definition,2,"[5,13]",DBFL_PTS;XMACH1_PTS,35,"[30.0,2.5]",0.0040678,
CRBFL0_table,CRBFL0_table,CRBFL0,,top-level-definition,2,"[5,13]",DBFL_PTS;XMACH1_PTS,36,"[30.0,3.0]",0.0032094,
CRBFL0_table,CRBFL0_table,CRBFL0,,top-level-definition,2,"[5,13]",DBFL_PTS;XMACH1_PTS,37,"[30.0,3.5]",0.0028209,
CRBFL0_table,CRBFL0_table,CRBFL0,,top-level-definition,2,"[5,13]",DBFL_PTS;XMACH1_PTS,38,"[30.0,4.0]",0.0025039,
CRBFL0_table,CRBFL0_table,CRBFL0,,top-level-definition,2,"[5,13]",DBFL_PTS;XMACH1_PTS,39,"[45.0,0.3]",0.014092,
CRBFL0_table,CRBFL0_table,CRBFL0,,top-level-definition,2,"[5,13]",DBFL_PTS;XMACH1_PTS,40,"[45.0,0.6]",0.016722,
CRBFL0_table,CRBFL0_table,CRBFL0,,top-level-definition,2,"[5,13]",DBFL_PTS;XMACH1_PTS,41,"[45.0,0.8]",0.018242,
CRBFL0_table,CRBFL0_table,CRBFL0,,top-level-definition,2,"[5,13]",DBFL_PTS;XMACH1_PTS,42,"[45.0,0.9]",0.019763,
CRBFL0_table,CRBFL0_table,CRBFL0,,top-level-definition,2,"[5,13]",DBFL_PTS;XMACH1_PTS,43,"[45.0,0.95]",0.022043,
CRBFL0_table,CRBFL0_table,CRBFL0,,top-level-definition,2,"[5,13]",DBFL_PTS;XMACH1_PTS,44,"[45.0,1.1]",0.01881,
CRBFL0_table,CRBFL0_table,CRBFL0,,top-level-definition,2,"[5,13]",DBFL_PTS;XMACH1_PTS,45,"[45.0,1.2]",0.016653,
CRBFL0_table,CRBFL0_table,CRBFL0,,top-level-definition,2,"[5,13]",DBFL_PTS;XMACH1_PTS,46,"[45.0,1.6]",0.0080285,
CRBFL0_table,CRBFL0_table,CRBFL0,,top-level-definition,2,"[5,13]",DBFL_PTS;XMACH1_PTS,47,"[45.0,2.0]",0.0066267,
CRBFL0_table,CRBFL0_table,CRBFL0,,top-level-definition,2,"[5,13]",DBFL_PTS;XMACH1_PTS,48,"[45.0,2.5]",0.0061017,
CRBFL0_table,CRBFL0_table,CRBFL0,,top-level-definition,2,"[5,13]",DBFL_PTS;XMACH1_PTS,49,"[45.0,3.0]",0.0048141,
CRBFL0_table,CRBFL0_table,CRBFL0,,top-level-definition,2,"[5,13]",DBFL_PTS;XMACH1_PTS,50,"[45.0,3.5]",0.0042313,
CRBFL0_table,CRBFL0_table,CRBFL0,,top-level-definition,2,"[5,13]",DBFL_PTS;XMACH1_PTS,51,"[45.0,4.0]",0.0037559,
CRBFL0_table,CRBFL0_table,CRBFL0,,top-level-definition,2,"[5,13]",DBFL_PTS;XMACH1_PTS,52,"[60.0,0.3]",0.01349,
CRBFL0_table,CRBFL0_table,CRBFL0,,top-level-definition,2,"[5,13]",DBFL_PTS;XMACH1_PTS,53,"[60.0,0.6]",0.016008,
CRBFL0_table,CRBFL0_table,CRBFL0,,top-level-definition,2,"[5,13]",DBFL_PTS;XMACH1_PTS,54,"[60.0,0.8]",0.017464,
CRBFL0_table,CRBFL0_table,CRBFL0,,top-level-definition,2,"[5,13]",DBFL_PTS;XMACH1_PTS,55,"[60.0,0.9]",0.018919,
CRBFL0_table,CRBFL0_table,CRBFL0,,top-level-definition,2,"[5,13]",DBFL_PTS;XMACH1_PTS,56,"[60.0,0.95]",0.021102,
CRBFL0_table,CRBFL0_table,CRBFL0,,top-level-definition,2,"[5,13]",DBFL_PTS;XMACH1_PTS,57,"[60.0,1.1]",0.018635,
CRBFL0_table,CRBFL0_table,CRBFL0,,top-level-definition,2,"[5,13]",DBFL_PTS;XMACH1_PTS,58,"[60.0,1.2]",0.016989,
CRBFL0_table,CRBFL0_table,CRBFL0,,top-level-definition,2,"[5,13]",DBFL_PTS;XMACH1_PTS,59,"[60.0,1.6]",0.010407,
CRBFL0_table,CRBFL0_table,CRBFL0,,top-level-definition,2,"[5,13]",DBFL_PTS;XMACH1_PTS,60,"[60.0,2.0]",0.0085899,
CRBFL0_table,CRBFL0_table,CRBFL0,,top-level-definition,2,"[5,13]",DBFL_PTS;XMACH1_PTS,61,"[60.0,2.5]",0.0079094,
CRBFL0_table,CRBFL0_table,CRBFL0,,top-level-definition,2,"[5,13]",DBFL_PTS;XMACH1_PTS,62,"[60.0,3.0]",0.0062404,
CRBFL0_table,CRBFL0_table,CRBFL0,,top-level-definition,2,"[5,13]",DBFL_PTS;XMACH1_PTS,63,"[60.0,3.5]",0.0054849,
CRBFL0_table,CRBFL0_table,CRBFL0,,top-level-definition,2,"[5,13]",DBFL_PTS;XMACH1_PTS,64,"[60.0,4.0]",0.0048686,
CRBFL1_table,CRBFL1_table,CRBFL1,,top-level-definition,2,"[5,13]",DBFL_PTS;XMACH1_PTS,0,"[0.0,0.3]",0.0,
CRBFL1_table,CRBFL1_table,CRBFL1,,top-level-definition,2,"[5,13]",DBFL_PTS;XMACH1_PTS,1,"[0.0,0.6]",0.0,
CRBFL1_table,CRBFL1_table,CRBFL1,,top-level-definition,2,"[5,13]",DBFL_PTS;XMACH1_PTS,2,"[0.0,0.8]",0.0,
CRBFL1_table,CRBFL1_table,CRBFL1,,top-level-definition,2,"[5,13]",DBFL_PTS;XMACH1_PTS,3,"[0.0,0.9]",0.0,
CRBFL1_table,CRBFL1_table,CRBFL1,,top-level-definition,2,"[5,13]",DBFL_PTS;XMACH1_PTS,4,"[0.0,0.95]",0.0,
CRBFL1_table,CRBFL1_table,CRBFL1,,top-level-definition,2,"[5,13]",DBFL_PTS;XMACH1_PTS,5,"[0.0,1.1]",0.0,
CRBFL1_table,CRBFL1_table,CRBFL1,,top-level-definition,2,"[5,13]",DBFL_PTS;XMACH1_PTS,6,"[0.0,1.2]",0.0,
CRBFL1_table,CRBFL1_table,CRBFL1,,top-level-definition,2,"[5,13]",DBFL_PTS;XMACH1_PTS,7,"[0.0,1.6]",0.0,
CRBFL1_table,CRBFL1_table,CRBFL1,,top-level-definition,2,"[5,13]",DBFL_PTS;XMACH1_PTS,8,"[0.0,2.0]",0.0,
CRBFL1_table,CRBFL1_table,CRBFL1,,top-level-definition,2,"[5,13]",DBFL_PTS;XMACH1_PTS,9,"[0.0,2.5]",0.0,
CRBFL1_table,CRBFL1_table,CRBFL1,,top-level-definition,2,"[5,13]",DBFL_PTS;XMACH1_PTS,10,"[0.0,3.0]",0.0,
CRBFL1_table,CRBFL1_table,CRBFL1,,top-level-definition,2,"[5,13]",DBFL_PTS;XMACH1_PTS,11,"[0.0,3.5]",0.0,
CRBFL1_table,CRBFL1_table,CRBFL1,,top-level-definition,2,"[5,13]",DBFL_PTS;XMACH1_PTS,12,"[0.0,4.0]",0.0,
CRBFL1_table,CRBFL1_table,CRBFL1,,top-level-definition,2,"[5,13]",DBFL_PTS;XMACH1_PTS,13,"[15.0,0.3]",0.00032677,
CRBFL1_table,CRBFL1_table,CRBFL1,,top-level-definition,2,"[5,13]",DBFL_PTS;XMACH1_PTS,14,"[15.0,0.6]",0.00038777,
CRBFL1_table,CRBFL1_table,CRBFL1,,top-level-definition,2,"[5,13]",DBFL_PTS;XMACH1_PTS,15,"[15.0,0.8]",0.00042302,
CRBFL1_table,CRBFL1_table,CRBFL1,,top-level-definition,2,"[5,13]",DBFL_PTS;XMACH1_PTS,16,"[15.0,0.9]",0.00045827,
CRBFL1_table,CRBFL1_table,CRBFL1,,top-level-definition,2,"[5,13]",DBFL_PTS;XMACH1_PTS,17,"[15.0,0.95]",0.00051115,
CRBFL1_table,CRBFL1_table,CRBFL1,,top-level-definition,2,"[5,13]",DBFL_PTS;XMACH1_PTS,18,"[15.0,1.1]",0.00041129,
CRBFL1_table,CRBFL1_table,CRBFL1,,top-level-definition,2,"[5,13]",DBFL_PTS;XMACH1_PTS,19,"[15.0,1.2]",0.00034468,
CRBFL1_table,CRBFL1_table,CRBFL1,,top-level-definition,2,"[5,13]",DBFL_PTS;XMACH1_PTS,20,"[15.0,1.6]",7.8313e-05,
CRBFL1_table,CRBFL1_table,CRBFL1,,top-level-definition,2,"[5,13]",DBFL_PTS;XMACH1_PTS,21,"[15.0,2.0]",5.0483e-05,
CRBFL1_table,CRBFL1_table,CRBFL1,,top-level-definition,2,"[5,13]",DBFL_PTS;XMACH1_PTS,22,"[15.0,2.5]",3.209e-05,
CRBFL1_table,CRBFL1_table,CRBFL1,,top-level-definition,2,"[5,13]",DBFL_PTS;XMACH1_PTS,23,"[15.0,3.0]",4.1243e-05,
CRBFL1_table,CRBFL1_table,CRBFL1,,top-level-definition,2,"[5,13]",DBFL_PTS;XMACH1_PTS,24,"[15.0,3.5]",2.655e-05,
CRBFL1_table,CRBFL1_table,CRBFL1,,top-level-definition,2,"[5,13]",DBFL_PTS;XMACH1_PTS,25,"[15.0,4.0]",2.9205e-05,
CRBFL1_table,CRBFL1_table,CRBFL1,,top-level-definition,2,"[5,13]",DBFL_PTS;XMACH1_PTS,26,"[30.0,0.3]",0.00095405,
CRBFL1_table,CRBFL1_table,CRBFL1,,top-level-definition,2,"[5,13]",DBFL_PTS;XMACH1_PTS,27,"[30.0,0.6]",0.0011321,
CRBFL1_table,CRBFL1_table,CRBFL1,,top-level-definition,2,"[5,13]",DBFL_PTS;XMACH1_PTS,28,"[30.0,0.8]",0.0012351,
CRBFL1_table,CRBFL1_table,CRBFL1,,top-level-definition,2,"[5,13]",DBFL_PTS;XMACH1_PTS,29,"[30.0,0.9]",0.001338,
CRBFL1_table,CRBFL1_table,CRBFL1,,top-level-definition,2,"[5,13]",DBFL_PTS;XMACH1_PTS,30,"[30.0,0.95]",0.0014924,
CRBFL1_table,CRBFL1_table,CRBFL1,,top-level-definition,2,"[5,13]",DBFL_PTS;XMACH1_PTS,31,"[30.0,1.1]",0.0011736,
CRBFL1_table,CRBFL1_table,CRBFL1,,top-level-definition,2,"[5,13]",DBFL_PTS;XMACH1_PTS,32,"[30.0,1.2]",0.00096099,
CRBFL1_table,CRBFL1_table,CRBFL1,,top-level-definition,2,"[5,13]",DBFL_PTS;XMACH1_PTS,33,"[30.0,1.6]",0.00011072,
CRBFL1_table,CRBFL1_table,CRBFL1,,top-level-definition,2,"[5,13]",DBFL_PTS;XMACH1_PTS,34,"[30.0,2.0]",5.0094e-05,
CRBFL1_table,CRBFL1_table,CRBFL1,,top-level-definition,2,"[5,13]",DBFL_PTS;XMACH1_PTS,35,"[30.0,2.5]",8.6274e-05,
CRBFL1_table,CRBFL1_table,CRBFL1,,top-level-definition,2,"[5,13]",DBFL_PTS;XMACH1_PTS,36,"[30.0,3.0]",6.0658e-05,
CRBFL1_table,CRBFL1_table,CRBFL1,,top-level-definition,2,"[5,13]",DBFL_PTS;XMACH1_PTS,37,"[30.0,3.5]",5.9875e-05,
CRBFL1_table,CRBFL1_table,CRBFL1,,top-level-definition,2,"[5,13]",DBFL_PTS;XMACH1_PTS,38,"[30.0,4.0]",6.2613e-05,
CRBFL1_table,CRBFL1_table,CRBFL1,,top-level-definition,2,"[5,13]",DBFL_PTS;XMACH1_PTS,39,"[45.0,0.3]",0.00023079,
CRBFL1_table,CRBFL1_table,CRBFL1,,top-level-definition,2,"[5,13]",DBFL_PTS;XMACH1_PTS,40,"[45.0,0.6]",0.00027387,
CRBFL1_table,CRBFL1_table,CRBFL1,,top-level-definition,2,"[5,13]",DBFL_PTS;XMACH1_PTS,41,"[45.0,0.8]",0.00029876,
CRBFL1_table,CRBFL1_table,CRBFL1,,top-level-definition,2,"[5,13]",DBFL_PTS;XMACH1_PTS,42,"[45.0,0.9]",0.00032366,
CRBFL1_table,CRBFL1_table,CRBFL1,,top-level-definition,2,"[5,13]",DBFL_PTS;XMACH1_PTS,43,"[45.0,0.95]",0.00036101,
CRBFL1_table,CRBFL1_table,CRBFL1,,top-level-definition,2,"[5,13]",DBFL_PTS;XMACH1_PTS,44,"[45.0,1.1]",0.00031604,
CRBFL1_table,CRBFL1_table,CRBFL1,,top-level-definition,2,"[5,13]",DBFL_PTS;XMACH1_PTS,45,"[45.0,1.2]",0.00028604,
CRBFL1_table,CRBFL1_table,CRBFL1,,top-level-definition,2,"[5,13]",DBFL_PTS;XMACH1_PTS,46,"[45.0,1.6]",0.00016608,
CRBFL1_table,CRBFL1_table,CRBFL1,,top-level-definition,2,"[5,13]",DBFL_PTS;XMACH1_PTS,47,"[45.0,2.0]",7.5141e-05,
CRBFL1_table,CRBFL1_table,CRBFL1,,top-level-definition,2,"[5,13]",DBFL_PTS;XMACH1_PTS,48,"[45.0,2.5]",0.00012941,
CRBFL1_table,CRBFL1_table,CRBFL1,,top-level-definition,2,"[5,13]",DBFL_PTS;XMACH1_PTS,49,"[45.0,3.0]",9.0986e-05,
CRBFL1_table,CRBFL1_table,CRBFL1,,top-level-definition,2,"[5,13]",DBFL_PTS;XMACH1_PTS,50,"[45.0,3.5]",8.9812e-05,
CRBFL1_table,CRBFL1_table,CRBFL1,,top-level-definition,2,"[5,13]",DBFL_PTS;XMACH1_PTS,51,"[45.0,4.0]",9.392e-05,
CRBFL1_table,CRBFL1_table,CRBFL1,,top-level-definition,2,"[5,13]",DBFL_PTS;XMACH1_PTS,52,"[60.0,0.3]",-0.0004804,
CRBFL1_table,CRBFL1_table,CRBFL1,,top-level-definition,2,"[5,13]",DBFL_PTS;XMACH1_PTS,53,"[60.0,0.6]",-0.00057008,
CRBFL1_table,CRBFL1_table,CRBFL1,,top-level-definition,2,"[5,13]",DBFL_PTS;XMACH1_PTS,54,"[60.0,0.8]",-0.0006219,
CRBFL1_table,CRBFL1_table,CRBFL1,,top-level-definition,2,"[5,13]",DBFL_PTS;XMACH1_PTS,55,"[60.0,0.9]",-0.00067373,
CRBFL1_table,CRBFL1_table,CRBFL1,,top-level-definition,2,"[5,13]",DBFL_PTS;XMACH1_PTS,56,"[60.0,0.95]",-0.00075146,
CRBFL1_table,CRBFL1_table,CRBFL1,,top-level-definition,2,"[5,13]",DBFL_PTS;XMACH1_PTS,57,"[60.0,1.1]",-0.00052844,
CRBFL1_table,CRBFL1_table,CRBFL1,,top-level-definition,2,"[5,13]",DBFL_PTS;XMACH1_PTS,58,"[60.0,1.2]",-0.00037965,
CRBFL1_table,CRBFL1_table,CRBFL1,,top-level-definition,2,"[5,13]",DBFL_PTS;XMACH1_PTS,59,"[60.0,1.6]",0.00021528,
CRBFL1_table,CRBFL1_table,CRBFL1,,top-level-definition,2,"[5,13]",DBFL_PTS;XMACH1_PTS,60,"[60.0,2.0]",9.7403e-05,
CRBFL1_table,CRBFL1_table,CRBFL1,,top-level-definition,2,"[5,13]",DBFL_PTS;XMACH1_PTS,61,"[60.0,2.5]",0.00016775,
CRBFL1_table,CRBFL1_table,CRBFL1,,top-level-definition,2,"[5,13]",DBFL_PTS;XMACH1_PTS,62,"[60.0,3.0]",0.00011794,
CRBFL1_table,CRBFL1_table,CRBFL1,,top-level-definition,2,"[5,13]",DBFL_PTS;XMACH1_PTS,63,"[60.0,3.5]",0.00011642,
CRBFL1_table,CRBFL1_table,CRBFL1,,top-level-definition,2,"[5,13]",DBFL_PTS;XMACH1_PTS,64,"[60.0,4.0]",0.00012175,
CRBFL2_table,CRBFL2_table,CRBFL2,,top-level-definition,2,"[5,13]",DBFL_PTS;XMACH1_PTS,0,"[0.0,0.3]",0.0,
CRBFL2_table,CRBFL2_table,CRBFL2,,top-level-definition,2,"[5,13]",DBFL_PTS;XMACH1_PTS,1,"[0.0,0.6]",0.0,
CRBFL2_table,CRBFL2_table,CRBFL2,,top-level-definition,2,"[5,13]",DBFL_PTS;XMACH1_PTS,2,"[0.0,0.8]",0.0,
CRBFL2_table,CRBFL2_table,CRBFL2,,top-level-definition,2,"[5,13]",DBFL_PTS;XMACH1_PTS,3,"[0.0,0.9]",0.0,
CRBFL2_table,CRBFL2_table,CRBFL2,,top-level-definition,2,"[5,13]",DBFL_PTS;XMACH1_PTS,4,"[0.0,0.95]",0.0,
CRBFL2_table,CRBFL2_table,CRBFL2,,top-level-definition,2,"[5,13]",DBFL_PTS;XMACH1_PTS,5,"[0.0,1.1]",0.0,
CRBFL2_table,CRBFL2_table,CRBFL2,,top-level-definition,2,"[5,13]",DBFL_PTS;XMACH1_PTS,6,"[0.0,1.2]",0.0,
CRBFL2_table,CRBFL2_table,CRBFL2,,top-level-definition,2,"[5,13]",DBFL_PTS;XMACH1_PTS,7,"[0.0,1.6]",0.0,
CRBFL2_table,CRBFL2_table,CRBFL2,,top-level-definition,2,"[5,13]",DBFL_PTS;XMACH1_PTS,8,"[0.0,2.0]",0.0,
CRBFL2_table,CRBFL2_table,CRBFL2,,top-level-definition,2,"[5,13]",DBFL_PTS;XMACH1_PTS,9,"[0.0,2.5]",0.0,
CRBFL2_table,CRBFL2_table,CRBFL2,,top-level-definition,2,"[5,13]",DBFL_PTS;XMACH1_PTS,10,"[0.0,3.0]",0.0,
CRBFL2_table,CRBFL2_table,CRBFL2,,top-level-definition,2,"[5,13]",DBFL_PTS;XMACH1_PTS,11,"[0.0,3.5]",0.0,
CRBFL2_table,CRBFL2_table,CRBFL2,,top-level-definition,2,"[5,13]",DBFL_PTS;XMACH1_PTS,12,"[0.0,4.0]",0.0,
CRBFL2_table,CRBFL2_table,CRBFL2,,top-level-definition,2,"[5,13]",DBFL_PTS;XMACH1_PTS,13,"[15.0,0.3]",-1.2489e-05,
CRBFL2_table,CRBFL2_table,CRBFL2,,top-level-definition,2,"[5,13]",DBFL_PTS;XMACH1_PTS,14,"[15.0,0.6]",-1.4821e-05,
CRBFL2_table,CRBFL2_table,CRBFL2,,top-level-definition,2,"[5,13]",DBFL_PTS;XMACH1_PTS,15,"[15.0,0.8]",-1.6168e-05,
CRBFL2_table,CRBFL2_table,CRBFL2,,top-level-definition,2,"[5,13]",DBFL_PTS;XMACH1_PTS,16,"[15.0,0.9]",-1.7516e-05,
CRBFL2_table,CRBFL2_table,CRBFL2,,top-level-definition,2,"[5,13]",DBFL_PTS;XMACH1_PTS,17,"[15.0,0.95]",-1.9537e-05,
CRBFL2_table,CRBFL2_table,CRBFL2,,top-level-definition,2,"[5,13]",DBFL_PTS;XMACH1_PTS,18,"[15.0,1.1]",-1.7083e-05,
CRBFL2_table,CRBFL2_table,CRBFL2,,top-level-definition,2,"[5,13]",DBFL_PTS;XMACH1_PTS,19,"[15.0,1.2]",-1.5447e-05,
CRBFL2_table,CRBFL2_table,CRBFL2,,top-level-definition,2,"[5,13]",DBFL_PTS;XMACH1_PTS,20,"[15.0,1.6]",-8.902e-06,
CRBFL2_table,CRBFL2_table,CRBFL2,,top-level-definition,2,"[5,13]",DBFL_PTS;XMACH1_PTS,21,"[15.0,2.0]",-1.485e-06,
CRBFL2_table,CRBFL2_table,CRBFL2,,top-level-definition,2,"[5,13]",DBFL_PTS;XMACH1_PTS,22,"[15.0,2.5]",2.8392e-06,
CRBFL2_table,CRBFL2_table,CRBFL2,,top-level-definition,2,"[5,13]",DBFL_PTS;XMACH1_PTS,23,"[15.0,3.0]",1.8287e-06,
CRBFL2_table,CRBFL2_table,CRBFL2,,top-level-definition,2,"[5,13]",DBFL_PTS;XMACH1_PTS,24,"[15.0,3.5]",3.7435e-06,
CRBFL2_table,CRBFL2_table,CRBFL2,,top-level-definition,2,"[5,13]",DBFL_PTS;XMACH1_PTS,25,"[15.0,4.0]",3.8909e-06,
CRBFL2_table,CRBFL2_table,CRBFL2,,top-level-definition,2,"[5,13]",DBFL_PTS;XMACH1_PTS,26,"[30.0,0.3]",-6.5878e-05,
CRBFL2_table,CRBFL2_table,CRBFL2,,top-level-definition,2,"[5,13]",DBFL_PTS;XMACH1_PTS,27,"[30.0,0.6]",-7.8175e-05,
CRBFL2_table,CRBFL2_table,CRBFL2,,top-level-definition,2,"[5,13]",DBFL_PTS;XMACH1_PTS,28,"[30.0,0.8]",-8.5282e-05,
CRBFL2_table,CRBFL2_table,CRBFL2,,top-level-definition,2,"[5,13]",DBFL_PTS;XMACH1_PTS,29,"[30.0,0.9]",-9.2389e-05,
CRBFL2_table,CRBFL2_table,CRBFL2,,top-level-definition,2,"[5,13]",DBFL_PTS;XMACH1_PTS,30,"[30.0,0.95]",-0.00010305,
CRBFL2_table,CRBFL2_table,CRBFL2,,top-level-definition,2,"[5,13]",DBFL_PTS;XMACH1_PTS,31,"[30.0,1.1]",-8.1592e-05,
CRBFL2_table,CRBFL2_table,CRBFL2,,top-level-definition,2,"[5,13]",DBFL_PTS;XMACH1_PTS,32,"[30.0,1.2]",-6.7278e-05,
CRBFL2_table,CRBFL2_table,CRBFL2,,top-level-definition,2,"[5,13]",DBFL_PTS;XMACH1_PTS,33,"[30.0,1.6]",-1.004e-05,
CRBFL2_table,CRBFL2_table,CRBFL2,,top-level-definition,2,"[5,13]",DBFL_PTS;XMACH1_PTS,34,"[30.0,2.0]",9.5514e-07,
CRBFL2_table,CRBFL2_table,CRBFL2,,top-level-definition,2,"[5,13]",DBFL_PTS;XMACH1_PTS,35,"[30.0,2.5]",-1.9586e-06,
CRBFL2_table,CRBFL2_table,CRBFL2,,top-level-definition,2,"[5,13]",DBFL_PTS;XMACH1_PTS,36,"[30.0,3.0]",3.5382e-06,
CRBFL2_table,CRBFL2_table,CRBFL2,,top-level-definition,2,"[5,13]",DBFL_PTS;XMACH1_PTS,37,"[30.0,3.5]",5.7868e-06,
CRBFL2_table,CRBFL2_table,CRBFL2,,top-level-definition,2,"[5,13]",DBFL_PTS;XMACH1_PTS,38,"[30.0,4.0]",7.5015e-06,
CRBFL2_table,CRBFL2_table,CRBFL2,,top-level-definition,2,"[5,13]",DBFL_PTS;XMACH1_PTS,39,"[45.0,0.3]",1.3644e-05,
CRBFL2_table,CRBFL2_table,CRBFL2,,top-level-definition,2,"[5,13]",DBFL_PTS;XMACH1_PTS,40,"[45.0,0.6]",1.6191e-05,
CRBFL2_table,CRBFL2_table,CRBFL2,,top-level-definition,2,"[5,13]",DBFL_PTS;XMACH1_PTS,41,"[45.0,0.8]",1.7663e-05,
CRBFL2_table,CRBFL2_table,CRBFL2,,top-level-definition,2,"[5,13]",DBFL_PTS;XMACH1_PTS,42,"[45.0,0.9]",1.9135e-05,
CRBFL2_table,CRBFL2_table,CRBFL2,,top-level-definition,2,"[5,13]",DBFL_PTS;XMACH1_PTS,43,"[45.0,0.95]",2.1343e-05,
CRBFL2_table,CRBFL2_table,CRBFL2,,top-level-definition,2,"[5,13]",DBFL_PTS;XMACH1_PTS,44,"[45.0,1.1]",1.2945e-05,
CRBFL2_table,CRBFL2_table,CRBFL2,,top-level-definition,2,"[5,13]",DBFL_PTS;XMACH1_PTS,45,"[45.0,1.2]",7.3423e-06,
CRBFL2_table,CRBFL2_table,CRBFL2,,top-level-definition,2,"[5,13]",DBFL_PTS;XMACH1_PTS,46,"[45.0,1.6]",-1.506e-05,
CRBFL2_table,CRBFL2_table,CRBFL2,,top-level-definition,2,"[5,13]",DBFL_PTS;XMACH1_PTS,47,"[45.0,2.0]",1.4327e-06,
CRBFL2_table,CRBFL2_table,CRBFL2,,top-level-definition,2,"[5,13]",DBFL_PTS;XMACH1_PTS,48,"[45.0,2.5]",-2.938e-06,
CRBFL2_table,CRBFL2_table,CRBFL2,,top-level-definition,2,"[5,13]",DBFL_PTS;XMACH1_PTS,49,"[45.0,3.0]",5.3073e-06,
CRBFL2_table,CRBFL2_table,CRBFL2,,top-level-definition,2,"[5,13]",DBFL_PTS;XMACH1_PTS,50,"[45.0,3.5]",8.6802e-06,
CRBFL2_table,CRBFL2_table,CRBFL2,,top-level-definition,2,"[5,13]",DBFL_PTS;XMACH1_PTS,51,"[45.0,4.0]",1.1252e-05,
CRBFL2_table,CRBFL2_table,CRBFL2,,top-level-definition,2,"[5,13]",DBFL_PTS;XMACH1_PTS,52,"[60.0,0.3]",9.1564e-05,
CRBFL2_table,CRBFL2_table,CRBFL2,,top-level-definition,2,"[5,13]",DBFL_PTS;XMACH1_PTS,53,"[60.0,0.6]",0.00010866,
CRBFL2_table,CRBFL2_table,CRBFL2,,top-level-definition,2,"[5,13]",DBFL_PTS;XMACH1_PTS,54,"[60.0,0.8]",0.00011853,
CRBFL2_table,CRBFL2_table,CRBFL2,,top-level-definition,2,"[5,13]",DBFL_PTS;XMACH1_PTS,55,"[60.0,0.9]",0.00012841,
CRBFL2_table,CRBFL2_table,CRBFL2,,top-level-definition,2,"[5,13]",DBFL_PTS;XMACH1_PTS,56,"[60.0,0.95]",0.00014323,
CRBFL2_table,CRBFL2_table,CRBFL2,,top-level-definition,2,"[5,13]",DBFL_PTS;XMACH1_PTS,57,"[60.0,1.1]",0.00010568,
CRBFL2_table,CRBFL2_table,CRBFL2,,top-level-definition,2,"[5,13]",DBFL_PTS;XMACH1_PTS,58,"[60.0,1.2]",8.0635e-05,
CRBFL2_table,CRBFL2_table,CRBFL2,,top-level-definition,2,"[5,13]",DBFL_PTS;XMACH1_PTS,59,"[60.0,1.6]",-1.9522e-05,
CRBFL2_table,CRBFL2_table,CRBFL2,,top-level-definition,2,"[5,13]",DBFL_PTS;XMACH1_PTS,60,"[60.0,2.0]",1.8572e-06,
CRBFL2_table,CRBFL2_table,CRBFL2,,top-level-definition,2,"[5,13]",DBFL_PTS;XMACH1_PTS,61,"[60.0,2.5]",-3.8084e-06,
CRBFL2_table,CRBFL2_table,CRBFL2,,top-level-definition,2,"[5,13]",DBFL_PTS;XMACH1_PTS,62,"[60.0,3.0]",6.8797e-06,
CRBFL2_table,CRBFL2_table,CRBFL2,,top-level-definition,2,"[5,13]",DBFL_PTS;XMACH1_PTS,63,"[60.0,3.5]",1.1252e-05,
CRBFL2_table,CRBFL2_table,CRBFL2,,top-level-definition,2,"[5,13]",DBFL_PTS;XMACH1_PTS,64,"[60.0,4.0]",1.4586e-05,
CRBFL3_table,CRBFL3_table,CRBFL3,,top-level-definition,2,"[5,13]",DBFL_PTS;XMACH1_PTS,0,"[0.0,0.3]",0.0,
CRBFL3_table,CRBFL3_table,CRBFL3,,top-level-definition,2,"[5,13]",DBFL_PTS;XMACH1_PTS,1,"[0.0,0.6]",0.0,
CRBFL3_table,CRBFL3_table,CRBFL3,,top-level-definition,2,"[5,13]",DBFL_PTS;XMACH1_PTS,2,"[0.0,0.8]",0.0,
CRBFL3_table,CRBFL3_table,CRBFL3,,top-level-definition,2,"[5,13]",DBFL_PTS;XMACH1_PTS,3,"[0.0,0.9]",0.0,
CRBFL3_table,CRBFL3_table,CRBFL3,,top-level-definition,2,"[5,13]",DBFL_PTS;XMACH1_PTS,4,"[0.0,0.95]",0.0,
CRBFL3_table,CRBFL3_table,CRBFL3,,top-level-definition,2,"[5,13]",DBFL_PTS;XMACH1_PTS,5,"[0.0,1.1]",0.0,
CRBFL3_table,CRBFL3_table,CRBFL3,,top-level-definition,2,"[5,13]",DBFL_PTS;XMACH1_PTS,6,"[0.0,1.2]",0.0,
CRBFL3_table,CRBFL3_table,CRBFL3,,top-level-definition,2,"[5,13]",DBFL_PTS;XMACH1_PTS,7,"[0.0,1.6]",0.0,
CRBFL3_table,CRBFL3_table,CRBFL3,,top-level-definition,2,"[5,13]",DBFL_PTS;XMACH1_PTS,8,"[0.0,2.0]",0.0,
CRBFL3_table,CRBFL3_table,CRBFL3,,top-level-definition,2,"[5,13]",DBFL_PTS;XMACH1_PTS,9,"[0.0,2.5]",0.0,
CRBFL3_table,CRBFL3_table,CRBFL3,,top-level-definition,2,"[5,13]",DBFL_PTS;XMACH1_PTS,10,"[0.0,3.0]",0.0,
CRBFL3_table,CRBFL3_table,CRBFL3,,top-level-definition,2,"[5,13]",DBFL_PTS;XMACH1_PTS,11,"[0.0,3.5]",0.0,
CRBFL3_table,CRBFL3_table,CRBFL3,,top-level-definition,2,"[5,13]",DBFL_PTS;XMACH1_PTS,12,"[0.0,4.0]",0.0,
CRBFL3_table,CRBFL3_table,CRBFL3,,top-level-definition,2,"[5,13]",DBFL_PTS;XMACH1_PTS,13,"[15.0,0.3]",-4.1406e-09,
CRBFL3_table,CRBFL3_table,CRBFL3,,top-level-definition,2,"[5,13]",DBFL_PTS;XMACH1_PTS,14,"[15.0,0.6]",-4.9136e-09,
CRBFL3_table,CRBFL3_table,CRBFL3,,top-level-definition,2,"[5,13]",DBFL_PTS;XMACH1_PTS,15,"[15.0,0.8]",-5.3602e-09,
CRBFL3_table,CRBFL3_table,CRBFL3,,top-level-definition,2,"[5,13]",DBFL_PTS;XMACH1_PTS,16,"[15.0,0.9]",-5.807e-09,
CRBFL3_table,CRBFL3_table,CRBFL3,,top-level-definition,2,"[5,13]",DBFL_PTS;XMACH1_PTS,17,"[15.0,0.95]",-6.4769e-09,
CRBFL3_table,CRBFL3_table,CRBFL3,,top-level-definition,2,"[5,13]",DBFL_PTS;XMACH1_PTS,18,"[15.0,1.1]",1.1533e-07,
CRBFL3_table,CRBFL3_table,CRBFL3,,top-level-definition,2,"[5,13]",DBFL_PTS;XMACH1_PTS,19,"[15.0,1.2]",1.9659e-07,
CRBFL3_table,CRBFL3_table,CRBFL3,,top-level-definition,2,"[5,13]",DBFL_PTS;XMACH1_PTS,20,"[15.0,1.6]",5.2152e-07,
CRBFL3_table,CRBFL3_table,CRBFL3,,top-level-definition,2,"[5,13]",DBFL_PTS;XMACH1_PTS,21,"[15.0,2.0]",5.5936e-08,
CRBFL3_table,CRBFL3_table,CRBFL3,,top-level-definition,2,"[5,13]",DBFL_PTS;XMACH1_PTS,22,"[15.0,2.5]",-1.203e-07,
CRBFL3_table,CRBFL3_table,CRBFL3,,top-level-definition,2,"[5,13]",DBFL_PTS;XMACH1_PTS,23,"[15.0,3.0]",-1.2672e-08,
CRBFL3_table,CRBFL3_table,CRBFL3,,top-level-definition,2,"[5,13]",DBFL_PTS;XMACH1_PTS,24,"[15.0,3.5]",-5.3979e-08,
CRBFL3_table,CRBFL3_table,CRBFL3,,top-level-definition,2,"[5,13]",DBFL_PTS;XMACH1_PTS,25,"[15.0,4.0]",-4.7382e-08,
CRBFL3_table,CRBFL3_table,CRBFL3,,top-level-definition,2,"[5,13]",DBFL_PTS;XMACH1_PTS,26,"[30.0,0.3]",1.1172e-06,
CRBFL3_table,CRBFL3_table,CRBFL3,,top-level-definition,2,"[5,13]",DBFL_PTS;XMACH1_PTS,27,"[30.0,0.6]",1.3258e-06,
CRBFL3_table,CRBFL3_table,CRBFL3,,top-level-definition,2,"[5,13]",DBFL_PTS;XMACH1_PTS,28,"[30.0,0.8]",1.4463e-06,
CRBFL3_table,CRBFL3_table,CRBFL3,,top-level-definition,2,"[5,13]",DBFL_PTS;XMACH1_PTS,29,"[30.0,0.9]",1.5668e-06,
CRBFL3_table,CRBFL3_table,CRBFL3,,top-level-definition,2,"[5,13]",DBFL_PTS;XMACH1_PTS,30,"[30.0,0.95]",1.7476e-06,
CRBFL3_table,CRBFL3_table,CRBFL3,,top-level-definition,2,"[5,13]",DBFL_PTS;XMACH1_PTS,31,"[30.0,1.1]",1.5282e-06,
CRBFL3_table,CRBFL3_table,CRBFL3,,top-level-definition,2,"[5,13]",DBFL_PTS;XMACH1_PTS,32,"[30.0,1.2]",1.3819e-06,
CRBFL3_table,CRBFL3_table,CRBFL3,,top-level-definition,2,"[5,13]",DBFL_PTS;XMACH1_PTS,33,"[30.0,1.6]",7.9661e-07,
CRBFL3_table,CRBFL3_table,CRBFL3,,top-level-definition,2,"[5,13]",DBFL_PTS;XMACH1_PTS,34,"[30.0,2.0]",9.5595e-08,
CRBFL3_table,CRBFL3_table,CRBFL3,,top-level-definition,2,"[5,13]",DBFL_PTS;XMACH1_PTS,35,"[30.0,2.5]",6.8056e-08,
CRBFL3_table,CRBFL3_table,CRBFL3,,top-level-definition,2,"[5,13]",DBFL_PTS;XMACH1_PTS,36,"[30.0,3.0]",1.4775e-08,
CRBFL3_table,CRBFL3_table,CRBFL3,,top-level-definition,2,"[5,13]",DBFL_PTS;XMACH1_PTS,37,"[30.0,3.5]",-4.2597e-08,
CRBFL3_table,CRBFL3_table,CRBFL3,,top-level-definition,2,"[5,13]",DBFL_PTS;XMACH1_PTS,38,"[30.0,4.0]",-7.9303e-08,
CRBFL3_table,CRBFL3_table,CRBFL3,,top-level-definition,2,"[5,13]",DBFL_PTS;XMACH1_PTS,39,"[45.0,0.3]",-9.4755e-07,
CRBFL3_table,CRBFL3_table,CRBFL3,,top-level-definition,2,"[5,13]",DBFL_PTS;XMACH1_PTS,40,"[45.0,0.6]",-1.1244e-06,
CRBFL3_table,CRBFL3_table,CRBFL3,,top-level-definition,2,"[5,13]",DBFL_PTS;XMACH1_PTS,41,"[45.0,0.8]",-1.2267e-06,
CRBFL3_table,CRBFL3_table,CRBFL3,,top-level-definition,2,"[5,13]",DBFL_PTS;XMACH1_PTS,42,"[45.0,0.9]",-1.3289e-06,
CRBFL3_table,CRBFL3_table,CRBFL3,,top-level-definition,2,"[5,13]",DBFL_PTS;XMACH1_PTS,43,"[45.0,0.95]",-1.4822e-06,
CRBFL3_table,CRBFL3_table,CRBFL3,,top-level-definition,2,"[5,13]",DBFL_PTS;XMACH1_PTS,44,"[45.0,1.1]",-8.646e-07,
CRBFL3_table,CRBFL3_table,CRBFL3,,top-level-definition,2,"[5,13]",DBFL_PTS;XMACH1_PTS,45,"[45.0,1.2]",-4.5259e-07,
CRBFL3_table,CRBFL3_table,CRBFL3,,top-level-definition,2,"[5,13]",DBFL_PTS;XMACH1_PTS,46,"[45.0,1.6]",1.1949e-06,
CRBFL3_table,CRBFL3_table,CRBFL3,,top-level-definition,2,"[5,13]",DBFL_PTS;XMACH1_PTS,47,"[45.0,2.0]",1.4339e-07,
CRBFL3_table,CRBFL3_table,CRBFL3,,top-level-definition,2,"[5,13]",DBFL_PTS;XMACH1_PTS,48,"[45.0,2.5]",1.0208e-07,
CRBFL3_table,CRBFL3_table,CRBFL3,,top-level-definition,2,"[5,13]",DBFL_PTS;XMACH1_PTS,49,"[45.0,3.0]",2.2163e-08,
CRBFL3_table,CRBFL3_table,CRBFL3,,top-level-definition,2,"[5,13]",DBFL_PTS;XMACH1_PTS,50,"[45.0,3.5]",-6.3895e-08,
CRBFL3_table,CRBFL3_table,CRBFL3,,top-level-definition,2,"[5,13]",DBFL_PTS;XMACH1_PTS,51,"[45.0,4.0]",-1.1895e-07,
CRBFL3_table,CRBFL3_table,CRBFL3,,top-level-definition,2,"[5,13]",DBFL_PTS;XMACH1_PTS,52,"[60.0,0.3]",-2.6051e-06,
CRBFL3_table,CRBFL3_table,CRBFL3,,top-level-definition,2,"[5,13]",DBFL_PTS;XMACH1_PTS,53,"[60.0,0.6]",-3.0914e-06,
CRBFL3_table,CRBFL3_table,CRBFL3,,top-level-definition,2,"[5,13]",DBFL_PTS;XMACH1_PTS,54,"[60.0,0.8]",-3.3724e-06,
CRBFL3_table,CRBFL3_table,CRBFL3,,top-level-definition,2,"[5,13]",DBFL_PTS;XMACH1_PTS,55,"[60.0,0.9]",-3.6534e-06,
CRBFL3_table,CRBFL3_table,CRBFL3,,top-level-definition,2,"[5,13]",DBFL_PTS;XMACH1_PTS,56,"[60.0,0.95]",-4.075e-06,
CRBFL3_table,CRBFL3_table,CRBFL3,,top-level-definition,2,"[5,13]",DBFL_PTS;XMACH1_PTS,57,"[60.0,1.1]",-2.7775e-06,
CRBFL3_table,CRBFL3_table,CRBFL3,,top-level-definition,2,"[5,13]",DBFL_PTS;XMACH1_PTS,58,"[60.0,1.2]",-1.912e-06,
CRBFL3_table,CRBFL3_table,CRBFL3,,top-level-definition,2,"[5,13]",DBFL_PTS;XMACH1_PTS,59,"[60.0,1.6]",1.5489e-06,
CRBFL3_table,CRBFL3_table,CRBFL3,,top-level-definition,2,"[5,13]",DBFL_PTS;XMACH1_PTS,60,"[60.0,2.0]",1.8587e-07,
CRBFL3_table,CRBFL3_table,CRBFL3,,top-level-definition,2,"[5,13]",DBFL_PTS;XMACH1_PTS,61,"[60.0,2.5]",1.3233e-07,
CRBFL3_table,CRBFL3_table,CRBFL3,,top-level-definition,2,"[5,13]",DBFL_PTS;XMACH1_PTS,62,"[60.0,3.0]",2.8729e-08,
CRBFL3_table,CRBFL3_table,CRBFL3,,top-level-definition,2,"[5,13]",DBFL_PTS;XMACH1_PTS,63,"[60.0,3.5]",-8.2825e-08,
CRBFL3_table,CRBFL3_table,CRBFL3,,top-level-definition,2,"[5,13]",DBFL_PTS;XMACH1_PTS,64,"[60.0,4.0]",-1.542e-07,
CLBFU0_table,CLBFU0_table,CLBFU0,,top-level-definition,2,"[5,13]",DBFU_PTS;XMACH1_PTS,0,"[-60.0,0.3]",-0.1079,
CLBFU0_table,CLBFU0_table,CLBFU0,,top-level-definition,2,"[5,13]",DBFU_PTS;XMACH1_PTS,1,"[-60.0,0.6]",-0.12121,
CLBFU0_table,CLBFU0_table,CLBFU0,,top-level-definition,2,"[5,13]",DBFU_PTS;XMACH1_PTS,2,"[-60.0,0.8]",-0.13853,
CLBFU0_table,CLBFU0_table,CLBFU0,,top-level-definition,2,"[5,13]",DBFU_PTS;XMACH1_PTS,3,"[-60.0,0.9]",-0.1443,
CLBFU0_table,CLBFU0_table,CLBFU0,,top-level-definition,2,"[5,13]",DBFU_PTS;XMACH1_PTS,4,"[-60.0,0.95]",-0.10621,
CLBFU0_table,CLBFU0_table,CLBFU0,,top-level-definition,2,"[5,13]",DBFU_PTS;XMACH1_PTS,5,"[-60.0,1.1]",-0.091252,
CLBFU0_table,CLBFU0_table,CLBFU0,,top-level-definition,2,"[5,13]",DBFU_PTS;XMACH1_PTS,6,"[-60.0,1.2]",-0.081274,
CLBFU0_table,CLBFU0_table,CLBFU0,,top-level-definition,2,"[5,13]",DBFU_PTS;XMACH1_PTS,7,"[-60.0,1.6]",-0.041371,
CLBFU0_table,CLBFU0_table,CLBFU0,,top-level-definition,2,"[5,13]",DBFU_PTS;XMACH1_PTS,8,"[-60.0,2.0]",-0.018399,
CLBFU0_table,CLBFU0_table,CLBFU0,,top-level-definition,2,"[5,13]",DBFU_PTS;XMACH1_PTS,9,"[-60.0,2.5]",-0.012611,
CLBFU0_table,CLBFU0_table,CLBFU0,,top-level-definition,2,"[5,13]",DBFU_PTS;XMACH1_PTS,10,"[-60.0,3.0]",-0.012685,
CLBFU0_table,CLBFU0_table,CLBFU0,,top-level-definition,2,"[5,13]",DBFU_PTS;XMACH1_PTS,11,"[-60.0,3.5]",-0.0090818,
CLBFU0_table,CLBFU0_table,CLBFU0,,top-level-definition,2,"[5,13]",DBFU_PTS;XMACH1_PTS,12,"[-60.0,4.0]",-0.0093313,
CLBFU0_table,CLBFU0_table,CLBFU0,,top-level-definition,2,"[5,13]",DBFU_PTS;XMACH1_PTS,13,"[-45.0,0.3]",-0.10016,
CLBFU0_table,CLBFU0_table,CLBFU0,,top-level-definition,2,"[5,13]",DBFU_PTS;XMACH1_PTS,14,"[-45.0,0.6]",-0.11252,
CLBFU0_table,CLBFU0_table,CLBFU0,,top-level-definition,2,"[5,13]",DBFU_PTS;XMACH1_PTS,15,"[-45.0,0.8]",-0.12859,
CLBFU0_table,CLBFU0_table,CLBFU0,,top-level-definition,2,"[5,13]",DBFU_PTS;XMACH1_PTS,16,"[-45.0,0.9]",-0.13395,
CLBFU0_table,CLBFU0_table,CLBFU0,,top-level-definition,2,"[5,13]",DBFU_PTS;XMACH1_PTS,17,"[-45.0,0.95]",-0.09859,
CLBFU0_table,CLBFU0_table,CLBFU0,,top-level-definition,2,"[5,13]",DBFU_PTS;XMACH1_PTS,18,"[-45.0,1.1]",-0.083862,
CLBFU0_table,CLBFU0_table,CLBFU0,,top-level-definition,2,"[5,13]",DBFU_PTS;XMACH1_PTS,19,"[-45.0,1.2]",-0.074038,
CLBFU0_table,CLBFU0_table,CLBFU0,,top-level-definition,2,"[5,13]",DBFU_PTS;XMACH1_PTS,20,"[-45.0,1.6]",-0.034751,
CLBFU0_table,CLBFU0_table,CLBFU0,,top-level-definition,2,"[5,13]",DBFU_PTS;XMACH1_PTS,21,"[-45.0,2.0]",-0.015455,
CLBFU0_table,CLBFU0_table,CLBFU0,,top-level-definition,2,"[5,13]",DBFU_PTS;XMACH1_PTS,22,"[-45.0,2.5]",-0.010593,
CLBFU0_table,CLBFU0_table,CLBFU0,,top-level-definition,2,"[5,13]",DBFU_PTS;XMACH1_PTS,23,"[-45.0,3.0]",-0.010655,
CLBFU0_table,CLBFU0_table,CLBFU0,,top-level-definition,2,"[5,13]",DBFU_PTS;XMACH1_PTS,24,"[-45.0,3.5]",-0.0076286,
CLBFU0_table,CLBFU0_table,CLBFU0,,top-level-definition,2,"[5,13]",DBFU_PTS;XMACH1_PTS,25,"[-45.0,4.0]",-0.0078381,
CLBFU0_table,CLBFU0_table,CLBFU0,,top-level-definition,2,"[5,13]",DBFU_PTS;XMACH1_PTS,26,"[-30.0,0.3]",-0.089878,
CLBFU0_table,CLBFU0_table,CLBFU0,,top-level-definition,2,"[5,13]",DBFU_PTS;XMACH1_PTS,27,"[-30.0,0.6]",-0.10097,
CLBFU0_table,CLBFU0_table,CLBFU0,,top-level-definition,2,"[5,13]",DBFU_PTS;XMACH1_PTS,28,"[-30.0,0.8]",-0.1154,
CLBFU0_table,CLBFU0_table,CLBFU0,,top-level-definition,2,"[5,13]",DBFU_PTS;XMACH1_PTS,29,"[-30.0,0.9]",-0.1202,
CLBFU0_table,CLBFU0_table,CLBFU0,,top-level-definition,2,"[5,13]",DBFU_PTS;XMACH1_PTS,30,"[-30.0,0.95]",-0.088472,
CLBFU0_table,CLBFU0_table,CLBFU0,,top-level-definition,2,"[5,13]",DBFU_PTS;XMACH1_PTS,31,"[-30.0,1.1]",-0.073788,
CLBFU0_table,CLBFU0_table,CLBFU0,,top-level-definition,2,"[5,13]",DBFU_PTS;XMACH1_PTS,32,"[-30.0,1.2]",-0.063992,
CLBFU0_table,CLBFU0_table,CLBFU0,,top-level-definition,2,"[5,13]",DBFU_PTS;XMACH1_PTS,33,"[-30.0,1.6]",-0.024822,
CLBFU0_table,CLBFU0_table,CLBFU0,,top-level-definition,2,"[5,13]",DBFU_PTS;XMACH1_PTS,34,"[-30.0,2.0]",-0.011039,
CLBFU0_table,CLBFU0_table,CLBFU0,,top-level-definition,2,"[5,13]",DBFU_PTS;XMACH1_PTS,35,"[-30.0,2.5]",-0.0075665,
CLBFU0_table,CLBFU0_table,CLBFU0,,top-level-definition,2,"[5,13]",DBFU_PTS;XMACH1_PTS,36,"[-30.0,3.0]",-0.0076107,
CLBFU0_table,CLBFU0_table,CLBFU0,,top-level-definition,2,"[5,13]",DBFU_PTS;XMACH1_PTS,37,"[-30.0,3.5]",-0.005449,
CLBFU0_table,CLBFU0_table,CLBFU0,,top-level-definition,2,"[5,13]",DBFU_PTS;XMACH1_PTS,38,"[-30.0,4.0]",-0.0055987,
CLBFU0_table,CLBFU0_table,CLBFU0,,top-level-definition,2,"[5,13]",DBFU_PTS;XMACH1_PTS,39,"[-15.0,0.3]",-0.051467,
CLBFU0_table,CLBFU0_table,CLBFU0,,top-level-definition,2,"[5,13]",DBFU_PTS;XMACH1_PTS,40,"[-15.0,0.6]",-0.057819,
CLBFU0_table,CLBFU0_table,CLBFU0,,top-level-definition,2,"[5,13]",DBFU_PTS;XMACH1_PTS,41,"[-15.0,0.8]",-0.06608,
CLBFU0_table,CLBFU0_table,CLBFU0,,top-level-definition,2,"[5,13]",DBFU_PTS;XMACH1_PTS,42,"[-15.0,0.9]",-0.068832,
CLBFU0_table,CLBFU0_table,CLBFU0,,top-level-definition,2,"[5,13]",DBFU_PTS;XMACH1_PTS,43,"[-15.0,0.95]",-0.050662,
CLBFU0_table,CLBFU0_table,CLBFU0,,top-level-definition,2,"[5,13]",DBFU_PTS;XMACH1_PTS,44,"[-15.0,1.1]",-0.041708,
CLBFU0_table,CLBFU0_table,CLBFU0,,top-level-definition,2,"[5,13]",DBFU_PTS;XMACH1_PTS,45,"[-15.0,1.2]",-0.035735,
CLBFU0_table,CLBFU0_table,CLBFU0,,top-level-definition,2,"[5,13]",DBFU_PTS;XMACH1_PTS,46,"[-15.0,1.6]",-0.011849,
CLBFU0_table,CLBFU0_table,CLBFU0,,top-level-definition,2,"[5,13]",DBFU_PTS;XMACH1_PTS,47,"[-15.0,2.0]",-0.0025822,
CLBFU0_table,CLBFU0_table,CLBFU0,,top-level-definition,2,"[5,13]",DBFU_PTS;XMACH1_PTS,48,"[-15.0,2.5]",-0.0038764,
CLBFU0_table,CLBFU0_table,CLBFU0,,top-level-definition,2,"[5,13]",DBFU_PTS;XMACH1_PTS,49,"[-15.0,3.0]",-0.0031445,
CLBFU0_table,CLBFU0_table,CLBFU0,,top-level-definition,2,"[5,13]",DBFU_PTS;XMACH1_PTS,50,"[-15.0,3.5]",-0.0024413,
CLBFU0_table,CLBFU0_table,CLBFU0,,top-level-definition,2,"[5,13]",DBFU_PTS;XMACH1_PTS,51,"[-15.0,4.0]",-0.0024461,
CLBFU0_table,CLBFU0_table,CLBFU0,,top-level-definition,2,"[5,13]",DBFU_PTS;XMACH1_PTS,52,"[0.0,0.3]",0.0,
CLBFU0_table,CLBFU0_table,CLBFU0,,top-level-definition,2,"[5,13]",DBFU_PTS;XMACH1_PTS,53,"[0.0,0.6]",0.0,
CLBFU0_table,CLBFU0_table,CLBFU0,,top-level-definition,2,"[5,13]",DBFU_PTS;XMACH1_PTS,54,"[0.0,0.8]",0.0,
CLBFU0_table,CLBFU0_table,CLBFU0,,top-level-definition,2,"[5,13]",DBFU_PTS;XMACH1_PTS,55,"[0.0,0.9]",0.0,
CLBFU0_table,CLBFU0_table,CLBFU0,,top-level-definition,2,"[5,13]",DBFU_PTS;XMACH1_PTS,56,"[0.0,0.95]",0.0,
CLBFU0_table,CLBFU0_table,CLBFU0,,top-level-definition,2,"[5,13]",DBFU_PTS;XMACH1_PTS,57,"[0.0,1.1]",0.0,
CLBFU0_table,CLBFU0_table,CLBFU0,,top-level-definition,2,"[5,13]",DBFU_PTS;XMACH1_PTS,58,"[0.0,1.2]",0.0,
CLBFU0_table,CLBFU0_table,CLBFU0,,top-level-definition,2,"[5,13]",DBFU_PTS;XMACH1_PTS,59,"[0.0,1.6]",0.0,
CLBFU0_table,CLBFU0_table,CLBFU0,,top-level-definition,2,"[5,13]",DBFU_PTS;XMACH1_PTS,60,"[0.0,2.0]",0.0,
CLBFU0_table,CLBFU0_table,CLBFU0,,top-level-definition,2,"[5,13]",DBFU_PTS;XMACH1_PTS,61,"[0.0,2.5]",0.0,
CLBFU0_table,CLBFU0_table,CLBFU0,,top-level-definition,2,"[5,13]",DBFU_PTS;XMACH1_PTS,62,"[0.0,3.0]",0.0,
CLBFU0_table,CLBFU0_table,CLBFU0,,top-level-definition,2,"[5,13]",DBFU_PTS;XMACH1_PTS,63,"[0.0,3.5]",0.0,
CLBFU0_table,CLBFU0_table,CLBFU0,,top-level-definition,2,"[5,13]",DBFU_PTS;XMACH1_PTS,64,"[0.0,4.0]",0.0,
CLBFU1_table,CLBFU1_table,CLBFU1,,top-level-definition,2,"[5,13]",DBFU_PTS;XMACH1_PTS,0,"[-60.0,0.3]",-0.0039598,
CLBFU1_table,CLBFU1_table,CLBFU1,,top-level-definition,2,"[5,13]",DBFU_PTS;XMACH1_PTS,1,"[-60.0,0.6]",-0.0044484,
CLBFU1_table,CLBFU1_table,CLBFU1,,top-level-definition,2,"[5,13]",DBFU_PTS;XMACH1_PTS,2,"[-60.0,0.8]",-0.005084,
CLBFU1_table,CLBFU1_table,CLBFU1,,top-level-definition,2,"[5,13]",DBFU_PTS;XMACH1_PTS,3,"[-60.0,0.9]",-0.0052958,
CLBFU1_table,CLBFU1_table,CLBFU1,,top-level-definition,2,"[5,13]",DBFU_PTS;XMACH1_PTS,4,"[-60.0,0.95]",-0.0038978,
CLBFU1_table,CLBFU1_table,CLBFU1,,top-level-definition,2,"[5,13]",DBFU_PTS;XMACH1_PTS,5,"[-60.0,1.1]",-0.0026238,
CLBFU1_table,CLBFU1_table,CLBFU1,,top-level-definition,2,"[5,13]",DBFU_PTS;XMACH1_PTS,6,"[-60.0,1.2]",-0.0017738,
CLBFU1_table,CLBFU1_table,CLBFU1,,top-level-definition,2,"[5,13]",DBFU_PTS;XMACH1_PTS,7,"[-60.0,1.6]",0.0016248,
CLBFU1_table,CLBFU1_table,CLBFU1,,top-level-definition,2,"[5,13]",DBFU_PTS;XMACH1_PTS,8,"[-60.0,2.0]",0.0005786,
CLBFU1_table,CLBFU1_table,CLBFU1,,top-level-definition,2,"[5,13]",DBFU_PTS;XMACH1_PTS,9,"[-60.0,2.5]",-0.00083223,
CLBFU1_table,CLBFU1_table,CLBFU1,,top-level-definition,2,"[5,13]",DBFU_PTS;XMACH1_PTS,10,"[-60.0,3.0]",0.00089264,
CLBFU1_table,CLBFU1_table,CLBFU1,,top-level-definition,2,"[5,13]",DBFU_PTS;XMACH1_PTS,11,"[-60.0,3.5]",0.00042043,
CLBFU1_table,CLBFU1_table,CLBFU1,,top-level-definition,2,"[5,13]",DBFU_PTS;XMACH1_PTS,12,"[-60.0,4.0]",0.00099491,
CLBFU1_table,CLBFU1_table,CLBFU1,,top-level-definition,2,"[5,13]",DBFU_PTS;XMACH1_PTS,13,"[-45.0,0.3]",4.1735e-05,
CLBFU1_table,CLBFU1_table,CLBFU1,,top-level-definition,2,"[5,13]",DBFU_PTS;XMACH1_PTS,14,"[-45.0,0.6]",4.6885e-05,
CLBFU1_table,CLBFU1_table,CLBFU1,,top-level-definition,2,"[5,13]",DBFU_PTS;XMACH1_PTS,15,"[-45.0,0.8]",5.3583e-05,
CLBFU1_table,CLBFU1_table,CLBFU1,,top-level-definition,2,"[5,13]",DBFU_PTS;XMACH1_PTS,16,"[-45.0,0.9]",5.5814e-05,
CLBFU1_table,CLBFU1_table,CLBFU1,,top-level-definition,2,"[5,13]",DBFU_PTS;XMACH1_PTS,17,"[-45.0,0.95]",4.1081e-05,
CLBFU1_table,CLBFU1_table,CLBFU1,,top-level-definition,2,"[5,13]",DBFU_PTS;XMACH1_PTS,18,"[-45.0,1.1]",0.00034646,
CLBFU1_table,CLBFU1_table,CLBFU1,,top-level-definition,2,"[5,13]",DBFU_PTS;XMACH1_PTS,19,"[-45.0,1.2]",0.00055017,
CLBFU1_table,CLBFU1_table,CLBFU1,,top-level-definition,2,"[5,13]",DBFU_PTS;XMACH1_PTS,20,"[-45.0,1.6]",0.0013648,
CLBFU1_table,CLBFU1_table,CLBFU1,,top-level-definition,2,"[5,13]",DBFU_PTS;XMACH1_PTS,21,"[-45.0,2.0]",0.00048601,
CLBFU1_table,CLBFU1_table,CLBFU1,,top-level-definition,2,"[5,13]",DBFU_PTS;XMACH1_PTS,22,"[-45.0,2.5]",-0.00069906,
CLBFU1_table,CLBFU1_table,CLBFU1,,top-level-definition,2,"[5,13]",DBFU_PTS;XMACH1_PTS,23,"[-45.0,3.0]",0.00074981,
CLBFU1_table,CLBFU1_table,CLBFU1,,top-level-definition,2,"[5,13]",DBFU_PTS;XMACH1_PTS,24,"[-45.0,3.5]",0.00035315,
CLBFU1_table,CLBFU1_table,CLBFU1,,top-level-definition,2,"[5,13]",DBFU_PTS;XMACH1_PTS,25,"[-45.0,4.0]",0.00083571,
CLBFU1_table,CLBFU1_table,CLBFU1,,top-level-definition,2,"[5,13]",DBFU_PTS;XMACH1_PTS,26,"[-30.0,0.3]",0.0065844,
CLBFU1_table,CLBFU1_table,CLBFU1,,top-level-definition,2,"[5,13]",DBFU_PTS;XMACH1_PTS,27,"[-30.0,0.6]",0.007397,
CLBFU1_table,CLBFU1_table,CLBFU1,,top-level-definition,2,"[5,13]",DBFU_PTS;XMACH1_PTS,28,"[-30.0,0.8]",0.0084539,
CLBFU1_table,CLBFU1_table,CLBFU1,,top-level-definition,2,"[5,13]",DBFU_PTS;XMACH1_PTS,29,"[-30.0,0.9]",0.008806,
CLBFU1_table,CLBFU1_table,CLBFU1,,top-level-definition,2,"[5,13]",DBFU_PTS;XMACH1_PTS,30,"[-30.0,0.95]",0.0064815,
CLBFU1_table,CLBFU1_table,CLBFU1,,top-level-definition,2,"[5,13]",DBFU_PTS;XMACH1_PTS,31,"[-30.0,1.1]",0.0052111,
CLBFU1_table,CLBFU1_table,CLBFU1,,top-level-definition,2,"[5,13]",DBFU_PTS;XMACH1_PTS,32,"[-30.0,1.2]",0.0043636,
CLBFU1_table,CLBFU1_table,CLBFU1,,top-level-definition,2,"[5,13]",DBFU_PTS;XMACH1_PTS,33,"[-30.0,1.6]",0.00097484,
CLBFU1_table,CLBFU1_table,CLBFU1,,top-level-definition,2,"[5,13]",DBFU_PTS;XMACH1_PTS,34,"[-30.0,2.0]",0.00034715,
CLBFU1_table,CLBFU1_table,CLBFU1,,top-level-definition,2,"[5,13]",DBFU_PTS;XMACH1_PTS,35,"[-30.0,2.5]",-0.00049933,
CLBFU1_table,CLBFU1_table,CLBFU1,,top-level-definition,2,"[5,13]",DBFU_PTS;XMACH1_PTS,36,"[-30.0,3.0]",0.00053558,
CLBFU1_table,CLBFU1_table,CLBFU1,,top-level-definition,2,"[5,13]",DBFU_PTS;XMACH1_PTS,37,"[-30.0,3.5]",0.00025225,
CLBFU1_table,CLBFU1_table,CLBFU1,,top-level-definition,2,"[5,13]",DBFU_PTS;XMACH1_PTS,38,"[-30.0,4.0]",0.00059694,
CLBFU1_table,CLBFU1_table,CLBFU1,,top-level-definition,2,"[5,13]",DBFU_PTS;XMACH1_PTS,39,"[-15.0,0.3]",0.0051527,
CLBFU1_table,CLBFU1_table,CLBFU1,,top-level-definition,2,"[5,13]",DBFU_PTS;XMACH1_PTS,40,"[-15.0,0.6]",0.0057886,
CLBFU1_table,CLBFU1_table,CLBFU1,,top-level-definition,2,"[5,13]",DBFU_PTS;XMACH1_PTS,41,"[-15.0,0.8]",0.0066157,
CLBFU1_table,CLBFU1_table,CLBFU1,,top-level-definition,2,"[5,13]",DBFU_PTS;XMACH1_PTS,42,"[-15.0,0.9]",0.0068912,
CLBFU1_table,CLBFU1_table,CLBFU1,,top-level-definition,2,"[5,13]",DBFU_PTS;XMACH1_PTS,43,"[-15.0,0.95]",0.0050721,
CLBFU1_table,CLBFU1_table,CLBFU1,,top-level-definition,2,"[5,13]",DBFU_PTS;XMACH1_PTS,44,"[-15.0,1.1]",0.0038938,
CLBFU1_table,CLBFU1_table,CLBFU1,,top-level-definition,2,"[5,13]",DBFU_PTS;XMACH1_PTS,45,"[-15.0,1.2]",0.0031077,
CLBFU1_table,CLBFU1_table,CLBFU1,,top-level-definition,2,"[5,13]",DBFU_PTS;XMACH1_PTS,46,"[-15.0,1.6]",-3.5551e-05,
CLBFU1_table,CLBFU1_table,CLBFU1,,top-level-definition,2,"[5,13]",DBFU_PTS;XMACH1_PTS,47,"[-15.0,2.0]",0.00040105,
CLBFU1_table,CLBFU1_table,CLBFU1,,top-level-definition,2,"[5,13]",DBFU_PTS;XMACH1_PTS,48,"[-15.0,2.5]",-1.8548e-05,
CLBFU1_table,CLBFU1_table,CLBFU1,,top-level-definition,2,"[5,13]",DBFU_PTS;XMACH1_PTS,49,"[-15.0,3.0]",0.00024328,
CLBFU1_table,CLBFU1_table,CLBFU1,,top-level-definition,2,"[5,13]",DBFU_PTS;XMACH1_PTS,50,"[-15.0,3.5]",0.000243,
CLBFU1_table,CLBFU1_table,CLBFU1,,top-level-definition,2,"[5,13]",DBFU_PTS;XMACH1_PTS,51,"[-15.0,4.0]",0.00036288,
CLBFU1_table,CLBFU1_table,CLBFU1,,top-level-definition,2,"[5,13]",DBFU_PTS;XMACH1_PTS,52,"[0.0,0.3]",0.0,
CLBFU1_table,CLBFU1_table,CLBFU1,,top-level-definition,2,"[5,13]",DBFU_PTS;XMACH1_PTS,53,"[0.0,0.6]",0.0,
CLBFU1_table,CLBFU1_table,CLBFU1,,top-level-definition,2,"[5,13]",DBFU_PTS;XMACH1_PTS,54,"[0.0,0.8]",0.0,
CLBFU1_table,CLBFU1_table,CLBFU1,,top-level-definition,2,"[5,13]",DBFU_PTS;XMACH1_PTS,55,"[0.0,0.9]",0.0,
CLBFU1_table,CLBFU1_table,CLBFU1,,top-level-definition,2,"[5,13]",DBFU_PTS;XMACH1_PTS,56,"[0.0,0.95]",0.0,
CLBFU1_table,CLBFU1_table,CLBFU1,,top-level-definition,2,"[5,13]",DBFU_PTS;XMACH1_PTS,57,"[0.0,1.1]",0.0,
CLBFU1_table,CLBFU1_table,CLBFU1,,top-level-definition,2,"[5,13]",DBFU_PTS;XMACH1_PTS,58,"[0.0,1.2]",0.0,
CLBFU1_table,CLBFU1_table,CLBFU1,,top-level-definition,2,"[5,13]",DBFU_PTS;XMACH1_PTS,59,"[0.0,1.6]",0.0,
CLBFU1_table,CLBFU1_table,CLBFU1,,top-level-definition,2,"[5,13]",DBFU_PTS;XMACH1_PTS,60,"[0.0,2.0]",0.0,
CLBFU1_table,CLBFU1_table,CLBFU1,,top-level-definition,2,"[5,13]",DBFU_PTS;XMACH1_PTS,61,"[0.0,2.5]",0.0,
CLBFU1_table,CLBFU1_table,CLBFU1,,top-level-definition,2,"[5,13]",DBFU_PTS;XMACH1_PTS,62,"[0.0,3.0]",0.0,
CLBFU1_table,CLBFU1_table,CLBFU1,,top-level-definition,2,"[5,13]",DBFU_PTS;XMACH1_PTS,63,"[0.0,3.5]",0.0,
CLBFU1_table,CLBFU1_table,CLBFU1,,top-level-definition,2,"[5,13]",DBFU_PTS;XMACH1_PTS,64,"[0.0,4.0]",0.0,
CLBFU2_table,CLBFU2_table,CLBFU2,,top-level-definition,2,"[5,13]",DBFU_PTS;XMACH1_PTS,0,"[-60.0,0.3]",0.00034147,
CLBFU2_table,CLBFU2_table,CLBFU2,,top-level-definition,2,"[5,13]",DBFU_PTS;XMACH1_PTS,1,"[-60.0,0.6]",0.00038362,
CLBFU2_table,CLBFU2_table,CLBFU2,,top-level-definition,2,"[5,13]",DBFU_PTS;XMACH1_PTS,2,"[-60.0,0.8]",0.00043843,
CLBFU2_table,CLBFU2_table,CLBFU2,,top-level-definition,2,"[5,13]",DBFU_PTS;XMACH1_PTS,3,"[-60.0,0.9]",0.00045669,
CLBFU2_table,CLBFU2_table,CLBFU2,,top-level-definition,2,"[5,13]",DBFU_PTS;XMACH1_PTS,4,"[-60.0,0.95]",0.00033613,
CLBFU2_table,CLBFU2_table,CLBFU2,,top-level-definition,2,"[5,13]",DBFU_PTS;XMACH1_PTS,5,"[-60.0,1.1]",0.00029091,
CLBFU2_table,CLBFU2_table,CLBFU2,,top-level-definition,2,"[5,13]",DBFU_PTS;XMACH1_PTS,6,"[-60.0,1.2]",0.00026074,
CLBFU2_table,CLBFU2_table,CLBFU2,,top-level-definition,2,"[5,13]",DBFU_PTS;XMACH1_PTS,7,"[-60.0,1.6]",0.00014011,
CLBFU2_table,CLBFU2_table,CLBFU2,,top-level-definition,2,"[5,13]",DBFU_PTS;XMACH1_PTS,8,"[-60.0,2.0]",0.00015317,
CLBFU2_table,CLBFU2_table,CLBFU2,,top-level-definition,2,"[5,13]",DBFU_PTS;XMACH1_PTS,9,"[-60.0,2.5]",0.00011557,
CLBFU2_table,CLBFU2_table,CLBFU2,,top-level-definition,2,"[5,13]",DBFU_PTS;XMACH1_PTS,10,"[-60.0,3.0]",8.8935e-07,
CLBFU2_table,CLBFU2_table,CLBFU2,,top-level-definition,2,"[5,13]",DBFU_PTS;XMACH1_PTS,11,"[-60.0,3.5]",1.5249e-05,
CLBFU2_table,CLBFU2_table,CLBFU2,,top-level-definition,2,"[5,13]",DBFU_PTS;XMACH1_PTS,12,"[-60.0,4.0]",-3.1729e-05,
CLBFU2_table,CLBFU2_table,CLBFU2,,top-level-definition,2,"[5,13]",DBFU_PTS;XMACH1_PTS,13,"[-45.0,0.3]",0.00013947,
CLBFU2_table,CLBFU2_table,CLBFU2,,top-level-definition,2,"[5,13]",DBFU_PTS;XMACH1_PTS,14,"[-45.0,0.6]",0.00015668,
CLBFU2_table,CLBFU2_table,CLBFU2,,top-level-definition,2,"[5,13]",DBFU_PTS;XMACH1_PTS,15,"[-45.0,0.8]",0.00017906,
CLBFU2_table,CLBFU2_table,CLBFU2,,top-level-definition,2,"[5,13]",DBFU_PTS;XMACH1_PTS,16,"[-45.0,0.9]",0.00018652,
CLBFU2_table,CLBFU2_table,CLBFU2,,top-level-definition,2,"[5,13]",DBFU_PTS;XMACH1_PTS,17,"[-45.0,0.95]",0.00013728,
CLBFU2_table,CLBFU2_table,CLBFU2,,top-level-definition,2,"[5,13]",DBFU_PTS;XMACH1_PTS,18,"[-45.0,1.1]",0.00013276,
CLBFU2_table,CLBFU2_table,CLBFU2,,top-level-definition,2,"[5,13]",DBFU_PTS;XMACH1_PTS,19,"[-45.0,1.2]",0.00012975,
CLBFU2_table,CLBFU2_table,CLBFU2,,top-level-definition,2,"[5,13]",DBFU_PTS;XMACH1_PTS,20,"[-45.0,1.6]",0.00011769,
CLBFU2_table,CLBFU2_table,CLBFU2,,top-level-definition,2,"[5,13]",DBFU_PTS;XMACH1_PTS,21,"[-45.0,2.0]",0.00012866,
CLBFU2_table,CLBFU2_table,CLBFU2,,top-level-definition,2,"[5,13]",DBFU_PTS;XMACH1_PTS,22,"[-45.0,2.5]",9.7073e-05,
CLBFU2_table,CLBFU2_table,CLBFU2,,top-level-definition,2,"[5,13]",DBFU_PTS;XMACH1_PTS,23,"[-45.0,3.0]",7.4704e-07,
CLBFU2_table,CLBFU2_table,CLBFU2,,top-level-definition,2,"[5,13]",DBFU_PTS;XMACH1_PTS,24,"[-45.0,3.5]",1.2809e-05,
CLBFU2_table,CLBFU2_table,CLBFU2,,top-level-definition,2,"[5,13]",DBFU_PTS;XMACH1_PTS,25,"[-45.0,4.0]",-2.6652e-05,
CLBFU2_table,CLBFU2_table,CLBFU2,,top-level-definition,2,"[5,13]",DBFU_PTS;XMACH1_PTS,26,"[-30.0,0.3]",-0.00042271,
CLBFU2_table,CLBFU2_table,CLBFU2,,top-level-definition,2,"[5,13]",DBFU_PTS;XMACH1_PTS,27,"[-30.0,0.6]",-0.00047488,
CLBFU2_table,CLBFU2_table,CLBFU2,,top-level-definition,2,"[5,13]",DBFU_PTS;XMACH1_PTS,28,"[-30.0,0.8]",-0.00054273,
CLBFU2_table,CLBFU2_table,CLBFU2,,top-level-definition,2,"[5,13]",DBFU_PTS;XMACH1_PTS,29,"[-30.0,0.9]",-0.00056533,
CLBFU2_table,CLBFU2_table,CLBFU2,,top-level-definition,2,"[5,13]",DBFU_PTS;XMACH1_PTS,30,"[-30.0,0.95]",-0.0004161,
CLBFU2_table,CLBFU2_table,CLBFU2,,top-level-definition,2,"[5,13]",DBFU_PTS;XMACH1_PTS,31,"[-30.0,1.1]",-0.00030071,
CLBFU2_table,CLBFU2_table,CLBFU2,,top-level-definition,2,"[5,13]",DBFU_PTS;XMACH1_PTS,32,"[-30.0,1.2]",-0.00022374,
CLBFU2_table,CLBFU2_table,CLBFU2,,top-level-definition,2,"[5,13]",DBFU_PTS;XMACH1_PTS,33,"[-30.0,1.6]",8.4065e-05,
CLBFU2_table,CLBFU2_table,CLBFU2,,top-level-definition,2,"[5,13]",DBFU_PTS;XMACH1_PTS,34,"[-30.0,2.0]",9.1898e-05,
CLBFU2_table,CLBFU2_table,CLBFU2,,top-level-definition,2,"[5,13]",DBFU_PTS;XMACH1_PTS,35,"[-30.0,2.5]",6.9338e-05,
CLBFU2_table,CLBFU2_table,CLBFU2,,top-level-definition,2,"[5,13]",DBFU_PTS;XMACH1_PTS,36,"[-30.0,3.0]",5.336e-07,
CLBFU2_table,CLBFU2_table,CLBFU2,,top-level-definition,2,"[5,13]",DBFU_PTS;XMACH1_PTS,37,"[-30.0,3.5]",9.1493e-06,
CLBFU2_table,CLBFU2_table,CLBFU2,,top-level-definition,2,"[5,13]",DBFU_PTS;XMACH1_PTS,38,"[-30.0,4.0]",-1.9037e-05,
CLBFU2_table,CLBFU2_table,CLBFU2,,top-level-definition,2,"[5,13]",DBFU_PTS;XMACH1_PTS,39,"[-15.0,0.3]",-0.00034158,
CLBFU2_table,CLBFU2_table,CLBFU2,,top-level-definition,2,"[5,13]",DBFU_PTS;XMACH1_PTS,40,"[-15.0,0.6]",-0.00038373,
CLBFU2_table,CLBFU2_table,CLBFU2,,top-level-definition,2,"[5,13]",DBFU_PTS;XMACH1_PTS,41,"[-15.0,0.8]",-0.00043856,
CLBFU2_table,CLBFU2_table,CLBFU2,,top-level-definition,2,"[5,13]",DBFU_PTS;XMACH1_PTS,42,"[-15.0,0.9]",-0.00045682,
CLBFU2_table,CLBFU2_table,CLBFU2,,top-level-definition,2,"[5,13]",DBFU_PTS;XMACH1_PTS,43,"[-15.0,0.95]",-0.00033623,
CLBFU2_table,CLBFU2_table,CLBFU2,,top-level-definition,2,"[5,13]",DBFU_PTS;XMACH1_PTS,44,"[-15.0,1.1]",-0.0002401,
CLBFU2_table,CLBFU2_table,CLBFU2,,top-level-definition,2,"[5,13]",DBFU_PTS;XMACH1_PTS,45,"[-15.0,1.2]",-0.00017597,
CLBFU2_table,CLBFU2_table,CLBFU2,,top-level-definition,2,"[5,13]",DBFU_PTS;XMACH1_PTS,46,"[-15.0,1.6]",8.048e-05,
CLBFU2_table,CLBFU2_table,CLBFU2,,top-level-definition,2,"[5,13]",DBFU_PTS;XMACH1_PTS,47,"[-15.0,2.0]",1.9905e-05,
CLBFU2_table,CLBFU2_table,CLBFU2,,top-level-definition,2,"[5,13]",DBFU_PTS;XMACH1_PTS,48,"[-15.0,2.5]",6.6212e-05,
CLBFU2_table,CLBFU2_table,CLBFU2,,top-level-definition,2,"[5,13]",DBFU_PTS;XMACH1_PTS,49,"[-15.0,3.0]",-1.6826e-06,
CLBFU2_table,CLBFU2_table,CLBFU2,,top-level-definition,2,"[5,13]",DBFU_PTS;XMACH1_PTS,50,"[-15.0,3.5]",-1.1197e-05,
CLBFU2_table,CLBFU2_table,CLBFU2,,top-level-definition,2,"[5,13]",DBFU_PTS;XMACH1_PTS,51,"[-15.0,4.0]",-2.129e-05,
CLBFU2_table,CLBFU2_table,CLBFU2,,top-level-definition,2,"[5,13]",DBFU_PTS;XMACH1_PTS,52,"[0.0,0.3]",0.0,
CLBFU2_table,CLBFU2_table,CLBFU2,,top-level-definition,2,"[5,13]",DBFU_PTS;XMACH1_PTS,53,"[0.0,0.6]",0.0,
CLBFU2_table,CLBFU2_table,CLBFU2,,top-level-definition,2,"[5,13]",DBFU_PTS;XMACH1_PTS,54,"[0.0,0.8]",0.0,
CLBFU2_table,CLBFU2_table,CLBFU2,,top-level-definition,2,"[5,13]",DBFU_PTS;XMACH1_PTS,55,"[0.0,0.9]",0.0,
CLBFU2_table,CLBFU2_table,CLBFU2,,top-level-definition,2,"[5,13]",DBFU_PTS;XMACH1_PTS,56,"[0.0,0.95]",0.0,
CLBFU2_table,CLBFU2_table,CLBFU2,,top-level-definition,2,"[5,13]",DBFU_PTS;XMACH1_PTS,57,"[0.0,1.1]",0.0,
CLBFU2_table,CLBFU2_table,CLBFU2,,top-level-definition,2,"[5,13]",DBFU_PTS;XMACH1_PTS,58,"[0.0,1.2]",0.0,
CLBFU2_table,CLBFU2_table,CLBFU2,,top-level-definition,2,"[5,13]",DBFU_PTS;XMACH1_PTS,59,"[0.0,1.6]",0.0,
CLBFU2_table,CLBFU2_table,CLBFU2,,top-level-definition,2,"[5,13]",DBFU_PTS;XMACH1_PTS,60,"[0.0,2.0]",0.0,
CLBFU2_table,CLBFU2_table,CLBFU2,,top-level-definition,2,"[5,13]",DBFU_PTS;XMACH1_PTS,61,"[0.0,2.5]",0.0,
CLBFU2_table,CLBFU2_table,CLBFU2,,top-level-definition,2,"[5,13]",DBFU_PTS;XMACH1_PTS,62,"[0.0,3.0]",0.0,
CLBFU2_table,CLBFU2_table,CLBFU2,,top-level-definition,2,"[5,13]",DBFU_PTS;XMACH1_PTS,63,"[0.0,3.5]",0.0,
CLBFU2_table,CLBFU2_table,CLBFU2,,top-level-definition,2,"[5,13]",DBFU_PTS;XMACH1_PTS,64,"[0.0,4.0]",0.0,
CLBFU3_table,CLBFU3_table,CLBFU3,,top-level-definition,2,"[5,13]",DBFU_PTS;XMACH1_PTS,0,"[-60.0,0.3]",-7.6617e-06,
CLBFU3_table,CLBFU3_table,CLBFU3,,top-level-definition,2,"[5,13]",DBFU_PTS;XMACH1_PTS,1,"[-60.0,0.6]",-8.6072e-06,
CLBFU3_table,CLBFU3_table,CLBFU3,,top-level-definition,2,"[5,13]",DBFU_PTS;XMACH1_PTS,2,"[-60.0,0.8]",-9.8371e-06,
CLBFU3_table,CLBFU3_table,CLBFU3,,top-level-definition,2,"[5,13]",DBFU_PTS;XMACH1_PTS,3,"[-60.0,0.9]",-1.0247e-05,
CLBFU3_table,CLBFU3_table,CLBFU3,,top-level-definition,2,"[5,13]",DBFU_PTS;XMACH1_PTS,4,"[-60.0,0.95]",-7.5419e-06,
CLBFU3_table,CLBFU3_table,CLBFU3,,top-level-definition,2,"[5,13]",DBFU_PTS;XMACH1_PTS,5,"[-60.0,1.1]",-8.3573e-06,
CLBFU3_table,CLBFU3_table,CLBFU3,,top-level-definition,2,"[5,13]",DBFU_PTS;XMACH1_PTS,6,"[-60.0,1.2]",-8.9012e-06,
CLBFU3_table,CLBFU3_table,CLBFU3,,top-level-definition,2,"[5,13]",DBFU_PTS;XMACH1_PTS,7,"[-60.0,1.6]",-1.1076e-05,
CLBFU3_table,CLBFU3_table,CLBFU3,,top-level-definition,2,"[5,13]",DBFU_PTS;XMACH1_PTS,8,"[-60.0,2.0]",-7.9914e-06,
CLBFU3_table,CLBFU3_table,CLBFU3,,top-level-definition,2,"[5,13]",DBFU_PTS;XMACH1_PTS,9,"[-60.0,2.5]",-2.5219e-06,
CLBFU3_table,CLBFU3_table,CLBFU3,,top-level-definition,2,"[5,13]",DBFU_PTS;XMACH1_PTS,10,"[-60.0,3.0]",-6.8625e-07,
CLBFU3_table,CLBFU3_table,CLBFU3,,top-level-definition,2,"[5,13]",DBFU_PTS;XMACH1_PTS,11,"[-60.0,3.5]",-7.4779e-07,
CLBFU3_table,CLBFU3_table,CLBFU3,,top-level-definition,2,"[5,13]",DBFU_PTS;XMACH1_PTS,12,"[-60.0,4.0]",3.9912e-07,
CLBFU3_table,CLBFU3_table,CLBFU3,,top-level-definition,2,"[5,13]",DBFU_PTS;XMACH1_PTS,13,"[-45.0,0.3]",-4.763e-06,
CLBFU3_table,CLBFU3_table,CLBFU3,,top-level-definition,2,"[5,13]",DBFU_PTS;XMACH1_PTS,14,"[-45.0,0.6]",-5.3508e-06,
CLBFU3_table,CLBFU3_table,CLBFU3,,top-level-definition,2,"[5,13]",DBFU_PTS;XMACH1_PTS,15,"[-45.0,0.8]",-6.1153e-06,
CLBFU3_table,CLBFU3_table,CLBFU3,,top-level-definition,2,"[5,13]",DBFU_PTS;XMACH1_PTS,16,"[-45.0,0.9]",-6.37e-06,
CLBFU3_table,CLBFU3_table,CLBFU3,,top-level-definition,2,"[5,13]",DBFU_PTS;XMACH1_PTS,17,"[-45.0,0.95]",-4.6885e-06,
CLBFU3_table,CLBFU3_table,CLBFU3,,top-level-definition,2,"[5,13]",DBFU_PTS;XMACH1_PTS,18,"[-45.0,1.1]",-5.7533e-06,
CLBFU3_table,CLBFU3_table,CLBFU3,,top-level-definition,2,"[5,13]",DBFU_PTS;XMACH1_PTS,19,"[-45.0,1.2]",-6.4636e-06,
CLBFU3_table,CLBFU3_table,CLBFU3,,top-level-definition,2,"[5,13]",DBFU_PTS;XMACH1_PTS,20,"[-45.0,1.6]",-9.3039e-06,
CLBFU3_table,CLBFU3_table,CLBFU3,,top-level-definition,2,"[5,13]",DBFU_PTS;XMACH1_PTS,21,"[-45.0,2.0]",-6.7126e-06,
CLBFU3_table,CLBFU3_table,CLBFU3,,top-level-definition,2,"[5,13]",DBFU_PTS;XMACH1_PTS,22,"[-45.0,2.5]",-2.1184e-06,
CLBFU3_table,CLBFU3_table,CLBFU3,,top-level-definition,2,"[5,13]",DBFU_PTS;XMACH1_PTS,23,"[-45.0,3.0]",-5.7644e-07,
CLBFU3_table,CLBFU3_table,CLBFU3,,top-level-definition,2,"[5,13]",DBFU_PTS;XMACH1_PTS,24,"[-45.0,3.5]",-6.2813e-07,
CLBFU3_table,CLBFU3_table,CLBFU3,,top-level-definition,2,"[5,13]",DBFU_PTS;XMACH1_PTS,25,"[-45.0,4.0]",3.3526e-07,
CLBFU3_table,CLBFU3_table,CLBFU3,,top-level-definition,2,"[5,13]",DBFU_PTS;XMACH1_PTS,26,"[-30.0,0.3]",7.7631e-06,
CLBFU3_table,CLBFU3_table,CLBFU3,,top-level-definition,2,"[5,13]",DBFU_PTS;XMACH1_PTS,27,"[-30.0,0.6]",8.7211e-06,
CLBFU3_table,CLBFU3_table,CLBFU3,,top-level-definition,2,"[5,13]",DBFU_PTS;XMACH1_PTS,28,"[-30.0,0.8]",9.9672e-06,
CLBFU3_table,CLBFU3_table,CLBFU3,,top-level-definition,2,"[5,13]",DBFU_PTS;XMACH1_PTS,29,"[-30.0,0.9]",1.0382e-05,
CLBFU3_table,CLBFU3_table,CLBFU3,,top-level-definition,2,"[5,13]",DBFU_PTS;XMACH1_PTS,30,"[-30.0,0.95]",7.6416e-06,
CLBFU3_table,CLBFU3_table,CLBFU3,,top-level-definition,2,"[5,13]",DBFU_PTS;XMACH1_PTS,31,"[-30.0,1.1]",4.3456e-06,
CLBFU3_table,CLBFU3_table,CLBFU3,,top-level-definition,2,"[5,13]",DBFU_PTS;XMACH1_PTS,32,"[-30.0,1.2]",2.1467e-06,
CLBFU3_table,CLBFU3_table,CLBFU3,,top-level-definition,2,"[5,13]",DBFU_PTS;XMACH1_PTS,33,"[-30.0,1.6]",-6.6457e-06,
CLBFU3_table,CLBFU3_table,CLBFU3,,top-level-definition,2,"[5,13]",DBFU_PTS;XMACH1_PTS,34,"[-30.0,2.0]",-4.7947e-06,
CLBFU3_table,CLBFU3_table,CLBFU3,,top-level-definition,2,"[5,13]",DBFU_PTS;XMACH1_PTS,35,"[-30.0,2.5]",-1.5131e-06,
CLBFU3_table,CLBFU3_table,CLBFU3,,top-level-definition,2,"[5,13]",DBFU_PTS;XMACH1_PTS,36,"[-30.0,3.0]",-4.1174e-07,
CLBFU3_table,CLBFU3_table,CLBFU3,,top-level-definition,2,"[5,13]",DBFU_PTS;XMACH1_PTS,37,"[-30.0,3.5]",-4.4867e-07,
CLBFU3_table,CLBFU3_table,CLBFU3,,top-level-definition,2,"[5,13]",DBFU_PTS;XMACH1_PTS,38,"[-30.0,4.0]",2.3947e-07,
CLBFU3_table,CLBFU3_table,CLBFU3,,top-level-definition,2,"[5,13]",DBFU_PTS;XMACH1_PTS,39,"[-15.0,0.3]",6.5331e-06,
CLBFU3_table,CLBFU3_table,CLBFU3,,top-level-definition,2,"[5,13]",DBFU_PTS;XMACH1_PTS,40,"[-15.0,0.6]",7.3393e-06,
CLBFU3_table,CLBFU3_table,CLBFU3,,top-level-definition,2,"[5,13]",DBFU_PTS;XMACH1_PTS,41,"[-15.0,0.8]",8.388e-06,
CLBFU3_table,CLBFU3_table,CLBFU3,,top-level-definition,2,"[5,13]",DBFU_PTS;XMACH1_PTS,42,"[-15.0,0.9]",8.7373e-06,
CLBFU3_table,CLBFU3_table,CLBFU3,,top-level-definition,2,"[5,13]",DBFU_PTS;XMACH1_PTS,43,"[-15.0,0.95]",6.4309e-06,
CLBFU3_table,CLBFU3_table,CLBFU3,,top-level-definition,2,"[5,13]",DBFU_PTS;XMACH1_PTS,44,"[-15.0,1.1]",4.0609e-06,
CLBFU3_table,CLBFU3_table,CLBFU3,,top-level-definition,2,"[5,13]",DBFU_PTS;XMACH1_PTS,45,"[-15.0,1.2]",2.4799e-06,
CLBFU3_table,CLBFU3_table,CLBFU3,,top-level-definition,2,"[5,13]",DBFU_PTS;XMACH1_PTS,46,"[-15.0,1.6]",-3.8422e-06,
CLBFU3_table,CLBFU3_table,CLBFU3,,top-level-definition,2,"[5,13]",DBFU_PTS;XMACH1_PTS,47,"[-15.0,2.0]",-1.6881e-06,
CLBFU3_table,CLBFU3_table,CLBFU3,,top-level-definition,2,"[5,13]",DBFU_PTS;XMACH1_PTS,48,"[-15.0,2.5]",-2.6379e-06,
CLBFU3_table,CLBFU3_table,CLBFU3,,top-level-definition,2,"[5,13]",DBFU_PTS;XMACH1_PTS,49,"[-15.0,3.0]",-1.5769e-07,
CLBFU3_table,CLBFU3_table,CLBFU3,,top-level-definition,2,"[5,13]",DBFU_PTS;XMACH1_PTS,50,"[-15.0,3.5]",1.709e-07,
CLBFU3_table,CLBFU3_table,CLBFU3,,top-level-definition,2,"[5,13]",DBFU_PTS;XMACH1_PTS,51,"[-15.0,4.0]",4.2721e-07,
CLBFU3_table,CLBFU3_table,CLBFU3,,top-level-definition,2,"[5,13]",DBFU_PTS;XMACH1_PTS,52,"[0.0,0.3]",0.0,
CLBFU3_table,CLBFU3_table,CLBFU3,,top-level-definition,2,"[5,13]",DBFU_PTS;XMACH1_PTS,53,"[0.0,0.6]",0.0,
CLBFU3_table,CLBFU3_table,CLBFU3,,top-level-definition,2,"[5,13]",DBFU_PTS;XMACH1_PTS,54,"[0.0,0.8]",0.0,
CLBFU3_table,CLBFU3_table,CLBFU3,,top-level-definition,2,"[5,13]",DBFU_PTS;XMACH1_PTS,55,"[0.0,0.9]",0.0,
CLBFU3_table,CLBFU3_table,CLBFU3,,top-level-definition,2,"[5,13]",DBFU_PTS;XMACH1_PTS,56,"[0.0,0.95]",0.0,
CLBFU3_table,CLBFU3_table,CLBFU3,,top-level-definition,2,"[5,13]",DBFU_PTS;XMACH1_PTS,57,"[0.0,1.1]",0.0,
CLBFU3_table,CLBFU3_table,CLBFU3,,top-level-definition,2,"[5,13]",DBFU_PTS;XMACH1_PTS,58,"[0.0,1.2]",0.0,
CLBFU3_table,CLBFU3_table,CLBFU3,,top-level-definition,2,"[5,13]",DBFU_PTS;XMACH1_PTS,59,"[0.0,1.6]",0.0,
CLBFU3_table,CLBFU3_table,CLBFU3,,top-level-definition,2,"[5,13]",DBFU_PTS;XMACH1_PTS,60,"[0.0,2.0]",0.0,
CLBFU3_table,CLBFU3_table,CLBFU3,,top-level-definition,2,"[5,13]",DBFU_PTS;XMACH1_PTS,61,"[0.0,2.5]",0.0,
CLBFU3_table,CLBFU3_table,CLBFU3,,top-level-definition,2,"[5,13]",DBFU_PTS;XMACH1_PTS,62,"[0.0,3.0]",0.0,
CLBFU3_table,CLBFU3_table,CLBFU3,,top-level-definition,2,"[5,13]",DBFU_PTS;XMACH1_PTS,63,"[0.0,3.5]",0.0,
CLBFU3_table,CLBFU3_table,CLBFU3,,top-level-definition,2,"[5,13]",DBFU_PTS;XMACH1_PTS,64,"[0.0,4.0]",0.0,
CDBFU0_table,CDBFU0_table,CDBFU0,,top-level-definition,2,"[5,13]",DBFU_PTS;XMACH1_PTS,0,"[-60.0,0.3]",0.028614,
CDBFU0_table,CDBFU0_table,CDBFU0,,top-level-definition,2,"[5,13]",DBFU_PTS;XMACH1_PTS,1,"[-60.0,0.6]",0.032146,
CDBFU0_table,CDBFU0_table,CDBFU0,,top-level-definition,2,"[5,13]",DBFU_PTS;XMACH1_PTS,2,"[-60.0,0.8]",0.036739,
CDBFU0_table,CDBFU0_table,CDBFU0,,top-level-definition,2,"[5,13]",DBFU_PTS;XMACH1_PTS,3,"[-60.0,0.9]",0.038269,
CDBFU0_table,CDBFU0_table,CDBFU0,,top-level-definition,2,"[5,13]",DBFU_PTS;XMACH1_PTS,4,"[-60.0,0.95]",0.028167,
CDBFU0_table,CDBFU0_table,CDBFU0,,top-level-definition,2,"[5,13]",DBFU_PTS;XMACH1_PTS,5,"[-60.0,1.1]",0.024318,
CDBFU0_table,CDBFU0_table,CDBFU0,,top-level-definition,2,"[5,13]",DBFU_PTS;XMACH1_PTS,6,"[-60.0,1.2]",0.02175,
CDBFU0_table,CDBFU0_table,CDBFU0,,top-level-definition,2,"[5,13]",DBFU_PTS;XMACH1_PTS,7,"[-60.0,1.6]",0.011482,
CDBFU0_table,CDBFU0_table,CDBFU0,,top-level-definition,2,"[5,13]",DBFU_PTS;XMACH1_PTS,8,"[-60.0,2.0]",0.0086855,
CDBFU0_table,CDBFU0_table,CDBFU0,,top-level-definition,2,"[5,13]",DBFU_PTS;XMACH1_PTS,9,"[-60.0,2.5]",0.0068112,
CDBFU0_table,CDBFU0_table,CDBFU0,,top-level-definition,2,"[5,13]",DBFU_PTS;XMACH1_PTS,10,"[-60.0,3.0]",0.0054926,
CDBFU0_table,CDBFU0_table,CDBFU0,,top-level-definition,2,"[5,13]",DBFU_PTS;XMACH1_PTS,11,"[-60.0,3.5]",0.0049866,
CDBFU0_table,CDBFU0_table,CDBFU0,,top-level-definition,2,"[5,13]",DBFU_PTS;XMACH1_PTS,12,"[-60.0,4.0]",0.0051748,
CDBFU0_table,CDBFU0_table,CDBFU0,,top-level-definition,2,"[5,13]",DBFU_PTS;XMACH1_PTS,13,"[-45.0,0.3]",0.025309,
CDBFU0_table,CDBFU0_table,CDBFU0,,top-level-definition,2,"[5,13]",DBFU_PTS;XMACH1_PTS,14,"[-45.0,0.6]",0.028432,
CDBFU0_table,CDBFU0_table,CDBFU0,,top-level-definition,2,"[5,13]",DBFU_PTS;XMACH1_PTS,15,"[-45.0,0.8]",0.032495,
CDBFU0_table,CDBFU0_table,CDBFU0,,top-level-definition,2,"[5,13]",DBFU_PTS;XMACH1_PTS,16,"[-45.0,0.9]",0.033848,
CDBFU0_table,CDBFU0_table,CDBFU0,,top-level-definition,2,"[5,13]",DBFU_PTS;XMACH1_PTS,17,"[-45.0,0.95]",0.024913,
CDBFU0_table,CDBFU0_table,CDBFU0,,top-level-definition,2,"[5,13]",DBFU_PTS;XMACH1_PTS,18,"[-45.0,1.1]",0.021391,
CDBFU0_table,CDBFU0_table,CDBFU0,,top-level-definition,2,"[5,13]",DBFU_PTS;XMACH1_PTS,19,"[-45.0,1.2]",0.019041,
CDBFU0_table,CDBFU0_table,CDBFU0,,top-level-definition,2,"[5,13]",DBFU_PTS;XMACH1_PTS,20,"[-45.0,1.6]",0.0096445,
CDBFU0_table,CDBFU0_table,CDBFU0,,top-level-definition,2,"[5,13]",DBFU_PTS;XMACH1_PTS,21,"[-45.0,2.0]",0.0072957,
CDBFU0_table,CDBFU0_table,CDBFU0,,top-level-definition,2,"[5,13]",DBFU_PTS;XMACH1_PTS,22,"[-45.0,2.5]",0.0057213,
CDBFU0_table,CDBFU0_table,CDBFU0,,top-level-definition,2,"[5,13]",DBFU_PTS;XMACH1_PTS,23,"[-45.0,3.0]",0.0046137,
CDBFU0_table,CDBFU0_table,CDBFU0,,top-level-definition,2,"[5,13]",DBFU_PTS;XMACH1_PTS,24,"[-45.0,3.5]",0.0041887,
CDBFU0_table,CDBFU0_table,CDBFU0,,top-level-definition,2,"[5,13]",DBFU_PTS;XMACH1_PTS,25,"[-45.0,4.0]",0.0043468,
CDBFU0_table,CDBFU0_table,CDBFU0,,top-level-definition,2,"[5,13]",DBFU_PTS;XMACH1_PTS,26,"[-30.0,0.3]",0.015506,
CDBFU0_table,CDBFU0_table,CDBFU0,,top-level-definition,2,"[5,13]",DBFU_PTS;XMACH1_PTS,27,"[-30.0,0.6]",0.017419,
CDBFU0_table,CDBFU0_table,CDBFU0,,top-level-definition,2,"[5,13]",DBFU_PTS;XMACH1_PTS,28,"[-30.0,0.8]",0.019908,
CDBFU0_table,CDBFU0_table,CDBFU0,,top-level-definition,2,"[5,13]",DBFU_PTS;XMACH1_PTS,29,"[-30.0,0.9]",0.020738,
CDBFU0_table,CDBFU0_table,CDBFU0,,top-level-definition,2,"[5,13]",DBFU_PTS;XMACH1_PTS,30,"[-30.0,0.95]",0.015263,
CDBFU0_table,CDBFU0_table,CDBFU0,,top-level-definition,2,"[5,13]",DBFU_PTS;XMACH1_PTS,31,"[-30.0,1.1]",0.013331,
CDBFU0_table,CDBFU0_table,CDBFU0,,top-level-definition,2,"[5,13]",DBFU_PTS;XMACH1_PTS,32,"[-30.0,1.2]",0.012043,
CDBFU0_table,CDBFU0_table,CDBFU0,,top-level-definition,2,"[5,13]",DBFU_PTS;XMACH1_PTS,33,"[-30.0,1.6]",0.0068889,
CDBFU0_table,CDBFU0_table,CDBFU0,,top-level-definition,2,"[5,13]",DBFU_PTS;XMACH1_PTS,34,"[-30.0,2.0]",0.0052112,
CDBFU0_table,CDBFU0_table,CDBFU0,,top-level-definition,2,"[5,13]",DBFU_PTS;XMACH1_PTS,35,"[-30.0,2.5]",0.0040866,
CDBFU0_table,CDBFU0_table,CDBFU0,,top-level-definition,2,"[5,13]",DBFU_PTS;XMACH1_PTS,36,"[-30.0,3.0]",0.0032955,
CDBFU0_table,CDBFU0_table,CDBFU0,,top-level-definition,2,"[5,13]",DBFU_PTS;XMACH1_PTS,37,"[-30.0,3.5]",0.0029919,
CDBFU0_table,CDBFU0_table,CDBFU0,,top-level-definition,2,"[5,13]",DBFU_PTS;XMACH1_PTS,38,"[-30.0,4.0]",0.0031048,
CDBFU0_table,CDBFU0_table,CDBFU0,,top-level-definition,2,"[5,13]",DBFU_PTS;XMACH1_PTS,39,"[-15.0,0.3]",0.0027959,
CDBFU0_table,CDBFU0_table,CDBFU0,,top-level-definition,2,"[5,13]",DBFU_PTS;XMACH1_PTS,40,"[-15.0,0.6]",0.0031409,
CDBFU0_table,CDBFU0_table,CDBFU0,,top-level-definition,2,"[5,13]",DBFU_PTS;XMACH1_PTS,41,"[-15.0,0.8]",0.0035897,
CDBFU0_table,CDBFU0_table,CDBFU0,,top-level-definition,2,"[5,13]",DBFU_PTS;XMACH1_PTS,42,"[-15.0,0.9]",0.0037392,
CDBFU0_table,CDBFU0_table,CDBFU0,,top-level-definition,2,"[5,13]",DBFU_PTS;XMACH1_PTS,43,"[-15.0,0.95]",0.0027521,
CDBFU0_table,CDBFU0_table,CDBFU0,,top-level-definition,2,"[5,13]",DBFU_PTS;XMACH1_PTS,44,"[-15.0,1.1]",0.002959,
CDBFU0_table,CDBFU0_table,CDBFU0,,top-level-definition,2,"[5,13]",DBFU_PTS;XMACH1_PTS,45,"[-15.0,1.2]",0.0030971,
CDBFU0_table,CDBFU0_table,CDBFU0,,top-level-definition,2,"[5,13]",DBFU_PTS;XMACH1_PTS,46,"[-15.0,1.6]",0.003649,
CDBFU0_table,CDBFU0_table,CDBFU0,,top-level-definition,2,"[5,13]",DBFU_PTS;XMACH1_PTS,47,"[-15.0,2.0]",0.0031646,
CDBFU0_table,CDBFU0_table,CDBFU0,,top-level-definition,2,"[5,13]",DBFU_PTS;XMACH1_PTS,48,"[-15.0,2.5]",0.0027617,
CDBFU0_table,CDBFU0_table,CDBFU0,,top-level-definition,2,"[5,13]",DBFU_PTS;XMACH1_PTS,49,"[-15.0,3.0]",0.0011485,
CDBFU0_table,CDBFU0_table,CDBFU0,,top-level-definition,2,"[5,13]",DBFU_PTS;XMACH1_PTS,50,"[-15.0,3.5]",0.00095718,
CDBFU0_table,CDBFU0_table,CDBFU0,,top-level-definition,2,"[5,13]",DBFU_PTS;XMACH1_PTS,51,"[-15.0,4.0]",0.0010623,
CDBFU0_table,CDBFU0_table,CDBFU0,,top-level-definition,2,"[5,13]",DBFU_PTS;XMACH1_PTS,52,"[0.0,0.3]",0.0,
CDBFU0_table,CDBFU0_table,CDBFU0,,top-level-definition,2,"[5,13]",DBFU_PTS;XMACH1_PTS,53,"[0.0,0.6]",0.0,
CDBFU0_table,CDBFU0_table,CDBFU0,,top-level-definition,2,"[5,13]",DBFU_PTS;XMACH1_PTS,54,"[0.0,0.8]",0.0,
CDBFU0_table,CDBFU0_table,CDBFU0,,top-level-definition,2,"[5,13]",DBFU_PTS;XMACH1_PTS,55,"[0.0,0.9]",0.0,
CDBFU0_table,CDBFU0_table,CDBFU0,,top-level-definition,2,"[5,13]",DBFU_PTS;XMACH1_PTS,56,"[0.0,0.95]",0.0,
CDBFU0_table,CDBFU0_table,CDBFU0,,top-level-definition,2,"[5,13]",DBFU_PTS;XMACH1_PTS,57,"[0.0,1.1]",0.0,
CDBFU0_table,CDBFU0_table,CDBFU0,,top-level-definition,2,"[5,13]",DBFU_PTS;XMACH1_PTS,58,"[0.0,1.2]",0.0,
CDBFU0_table,CDBFU0_table,CDBFU0,,top-level-definition,2,"[5,13]",DBFU_PTS;XMACH1_PTS,59,"[0.0,1.6]",0.0,
CDBFU0_table,CDBFU0_table,CDBFU0,,top-level-definition,2,"[5,13]",DBFU_PTS;XMACH1_PTS,60,"[0.0,2.0]",0.0,
CDBFU0_table,CDBFU0_table,CDBFU0,,top-level-definition,2,"[5,13]",DBFU_PTS;XMACH1_PTS,61,"[0.0,2.5]",0.0,
CDBFU0_table,CDBFU0_table,CDBFU0,,top-level-definition,2,"[5,13]",DBFU_PTS;XMACH1_PTS,62,"[0.0,3.0]",0.0,
CDBFU0_table,CDBFU0_table,CDBFU0,,top-level-definition,2,"[5,13]",DBFU_PTS;XMACH1_PTS,63,"[0.0,3.5]",0.0,
CDBFU0_table,CDBFU0_table,CDBFU0,,top-level-definition,2,"[5,13]",DBFU_PTS;XMACH1_PTS,64,"[0.0,4.0]",0.0,
CDBFU1_table,CDBFU1_table,CDBFU1,,top-level-definition,2,"[5,13]",DBFU_PTS;XMACH1_PTS,0,"[-60.0,0.3]",-0.001794,
CDBFU1_table,CDBFU1_table,CDBFU1,,top-level-definition,2,"[5,13]",DBFU_PTS;XMACH1_PTS,1,"[-60.0,0.6]",-0.0020153,
CDBFU1_table,CDBFU1_table,CDBFU1,,top-level-definition,2,"[5,13]",DBFU_PTS;XMACH1_PTS,2,"[-60.0,0.8]",-0.0023033,
CDBFU1_table,CDBFU1_table,CDBFU1,,top-level-definition,2,"[5,13]",DBFU_PTS;XMACH1_PTS,3,"[-60.0,0.9]",-0.0023992,
CDBFU1_table,CDBFU1_table,CDBFU1,,top-level-definition,2,"[5,13]",DBFU_PTS;XMACH1_PTS,4,"[-60.0,0.95]",-0.0017659,
CDBFU1_table,CDBFU1_table,CDBFU1,,top-level-definition,2,"[5,13]",DBFU_PTS;XMACH1_PTS,5,"[-60.0,1.1]",-0.0017354,
CDBFU1_table,CDBFU1_table,CDBFU1,,top-level-definition,2,"[5,13]",DBFU_PTS;XMACH1_PTS,6,"[-60.0,1.2]",-0.0017151,
CDBFU1_table,CDBFU1_table,CDBFU1,,top-level-definition,2,"[5,13]",DBFU_PTS;XMACH1_PTS,7,"[-60.0,1.6]",-0.0016339,
CDBFU1_table,CDBFU1_table,CDBFU1,,top-level-definition,2,"[5,13]",DBFU_PTS;XMACH1_PTS,8,"[-60.0,2.0]",-0.00097873,
CDBFU1_table,CDBFU1_table,CDBFU1,,top-level-definition,2,"[5,13]",DBFU_PTS;XMACH1_PTS,9,"[-60.0,2.5]",-0.0010895,
CDBFU1_table,CDBFU1_table,CDBFU1,,top-level-definition,2,"[5,13]",DBFU_PTS;XMACH1_PTS,10,"[-60.0,3.0]",-0.00097982,
CDBFU1_table,CDBFU1_table,CDBFU1,,top-level-definition,2,"[5,13]",DBFU_PTS;XMACH1_PTS,11,"[-60.0,3.5]",-0.0007869,
CDBFU1_table,CDBFU1_table,CDBFU1,,top-level-definition,2,"[5,13]",DBFU_PTS;XMACH1_PTS,12,"[-60.0,4.0]",-0.00067987,
CDBFU1_table,CDBFU1_table,CDBFU1,,top-level-definition,2,"[5,13]",DBFU_PTS;XMACH1_PTS,13,"[-45.0,0.3]",-0.0017365,
CDBFU1_table,CDBFU1_table,CDBFU1,,top-level-definition,2,"[5,13]",DBFU_PTS;XMACH1_PTS,14,"[-45.0,0.6]",-0.0019507,
CDBFU1_table,CDBFU1_table,CDBFU1,,top-level-definition,2,"[5,13]",DBFU_PTS;XMACH1_PTS,15,"[-45.0,0.8]",-0.0022295,
CDBFU1_table,CDBFU1_table,CDBFU1,,top-level-definition,2,"[5,13]",DBFU_PTS;XMACH1_PTS,16,"[-45.0,0.9]",-0.0023223,
CDBFU1_table,CDBFU1_table,CDBFU1,,top-level-definition,2,"[5,13]",DBFU_PTS;XMACH1_PTS,17,"[-45.0,0.95]",-0.0017093,
CDBFU1_table,CDBFU1_table,CDBFU1,,top-level-definition,2,"[5,13]",DBFU_PTS;XMACH1_PTS,18,"[-45.0,1.1]",-0.0016316,
CDBFU1_table,CDBFU1_table,CDBFU1,,top-level-definition,2,"[5,13]",DBFU_PTS;XMACH1_PTS,19,"[-45.0,1.2]",-0.0015797,
CDBFU1_table,CDBFU1_table,CDBFU1,,top-level-definition,2,"[5,13]",DBFU_PTS;XMACH1_PTS,20,"[-45.0,1.6]",-0.0013724,
CDBFU1_table,CDBFU1_table,CDBFU1,,top-level-definition,2,"[5,13]",DBFU_PTS;XMACH1_PTS,21,"[-45.0,2.0]",-0.00082212,
CDBFU1_table,CDBFU1_table,CDBFU1,,top-level-definition,2,"[5,13]",DBFU_PTS;XMACH1_PTS,22,"[-45.0,2.5]",-0.00091517,
CDBFU1_table,CDBFU1_table,CDBFU1,,top-level-definition,2,"[5,13]",DBFU_PTS;XMACH1_PTS,23,"[-45.0,3.0]",-0.00082303,
CDBFU1_table,CDBFU1_table,CDBFU1,,top-level-definition,2,"[5,13]",DBFU_PTS;XMACH1_PTS,24,"[-45.0,3.5]",-0.00066099,
CDBFU1_table,CDBFU1_table,CDBFU1,,top-level-definition,2,"[5,13]",DBFU_PTS;XMACH1_PTS,25,"[-45.0,4.0]",-0.00057108,
CDBFU1_table,CDBFU1_table,CDBFU1,,top-level-definition,2,"[5,13]",DBFU_PTS;XMACH1_PTS,26,"[-30.0,0.3]",-0.00062231,
CDBFU1_table,CDBFU1_table,CDBFU1,,top-level-definition,2,"[5,13]",DBFU_PTS;XMACH1_PTS,27,"[-30.0,0.6]",-0.00069911,
CDBFU1_table,CDBFU1_table,CDBFU1,,top-level-definition,2,"[5,13]",DBFU_PTS;XMACH1_PTS,28,"[-30.0,0.8]",-0.000799,
CDBFU1_table,CDBFU1_table,CDBFU1,,top-level-definition,2,"[5,13]",DBFU_PTS;XMACH1_PTS,29,"[-30.0,0.9]",-0.00083228,
CDBFU1_table,CDBFU1_table,CDBFU1,,top-level-definition,2,"[5,13]",DBFU_PTS;XMACH1_PTS,30,"[-30.0,0.95]",-0.00061258,
CDBFU1_table,CDBFU1_table,CDBFU1,,top-level-definition,2,"[5,13]",DBFU_PTS;XMACH1_PTS,31,"[-30.0,1.1]",-0.00069741,
CDBFU1_table,CDBFU1_table,CDBFU1,,top-level-definition,2,"[5,13]",DBFU_PTS;XMACH1_PTS,32,"[-30.0,1.2]",-0.00075401,
CDBFU1_table,CDBFU1_table,CDBFU1,,top-level-definition,2,"[5,13]",DBFU_PTS;XMACH1_PTS,33,"[-30.0,1.6]",-0.00098031,
CDBFU1_table,CDBFU1_table,CDBFU1,,top-level-definition,2,"[5,13]",DBFU_PTS;XMACH1_PTS,34,"[-30.0,2.0]",-0.00058723,
CDBFU1_table,CDBFU1_table,CDBFU1,,top-level-definition,2,"[5,13]",DBFU_PTS;XMACH1_PTS,35,"[-30.0,2.5]",-0.00065369,
CDBFU1_table,CDBFU1_table,CDBFU1,,top-level-definition,2,"[5,13]",DBFU_PTS;XMACH1_PTS,36,"[-30.0,3.0]",-0.00058788,
CDBFU1_table,CDBFU1_table,CDBFU1,,top-level-definition,2,"[5,13]",DBFU_PTS;XMACH1_PTS,37,"[-30.0,3.5]",-0.00047213,
CDBFU1_table,CDBFU1_table,CDBFU1,,top-level-definition,2,"[5,13]",DBFU_PTS;XMACH1_PTS,38,"[-30.0,4.0]",-0.00040791,
CDBFU1_table,CDBFU1_table,CDBFU1,,top-level-definition,2,"[5,13]",DBFU_PTS;XMACH1_PTS,39,"[-15.0,0.3]",-0.00034519,
CDBFU1_table,CDBFU1_table,CDBFU1,,top-level-definition,2,"[5,13]",DBFU_PTS;XMACH1_PTS,40,"[-15.0,0.6]",-0.00038779,
CDBFU1_table,CDBFU1_table,CDBFU1,,top-level-definition,2,"[5,13]",DBFU_PTS;XMACH1_PTS,41,"[-15.0,0.8]",-0.00044319,
CDBFU1_table,CDBFU1_table,CDBFU1,,top-level-definition,2,"[5,13]",DBFU_PTS;XMACH1_PTS,42,"[-15.0,0.9]",-0.00046165,
CDBFU1_table,CDBFU1_table,CDBFU1,,top-level-definition,2,"[5,13]",DBFU_PTS;XMACH1_PTS,43,"[-15.0,0.95]",-0.00033979,
CDBFU1_table,CDBFU1_table,CDBFU1,,top-level-definition,2,"[5,13]",DBFU_PTS;XMACH1_PTS,44,"[-15.0,1.1]",-0.00031976,
CDBFU1_table,CDBFU1_table,CDBFU1,,top-level-definition,2,"[5,13]",DBFU_PTS;XMACH1_PTS,45,"[-15.0,1.2]",-0.0003064,
CDBFU1_table,CDBFU1_table,CDBFU1,,top-level-definition,2,"[5,13]",DBFU_PTS;XMACH1_PTS,46,"[-15.0,1.6]",-0.00025299,
CDBFU1_table,CDBFU1_table,CDBFU1,,top-level-definition,2,"[5,13]",DBFU_PTS;XMACH1_PTS,47,"[-15.0,2.0]",-0.00024988,
CDBFU1_table,CDBFU1_table,CDBFU1,,top-level-definition,2,"[5,13]",DBFU_PTS;XMACH1_PTS,48,"[-15.0,2.5]",-0.00040062,
CDBFU1_table,CDBFU1_table,CDBFU1,,top-level-definition,2,"[5,13]",DBFU_PTS;XMACH1_PTS,49,"[-15.0,3.0]",-0.00025321,
CDBFU1_table,CDBFU1_table,CDBFU1,,top-level-definition,2,"[5,13]",DBFU_PTS;XMACH1_PTS,50,"[-15.0,3.5]",-0.00013543,
CDBFU1_table,CDBFU1_table,CDBFU1,,top-level-definition,2,"[5,13]",DBFU_PTS;XMACH1_PTS,51,"[-15.0,4.0]",-0.00017115,
CDBFU1_table,CDBFU1_table,CDBFU1,,top-level-definition,2,"[5,13]",DBFU_PTS;XMACH1_PTS,52,"[0.0,0.3]",0.0,
CDBFU1_table,CDBFU1_table,CDBFU1,,top-level-definition,2,"[5,13]",DBFU_PTS;XMACH1_PTS,53,"[0.0,0.6]",0.0,
CDBFU1_table,CDBFU1_table,CDBFU1,,top-level-definition,2,"[5,13]",DBFU_PTS;XMACH1_PTS,54,"[0.0,0.8]",0.0,
CDBFU1_table,CDBFU1_table,CDBFU1,,top-level-definition,2,"[5,13]",DBFU_PTS;XMACH1_PTS,55,"[0.0,0.9]",0.0,
CDBFU1_table,CDBFU1_table,CDBFU1,,top-level-definition,2,"[5,13]",DBFU_PTS;XMACH1_PTS,56,"[0.0,0.95]",0.0,
CDBFU1_table,CDBFU1_table,CDBFU1,,top-level-definition,2,"[5,13]",DBFU_PTS;XMACH1_PTS,57,"[0.0,1.1]",0.0,
CDBFU1_table,CDBFU1_table,CDBFU1,,top-level-definition,2,"[5,13]",DBFU_PTS;XMACH1_PTS,58,"[0.0,1.2]",0.0,
CDBFU1_table,CDBFU1_table,CDBFU1,,top-level-definition,2,"[5,13]",DBFU_PTS;XMACH1_PTS,59,"[0.0,1.6]",0.0,
CDBFU1_table,CDBFU1_table,CDBFU1,,top-level-definition,2,"[5,13]",DBFU_PTS;XMACH1_PTS,60,"[0.0,2.0]",0.0,
CDBFU1_table,CDBFU1_table,CDBFU1,,top-level-definition,2,"[5,13]",DBFU_PTS;XMACH1_PTS,61,"[0.0,2.5]",0.0,
CDBFU1_table,CDBFU1_table,CDBFU1,,top-level-definition,2,"[5,13]",DBFU_PTS;XMACH1_PTS,62,"[0.0,3.0]",0.0,
CDBFU1_table,CDBFU1_table,CDBFU1,,top-level-definition,2,"[5,13]",DBFU_PTS;XMACH1_PTS,63,"[0.0,3.5]",0.0,
CDBFU1_table,CDBFU1_table,CDBFU1,,top-level-definition,2,"[5,13]",DBFU_PTS;XMACH1_PTS,64,"[0.0,4.0]",0.0,
CDBFU2_table,CDBFU2_table,CDBFU2,,top-level-definition,2,"[5,13]",DBFU_PTS;XMACH1_PTS,0,"[-60.0,0.3]",1.9064e-05,
CDBFU2_table,CDBFU2_table,CDBFU2,,top-level-definition,2,"[5,13]",DBFU_PTS;XMACH1_PTS,1,"[-60.0,0.6]",2.1417e-05,
CDBFU2_table,CDBFU2_table,CDBFU2,,top-level-definition,2,"[5,13]",DBFU_PTS;XMACH1_PTS,2,"[-60.0,0.8]",2.4477e-05,
CDBFU2_table,CDBFU2_table,CDBFU2,,top-level-definition,2,"[5,13]",DBFU_PTS;XMACH1_PTS,3,"[-60.0,0.9]",2.5497e-05,
CDBFU2_table,CDBFU2_table,CDBFU2,,top-level-definition,2,"[5,13]",DBFU_PTS;XMACH1_PTS,4,"[-60.0,0.95]",1.8766e-05,
CDBFU2_table,CDBFU2_table,CDBFU2,,top-level-definition,2,"[5,13]",DBFU_PTS;XMACH1_PTS,5,"[-60.0,1.1]",4.6082e-05,
CDBFU2_table,CDBFU2_table,CDBFU2,,top-level-definition,2,"[5,13]",DBFU_PTS;XMACH1_PTS,6,"[-60.0,1.2]",6.4305e-05,
CDBFU2_table,CDBFU2_table,CDBFU2,,top-level-definition,2,"[5,13]",DBFU_PTS;XMACH1_PTS,7,"[-60.0,1.6]",0.00013717,
CDBFU2_table,CDBFU2_table,CDBFU2,,top-level-definition,2,"[5,13]",DBFU_PTS;XMACH1_PTS,8,"[-60.0,2.0]",-2.2713e-06,
CDBFU2_table,CDBFU2_table,CDBFU2,,top-level-definition,2,"[5,13]",DBFU_PTS;XMACH1_PTS,9,"[-60.0,2.5]",5.4363e-05,
CDBFU2_table,CDBFU2_table,CDBFU2,,top-level-definition,2,"[5,13]",DBFU_PTS;XMACH1_PTS,10,"[-60.0,3.0]",6.007e-05,
CDBFU2_table,CDBFU2_table,CDBFU2,,top-level-definition,2,"[5,13]",DBFU_PTS;XMACH1_PTS,11,"[-60.0,3.5]",4.52e-05,
CDBFU2_table,CDBFU2_table,CDBFU2,,top-level-definition,2,"[5,13]",DBFU_PTS;XMACH1_PTS,12,"[-60.0,4.0]",3.1988e-05,
CDBFU2_table,CDBFU2_table,CDBFU2,,top-level-definition,2,"[5,13]",DBFU_PTS;XMACH1_PTS,13,"[-45.0,0.3]",2.0302e-05,
CDBFU2_table,CDBFU2_table,CDBFU2,,top-level-definition,2,"[5,13]",DBFU_PTS;XMACH1_PTS,14,"[-45.0,0.6]",2.2807e-05,
CDBFU2_table,CDBFU2_table,CDBFU2,,top-level-definition,2,"[5,13]",DBFU_PTS;XMACH1_PTS,15,"[-45.0,0.8]",2.6066e-05,
CDBFU2_table,CDBFU2_table,CDBFU2,,top-level-definition,2,"[5,13]",DBFU_PTS;XMACH1_PTS,16,"[-45.0,0.9]",2.7152e-05,
CDBFU2_table,CDBFU2_table,CDBFU2,,top-level-definition,2,"[5,13]",DBFU_PTS;XMACH1_PTS,17,"[-45.0,0.95]",1.9984e-05,
CDBFU2_table,CDBFU2_table,CDBFU2,,top-level-definition,2,"[5,13]",DBFU_PTS;XMACH1_PTS,18,"[-45.0,1.1]",4.1956e-05,
CDBFU2_table,CDBFU2_table,CDBFU2,,top-level-definition,2,"[5,13]",DBFU_PTS;XMACH1_PTS,19,"[-45.0,1.2]",5.6613e-05,
CDBFU2_table,CDBFU2_table,CDBFU2,,top-level-definition,2,"[5,13]",DBFU_PTS;XMACH1_PTS,20,"[-45.0,1.6]",0.00011522,
CDBFU2_table,CDBFU2_table,CDBFU2,,top-level-definition,2,"[5,13]",DBFU_PTS;XMACH1_PTS,21,"[-45.0,2.0]",-1.9079e-06,
CDBFU2_table,CDBFU2_table,CDBFU2,,top-level-definition,2,"[5,13]",DBFU_PTS;XMACH1_PTS,22,"[-45.0,2.5]",4.5664e-05,
CDBFU2_table,CDBFU2_table,CDBFU2,,top-level-definition,2,"[5,13]",DBFU_PTS;XMACH1_PTS,23,"[-45.0,3.0]",5.0458e-05,
CDBFU2_table,CDBFU2_table,CDBFU2,,top-level-definition,2,"[5,13]",DBFU_PTS;XMACH1_PTS,24,"[-45.0,3.5]",3.7967e-05,
CDBFU2_table,CDBFU2_table,CDBFU2,,top-level-definition,2,"[5,13]",DBFU_PTS;XMACH1_PTS,25,"[-45.0,4.0]",2.6869e-05,
CDBFU2_table,CDBFU2_table,CDBFU2,,top-level-definition,2,"[5,13]",DBFU_PTS;XMACH1_PTS,26,"[-30.0,0.3]",-3.7647e-05,
CDBFU2_table,CDBFU2_table,CDBFU2,,top-level-definition,2,"[5,13]",DBFU_PTS;XMACH1_PTS,27,"[-30.0,0.6]",-4.2293e-05,
CDBFU2_table,CDBFU2_table,CDBFU2,,top-level-definition,2,"[5,13]",DBFU_PTS;XMACH1_PTS,28,"[-30.0,0.8]",-4.8335e-05,
CDBFU2_table,CDBFU2_table,CDBFU2,,top-level-definition,2,"[5,13]",DBFU_PTS;XMACH1_PTS,29,"[-30.0,0.9]",-5.0348e-05,
CDBFU2_table,CDBFU2_table,CDBFU2,,top-level-definition,2,"[5,13]",DBFU_PTS;XMACH1_PTS,30,"[-30.0,0.95]",-3.7058e-05,
CDBFU2_table,CDBFU2_table,CDBFU2,,top-level-definition,2,"[5,13]",DBFU_PTS;XMACH1_PTS,31,"[-30.0,1.1]",-9.5215e-06,
CDBFU2_table,CDBFU2_table,CDBFU2,,top-level-definition,2,"[5,13]",DBFU_PTS;XMACH1_PTS,32,"[-30.0,1.2]",8.848e-06,
CDBFU2_table,CDBFU2_table,CDBFU2,,top-level-definition,2,"[5,13]",DBFU_PTS;XMACH1_PTS,33,"[-30.0,1.6]",8.2302e-05,
CDBFU2_table,CDBFU2_table,CDBFU2,,top-level-definition,2,"[5,13]",DBFU_PTS;XMACH1_PTS,34,"[-30.0,2.0]",-1.3628e-06,
CDBFU2_table,CDBFU2_table,CDBFU2,,top-level-definition,2,"[5,13]",DBFU_PTS;XMACH1_PTS,35,"[-30.0,2.5]",3.2617e-05,
CDBFU2_table,CDBFU2_table,CDBFU2,,top-level-definition,2,"[5,13]",DBFU_PTS;XMACH1_PTS,36,"[-30.0,3.0]",3.6042e-05,
CDBFU2_table,CDBFU2_table,CDBFU2,,top-level-definition,2,"[5,13]",DBFU_PTS;XMACH1_PTS,37,"[-30.0,3.5]",2.7119e-05,
CDBFU2_table,CDBFU2_table,CDBFU2,,top-level-definition,2,"[5,13]",DBFU_PTS;XMACH1_PTS,38,"[-30.0,4.0]",1.9192e-05,
CDBFU2_table,CDBFU2_table,CDBFU2,,top-level-definition,2,"[5,13]",DBFU_PTS;XMACH1_PTS,39,"[-15.0,0.3]",-3.9727e-06,
CDBFU2_table,CDBFU2_table,CDBFU2,,top-level-definition,2,"[5,13]",DBFU_PTS;XMACH1_PTS,40,"[-15.0,0.6]",-4.4629e-06,
CDBFU2_table,CDBFU2_table,CDBFU2,,top-level-definition,2,"[5,13]",DBFU_PTS;XMACH1_PTS,41,"[-15.0,0.8]",-5.1006e-06,
CDBFU2_table,CDBFU2_table,CDBFU2,,top-level-definition,2,"[5,13]",DBFU_PTS;XMACH1_PTS,42,"[-15.0,0.9]",-5.313e-06,
CDBFU2_table,CDBFU2_table,CDBFU2,,top-level-definition,2,"[5,13]",DBFU_PTS;XMACH1_PTS,43,"[-15.0,0.95]",-3.9105e-06,
CDBFU2_table,CDBFU2_table,CDBFU2,,top-level-definition,2,"[5,13]",DBFU_PTS;XMACH1_PTS,44,"[-15.0,1.1]",-4.2816e-06,
CDBFU2_table,CDBFU2_table,CDBFU2,,top-level-definition,2,"[5,13]",DBFU_PTS;XMACH1_PTS,45,"[-15.0,1.2]",-4.5291e-06,
CDBFU2_table,CDBFU2_table,CDBFU2,,top-level-definition,2,"[5,13]",DBFU_PTS;XMACH1_PTS,46,"[-15.0,1.6]",-5.5188e-06,
CDBFU2_table,CDBFU2_table,CDBFU2,,top-level-definition,2,"[5,13]",DBFU_PTS;XMACH1_PTS,47,"[-15.0,2.0]",-8.4365e-06,
CDBFU2_table,CDBFU2_table,CDBFU2,,top-level-definition,2,"[5,13]",DBFU_PTS;XMACH1_PTS,48,"[-15.0,2.5]",4.2031e-05,
CDBFU2_table,CDBFU2_table,CDBFU2,,top-level-definition,2,"[5,13]",DBFU_PTS;XMACH1_PTS,49,"[-15.0,3.0]",1.6272e-05,
CDBFU2_table,CDBFU2_table,CDBFU2,,top-level-definition,2,"[5,13]",DBFU_PTS;XMACH1_PTS,50,"[-15.0,3.5]",3.4629e-06,
CDBFU2_table,CDBFU2_table,CDBFU2,,top-level-definition,2,"[5,13]",DBFU_PTS;XMACH1_PTS,51,"[-15.0,4.0]",6.0147e-06,
CDBFU2_table,CDBFU2_table,CDBFU2,,top-level-definition,2,"[5,13]",DBFU_PTS;XMACH1_PTS,52,"[0.0,0.3]",0.0,
CDBFU2_table,CDBFU2_table,CDBFU2,,top-level-definition,2,"[5,13]",DBFU_PTS;XMACH1_PTS,53,"[0.0,0.6]",0.0,
CDBFU2_table,CDBFU2_table,CDBFU2,,top-level-definition,2,"[5,13]",DBFU_PTS;XMACH1_PTS,54,"[0.0,0.8]",0.0,
CDBFU2_table,CDBFU2_table,CDBFU2,,top-level-definition,2,"[5,13]",DBFU_PTS;XMACH1_PTS,55,"[0.0,0.9]",0.0,
CDBFU2_table,CDBFU2_table,CDBFU2,,top-level-definition,2,"[5,13]",DBFU_PTS;XMACH1_PTS,56,"[0.0,0.95]",0.0,
CDBFU2_table,CDBFU2_table,CDBFU2,,top-level-definition,2,"[5,13]",DBFU_PTS;XMACH1_PTS,57,"[0.0,1.1]",0.0,
CDBFU2_table,CDBFU2_table,CDBFU2,,top-level-definition,2,"[5,13]",DBFU_PTS;XMACH1_PTS,58,"[0.0,1.2]",0.0,
CDBFU2_table,CDBFU2_table,CDBFU2,,top-level-definition,2,"[5,13]",DBFU_PTS;XMACH1_PTS,59,"[0.0,1.6]",0.0,
CDBFU2_table,CDBFU2_table,CDBFU2,,top-level-definition,2,"[5,13]",DBFU_PTS;XMACH1_PTS,60,"[0.0,2.0]",0.0,
CDBFU2_table,CDBFU2_table,CDBFU2,,top-level-definition,2,"[5,13]",DBFU_PTS;XMACH1_PTS,61,"[0.0,2.5]",0.0,
CDBFU2_table,CDBFU2_table,CDBFU2,,top-level-definition,2,"[5,13]",DBFU_PTS;XMACH1_PTS,62,"[0.0,3.0]",0.0,
CDBFU2_table,CDBFU2_table,CDBFU2,,top-level-definition,2,"[5,13]",DBFU_PTS;XMACH1_PTS,63,"[0.0,3.5]",0.0,
CDBFU2_table,CDBFU2_table,CDBFU2,,top-level-definition,2,"[5,13]",DBFU_PTS;XMACH1_PTS,64,"[0.0,4.0]",0.0,
CDBFU3_table,CDBFU3_table,CDBFU3,,top-level-definition,2,"[5,13]",DBFU_PTS;XMACH1_PTS,0,"[-60.0,0.3]",-8.1583e-07,
CDBFU3_table,CDBFU3_table,CDBFU3,,top-level-definition,2,"[5,13]",DBFU_PTS;XMACH1_PTS,1,"[-60.0,0.6]",-9.1651e-07,
CDBFU3_table,CDBFU3_table,CDBFU3,,top-level-definition,2,"[5,13]",DBFU_PTS;XMACH1_PTS,2,"[-60.0,0.8]",-1.0475e-06,
CDBFU3_table,CDBFU3_table,CDBFU3,,top-level-definition,2,"[5,13]",DBFU_PTS;XMACH1_PTS,3,"[-60.0,0.9]",-1.0911e-06,
CDBFU3_table,CDBFU3_table,CDBFU3,,top-level-definition,2,"[5,13]",DBFU_PTS;XMACH1_PTS,4,"[-60.0,0.95]",-8.0307e-07,
CDBFU3_table,CDBFU3_table,CDBFU3,,top-level-definition,2,"[5,13]",DBFU_PTS;XMACH1_PTS,5,"[-60.0,1.1]",-2.0453e-06,
CDBFU3_table,CDBFU3_table,CDBFU3,,top-level-definition,2,"[5,13]",DBFU_PTS;XMACH1_PTS,6,"[-60.0,1.2]",-2.874e-06,
CDBFU3_table,CDBFU3_table,CDBFU3,,top-level-definition,2,"[5,13]",DBFU_PTS;XMACH1_PTS,7,"[-60.0,1.6]",-6.1876e-06,
CDBFU3_table,CDBFU3_table,CDBFU3,,top-level-definition,2,"[5,13]",DBFU_PTS;XMACH1_PTS,8,"[-60.0,2.0]",1.7185e-06,
CDBFU3_table,CDBFU3_table,CDBFU3,,top-level-definition,2,"[5,13]",DBFU_PTS;XMACH1_PTS,9,"[-60.0,2.5]",-7.5053e-07,
CDBFU3_table,CDBFU3_table,CDBFU3,,top-level-definition,2,"[5,13]",DBFU_PTS;XMACH1_PTS,10,"[-60.0,3.0]",-1.2141e-06,
CDBFU3_table,CDBFU3_table,CDBFU3,,top-level-definition,2,"[5,13]",DBFU_PTS;XMACH1_PTS,11,"[-60.0,3.5]",-9.2976e-07,
CDBFU3_table,CDBFU3_table,CDBFU3,,top-level-definition,2,"[5,13]",DBFU_PTS;XMACH1_PTS,12,"[-60.0,4.0]",-4.4387e-07,
CDBFU3_table,CDBFU3_table,CDBFU3,,top-level-definition,2,"[5,13]",DBFU_PTS;XMACH1_PTS,13,"[-45.0,0.3]",-7.072e-07,
CDBFU3_table,CDBFU3_table,CDBFU3,,top-level-definition,2,"[5,13]",DBFU_PTS;XMACH1_PTS,14,"[-45.0,0.6]",-7.9447e-07,
CDBFU3_table,CDBFU3_table,CDBFU3,,top-level-definition,2,"[5,13]",DBFU_PTS;XMACH1_PTS,15,"[-45.0,0.8]",-9.0798e-07,
CDBFU3_table,CDBFU3_table,CDBFU3,,top-level-definition,2,"[5,13]",DBFU_PTS;XMACH1_PTS,16,"[-45.0,0.9]",-9.458e-07,
CDBFU3_table,CDBFU3_table,CDBFU3,,top-level-definition,2,"[5,13]",DBFU_PTS;XMACH1_PTS,17,"[-45.0,0.95]",-6.9613e-07,
CDBFU3_table,CDBFU3_table,CDBFU3,,top-level-definition,2,"[5,13]",DBFU_PTS;XMACH1_PTS,18,"[-45.0,1.1]",-1.7346e-06,
CDBFU3_table,CDBFU3_table,CDBFU3,,top-level-definition,2,"[5,13]",DBFU_PTS;XMACH1_PTS,19,"[-45.0,1.2]",-2.4274e-06,
CDBFU3_table,CDBFU3_table,CDBFU3,,top-level-definition,2,"[5,13]",DBFU_PTS;XMACH1_PTS,20,"[-45.0,1.6]",-5.1975e-06,
CDBFU3_table,CDBFU3_table,CDBFU3,,top-level-definition,2,"[5,13]",DBFU_PTS;XMACH1_PTS,21,"[-45.0,2.0]",1.4435e-06,
CDBFU3_table,CDBFU3_table,CDBFU3,,top-level-definition,2,"[5,13]",DBFU_PTS;XMACH1_PTS,22,"[-45.0,2.5]",-6.3043e-07,
CDBFU3_table,CDBFU3_table,CDBFU3,,top-level-definition,2,"[5,13]",DBFU_PTS;XMACH1_PTS,23,"[-45.0,3.0]",-1.0198e-06,
CDBFU3_table,CDBFU3_table,CDBFU3,,top-level-definition,2,"[5,13]",DBFU_PTS;XMACH1_PTS,24,"[-45.0,3.5]",-7.8098e-07,
CDBFU3_table,CDBFU3_table,CDBFU3,,top-level-definition,2,"[5,13]",DBFU_PTS;XMACH1_PTS,25,"[-45.0,4.0]",-3.7284e-07,
CDBFU3_table,CDBFU3_table,CDBFU3,,top-level-definition,2,"[5,13]",DBFU_PTS;XMACH1_PTS,26,"[-30.0,0.3]",6.7108e-07,
CDBFU3_table,CDBFU3_table,CDBFU3,,top-level-definition,2,"[5,13]",DBFU_PTS;XMACH1_PTS,27,"[-30.0,0.6]",7.5389e-07,
CDBFU3_table,CDBFU3_table,CDBFU3,,top-level-definition,2,"[5,13]",DBFU_PTS;XMACH1_PTS,28,"[-30.0,0.8]",8.6161e-07,
CDBFU3_table,CDBFU3_table,CDBFU3,,top-level-definition,2,"[5,13]",DBFU_PTS;XMACH1_PTS,29,"[-30.0,0.9]",8.975e-07,
CDBFU3_table,CDBFU3_table,CDBFU3,,top-level-definition,2,"[5,13]",DBFU_PTS;XMACH1_PTS,30,"[-30.0,0.95]",6.6058e-07,
CDBFU3_table,CDBFU3_table,CDBFU3,,top-level-definition,2,"[5,13]",DBFU_PTS;XMACH1_PTS,31,"[-30.0,1.1]",-3.4829e-07,
CDBFU3_table,CDBFU3_table,CDBFU3,,top-level-definition,2,"[5,13]",DBFU_PTS;XMACH1_PTS,32,"[-30.0,1.2]",-1.0213e-06,
CDBFU3_table,CDBFU3_table,CDBFU3,,top-level-definition,2,"[5,13]",DBFU_PTS;XMACH1_PTS,33,"[-30.0,1.6]",-3.7125e-06,
CDBFU3_table,CDBFU3_table,CDBFU3,,top-level-definition,2,"[5,13]",DBFU_PTS;XMACH1_PTS,34,"[-30.0,2.0]",1.0311e-06,
CDBFU3_table,CDBFU3_table,CDBFU3,,top-level-definition,2,"[5,13]",DBFU_PTS;XMACH1_PTS,35,"[-30.0,2.5]",-4.5031e-07,
CDBFU3_table,CDBFU3_table,CDBFU3,,top-level-definition,2,"[5,13]",DBFU_PTS;XMACH1_PTS,36,"[-30.0,3.0]",-7.2842e-07,
CDBFU3_table,CDBFU3_table,CDBFU3,,top-level-definition,2,"[5,13]",DBFU_PTS;XMACH1_PTS,37,"[-30.0,3.5]",-5.5785e-07,
CDBFU3_table,CDBFU3_table,CDBFU3,,top-level-definition,2,"[5,13]",DBFU_PTS;XMACH1_PTS,38,"[-30.0,4.0]",-2.6632e-07,
CDBFU3_table,CDBFU3_table,CDBFU3,,top-level-definition,2,"[5,13]",DBFU_PTS;XMACH1_PTS,39,"[-15.0,0.3]",-1.7002e-07,
CDBFU3_table,CDBFU3_table,CDBFU3,,top-level-definition,2,"[5,13]",DBFU_PTS;XMACH1_PTS,40,"[-15.0,0.6]",-1.91e-07,
CDBFU3_table,CDBFU3_table,CDBFU3,,top-level-definition,2,"[5,13]",DBFU_PTS;XMACH1_PTS,41,"[-15.0,0.8]",-2.1829e-07,
CDBFU3_table,CDBFU3_table,CDBFU3,,top-level-definition,2,"[5,13]",DBFU_PTS;XMACH1_PTS,42,"[-15.0,0.9]",-2.2738e-07,
CDBFU3_table,CDBFU3_table,CDBFU3,,top-level-definition,2,"[5,13]",DBFU_PTS;XMACH1_PTS,43,"[-15.0,0.95]",-1.6736e-07,
CDBFU3_table,CDBFU3_table,CDBFU3,,top-level-definition,2,"[5,13]",DBFU_PTS;XMACH1_PTS,44,"[-15.0,1.1]",-5.4487e-08,
CDBFU3_table,CDBFU3_table,CDBFU3,,top-level-definition,2,"[5,13]",DBFU_PTS;XMACH1_PTS,45,"[-15.0,1.2]",2.0807e-08,
CDBFU3_table,CDBFU3_table,CDBFU3,,top-level-definition,2,"[5,13]",DBFU_PTS;XMACH1_PTS,46,"[-15.0,1.6]",3.2189e-07,
CDBFU3_table,CDBFU3_table,CDBFU3,,top-level-definition,2,"[5,13]",DBFU_PTS;XMACH1_PTS,47,"[-15.0,2.0]",1.0462e-06,
CDBFU3_table,CDBFU3_table,CDBFU3,,top-level-definition,2,"[5,13]",DBFU_PTS;XMACH1_PTS,48,"[-15.0,2.5]",-1.2435e-06,
CDBFU3_table,CDBFU3_table,CDBFU3,,top-level-definition,2,"[5,13]",DBFU_PTS;XMACH1_PTS,49,"[-15.0,3.0]",-3.5015e-07,
CDBFU3_table,CDBFU3_table,CDBFU3,,top-level-definition,2,"[5,13]",DBFU_PTS;XMACH1_PTS,50,"[-15.0,3.5]",-1.9309e-08,
CDBFU3_table,CDBFU3_table,CDBFU3,,top-level-definition,2,"[5,13]",DBFU_PTS;XMACH1_PTS,51,"[-15.0,4.0]",-4.5677e-08,
CDBFU3_table,CDBFU3_table,CDBFU3,,top-level-definition,2,"[5,13]",DBFU_PTS;XMACH1_PTS,52,"[0.0,0.3]",0.0,
CDBFU3_table,CDBFU3_table,CDBFU3,,top-level-definition,2,"[5,13]",DBFU_PTS;XMACH1_PTS,53,"[0.0,0.6]",0.0,
CDBFU3_table,CDBFU3_table,CDBFU3,,top-level-definition,2,"[5,13]",DBFU_PTS;XMACH1_PTS,54,"[0.0,0.8]",0.0,
CDBFU3_table,CDBFU3_table,CDBFU3,,top-level-definition,2,"[5,13]",DBFU_PTS;XMACH1_PTS,55,"[0.0,0.9]",0.0,
CDBFU3_table,CDBFU3_table,CDBFU3,,top-level-definition,2,"[5,13]",DBFU_PTS;XMACH1_PTS,56,"[0.0,0.95]",0.0,
CDBFU3_table,CDBFU3_table,CDBFU3,,top-level-definition,2,"[5,13]",DBFU_PTS;XMACH1_PTS,57,"[0.0,1.1]",0.0,
CDBFU3_table,CDBFU3_table,CDBFU3,,top-level-definition,2,"[5,13]",DBFU_PTS;XMACH1_PTS,58,"[0.0,1.2]",0.0,
CDBFU3_table,CDBFU3_table,CDBFU3,,top-level-definition,2,"[5,13]",DBFU_PTS;XMACH1_PTS,59,"[0.0,1.6]",0.0,
CDBFU3_table,CDBFU3_table,CDBFU3,,top-level-definition,2,"[5,13]",DBFU_PTS;XMACH1_PTS,60,"[0.0,2.0]",0.0,
CDBFU3_table,CDBFU3_table,CDBFU3,,top-level-definition,2,"[5,13]",DBFU_PTS;XMACH1_PTS,61,"[0.0,2.5]",0.0,
CDBFU3_table,CDBFU3_table,CDBFU3,,top-level-definition,2,"[5,13]",DBFU_PTS;XMACH1_PTS,62,"[0.0,3.0]",0.0,
CDBFU3_table,CDBFU3_table,CDBFU3,,top-level-definition,2,"[5,13]",DBFU_PTS;XMACH1_PTS,63,"[0.0,3.5]",0.0,
CDBFU3_table,CDBFU3_table,CDBFU3,,top-level-definition,2,"[5,13]",DBFU_PTS;XMACH1_PTS,64,"[0.0,4.0]",0.0,
CMBFU0_table,CMBFU0_table,CMBFU0,,top-level-definition,2,"[5,13]",DBFU_PTS;XMACH1_PTS,0,"[-60.0,0.3]",0.02539,
CMBFU0_table,CMBFU0_table,CMBFU0,,top-level-definition,2,"[5,13]",DBFU_PTS;XMACH1_PTS,1,"[-60.0,0.6]",0.028523,
CMBFU0_table,CMBFU0_table,CMBFU0,,top-level-definition,2,"[5,13]",DBFU_PTS;XMACH1_PTS,2,"[-60.0,0.8]",0.032599,
CMBFU0_table,CMBFU0_table,CMBFU0,,top-level-definition,2,"[5,13]",DBFU_PTS;XMACH1_PTS,3,"[-60.0,0.9]",0.033956,
CMBFU0_table,CMBFU0_table,CMBFU0,,top-level-definition,2,"[5,13]",DBFU_PTS;XMACH1_PTS,4,"[-60.0,0.95]",0.024993,
CMBFU0_table,CMBFU0_table,CMBFU0,,top-level-definition,2,"[5,13]",DBFU_PTS;XMACH1_PTS,5,"[-60.0,1.1]",0.022325,
CMBFU0_table,CMBFU0_table,CMBFU0,,top-level-definition,2,"[5,13]",DBFU_PTS;XMACH1_PTS,6,"[-60.0,1.2]",0.020546,
CMBFU0_table,CMBFU0_table,CMBFU0,,top-level-definition,2,"[5,13]",DBFU_PTS;XMACH1_PTS,7,"[-60.0,1.6]",0.01343,
CMBFU0_table,CMBFU0_table,CMBFU0,,top-level-definition,2,"[5,13]",DBFU_PTS;XMACH1_PTS,8,"[-60.0,2.0]",0.0072739,
CMBFU0_table,CMBFU0_table,CMBFU0,,top-level-definition,2,"[5,13]",DBFU_PTS;XMACH1_PTS,9,"[-60.0,2.5]",0.0052912,
CMBFU0_table,CMBFU0_table,CMBFU0,,top-level-definition,2,"[5,13]",DBFU_PTS;XMACH1_PTS,10,"[-60.0,3.0]",0.0051016,
CMBFU0_table,CMBFU0_table,CMBFU0,,top-level-definition,2,"[5,13]",DBFU_PTS;XMACH1_PTS,11,"[-60.0,3.5]",0.0046264,
CMBFU0_table,CMBFU0_table,CMBFU0,,top-level-definition,2,"[5,13]",DBFU_PTS;XMACH1_PTS,12,"[-60.0,4.0]",0.0040946,
CMBFU0_table,CMBFU0_table,CMBFU0,,top-level-definition,2,"[5,13]",DBFU_PTS;XMACH1_PTS,13,"[-45.0,0.3]",0.024664,
CMBFU0_table,CMBFU0_table,CMBFU0,,top-level-definition,2,"[5,13]",DBFU_PTS;XMACH1_PTS,14,"[-45.0,0.6]",0.027708,
CMBFU0_table,CMBFU0_table,CMBFU0,,top-level-definition,2,"[5,13]",DBFU_PTS;XMACH1_PTS,15,"[-45.0,0.8]",0.031667,
CMBFU0_table,CMBFU0_table,CMBFU0,,top-level-definition,2,"[5,13]",DBFU_PTS;XMACH1_PTS,16,"[-45.0,0.9]",0.032985,
CMBFU0_table,CMBFU0_table,CMBFU0,,top-level-definition,2,"[5,13]",DBFU_PTS;XMACH1_PTS,17,"[-45.0,0.95]",0.024278,
CMBFU0_table,CMBFU0_table,CMBFU0,,top-level-definition,2,"[5,13]",DBFU_PTS;XMACH1_PTS,18,"[-45.0,1.1]",0.02128,
CMBFU0_table,CMBFU0_table,CMBFU0,,top-level-definition,2,"[5,13]",DBFU_PTS;XMACH1_PTS,19,"[-45.0,1.2]",0.019279,
CMBFU0_table,CMBFU0_table,CMBFU0,,top-level-definition,2,"[5,13]",DBFU_PTS;XMACH1_PTS,20,"[-45.0,1.6]",0.011281,
CMBFU0_table,CMBFU0_table,CMBFU0,,top-level-definition,2,"[5,13]",DBFU_PTS;XMACH1_PTS,21,"[-45.0,2.0]",0.00611,
CMBFU0_table,CMBFU0_table,CMBFU0,,top-level-definition,2,"[5,13]",DBFU_PTS;XMACH1_PTS,22,"[-45.0,2.5]",0.0044445,
CMBFU0_table,CMBFU0_table,CMBFU0,,top-level-definition,2,"[5,13]",DBFU_PTS;XMACH1_PTS,23,"[-45.0,3.0]",0.0042853,
CMBFU0_table,CMBFU0_table,CMBFU0,,top-level-definition,2,"[5,13]",DBFU_PTS;XMACH1_PTS,24,"[-45.0,3.5]",0.0038861,
CMBFU0_table,CMBFU0_table,CMBFU0,,top-level-definition,2,"[5,13]",DBFU_PTS;XMACH1_PTS,25,"[-45.0,4.0]",0.0034394,
CMBFU0_table,CMBFU0_table,CMBFU0,,top-level-definition,2,"[5,13]",DBFU_PTS;XMACH1_PTS,26,"[-30.0,0.3]",0.019826,
CMBFU0_table,CMBFU0_table,CMBFU0,,top-level-definition,2,"[5,13]",DBFU_PTS;XMACH1_PTS,27,"[-30.0,0.6]",0.022273,
CMBFU0_table,CMBFU0_table,CMBFU0,,top-level-definition,2,"[5,13]",DBFU_PTS;XMACH1_PTS,28,"[-30.0,0.8]",0.025455,
CMBFU0_table,CMBFU0_table,CMBFU0,,top-level-definition,2,"[5,13]",DBFU_PTS;XMACH1_PTS,29,"[-30.0,0.9]",0.026515,
CMBFU0_table,CMBFU0_table,CMBFU0,,top-level-definition,2,"[5,13]",DBFU_PTS;XMACH1_PTS,30,"[-30.0,0.95]",0.019516,
CMBFU0_table,CMBFU0_table,CMBFU0,,top-level-definition,2,"[5,13]",DBFU_PTS;XMACH1_PTS,31,"[-30.0,1.1]",0.016873,
CMBFU0_table,CMBFU0_table,CMBFU0,,top-level-definition,2,"[5,13]",DBFU_PTS;XMACH1_PTS,32,"[-30.0,1.2]",0.015109,
CMBFU0_table,CMBFU0_table,CMBFU0,,top-level-definition,2,"[5,13]",DBFU_PTS;XMACH1_PTS,33,"[-30.0,1.6]",0.0080577,
CMBFU0_table,CMBFU0_table,CMBFU0,,top-level-definition,2,"[5,13]",DBFU_PTS;XMACH1_PTS,34,"[-30.0,2.0]",0.0043643,
CMBFU0_table,CMBFU0_table,CMBFU0,,top-level-definition,2,"[5,13]",DBFU_PTS;XMACH1_PTS,35,"[-30.0,2.5]",0.0031746,
CMBFU0_table,CMBFU0_table,CMBFU0,,top-level-definition,2,"[5,13]",DBFU_PTS;XMACH1_PTS,36,"[-30.0,3.0]",0.0030609,
CMBFU0_table,CMBFU0_table,CMBFU0,,top-level-definition,2,"[5,13]",DBFU_PTS;XMACH1_PTS,37,"[-30.0,3.5]",0.0027758,
CMBFU0_table,CMBFU0_table,CMBFU0,,top-level-definition,2,"[5,13]",DBFU_PTS;XMACH1_PTS,38,"[-30.0,4.0]",0.0024567,
CMBFU0_table,CMBFU0_table,CMBFU0,,top-level-definition,2,"[5,13]",DBFU_PTS;XMACH1_PTS,39,"[-15.0,0.3]",0.011831,
CMBFU0_table,CMBFU0_table,CMBFU0,,top-level-definition,2,"[5,13]",DBFU_PTS;XMACH1_PTS,40,"[-15.0,0.6]",0.013291,
CMBFU0_table,CMBFU0_table,CMBFU0,,top-level-definition,2,"[5,13]",DBFU_PTS;XMACH1_PTS,41,"[-15.0,0.8]",0.01519,
CMBFU0_table,CMBFU0_table,CMBFU0,,top-level-definition,2,"[5,13]",DBFU_PTS;XMACH1_PTS,42,"[-15.0,0.9]",0.015822,
CMBFU0_table,CMBFU0_table,CMBFU0,,top-level-definition,2,"[5,13]",DBFU_PTS;XMACH1_PTS,43,"[-15.0,0.95]",0.011646,
CMBFU0_table,CMBFU0_table,CMBFU0,,top-level-definition,2,"[5,13]",DBFU_PTS;XMACH1_PTS,44,"[-15.0,1.1]",0.009931,
CMBFU0_table,CMBFU0_table,CMBFU0,,top-level-definition,2,"[5,13]",DBFU_PTS;XMACH1_PTS,45,"[-15.0,1.2]",0.0087871,
CMBFU0_table,CMBFU0_table,CMBFU0,,top-level-definition,2,"[5,13]",DBFU_PTS;XMACH1_PTS,46,"[-15.0,1.6]",0.0042131,
CMBFU0_table,CMBFU0_table,CMBFU0,,top-level-definition,2,"[5,13]",DBFU_PTS;XMACH1_PTS,47,"[-15.0,2.0]",0.002048,
CMBFU0_table,CMBFU0_table,CMBFU0,,top-level-definition,2,"[5,13]",DBFU_PTS;XMACH1_PTS,48,"[-15.0,2.5]",0.0014549,
CMBFU0_table,CMBFU0_table,CMBFU0,,top-level-definition,2,"[5,13]",DBFU_PTS;XMACH1_PTS,49,"[-15.0,3.0]",0.0013615,
CMBFU0_table,CMBFU0_table,CMBFU0,,top-level-definition,2,"[5,13]",DBFU_PTS;XMACH1_PTS,50,"[-15.0,3.5]",0.001246,
CMBFU0_table,CMBFU0_table,CMBFU0,,top-level-definition,2,"[5,13]",DBFU_PTS;XMACH1_PTS,51,"[-15.0,4.0]",0.0010464,
CMBFU0_table,CMBFU0_table,CMBFU0,,top-level-definition,2,"[5,13]",DBFU_PTS;XMACH1_PTS,52,"[0.0,0.3]",0.0,
CMBFU0_table,CMBFU0_table,CMBFU0,,top-level-definition,2,"[5,13]",DBFU_PTS;XMACH1_PTS,53,"[0.0,0.6]",0.0,
CMBFU0_table,CMBFU0_table,CMBFU0,,top-level-definition,2,"[5,13]",DBFU_PTS;XMACH1_PTS,54,"[0.0,0.8]",0.0,
CMBFU0_table,CMBFU0_table,CMBFU0,,top-level-definition,2,"[5,13]",DBFU_PTS;XMACH1_PTS,55,"[0.0,0.9]",0.0,
CMBFU0_table,CMBFU0_table,CMBFU0,,top-level-definition,2,"[5,13]",DBFU_PTS;XMACH1_PTS,56,"[0.0,0.95]",0.0,
CMBFU0_table,CMBFU0_table,CMBFU0,,top-level-definition,2,"[5,13]",DBFU_PTS;XMACH1_PTS,57,"[0.0,1.1]",0.0,
CMBFU0_table,CMBFU0_table,CMBFU0,,top-level-definition,2,"[5,13]",DBFU_PTS;XMACH1_PTS,58,"[0.0,1.2]",0.0,
CMBFU0_table,CMBFU0_table,CMBFU0,,top-level-definition,2,"[5,13]",DBFU_PTS;XMACH1_PTS,59,"[0.0,1.6]",0.0,
CMBFU0_table,CMBFU0_table,CMBFU0,,top-level-definition,2,"[5,13]",DBFU_PTS;XMACH1_PTS,60,"[0.0,2.0]",0.0,
CMBFU0_table,CMBFU0_table,CMBFU0,,top-level-definition,2,"[5,13]",DBFU_PTS;XMACH1_PTS,61,"[0.0,2.5]",0.0,
CMBFU0_table,CMBFU0_table,CMBFU0,,top-level-definition,2,"[5,13]",DBFU_PTS;XMACH1_PTS,62,"[0.0,3.0]",0.0,
CMBFU0_table,CMBFU0_table,CMBFU0,,top-level-definition,2,"[5,13]",DBFU_PTS;XMACH1_PTS,63,"[0.0,3.5]",0.0,
CMBFU0_table,CMBFU0_table,CMBFU0,,top-level-definition,2,"[5,13]",DBFU_PTS;XMACH1_PTS,64,"[0.0,4.0]",0.0,
CMBFU1_table,CMBFU1_table,CMBFU1,,top-level-definition,2,"[5,13]",DBFU_PTS;XMACH1_PTS,0,"[-60.0,0.3]",0.0010224,
CMBFU1_table,CMBFU1_table,CMBFU1,,top-level-definition,2,"[5,13]",DBFU_PTS;XMACH1_PTS,1,"[-60.0,0.6]",0.0011485,
CMBFU1_table,CMBFU1_table,CMBFU1,,top-level-definition,2,"[5,13]",DBFU_PTS;XMACH1_PTS,2,"[-60.0,0.8]",0.0013126,
CMBFU1_table,CMBFU1_table,CMBFU1,,top-level-definition,2,"[5,13]",DBFU_PTS;XMACH1_PTS,3,"[-60.0,0.9]",0.0013673,
CMBFU1_table,CMBFU1_table,CMBFU1,,top-level-definition,2,"[5,13]",DBFU_PTS;XMACH1_PTS,4,"[-60.0,0.95]",0.0010064,
CMBFU1_table,CMBFU1_table,CMBFU1,,top-level-definition,2,"[5,13]",DBFU_PTS;XMACH1_PTS,5,"[-60.0,1.1]",0.00061464,
CMBFU1_table,CMBFU1_table,CMBFU1,,top-level-definition,2,"[5,13]",DBFU_PTS;XMACH1_PTS,6,"[-60.0,1.2]",0.00035331,
CMBFU1_table,CMBFU1_table,CMBFU1,,top-level-definition,2,"[5,13]",DBFU_PTS;XMACH1_PTS,7,"[-60.0,1.6]",-0.00069165,
CMBFU1_table,CMBFU1_table,CMBFU1,,top-level-definition,2,"[5,13]",DBFU_PTS;XMACH1_PTS,8,"[-60.0,2.0]",-0.00036706,
CMBFU1_table,CMBFU1_table,CMBFU1,,top-level-definition,2,"[5,13]",DBFU_PTS;XMACH1_PTS,9,"[-60.0,2.5]",-0.0003022,
CMBFU1_table,CMBFU1_table,CMBFU1,,top-level-definition,2,"[5,13]",DBFU_PTS;XMACH1_PTS,10,"[-60.0,3.0]",-0.00044019,
CMBFU1_table,CMBFU1_table,CMBFU1,,top-level-definition,2,"[5,13]",DBFU_PTS;XMACH1_PTS,11,"[-60.0,3.5]",-0.00035325,
CMBFU1_table,CMBFU1_table,CMBFU1,,top-level-definition,2,"[5,13]",DBFU_PTS;XMACH1_PTS,12,"[-60.0,4.0]",-0.00027479,
CMBFU1_table,CMBFU1_table,CMBFU1,,top-level-definition,2,"[5,13]",DBFU_PTS;XMACH1_PTS,13,"[-45.0,0.3]",0.00053773,
CMBFU1_table,CMBFU1_table,CMBFU1,,top-level-definition,2,"[5,13]",DBFU_PTS;XMACH1_PTS,14,"[-45.0,0.6]",0.00060409,
CMBFU1_table,CMBFU1_table,CMBFU1,,top-level-definition,2,"[5,13]",DBFU_PTS;XMACH1_PTS,15,"[-45.0,0.8]",0.00069041,
CMBFU1_table,CMBFU1_table,CMBFU1,,top-level-definition,2,"[5,13]",DBFU_PTS;XMACH1_PTS,16,"[-45.0,0.9]",0.00071916,
CMBFU1_table,CMBFU1_table,CMBFU1,,top-level-definition,2,"[5,13]",DBFU_PTS;XMACH1_PTS,17,"[-45.0,0.95]",0.00052932,
CMBFU1_table,CMBFU1_table,CMBFU1,,top-level-definition,2,"[5,13]",DBFU_PTS;XMACH1_PTS,18,"[-45.0,1.1]",0.00027318,
CMBFU1_table,CMBFU1_table,CMBFU1,,top-level-definition,2,"[5,13]",DBFU_PTS;XMACH1_PTS,19,"[-45.0,1.2]",0.0001023,
CMBFU1_table,CMBFU1_table,CMBFU1,,top-level-definition,2,"[5,13]",DBFU_PTS;XMACH1_PTS,20,"[-45.0,1.6]",-0.00058098,
CMBFU1_table,CMBFU1_table,CMBFU1,,top-level-definition,2,"[5,13]",DBFU_PTS;XMACH1_PTS,21,"[-45.0,2.0]",-0.00030832,
CMBFU1_table,CMBFU1_table,CMBFU1,,top-level-definition,2,"[5,13]",DBFU_PTS;XMACH1_PTS,22,"[-45.0,2.5]",-0.00025384,
CMBFU1_table,CMBFU1_table,CMBFU1,,top-level-definition,2,"[5,13]",DBFU_PTS;XMACH1_PTS,23,"[-45.0,3.0]",-0.00036976,
CMBFU1_table,CMBFU1_table,CMBFU1,,top-level-definition,2,"[5,13]",DBFU_PTS;XMACH1_PTS,24,"[-45.0,3.5]",-0.00029672,
CMBFU1_table,CMBFU1_table,CMBFU1,,top-level-definition,2,"[5,13]",DBFU_PTS;XMACH1_PTS,25,"[-45.0,4.0]",-0.00023082,
CMBFU1_table,CMBFU1_table,CMBFU1,,top-level-definition,2,"[5,13]",DBFU_PTS;XMACH1_PTS,26,"[-30.0,0.3]",-0.00010549,
CMBFU1_table,CMBFU1_table,CMBFU1,,top-level-definition,2,"[5,13]",DBFU_PTS;XMACH1_PTS,27,"[-30.0,0.6]",-0.00011851,
CMBFU1_table,CMBFU1_table,CMBFU1,,top-level-definition,2,"[5,13]",DBFU_PTS;XMACH1_PTS,28,"[-30.0,0.8]",-0.00013545,
CMBFU1_table,CMBFU1_table,CMBFU1,,top-level-definition,2,"[5,13]",DBFU_PTS;XMACH1_PTS,29,"[-30.0,0.9]",-0.00014109,
CMBFU1_table,CMBFU1_table,CMBFU1,,top-level-definition,2,"[5,13]",DBFU_PTS;XMACH1_PTS,30,"[-30.0,0.95]",-0.00010384,
CMBFU1_table,CMBFU1_table,CMBFU1,,top-level-definition,2,"[5,13]",DBFU_PTS;XMACH1_PTS,31,"[-30.0,1.1]",-0.00017562,
CMBFU1_table,CMBFU1_table,CMBFU1,,top-level-definition,2,"[5,13]",DBFU_PTS;XMACH1_PTS,32,"[-30.0,1.2]",-0.00022351,
CMBFU1_table,CMBFU1_table,CMBFU1,,top-level-definition,2,"[5,13]",DBFU_PTS;XMACH1_PTS,33,"[-30.0,1.6]",-0.00041498,
CMBFU1_table,CMBFU1_table,CMBFU1,,top-level-definition,2,"[5,13]",DBFU_PTS;XMACH1_PTS,34,"[-30.0,2.0]",-0.00022023,
CMBFU1_table,CMBFU1_table,CMBFU1,,top-level-definition,2,"[5,13]",DBFU_PTS;XMACH1_PTS,35,"[-30.0,2.5]",-0.00018131,
CMBFU1_table,CMBFU1_table,CMBFU1,,top-level-definition,2,"[5,13]",DBFU_PTS;XMACH1_PTS,36,"[-30.0,3.0]",-0.00026411,
CMBFU1_table,CMBFU1_table,CMBFU1,,top-level-definition,2,"[5,13]",DBFU_PTS;XMACH1_PTS,37,"[-30.0,3.5]",-0.00021195,
CMBFU1_table,CMBFU1_table,CMBFU1,,top-level-definition,2,"[5,13]",DBFU_PTS;XMACH1_PTS,38,"[-30.0,4.0]",-0.00016487,
CMBFU1_table,CMBFU1_table,CMBFU1,,top-level-definition,2,"[5,13]",DBFU_PTS;XMACH1_PTS,39,"[-15.0,0.3]",-0.00017213,
CMBFU1_table,CMBFU1_table,CMBFU1,,top-level-definition,2,"[5,13]",DBFU_PTS;XMACH1_PTS,40,"[-15.0,0.6]",-0.00019337,
CMBFU1_table,CMBFU1_table,CMBFU1,,top-level-definition,2,"[5,13]",DBFU_PTS;XMACH1_PTS,41,"[-15.0,0.8]",-0.000221,
CMBFU1_table,CMBFU1_table,CMBFU1,,top-level-definition,2,"[5,13]",DBFU_PTS;XMACH1_PTS,42,"[-15.0,0.9]",-0.00023021,
CMBFU1_table,CMBFU1_table,CMBFU1,,top-level-definition,2,"[5,13]",DBFU_PTS;XMACH1_PTS,43,"[-15.0,0.95]",-0.00016944,
CMBFU1_table,CMBFU1_table,CMBFU1,,top-level-definition,2,"[5,13]",DBFU_PTS;XMACH1_PTS,44,"[-15.0,1.1]",-0.00015804,
CMBFU1_table,CMBFU1_table,CMBFU1,,top-level-definition,2,"[5,13]",DBFU_PTS;XMACH1_PTS,45,"[-15.0,1.2]",-0.00015044,
CMBFU1_table,CMBFU1_table,CMBFU1,,top-level-definition,2,"[5,13]",DBFU_PTS;XMACH1_PTS,46,"[-15.0,1.6]",-0.00012005,
CMBFU1_table,CMBFU1_table,CMBFU1,,top-level-definition,2,"[5,13]",DBFU_PTS;XMACH1_PTS,47,"[-15.0,2.0]",-0.00016439,
CMBFU1_table,CMBFU1_table,CMBFU1,,top-level-definition,2,"[5,13]",DBFU_PTS;XMACH1_PTS,48,"[-15.0,2.5]",-0.00015343,
CMBFU1_table,CMBFU1_table,CMBFU1,,top-level-definition,2,"[5,13]",DBFU_PTS;XMACH1_PTS,49,"[-15.0,3.0]",-0.00012473,
CMBFU1_table,CMBFU1_table,CMBFU1,,top-level-definition,2,"[5,13]",DBFU_PTS;XMACH1_PTS,50,"[-15.0,3.5]",-0.00010584,
CMBFU1_table,CMBFU1_table,CMBFU1,,top-level-definition,2,"[5,13]",DBFU_PTS;XMACH1_PTS,51,"[-15.0,4.0]",-8.0676e-05,
CMBFU1_table,CMBFU1_table,CMBFU1,,top-level-definition,2,"[5,13]",DBFU_PTS;XMACH1_PTS,52,"[0.0,0.3]",0.0,
CMBFU1_table,CMBFU1_table,CMBFU1,,top-level-definition,2,"[5,13]",DBFU_PTS;XMACH1_PTS,53,"[0.0,0.6]",0.0,
CMBFU1_table,CMBFU1_table,CMBFU1,,top-level-definition,2,"[5,13]",DBFU_PTS;XMACH1_PTS,54,"[0.0,0.8]",0.0,
CMBFU1_table,CMBFU1_table,CMBFU1,,top-level-definition,2,"[5,13]",DBFU_PTS;XMACH1_PTS,55,"[0.0,0.9]",0.0,
CMBFU1_table,CMBFU1_table,CMBFU1,,top-level-definition,2,"[5,13]",DBFU_PTS;XMACH1_PTS,56,"[0.0,0.95]",0.0,
CMBFU1_table,CMBFU1_table,CMBFU1,,top-level-definition,2,"[5,13]",DBFU_PTS;XMACH1_PTS,57,"[0.0,1.1]",0.0,
CMBFU1_table,CMBFU1_table,CMBFU1,,top-level-definition,2,"[5,13]",DBFU_PTS;XMACH1_PTS,58,"[0.0,1.2]",0.0,
CMBFU1_table,CMBFU1_table,CMBFU1,,top-level-definition,2,"[5,13]",DBFU_PTS;XMACH1_PTS,59,"[0.0,1.6]",0.0,
CMBFU1_table,CMBFU1_table,CMBFU1,,top-level-definition,2,"[5,13]",DBFU_PTS;XMACH1_PTS,60,"[0.0,2.0]",0.0,
CMBFU1_table,CMBFU1_table,CMBFU1,,top-level-definition,2,"[5,13]",DBFU_PTS;XMACH1_PTS,61,"[0.0,2.5]",0.0,
CMBFU1_table,CMBFU1_table,CMBFU1,,top-level-definition,2,"[5,13]",DBFU_PTS;XMACH1_PTS,62,"[0.0,3.0]",0.0,
CMBFU1_table,CMBFU1_table,CMBFU1,,top-level-definition,2,"[5,13]",DBFU_PTS;XMACH1_PTS,63,"[0.0,3.5]",0.0,
CMBFU1_table,CMBFU1_table,CMBFU1,,top-level-definition,2,"[5,13]",DBFU_PTS;XMACH1_PTS,64,"[0.0,4.0]",0.0,
CMBFU2_table,CMBFU2_table,CMBFU2,,top-level-definition,2,"[5,13]",DBFU_PTS;XMACH1_PTS,0,"[-60.0,0.3]",-0.0001165,
CMBFU2_table,CMBFU2_table,CMBFU2,,top-level-definition,2,"[5,13]",DBFU_PTS;XMACH1_PTS,1,"[-60.0,0.6]",-0.00013088,
CMBFU2_table,CMBFU2_table,CMBFU2,,top-level-definition,2,"[5,13]",DBFU_PTS;XMACH1_PTS,2,"[-60.0,0.8]",-0.00014958,
CMBFU2_table,CMBFU2_table,CMBFU2,,top-level-definition,2,"[5,13]",DBFU_PTS;XMACH1_PTS,3,"[-60.0,0.9]",-0.00015581,
CMBFU2_table,CMBFU2_table,CMBFU2,,top-level-definition,2,"[5,13]",DBFU_PTS;XMACH1_PTS,4,"[-60.0,0.95]",-0.00011468,
CMBFU2_table,CMBFU2_table,CMBFU2,,top-level-definition,2,"[5,13]",DBFU_PTS;XMACH1_PTS,5,"[-60.0,1.1]",-9.1771e-05,
CMBFU2_table,CMBFU2_table,CMBFU2,,top-level-definition,2,"[5,13]",DBFU_PTS;XMACH1_PTS,6,"[-60.0,1.2]",-7.6488e-05,
CMBFU2_table,CMBFU2_table,CMBFU2,,top-level-definition,2,"[5,13]",DBFU_PTS;XMACH1_PTS,7,"[-60.0,1.6]",-1.5377e-05,
CMBFU2_table,CMBFU2_table,CMBFU2,,top-level-definition,2,"[5,13]",DBFU_PTS;XMACH1_PTS,8,"[-60.0,2.0]",-5.0677e-06,
CMBFU2_table,CMBFU2_table,CMBFU2,,top-level-definition,2,"[5,13]",DBFU_PTS;XMACH1_PTS,9,"[-60.0,2.5]",5.5186e-06,
CMBFU2_table,CMBFU2_table,CMBFU2,,top-level-definition,2,"[5,13]",DBFU_PTS;XMACH1_PTS,10,"[-60.0,3.0]",1.6512e-05,
CMBFU2_table,CMBFU2_table,CMBFU2,,top-level-definition,2,"[5,13]",DBFU_PTS;XMACH1_PTS,11,"[-60.0,3.5]",1.1567e-05,
CMBFU2_table,CMBFU2_table,CMBFU2,,top-level-definition,2,"[5,13]",DBFU_PTS;XMACH1_PTS,12,"[-60.0,4.0]",7.5447e-06,
CMBFU2_table,CMBFU2_table,CMBFU2,,top-level-definition,2,"[5,13]",DBFU_PTS;XMACH1_PTS,13,"[-45.0,0.3]",-9.1378e-05,
CMBFU2_table,CMBFU2_table,CMBFU2,,top-level-definition,2,"[5,13]",DBFU_PTS;XMACH1_PTS,14,"[-45.0,0.6]",-0.00010265,
CMBFU2_table,CMBFU2_table,CMBFU2,,top-level-definition,2,"[5,13]",DBFU_PTS;XMACH1_PTS,15,"[-45.0,0.8]",-0.00011732,
CMBFU2_table,CMBFU2_table,CMBFU2,,top-level-definition,2,"[5,13]",DBFU_PTS;XMACH1_PTS,16,"[-45.0,0.9]",-0.00012221,
CMBFU2_table,CMBFU2_table,CMBFU2,,top-level-definition,2,"[5,13]",DBFU_PTS;XMACH1_PTS,17,"[-45.0,0.95]",-8.9949e-05,
CMBFU2_table,CMBFU2_table,CMBFU2,,top-level-definition,2,"[5,13]",DBFU_PTS;XMACH1_PTS,18,"[-45.0,1.1]",-7.2177e-05,
CMBFU2_table,CMBFU2_table,CMBFU2,,top-level-definition,2,"[5,13]",DBFU_PTS;XMACH1_PTS,19,"[-45.0,1.2]",-6.0322e-05,
CMBFU2_table,CMBFU2_table,CMBFU2,,top-level-definition,2,"[5,13]",DBFU_PTS;XMACH1_PTS,20,"[-45.0,1.6]",-1.2916e-05,
CMBFU2_table,CMBFU2_table,CMBFU2,,top-level-definition,2,"[5,13]",DBFU_PTS;XMACH1_PTS,21,"[-45.0,2.0]",-4.2568e-06,
CMBFU2_table,CMBFU2_table,CMBFU2,,top-level-definition,2,"[5,13]",DBFU_PTS;XMACH1_PTS,22,"[-45.0,2.5]",4.6355e-06,
CMBFU2_table,CMBFU2_table,CMBFU2,,top-level-definition,2,"[5,13]",DBFU_PTS;XMACH1_PTS,23,"[-45.0,3.0]",1.387e-05,
CMBFU2_table,CMBFU2_table,CMBFU2,,top-level-definition,2,"[5,13]",DBFU_PTS;XMACH1_PTS,24,"[-45.0,3.5]",9.7163e-06,
CMBFU2_table,CMBFU2_table,CMBFU2,,top-level-definition,2,"[5,13]",DBFU_PTS;XMACH1_PTS,25,"[-45.0,4.0]",6.3375e-06,
CMBFU2_table,CMBFU2_table,CMBFU2,,top-level-definition,2,"[5,13]",DBFU_PTS;XMACH1_PTS,26,"[-30.0,0.3]",-2.9626e-05,
CMBFU2_table,CMBFU2_table,CMBFU2,,top-level-definition,2,"[5,13]",DBFU_PTS;XMACH1_PTS,27,"[-30.0,0.6]",-3.3282e-05,
CMBFU2_table,CMBFU2_table,CMBFU2,,top-level-definition,2,"[5,13]",DBFU_PTS;XMACH1_PTS,28,"[-30.0,0.8]",-3.8037e-05,
CMBFU2_table,CMBFU2_table,CMBFU2,,top-level-definition,2,"[5,13]",DBFU_PTS;XMACH1_PTS,29,"[-30.0,0.9]",-3.9621e-05,
CMBFU2_table,CMBFU2_table,CMBFU2,,top-level-definition,2,"[5,13]",DBFU_PTS;XMACH1_PTS,30,"[-30.0,0.95]",-2.9162e-05,
CMBFU2_table,CMBFU2_table,CMBFU2,,top-level-definition,2,"[5,13]",DBFU_PTS;XMACH1_PTS,31,"[-30.0,1.1]",-2.4563e-05,
CMBFU2_table,CMBFU2_table,CMBFU2,,top-level-definition,2,"[5,13]",DBFU_PTS;XMACH1_PTS,32,"[-30.0,1.2]",-2.1495e-05,
CMBFU2_table,CMBFU2_table,CMBFU2,,top-level-definition,2,"[5,13]",DBFU_PTS;XMACH1_PTS,33,"[-30.0,1.6]",-9.226e-06,
CMBFU2_table,CMBFU2_table,CMBFU2,,top-level-definition,2,"[5,13]",DBFU_PTS;XMACH1_PTS,34,"[-30.0,2.0]",-3.0406e-06,
CMBFU2_table,CMBFU2_table,CMBFU2,,top-level-definition,2,"[5,13]",DBFU_PTS;XMACH1_PTS,35,"[-30.0,2.5]",3.3111e-06,
CMBFU2_table,CMBFU2_table,CMBFU2,,top-level-definition,2,"[5,13]",DBFU_PTS;XMACH1_PTS,36,"[-30.0,3.0]",9.9068e-06,
CMBFU2_table,CMBFU2_table,CMBFU2,,top-level-definition,2,"[5,13]",DBFU_PTS;XMACH1_PTS,37,"[-30.0,3.5]",6.9402e-06,
CMBFU2_table,CMBFU2_table,CMBFU2,,top-level-definition,2,"[5,13]",DBFU_PTS;XMACH1_PTS,38,"[-30.0,4.0]",4.5268e-06,
CMBFU2_table,CMBFU2_table,CMBFU2,,top-level-definition,2,"[5,13]",DBFU_PTS;XMACH1_PTS,39,"[-15.0,0.3]",-2.4608e-06,
CMBFU2_table,CMBFU2_table,CMBFU2,,top-level-definition,2,"[5,13]",DBFU_PTS;XMACH1_PTS,40,"[-15.0,0.6]",-2.7645e-06,
CMBFU2_table,CMBFU2_table,CMBFU2,,top-level-definition,2,"[5,13]",DBFU_PTS;XMACH1_PTS,41,"[-15.0,0.8]",-3.1595e-06,
CMBFU2_table,CMBFU2_table,CMBFU2,,top-level-definition,2,"[5,13]",DBFU_PTS;XMACH1_PTS,42,"[-15.0,0.9]",-3.2911e-06,
CMBFU2_table,CMBFU2_table,CMBFU2,,top-level-definition,2,"[5,13]",DBFU_PTS;XMACH1_PTS,43,"[-15.0,0.95]",-2.4223e-06,
CMBFU2_table,CMBFU2_table,CMBFU2,,top-level-definition,2,"[5,13]",DBFU_PTS;XMACH1_PTS,44,"[-15.0,1.1]",-4.503e-06,
CMBFU2_table,CMBFU2_table,CMBFU2,,top-level-definition,2,"[5,13]",DBFU_PTS;XMACH1_PTS,45,"[-15.0,1.2]",-5.891e-06,
CMBFU2_table,CMBFU2_table,CMBFU2,,top-level-definition,2,"[5,13]",DBFU_PTS;XMACH1_PTS,46,"[-15.0,1.6]",-1.1441e-05,
CMBFU2_table,CMBFU2_table,CMBFU2,,top-level-definition,2,"[5,13]",DBFU_PTS;XMACH1_PTS,47,"[-15.0,2.0]",6.0579e-06,
CMBFU2_table,CMBFU2_table,CMBFU2,,top-level-definition,2,"[5,13]",DBFU_PTS;XMACH1_PTS,48,"[-15.0,2.5]",4.5005e-06,
CMBFU2_table,CMBFU2_table,CMBFU2,,top-level-definition,2,"[5,13]",DBFU_PTS;XMACH1_PTS,49,"[-15.0,3.0]",5.5145e-06,
CMBFU2_table,CMBFU2_table,CMBFU2,,top-level-definition,2,"[5,13]",DBFU_PTS;XMACH1_PTS,50,"[-15.0,3.5]",4.7568e-06,
CMBFU2_table,CMBFU2_table,CMBFU2,,top-level-definition,2,"[5,13]",DBFU_PTS;XMACH1_PTS,51,"[-15.0,4.0]",3.621e-06,
CMBFU2_table,CMBFU2_table,CMBFU2,,top-level-definition,2,"[5,13]",DBFU_PTS;XMACH1_PTS,52,"[0.0,0.3]",0.0,
CMBFU2_table,CMBFU2_table,CMBFU2,,top-level-definition,2,"[5,13]",DBFU_PTS;XMACH1_PTS,53,"[0.0,0.6]",0.0,
CMBFU2_table,CMBFU2_table,CMBFU2,,top-level-definition,2,"[5,13]",DBFU_PTS;XMACH1_PTS,54,"[0.0,0.8]",0.0,
CMBFU2_table,CMBFU2_table,CMBFU2,,top-level-definition,2,"[5,13]",DBFU_PTS;XMACH1_PTS,55,"[0.0,0.9]",0.0,
CMBFU2_table,CMBFU2_table,CMBFU2,,top-level-definition,2,"[5,13]",DBFU_PTS;XMACH1_PTS,56,"[0.0,0.95]",0.0,
CMBFU2_table,CMBFU2_table,CMBFU2,,top-level-definition,2,"[5,13]",DBFU_PTS;XMACH1_PTS,57,"[0.0,1.1]",0.0,
CMBFU2_table,CMBFU2_table,CMBFU2,,top-level-definition,2,"[5,13]",DBFU_PTS;XMACH1_PTS,58,"[0.0,1.2]",0.0,
CMBFU2_table,CMBFU2_table,CMBFU2,,top-level-definition,2,"[5,13]",DBFU_PTS;XMACH1_PTS,59,"[0.0,1.6]",0.0,
CMBFU2_table,CMBFU2_table,CMBFU2,,top-level-definition,2,"[5,13]",DBFU_PTS;XMACH1_PTS,60,"[0.0,2.0]",0.0,
CMBFU2_table,CMBFU2_table,CMBFU2,,top-level-definition,2,"[5,13]",DBFU_PTS;XMACH1_PTS,61,"[0.0,2.5]",0.0,
CMBFU2_table,CMBFU2_table,CMBFU2,,top-level-definition,2,"[5,13]",DBFU_PTS;XMACH1_PTS,62,"[0.0,3.0]",0.0,
CMBFU2_table,CMBFU2_table,CMBFU2,,top-level-definition,2,"[5,13]",DBFU_PTS;XMACH1_PTS,63,"[0.0,3.5]",0.0,
CMBFU2_table,CMBFU2_table,CMBFU2,,top-level-definition,2,"[5,13]",DBFU_PTS;XMACH1_PTS,64,"[0.0,4.0]",0.0,
CMBFU3_table,CMBFU3_table,CMBFU3,,top-level-definition,2,"[5,13]",DBFU_PTS;XMACH1_PTS,0,"[-60.0,0.3]",3.0582e-06,
CMBFU3_table,CMBFU3_table,CMBFU3,,top-level-definition,2,"[5,13]",DBFU_PTS;XMACH1_PTS,1,"[-60.0,0.6]",3.4356e-06,
CMBFU3_table,CMBFU3_table,CMBFU3,,top-level-definition,2,"[5,13]",DBFU_PTS;XMACH1_PTS,2,"[-60.0,0.8]",3.9265e-06,
CMBFU3_table,CMBFU3_table,CMBFU3,,top-level-definition,2,"[5,13]",DBFU_PTS;XMACH1_PTS,3,"[-60.0,0.9]",4.09e-06,
CMBFU3_table,CMBFU3_table,CMBFU3,,top-level-definition,2,"[5,13]",DBFU_PTS;XMACH1_PTS,4,"[-60.0,0.95]",3.0104e-06,
CMBFU3_table,CMBFU3_table,CMBFU3,,top-level-definition,2,"[5,13]",DBFU_PTS;XMACH1_PTS,5,"[-60.0,1.1]",3.0159e-06,
CMBFU3_table,CMBFU3_table,CMBFU3,,top-level-definition,2,"[5,13]",DBFU_PTS;XMACH1_PTS,6,"[-60.0,1.2]",3.0195e-06,
CMBFU3_table,CMBFU3_table,CMBFU3,,top-level-definition,2,"[5,13]",DBFU_PTS;XMACH1_PTS,7,"[-60.0,1.6]",3.0342e-06,
CMBFU3_table,CMBFU3_table,CMBFU3,,top-level-definition,2,"[5,13]",DBFU_PTS;XMACH1_PTS,8,"[-60.0,2.0]",7.3619e-07,
CMBFU3_table,CMBFU3_table,CMBFU3,,top-level-definition,2,"[5,13]",DBFU_PTS;XMACH1_PTS,9,"[-60.0,2.5]",4.6683e-08,
CMBFU3_table,CMBFU3_table,CMBFU3,,top-level-definition,2,"[5,13]",DBFU_PTS;XMACH1_PTS,10,"[-60.0,3.0]",-1.5121e-07,
CMBFU3_table,CMBFU3_table,CMBFU3,,top-level-definition,2,"[5,13]",DBFU_PTS;XMACH1_PTS,11,"[-60.0,3.5]",-7.7657e-08,
CMBFU3_table,CMBFU3_table,CMBFU3,,top-level-definition,2,"[5,13]",DBFU_PTS;XMACH1_PTS,12,"[-60.0,4.0]",-3.1399e-08,
CMBFU3_table,CMBFU3_table,CMBFU3,,top-level-definition,2,"[5,13]",DBFU_PTS;XMACH1_PTS,13,"[-45.0,0.3]",2.6395e-06,
CMBFU3_table,CMBFU3_table,CMBFU3,,top-level-definition,2,"[5,13]",DBFU_PTS;XMACH1_PTS,14,"[-45.0,0.6]",2.9652e-06,
CMBFU3_table,CMBFU3_table,CMBFU3,,top-level-definition,2,"[5,13]",DBFU_PTS;XMACH1_PTS,15,"[-45.0,0.8]",3.3889e-06,
CMBFU3_table,CMBFU3_table,CMBFU3,,top-level-definition,2,"[5,13]",DBFU_PTS;XMACH1_PTS,16,"[-45.0,0.9]",3.5301e-06,
CMBFU3_table,CMBFU3_table,CMBFU3,,top-level-definition,2,"[5,13]",DBFU_PTS;XMACH1_PTS,17,"[-45.0,0.95]",2.5982e-06,
CMBFU3_table,CMBFU3_table,CMBFU3,,top-level-definition,2,"[5,13]",DBFU_PTS;XMACH1_PTS,18,"[-45.0,1.1]",2.5868e-06,
CMBFU3_table,CMBFU3_table,CMBFU3,,top-level-definition,2,"[5,13]",DBFU_PTS;XMACH1_PTS,19,"[-45.0,1.2]",2.5791e-06,
CMBFU3_table,CMBFU3_table,CMBFU3,,top-level-definition,2,"[5,13]",DBFU_PTS;XMACH1_PTS,20,"[-45.0,1.6]",2.5486e-06,
CMBFU3_table,CMBFU3_table,CMBFU3,,top-level-definition,2,"[5,13]",DBFU_PTS;XMACH1_PTS,21,"[-45.0,2.0]",6.1839e-07,
CMBFU3_table,CMBFU3_table,CMBFU3,,top-level-definition,2,"[5,13]",DBFU_PTS;XMACH1_PTS,22,"[-45.0,2.5]",3.9213e-08,
CMBFU3_table,CMBFU3_table,CMBFU3,,top-level-definition,2,"[5,13]",DBFU_PTS;XMACH1_PTS,23,"[-45.0,3.0]",-1.2702e-07,
CMBFU3_table,CMBFU3_table,CMBFU3,,top-level-definition,2,"[5,13]",DBFU_PTS;XMACH1_PTS,24,"[-45.0,3.5]",-6.523e-08,
CMBFU3_table,CMBFU3_table,CMBFU3,,top-level-definition,2,"[5,13]",DBFU_PTS;XMACH1_PTS,25,"[-45.0,4.0]",-2.6375e-08,
CMBFU3_table,CMBFU3_table,CMBFU3,,top-level-definition,2,"[5,13]",DBFU_PTS;XMACH1_PTS,26,"[-30.0,0.3]",1.167e-06,
CMBFU3_table,CMBFU3_table,CMBFU3,,top-level-definition,2,"[5,13]",DBFU_PTS;XMACH1_PTS,27,"[-30.0,0.6]",1.3111e-06,
CMBFU3_table,CMBFU3_table,CMBFU3,,top-level-definition,2,"[5,13]",DBFU_PTS;XMACH1_PTS,28,"[-30.0,0.8]",1.4984e-06,
CMBFU3_table,CMBFU3_table,CMBFU3,,top-level-definition,2,"[5,13]",DBFU_PTS;XMACH1_PTS,29,"[-30.0,0.9]",1.5608e-06,
CMBFU3_table,CMBFU3_table,CMBFU3,,top-level-definition,2,"[5,13]",DBFU_PTS;XMACH1_PTS,30,"[-30.0,0.95]",1.1488e-06,
CMBFU3_table,CMBFU3_table,CMBFU3,,top-level-definition,2,"[5,13]",DBFU_PTS;XMACH1_PTS,31,"[-30.0,1.1]",1.3037e-06,
CMBFU3_table,CMBFU3_table,CMBFU3,,top-level-definition,2,"[5,13]",DBFU_PTS;XMACH1_PTS,32,"[-30.0,1.2]",1.4071e-06,
CMBFU3_table,CMBFU3_table,CMBFU3,,top-level-definition,2,"[5,13]",DBFU_PTS;XMACH1_PTS,33,"[-30.0,1.6]",1.8205e-06,
CMBFU3_table,CMBFU3_table,CMBFU3,,top-level-definition,2,"[5,13]",DBFU_PTS;XMACH1_PTS,34,"[-30.0,2.0]",4.4171e-07,
CMBFU3_table,CMBFU3_table,CMBFU3,,top-level-definition,2,"[5,13]",DBFU_PTS;XMACH1_PTS,35,"[-30.0,2.5]",2.8009e-08,
CMBFU3_table,CMBFU3_table,CMBFU3,,top-level-definition,2,"[5,13]",DBFU_PTS;XMACH1_PTS,36,"[-30.0,3.0]",-9.0726e-08,
CMBFU3_table,CMBFU3_table,CMBFU3,,top-level-definition,2,"[5,13]",DBFU_PTS;XMACH1_PTS,37,"[-30.0,3.5]",-4.6593e-08,
CMBFU3_table,CMBFU3_table,CMBFU3,,top-level-definition,2,"[5,13]",DBFU_PTS;XMACH1_PTS,38,"[-30.0,4.0]",-1.8839e-08,
CMBFU3_table,CMBFU3_table,CMBFU3,,top-level-definition,2,"[5,13]",DBFU_PTS;XMACH1_PTS,39,"[-15.0,0.3]",2.8652e-07,
CMBFU3_table,CMBFU3_table,CMBFU3,,top-level-definition,2,"[5,13]",DBFU_PTS;XMACH1_PTS,40,"[-15.0,0.6]",3.2188e-07,
CMBFU3_table,CMBFU3_table,CMBFU3,,top-level-definition,2,"[5,13]",DBFU_PTS;XMACH1_PTS,41,"[-15.0,0.8]",3.6787e-07,
CMBFU3_table,CMBFU3_table,CMBFU3,,top-level-definition,2,"[5,13]",DBFU_PTS;XMACH1_PTS,42,"[-15.0,0.9]",3.8319e-07,
CMBFU3_table,CMBFU3_table,CMBFU3,,top-level-definition,2,"[5,13]",DBFU_PTS;XMACH1_PTS,43,"[-15.0,0.95]",2.8204e-07,
CMBFU3_table,CMBFU3_table,CMBFU3,,top-level-definition,2,"[5,13]",DBFU_PTS;XMACH1_PTS,44,"[-15.0,1.1]",4.3694e-07,
CMBFU3_table,CMBFU3_table,CMBFU3,,top-level-definition,2,"[5,13]",DBFU_PTS;XMACH1_PTS,45,"[-15.0,1.2]",5.4028e-07,
CMBFU3_table,CMBFU3_table,CMBFU3,,top-level-definition,2,"[5,13]",DBFU_PTS;XMACH1_PTS,46,"[-15.0,1.6]",9.5348e-07,
CMBFU3_table,CMBFU3_table,CMBFU3,,top-level-definition,2,"[5,13]",DBFU_PTS;XMACH1_PTS,47,"[-15.0,2.0]",-2.509e-08,
CMBFU3_table,CMBFU3_table,CMBFU3,,top-level-definition,2,"[5,13]",DBFU_PTS;XMACH1_PTS,48,"[-15.0,2.5]",4.3206e-08,
CMBFU3_table,CMBFU3_table,CMBFU3,,top-level-definition,2,"[5,13]",DBFU_PTS;XMACH1_PTS,49,"[-15.0,3.0]",-5.7389e-08,
CMBFU3_table,CMBFU3_table,CMBFU3,,top-level-definition,2,"[5,13]",DBFU_PTS;XMACH1_PTS,50,"[-15.0,3.5]",-5.6863e-08,
CMBFU3_table,CMBFU3_table,CMBFU3,,top-level-definition,2,"[5,13]",DBFU_PTS;XMACH1_PTS,51,"[-15.0,4.0]",-4.1361e-08,
CMBFU3_table,CMBFU3_table,CMBFU3,,top-level-definition,2,"[5,13]",DBFU_PTS;XMACH1_PTS,52,"[0.0,0.3]",0.0,
CMBFU3_table,CMBFU3_table,CMBFU3,,top-level-definition,2,"[5,13]",DBFU_PTS;XMACH1_PTS,53,"[0.0,0.6]",0.0,
CMBFU3_table,CMBFU3_table,CMBFU3,,top-level-definition,2,"[5,13]",DBFU_PTS;XMACH1_PTS,54,"[0.0,0.8]",0.0,
CMBFU3_table,CMBFU3_table,CMBFU3,,top-level-definition,2,"[5,13]",DBFU_PTS;XMACH1_PTS,55,"[0.0,0.9]",0.0,
CMBFU3_table,CMBFU3_table,CMBFU3,,top-level-definition,2,"[5,13]",DBFU_PTS;XMACH1_PTS,56,"[0.0,0.95]",0.0,
CMBFU3_table,CMBFU3_table,CMBFU3,,top-level-definition,2,"[5,13]",DBFU_PTS;XMACH1_PTS,57,"[0.0,1.1]",0.0,
CMBFU3_table,CMBFU3_table,CMBFU3,,top-level-definition,2,"[5,13]",DBFU_PTS;XMACH1_PTS,58,"[0.0,1.2]",0.0,
CMBFU3_table,CMBFU3_table,CMBFU3,,top-level-definition,2,"[5,13]",DBFU_PTS;XMACH1_PTS,59,"[0.0,1.6]",0.0,
CMBFU3_table,CMBFU3_table,CMBFU3,,top-level-definition,2,"[5,13]",DBFU_PTS;XMACH1_PTS,60,"[0.0,2.0]",0.0,
CMBFU3_table,CMBFU3_table,CMBFU3,,top-level-definition,2,"[5,13]",DBFU_PTS;XMACH1_PTS,61,"[0.0,2.5]",0.0,
CMBFU3_table,CMBFU3_table,CMBFU3,,top-level-definition,2,"[5,13]",DBFU_PTS;XMACH1_PTS,62,"[0.0,3.0]",0.0,
CMBFU3_table,CMBFU3_table,CMBFU3,,top-level-definition,2,"[5,13]",DBFU_PTS;XMACH1_PTS,63,"[0.0,3.5]",0.0,
CMBFU3_table,CMBFU3_table,CMBFU3,,top-level-definition,2,"[5,13]",DBFU_PTS;XMACH1_PTS,64,"[0.0,4.0]",0.0,
CYBFU0_table,CYBFU0_table,CYBFU0,,top-level-definition,2,"[5,13]",DBFU_PTS;XMACH1_PTS,0,"[-60.0,0.3]",-0.0067145,
CYBFU0_table,CYBFU0_table,CYBFU0,,top-level-definition,2,"[5,13]",DBFU_PTS;XMACH1_PTS,1,"[-60.0,0.6]",-0.0075431,
CYBFU0_table,CYBFU0_table,CYBFU0,,top-level-definition,2,"[5,13]",DBFU_PTS;XMACH1_PTS,2,"[-60.0,0.8]",-0.0086209,
CYBFU0_table,CYBFU0_table,CYBFU0,,top-level-definition,2,"[5,13]",DBFU_PTS;XMACH1_PTS,3,"[-60.0,0.9]",-0.0089799,
CYBFU0_table,CYBFU0_table,CYBFU0,,top-level-definition,2,"[5,13]",DBFU_PTS;XMACH1_PTS,4,"[-60.0,0.95]",-0.0066094,
CYBFU0_table,CYBFU0_table,CYBFU0,,top-level-definition,2,"[5,13]",DBFU_PTS;XMACH1_PTS,5,"[-60.0,1.1]",-0.0058554,
CYBFU0_table,CYBFU0_table,CYBFU0,,top-level-definition,2,"[5,13]",DBFU_PTS;XMACH1_PTS,6,"[-60.0,1.2]",-0.0053524,
CYBFU0_table,CYBFU0_table,CYBFU0,,top-level-definition,2,"[5,13]",DBFU_PTS;XMACH1_PTS,7,"[-60.0,1.6]",-0.0033411,
CYBFU0_table,CYBFU0_table,CYBFU0,,top-level-definition,2,"[5,13]",DBFU_PTS;XMACH1_PTS,8,"[-60.0,2.0]",0.0033443,
CYBFU0_table,CYBFU0_table,CYBFU0,,top-level-definition,2,"[5,13]",DBFU_PTS;XMACH1_PTS,9,"[-60.0,2.5]",0.0065977,
CYBFU0_table,CYBFU0_table,CYBFU0,,top-level-definition,2,"[5,13]",DBFU_PTS;XMACH1_PTS,10,"[-60.0,3.0]",0.0054385,
CYBFU0_table,CYBFU0_table,CYBFU0,,top-level-definition,2,"[5,13]",DBFU_PTS;XMACH1_PTS,11,"[-60.0,3.5]",0.0049941,
CYBFU0_table,CYBFU0_table,CYBFU0,,top-level-definition,2,"[5,13]",DBFU_PTS;XMACH1_PTS,12,"[-60.0,4.0]",0.0046385,
CYBFU0_table,CYBFU0_table,CYBFU0,,top-level-definition,2,"[5,13]",DBFU_PTS;XMACH1_PTS,13,"[-45.0,0.3]",-0.0014454,
CYBFU0_table,CYBFU0_table,CYBFU0,,top-level-definition,2,"[5,13]",DBFU_PTS;XMACH1_PTS,14,"[-45.0,0.6]",-0.0016238,
CYBFU0_table,CYBFU0_table,CYBFU0,,top-level-definition,2,"[5,13]",DBFU_PTS;XMACH1_PTS,15,"[-45.0,0.8]",-0.0018558,
CYBFU0_table,CYBFU0_table,CYBFU0,,top-level-definition,2,"[5,13]",DBFU_PTS;XMACH1_PTS,16,"[-45.0,0.9]",-0.0019331,
CYBFU0_table,CYBFU0_table,CYBFU0,,top-level-definition,2,"[5,13]",DBFU_PTS;XMACH1_PTS,17,"[-45.0,0.95]",-0.0014228,
CYBFU0_table,CYBFU0_table,CYBFU0,,top-level-definition,2,"[5,13]",DBFU_PTS;XMACH1_PTS,18,"[-45.0,1.1]",-0.001742,
CYBFU0_table,CYBFU0_table,CYBFU0,,top-level-definition,2,"[5,13]",DBFU_PTS;XMACH1_PTS,19,"[-45.0,1.2]",-0.001955,
CYBFU0_table,CYBFU0_table,CYBFU0,,top-level-definition,2,"[5,13]",DBFU_PTS;XMACH1_PTS,20,"[-45.0,1.6]",-0.0028065,
CYBFU0_table,CYBFU0_table,CYBFU0,,top-level-definition,2,"[5,13]",DBFU_PTS;XMACH1_PTS,21,"[-45.0,2.0]",0.0028092,
CYBFU0_table,CYBFU0_table,CYBFU0,,top-level-definition,2,"[5,13]",DBFU_PTS;XMACH1_PTS,22,"[-45.0,2.5]",0.0055419,
CYBFU0_table,CYBFU0_table,CYBFU0,,top-level-definition,2,"[5,13]",DBFU_PTS;XMACH1_PTS,23,"[-45.0,3.0]",0.0045683,
CYBFU0_table,CYBFU0_table,CYBFU0,,top-level-definition,2,"[5,13]",DBFU_PTS;XMACH1_PTS,24,"[-45.0,3.5]",0.004195,
CYBFU0_table,CYBFU0_table,CYBFU0,,top-level-definition,2,"[5,13]",DBFU_PTS;XMACH1_PTS,25,"[-45.0,4.0]",0.0038962,
CYBFU0_table,CYBFU0_table,CYBFU0,,top-level-definition,2,"[5,13]",DBFU_PTS;XMACH1_PTS,26,"[-30.0,0.3]",0.0010123,
CYBFU0_table,CYBFU0_table,CYBFU0,,top-level-definition,2,"[5,13]",DBFU_PTS;XMACH1_PTS,27,"[-30.0,0.6]",0.0011372,
CYBFU0_table,CYBFU0_table,CYBFU0,,top-level-definition,2,"[5,13]",DBFU_PTS;XMACH1_PTS,28,"[-30.0,0.8]",0.0012997,
CYBFU0_table,CYBFU0_table,CYBFU0,,top-level-definition,2,"[5,13]",DBFU_PTS;XMACH1_PTS,29,"[-30.0,0.9]",0.0013539,
CYBFU0_table,CYBFU0_table,CYBFU0,,top-level-definition,2,"[5,13]",DBFU_PTS;XMACH1_PTS,30,"[-30.0,0.95]",0.00099648,
CYBFU0_table,CYBFU0_table,CYBFU0,,top-level-definition,2,"[5,13]",DBFU_PTS;XMACH1_PTS,31,"[-30.0,1.1]",0.00030412,
CYBFU0_table,CYBFU0_table,CYBFU0,,top-level-definition,2,"[5,13]",DBFU_PTS;XMACH1_PTS,32,"[-30.0,1.2]",-0.00015775,
CYBFU0_table,CYBFU0_table,CYBFU0,,top-level-definition,2,"[5,13]",DBFU_PTS;XMACH1_PTS,33,"[-30.0,1.6]",-0.0020046,
CYBFU0_table,CYBFU0_table,CYBFU0,,top-level-definition,2,"[5,13]",DBFU_PTS;XMACH1_PTS,34,"[-30.0,2.0]",0.0020065,
CYBFU0_table,CYBFU0_table,CYBFU0,,top-level-definition,2,"[5,13]",DBFU_PTS;XMACH1_PTS,35,"[-30.0,2.5]",0.0039585,
CYBFU0_table,CYBFU0_table,CYBFU0,,top-level-definition,2,"[5,13]",DBFU_PTS;XMACH1_PTS,36,"[-30.0,3.0]",0.003263,
CYBFU0_table,CYBFU0_table,CYBFU0,,top-level-definition,2,"[5,13]",DBFU_PTS;XMACH1_PTS,37,"[-30.0,3.5]",0.0029964,
CYBFU0_table,CYBFU0_table,CYBFU0,,top-level-definition,2,"[5,13]",DBFU_PTS;XMACH1_PTS,38,"[-30.0,4.0]",0.002783,
CYBFU0_table,CYBFU0_table,CYBFU0,,top-level-definition,2,"[5,13]",DBFU_PTS;XMACH1_PTS,39,"[-15.0,0.3]",-0.005465,
CYBFU0_table,CYBFU0_table,CYBFU0,,top-level-definition,2,"[5,13]",DBFU_PTS;XMACH1_PTS,40,"[-15.0,0.6]",-0.0061394,
CYBFU0_table,CYBFU0_table,CYBFU0,,top-level-definition,2,"[5,13]",DBFU_PTS;XMACH1_PTS,41,"[-15.0,0.8]",-0.0070166,
CYBFU0_table,CYBFU0_table,CYBFU0,,top-level-definition,2,"[5,13]",DBFU_PTS;XMACH1_PTS,42,"[-15.0,0.9]",-0.0073088,
CYBFU0_table,CYBFU0_table,CYBFU0,,top-level-definition,2,"[5,13]",DBFU_PTS;XMACH1_PTS,43,"[-15.0,0.95]",-0.0053795,
CYBFU0_table,CYBFU0_table,CYBFU0,,top-level-definition,2,"[5,13]",DBFU_PTS;XMACH1_PTS,44,"[-15.0,1.1]",-0.0043327,
CYBFU0_table,CYBFU0_table,CYBFU0,,top-level-definition,2,"[5,13]",DBFU_PTS;XMACH1_PTS,45,"[-15.0,1.2]",-0.0036343,
CYBFU0_table,CYBFU0_table,CYBFU0,,top-level-definition,2,"[5,13]",DBFU_PTS;XMACH1_PTS,46,"[-15.0,1.6]",-0.00084195,
CYBFU0_table,CYBFU0_table,CYBFU0,,top-level-definition,2,"[5,13]",DBFU_PTS;XMACH1_PTS,47,"[-15.0,2.0]",0.00030048,
CYBFU0_table,CYBFU0_table,CYBFU0,,top-level-definition,2,"[5,13]",DBFU_PTS;XMACH1_PTS,48,"[-15.0,2.5]",0.0023038,
CYBFU0_table,CYBFU0_table,CYBFU0,,top-level-definition,2,"[5,13]",DBFU_PTS;XMACH1_PTS,49,"[-15.0,3.0]",0.00095085,
CYBFU0_table,CYBFU0_table,CYBFU0,,top-level-definition,2,"[5,13]",DBFU_PTS;XMACH1_PTS,50,"[-15.0,3.5]",0.00091684,
CYBFU0_table,CYBFU0_table,CYBFU0,,top-level-definition,2,"[5,13]",DBFU_PTS;XMACH1_PTS,51,"[-15.0,4.0]",0.00089831,
CYBFU0_table,CYBFU0_table,CYBFU0,,top-level-definition,2,"[5,13]",DBFU_PTS;XMACH1_PTS,52,"[0.0,0.3]",0.0,
CYBFU0_table,CYBFU0_table,CYBFU0,,top-level-definition,2,"[5,13]",DBFU_PTS;XMACH1_PTS,53,"[0.0,0.6]",0.0,
CYBFU0_table,CYBFU0_table,CYBFU0,,top-level-definition,2,"[5,13]",DBFU_PTS;XMACH1_PTS,54,"[0.0,0.8]",0.0,
CYBFU0_table,CYBFU0_table,CYBFU0,,top-level-definition,2,"[5,13]",DBFU_PTS;XMACH1_PTS,55,"[0.0,0.9]",0.0,
CYBFU0_table,CYBFU0_table,CYBFU0,,top-level-definition,2,"[5,13]",DBFU_PTS;XMACH1_PTS,56,"[0.0,0.95]",0.0,
CYBFU0_table,CYBFU0_table,CYBFU0,,top-level-definition,2,"[5,13]",DBFU_PTS;XMACH1_PTS,57,"[0.0,1.1]",0.0,
CYBFU0_table,CYBFU0_table,CYBFU0,,top-level-definition,2,"[5,13]",DBFU_PTS;XMACH1_PTS,58,"[0.0,1.2]",0.0,
CYBFU0_table,CYBFU0_table,CYBFU0,,top-level-definition,2,"[5,13]",DBFU_PTS;XMACH1_PTS,59,"[0.0,1.6]",0.0,
CYBFU0_table,CYBFU0_table,CYBFU0,,top-level-definition,2,"[5,13]",DBFU_PTS;XMACH1_PTS,60,"[0.0,2.0]",0.0,
CYBFU0_table,CYBFU0_table,CYBFU0,,top-level-definition,2,"[5,13]",DBFU_PTS;XMACH1_PTS,61,"[0.0,2.5]",0.0,
CYBFU0_table,CYBFU0_table,CYBFU0,,top-level-definition,2,"[5,13]",DBFU_PTS;XMACH1_PTS,62,"[0.0,3.0]",0.0,
CYBFU0_table,CYBFU0_table,CYBFU0,,top-level-definition,2,"[5,13]",DBFU_PTS;XMACH1_PTS,63,"[0.0,3.5]",0.0,
CYBFU0_table,CYBFU0_table,CYBFU0,,top-level-definition,2,"[5,13]",DBFU_PTS;XMACH1_PTS,64,"[0.0,4.0]",0.0,
CYBFU1_table,CYBFU1_table,CYBFU1,,top-level-definition,2,"[5,13]",DBFU_PTS;XMACH1_PTS,0,"[-60.0,0.3]",0.002533,
CYBFU1_table,CYBFU1_table,CYBFU1,,top-level-definition,2,"[5,13]",DBFU_PTS;XMACH1_PTS,1,"[-60.0,0.6]",0.0028456,
CYBFU1_table,CYBFU1_table,CYBFU1,,top-level-definition,2,"[5,13]",DBFU_PTS;XMACH1_PTS,2,"[-60.0,0.8]",0.0032522,
CYBFU1_table,CYBFU1_table,CYBFU1,,top-level-definition,2,"[5,13]",DBFU_PTS;XMACH1_PTS,3,"[-60.0,0.9]",0.0033876,
CYBFU1_table,CYBFU1_table,CYBFU1,,top-level-definition,2,"[5,13]",DBFU_PTS;XMACH1_PTS,4,"[-60.0,0.95]",0.0024934,
CYBFU1_table,CYBFU1_table,CYBFU1,,top-level-definition,2,"[5,13]",DBFU_PTS;XMACH1_PTS,5,"[-60.0,1.1]",0.0020673,
CYBFU1_table,CYBFU1_table,CYBFU1,,top-level-definition,2,"[5,13]",DBFU_PTS;XMACH1_PTS,6,"[-60.0,1.2]",0.001783,
CYBFU1_table,CYBFU1_table,CYBFU1,,top-level-definition,2,"[5,13]",DBFU_PTS;XMACH1_PTS,7,"[-60.0,1.6]",0.00064622,
CYBFU1_table,CYBFU1_table,CYBFU1,,top-level-definition,2,"[5,13]",DBFU_PTS;XMACH1_PTS,8,"[-60.0,2.0]",-0.0011476,
CYBFU1_table,CYBFU1_table,CYBFU1,,top-level-definition,2,"[5,13]",DBFU_PTS;XMACH1_PTS,9,"[-60.0,2.5]",-0.0011331,
CYBFU1_table,CYBFU1_table,CYBFU1,,top-level-definition,2,"[5,13]",DBFU_PTS;XMACH1_PTS,10,"[-60.0,3.0]",-0.00051322,
CYBFU1_table,CYBFU1_table,CYBFU1,,top-level-definition,2,"[5,13]",DBFU_PTS;XMACH1_PTS,11,"[-60.0,3.5]",-0.00055236,
CYBFU1_table,CYBFU1_table,CYBFU1,,top-level-definition,2,"[5,13]",DBFU_PTS;XMACH1_PTS,12,"[-60.0,4.0]",-0.0005888,
CYBFU1_table,CYBFU1_table,CYBFU1,,top-level-definition,2,"[5,13]",DBFU_PTS;XMACH1_PTS,13,"[-45.0,0.3]",0.001226,
CYBFU1_table,CYBFU1_table,CYBFU1,,top-level-definition,2,"[5,13]",DBFU_PTS;XMACH1_PTS,14,"[-45.0,0.6]",0.0013773,
CYBFU1_table,CYBFU1_table,CYBFU1,,top-level-definition,2,"[5,13]",DBFU_PTS;XMACH1_PTS,15,"[-45.0,0.8]",0.0015741,
CYBFU1_table,CYBFU1_table,CYBFU1,,top-level-definition,2,"[5,13]",DBFU_PTS;XMACH1_PTS,16,"[-45.0,0.9]",0.0016397,
CYBFU1_table,CYBFU1_table,CYBFU1,,top-level-definition,2,"[5,13]",DBFU_PTS;XMACH1_PTS,17,"[-45.0,0.95]",0.0012068,
CYBFU1_table,CYBFU1_table,CYBFU1,,top-level-definition,2,"[5,13]",DBFU_PTS;XMACH1_PTS,18,"[-45.0,1.1]",0.0010537,
CYBFU1_table,CYBFU1_table,CYBFU1,,top-level-definition,2,"[5,13]",DBFU_PTS;XMACH1_PTS,19,"[-45.0,1.2]",0.00095146,
CYBFU1_table,CYBFU1_table,CYBFU1,,top-level-definition,2,"[5,13]",DBFU_PTS;XMACH1_PTS,20,"[-45.0,1.6]",0.00054282,
CYBFU1_table,CYBFU1_table,CYBFU1,,top-level-definition,2,"[5,13]",DBFU_PTS;XMACH1_PTS,21,"[-45.0,2.0]",-0.00096399,
CYBFU1_table,CYBFU1_table,CYBFU1,,top-level-definition,2,"[5,13]",DBFU_PTS;XMACH1_PTS,22,"[-45.0,2.5]",-0.00095182,
CYBFU1_table,CYBFU1_table,CYBFU1,,top-level-definition,2,"[5,13]",DBFU_PTS;XMACH1_PTS,23,"[-45.0,3.0]",-0.0004311,
CYBFU1_table,CYBFU1_table,CYBFU1,,top-level-definition,2,"[5,13]",DBFU_PTS;XMACH1_PTS,24,"[-45.0,3.5]",-0.00046397,
CYBFU1_table,CYBFU1_table,CYBFU1,,top-level-definition,2,"[5,13]",DBFU_PTS;XMACH1_PTS,25,"[-45.0,4.0]",-0.00049458,
CYBFU1_table,CYBFU1_table,CYBFU1,,top-level-definition,2,"[5,13]",DBFU_PTS;XMACH1_PTS,26,"[-30.0,0.3]",0.00088953,
CYBFU1_table,CYBFU1_table,CYBFU1,,top-level-definition,2,"[5,13]",DBFU_PTS;XMACH1_PTS,27,"[-30.0,0.6]",0.0009993,
CYBFU1_table,CYBFU1_table,CYBFU1,,top-level-definition,2,"[5,13]",DBFU_PTS;XMACH1_PTS,28,"[-30.0,0.8]",0.0011421,
CYBFU1_table,CYBFU1_table,CYBFU1,,top-level-definition,2,"[5,13]",DBFU_PTS;XMACH1_PTS,29,"[-30.0,0.9]",0.0011896,
CYBFU1_table,CYBFU1_table,CYBFU1,,top-level-definition,2,"[5,13]",DBFU_PTS;XMACH1_PTS,30,"[-30.0,0.95]",0.00087561,
CYBFU1_table,CYBFU1_table,CYBFU1,,top-level-definition,2,"[5,13]",DBFU_PTS;XMACH1_PTS,31,"[-30.0,1.1]",0.00076306,
CYBFU1_table,CYBFU1_table,CYBFU1,,top-level-definition,2,"[5,13]",DBFU_PTS;XMACH1_PTS,32,"[-30.0,1.2]",0.00068797,
CYBFU1_table,CYBFU1_table,CYBFU1,,top-level-definition,2,"[5,13]",DBFU_PTS;XMACH1_PTS,33,"[-30.0,1.6]",0.00038773,
CYBFU1_table,CYBFU1_table,CYBFU1,,top-level-definition,2,"[5,13]",DBFU_PTS;XMACH1_PTS,34,"[-30.0,2.0]",-0.00068857,
CYBFU1_table,CYBFU1_table,CYBFU1,,top-level-definition,2,"[5,13]",DBFU_PTS;XMACH1_PTS,35,"[-30.0,2.5]",-0.00067987,
CYBFU1_table,CYBFU1_table,CYBFU1,,top-level-definition,2,"[5,13]",DBFU_PTS;XMACH1_PTS,36,"[-30.0,3.0]",-0.00030793,
CYBFU1_table,CYBFU1_table,CYBFU1,,top-level-definition,2,"[5,13]",DBFU_PTS;XMACH1_PTS,37,"[-30.0,3.5]",-0.00033141,
CYBFU1_table,CYBFU1_table,CYBFU1,,top-level-definition,2,"[5,13]",DBFU_PTS;XMACH1_PTS,38,"[-30.0,4.0]",-0.00035327,
CYBFU1_table,CYBFU1_table,CYBFU1,,top-level-definition,2,"[5,13]",DBFU_PTS;XMACH1_PTS,39,"[-15.0,0.3]",0.0021492,
CYBFU1_table,CYBFU1_table,CYBFU1,,top-level-definition,2,"[5,13]",DBFU_PTS;XMACH1_PTS,40,"[-15.0,0.6]",0.0024144,
CYBFU1_table,CYBFU1_table,CYBFU1,,top-level-definition,2,"[5,13]",DBFU_PTS;XMACH1_PTS,41,"[-15.0,0.8]",0.0027594,
CYBFU1_table,CYBFU1_table,CYBFU1,,top-level-definition,2,"[5,13]",DBFU_PTS;XMACH1_PTS,42,"[-15.0,0.9]",0.0028743,
CYBFU1_table,CYBFU1_table,CYBFU1,,top-level-definition,2,"[5,13]",DBFU_PTS;XMACH1_PTS,43,"[-15.0,0.95]",0.0021156,
CYBFU1_table,CYBFU1_table,CYBFU1,,top-level-definition,2,"[5,13]",DBFU_PTS;XMACH1_PTS,44,"[-15.0,1.1]",0.0016675,
CYBFU1_table,CYBFU1_table,CYBFU1,,top-level-definition,2,"[5,13]",DBFU_PTS;XMACH1_PTS,45,"[-15.0,1.2]",0.0013686,
CYBFU1_table,CYBFU1_table,CYBFU1,,top-level-definition,2,"[5,13]",DBFU_PTS;XMACH1_PTS,46,"[-15.0,1.6]",0.0001733,
CYBFU1_table,CYBFU1_table,CYBFU1,,top-level-definition,2,"[5,13]",DBFU_PTS;XMACH1_PTS,47,"[-15.0,2.0]",-0.00048644,
CYBFU1_table,CYBFU1_table,CYBFU1,,top-level-definition,2,"[5,13]",DBFU_PTS;XMACH1_PTS,48,"[-15.0,2.5]",-0.00030964,
CYBFU1_table,CYBFU1_table,CYBFU1,,top-level-definition,2,"[5,13]",DBFU_PTS;XMACH1_PTS,49,"[-15.0,3.0]",-5.0988e-05,
CYBFU1_table,CYBFU1_table,CYBFU1,,top-level-definition,2,"[5,13]",DBFU_PTS;XMACH1_PTS,50,"[-15.0,3.5]",-7.8814e-05,
CYBFU1_table,CYBFU1_table,CYBFU1,,top-level-definition,2,"[5,13]",DBFU_PTS;XMACH1_PTS,51,"[-15.0,4.0]",-9.8576e-05,
CYBFU1_table,CYBFU1_table,CYBFU1,,top-level-definition,2,"[5,13]",DBFU_PTS;XMACH1_PTS,52,"[0.0,0.3]",0.0,
CYBFU1_table,CYBFU1_table,CYBFU1,,top-level-definition,2,"[5,13]",DBFU_PTS;XMACH1_PTS,53,"[0.0,0.6]",0.0,
CYBFU1_table,CYBFU1_table,CYBFU1,,top-level-definition,2,"[5,13]",DBFU_PTS;XMACH1_PTS,54,"[0.0,0.8]",0.0,
CYBFU1_table,CYBFU1_table,CYBFU1,,top-level-definition,2,"[5,13]",DBFU_PTS;XMACH1_PTS,55,"[0.0,0.9]",0.0,
CYBFU1_table,CYBFU1_table,CYBFU1,,top-level-definition,2,"[5,13]",DBFU_PTS;XMACH1_PTS,56,"[0.0,0.95]",0.0,
CYBFU1_table,CYBFU1_table,CYBFU1,,top-level-definition,2,"[5,13]",DBFU_PTS;XMACH1_PTS,57,"[0.0,1.1]",0.0,
CYBFU1_table,CYBFU1_table,CYBFU1,,top-level-definition,2,"[5,13]",DBFU_PTS;XMACH1_PTS,58,"[0.0,1.2]",0.0,
CYBFU1_table,CYBFU1_table,CYBFU1,,top-level-definition,2,"[5,13]",DBFU_PTS;XMACH1_PTS,59,"[0.0,1.6]",0.0,
CYBFU1_table,CYBFU1_table,CYBFU1,,top-level-definition,2,"[5,13]",DBFU_PTS;XMACH1_PTS,60,"[0.0,2.0]",0.0,
CYBFU1_table,CYBFU1_table,CYBFU1,,top-level-definition,2,"[5,13]",DBFU_PTS;XMACH1_PTS,61,"[0.0,2.5]",0.0,
CYBFU1_table,CYBFU1_table,CYBFU1,,top-level-definition,2,"[5,13]",DBFU_PTS;XMACH1_PTS,62,"[0.0,3.0]",0.0,
CYBFU1_table,CYBFU1_table,CYBFU1,,top-level-definition,2,"[5,13]",DBFU_PTS;XMACH1_PTS,63,"[0.0,3.5]",0.0,
CYBFU1_table,CYBFU1_table,CYBFU1,,top-level-definition,2,"[5,13]",DBFU_PTS;XMACH1_PTS,64,"[0.0,4.0]",0.0,
CYBFU2_table,CYBFU2_table,CYBFU2,,top-level-definition,2,"[5,13]",DBFU_PTS;XMACH1_PTS,0,"[-60.0,0.3]",-0.00011183,
CYBFU2_table,CYBFU2_table,CYBFU2,,top-level-definition,2,"[5,13]",DBFU_PTS;XMACH1_PTS,1,"[-60.0,0.6]",-0.00012564,
CYBFU2_table,CYBFU2_table,CYBFU2,,top-level-definition,2,"[5,13]",DBFU_PTS;XMACH1_PTS,2,"[-60.0,0.8]",-0.00014359,
CYBFU2_table,CYBFU2_table,CYBFU2,,top-level-definition,2,"[5,13]",DBFU_PTS;XMACH1_PTS,3,"[-60.0,0.9]",-0.00014957,
CYBFU2_table,CYBFU2_table,CYBFU2,,top-level-definition,2,"[5,13]",DBFU_PTS;XMACH1_PTS,4,"[-60.0,0.95]",-0.00011009,
CYBFU2_table,CYBFU2_table,CYBFU2,,top-level-definition,2,"[5,13]",DBFU_PTS;XMACH1_PTS,5,"[-60.0,1.1]",-8.3844e-05,
CYBFU2_table,CYBFU2_table,CYBFU2,,top-level-definition,2,"[5,13]",DBFU_PTS;XMACH1_PTS,6,"[-60.0,1.2]",-6.6338e-05,
CYBFU2_table,CYBFU2_table,CYBFU2,,top-level-definition,2,"[5,13]",DBFU_PTS;XMACH1_PTS,7,"[-60.0,1.6]",3.662e-06,
CYBFU2_table,CYBFU2_table,CYBFU2,,top-level-definition,2,"[5,13]",DBFU_PTS;XMACH1_PTS,8,"[-60.0,2.0]",0.00011806,
CYBFU2_table,CYBFU2_table,CYBFU2,,top-level-definition,2,"[5,13]",DBFU_PTS;XMACH1_PTS,9,"[-60.0,2.5]",9.2328e-05,
CYBFU2_table,CYBFU2_table,CYBFU2,,top-level-definition,2,"[5,13]",DBFU_PTS;XMACH1_PTS,10,"[-60.0,3.0]",1.8114e-05,
CYBFU2_table,CYBFU2_table,CYBFU2,,top-level-definition,2,"[5,13]",DBFU_PTS;XMACH1_PTS,11,"[-60.0,3.5]",2.0563e-05,
CYBFU2_table,CYBFU2_table,CYBFU2,,top-level-definition,2,"[5,13]",DBFU_PTS;XMACH1_PTS,12,"[-60.0,4.0]",2.9643e-05,
CYBFU2_table,CYBFU2_table,CYBFU2,,top-level-definition,2,"[5,13]",DBFU_PTS;XMACH1_PTS,13,"[-45.0,0.3]",-4.0343e-05,
CYBFU2_table,CYBFU2_table,CYBFU2,,top-level-definition,2,"[5,13]",DBFU_PTS;XMACH1_PTS,14,"[-45.0,0.6]",-4.5321e-05,
CYBFU2_table,CYBFU2_table,CYBFU2,,top-level-definition,2,"[5,13]",DBFU_PTS;XMACH1_PTS,15,"[-45.0,0.8]",-5.1797e-05,
CYBFU2_table,CYBFU2_table,CYBFU2,,top-level-definition,2,"[5,13]",DBFU_PTS;XMACH1_PTS,16,"[-45.0,0.9]",-5.3954e-05,
CYBFU2_table,CYBFU2_table,CYBFU2,,top-level-definition,2,"[5,13]",DBFU_PTS;XMACH1_PTS,17,"[-45.0,0.95]",-3.9712e-05,
CYBFU2_table,CYBFU2_table,CYBFU2,,top-level-definition,2,"[5,13]",DBFU_PTS;XMACH1_PTS,18,"[-45.0,1.1]",-2.9841e-05,
CYBFU2_table,CYBFU2_table,CYBFU2,,top-level-definition,2,"[5,13]",DBFU_PTS;XMACH1_PTS,19,"[-45.0,1.2]",-2.3256e-05,
CYBFU2_table,CYBFU2_table,CYBFU2,,top-level-definition,2,"[5,13]",DBFU_PTS;XMACH1_PTS,20,"[-45.0,1.6]",3.076e-06,
CYBFU2_table,CYBFU2_table,CYBFU2,,top-level-definition,2,"[5,13]",DBFU_PTS;XMACH1_PTS,21,"[-45.0,2.0]",9.917e-05,
CYBFU2_table,CYBFU2_table,CYBFU2,,top-level-definition,2,"[5,13]",DBFU_PTS;XMACH1_PTS,22,"[-45.0,2.5]",7.7554e-05,
CYBFU2_table,CYBFU2_table,CYBFU2,,top-level-definition,2,"[5,13]",DBFU_PTS;XMACH1_PTS,23,"[-45.0,3.0]",1.5215e-05,
CYBFU2_table,CYBFU2_table,CYBFU2,,top-level-definition,2,"[5,13]",DBFU_PTS;XMACH1_PTS,24,"[-45.0,3.5]",1.7272e-05,
CYBFU2_table,CYBFU2_table,CYBFU2,,top-level-definition,2,"[5,13]",DBFU_PTS;XMACH1_PTS,25,"[-45.0,4.0]",2.4899e-05,
CYBFU2_table,CYBFU2_table,CYBFU2,,top-level-definition,2,"[5,13]",DBFU_PTS;XMACH1_PTS,26,"[-30.0,0.3]",-2.2234e-05,
CYBFU2_table,CYBFU2_table,CYBFU2,,top-level-definition,2,"[5,13]",DBFU_PTS;XMACH1_PTS,27,"[-30.0,0.6]",-2.4978e-05,
CYBFU2_table,CYBFU2_table,CYBFU2,,top-level-definition,2,"[5,13]",DBFU_PTS;XMACH1_PTS,28,"[-30.0,0.8]",-2.8547e-05,
CYBFU2_table,CYBFU2_table,CYBFU2,,top-level-definition,2,"[5,13]",DBFU_PTS;XMACH1_PTS,29,"[-30.0,0.9]",-2.9736e-05,
CYBFU2_table,CYBFU2_table,CYBFU2,,top-level-definition,2,"[5,13]",DBFU_PTS;XMACH1_PTS,30,"[-30.0,0.95]",-2.1886e-05,
CYBFU2_table,CYBFU2_table,CYBFU2,,top-level-definition,2,"[5,13]",DBFU_PTS;XMACH1_PTS,31,"[-30.0,1.1]",-1.633e-05,
CYBFU2_table,CYBFU2_table,CYBFU2,,top-level-definition,2,"[5,13]",DBFU_PTS;XMACH1_PTS,32,"[-30.0,1.2]",-1.2624e-05,
CYBFU2_table,CYBFU2_table,CYBFU2,,top-level-definition,2,"[5,13]",DBFU_PTS;XMACH1_PTS,33,"[-30.0,1.6]",2.1971e-06,
CYBFU2_table,CYBFU2_table,CYBFU2,,top-level-definition,2,"[5,13]",DBFU_PTS;XMACH1_PTS,34,"[-30.0,2.0]",7.0836e-05,
CYBFU2_table,CYBFU2_table,CYBFU2,,top-level-definition,2,"[5,13]",DBFU_PTS;XMACH1_PTS,35,"[-30.0,2.5]",5.5396e-05,
CYBFU2_table,CYBFU2_table,CYBFU2,,top-level-definition,2,"[5,13]",DBFU_PTS;XMACH1_PTS,36,"[-30.0,3.0]",1.0868e-05,
CYBFU2_table,CYBFU2_table,CYBFU2,,top-level-definition,2,"[5,13]",DBFU_PTS;XMACH1_PTS,37,"[-30.0,3.5]",1.2337e-05,
CYBFU2_table,CYBFU2_table,CYBFU2,,top-level-definition,2,"[5,13]",DBFU_PTS;XMACH1_PTS,38,"[-30.0,4.0]",1.7785e-05,
CYBFU2_table,CYBFU2_table,CYBFU2,,top-level-definition,2,"[5,13]",DBFU_PTS;XMACH1_PTS,39,"[-15.0,0.3]",-0.00011768,
CYBFU2_table,CYBFU2_table,CYBFU2,,top-level-definition,2,"[5,13]",DBFU_PTS;XMACH1_PTS,40,"[-15.0,0.6]",-0.0001322,
CYBFU2_table,CYBFU2_table,CYBFU2,,top-level-definition,2,"[5,13]",DBFU_PTS;XMACH1_PTS,41,"[-15.0,0.8]",-0.00015109,
CYBFU2_table,CYBFU2_table,CYBFU2,,top-level-definition,2,"[5,13]",DBFU_PTS;XMACH1_PTS,42,"[-15.0,0.9]",-0.00015739,
CYBFU2_table,CYBFU2_table,CYBFU2,,top-level-definition,2,"[5,13]",DBFU_PTS;XMACH1_PTS,43,"[-15.0,0.95]",-0.00011584,
CYBFU2_table,CYBFU2_table,CYBFU2,,top-level-definition,2,"[5,13]",DBFU_PTS;XMACH1_PTS,44,"[-15.0,1.1]",-8.5965e-05,
CYBFU2_table,CYBFU2_table,CYBFU2,,top-level-definition,2,"[5,13]",DBFU_PTS;XMACH1_PTS,45,"[-15.0,1.2]",-6.6035e-05,
CYBFU2_table,CYBFU2_table,CYBFU2,,top-level-definition,2,"[5,13]",DBFU_PTS;XMACH1_PTS,46,"[-15.0,1.6]",1.3659e-05,
CYBFU2_table,CYBFU2_table,CYBFU2,,top-level-definition,2,"[5,13]",DBFU_PTS;XMACH1_PTS,47,"[-15.0,2.0]",6.4555e-05,
CYBFU2_table,CYBFU2_table,CYBFU2,,top-level-definition,2,"[5,13]",DBFU_PTS;XMACH1_PTS,48,"[-15.0,2.5]",3.1028e-05,
CYBFU2_table,CYBFU2_table,CYBFU2,,top-level-definition,2,"[5,13]",DBFU_PTS;XMACH1_PTS,49,"[-15.0,3.0]",8.939e-07,
CYBFU2_table,CYBFU2_table,CYBFU2,,top-level-definition,2,"[5,13]",DBFU_PTS;XMACH1_PTS,50,"[-15.0,3.5]",2.7947e-06,
CYBFU2_table,CYBFU2_table,CYBFU2,,top-level-definition,2,"[5,13]",DBFU_PTS;XMACH1_PTS,51,"[-15.0,4.0]",5.4732e-06,
CYBFU2_table,CYBFU2_table,CYBFU2,,top-level-definition,2,"[5,13]",DBFU_PTS;XMACH1_PTS,52,"[0.0,0.3]",0.0,
CYBFU2_table,CYBFU2_table,CYBFU2,,top-level-definition,2,"[5,13]",DBFU_PTS;XMACH1_PTS,53,"[0.0,0.6]",0.0,
CYBFU2_table,CYBFU2_table,CYBFU2,,top-level-definition,2,"[5,13]",DBFU_PTS;XMACH1_PTS,54,"[0.0,0.8]",0.0,
CYBFU2_table,CYBFU2_table,CYBFU2,,top-level-definition,2,"[5,13]",DBFU_PTS;XMACH1_PTS,55,"[0.0,0.9]",0.0,
CYBFU2_table,CYBFU2_table,CYBFU2,,top-level-definition,2,"[5,13]",DBFU_PTS;XMACH1_PTS,56,"[0.0,0.95]",0.0,
CYBFU2_table,CYBFU2_table,CYBFU2,,top-level-definition,2,"[5,13]",DBFU_PTS;XMACH1_PTS,57,"[0.0,1.1]",0.0,
CYBFU2_table,CYBFU2_table,CYBFU2,,top-level-definition,2,"[5,13]",DBFU_PTS;XMACH1_PTS,58,"[0.0,1.2]",0.0,
CYBFU2_table,CYBFU2_table,CYBFU2,,top-level-definition,2,"[5,13]",DBFU_PTS;XMACH1_PTS,59,"[0.0,1.6]",0.0,
CYBFU2_table,CYBFU2_table,CYBFU2,,top-level-definition,2,"[5,13]",DBFU_PTS;XMACH1_PTS,60,"[0.0,2.0]",0.0,
CYBFU2_table,CYBFU2_table,CYBFU2,,top-level-definition,2,"[5,13]",DBFU_PTS;XMACH1_PTS,61,"[0.0,2.5]",0.0,
CYBFU2_table,CYBFU2_table,CYBFU2,,top-level-definition,2,"[5,13]",DBFU_PTS;XMACH1_PTS,62,"[0.0,3.0]",0.0,
CYBFU2_table,CYBFU2_table,CYBFU2,,top-level-definition,2,"[5,13]",DBFU_PTS;XMACH1_PTS,63,"[0.0,3.5]",0.0,
CYBFU2_table,CYBFU2_table,CYBFU2,,top-level-definition,2,"[5,13]",DBFU_PTS;XMACH1_PTS,64,"[0.0,4.0]",0.0,
CYBFU3_table,CYBFU3_table,CYBFU3,,top-level-definition,2,"[5,13]",DBFU_PTS;XMACH1_PTS,0,"[-60.0,0.3]",1.1335e-06,
CYBFU3_table,CYBFU3_table,CYBFU3,,top-level-definition,2,"[5,13]",DBFU_PTS;XMACH1_PTS,1,"[-60.0,0.6]",1.2734e-06,
CYBFU3_table,CYBFU3_table,CYBFU3,,top-level-definition,2,"[5,13]",DBFU_PTS;XMACH1_PTS,2,"[-60.0,0.8]",1.4553e-06,
CYBFU3_table,CYBFU3_table,CYBFU3,,top-level-definition,2,"[5,13]",DBFU_PTS;XMACH1_PTS,3,"[-60.0,0.9]",1.5159e-06,
CYBFU3_table,CYBFU3_table,CYBFU3,,top-level-definition,2,"[5,13]",DBFU_PTS;XMACH1_PTS,4,"[-60.0,0.95]",1.1158e-06,
CYBFU3_table,CYBFU3_table,CYBFU3,,top-level-definition,2,"[5,13]",DBFU_PTS;XMACH1_PTS,5,"[-60.0,1.1]",6.6666e-08,
CYBFU3_table,CYBFU3_table,CYBFU3,,top-level-definition,2,"[5,13]",DBFU_PTS;XMACH1_PTS,6,"[-60.0,1.2]",-6.3319e-07,
CYBFU3_table,CYBFU3_table,CYBFU3,,top-level-definition,2,"[5,13]",DBFU_PTS;XMACH1_PTS,7,"[-60.0,1.6]",-3.4317e-06,
CYBFU3_table,CYBFU3_table,CYBFU3,,top-level-definition,2,"[5,13]",DBFU_PTS;XMACH1_PTS,8,"[-60.0,2.0]",-4.1998e-06,
CYBFU3_table,CYBFU3_table,CYBFU3,,top-level-definition,2,"[5,13]",DBFU_PTS;XMACH1_PTS,9,"[-60.0,2.5]",-2.6551e-06,
CYBFU3_table,CYBFU3_table,CYBFU3,,top-level-definition,2,"[5,13]",DBFU_PTS;XMACH1_PTS,10,"[-60.0,3.0]",-2.1052e-07,
CYBFU3_table,CYBFU3_table,CYBFU3,,top-level-definition,2,"[5,13]",DBFU_PTS;XMACH1_PTS,11,"[-60.0,3.5]",-2.3765e-07,
CYBFU3_table,CYBFU3_table,CYBFU3,,top-level-definition,2,"[5,13]",DBFU_PTS;XMACH1_PTS,12,"[-60.0,4.0]",-5.0696e-07,
CYBFU3_table,CYBFU3_table,CYBFU3,,top-level-definition,2,"[5,13]",DBFU_PTS;XMACH1_PTS,13,"[-45.0,0.3]",-9.535e-08,
CYBFU3_table,CYBFU3_table,CYBFU3,,top-level-definition,2,"[5,13]",DBFU_PTS;XMACH1_PTS,14,"[-45.0,0.6]",-1.0712e-07,
CYBFU3_table,CYBFU3_table,CYBFU3,,top-level-definition,2,"[5,13]",DBFU_PTS;XMACH1_PTS,15,"[-45.0,0.8]",-1.2242e-07,
CYBFU3_table,CYBFU3_table,CYBFU3,,top-level-definition,2,"[5,13]",DBFU_PTS;XMACH1_PTS,16,"[-45.0,0.9]",-1.2752e-07,
CYBFU3_table,CYBFU3_table,CYBFU3,,top-level-definition,2,"[5,13]",DBFU_PTS;XMACH1_PTS,17,"[-45.0,0.95]",-9.3859e-08,
CYBFU3_table,CYBFU3_table,CYBFU3,,top-level-definition,2,"[5,13]",DBFU_PTS;XMACH1_PTS,18,"[-45.0,1.1]",-7.3722e-07,
CYBFU3_table,CYBFU3_table,CYBFU3,,top-level-definition,2,"[5,13]",DBFU_PTS;XMACH1_PTS,19,"[-45.0,1.2]",-1.1664e-06,
CYBFU3_table,CYBFU3_table,CYBFU3,,top-level-definition,2,"[5,13]",DBFU_PTS;XMACH1_PTS,20,"[-45.0,1.6]",-2.8826e-06,
CYBFU3_table,CYBFU3_table,CYBFU3,,top-level-definition,2,"[5,13]",DBFU_PTS;XMACH1_PTS,21,"[-45.0,2.0]",-3.5278e-06,
CYBFU3_table,CYBFU3_table,CYBFU3,,top-level-definition,2,"[5,13]",DBFU_PTS;XMACH1_PTS,22,"[-45.0,2.5]",-2.2302e-06,
CYBFU3_table,CYBFU3_table,CYBFU3,,top-level-definition,2,"[5,13]",DBFU_PTS;XMACH1_PTS,23,"[-45.0,3.0]",-1.7683e-07,
CYBFU3_table,CYBFU3_table,CYBFU3,,top-level-definition,2,"[5,13]",DBFU_PTS;XMACH1_PTS,24,"[-45.0,3.5]",-1.9962e-07,
CYBFU3_table,CYBFU3_table,CYBFU3,,top-level-definition,2,"[5,13]",DBFU_PTS;XMACH1_PTS,25,"[-45.0,4.0]",-4.2584e-07,
CYBFU3_table,CYBFU3_table,CYBFU3,,top-level-definition,2,"[5,13]",DBFU_PTS;XMACH1_PTS,26,"[-30.0,0.3]",-5.0394e-07,
CYBFU3_table,CYBFU3_table,CYBFU3,,top-level-definition,2,"[5,13]",DBFU_PTS;XMACH1_PTS,27,"[-30.0,0.6]",-5.6613e-07,
CYBFU3_table,CYBFU3_table,CYBFU3,,top-level-definition,2,"[5,13]",DBFU_PTS;XMACH1_PTS,28,"[-30.0,0.8]",-6.4701e-07,
CYBFU3_table,CYBFU3_table,CYBFU3,,top-level-definition,2,"[5,13]",DBFU_PTS;XMACH1_PTS,29,"[-30.0,0.9]",-6.7396e-07,
CYBFU3_table,CYBFU3_table,CYBFU3,,top-level-definition,2,"[5,13]",DBFU_PTS;XMACH1_PTS,30,"[-30.0,0.95]",-4.9605e-07,
CYBFU3_table,CYBFU3_table,CYBFU3,,top-level-definition,2,"[5,13]",DBFU_PTS;XMACH1_PTS,31,"[-30.0,1.1]",-8.5662e-07,
CYBFU3_table,CYBFU3_table,CYBFU3,,top-level-definition,2,"[5,13]",DBFU_PTS;XMACH1_PTS,32,"[-30.0,1.2]",-1.0972e-06,
CYBFU3_table,CYBFU3_table,CYBFU3,,top-level-definition,2,"[5,13]",DBFU_PTS;XMACH1_PTS,33,"[-30.0,1.6]",-2.059e-06,
CYBFU3_table,CYBFU3_table,CYBFU3,,top-level-definition,2,"[5,13]",DBFU_PTS;XMACH1_PTS,34,"[-30.0,2.0]",-2.5198e-06,
CYBFU3_table,CYBFU3_table,CYBFU3,,top-level-definition,2,"[5,13]",DBFU_PTS;XMACH1_PTS,35,"[-30.0,2.5]",-1.593e-06,
CYBFU3_table,CYBFU3_table,CYBFU3,,top-level-definition,2,"[5,13]",DBFU_PTS;XMACH1_PTS,36,"[-30.0,3.0]",-1.2631e-07,
CYBFU3_table,CYBFU3_table,CYBFU3,,top-level-definition,2,"[5,13]",DBFU_PTS;XMACH1_PTS,37,"[-30.0,3.5]",-1.4259e-07,
CYBFU3_table,CYBFU3_table,CYBFU3,,top-level-definition,2,"[5,13]",DBFU_PTS;XMACH1_PTS,38,"[-30.0,4.0]",-3.0417e-07,
CYBFU3_table,CYBFU3_table,CYBFU3,,top-level-definition,2,"[5,13]",DBFU_PTS;XMACH1_PTS,39,"[-15.0,0.3]",1.6627e-06,
CYBFU3_table,CYBFU3_table,CYBFU3,,top-level-definition,2,"[5,13]",DBFU_PTS;XMACH1_PTS,40,"[-15.0,0.6]",1.8679e-06,
CYBFU3_table,CYBFU3_table,CYBFU3,,top-level-definition,2,"[5,13]",DBFU_PTS;XMACH1_PTS,41,"[-15.0,0.8]",2.1348e-06,
CYBFU3_table,CYBFU3_table,CYBFU3,,top-level-definition,2,"[5,13]",DBFU_PTS;XMACH1_PTS,42,"[-15.0,0.9]",2.2237e-06,
CYBFU3_table,CYBFU3_table,CYBFU3,,top-level-definition,2,"[5,13]",DBFU_PTS;XMACH1_PTS,43,"[-15.0,0.95]",1.6367e-06,
CYBFU3_table,CYBFU3_table,CYBFU3,,top-level-definition,2,"[5,13]",DBFU_PTS;XMACH1_PTS,44,"[-15.0,1.1]",8.2656e-07,
CYBFU3_table,CYBFU3_table,CYBFU3,,top-level-definition,2,"[5,13]",DBFU_PTS;XMACH1_PTS,45,"[-15.0,1.2]",2.8611e-07,
CYBFU3_table,CYBFU3_table,CYBFU3,,top-level-definition,2,"[5,13]",DBFU_PTS;XMACH1_PTS,46,"[-15.0,1.6]",-1.875e-06,
CYBFU3_table,CYBFU3_table,CYBFU3,,top-level-definition,2,"[5,13]",DBFU_PTS;XMACH1_PTS,47,"[-15.0,2.0]",-2.2649e-06,
CYBFU3_table,CYBFU3_table,CYBFU3,,top-level-definition,2,"[5,13]",DBFU_PTS;XMACH1_PTS,48,"[-15.0,2.5]",-9.6644e-07,
CYBFU3_table,CYBFU3_table,CYBFU3,,top-level-definition,2,"[5,13]",DBFU_PTS;XMACH1_PTS,49,"[-15.0,3.0]",1.9767e-09,
CYBFU3_table,CYBFU3_table,CYBFU3,,top-level-definition,2,"[5,13]",DBFU_PTS;XMACH1_PTS,50,"[-15.0,3.5]",-3.0737e-08,
CYBFU3_table,CYBFU3_table,CYBFU3,,top-level-definition,2,"[5,13]",DBFU_PTS;XMACH1_PTS,51,"[-15.0,4.0]",-1.0326e-07,
CYBFU3_table,CYBFU3_table,CYBFU3,,top-level-definition,2,"[5,13]",DBFU_PTS;XMACH1_PTS,52,"[0.0,0.3]",0.0,
CYBFU3_table,CYBFU3_table,CYBFU3,,top-level-definition,2,"[5,13]",DBFU_PTS;XMACH1_PTS,53,"[0.0,0.6]",0.0,
CYBFU3_table,CYBFU3_table,CYBFU3,,top-level-definition,2,"[5,13]",DBFU_PTS;XMACH1_PTS,54,"[0.0,0.8]",0.0,
CYBFU3_table,CYBFU3_table,CYBFU3,,top-level-definition,2,"[5,13]",DBFU_PTS;XMACH1_PTS,55,"[0.0,0.9]",0.0,
CYBFU3_table,CYBFU3_table,CYBFU3,,top-level-definition,2,"[5,13]",DBFU_PTS;XMACH1_PTS,56,"[0.0,0.95]",0.0,
CYBFU3_table,CYBFU3_table,CYBFU3,,top-level-definition,2,"[5,13]",DBFU_PTS;XMACH1_PTS,57,"[0.0,1.1]",0.0,
CYBFU3_table,CYBFU3_table,CYBFU3,,top-level-definition,2,"[5,13]",DBFU_PTS;XMACH1_PTS,58,"[0.0,1.2]",0.0,
CYBFU3_table,CYBFU3_table,CYBFU3,,top-level-definition,2,"[5,13]",DBFU_PTS;XMACH1_PTS,59,"[0.0,1.6]",0.0,
CYBFU3_table,CYBFU3_table,CYBFU3,,top-level-definition,2,"[5,13]",DBFU_PTS;XMACH1_PTS,60,"[0.0,2.0]",0.0,
CYBFU3_table,CYBFU3_table,CYBFU3,,top-level-definition,2,"[5,13]",DBFU_PTS;XMACH1_PTS,61,"[0.0,2.5]",0.0,
CYBFU3_table,CYBFU3_table,CYBFU3,,top-level-definition,2,"[5,13]",DBFU_PTS;XMACH1_PTS,62,"[0.0,3.0]",0.0,
CYBFU3_table,CYBFU3_table,CYBFU3,,top-level-definition,2,"[5,13]",DBFU_PTS;XMACH1_PTS,63,"[0.0,3.5]",0.0,
CYBFU3_table,CYBFU3_table,CYBFU3,,top-level-definition,2,"[5,13]",DBFU_PTS;XMACH1_PTS,64,"[0.0,4.0]",0.0,
CNBFU0_table,CNBFU0_table,CNBFU0,,top-level-definition,2,"[5,13]",DBFU_PTS;XMACH1_PTS,0,"[-60.0,0.3]",-0.00037868,
CNBFU0_table,CNBFU0_table,CNBFU0,,top-level-definition,2,"[5,13]",DBFU_PTS;XMACH1_PTS,1,"[-60.0,0.6]",-0.00042541,
CNBFU0_table,CNBFU0_table,CNBFU0,,top-level-definition,2,"[5,13]",DBFU_PTS;XMACH1_PTS,2,"[-60.0,0.8]",-0.0004862,
CNBFU0_table,CNBFU0_table,CNBFU0,,top-level-definition,2,"[5,13]",DBFU_PTS;XMACH1_PTS,3,"[-60.0,0.9]",-0.00050645,
CNBFU0_table,CNBFU0_table,CNBFU0,,top-level-definition,2,"[5,13]",DBFU_PTS;XMACH1_PTS,4,"[-60.0,0.95]",-0.00037276,
CNBFU0_table,CNBFU0_table,CNBFU0,,top-level-definition,2,"[5,13]",DBFU_PTS;XMACH1_PTS,5,"[-60.0,1.1]",6.9166e-05,
CNBFU0_table,CNBFU0_table,CNBFU0,,top-level-definition,2,"[5,13]",DBFU_PTS;XMACH1_PTS,6,"[-60.0,1.2]",0.00036397,
CNBFU0_table,CNBFU0_table,CNBFU0,,top-level-definition,2,"[5,13]",DBFU_PTS;XMACH1_PTS,7,"[-60.0,1.6]",0.0015428,
CNBFU0_table,CNBFU0_table,CNBFU0,,top-level-definition,2,"[5,13]",DBFU_PTS;XMACH1_PTS,8,"[-60.0,2.0]",-0.0050035,
CNBFU0_table,CNBFU0_table,CNBFU0,,top-level-definition,2,"[5,13]",DBFU_PTS;XMACH1_PTS,9,"[-60.0,2.5]",-0.0069929,
CNBFU0_table,CNBFU0_table,CNBFU0,,top-level-definition,2,"[5,13]",DBFU_PTS;XMACH1_PTS,10,"[-60.0,3.0]",-0.0073359,
CNBFU0_table,CNBFU0_table,CNBFU0,,top-level-definition,2,"[5,13]",DBFU_PTS;XMACH1_PTS,11,"[-60.0,3.5]",-0.0066325,
CNBFU0_table,CNBFU0_table,CNBFU0,,top-level-definition,2,"[5,13]",DBFU_PTS;XMACH1_PTS,12,"[-60.0,4.0]",-0.0058278,
CNBFU0_table,CNBFU0_table,CNBFU0,,top-level-definition,2,"[5,13]",DBFU_PTS;XMACH1_PTS,13,"[-45.0,0.3]",-0.0031569,
CNBFU0_table,CNBFU0_table,CNBFU0,,top-level-definition,2,"[5,13]",DBFU_PTS;XMACH1_PTS,14,"[-45.0,0.6]",-0.0035465,
CNBFU0_table,CNBFU0_table,CNBFU0,,top-level-definition,2,"[5,13]",DBFU_PTS;XMACH1_PTS,15,"[-45.0,0.8]",-0.0040533,
CNBFU0_table,CNBFU0_table,CNBFU0,,top-level-definition,2,"[5,13]",DBFU_PTS;XMACH1_PTS,16,"[-45.0,0.9]",-0.0042221,
CNBFU0_table,CNBFU0_table,CNBFU0,,top-level-definition,2,"[5,13]",DBFU_PTS;XMACH1_PTS,17,"[-45.0,0.95]",-0.0031076,
CNBFU0_table,CNBFU0_table,CNBFU0,,top-level-definition,2,"[5,13]",DBFU_PTS;XMACH1_PTS,18,"[-45.0,1.1]",-0.0020917,
CNBFU0_table,CNBFU0_table,CNBFU0,,top-level-definition,2,"[5,13]",DBFU_PTS;XMACH1_PTS,19,"[-45.0,1.2]",-0.001414,
CNBFU0_table,CNBFU0_table,CNBFU0,,top-level-definition,2,"[5,13]",DBFU_PTS;XMACH1_PTS,20,"[-45.0,1.6]",0.0012959,
CNBFU0_table,CNBFU0_table,CNBFU0,,top-level-definition,2,"[5,13]",DBFU_PTS;XMACH1_PTS,21,"[-45.0,2.0]",-0.0042028,
CNBFU0_table,CNBFU0_table,CNBFU0,,top-level-definition,2,"[5,13]",DBFU_PTS;XMACH1_PTS,22,"[-45.0,2.5]",-0.0058739,
CNBFU0_table,CNBFU0_table,CNBFU0,,top-level-definition,2,"[5,13]",DBFU_PTS;XMACH1_PTS,23,"[-45.0,3.0]",-0.006162,
CNBFU0_table,CNBFU0_table,CNBFU0,,top-level-definition,2,"[5,13]",DBFU_PTS;XMACH1_PTS,24,"[-45.0,3.5]",-0.0055712,
CNBFU0_table,CNBFU0_table,CNBFU0,,top-level-definition,2,"[5,13]",DBFU_PTS;XMACH1_PTS,25,"[-45.0,4.0]",-0.0048953,
CNBFU0_table,CNBFU0_table,CNBFU0,,top-level-definition,2,"[5,13]",DBFU_PTS;XMACH1_PTS,26,"[-30.0,0.3]",-0.0017404,
CNBFU0_table,CNBFU0_table,CNBFU0,,top-level-definition,2,"[5,13]",DBFU_PTS;XMACH1_PTS,27,"[-30.0,0.6]",-0.0019552,
CNBFU0_table,CNBFU0_table,CNBFU0,,top-level-definition,2,"[5,13]",DBFU_PTS;XMACH1_PTS,28,"[-30.0,0.8]",-0.0022346,
CNBFU0_table,CNBFU0_table,CNBFU0,,top-level-definition,2,"[5,13]",DBFU_PTS;XMACH1_PTS,29,"[-30.0,0.9]",-0.0023277,
CNBFU0_table,CNBFU0_table,CNBFU0,,top-level-definition,2,"[5,13]",DBFU_PTS;XMACH1_PTS,30,"[-30.0,0.95]",-0.0017132,
CNBFU0_table,CNBFU0_table,CNBFU0,,top-level-definition,2,"[5,13]",DBFU_PTS;XMACH1_PTS,31,"[-30.0,1.1]",-0.0011044,
CNBFU0_table,CNBFU0_table,CNBFU0,,top-level-definition,2,"[5,13]",DBFU_PTS;XMACH1_PTS,32,"[-30.0,1.2]",-0.0006983,
CNBFU0_table,CNBFU0_table,CNBFU0,,top-level-definition,2,"[5,13]",DBFU_PTS;XMACH1_PTS,33,"[-30.0,1.6]",0.00092568,
CNBFU0_table,CNBFU0_table,CNBFU0,,top-level-definition,2,"[5,13]",DBFU_PTS;XMACH1_PTS,34,"[-30.0,2.0]",-0.003002,
CNBFU0_table,CNBFU0_table,CNBFU0,,top-level-definition,2,"[5,13]",DBFU_PTS;XMACH1_PTS,35,"[-30.0,2.5]",-0.0041956,
CNBFU0_table,CNBFU0_table,CNBFU0,,top-level-definition,2,"[5,13]",DBFU_PTS;XMACH1_PTS,36,"[-30.0,3.0]",-0.0044014,
CNBFU0_table,CNBFU0_table,CNBFU0,,top-level-definition,2,"[5,13]",DBFU_PTS;XMACH1_PTS,37,"[-30.0,3.5]",-0.0039794,
CNBFU0_table,CNBFU0_table,CNBFU0,,top-level-definition,2,"[5,13]",DBFU_PTS;XMACH1_PTS,38,"[-30.0,4.0]",-0.0034966,
CNBFU0_table,CNBFU0_table,CNBFU0,,top-level-definition,2,"[5,13]",DBFU_PTS;XMACH1_PTS,39,"[-15.0,0.3]",0.00035236,
CNBFU0_table,CNBFU0_table,CNBFU0,,top-level-definition,2,"[5,13]",DBFU_PTS;XMACH1_PTS,40,"[-15.0,0.6]",0.00039584,
CNBFU0_table,CNBFU0_table,CNBFU0,,top-level-definition,2,"[5,13]",DBFU_PTS;XMACH1_PTS,41,"[-15.0,0.8]",0.0004524,
CNBFU0_table,CNBFU0_table,CNBFU0,,top-level-definition,2,"[5,13]",DBFU_PTS;XMACH1_PTS,42,"[-15.0,0.9]",0.00047125,
CNBFU0_table,CNBFU0_table,CNBFU0,,top-level-definition,2,"[5,13]",DBFU_PTS;XMACH1_PTS,43,"[-15.0,0.95]",0.00034685,
CNBFU0_table,CNBFU0_table,CNBFU0,,top-level-definition,2,"[5,13]",DBFU_PTS;XMACH1_PTS,44,"[-15.0,1.1]",0.00032076,
CNBFU0_table,CNBFU0_table,CNBFU0,,top-level-definition,2,"[5,13]",DBFU_PTS;XMACH1_PTS,45,"[-15.0,1.2]",0.00030336,
CNBFU0_table,CNBFU0_table,CNBFU0,,top-level-definition,2,"[5,13]",DBFU_PTS;XMACH1_PTS,46,"[-15.0,1.6]",0.00023378,
CNBFU0_table,CNBFU0_table,CNBFU0,,top-level-definition,2,"[5,13]",DBFU_PTS;XMACH1_PTS,47,"[-15.0,2.0]",-0.0013982,
CNBFU0_table,CNBFU0_table,CNBFU0,,top-level-definition,2,"[5,13]",DBFU_PTS;XMACH1_PTS,48,"[-15.0,2.5]",-0.0013986,
CNBFU0_table,CNBFU0_table,CNBFU0,,top-level-definition,2,"[5,13]",DBFU_PTS;XMACH1_PTS,49,"[-15.0,3.0]",-0.0018568,
CNBFU0_table,CNBFU0_table,CNBFU0,,top-level-definition,2,"[5,13]",DBFU_PTS;XMACH1_PTS,50,"[-15.0,3.5]",-0.0014622,
CNBFU0_table,CNBFU0_table,CNBFU0,,top-level-definition,2,"[5,13]",DBFU_PTS;XMACH1_PTS,51,"[-15.0,4.0]",-0.0011847,
CNBFU0_table,CNBFU0_table,CNBFU0,,top-level-definition,2,"[5,13]",DBFU_PTS;XMACH1_PTS,52,"[0.0,0.3]",0.0,
CNBFU0_table,CNBFU0_table,CNBFU0,,top-level-definition,2,"[5,13]",DBFU_PTS;XMACH1_PTS,53,"[0.0,0.6]",0.0,
CNBFU0_table,CNBFU0_table,CNBFU0,,top-level-definition,2,"[5,13]",DBFU_PTS;XMACH1_PTS,54,"[0.0,0.8]",0.0,
CNBFU0_table,CNBFU0_table,CNBFU0,,top-level-definition,2,"[5,13]",DBFU_PTS;XMACH1_PTS,55,"[0.0,0.9]",0.0,
CNBFU0_table,CNBFU0_table,CNBFU0,,top-level-definition,2,"[5,13]",DBFU_PTS;XMACH1_PTS,56,"[0.0,0.95]",0.0,
CNBFU0_table,CNBFU0_table,CNBFU0,,top-level-definition,2,"[5,13]",DBFU_PTS;XMACH1_PTS,57,"[0.0,1.1]",0.0,
CNBFU0_table,CNBFU0_table,CNBFU0,,top-level-definition,2,"[5,13]",DBFU_PTS;XMACH1_PTS,58,"[0.0,1.2]",0.0,
CNBFU0_table,CNBFU0_table,CNBFU0,,top-level-definition,2,"[5,13]",DBFU_PTS;XMACH1_PTS,59,"[0.0,1.6]",0.0,
CNBFU0_table,CNBFU0_table,CNBFU0,,top-level-definition,2,"[5,13]",DBFU_PTS;XMACH1_PTS,60,"[0.0,2.0]",0.0,
CNBFU0_table,CNBFU0_table,CNBFU0,,top-level-definition,2,"[5,13]",DBFU_PTS;XMACH1_PTS,61,"[0.0,2.5]",0.0,
CNBFU0_table,CNBFU0_table,CNBFU0,,top-level-definition,2,"[5,13]",DBFU_PTS;XMACH1_PTS,62,"[0.0,3.0]",0.0,
CNBFU0_table,CNBFU0_table,CNBFU0,,top-level-definition,2,"[5,13]",DBFU_PTS;XMACH1_PTS,63,"[0.0,3.5]",0.0,
CNBFU0_table,CNBFU0_table,CNBFU0,,top-level-definition,2,"[5,13]",DBFU_PTS;XMACH1_PTS,64,"[0.0,4.0]",0.0,
CNBFU1_table,CNBFU1_table,CNBFU1,,top-level-definition,2,"[5,13]",DBFU_PTS;XMACH1_PTS,0,"[-60.0,0.3]",-0.00054643,
CNBFU1_table,CNBFU1_table,CNBFU1,,top-level-definition,2,"[5,13]",DBFU_PTS;XMACH1_PTS,1,"[-60.0,0.6]",-0.00061386,
CNBFU1_table,CNBFU1_table,CNBFU1,,top-level-definition,2,"[5,13]",DBFU_PTS;XMACH1_PTS,2,"[-60.0,0.8]",-0.00070157,
CNBFU1_table,CNBFU1_table,CNBFU1,,top-level-definition,2,"[5,13]",DBFU_PTS;XMACH1_PTS,3,"[-60.0,0.9]",-0.00073079,
CNBFU1_table,CNBFU1_table,CNBFU1,,top-level-definition,2,"[5,13]",DBFU_PTS;XMACH1_PTS,4,"[-60.0,0.95]",-0.00053788,
CNBFU1_table,CNBFU1_table,CNBFU1,,top-level-definition,2,"[5,13]",DBFU_PTS;XMACH1_PTS,5,"[-60.0,1.1]",-0.00050942,
CNBFU1_table,CNBFU1_table,CNBFU1,,top-level-definition,2,"[5,13]",DBFU_PTS;XMACH1_PTS,6,"[-60.0,1.2]",-0.00049043,
CNBFU1_table,CNBFU1_table,CNBFU1,,top-level-definition,2,"[5,13]",DBFU_PTS;XMACH1_PTS,7,"[-60.0,1.6]",-0.00041451,
CNBFU1_table,CNBFU1_table,CNBFU1,,top-level-definition,2,"[5,13]",DBFU_PTS;XMACH1_PTS,8,"[-60.0,2.0]",0.00076713,
CNBFU1_table,CNBFU1_table,CNBFU1,,top-level-definition,2,"[5,13]",DBFU_PTS;XMACH1_PTS,9,"[-60.0,2.5]",0.0010304,
CNBFU1_table,CNBFU1_table,CNBFU1,,top-level-definition,2,"[5,13]",DBFU_PTS;XMACH1_PTS,10,"[-60.0,3.0]",0.00076892,
CNBFU1_table,CNBFU1_table,CNBFU1,,top-level-definition,2,"[5,13]",DBFU_PTS;XMACH1_PTS,11,"[-60.0,3.5]",0.00070494,
CNBFU1_table,CNBFU1_table,CNBFU1,,top-level-definition,2,"[5,13]",DBFU_PTS;XMACH1_PTS,12,"[-60.0,4.0]",0.00066562,
CNBFU1_table,CNBFU1_table,CNBFU1,,top-level-definition,2,"[5,13]",DBFU_PTS;XMACH1_PTS,13,"[-45.0,0.3]",-0.00025349,
CNBFU1_table,CNBFU1_table,CNBFU1,,top-level-definition,2,"[5,13]",DBFU_PTS;XMACH1_PTS,14,"[-45.0,0.6]",-0.00028477,
CNBFU1_table,CNBFU1_table,CNBFU1,,top-level-definition,2,"[5,13]",DBFU_PTS;XMACH1_PTS,15,"[-45.0,0.8]",-0.00032546,
CNBFU1_table,CNBFU1_table,CNBFU1,,top-level-definition,2,"[5,13]",DBFU_PTS;XMACH1_PTS,16,"[-45.0,0.9]",-0.00033902,
CNBFU1_table,CNBFU1_table,CNBFU1,,top-level-definition,2,"[5,13]",DBFU_PTS;XMACH1_PTS,17,"[-45.0,0.95]",-0.00024953,
CNBFU1_table,CNBFU1_table,CNBFU1,,top-level-definition,2,"[5,13]",DBFU_PTS;XMACH1_PTS,18,"[-45.0,1.1]",-0.00027229,
CNBFU1_table,CNBFU1_table,CNBFU1,,top-level-definition,2,"[5,13]",DBFU_PTS;XMACH1_PTS,19,"[-45.0,1.2]",-0.00028747,
CNBFU1_table,CNBFU1_table,CNBFU1,,top-level-definition,2,"[5,13]",DBFU_PTS;XMACH1_PTS,20,"[-45.0,1.6]",-0.00034818,
CNBFU1_table,CNBFU1_table,CNBFU1,,top-level-definition,2,"[5,13]",DBFU_PTS;XMACH1_PTS,21,"[-45.0,2.0]",0.00064438,
CNBFU1_table,CNBFU1_table,CNBFU1,,top-level-definition,2,"[5,13]",DBFU_PTS;XMACH1_PTS,22,"[-45.0,2.5]",0.00086552,
CNBFU1_table,CNBFU1_table,CNBFU1,,top-level-definition,2,"[5,13]",DBFU_PTS;XMACH1_PTS,23,"[-45.0,3.0]",0.00064588,
CNBFU1_table,CNBFU1_table,CNBFU1,,top-level-definition,2,"[5,13]",DBFU_PTS;XMACH1_PTS,24,"[-45.0,3.5]",0.00059214,
CNBFU1_table,CNBFU1_table,CNBFU1,,top-level-definition,2,"[5,13]",DBFU_PTS;XMACH1_PTS,25,"[-45.0,4.0]",0.00055911,
CNBFU1_table,CNBFU1_table,CNBFU1,,top-level-definition,2,"[5,13]",DBFU_PTS;XMACH1_PTS,26,"[-30.0,0.3]",-0.00017723,
CNBFU1_table,CNBFU1_table,CNBFU1,,top-level-definition,2,"[5,13]",DBFU_PTS;XMACH1_PTS,27,"[-30.0,0.6]",-0.00019911,
CNBFU1_table,CNBFU1_table,CNBFU1,,top-level-definition,2,"[5,13]",DBFU_PTS;XMACH1_PTS,28,"[-30.0,0.8]",-0.00022755,
CNBFU1_table,CNBFU1_table,CNBFU1,,top-level-definition,2,"[5,13]",DBFU_PTS;XMACH1_PTS,29,"[-30.0,0.9]",-0.00023703,
CNBFU1_table,CNBFU1_table,CNBFU1,,top-level-definition,2,"[5,13]",DBFU_PTS;XMACH1_PTS,30,"[-30.0,0.95]",-0.00017446,
CNBFU1_table,CNBFU1_table,CNBFU1,,top-level-definition,2,"[5,13]",DBFU_PTS;XMACH1_PTS,31,"[-30.0,1.1]",-0.00019159,
CNBFU1_table,CNBFU1_table,CNBFU1,,top-level-definition,2,"[5,13]",DBFU_PTS;XMACH1_PTS,32,"[-30.0,1.2]",-0.00020301,
CNBFU1_table,CNBFU1_table,CNBFU1,,top-level-definition,2,"[5,13]",DBFU_PTS;XMACH1_PTS,33,"[-30.0,1.6]",-0.0002487,
CNBFU1_table,CNBFU1_table,CNBFU1,,top-level-definition,2,"[5,13]",DBFU_PTS;XMACH1_PTS,34,"[-30.0,2.0]",0.00046027,
CNBFU1_table,CNBFU1_table,CNBFU1,,top-level-definition,2,"[5,13]",DBFU_PTS;XMACH1_PTS,35,"[-30.0,2.5]",0.00061823,
CNBFU1_table,CNBFU1_table,CNBFU1,,top-level-definition,2,"[5,13]",DBFU_PTS;XMACH1_PTS,36,"[-30.0,3.0]",0.00046134,
CNBFU1_table,CNBFU1_table,CNBFU1,,top-level-definition,2,"[5,13]",DBFU_PTS;XMACH1_PTS,37,"[-30.0,3.5]",0.00042296,
CNBFU1_table,CNBFU1_table,CNBFU1,,top-level-definition,2,"[5,13]",DBFU_PTS;XMACH1_PTS,38,"[-30.0,4.0]",0.00039936,
CNBFU1_table,CNBFU1_table,CNBFU1,,top-level-definition,2,"[5,13]",DBFU_PTS;XMACH1_PTS,39,"[-15.0,0.3]",-0.00035248,
CNBFU1_table,CNBFU1_table,CNBFU1,,top-level-definition,2,"[5,13]",DBFU_PTS;XMACH1_PTS,40,"[-15.0,0.6]",-0.00039598,
CNBFU1_table,CNBFU1_table,CNBFU1,,top-level-definition,2,"[5,13]",DBFU_PTS;XMACH1_PTS,41,"[-15.0,0.8]",-0.00045256,
CNBFU1_table,CNBFU1_table,CNBFU1,,top-level-definition,2,"[5,13]",DBFU_PTS;XMACH1_PTS,42,"[-15.0,0.9]",-0.00047141,
CNBFU1_table,CNBFU1_table,CNBFU1,,top-level-definition,2,"[5,13]",DBFU_PTS;XMACH1_PTS,43,"[-15.0,0.95]",-0.00034697,
CNBFU1_table,CNBFU1_table,CNBFU1,,top-level-definition,2,"[5,13]",DBFU_PTS;XMACH1_PTS,44,"[-15.0,1.1]",-0.00030611,
CNBFU1_table,CNBFU1_table,CNBFU1,,top-level-definition,2,"[5,13]",DBFU_PTS;XMACH1_PTS,45,"[-15.0,1.2]",-0.00027885,
CNBFU1_table,CNBFU1_table,CNBFU1,,top-level-definition,2,"[5,13]",DBFU_PTS;XMACH1_PTS,46,"[-15.0,1.6]",-0.00016985,
CNBFU1_table,CNBFU1_table,CNBFU1,,top-level-definition,2,"[5,13]",DBFU_PTS;XMACH1_PTS,47,"[-15.0,2.0]",0.00034005,
CNBFU1_table,CNBFU1_table,CNBFU1,,top-level-definition,2,"[5,13]",DBFU_PTS;XMACH1_PTS,48,"[-15.0,2.5]",0.00031515,
CNBFU1_table,CNBFU1_table,CNBFU1,,top-level-definition,2,"[5,13]",DBFU_PTS;XMACH1_PTS,49,"[-15.0,3.0]",0.00019299,
CNBFU1_table,CNBFU1_table,CNBFU1,,top-level-definition,2,"[5,13]",DBFU_PTS;XMACH1_PTS,50,"[-15.0,3.5]",0.00014759,
CNBFU1_table,CNBFU1_table,CNBFU1,,top-level-definition,2,"[5,13]",DBFU_PTS;XMACH1_PTS,51,"[-15.0,4.0]",0.00013495,
CNBFU1_table,CNBFU1_table,CNBFU1,,top-level-definition,2,"[5,13]",DBFU_PTS;XMACH1_PTS,52,"[0.0,0.3]",0.0,
CNBFU1_table,CNBFU1_table,CNBFU1,,top-level-definition,2,"[5,13]",DBFU_PTS;XMACH1_PTS,53,"[0.0,0.6]",0.0,
CNBFU1_table,CNBFU1_table,CNBFU1,,top-level-definition,2,"[5,13]",DBFU_PTS;XMACH1_PTS,54,"[0.0,0.8]",0.0,
CNBFU1_table,CNBFU1_table,CNBFU1,,top-level-definition,2,"[5,13]",DBFU_PTS;XMACH1_PTS,55,"[0.0,0.9]",0.0,
CNBFU1_table,CNBFU1_table,CNBFU1,,top-level-definition,2,"[5,13]",DBFU_PTS;XMACH1_PTS,56,"[0.0,0.95]",0.0,
CNBFU1_table,CNBFU1_table,CNBFU1,,top-level-definition,2,"[5,13]",DBFU_PTS;XMACH1_PTS,57,"[0.0,1.1]",0.0,
CNBFU1_table,CNBFU1_table,CNBFU1,,top-level-definition,2,"[5,13]",DBFU_PTS;XMACH1_PTS,58,"[0.0,1.2]",0.0,
CNBFU1_table,CNBFU1_table,CNBFU1,,top-level-definition,2,"[5,13]",DBFU_PTS;XMACH1_PTS,59,"[0.0,1.6]",0.0,
CNBFU1_table,CNBFU1_table,CNBFU1,,top-level-definition,2,"[5,13]",DBFU_PTS;XMACH1_PTS,60,"[0.0,2.0]",0.0,
CNBFU1_table,CNBFU1_table,CNBFU1,,top-level-definition,2,"[5,13]",DBFU_PTS;XMACH1_PTS,61,"[0.0,2.5]",0.0,
CNBFU1_table,CNBFU1_table,CNBFU1,,top-level-definition,2,"[5,13]",DBFU_PTS;XMACH1_PTS,62,"[0.0,3.0]",0.0,
CNBFU1_table,CNBFU1_table,CNBFU1,,top-level-definition,2,"[5,13]",DBFU_PTS;XMACH1_PTS,63,"[0.0,3.5]",0.0,
CNBFU1_table,CNBFU1_table,CNBFU1,,top-level-definition,2,"[5,13]",DBFU_PTS;XMACH1_PTS,64,"[0.0,4.0]",0.0,
CNBFU2_table,CNBFU2_table,CNBFU2,,top-level-definition,2,"[5,13]",DBFU_PTS;XMACH1_PTS,0,"[-60.0,0.3]",8.0448e-06,
CNBFU2_table,CNBFU2_table,CNBFU2,,top-level-definition,2,"[5,13]",DBFU_PTS;XMACH1_PTS,1,"[-60.0,0.6]",9.0376e-06,
CNBFU2_table,CNBFU2_table,CNBFU2,,top-level-definition,2,"[5,13]",DBFU_PTS;XMACH1_PTS,2,"[-60.0,0.8]",1.0329e-05,
CNBFU2_table,CNBFU2_table,CNBFU2,,top-level-definition,2,"[5,13]",DBFU_PTS;XMACH1_PTS,3,"[-60.0,0.9]",1.0759e-05,
CNBFU2_table,CNBFU2_table,CNBFU2,,top-level-definition,2,"[5,13]",DBFU_PTS;XMACH1_PTS,4,"[-60.0,0.95]",7.9189e-06,
CNBFU2_table,CNBFU2_table,CNBFU2,,top-level-definition,2,"[5,13]",DBFU_PTS;XMACH1_PTS,5,"[-60.0,1.1]",-3.172e-06,
CNBFU2_table,CNBFU2_table,CNBFU2,,top-level-definition,2,"[5,13]",DBFU_PTS;XMACH1_PTS,6,"[-60.0,1.2]",-1.0571e-05,
CNBFU2_table,CNBFU2_table,CNBFU2,,top-level-definition,2,"[5,13]",DBFU_PTS;XMACH1_PTS,7,"[-60.0,1.6]",-4.0156e-05,
CNBFU2_table,CNBFU2_table,CNBFU2,,top-level-definition,2,"[5,13]",DBFU_PTS;XMACH1_PTS,8,"[-60.0,2.0]",-4.0094e-05,
CNBFU2_table,CNBFU2_table,CNBFU2,,top-level-definition,2,"[5,13]",DBFU_PTS;XMACH1_PTS,9,"[-60.0,2.5]",-5.5069e-05,
CNBFU2_table,CNBFU2_table,CNBFU2,,top-level-definition,2,"[5,13]",DBFU_PTS;XMACH1_PTS,10,"[-60.0,3.0]",-2.7021e-05,
CNBFU2_table,CNBFU2_table,CNBFU2,,top-level-definition,2,"[5,13]",DBFU_PTS;XMACH1_PTS,11,"[-60.0,3.5]",-2.5463e-05,
CNBFU2_table,CNBFU2_table,CNBFU2,,top-level-definition,2,"[5,13]",DBFU_PTS;XMACH1_PTS,12,"[-60.0,4.0]",-2.6724e-05,
CNBFU2_table,CNBFU2_table,CNBFU2,,top-level-definition,2,"[5,13]",DBFU_PTS;XMACH1_PTS,13,"[-45.0,0.3]",1.1645e-05,
CNBFU2_table,CNBFU2_table,CNBFU2,,top-level-definition,2,"[5,13]",DBFU_PTS;XMACH1_PTS,14,"[-45.0,0.6]",1.3082e-05,
CNBFU2_table,CNBFU2_table,CNBFU2,,top-level-definition,2,"[5,13]",DBFU_PTS;XMACH1_PTS,15,"[-45.0,0.8]",1.4951e-05,
CNBFU2_table,CNBFU2_table,CNBFU2,,top-level-definition,2,"[5,13]",DBFU_PTS;XMACH1_PTS,16,"[-45.0,0.9]",1.5573e-05,
CNBFU2_table,CNBFU2_table,CNBFU2,,top-level-definition,2,"[5,13]",DBFU_PTS;XMACH1_PTS,17,"[-45.0,0.95]",1.1462e-05,
CNBFU2_table,CNBFU2_table,CNBFU2,,top-level-definition,2,"[5,13]",DBFU_PTS;XMACH1_PTS,18,"[-45.0,1.1]",1.0365e-06,
CNBFU2_table,CNBFU2_table,CNBFU2,,top-level-definition,2,"[5,13]",DBFU_PTS;XMACH1_PTS,19,"[-45.0,1.2]",-5.9187e-06,
CNBFU2_table,CNBFU2_table,CNBFU2,,top-level-definition,2,"[5,13]",DBFU_PTS;XMACH1_PTS,20,"[-45.0,1.6]",-3.373e-05,
CNBFU2_table,CNBFU2_table,CNBFU2,,top-level-definition,2,"[5,13]",DBFU_PTS;XMACH1_PTS,21,"[-45.0,2.0]",-3.3678e-05,
CNBFU2_table,CNBFU2_table,CNBFU2,,top-level-definition,2,"[5,13]",DBFU_PTS;XMACH1_PTS,22,"[-45.0,2.5]",-4.6257e-05,
CNBFU2_table,CNBFU2_table,CNBFU2,,top-level-definition,2,"[5,13]",DBFU_PTS;XMACH1_PTS,23,"[-45.0,3.0]",-2.2697e-05,
CNBFU2_table,CNBFU2_table,CNBFU2,,top-level-definition,2,"[5,13]",DBFU_PTS;XMACH1_PTS,24,"[-45.0,3.5]",-2.1388e-05,
CNBFU2_table,CNBFU2_table,CNBFU2,,top-level-definition,2,"[5,13]",DBFU_PTS;XMACH1_PTS,25,"[-45.0,4.0]",-2.2448e-05,
CNBFU2_table,CNBFU2_table,CNBFU2,,top-level-definition,2,"[5,13]",DBFU_PTS;XMACH1_PTS,26,"[-30.0,0.3]",4.3102e-06,
CNBFU2_table,CNBFU2_table,CNBFU2,,top-level-definition,2,"[5,13]",DBFU_PTS;XMACH1_PTS,27,"[-30.0,0.6]",4.8421e-06,
CNBFU2_table,CNBFU2_table,CNBFU2,,top-level-definition,2,"[5,13]",DBFU_PTS;XMACH1_PTS,28,"[-30.0,0.8]",5.5339e-06,
CNBFU2_table,CNBFU2_table,CNBFU2,,top-level-definition,2,"[5,13]",DBFU_PTS;XMACH1_PTS,29,"[-30.0,0.9]",5.7644e-06,
CNBFU2_table,CNBFU2_table,CNBFU2,,top-level-definition,2,"[5,13]",DBFU_PTS;XMACH1_PTS,30,"[-30.0,0.95]",4.2428e-06,
CNBFU2_table,CNBFU2_table,CNBFU2,,top-level-definition,2,"[5,13]",DBFU_PTS;XMACH1_PTS,31,"[-30.0,1.1]",-2.2943e-06,
CNBFU2_table,CNBFU2_table,CNBFU2,,top-level-definition,2,"[5,13]",DBFU_PTS;XMACH1_PTS,32,"[-30.0,1.2]",-6.6552e-06,
CNBFU2_table,CNBFU2_table,CNBFU2,,top-level-definition,2,"[5,13]",DBFU_PTS;XMACH1_PTS,33,"[-30.0,1.6]",-2.4093e-05,
CNBFU2_table,CNBFU2_table,CNBFU2,,top-level-definition,2,"[5,13]",DBFU_PTS;XMACH1_PTS,34,"[-30.0,2.0]",-2.4056e-05,
CNBFU2_table,CNBFU2_table,CNBFU2,,top-level-definition,2,"[5,13]",DBFU_PTS;XMACH1_PTS,35,"[-30.0,2.5]",-3.3041e-05,
CNBFU2_table,CNBFU2_table,CNBFU2,,top-level-definition,2,"[5,13]",DBFU_PTS;XMACH1_PTS,36,"[-30.0,3.0]",-1.6212e-05,
CNBFU2_table,CNBFU2_table,CNBFU2,,top-level-definition,2,"[5,13]",DBFU_PTS;XMACH1_PTS,37,"[-30.0,3.5]",-1.5277e-05,
CNBFU2_table,CNBFU2_table,CNBFU2,,top-level-definition,2,"[5,13]",DBFU_PTS;XMACH1_PTS,38,"[-30.0,4.0]",-1.6034e-05,
CNBFU2_table,CNBFU2_table,CNBFU2,,top-level-definition,2,"[5,13]",DBFU_PTS;XMACH1_PTS,39,"[-15.0,0.3]",1.6846e-05,
CNBFU2_table,CNBFU2_table,CNBFU2,,top-level-definition,2,"[5,13]",DBFU_PTS;XMACH1_PTS,40,"[-15.0,0.6]",1.8925e-05,
CNBFU2_table,CNBFU2_table,CNBFU2,,top-level-definition,2,"[5,13]",DBFU_PTS;XMACH1_PTS,41,"[-15.0,0.8]",2.1629e-05,
CNBFU2_table,CNBFU2_table,CNBFU2,,top-level-definition,2,"[5,13]",DBFU_PTS;XMACH1_PTS,42,"[-15.0,0.9]",2.253e-05,
CNBFU2_table,CNBFU2_table,CNBFU2,,top-level-definition,2,"[5,13]",DBFU_PTS;XMACH1_PTS,43,"[-15.0,0.95]",1.6583e-05,
CNBFU2_table,CNBFU2_table,CNBFU2,,top-level-definition,2,"[5,13]",DBFU_PTS;XMACH1_PTS,44,"[-15.0,1.1]",1.0922e-05,
CNBFU2_table,CNBFU2_table,CNBFU2,,top-level-definition,2,"[5,13]",DBFU_PTS;XMACH1_PTS,45,"[-15.0,1.2]",7.1464e-06,
CNBFU2_table,CNBFU2_table,CNBFU2,,top-level-definition,2,"[5,13]",DBFU_PTS;XMACH1_PTS,46,"[-15.0,1.6]",-7.9524e-06,
CNBFU2_table,CNBFU2_table,CNBFU2,,top-level-definition,2,"[5,13]",DBFU_PTS;XMACH1_PTS,47,"[-15.0,2.0]",-2.2766e-05,
CNBFU2_table,CNBFU2_table,CNBFU2,,top-level-definition,2,"[5,13]",DBFU_PTS;XMACH1_PTS,48,"[-15.0,2.5]",-2.6435e-05,
CNBFU2_table,CNBFU2_table,CNBFU2,,top-level-definition,2,"[5,13]",DBFU_PTS;XMACH1_PTS,49,"[-15.0,3.0]",-7.5195e-06,
CNBFU2_table,CNBFU2_table,CNBFU2,,top-level-definition,2,"[5,13]",DBFU_PTS;XMACH1_PTS,50,"[-15.0,3.5]",-5.6149e-06,
CNBFU2_table,CNBFU2_table,CNBFU2,,top-level-definition,2,"[5,13]",DBFU_PTS;XMACH1_PTS,51,"[-15.0,4.0]",-5.9089e-06,
CNBFU2_table,CNBFU2_table,CNBFU2,,top-level-definition,2,"[5,13]",DBFU_PTS;XMACH1_PTS,52,"[0.0,0.3]",0.0,
CNBFU2_table,CNBFU2_table,CNBFU2,,top-level-definition,2,"[5,13]",DBFU_PTS;XMACH1_PTS,53,"[0.0,0.6]",0.0,
CNBFU2_table,CNBFU2_table,CNBFU2,,top-level-definition,2,"[5,13]",DBFU_PTS;XMACH1_PTS,54,"[0.0,0.8]",0.0,
CNBFU2_table,CNBFU2_table,CNBFU2,,top-level-definition,2,"[5,13]",DBFU_PTS;XMACH1_PTS,55,"[0.0,0.9]",0.0,
CNBFU2_table,CNBFU2_table,CNBFU2,,top-level-definition,2,"[5,13]",DBFU_PTS;XMACH1_PTS,56,"[0.0,0.95]",0.0,
CNBFU2_table,CNBFU2_table,CNBFU2,,top-level-definition,2,"[5,13]",DBFU_PTS;XMACH1_PTS,57,"[0.0,1.1]",0.0,
CNBFU2_table,CNBFU2_table,CNBFU2,,top-level-definition,2,"[5,13]",DBFU_PTS;XMACH1_PTS,58,"[0.0,1.2]",0.0,
CNBFU2_table,CNBFU2_table,CNBFU2,,top-level-definition,2,"[5,13]",DBFU_PTS;XMACH1_PTS,59,"[0.0,1.6]",0.0,
CNBFU2_table,CNBFU2_table,CNBFU2,,top-level-definition,2,"[5,13]",DBFU_PTS;XMACH1_PTS,60,"[0.0,2.0]",0.0,
CNBFU2_table,CNBFU2_table,CNBFU2,,top-level-definition,2,"[5,13]",DBFU_PTS;XMACH1_PTS,61,"[0.0,2.5]",0.0,
CNBFU2_table,CNBFU2_table,CNBFU2,,top-level-definition,2,"[5,13]",DBFU_PTS;XMACH1_PTS,62,"[0.0,3.0]",0.0,
CNBFU2_table,CNBFU2_table,CNBFU2,,top-level-definition,2,"[5,13]",DBFU_PTS;XMACH1_PTS,63,"[0.0,3.5]",0.0,
CNBFU2_table,CNBFU2_table,CNBFU2,,top-level-definition,2,"[5,13]",DBFU_PTS;XMACH1_PTS,64,"[0.0,4.0]",0.0,
CNBFU3_table,CNBFU3_table,CNBFU3,,top-level-definition,2,"[5,13]",DBFU_PTS;XMACH1_PTS,0,"[-60.0,0.3]",3.5166e-07,
CNBFU3_table,CNBFU3_table,CNBFU3,,top-level-definition,2,"[5,13]",DBFU_PTS;XMACH1_PTS,1,"[-60.0,0.6]",3.9506e-07,
CNBFU3_table,CNBFU3_table,CNBFU3,,top-level-definition,2,"[5,13]",DBFU_PTS;XMACH1_PTS,2,"[-60.0,0.8]",4.5151e-07,
CNBFU3_table,CNBFU3_table,CNBFU3,,top-level-definition,2,"[5,13]",DBFU_PTS;XMACH1_PTS,3,"[-60.0,0.9]",4.7031e-07,
CNBFU3_table,CNBFU3_table,CNBFU3,,top-level-definition,2,"[5,13]",DBFU_PTS;XMACH1_PTS,4,"[-60.0,0.95]",3.4616e-07,
CNBFU3_table,CNBFU3_table,CNBFU3,,top-level-definition,2,"[5,13]",DBFU_PTS;XMACH1_PTS,5,"[-60.0,1.1]",1.3062e-06,
CNBFU3_table,CNBFU3_table,CNBFU3,,top-level-definition,2,"[5,13]",DBFU_PTS;XMACH1_PTS,6,"[-60.0,1.2]",1.9466e-06,
CNBFU3_table,CNBFU3_table,CNBFU3,,top-level-definition,2,"[5,13]",DBFU_PTS;XMACH1_PTS,7,"[-60.0,1.6]",4.5075e-06,
CNBFU3_table,CNBFU3_table,CNBFU3,,top-level-definition,2,"[5,13]",DBFU_PTS;XMACH1_PTS,8,"[-60.0,2.0]",9.4873e-07,
CNBFU3_table,CNBFU3_table,CNBFU3,,top-level-definition,2,"[5,13]",DBFU_PTS;XMACH1_PTS,9,"[-60.0,2.5]",1.1074e-06,
CNBFU3_table,CNBFU3_table,CNBFU3,,top-level-definition,2,"[5,13]",DBFU_PTS;XMACH1_PTS,10,"[-60.0,3.0]",3.144e-07,
CNBFU3_table,CNBFU3_table,CNBFU3,,top-level-definition,2,"[5,13]",DBFU_PTS;XMACH1_PTS,11,"[-60.0,3.5]",3.1113e-07,
CNBFU3_table,CNBFU3_table,CNBFU3,,top-level-definition,2,"[5,13]",DBFU_PTS;XMACH1_PTS,12,"[-60.0,4.0]",3.6859e-07,
CNBFU3_table,CNBFU3_table,CNBFU3,,top-level-definition,2,"[5,13]",DBFU_PTS;XMACH1_PTS,13,"[-45.0,0.3]",1.1762e-08,
CNBFU3_table,CNBFU3_table,CNBFU3,,top-level-definition,2,"[5,13]",DBFU_PTS;XMACH1_PTS,14,"[-45.0,0.6]",1.3214e-08,
CNBFU3_table,CNBFU3_table,CNBFU3,,top-level-definition,2,"[5,13]",DBFU_PTS;XMACH1_PTS,15,"[-45.0,0.8]",1.5102e-08,
CNBFU3_table,CNBFU3_table,CNBFU3,,top-level-definition,2,"[5,13]",DBFU_PTS;XMACH1_PTS,16,"[-45.0,0.9]",1.5731e-08,
CNBFU3_table,CNBFU3_table,CNBFU3,,top-level-definition,2,"[5,13]",DBFU_PTS;XMACH1_PTS,17,"[-45.0,0.95]",1.1578e-08,
CNBFU3_table,CNBFU3_table,CNBFU3,,top-level-definition,2,"[5,13]",DBFU_PTS;XMACH1_PTS,18,"[-45.0,1.1]",8.824e-07,
CNBFU3_table,CNBFU3_table,CNBFU3,,top-level-definition,2,"[5,13]",DBFU_PTS;XMACH1_PTS,19,"[-45.0,1.2]",1.4633e-06,
CNBFU3_table,CNBFU3_table,CNBFU3,,top-level-definition,2,"[5,13]",DBFU_PTS;XMACH1_PTS,20,"[-45.0,1.6]",3.7863e-06,
CNBFU3_table,CNBFU3_table,CNBFU3,,top-level-definition,2,"[5,13]",DBFU_PTS;XMACH1_PTS,21,"[-45.0,2.0]",7.9692e-07,
CNBFU3_table,CNBFU3_table,CNBFU3,,top-level-definition,2,"[5,13]",DBFU_PTS;XMACH1_PTS,22,"[-45.0,2.5]",9.3016e-07,
CNBFU3_table,CNBFU3_table,CNBFU3,,top-level-definition,2,"[5,13]",DBFU_PTS;XMACH1_PTS,23,"[-45.0,3.0]",2.6409e-07,
CNBFU3_table,CNBFU3_table,CNBFU3,,top-level-definition,2,"[5,13]",DBFU_PTS;XMACH1_PTS,24,"[-45.0,3.5]",2.6134e-07,
CNBFU3_table,CNBFU3_table,CNBFU3,,top-level-definition,2,"[5,13]",DBFU_PTS;XMACH1_PTS,25,"[-45.0,4.0]",3.0961e-07,
CNBFU3_table,CNBFU3_table,CNBFU3,,top-level-definition,2,"[5,13]",DBFU_PTS;XMACH1_PTS,26,"[-30.0,0.3]",1.8689e-07,
CNBFU3_table,CNBFU3_table,CNBFU3,,top-level-definition,2,"[5,13]",DBFU_PTS;XMACH1_PTS,27,"[-30.0,0.6]",2.0996e-07,
CNBFU3_table,CNBFU3_table,CNBFU3,,top-level-definition,2,"[5,13]",DBFU_PTS;XMACH1_PTS,28,"[-30.0,0.8]",2.3996e-07,
CNBFU3_table,CNBFU3_table,CNBFU3,,top-level-definition,2,"[5,13]",DBFU_PTS;XMACH1_PTS,29,"[-30.0,0.9]",2.4995e-07,
CNBFU3_table,CNBFU3_table,CNBFU3,,top-level-definition,2,"[5,13]",DBFU_PTS;XMACH1_PTS,30,"[-30.0,0.95]",1.8397e-07,
CNBFU3_table,CNBFU3_table,CNBFU3,,top-level-definition,2,"[5,13]",DBFU_PTS;XMACH1_PTS,31,"[-30.0,1.1]",7.6545e-07,
CNBFU3_table,CNBFU3_table,CNBFU3,,top-level-definition,2,"[5,13]",DBFU_PTS;XMACH1_PTS,32,"[-30.0,1.2]",1.1534e-06,
CNBFU3_table,CNBFU3_table,CNBFU3,,top-level-definition,2,"[5,13]",DBFU_PTS;XMACH1_PTS,33,"[-30.0,1.6]",2.7045e-06,
CNBFU3_table,CNBFU3_table,CNBFU3,,top-level-definition,2,"[5,13]",DBFU_PTS;XMACH1_PTS,34,"[-30.0,2.0]",5.6923e-07,
CNBFU3_table,CNBFU3_table,CNBFU3,,top-level-definition,2,"[5,13]",DBFU_PTS;XMACH1_PTS,35,"[-30.0,2.5]",6.644e-07,
CNBFU3_table,CNBFU3_table,CNBFU3,,top-level-definition,2,"[5,13]",DBFU_PTS;XMACH1_PTS,36,"[-30.0,3.0]",1.8864e-07,
CNBFU3_table,CNBFU3_table,CNBFU3,,top-level-definition,2,"[5,13]",DBFU_PTS;XMACH1_PTS,37,"[-30.0,3.5]",1.8667e-07,
CNBFU3_table,CNBFU3_table,CNBFU3,,top-level-definition,2,"[5,13]",DBFU_PTS;XMACH1_PTS,38,"[-30.0,4.0]",2.2115e-07,
CNBFU3_table,CNBFU3_table,CNBFU3,,top-level-definition,2,"[5,13]",DBFU_PTS;XMACH1_PTS,39,"[-15.0,0.3]",-1.0143e-07,
CNBFU3_table,CNBFU3_table,CNBFU3,,top-level-definition,2,"[5,13]",DBFU_PTS;XMACH1_PTS,40,"[-15.0,0.6]",-1.1395e-07,
CNBFU3_table,CNBFU3_table,CNBFU3,,top-level-definition,2,"[5,13]",DBFU_PTS;XMACH1_PTS,41,"[-15.0,0.8]",-1.3023e-07,
CNBFU3_table,CNBFU3_table,CNBFU3,,top-level-definition,2,"[5,13]",DBFU_PTS;XMACH1_PTS,42,"[-15.0,0.9]",-1.3565e-07,
CNBFU3_table,CNBFU3_table,CNBFU3,,top-level-definition,2,"[5,13]",DBFU_PTS;XMACH1_PTS,43,"[-15.0,0.95]",-9.9843e-08,
CNBFU3_table,CNBFU3_table,CNBFU3,,top-level-definition,2,"[5,13]",DBFU_PTS;XMACH1_PTS,44,"[-15.0,1.1]",2.4633e-07,
CNBFU3_table,CNBFU3_table,CNBFU3,,top-level-definition,2,"[5,13]",DBFU_PTS;XMACH1_PTS,45,"[-15.0,1.2]",4.7726e-07,
CNBFU3_table,CNBFU3_table,CNBFU3,,top-level-definition,2,"[5,13]",DBFU_PTS;XMACH1_PTS,46,"[-15.0,1.6]",1.4007e-06,
CNBFU3_table,CNBFU3_table,CNBFU3,,top-level-definition,2,"[5,13]",DBFU_PTS;XMACH1_PTS,47,"[-15.0,2.0]",5.4172e-07,
CNBFU3_table,CNBFU3_table,CNBFU3,,top-level-definition,2,"[5,13]",DBFU_PTS;XMACH1_PTS,48,"[-15.0,2.5]",7.1906e-07,
CNBFU3_table,CNBFU3_table,CNBFU3,,top-level-definition,2,"[5,13]",DBFU_PTS;XMACH1_PTS,49,"[-15.0,3.0]",1.0163e-07,
CNBFU3_table,CNBFU3_table,CNBFU3,,top-level-definition,2,"[5,13]",DBFU_PTS;XMACH1_PTS,50,"[-15.0,3.5]",7.6099e-08,
CNBFU3_table,CNBFU3_table,CNBFU3,,top-level-definition,2,"[5,13]",DBFU_PTS;XMACH1_PTS,51,"[-15.0,4.0]",9.1918e-08,
CNBFU3_table,CNBFU3_table,CNBFU3,,top-level-definition,2,"[5,13]",DBFU_PTS;XMACH1_PTS,52,"[0.0,0.3]",0.0,
CNBFU3_table,CNBFU3_table,CNBFU3,,top-level-definition,2,"[5,13]",DBFU_PTS;XMACH1_PTS,53,"[0.0,0.6]",0.0,
CNBFU3_table,CNBFU3_table,CNBFU3,,top-level-definition,2,"[5,13]",DBFU_PTS;XMACH1_PTS,54,"[0.0,0.8]",0.0,
CNBFU3_table,CNBFU3_table,CNBFU3,,top-level-definition,2,"[5,13]",DBFU_PTS;XMACH1_PTS,55,"[0.0,0.9]",0.0,
CNBFU3_table,CNBFU3_table,CNBFU3,,top-level-definition,2,"[5,13]",DBFU_PTS;XMACH1_PTS,56,"[0.0,0.95]",0.0,
CNBFU3_table,CNBFU3_table,CNBFU3,,top-level-definition,2,"[5,13]",DBFU_PTS;XMACH1_PTS,57,"[0.0,1.1]",0.0,
CNBFU3_table,CNBFU3_table,CNBFU3,,top-level-definition,2,"[5,13]",DBFU_PTS;XMACH1_PTS,58,"[0.0,1.2]",0.0,
CNBFU3_table,CNBFU3_table,CNBFU3,,top-level-definition,2,"[5,13]",DBFU_PTS;XMACH1_PTS,59,"[0.0,1.6]",0.0,
CNBFU3_table,CNBFU3_table,CNBFU3,,top-level-definition,2,"[5,13]",DBFU_PTS;XMACH1_PTS,60,"[0.0,2.0]",0.0,
CNBFU3_table,CNBFU3_table,CNBFU3,,top-level-definition,2,"[5,13]",DBFU_PTS;XMACH1_PTS,61,"[0.0,2.5]",0.0,
CNBFU3_table,CNBFU3_table,CNBFU3,,top-level-definition,2,"[5,13]",DBFU_PTS;XMACH1_PTS,62,"[0.0,3.0]",0.0,
CNBFU3_table,CNBFU3_table,CNBFU3,,top-level-definition,2,"[5,13]",DBFU_PTS;XMACH1_PTS,63,"[0.0,3.5]",0.0,
CNBFU3_table,CNBFU3_table,CNBFU3,,top-level-definition,2,"[5,13]",DBFU_PTS;XMACH1_PTS,64,"[0.0,4.0]",0.0,
CRBFU0_table,CRBFU0_table,CRBFU0,,top-level-definition,2,"[5,13]",DBFU_PTS;XMACH1_PTS,0,"[-60.0,0.3]",-0.022137,
CRBFU0_table,CRBFU0_table,CRBFU0,,top-level-definition,2,"[5,13]",DBFU_PTS;XMACH1_PTS,1,"[-60.0,0.6]",-0.024869,
CRBFU0_table,CRBFU0_table,CRBFU0,,top-level-definition,2,"[5,13]",DBFU_PTS;XMACH1_PTS,2,"[-60.0,0.8]",-0.028422,
CRBFU0_table,CRBFU0_table,CRBFU0,,top-level-definition,2,"[5,13]",DBFU_PTS;XMACH1_PTS,3,"[-60.0,0.9]",-0.029606,
CRBFU0_table,CRBFU0_table,CRBFU0,,top-level-definition,2,"[5,13]",DBFU_PTS;XMACH1_PTS,4,"[-60.0,0.95]",-0.021791,
CRBFU0_table,CRBFU0_table,CRBFU0,,top-level-definition,2,"[5,13]",DBFU_PTS;XMACH1_PTS,5,"[-60.0,1.1]",-0.020482,
CRBFU0_table,CRBFU0_table,CRBFU0,,top-level-definition,2,"[5,13]",DBFU_PTS;XMACH1_PTS,6,"[-60.0,1.2]",-0.019609,
CRBFU0_table,CRBFU0_table,CRBFU0,,top-level-definition,2,"[5,13]",DBFU_PTS;XMACH1_PTS,7,"[-60.0,1.6]",-0.016118,
CRBFU0_table,CRBFU0_table,CRBFU0,,top-level-definition,2,"[5,13]",DBFU_PTS;XMACH1_PTS,8,"[-60.0,2.0]",-0.007645,
CRBFU0_table,CRBFU0_table,CRBFU0,,top-level-definition,2,"[5,13]",DBFU_PTS;XMACH1_PTS,9,"[-60.0,2.5]",-0.0040981,
CRBFU0_table,CRBFU0_table,CRBFU0,,top-level-definition,2,"[5,13]",DBFU_PTS;XMACH1_PTS,10,"[-60.0,3.0]",-0.0031666,
CRBFU0_table,CRBFU0_table,CRBFU0,,top-level-definition,2,"[5,13]",DBFU_PTS;XMACH1_PTS,11,"[-60.0,3.5]",-0.0025868,
CRBFU0_table,CRBFU0_table,CRBFU0,,top-level-definition,2,"[5,13]",DBFU_PTS;XMACH1_PTS,12,"[-60.0,4.0]",-0.0021926,
CRBFU0_table,CRBFU0_table,CRBFU0,,top-level-definition,2,"[5,13]",DBFU_PTS;XMACH1_PTS,13,"[-45.0,0.3]",-0.017966,
CRBFU0_table,CRBFU0_table,CRBFU0,,top-level-definition,2,"[5,13]",DBFU_PTS;XMACH1_PTS,14,"[-45.0,0.6]",-0.020184,
CRBFU0_table,CRBFU0_table,CRBFU0,,top-level-definition,2,"[5,13]",DBFU_PTS;XMACH1_PTS,15,"[-45.0,0.8]",-0.023067,
CRBFU0_table,CRBFU0_table,CRBFU0,,top-level-definition,2,"[5,13]",DBFU_PTS;XMACH1_PTS,16,"[-45.0,0.9]",-0.024028,
CRBFU0_table,CRBFU0_table,CRBFU0,,top-level-definition,2,"[5,13]",DBFU_PTS;XMACH1_PTS,17,"[-45.0,0.95]",-0.017685,
CRBFU0_table,CRBFU0_table,CRBFU0,,top-level-definition,2,"[5,13]",DBFU_PTS;XMACH1_PTS,18,"[-45.0,1.1]",-0.016729,
CRBFU0_table,CRBFU0_table,CRBFU0,,top-level-definition,2,"[5,13]",DBFU_PTS;XMACH1_PTS,19,"[-45.0,1.2]",-0.016091,
CRBFU0_table,CRBFU0_table,CRBFU0,,top-level-definition,2,"[5,13]",DBFU_PTS;XMACH1_PTS,20,"[-45.0,1.6]",-0.013539,
CRBFU0_table,CRBFU0_table,CRBFU0,,top-level-definition,2,"[5,13]",DBFU_PTS;XMACH1_PTS,21,"[-45.0,2.0]",-0.0064217,
CRBFU0_table,CRBFU0_table,CRBFU0,,top-level-definition,2,"[5,13]",DBFU_PTS;XMACH1_PTS,22,"[-45.0,2.5]",-0.0034423,
CRBFU0_table,CRBFU0_table,CRBFU0,,top-level-definition,2,"[5,13]",DBFU_PTS;XMACH1_PTS,23,"[-45.0,3.0]",-0.0026599,
CRBFU0_table,CRBFU0_table,CRBFU0,,top-level-definition,2,"[5,13]",DBFU_PTS;XMACH1_PTS,24,"[-45.0,3.5]",-0.0021729,
CRBFU0_table,CRBFU0_table,CRBFU0,,top-level-definition,2,"[5,13]",DBFU_PTS;XMACH1_PTS,25,"[-45.0,4.0]",-0.0018418,
CRBFU0_table,CRBFU0_table,CRBFU0,,top-level-definition,2,"[5,13]",DBFU_PTS;XMACH1_PTS,26,"[-30.0,0.3]",-0.012931,
CRBFU0_table,CRBFU0_table,CRBFU0,,top-level-definition,2,"[5,13]",DBFU_PTS;XMACH1_PTS,27,"[-30.0,0.6]",-0.014527,
CRBFU0_table,CRBFU0_table,CRBFU0,,top-level-definition,2,"[5,13]",DBFU_PTS;XMACH1_PTS,28,"[-30.0,0.8]",-0.016602,
CRBFU0_table,CRBFU0_table,CRBFU0,,top-level-definition,2,"[5,13]",DBFU_PTS;XMACH1_PTS,29,"[-30.0,0.9]",-0.017294,
CRBFU0_table,CRBFU0_table,CRBFU0,,top-level-definition,2,"[5,13]",DBFU_PTS;XMACH1_PTS,30,"[-30.0,0.95]",-0.012729,
CRBFU0_table,CRBFU0_table,CRBFU0,,top-level-definition,2,"[5,13]",DBFU_PTS;XMACH1_PTS,31,"[-30.0,1.1]",-0.012023,
CRBFU0_table,CRBFU0_table,CRBFU0,,top-level-definition,2,"[5,13]",DBFU_PTS;XMACH1_PTS,32,"[-30.0,1.2]",-0.011553,
CRBFU0_table,CRBFU0_table,CRBFU0,,top-level-definition,2,"[5,13]",DBFU_PTS;XMACH1_PTS,33,"[-30.0,1.6]",-0.0096708,
CRBFU0_table,CRBFU0_table,CRBFU0,,top-level-definition,2,"[5,13]",DBFU_PTS;XMACH1_PTS,34,"[-30.0,2.0]",-0.0045869,
CRBFU0_table,CRBFU0_table,CRBFU0,,top-level-definition,2,"[5,13]",DBFU_PTS;XMACH1_PTS,35,"[-30.0,2.5]",-0.0024588,
CRBFU0_table,CRBFU0_table,CRBFU0,,top-level-definition,2,"[5,13]",DBFU_PTS;XMACH1_PTS,36,"[-30.0,3.0]",-0.0018999,
CRBFU0_table,CRBFU0_table,CRBFU0,,top-level-definition,2,"[5,13]",DBFU_PTS;XMACH1_PTS,37,"[-30.0,3.5]",-0.0015521,
CRBFU0_table,CRBFU0_table,CRBFU0,,top-level-definition,2,"[5,13]",DBFU_PTS;XMACH1_PTS,38,"[-30.0,4.0]",-0.0013156,
CRBFU0_table,CRBFU0_table,CRBFU0,,top-level-definition,2,"[5,13]",DBFU_PTS;XMACH1_PTS,39,"[-15.0,0.3]",-0.0097916,
CRBFU0_table,CRBFU0_table,CRBFU0,,top-level-definition,2,"[5,13]",DBFU_PTS;XMACH1_PTS,40,"[-15.0,0.6]",-0.011,
CRBFU0_table,CRBFU0_table,CRBFU0,,top-level-definition,2,"[5,13]",DBFU_PTS;XMACH1_PTS,41,"[-15.0,0.8]",-0.012572,
CRBFU0_table,CRBFU0_table,CRBFU0,,top-level-definition,2,"[5,13]",DBFU_PTS;XMACH1_PTS,42,"[-15.0,0.9]",-0.013095,
CRBFU0_table,CRBFU0_table,CRBFU0,,top-level-definition,2,"[5,13]",DBFU_PTS;XMACH1_PTS,43,"[-15.0,0.95]",-0.0096384,
CRBFU0_table,CRBFU0_table,CRBFU0,,top-level-definition,2,"[5,13]",DBFU_PTS;XMACH1_PTS,44,"[-15.0,1.1]",-0.0084922,
CRBFU0_table,CRBFU0_table,CRBFU0,,top-level-definition,2,"[5,13]",DBFU_PTS;XMACH1_PTS,45,"[-15.0,1.2]",-0.0077277,
CRBFU0_table,CRBFU0_table,CRBFU0,,top-level-definition,2,"[5,13]",DBFU_PTS;XMACH1_PTS,46,"[-15.0,1.6]",-0.0046703,
CRBFU0_table,CRBFU0_table,CRBFU0,,top-level-definition,2,"[5,13]",DBFU_PTS;XMACH1_PTS,47,"[-15.0,2.0]",-0.0024737,
CRBFU0_table,CRBFU0_table,CRBFU0,,top-level-definition,2,"[5,13]",DBFU_PTS;XMACH1_PTS,48,"[-15.0,2.5]",-0.0012665,
CRBFU0_table,CRBFU0_table,CRBFU0,,top-level-definition,2,"[5,13]",DBFU_PTS;XMACH1_PTS,49,"[-15.0,3.0]",-0.001059,
CRBFU0_table,CRBFU0_table,CRBFU0,,top-level-definition,2,"[5,13]",DBFU_PTS;XMACH1_PTS,50,"[-15.0,3.5]",-0.00085556,
CRBFU0_table,CRBFU0_table,CRBFU0,,top-level-definition,2,"[5,13]",DBFU_PTS;XMACH1_PTS,51,"[-15.0,4.0]",-0.00073679,
CRBFU0_table,CRBFU0_table,CRBFU0,,top-level-definition,2,"[5,13]",DBFU_PTS;XMACH1_PTS,52,"[0.0,0.3]",0.0,
CRBFU0_table,CRBFU0_table,CRBFU0,,top-level-definition,2,"[5,13]",DBFU_PTS;XMACH1_PTS,53,"[0.0,0.6]",0.0,
CRBFU0_table,CRBFU0_table,CRBFU0,,top-level-definition,2,"[5,13]",DBFU_PTS;XMACH1_PTS,54,"[0.0,0.8]",0.0,
CRBFU0_table,CRBFU0_table,CRBFU0,,top-level-definition,2,"[5,13]",DBFU_PTS;XMACH1_PTS,55,"[0.0,0.9]",0.0,
CRBFU0_table,CRBFU0_table,CRBFU0,,top-level-definition,2,"[5,13]",DBFU_PTS;XMACH1_PTS,56,"[0.0,0.95]",0.0,
CRBFU0_table,CRBFU0_table,CRBFU0,,top-level-definition,2,"[5,13]",DBFU_PTS;XMACH1_PTS,57,"[0.0,1.1]",0.0,
CRBFU0_table,CRBFU0_table,CRBFU0,,top-level-definition,2,"[5,13]",DBFU_PTS;XMACH1_PTS,58,"[0.0,1.2]",0.0,
CRBFU0_table,CRBFU0_table,CRBFU0,,top-level-definition,2,"[5,13]",DBFU_PTS;XMACH1_PTS,59,"[0.0,1.6]",0.0,
CRBFU0_table,CRBFU0_table,CRBFU0,,top-level-definition,2,"[5,13]",DBFU_PTS;XMACH1_PTS,60,"[0.0,2.0]",0.0,
CRBFU0_table,CRBFU0_table,CRBFU0,,top-level-definition,2,"[5,13]",DBFU_PTS;XMACH1_PTS,61,"[0.0,2.5]",0.0,
CRBFU0_table,CRBFU0_table,CRBFU0,,top-level-definition,2,"[5,13]",DBFU_PTS;XMACH1_PTS,62,"[0.0,3.0]",0.0,
CRBFU0_table,CRBFU0_table,CRBFU0,,top-level-definition,2,"[5,13]",DBFU_PTS;XMACH1_PTS,63,"[0.0,3.5]",0.0,
CRBFU0_table,CRBFU0_table,CRBFU0,,top-level-definition,2,"[5,13]",DBFU_PTS;XMACH1_PTS,64,"[0.0,4.0]",0.0,
CRBFU1_table,CRBFU1_table,CRBFU1,,top-level-definition,2,"[5,13]",DBFU_PTS;XMACH1_PTS,0,"[-60.0,0.3]",0.00019442,
CRBFU1_table,CRBFU1_table,CRBFU1,,top-level-definition,2,"[5,13]",DBFU_PTS;XMACH1_PTS,1,"[-60.0,0.6]",0.00021841,
CRBFU1_table,CRBFU1_table,CRBFU1,,top-level-definition,2,"[5,13]",DBFU_PTS;XMACH1_PTS,2,"[-60.0,0.8]",0.00024962,
CRBFU1_table,CRBFU1_table,CRBFU1,,top-level-definition,2,"[5,13]",DBFU_PTS;XMACH1_PTS,3,"[-60.0,0.9]",0.00026001,
CRBFU1_table,CRBFU1_table,CRBFU1,,top-level-definition,2,"[5,13]",DBFU_PTS;XMACH1_PTS,4,"[-60.0,0.95]",0.00019138,
CRBFU1_table,CRBFU1_table,CRBFU1,,top-level-definition,2,"[5,13]",DBFU_PTS;XMACH1_PTS,5,"[-60.0,1.1]",0.00033401,
CRBFU1_table,CRBFU1_table,CRBFU1,,top-level-definition,2,"[5,13]",DBFU_PTS;XMACH1_PTS,6,"[-60.0,1.2]",0.00042915,
CRBFU1_table,CRBFU1_table,CRBFU1,,top-level-definition,2,"[5,13]",DBFU_PTS;XMACH1_PTS,7,"[-60.0,1.6]",0.00080962,
CRBFU1_table,CRBFU1_table,CRBFU1,,top-level-definition,2,"[5,13]",DBFU_PTS;XMACH1_PTS,8,"[-60.0,2.0]",0.00014487,
CRBFU1_table,CRBFU1_table,CRBFU1,,top-level-definition,2,"[5,13]",DBFU_PTS;XMACH1_PTS,9,"[-60.0,2.5]",0.00021967,
CRBFU1_table,CRBFU1_table,CRBFU1,,top-level-definition,2,"[5,13]",DBFU_PTS;XMACH1_PTS,10,"[-60.0,3.0]",0.00024689,
CRBFU1_table,CRBFU1_table,CRBFU1,,top-level-definition,2,"[5,13]",DBFU_PTS;XMACH1_PTS,11,"[-60.0,3.5]",0.00017488,
CRBFU1_table,CRBFU1_table,CRBFU1,,top-level-definition,2,"[5,13]",DBFU_PTS;XMACH1_PTS,12,"[-60.0,4.0]",0.00012091,
CRBFU1_table,CRBFU1_table,CRBFU1,,top-level-definition,2,"[5,13]",DBFU_PTS;XMACH1_PTS,13,"[-45.0,0.3]",-0.00075365,
CRBFU1_table,CRBFU1_table,CRBFU1,,top-level-definition,2,"[5,13]",DBFU_PTS;XMACH1_PTS,14,"[-45.0,0.6]",-0.00084666,
CRBFU1_table,CRBFU1_table,CRBFU1,,top-level-definition,2,"[5,13]",DBFU_PTS;XMACH1_PTS,15,"[-45.0,0.8]",-0.00096763,
CRBFU1_table,CRBFU1_table,CRBFU1,,top-level-definition,2,"[5,13]",DBFU_PTS;XMACH1_PTS,16,"[-45.0,0.9]",-0.0010079,
CRBFU1_table,CRBFU1_table,CRBFU1,,top-level-definition,2,"[5,13]",DBFU_PTS;XMACH1_PTS,17,"[-45.0,0.95]",-0.00074186,
CRBFU1_table,CRBFU1_table,CRBFU1,,top-level-definition,2,"[5,13]",DBFU_PTS;XMACH1_PTS,18,"[-45.0,1.1]",-0.00041382,
CRBFU1_table,CRBFU1_table,CRBFU1,,top-level-definition,2,"[5,13]",DBFU_PTS;XMACH1_PTS,19,"[-45.0,1.2]",-0.00019499,
CRBFU1_table,CRBFU1_table,CRBFU1,,top-level-definition,2,"[5,13]",DBFU_PTS;XMACH1_PTS,20,"[-45.0,1.6]",0.00068007,
CRBFU1_table,CRBFU1_table,CRBFU1,,top-level-definition,2,"[5,13]",DBFU_PTS;XMACH1_PTS,21,"[-45.0,2.0]",0.00012169,
CRBFU1_table,CRBFU1_table,CRBFU1,,top-level-definition,2,"[5,13]",DBFU_PTS;XMACH1_PTS,22,"[-45.0,2.5]",0.00018452,
CRBFU1_table,CRBFU1_table,CRBFU1,,top-level-definition,2,"[5,13]",DBFU_PTS;XMACH1_PTS,23,"[-45.0,3.0]",0.00020738,
CRBFU1_table,CRBFU1_table,CRBFU1,,top-level-definition,2,"[5,13]",DBFU_PTS;XMACH1_PTS,24,"[-45.0,3.5]",0.0001469,
CRBFU1_table,CRBFU1_table,CRBFU1,,top-level-definition,2,"[5,13]",DBFU_PTS;XMACH1_PTS,25,"[-45.0,4.0]",0.00010156,
CRBFU1_table,CRBFU1_table,CRBFU1,,top-level-definition,2,"[5,13]",DBFU_PTS;XMACH1_PTS,26,"[-30.0,0.3]",0.00011183,
CRBFU1_table,CRBFU1_table,CRBFU1,,top-level-definition,2,"[5,13]",DBFU_PTS;XMACH1_PTS,27,"[-30.0,0.6]",0.00012563,
CRBFU1_table,CRBFU1_table,CRBFU1,,top-level-definition,2,"[5,13]",DBFU_PTS;XMACH1_PTS,28,"[-30.0,0.8]",0.00014358,
CRBFU1_table,CRBFU1_table,CRBFU1,,top-level-definition,2,"[5,13]",DBFU_PTS;XMACH1_PTS,29,"[-30.0,0.9]",0.00014956,
CRBFU1_table,CRBFU1_table,CRBFU1,,top-level-definition,2,"[5,13]",DBFU_PTS;XMACH1_PTS,30,"[-30.0,0.95]",0.00011008,
CRBFU1_table,CRBFU1_table,CRBFU1,,top-level-definition,2,"[5,13]",DBFU_PTS;XMACH1_PTS,31,"[-30.0,1.1]",0.00019675,
CRBFU1_table,CRBFU1_table,CRBFU1,,top-level-definition,2,"[5,13]",DBFU_PTS;XMACH1_PTS,32,"[-30.0,1.2]",0.00025457,
CRBFU1_table,CRBFU1_table,CRBFU1,,top-level-definition,2,"[5,13]",DBFU_PTS;XMACH1_PTS,33,"[-30.0,1.6]",0.00048576,
CRBFU1_table,CRBFU1_table,CRBFU1,,top-level-definition,2,"[5,13]",DBFU_PTS;XMACH1_PTS,34,"[-30.0,2.0]",8.6918e-05,
CRBFU1_table,CRBFU1_table,CRBFU1,,top-level-definition,2,"[5,13]",DBFU_PTS;XMACH1_PTS,35,"[-30.0,2.5]",0.0001318,
CRBFU1_table,CRBFU1_table,CRBFU1,,top-level-definition,2,"[5,13]",DBFU_PTS;XMACH1_PTS,36,"[-30.0,3.0]",0.00014813,
CRBFU1_table,CRBFU1_table,CRBFU1,,top-level-definition,2,"[5,13]",DBFU_PTS;XMACH1_PTS,37,"[-30.0,3.5]",0.00010493,
CRBFU1_table,CRBFU1_table,CRBFU1,,top-level-definition,2,"[5,13]",DBFU_PTS;XMACH1_PTS,38,"[-30.0,4.0]",7.2545e-05,
CRBFU1_table,CRBFU1_table,CRBFU1,,top-level-definition,2,"[5,13]",DBFU_PTS;XMACH1_PTS,39,"[-15.0,0.3]",0.0015113,
CRBFU1_table,CRBFU1_table,CRBFU1,,top-level-definition,2,"[5,13]",DBFU_PTS;XMACH1_PTS,40,"[-15.0,0.6]",0.0016978,
CRBFU1_table,CRBFU1_table,CRBFU1,,top-level-definition,2,"[5,13]",DBFU_PTS;XMACH1_PTS,41,"[-15.0,0.8]",0.0019404,
CRBFU1_table,CRBFU1_table,CRBFU1,,top-level-definition,2,"[5,13]",DBFU_PTS;XMACH1_PTS,42,"[-15.0,0.9]",0.0020212,
CRBFU1_table,CRBFU1_table,CRBFU1,,top-level-definition,2,"[5,13]",DBFU_PTS;XMACH1_PTS,43,"[-15.0,0.95]",0.0014876,
CRBFU1_table,CRBFU1_table,CRBFU1,,top-level-definition,2,"[5,13]",DBFU_PTS;XMACH1_PTS,44,"[-15.0,1.1]",0.0012063,
CRBFU1_table,CRBFU1_table,CRBFU1,,top-level-definition,2,"[5,13]",DBFU_PTS;XMACH1_PTS,45,"[-15.0,1.2]",0.0010186,
CRBFU1_table,CRBFU1_table,CRBFU1,,top-level-definition,2,"[5,13]",DBFU_PTS;XMACH1_PTS,46,"[-15.0,1.6]",0.00026807,
CRBFU1_table,CRBFU1_table,CRBFU1,,top-level-definition,2,"[5,13]",DBFU_PTS;XMACH1_PTS,47,"[-15.0,2.0]",2.1928e-05,
CRBFU1_table,CRBFU1_table,CRBFU1,,top-level-definition,2,"[5,13]",DBFU_PTS;XMACH1_PTS,48,"[-15.0,2.5]",8.6581e-05,
CRBFU1_table,CRBFU1_table,CRBFU1,,top-level-definition,2,"[5,13]",DBFU_PTS;XMACH1_PTS,49,"[-15.0,3.0]",9.6402e-05,
CRBFU1_table,CRBFU1_table,CRBFU1,,top-level-definition,2,"[5,13]",DBFU_PTS;XMACH1_PTS,50,"[-15.0,3.5]",6.4679e-05,
CRBFU1_table,CRBFU1_table,CRBFU1,,top-level-definition,2,"[5,13]",DBFU_PTS;XMACH1_PTS,51,"[-15.0,4.0]",5.5242e-05,
CRBFU1_table,CRBFU1_table,CRBFU1,,top-level-definition,2,"[5,13]",DBFU_PTS;XMACH1_PTS,52,"[0.0,0.3]",0.0,
CRBFU1_table,CRBFU1_table,CRBFU1,,top-level-definition,2,"[5,13]",DBFU_PTS;XMACH1_PTS,53,"[0.0,0.6]",0.0,
CRBFU1_table,CRBFU1_table,CRBFU1,,top-level-definition,2,"[5,13]",DBFU_PTS;XMACH1_PTS,54,"[0.0,0.8]",0.0,
CRBFU1_table,CRBFU1_table,CRBFU1,,top-level-definition,2,"[5,13]",DBFU_PTS;XMACH1_PTS,55,"[0.0,0.9]",0.0,
CRBFU1_table,CRBFU1_table,CRBFU1,,top-level-definition,2,"[5,13]",DBFU_PTS;XMACH1_PTS,56,"[0.0,0.95]",0.0,
CRBFU1_table,CRBFU1_table,CRBFU1,,top-level-definition,2,"[5,13]",DBFU_PTS;XMACH1_PTS,57,"[0.0,1.1]",0.0,
CRBFU1_table,CRBFU1_table,CRBFU1,,top-level-definition,2,"[5,13]",DBFU_PTS;XMACH1_PTS,58,"[0.0,1.2]",0.0,
CRBFU1_table,CRBFU1_table,CRBFU1,,top-level-definition,2,"[5,13]",DBFU_PTS;XMACH1_PTS,59,"[0.0,1.6]",0.0,
CRBFU1_table,CRBFU1_table,CRBFU1,,top-level-definition,2,"[5,13]",DBFU_PTS;XMACH1_PTS,60,"[0.0,2.0]",0.0,
CRBFU1_table,CRBFU1_table,CRBFU1,,top-level-definition,2,"[5,13]",DBFU_PTS;XMACH1_PTS,61,"[0.0,2.5]",0.0,
CRBFU1_table,CRBFU1_table,CRBFU1,,top-level-definition,2,"[5,13]",DBFU_PTS;XMACH1_PTS,62,"[0.0,3.0]",0.0,
CRBFU1_table,CRBFU1_table,CRBFU1,,top-level-definition,2,"[5,13]",DBFU_PTS;XMACH1_PTS,63,"[0.0,3.5]",0.0,
CRBFU1_table,CRBFU1_table,CRBFU1,,top-level-definition,2,"[5,13]",DBFU_PTS;XMACH1_PTS,64,"[0.0,4.0]",0.0,
CRBFU2_table,CRBFU2_table,CRBFU2,,top-level-definition,2,"[5,13]",DBFU_PTS;XMACH1_PTS,0,"[-60.0,0.3]",1.8689e-05,
CRBFU2_table,CRBFU2_table,CRBFU2,,top-level-definition,2,"[5,13]",DBFU_PTS;XMACH1_PTS,1,"[-60.0,0.6]",2.0995e-05,
CRBFU2_table,CRBFU2_table,CRBFU2,,top-level-definition,2,"[5,13]",DBFU_PTS;XMACH1_PTS,2,"[-60.0,0.8]",2.3995e-05,
CRBFU2_table,CRBFU2_table,CRBFU2,,top-level-definition,2,"[5,13]",DBFU_PTS;XMACH1_PTS,3,"[-60.0,0.9]",2.4994e-05,
CRBFU2_table,CRBFU2_table,CRBFU2,,top-level-definition,2,"[5,13]",DBFU_PTS;XMACH1_PTS,4,"[-60.0,0.95]",1.8396e-05,
CRBFU2_table,CRBFU2_table,CRBFU2,,top-level-definition,2,"[5,13]",DBFU_PTS;XMACH1_PTS,5,"[-60.0,1.1]",2.0587e-05,
CRBFU2_table,CRBFU2_table,CRBFU2,,top-level-definition,2,"[5,13]",DBFU_PTS;XMACH1_PTS,6,"[-60.0,1.2]",2.2049e-05,
CRBFU2_table,CRBFU2_table,CRBFU2,,top-level-definition,2,"[5,13]",DBFU_PTS;XMACH1_PTS,7,"[-60.0,1.6]",2.7893e-05,
CRBFU2_table,CRBFU2_table,CRBFU2,,top-level-definition,2,"[5,13]",DBFU_PTS;XMACH1_PTS,8,"[-60.0,2.0]",2.0025e-05,
CRBFU2_table,CRBFU2_table,CRBFU2,,top-level-definition,2,"[5,13]",DBFU_PTS;XMACH1_PTS,9,"[-60.0,2.5]",-4.7749e-06,
CRBFU2_table,CRBFU2_table,CRBFU2,,top-level-definition,2,"[5,13]",DBFU_PTS;XMACH1_PTS,10,"[-60.0,3.0]",-1.0291e-05,
CRBFU2_table,CRBFU2_table,CRBFU2,,top-level-definition,2,"[5,13]",DBFU_PTS;XMACH1_PTS,11,"[-60.0,3.5]",-5.8482e-06,
CRBFU2_table,CRBFU2_table,CRBFU2,,top-level-definition,2,"[5,13]",DBFU_PTS;XMACH1_PTS,12,"[-60.0,4.0]",-1.8185e-06,
CRBFU2_table,CRBFU2_table,CRBFU2,,top-level-definition,2,"[5,13]",DBFU_PTS;XMACH1_PTS,13,"[-45.0,0.3]",0.00010746,
CRBFU2_table,CRBFU2_table,CRBFU2,,top-level-definition,2,"[5,13]",DBFU_PTS;XMACH1_PTS,14,"[-45.0,0.6]",0.00012072,
CRBFU2_table,CRBFU2_table,CRBFU2,,top-level-definition,2,"[5,13]",DBFU_PTS;XMACH1_PTS,15,"[-45.0,0.8]",0.00013797,
CRBFU2_table,CRBFU2_table,CRBFU2,,top-level-definition,2,"[5,13]",DBFU_PTS;XMACH1_PTS,16,"[-45.0,0.9]",0.00014371,
CRBFU2_table,CRBFU2_table,CRBFU2,,top-level-definition,2,"[5,13]",DBFU_PTS;XMACH1_PTS,17,"[-45.0,0.95]",0.00010578,
CRBFU2_table,CRBFU2_table,CRBFU2,,top-level-definition,2,"[5,13]",DBFU_PTS;XMACH1_PTS,18,"[-45.0,1.1]",8.6779e-05,
CRBFU2_table,CRBFU2_table,CRBFU2,,top-level-definition,2,"[5,13]",DBFU_PTS;XMACH1_PTS,19,"[-45.0,1.2]",7.4106e-05,
CRBFU2_table,CRBFU2_table,CRBFU2,,top-level-definition,2,"[5,13]",DBFU_PTS;XMACH1_PTS,20,"[-45.0,1.6]",2.343e-05,
CRBFU2_table,CRBFU2_table,CRBFU2,,top-level-definition,2,"[5,13]",DBFU_PTS;XMACH1_PTS,21,"[-45.0,2.0]",1.6821e-05,
CRBFU2_table,CRBFU2_table,CRBFU2,,top-level-definition,2,"[5,13]",DBFU_PTS;XMACH1_PTS,22,"[-45.0,2.5]",-4.0109e-06,
CRBFU2_table,CRBFU2_table,CRBFU2,,top-level-definition,2,"[5,13]",DBFU_PTS;XMACH1_PTS,23,"[-45.0,3.0]",-8.6444e-06,
CRBFU2_table,CRBFU2_table,CRBFU2,,top-level-definition,2,"[5,13]",DBFU_PTS;XMACH1_PTS,24,"[-45.0,3.5]",-4.9124e-06,
CRBFU2_table,CRBFU2_table,CRBFU2,,top-level-definition,2,"[5,13]",DBFU_PTS;XMACH1_PTS,25,"[-45.0,4.0]",-1.5275e-06,
CRBFU2_table,CRBFU2_table,CRBFU2,,top-level-definition,2,"[5,13]",DBFU_PTS;XMACH1_PTS,26,"[-30.0,0.3]",4.6844e-05,
CRBFU2_table,CRBFU2_table,CRBFU2,,top-level-definition,2,"[5,13]",DBFU_PTS;XMACH1_PTS,27,"[-30.0,0.6]",5.2625e-05,
CRBFU2_table,CRBFU2_table,CRBFU2,,top-level-definition,2,"[5,13]",DBFU_PTS;XMACH1_PTS,28,"[-30.0,0.8]",6.0144e-05,
CRBFU2_table,CRBFU2_table,CRBFU2,,top-level-definition,2,"[5,13]",DBFU_PTS;XMACH1_PTS,29,"[-30.0,0.9]",6.2649e-05,
CRBFU2_table,CRBFU2_table,CRBFU2,,top-level-definition,2,"[5,13]",DBFU_PTS;XMACH1_PTS,30,"[-30.0,0.95]",4.6112e-05,
CRBFU2_table,CRBFU2_table,CRBFU2,,top-level-definition,2,"[5,13]",DBFU_PTS;XMACH1_PTS,31,"[-30.0,1.1]",3.9335e-05,
CRBFU2_table,CRBFU2_table,CRBFU2,,top-level-definition,2,"[5,13]",DBFU_PTS;XMACH1_PTS,32,"[-30.0,1.2]",3.4814e-05,
CRBFU2_table,CRBFU2_table,CRBFU2,,top-level-definition,2,"[5,13]",DBFU_PTS;XMACH1_PTS,33,"[-30.0,1.6]",1.6736e-05,
CRBFU2_table,CRBFU2_table,CRBFU2,,top-level-definition,2,"[5,13]",DBFU_PTS;XMACH1_PTS,34,"[-30.0,2.0]",1.2015e-05,
CRBFU2_table,CRBFU2_table,CRBFU2,,top-level-definition,2,"[5,13]",DBFU_PTS;XMACH1_PTS,35,"[-30.0,2.5]",-2.8649e-06,
CRBFU2_table,CRBFU2_table,CRBFU2,,top-level-definition,2,"[5,13]",DBFU_PTS;XMACH1_PTS,36,"[-30.0,3.0]",-6.1746e-06,
CRBFU2_table,CRBFU2_table,CRBFU2,,top-level-definition,2,"[5,13]",DBFU_PTS;XMACH1_PTS,37,"[-30.0,3.5]",-3.5088e-06,
CRBFU2_table,CRBFU2_table,CRBFU2,,top-level-definition,2,"[5,13]",DBFU_PTS;XMACH1_PTS,38,"[-30.0,4.0]",-1.0911e-06,
CRBFU2_table,CRBFU2_table,CRBFU2,,top-level-definition,2,"[5,13]",DBFU_PTS;XMACH1_PTS,39,"[-15.0,0.3]",-8.9653e-05,
CRBFU2_table,CRBFU2_table,CRBFU2,,top-level-definition,2,"[5,13]",DBFU_PTS;XMACH1_PTS,40,"[-15.0,0.6]",-0.00010072,
CRBFU2_table,CRBFU2_table,CRBFU2,,top-level-definition,2,"[5,13]",DBFU_PTS;XMACH1_PTS,41,"[-15.0,0.8]",-0.00011511,
CRBFU2_table,CRBFU2_table,CRBFU2,,top-level-definition,2,"[5,13]",DBFU_PTS;XMACH1_PTS,42,"[-15.0,0.9]",-0.0001199,
CRBFU2_table,CRBFU2_table,CRBFU2,,top-level-definition,2,"[5,13]",DBFU_PTS;XMACH1_PTS,43,"[-15.0,0.95]",-8.8251e-05,
CRBFU2_table,CRBFU2_table,CRBFU2,,top-level-definition,2,"[5,13]",DBFU_PTS;XMACH1_PTS,44,"[-15.0,1.1]",-7.0588e-05,
CRBFU2_table,CRBFU2_table,CRBFU2,,top-level-definition,2,"[5,13]",DBFU_PTS;XMACH1_PTS,45,"[-15.0,1.2]",-5.8805e-05,
CRBFU2_table,CRBFU2_table,CRBFU2,,top-level-definition,2,"[5,13]",DBFU_PTS;XMACH1_PTS,46,"[-15.0,1.6]",-1.169e-05,
CRBFU2_table,CRBFU2_table,CRBFU2,,top-level-definition,2,"[5,13]",DBFU_PTS;XMACH1_PTS,47,"[-15.0,2.0]",1.1043e-05,
CRBFU2_table,CRBFU2_table,CRBFU2,,top-level-definition,2,"[5,13]",DBFU_PTS;XMACH1_PTS,48,"[-15.0,2.5]",5.8071e-07,
CRBFU2_table,CRBFU2_table,CRBFU2,,top-level-definition,2,"[5,13]",DBFU_PTS;XMACH1_PTS,49,"[-15.0,3.0]",-4.1222e-06,
CRBFU2_table,CRBFU2_table,CRBFU2,,top-level-definition,2,"[5,13]",DBFU_PTS;XMACH1_PTS,50,"[-15.0,3.5]",-1.9028e-06,
CRBFU2_table,CRBFU2_table,CRBFU2,,top-level-definition,2,"[5,13]",DBFU_PTS;XMACH1_PTS,51,"[-15.0,4.0]",-1.4643e-06,
CRBFU2_table,CRBFU2_table,CRBFU2,,top-level-definition,2,"[5,13]",DBFU_PTS;XMACH1_PTS,52,"[0.0,0.3]",0.0,
CRBFU2_table,CRBFU2_table,CRBFU2,,top-level-definition,2,"[5,13]",DBFU_PTS;XMACH1_PTS,53,"[0.0,0.6]",0.0,
CRBFU2_table,CRBFU2_table,CRBFU2,,top-level-definition,2,"[5,13]",DBFU_PTS;XMACH1_PTS,54,"[0.0,0.8]",0.0,
CRBFU2_table,CRBFU2_table,CRBFU2,,top-level-definition,2,"[5,13]",DBFU_PTS;XMACH1_PTS,55,"[0.0,0.9]",0.0,
CRBFU2_table,CRBFU2_table,CRBFU2,,top-level-definition,2,"[5,13]",DBFU_PTS;XMACH1_PTS,56,"[0.0,0.95]",0.0,
CRBFU2_table,CRBFU2_table,CRBFU2,,top-level-definition,2,"[5,13]",DBFU_PTS;XMACH1_PTS,57,"[0.0,1.1]",0.0,
CRBFU2_table,CRBFU2_table,CRBFU2,,top-level-definition,2,"[5,13]",DBFU_PTS;XMACH1_PTS,58,"[0.0,1.2]",0.0,
CRBFU2_table,CRBFU2_table,CRBFU2,,top-level-definition,2,"[5,13]",DBFU_PTS;XMACH1_PTS,59,"[0.0,1.6]",0.0,
CRBFU2_table,CRBFU2_table,CRBFU2,,top-level-definition,2,"[5,13]",DBFU_PTS;XMACH1_PTS,60,"[0.0,2.0]",0.0,
CRBFU2_table,CRBFU2_table,CRBFU2,,top-level-definition,2,"[5,13]",DBFU_PTS;XMACH1_PTS,61,"[0.0,2.5]",0.0,
CRBFU2_table,CRBFU2_table,CRBFU2,,top-level-definition,2,"[5,13]",DBFU_PTS;XMACH1_PTS,62,"[0.0,3.0]",0.0,
CRBFU2_table,CRBFU2_table,CRBFU2,,top-level-definition,2,"[5,13]",DBFU_PTS;XMACH1_PTS,63,"[0.0,3.5]",0.0,
CRBFU2_table,CRBFU2_table,CRBFU2,,top-level-definition,2,"[5,13]",DBFU_PTS;XMACH1_PTS,64,"[0.0,4.0]",0.0,
CRBFU3_table,CRBFU3_table,CRBFU3,,top-level-definition,2,"[5,13]",DBFU_PTS;XMACH1_PTS,0,"[-60.0,0.3]",-1.3353e-06,
CRBFU3_table,CRBFU3_table,CRBFU3,,top-level-definition,2,"[5,13]",DBFU_PTS;XMACH1_PTS,1,"[-60.0,0.6]",-1.5001e-06,
CRBFU3_table,CRBFU3_table,CRBFU3,,top-level-definition,2,"[5,13]",DBFU_PTS;XMACH1_PTS,2,"[-60.0,0.8]",-1.7144e-06,
CRBFU3_table,CRBFU3_table,CRBFU3,,top-level-definition,2,"[5,13]",DBFU_PTS;XMACH1_PTS,3,"[-60.0,0.9]",-1.7858e-06,
CRBFU3_table,CRBFU3_table,CRBFU3,,top-level-definition,2,"[5,13]",DBFU_PTS;XMACH1_PTS,4,"[-60.0,0.95]",-1.3144e-06,
CRBFU3_table,CRBFU3_table,CRBFU3,,top-level-definition,2,"[5,13]",DBFU_PTS;XMACH1_PTS,5,"[-60.0,1.1]",-1.955e-06,
CRBFU3_table,CRBFU3_table,CRBFU3,,top-level-definition,2,"[5,13]",DBFU_PTS;XMACH1_PTS,6,"[-60.0,1.2]",-2.3823e-06,
CRBFU3_table,CRBFU3_table,CRBFU3,,top-level-definition,2,"[5,13]",DBFU_PTS;XMACH1_PTS,7,"[-60.0,1.6]",-4.0911e-06,
CRBFU3_table,CRBFU3_table,CRBFU3,,top-level-definition,2,"[5,13]",DBFU_PTS;XMACH1_PTS,8,"[-60.0,2.0]",-9.6058e-07,
CRBFU3_table,CRBFU3_table,CRBFU3,,top-level-definition,2,"[5,13]",DBFU_PTS;XMACH1_PTS,9,"[-60.0,2.5]",-4.2599e-08,
CRBFU3_table,CRBFU3_table,CRBFU3,,top-level-definition,2,"[5,13]",DBFU_PTS;XMACH1_PTS,10,"[-60.0,3.0]",1.6195e-07,
CRBFU3_table,CRBFU3_table,CRBFU3,,top-level-definition,2,"[5,13]",DBFU_PTS;XMACH1_PTS,11,"[-60.0,3.5]",8.5025e-08,
CRBFU3_table,CRBFU3_table,CRBFU3,,top-level-definition,2,"[5,13]",DBFU_PTS;XMACH1_PTS,12,"[-60.0,4.0]",-3.2951e-10,
CRBFU3_table,CRBFU3_table,CRBFU3,,top-level-definition,2,"[5,13]",DBFU_PTS;XMACH1_PTS,13,"[-45.0,0.3]",-3.3509e-06,
CRBFU3_table,CRBFU3_table,CRBFU3,,top-level-definition,2,"[5,13]",DBFU_PTS;XMACH1_PTS,14,"[-45.0,0.6]",-3.7644e-06,
CRBFU3_table,CRBFU3_table,CRBFU3,,top-level-definition,2,"[5,13]",DBFU_PTS;XMACH1_PTS,15,"[-45.0,0.8]",-4.3023e-06,
CRBFU3_table,CRBFU3_table,CRBFU3,,top-level-definition,2,"[5,13]",DBFU_PTS;XMACH1_PTS,16,"[-45.0,0.9]",-4.4815e-06,
CRBFU3_table,CRBFU3_table,CRBFU3,,top-level-definition,2,"[5,13]",DBFU_PTS;XMACH1_PTS,17,"[-45.0,0.95]",-3.2985e-06,
CRBFU3_table,CRBFU3_table,CRBFU3,,top-level-definition,2,"[5,13]",DBFU_PTS;XMACH1_PTS,18,"[-45.0,1.1]",-3.3303e-06,
CRBFU3_table,CRBFU3_table,CRBFU3,,top-level-definition,2,"[5,13]",DBFU_PTS;XMACH1_PTS,19,"[-45.0,1.2]",-3.3515e-06,
CRBFU3_table,CRBFU3_table,CRBFU3,,top-level-definition,2,"[5,13]",DBFU_PTS;XMACH1_PTS,20,"[-45.0,1.6]",-3.4364e-06,
CRBFU3_table,CRBFU3_table,CRBFU3,,top-level-definition,2,"[5,13]",DBFU_PTS;XMACH1_PTS,21,"[-45.0,2.0]",-8.0687e-07,
CRBFU3_table,CRBFU3_table,CRBFU3,,top-level-definition,2,"[5,13]",DBFU_PTS;XMACH1_PTS,22,"[-45.0,2.5]",-3.5782e-08,
CRBFU3_table,CRBFU3_table,CRBFU3,,top-level-definition,2,"[5,13]",DBFU_PTS;XMACH1_PTS,23,"[-45.0,3.0]",1.3603e-07,
CRBFU3_table,CRBFU3_table,CRBFU3,,top-level-definition,2,"[5,13]",DBFU_PTS;XMACH1_PTS,24,"[-45.0,3.5]",7.142e-08,
CRBFU3_table,CRBFU3_table,CRBFU3,,top-level-definition,2,"[5,13]",DBFU_PTS;XMACH1_PTS,25,"[-45.0,4.0]",-2.7676e-10,
CRBFU3_table,CRBFU3_table,CRBFU3,,top-level-definition,2,"[5,13]",DBFU_PTS;XMACH1_PTS,26,"[-30.0,0.3]",-2.1966e-06,
CRBFU3_table,CRBFU3_table,CRBFU3,,top-level-definition,2,"[5,13]",DBFU_PTS;XMACH1_PTS,27,"[-30.0,0.6]",-2.4677e-06,
CRBFU3_table,CRBFU3_table,CRBFU3,,top-level-definition,2,"[5,13]",DBFU_PTS;XMACH1_PTS,28,"[-30.0,0.8]",-2.8202e-06,
CRBFU3_table,CRBFU3_table,CRBFU3,,top-level-definition,2,"[5,13]",DBFU_PTS;XMACH1_PTS,29,"[-30.0,0.9]",-2.9377e-06,
CRBFU3_table,CRBFU3_table,CRBFU3,,top-level-definition,2,"[5,13]",DBFU_PTS;XMACH1_PTS,30,"[-30.0,0.95]",-2.1622e-06,
CRBFU3_table,CRBFU3_table,CRBFU3,,top-level-definition,2,"[5,13]",DBFU_PTS;XMACH1_PTS,31,"[-30.0,1.1]",-2.2297e-06,
CRBFU3_table,CRBFU3_table,CRBFU3,,top-level-definition,2,"[5,13]",DBFU_PTS;XMACH1_PTS,32,"[-30.0,1.2]",-2.2747e-06,
CRBFU3_table,CRBFU3_table,CRBFU3,,top-level-definition,2,"[5,13]",DBFU_PTS;XMACH1_PTS,33,"[-30.0,1.6]",-2.4546e-06,
CRBFU3_table,CRBFU3_table,CRBFU3,,top-level-definition,2,"[5,13]",DBFU_PTS;XMACH1_PTS,34,"[-30.0,2.0]",-5.7633e-07,
CRBFU3_table,CRBFU3_table,CRBFU3,,top-level-definition,2,"[5,13]",DBFU_PTS;XMACH1_PTS,35,"[-30.0,2.5]",-2.5559e-08,
CRBFU3_table,CRBFU3_table,CRBFU3,,top-level-definition,2,"[5,13]",DBFU_PTS;XMACH1_PTS,36,"[-30.0,3.0]",9.7165e-08,
CRBFU3_table,CRBFU3_table,CRBFU3,,top-level-definition,2,"[5,13]",DBFU_PTS;XMACH1_PTS,37,"[-30.0,3.5]",5.1014e-08,
CRBFU3_table,CRBFU3_table,CRBFU3,,top-level-definition,2,"[5,13]",DBFU_PTS;XMACH1_PTS,38,"[-30.0,4.0]",-1.977e-10,
CRBFU3_table,CRBFU3_table,CRBFU3,,top-level-definition,2,"[5,13]",DBFU_PTS;XMACH1_PTS,39,"[-15.0,0.3]",1.1954e-06,
CRBFU3_table,CRBFU3_table,CRBFU3,,top-level-definition,2,"[5,13]",DBFU_PTS;XMACH1_PTS,40,"[-15.0,0.6]",1.3429e-06,
CRBFU3_table,CRBFU3_table,CRBFU3,,top-level-definition,2,"[5,13]",DBFU_PTS;XMACH1_PTS,41,"[-15.0,0.8]",1.5347e-06,
CRBFU3_table,CRBFU3_table,CRBFU3,,top-level-definition,2,"[5,13]",DBFU_PTS;XMACH1_PTS,42,"[-15.0,0.9]",1.5987e-06,
CRBFU3_table,CRBFU3_table,CRBFU3,,top-level-definition,2,"[5,13]",DBFU_PTS;XMACH1_PTS,43,"[-15.0,0.95]",1.1767e-06,
CRBFU3_table,CRBFU3_table,CRBFU3,,top-level-definition,2,"[5,13]",DBFU_PTS;XMACH1_PTS,44,"[-15.0,1.1]",8.6995e-07,
CRBFU3_table,CRBFU3_table,CRBFU3,,top-level-definition,2,"[5,13]",DBFU_PTS;XMACH1_PTS,45,"[-15.0,1.2]",6.6535e-07,
CRBFU3_table,CRBFU3_table,CRBFU3,,top-level-definition,2,"[5,13]",DBFU_PTS;XMACH1_PTS,46,"[-15.0,1.6]",-1.5278e-07,
CRBFU3_table,CRBFU3_table,CRBFU3,,top-level-definition,2,"[5,13]",DBFU_PTS;XMACH1_PTS,47,"[-15.0,2.0]",-4.5927e-07,
CRBFU3_table,CRBFU3_table,CRBFU3,,top-level-definition,2,"[5,13]",DBFU_PTS;XMACH1_PTS,48,"[-15.0,2.5]",-1.8005e-07,
CRBFU3_table,CRBFU3_table,CRBFU3,,top-level-definition,2,"[5,13]",DBFU_PTS;XMACH1_PTS,49,"[-15.0,3.0]",6.3835e-08,
CRBFU3_table,CRBFU3_table,CRBFU3,,top-level-definition,2,"[5,13]",DBFU_PTS;XMACH1_PTS,50,"[-15.0,3.5]",1.9326e-08,
CRBFU3_table,CRBFU3_table,CRBFU3,,top-level-definition,2,"[5,13]",DBFU_PTS;XMACH1_PTS,51,"[-15.0,4.0]",1.2535e-08,
CRBFU3_table,CRBFU3_table,CRBFU3,,top-level-definition,2,"[5,13]",DBFU_PTS;XMACH1_PTS,52,"[0.0,0.3]",0.0,
CRBFU3_table,CRBFU3_table,CRBFU3,,top-level-definition,2,"[5,13]",DBFU_PTS;XMACH1_PTS,53,"[0.0,0.6]",0.0,
CRBFU3_table,CRBFU3_table,CRBFU3,,top-level-definition,2,"[5,13]",DBFU_PTS;XMACH1_PTS,54,"[0.0,0.8]",0.0,
CRBFU3_table,CRBFU3_table,CRBFU3,,top-level-definition,2,"[5,13]",DBFU_PTS;XMACH1_PTS,55,"[0.0,0.9]",0.0,
CRBFU3_table,CRBFU3_table,CRBFU3,,top-level-definition,2,"[5,13]",DBFU_PTS;XMACH1_PTS,56,"[0.0,0.95]",0.0,
CRBFU3_table,CRBFU3_table,CRBFU3,,top-level-definition,2,"[5,13]",DBFU_PTS;XMACH1_PTS,57,"[0.0,1.1]",0.0,
CRBFU3_table,CRBFU3_table,CRBFU3,,top-level-definition,2,"[5,13]",DBFU_PTS;XMACH1_PTS,58,"[0.0,1.2]",0.0,
CRBFU3_table,CRBFU3_table,CRBFU3,,top-level-definition,2,"[5,13]",DBFU_PTS;XMACH1_PTS,59,"[0.0,1.6]",0.0,
CRBFU3_table,CRBFU3_table,CRBFU3,,top-level-definition,2,"[5,13]",DBFU_PTS;XMACH1_PTS,60,"[0.0,2.0]",0.0,
CRBFU3_table,CRBFU3_table,CRBFU3,,top-level-definition,2,"[5,13]",DBFU_PTS;XMACH1_PTS,61,"[0.0,2.5]",0.0,
CRBFU3_table,CRBFU3_table,CRBFU3,,top-level-definition,2,"[5,13]",DBFU_PTS;XMACH1_PTS,62,"[0.0,3.0]",0.0,
CRBFU3_table,CRBFU3_table,CRBFU3,,top-level-definition,2,"[5,13]",DBFU_PTS;XMACH1_PTS,63,"[0.0,3.5]",0.0,
CRBFU3_table,CRBFU3_table,CRBFU3,,top-level-definition,2,"[5,13]",DBFU_PTS;XMACH1_PTS,64,"[0.0,4.0]",0.0,
CLWF0_table,CLWF0_table,CLWF0,,top-level-definition,2,"[5,13]",DWF_PTS;XMACH1_PTS,0,"[-30.0,0.3]",-0.052853,
CLWF0_table,CLWF0_table,CLWF0,,top-level-definition,2,"[5,13]",DWF_PTS;XMACH1_PTS,1,"[-30.0,0.6]",-0.055962,
CLWF0_table,CLWF0_table,CLWF0,,top-level-definition,2,"[5,13]",DWF_PTS;XMACH1_PTS,2,"[-30.0,0.8]",-0.065289,
CLWF0_table,CLWF0_table,CLWF0,,top-level-definition,2,"[5,13]",DWF_PTS;XMACH1_PTS,3,"[-30.0,0.9]",-0.068398,
CLWF0_table,CLWF0_table,CLWF0,,top-level-definition,2,"[5,13]",DWF_PTS;XMACH1_PTS,4,"[-30.0,0.95]",-0.054407,
CLWF0_table,CLWF0_table,CLWF0,,top-level-definition,2,"[5,13]",DWF_PTS;XMACH1_PTS,5,"[-30.0,1.1]",-0.04777,
CLWF0_table,CLWF0_table,CLWF0,,top-level-definition,2,"[5,13]",DWF_PTS;XMACH1_PTS,6,"[-30.0,1.2]",-0.043343,
CLWF0_table,CLWF0_table,CLWF0,,top-level-definition,2,"[5,13]",DWF_PTS;XMACH1_PTS,7,"[-30.0,1.6]",-0.025638,
CLWF0_table,CLWF0_table,CLWF0,,top-level-definition,2,"[5,13]",DWF_PTS;XMACH1_PTS,8,"[-30.0,2.0]",-0.013147,
CLWF0_table,CLWF0_table,CLWF0,,top-level-definition,2,"[5,13]",DWF_PTS;XMACH1_PTS,9,"[-30.0,2.5]",-0.0086206,
CLWF0_table,CLWF0_table,CLWF0,,top-level-definition,2,"[5,13]",DWF_PTS;XMACH1_PTS,10,"[-30.0,3.0]",-0.011525,
CLWF0_table,CLWF0_table,CLWF0,,top-level-definition,2,"[5,13]",DWF_PTS;XMACH1_PTS,11,"[-30.0,3.5]",-0.010686,
CLWF0_table,CLWF0_table,CLWF0,,top-level-definition,2,"[5,13]",DWF_PTS;XMACH1_PTS,12,"[-30.0,4.0]",-0.011249,
CLWF0_table,CLWF0_table,CLWF0,,top-level-definition,2,"[5,13]",DWF_PTS;XMACH1_PTS,13,"[-15.0,0.3]",-0.046403,
CLWF0_table,CLWF0_table,CLWF0,,top-level-definition,2,"[5,13]",DWF_PTS;XMACH1_PTS,14,"[-15.0,0.6]",-0.049133,
CLWF0_table,CLWF0_table,CLWF0,,top-level-definition,2,"[5,13]",DWF_PTS;XMACH1_PTS,15,"[-15.0,0.8]",-0.057322,
CLWF0_table,CLWF0_table,CLWF0,,top-level-definition,2,"[5,13]",DWF_PTS;XMACH1_PTS,16,"[-15.0,0.9]",-0.060051,
CLWF0_table,CLWF0_table,CLWF0,,top-level-definition,2,"[5,13]",DWF_PTS;XMACH1_PTS,17,"[-15.0,0.95]",-0.047768,
CLWF0_table,CLWF0_table,CLWF0,,top-level-definition,2,"[5,13]",DWF_PTS;XMACH1_PTS,18,"[-15.0,1.1]",-0.039377,
CLWF0_table,CLWF0_table,CLWF0,,top-level-definition,2,"[5,13]",DWF_PTS;XMACH1_PTS,19,"[-15.0,1.2]",-0.033779,
CLWF0_table,CLWF0_table,CLWF0,,top-level-definition,2,"[5,13]",DWF_PTS;XMACH1_PTS,20,"[-15.0,1.6]",-0.011394,
CLWF0_table,CLWF0_table,CLWF0,,top-level-definition,2,"[5,13]",DWF_PTS;XMACH1_PTS,21,"[-15.0,2.0]",-0.0046116,
CLWF0_table,CLWF0_table,CLWF0,,top-level-definition,2,"[5,13]",DWF_PTS;XMACH1_PTS,22,"[-15.0,2.5]",-0.0033766,
CLWF0_table,CLWF0_table,CLWF0,,top-level-definition,2,"[5,13]",DWF_PTS;XMACH1_PTS,23,"[-15.0,3.0]",-0.0041676,
CLWF0_table,CLWF0_table,CLWF0,,top-level-definition,2,"[5,13]",DWF_PTS;XMACH1_PTS,24,"[-15.0,3.5]",-0.0033996,
CLWF0_table,CLWF0_table,CLWF0,,top-level-definition,2,"[5,13]",DWF_PTS;XMACH1_PTS,25,"[-15.0,4.0]",-0.0039003,
CLWF0_table,CLWF0_table,CLWF0,,top-level-definition,2,"[5,13]",DWF_PTS;XMACH1_PTS,26,"[0.0,0.3]",0.0,
CLWF0_table,CLWF0_table,CLWF0,,top-level-definition,2,"[5,13]",DWF_PTS;XMACH1_PTS,27,"[0.0,0.6]",0.0,
CLWF0_table,CLWF0_table,CLWF0,,top-level-definition,2,"[5,13]",DWF_PTS;XMACH1_PTS,28,"[0.0,0.8]",0.0,
CLWF0_table,CLWF0_table,CLWF0,,top-level-definition,2,"[5,13]",DWF_PTS;XMACH1_PTS,29,"[0.0,0.9]",0.0,
CLWF0_table,CLWF0_table,CLWF0,,top-level-definition,2,"[5,13]",DWF_PTS;XMACH1_PTS,30,"[0.0,0.95]",0.0,
CLWF0_table,CLWF0_table,CLWF0,,top-level-definition,2,"[5,13]",DWF_PTS;XMACH1_PTS,31,"[0.0,1.1]",0.0,
CLWF0_table,CLWF0_table,CLWF0,,top-level-definition,2,"[5,13]",DWF_PTS;XMACH1_PTS,32,"[0.0,1.2]",0.0,
CLWF0_table,CLWF0_table,CLWF0,,top-level-definition,2,"[5,13]",DWF_PTS;XMACH1_PTS,33,"[0.0,1.6]",0.0,
CLWF0_table,CLWF0_table,CLWF0,,top-level-definition,2,"[5,13]",DWF_PTS;XMACH1_PTS,34,"[0.0,2.0]",0.0,
CLWF0_table,CLWF0_table,CLWF0,,top-level-definition,2,"[5,13]",DWF_PTS;XMACH1_PTS,35,"[0.0,2.5]",0.0,
CLWF0_table,CLWF0_table,CLWF0,,top-level-definition,2,"[5,13]",DWF_PTS;XMACH1_PTS,36,"[0.0,3.0]",0.0,
CLWF0_table,CLWF0_table,CLWF0,,top-level-definition,2,"[5,13]",DWF_PTS;XMACH1_PTS,37,"[0.0,3.5]",0.0,
CLWF0_table,CLWF0_table,CLWF0,,top-level-definition,2,"[5,13]",DWF_PTS;XMACH1_PTS,38,"[0.0,4.0]",0.0,
CLWF0_table,CLWF0_table,CLWF0,,top-level-definition,2,"[5,13]",DWF_PTS;XMACH1_PTS,39,"[15.0,0.3]",-0.0019362,
CLWF0_table,CLWF0_table,CLWF0,,top-level-definition,2,"[5,13]",DWF_PTS;XMACH1_PTS,40,"[15.0,0.6]",-0.0028496,
CLWF0_table,CLWF0_table,CLWF0,,top-level-definition,2,"[5,13]",DWF_PTS;XMACH1_PTS,41,"[15.0,0.8]",-0.002533,
CLWF0_table,CLWF0_table,CLWF0,,top-level-definition,2,"[5,13]",DWF_PTS;XMACH1_PTS,42,"[15.0,0.9]",-0.0015831,
CLWF0_table,CLWF0_table,CLWF0,,top-level-definition,2,"[5,13]",DWF_PTS;XMACH1_PTS,43,"[15.0,0.95]",-0.002533,
CLWF0_table,CLWF0_table,CLWF0,,top-level-definition,2,"[5,13]",DWF_PTS;XMACH1_PTS,44,"[15.0,1.1]",-0.00072006,
CLWF0_table,CLWF0_table,CLWF0,,top-level-definition,2,"[5,13]",DWF_PTS;XMACH1_PTS,45,"[15.0,1.2]",0.00048935,
CLWF0_table,CLWF0_table,CLWF0,,top-level-definition,2,"[5,13]",DWF_PTS;XMACH1_PTS,46,"[15.0,1.6]",0.0053254,
CLWF0_table,CLWF0_table,CLWF0,,top-level-definition,2,"[5,13]",DWF_PTS;XMACH1_PTS,47,"[15.0,2.0]",0.0062128,
CLWF0_table,CLWF0_table,CLWF0,,top-level-definition,2,"[5,13]",DWF_PTS;XMACH1_PTS,48,"[15.0,2.5]",0.0070562,
CLWF0_table,CLWF0_table,CLWF0,,top-level-definition,2,"[5,13]",DWF_PTS;XMACH1_PTS,49,"[15.0,3.0]",0.0037325,
CLWF0_table,CLWF0_table,CLWF0,,top-level-definition,2,"[5,13]",DWF_PTS;XMACH1_PTS,50,"[15.0,3.5]",0.0028591,
CLWF0_table,CLWF0_table,CLWF0,,top-level-definition,2,"[5,13]",DWF_PTS;XMACH1_PTS,51,"[15.0,4.0]",0.0026032,
CLWF0_table,CLWF0_table,CLWF0,,top-level-definition,2,"[5,13]",DWF_PTS;XMACH1_PTS,52,"[30.0,0.3]",0.059318,
CLWF0_table,CLWF0_table,CLWF0,,top-level-definition,2,"[5,13]",DWF_PTS;XMACH1_PTS,53,"[30.0,0.6]",0.087301,
CLWF0_table,CLWF0_table,CLWF0,,top-level-definition,2,"[5,13]",DWF_PTS;XMACH1_PTS,54,"[30.0,0.8]",0.077601,
CLWF0_table,CLWF0_table,CLWF0,,top-level-definition,2,"[5,13]",DWF_PTS;XMACH1_PTS,55,"[30.0,0.9]",0.048501,
CLWF0_table,CLWF0_table,CLWF0,,top-level-definition,2,"[5,13]",DWF_PTS;XMACH1_PTS,56,"[30.0,0.95]",0.077601,
CLWF0_table,CLWF0_table,CLWF0,,top-level-definition,2,"[5,13]",DWF_PTS;XMACH1_PTS,57,"[30.0,1.1]",0.062989,
CLWF0_table,CLWF0_table,CLWF0,,top-level-definition,2,"[5,13]",DWF_PTS;XMACH1_PTS,58,"[30.0,1.2]",0.053241,
CLWF0_table,CLWF0_table,CLWF0,,top-level-definition,2,"[5,13]",DWF_PTS;XMACH1_PTS,59,"[30.0,1.6]",0.014262,
CLWF0_table,CLWF0_table,CLWF0,,top-level-definition,2,"[5,13]",DWF_PTS;XMACH1_PTS,60,"[30.0,2.0]",0.018469,
CLWF0_table,CLWF0_table,CLWF0,,top-level-definition,2,"[5,13]",DWF_PTS;XMACH1_PTS,61,"[30.0,2.5]",0.011304,
CLWF0_table,CLWF0_table,CLWF0,,top-level-definition,2,"[5,13]",DWF_PTS;XMACH1_PTS,62,"[30.0,3.0]",0.0053634,
CLWF0_table,CLWF0_table,CLWF0,,top-level-definition,2,"[5,13]",DWF_PTS;XMACH1_PTS,63,"[30.0,3.5]",0.0051469,
CLWF0_table,CLWF0_table,CLWF0,,top-level-definition,2,"[5,13]",DWF_PTS;XMACH1_PTS,64,"[30.0,4.0]",0.0048448,
CLWF1_table,CLWF1_table,CLWF1,,top-level-definition,2,"[5,13]",DWF_PTS;XMACH1_PTS,0,"[-30.0,0.3]",-0.00018449,
CLWF1_table,CLWF1_table,CLWF1,,top-level-definition,2,"[5,13]",DWF_PTS;XMACH1_PTS,1,"[-30.0,0.6]",-0.00019534,
CLWF1_table,CLWF1_table,CLWF1,,top-level-definition,2,"[5,13]",DWF_PTS;XMACH1_PTS,2,"[-30.0,0.8]",-0.0002279,
CLWF1_table,CLWF1_table,CLWF1,,top-level-definition,2,"[5,13]",DWF_PTS;XMACH1_PTS,3,"[-30.0,0.9]",-0.00023875,
CLWF1_table,CLWF1_table,CLWF1,,top-level-definition,2,"[5,13]",DWF_PTS;XMACH1_PTS,4,"[-30.0,0.95]",-0.00018992,
CLWF1_table,CLWF1_table,CLWF1,,top-level-definition,2,"[5,13]",DWF_PTS;XMACH1_PTS,5,"[-30.0,1.1]",-1.2482e-05,
CLWF1_table,CLWF1_table,CLWF1,,top-level-definition,2,"[5,13]",DWF_PTS;XMACH1_PTS,6,"[-30.0,1.2]",0.00010588,
CLWF1_table,CLWF1_table,CLWF1,,top-level-definition,2,"[5,13]",DWF_PTS;XMACH1_PTS,7,"[-30.0,1.6]",0.00057919,
CLWF1_table,CLWF1_table,CLWF1,,top-level-definition,2,"[5,13]",DWF_PTS;XMACH1_PTS,8,"[-30.0,2.0]",0.00059038,
CLWF1_table,CLWF1_table,CLWF1,,top-level-definition,2,"[5,13]",DWF_PTS;XMACH1_PTS,9,"[-30.0,2.5]",-0.00079618,
CLWF1_table,CLWF1_table,CLWF1,,top-level-definition,2,"[5,13]",DWF_PTS;XMACH1_PTS,10,"[-30.0,3.0]",0.00018344,
CLWF1_table,CLWF1_table,CLWF1,,top-level-definition,2,"[5,13]",DWF_PTS;XMACH1_PTS,11,"[-30.0,3.5]",0.00038877,
CLWF1_table,CLWF1_table,CLWF1,,top-level-definition,2,"[5,13]",DWF_PTS;XMACH1_PTS,12,"[-30.0,4.0]",0.00087295,
CLWF1_table,CLWF1_table,CLWF1,,top-level-definition,2,"[5,13]",DWF_PTS;XMACH1_PTS,13,"[-15.0,0.3]",0.0053433,
CLWF1_table,CLWF1_table,CLWF1,,top-level-definition,2,"[5,13]",DWF_PTS;XMACH1_PTS,14,"[-15.0,0.6]",0.0056576,
CLWF1_table,CLWF1_table,CLWF1,,top-level-definition,2,"[5,13]",DWF_PTS;XMACH1_PTS,15,"[-15.0,0.8]",0.0066005,
CLWF1_table,CLWF1_table,CLWF1,,top-level-definition,2,"[5,13]",DWF_PTS;XMACH1_PTS,16,"[-15.0,0.9]",0.0069148,
CLWF1_table,CLWF1_table,CLWF1,,top-level-definition,2,"[5,13]",DWF_PTS;XMACH1_PTS,17,"[-15.0,0.95]",0.0055004,
CLWF1_table,CLWF1_table,CLWF1,,top-level-definition,2,"[5,13]",DWF_PTS;XMACH1_PTS,18,"[-15.0,1.1]",0.0043585,
CLWF1_table,CLWF1_table,CLWF1,,top-level-definition,2,"[5,13]",DWF_PTS;XMACH1_PTS,19,"[-15.0,1.2]",0.0035967,
CLWF1_table,CLWF1_table,CLWF1,,top-level-definition,2,"[5,13]",DWF_PTS;XMACH1_PTS,20,"[-15.0,1.6]",0.0005506,
CLWF1_table,CLWF1_table,CLWF1,,top-level-definition,2,"[5,13]",DWF_PTS;XMACH1_PTS,21,"[-15.0,2.0]",0.00061775,
CLWF1_table,CLWF1_table,CLWF1,,top-level-definition,2,"[5,13]",DWF_PTS;XMACH1_PTS,22,"[-15.0,2.5]",-0.00030056,
CLWF1_table,CLWF1_table,CLWF1,,top-level-definition,2,"[5,13]",DWF_PTS;XMACH1_PTS,23,"[-15.0,3.0]",1.8177e-05,
CLWF1_table,CLWF1_table,CLWF1,,top-level-definition,2,"[5,13]",DWF_PTS;XMACH1_PTS,24,"[-15.0,3.5]",7.0132e-05,
CLWF1_table,CLWF1_table,CLWF1,,top-level-definition,2,"[5,13]",DWF_PTS;XMACH1_PTS,25,"[-15.0,4.0]",0.00036008,
CLWF1_table,CLWF1_table,CLWF1,,top-level-definition,2,"[5,13]",DWF_PTS;XMACH1_PTS,26,"[0.0,0.3]",0.0,
CLWF1_table,CLWF1_table,CLWF1,,top-level-definition,2,"[5,13]",DWF_PTS;XMACH1_PTS,27,"[0.0,0.6]",0.0,
CLWF1_table,CLWF1_table,CLWF1,,top-level-definition,2,"[5,13]",DWF_PTS;XMACH1_PTS,28,"[0.0,0.8]",0.0,
CLWF1_table,CLWF1_table,CLWF1,,top-level-definition,2,"[5,13]",DWF_PTS;XMACH1_PTS,29,"[0.0,0.9]",0.0,
CLWF1_table,CLWF1_table,CLWF1,,top-level-definition,2,"[5,13]",DWF_PTS;XMACH1_PTS,30,"[0.0,0.95]",0.0,
CLWF1_table,CLWF1_table,CLWF1,,top-level-definition,2,"[5,13]",DWF_PTS;XMACH1_PTS,31,"[0.0,1.1]",0.0,
CLWF1_table,CLWF1_table,CLWF1,,top-level-definition,2,"[5,13]",DWF_PTS;XMACH1_PTS,32,"[0.0,1.2]",0.0,
CLWF1_table,CLWF1_table,CLWF1,,top-level-definition,2,"[5,13]",DWF_PTS;XMACH1_PTS,33,"[0.0,1.6]",0.0,
CLWF1_table,CLWF1_table,CLWF1,,top-level-definition,2,"[5,13]",DWF_PTS;XMACH1_PTS,34,"[0.0,2.0]",0.0,
CLWF1_table,CLWF1_table,CLWF1,,top-level-definition,2,"[5,13]",DWF_PTS;XMACH1_PTS,35,"[0.0,2.5]",0.0,
CLWF1_table,CLWF1_table,CLWF1,,top-level-definition,2,"[5,13]",DWF_PTS;XMACH1_PTS,36,"[0.0,3.0]",0.0,
CLWF1_table,CLWF1_table,CLWF1,,top-level-definition,2,"[5,13]",DWF_PTS;XMACH1_PTS,37,"[0.0,3.5]",0.0,
CLWF1_table,CLWF1_table,CLWF1,,top-level-definition,2,"[5,13]",DWF_PTS;XMACH1_PTS,38,"[0.0,4.0]",0.0,
CLWF1_table,CLWF1_table,CLWF1,,top-level-definition,2,"[5,13]",DWF_PTS;XMACH1_PTS,39,"[15.0,0.3]",0.0079443,
CLWF1_table,CLWF1_table,CLWF1,,top-level-definition,2,"[5,13]",DWF_PTS;XMACH1_PTS,40,"[15.0,0.6]",0.011692,
CLWF1_table,CLWF1_table,CLWF1,,top-level-definition,2,"[5,13]",DWF_PTS;XMACH1_PTS,41,"[15.0,0.8]",0.010393,
CLWF1_table,CLWF1_table,CLWF1,,top-level-definition,2,"[5,13]",DWF_PTS;XMACH1_PTS,42,"[15.0,0.9]",0.0064955,
CLWF1_table,CLWF1_table,CLWF1,,top-level-definition,2,"[5,13]",DWF_PTS;XMACH1_PTS,43,"[15.0,0.95]",0.010393,
CLWF1_table,CLWF1_table,CLWF1,,top-level-definition,2,"[5,13]",DWF_PTS;XMACH1_PTS,44,"[15.0,1.1]",0.0080498,
CLWF1_table,CLWF1_table,CLWF1,,top-level-definition,2,"[5,13]",DWF_PTS;XMACH1_PTS,45,"[15.0,1.2]",0.0064867,
CLWF1_table,CLWF1_table,CLWF1,,top-level-definition,2,"[5,13]",DWF_PTS;XMACH1_PTS,46,"[15.0,1.6]",0.00023647,
CLWF1_table,CLWF1_table,CLWF1,,top-level-definition,2,"[5,13]",DWF_PTS;XMACH1_PTS,47,"[15.0,2.0]",7.6926e-05,
CLWF1_table,CLWF1_table,CLWF1,,top-level-definition,2,"[5,13]",DWF_PTS;XMACH1_PTS,48,"[15.0,2.5]",-0.00025642,
CLWF1_table,CLWF1_table,CLWF1,,top-level-definition,2,"[5,13]",DWF_PTS;XMACH1_PTS,49,"[15.0,3.0]",-0.0002443,
CLWF1_table,CLWF1_table,CLWF1,,top-level-definition,2,"[5,13]",DWF_PTS;XMACH1_PTS,50,"[15.0,3.5]",-0.00020966,
CLWF1_table,CLWF1_table,CLWF1,,top-level-definition,2,"[5,13]",DWF_PTS;XMACH1_PTS,51,"[15.0,4.0]",-3.455e-05,
CLWF1_table,CLWF1_table,CLWF1,,top-level-definition,2,"[5,13]",DWF_PTS;XMACH1_PTS,52,"[30.0,0.3]",0.008816,
CLWF1_table,CLWF1_table,CLWF1,,top-level-definition,2,"[5,13]",DWF_PTS;XMACH1_PTS,53,"[30.0,0.6]",0.012975,
CLWF1_table,CLWF1_table,CLWF1,,top-level-definition,2,"[5,13]",DWF_PTS;XMACH1_PTS,54,"[30.0,0.8]",0.011533,
CLWF1_table,CLWF1_table,CLWF1,,top-level-definition,2,"[5,13]",DWF_PTS;XMACH1_PTS,55,"[30.0,0.9]",0.0072083,
CLWF1_table,CLWF1_table,CLWF1,,top-level-definition,2,"[5,13]",DWF_PTS;XMACH1_PTS,56,"[30.0,0.95]",0.011533,
CLWF1_table,CLWF1_table,CLWF1,,top-level-definition,2,"[5,13]",DWF_PTS;XMACH1_PTS,57,"[30.0,1.1]",0.0087401,
CLWF1_table,CLWF1_table,CLWF1,,top-level-definition,2,"[5,13]",DWF_PTS;XMACH1_PTS,58,"[30.0,1.2]",0.0068767,
CLWF1_table,CLWF1_table,CLWF1,,top-level-definition,2,"[5,13]",DWF_PTS;XMACH1_PTS,59,"[30.0,1.6]",-0.0005743,
CLWF1_table,CLWF1_table,CLWF1,,top-level-definition,2,"[5,13]",DWF_PTS;XMACH1_PTS,60,"[30.0,2.0]",0.00014,
CLWF1_table,CLWF1_table,CLWF1,,top-level-definition,2,"[5,13]",DWF_PTS;XMACH1_PTS,61,"[30.0,2.5]",-0.0010759,
CLWF1_table,CLWF1_table,CLWF1,,top-level-definition,2,"[5,13]",DWF_PTS;XMACH1_PTS,62,"[30.0,3.0]",-0.00030421,
CLWF1_table,CLWF1_table,CLWF1,,top-level-definition,2,"[5,13]",DWF_PTS;XMACH1_PTS,63,"[30.0,3.5]",-0.0001123,
CLWF1_table,CLWF1_table,CLWF1,,top-level-definition,2,"[5,13]",DWF_PTS;XMACH1_PTS,64,"[30.0,4.0]",0.00021213,
CLWF2_table,CLWF2_table,CLWF2,,top-level-definition,2,"[5,13]",DWF_PTS;XMACH1_PTS,0,"[-30.0,0.3]",-7.0998e-05,
CLWF2_table,CLWF2_table,CLWF2,,top-level-definition,2,"[5,13]",DWF_PTS;XMACH1_PTS,1,"[-30.0,0.6]",-7.5175e-05,
CLWF2_table,CLWF2_table,CLWF2,,top-level-definition,2,"[5,13]",DWF_PTS;XMACH1_PTS,2,"[-30.0,0.8]",-8.7704e-05,
CLWF2_table,CLWF2_table,CLWF2,,top-level-definition,2,"[5,13]",DWF_PTS;XMACH1_PTS,3,"[-30.0,0.9]",-9.188e-05,
CLWF2_table,CLWF2_table,CLWF2,,top-level-definition,2,"[5,13]",DWF_PTS;XMACH1_PTS,4,"[-30.0,0.95]",-7.3086e-05,
CLWF2_table,CLWF2_table,CLWF2,,top-level-definition,2,"[5,13]",DWF_PTS;XMACH1_PTS,5,"[-30.0,1.1]",4.9607e-06,
CLWF2_table,CLWF2_table,CLWF2,,top-level-definition,2,"[5,13]",DWF_PTS;XMACH1_PTS,6,"[-30.0,1.2]",5.7026e-05,
CLWF2_table,CLWF2_table,CLWF2,,top-level-definition,2,"[5,13]",DWF_PTS;XMACH1_PTS,7,"[-30.0,1.6]",0.00026522,
CLWF2_table,CLWF2_table,CLWF2,,top-level-definition,2,"[5,13]",DWF_PTS;XMACH1_PTS,8,"[-30.0,2.0]",5.025e-05,
CLWF2_table,CLWF2_table,CLWF2,,top-level-definition,2,"[5,13]",DWF_PTS;XMACH1_PTS,9,"[-30.0,2.5]",9.1632e-05,
CLWF2_table,CLWF2_table,CLWF2,,top-level-definition,2,"[5,13]",DWF_PTS;XMACH1_PTS,10,"[-30.0,3.0]",2.7191e-05,
CLWF2_table,CLWF2_table,CLWF2,,top-level-definition,2,"[5,13]",DWF_PTS;XMACH1_PTS,11,"[-30.0,3.5]",2.3037e-06,
CLWF2_table,CLWF2_table,CLWF2,,top-level-definition,2,"[5,13]",DWF_PTS;XMACH1_PTS,12,"[-30.0,4.0]",-4.1933e-05,
CLWF2_table,CLWF2_table,CLWF2,,top-level-definition,2,"[5,13]",DWF_PTS;XMACH1_PTS,13,"[-15.0,0.3]",-0.00049657,
CLWF2_table,CLWF2_table,CLWF2,,top-level-definition,2,"[5,13]",DWF_PTS;XMACH1_PTS,14,"[-15.0,0.6]",-0.00052578,
CLWF2_table,CLWF2_table,CLWF2,,top-level-definition,2,"[5,13]",DWF_PTS;XMACH1_PTS,15,"[-15.0,0.8]",-0.00061341,
CLWF2_table,CLWF2_table,CLWF2,,top-level-definition,2,"[5,13]",DWF_PTS;XMACH1_PTS,16,"[-15.0,0.9]",-0.00064262,
CLWF2_table,CLWF2_table,CLWF2,,top-level-definition,2,"[5,13]",DWF_PTS;XMACH1_PTS,17,"[-15.0,0.95]",-0.00051117,
CLWF2_table,CLWF2_table,CLWF2,,top-level-definition,2,"[5,13]",DWF_PTS;XMACH1_PTS,18,"[-15.0,1.1]",-0.00038378,
CLWF2_table,CLWF2_table,CLWF2,,top-level-definition,2,"[5,13]",DWF_PTS;XMACH1_PTS,19,"[-15.0,1.2]",-0.0002988,
CLWF2_table,CLWF2_table,CLWF2,,top-level-definition,2,"[5,13]",DWF_PTS;XMACH1_PTS,20,"[-15.0,1.6]",4.1023e-05,
CLWF2_table,CLWF2_table,CLWF2,,top-level-definition,2,"[5,13]",DWF_PTS;XMACH1_PTS,21,"[-15.0,2.0]",3.5134e-06,
CLWF2_table,CLWF2_table,CLWF2,,top-level-definition,2,"[5,13]",DWF_PTS;XMACH1_PTS,22,"[-15.0,2.5]",7.2963e-05,
CLWF2_table,CLWF2_table,CLWF2,,top-level-definition,2,"[5,13]",DWF_PTS;XMACH1_PTS,23,"[-15.0,3.0]",1.4708e-05,
CLWF2_table,CLWF2_table,CLWF2,,top-level-definition,2,"[5,13]",DWF_PTS;XMACH1_PTS,24,"[-15.0,3.5]",5.4515e-06,
CLWF2_table,CLWF2_table,CLWF2,,top-level-definition,2,"[5,13]",DWF_PTS;XMACH1_PTS,25,"[-15.0,4.0]",-1.6386e-05,
CLWF2_table,CLWF2_table,CLWF2,,top-level-definition,2,"[5,13]",DWF_PTS;XMACH1_PTS,26,"[0.0,0.3]",0.0,
CLWF2_table,CLWF2_table,CLWF2,,top-level-definition,2,"[5,13]",DWF_PTS;XMACH1_PTS,27,"[0.0,0.6]",0.0,
CLWF2_table,CLWF2_table,CLWF2,,top-level-definition,2,"[5,13]",DWF_PTS;XMACH1_PTS,28,"[0.0,0.8]",0.0,
CLWF2_table,CLWF2_table,CLWF2,,top-level-definition,2,"[5,13]",DWF_PTS;XMACH1_PTS,29,"[0.0,0.9]",0.0,
CLWF2_table,CLWF2_table,CLWF2,,top-level-definition,2,"[5,13]",DWF_PTS;XMACH1_PTS,30,"[0.0,0.95]",0.0,
CLWF2_table,CLWF2_table,CLWF2,,top-level-definition,2,"[5,13]",DWF_PTS;XMACH1_PTS,31,"[0.0,1.1]",0.0,
CLWF2_table,CLWF2_table,CLWF2,,top-level-definition,2,"[5,13]",DWF_PTS;XMACH1_PTS,32,"[0.0,1.2]",0.0,
CLWF2_table,CLWF2_table,CLWF2,,top-level-definition,2,"[5,13]",DWF_PTS;XMACH1_PTS,33,"[0.0,1.6]",0.0,
CLWF2_table,CLWF2_table,CLWF2,,top-level-definition,2,"[5,13]",DWF_PTS;XMACH1_PTS,34,"[0.0,2.0]",0.0,
CLWF2_table,CLWF2_table,CLWF2,,top-level-definition,2,"[5,13]",DWF_PTS;XMACH1_PTS,35,"[0.0,2.5]",0.0,
CLWF2_table,CLWF2_table,CLWF2,,top-level-definition,2,"[5,13]",DWF_PTS;XMACH1_PTS,36,"[0.0,3.0]",0.0,
CLWF2_table,CLWF2_table,CLWF2,,top-level-definition,2,"[5,13]",DWF_PTS;XMACH1_PTS,37,"[0.0,3.5]",0.0,
CLWF2_table,CLWF2_table,CLWF2,,top-level-definition,2,"[5,13]",DWF_PTS;XMACH1_PTS,38,"[0.0,4.0]",0.0,
CLWF2_table,CLWF2_table,CLWF2,,top-level-definition,2,"[5,13]",DWF_PTS;XMACH1_PTS,39,"[15.0,0.3]",-0.00057025,
CLWF2_table,CLWF2_table,CLWF2,,top-level-definition,2,"[5,13]",DWF_PTS;XMACH1_PTS,40,"[15.0,0.6]",-0.00083926,
CLWF2_table,CLWF2_table,CLWF2,,top-level-definition,2,"[5,13]",DWF_PTS;XMACH1_PTS,41,"[15.0,0.8]",-0.00074601,
CLWF2_table,CLWF2_table,CLWF2,,top-level-definition,2,"[5,13]",DWF_PTS;XMACH1_PTS,42,"[15.0,0.9]",-0.00046625,
CLWF2_table,CLWF2_table,CLWF2,,top-level-definition,2,"[5,13]",DWF_PTS;XMACH1_PTS,43,"[15.0,0.95]",-0.00074601,
CLWF2_table,CLWF2_table,CLWF2,,top-level-definition,2,"[5,13]",DWF_PTS;XMACH1_PTS,44,"[15.0,1.1]",-0.00056416,
CLWF2_table,CLWF2_table,CLWF2,,top-level-definition,2,"[5,13]",DWF_PTS;XMACH1_PTS,45,"[15.0,1.2]",-0.00044285,
CLWF2_table,CLWF2_table,CLWF2,,top-level-definition,2,"[5,13]",DWF_PTS;XMACH1_PTS,46,"[15.0,1.6]",4.224e-05,
CLWF2_table,CLWF2_table,CLWF2,,top-level-definition,2,"[5,13]",DWF_PTS;XMACH1_PTS,47,"[15.0,2.0]",2.2241e-05,
CLWF2_table,CLWF2_table,CLWF2,,top-level-definition,2,"[5,13]",DWF_PTS;XMACH1_PTS,48,"[15.0,2.5]",2.3875e-05,
CLWF2_table,CLWF2_table,CLWF2,,top-level-definition,2,"[5,13]",DWF_PTS;XMACH1_PTS,49,"[15.0,3.0]",1.7874e-05,
CLWF2_table,CLWF2_table,CLWF2,,top-level-definition,2,"[5,13]",DWF_PTS;XMACH1_PTS,50,"[15.0,3.5]",1.049e-05,
CLWF2_table,CLWF2_table,CLWF2,,top-level-definition,2,"[5,13]",DWF_PTS;XMACH1_PTS,51,"[15.0,4.0]",3.5026e-08,
CLWF2_table,CLWF2_table,CLWF2,,top-level-definition,2,"[5,13]",DWF_PTS;XMACH1_PTS,52,"[30.0,0.3]",-0.0009002,
CLWF2_table,CLWF2_table,CLWF2,,top-level-definition,2,"[5,13]",DWF_PTS;XMACH1_PTS,53,"[30.0,0.6]",-0.0013249,
CLWF2_table,CLWF2_table,CLWF2,,top-level-definition,2,"[5,13]",DWF_PTS;XMACH1_PTS,54,"[30.0,0.8]",-0.0011777,
CLWF2_table,CLWF2_table,CLWF2,,top-level-definition,2,"[5,13]",DWF_PTS;XMACH1_PTS,55,"[30.0,0.9]",-0.00073603,
CLWF2_table,CLWF2_table,CLWF2,,top-level-definition,2,"[5,13]",DWF_PTS;XMACH1_PTS,56,"[30.0,0.95]",-0.0011777,
CLWF2_table,CLWF2_table,CLWF2,,top-level-definition,2,"[5,13]",DWF_PTS;XMACH1_PTS,57,"[30.0,1.1]",-0.00089576,
CLWF2_table,CLWF2_table,CLWF2,,top-level-definition,2,"[5,13]",DWF_PTS;XMACH1_PTS,58,"[30.0,1.2]",-0.00070771,
CLWF2_table,CLWF2_table,CLWF2,,top-level-definition,2,"[5,13]",DWF_PTS;XMACH1_PTS,59,"[30.0,1.6]",4.426e-05,
CLWF2_table,CLWF2_table,CLWF2,,top-level-definition,2,"[5,13]",DWF_PTS;XMACH1_PTS,60,"[30.0,2.0]",3.9088e-05,
CLWF2_table,CLWF2_table,CLWF2,,top-level-definition,2,"[5,13]",DWF_PTS;XMACH1_PTS,61,"[30.0,2.5]",0.00014995,
CLWF2_table,CLWF2_table,CLWF2,,top-level-definition,2,"[5,13]",DWF_PTS;XMACH1_PTS,62,"[30.0,3.0]",2.4265e-05,
CLWF2_table,CLWF2_table,CLWF2,,top-level-definition,2,"[5,13]",DWF_PTS;XMACH1_PTS,63,"[30.0,3.5]",6.6521e-06,
CLWF2_table,CLWF2_table,CLWF2,,top-level-definition,2,"[5,13]",DWF_PTS;XMACH1_PTS,64,"[30.0,4.0]",-2.9325e-05,
CLWF3_table,CLWF3_table,CLWF3,,top-level-definition,2,"[5,13]",DWF_PTS;XMACH1_PTS,0,"[-30.0,0.3]",4.1549e-06,
CLWF3_table,CLWF3_table,CLWF3,,top-level-definition,2,"[5,13]",DWF_PTS;XMACH1_PTS,1,"[-30.0,0.6]",4.3993e-06,
CLWF3_table,CLWF3_table,CLWF3,,top-level-definition,2,"[5,13]",DWF_PTS;XMACH1_PTS,2,"[-30.0,0.8]",5.1326e-06,
CLWF3_table,CLWF3_table,CLWF3,,top-level-definition,2,"[5,13]",DWF_PTS;XMACH1_PTS,3,"[-30.0,0.9]",5.377e-06,
CLWF3_table,CLWF3_table,CLWF3,,top-level-definition,2,"[5,13]",DWF_PTS;XMACH1_PTS,4,"[-30.0,0.95]",4.2771e-06,
CLWF3_table,CLWF3_table,CLWF3,,top-level-definition,2,"[5,13]",DWF_PTS;XMACH1_PTS,5,"[-30.0,1.1]",-3.8073e-07,
CLWF3_table,CLWF3_table,CLWF3,,top-level-definition,2,"[5,13]",DWF_PTS;XMACH1_PTS,6,"[-30.0,1.2]",-3.488e-06,
CLWF3_table,CLWF3_table,CLWF3,,top-level-definition,2,"[5,13]",DWF_PTS;XMACH1_PTS,7,"[-30.0,1.6]",-1.5913e-05,
CLWF3_table,CLWF3_table,CLWF3,,top-level-definition,2,"[5,13]",DWF_PTS;XMACH1_PTS,8,"[-30.0,2.0]",-3.1624e-06,
CLWF3_table,CLWF3_table,CLWF3,,top-level-definition,2,"[5,13]",DWF_PTS;XMACH1_PTS,9,"[-30.0,2.5]",-2.0002e-06,
CLWF3_table,CLWF3_table,CLWF3,,top-level-definition,2,"[5,13]",DWF_PTS;XMACH1_PTS,10,"[-30.0,3.0]",-8.8048e-07,
CLWF3_table,CLWF3_table,CLWF3,,top-level-definition,2,"[5,13]",DWF_PTS;XMACH1_PTS,11,"[-30.0,3.5]",-2.3333e-07,
CLWF3_table,CLWF3_table,CLWF3,,top-level-definition,2,"[5,13]",DWF_PTS;XMACH1_PTS,12,"[-30.0,4.0]",8.6766e-07,
CLWF3_table,CLWF3_table,CLWF3,,top-level-definition,2,"[5,13]",DWF_PTS;XMACH1_PTS,13,"[-15.0,0.3]",1.2439e-05,
CLWF3_table,CLWF3_table,CLWF3,,top-level-definition,2,"[5,13]",DWF_PTS;XMACH1_PTS,14,"[-15.0,0.6]",1.3171e-05,
CLWF3_table,CLWF3_table,CLWF3,,top-level-definition,2,"[5,13]",DWF_PTS;XMACH1_PTS,15,"[-15.0,0.8]",1.5366e-05,
CLWF3_table,CLWF3_table,CLWF3,,top-level-definition,2,"[5,13]",DWF_PTS;XMACH1_PTS,16,"[-15.0,0.9]",1.6097e-05,
CLWF3_table,CLWF3_table,CLWF3,,top-level-definition,2,"[5,13]",DWF_PTS;XMACH1_PTS,17,"[-15.0,0.95]",1.2805e-05,
CLWF3_table,CLWF3_table,CLWF3,,top-level-definition,2,"[5,13]",DWF_PTS;XMACH1_PTS,18,"[-15.0,1.1]",9.1876e-06,
CLWF3_table,CLWF3_table,CLWF3,,top-level-definition,2,"[5,13]",DWF_PTS;XMACH1_PTS,19,"[-15.0,1.2]",6.7745e-06,
CLWF3_table,CLWF3_table,CLWF3,,top-level-definition,2,"[5,13]",DWF_PTS;XMACH1_PTS,20,"[-15.0,1.6]",-2.8745e-06,
CLWF3_table,CLWF3_table,CLWF3,,top-level-definition,2,"[5,13]",DWF_PTS;XMACH1_PTS,21,"[-15.0,2.0]",-1.1215e-06,
CLWF3_table,CLWF3_table,CLWF3,,top-level-definition,2,"[5,13]",DWF_PTS;XMACH1_PTS,22,"[-15.0,2.5]",-2.1943e-06,
CLWF3_table,CLWF3_table,CLWF3,,top-level-definition,2,"[5,13]",DWF_PTS;XMACH1_PTS,23,"[-15.0,3.0]",-4.2351e-07,
CLWF3_table,CLWF3_table,CLWF3,,top-level-definition,2,"[5,13]",DWF_PTS;XMACH1_PTS,24,"[-15.0,3.5]",-2.0952e-07,
CLWF3_table,CLWF3_table,CLWF3,,top-level-definition,2,"[5,13]",DWF_PTS;XMACH1_PTS,25,"[-15.0,4.0]",2.9334e-07,
CLWF3_table,CLWF3_table,CLWF3,,top-level-definition,2,"[5,13]",DWF_PTS;XMACH1_PTS,26,"[0.0,0.3]",0.0,
CLWF3_table,CLWF3_table,CLWF3,,top-level-definition,2,"[5,13]",DWF_PTS;XMACH1_PTS,27,"[0.0,0.6]",0.0,
CLWF3_table,CLWF3_table,CLWF3,,top-level-definition,2,"[5,13]",DWF_PTS;XMACH1_PTS,28,"[0.0,0.8]",0.0,
CLWF3_table,CLWF3_table,CLWF3,,top-level-definition,2,"[5,13]",DWF_PTS;XMACH1_PTS,29,"[0.0,0.9]",0.0,
CLWF3_table,CLWF3_table,CLWF3,,top-level-definition,2,"[5,13]",DWF_PTS;XMACH1_PTS,30,"[0.0,0.95]",0.0,
CLWF3_table,CLWF3_table,CLWF3,,top-level-definition,2,"[5,13]",DWF_PTS;XMACH1_PTS,31,"[0.0,1.1]",0.0,
CLWF3_table,CLWF3_table,CLWF3,,top-level-definition,2,"[5,13]",DWF_PTS;XMACH1_PTS,32,"[0.0,1.2]",0.0,
CLWF3_table,CLWF3_table,CLWF3,,top-level-definition,2,"[5,13]",DWF_PTS;XMACH1_PTS,33,"[0.0,1.6]",0.0,
CLWF3_table,CLWF3_table,CLWF3,,top-level-definition,2,"[5,13]",DWF_PTS;XMACH1_PTS,34,"[0.0,2.0]",0.0,
CLWF3_table,CLWF3_table,CLWF3,,top-level-definition,2,"[5,13]",DWF_PTS;XMACH1_PTS,35,"[0.0,2.5]",0.0,
CLWF3_table,CLWF3_table,CLWF3,,top-level-definition,2,"[5,13]",DWF_PTS;XMACH1_PTS,36,"[0.0,3.0]",0.0,
CLWF3_table,CLWF3_table,CLWF3,,top-level-definition,2,"[5,13]",DWF_PTS;XMACH1_PTS,37,"[0.0,3.5]",0.0,
CLWF3_table,CLWF3_table,CLWF3,,top-level-definition,2,"[5,13]",DWF_PTS;XMACH1_PTS,38,"[0.0,4.0]",0.0,
CLWF3_table,CLWF3_table,CLWF3,,top-level-definition,2,"[5,13]",DWF_PTS;XMACH1_PTS,39,"[15.0,0.3]",1.0626e-05,
CLWF3_table,CLWF3_table,CLWF3,,top-level-definition,2,"[5,13]",DWF_PTS;XMACH1_PTS,40,"[15.0,0.6]",1.5639e-05,
CLWF3_table,CLWF3_table,CLWF3,,top-level-definition,2,"[5,13]",DWF_PTS;XMACH1_PTS,41,"[15.0,0.8]",1.3901e-05,
CLWF3_table,CLWF3_table,CLWF3,,top-level-definition,2,"[5,13]",DWF_PTS;XMACH1_PTS,42,"[15.0,0.9]",8.6884e-06,
CLWF3_table,CLWF3_table,CLWF3,,top-level-definition,2,"[5,13]",DWF_PTS;XMACH1_PTS,43,"[15.0,0.95]",1.3901e-05,
CLWF3_table,CLWF3_table,CLWF3,,top-level-definition,2,"[5,13]",DWF_PTS;XMACH1_PTS,44,"[15.0,1.1]",9.7087e-06,
CLWF3_table,CLWF3_table,CLWF3,,top-level-definition,2,"[5,13]",DWF_PTS;XMACH1_PTS,45,"[15.0,1.2]",6.9117e-06,
CLWF3_table,CLWF3_table,CLWF3,,top-level-definition,2,"[5,13]",DWF_PTS;XMACH1_PTS,46,"[15.0,1.6]",-4.2726e-06,
CLWF3_table,CLWF3_table,CLWF3,,top-level-definition,2,"[5,13]",DWF_PTS;XMACH1_PTS,47,"[15.0,2.0]",-1.4603e-06,
CLWF3_table,CLWF3_table,CLWF3,,top-level-definition,2,"[5,13]",DWF_PTS;XMACH1_PTS,48,"[15.0,2.5]",-3.7584e-07,
CLWF3_table,CLWF3_table,CLWF3,,top-level-definition,2,"[5,13]",DWF_PTS;XMACH1_PTS,49,"[15.0,3.0]",-4.2945e-07,
CLWF3_table,CLWF3_table,CLWF3,,top-level-definition,2,"[5,13]",DWF_PTS;XMACH1_PTS,50,"[15.0,3.5]",-2.2731e-07,
CLWF3_table,CLWF3_table,CLWF3,,top-level-definition,2,"[5,13]",DWF_PTS;XMACH1_PTS,51,"[15.0,4.0]",2.4785e-08,
CLWF3_table,CLWF3_table,CLWF3,,top-level-definition,2,"[5,13]",DWF_PTS;XMACH1_PTS,52,"[30.0,0.3]",1.7718e-05,
CLWF3_table,CLWF3_table,CLWF3,,top-level-definition,2,"[5,13]",DWF_PTS;XMACH1_PTS,53,"[30.0,0.6]",2.6076e-05,
CLWF3_table,CLWF3_table,CLWF3,,top-level-definition,2,"[5,13]",DWF_PTS;XMACH1_PTS,54,"[30.0,0.8]",2.3179e-05,
CLWF3_table,CLWF3_table,CLWF3,,top-level-definition,2,"[5,13]",DWF_PTS;XMACH1_PTS,55,"[30.0,0.9]",1.4487e-05,
CLWF3_table,CLWF3_table,CLWF3,,top-level-definition,2,"[5,13]",DWF_PTS;XMACH1_PTS,56,"[30.0,0.95]",2.3179e-05,
CLWF3_table,CLWF3_table,CLWF3,,top-level-definition,2,"[5,13]",DWF_PTS;XMACH1_PTS,57,"[30.0,1.1]",1.7198e-05,
CLWF3_table,CLWF3_table,CLWF3,,top-level-definition,2,"[5,13]",DWF_PTS;XMACH1_PTS,58,"[30.0,1.2]",1.3208e-05,
CLWF3_table,CLWF3_table,CLWF3,,top-level-definition,2,"[5,13]",DWF_PTS;XMACH1_PTS,59,"[30.0,1.6]",-2.7462e-06,
CLWF3_table,CLWF3_table,CLWF3,,top-level-definition,2,"[5,13]",DWF_PTS;XMACH1_PTS,60,"[30.0,2.0]",-2.0304e-06,
CLWF3_table,CLWF3_table,CLWF3,,top-level-definition,2,"[5,13]",DWF_PTS;XMACH1_PTS,61,"[30.0,2.5]",-4.609e-06,
CLWF3_table,CLWF3_table,CLWF3,,top-level-definition,2,"[5,13]",DWF_PTS;XMACH1_PTS,62,"[30.0,3.0]",-6.2794e-07,
CLWF3_table,CLWF3_table,CLWF3,,top-level-definition,2,"[5,13]",DWF_PTS;XMACH1_PTS,63,"[30.0,3.5]",-2.8433e-07,
CLWF3_table,CLWF3_table,CLWF3,,top-level-definition,2,"[5,13]",DWF_PTS;XMACH1_PTS,64,"[30.0,4.0]",7.5126e-07,
CDWF0_table,CDWF0_table,CDWF0,,top-level-definition,2,"[5,13]",DWF_PTS;XMACH1_PTS,0,"[-30.0,0.3]",0.0095642,
CDWF0_table,CDWF0_table,CDWF0,,top-level-definition,2,"[5,13]",DWF_PTS;XMACH1_PTS,1,"[-30.0,0.6]",0.010127,
CDWF0_table,CDWF0_table,CDWF0,,top-level-definition,2,"[5,13]",DWF_PTS;XMACH1_PTS,2,"[-30.0,0.8]",0.011815,
CDWF0_table,CDWF0_table,CDWF0,,top-level-definition,2,"[5,13]",DWF_PTS;XMACH1_PTS,3,"[-30.0,0.9]",0.012377,
CDWF0_table,CDWF0_table,CDWF0,,top-level-definition,2,"[5,13]",DWF_PTS;XMACH1_PTS,4,"[-30.0,0.95]",0.0098455,
CDWF0_table,CDWF0_table,CDWF0,,top-level-definition,2,"[5,13]",DWF_PTS;XMACH1_PTS,5,"[-30.0,1.1]",0.0092737,
CDWF0_table,CDWF0_table,CDWF0,,top-level-definition,2,"[5,13]",DWF_PTS;XMACH1_PTS,6,"[-30.0,1.2]",0.0088923,
CDWF0_table,CDWF0_table,CDWF0,,top-level-definition,2,"[5,13]",DWF_PTS;XMACH1_PTS,7,"[-30.0,1.6]",0.007367,
CDWF0_table,CDWF0_table,CDWF0,,top-level-definition,2,"[5,13]",DWF_PTS;XMACH1_PTS,8,"[-30.0,2.0]",0.0087545,
CDWF0_table,CDWF0_table,CDWF0,,top-level-definition,2,"[5,13]",DWF_PTS;XMACH1_PTS,9,"[-30.0,2.5]",0.0075844,
CDWF0_table,CDWF0_table,CDWF0,,top-level-definition,2,"[5,13]",DWF_PTS;XMACH1_PTS,10,"[-30.0,3.0]",0.0081816,
CDWF0_table,CDWF0_table,CDWF0,,top-level-definition,2,"[5,13]",DWF_PTS;XMACH1_PTS,11,"[-30.0,3.5]",0.0077848,
CDWF0_table,CDWF0_table,CDWF0,,top-level-definition,2,"[5,13]",DWF_PTS;XMACH1_PTS,12,"[-30.0,4.0]",0.0086633,
CDWF0_table,CDWF0_table,CDWF0,,top-level-definition,2,"[5,13]",DWF_PTS;XMACH1_PTS,13,"[-15.0,0.3]",0.0018266,
CDWF0_table,CDWF0_table,CDWF0,,top-level-definition,2,"[5,13]",DWF_PTS;XMACH1_PTS,14,"[-15.0,0.6]",0.0019341,
CDWF0_table,CDWF0_table,CDWF0,,top-level-definition,2,"[5,13]",DWF_PTS;XMACH1_PTS,15,"[-15.0,0.8]",0.0022564,
CDWF0_table,CDWF0_table,CDWF0,,top-level-definition,2,"[5,13]",DWF_PTS;XMACH1_PTS,16,"[-15.0,0.9]",0.0023639,
CDWF0_table,CDWF0_table,CDWF0,,top-level-definition,2,"[5,13]",DWF_PTS;XMACH1_PTS,17,"[-15.0,0.95]",0.0018803,
CDWF0_table,CDWF0_table,CDWF0,,top-level-definition,2,"[5,13]",DWF_PTS;XMACH1_PTS,18,"[-15.0,1.1]",0.0026009,
CDWF0_table,CDWF0_table,CDWF0,,top-level-definition,2,"[5,13]",DWF_PTS;XMACH1_PTS,19,"[-15.0,1.2]",0.0030816,
CDWF0_table,CDWF0_table,CDWF0,,top-level-definition,2,"[5,13]",DWF_PTS;XMACH1_PTS,20,"[-15.0,1.6]",0.0050036,
CDWF0_table,CDWF0_table,CDWF0,,top-level-definition,2,"[5,13]",DWF_PTS;XMACH1_PTS,21,"[-15.0,2.0]",0.0044379,
CDWF0_table,CDWF0_table,CDWF0,,top-level-definition,2,"[5,13]",DWF_PTS;XMACH1_PTS,22,"[-15.0,2.5]",0.0039502,
CDWF0_table,CDWF0_table,CDWF0,,top-level-definition,2,"[5,13]",DWF_PTS;XMACH1_PTS,23,"[-15.0,3.0]",0.0019059,
CDWF0_table,CDWF0_table,CDWF0,,top-level-definition,2,"[5,13]",DWF_PTS;XMACH1_PTS,24,"[-15.0,3.5]",0.001674,
CDWF0_table,CDWF0_table,CDWF0,,top-level-definition,2,"[5,13]",DWF_PTS;XMACH1_PTS,25,"[-15.0,4.0]",0.0018636,
CDWF0_table,CDWF0_table,CDWF0,,top-level-definition,2,"[5,13]",DWF_PTS;XMACH1_PTS,26,"[0.0,0.3]",0.0,
CDWF0_table,CDWF0_table,CDWF0,,top-level-definition,2,"[5,13]",DWF_PTS;XMACH1_PTS,27,"[0.0,0.6]",0.0,
CDWF0_table,CDWF0_table,CDWF0,,top-level-definition,2,"[5,13]",DWF_PTS;XMACH1_PTS,28,"[0.0,0.8]",0.0,
CDWF0_table,CDWF0_table,CDWF0,,top-level-definition,2,"[5,13]",DWF_PTS;XMACH1_PTS,29,"[0.0,0.9]",0.0,
CDWF0_table,CDWF0_table,CDWF0,,top-level-definition,2,"[5,13]",DWF_PTS;XMACH1_PTS,30,"[0.0,0.95]",0.0,
CDWF0_table,CDWF0_table,CDWF0,,top-level-definition,2,"[5,13]",DWF_PTS;XMACH1_PTS,31,"[0.0,1.1]",0.0,
CDWF0_table,CDWF0_table,CDWF0,,top-level-definition,2,"[5,13]",DWF_PTS;XMACH1_PTS,32,"[0.0,1.2]",0.0,
CDWF0_table,CDWF0_table,CDWF0,,top-level-definition,2,"[5,13]",DWF_PTS;XMACH1_PTS,33,"[0.0,1.6]",0.0,
CDWF0_table,CDWF0_table,CDWF0,,top-level-definition,2,"[5,13]",DWF_PTS;XMACH1_PTS,34,"[0.0,2.0]",0.0,
CDWF0_table,CDWF0_table,CDWF0,,top-level-definition,2,"[5,13]",DWF_PTS;XMACH1_PTS,35,"[0.0,2.5]",0.0,
CDWF0_table,CDWF0_table,CDWF0,,top-level-definition,2,"[5,13]",DWF_PTS;XMACH1_PTS,36,"[0.0,3.0]",0.0,
CDWF0_table,CDWF0_table,CDWF0,,top-level-definition,2,"[5,13]",DWF_PTS;XMACH1_PTS,37,"[0.0,3.5]",0.0,
CDWF0_table,CDWF0_table,CDWF0,,top-level-definition,2,"[5,13]",DWF_PTS;XMACH1_PTS,38,"[0.0,4.0]",0.0,
CDWF0_table,CDWF0_table,CDWF0,,top-level-definition,2,"[5,13]",DWF_PTS;XMACH1_PTS,39,"[15.0,0.3]",0.0044291,
CDWF0_table,CDWF0_table,CDWF0,,top-level-definition,2,"[5,13]",DWF_PTS;XMACH1_PTS,40,"[15.0,0.6]",0.0065185,
CDWF0_table,CDWF0_table,CDWF0,,top-level-definition,2,"[5,13]",DWF_PTS;XMACH1_PTS,41,"[15.0,0.8]",0.0057942,
CDWF0_table,CDWF0_table,CDWF0,,top-level-definition,2,"[5,13]",DWF_PTS;XMACH1_PTS,42,"[15.0,0.9]",0.0036214,
CDWF0_table,CDWF0_table,CDWF0,,top-level-definition,2,"[5,13]",DWF_PTS;XMACH1_PTS,43,"[15.0,0.95]",0.0057942,
CDWF0_table,CDWF0_table,CDWF0,,top-level-definition,2,"[5,13]",DWF_PTS;XMACH1_PTS,44,"[15.0,1.1]",0.005531,
CDWF0_table,CDWF0_table,CDWF0,,top-level-definition,2,"[5,13]",DWF_PTS;XMACH1_PTS,45,"[15.0,1.2]",0.0053554,
CDWF0_table,CDWF0_table,CDWF0,,top-level-definition,2,"[5,13]",DWF_PTS;XMACH1_PTS,46,"[15.0,1.6]",0.0046532,
CDWF0_table,CDWF0_table,CDWF0,,top-level-definition,2,"[5,13]",DWF_PTS;XMACH1_PTS,47,"[15.0,2.0]",0.0041987,
CDWF0_table,CDWF0_table,CDWF0,,top-level-definition,2,"[5,13]",DWF_PTS;XMACH1_PTS,48,"[15.0,2.5]",0.0037003,
CDWF0_table,CDWF0_table,CDWF0,,top-level-definition,2,"[5,13]",DWF_PTS;XMACH1_PTS,49,"[15.0,3.0]",0.0010488,
CDWF0_table,CDWF0_table,CDWF0,,top-level-definition,2,"[5,13]",DWF_PTS;XMACH1_PTS,50,"[15.0,3.5]",0.00033315,
CDWF0_table,CDWF0_table,CDWF0,,top-level-definition,2,"[5,13]",DWF_PTS;XMACH1_PTS,51,"[15.0,4.0]",0.00048726,
CDWF0_table,CDWF0_table,CDWF0,,top-level-definition,2,"[5,13]",DWF_PTS;XMACH1_PTS,52,"[30.0,0.3]",0.02118,
CDWF0_table,CDWF0_table,CDWF0,,top-level-definition,2,"[5,13]",DWF_PTS;XMACH1_PTS,53,"[30.0,0.6]",0.031171,
CDWF0_table,CDWF0_table,CDWF0,,top-level-definition,2,"[5,13]",DWF_PTS;XMACH1_PTS,54,"[30.0,0.8]",0.027708,
CDWF0_table,CDWF0_table,CDWF0,,top-level-definition,2,"[5,13]",DWF_PTS;XMACH1_PTS,55,"[30.0,0.9]",0.017317,
CDWF0_table,CDWF0_table,CDWF0,,top-level-definition,2,"[5,13]",DWF_PTS;XMACH1_PTS,56,"[30.0,0.95]",0.027708,
CDWF0_table,CDWF0_table,CDWF0,,top-level-definition,2,"[5,13]",DWF_PTS;XMACH1_PTS,57,"[30.0,1.1]",0.02376,
CDWF0_table,CDWF0_table,CDWF0,,top-level-definition,2,"[5,13]",DWF_PTS;XMACH1_PTS,58,"[30.0,1.2]",0.021127,
CDWF0_table,CDWF0_table,CDWF0,,top-level-definition,2,"[5,13]",DWF_PTS;XMACH1_PTS,59,"[30.0,1.6]",0.010596,
CDWF0_table,CDWF0_table,CDWF0,,top-level-definition,2,"[5,13]",DWF_PTS;XMACH1_PTS,60,"[30.0,2.0]",0.0082981,
CDWF0_table,CDWF0_table,CDWF0,,top-level-definition,2,"[5,13]",DWF_PTS;XMACH1_PTS,61,"[30.0,2.5]",0.0078121,
CDWF0_table,CDWF0_table,CDWF0,,top-level-definition,2,"[5,13]",DWF_PTS;XMACH1_PTS,62,"[30.0,3.0]",0.0032057,
CDWF0_table,CDWF0_table,CDWF0,,top-level-definition,2,"[5,13]",DWF_PTS;XMACH1_PTS,63,"[30.0,3.5]",0.0024146,
CDWF0_table,CDWF0_table,CDWF0,,top-level-definition,2,"[5,13]",DWF_PTS;XMACH1_PTS,64,"[30.0,4.0]",0.0021824,
CDWF1_table,CDWF1_table,CDWF1,,top-level-definition,2,"[5,13]",DWF_PTS;XMACH1_PTS,0,"[-30.0,0.3]",-0.00055718,
CDWF1_table,CDWF1_table,CDWF1,,top-level-definition,2,"[5,13]",DWF_PTS;XMACH1_PTS,1,"[-30.0,0.6]",-0.00058996,
CDWF1_table,CDWF1_table,CDWF1,,top-level-definition,2,"[5,13]",DWF_PTS;XMACH1_PTS,2,"[-30.0,0.8]",-0.00068829,
CDWF1_table,CDWF1_table,CDWF1,,top-level-definition,2,"[5,13]",DWF_PTS;XMACH1_PTS,3,"[-30.0,0.9]",-0.00072106,
CDWF1_table,CDWF1_table,CDWF1,,top-level-definition,2,"[5,13]",DWF_PTS;XMACH1_PTS,4,"[-30.0,0.95]",-0.00057357,
CDWF1_table,CDWF1_table,CDWF1,,top-level-definition,2,"[5,13]",DWF_PTS;XMACH1_PTS,5,"[-30.0,1.1]",-0.00045916,
CDWF1_table,CDWF1_table,CDWF1,,top-level-definition,2,"[5,13]",DWF_PTS;XMACH1_PTS,6,"[-30.0,1.2]",-0.00038283,
CDWF1_table,CDWF1_table,CDWF1,,top-level-definition,2,"[5,13]",DWF_PTS;XMACH1_PTS,7,"[-30.0,1.6]",-7.7631e-05,
CDWF1_table,CDWF1_table,CDWF1,,top-level-definition,2,"[5,13]",DWF_PTS;XMACH1_PTS,8,"[-30.0,2.0]",-0.00072754,
CDWF1_table,CDWF1_table,CDWF1,,top-level-definition,2,"[5,13]",DWF_PTS;XMACH1_PTS,9,"[-30.0,2.5]",-0.0005402,
CDWF1_table,CDWF1_table,CDWF1,,top-level-definition,2,"[5,13]",DWF_PTS;XMACH1_PTS,10,"[-30.0,3.0]",-0.00094638,
CDWF1_table,CDWF1_table,CDWF1,,top-level-definition,2,"[5,13]",DWF_PTS;XMACH1_PTS,11,"[-30.0,3.5]",-0.00086601,
CDWF1_table,CDWF1_table,CDWF1,,top-level-definition,2,"[5,13]",DWF_PTS;XMACH1_PTS,12,"[-30.0,4.0]",-0.00088642,
CDWF1_table,CDWF1_table,CDWF1,,top-level-definition,2,"[5,13]",DWF_PTS;XMACH1_PTS,13,"[-15.0,0.3]",-0.00044972,
CDWF1_table,CDWF1_table,CDWF1,,top-level-definition,2,"[5,13]",DWF_PTS;XMACH1_PTS,14,"[-15.0,0.6]",-0.00047618,
CDWF1_table,CDWF1_table,CDWF1,,top-level-definition,2,"[5,13]",DWF_PTS;XMACH1_PTS,15,"[-15.0,0.8]",-0.00055554,
CDWF1_table,CDWF1_table,CDWF1,,top-level-definition,2,"[5,13]",DWF_PTS;XMACH1_PTS,16,"[-15.0,0.9]",-0.00058199,
CDWF1_table,CDWF1_table,CDWF1,,top-level-definition,2,"[5,13]",DWF_PTS;XMACH1_PTS,17,"[-15.0,0.95]",-0.00046295,
CDWF1_table,CDWF1_table,CDWF1,,top-level-definition,2,"[5,13]",DWF_PTS;XMACH1_PTS,18,"[-15.0,1.1]",-0.00052252,
CDWF1_table,CDWF1_table,CDWF1,,top-level-definition,2,"[5,13]",DWF_PTS;XMACH1_PTS,19,"[-15.0,1.2]",-0.00056227,
CDWF1_table,CDWF1_table,CDWF1,,top-level-definition,2,"[5,13]",DWF_PTS;XMACH1_PTS,20,"[-15.0,1.6]",-0.00072118,
CDWF1_table,CDWF1_table,CDWF1,,top-level-definition,2,"[5,13]",DWF_PTS;XMACH1_PTS,21,"[-15.0,2.0]",-0.00040179,
CDWF1_table,CDWF1_table,CDWF1,,top-level-definition,2,"[5,13]",DWF_PTS;XMACH1_PTS,22,"[-15.0,2.5]",-0.00023169,
CDWF1_table,CDWF1_table,CDWF1,,top-level-definition,2,"[5,13]",DWF_PTS;XMACH1_PTS,23,"[-15.0,3.0]",-0.00031223,
CDWF1_table,CDWF1_table,CDWF1,,top-level-definition,2,"[5,13]",DWF_PTS;XMACH1_PTS,24,"[-15.0,3.5]",-0.00025283,
CDWF1_table,CDWF1_table,CDWF1,,top-level-definition,2,"[5,13]",DWF_PTS;XMACH1_PTS,25,"[-15.0,4.0]",-0.00029197,
CDWF1_table,CDWF1_table,CDWF1,,top-level-definition,2,"[5,13]",DWF_PTS;XMACH1_PTS,26,"[0.0,0.3]",0.0,
CDWF1_table,CDWF1_table,CDWF1,,top-level-definition,2,"[5,13]",DWF_PTS;XMACH1_PTS,27,"[0.0,0.6]",0.0,
CDWF1_table,CDWF1_table,CDWF1,,top-level-definition,2,"[5,13]",DWF_PTS;XMACH1_PTS,28,"[0.0,0.8]",0.0,
CDWF1_table,CDWF1_table,CDWF1,,top-level-definition,2,"[5,13]",DWF_PTS;XMACH1_PTS,29,"[0.0,0.9]",0.0,
CDWF1_table,CDWF1_table,CDWF1,,top-level-definition,2,"[5,13]",DWF_PTS;XMACH1_PTS,30,"[0.0,0.95]",0.0,
CDWF1_table,CDWF1_table,CDWF1,,top-level-definition,2,"[5,13]",DWF_PTS;XMACH1_PTS,31,"[0.0,1.1]",0.0,
CDWF1_table,CDWF1_table,CDWF1,,top-level-definition,2,"[5,13]",DWF_PTS;XMACH1_PTS,32,"[0.0,1.2]",0.0,
CDWF1_table,CDWF1_table,CDWF1,,top-level-definition,2,"[5,13]",DWF_PTS;XMACH1_PTS,33,"[0.0,1.6]",0.0,
CDWF1_table,CDWF1_table,CDWF1,,top-level-definition,2,"[5,13]",DWF_PTS;XMACH1_PTS,34,"[0.0,2.0]",0.0,
CDWF1_table,CDWF1_table,CDWF1,,top-level-definition,2,"[5,13]",DWF_PTS;XMACH1_PTS,35,"[0.0,2.5]",0.0,
CDWF1_table,CDWF1_table,CDWF1,,top-level-definition,2,"[5,13]",DWF_PTS;XMACH1_PTS,36,"[0.0,3.0]",0.0,
CDWF1_table,CDWF1_table,CDWF1,,top-level-definition,2,"[5,13]",DWF_PTS;XMACH1_PTS,37,"[0.0,3.5]",0.0,
CDWF1_table,CDWF1_table,CDWF1,,top-level-definition,2,"[5,13]",DWF_PTS;XMACH1_PTS,38,"[0.0,4.0]",0.0,
CDWF1_table,CDWF1_table,CDWF1,,top-level-definition,2,"[5,13]",DWF_PTS;XMACH1_PTS,39,"[15.0,0.3]",-0.00041459,
CDWF1_table,CDWF1_table,CDWF1,,top-level-definition,2,"[5,13]",DWF_PTS;XMACH1_PTS,40,"[15.0,0.6]",-0.00061017,
CDWF1_table,CDWF1_table,CDWF1,,top-level-definition,2,"[5,13]",DWF_PTS;XMACH1_PTS,41,"[15.0,0.8]",-0.00054237,
CDWF1_table,CDWF1_table,CDWF1,,top-level-definition,2,"[5,13]",DWF_PTS;XMACH1_PTS,42,"[15.0,0.9]",-0.00033898,
CDWF1_table,CDWF1_table,CDWF1,,top-level-definition,2,"[5,13]",DWF_PTS;XMACH1_PTS,43,"[15.0,0.95]",-0.00054237,
CDWF1_table,CDWF1_table,CDWF1,,top-level-definition,2,"[5,13]",DWF_PTS;XMACH1_PTS,44,"[15.0,1.1]",-0.00029254,
CDWF1_table,CDWF1_table,CDWF1,,top-level-definition,2,"[5,13]",DWF_PTS;XMACH1_PTS,45,"[15.0,1.2]",-0.00012588,
CDWF1_table,CDWF1_table,CDWF1,,top-level-definition,2,"[5,13]",DWF_PTS;XMACH1_PTS,46,"[15.0,1.6]",0.00054055,
CDWF1_table,CDWF1_table,CDWF1,,top-level-definition,2,"[5,13]",DWF_PTS;XMACH1_PTS,47,"[15.0,2.0]",0.00049459,
CDWF1_table,CDWF1_table,CDWF1,,top-level-definition,2,"[5,13]",DWF_PTS;XMACH1_PTS,48,"[15.0,2.5]",0.00038064,
CDWF1_table,CDWF1_table,CDWF1,,top-level-definition,2,"[5,13]",DWF_PTS;XMACH1_PTS,49,"[15.0,3.0]",0.00016831,
CDWF1_table,CDWF1_table,CDWF1,,top-level-definition,2,"[5,13]",DWF_PTS;XMACH1_PTS,50,"[15.0,3.5]",0.0001323,
CDWF1_table,CDWF1_table,CDWF1,,top-level-definition,2,"[5,13]",DWF_PTS;XMACH1_PTS,51,"[15.0,4.0]",0.00011275,
CDWF1_table,CDWF1_table,CDWF1,,top-level-definition,2,"[5,13]",DWF_PTS;XMACH1_PTS,52,"[30.0,0.3]",0.00045188,
CDWF1_table,CDWF1_table,CDWF1,,top-level-definition,2,"[5,13]",DWF_PTS;XMACH1_PTS,53,"[30.0,0.6]",0.00066505,
CDWF1_table,CDWF1_table,CDWF1,,top-level-definition,2,"[5,13]",DWF_PTS;XMACH1_PTS,54,"[30.0,0.8]",0.00059115,
CDWF1_table,CDWF1_table,CDWF1,,top-level-definition,2,"[5,13]",DWF_PTS;XMACH1_PTS,55,"[30.0,0.9]",0.00036947,
CDWF1_table,CDWF1_table,CDWF1,,top-level-definition,2,"[5,13]",DWF_PTS;XMACH1_PTS,56,"[30.0,0.95]",0.00059115,
CDWF1_table,CDWF1_table,CDWF1,,top-level-definition,2,"[5,13]",DWF_PTS;XMACH1_PTS,57,"[30.0,1.1]",0.00079026,
CDWF1_table,CDWF1_table,CDWF1,,top-level-definition,2,"[5,13]",DWF_PTS;XMACH1_PTS,58,"[30.0,1.2]",0.00092308,
CDWF1_table,CDWF1_table,CDWF1,,top-level-definition,2,"[5,13]",DWF_PTS;XMACH1_PTS,59,"[30.0,1.6]",0.0014542,
CDWF1_table,CDWF1_table,CDWF1,,top-level-definition,2,"[5,13]",DWF_PTS;XMACH1_PTS,60,"[30.0,2.0]",0.0010573,
CDWF1_table,CDWF1_table,CDWF1,,top-level-definition,2,"[5,13]",DWF_PTS;XMACH1_PTS,61,"[30.0,2.5]",0.0005375,
CDWF1_table,CDWF1_table,CDWF1,,top-level-definition,2,"[5,13]",DWF_PTS;XMACH1_PTS,62,"[30.0,3.0]",0.00030236,
CDWF1_table,CDWF1_table,CDWF1,,top-level-definition,2,"[5,13]",DWF_PTS;XMACH1_PTS,63,"[30.0,3.5]",0.00023487,
CDWF1_table,CDWF1_table,CDWF1,,top-level-definition,2,"[5,13]",DWF_PTS;XMACH1_PTS,64,"[30.0,4.0]",0.00030604,
CDWF2_table,CDWF2_table,CDWF2,,top-level-definition,2,"[5,13]",DWF_PTS;XMACH1_PTS,0,"[-30.0,0.3]",-6.5295e-05,
CDWF2_table,CDWF2_table,CDWF2,,top-level-definition,2,"[5,13]",DWF_PTS;XMACH1_PTS,1,"[-30.0,0.6]",-6.9136e-05,
CDWF2_table,CDWF2_table,CDWF2,,top-level-definition,2,"[5,13]",DWF_PTS;XMACH1_PTS,2,"[-30.0,0.8]",-8.0659e-05,
CDWF2_table,CDWF2_table,CDWF2,,top-level-definition,2,"[5,13]",DWF_PTS;XMACH1_PTS,3,"[-30.0,0.9]",-8.45e-05,
CDWF2_table,CDWF2_table,CDWF2,,top-level-definition,2,"[5,13]",DWF_PTS;XMACH1_PTS,4,"[-30.0,0.95]",-6.7216e-05,
CDWF2_table,CDWF2_table,CDWF2,,top-level-definition,2,"[5,13]",DWF_PTS;XMACH1_PTS,5,"[-30.0,1.1]",-6.1645e-05,
CDWF2_table,CDWF2_table,CDWF2,,top-level-definition,2,"[5,13]",DWF_PTS;XMACH1_PTS,6,"[-30.0,1.2]",-5.7929e-05,
CDWF2_table,CDWF2_table,CDWF2,,top-level-definition,2,"[5,13]",DWF_PTS;XMACH1_PTS,7,"[-30.0,1.6]",-4.3071e-05,
CDWF2_table,CDWF2_table,CDWF2,,top-level-definition,2,"[5,13]",DWF_PTS;XMACH1_PTS,8,"[-30.0,2.0]",-2.6316e-05,
CDWF2_table,CDWF2_table,CDWF2,,top-level-definition,2,"[5,13]",DWF_PTS;XMACH1_PTS,9,"[-30.0,2.5]",-1.3319e-05,
CDWF2_table,CDWF2_table,CDWF2,,top-level-definition,2,"[5,13]",DWF_PTS;XMACH1_PTS,10,"[-30.0,3.0]",3.4459e-05,
CDWF2_table,CDWF2_table,CDWF2,,top-level-definition,2,"[5,13]",DWF_PTS;XMACH1_PTS,11,"[-30.0,3.5]",2.7801e-05,
CDWF2_table,CDWF2_table,CDWF2,,top-level-definition,2,"[5,13]",DWF_PTS;XMACH1_PTS,12,"[-30.0,4.0]",1.8057e-05,
CDWF2_table,CDWF2_table,CDWF2,,top-level-definition,2,"[5,13]",DWF_PTS;XMACH1_PTS,13,"[-15.0,0.3]",-1.7251e-05,
CDWF2_table,CDWF2_table,CDWF2,,top-level-definition,2,"[5,13]",DWF_PTS;XMACH1_PTS,14,"[-15.0,0.6]",-1.8266e-05,
CDWF2_table,CDWF2_table,CDWF2,,top-level-definition,2,"[5,13]",DWF_PTS;XMACH1_PTS,15,"[-15.0,0.8]",-2.131e-05,
CDWF2_table,CDWF2_table,CDWF2,,top-level-definition,2,"[5,13]",DWF_PTS;XMACH1_PTS,16,"[-15.0,0.9]",-2.2325e-05,
CDWF2_table,CDWF2_table,CDWF2,,top-level-definition,2,"[5,13]",DWF_PTS;XMACH1_PTS,17,"[-15.0,0.95]",-1.7758e-05,
CDWF2_table,CDWF2_table,CDWF2,,top-level-definition,2,"[5,13]",DWF_PTS;XMACH1_PTS,18,"[-15.0,1.1]",-1.1039e-05,
CDWF2_table,CDWF2_table,CDWF2,,top-level-definition,2,"[5,13]",DWF_PTS;XMACH1_PTS,19,"[-15.0,1.2]",-6.5564e-06,
CDWF2_table,CDWF2_table,CDWF2,,top-level-definition,2,"[5,13]",DWF_PTS;XMACH1_PTS,20,"[-15.0,1.6]",1.1368e-05,
CDWF2_table,CDWF2_table,CDWF2,,top-level-definition,2,"[5,13]",DWF_PTS;XMACH1_PTS,21,"[-15.0,2.0]",-4.8778e-06,
CDWF2_table,CDWF2_table,CDWF2,,top-level-definition,2,"[5,13]",DWF_PTS;XMACH1_PTS,22,"[-15.0,2.5]",2.4571e-06,
CDWF2_table,CDWF2_table,CDWF2,,top-level-definition,2,"[5,13]",DWF_PTS;XMACH1_PTS,23,"[-15.0,3.0]",1.1808e-05,
CDWF2_table,CDWF2_table,CDWF2,,top-level-definition,2,"[5,13]",DWF_PTS;XMACH1_PTS,24,"[-15.0,3.5]",8.3265e-06,
CDWF2_table,CDWF2_table,CDWF2,,top-level-definition,2,"[5,13]",DWF_PTS;XMACH1_PTS,25,"[-15.0,4.0]",1.0391e-05,
CDWF2_table,CDWF2_table,CDWF2,,top-level-definition,2,"[5,13]",DWF_PTS;XMACH1_PTS,26,"[0.0,0.3]",0.0,
CDWF2_table,CDWF2_table,CDWF2,,top-level-definition,2,"[5,13]",DWF_PTS;XMACH1_PTS,27,"[0.0,0.6]",0.0,
CDWF2_table,CDWF2_table,CDWF2,,top-level-definition,2,"[5,13]",DWF_PTS;XMACH1_PTS,28,"[0.0,0.8]",0.0,
CDWF2_table,CDWF2_table,CDWF2,,top-level-definition,2,"[5,13]",DWF_PTS;XMACH1_PTS,29,"[0.0,0.9]",0.0,
CDWF2_table,CDWF2_table,CDWF2,,top-level-definition,2,"[5,13]",DWF_PTS;XMACH1_PTS,30,"[0.0,0.95]",0.0,
CDWF2_table,CDWF2_table,CDWF2,,top-level-definition,2,"[5,13]",DWF_PTS;XMACH1_PTS,31,"[0.0,1.1]",0.0,
CDWF2_table,CDWF2_table,CDWF2,,top-level-definition,2,"[5,13]",DWF_PTS;XMACH1_PTS,32,"[0.0,1.2]",0.0,
CDWF2_table,CDWF2_table,CDWF2,,top-level-definition,2,"[5,13]",DWF_PTS;XMACH1_PTS,33,"[0.0,1.6]",0.0,
CDWF2_table,CDWF2_table,CDWF2,,top-level-definition,2,"[5,13]",DWF_PTS;XMACH1_PTS,34,"[0.0,2.0]",0.0,
CDWF2_table,CDWF2_table,CDWF2,,top-level-definition,2,"[5,13]",DWF_PTS;XMACH1_PTS,35,"[0.0,2.5]",0.0,
CDWF2_table,CDWF2_table,CDWF2,,top-level-definition,2,"[5,13]",DWF_PTS;XMACH1_PTS,36,"[0.0,3.0]",0.0,
CDWF2_table,CDWF2_table,CDWF2,,top-level-definition,2,"[5,13]",DWF_PTS;XMACH1_PTS,37,"[0.0,3.5]",0.0,
CDWF2_table,CDWF2_table,CDWF2,,top-level-definition,2,"[5,13]",DWF_PTS;XMACH1_PTS,38,"[0.0,4.0]",0.0,
CDWF2_table,CDWF2_table,CDWF2,,top-level-definition,2,"[5,13]",DWF_PTS;XMACH1_PTS,39,"[15.0,0.3]",7.9391e-05,
CDWF2_table,CDWF2_table,CDWF2,,top-level-definition,2,"[5,13]",DWF_PTS;XMACH1_PTS,40,"[15.0,0.6]",0.00011684,
CDWF2_table,CDWF2_table,CDWF2,,top-level-definition,2,"[5,13]",DWF_PTS;XMACH1_PTS,41,"[15.0,0.8]",0.00010386,
CDWF2_table,CDWF2_table,CDWF2,,top-level-definition,2,"[5,13]",DWF_PTS;XMACH1_PTS,42,"[15.0,0.9]",6.4913e-05,
CDWF2_table,CDWF2_table,CDWF2,,top-level-definition,2,"[5,13]",DWF_PTS;XMACH1_PTS,43,"[15.0,0.95]",0.00010386,
CDWF2_table,CDWF2_table,CDWF2,,top-level-definition,2,"[5,13]",DWF_PTS;XMACH1_PTS,44,"[15.0,1.1]",7.5492e-05,
CDWF2_table,CDWF2_table,CDWF2,,top-level-definition,2,"[5,13]",DWF_PTS;XMACH1_PTS,45,"[15.0,1.2]",5.6567e-05,
CDWF2_table,CDWF2_table,CDWF2,,top-level-definition,2,"[5,13]",DWF_PTS;XMACH1_PTS,46,"[15.0,1.6]",-1.9109e-05,
CDWF2_table,CDWF2_table,CDWF2,,top-level-definition,2,"[5,13]",DWF_PTS;XMACH1_PTS,47,"[15.0,2.0]",-5.1381e-05,
CDWF2_table,CDWF2_table,CDWF2,,top-level-definition,2,"[5,13]",DWF_PTS;XMACH1_PTS,48,"[15.0,2.5]",-1.542e-05,
CDWF2_table,CDWF2_table,CDWF2,,top-level-definition,2,"[5,13]",DWF_PTS;XMACH1_PTS,49,"[15.0,3.0]",-2.2033e-06,
CDWF2_table,CDWF2_table,CDWF2,,top-level-definition,2,"[5,13]",DWF_PTS;XMACH1_PTS,50,"[15.0,3.5]",7.2906e-07,
CDWF2_table,CDWF2_table,CDWF2,,top-level-definition,2,"[5,13]",DWF_PTS;XMACH1_PTS,51,"[15.0,4.0]",5.7344e-07,
CDWF2_table,CDWF2_table,CDWF2,,top-level-definition,2,"[5,13]",DWF_PTS;XMACH1_PTS,52,"[30.0,0.3]",-2.3486e-06,
CDWF2_table,CDWF2_table,CDWF2,,top-level-definition,2,"[5,13]",DWF_PTS;XMACH1_PTS,53,"[30.0,0.6]",-3.4565e-06,
CDWF2_table,CDWF2_table,CDWF2,,top-level-definition,2,"[5,13]",DWF_PTS;XMACH1_PTS,54,"[30.0,0.8]",-3.0725e-06,
CDWF2_table,CDWF2_table,CDWF2,,top-level-definition,2,"[5,13]",DWF_PTS;XMACH1_PTS,55,"[30.0,0.9]",-1.9203e-06,
CDWF2_table,CDWF2_table,CDWF2,,top-level-definition,2,"[5,13]",DWF_PTS;XMACH1_PTS,56,"[30.0,0.95]",-3.0725e-06,
CDWF2_table,CDWF2_table,CDWF2,,top-level-definition,2,"[5,13]",DWF_PTS;XMACH1_PTS,57,"[30.0,1.1]",-3.0302e-05,
CDWF2_table,CDWF2_table,CDWF2,,top-level-definition,2,"[5,13]",DWF_PTS;XMACH1_PTS,58,"[30.0,1.2]",-4.8468e-05,
CDWF2_table,CDWF2_table,CDWF2,,top-level-definition,2,"[5,13]",DWF_PTS;XMACH1_PTS,59,"[30.0,1.6]",-0.0001211,
CDWF2_table,CDWF2_table,CDWF2,,top-level-definition,2,"[5,13]",DWF_PTS;XMACH1_PTS,60,"[30.0,2.0]",-6.9909e-05,
CDWF2_table,CDWF2_table,CDWF2,,top-level-definition,2,"[5,13]",DWF_PTS;XMACH1_PTS,61,"[30.0,2.5]",1.1104e-05,
CDWF2_table,CDWF2_table,CDWF2,,top-level-definition,2,"[5,13]",DWF_PTS;XMACH1_PTS,62,"[30.0,3.0]",-4.134e-06,
CDWF2_table,CDWF2_table,CDWF2,,top-level-definition,2,"[5,13]",DWF_PTS;XMACH1_PTS,63,"[30.0,3.5]",4.2076e-06,
CDWF2_table,CDWF2_table,CDWF2,,top-level-definition,2,"[5,13]",DWF_PTS;XMACH1_PTS,64,"[30.0,4.0]",-1.1453e-05,
CDWF3_table,CDWF3_table,CDWF3,,top-level-definition,2,"[5,13]",DWF_PTS;XMACH1_PTS,0,"[-30.0,0.3]",2.1654e-06,
CDWF3_table,CDWF3_table,CDWF3,,top-level-definition,2,"[5,13]",DWF_PTS;XMACH1_PTS,1,"[-30.0,0.6]",2.2927e-06,
CDWF3_table,CDWF3_table,CDWF3,,top-level-definition,2,"[5,13]",DWF_PTS;XMACH1_PTS,2,"[-30.0,0.8]",2.6748e-06,
CDWF3_table,CDWF3_table,CDWF3,,top-level-definition,2,"[5,13]",DWF_PTS;XMACH1_PTS,3,"[-30.0,0.9]",2.8022e-06,
CDWF3_table,CDWF3_table,CDWF3,,top-level-definition,2,"[5,13]",DWF_PTS;XMACH1_PTS,4,"[-30.0,0.95]",2.229e-06,
CDWF3_table,CDWF3_table,CDWF3,,top-level-definition,2,"[5,13]",DWF_PTS;XMACH1_PTS,5,"[-30.0,1.1]",1.4226e-06,
CDWF3_table,CDWF3_table,CDWF3,,top-level-definition,2,"[5,13]",DWF_PTS;XMACH1_PTS,6,"[-30.0,1.2]",8.8465e-07,
CDWF3_table,CDWF3_table,CDWF3,,top-level-definition,2,"[5,13]",DWF_PTS;XMACH1_PTS,7,"[-30.0,1.6]",-1.2665e-06,
CDWF3_table,CDWF3_table,CDWF3,,top-level-definition,2,"[5,13]",DWF_PTS;XMACH1_PTS,8,"[-30.0,2.0]",1.9263e-06,
CDWF3_table,CDWF3_table,CDWF3,,top-level-definition,2,"[5,13]",DWF_PTS;XMACH1_PTS,9,"[-30.0,2.5]",8.5082e-07,
CDWF3_table,CDWF3_table,CDWF3,,top-level-definition,2,"[5,13]",DWF_PTS;XMACH1_PTS,10,"[-30.0,3.0]",-6.0753e-07,
CDWF3_table,CDWF3_table,CDWF3,,top-level-definition,2,"[5,13]",DWF_PTS;XMACH1_PTS,11,"[-30.0,3.5]",-3.8807e-07,
CDWF3_table,CDWF3_table,CDWF3,,top-level-definition,2,"[5,13]",DWF_PTS;XMACH1_PTS,12,"[-30.0,4.0]",5.1638e-08,
CDWF3_table,CDWF3_table,CDWF3,,top-level-definition,2,"[5,13]",DWF_PTS;XMACH1_PTS,13,"[-15.0,0.3]",8.861e-07,
CDWF3_table,CDWF3_table,CDWF3,,top-level-definition,2,"[5,13]",DWF_PTS;XMACH1_PTS,14,"[-15.0,0.6]",9.3823e-07,
CDWF3_table,CDWF3_table,CDWF3,,top-level-definition,2,"[5,13]",DWF_PTS;XMACH1_PTS,15,"[-15.0,0.8]",1.0946e-06,
CDWF3_table,CDWF3_table,CDWF3,,top-level-definition,2,"[5,13]",DWF_PTS;XMACH1_PTS,16,"[-15.0,0.9]",1.1467e-06,
CDWF3_table,CDWF3_table,CDWF3,,top-level-definition,2,"[5,13]",DWF_PTS;XMACH1_PTS,17,"[-15.0,0.95]",9.1216e-07,
CDWF3_table,CDWF3_table,CDWF3,,top-level-definition,2,"[5,13]",DWF_PTS;XMACH1_PTS,18,"[-15.0,1.1]",8.0688e-07,
CDWF3_table,CDWF3_table,CDWF3,,top-level-definition,2,"[5,13]",DWF_PTS;XMACH1_PTS,19,"[-15.0,1.2]",7.3664e-07,
CDWF3_table,CDWF3_table,CDWF3,,top-level-definition,2,"[5,13]",DWF_PTS;XMACH1_PTS,20,"[-15.0,1.6]",4.5578e-07,
CDWF3_table,CDWF3_table,CDWF3,,top-level-definition,2,"[5,13]",DWF_PTS;XMACH1_PTS,21,"[-15.0,2.0]",8.8573e-07,
CDWF3_table,CDWF3_table,CDWF3,,top-level-definition,2,"[5,13]",DWF_PTS;XMACH1_PTS,22,"[-15.0,2.5]",9.671e-08,
CDWF3_table,CDWF3_table,CDWF3,,top-level-definition,2,"[5,13]",DWF_PTS;XMACH1_PTS,23,"[-15.0,3.0]",-2.1165e-07,
CDWF3_table,CDWF3_table,CDWF3,,top-level-definition,2,"[5,13]",DWF_PTS;XMACH1_PTS,24,"[-15.0,3.5]",-1.5536e-07,
CDWF3_table,CDWF3_table,CDWF3,,top-level-definition,2,"[5,13]",DWF_PTS;XMACH1_PTS,25,"[-15.0,4.0]",-1.3599e-07,
CDWF3_table,CDWF3_table,CDWF3,,top-level-definition,2,"[5,13]",DWF_PTS;XMACH1_PTS,26,"[0.0,0.3]",0.0,
CDWF3_table,CDWF3_table,CDWF3,,top-level-definition,2,"[5,13]",DWF_PTS;XMACH1_PTS,27,"[0.0,0.6]",0.0,
CDWF3_table,CDWF3_table,CDWF3,,top-level-definition,2,"[5,13]",DWF_PTS;XMACH1_PTS,28,"[0.0,0.8]",0.0,
CDWF3_table,CDWF3_table,CDWF3,,top-level-definition,2,"[5,13]",DWF_PTS;XMACH1_PTS,29,"[0.0,0.9]",0.0,
CDWF3_table,CDWF3_table,CDWF3,,top-level-definition,2,"[5,13]",DWF_PTS;XMACH1_PTS,30,"[0.0,0.95]",0.0,
CDWF3_table,CDWF3_table,CDWF3,,top-level-definition,2,"[5,13]",DWF_PTS;XMACH1_PTS,31,"[0.0,1.1]",0.0,
CDWF3_table,CDWF3_table,CDWF3,,top-level-definition,2,"[5,13]",DWF_PTS;XMACH1_PTS,32,"[0.0,1.2]",0.0,
CDWF3_table,CDWF3_table,CDWF3,,top-level-definition,2,"[5,13]",DWF_PTS;XMACH1_PTS,33,"[0.0,1.6]",0.0,
CDWF3_table,CDWF3_table,CDWF3,,top-level-definition,2,"[5,13]",DWF_PTS;XMACH1_PTS,34,"[0.0,2.0]",0.0,
CDWF3_table,CDWF3_table,CDWF3,,top-level-definition,2,"[5,13]",DWF_PTS;XMACH1_PTS,35,"[0.0,2.5]",0.0,
CDWF3_table,CDWF3_table,CDWF3,,top-level-definition,2,"[5,13]",DWF_PTS;XMACH1_PTS,36,"[0.0,3.0]",0.0,
CDWF3_table,CDWF3_table,CDWF3,,top-level-definition,2,"[5,13]",DWF_PTS;XMACH1_PTS,37,"[0.0,3.5]",0.0,
CDWF3_table,CDWF3_table,CDWF3,,top-level-definition,2,"[5,13]",DWF_PTS;XMACH1_PTS,38,"[0.0,4.0]",0.0,
CDWF3_table,CDWF3_table,CDWF3,,top-level-definition,2,"[5,13]",DWF_PTS;XMACH1_PTS,39,"[15.0,0.3]",-2.1284e-06,
CDWF3_table,CDWF3_table,CDWF3,,top-level-definition,2,"[5,13]",DWF_PTS;XMACH1_PTS,40,"[15.0,0.6]",-3.1325e-06,
CDWF3_table,CDWF3_table,CDWF3,,top-level-definition,2,"[5,13]",DWF_PTS;XMACH1_PTS,41,"[15.0,0.8]",-2.7845e-06,
CDWF3_table,CDWF3_table,CDWF3,,top-level-definition,2,"[5,13]",DWF_PTS;XMACH1_PTS,42,"[15.0,0.9]",-1.7403e-06,
CDWF3_table,CDWF3_table,CDWF3,,top-level-definition,2,"[5,13]",DWF_PTS;XMACH1_PTS,43,"[15.0,0.95]",-2.7845e-06,
CDWF3_table,CDWF3_table,CDWF3,,top-level-definition,2,"[5,13]",DWF_PTS;XMACH1_PTS,44,"[15.0,1.1]",-2.242e-06,
CDWF3_table,CDWF3_table,CDWF3,,top-level-definition,2,"[5,13]",DWF_PTS;XMACH1_PTS,45,"[15.0,1.2]",-1.8801e-06,
CDWF3_table,CDWF3_table,CDWF3,,top-level-definition,2,"[5,13]",DWF_PTS;XMACH1_PTS,46,"[15.0,1.6]",-4.3294e-07,
CDWF3_table,CDWF3_table,CDWF3,,top-level-definition,2,"[5,13]",DWF_PTS;XMACH1_PTS,47,"[15.0,2.0]",1.9935e-06,
CDWF3_table,CDWF3_table,CDWF3,,top-level-definition,2,"[5,13]",DWF_PTS;XMACH1_PTS,48,"[15.0,2.5]",3.7461e-07,
CDWF3_table,CDWF3_table,CDWF3,,top-level-definition,2,"[5,13]",DWF_PTS;XMACH1_PTS,49,"[15.0,3.0]",-2.1849e-08,
CDWF3_table,CDWF3_table,CDWF3,,top-level-definition,2,"[5,13]",DWF_PTS;XMACH1_PTS,50,"[15.0,3.5]",-1.0174e-07,
CDWF3_table,CDWF3_table,CDWF3,,top-level-definition,2,"[5,13]",DWF_PTS;XMACH1_PTS,51,"[15.0,4.0]",-1.4278e-08,
CDWF3_table,CDWF3_table,CDWF3,,top-level-definition,2,"[5,13]",DWF_PTS;XMACH1_PTS,52,"[30.0,0.3]",-7.1075e-07,
CDWF3_table,CDWF3_table,CDWF3,,top-level-definition,2,"[5,13]",DWF_PTS;XMACH1_PTS,53,"[30.0,0.6]",-1.046e-06,
CDWF3_table,CDWF3_table,CDWF3,,top-level-definition,2,"[5,13]",DWF_PTS;XMACH1_PTS,54,"[30.0,0.8]",-9.2981e-07,
CDWF3_table,CDWF3_table,CDWF3,,top-level-definition,2,"[5,13]",DWF_PTS;XMACH1_PTS,55,"[30.0,0.9]",-5.8113e-07,
CDWF3_table,CDWF3_table,CDWF3,,top-level-definition,2,"[5,13]",DWF_PTS;XMACH1_PTS,56,"[30.0,0.95]",-9.2981e-07,
CDWF3_table,CDWF3_table,CDWF3,,top-level-definition,2,"[5,13]",DWF_PTS;XMACH1_PTS,57,"[30.0,1.1]",1.3123e-08,
CDWF3_table,CDWF3_table,CDWF3,,top-level-definition,2,"[5,13]",DWF_PTS;XMACH1_PTS,58,"[30.0,1.2]",6.4215e-07,
CDWF3_table,CDWF3_table,CDWF3,,top-level-definition,2,"[5,13]",DWF_PTS;XMACH1_PTS,59,"[30.0,1.6]",3.1575e-06,
CDWF3_table,CDWF3_table,CDWF3,,top-level-definition,2,"[5,13]",DWF_PTS;XMACH1_PTS,60,"[30.0,2.0]",2.6513e-06,
CDWF3_table,CDWF3_table,CDWF3,,top-level-definition,2,"[5,13]",DWF_PTS;XMACH1_PTS,61,"[30.0,2.5]",-8.2392e-07,
CDWF3_table,CDWF3_table,CDWF3,,top-level-definition,2,"[5,13]",DWF_PTS;XMACH1_PTS,62,"[30.0,3.0]",-3.5109e-08,
CDWF3_table,CDWF3_table,CDWF3,,top-level-definition,2,"[5,13]",DWF_PTS;XMACH1_PTS,63,"[30.0,3.5]",-2.8746e-07,
CDWF3_table,CDWF3_table,CDWF3,,top-level-definition,2,"[5,13]",DWF_PTS;XMACH1_PTS,64,"[30.0,4.0]",3.2596e-07,
CMWF0_table,CMWF0_table,CMWF0,,top-level-definition,2,"[5,13]",DWF_PTS;XMACH1_PTS,0,"[-30.0,0.3]",0.022805,
CMWF0_table,CMWF0_table,CMWF0,,top-level-definition,2,"[5,13]",DWF_PTS;XMACH1_PTS,1,"[-30.0,0.6]",0.024146,
CMWF0_table,CMWF0_table,CMWF0,,top-level-definition,2,"[5,13]",DWF_PTS;XMACH1_PTS,2,"[-30.0,0.8]",0.028171,
CMWF0_table,CMWF0_table,CMWF0,,top-level-definition,2,"[5,13]",DWF_PTS;XMACH1_PTS,3,"[-30.0,0.9]",0.029512,
CMWF0_table,CMWF0_table,CMWF0,,top-level-definition,2,"[5,13]",DWF_PTS;XMACH1_PTS,4,"[-30.0,0.95]",0.023476,
CMWF0_table,CMWF0_table,CMWF0,,top-level-definition,2,"[5,13]",DWF_PTS;XMACH1_PTS,5,"[-30.0,1.1]",0.020874,
CMWF0_table,CMWF0_table,CMWF0,,top-level-definition,2,"[5,13]",DWF_PTS;XMACH1_PTS,6,"[-30.0,1.2]",0.019138,
CMWF0_table,CMWF0_table,CMWF0,,top-level-definition,2,"[5,13]",DWF_PTS;XMACH1_PTS,7,"[-30.0,1.6]",0.012197,
CMWF0_table,CMWF0_table,CMWF0,,top-level-definition,2,"[5,13]",DWF_PTS;XMACH1_PTS,8,"[-30.0,2.0]",0.0074428,
CMWF0_table,CMWF0_table,CMWF0,,top-level-definition,2,"[5,13]",DWF_PTS;XMACH1_PTS,9,"[-30.0,2.5]",0.006113,
CMWF0_table,CMWF0_table,CMWF0,,top-level-definition,2,"[5,13]",DWF_PTS;XMACH1_PTS,10,"[-30.0,3.0]",0.0065794,
CMWF0_table,CMWF0_table,CMWF0,,top-level-definition,2,"[5,13]",DWF_PTS;XMACH1_PTS,11,"[-30.0,3.5]",0.0064531,
CMWF0_table,CMWF0_table,CMWF0,,top-level-definition,2,"[5,13]",DWF_PTS;XMACH1_PTS,12,"[-30.0,4.0]",0.006578,
CMWF0_table,CMWF0_table,CMWF0,,top-level-definition,2,"[5,13]",DWF_PTS;XMACH1_PTS,13,"[-15.0,0.3]",0.014548,
CMWF0_table,CMWF0_table,CMWF0,,top-level-definition,2,"[5,13]",DWF_PTS;XMACH1_PTS,14,"[-15.0,0.6]",0.015403,
CMWF0_table,CMWF0_table,CMWF0,,top-level-definition,2,"[5,13]",DWF_PTS;XMACH1_PTS,15,"[-15.0,0.8]",0.017971,
CMWF0_table,CMWF0_table,CMWF0,,top-level-definition,2,"[5,13]",DWF_PTS;XMACH1_PTS,16,"[-15.0,0.9]",0.018826,
CMWF0_table,CMWF0_table,CMWF0,,top-level-definition,2,"[5,13]",DWF_PTS;XMACH1_PTS,17,"[-15.0,0.95]",0.014975,
CMWF0_table,CMWF0_table,CMWF0,,top-level-definition,2,"[5,13]",DWF_PTS;XMACH1_PTS,18,"[-15.0,1.1]",0.012824,
CMWF0_table,CMWF0_table,CMWF0,,top-level-definition,2,"[5,13]",DWF_PTS;XMACH1_PTS,19,"[-15.0,1.2]",0.011388,
CMWF0_table,CMWF0_table,CMWF0,,top-level-definition,2,"[5,13]",DWF_PTS;XMACH1_PTS,20,"[-15.0,1.6]",0.0056489,
CMWF0_table,CMWF0_table,CMWF0,,top-level-definition,2,"[5,13]",DWF_PTS;XMACH1_PTS,21,"[-15.0,2.0]",0.0032521,
CMWF0_table,CMWF0_table,CMWF0,,top-level-definition,2,"[5,13]",DWF_PTS;XMACH1_PTS,22,"[-15.0,2.5]",0.0022199,
CMWF0_table,CMWF0_table,CMWF0,,top-level-definition,2,"[5,13]",DWF_PTS;XMACH1_PTS,23,"[-15.0,3.0]",0.002239,
CMWF0_table,CMWF0_table,CMWF0,,top-level-definition,2,"[5,13]",DWF_PTS;XMACH1_PTS,24,"[-15.0,3.5]",0.0021116,
CMWF0_table,CMWF0_table,CMWF0,,top-level-definition,2,"[5,13]",DWF_PTS;XMACH1_PTS,25,"[-15.0,4.0]",0.0020028,
CMWF0_table,CMWF0_table,CMWF0,,top-level-definition,2,"[5,13]",DWF_PTS;XMACH1_PTS,26,"[0.0,0.3]",0.0,
CMWF0_table,CMWF0_table,CMWF0,,top-level-definition,2,"[5,13]",DWF_PTS;XMACH1_PTS,27,"[0.0,0.6]",0.0,
CMWF0_table,CMWF0_table,CMWF0,,top-level-definition,2,"[5,13]",DWF_PTS;XMACH1_PTS,28,"[0.0,0.8]",0.0,
CMWF0_table,CMWF0_table,CMWF0,,top-level-definition,2,"[5,13]",DWF_PTS;XMACH1_PTS,29,"[0.0,0.9]",0.0,
CMWF0_table,CMWF0_table,CMWF0,,top-level-definition,2,"[5,13]",DWF_PTS;XMACH1_PTS,30,"[0.0,0.95]",0.0,
CMWF0_table,CMWF0_table,CMWF0,,top-level-definition,2,"[5,13]",DWF_PTS;XMACH1_PTS,31,"[0.0,1.1]",0.0,
CMWF0_table,CMWF0_table,CMWF0,,top-level-definition,2,"[5,13]",DWF_PTS;XMACH1_PTS,32,"[0.0,1.2]",0.0,
CMWF0_table,CMWF0_table,CMWF0,,top-level-definition,2,"[5,13]",DWF_PTS;XMACH1_PTS,33,"[0.0,1.6]",0.0,
CMWF0_table,CMWF0_table,CMWF0,,top-level-definition,2,"[5,13]",DWF_PTS;XMACH1_PTS,34,"[0.0,2.0]",0.0,
CMWF0_table,CMWF0_table,CMWF0,,top-level-definition,2,"[5,13]",DWF_PTS;XMACH1_PTS,35,"[0.0,2.5]",0.0,
CMWF0_table,CMWF0_table,CMWF0,,top-level-definition,2,"[5,13]",DWF_PTS;XMACH1_PTS,36,"[0.0,3.0]",0.0,
CMWF0_table,CMWF0_table,CMWF0,,top-level-definition,2,"[5,13]",DWF_PTS;XMACH1_PTS,37,"[0.0,3.5]",0.0,
CMWF0_table,CMWF0_table,CMWF0,,top-level-definition,2,"[5,13]",DWF_PTS;XMACH1_PTS,38,"[0.0,4.0]",0.0,
CMWF0_table,CMWF0_table,CMWF0,,top-level-definition,2,"[5,13]",DWF_PTS;XMACH1_PTS,39,"[15.0,0.3]",-0.0080529,
CMWF0_table,CMWF0_table,CMWF0,,top-level-definition,2,"[5,13]",DWF_PTS;XMACH1_PTS,40,"[15.0,0.6]",-0.011852,
CMWF0_table,CMWF0_table,CMWF0,,top-level-definition,2,"[5,13]",DWF_PTS;XMACH1_PTS,41,"[15.0,0.8]",-0.010535,
CMWF0_table,CMWF0_table,CMWF0,,top-level-definition,2,"[5,13]",DWF_PTS;XMACH1_PTS,42,"[15.0,0.9]",-0.0065844,
CMWF0_table,CMWF0_table,CMWF0,,top-level-definition,2,"[5,13]",DWF_PTS;XMACH1_PTS,43,"[15.0,0.95]",-0.010535,
CMWF0_table,CMWF0_table,CMWF0,,top-level-definition,2,"[5,13]",DWF_PTS;XMACH1_PTS,44,"[15.0,1.1]",-0.0087923,
CMWF0_table,CMWF0_table,CMWF0,,top-level-definition,2,"[5,13]",DWF_PTS;XMACH1_PTS,45,"[15.0,1.2]",-0.0076298,
CMWF0_table,CMWF0_table,CMWF0,,top-level-definition,2,"[5,13]",DWF_PTS;XMACH1_PTS,46,"[15.0,1.6]",-0.0029812,
CMWF0_table,CMWF0_table,CMWF0,,top-level-definition,2,"[5,13]",DWF_PTS;XMACH1_PTS,47,"[15.0,2.0]",-0.0021355,
CMWF0_table,CMWF0_table,CMWF0,,top-level-definition,2,"[5,13]",DWF_PTS;XMACH1_PTS,48,"[15.0,2.5]",-0.001874,
CMWF0_table,CMWF0_table,CMWF0,,top-level-definition,2,"[5,13]",DWF_PTS;XMACH1_PTS,49,"[15.0,3.0]",-0.0013159,
CMWF0_table,CMWF0_table,CMWF0,,top-level-definition,2,"[5,13]",DWF_PTS;XMACH1_PTS,50,"[15.0,3.5]",-0.0010672,
CMWF0_table,CMWF0_table,CMWF0,,top-level-definition,2,"[5,13]",DWF_PTS;XMACH1_PTS,51,"[15.0,4.0]",-0.001093,
CMWF0_table,CMWF0_table,CMWF0,,top-level-definition,2,"[5,13]",DWF_PTS;XMACH1_PTS,52,"[30.0,0.3]",-0.018166,
CMWF0_table,CMWF0_table,CMWF0,,top-level-definition,2,"[5,13]",DWF_PTS;XMACH1_PTS,53,"[30.0,0.6]",-0.026735,
CMWF0_table,CMWF0_table,CMWF0,,top-level-definition,2,"[5,13]",DWF_PTS;XMACH1_PTS,54,"[30.0,0.8]",-0.023765,
CMWF0_table,CMWF0_table,CMWF0,,top-level-definition,2,"[5,13]",DWF_PTS;XMACH1_PTS,55,"[30.0,0.9]",-0.014853,
CMWF0_table,CMWF0_table,CMWF0,,top-level-definition,2,"[5,13]",DWF_PTS;XMACH1_PTS,56,"[30.0,0.95]",-0.023765,
CMWF0_table,CMWF0_table,CMWF0,,top-level-definition,2,"[5,13]",DWF_PTS;XMACH1_PTS,57,"[30.0,1.1]",-0.01955,
CMWF0_table,CMWF0_table,CMWF0,,top-level-definition,2,"[5,13]",DWF_PTS;XMACH1_PTS,58,"[30.0,1.2]",-0.016738,
CMWF0_table,CMWF0_table,CMWF0,,top-level-definition,2,"[5,13]",DWF_PTS;XMACH1_PTS,59,"[30.0,1.6]",-0.0054949,
CMWF0_table,CMWF0_table,CMWF0,,top-level-definition,2,"[5,13]",DWF_PTS;XMACH1_PTS,60,"[30.0,2.0]",-0.0045391,
CMWF0_table,CMWF0_table,CMWF0,,top-level-definition,2,"[5,13]",DWF_PTS;XMACH1_PTS,61,"[30.0,2.5]",-0.0034254,
CMWF0_table,CMWF0_table,CMWF0,,top-level-definition,2,"[5,13]",DWF_PTS;XMACH1_PTS,62,"[30.0,3.0]",-0.0019808,
CMWF0_table,CMWF0_table,CMWF0,,top-level-definition,2,"[5,13]",DWF_PTS;XMACH1_PTS,63,"[30.0,3.5]",-0.0016211,
CMWF0_table,CMWF0_table,CMWF0,,top-level-definition,2,"[5,13]",DWF_PTS;XMACH1_PTS,64,"[30.0,4.0]",-0.0016041,
CMWF1_table,CMWF1_table,CMWF1,,top-level-definition,2,"[5,13]",DWF_PTS;XMACH1_PTS,0,"[-30.0,0.3]",2.9523e-05,
CMWF1_table,CMWF1_table,CMWF1,,top-level-definition,2,"[5,13]",DWF_PTS;XMACH1_PTS,1,"[-30.0,0.6]",3.126e-05,
CMWF1_table,CMWF1_table,CMWF1,,top-level-definition,2,"[5,13]",DWF_PTS;XMACH1_PTS,2,"[-30.0,0.8]",3.6469e-05,
CMWF1_table,CMWF1_table,CMWF1,,top-level-definition,2,"[5,13]",DWF_PTS;XMACH1_PTS,3,"[-30.0,0.9]",3.8206e-05,
CMWF1_table,CMWF1_table,CMWF1,,top-level-definition,2,"[5,13]",DWF_PTS;XMACH1_PTS,4,"[-30.0,0.95]",3.0391e-05,
CMWF1_table,CMWF1_table,CMWF1,,top-level-definition,2,"[5,13]",DWF_PTS;XMACH1_PTS,5,"[-30.0,1.1]",-7.9644e-05,
CMWF1_table,CMWF1_table,CMWF1,,top-level-definition,2,"[5,13]",DWF_PTS;XMACH1_PTS,6,"[-30.0,1.2]",-0.00015305,
CMWF1_table,CMWF1_table,CMWF1,,top-level-definition,2,"[5,13]",DWF_PTS;XMACH1_PTS,7,"[-30.0,1.6]",-0.00044657,
CMWF1_table,CMWF1_table,CMWF1,,top-level-definition,2,"[5,13]",DWF_PTS;XMACH1_PTS,8,"[-30.0,2.0]",-0.00031089,
CMWF1_table,CMWF1_table,CMWF1,,top-level-definition,2,"[5,13]",DWF_PTS;XMACH1_PTS,9,"[-30.0,2.5]",-0.00014214,
CMWF1_table,CMWF1_table,CMWF1,,top-level-definition,2,"[5,13]",DWF_PTS;XMACH1_PTS,10,"[-30.0,3.0]",-0.00032017,
CMWF1_table,CMWF1_table,CMWF1,,top-level-definition,2,"[5,13]",DWF_PTS;XMACH1_PTS,11,"[-30.0,3.5]",-0.00038677,
CMWF1_table,CMWF1_table,CMWF1,,top-level-definition,2,"[5,13]",DWF_PTS;XMACH1_PTS,12,"[-30.0,4.0]",-0.00046096,
CMWF1_table,CMWF1_table,CMWF1,,top-level-definition,2,"[5,13]",DWF_PTS;XMACH1_PTS,13,"[-15.0,0.3]",-0.00029567,
CMWF1_table,CMWF1_table,CMWF1,,top-level-definition,2,"[5,13]",DWF_PTS;XMACH1_PTS,14,"[-15.0,0.6]",-0.00031306,
CMWF1_table,CMWF1_table,CMWF1,,top-level-definition,2,"[5,13]",DWF_PTS;XMACH1_PTS,15,"[-15.0,0.8]",-0.00036524,
CMWF1_table,CMWF1_table,CMWF1,,top-level-definition,2,"[5,13]",DWF_PTS;XMACH1_PTS,16,"[-15.0,0.9]",-0.00038263,
CMWF1_table,CMWF1_table,CMWF1,,top-level-definition,2,"[5,13]",DWF_PTS;XMACH1_PTS,17,"[-15.0,0.95]",-0.00030437,
CMWF1_table,CMWF1_table,CMWF1,,top-level-definition,2,"[5,13]",DWF_PTS;XMACH1_PTS,18,"[-15.0,1.1]",-0.0002955,
CMWF1_table,CMWF1_table,CMWF1,,top-level-definition,2,"[5,13]",DWF_PTS;XMACH1_PTS,19,"[-15.0,1.2]",-0.00028959,
CMWF1_table,CMWF1_table,CMWF1,,top-level-definition,2,"[5,13]",DWF_PTS;XMACH1_PTS,20,"[-15.0,1.6]",-0.00026595,
CMWF1_table,CMWF1_table,CMWF1,,top-level-definition,2,"[5,13]",DWF_PTS;XMACH1_PTS,21,"[-15.0,2.0]",-0.00019123,
CMWF1_table,CMWF1_table,CMWF1,,top-level-definition,2,"[5,13]",DWF_PTS;XMACH1_PTS,22,"[-15.0,2.5]",-3.3818e-05,
CMWF1_table,CMWF1_table,CMWF1,,top-level-definition,2,"[5,13]",DWF_PTS;XMACH1_PTS,23,"[-15.0,3.0]",-9.7424e-05,
CMWF1_table,CMWF1_table,CMWF1,,top-level-definition,2,"[5,13]",DWF_PTS;XMACH1_PTS,24,"[-15.0,3.5]",-9.3988e-05,
CMWF1_table,CMWF1_table,CMWF1,,top-level-definition,2,"[5,13]",DWF_PTS;XMACH1_PTS,25,"[-15.0,4.0]",-0.00011138,
CMWF1_table,CMWF1_table,CMWF1,,top-level-definition,2,"[5,13]",DWF_PTS;XMACH1_PTS,26,"[0.0,0.3]",0.0,
CMWF1_table,CMWF1_table,CMWF1,,top-level-definition,2,"[5,13]",DWF_PTS;XMACH1_PTS,27,"[0.0,0.6]",0.0,
CMWF1_table,CMWF1_table,CMWF1,,top-level-definition,2,"[5,13]",DWF_PTS;XMACH1_PTS,28,"[0.0,0.8]",0.0,
CMWF1_table,CMWF1_table,CMWF1,,top-level-definition,2,"[5,13]",DWF_PTS;XMACH1_PTS,29,"[0.0,0.9]",0.0,
CMWF1_table,CMWF1_table,CMWF1,,top-level-definition,2,"[5,13]",DWF_PTS;XMACH1_PTS,30,"[0.0,0.95]",0.0,
CMWF1_table,CMWF1_table,CMWF1,,top-level-definition,2,"[5,13]",DWF_PTS;XMACH1_PTS,31,"[0.0,1.1]",0.0,
CMWF1_table,CMWF1_table,CMWF1,,top-level-definition,2,"[5,13]",DWF_PTS;XMACH1_PTS,32,"[0.0,1.2]",0.0,
CMWF1_table,CMWF1_table,CMWF1,,top-level-definition,2,"[5,13]",DWF_PTS;XMACH1_PTS,33,"[0.0,1.6]",0.0,
CMWF1_table,CMWF1_table,CMWF1,,top-level-definition,2,"[5,13]",DWF_PTS;XMACH1_PTS,34,"[0.0,2.0]",0.0,
CMWF1_table,CMWF1_table,CMWF1,,top-level-definition,2,"[5,13]",DWF_PTS;XMACH1_PTS,35,"[0.0,2.5]",0.0,
CMWF1_table,CMWF1_table,CMWF1,,top-level-definition,2,"[5,13]",DWF_PTS;XMACH1_PTS,36,"[0.0,3.0]",0.0,
CMWF1_table,CMWF1_table,CMWF1,,top-level-definition,2,"[5,13]",DWF_PTS;XMACH1_PTS,37,"[0.0,3.5]",0.0,
CMWF1_table,CMWF1_table,CMWF1,,top-level-definition,2,"[5,13]",DWF_PTS;XMACH1_PTS,38,"[0.0,4.0]",0.0,
CMWF1_table,CMWF1_table,CMWF1,,top-level-definition,2,"[5,13]",DWF_PTS;XMACH1_PTS,39,"[15.0,0.3]",-0.00016572,
CMWF1_table,CMWF1_table,CMWF1,,top-level-definition,2,"[5,13]",DWF_PTS;XMACH1_PTS,40,"[15.0,0.6]",-0.0002439,
CMWF1_table,CMWF1_table,CMWF1,,top-level-definition,2,"[5,13]",DWF_PTS;XMACH1_PTS,41,"[15.0,0.8]",-0.0002168,
CMWF1_table,CMWF1_table,CMWF1,,top-level-definition,2,"[5,13]",DWF_PTS;XMACH1_PTS,42,"[15.0,0.9]",-0.0001355,
CMWF1_table,CMWF1_table,CMWF1,,top-level-definition,2,"[5,13]",DWF_PTS;XMACH1_PTS,43,"[15.0,0.95]",-0.0002168,
CMWF1_table,CMWF1_table,CMWF1,,top-level-definition,2,"[5,13]",DWF_PTS;XMACH1_PTS,44,"[15.0,1.1]",-0.00014146,
CMWF1_table,CMWF1_table,CMWF1,,top-level-definition,2,"[5,13]",DWF_PTS;XMACH1_PTS,45,"[15.0,1.2]",-9.1203e-05,
CMWF1_table,CMWF1_table,CMWF1,,top-level-definition,2,"[5,13]",DWF_PTS;XMACH1_PTS,46,"[15.0,1.6]",0.00010977,
CMWF1_table,CMWF1_table,CMWF1,,top-level-definition,2,"[5,13]",DWF_PTS;XMACH1_PTS,47,"[15.0,2.0]",6.2003e-05,
CMWF1_table,CMWF1_table,CMWF1,,top-level-definition,2,"[5,13]",DWF_PTS;XMACH1_PTS,48,"[15.0,2.5]",7.9974e-05,
CMWF1_table,CMWF1_table,CMWF1,,top-level-definition,2,"[5,13]",DWF_PTS;XMACH1_PTS,49,"[15.0,3.0]",4.6816e-05,
CMWF1_table,CMWF1_table,CMWF1,,top-level-definition,2,"[5,13]",DWF_PTS;XMACH1_PTS,50,"[15.0,3.5]",5.0567e-05,
CMWF1_table,CMWF1_table,CMWF1,,top-level-definition,2,"[5,13]",DWF_PTS;XMACH1_PTS,51,"[15.0,4.0]",6.7872e-05,
CMWF1_table,CMWF1_table,CMWF1,,top-level-definition,2,"[5,13]",DWF_PTS;XMACH1_PTS,52,"[30.0,0.3]",-0.0011348,
CMWF1_table,CMWF1_table,CMWF1,,top-level-definition,2,"[5,13]",DWF_PTS;XMACH1_PTS,53,"[30.0,0.6]",-0.0016702,
CMWF1_table,CMWF1_table,CMWF1,,top-level-definition,2,"[5,13]",DWF_PTS;XMACH1_PTS,54,"[30.0,0.8]",-0.0014846,
CMWF1_table,CMWF1_table,CMWF1,,top-level-definition,2,"[5,13]",DWF_PTS;XMACH1_PTS,55,"[30.0,0.9]",-0.00092786,
CMWF1_table,CMWF1_table,CMWF1,,top-level-definition,2,"[5,13]",DWF_PTS;XMACH1_PTS,56,"[30.0,0.95]",-0.0014846,
CMWF1_table,CMWF1_table,CMWF1,,top-level-definition,2,"[5,13]",DWF_PTS;XMACH1_PTS,57,"[30.0,1.1]",-0.0010671,
CMWF1_table,CMWF1_table,CMWF1,,top-level-definition,2,"[5,13]",DWF_PTS;XMACH1_PTS,58,"[30.0,1.2]",-0.00078862,
CMWF1_table,CMWF1_table,CMWF1,,top-level-definition,2,"[5,13]",DWF_PTS;XMACH1_PTS,59,"[30.0,1.6]",0.000325,
CMWF1_table,CMWF1_table,CMWF1,,top-level-definition,2,"[5,13]",DWF_PTS;XMACH1_PTS,60,"[30.0,2.0]",3.6181e-05,
CMWF1_table,CMWF1_table,CMWF1,,top-level-definition,2,"[5,13]",DWF_PTS;XMACH1_PTS,61,"[30.0,2.5]",0.00013773,
CMWF1_table,CMWF1_table,CMWF1,,top-level-definition,2,"[5,13]",DWF_PTS;XMACH1_PTS,62,"[30.0,3.0]",7.2374e-05,
CMWF1_table,CMWF1_table,CMWF1,,top-level-definition,2,"[5,13]",DWF_PTS;XMACH1_PTS,63,"[30.0,3.5]",6.0726e-05,
CMWF1_table,CMWF1_table,CMWF1,,top-level-definition,2,"[5,13]",DWF_PTS;XMACH1_PTS,64,"[30.0,4.0]",5.6623e-05,
CMWF2_table,CMWF2_table,CMWF2,,top-level-definition,2,"[5,13]",DWF_PTS;XMACH1_PTS,0,"[-30.0,0.3]",-1.4274e-05,
CMWF2_table,CMWF2_table,CMWF2,,top-level-definition,2,"[5,13]",DWF_PTS;XMACH1_PTS,1,"[-30.0,0.6]",-1.5113e-05,
CMWF2_table,CMWF2_table,CMWF2,,top-level-definition,2,"[5,13]",DWF_PTS;XMACH1_PTS,2,"[-30.0,0.8]",-1.7632e-05,
CMWF2_table,CMWF2_table,CMWF2,,top-level-definition,2,"[5,13]",DWF_PTS;XMACH1_PTS,3,"[-30.0,0.9]",-1.8472e-05,
CMWF2_table,CMWF2_table,CMWF2,,top-level-definition,2,"[5,13]",DWF_PTS;XMACH1_PTS,4,"[-30.0,0.95]",-1.4694e-05,
CMWF2_table,CMWF2_table,CMWF2,,top-level-definition,2,"[5,13]",DWF_PTS;XMACH1_PTS,5,"[-30.0,1.1]",-3.1645e-05,
CMWF2_table,CMWF2_table,CMWF2,,top-level-definition,2,"[5,13]",DWF_PTS;XMACH1_PTS,6,"[-30.0,1.2]",-4.2953e-05,
CMWF2_table,CMWF2_table,CMWF2,,top-level-definition,2,"[5,13]",DWF_PTS;XMACH1_PTS,7,"[-30.0,1.6]",-8.8171e-05,
CMWF2_table,CMWF2_table,CMWF2,,top-level-definition,2,"[5,13]",DWF_PTS;XMACH1_PTS,8,"[-30.0,2.0]",-3.405e-06,
CMWF2_table,CMWF2_table,CMWF2,,top-level-definition,2,"[5,13]",DWF_PTS;XMACH1_PTS,9,"[-30.0,2.5]",-8.508e-06,
CMWF2_table,CMWF2_table,CMWF2,,top-level-definition,2,"[5,13]",DWF_PTS;XMACH1_PTS,10,"[-30.0,3.0]",5.1587e-06,
CMWF2_table,CMWF2_table,CMWF2,,top-level-definition,2,"[5,13]",DWF_PTS;XMACH1_PTS,11,"[-30.0,3.5]",1.0787e-05,
CMWF2_table,CMWF2_table,CMWF2,,top-level-definition,2,"[5,13]",DWF_PTS;XMACH1_PTS,12,"[-30.0,4.0]",1.6753e-05,
CMWF2_table,CMWF2_table,CMWF2,,top-level-definition,2,"[5,13]",DWF_PTS;XMACH1_PTS,13,"[-15.0,0.3]",1.8023e-05,
CMWF2_table,CMWF2_table,CMWF2,,top-level-definition,2,"[5,13]",DWF_PTS;XMACH1_PTS,14,"[-15.0,0.6]",1.9084e-05,
CMWF2_table,CMWF2_table,CMWF2,,top-level-definition,2,"[5,13]",DWF_PTS;XMACH1_PTS,15,"[-15.0,0.8]",2.2264e-05,
CMWF2_table,CMWF2_table,CMWF2,,top-level-definition,2,"[5,13]",DWF_PTS;XMACH1_PTS,16,"[-15.0,0.9]",2.3324e-05,
CMWF2_table,CMWF2_table,CMWF2,,top-level-definition,2,"[5,13]",DWF_PTS;XMACH1_PTS,17,"[-15.0,0.95]",1.8553e-05,
CMWF2_table,CMWF2_table,CMWF2,,top-level-definition,2,"[5,13]",DWF_PTS;XMACH1_PTS,18,"[-15.0,1.1]",1.0601e-05,
CMWF2_table,CMWF2_table,CMWF2,,top-level-definition,2,"[5,13]",DWF_PTS;XMACH1_PTS,19,"[-15.0,1.2]",5.2965e-06,
CMWF2_table,CMWF2_table,CMWF2,,top-level-definition,2,"[5,13]",DWF_PTS;XMACH1_PTS,20,"[-15.0,1.6]",-1.5916e-05,
CMWF2_table,CMWF2_table,CMWF2,,top-level-definition,2,"[5,13]",DWF_PTS;XMACH1_PTS,21,"[-15.0,2.0]",3.9122e-06,
CMWF2_table,CMWF2_table,CMWF2,,top-level-definition,2,"[5,13]",DWF_PTS;XMACH1_PTS,22,"[-15.0,2.5]",-1.0759e-05,
CMWF2_table,CMWF2_table,CMWF2,,top-level-definition,2,"[5,13]",DWF_PTS;XMACH1_PTS,23,"[-15.0,3.0]",2.3626e-06,
CMWF2_table,CMWF2_table,CMWF2,,top-level-definition,2,"[5,13]",DWF_PTS;XMACH1_PTS,24,"[-15.0,3.5]",2.5476e-06,
CMWF2_table,CMWF2_table,CMWF2,,top-level-definition,2,"[5,13]",DWF_PTS;XMACH1_PTS,25,"[-15.0,4.0]",3.8811e-06,
CMWF2_table,CMWF2_table,CMWF2,,top-level-definition,2,"[5,13]",DWF_PTS;XMACH1_PTS,26,"[0.0,0.3]",0.0,
CMWF2_table,CMWF2_table,CMWF2,,top-level-definition,2,"[5,13]",DWF_PTS;XMACH1_PTS,27,"[0.0,0.6]",0.0,
CMWF2_table,CMWF2_table,CMWF2,,top-level-definition,2,"[5,13]",DWF_PTS;XMACH1_PTS,28,"[0.0,0.8]",0.0,
CMWF2_table,CMWF2_table,CMWF2,,top-level-definition,2,"[5,13]",DWF_PTS;XMACH1_PTS,29,"[0.0,0.9]",0.0,
CMWF2_table,CMWF2_table,CMWF2,,top-level-definition,2,"[5,13]",DWF_PTS;XMACH1_PTS,30,"[0.0,0.95]",0.0,
CMWF2_table,CMWF2_table,CMWF2,,top-level-definition,2,"[5,13]",DWF_PTS;XMACH1_PTS,31,"[0.0,1.1]",0.0,
CMWF2_table,CMWF2_table,CMWF2,,top-level-definition,2,"[5,13]",DWF_PTS;XMACH1_PTS,32,"[0.0,1.2]",0.0,
CMWF2_table,CMWF2_table,CMWF2,,top-level-definition,2,"[5,13]",DWF_PTS;XMACH1_PTS,33,"[0.0,1.6]",0.0,
CMWF2_table,CMWF2_table,CMWF2,,top-level-definition,2,"[5,13]",DWF_PTS;XMACH1_PTS,34,"[0.0,2.0]",0.0,
CMWF2_table,CMWF2_table,CMWF2,,top-level-definition,2,"[5,13]",DWF_PTS;XMACH1_PTS,35,"[0.0,2.5]",0.0,
CMWF2_table,CMWF2_table,CMWF2,,top-level-definition,2,"[5,13]",DWF_PTS;XMACH1_PTS,36,"[0.0,3.0]",0.0,
CMWF2_table,CMWF2_table,CMWF2,,top-level-definition,2,"[5,13]",DWF_PTS;XMACH1_PTS,37,"[0.0,3.5]",0.0,
CMWF2_table,CMWF2_table,CMWF2,,top-level-definition,2,"[5,13]",DWF_PTS;XMACH1_PTS,38,"[0.0,4.0]",0.0,
CMWF2_table,CMWF2_table,CMWF2,,top-level-definition,2,"[5,13]",DWF_PTS;XMACH1_PTS,39,"[15.0,0.3]",9.3501e-06,
CMWF2_table,CMWF2_table,CMWF2,,top-level-definition,2,"[5,13]",DWF_PTS;XMACH1_PTS,40,"[15.0,0.6]",1.3761e-05,
CMWF2_table,CMWF2_table,CMWF2,,top-level-definition,2,"[5,13]",DWF_PTS;XMACH1_PTS,41,"[15.0,0.8]",1.2232e-05,
CMWF2_table,CMWF2_table,CMWF2,,top-level-definition,2,"[5,13]",DWF_PTS;XMACH1_PTS,42,"[15.0,0.9]",7.645e-06,
CMWF2_table,CMWF2_table,CMWF2,,top-level-definition,2,"[5,13]",DWF_PTS;XMACH1_PTS,43,"[15.0,0.95]",1.2232e-05,
CMWF2_table,CMWF2_table,CMWF2,,top-level-definition,2,"[5,13]",DWF_PTS;XMACH1_PTS,44,"[15.0,1.1]",6.9728e-06,
CMWF2_table,CMWF2_table,CMWF2,,top-level-definition,2,"[5,13]",DWF_PTS;XMACH1_PTS,45,"[15.0,1.2]",3.4644e-06,
CMWF2_table,CMWF2_table,CMWF2,,top-level-definition,2,"[5,13]",DWF_PTS;XMACH1_PTS,46,"[15.0,1.6]",-1.0565e-05,
CMWF2_table,CMWF2_table,CMWF2,,top-level-definition,2,"[5,13]",DWF_PTS;XMACH1_PTS,47,"[15.0,2.0]",-3.3525e-06,
CMWF2_table,CMWF2_table,CMWF2,,top-level-definition,2,"[5,13]",DWF_PTS;XMACH1_PTS,48,"[15.0,2.5]",-8.8226e-06,
CMWF2_table,CMWF2_table,CMWF2,,top-level-definition,2,"[5,13]",DWF_PTS;XMACH1_PTS,49,"[15.0,3.0]",-8.3535e-07,
CMWF2_table,CMWF2_table,CMWF2,,top-level-definition,2,"[5,13]",DWF_PTS;XMACH1_PTS,50,"[15.0,3.5]",-2.5385e-06,
CMWF2_table,CMWF2_table,CMWF2,,top-level-definition,2,"[5,13]",DWF_PTS;XMACH1_PTS,51,"[15.0,4.0]",-3.481e-06,
CMWF2_table,CMWF2_table,CMWF2,,top-level-definition,2,"[5,13]",DWF_PTS;XMACH1_PTS,52,"[30.0,0.3]",0.00010299,
CMWF2_table,CMWF2_table,CMWF2,,top-level-definition,2,"[5,13]",DWF_PTS;XMACH1_PTS,53,"[30.0,0.6]",0.00015158,
CMWF2_table,CMWF2_table,CMWF2,,top-level-definition,2,"[5,13]",DWF_PTS;XMACH1_PTS,54,"[30.0,0.8]",0.00013474,
CMWF2_table,CMWF2_table,CMWF2,,top-level-definition,2,"[5,13]",DWF_PTS;XMACH1_PTS,55,"[30.0,0.9]",8.4211e-05,
CMWF2_table,CMWF2_table,CMWF2,,top-level-definition,2,"[5,13]",DWF_PTS;XMACH1_PTS,56,"[30.0,0.95]",0.00013474,
CMWF2_table,CMWF2_table,CMWF2,,top-level-definition,2,"[5,13]",DWF_PTS;XMACH1_PTS,57,"[30.0,1.1]",9.7262e-05,
CMWF2_table,CMWF2_table,CMWF2,,top-level-definition,2,"[5,13]",DWF_PTS;XMACH1_PTS,58,"[30.0,1.2]",7.2262e-05,
CMWF2_table,CMWF2_table,CMWF2,,top-level-definition,2,"[5,13]",DWF_PTS;XMACH1_PTS,59,"[30.0,1.6]",-2.7705e-05,
CMWF2_table,CMWF2_table,CMWF2,,top-level-definition,2,"[5,13]",DWF_PTS;XMACH1_PTS,60,"[30.0,2.0]",-1.1608e-05,
CMWF2_table,CMWF2_table,CMWF2,,top-level-definition,2,"[5,13]",DWF_PTS;XMACH1_PTS,61,"[30.0,2.5]",-1.6632e-05,
CMWF2_table,CMWF2_table,CMWF2,,top-level-definition,2,"[5,13]",DWF_PTS;XMACH1_PTS,62,"[30.0,3.0]",-3.3542e-06,
CMWF2_table,CMWF2_table,CMWF2,,top-level-definition,2,"[5,13]",DWF_PTS;XMACH1_PTS,63,"[30.0,3.5]",-4.2994e-06,
CMWF2_table,CMWF2_table,CMWF2,,top-level-definition,2,"[5,13]",DWF_PTS;XMACH1_PTS,64,"[30.0,4.0]",-2.9449e-06,
CMWF3_table,CMWF3_table,CMWF3,,top-level-definition,2,"[5,13]",DWF_PTS;XMACH1_PTS,0,"[-30.0,0.3]",-1.1499e-07,
CMWF3_table,CMWF3_table,CMWF3,,top-level-definition,2,"[5,13]",DWF_PTS;XMACH1_PTS,1,"[-30.0,0.6]",-1.2176e-07,
CMWF3_table,CMWF3_table,CMWF3,,top-level-definition,2,"[5,13]",DWF_PTS;XMACH1_PTS,2,"[-30.0,0.8]",-1.4205e-07,
CMWF3_table,CMWF3_table,CMWF3,,top-level-definition,2,"[5,13]",DWF_PTS;XMACH1_PTS,3,"[-30.0,0.9]",-1.4882e-07,
CMWF3_table,CMWF3_table,CMWF3,,top-level-definition,2,"[5,13]",DWF_PTS;XMACH1_PTS,4,"[-30.0,0.95]",-1.1838e-07,
CMWF3_table,CMWF3_table,CMWF3,,top-level-definition,2,"[5,13]",DWF_PTS;XMACH1_PTS,5,"[-30.0,1.1]",1.2534e-06,
CMWF3_table,CMWF3_table,CMWF3,,top-level-definition,2,"[5,13]",DWF_PTS;XMACH1_PTS,6,"[-30.0,1.2]",2.1686e-06,
CMWF3_table,CMWF3_table,CMWF3,,top-level-definition,2,"[5,13]",DWF_PTS;XMACH1_PTS,7,"[-30.0,1.6]",5.828e-06,
CMWF3_table,CMWF3_table,CMWF3,,top-level-definition,2,"[5,13]",DWF_PTS;XMACH1_PTS,8,"[-30.0,2.0]",3.7276e-07,
CMWF3_table,CMWF3_table,CMWF3,,top-level-definition,2,"[5,13]",DWF_PTS;XMACH1_PTS,9,"[-30.0,2.5]",2.8818e-07,
CMWF3_table,CMWF3_table,CMWF3,,top-level-definition,2,"[5,13]",DWF_PTS;XMACH1_PTS,10,"[-30.0,3.0]",5.6706e-08,
CMWF3_table,CMWF3_table,CMWF3,,top-level-definition,2,"[5,13]",DWF_PTS;XMACH1_PTS,11,"[-30.0,3.5]",-7.6996e-08,
CMWF3_table,CMWF3_table,CMWF3,,top-level-definition,2,"[5,13]",DWF_PTS;XMACH1_PTS,12,"[-30.0,4.0]",-2.1298e-07,
CMWF3_table,CMWF3_table,CMWF3,,top-level-definition,2,"[5,13]",DWF_PTS;XMACH1_PTS,13,"[-15.0,0.3]",-6.856e-07,
CMWF3_table,CMWF3_table,CMWF3,,top-level-definition,2,"[5,13]",DWF_PTS;XMACH1_PTS,14,"[-15.0,0.6]",-7.2593e-07,
CMWF3_table,CMWF3_table,CMWF3,,top-level-definition,2,"[5,13]",DWF_PTS;XMACH1_PTS,15,"[-15.0,0.8]",-8.4692e-07,
CMWF3_table,CMWF3_table,CMWF3,,top-level-definition,2,"[5,13]",DWF_PTS;XMACH1_PTS,16,"[-15.0,0.9]",-8.8725e-07,
CMWF3_table,CMWF3_table,CMWF3,,top-level-definition,2,"[5,13]",DWF_PTS;XMACH1_PTS,17,"[-15.0,0.95]",-7.0577e-07,
CMWF3_table,CMWF3_table,CMWF3,,top-level-definition,2,"[5,13]",DWF_PTS;XMACH1_PTS,18,"[-15.0,1.1]",-2.7944e-07,
CMWF3_table,CMWF3_table,CMWF3,,top-level-definition,2,"[5,13]",DWF_PTS;XMACH1_PTS,19,"[-15.0,1.2]",4.9683e-09,
CMWF3_table,CMWF3_table,CMWF3,,top-level-definition,2,"[5,13]",DWF_PTS;XMACH1_PTS,20,"[-15.0,1.6]",1.1422e-06,
CMWF3_table,CMWF3_table,CMWF3,,top-level-definition,2,"[5,13]",DWF_PTS;XMACH1_PTS,21,"[-15.0,2.0]",3.7451e-08,
CMWF3_table,CMWF3_table,CMWF3,,top-level-definition,2,"[5,13]",DWF_PTS;XMACH1_PTS,22,"[-15.0,2.5]",4.5415e-07,
CMWF3_table,CMWF3_table,CMWF3,,top-level-definition,2,"[5,13]",DWF_PTS;XMACH1_PTS,23,"[-15.0,3.0]",3.7739e-09,
CMWF3_table,CMWF3_table,CMWF3,,top-level-definition,2,"[5,13]",DWF_PTS;XMACH1_PTS,24,"[-15.0,3.5]",3.9782e-10,
CMWF3_table,CMWF3_table,CMWF3,,top-level-definition,2,"[5,13]",DWF_PTS;XMACH1_PTS,25,"[-15.0,4.0]",-2.587e-08,
CMWF3_table,CMWF3_table,CMWF3,,top-level-definition,2,"[5,13]",DWF_PTS;XMACH1_PTS,26,"[0.0,0.3]",0.0,
CMWF3_table,CMWF3_table,CMWF3,,top-level-definition,2,"[5,13]",DWF_PTS;XMACH1_PTS,27,"[0.0,0.6]",0.0,
CMWF3_table,CMWF3_table,CMWF3,,top-level-definition,2,"[5,13]",DWF_PTS;XMACH1_PTS,28,"[0.0,0.8]",0.0,
CMWF3_table,CMWF3_table,CMWF3,,top-level-definition,2,"[5,13]",DWF_PTS;XMACH1_PTS,29,"[0.0,0.9]",0.0,
CMWF3_table,CMWF3_table,CMWF3,,top-level-definition,2,"[5,13]",DWF_PTS;XMACH1_PTS,30,"[0.0,0.95]",0.0,
CMWF3_table,CMWF3_table,CMWF3,,top-level-definition,2,"[5,13]",DWF_PTS;XMACH1_PTS,31,"[0.0,1.1]",0.0,
CMWF3_table,CMWF3_table,CMWF3,,top-level-definition,2,"[5,13]",DWF_PTS;XMACH1_PTS,32,"[0.0,1.2]",0.0,
CMWF3_table,CMWF3_table,CMWF3,,top-level-definition,2,"[5,13]",DWF_PTS;XMACH1_PTS,33,"[0.0,1.6]",0.0,
CMWF3_table,CMWF3_table,CMWF3,,top-level-definition,2,"[5,13]",DWF_PTS;XMACH1_PTS,34,"[0.0,2.0]",0.0,
CMWF3_table,CMWF3_table,CMWF3,,top-level-definition,2,"[5,13]",DWF_PTS;XMACH1_PTS,35,"[0.0,2.5]",0.0,
CMWF3_table,CMWF3_table,CMWF3,,top-level-definition,2,"[5,13]",DWF_PTS;XMACH1_PTS,36,"[0.0,3.0]",0.0,
CMWF3_table,CMWF3_table,CMWF3,,top-level-definition,2,"[5,13]",DWF_PTS;XMACH1_PTS,37,"[0.0,3.5]",0.0,
CMWF3_table,CMWF3_table,CMWF3,,top-level-definition,2,"[5,13]",DWF_PTS;XMACH1_PTS,38,"[0.0,4.0]",0.0,
CMWF3_table,CMWF3_table,CMWF3,,top-level-definition,2,"[5,13]",DWF_PTS;XMACH1_PTS,39,"[15.0,0.3]",8.021e-08,
CMWF3_table,CMWF3_table,CMWF3,,top-level-definition,2,"[5,13]",DWF_PTS;XMACH1_PTS,40,"[15.0,0.6]",1.1805e-07,
CMWF3_table,CMWF3_table,CMWF3,,top-level-definition,2,"[5,13]",DWF_PTS;XMACH1_PTS,41,"[15.0,0.8]",1.0493e-07,
CMWF3_table,CMWF3_table,CMWF3,,top-level-definition,2,"[5,13]",DWF_PTS;XMACH1_PTS,42,"[15.0,0.9]",6.5582e-08,
CMWF3_table,CMWF3_table,CMWF3,,top-level-definition,2,"[5,13]",DWF_PTS;XMACH1_PTS,43,"[15.0,0.95]",1.0493e-07,
CMWF3_table,CMWF3_table,CMWF3,,top-level-definition,2,"[5,13]",DWF_PTS;XMACH1_PTS,44,"[15.0,1.1]",2.2475e-07,
CMWF3_table,CMWF3_table,CMWF3,,top-level-definition,2,"[5,13]",DWF_PTS;XMACH1_PTS,45,"[15.0,1.2]",3.0468e-07,
CMWF3_table,CMWF3_table,CMWF3,,top-level-definition,2,"[5,13]",DWF_PTS;XMACH1_PTS,46,"[15.0,1.6]",6.243e-07,
CMWF3_table,CMWF3_table,CMWF3,,top-level-definition,2,"[5,13]",DWF_PTS;XMACH1_PTS,47,"[15.0,2.0]",1.089e-07,
CMWF3_table,CMWF3_table,CMWF3,,top-level-definition,2,"[5,13]",DWF_PTS;XMACH1_PTS,48,"[15.0,2.5]",2.944e-07,
CMWF3_table,CMWF3_table,CMWF3,,top-level-definition,2,"[5,13]",DWF_PTS;XMACH1_PTS,49,"[15.0,3.0]",1.4623e-08,
CMWF3_table,CMWF3_table,CMWF3,,top-level-definition,2,"[5,13]",DWF_PTS;XMACH1_PTS,50,"[15.0,3.5]",5.8714e-08,
CMWF3_table,CMWF3_table,CMWF3,,top-level-definition,2,"[5,13]",DWF_PTS;XMACH1_PTS,51,"[15.0,4.0]",6.6552e-08,
CMWF3_table,CMWF3_table,CMWF3,,top-level-definition,2,"[5,13]",DWF_PTS;XMACH1_PTS,52,"[30.0,0.3]",-1.4788e-06,
CMWF3_table,CMWF3_table,CMWF3,,top-level-definition,2,"[5,13]",DWF_PTS;XMACH1_PTS,53,"[30.0,0.6]",-2.1765e-06,
CMWF3_table,CMWF3_table,CMWF3,,top-level-definition,2,"[5,13]",DWF_PTS;XMACH1_PTS,54,"[30.0,0.8]",-1.9346e-06,
CMWF3_table,CMWF3_table,CMWF3,,top-level-definition,2,"[5,13]",DWF_PTS;XMACH1_PTS,55,"[30.0,0.9]",-1.2091e-06,
CMWF3_table,CMWF3_table,CMWF3,,top-level-definition,2,"[5,13]",DWF_PTS;XMACH1_PTS,56,"[30.0,0.95]",-1.9346e-06,
CMWF3_table,CMWF3_table,CMWF3,,top-level-definition,2,"[5,13]",DWF_PTS;XMACH1_PTS,57,"[30.0,1.1]",-1.2128e-06,
CMWF3_table,CMWF3_table,CMWF3,,top-level-definition,2,"[5,13]",DWF_PTS;XMACH1_PTS,58,"[30.0,1.2]",-7.3134e-07,
CMWF3_table,CMWF3_table,CMWF3,,top-level-definition,2,"[5,13]",DWF_PTS;XMACH1_PTS,59,"[30.0,1.6]",1.1941e-06,
CMWF3_table,CMWF3_table,CMWF3,,top-level-definition,2,"[5,13]",DWF_PTS;XMACH1_PTS,60,"[30.0,2.0]",3.5229e-07,
CMWF3_table,CMWF3_table,CMWF3,,top-level-definition,2,"[5,13]",DWF_PTS;XMACH1_PTS,61,"[30.0,2.5]",5.5752e-07,
CMWF3_table,CMWF3_table,CMWF3,,top-level-definition,2,"[5,13]",DWF_PTS;XMACH1_PTS,62,"[30.0,3.0]",8.8484e-08,
CMWF3_table,CMWF3_table,CMWF3,,top-level-definition,2,"[5,13]",DWF_PTS;XMACH1_PTS,63,"[30.0,3.5]",1.1295e-07,
CMWF3_table,CMWF3_table,CMWF3,,top-level-definition,2,"[5,13]",DWF_PTS;XMACH1_PTS,64,"[30.0,4.0]",6.1262e-08,
CYWF0_table,CYWF0_table,CYWF0,,top-level-definition,2,"[5,13]",DWF_PTS;XMACH1_PTS,0,"[-30.0,0.3]",-0.040406,
CYWF0_table,CYWF0_table,CYWF0,,top-level-definition,2,"[5,13]",DWF_PTS;XMACH1_PTS,1,"[-30.0,0.6]",-0.042783,
CYWF0_table,CYWF0_table,CYWF0,,top-level-definition,2,"[5,13]",DWF_PTS;XMACH1_PTS,2,"[-30.0,0.8]",-0.049914,
CYWF0_table,CYWF0_table,CYWF0,,top-level-definition,2,"[5,13]",DWF_PTS;XMACH1_PTS,3,"[-30.0,0.9]",-0.052291,
CYWF0_table,CYWF0_table,CYWF0,,top-level-definition,2,"[5,13]",DWF_PTS;XMACH1_PTS,4,"[-30.0,0.95]",-0.041595,
CYWF0_table,CYWF0_table,CYWF0,,top-level-definition,2,"[5,13]",DWF_PTS;XMACH1_PTS,5,"[-30.0,1.1]",-0.036596,
CYWF0_table,CYWF0_table,CYWF0,,top-level-definition,2,"[5,13]",DWF_PTS;XMACH1_PTS,6,"[-30.0,1.2]",-0.033262,
CYWF0_table,CYWF0_table,CYWF0,,top-level-definition,2,"[5,13]",DWF_PTS;XMACH1_PTS,7,"[-30.0,1.6]",-0.019929,
CYWF0_table,CYWF0_table,CYWF0,,top-level-definition,2,"[5,13]",DWF_PTS;XMACH1_PTS,8,"[-30.0,2.0]",-0.012949,
CYWF0_table,CYWF0_table,CYWF0,,top-level-definition,2,"[5,13]",DWF_PTS;XMACH1_PTS,9,"[-30.0,2.5]",-0.0089685,
CYWF0_table,CYWF0_table,CYWF0,,top-level-definition,2,"[5,13]",DWF_PTS;XMACH1_PTS,10,"[-30.0,3.0]",-0.010206,
CYWF0_table,CYWF0_table,CYWF0,,top-level-definition,2,"[5,13]",DWF_PTS;XMACH1_PTS,11,"[-30.0,3.5]",-0.0091301,
CYWF0_table,CYWF0_table,CYWF0,,top-level-definition,2,"[5,13]",DWF_PTS;XMACH1_PTS,12,"[-30.0,4.0]",-0.0088542,
CYWF0_table,CYWF0_table,CYWF0,,top-level-definition,2,"[5,13]",DWF_PTS;XMACH1_PTS,13,"[-15.0,0.3]",-0.027962,
CYWF0_table,CYWF0_table,CYWF0,,top-level-definition,2,"[5,13]",DWF_PTS;XMACH1_PTS,14,"[-15.0,0.6]",-0.029607,
CYWF0_table,CYWF0_table,CYWF0,,top-level-definition,2,"[5,13]",DWF_PTS;XMACH1_PTS,15,"[-15.0,0.8]",-0.034542,
CYWF0_table,CYWF0_table,CYWF0,,top-level-definition,2,"[5,13]",DWF_PTS;XMACH1_PTS,16,"[-15.0,0.9]",-0.036187,
CYWF0_table,CYWF0_table,CYWF0,,top-level-definition,2,"[5,13]",DWF_PTS;XMACH1_PTS,17,"[-15.0,0.95]",-0.028785,
CYWF0_table,CYWF0_table,CYWF0,,top-level-definition,2,"[5,13]",DWF_PTS;XMACH1_PTS,18,"[-15.0,1.1]",-0.024584,
CYWF0_table,CYWF0_table,CYWF0,,top-level-definition,2,"[5,13]",DWF_PTS;XMACH1_PTS,19,"[-15.0,1.2]",-0.021782,
CYWF0_table,CYWF0_table,CYWF0,,top-level-definition,2,"[5,13]",DWF_PTS;XMACH1_PTS,20,"[-15.0,1.6]",-0.010578,
CYWF0_table,CYWF0_table,CYWF0,,top-level-definition,2,"[5,13]",DWF_PTS;XMACH1_PTS,21,"[-15.0,2.0]",-0.0070458,
CYWF0_table,CYWF0_table,CYWF0,,top-level-definition,2,"[5,13]",DWF_PTS;XMACH1_PTS,22,"[-15.0,2.5]",-0.0047423,
CYWF0_table,CYWF0_table,CYWF0,,top-level-definition,2,"[5,13]",DWF_PTS;XMACH1_PTS,23,"[-15.0,3.0]",-0.0046554,
CYWF0_table,CYWF0_table,CYWF0,,top-level-definition,2,"[5,13]",DWF_PTS;XMACH1_PTS,24,"[-15.0,3.5]",-0.0036562,
CYWF0_table,CYWF0_table,CYWF0,,top-level-definition,2,"[5,13]",DWF_PTS;XMACH1_PTS,25,"[-15.0,4.0]",-0.0034807,
CYWF0_table,CYWF0_table,CYWF0,,top-level-definition,2,"[5,13]",DWF_PTS;XMACH1_PTS,26,"[0.0,0.3]",0.0,
CYWF0_table,CYWF0_table,CYWF0,,top-level-definition,2,"[5,13]",DWF_PTS;XMACH1_PTS,27,"[0.0,0.6]",0.0,
CYWF0_table,CYWF0_table,CYWF0,,top-level-definition,2,"[5,13]",DWF_PTS;XMACH1_PTS,28,"[0.0,0.8]",0.0,
CYWF0_table,CYWF0_table,CYWF0,,top-level-definition,2,"[5,13]",DWF_PTS;XMACH1_PTS,29,"[0.0,0.9]",0.0,
CYWF0_table,CYWF0_table,CYWF0,,top-level-definition,2,"[5,13]",DWF_PTS;XMACH1_PTS,30,"[0.0,0.95]",0.0,
CYWF0_table,CYWF0_table,CYWF0,,top-level-definition,2,"[5,13]",DWF_PTS;XMACH1_PTS,31,"[0.0,1.1]",0.0,
CYWF0_table,CYWF0_table,CYWF0,,top-level-definition,2,"[5,13]",DWF_PTS;XMACH1_PTS,32,"[0.0,1.2]",0.0,
CYWF0_table,CYWF0_table,CYWF0,,top-level-definition,2,"[5,13]",DWF_PTS;XMACH1_PTS,33,"[0.0,1.6]",0.0,
CYWF0_table,CYWF0_table,CYWF0,,top-level-definition,2,"[5,13]",DWF_PTS;XMACH1_PTS,34,"[0.0,2.0]",0.0,
CYWF0_table,CYWF0_table,CYWF0,,top-level-definition,2,"[5,13]",DWF_PTS;XMACH1_PTS,35,"[0.0,2.5]",0.0,
CYWF0_table,CYWF0_table,CYWF0,,top-level-definition,2,"[5,13]",DWF_PTS;XMACH1_PTS,36,"[0.0,3.0]",0.0,
CYWF0_table,CYWF0_table,CYWF0,,top-level-definition,2,"[5,13]",DWF_PTS;XMACH1_PTS,37,"[0.0,3.5]",0.0,
CYWF0_table,CYWF0_table,CYWF0,,top-level-definition,2,"[5,13]",DWF_PTS;XMACH1_PTS,38,"[0.0,4.0]",0.0,
CYWF0_table,CYWF0_table,CYWF0,,top-level-definition,2,"[5,13]",DWF_PTS;XMACH1_PTS,39,"[15.0,0.3]",0.041254,
CYWF0_table,CYWF0_table,CYWF0,,top-level-definition,2,"[5,13]",DWF_PTS;XMACH1_PTS,40,"[15.0,0.6]",0.060715,
CYWF0_table,CYWF0_table,CYWF0,,top-level-definition,2,"[5,13]",DWF_PTS;XMACH1_PTS,41,"[15.0,0.8]",0.053969,
CYWF0_table,CYWF0_table,CYWF0,,top-level-definition,2,"[5,13]",DWF_PTS;XMACH1_PTS,42,"[15.0,0.9]",0.033731,
CYWF0_table,CYWF0_table,CYWF0,,top-level-definition,2,"[5,13]",DWF_PTS;XMACH1_PTS,43,"[15.0,0.95]",0.053969,
CYWF0_table,CYWF0_table,CYWF0,,top-level-definition,2,"[5,13]",DWF_PTS;XMACH1_PTS,44,"[15.0,1.1]",0.044323,
CYWF0_table,CYWF0_table,CYWF0,,top-level-definition,2,"[5,13]",DWF_PTS;XMACH1_PTS,45,"[15.0,1.2]",0.037888,
CYWF0_table,CYWF0_table,CYWF0,,top-level-definition,2,"[5,13]",DWF_PTS;XMACH1_PTS,46,"[15.0,1.6]",0.012157,
CYWF0_table,CYWF0_table,CYWF0,,top-level-definition,2,"[5,13]",DWF_PTS;XMACH1_PTS,47,"[15.0,2.0]",0.0070823,
CYWF0_table,CYWF0_table,CYWF0,,top-level-definition,2,"[5,13]",DWF_PTS;XMACH1_PTS,48,"[15.0,2.5]",0.0063378,
CYWF0_table,CYWF0_table,CYWF0,,top-level-definition,2,"[5,13]",DWF_PTS;XMACH1_PTS,49,"[15.0,3.0]",0.0040923,
CYWF0_table,CYWF0_table,CYWF0,,top-level-definition,2,"[5,13]",DWF_PTS;XMACH1_PTS,50,"[15.0,3.5]",0.0038489,
CYWF0_table,CYWF0_table,CYWF0,,top-level-definition,2,"[5,13]",DWF_PTS;XMACH1_PTS,51,"[15.0,4.0]",0.0037364,
CYWF0_table,CYWF0_table,CYWF0,,top-level-definition,2,"[5,13]",DWF_PTS;XMACH1_PTS,52,"[30.0,0.3]",0.079717,
CYWF0_table,CYWF0_table,CYWF0,,top-level-definition,2,"[5,13]",DWF_PTS;XMACH1_PTS,53,"[30.0,0.6]",0.11732,
CYWF0_table,CYWF0_table,CYWF0,,top-level-definition,2,"[5,13]",DWF_PTS;XMACH1_PTS,54,"[30.0,0.8]",0.10429,
CYWF0_table,CYWF0_table,CYWF0,,top-level-definition,2,"[5,13]",DWF_PTS;XMACH1_PTS,55,"[30.0,0.9]",0.065179,
CYWF0_table,CYWF0_table,CYWF0,,top-level-definition,2,"[5,13]",DWF_PTS;XMACH1_PTS,56,"[30.0,0.95]",0.10429,
CYWF0_table,CYWF0_table,CYWF0,,top-level-definition,2,"[5,13]",DWF_PTS;XMACH1_PTS,57,"[30.0,1.1]",0.085559,
CYWF0_table,CYWF0_table,CYWF0,,top-level-definition,2,"[5,13]",DWF_PTS;XMACH1_PTS,58,"[30.0,1.2]",0.073066,
CYWF0_table,CYWF0_table,CYWF0,,top-level-definition,2,"[5,13]",DWF_PTS;XMACH1_PTS,59,"[30.0,1.6]",0.023109,
CYWF0_table,CYWF0_table,CYWF0,,top-level-definition,2,"[5,13]",DWF_PTS;XMACH1_PTS,60,"[30.0,2.0]",0.014597,
CYWF0_table,CYWF0_table,CYWF0,,top-level-definition,2,"[5,13]",DWF_PTS;XMACH1_PTS,61,"[30.0,2.5]",0.013224,
CYWF0_table,CYWF0_table,CYWF0,,top-level-definition,2,"[5,13]",DWF_PTS;XMACH1_PTS,62,"[30.0,3.0]",0.0080792,
CYWF0_table,CYWF0_table,CYWF0,,top-level-definition,2,"[5,13]",DWF_PTS;XMACH1_PTS,63,"[30.0,3.5]",0.0074572,
CYWF0_table,CYWF0_table,CYWF0,,top-level-definition,2,"[5,13]",DWF_PTS;XMACH1_PTS,64,"[30.0,4.0]",0.0068196,
CYWF1_table,CYWF1_table,CYWF1,,top-level-definition,2,"[5,13]",DWF_PTS;XMACH1_PTS,0,"[-30.0,0.3]",0.00019288,
CYWF1_table,CYWF1_table,CYWF1,,top-level-definition,2,"[5,13]",DWF_PTS;XMACH1_PTS,1,"[-30.0,0.6]",0.00020423,
CYWF1_table,CYWF1_table,CYWF1,,top-level-definition,2,"[5,13]",DWF_PTS;XMACH1_PTS,2,"[-30.0,0.8]",0.00023827,
CYWF1_table,CYWF1_table,CYWF1,,top-level-definition,2,"[5,13]",DWF_PTS;XMACH1_PTS,3,"[-30.0,0.9]",0.00024961,
CYWF1_table,CYWF1_table,CYWF1,,top-level-definition,2,"[5,13]",DWF_PTS;XMACH1_PTS,4,"[-30.0,0.95]",0.00019856,
CYWF1_table,CYWF1_table,CYWF1,,top-level-definition,2,"[5,13]",DWF_PTS;XMACH1_PTS,5,"[-30.0,1.1]",0.00025606,
CYWF1_table,CYWF1_table,CYWF1,,top-level-definition,2,"[5,13]",DWF_PTS;XMACH1_PTS,6,"[-30.0,1.2]",0.00029443,
CYWF1_table,CYWF1_table,CYWF1,,top-level-definition,2,"[5,13]",DWF_PTS;XMACH1_PTS,7,"[-30.0,1.6]",0.00044784,
CYWF1_table,CYWF1_table,CYWF1,,top-level-definition,2,"[5,13]",DWF_PTS;XMACH1_PTS,8,"[-30.0,2.0]",0.00016497,
CYWF1_table,CYWF1_table,CYWF1,,top-level-definition,2,"[5,13]",DWF_PTS;XMACH1_PTS,9,"[-30.0,2.5]",-0.00016792,
CYWF1_table,CYWF1_table,CYWF1,,top-level-definition,2,"[5,13]",DWF_PTS;XMACH1_PTS,10,"[-30.0,3.0]",0.00039431,
CYWF1_table,CYWF1_table,CYWF1,,top-level-definition,2,"[5,13]",DWF_PTS;XMACH1_PTS,11,"[-30.0,3.5]",0.0005303,
CYWF1_table,CYWF1_table,CYWF1,,top-level-definition,2,"[5,13]",DWF_PTS;XMACH1_PTS,12,"[-30.0,4.0]",0.00058207,
CYWF1_table,CYWF1_table,CYWF1,,top-level-definition,2,"[5,13]",DWF_PTS;XMACH1_PTS,13,"[-15.0,0.3]",0.0021337,
CYWF1_table,CYWF1_table,CYWF1,,top-level-definition,2,"[5,13]",DWF_PTS;XMACH1_PTS,14,"[-15.0,0.6]",0.0022592,
CYWF1_table,CYWF1_table,CYWF1,,top-level-definition,2,"[5,13]",DWF_PTS;XMACH1_PTS,15,"[-15.0,0.8]",0.0026357,
CYWF1_table,CYWF1_table,CYWF1,,top-level-definition,2,"[5,13]",DWF_PTS;XMACH1_PTS,16,"[-15.0,0.9]",0.0027612,
CYWF1_table,CYWF1_table,CYWF1,,top-level-definition,2,"[5,13]",DWF_PTS;XMACH1_PTS,17,"[-15.0,0.95]",0.0021964,
CYWF1_table,CYWF1_table,CYWF1,,top-level-definition,2,"[5,13]",DWF_PTS;XMACH1_PTS,18,"[-15.0,1.1]",0.0017912,
CYWF1_table,CYWF1_table,CYWF1,,top-level-definition,2,"[5,13]",DWF_PTS;XMACH1_PTS,19,"[-15.0,1.2]",0.0015208,
CYWF1_table,CYWF1_table,CYWF1,,top-level-definition,2,"[5,13]",DWF_PTS;XMACH1_PTS,20,"[-15.0,1.6]",0.00043979,
CYWF1_table,CYWF1_table,CYWF1,,top-level-definition,2,"[5,13]",DWF_PTS;XMACH1_PTS,21,"[-15.0,2.0]",3.4892e-05,
CYWF1_table,CYWF1_table,CYWF1,,top-level-definition,2,"[5,13]",DWF_PTS;XMACH1_PTS,22,"[-15.0,2.5]",-1.0564e-05,
CYWF1_table,CYWF1_table,CYWF1,,top-level-definition,2,"[5,13]",DWF_PTS;XMACH1_PTS,23,"[-15.0,3.0]",0.00016554,
CYWF1_table,CYWF1_table,CYWF1,,top-level-definition,2,"[5,13]",DWF_PTS;XMACH1_PTS,24,"[-15.0,3.5]",0.00015615,
CYWF1_table,CYWF1_table,CYWF1,,top-level-definition,2,"[5,13]",DWF_PTS;XMACH1_PTS,25,"[-15.0,4.0]",0.00015779,
CYWF1_table,CYWF1_table,CYWF1,,top-level-definition,2,"[5,13]",DWF_PTS;XMACH1_PTS,26,"[0.0,0.3]",0.0,
CYWF1_table,CYWF1_table,CYWF1,,top-level-definition,2,"[5,13]",DWF_PTS;XMACH1_PTS,27,"[0.0,0.6]",0.0,
CYWF1_table,CYWF1_table,CYWF1,,top-level-definition,2,"[5,13]",DWF_PTS;XMACH1_PTS,28,"[0.0,0.8]",0.0,
CYWF1_table,CYWF1_table,CYWF1,,top-level-definition,2,"[5,13]",DWF_PTS;XMACH1_PTS,29,"[0.0,0.9]",0.0,
CYWF1_table,CYWF1_table,CYWF1,,top-level-definition,2,"[5,13]",DWF_PTS;XMACH1_PTS,30,"[0.0,0.95]",0.0,
CYWF1_table,CYWF1_table,CYWF1,,top-level-definition,2,"[5,13]",DWF_PTS;XMACH1_PTS,31,"[0.0,1.1]",0.0,
CYWF1_table,CYWF1_table,CYWF1,,top-level-definition,2,"[5,13]",DWF_PTS;XMACH1_PTS,32,"[0.0,1.2]",0.0,
CYWF1_table,CYWF1_table,CYWF1,,top-level-definition,2,"[5,13]",DWF_PTS;XMACH1_PTS,33,"[0.0,1.6]",0.0,
CYWF1_table,CYWF1_table,CYWF1,,top-level-definition,2,"[5,13]",DWF_PTS;XMACH1_PTS,34,"[0.0,2.0]",0.0,
CYWF1_table,CYWF1_table,CYWF1,,top-level-definition,2,"[5,13]",DWF_PTS;XMACH1_PTS,35,"[0.0,2.5]",0.0,
CYWF1_table,CYWF1_table,CYWF1,,top-level-definition,2,"[5,13]",DWF_PTS;XMACH1_PTS,36,"[0.0,3.0]",0.0,
CYWF1_table,CYWF1_table,CYWF1,,top-level-definition,2,"[5,13]",DWF_PTS;XMACH1_PTS,37,"[0.0,3.5]",0.0,
CYWF1_table,CYWF1_table,CYWF1,,top-level-definition,2,"[5,13]",DWF_PTS;XMACH1_PTS,38,"[0.0,4.0]",0.0,
CYWF1_table,CYWF1_table,CYWF1,,top-level-definition,2,"[5,13]",DWF_PTS;XMACH1_PTS,39,"[15.0,0.3]",-0.00041953,
CYWF1_table,CYWF1_table,CYWF1,,top-level-definition,2,"[5,13]",DWF_PTS;XMACH1_PTS,40,"[15.0,0.6]",-0.00061744,
CYWF1_table,CYWF1_table,CYWF1,,top-level-definition,2,"[5,13]",DWF_PTS;XMACH1_PTS,41,"[15.0,0.8]",-0.00054884,
CYWF1_table,CYWF1_table,CYWF1,,top-level-definition,2,"[5,13]",DWF_PTS;XMACH1_PTS,42,"[15.0,0.9]",-0.00034302,
CYWF1_table,CYWF1_table,CYWF1,,top-level-definition,2,"[5,13]",DWF_PTS;XMACH1_PTS,43,"[15.0,0.95]",-0.00054884,
CYWF1_table,CYWF1_table,CYWF1,,top-level-definition,2,"[5,13]",DWF_PTS;XMACH1_PTS,44,"[15.0,1.1]",-0.00038557,
CYWF1_table,CYWF1_table,CYWF1,,top-level-definition,2,"[5,13]",DWF_PTS;XMACH1_PTS,45,"[15.0,1.2]",-0.00027665,
CYWF1_table,CYWF1_table,CYWF1,,top-level-definition,2,"[5,13]",DWF_PTS;XMACH1_PTS,46,"[15.0,1.6]",0.00015889,
CYWF1_table,CYWF1_table,CYWF1,,top-level-definition,2,"[5,13]",DWF_PTS;XMACH1_PTS,47,"[15.0,2.0]",-6.7951e-05,
CYWF1_table,CYWF1_table,CYWF1,,top-level-definition,2,"[5,13]",DWF_PTS;XMACH1_PTS,48,"[15.0,2.5]",2.8673e-05,
CYWF1_table,CYWF1_table,CYWF1,,top-level-definition,2,"[5,13]",DWF_PTS;XMACH1_PTS,49,"[15.0,3.0]",5.4765e-05,
CYWF1_table,CYWF1_table,CYWF1,,top-level-definition,2,"[5,13]",DWF_PTS;XMACH1_PTS,50,"[15.0,3.5]",-2.3916e-06,
CYWF1_table,CYWF1_table,CYWF1,,top-level-definition,2,"[5,13]",DWF_PTS;XMACH1_PTS,51,"[15.0,4.0]",-6.1348e-05,
CYWF1_table,CYWF1_table,CYWF1,,top-level-definition,2,"[5,13]",DWF_PTS;XMACH1_PTS,52,"[30.0,0.3]",0.0017022,
CYWF1_table,CYWF1_table,CYWF1,,top-level-definition,2,"[5,13]",DWF_PTS;XMACH1_PTS,53,"[30.0,0.6]",0.0025052,
CYWF1_table,CYWF1_table,CYWF1,,top-level-definition,2,"[5,13]",DWF_PTS;XMACH1_PTS,54,"[30.0,0.8]",0.0022268,
CYWF1_table,CYWF1_table,CYWF1,,top-level-definition,2,"[5,13]",DWF_PTS;XMACH1_PTS,55,"[30.0,0.9]",0.0013918,
CYWF1_table,CYWF1_table,CYWF1,,top-level-definition,2,"[5,13]",DWF_PTS;XMACH1_PTS,56,"[30.0,0.95]",0.0022268,
CYWF1_table,CYWF1_table,CYWF1,,top-level-definition,2,"[5,13]",DWF_PTS;XMACH1_PTS,57,"[30.0,1.1]",0.0017863,
CYWF1_table,CYWF1_table,CYWF1,,top-level-definition,2,"[5,13]",DWF_PTS;XMACH1_PTS,58,"[30.0,1.2]",0.0014925,
CYWF1_table,CYWF1_table,CYWF1,,top-level-definition,2,"[5,13]",DWF_PTS;XMACH1_PTS,59,"[30.0,1.6]",0.00031743,
CYWF1_table,CYWF1_table,CYWF1,,top-level-definition,2,"[5,13]",DWF_PTS;XMACH1_PTS,60,"[30.0,2.0]",0.00015263,
CYWF1_table,CYWF1_table,CYWF1,,top-level-definition,2,"[5,13]",DWF_PTS;XMACH1_PTS,61,"[30.0,2.5]",0.00011346,
CYWF1_table,CYWF1_table,CYWF1,,top-level-definition,2,"[5,13]",DWF_PTS;XMACH1_PTS,62,"[30.0,3.0]",3.3394e-05,
CYWF1_table,CYWF1_table,CYWF1,,top-level-definition,2,"[5,13]",DWF_PTS;XMACH1_PTS,63,"[30.0,3.5]",6.9281e-05,
CYWF1_table,CYWF1_table,CYWF1,,top-level-definition,2,"[5,13]",DWF_PTS;XMACH1_PTS,64,"[30.0,4.0]",4.9787e-06,
CYWF2_table,CYWF2_table,CYWF2,,top-level-definition,2,"[5,13]",DWF_PTS;XMACH1_PTS,0,"[-30.0,0.3]",5.6247e-05,
CYWF2_table,CYWF2_table,CYWF2,,top-level-definition,2,"[5,13]",DWF_PTS;XMACH1_PTS,1,"[-30.0,0.6]",5.9555e-05,
CYWF2_table,CYWF2_table,CYWF2,,top-level-definition,2,"[5,13]",DWF_PTS;XMACH1_PTS,2,"[-30.0,0.8]",6.9481e-05,
CYWF2_table,CYWF2_table,CYWF2,,top-level-definition,2,"[5,13]",DWF_PTS;XMACH1_PTS,3,"[-30.0,0.9]",7.279e-05,
CYWF2_table,CYWF2_table,CYWF2,,top-level-definition,2,"[5,13]",DWF_PTS;XMACH1_PTS,4,"[-30.0,0.95]",5.7901e-05,
CYWF2_table,CYWF2_table,CYWF2,,top-level-definition,2,"[5,13]",DWF_PTS;XMACH1_PTS,5,"[-30.0,1.1]",6.1356e-05,
CYWF2_table,CYWF2_table,CYWF2,,top-level-definition,2,"[5,13]",DWF_PTS;XMACH1_PTS,6,"[-30.0,1.2]",6.366e-05,
CYWF2_table,CYWF2_table,CYWF2,,top-level-definition,2,"[5,13]",DWF_PTS;XMACH1_PTS,7,"[-30.0,1.6]",7.2876e-05,
CYWF2_table,CYWF2_table,CYWF2,,top-level-definition,2,"[5,13]",DWF_PTS;XMACH1_PTS,8,"[-30.0,2.0]",3.7729e-05,
CYWF2_table,CYWF2_table,CYWF2,,top-level-definition,2,"[5,13]",DWF_PTS;XMACH1_PTS,9,"[-30.0,2.5]",6.1226e-05,
CYWF2_table,CYWF2_table,CYWF2,,top-level-definition,2,"[5,13]",DWF_PTS;XMACH1_PTS,10,"[-30.0,3.0]",-4.1857e-06,
CYWF2_table,CYWF2_table,CYWF2,,top-level-definition,2,"[5,13]",DWF_PTS;XMACH1_PTS,11,"[-30.0,3.5]",-1.8128e-05,
CYWF2_table,CYWF2_table,CYWF2,,top-level-definition,2,"[5,13]",DWF_PTS;XMACH1_PTS,12,"[-30.0,4.0]",-2.0594e-05,
CYWF2_table,CYWF2_table,CYWF2,,top-level-definition,2,"[5,13]",DWF_PTS;XMACH1_PTS,13,"[-15.0,0.3]",-9.0634e-05,
CYWF2_table,CYWF2_table,CYWF2,,top-level-definition,2,"[5,13]",DWF_PTS;XMACH1_PTS,14,"[-15.0,0.6]",-9.5965e-05,
CYWF2_table,CYWF2_table,CYWF2,,top-level-definition,2,"[5,13]",DWF_PTS;XMACH1_PTS,15,"[-15.0,0.8]",-0.00011196,
CYWF2_table,CYWF2_table,CYWF2,,top-level-definition,2,"[5,13]",DWF_PTS;XMACH1_PTS,16,"[-15.0,0.9]",-0.00011729,
CYWF2_table,CYWF2_table,CYWF2,,top-level-definition,2,"[5,13]",DWF_PTS;XMACH1_PTS,17,"[-15.0,0.95]",-9.33e-05,
CYWF2_table,CYWF2_table,CYWF2,,top-level-definition,2,"[5,13]",DWF_PTS;XMACH1_PTS,18,"[-15.0,1.1]",-7.6166e-05,
CYWF2_table,CYWF2_table,CYWF2,,top-level-definition,2,"[5,13]",DWF_PTS;XMACH1_PTS,19,"[-15.0,1.2]",-6.4736e-05,
CYWF2_table,CYWF2_table,CYWF2,,top-level-definition,2,"[5,13]",DWF_PTS;XMACH1_PTS,20,"[-15.0,1.6]",-1.903e-05,
CYWF2_table,CYWF2_table,CYWF2,,top-level-definition,2,"[5,13]",DWF_PTS;XMACH1_PTS,21,"[-15.0,2.0]",3.0858e-05,
CYWF2_table,CYWF2_table,CYWF2,,top-level-definition,2,"[5,13]",DWF_PTS;XMACH1_PTS,22,"[-15.0,2.5]",3.1367e-05,
CYWF2_table,CYWF2_table,CYWF2,,top-level-definition,2,"[5,13]",DWF_PTS;XMACH1_PTS,23,"[-15.0,3.0]",-3.7444e-06,
CYWF2_table,CYWF2_table,CYWF2,,top-level-definition,2,"[5,13]",DWF_PTS;XMACH1_PTS,24,"[-15.0,3.5]",-4.756e-06,
CYWF2_table,CYWF2_table,CYWF2,,top-level-definition,2,"[5,13]",DWF_PTS;XMACH1_PTS,25,"[-15.0,4.0]",-5.0524e-06,
CYWF2_table,CYWF2_table,CYWF2,,top-level-definition,2,"[5,13]",DWF_PTS;XMACH1_PTS,26,"[0.0,0.3]",0.0,
CYWF2_table,CYWF2_table,CYWF2,,top-level-definition,2,"[5,13]",DWF_PTS;XMACH1_PTS,27,"[0.0,0.6]",0.0,
CYWF2_table,CYWF2_table,CYWF2,,top-level-definition,2,"[5,13]",DWF_PTS;XMACH1_PTS,28,"[0.0,0.8]",0.0,
CYWF2_table,CYWF2_table,CYWF2,,top-level-definition,2,"[5,13]",DWF_PTS;XMACH1_PTS,29,"[0.0,0.9]",0.0,
CYWF2_table,CYWF2_table,CYWF2,,top-level-definition,2,"[5,13]",DWF_PTS;XMACH1_PTS,30,"[0.0,0.95]",0.0,
CYWF2_table,CYWF2_table,CYWF2,,top-level-definition,2,"[5,13]",DWF_PTS;XMACH1_PTS,31,"[0.0,1.1]",0.0,
CYWF2_table,CYWF2_table,CYWF2,,top-level-definition,2,"[5,13]",DWF_PTS;XMACH1_PTS,32,"[0.0,1.2]",0.0,
CYWF2_table,CYWF2_table,CYWF2,,top-level-definition,2,"[5,13]",DWF_PTS;XMACH1_PTS,33,"[0.0,1.6]",0.0,
CYWF2_table,CYWF2_table,CYWF2,,top-level-definition,2,"[5,13]",DWF_PTS;XMACH1_PTS,34,"[0.0,2.0]",0.0,
CYWF2_table,CYWF2_table,CYWF2,,top-level-definition,2,"[5,13]",DWF_PTS;XMACH1_PTS,35,"[0.0,2.5]",0.0,
CYWF2_table,CYWF2_table,CYWF2,,top-level-definition,2,"[5,13]",DWF_PTS;XMACH1_PTS,36,"[0.0,3.0]",0.0,
CYWF2_table,CYWF2_table,CYWF2,,top-level-definition,2,"[5,13]",DWF_PTS;XMACH1_PTS,37,"[0.0,3.5]",0.0,
CYWF2_table,CYWF2_table,CYWF2,,top-level-definition,2,"[5,13]",DWF_PTS;XMACH1_PTS,38,"[0.0,4.0]",0.0,
CYWF2_table,CYWF2_table,CYWF2,,top-level-definition,2,"[5,13]",DWF_PTS;XMACH1_PTS,39,"[15.0,0.3]",2.2186e-05,
CYWF2_table,CYWF2_table,CYWF2,,top-level-definition,2,"[5,13]",DWF_PTS;XMACH1_PTS,40,"[15.0,0.6]",3.2652e-05,
CYWF2_table,CYWF2_table,CYWF2,,top-level-definition,2,"[5,13]",DWF_PTS;XMACH1_PTS,41,"[15.0,0.8]",2.9024e-05,
CYWF2_table,CYWF2_table,CYWF2,,top-level-definition,2,"[5,13]",DWF_PTS;XMACH1_PTS,42,"[15.0,0.9]",1.814e-05,
CYWF2_table,CYWF2_table,CYWF2,,top-level-definition,2,"[5,13]",DWF_PTS;XMACH1_PTS,43,"[15.0,0.95]",2.9024e-05,
CYWF2_table,CYWF2_table,CYWF2,,top-level-definition,2,"[5,13]",DWF_PTS;XMACH1_PTS,44,"[15.0,1.1]",8.6722e-06,
CYWF2_table,CYWF2_table,CYWF2,,top-level-definition,2,"[5,13]",DWF_PTS;XMACH1_PTS,45,"[15.0,1.2]",-4.9043e-06,
CYWF2_table,CYWF2_table,CYWF2,,top-level-definition,2,"[5,13]",DWF_PTS;XMACH1_PTS,46,"[15.0,1.6]",-5.9193e-05,
CYWF2_table,CYWF2_table,CYWF2,,top-level-definition,2,"[5,13]",DWF_PTS;XMACH1_PTS,47,"[15.0,2.0]",2.5709e-05,
CYWF2_table,CYWF2_table,CYWF2,,top-level-definition,2,"[5,13]",DWF_PTS;XMACH1_PTS,48,"[15.0,2.5]",1.7941e-05,
CYWF2_table,CYWF2_table,CYWF2,,top-level-definition,2,"[5,13]",DWF_PTS;XMACH1_PTS,49,"[15.0,3.0]",9.1308e-07,
CYWF2_table,CYWF2_table,CYWF2,,top-level-definition,2,"[5,13]",DWF_PTS;XMACH1_PTS,50,"[15.0,3.5]",4.2747e-06,
CYWF2_table,CYWF2_table,CYWF2,,top-level-definition,2,"[5,13]",DWF_PTS;XMACH1_PTS,51,"[15.0,4.0]",9.8108e-06,
CYWF2_table,CYWF2_table,CYWF2,,top-level-definition,2,"[5,13]",DWF_PTS;XMACH1_PTS,52,"[30.0,0.3]",-0.00024498,
CYWF2_table,CYWF2_table,CYWF2,,top-level-definition,2,"[5,13]",DWF_PTS;XMACH1_PTS,53,"[30.0,0.6]",-0.00036054,
CYWF2_table,CYWF2_table,CYWF2,,top-level-definition,2,"[5,13]",DWF_PTS;XMACH1_PTS,54,"[30.0,0.8]",-0.00032048,
CYWF2_table,CYWF2_table,CYWF2,,top-level-definition,2,"[5,13]",DWF_PTS;XMACH1_PTS,55,"[30.0,0.9]",-0.0002003,
CYWF2_table,CYWF2_table,CYWF2,,top-level-definition,2,"[5,13]",DWF_PTS;XMACH1_PTS,56,"[30.0,0.95]",-0.00032048,
CYWF2_table,CYWF2_table,CYWF2,,top-level-definition,2,"[5,13]",DWF_PTS;XMACH1_PTS,57,"[30.0,1.1]",-0.00026548,
CYWF2_table,CYWF2_table,CYWF2,,top-level-definition,2,"[5,13]",DWF_PTS;XMACH1_PTS,58,"[30.0,1.2]",-0.00022878,
CYWF2_table,CYWF2_table,CYWF2,,top-level-definition,2,"[5,13]",DWF_PTS;XMACH1_PTS,59,"[30.0,1.6]",-8.2055e-05,
CYWF2_table,CYWF2_table,CYWF2,,top-level-definition,2,"[5,13]",DWF_PTS;XMACH1_PTS,60,"[30.0,2.0]",1.5706e-05,
CYWF2_table,CYWF2_table,CYWF2,,top-level-definition,2,"[5,13]",DWF_PTS;XMACH1_PTS,61,"[30.0,2.5]",7.6059e-06,
CYWF2_table,CYWF2_table,CYWF2,,top-level-definition,2,"[5,13]",DWF_PTS;XMACH1_PTS,62,"[30.0,3.0]",7.8014e-06,
CYWF2_table,CYWF2_table,CYWF2,,top-level-definition,2,"[5,13]",DWF_PTS;XMACH1_PTS,63,"[30.0,3.5]",6.9953e-06,
CYWF2_table,CYWF2_table,CYWF2,,top-level-definition,2,"[5,13]",DWF_PTS;XMACH1_PTS,64,"[30.0,4.0]",1.2879e-05,
CYWF3_table,CYWF3_table,CYWF3,,top-level-definition,2,"[5,13]",DWF_PTS;XMACH1_PTS,0,"[-30.0,0.3]",-1.2859e-06,
CYWF3_table,CYWF3_table,CYWF3,,top-level-definition,2,"[5,13]",DWF_PTS;XMACH1_PTS,1,"[-30.0,0.6]",-1.3615e-06,
CYWF3_table,CYWF3_table,CYWF3,,top-level-definition,2,"[5,13]",DWF_PTS;XMACH1_PTS,2,"[-30.0,0.8]",-1.5884e-06,
CYWF3_table,CYWF3_table,CYWF3,,top-level-definition,2,"[5,13]",DWF_PTS;XMACH1_PTS,3,"[-30.0,0.9]",-1.6641e-06,
CYWF3_table,CYWF3_table,CYWF3,,top-level-definition,2,"[5,13]",DWF_PTS;XMACH1_PTS,4,"[-30.0,0.95]",-1.3237e-06,
CYWF3_table,CYWF3_table,CYWF3,,top-level-definition,2,"[5,13]",DWF_PTS;XMACH1_PTS,5,"[-30.0,1.1]",-1.8929e-06,
CYWF3_table,CYWF3_table,CYWF3,,top-level-definition,2,"[5,13]",DWF_PTS;XMACH1_PTS,6,"[-30.0,1.2]",-2.2727e-06,
CYWF3_table,CYWF3_table,CYWF3,,top-level-definition,2,"[5,13]",DWF_PTS;XMACH1_PTS,7,"[-30.0,1.6]",-3.7911e-06,
CYWF3_table,CYWF3_table,CYWF3,,top-level-definition,2,"[5,13]",DWF_PTS;XMACH1_PTS,8,"[-30.0,2.0]",-1.8506e-06,
CYWF3_table,CYWF3_table,CYWF3,,top-level-definition,2,"[5,13]",DWF_PTS;XMACH1_PTS,9,"[-30.0,2.5]",-2.2749e-06,
CYWF3_table,CYWF3_table,CYWF3,,top-level-definition,2,"[5,13]",DWF_PTS;XMACH1_PTS,10,"[-30.0,3.0]",-8.2738e-08,
CYWF3_table,CYWF3_table,CYWF3,,top-level-definition,2,"[5,13]",DWF_PTS;XMACH1_PTS,11,"[-30.0,3.5]",2.4087e-07,
CYWF3_table,CYWF3_table,CYWF3,,top-level-definition,2,"[5,13]",DWF_PTS;XMACH1_PTS,12,"[-30.0,4.0]",2.4684e-07,
CYWF3_table,CYWF3_table,CYWF3,,top-level-definition,2,"[5,13]",DWF_PTS;XMACH1_PTS,13,"[-15.0,0.3]",1.4169e-06,
CYWF3_table,CYWF3_table,CYWF3,,top-level-definition,2,"[5,13]",DWF_PTS;XMACH1_PTS,14,"[-15.0,0.6]",1.5003e-06,
CYWF3_table,CYWF3_table,CYWF3,,top-level-definition,2,"[5,13]",DWF_PTS;XMACH1_PTS,15,"[-15.0,0.8]",1.7503e-06,
CYWF3_table,CYWF3_table,CYWF3,,top-level-definition,2,"[5,13]",DWF_PTS;XMACH1_PTS,16,"[-15.0,0.9]",1.8337e-06,
CYWF3_table,CYWF3_table,CYWF3,,top-level-definition,2,"[5,13]",DWF_PTS;XMACH1_PTS,17,"[-15.0,0.95]",1.4586e-06,
CYWF3_table,CYWF3_table,CYWF3,,top-level-definition,2,"[5,13]",DWF_PTS;XMACH1_PTS,18,"[-15.0,1.1]",1.3514e-06,
CYWF3_table,CYWF3_table,CYWF3,,top-level-definition,2,"[5,13]",DWF_PTS;XMACH1_PTS,19,"[-15.0,1.2]",1.2798e-06,
CYWF3_table,CYWF3_table,CYWF3,,top-level-definition,2,"[5,13]",DWF_PTS;XMACH1_PTS,20,"[-15.0,1.6]",9.9373e-07,
CYWF3_table,CYWF3_table,CYWF3,,top-level-definition,2,"[5,13]",DWF_PTS;XMACH1_PTS,21,"[-15.0,2.0]",-1.4007e-06,
CYWF3_table,CYWF3_table,CYWF3,,top-level-definition,2,"[5,13]",DWF_PTS;XMACH1_PTS,22,"[-15.0,2.5]",-1.1881e-06,
CYWF3_table,CYWF3_table,CYWF3,,top-level-definition,2,"[5,13]",DWF_PTS;XMACH1_PTS,23,"[-15.0,3.0]",5.8694e-09,
CYWF3_table,CYWF3_table,CYWF3,,top-level-definition,2,"[5,13]",DWF_PTS;XMACH1_PTS,24,"[-15.0,3.5]",3.7327e-08,
CYWF3_table,CYWF3_table,CYWF3,,top-level-definition,2,"[5,13]",DWF_PTS;XMACH1_PTS,25,"[-15.0,4.0]",3.959e-08,
CYWF3_table,CYWF3_table,CYWF3,,top-level-definition,2,"[5,13]",DWF_PTS;XMACH1_PTS,26,"[0.0,0.3]",0.0,
CYWF3_table,CYWF3_table,CYWF3,,top-level-definition,2,"[5,13]",DWF_PTS;XMACH1_PTS,27,"[0.0,0.6]",0.0,
CYWF3_table,CYWF3_table,CYWF3,,top-level-definition,2,"[5,13]",DWF_PTS;XMACH1_PTS,28,"[0.0,0.8]",0.0,
CYWF3_table,CYWF3_table,CYWF3,,top-level-definition,2,"[5,13]",DWF_PTS;XMACH1_PTS,29,"[0.0,0.9]",0.0,
CYWF3_table,CYWF3_table,CYWF3,,top-level-definition,2,"[5,13]",DWF_PTS;XMACH1_PTS,30,"[0.0,0.95]",0.0,
CYWF3_table,CYWF3_table,CYWF3,,top-level-definition,2,"[5,13]",DWF_PTS;XMACH1_PTS,31,"[0.0,1.1]",0.0,
CYWF3_table,CYWF3_table,CYWF3,,top-level-definition,2,"[5,13]",DWF_PTS;XMACH1_PTS,32,"[0.0,1.2]",0.0,
CYWF3_table,CYWF3_table,CYWF3,,top-level-definition,2,"[5,13]",DWF_PTS;XMACH1_PTS,33,"[0.0,1.6]",0.0,
CYWF3_table,CYWF3_table,CYWF3,,top-level-definition,2,"[5,13]",DWF_PTS;XMACH1_PTS,34,"[0.0,2.0]",0.0,
CYWF3_table,CYWF3_table,CYWF3,,top-level-definition,2,"[5,13]",DWF_PTS;XMACH1_PTS,35,"[0.0,2.5]",0.0,
CYWF3_table,CYWF3_table,CYWF3,,top-level-definition,2,"[5,13]",DWF_PTS;XMACH1_PTS,36,"[0.0,3.0]",0.0,
CYWF3_table,CYWF3_table,CYWF3,,top-level-definition,2,"[5,13]",DWF_PTS;XMACH1_PTS,37,"[0.0,3.5]",0.0,
CYWF3_table,CYWF3_table,CYWF3,,top-level-definition,2,"[5,13]",DWF_PTS;XMACH1_PTS,38,"[0.0,4.0]",0.0,
CYWF3_table,CYWF3_table,CYWF3,,top-level-definition,2,"[5,13]",DWF_PTS;XMACH1_PTS,39,"[15.0,0.3]",-1.389e-06,
CYWF3_table,CYWF3_table,CYWF3,,top-level-definition,2,"[5,13]",DWF_PTS;XMACH1_PTS,40,"[15.0,0.6]",-2.0443e-06,
CYWF3_table,CYWF3_table,CYWF3,,top-level-definition,2,"[5,13]",DWF_PTS;XMACH1_PTS,41,"[15.0,0.8]",-1.8171e-06,
CYWF3_table,CYWF3_table,CYWF3,,top-level-definition,2,"[5,13]",DWF_PTS;XMACH1_PTS,42,"[15.0,0.9]",-1.1357e-06,
CYWF3_table,CYWF3_table,CYWF3,,top-level-definition,2,"[5,13]",DWF_PTS;XMACH1_PTS,43,"[15.0,0.95]",-1.8171e-06,
CYWF3_table,CYWF3_table,CYWF3,,top-level-definition,2,"[5,13]",DWF_PTS;XMACH1_PTS,44,"[15.0,1.1]",-8.7531e-07,
CYWF3_table,CYWF3_table,CYWF3,,top-level-definition,2,"[5,13]",DWF_PTS;XMACH1_PTS,45,"[15.0,1.2]",-2.4701e-07,
CYWF3_table,CYWF3_table,CYWF3,,top-level-definition,2,"[5,13]",DWF_PTS;XMACH1_PTS,46,"[15.0,1.6]",2.2654e-06,
CYWF3_table,CYWF3_table,CYWF3,,top-level-definition,2,"[5,13]",DWF_PTS;XMACH1_PTS,47,"[15.0,2.0]",-1.1238e-06,
CYWF3_table,CYWF3_table,CYWF3,,top-level-definition,2,"[5,13]",DWF_PTS;XMACH1_PTS,48,"[15.0,2.5]",-7.796e-07,
CYWF3_table,CYWF3_table,CYWF3,,top-level-definition,2,"[5,13]",DWF_PTS;XMACH1_PTS,49,"[15.0,3.0]",-3.2807e-08,
CYWF3_table,CYWF3_table,CYWF3,,top-level-definition,2,"[5,13]",DWF_PTS;XMACH1_PTS,50,"[15.0,3.5]",-9.0059e-08,
CYWF3_table,CYWF3_table,CYWF3,,top-level-definition,2,"[5,13]",DWF_PTS;XMACH1_PTS,51,"[15.0,4.0]",-2.1338e-07,
CYWF3_table,CYWF3_table,CYWF3,,top-level-definition,2,"[5,13]",DWF_PTS;XMACH1_PTS,52,"[30.0,0.3]",4.0779e-06,
CYWF3_table,CYWF3_table,CYWF3,,top-level-definition,2,"[5,13]",DWF_PTS;XMACH1_PTS,53,"[30.0,0.6]",6.0017e-06,
CYWF3_table,CYWF3_table,CYWF3,,top-level-definition,2,"[5,13]",DWF_PTS;XMACH1_PTS,54,"[30.0,0.8]",5.3348e-06,
CYWF3_table,CYWF3_table,CYWF3,,top-level-definition,2,"[5,13]",DWF_PTS;XMACH1_PTS,55,"[30.0,0.9]",3.3343e-06,
CYWF3_table,CYWF3_table,CYWF3,,top-level-definition,2,"[5,13]",DWF_PTS;XMACH1_PTS,56,"[30.0,0.95]",5.3348e-06,
CYWF3_table,CYWF3_table,CYWF3,,top-level-definition,2,"[5,13]",DWF_PTS;XMACH1_PTS,57,"[30.0,1.1]",4.7141e-06,
CYWF3_table,CYWF3_table,CYWF3,,top-level-definition,2,"[5,13]",DWF_PTS;XMACH1_PTS,58,"[30.0,1.2]",4.3e-06,
CYWF3_table,CYWF3_table,CYWF3,,top-level-definition,2,"[5,13]",DWF_PTS;XMACH1_PTS,59,"[30.0,1.6]",2.6441e-06,
CYWF3_table,CYWF3_table,CYWF3,,top-level-definition,2,"[5,13]",DWF_PTS;XMACH1_PTS,60,"[30.0,2.0]",-1.163e-06,
CYWF3_table,CYWF3_table,CYWF3,,top-level-definition,2,"[5,13]",DWF_PTS;XMACH1_PTS,61,"[30.0,2.5]",-3.8132e-07,
CYWF3_table,CYWF3_table,CYWF3,,top-level-definition,2,"[5,13]",DWF_PTS;XMACH1_PTS,62,"[30.0,3.0]",-2.2024e-07,
CYWF3_table,CYWF3_table,CYWF3,,top-level-definition,2,"[5,13]",DWF_PTS;XMACH1_PTS,63,"[30.0,3.5]",-2.1238e-07,
CYWF3_table,CYWF3_table,CYWF3,,top-level-definition,2,"[5,13]",DWF_PTS;XMACH1_PTS,64,"[30.0,4.0]",-3.3939e-07,
CNWF0_table,CNWF0_table,CNWF0,,top-level-definition,2,"[5,13]",DWF_PTS;XMACH1_PTS,0,"[-30.0,0.3]",0.023496,
CNWF0_table,CNWF0_table,CNWF0,,top-level-definition,2,"[5,13]",DWF_PTS;XMACH1_PTS,1,"[-30.0,0.6]",0.024878,
CNWF0_table,CNWF0_table,CNWF0,,top-level-definition,2,"[5,13]",DWF_PTS;XMACH1_PTS,2,"[-30.0,0.8]",0.029025,
CNWF0_table,CNWF0_table,CNWF0,,top-level-definition,2,"[5,13]",DWF_PTS;XMACH1_PTS,3,"[-30.0,0.9]",0.030407,
CNWF0_table,CNWF0_table,CNWF0,,top-level-definition,2,"[5,13]",DWF_PTS;XMACH1_PTS,4,"[-30.0,0.95]",0.024187,
CNWF0_table,CNWF0_table,CNWF0,,top-level-definition,2,"[5,13]",DWF_PTS;XMACH1_PTS,5,"[-30.0,1.1]",0.021075,
CNWF0_table,CNWF0_table,CNWF0,,top-level-definition,2,"[5,13]",DWF_PTS;XMACH1_PTS,6,"[-30.0,1.2]",0.018999,
CNWF0_table,CNWF0_table,CNWF0,,top-level-definition,2,"[5,13]",DWF_PTS;XMACH1_PTS,7,"[-30.0,1.6]",0.010696,
CNWF0_table,CNWF0_table,CNWF0,,top-level-definition,2,"[5,13]",DWF_PTS;XMACH1_PTS,8,"[-30.0,2.0]",0.0073581,
CNWF0_table,CNWF0_table,CNWF0,,top-level-definition,2,"[5,13]",DWF_PTS;XMACH1_PTS,9,"[-30.0,2.5]",0.0049668,
CNWF0_table,CNWF0_table,CNWF0,,top-level-definition,2,"[5,13]",DWF_PTS;XMACH1_PTS,10,"[-30.0,3.0]",0.0034203,
CNWF0_table,CNWF0_table,CNWF0,,top-level-definition,2,"[5,13]",DWF_PTS;XMACH1_PTS,11,"[-30.0,3.5]",0.0030885,
CNWF0_table,CNWF0_table,CNWF0,,top-level-definition,2,"[5,13]",DWF_PTS;XMACH1_PTS,12,"[-30.0,4.0]",0.0030549,
CNWF0_table,CNWF0_table,CNWF0,,top-level-definition,2,"[5,13]",DWF_PTS;XMACH1_PTS,13,"[-15.0,0.3]",0.017342,
CNWF0_table,CNWF0_table,CNWF0,,top-level-definition,2,"[5,13]",DWF_PTS;XMACH1_PTS,14,"[-15.0,0.6]",0.018362,
CNWF0_table,CNWF0_table,CNWF0,,top-level-definition,2,"[5,13]",DWF_PTS;XMACH1_PTS,15,"[-15.0,0.8]",0.021422,
CNWF0_table,CNWF0_table,CNWF0,,top-level-definition,2,"[5,13]",DWF_PTS;XMACH1_PTS,16,"[-15.0,0.9]",0.022442,
CNWF0_table,CNWF0_table,CNWF0,,top-level-definition,2,"[5,13]",DWF_PTS;XMACH1_PTS,17,"[-15.0,0.95]",0.017852,
CNWF0_table,CNWF0_table,CNWF0,,top-level-definition,2,"[5,13]",DWF_PTS;XMACH1_PTS,18,"[-15.0,1.1]",0.015369,
CNWF0_table,CNWF0_table,CNWF0,,top-level-definition,2,"[5,13]",DWF_PTS;XMACH1_PTS,19,"[-15.0,1.2]",0.013712,
CNWF0_table,CNWF0_table,CNWF0,,top-level-definition,2,"[5,13]",DWF_PTS;XMACH1_PTS,20,"[-15.0,1.6]",0.0070887,
CNWF0_table,CNWF0_table,CNWF0,,top-level-definition,2,"[5,13]",DWF_PTS;XMACH1_PTS,21,"[-15.0,2.0]",0.0045282,
CNWF0_table,CNWF0_table,CNWF0,,top-level-definition,2,"[5,13]",DWF_PTS;XMACH1_PTS,22,"[-15.0,2.5]",0.0034983,
CNWF0_table,CNWF0_table,CNWF0,,top-level-definition,2,"[5,13]",DWF_PTS;XMACH1_PTS,23,"[-15.0,3.0]",0.0023638,
CNWF0_table,CNWF0_table,CNWF0,,top-level-definition,2,"[5,13]",DWF_PTS;XMACH1_PTS,24,"[-15.0,3.5]",0.0021982,
CNWF0_table,CNWF0_table,CNWF0,,top-level-definition,2,"[5,13]",DWF_PTS;XMACH1_PTS,25,"[-15.0,4.0]",0.0021647,
CNWF0_table,CNWF0_table,CNWF0,,top-level-definition,2,"[5,13]",DWF_PTS;XMACH1_PTS,26,"[0.0,0.3]",0.0,
CNWF0_table,CNWF0_table,CNWF0,,top-level-definition,2,"[5,13]",DWF_PTS;XMACH1_PTS,27,"[0.0,0.6]",0.0,
CNWF0_table,CNWF0_table,CNWF0,,top-level-definition,2,"[5,13]",DWF_PTS;XMACH1_PTS,28,"[0.0,0.8]",0.0,
CNWF0_table,CNWF0_table,CNWF0,,top-level-definition,2,"[5,13]",DWF_PTS;XMACH1_PTS,29,"[0.0,0.9]",0.0,
CNWF0_table,CNWF0_table,CNWF0,,top-level-definition,2,"[5,13]",DWF_PTS;XMACH1_PTS,30,"[0.0,0.95]",0.0,
CNWF0_table,CNWF0_table,CNWF0,,top-level-definition,2,"[5,13]",DWF_PTS;XMACH1_PTS,31,"[0.0,1.1]",0.0,
CNWF0_table,CNWF0_table,CNWF0,,top-level-definition,2,"[5,13]",DWF_PTS;XMACH1_PTS,32,"[0.0,1.2]",0.0,
CNWF0_table,CNWF0_table,CNWF0,,top-level-definition,2,"[5,13]",DWF_PTS;XMACH1_PTS,33,"[0.0,1.6]",0.0,
CNWF0_table,CNWF0_table,CNWF0,,top-level-definition,2,"[5,13]",DWF_PTS;XMACH1_PTS,34,"[0.0,2.0]",0.0,
CNWF0_table,CNWF0_table,CNWF0,,top-level-definition,2,"[5,13]",DWF_PTS;XMACH1_PTS,35,"[0.0,2.5]",0.0,
CNWF0_table,CNWF0_table,CNWF0,,top-level-definition,2,"[5,13]",DWF_PTS;XMACH1_PTS,36,"[0.0,3.0]",0.0,
CNWF0_table,CNWF0_table,CNWF0,,top-level-definition,2,"[5,13]",DWF_PTS;XMACH1_PTS,37,"[0.0,3.5]",0.0,
CNWF0_table,CNWF0_table,CNWF0,,top-level-definition,2,"[5,13]",DWF_PTS;XMACH1_PTS,38,"[0.0,4.0]",0.0,
CNWF0_table,CNWF0_table,CNWF0,,top-level-definition,2,"[5,13]",DWF_PTS;XMACH1_PTS,39,"[15.0,0.3]",-0.037182,
CNWF0_table,CNWF0_table,CNWF0,,top-level-definition,2,"[5,13]",DWF_PTS;XMACH1_PTS,40,"[15.0,0.6]",-0.054722,
CNWF0_table,CNWF0_table,CNWF0,,top-level-definition,2,"[5,13]",DWF_PTS;XMACH1_PTS,41,"[15.0,0.8]",-0.048642,
CNWF0_table,CNWF0_table,CNWF0,,top-level-definition,2,"[5,13]",DWF_PTS;XMACH1_PTS,42,"[15.0,0.9]",-0.030401,
CNWF0_table,CNWF0_table,CNWF0,,top-level-definition,2,"[5,13]",DWF_PTS;XMACH1_PTS,43,"[15.0,0.95]",-0.048642,
CNWF0_table,CNWF0_table,CNWF0,,top-level-definition,2,"[5,13]",DWF_PTS;XMACH1_PTS,44,"[15.0,1.1]",-0.040669,
CNWF0_table,CNWF0_table,CNWF0,,top-level-definition,2,"[5,13]",DWF_PTS;XMACH1_PTS,45,"[15.0,1.2]",-0.035351,
CNWF0_table,CNWF0_table,CNWF0,,top-level-definition,2,"[5,13]",DWF_PTS;XMACH1_PTS,46,"[15.0,1.6]",-0.014084,
CNWF0_table,CNWF0_table,CNWF0,,top-level-definition,2,"[5,13]",DWF_PTS;XMACH1_PTS,47,"[15.0,2.0]",-0.0089889,
CNWF0_table,CNWF0_table,CNWF0,,top-level-definition,2,"[5,13]",DWF_PTS;XMACH1_PTS,48,"[15.0,2.5]",-0.0065935,
CNWF0_table,CNWF0_table,CNWF0,,top-level-definition,2,"[5,13]",DWF_PTS;XMACH1_PTS,49,"[15.0,3.0]",-0.0058563,
CNWF0_table,CNWF0_table,CNWF0,,top-level-definition,2,"[5,13]",DWF_PTS;XMACH1_PTS,50,"[15.0,3.5]",-0.0047724,
CNWF0_table,CNWF0_table,CNWF0,,top-level-definition,2,"[5,13]",DWF_PTS;XMACH1_PTS,51,"[15.0,4.0]",-0.0043023,
CNWF0_table,CNWF0_table,CNWF0,,top-level-definition,2,"[5,13]",DWF_PTS;XMACH1_PTS,52,"[30.0,0.3]",-0.074818,
CNWF0_table,CNWF0_table,CNWF0,,top-level-definition,2,"[5,13]",DWF_PTS;XMACH1_PTS,53,"[30.0,0.6]",-0.11011,
CNWF0_table,CNWF0_table,CNWF0,,top-level-definition,2,"[5,13]",DWF_PTS;XMACH1_PTS,54,"[30.0,0.8]",-0.097877,
CNWF0_table,CNWF0_table,CNWF0,,top-level-definition,2,"[5,13]",DWF_PTS;XMACH1_PTS,55,"[30.0,0.9]",-0.061173,
CNWF0_table,CNWF0_table,CNWF0,,top-level-definition,2,"[5,13]",DWF_PTS;XMACH1_PTS,56,"[30.0,0.95]",-0.097877,
CNWF0_table,CNWF0_table,CNWF0,,top-level-definition,2,"[5,13]",DWF_PTS;XMACH1_PTS,57,"[30.0,1.1]",-0.081933,
CNWF0_table,CNWF0_table,CNWF0,,top-level-definition,2,"[5,13]",DWF_PTS;XMACH1_PTS,58,"[30.0,1.2]",-0.071297,
CNWF0_table,CNWF0_table,CNWF0,,top-level-definition,2,"[5,13]",DWF_PTS;XMACH1_PTS,59,"[30.0,1.6]",-0.028765,
CNWF0_table,CNWF0_table,CNWF0,,top-level-definition,2,"[5,13]",DWF_PTS;XMACH1_PTS,60,"[30.0,2.0]",-0.020079,
CNWF0_table,CNWF0_table,CNWF0,,top-level-definition,2,"[5,13]",DWF_PTS;XMACH1_PTS,61,"[30.0,2.5]",-0.015551,
CNWF0_table,CNWF0_table,CNWF0,,top-level-definition,2,"[5,13]",DWF_PTS;XMACH1_PTS,62,"[30.0,3.0]",-0.011175,
CNWF0_table,CNWF0_table,CNWF0,,top-level-definition,2,"[5,13]",DWF_PTS;XMACH1_PTS,63,"[30.0,3.5]",-0.009547,
CNWF0_table,CNWF0_table,CNWF0,,top-level-definition,2,"[5,13]",DWF_PTS;XMACH1_PTS,64,"[30.0,4.0]",-0.0087831,
CNWF1_table,CNWF1_table,CNWF1,,top-level-definition,2,"[5,13]",DWF_PTS;XMACH1_PTS,0,"[-30.0,0.3]",-6.4421e-06,
CNWF1_table,CNWF1_table,CNWF1,,top-level-definition,2,"[5,13]",DWF_PTS;XMACH1_PTS,1,"[-30.0,0.6]",-6.821e-06,
CNWF1_table,CNWF1_table,CNWF1,,top-level-definition,2,"[5,13]",DWF_PTS;XMACH1_PTS,2,"[-30.0,0.8]",-7.9577e-06,
CNWF1_table,CNWF1_table,CNWF1,,top-level-definition,2,"[5,13]",DWF_PTS;XMACH1_PTS,3,"[-30.0,0.9]",-8.3368e-06,
CNWF1_table,CNWF1_table,CNWF1,,top-level-definition,2,"[5,13]",DWF_PTS;XMACH1_PTS,4,"[-30.0,0.95]",-6.6316e-06,
CNWF1_table,CNWF1_table,CNWF1,,top-level-definition,2,"[5,13]",DWF_PTS;XMACH1_PTS,5,"[-30.0,1.1]",0.00019601,
CNWF1_table,CNWF1_table,CNWF1,,top-level-definition,2,"[5,13]",DWF_PTS;XMACH1_PTS,6,"[-30.0,1.2]",0.0003312,
CNWF1_table,CNWF1_table,CNWF1,,top-level-definition,2,"[5,13]",DWF_PTS;XMACH1_PTS,7,"[-30.0,1.6]",0.00087176,
CNWF1_table,CNWF1_table,CNWF1,,top-level-definition,2,"[5,13]",DWF_PTS;XMACH1_PTS,8,"[-30.0,2.0]",0.00010153,
CNWF1_table,CNWF1_table,CNWF1,,top-level-definition,2,"[5,13]",DWF_PTS;XMACH1_PTS,9,"[-30.0,2.5]",0.00012718,
CNWF1_table,CNWF1_table,CNWF1,,top-level-definition,2,"[5,13]",DWF_PTS;XMACH1_PTS,10,"[-30.0,3.0]",9.4051e-05,
CNWF1_table,CNWF1_table,CNWF1,,top-level-definition,2,"[5,13]",DWF_PTS;XMACH1_PTS,11,"[-30.0,3.5]",3.0348e-05,
CNWF1_table,CNWF1_table,CNWF1,,top-level-definition,2,"[5,13]",DWF_PTS;XMACH1_PTS,12,"[-30.0,4.0]",-2.7388e-06,
CNWF1_table,CNWF1_table,CNWF1,,top-level-definition,2,"[5,13]",DWF_PTS;XMACH1_PTS,13,"[-15.0,0.3]",-0.00076579,
CNWF1_table,CNWF1_table,CNWF1,,top-level-definition,2,"[5,13]",DWF_PTS;XMACH1_PTS,14,"[-15.0,0.6]",-0.00081083,
CNWF1_table,CNWF1_table,CNWF1,,top-level-definition,2,"[5,13]",DWF_PTS;XMACH1_PTS,15,"[-15.0,0.8]",-0.00094597,
CNWF1_table,CNWF1_table,CNWF1,,top-level-definition,2,"[5,13]",DWF_PTS;XMACH1_PTS,16,"[-15.0,0.9]",-0.00099102,
CNWF1_table,CNWF1_table,CNWF1,,top-level-definition,2,"[5,13]",DWF_PTS;XMACH1_PTS,17,"[-15.0,0.95]",-0.00078831,
CNWF1_table,CNWF1_table,CNWF1,,top-level-definition,2,"[5,13]",DWF_PTS;XMACH1_PTS,18,"[-15.0,1.1]",-0.00053804,
CNWF1_table,CNWF1_table,CNWF1,,top-level-definition,2,"[5,13]",DWF_PTS;XMACH1_PTS,19,"[-15.0,1.2]",-0.00037109,
CNWF1_table,CNWF1_table,CNWF1,,top-level-definition,2,"[5,13]",DWF_PTS;XMACH1_PTS,20,"[-15.0,1.6]",0.00029651,
CNWF1_table,CNWF1_table,CNWF1,,top-level-definition,2,"[5,13]",DWF_PTS;XMACH1_PTS,21,"[-15.0,2.0]",0.00014837,
CNWF1_table,CNWF1_table,CNWF1,,top-level-definition,2,"[5,13]",DWF_PTS;XMACH1_PTS,22,"[-15.0,2.5]",0.00013751,
CNWF1_table,CNWF1_table,CNWF1,,top-level-definition,2,"[5,13]",DWF_PTS;XMACH1_PTS,23,"[-15.0,3.0]",5.0393e-05,
CNWF1_table,CNWF1_table,CNWF1,,top-level-definition,2,"[5,13]",DWF_PTS;XMACH1_PTS,24,"[-15.0,3.5]",-2.3401e-05,
CNWF1_table,CNWF1_table,CNWF1,,top-level-definition,2,"[5,13]",DWF_PTS;XMACH1_PTS,25,"[-15.0,4.0]",-5.1909e-05,
CNWF1_table,CNWF1_table,CNWF1,,top-level-definition,2,"[5,13]",DWF_PTS;XMACH1_PTS,26,"[0.0,0.3]",0.0,
CNWF1_table,CNWF1_table,CNWF1,,top-level-definition,2,"[5,13]",DWF_PTS;XMACH1_PTS,27,"[0.0,0.6]",0.0,
CNWF1_table,CNWF1_table,CNWF1,,top-level-definition,2,"[5,13]",DWF_PTS;XMACH1_PTS,28,"[0.0,0.8]",0.0,
CNWF1_table,CNWF1_table,CNWF1,,top-level-definition,2,"[5,13]",DWF_PTS;XMACH1_PTS,29,"[0.0,0.9]",0.0,
CNWF1_table,CNWF1_table,CNWF1,,top-level-definition,2,"[5,13]",DWF_PTS;XMACH1_PTS,30,"[0.0,0.95]",0.0,
CNWF1_table,CNWF1_table,CNWF1,,top-level-definition,2,"[5,13]",DWF_PTS;XMACH1_PTS,31,"[0.0,1.1]",0.0,
CNWF1_table,CNWF1_table,CNWF1,,top-level-definition,2,"[5,13]",DWF_PTS;XMACH1_PTS,32,"[0.0,1.2]",0.0,
CNWF1_table,CNWF1_table,CNWF1,,top-level-definition,2,"[5,13]",DWF_PTS;XMACH1_PTS,33,"[0.0,1.6]",0.0,
CNWF1_table,CNWF1_table,CNWF1,,top-level-definition,2,"[5,13]",DWF_PTS;XMACH1_PTS,34,"[0.0,2.0]",0.0,
CNWF1_table,CNWF1_table,CNWF1,,top-level-definition,2,"[5,13]",DWF_PTS;XMACH1_PTS,35,"[0.0,2.5]",0.0,
CNWF1_table,CNWF1_table,CNWF1,,top-level-definition,2,"[5,13]",DWF_PTS;XMACH1_PTS,36,"[0.0,3.0]",0.0,
CNWF1_table,CNWF1_table,CNWF1,,top-level-definition,2,"[5,13]",DWF_PTS;XMACH1_PTS,37,"[0.0,3.5]",0.0,
CNWF1_table,CNWF1_table,CNWF1,,top-level-definition,2,"[5,13]",DWF_PTS;XMACH1_PTS,38,"[0.0,4.0]",0.0,
CNWF1_table,CNWF1_table,CNWF1,,top-level-definition,2,"[5,13]",DWF_PTS;XMACH1_PTS,39,"[15.0,0.3]",0.00042032,
CNWF1_table,CNWF1_table,CNWF1,,top-level-definition,2,"[5,13]",DWF_PTS;XMACH1_PTS,40,"[15.0,0.6]",0.0006186,
CNWF1_table,CNWF1_table,CNWF1,,top-level-definition,2,"[5,13]",DWF_PTS;XMACH1_PTS,41,"[15.0,0.8]",0.00054986,
CNWF1_table,CNWF1_table,CNWF1,,top-level-definition,2,"[5,13]",DWF_PTS;XMACH1_PTS,42,"[15.0,0.9]",0.00034366,
CNWF1_table,CNWF1_table,CNWF1,,top-level-definition,2,"[5,13]",DWF_PTS;XMACH1_PTS,43,"[15.0,0.95]",0.00054986,
CNWF1_table,CNWF1_table,CNWF1,,top-level-definition,2,"[5,13]",DWF_PTS;XMACH1_PTS,44,"[15.0,1.1]",0.00032278,
CNWF1_table,CNWF1_table,CNWF1,,top-level-definition,2,"[5,13]",DWF_PTS;XMACH1_PTS,45,"[15.0,1.2]",0.00017129,
CNWF1_table,CNWF1_table,CNWF1,,top-level-definition,2,"[5,13]",DWF_PTS;XMACH1_PTS,46,"[15.0,1.6]",-0.00043446,
CNWF1_table,CNWF1_table,CNWF1,,top-level-definition,2,"[5,13]",DWF_PTS;XMACH1_PTS,47,"[15.0,2.0]",-0.00025018,
CNWF1_table,CNWF1_table,CNWF1,,top-level-definition,2,"[5,13]",DWF_PTS;XMACH1_PTS,48,"[15.0,2.5]",-0.00014434,
CNWF1_table,CNWF1_table,CNWF1,,top-level-definition,2,"[5,13]",DWF_PTS;XMACH1_PTS,49,"[15.0,3.0]",-9.7235e-05,
CNWF1_table,CNWF1_table,CNWF1,,top-level-definition,2,"[5,13]",DWF_PTS;XMACH1_PTS,50,"[15.0,3.5]",-8.397e-05,
CNWF1_table,CNWF1_table,CNWF1,,top-level-definition,2,"[5,13]",DWF_PTS;XMACH1_PTS,51,"[15.0,4.0]",-1.5131e-05,
CNWF1_table,CNWF1_table,CNWF1,,top-level-definition,2,"[5,13]",DWF_PTS;XMACH1_PTS,52,"[30.0,0.3]",-0.00065004,
CNWF1_table,CNWF1_table,CNWF1,,top-level-definition,2,"[5,13]",DWF_PTS;XMACH1_PTS,53,"[30.0,0.6]",-0.0009567,
CNWF1_table,CNWF1_table,CNWF1,,top-level-definition,2,"[5,13]",DWF_PTS;XMACH1_PTS,54,"[30.0,0.8]",-0.0008504,
CNWF1_table,CNWF1_table,CNWF1,,top-level-definition,2,"[5,13]",DWF_PTS;XMACH1_PTS,55,"[30.0,0.9]",-0.0005315,
CNWF1_table,CNWF1_table,CNWF1,,top-level-definition,2,"[5,13]",DWF_PTS;XMACH1_PTS,56,"[30.0,0.95]",-0.0008504,
CNWF1_table,CNWF1_table,CNWF1,,top-level-definition,2,"[5,13]",DWF_PTS;XMACH1_PTS,57,"[30.0,1.1]",-0.00091151,
CNWF1_table,CNWF1_table,CNWF1,,top-level-definition,2,"[5,13]",DWF_PTS;XMACH1_PTS,58,"[30.0,1.2]",-0.00095228,
CNWF1_table,CNWF1_table,CNWF1,,top-level-definition,2,"[5,13]",DWF_PTS;XMACH1_PTS,59,"[30.0,1.6]",-0.0011153,
CNWF1_table,CNWF1_table,CNWF1,,top-level-definition,2,"[5,13]",DWF_PTS;XMACH1_PTS,60,"[30.0,2.0]",-0.00076259,
CNWF1_table,CNWF1_table,CNWF1,,top-level-definition,2,"[5,13]",DWF_PTS;XMACH1_PTS,61,"[30.0,2.5]",-0.00049143,
CNWF1_table,CNWF1_table,CNWF1,,top-level-definition,2,"[5,13]",DWF_PTS;XMACH1_PTS,62,"[30.0,3.0]",-0.00021721,
CNWF1_table,CNWF1_table,CNWF1,,top-level-definition,2,"[5,13]",DWF_PTS;XMACH1_PTS,63,"[30.0,3.5]",-0.00016391,
CNWF1_table,CNWF1_table,CNWF1,,top-level-definition,2,"[5,13]",DWF_PTS;XMACH1_PTS,64,"[30.0,4.0]",-6.639e-05,
CNWF2_table,CNWF2_table,CNWF2,,top-level-definition,2,"[5,13]",DWF_PTS;XMACH1_PTS,0,"[-30.0,0.3]",-1.4548e-05,
CNWF2_table,CNWF2_table,CNWF2,,top-level-definition,2,"[5,13]",DWF_PTS;XMACH1_PTS,1,"[-30.0,0.6]",-1.5404e-05,
CNWF2_table,CNWF2_table,CNWF2,,top-level-definition,2,"[5,13]",DWF_PTS;XMACH1_PTS,2,"[-30.0,0.8]",-1.7972e-05,
CNWF2_table,CNWF2_table,CNWF2,,top-level-definition,2,"[5,13]",DWF_PTS;XMACH1_PTS,3,"[-30.0,0.9]",-1.8827e-05,
CNWF2_table,CNWF2_table,CNWF2,,top-level-definition,2,"[5,13]",DWF_PTS;XMACH1_PTS,4,"[-30.0,0.95]",-1.4976e-05,
CNWF2_table,CNWF2_table,CNWF2,,top-level-definition,2,"[5,13]",DWF_PTS;XMACH1_PTS,5,"[-30.0,1.1]",-3.5649e-05,
CNWF2_table,CNWF2_table,CNWF2,,top-level-definition,2,"[5,13]",DWF_PTS;XMACH1_PTS,6,"[-30.0,1.2]",-4.9439e-05,
CNWF2_table,CNWF2_table,CNWF2,,top-level-definition,2,"[5,13]",DWF_PTS;XMACH1_PTS,7,"[-30.0,1.6]",-0.00010458,
CNWF2_table,CNWF2_table,CNWF2,,top-level-definition,2,"[5,13]",DWF_PTS;XMACH1_PTS,8,"[-30.0,2.0]",2.0195e-06,
CNWF2_table,CNWF2_table,CNWF2,,top-level-definition,2,"[5,13]",DWF_PTS;XMACH1_PTS,9,"[-30.0,2.5]",-3.0112e-06,
CNWF2_table,CNWF2_table,CNWF2,,top-level-definition,2,"[5,13]",DWF_PTS;XMACH1_PTS,10,"[-30.0,3.0]",-1.4549e-06,
CNWF2_table,CNWF2_table,CNWF2,,top-level-definition,2,"[5,13]",DWF_PTS;XMACH1_PTS,11,"[-30.0,3.5]",1.361e-06,
CNWF2_table,CNWF2_table,CNWF2,,top-level-definition,2,"[5,13]",DWF_PTS;XMACH1_PTS,12,"[-30.0,4.0]",1.5814e-06,
CNWF2_table,CNWF2_table,CNWF2,,top-level-definition,2,"[5,13]",DWF_PTS;XMACH1_PTS,13,"[-15.0,0.3]",3.2836e-05,
CNWF2_table,CNWF2_table,CNWF2,,top-level-definition,2,"[5,13]",DWF_PTS;XMACH1_PTS,14,"[-15.0,0.6]",3.4768e-05,
CNWF2_table,CNWF2_table,CNWF2,,top-level-definition,2,"[5,13]",DWF_PTS;XMACH1_PTS,15,"[-15.0,0.8]",4.0562e-05,
CNWF2_table,CNWF2_table,CNWF2,,top-level-definition,2,"[5,13]",DWF_PTS;XMACH1_PTS,16,"[-15.0,0.9]",4.2494e-05,
CNWF2_table,CNWF2_table,CNWF2,,top-level-definition,2,"[5,13]",DWF_PTS;XMACH1_PTS,17,"[-15.0,0.95]",3.3802e-05,
CNWF2_table,CNWF2_table,CNWF2,,top-level-definition,2,"[5,13]",DWF_PTS;XMACH1_PTS,18,"[-15.0,1.1]",1.7215e-05,
CNWF2_table,CNWF2_table,CNWF2,,top-level-definition,2,"[5,13]",DWF_PTS;XMACH1_PTS,19,"[-15.0,1.2]",6.1493e-06,
CNWF2_table,CNWF2_table,CNWF2,,top-level-definition,2,"[5,13]",DWF_PTS;XMACH1_PTS,20,"[-15.0,1.6]",-3.8098e-05,
CNWF2_table,CNWF2_table,CNWF2,,top-level-definition,2,"[5,13]",DWF_PTS;XMACH1_PTS,21,"[-15.0,2.0]",-9.6352e-06,
CNWF2_table,CNWF2_table,CNWF2,,top-level-definition,2,"[5,13]",DWF_PTS;XMACH1_PTS,22,"[-15.0,2.5]",-1.1066e-05,
CNWF2_table,CNWF2_table,CNWF2,,top-level-definition,2,"[5,13]",DWF_PTS;XMACH1_PTS,23,"[-15.0,3.0]",-1.9557e-06,
CNWF2_table,CNWF2_table,CNWF2,,top-level-definition,2,"[5,13]",DWF_PTS;XMACH1_PTS,24,"[-15.0,3.5]",2.5553e-06,
CNWF2_table,CNWF2_table,CNWF2,,top-level-definition,2,"[5,13]",DWF_PTS;XMACH1_PTS,25,"[-15.0,4.0]",3.7691e-06,
CNWF2_table,CNWF2_table,CNWF2,,top-level-definition,2,"[5,13]",DWF_PTS;XMACH1_PTS,26,"[0.0,0.3]",0.0,
CNWF2_table,CNWF2_table,CNWF2,,top-level-definition,2,"[5,13]",DWF_PTS;XMACH1_PTS,27,"[0.0,0.6]",0.0,
CNWF2_table,CNWF2_table,CNWF2,,top-level-definition,2,"[5,13]",DWF_PTS;XMACH1_PTS,28,"[0.0,0.8]",0.0,
CNWF2_table,CNWF2_table,CNWF2,,top-level-definition,2,"[5,13]",DWF_PTS;XMACH1_PTS,29,"[0.0,0.9]",0.0,
CNWF2_table,CNWF2_table,CNWF2,,top-level-definition,2,"[5,13]",DWF_PTS;XMACH1_PTS,30,"[0.0,0.95]",0.0,
CNWF2_table,CNWF2_table,CNWF2,,top-level-definition,2,"[5,13]",DWF_PTS;XMACH1_PTS,31,"[0.0,1.1]",0.0,
CNWF2_table,CNWF2_table,CNWF2,,top-level-definition,2,"[5,13]",DWF_PTS;XMACH1_PTS,32,"[0.0,1.2]",0.0,
CNWF2_table,CNWF2_table,CNWF2,,top-level-definition,2,"[5,13]",DWF_PTS;XMACH1_PTS,33,"[0.0,1.6]",0.0,
CNWF2_table,CNWF2_table,CNWF2,,top-level-definition,2,"[5,13]",DWF_PTS;XMACH1_PTS,34,"[0.0,2.0]",0.0,
CNWF2_table,CNWF2_table,CNWF2,,top-level-definition,2,"[5,13]",DWF_PTS;XMACH1_PTS,35,"[0.0,2.5]",0.0,
CNWF2_table,CNWF2_table,CNWF2,,top-level-definition,2,"[5,13]",DWF_PTS;XMACH1_PTS,36,"[0.0,3.0]",0.0,
CNWF2_table,CNWF2_table,CNWF2,,top-level-definition,2,"[5,13]",DWF_PTS;XMACH1_PTS,37,"[0.0,3.5]",0.0,
CNWF2_table,CNWF2_table,CNWF2,,top-level-definition,2,"[5,13]",DWF_PTS;XMACH1_PTS,38,"[0.0,4.0]",0.0,
CNWF2_table,CNWF2_table,CNWF2,,top-level-definition,2,"[5,13]",DWF_PTS;XMACH1_PTS,39,"[15.0,0.3]",1.9537e-06,
CNWF2_table,CNWF2_table,CNWF2,,top-level-definition,2,"[5,13]",DWF_PTS;XMACH1_PTS,40,"[15.0,0.6]",2.8753e-06,
CNWF2_table,CNWF2_table,CNWF2,,top-level-definition,2,"[5,13]",DWF_PTS;XMACH1_PTS,41,"[15.0,0.8]",2.5558e-06,
CNWF2_table,CNWF2_table,CNWF2,,top-level-definition,2,"[5,13]",DWF_PTS;XMACH1_PTS,42,"[15.0,0.9]",1.5974e-06,
CNWF2_table,CNWF2_table,CNWF2,,top-level-definition,2,"[5,13]",DWF_PTS;XMACH1_PTS,43,"[15.0,0.95]",2.5558e-06,
CNWF2_table,CNWF2_table,CNWF2,,top-level-definition,2,"[5,13]",DWF_PTS;XMACH1_PTS,44,"[15.0,1.1]",2.0074e-05,
CNWF2_table,CNWF2_table,CNWF2,,top-level-definition,2,"[5,13]",DWF_PTS;XMACH1_PTS,45,"[15.0,1.2]",3.176e-05,
CNWF2_table,CNWF2_table,CNWF2,,top-level-definition,2,"[5,13]",DWF_PTS;XMACH1_PTS,46,"[15.0,1.6]",7.849e-05,
CNWF2_table,CNWF2_table,CNWF2,,top-level-definition,2,"[5,13]",DWF_PTS;XMACH1_PTS,47,"[15.0,2.0]",2.0396e-05,
CNWF2_table,CNWF2_table,CNWF2,,top-level-definition,2,"[5,13]",DWF_PTS;XMACH1_PTS,48,"[15.0,2.5]",-3.4576e-08,
CNWF2_table,CNWF2_table,CNWF2,,top-level-definition,2,"[5,13]",DWF_PTS;XMACH1_PTS,49,"[15.0,3.0]",1.107e-06,
CNWF2_table,CNWF2_table,CNWF2,,top-level-definition,2,"[5,13]",DWF_PTS;XMACH1_PTS,50,"[15.0,3.5]",-2.5519e-06,
CNWF2_table,CNWF2_table,CNWF2,,top-level-definition,2,"[5,13]",DWF_PTS;XMACH1_PTS,51,"[15.0,4.0]",-8.6198e-06,
CNWF2_table,CNWF2_table,CNWF2,,top-level-definition,2,"[5,13]",DWF_PTS;XMACH1_PTS,52,"[30.0,0.3]",0.00016754,
CNWF2_table,CNWF2_table,CNWF2,,top-level-definition,2,"[5,13]",DWF_PTS;XMACH1_PTS,53,"[30.0,0.6]",0.00024657,
CNWF2_table,CNWF2_table,CNWF2,,top-level-definition,2,"[5,13]",DWF_PTS;XMACH1_PTS,54,"[30.0,0.8]",0.00021918,
CNWF2_table,CNWF2_table,CNWF2,,top-level-definition,2,"[5,13]",DWF_PTS;XMACH1_PTS,55,"[30.0,0.9]",0.00013698,
CNWF2_table,CNWF2_table,CNWF2,,top-level-definition,2,"[5,13]",DWF_PTS;XMACH1_PTS,56,"[30.0,0.95]",0.00021918,
CNWF2_table,CNWF2_table,CNWF2,,top-level-definition,2,"[5,13]",DWF_PTS;XMACH1_PTS,57,"[30.0,1.1]",0.00020477,
CNWF2_table,CNWF2_table,CNWF2,,top-level-definition,2,"[5,13]",DWF_PTS;XMACH1_PTS,58,"[30.0,1.2]",0.00019516,
CNWF2_table,CNWF2_table,CNWF2,,top-level-definition,2,"[5,13]",DWF_PTS;XMACH1_PTS,59,"[30.0,1.6]",0.00015674,
CNWF2_table,CNWF2_table,CNWF2,,top-level-definition,2,"[5,13]",DWF_PTS;XMACH1_PTS,60,"[30.0,2.0]",5.3392e-05,
CNWF2_table,CNWF2_table,CNWF2,,top-level-definition,2,"[5,13]",DWF_PTS;XMACH1_PTS,61,"[30.0,2.5]",7.0042e-06,
CNWF2_table,CNWF2_table,CNWF2,,top-level-definition,2,"[5,13]",DWF_PTS;XMACH1_PTS,62,"[30.0,3.0]",8.4232e-07,
CNWF2_table,CNWF2_table,CNWF2,,top-level-definition,2,"[5,13]",DWF_PTS;XMACH1_PTS,63,"[30.0,3.5]",-7.2604e-06,
CNWF2_table,CNWF2_table,CNWF2,,top-level-definition,2,"[5,13]",DWF_PTS;XMACH1_PTS,64,"[30.0,4.0]",-1.7779e-05,
CNWF3_table,CNWF3_table,CNWF3,,top-level-definition,2,"[5,13]",DWF_PTS;XMACH1_PTS,0,"[-30.0,0.3]",1.7997e-07,
CNWF3_table,CNWF3_table,CNWF3,,top-level-definition,2,"[5,13]",DWF_PTS;XMACH1_PTS,1,"[-30.0,0.6]",1.9055e-07,
CNWF3_table,CNWF3_table,CNWF3,,top-level-definition,2,"[5,13]",DWF_PTS;XMACH1_PTS,2,"[-30.0,0.8]",2.2231e-07,
CNWF3_table,CNWF3_table,CNWF3,,top-level-definition,2,"[5,13]",DWF_PTS;XMACH1_PTS,3,"[-30.0,0.9]",2.329e-07,
CNWF3_table,CNWF3_table,CNWF3,,top-level-definition,2,"[5,13]",DWF_PTS;XMACH1_PTS,4,"[-30.0,0.95]",1.8526e-07,
CNWF3_table,CNWF3_table,CNWF3,,top-level-definition,2,"[5,13]",DWF_PTS;XMACH1_PTS,5,"[-30.0,1.1]",9.3348e-07,
CNWF3_table,CNWF3_table,CNWF3,,top-level-definition,2,"[5,13]",DWF_PTS;XMACH1_PTS,6,"[-30.0,1.2]",1.4326e-06,
CNWF3_table,CNWF3_table,CNWF3,,top-level-definition,2,"[5,13]",DWF_PTS;XMACH1_PTS,7,"[-30.0,1.6]",3.4285e-06,
CNWF3_table,CNWF3_table,CNWF3,,top-level-definition,2,"[5,13]",DWF_PTS;XMACH1_PTS,8,"[-30.0,2.0]",-2.0596e-07,
CNWF3_table,CNWF3_table,CNWF3,,top-level-definition,2,"[5,13]",DWF_PTS;XMACH1_PTS,9,"[-30.0,2.5]",3.9764e-08,
CNWF3_table,CNWF3_table,CNWF3,,top-level-definition,2,"[5,13]",DWF_PTS;XMACH1_PTS,10,"[-30.0,3.0]",2.0022e-08,
CNWF3_table,CNWF3_table,CNWF3,,top-level-definition,2,"[5,13]",DWF_PTS;XMACH1_PTS,11,"[-30.0,3.5]",-2.202e-08,
CNWF3_table,CNWF3_table,CNWF3,,top-level-definition,2,"[5,13]",DWF_PTS;XMACH1_PTS,12,"[-30.0,4.0]",-4.1712e-09,
CNWF3_table,CNWF3_table,CNWF3,,top-level-definition,2,"[5,13]",DWF_PTS;XMACH1_PTS,13,"[-15.0,0.3]",-6.2637e-07,
CNWF3_table,CNWF3_table,CNWF3,,top-level-definition,2,"[5,13]",DWF_PTS;XMACH1_PTS,14,"[-15.0,0.6]",-6.6322e-07,
CNWF3_table,CNWF3_table,CNWF3,,top-level-definition,2,"[5,13]",DWF_PTS;XMACH1_PTS,15,"[-15.0,0.8]",-7.7375e-07,
CNWF3_table,CNWF3_table,CNWF3,,top-level-definition,2,"[5,13]",DWF_PTS;XMACH1_PTS,16,"[-15.0,0.9]",-8.106e-07,
CNWF3_table,CNWF3_table,CNWF3,,top-level-definition,2,"[5,13]",DWF_PTS;XMACH1_PTS,17,"[-15.0,0.95]",-6.4479e-07,
CNWF3_table,CNWF3_table,CNWF3,,top-level-definition,2,"[5,13]",DWF_PTS;XMACH1_PTS,18,"[-15.0,1.1]",-2.4303e-07,
CNWF3_table,CNWF3_table,CNWF3,,top-level-definition,2,"[5,13]",DWF_PTS;XMACH1_PTS,19,"[-15.0,1.2]",2.4992e-08,
CNWF3_table,CNWF3_table,CNWF3,,top-level-definition,2,"[5,13]",DWF_PTS;XMACH1_PTS,20,"[-15.0,1.6]",1.0967e-06,
CNWF3_table,CNWF3_table,CNWF3,,top-level-definition,2,"[5,13]",DWF_PTS;XMACH1_PTS,21,"[-15.0,2.0]",2.0633e-07,
CNWF3_table,CNWF3_table,CNWF3,,top-level-definition,2,"[5,13]",DWF_PTS;XMACH1_PTS,22,"[-15.0,2.5]",2.8224e-07,
CNWF3_table,CNWF3_table,CNWF3,,top-level-definition,2,"[5,13]",DWF_PTS;XMACH1_PTS,23,"[-15.0,3.0]",5.231e-08,
CNWF3_table,CNWF3_table,CNWF3,,top-level-definition,2,"[5,13]",DWF_PTS;XMACH1_PTS,24,"[-15.0,3.5]",-2.6202e-08,
CNWF3_table,CNWF3_table,CNWF3,,top-level-definition,2,"[5,13]",DWF_PTS;XMACH1_PTS,25,"[-15.0,4.0]",-4.6833e-08,
CNWF3_table,CNWF3_table,CNWF3,,top-level-definition,2,"[5,13]",DWF_PTS;XMACH1_PTS,26,"[0.0,0.3]",0.0,
CNWF3_table,CNWF3_table,CNWF3,,top-level-definition,2,"[5,13]",DWF_PTS;XMACH1_PTS,27,"[0.0,0.6]",0.0,
CNWF3_table,CNWF3_table,CNWF3,,top-level-definition,2,"[5,13]",DWF_PTS;XMACH1_PTS,28,"[0.0,0.8]",0.0,
CNWF3_table,CNWF3_table,CNWF3,,top-level-definition,2,"[5,13]",DWF_PTS;XMACH1_PTS,29,"[0.0,0.9]",0.0,
CNWF3_table,CNWF3_table,CNWF3,,top-level-definition,2,"[5,13]",DWF_PTS;XMACH1_PTS,30,"[0.0,0.95]",0.0,
CNWF3_table,CNWF3_table,CNWF3,,top-level-definition,2,"[5,13]",DWF_PTS;XMACH1_PTS,31,"[0.0,1.1]",0.0,
CNWF3_table,CNWF3_table,CNWF3,,top-level-definition,2,"[5,13]",DWF_PTS;XMACH1_PTS,32,"[0.0,1.2]",0.0,
CNWF3_table,CNWF3_table,CNWF3,,top-level-definition,2,"[5,13]",DWF_PTS;XMACH1_PTS,33,"[0.0,1.6]",0.0,
CNWF3_table,CNWF3_table,CNWF3,,top-level-definition,2,"[5,13]",DWF_PTS;XMACH1_PTS,34,"[0.0,2.0]",0.0,
CNWF3_table,CNWF3_table,CNWF3,,top-level-definition,2,"[5,13]",DWF_PTS;XMACH1_PTS,35,"[0.0,2.5]",0.0,
CNWF3_table,CNWF3_table,CNWF3,,top-level-definition,2,"[5,13]",DWF_PTS;XMACH1_PTS,36,"[0.0,3.0]",0.0,
CNWF3_table,CNWF3_table,CNWF3,,top-level-definition,2,"[5,13]",DWF_PTS;XMACH1_PTS,37,"[0.0,3.5]",0.0,
CNWF3_table,CNWF3_table,CNWF3,,top-level-definition,2,"[5,13]",DWF_PTS;XMACH1_PTS,38,"[0.0,4.0]",0.0,
CNWF3_table,CNWF3_table,CNWF3,,top-level-definition,2,"[5,13]",DWF_PTS;XMACH1_PTS,39,"[15.0,0.3]",3.4096e-07,
CNWF3_table,CNWF3_table,CNWF3,,top-level-definition,2,"[5,13]",DWF_PTS;XMACH1_PTS,40,"[15.0,0.6]",5.018e-07,
CNWF3_table,CNWF3_table,CNWF3,,top-level-definition,2,"[5,13]",DWF_PTS;XMACH1_PTS,41,"[15.0,0.8]",4.4605e-07,
CNWF3_table,CNWF3_table,CNWF3,,top-level-definition,2,"[5,13]",DWF_PTS;XMACH1_PTS,42,"[15.0,0.9]",2.7878e-07,
CNWF3_table,CNWF3_table,CNWF3,,top-level-definition,2,"[5,13]",DWF_PTS;XMACH1_PTS,43,"[15.0,0.95]",4.4605e-07,
CNWF3_table,CNWF3_table,CNWF3,,top-level-definition,2,"[5,13]",DWF_PTS;XMACH1_PTS,44,"[15.0,1.1]",-3.0744e-07,
CNWF3_table,CNWF3_table,CNWF3,,top-level-definition,2,"[5,13]",DWF_PTS;XMACH1_PTS,45,"[15.0,1.2]",-8.1009e-07,
CNWF3_table,CNWF3_table,CNWF3,,top-level-definition,2,"[5,13]",DWF_PTS;XMACH1_PTS,46,"[15.0,1.6]",-2.82e-06,
CNWF3_table,CNWF3_table,CNWF3,,top-level-definition,2,"[5,13]",DWF_PTS;XMACH1_PTS,47,"[15.0,2.0]",-5.1626e-07,
CNWF3_table,CNWF3_table,CNWF3,,top-level-definition,2,"[5,13]",DWF_PTS;XMACH1_PTS,48,"[15.0,2.5]",1.1358e-07,
CNWF3_table,CNWF3_table,CNWF3,,top-level-definition,2,"[5,13]",DWF_PTS;XMACH1_PTS,49,"[15.0,3.0]",1.803e-09,
CNWF3_table,CNWF3_table,CNWF3,,top-level-definition,2,"[5,13]",DWF_PTS;XMACH1_PTS,50,"[15.0,3.5]",9.7698e-08,
CNWF3_table,CNWF3_table,CNWF3,,top-level-definition,2,"[5,13]",DWF_PTS;XMACH1_PTS,51,"[15.0,4.0]",2.1822e-07,
CNWF3_table,CNWF3_table,CNWF3,,top-level-definition,2,"[5,13]",DWF_PTS;XMACH1_PTS,52,"[30.0,0.3]",-2.9825e-06,
CNWF3_table,CNWF3_table,CNWF3,,top-level-definition,2,"[5,13]",DWF_PTS;XMACH1_PTS,53,"[30.0,0.6]",-4.3894e-06,
CNWF3_table,CNWF3_table,CNWF3,,top-level-definition,2,"[5,13]",DWF_PTS;XMACH1_PTS,54,"[30.0,0.8]",-3.9017e-06,
CNWF3_table,CNWF3_table,CNWF3,,top-level-definition,2,"[5,13]",DWF_PTS;XMACH1_PTS,55,"[30.0,0.9]",-2.4386e-06,
CNWF3_table,CNWF3_table,CNWF3,,top-level-definition,2,"[5,13]",DWF_PTS;XMACH1_PTS,56,"[30.0,0.95]",-3.9017e-06,
CNWF3_table,CNWF3_table,CNWF3,,top-level-definition,2,"[5,13]",DWF_PTS;XMACH1_PTS,57,"[30.0,1.1]",-4.1721e-06,
CNWF3_table,CNWF3_table,CNWF3,,top-level-definition,2,"[5,13]",DWF_PTS;XMACH1_PTS,58,"[30.0,1.2]",-4.3524e-06,
CNWF3_table,CNWF3_table,CNWF3,,top-level-definition,2,"[5,13]",DWF_PTS;XMACH1_PTS,59,"[30.0,1.6]",-5.0735e-06,
CNWF3_table,CNWF3_table,CNWF3,,top-level-definition,2,"[5,13]",DWF_PTS;XMACH1_PTS,60,"[30.0,2.0]",-1.1162e-06,
CNWF3_table,CNWF3_table,CNWF3,,top-level-definition,2,"[5,13]",DWF_PTS;XMACH1_PTS,61,"[30.0,2.5]",2.1795e-07,
CNWF3_table,CNWF3_table,CNWF3,,top-level-definition,2,"[5,13]",DWF_PTS;XMACH1_PTS,62,"[30.0,3.0]",7.2884e-08,
CNWF3_table,CNWF3_table,CNWF3,,top-level-definition,2,"[5,13]",DWF_PTS;XMACH1_PTS,63,"[30.0,3.5]",2.5665e-07,
CNWF3_table,CNWF3_table,CNWF3,,top-level-definition,2,"[5,13]",DWF_PTS;XMACH1_PTS,64,"[30.0,4.0]",4.976e-07,
CRWF0_table,CRWF0_table,CRWF0,,top-level-definition,2,"[5,13]",DWF_PTS;XMACH1_PTS,0,"[-30.0,0.3]",-0.032213,
CRWF0_table,CRWF0_table,CRWF0,,top-level-definition,2,"[5,13]",DWF_PTS;XMACH1_PTS,1,"[-30.0,0.6]",-0.034108,
CRWF0_table,CRWF0_table,CRWF0,,top-level-definition,2,"[5,13]",DWF_PTS;XMACH1_PTS,2,"[-30.0,0.8]",-0.039793,
CRWF0_table,CRWF0_table,CRWF0,,top-level-definition,2,"[5,13]",DWF_PTS;XMACH1_PTS,3,"[-30.0,0.9]",-0.041688,
CRWF0_table,CRWF0_table,CRWF0,,top-level-definition,2,"[5,13]",DWF_PTS;XMACH1_PTS,4,"[-30.0,0.95]",-0.033161,
CRWF0_table,CRWF0_table,CRWF0,,top-level-definition,2,"[5,13]",DWF_PTS;XMACH1_PTS,5,"[-30.0,1.1]",-0.030093,
CRWF0_table,CRWF0_table,CRWF0,,top-level-definition,2,"[5,13]",DWF_PTS;XMACH1_PTS,6,"[-30.0,1.2]",-0.028047,
CRWF0_table,CRWF0_table,CRWF0,,top-level-definition,2,"[5,13]",DWF_PTS;XMACH1_PTS,7,"[-30.0,1.6]",-0.019864,
CRWF0_table,CRWF0_table,CRWF0,,top-level-definition,2,"[5,13]",DWF_PTS;XMACH1_PTS,8,"[-30.0,2.0]",-0.012945,
CRWF0_table,CRWF0_table,CRWF0,,top-level-definition,2,"[5,13]",DWF_PTS;XMACH1_PTS,9,"[-30.0,2.5]",-0.010274,
CRWF0_table,CRWF0_table,CRWF0,,top-level-definition,2,"[5,13]",DWF_PTS;XMACH1_PTS,10,"[-30.0,3.0]",-0.010285,
CRWF0_table,CRWF0_table,CRWF0,,top-level-definition,2,"[5,13]",DWF_PTS;XMACH1_PTS,11,"[-30.0,3.5]",-0.0097726,
CRWF0_table,CRWF0_table,CRWF0,,top-level-definition,2,"[5,13]",DWF_PTS;XMACH1_PTS,12,"[-30.0,4.0]",-0.0099901,
CRWF0_table,CRWF0_table,CRWF0,,top-level-definition,2,"[5,13]",DWF_PTS;XMACH1_PTS,13,"[-15.0,0.3]",-0.020551,
CRWF0_table,CRWF0_table,CRWF0,,top-level-definition,2,"[5,13]",DWF_PTS;XMACH1_PTS,14,"[-15.0,0.6]",-0.02176,
CRWF0_table,CRWF0_table,CRWF0,,top-level-definition,2,"[5,13]",DWF_PTS;XMACH1_PTS,15,"[-15.0,0.8]",-0.025386,
CRWF0_table,CRWF0_table,CRWF0,,top-level-definition,2,"[5,13]",DWF_PTS;XMACH1_PTS,16,"[-15.0,0.9]",-0.026595,
CRWF0_table,CRWF0_table,CRWF0,,top-level-definition,2,"[5,13]",DWF_PTS;XMACH1_PTS,17,"[-15.0,0.95]",-0.021155,
CRWF0_table,CRWF0_table,CRWF0,,top-level-definition,2,"[5,13]",DWF_PTS;XMACH1_PTS,18,"[-15.0,1.1]",-0.0185,
CRWF0_table,CRWF0_table,CRWF0,,top-level-definition,2,"[5,13]",DWF_PTS;XMACH1_PTS,19,"[-15.0,1.2]",-0.016729,
CRWF0_table,CRWF0_table,CRWF0,,top-level-definition,2,"[5,13]",DWF_PTS;XMACH1_PTS,20,"[-15.0,1.6]",-0.0096455,
CRWF0_table,CRWF0_table,CRWF0,,top-level-definition,2,"[5,13]",DWF_PTS;XMACH1_PTS,21,"[-15.0,2.0]",-0.0061276,
CRWF0_table,CRWF0_table,CRWF0,,top-level-definition,2,"[5,13]",DWF_PTS;XMACH1_PTS,22,"[-15.0,2.5]",-0.0045102,
CRWF0_table,CRWF0_table,CRWF0,,top-level-definition,2,"[5,13]",DWF_PTS;XMACH1_PTS,23,"[-15.0,3.0]",-0.0040074,
CRWF0_table,CRWF0_table,CRWF0,,top-level-definition,2,"[5,13]",DWF_PTS;XMACH1_PTS,24,"[-15.0,3.5]",-0.0035367,
CRWF0_table,CRWF0_table,CRWF0,,top-level-definition,2,"[5,13]",DWF_PTS;XMACH1_PTS,25,"[-15.0,4.0]",-0.0034999,
CRWF0_table,CRWF0_table,CRWF0,,top-level-definition,2,"[5,13]",DWF_PTS;XMACH1_PTS,26,"[0.0,0.3]",0.0,
CRWF0_table,CRWF0_table,CRWF0,,top-level-definition,2,"[5,13]",DWF_PTS;XMACH1_PTS,27,"[0.0,0.6]",0.0,
CRWF0_table,CRWF0_table,CRWF0,,top-level-definition,2,"[5,13]",DWF_PTS;XMACH1_PTS,28,"[0.0,0.8]",0.0,
CRWF0_table,CRWF0_table,CRWF0,,top-level-definition,2,"[5,13]",DWF_PTS;XMACH1_PTS,29,"[0.0,0.9]",0.0,
CRWF0_table,CRWF0_table,CRWF0,,top-level-definition,2,"[5,13]",DWF_PTS;XMACH1_PTS,30,"[0.0,0.95]",0.0,
CRWF0_table,CRWF0_table,CRWF0,,top-level-definition,2,"[5,13]",DWF_PTS;XMACH1_PTS,31,"[0.0,1.1]",0.0,
CRWF0_table,CRWF0_table,CRWF0,,top-level-definition,2,"[5,13]",DWF_PTS;XMACH1_PTS,32,"[0.0,1.2]",0.0,
CRWF0_table,CRWF0_table,CRWF0,,top-level-definition,2,"[5,13]",DWF_PTS;XMACH1_PTS,33,"[0.0,1.6]",0.0,
CRWF0_table,CRWF0_table,CRWF0,,top-level-definition,2,"[5,13]",DWF_PTS;XMACH1_PTS,34,"[0.0,2.0]",0.0,
CRWF0_table,CRWF0_table,CRWF0,,top-level-definition,2,"[5,13]",DWF_PTS;XMACH1_PTS,35,"[0.0,2.5]",0.0,
CRWF0_table,CRWF0_table,CRWF0,,top-level-definition,2,"[5,13]",DWF_PTS;XMACH1_PTS,36,"[0.0,3.0]",0.0,
CRWF0_table,CRWF0_table,CRWF0,,top-level-definition,2,"[5,13]",DWF_PTS;XMACH1_PTS,37,"[0.0,3.5]",0.0,
CRWF0_table,CRWF0_table,CRWF0,,top-level-definition,2,"[5,13]",DWF_PTS;XMACH1_PTS,38,"[0.0,4.0]",0.0,
CRWF0_table,CRWF0_table,CRWF0,,top-level-definition,2,"[5,13]",DWF_PTS;XMACH1_PTS,39,"[15.0,0.3]",0.030962,
CRWF0_table,CRWF0_table,CRWF0,,top-level-definition,2,"[5,13]",DWF_PTS;XMACH1_PTS,40,"[15.0,0.6]",0.045569,
CRWF0_table,CRWF0_table,CRWF0,,top-level-definition,2,"[5,13]",DWF_PTS;XMACH1_PTS,41,"[15.0,0.8]",0.040506,
CRWF0_table,CRWF0_table,CRWF0,,top-level-definition,2,"[5,13]",DWF_PTS;XMACH1_PTS,42,"[15.0,0.9]",0.025316,
CRWF0_table,CRWF0_table,CRWF0,,top-level-definition,2,"[5,13]",DWF_PTS;XMACH1_PTS,43,"[15.0,0.95]",0.040506,
CRWF0_table,CRWF0_table,CRWF0,,top-level-definition,2,"[5,13]",DWF_PTS;XMACH1_PTS,44,"[15.0,1.1]",0.033176,
CRWF0_table,CRWF0_table,CRWF0,,top-level-definition,2,"[5,13]",DWF_PTS;XMACH1_PTS,45,"[15.0,1.2]",0.028286,
CRWF0_table,CRWF0_table,CRWF0,,top-level-definition,2,"[5,13]",DWF_PTS;XMACH1_PTS,46,"[15.0,1.6]",0.0087339,
CRWF0_table,CRWF0_table,CRWF0,,top-level-definition,2,"[5,13]",DWF_PTS;XMACH1_PTS,47,"[15.0,2.0]",0.005133,
CRWF0_table,CRWF0_table,CRWF0,,top-level-definition,2,"[5,13]",DWF_PTS;XMACH1_PTS,48,"[15.0,2.5]",0.0039646,
CRWF0_table,CRWF0_table,CRWF0,,top-level-definition,2,"[5,13]",DWF_PTS;XMACH1_PTS,49,"[15.0,3.0]",0.0031212,
CRWF0_table,CRWF0_table,CRWF0,,top-level-definition,2,"[5,13]",DWF_PTS;XMACH1_PTS,50,"[15.0,3.5]",0.0028018,
CRWF0_table,CRWF0_table,CRWF0,,top-level-definition,2,"[5,13]",DWF_PTS;XMACH1_PTS,51,"[15.0,4.0]",0.0026607,
CRWF0_table,CRWF0_table,CRWF0,,top-level-definition,2,"[5,13]",DWF_PTS;XMACH1_PTS,52,"[30.0,0.3]",0.052354,
CRWF0_table,CRWF0_table,CRWF0,,top-level-definition,2,"[5,13]",DWF_PTS;XMACH1_PTS,53,"[30.0,0.6]",0.077052,
CRWF0_table,CRWF0_table,CRWF0,,top-level-definition,2,"[5,13]",DWF_PTS;XMACH1_PTS,54,"[30.0,0.8]",0.068491,
CRWF0_table,CRWF0_table,CRWF0,,top-level-definition,2,"[5,13]",DWF_PTS;XMACH1_PTS,55,"[30.0,0.9]",0.042807,
CRWF0_table,CRWF0_table,CRWF0,,top-level-definition,2,"[5,13]",DWF_PTS;XMACH1_PTS,56,"[30.0,0.95]",0.068491,
CRWF0_table,CRWF0_table,CRWF0,,top-level-definition,2,"[5,13]",DWF_PTS;XMACH1_PTS,57,"[30.0,1.1]",0.056341,
CRWF0_table,CRWF0_table,CRWF0,,top-level-definition,2,"[5,13]",DWF_PTS;XMACH1_PTS,58,"[30.0,1.2]",0.048236,
CRWF0_table,CRWF0_table,CRWF0,,top-level-definition,2,"[5,13]",DWF_PTS;XMACH1_PTS,59,"[30.0,1.6]",0.015828,
CRWF0_table,CRWF0_table,CRWF0,,top-level-definition,2,"[5,13]",DWF_PTS;XMACH1_PTS,60,"[30.0,2.0]",0.010014,
CRWF0_table,CRWF0_table,CRWF0,,top-level-definition,2,"[5,13]",DWF_PTS;XMACH1_PTS,61,"[30.0,2.5]",0.0083182,
CRWF0_table,CRWF0_table,CRWF0,,top-level-definition,2,"[5,13]",DWF_PTS;XMACH1_PTS,62,"[30.0,3.0]",0.0054989,
CRWF0_table,CRWF0_table,CRWF0,,top-level-definition,2,"[5,13]",DWF_PTS;XMACH1_PTS,63,"[30.0,3.5]",0.0048707,
CRWF0_table,CRWF0_table,CRWF0,,top-level-definition,2,"[5,13]",DWF_PTS;XMACH1_PTS,64,"[30.0,4.0]",0.004574,
CRWF1_table,CRWF1_table,CRWF1,,top-level-definition,2,"[5,13]",DWF_PTS;XMACH1_PTS,0,"[-30.0,0.3]",0.00030037,
CRWF1_table,CRWF1_table,CRWF1,,top-level-definition,2,"[5,13]",DWF_PTS;XMACH1_PTS,1,"[-30.0,0.6]",0.00031804,
CRWF1_table,CRWF1_table,CRWF1,,top-level-definition,2,"[5,13]",DWF_PTS;XMACH1_PTS,2,"[-30.0,0.8]",0.00037105,
CRWF1_table,CRWF1_table,CRWF1,,top-level-definition,2,"[5,13]",DWF_PTS;XMACH1_PTS,3,"[-30.0,0.9]",0.00038872,
CRWF1_table,CRWF1_table,CRWF1,,top-level-definition,2,"[5,13]",DWF_PTS;XMACH1_PTS,4,"[-30.0,0.95]",0.00030921,
CRWF1_table,CRWF1_table,CRWF1,,top-level-definition,2,"[5,13]",DWF_PTS;XMACH1_PTS,5,"[-30.0,1.1]",0.00034596,
CRWF1_table,CRWF1_table,CRWF1,,top-level-definition,2,"[5,13]",DWF_PTS;XMACH1_PTS,6,"[-30.0,1.2]",0.00037048,
CRWF1_table,CRWF1_table,CRWF1,,top-level-definition,2,"[5,13]",DWF_PTS;XMACH1_PTS,7,"[-30.0,1.6]",0.00046852,
CRWF1_table,CRWF1_table,CRWF1,,top-level-definition,2,"[5,13]",DWF_PTS;XMACH1_PTS,8,"[-30.0,2.0]",0.00046342,
CRWF1_table,CRWF1_table,CRWF1,,top-level-definition,2,"[5,13]",DWF_PTS;XMACH1_PTS,9,"[-30.0,2.5]",0.00027799,
CRWF1_table,CRWF1_table,CRWF1,,top-level-definition,2,"[5,13]",DWF_PTS;XMACH1_PTS,10,"[-30.0,3.0]",0.00047317,
CRWF1_table,CRWF1_table,CRWF1,,top-level-definition,2,"[5,13]",DWF_PTS;XMACH1_PTS,11,"[-30.0,3.5]",0.00057112,
CRWF1_table,CRWF1_table,CRWF1,,top-level-definition,2,"[5,13]",DWF_PTS;XMACH1_PTS,12,"[-30.0,4.0]",0.00066889,
CRWF1_table,CRWF1_table,CRWF1,,top-level-definition,2,"[5,13]",DWF_PTS;XMACH1_PTS,13,"[-15.0,0.3]",0.0017961,
CRWF1_table,CRWF1_table,CRWF1,,top-level-definition,2,"[5,13]",DWF_PTS;XMACH1_PTS,14,"[-15.0,0.6]",0.0019017,
CRWF1_table,CRWF1_table,CRWF1,,top-level-definition,2,"[5,13]",DWF_PTS;XMACH1_PTS,15,"[-15.0,0.8]",0.0022187,
CRWF1_table,CRWF1_table,CRWF1,,top-level-definition,2,"[5,13]",DWF_PTS;XMACH1_PTS,16,"[-15.0,0.9]",0.0023243,
CRWF1_table,CRWF1_table,CRWF1,,top-level-definition,2,"[5,13]",DWF_PTS;XMACH1_PTS,17,"[-15.0,0.95]",0.0018489,
CRWF1_table,CRWF1_table,CRWF1,,top-level-definition,2,"[5,13]",DWF_PTS;XMACH1_PTS,18,"[-15.0,1.1]",0.0015036,
CRWF1_table,CRWF1_table,CRWF1,,top-level-definition,2,"[5,13]",DWF_PTS;XMACH1_PTS,19,"[-15.0,1.2]",0.0012732,
CRWF1_table,CRWF1_table,CRWF1,,top-level-definition,2,"[5,13]",DWF_PTS;XMACH1_PTS,20,"[-15.0,1.6]",0.00035207,
CRWF1_table,CRWF1_table,CRWF1,,top-level-definition,2,"[5,13]",DWF_PTS;XMACH1_PTS,21,"[-15.0,2.0]",0.00015838,
CRWF1_table,CRWF1_table,CRWF1,,top-level-definition,2,"[5,13]",DWF_PTS;XMACH1_PTS,22,"[-15.0,2.5]",0.00013804,
CRWF1_table,CRWF1_table,CRWF1,,top-level-definition,2,"[5,13]",DWF_PTS;XMACH1_PTS,23,"[-15.0,3.0]",0.00014675,
CRWF1_table,CRWF1_table,CRWF1,,top-level-definition,2,"[5,13]",DWF_PTS;XMACH1_PTS,24,"[-15.0,3.5]",0.00016854,
CRWF1_table,CRWF1_table,CRWF1,,top-level-definition,2,"[5,13]",DWF_PTS;XMACH1_PTS,25,"[-15.0,4.0]",0.00020348,
CRWF1_table,CRWF1_table,CRWF1,,top-level-definition,2,"[5,13]",DWF_PTS;XMACH1_PTS,26,"[0.0,0.3]",0.0,
CRWF1_table,CRWF1_table,CRWF1,,top-level-definition,2,"[5,13]",DWF_PTS;XMACH1_PTS,27,"[0.0,0.6]",0.0,
CRWF1_table,CRWF1_table,CRWF1,,top-level-definition,2,"[5,13]",DWF_PTS;XMACH1_PTS,28,"[0.0,0.8]",0.0,
CRWF1_table,CRWF1_table,CRWF1,,top-level-definition,2,"[5,13]",DWF_PTS;XMACH1_PTS,29,"[0.0,0.9]",0.0,
CRWF1_table,CRWF1_table,CRWF1,,top-level-definition,2,"[5,13]",DWF_PTS;XMACH1_PTS,30,"[0.0,0.95]",0.0,
CRWF1_table,CRWF1_table,CRWF1,,top-level-definition,2,"[5,13]",DWF_PTS;XMACH1_PTS,31,"[0.0,1.1]",0.0,
CRWF1_table,CRWF1_table,CRWF1,,top-level-definition,2,"[5,13]",DWF_PTS;XMACH1_PTS,32,"[0.0,1.2]",0.0,
CRWF1_table,CRWF1_table,CRWF1,,top-level-definition,2,"[5,13]",DWF_PTS;XMACH1_PTS,33,"[0.0,1.6]",0.0,
CRWF1_table,CRWF1_table,CRWF1,,top-level-definition,2,"[5,13]",DWF_PTS;XMACH1_PTS,34,"[0.0,2.0]",0.0,
CRWF1_table,CRWF1_table,CRWF1,,top-level-definition,2,"[5,13]",DWF_PTS;XMACH1_PTS,35,"[0.0,2.5]",0.0,
CRWF1_table,CRWF1_table,CRWF1,,top-level-definition,2,"[5,13]",DWF_PTS;XMACH1_PTS,36,"[0.0,3.0]",0.0,
CRWF1_table,CRWF1_table,CRWF1,,top-level-definition,2,"[5,13]",DWF_PTS;XMACH1_PTS,37,"[0.0,3.5]",0.0,
CRWF1_table,CRWF1_table,CRWF1,,top-level-definition,2,"[5,13]",DWF_PTS;XMACH1_PTS,38,"[0.0,4.0]",0.0,
CRWF1_table,CRWF1_table,CRWF1,,top-level-definition,2,"[5,13]",DWF_PTS;XMACH1_PTS,39,"[15.0,0.3]",-0.00018369,
CRWF1_table,CRWF1_table,CRWF1,,top-level-definition,2,"[5,13]",DWF_PTS;XMACH1_PTS,40,"[15.0,0.6]",-0.00027035,
CRWF1_table,CRWF1_table,CRWF1,,top-level-definition,2,"[5,13]",DWF_PTS;XMACH1_PTS,41,"[15.0,0.8]",-0.00024031,
CRWF1_table,CRWF1_table,CRWF1,,top-level-definition,2,"[5,13]",DWF_PTS;XMACH1_PTS,42,"[15.0,0.9]",-0.00015019,
CRWF1_table,CRWF1_table,CRWF1,,top-level-definition,2,"[5,13]",DWF_PTS;XMACH1_PTS,43,"[15.0,0.95]",-0.00024031,
CRWF1_table,CRWF1_table,CRWF1,,top-level-definition,2,"[5,13]",DWF_PTS;XMACH1_PTS,44,"[15.0,1.1]",-0.0002081,
CRWF1_table,CRWF1_table,CRWF1,,top-level-definition,2,"[5,13]",DWF_PTS;XMACH1_PTS,45,"[15.0,1.2]",-0.00018662,
CRWF1_table,CRWF1_table,CRWF1,,top-level-definition,2,"[5,13]",DWF_PTS;XMACH1_PTS,46,"[15.0,1.6]",-0.0001007,
CRWF1_table,CRWF1_table,CRWF1,,top-level-definition,2,"[5,13]",DWF_PTS;XMACH1_PTS,47,"[15.0,2.0]",-9.0873e-05,
CRWF1_table,CRWF1_table,CRWF1,,top-level-definition,2,"[5,13]",DWF_PTS;XMACH1_PTS,48,"[15.0,2.5]",1.9487e-05,
CRWF1_table,CRWF1_table,CRWF1,,top-level-definition,2,"[5,13]",DWF_PTS;XMACH1_PTS,49,"[15.0,3.0]",-2.0082e-05,
CRWF1_table,CRWF1_table,CRWF1,,top-level-definition,2,"[5,13]",DWF_PTS;XMACH1_PTS,50,"[15.0,3.5]",-3.7094e-05,
CRWF1_table,CRWF1_table,CRWF1,,top-level-definition,2,"[5,13]",DWF_PTS;XMACH1_PTS,51,"[15.0,4.0]",-6.1659e-05,
CRWF1_table,CRWF1_table,CRWF1,,top-level-definition,2,"[5,13]",DWF_PTS;XMACH1_PTS,52,"[30.0,0.3]",0.0028104,
CRWF1_table,CRWF1_table,CRWF1,,top-level-definition,2,"[5,13]",DWF_PTS;XMACH1_PTS,53,"[30.0,0.6]",0.0041362,
CRWF1_table,CRWF1_table,CRWF1,,top-level-definition,2,"[5,13]",DWF_PTS;XMACH1_PTS,54,"[30.0,0.8]",0.0036766,
CRWF1_table,CRWF1_table,CRWF1,,top-level-definition,2,"[5,13]",DWF_PTS;XMACH1_PTS,55,"[30.0,0.9]",0.0022979,
CRWF1_table,CRWF1_table,CRWF1,,top-level-definition,2,"[5,13]",DWF_PTS;XMACH1_PTS,56,"[30.0,0.95]",0.0036766,
CRWF1_table,CRWF1_table,CRWF1,,top-level-definition,2,"[5,13]",DWF_PTS;XMACH1_PTS,57,"[30.0,1.1]",0.0027752,
CRWF1_table,CRWF1_table,CRWF1,,top-level-definition,2,"[5,13]",DWF_PTS;XMACH1_PTS,58,"[30.0,1.2]",0.0021738,
CRWF1_table,CRWF1_table,CRWF1,,top-level-definition,2,"[5,13]",DWF_PTS;XMACH1_PTS,59,"[30.0,1.6]",-0.00023082,
CRWF1_table,CRWF1_table,CRWF1,,top-level-definition,2,"[5,13]",DWF_PTS;XMACH1_PTS,60,"[30.0,2.0]",-6.1072e-05,
CRWF1_table,CRWF1_table,CRWF1,,top-level-definition,2,"[5,13]",DWF_PTS;XMACH1_PTS,61,"[30.0,2.5]",2.2455e-05,
CRWF1_table,CRWF1_table,CRWF1,,top-level-definition,2,"[5,13]",DWF_PTS;XMACH1_PTS,62,"[30.0,3.0]",-1.5398e-05,
CRWF1_table,CRWF1_table,CRWF1,,top-level-definition,2,"[5,13]",DWF_PTS;XMACH1_PTS,63,"[30.0,3.5]",-1.8696e-05,
CRWF1_table,CRWF1_table,CRWF1,,top-level-definition,2,"[5,13]",DWF_PTS;XMACH1_PTS,64,"[30.0,4.0]",-5.1972e-05,
CRWF2_table,CRWF2_table,CRWF2,,top-level-definition,2,"[5,13]",DWF_PTS;XMACH1_PTS,0,"[-30.0,0.3]",1.2333e-05,
CRWF2_table,CRWF2_table,CRWF2,,top-level-definition,2,"[5,13]",DWF_PTS;XMACH1_PTS,1,"[-30.0,0.6]",1.3058e-05,
CRWF2_table,CRWF2_table,CRWF2,,top-level-definition,2,"[5,13]",DWF_PTS;XMACH1_PTS,2,"[-30.0,0.8]",1.5235e-05,
CRWF2_table,CRWF2_table,CRWF2,,top-level-definition,2,"[5,13]",DWF_PTS;XMACH1_PTS,3,"[-30.0,0.9]",1.596e-05,
CRWF2_table,CRWF2_table,CRWF2,,top-level-definition,2,"[5,13]",DWF_PTS;XMACH1_PTS,4,"[-30.0,0.95]",1.2696e-05,
CRWF2_table,CRWF2_table,CRWF2,,top-level-definition,2,"[5,13]",DWF_PTS;XMACH1_PTS,5,"[-30.0,1.1]",3.5636e-05,
CRWF2_table,CRWF2_table,CRWF2,,top-level-definition,2,"[5,13]",DWF_PTS;XMACH1_PTS,6,"[-30.0,1.2]",5.094e-05,
CRWF2_table,CRWF2_table,CRWF2,,top-level-definition,2,"[5,13]",DWF_PTS;XMACH1_PTS,7,"[-30.0,1.6]",0.00011214,
CRWF2_table,CRWF2_table,CRWF2,,top-level-definition,2,"[5,13]",DWF_PTS;XMACH1_PTS,8,"[-30.0,2.0]",-2.3098e-06,
CRWF2_table,CRWF2_table,CRWF2,,top-level-definition,2,"[5,13]",DWF_PTS;XMACH1_PTS,9,"[-30.0,2.5]",9.1035e-06,
CRWF2_table,CRWF2_table,CRWF2,,top-level-definition,2,"[5,13]",DWF_PTS;XMACH1_PTS,10,"[-30.0,3.0]",-8.3452e-06,
CRWF2_table,CRWF2_table,CRWF2,,top-level-definition,2,"[5,13]",DWF_PTS;XMACH1_PTS,11,"[-30.0,3.5]",-1.6737e-05,
CRWF2_table,CRWF2_table,CRWF2,,top-level-definition,2,"[5,13]",DWF_PTS;XMACH1_PTS,12,"[-30.0,4.0]",-2.1841e-05,
CRWF2_table,CRWF2_table,CRWF2,,top-level-definition,2,"[5,13]",DWF_PTS;XMACH1_PTS,13,"[-15.0,0.3]",-0.00010052,
CRWF2_table,CRWF2_table,CRWF2,,top-level-definition,2,"[5,13]",DWF_PTS;XMACH1_PTS,14,"[-15.0,0.6]",-0.00010643,
CRWF2_table,CRWF2_table,CRWF2,,top-level-definition,2,"[5,13]",DWF_PTS;XMACH1_PTS,15,"[-15.0,0.8]",-0.00012417,
CRWF2_table,CRWF2_table,CRWF2,,top-level-definition,2,"[5,13]",DWF_PTS;XMACH1_PTS,16,"[-15.0,0.9]",-0.00013008,
CRWF2_table,CRWF2_table,CRWF2,,top-level-definition,2,"[5,13]",DWF_PTS;XMACH1_PTS,17,"[-15.0,0.95]",-0.00010347,
CRWF2_table,CRWF2_table,CRWF2,,top-level-definition,2,"[5,13]",DWF_PTS;XMACH1_PTS,18,"[-15.0,1.1]",-7.7449e-05,
CRWF2_table,CRWF2_table,CRWF2,,top-level-definition,2,"[5,13]",DWF_PTS;XMACH1_PTS,19,"[-15.0,1.2]",-6.0088e-05,
CRWF2_table,CRWF2_table,CRWF2,,top-level-definition,2,"[5,13]",DWF_PTS;XMACH1_PTS,20,"[-15.0,1.6]",9.3346e-06,
CRWF2_table,CRWF2_table,CRWF2,,top-level-definition,2,"[5,13]",DWF_PTS;XMACH1_PTS,21,"[-15.0,2.0]",8.0239e-06,
CRWF2_table,CRWF2_table,CRWF2,,top-level-definition,2,"[5,13]",DWF_PTS;XMACH1_PTS,22,"[-15.0,2.5]",-1.071e-06,
CRWF2_table,CRWF2_table,CRWF2,,top-level-definition,2,"[5,13]",DWF_PTS;XMACH1_PTS,23,"[-15.0,3.0]",-2.2772e-06,
CRWF2_table,CRWF2_table,CRWF2,,top-level-definition,2,"[5,13]",DWF_PTS;XMACH1_PTS,24,"[-15.0,3.5]",-4.9245e-06,
CRWF2_table,CRWF2_table,CRWF2,,top-level-definition,2,"[5,13]",DWF_PTS;XMACH1_PTS,25,"[-15.0,4.0]",-7.2971e-06,
CRWF2_table,CRWF2_table,CRWF2,,top-level-definition,2,"[5,13]",DWF_PTS;XMACH1_PTS,26,"[0.0,0.3]",0.0,
CRWF2_table,CRWF2_table,CRWF2,,top-level-definition,2,"[5,13]",DWF_PTS;XMACH1_PTS,27,"[0.0,0.6]",0.0,
CRWF2_table,CRWF2_table,CRWF2,,top-level-definition,2,"[5,13]",DWF_PTS;XMACH1_PTS,28,"[0.0,0.8]",0.0,
CRWF2_table,CRWF2_table,CRWF2,,top-level-definition,2,"[5,13]",DWF_PTS;XMACH1_PTS,29,"[0.0,0.9]",0.0,
CRWF2_table,CRWF2_table,CRWF2,,top-level-definition,2,"[5,13]",DWF_PTS;XMACH1_PTS,30,"[0.0,0.95]",0.0,
CRWF2_table,CRWF2_table,CRWF2,,top-level-definition,2,"[5,13]",DWF_PTS;XMACH1_PTS,31,"[0.0,1.1]",0.0,
CRWF2_table,CRWF2_table,CRWF2,,top-level-definition,2,"[5,13]",DWF_PTS;XMACH1_PTS,32,"[0.0,1.2]",0.0,
CRWF2_table,CRWF2_table,CRWF2,,top-level-definition,2,"[5,13]",DWF_PTS;XMACH1_PTS,33,"[0.0,1.6]",0.0,
CRWF2_table,CRWF2_table,CRWF2,,top-level-definition,2,"[5,13]",DWF_PTS;XMACH1_PTS,34,"[0.0,2.0]",0.0,
CRWF2_table,CRWF2_table,CRWF2,,top-level-definition,2,"[5,13]",DWF_PTS;XMACH1_PTS,35,"[0.0,2.5]",0.0,
CRWF2_table,CRWF2_table,CRWF2,,top-level-definition,2,"[5,13]",DWF_PTS;XMACH1_PTS,36,"[0.0,3.0]",0.0,
CRWF2_table,CRWF2_table,CRWF2,,top-level-definition,2,"[5,13]",DWF_PTS;XMACH1_PTS,37,"[0.0,3.5]",0.0,
CRWF2_table,CRWF2_table,CRWF2,,top-level-definition,2,"[5,13]",DWF_PTS;XMACH1_PTS,38,"[0.0,4.0]",0.0,
CRWF2_table,CRWF2_table,CRWF2,,top-level-definition,2,"[5,13]",DWF_PTS;XMACH1_PTS,39,"[15.0,0.3]",1.5658e-05,
CRWF2_table,CRWF2_table,CRWF2,,top-level-definition,2,"[5,13]",DWF_PTS;XMACH1_PTS,40,"[15.0,0.6]",2.3044e-05,
CRWF2_table,CRWF2_table,CRWF2,,top-level-definition,2,"[5,13]",DWF_PTS;XMACH1_PTS,41,"[15.0,0.8]",2.0483e-05,
CRWF2_table,CRWF2_table,CRWF2,,top-level-definition,2,"[5,13]",DWF_PTS;XMACH1_PTS,42,"[15.0,0.9]",1.2802e-05,
CRWF2_table,CRWF2_table,CRWF2,,top-level-definition,2,"[5,13]",DWF_PTS;XMACH1_PTS,43,"[15.0,0.95]",2.0483e-05,
CRWF2_table,CRWF2_table,CRWF2,,top-level-definition,2,"[5,13]",DWF_PTS;XMACH1_PTS,44,"[15.0,1.1]",8.7656e-06,
CRWF2_table,CRWF2_table,CRWF2,,top-level-definition,2,"[5,13]",DWF_PTS;XMACH1_PTS,45,"[15.0,1.2]",9.4862e-07,
CRWF2_table,CRWF2_table,CRWF2,,top-level-definition,2,"[5,13]",DWF_PTS;XMACH1_PTS,46,"[15.0,1.6]",-3.0309e-05,
CRWF2_table,CRWF2_table,CRWF2,,top-level-definition,2,"[5,13]",DWF_PTS;XMACH1_PTS,47,"[15.0,2.0]",5.0917e-06,
CRWF2_table,CRWF2_table,CRWF2,,top-level-definition,2,"[5,13]",DWF_PTS;XMACH1_PTS,48,"[15.0,2.5]",1.328e-06,
CRWF2_table,CRWF2_table,CRWF2,,top-level-definition,2,"[5,13]",DWF_PTS;XMACH1_PTS,49,"[15.0,3.0]",2.975e-06,
CRWF2_table,CRWF2_table,CRWF2,,top-level-definition,2,"[5,13]",DWF_PTS;XMACH1_PTS,50,"[15.0,3.5]",4.8504e-06,
CRWF2_table,CRWF2_table,CRWF2,,top-level-definition,2,"[5,13]",DWF_PTS;XMACH1_PTS,51,"[15.0,4.0]",6.8595e-06,
CRWF2_table,CRWF2_table,CRWF2,,top-level-definition,2,"[5,13]",DWF_PTS;XMACH1_PTS,52,"[30.0,0.3]",-0.00025466,
CRWF2_table,CRWF2_table,CRWF2,,top-level-definition,2,"[5,13]",DWF_PTS;XMACH1_PTS,53,"[30.0,0.6]",-0.0003748,
CRWF2_table,CRWF2_table,CRWF2,,top-level-definition,2,"[5,13]",DWF_PTS;XMACH1_PTS,54,"[30.0,0.8]",-0.00033315,
CRWF2_table,CRWF2_table,CRWF2,,top-level-definition,2,"[5,13]",DWF_PTS;XMACH1_PTS,55,"[30.0,0.9]",-0.00020822,
CRWF2_table,CRWF2_table,CRWF2,,top-level-definition,2,"[5,13]",DWF_PTS;XMACH1_PTS,56,"[30.0,0.95]",-0.00033315,
CRWF2_table,CRWF2_table,CRWF2,,top-level-definition,2,"[5,13]",DWF_PTS;XMACH1_PTS,57,"[30.0,1.1]",-0.00026169,
CRWF2_table,CRWF2_table,CRWF2,,top-level-definition,2,"[5,13]",DWF_PTS;XMACH1_PTS,58,"[30.0,1.2]",-0.00021402,
CRWF2_table,CRWF2_table,CRWF2,,top-level-definition,2,"[5,13]",DWF_PTS;XMACH1_PTS,59,"[30.0,1.6]",-2.3395e-05,
CRWF2_table,CRWF2_table,CRWF2,,top-level-definition,2,"[5,13]",DWF_PTS;XMACH1_PTS,60,"[30.0,2.0]",2.9545e-06,
CRWF2_table,CRWF2_table,CRWF2,,top-level-definition,2,"[5,13]",DWF_PTS;XMACH1_PTS,61,"[30.0,2.5]",4.6389e-07,
CRWF2_table,CRWF2_table,CRWF2,,top-level-definition,2,"[5,13]",DWF_PTS;XMACH1_PTS,62,"[30.0,3.0]",6.0903e-06,
CRWF2_table,CRWF2_table,CRWF2,,top-level-definition,2,"[5,13]",DWF_PTS;XMACH1_PTS,63,"[30.0,3.5]",7.6938e-06,
CRWF2_table,CRWF2_table,CRWF2,,top-level-definition,2,"[5,13]",DWF_PTS;XMACH1_PTS,64,"[30.0,4.0]",1.1292e-05,
CRWF3_table,CRWF3_table,CRWF3,,top-level-definition,2,"[5,13]",DWF_PTS;XMACH1_PTS,0,"[-30.0,0.3]",1.6116e-07,
CRWF3_table,CRWF3_table,CRWF3,,top-level-definition,2,"[5,13]",DWF_PTS;XMACH1_PTS,1,"[-30.0,0.6]",1.7064e-07,
CRWF3_table,CRWF3_table,CRWF3,,top-level-definition,2,"[5,13]",DWF_PTS;XMACH1_PTS,2,"[-30.0,0.8]",1.9908e-07,
CRWF3_table,CRWF3_table,CRWF3,,top-level-definition,2,"[5,13]",DWF_PTS;XMACH1_PTS,3,"[-30.0,0.9]",2.0856e-07,
CRWF3_table,CRWF3_table,CRWF3,,top-level-definition,2,"[5,13]",DWF_PTS;XMACH1_PTS,4,"[-30.0,0.95]",1.659e-07,
CRWF3_table,CRWF3_table,CRWF3,,top-level-definition,2,"[5,13]",DWF_PTS;XMACH1_PTS,5,"[-30.0,1.1]",-1.3944e-06,
CRWF3_table,CRWF3_table,CRWF3,,top-level-definition,2,"[5,13]",DWF_PTS;XMACH1_PTS,6,"[-30.0,1.2]",-2.4353e-06,
CRWF3_table,CRWF3_table,CRWF3,,top-level-definition,2,"[5,13]",DWF_PTS;XMACH1_PTS,7,"[-30.0,1.6]",-6.5974e-06,
CRWF3_table,CRWF3_table,CRWF3,,top-level-definition,2,"[5,13]",DWF_PTS;XMACH1_PTS,8,"[-30.0,2.0]",-1.5594e-07,
CRWF3_table,CRWF3_table,CRWF3,,top-level-definition,2,"[5,13]",DWF_PTS;XMACH1_PTS,9,"[-30.0,2.5]",-4.831e-07,
CRWF3_table,CRWF3_table,CRWF3,,top-level-definition,2,"[5,13]",DWF_PTS;XMACH1_PTS,10,"[-30.0,3.0]",2.5306e-09,
CRWF3_table,CRWF3_table,CRWF3,,top-level-definition,2,"[5,13]",DWF_PTS;XMACH1_PTS,11,"[-30.0,3.5]",1.7855e-07,
CRWF3_table,CRWF3_table,CRWF3,,top-level-definition,2,"[5,13]",DWF_PTS;XMACH1_PTS,12,"[-30.0,4.0]",2.5622e-07,
CRWF3_table,CRWF3_table,CRWF3,,top-level-definition,2,"[5,13]",DWF_PTS;XMACH1_PTS,13,"[-15.0,0.3]",2.0606e-06,
CRWF3_table,CRWF3_table,CRWF3,,top-level-definition,2,"[5,13]",DWF_PTS;XMACH1_PTS,14,"[-15.0,0.6]",2.1818e-06,
CRWF3_table,CRWF3_table,CRWF3,,top-level-definition,2,"[5,13]",DWF_PTS;XMACH1_PTS,15,"[-15.0,0.8]",2.5455e-06,
CRWF3_table,CRWF3_table,CRWF3,,top-level-definition,2,"[5,13]",DWF_PTS;XMACH1_PTS,16,"[-15.0,0.9]",2.6667e-06,
CRWF3_table,CRWF3_table,CRWF3,,top-level-definition,2,"[5,13]",DWF_PTS;XMACH1_PTS,17,"[-15.0,0.95]",2.1212e-06,
CRWF3_table,CRWF3_table,CRWF3,,top-level-definition,2,"[5,13]",DWF_PTS;XMACH1_PTS,18,"[-15.0,1.1]",1.4675e-06,
CRWF3_table,CRWF3_table,CRWF3,,top-level-definition,2,"[5,13]",DWF_PTS;XMACH1_PTS,19,"[-15.0,1.2]",1.0315e-06,
CRWF3_table,CRWF3_table,CRWF3,,top-level-definition,2,"[5,13]",DWF_PTS;XMACH1_PTS,20,"[-15.0,1.6]",-7.1224e-07,
CRWF3_table,CRWF3_table,CRWF3,,top-level-definition,2,"[5,13]",DWF_PTS;XMACH1_PTS,21,"[-15.0,2.0]",-4.4725e-07,
CRWF3_table,CRWF3_table,CRWF3,,top-level-definition,2,"[5,13]",DWF_PTS;XMACH1_PTS,22,"[-15.0,2.5]",-8.6989e-08,
CRWF3_table,CRWF3_table,CRWF3,,top-level-definition,2,"[5,13]",DWF_PTS;XMACH1_PTS,23,"[-15.0,3.0]",-1.8418e-08,
CRWF3_table,CRWF3_table,CRWF3,,top-level-definition,2,"[5,13]",DWF_PTS;XMACH1_PTS,24,"[-15.0,3.5]",4.0177e-08,
CRWF3_table,CRWF3_table,CRWF3,,top-level-definition,2,"[5,13]",DWF_PTS;XMACH1_PTS,25,"[-15.0,4.0]",8.537e-08,
CRWF3_table,CRWF3_table,CRWF3,,top-level-definition,2,"[5,13]",DWF_PTS;XMACH1_PTS,26,"[0.0,0.3]",0.0,
CRWF3_table,CRWF3_table,CRWF3,,top-level-definition,2,"[5,13]",DWF_PTS;XMACH1_PTS,27,"[0.0,0.6]",0.0,
CRWF3_table,CRWF3_table,CRWF3,,top-level-definition,2,"[5,13]",DWF_PTS;XMACH1_PTS,28,"[0.0,0.8]",0.0,
CRWF3_table,CRWF3_table,CRWF3,,top-level-definition,2,"[5,13]",DWF_PTS;XMACH1_PTS,29,"[0.0,0.9]",0.0,
CRWF3_table,CRWF3_table,CRWF3,,top-level-definition,2,"[5,13]",DWF_PTS;XMACH1_PTS,30,"[0.0,0.95]",0.0,
CRWF3_table,CRWF3_table,CRWF3,,top-level-definition,2,"[5,13]",DWF_PTS;XMACH1_PTS,31,"[0.0,1.1]",0.0,
CRWF3_table,CRWF3_table,CRWF3,,top-level-definition,2,"[5,13]",DWF_PTS;XMACH1_PTS,32,"[0.0,1.2]",0.0,
CRWF3_table,CRWF3_table,CRWF3,,top-level-definition,2,"[5,13]",DWF_PTS;XMACH1_PTS,33,"[0.0,1.6]",0.0,
CRWF3_table,CRWF3_table,CRWF3,,top-level-definition,2,"[5,13]",DWF_PTS;XMACH1_PTS,34,"[0.0,2.0]",0.0,
CRWF3_table,CRWF3_table,CRWF3,,top-level-definition,2,"[5,13]",DWF_PTS;XMACH1_PTS,35,"[0.0,2.5]",0.0,
CRWF3_table,CRWF3_table,CRWF3,,top-level-definition,2,"[5,13]",DWF_PTS;XMACH1_PTS,36,"[0.0,3.0]",0.0,
CRWF3_table,CRWF3_table,CRWF3,,top-level-definition,2,"[5,13]",DWF_PTS;XMACH1_PTS,37,"[0.0,3.5]",0.0,
CRWF3_table,CRWF3_table,CRWF3,,top-level-definition,2,"[5,13]",DWF_PTS;XMACH1_PTS,38,"[0.0,4.0]",0.0,
CRWF3_table,CRWF3_table,CRWF3,,top-level-definition,2,"[5,13]",DWF_PTS;XMACH1_PTS,39,"[15.0,0.3]",-1.2039e-06,
CRWF3_table,CRWF3_table,CRWF3,,top-level-definition,2,"[5,13]",DWF_PTS;XMACH1_PTS,40,"[15.0,0.6]",-1.7719e-06,
CRWF3_table,CRWF3_table,CRWF3,,top-level-definition,2,"[5,13]",DWF_PTS;XMACH1_PTS,41,"[15.0,0.8]",-1.575e-06,
CRWF3_table,CRWF3_table,CRWF3,,top-level-definition,2,"[5,13]",DWF_PTS;XMACH1_PTS,42,"[15.0,0.9]",-9.8437e-07,
CRWF3_table,CRWF3_table,CRWF3,,top-level-definition,2,"[5,13]",DWF_PTS;XMACH1_PTS,43,"[15.0,0.95]",-1.575e-06,
CRWF3_table,CRWF3_table,CRWF3,,top-level-definition,2,"[5,13]",DWF_PTS;XMACH1_PTS,44,"[15.0,1.1]",-8.9091e-07,
CRWF3_table,CRWF3_table,CRWF3,,top-level-definition,2,"[5,13]",DWF_PTS;XMACH1_PTS,45,"[15.0,1.2]",-4.3456e-07,
CRWF3_table,CRWF3_table,CRWF3,,top-level-definition,2,"[5,13]",DWF_PTS;XMACH1_PTS,46,"[15.0,1.6]",1.3902e-06,
CRWF3_table,CRWF3_table,CRWF3,,top-level-definition,2,"[5,13]",DWF_PTS;XMACH1_PTS,47,"[15.0,2.0]",-1.3573e-07,
CRWF3_table,CRWF3_table,CRWF3,,top-level-definition,2,"[5,13]",DWF_PTS;XMACH1_PTS,48,"[15.0,2.5]",-1.2387e-07,
CRWF3_table,CRWF3_table,CRWF3,,top-level-definition,2,"[5,13]",DWF_PTS;XMACH1_PTS,49,"[15.0,3.0]",-6.3591e-08,
CRWF3_table,CRWF3_table,CRWF3,,top-level-definition,2,"[5,13]",DWF_PTS;XMACH1_PTS,50,"[15.0,3.5]",-1.0028e-07,
CRWF3_table,CRWF3_table,CRWF3,,top-level-definition,2,"[5,13]",DWF_PTS;XMACH1_PTS,51,"[15.0,4.0]",-1.3677e-07,
CRWF3_table,CRWF3_table,CRWF3,,top-level-definition,2,"[5,13]",DWF_PTS;XMACH1_PTS,52,"[30.0,0.3]",3.4674e-06,
CRWF3_table,CRWF3_table,CRWF3,,top-level-definition,2,"[5,13]",DWF_PTS;XMACH1_PTS,53,"[30.0,0.6]",5.1031e-06,
CRWF3_table,CRWF3_table,CRWF3,,top-level-definition,2,"[5,13]",DWF_PTS;XMACH1_PTS,54,"[30.0,0.8]",4.5361e-06,
CRWF3_table,CRWF3_table,CRWF3,,top-level-definition,2,"[5,13]",DWF_PTS;XMACH1_PTS,55,"[30.0,0.9]",2.8351e-06,
CRWF3_table,CRWF3_table,CRWF3,,top-level-definition,2,"[5,13]",DWF_PTS;XMACH1_PTS,56,"[30.0,0.95]",4.5361e-06,
CRWF3_table,CRWF3_table,CRWF3,,top-level-definition,2,"[5,13]",DWF_PTS;XMACH1_PTS,57,"[30.0,1.1]",3.6973e-06,
CRWF3_table,CRWF3_table,CRWF3,,top-level-definition,2,"[5,13]",DWF_PTS;XMACH1_PTS,58,"[30.0,1.2]",3.1377e-06,
CRWF3_table,CRWF3_table,CRWF3,,top-level-definition,2,"[5,13]",DWF_PTS;XMACH1_PTS,59,"[30.0,1.6]",9.0005e-07,
CRWF3_table,CRWF3_table,CRWF3,,top-level-definition,2,"[5,13]",DWF_PTS;XMACH1_PTS,60,"[30.0,2.0]",-1.7028e-07,
CRWF3_table,CRWF3_table,CRWF3,,top-level-definition,2,"[5,13]",DWF_PTS;XMACH1_PTS,61,"[30.0,2.5]",-7.1705e-08,
CRWF3_table,CRWF3_table,CRWF3,,top-level-definition,2,"[5,13]",DWF_PTS;XMACH1_PTS,62,"[30.0,3.0]",-1.5883e-07,
CRWF3_table,CRWF3_table,CRWF3,,top-level-definition,2,"[5,13]",DWF_PTS;XMACH1_PTS,63,"[30.0,3.5]",-1.8701e-07,
CRWF3_table,CRWF3_table,CRWF3,,top-level-definition,2,"[5,13]",DWF_PTS;XMACH1_PTS,64,"[30.0,4.0]",-2.6728e-07,
gridded-table-0073,,ALPHA_MAX_LIM_table,ALPHA_MAX_LIMIT_fn,inline-function,1,[7],ALPHA_LIM_MACH_PTS,0,[-10.0],26.0,
gridded-table-0073,,ALPHA_MAX_LIM_table,ALPHA_MAX_LIMIT_fn,inline-function,1,[7],ALPHA_LIM_MACH_PTS,1,[0.0],26.0,
gridded-table-0073,,ALPHA_MAX_LIM_table,ALPHA_MAX_LIMIT_fn,inline-function,1,[7],ALPHA_LIM_MACH_PTS,2,[1.009],26.0,
gridded-table-0073,,ALPHA_MAX_LIM_table,ALPHA_MAX_LIMIT_fn,inline-function,1,[7],ALPHA_LIM_MACH_PTS,3,[1.1],15.0,
gridded-table-0073,,ALPHA_MAX_LIM_table,ALPHA_MAX_LIMIT_fn,inline-function,1,[7],ALPHA_LIM_MACH_PTS,4,[1.6],15.0,
gridded-table-0073,,ALPHA_MAX_LIM_table,ALPHA_MAX_LIMIT_fn,inline-function,1,[7],ALPHA_LIM_MACH_PTS,5,[3.0],30.0,
gridded-table-0073,,ALPHA_MAX_LIM_table,ALPHA_MAX_LIMIT_fn,inline-function,1,[7],ALPHA_LIM_MACH_PTS,6,[20.0],30.0,
gridded-table-0074,,CL0A0_table,CL0A0_fn,inline-function,1,[13],XMACH1_PTS,0,[0.3],-0.053627,
gridded-table-0074,,CL0A0_table,CL0A0_fn,inline-function,1,[13],XMACH1_PTS,1,[0.6],-0.057275,
gridded-table-0074,,CL0A0_table,CL0A0_fn,inline-function,1,[13],XMACH1_PTS,2,[0.8],-0.073425,
gridded-table-0074,,CL0A0_table,CL0A0_fn,inline-function,1,[13],XMACH1_PTS,3,[0.9],-0.079696,
gridded-table-0074,,CL0A0_table,CL0A0_fn,inline-function,1,[13],XMACH1_PTS,4,[0.95],-0.07883,
gridded-table-0074,,CL0A0_table,CL0A0_fn,inline-function,1,[13],XMACH1_PTS,5,[1.1],-0.08042,
gridded-table-0074,,CL0A0_table,CL0A0_fn,inline-function,1,[13],XMACH1_PTS,6,[1.2],-0.044418,
gridded-table-0074,,CL0A0_table,CL0A0_fn,inline-function,1,[13],XMACH1_PTS,7,[1.6],-0.011257,
gridded-table-0074,,CL0A0_table,CL0A0_fn,inline-function,1,[13],XMACH1_PTS,8,[2.0],-0.015098,
gridded-table-0074,,CL0A0_table,CL0A0_fn,inline-function,1,[13],XMACH1_PTS,9,[2.5],-0.022501,
gridded-table-0074,,CL0A0_table,CL0A0_fn,inline-function,1,[13],XMACH1_PTS,10,[3.0],-0.026367,
gridded-table-0074,,CL0A0_table,CL0A0_fn,inline-function,1,[13],XMACH1_PTS,11,[3.5],-0.029176,
gridded-table-0074,,CL0A0_table,CL0A0_fn,inline-function,1,[13],XMACH1_PTS,12,[4.0],-0.031811,
gridded-table-0075,,CL0A1_table,CL0A1_fn,inline-function,1,[13],XMACH1_PTS,0,[0.3],0.036236,
gridded-table-0075,,CL0A1_table,CL0A1_fn,inline-function,1,[13],XMACH1_PTS,1,[0.6],0.038033,
gridded-table-0075,,CL0A1_table,CL0A1_fn,inline-function,1,[13],XMACH1_PTS,2,[0.8],0.043347,
gridded-table-0075,,CL0A1_table,CL0A1_fn,inline-function,1,[13],XMACH1_PTS,3,[0.9],0.048235,
gridded-table-0075,,CL0A1_table,CL0A1_fn,inline-function,1,[13],XMACH1_PTS,4,[0.95],0.047794,
gridded-table-0075,,CL0A1_table,CL0A1_fn,inline-function,1,[13],XMACH1_PTS,5,[1.1],0.054653,
gridded-table-0075,,CL0A1_table,CL0A1_fn,inline-function,1,[13],XMACH1_PTS,6,[1.2],0.05304,
gridded-table-0075,,CL0A1_table,CL0A1_fn,inline-function,1,[13],XMACH1_PTS,7,[1.6],0.041426,
gridded-table-0075,,CL0A1_table,CL0A1_fn,inline-function,1,[13],XMACH1_PTS,8,[2.0],0.031575,
gridded-table-0075,,CL0A1_table,CL0A1_fn,inline-function,1,[13],XMACH1_PTS,9,[2.5],0.025326,
gridded-table-0075,,CL0A1_table,CL0A1_fn,inline-function,1,[13],XMACH1_PTS,10,[3.0],0.019838,
gridded-table-0075,,CL0A1_table,CL0A1_fn,inline-function,1,[13],XMACH1_PTS,11,[3.5],0.017125,
gridded-table-0075,,CL0A1_table,CL0A1_fn,inline-function,1,[13],XMACH1_PTS,12,[4.0],0.014809,
gridded-table-0076,,CL0A2_table,CL0A2_fn,inline-function,1,[13],XMACH1_PTS,0,[0.3],0.0001606,
gridded-table-0076,,CL0A2_table,CL0A2_fn,inline-function,1,[13],XMACH1_PTS,1,[0.6],0.00035047,
gridded-table-0076,,CL0A2_table,CL0A2_fn,inline-function,1,[13],XMACH1_PTS,2,[0.8],0.00012122,
gridded-table-0076,,CL0A2_table,CL0A2_fn,inline-function,1,[13],XMACH1_PTS,3,[0.9],-0.00025581,
gridded-table-0076,,CL0A2_table,CL0A2_fn,inline-function,1,[13],XMACH1_PTS,4,[0.95],-7.8668e-05,
gridded-table-0076,,CL0A2_table,CL0A2_fn,inline-function,1,[13],XMACH1_PTS,5,[1.1],-0.00074764,
gridded-table-0076,,CL0A2_table,CL0A2_fn,inline-function,1,[13],XMACH1_PTS,6,[1.2],-0.00089926,
gridded-table-0076,,CL0A2_table,CL0A2_fn,inline-function,1,[13],XMACH1_PTS,7,[1.6],-0.00081475,
gridded-table-0076,,CL0A2_table,CL0A2_fn,inline-function,1,[13],XMACH1_PTS,8,[2.0],-0.00042347,
gridded-table-0076,,CL0A2_table,CL0A2_fn,inline-function,1,[13],XMACH1_PTS,9,[2.5],-0.00016902,
gridded-table-0076,,CL0A2_table,CL0A2_fn,inline-function,1,[13],XMACH1_PTS,10,[3.0],5.4004e-05,
gridded-table-0076,,CL0A2_table,CL0A2_fn,inline-function,1,[13],XMACH1_PTS,11,[3.5],6.2657e-05,
gridded-table-0076,,CL0A2_table,CL0A2_fn,inline-function,1,[13],XMACH1_PTS,12,[4.0],0.0001465,
gridded-table-0077,,CL0A3_table,CL0A3_fn,inline-function,1,[13],XMACH1_PTS,0,[0.3],-6.5196e-06,
gridded-table-0077,,CL0A3_table,CL0A3_fn,inline-function,1,[13],XMACH1_PTS,1,[0.6],-1.8509e-05,
gridded-table-0077,,CL0A3_table,CL0A3_fn,inline-function,1,[13],XMACH1_PTS,2,[0.8],-1.5927e-05,
gridded-table-0077,,CL0A3_table,CL0A3_fn,inline-function,1,[13],XMACH1_PTS,3,[0.9],-7.6994e-06,
gridded-table-0077,,CL0A3_table,CL0A3_fn,inline-function,1,[13],XMACH1_PTS,4,[0.95],-1.3045e-05,
gridded-table-0077,,CL0A3_table,CL0A3_fn,inline-function,1,[13],XMACH1_PTS,5,[1.1],3.5017e-06,
gridded-table-0077,,CL0A3_table,CL0A3_fn,inline-function,1,[13],XMACH1_PTS,6,[1.2],8.105e-06,
gridded-table-0077,,CL0A3_table,CL0A3_fn,inline-function,1,[13],XMACH1_PTS,7,[1.6],1.5473e-05,
gridded-table-0077,,CL0A3_table,CL0A3_fn,inline-function,1,[13],XMACH1_PTS,8,[2.0],9.3187e-06,
gridded-table-0077,,CL0A3_table,CL0A3_fn,inline-function,1,[13],XMACH1_PTS,9,[2.5],4.3368e-06,
gridded-table-0077,,CL0A3_table,CL0A3_fn,inline-function,1,[13],XMACH1_PTS,10,[3.0],-7.4887e-10,
gridded-table-0077,,CL0A3_table,CL0A3_fn,inline-function,1,[13],XMACH1_PTS,11,[3.5],1.6984e-06,
gridded-table-0077,,CL0A3_table,CL0A3_fn,inline-function,1,[13],XMACH1_PTS,12,[4.0],6.8917e-07,
gridded-table-0078,,CD0A0_table,CD0A0_fn,inline-function,1,[13],XMACH1_PTS,0,[0.3],0.052497,
gridded-table-0078,,CD0A0_table,CD0A0_fn,inline-function,1,[13],XMACH1_PTS,1,[0.6],0.057938,
gridded-table-0078,,CD0A0_table,CD0A0_fn,inline-function,1,[13],XMACH1_PTS,2,[0.8],0.060114,
gridded-table-0078,,CD0A0_table,CD0A0_fn,inline-function,1,[13],XMACH1_PTS,3,[0.9],0.075138,
gridded-table-0078,,CD0A0_table,CD0A0_fn,inline-function,1,[13],XMACH1_PTS,4,[0.95],0.086848,
gridded-table-0078,,CD0A0_table,CD0A0_fn,inline-function,1,[13],XMACH1_PTS,5,[1.1],0.15715,
gridded-table-0078,,CD0A0_table,CD0A0_fn,inline-function,1,[13],XMACH1_PTS,6,[1.2],0.15882,
gridded-table-0078,,CD0A0_table,CD0A0_fn,inline-function,1,[13],XMACH1_PTS,7,[1.6],0.14629,
gridded-table-0078,,CD0A0_table,CD0A0_fn,inline-function,1,[13],XMACH1_PTS,8,[2.0],0.13571,
gridded-table-0078,,CD0A0_table,CD0A0_fn,inline-function,1,[13],XMACH1_PTS,9,[2.5],0.12507,
gridded-table-0078,,CD0A0_table,CD0A0_fn,inline-function,1,[13],XMACH1_PTS,10,[3.0],0.11655,
gridded-table-0078,,CD0A0_table,CD0A0_fn,inline-function,1,[13],XMACH1_PTS,11,[3.5],0.10811,
gridded-table-0078,,CD0A0_table,CD0A0_fn,inline-function,1,[13],XMACH1_PTS,12,[4.0],0.10326,
gridded-table-0079,,CD0A1_table,CD0A1_fn,inline-function,1,[13],XMACH1_PTS,0,[0.3],-0.00094928,
gridded-table-0079,,CD0A1_table,CD0A1_fn,inline-function,1,[13],XMACH1_PTS,1,[0.6],-0.0018023,
gridded-table-0079,,CD0A1_table,CD0A1_fn,inline-function,1,[13],XMACH1_PTS,2,[0.8],-0.002439,
gridded-table-0079,,CD0A1_table,CD0A1_fn,inline-function,1,[13],XMACH1_PTS,3,[0.9],-0.0019735,
gridded-table-0079,,CD0A1_table,CD0A1_fn,inline-function,1,[13],XMACH1_PTS,4,[0.95],-0.0027646,
gridded-table-0079,,CD0A1_table,CD0A1_fn,inline-function,1,[13],XMACH1_PTS,5,[1.1],-0.0022457,
gridded-table-0079,,CD0A1_table,CD0A1_fn,inline-function,1,[13],XMACH1_PTS,6,[1.2],-0.0023765,
gridded-table-0079,,CD0A1_table,CD0A1_fn,inline-function,1,[13],XMACH1_PTS,7,[1.6],-0.0023102,
gridded-table-0079,,CD0A1_table,CD0A1_fn,inline-function,1,[13],XMACH1_PTS,8,[2.0],-0.0014175,
gridded-table-0079,,CD0A1_table,CD0A1_fn,inline-function,1,[13],XMACH1_PTS,9,[2.5],-0.0016493,
gridded-table-0079,,CD0A1_table,CD0A1_fn,inline-function,1,[13],XMACH1_PTS,10,[3.0],-0.0015753,
gridded-table-0079,,CD0A1_table,CD0A1_fn,inline-function,1,[13],XMACH1_PTS,11,[3.5],-0.0015118,
gridded-table-0079,,CD0A1_table,CD0A1_fn,inline-function,1,[13],XMACH1_PTS,12,[4.0],-0.0015572,
gridded-table-0080,,CD0A2_table,CD0A2_fn,inline-function,1,[13],XMACH1_PTS,0,[0.3],0.00025082,
gridded-table-0080,,CD0A2_table,CD0A2_fn,inline-function,1,[13],XMACH1_PTS,1,[0.6],0.00057369,
gridded-table-0080,,CD0A2_table,CD0A2_fn,inline-function,1,[13],XMACH1_PTS,2,[0.8],0.00080564,
gridded-table-0080,,CD0A2_table,CD0A2_fn,inline-function,1,[13],XMACH1_PTS,3,[0.9],0.00080452,
gridded-table-0080,,CD0A2_table,CD0A2_fn,inline-function,1,[13],XMACH1_PTS,4,[0.95],0.0010117,
gridded-table-0080,,CD0A2_table,CD0A2_fn,inline-function,1,[13],XMACH1_PTS,5,[1.1],0.0008614,
gridded-table-0080,,CD0A2_table,CD0A2_fn,inline-function,1,[13],XMACH1_PTS,6,[1.2],0.00086128,
gridded-table-0080,,CD0A2_table,CD0A2_fn,inline-function,1,[13],XMACH1_PTS,7,[1.6],0.00093921,
gridded-table-0080,,CD0A2_table,CD0A2_fn,inline-function,1,[13],XMACH1_PTS,8,[2.0],0.00058796,
gridded-table-0080,,CD0A2_table,CD0A2_fn,inline-function,1,[13],XMACH1_PTS,9,[2.5],0.00045005,
gridded-table-0080,,CD0A2_table,CD0A2_fn,inline-function,1,[13],XMACH1_PTS,10,[3.0],0.00036589,
gridded-table-0080,,CD0A2_table,CD0A2_fn,inline-function,1,[13],XMACH1_PTS,11,[3.5],0.00029883,
gridded-table-0080,,CD0A2_table,CD0A2_fn,inline-function,1,[13],XMACH1_PTS,12,[4.0],0.00027385,
gridded-table-0081,,CD0A3_table,CD0A3_fn,inline-function,1,[13],XMACH1_PTS,0,[0.3],7.4058e-06,
gridded-table-0081,,CD0A3_table,CD0A3_fn,inline-function,1,[13],XMACH1_PTS,1,[0.6],-2.6238e-06,
gridded-table-0081,,CD0A3_table,CD0A3_fn,inline-function,1,[13],XMACH1_PTS,2,[0.8],-8.387e-06,
gridded-table-0081,,CD0A3_table,CD0A3_fn,inline-function,1,[13],XMACH1_PTS,3,[0.9],-7.4729e-06,
gridded-table-0081,,CD0A3_table,CD0A3_fn,inline-function,1,[13],XMACH1_PTS,4,[0.95],-1.3205e-05,
gridded-table-0081,,CD0A3_table,CD0A3_fn,inline-function,1,[13],XMACH1_PTS,5,[1.1],-6.9411e-06,
gridded-table-0081,,CD0A3_table,CD0A3_fn,inline-function,1,[13],XMACH1_PTS,6,[1.2],-7.3481e-06,
gridded-table-0081,,CD0A3_table,CD0A3_fn,inline-function,1,[13],XMACH1_PTS,7,[1.6],-1.5616e-05,
gridded-table-0081,,CD0A3_table,CD0A3_fn,inline-function,1,[13],XMACH1_PTS,8,[2.0],-3.6904e-06,
gridded-table-0081,,CD0A3_table,CD0A3_fn,inline-function,1,[13],XMACH1_PTS,9,[2.5],6.8132e-07,
gridded-table-0081,,CD0A3_table,CD0A3_fn,inline-function,1,[13],XMACH1_PTS,10,[3.0],2.3178e-06,
gridded-table-0081,,CD0A3_table,CD0A3_fn,inline-function,1,[13],XMACH1_PTS,11,[3.5],4.1193e-06,
gridded-table-0081,,CD0A3_table,CD0A3_fn,inline-function,1,[13],XMACH1_PTS,12,[4.0],4.5854e-06,
gridded-table-0082,,CM0A0_table,CM0A0_fn,inline-function,1,[13],XMACH1_PTS,0,[0.3],0.013877,
gridded-table-0082,,CM0A0_table,CM0A0_fn,inline-function,1,[13],XMACH1_PTS,1,[0.6],0.017416,
gridded-table-0082,,CM0A0_table,CM0A0_fn,inline-function,1,[13],XMACH1_PTS,2,[0.8],0.025129,
gridded-table-0082,,CM0A0_table,CM0A0_fn,inline-function,1,[13],XMACH1_PTS,3,[0.9],0.029294,
gridded-table-0082,,CM0A0_table,CM0A0_fn,inline-function,1,[13],XMACH1_PTS,4,[0.95],0.032391,
gridded-table-0082,,CM0A0_table,CM0A0_fn,inline-function,1,[13],XMACH1_PTS,5,[1.1],0.035408,
gridded-table-0082,,CM0A0_table,CM0A0_fn,inline-function,1,[13],XMACH1_PTS,6,[1.2],0.01968,
gridded-table-0082,,CM0A0_table,CM0A0_fn,inline-function,1,[13],XMACH1_PTS,7,[1.6],-0.00072872,
gridded-table-0082,,CM0A0_table,CM0A0_fn,inline-function,1,[13],XMACH1_PTS,8,[2.0],-0.0023853,
gridded-table-0082,,CM0A0_table,CM0A0_fn,inline-function,1,[13],XMACH1_PTS,9,[2.5],0.00063019,
gridded-table-0082,,CM0A0_table,CM0A0_fn,inline-function,1,[13],XMACH1_PTS,10,[3.0],0.0036321,
gridded-table-0082,,CM0A0_table,CM0A0_fn,inline-function,1,[13],XMACH1_PTS,11,[3.5],0.005663,
gridded-table-0082,,CM0A0_table,CM0A0_fn,inline-function,1,[13],XMACH1_PTS,12,[4.0],0.0073127,
gridded-table-0083,,CM0A1_table,CM0A1_fn,inline-function,1,[13],XMACH1_PTS,0,[0.3],-0.001669,
gridded-table-0083,,CM0A1_table,CM0A1_fn,inline-function,1,[13],XMACH1_PTS,1,[0.6],-0.0019652,
gridded-table-0083,,CM0A1_table,CM0A1_fn,inline-function,1,[13],XMACH1_PTS,2,[0.8],-0.0030512,
gridded-table-0083,,CM0A1_table,CM0A1_fn,inline-function,1,[13],XMACH1_PTS,3,[0.9],-0.0042409,
gridded-table-0083,,CM0A1_table,CM0A1_fn,inline-function,1,[13],XMACH1_PTS,4,[0.95],-0.003771,
gridded-table-0083,,CM0A1_table,CM0A1_fn,inline-function,1,[13],XMACH1_PTS,5,[1.1],-0.0077162,
gridded-table-0083,,CM0A1_table,CM0A1_fn,inline-function,1,[13],XMACH1_PTS,6,[1.2],-0.0081532,
gridded-table-0083,,CM0A1_table,CM0A1_fn,inline-function,1,[13],XMACH1_PTS,7,[1.6],-0.0055882,
gridded-table-0083,,CM0A1_table,CM0A1_fn,inline-function,1,[13],XMACH1_PTS,8,[2.0],-0.0033833,
gridded-table-0083,,CM0A1_table,CM0A1_fn,inline-function,1,[13],XMACH1_PTS,9,[2.5],-0.0021554,
gridded-table-0083,,CM0A1_table,CM0A1_fn,inline-function,1,[13],XMACH1_PTS,10,[3.0],-0.0013864,
gridded-table-0083,,CM0A1_table,CM0A1_fn,inline-function,1,[13],XMACH1_PTS,11,[3.5],-0.00092858,
gridded-table-0083,,CM0A1_table,CM0A1_fn,inline-function,1,[13],XMACH1_PTS,12,[4.0],-0.00062463,
gridded-table-0084,,CM0A2_table,CM0A2_fn,inline-function,1,[13],XMACH1_PTS,0,[0.3],-6.0058e-05,
gridded-table-0084,,CM0A2_table,CM0A2_fn,inline-function,1,[13],XMACH1_PTS,1,[0.6],-5.0693e-05,
gridded-table-0084,,CM0A2_table,CM0A2_fn,inline-function,1,[13],XMACH1_PTS,2,[0.8],-4.8533e-05,
gridded-table-0084,,CM0A2_table,CM0A2_fn,inline-function,1,[13],XMACH1_PTS,3,[0.9],5.479e-05,
gridded-table-0084,,CM0A2_table,CM0A2_fn,inline-function,1,[13],XMACH1_PTS,4,[0.95],-5.6951e-05,
gridded-table-0084,,CM0A2_table,CM0A2_fn,inline-function,1,[13],XMACH1_PTS,5,[1.1],0.0001434,
gridded-table-0084,,CM0A2_table,CM0A2_fn,inline-function,1,[13],XMACH1_PTS,6,[1.2],0.00026234,
gridded-table-0084,,CM0A2_table,CM0A2_fn,inline-function,1,[13],XMACH1_PTS,7,[1.6],0.00022895,
gridded-table-0084,,CM0A2_table,CM0A2_fn,inline-function,1,[13],XMACH1_PTS,8,[2.0],0.00013745,
gridded-table-0084,,CM0A2_table,CM0A2_fn,inline-function,1,[13],XMACH1_PTS,9,[2.5],7.8695e-05,
gridded-table-0084,,CM0A2_table,CM0A2_fn,inline-function,1,[13],XMACH1_PTS,10,[3.0],3.3042e-05,
gridded-table-0084,,CM0A2_table,CM0A2_fn,inline-function,1,[13],XMACH1_PTS,11,[3.5],2.2256e-05,
gridded-table-0084,,CM0A2_table,CM0A2_fn,inline-function,1,[13],XMACH1_PTS,12,[4.0],1.0139e-05,
gridded-table-0085,,CM0A3_table,CM0A3_fn,inline-function,1,[13],XMACH1_PTS,0,[0.3],1.7663e-06,
gridded-table-0085,,CM0A3_table,CM0A3_fn,inline-function,1,[13],XMACH1_PTS,1,[0.6],2.7292e-06,
gridded-table-0085,,CM0A3_table,CM0A3_fn,inline-function,1,[13],XMACH1_PTS,2,[0.8],4.6453e-06,
gridded-table-0085,,CM0A3_table,CM0A3_fn,inline-function,1,[13],XMACH1_PTS,3,[0.9],2.7028e-06,
gridded-table-0085,,CM0A3_table,CM0A3_fn,inline-function,1,[13],XMACH1_PTS,4,[0.95],5.6053e-06,
gridded-table-0085,,CM0A3_table,CM0A3_fn,inline-function,1,[13],XMACH1_PTS,5,[1.1],1.4758e-06,
gridded-table-0085,,CM0A3_table,CM0A3_fn,inline-function,1,[13],XMACH1_PTS,6,[1.2],-1.6246e-06,
gridded-table-0085,,CM0A3_table,CM0A3_fn,inline-function,1,[13],XMACH1_PTS,7,[1.6],-3.6716e-06,
gridded-table-0085,,CM0A3_table,CM0A3_fn,inline-function,1,[13],XMACH1_PTS,8,[2.0],-2.6807e-06,
gridded-table-0085,,CM0A3_table,CM0A3_fn,inline-function,1,[13],XMACH1_PTS,9,[2.5],-1.8428e-06,
gridded-table-0085,,CM0A3_table,CM0A3_fn,inline-function,1,[13],XMACH1_PTS,10,[3.0],-9.2622e-07,
gridded-table-0085,,CM0A3_table,CM0A3_fn,inline-function,1,[13],XMACH1_PTS,11,[3.5],-8.7723e-07,
gridded-table-0085,,CM0A3_table,CM0A3_fn,inline-function,1,[13],XMACH1_PTS,12,[4.0],-7.6651e-07,
gridded-table-0086,,CY0A0_table,CY0A0_fn,inline-function,1,[13],XMACH1_PTS,0,[0.3],-0.011965,
gridded-table-0086,,CY0A0_table,CY0A0_fn,inline-function,1,[13],XMACH1_PTS,1,[0.6],-0.011965,
gridded-table-0086,,CY0A0_table,CY0A0_fn,inline-function,1,[13],XMACH1_PTS,2,[0.8],-0.013313,
gridded-table-0086,,CY0A0_table,CY0A0_fn,inline-function,1,[13],XMACH1_PTS,3,[0.9],-0.015611,
gridded-table-0086,,CY0A0_table,CY0A0_fn,inline-function,1,[13],XMACH1_PTS,4,[0.95],-0.015912,
gridded-table-0086,,CY0A0_table,CY0A0_fn,inline-function,1,[13],XMACH1_PTS,5,[1.1],-0.017436,
gridded-table-0086,,CY0A0_table,CY0A0_fn,inline-function,1,[13],XMACH1_PTS,6,[1.2],-0.017879,
gridded-table-0086,,CY0A0_table,CY0A0_fn,inline-function,1,[13],XMACH1_PTS,7,[1.6],-0.01585,
gridded-table-0086,,CY0A0_table,CY0A0_fn,inline-function,1,[13],XMACH1_PTS,8,[2.0],-0.012972,
gridded-table-0086,,CY0A0_table,CY0A0_fn,inline-function,1,[13],XMACH1_PTS,9,[2.5],-0.011375,
gridded-table-0086,,CY0A0_table,CY0A0_fn,inline-function,1,[13],XMACH1_PTS,10,[3.0],-0.010999,
gridded-table-0086,,CY0A0_table,CY0A0_fn,inline-function,1,[13],XMACH1_PTS,11,[3.5],-0.0098676,
gridded-table-0086,,CY0A0_table,CY0A0_fn,inline-function,1,[13],XMACH1_PTS,12,[4.0],-0.0089074,
gridded-table-0087,,CY0A1_table,CY0A1_fn,inline-function,1,[13],XMACH1_PTS,0,[0.3],8.3671e-05,
gridded-table-0087,,CY0A1_table,CY0A1_fn,inline-function,1,[13],XMACH1_PTS,1,[0.6],8.3671e-05,
gridded-table-0087,,CY0A1_table,CY0A1_fn,inline-function,1,[13],XMACH1_PTS,2,[0.8],-0.00013917,
gridded-table-0087,,CY0A1_table,CY0A1_fn,inline-function,1,[13],XMACH1_PTS,3,[0.9],-6.2999e-05,
gridded-table-0087,,CY0A1_table,CY0A1_fn,inline-function,1,[13],XMACH1_PTS,4,[0.95],-0.00016607,
gridded-table-0087,,CY0A1_table,CY0A1_fn,inline-function,1,[13],XMACH1_PTS,5,[1.1],-0.00044578,
gridded-table-0087,,CY0A1_table,CY0A1_fn,inline-function,1,[13],XMACH1_PTS,6,[1.2],-0.00019663,
gridded-table-0087,,CY0A1_table,CY0A1_fn,inline-function,1,[13],XMACH1_PTS,7,[1.6],0.00035817,
gridded-table-0087,,CY0A1_table,CY0A1_fn,inline-function,1,[13],XMACH1_PTS,8,[2.0],0.00040337,
gridded-table-0087,,CY0A1_table,CY0A1_fn,inline-function,1,[13],XMACH1_PTS,9,[2.5],4.5051e-05,
gridded-table-0087,,CY0A1_table,CY0A1_fn,inline-function,1,[13],XMACH1_PTS,10,[3.0],9.971e-05,
gridded-table-0087,,CY0A1_table,CY0A1_fn,inline-function,1,[13],XMACH1_PTS,11,[3.5],9.9902e-05,
gridded-table-0087,,CY0A1_table,CY0A1_fn,inline-function,1,[13],XMACH1_PTS,12,[4.0],4.7669e-05,
gridded-table-0088,,CY0A2_table,CY0A2_fn,inline-function,1,[13],XMACH1_PTS,0,[0.3],-2.8288e-05,
gridded-table-0088,,CY0A2_table,CY0A2_fn,inline-function,1,[13],XMACH1_PTS,1,[0.6],-2.8288e-05,
gridded-table-0088,,CY0A2_table,CY0A2_fn,inline-function,1,[13],XMACH1_PTS,2,[0.8],1.604e-05,
gridded-table-0088,,CY0A2_table,CY0A2_fn,inline-function,1,[13],XMACH1_PTS,3,[0.9],3.2037e-05,
gridded-table-0088,,CY0A2_table,CY0A2_fn,inline-function,1,[13],XMACH1_PTS,4,[0.95],4.153e-05,
gridded-table-0088,,CY0A2_table,CY0A2_fn,inline-function,1,[13],XMACH1_PTS,5,[1.1],5.2213e-05,
gridded-table-0088,,CY0A2_table,CY0A2_fn,inline-function,1,[13],XMACH1_PTS,6,[1.2],2.3113e-05,
gridded-table-0088,,CY0A2_table,CY0A2_fn,inline-function,1,[13],XMACH1_PTS,7,[1.6],-3.4719e-05,
gridded-table-0088,,CY0A2_table,CY0A2_fn,inline-function,1,[13],XMACH1_PTS,8,[2.0],-5.6678e-05,
gridded-table-0088,,CY0A2_table,CY0A2_fn,inline-function,1,[13],XMACH1_PTS,9,[2.5],-1.5653e-05,
gridded-table-0088,,CY0A2_table,CY0A2_fn,inline-function,1,[13],XMACH1_PTS,10,[3.0],-1.4988e-05,
gridded-table-0088,,CY0A2_table,CY0A2_fn,inline-function,1,[13],XMACH1_PTS,11,[3.5],-1.2273e-05,
gridded-table-0088,,CY0A2_table,CY0A2_fn,inline-function,1,[13],XMACH1_PTS,12,[4.0],-9.3184e-06,
gridded-table-0089,,CY0A3_table,CY0A3_fn,inline-function,1,[13],XMACH1_PTS,0,[0.3],9.3638e-07,
gridded-table-0089,,CY0A3_table,CY0A3_fn,inline-function,1,[13],XMACH1_PTS,1,[0.6],9.3638e-07,
gridded-table-0089,,CY0A3_table,CY0A3_fn,inline-function,1,[13],XMACH1_PTS,2,[0.8],-1.4751e-07,
gridded-table-0089,,CY0A3_table,CY0A3_fn,inline-function,1,[13],XMACH1_PTS,3,[0.9],-1.0789e-06,
gridded-table-0089,,CY0A3_table,CY0A3_fn,inline-function,1,[13],XMACH1_PTS,4,[0.95],-1.4669e-06,
gridded-table-0089,,CY0A3_table,CY0A3_fn,inline-function,1,[13],XMACH1_PTS,5,[1.1],-1.3753e-06,
gridded-table-0089,,CY0A3_table,CY0A3_fn,inline-function,1,[13],XMACH1_PTS,6,[1.2],-6.393e-07,
gridded-table-0089,,CY0A3_table,CY0A3_fn,inline-function,1,[13],XMACH1_PTS,7,[1.6],4.1024e-07,
gridded-table-0089,,CY0A3_table,CY0A3_fn,inline-function,1,[13],XMACH1_PTS,8,[2.0],1.4443e-06,
gridded-table-0089,,CY0A3_table,CY0A3_fn,inline-function,1,[13],XMACH1_PTS,9,[2.5],4.5294e-07,
gridded-table-0089,,CY0A3_table,CY0A3_fn,inline-function,1,[13],XMACH1_PTS,10,[3.0],3.9433e-07,
gridded-table-0089,,CY0A3_table,CY0A3_fn,inline-function,1,[13],XMACH1_PTS,11,[3.5],2.7149e-07,
gridded-table-0089,,CY0A3_table,CY0A3_fn,inline-function,1,[13],XMACH1_PTS,12,[4.0],2.0343e-07,
gridded-table-0090,,CN0A0_table,CN0A0_fn,inline-function,1,[13],XMACH1_PTS,0,[0.3],0.0028556,
gridded-table-0090,,CN0A0_table,CN0A0_fn,inline-function,1,[13],XMACH1_PTS,1,[0.6],0.0028556,
gridded-table-0090,,CN0A0_table,CN0A0_fn,inline-function,1,[13],XMACH1_PTS,2,[0.8],0.0030814,
gridded-table-0090,,CN0A0_table,CN0A0_fn,inline-function,1,[13],XMACH1_PTS,3,[0.9],0.0042835,
gridded-table-0090,,CN0A0_table,CN0A0_fn,inline-function,1,[13],XMACH1_PTS,4,[0.95],0.0037185,
gridded-table-0090,,CN0A0_table,CN0A0_fn,inline-function,1,[13],XMACH1_PTS,5,[1.1],0.0042175,
gridded-table-0090,,CN0A0_table,CN0A0_fn,inline-function,1,[13],XMACH1_PTS,6,[1.2],0.0044383,
gridded-table-0090,,CN0A0_table,CN0A0_fn,inline-function,1,[13],XMACH1_PTS,7,[1.6],0.0033514,
gridded-table-0090,,CN0A0_table,CN0A0_fn,inline-function,1,[13],XMACH1_PTS,8,[2.0],0.00091611,
gridded-table-0090,,CN0A0_table,CN0A0_fn,inline-function,1,[13],XMACH1_PTS,9,[2.5],0.0001756,
gridded-table-0090,,CN0A0_table,CN0A0_fn,inline-function,1,[13],XMACH1_PTS,10,[3.0],-8.5873e-05,
gridded-table-0090,,CN0A0_table,CN0A0_fn,inline-function,1,[13],XMACH1_PTS,11,[3.5],-0.00028449,
gridded-table-0090,,CN0A0_table,CN0A0_fn,inline-function,1,[13],XMACH1_PTS,12,[4.0],-0.00029727,
gridded-table-0091,,CN0A1_table,CN0A1_fn,inline-function,1,[13],XMACH1_PTS,0,[0.3],-0.00014834,
gridded-table-0091,,CN0A1_table,CN0A1_fn,inline-function,1,[13],XMACH1_PTS,1,[0.6],-0.00014834,
gridded-table-0091,,CN0A1_table,CN0A1_fn,inline-function,1,[13],XMACH1_PTS,2,[0.8],0.00011705,
gridded-table-0091,,CN0A1_table,CN0A1_fn,inline-function,1,[13],XMACH1_PTS,3,[0.9],0.00016642,
gridded-table-0091,,CN0A1_table,CN0A1_fn,inline-function,1,[13],XMACH1_PTS,4,[0.95],0.00011654,
gridded-table-0091,,CN0A1_table,CN0A1_fn,inline-function,1,[13],XMACH1_PTS,5,[1.1],0.00054026,
gridded-table-0091,,CN0A1_table,CN0A1_fn,inline-function,1,[13],XMACH1_PTS,6,[1.2],0.00032543,
gridded-table-0091,,CN0A1_table,CN0A1_fn,inline-function,1,[13],XMACH1_PTS,7,[1.6],-0.00015356,
gridded-table-0091,,CN0A1_table,CN0A1_fn,inline-function,1,[13],XMACH1_PTS,8,[2.0],-0.00019773,
gridded-table-0091,,CN0A1_table,CN0A1_fn,inline-function,1,[13],XMACH1_PTS,9,[2.5],-8.7232e-05,
gridded-table-0091,,CN0A1_table,CN0A1_fn,inline-function,1,[13],XMACH1_PTS,10,[3.0],3.0454e-06,
gridded-table-0091,,CN0A1_table,CN0A1_fn,inline-function,1,[13],XMACH1_PTS,11,[3.5],3.2275e-05,
gridded-table-0091,,CN0A1_table,CN0A1_fn,inline-function,1,[13],XMACH1_PTS,12,[4.0],4.5155e-05,
gridded-table-0092,,CN0A2_table,CN0A2_fn,inline-function,1,[13],XMACH1_PTS,0,[0.3],2.1107e-05,
gridded-table-0092,,CN0A2_table,CN0A2_fn,inline-function,1,[13],XMACH1_PTS,1,[0.6],2.1107e-05,
gridded-table-0092,,CN0A2_table,CN0A2_fn,inline-function,1,[13],XMACH1_PTS,2,[0.8],-2.2768e-06,
gridded-table-0092,,CN0A2_table,CN0A2_fn,inline-function,1,[13],XMACH1_PTS,3,[0.9],-2.7314e-05,
gridded-table-0092,,CN0A2_table,CN0A2_fn,inline-function,1,[13],XMACH1_PTS,4,[0.95],-2.7058e-05,
gridded-table-0092,,CN0A2_table,CN0A2_fn,inline-function,1,[13],XMACH1_PTS,5,[1.1],-6.0263e-05,
gridded-table-0092,,CN0A2_table,CN0A2_fn,inline-function,1,[13],XMACH1_PTS,6,[1.2],-4.1639e-05,
gridded-table-0092,,CN0A2_table,CN0A2_fn,inline-function,1,[13],XMACH1_PTS,7,[1.6],-1.4852e-06,
gridded-table-0092,,CN0A2_table,CN0A2_fn,inline-function,1,[13],XMACH1_PTS,8,[2.0],2.2577e-05,
gridded-table-0092,,CN0A2_table,CN0A2_fn,inline-function,1,[13],XMACH1_PTS,9,[2.5],1.8282e-05,
gridded-table-0092,,CN0A2_table,CN0A2_fn,inline-function,1,[13],XMACH1_PTS,10,[3.0],9.4849e-06,
gridded-table-0092,,CN0A2_table,CN0A2_fn,inline-function,1,[13],XMACH1_PTS,11,[3.5],6.1112e-06,
gridded-table-0092,,CN0A2_table,CN0A2_fn,inline-function,1,[13],XMACH1_PTS,12,[4.0],3.6455e-06,
gridded-table-0093,,CN0A3_table,CN0A3_fn,inline-function,1,[13],XMACH1_PTS,0,[0.3],-6.4189e-07,
gridded-table-0093,,CN0A3_table,CN0A3_fn,inline-function,1,[13],XMACH1_PTS,1,[0.6],-6.4189e-07,
gridded-table-0093,,CN0A3_table,CN0A3_fn,inline-function,1,[13],XMACH1_PTS,2,[0.8],-2.9912e-07,
gridded-table-0093,,CN0A3_table,CN0A3_fn,inline-function,1,[13],XMACH1_PTS,3,[0.9],5.2397e-07,
gridded-table-0093,,CN0A3_table,CN0A3_fn,inline-function,1,[13],XMACH1_PTS,4,[0.95],6.6226e-07,
gridded-table-0093,,CN0A3_table,CN0A3_fn,inline-function,1,[13],XMACH1_PTS,5,[1.1],1.4709e-06,
gridded-table-0093,,CN0A3_table,CN0A3_fn,inline-function,1,[13],XMACH1_PTS,6,[1.2],1.0394e-06,
gridded-table-0093,,CN0A3_table,CN0A3_fn,inline-function,1,[13],XMACH1_PTS,7,[1.6],4.9399e-07,
gridded-table-0093,,CN0A3_table,CN0A3_fn,inline-function,1,[13],XMACH1_PTS,8,[2.0],-4.2151e-07,
gridded-table-0093,,CN0A3_table,CN0A3_fn,inline-function,1,[13],XMACH1_PTS,9,[2.5],-4.4906e-07,
gridded-table-0093,,CN0A3_table,CN0A3_fn,inline-function,1,[13],XMACH1_PTS,10,[3.0],-2.4655e-07,
gridded-table-0093,,CN0A3_table,CN0A3_fn,inline-function,1,[13],XMACH1_PTS,11,[3.5],-1.6268e-07,
gridded-table-0093,,CN0A3_table,CN0A3_fn,inline-function,1,[13],XMACH1_PTS,12,[4.0],-8.7185e-08,
gridded-table-0094,,CR0A0_table,CR0A0_fn,inline-function,1,[13],XMACH1_PTS,0,[0.3],-0.0049857,
gridded-table-0094,,CR0A0_table,CR0A0_fn,inline-function,1,[13],XMACH1_PTS,1,[0.6],-0.0049857,
gridded-table-0094,,CR0A0_table,CR0A0_fn,inline-function,1,[13],XMACH1_PTS,2,[0.8],-0.0063969,
gridded-table-0094,,CR0A0_table,CR0A0_fn,inline-function,1,[13],XMACH1_PTS,3,[0.9],-0.0076737,
gridded-table-0094,,CR0A0_table,CR0A0_fn,inline-function,1,[13],XMACH1_PTS,4,[0.95],-0.0075838,
gridded-table-0094,,CR0A0_table,CR0A0_fn,inline-function,1,[13],XMACH1_PTS,5,[1.1],-0.0092197,
gridded-table-0094,,CR0A0_table,CR0A0_fn,inline-function,1,[13],XMACH1_PTS,6,[1.2],-0.009714,
gridded-table-0094,,CR0A0_table,CR0A0_fn,inline-function,1,[13],XMACH1_PTS,7,[1.6],-0.005821,
gridded-table-0094,,CR0A0_table,CR0A0_fn,inline-function,1,[13],XMACH1_PTS,8,[2.0],-0.0025787,
gridded-table-0094,,CR0A0_table,CR0A0_fn,inline-function,1,[13],XMACH1_PTS,9,[2.5],-0.0011511,
gridded-table-0094,,CR0A0_table,CR0A0_fn,inline-function,1,[13],XMACH1_PTS,10,[3.0],-0.00067164,
gridded-table-0094,,CR0A0_table,CR0A0_fn,inline-function,1,[13],XMACH1_PTS,11,[3.5],-0.00016431,
gridded-table-0094,,CR0A0_table,CR0A0_fn,inline-function,1,[13],XMACH1_PTS,12,[4.0],0.00012999,
gridded-table-0095,,CR0A1_table,CR0A1_fn,inline-function,1,[13],XMACH1_PTS,0,[0.3],-0.00014777,
gridded-table-0095,,CR0A1_table,CR0A1_fn,inline-function,1,[13],XMACH1_PTS,1,[0.6],-0.00014777,
gridded-table-0095,,CR0A1_table,CR0A1_fn,inline-function,1,[13],XMACH1_PTS,2,[0.8],-0.00049202,
gridded-table-0095,,CR0A1_table,CR0A1_fn,inline-function,1,[13],XMACH1_PTS,3,[0.9],-0.0006669,
gridded-table-0095,,CR0A1_table,CR0A1_fn,inline-function,1,[13],XMACH1_PTS,4,[0.95],-0.00056194,
gridded-table-0095,,CR0A1_table,CR0A1_fn,inline-function,1,[13],XMACH1_PTS,5,[1.1],-0.00075813,
gridded-table-0095,,CR0A1_table,CR0A1_fn,inline-function,1,[13],XMACH1_PTS,6,[1.2],-0.0005922,
gridded-table-0095,,CR0A1_table,CR0A1_fn,inline-function,1,[13],XMACH1_PTS,7,[1.6],-7.143e-05,
gridded-table-0095,,CR0A1_table,CR0A1_fn,inline-function,1,[13],XMACH1_PTS,8,[2.0],-7.5866e-05,
gridded-table-0095,,CR0A1_table,CR0A1_fn,inline-function,1,[13],XMACH1_PTS,9,[2.5],-0.00011055,
gridded-table-0095,,CR0A1_table,CR0A1_fn,inline-function,1,[13],XMACH1_PTS,10,[3.0],-9.5497e-05,
gridded-table-0095,,CR0A1_table,CR0A1_fn,inline-function,1,[13],XMACH1_PTS,11,[3.5],-0.00010324,
gridded-table-0095,,CR0A1_table,CR0A1_fn,inline-function,1,[13],XMACH1_PTS,12,[4.0],-0.00011818,
gridded-table-0096,,CR0A2_table,CR0A2_fn,inline-function,1,[13],XMACH1_PTS,0,[0.3],-2.684e-05,
gridded-table-0096,,CR0A2_table,CR0A2_fn,inline-function,1,[13],XMACH1_PTS,1,[0.6],-2.684e-05,
gridded-table-0096,,CR0A2_table,CR0A2_fn,inline-function,1,[13],XMACH1_PTS,2,[0.8],2.8527e-05,
gridded-table-0096,,CR0A2_table,CR0A2_fn,inline-function,1,[13],XMACH1_PTS,3,[0.9],6.6701e-05,
gridded-table-0096,,CR0A2_table,CR0A2_fn,inline-function,1,[13],XMACH1_PTS,4,[0.95],4.6742e-05,
gridded-table-0096,,CR0A2_table,CR0A2_fn,inline-function,1,[13],XMACH1_PTS,5,[1.1],7.5548e-05,
gridded-table-0096,,CR0A2_table,CR0A2_fn,inline-function,1,[13],XMACH1_PTS,6,[1.2],6.9795e-05,
gridded-table-0096,,CR0A2_table,CR0A2_fn,inline-function,1,[13],XMACH1_PTS,7,[1.6],2.0627e-05,
gridded-table-0096,,CR0A2_table,CR0A2_fn,inline-function,1,[13],XMACH1_PTS,8,[2.0],7.7915e-06,
gridded-table-0096,,CR0A2_table,CR0A2_fn,inline-function,1,[13],XMACH1_PTS,9,[2.5],5.0955e-06,
gridded-table-0096,,CR0A2_table,CR0A2_fn,inline-function,1,[13],XMACH1_PTS,10,[3.0],2.0573e-06,
gridded-table-0096,,CR0A2_table,CR0A2_fn,inline-function,1,[13],XMACH1_PTS,11,[3.5],7.2182e-07,
gridded-table-0096,,CR0A2_table,CR0A2_fn,inline-function,1,[13],XMACH1_PTS,12,[4.0],8.1639e-07,
gridded-table-0097,,CR0A3_table,CR0A3_fn,inline-function,1,[13],XMACH1_PTS,0,[0.3],1.0307e-06,
gridded-table-0097,,CR0A3_table,CR0A3_fn,inline-function,1,[13],XMACH1_PTS,1,[0.6],1.0307e-06,
gridded-table-0097,,CR0A3_table,CR0A3_fn,inline-function,1,[13],XMACH1_PTS,2,[0.8],-3.0272e-07,
gridded-table-0097,,CR0A3_table,CR0A3_fn,inline-function,1,[13],XMACH1_PTS,3,[0.9],-1.3407e-06,
gridded-table-0097,,CR0A3_table,CR0A3_fn,inline-function,1,[13],XMACH1_PTS,4,[0.95],-7.2842e-07,
gridded-table-0097,,CR0A3_table,CR0A3_fn,inline-function,1,[13],XMACH1_PTS,5,[1.1],-1.535e-06,
gridded-table-0097,,CR0A3_table,CR0A3_fn,inline-function,1,[13],XMACH1_PTS,6,[1.2],-1.5375e-06,
gridded-table-0097,,CR0A3_table,CR0A3_fn,inline-function,1,[13],XMACH1_PTS,7,[1.6],-7.831e-07,
gridded-table-0097,,CR0A3_table,CR0A3_fn,inline-function,1,[13],XMACH1_PTS,8,[2.0],-2.908e-07,
gridded-table-0097,,CR0A3_table,CR0A3_fn,inline-function,1,[13],XMACH1_PTS,9,[2.5],-1.5251e-07,
gridded-table-0097,,CR0A3_table,CR0A3_fn,inline-function,1,[13],XMACH1_PTS,10,[3.0],-6.634e-08,
gridded-table-0097,,CR0A3_table,CR0A3_fn,inline-function,1,[13],XMACH1_PTS,11,[3.5],-2.6927e-08,
gridded-table-0097,,CR0A3_table,CR0A3_fn,inline-function,1,[13],XMACH1_PTS,12,[4.0],-2.4418e-08,
gridded-table-0098,,CLRUD0_table,CLRUD0_fn,inline-function,2,"[3,13]",DRUD_PTS;XMACH1_PTS,0,"[0.0,0.3]",0.0,
gridded-table-0098,,CLRUD0_table,CLRUD0_fn,inline-function,2,"[3,13]",DRUD_PTS;XMACH1_PTS,1,"[0.0,0.6]",0.0,
gridded-table-0098,,CLRUD0_table,CLRUD0_fn,inline-function,2,"[3,13]",DRUD_PTS;XMACH1_PTS,2,"[0.0,0.8]",0.0,
gridded-table-0098,,CLRUD0_table,CLRUD0_fn,inline-function,2,"[3,13]",DRUD_PTS;XMACH1_PTS,3,"[0.0,0.9]",0.0,
gridded-table-0098,,CLRUD0_table,CLRUD0_fn,inline-function,2,"[3,13]",DRUD_PTS;XMACH1_PTS,4,"[0.0,0.95]",0.0,
gridded-table-0098,,CLRUD0_table,CLRUD0_fn,inline-function,2,"[3,13]",DRUD_PTS;XMACH1_PTS,5,"[0.0,1.1]",0.0,
gridded-table-0098,,CLRUD0_table,CLRUD0_fn,inline-function,2,"[3,13]",DRUD_PTS;XMACH1_PTS,6,"[0.0,1.2]",0.0,
gridded-table-0098,,CLRUD0_table,CLRUD0_fn,inline-function,2,"[3,13]",DRUD_PTS;XMACH1_PTS,7,"[0.0,1.6]",0.0,
gridded-table-0098,,CLRUD0_table,CLRUD0_fn,inline-function,2,"[3,13]",DRUD_PTS;XMACH1_PTS,8,"[0.0,2.0]",0.0,
gridded-table-0098,,CLRUD0_table,CLRUD0_fn,inline-function,2,"[3,13]",DRUD_PTS;XMACH1_PTS,9,"[0.0,2.5]",0.0,
gridded-table-0098,,CLRUD0_table,CLRUD0_fn,inline-function,2,"[3,13]",DRUD_PTS;XMACH1_PTS,10,"[0.0,3.0]",0.0,
gridded-table-0098,,CLRUD0_table,CLRUD0_fn,inline-function,2,"[3,13]",DRUD_PTS;XMACH1_PTS,11,"[0.0,3.5]",0.0,
gridded-table-0098,,CLRUD0_table,CLRUD0_fn,inline-function,2,"[3,13]",DRUD_PTS;XMACH1_PTS,12,"[0.0,4.0]",0.0,
gridded-table-0098,,CLRUD0_table,CLRUD0_fn,inline-function,2,"[3,13]",DRUD_PTS;XMACH1_PTS,13,"[15.0,0.3]",-0.013646,
gridded-table-0098,,CLRUD0_table,CLRUD0_fn,inline-function,2,"[3,13]",DRUD_PTS;XMACH1_PTS,14,"[15.0,0.6]",0.026486,
gridded-table-0098,,CLRUD0_table,CLRUD0_fn,inline-function,2,"[3,13]",DRUD_PTS;XMACH1_PTS,15,"[15.0,0.8]",0.016977,
gridded-table-0098,,CLRUD0_table,CLRUD0_fn,inline-function,2,"[3,13]",DRUD_PTS;XMACH1_PTS,16,"[15.0,0.9]",-0.016891,
gridded-table-0098,,CLRUD0_table,CLRUD0_fn,inline-function,2,"[3,13]",DRUD_PTS;XMACH1_PTS,17,"[15.0,0.95]",0.010682,
gridded-table-0098,,CLRUD0_table,CLRUD0_fn,inline-function,2,"[3,13]",DRUD_PTS;XMACH1_PTS,18,"[15.0,1.1]",0.0075071,
gridded-table-0098,,CLRUD0_table,CLRUD0_fn,inline-function,2,"[3,13]",DRUD_PTS;XMACH1_PTS,19,"[15.0,1.2]",0.0053891,
gridded-table-0098,,CLRUD0_table,CLRUD0_fn,inline-function,2,"[3,13]",DRUD_PTS;XMACH1_PTS,20,"[15.0,1.6]",-0.0030802,
gridded-table-0098,,CLRUD0_table,CLRUD0_fn,inline-function,2,"[3,13]",DRUD_PTS;XMACH1_PTS,21,"[15.0,2.0]",-0.0059013,
gridded-table-0098,,CLRUD0_table,CLRUD0_fn,inline-function,2,"[3,13]",DRUD_PTS;XMACH1_PTS,22,"[15.0,2.5]",-0.0095733,
gridded-table-0098,,CLRUD0_table,CLRUD0_fn,inline-function,2,"[3,13]",DRUD_PTS;XMACH1_PTS,23,"[15.0,3.0]",0.0,
gridded-table-0098,,CLRUD0_table,CLRUD0_fn,inline-function,2,"[3,13]",DRUD_PTS;XMACH1_PTS,24,"[15.0,3.5]",0.0,
gridded-table-0098,,CLRUD0_table,CLRUD0_fn,inline-function,2,"[3,13]",DRUD_PTS;XMACH1_PTS,25,"[15.0,4.0]",0.0,
gridded-table-0098,,CLRUD0_table,CLRUD0_fn,inline-function,2,"[3,13]",DRUD_PTS;XMACH1_PTS,26,"[30.0,0.3]",-0.0012709,
gridded-table-0098,,CLRUD0_table,CLRUD0_fn,inline-function,2,"[3,13]",DRUD_PTS;XMACH1_PTS,27,"[30.0,0.6]",0.052971,
gridded-table-0098,,CLRUD0_table,CLRUD0_fn,inline-function,2,"[3,13]",DRUD_PTS;XMACH1_PTS,28,"[30.0,0.8]",0.033953,
gridded-table-0098,,CLRUD0_table,CLRUD0_fn,inline-function,2,"[3,13]",DRUD_PTS;XMACH1_PTS,29,"[30.0,0.9]",-0.033782,
gridded-table-0098,,CLRUD0_table,CLRUD0_fn,inline-function,2,"[3,13]",DRUD_PTS;XMACH1_PTS,30,"[30.0,0.95]",0.021364,
gridded-table-0098,,CLRUD0_table,CLRUD0_fn,inline-function,2,"[3,13]",DRUD_PTS;XMACH1_PTS,31,"[30.0,1.1]",0.015014,
gridded-table-0098,,CLRUD0_table,CLRUD0_fn,inline-function,2,"[3,13]",DRUD_PTS;XMACH1_PTS,32,"[30.0,1.2]",0.010778,
gridded-table-0098,,CLRUD0_table,CLRUD0_fn,inline-function,2,"[3,13]",DRUD_PTS;XMACH1_PTS,33,"[30.0,1.6]",-0.0061604,
gridded-table-0098,,CLRUD0_table,CLRUD0_fn,inline-function,2,"[3,13]",DRUD_PTS;XMACH1_PTS,34,"[30.0,2.0]",-0.011803,
gridded-table-0098,,CLRUD0_table,CLRUD0_fn,inline-function,2,"[3,13]",DRUD_PTS;XMACH1_PTS,35,"[30.0,2.5]",-0.019147,
gridded-table-0098,,CLRUD0_table,CLRUD0_fn,inline-function,2,"[3,13]",DRUD_PTS;XMACH1_PTS,36,"[30.0,3.0]",0.0,
gridded-table-0098,,CLRUD0_table,CLRUD0_fn,inline-function,2,"[3,13]",DRUD_PTS;XMACH1_PTS,37,"[30.0,3.5]",0.0,
gridded-table-0098,,CLRUD0_table,CLRUD0_fn,inline-function,2,"[3,13]",DRUD_PTS;XMACH1_PTS,38,"[30.0,4.0]",0.0,
gridded-table-0099,,CLRUD1_table,CLRUD1_fn,inline-function,2,"[3,13]",DRUD_PTS;XMACH1_PTS,0,"[0.0,0.3]",0.0,
gridded-table-0099,,CLRUD1_table,CLRUD1_fn,inline-function,2,"[3,13]",DRUD_PTS;XMACH1_PTS,1,"[0.0,0.6]",0.0,
gridded-table-0099,,CLRUD1_table,CLRUD1_fn,inline-function,2,"[3,13]",DRUD_PTS;XMACH1_PTS,2,"[0.0,0.8]",0.0,
gridded-table-0099,,CLRUD1_table,CLRUD1_fn,inline-function,2,"[3,13]",DRUD_PTS;XMACH1_PTS,3,"[0.0,0.9]",0.0,
gridded-table-0099,,CLRUD1_table,CLRUD1_fn,inline-function,2,"[3,13]",DRUD_PTS;XMACH1_PTS,4,"[0.0,0.95]",0.0,
gridded-table-0099,,CLRUD1_table,CLRUD1_fn,inline-function,2,"[3,13]",DRUD_PTS;XMACH1_PTS,5,"[0.0,1.1]",0.0,
gridded-table-0099,,CLRUD1_table,CLRUD1_fn,inline-function,2,"[3,13]",DRUD_PTS;XMACH1_PTS,6,"[0.0,1.2]",0.0,
gridded-table-0099,,CLRUD1_table,CLRUD1_fn,inline-function,2,"[3,13]",DRUD_PTS;XMACH1_PTS,7,"[0.0,1.6]",0.0,
gridded-table-0099,,CLRUD1_table,CLRUD1_fn,inline-function,2,"[3,13]",DRUD_PTS;XMACH1_PTS,8,"[0.0,2.0]",0.0,
gridded-table-0099,,CLRUD1_table,CLRUD1_fn,inline-function,2,"[3,13]",DRUD_PTS;XMACH1_PTS,9,"[0.0,2.5]",0.0,
gridded-table-0099,,CLRUD1_table,CLRUD1_fn,inline-function,2,"[3,13]",DRUD_PTS;XMACH1_PTS,10,"[0.0,3.0]",0.0,
gridded-table-0099,,CLRUD1_table,CLRUD1_fn,inline-function,2,"[3,13]",DRUD_PTS;XMACH1_PTS,11,"[0.0,3.5]",0.0,
gridded-table-0099,,CLRUD1_table,CLRUD1_fn,inline-function,2,"[3,13]",DRUD_PTS;XMACH1_PTS,12,"[0.0,4.0]",0.0,
gridded-table-0099,,CLRUD1_table,CLRUD1_fn,inline-function,2,"[3,13]",DRUD_PTS;XMACH1_PTS,13,"[15.0,0.3]",0.0081105,
gridded-table-0099,,CLRUD1_table,CLRUD1_fn,inline-function,2,"[3,13]",DRUD_PTS;XMACH1_PTS,14,"[15.0,0.6]",0.0056887,
gridded-table-0099,,CLRUD1_table,CLRUD1_fn,inline-function,2,"[3,13]",DRUD_PTS;XMACH1_PTS,15,"[15.0,0.8]",-0.002968,
gridded-table-0099,,CLRUD1_table,CLRUD1_fn,inline-function,2,"[3,13]",DRUD_PTS;XMACH1_PTS,16,"[15.0,0.9]",-0.0056343,
gridded-table-0099,,CLRUD1_table,CLRUD1_fn,inline-function,2,"[3,13]",DRUD_PTS;XMACH1_PTS,17,"[15.0,0.95]",0.0042658,
gridded-table-0099,,CLRUD1_table,CLRUD1_fn,inline-function,2,"[3,13]",DRUD_PTS;XMACH1_PTS,18,"[15.0,1.1]",0.0043665,
gridded-table-0099,,CLRUD1_table,CLRUD1_fn,inline-function,2,"[3,13]",DRUD_PTS;XMACH1_PTS,19,"[15.0,1.2]",0.0044337,
gridded-table-0099,,CLRUD1_table,CLRUD1_fn,inline-function,2,"[3,13]",DRUD_PTS;XMACH1_PTS,20,"[15.0,1.6]",0.0047024,
gridded-table-0099,,CLRUD1_table,CLRUD1_fn,inline-function,2,"[3,13]",DRUD_PTS;XMACH1_PTS,21,"[15.0,2.0]",0.0028192,
gridded-table-0099,,CLRUD1_table,CLRUD1_fn,inline-function,2,"[3,13]",DRUD_PTS;XMACH1_PTS,22,"[15.0,2.5]",-0.00026446,
gridded-table-0099,,CLRUD1_table,CLRUD1_fn,inline-function,2,"[3,13]",DRUD_PTS;XMACH1_PTS,23,"[15.0,3.0]",0.0,
gridded-table-0099,,CLRUD1_table,CLRUD1_fn,inline-function,2,"[3,13]",DRUD_PTS;XMACH1_PTS,24,"[15.0,3.5]",0.0,
gridded-table-0099,,CLRUD1_table,CLRUD1_fn,inline-function,2,"[3,13]",DRUD_PTS;XMACH1_PTS,25,"[15.0,4.0]",0.0,
gridded-table-0099,,CLRUD1_table,CLRUD1_fn,inline-function,2,"[3,13]",DRUD_PTS;XMACH1_PTS,26,"[30.0,0.3]",0.003865,
gridded-table-0099,,CLRUD1_table,CLRUD1_fn,inline-function,2,"[3,13]",DRUD_PTS;XMACH1_PTS,27,"[30.0,0.6]",0.011377,
gridded-table-0099,,CLRUD1_table,CLRUD1_fn,inline-function,2,"[3,13]",DRUD_PTS;XMACH1_PTS,28,"[30.0,0.8]",-0.0059361,
gridded-table-0099,,CLRUD1_table,CLRUD1_fn,inline-function,2,"[3,13]",DRUD_PTS;XMACH1_PTS,29,"[30.0,0.9]",-0.011269,
gridded-table-0099,,CLRUD1_table,CLRUD1_fn,inline-function,2,"[3,13]",DRUD_PTS;XMACH1_PTS,30,"[30.0,0.95]",0.0085317,
gridded-table-0099,,CLRUD1_table,CLRUD1_fn,inline-function,2,"[3,13]",DRUD_PTS;XMACH1_PTS,31,"[30.0,1.1]",0.0087331,
gridded-table-0099,,CLRUD1_table,CLRUD1_fn,inline-function,2,"[3,13]",DRUD_PTS;XMACH1_PTS,32,"[30.0,1.2]",0.0088674,
gridded-table-0099,,CLRUD1_table,CLRUD1_fn,inline-function,2,"[3,13]",DRUD_PTS;XMACH1_PTS,33,"[30.0,1.6]",0.0094047,
gridded-table-0099,,CLRUD1_table,CLRUD1_fn,inline-function,2,"[3,13]",DRUD_PTS;XMACH1_PTS,34,"[30.0,2.0]",0.0056383,
gridded-table-0099,,CLRUD1_table,CLRUD1_fn,inline-function,2,"[3,13]",DRUD_PTS;XMACH1_PTS,35,"[30.0,2.5]",-0.00052891,
gridded-table-0099,,CLRUD1_table,CLRUD1_fn,inline-function,2,"[3,13]",DRUD_PTS;XMACH1_PTS,36,"[30.0,3.0]",0.0,
gridded-table-0099,,CLRUD1_table,CLRUD1_fn,inline-function,2,"[3,13]",DRUD_PTS;XMACH1_PTS,37,"[30.0,3.5]",0.0,
gridded-table-0099,,CLRUD1_table,CLRUD1_fn,inline-function,2,"[3,13]",DRUD_PTS;XMACH1_PTS,38,"[30.0,4.0]",0.0,
gridded-table-0100,,CLRUD2_table,CLRUD2_fn,inline-function,2,"[3,13]",DRUD_PTS;XMACH1_PTS,0,"[0.0,0.3]",0.0,
gridded-table-0100,,CLRUD2_table,CLRUD2_fn,inline-function,2,"[3,13]",DRUD_PTS;XMACH1_PTS,1,"[0.0,0.6]",0.0,
gridded-table-0100,,CLRUD2_table,CLRUD2_fn,inline-function,2,"[3,13]",DRUD_PTS;XMACH1_PTS,2,"[0.0,0.8]",0.0,
gridded-table-0100,,CLRUD2_table,CLRUD2_fn,inline-function,2,"[3,13]",DRUD_PTS;XMACH1_PTS,3,"[0.0,0.9]",0.0,
gridded-table-0100,,CLRUD2_table,CLRUD2_fn,inline-function,2,"[3,13]",DRUD_PTS;XMACH1_PTS,4,"[0.0,0.95]",0.0,
gridded-table-0100,,CLRUD2_table,CLRUD2_fn,inline-function,2,"[3,13]",DRUD_PTS;XMACH1_PTS,5,"[0.0,1.1]",0.0,
gridded-table-0100,,CLRUD2_table,CLRUD2_fn,inline-function,2,"[3,13]",DRUD_PTS;XMACH1_PTS,6,"[0.0,1.2]",0.0,
gridded-table-0100,,CLRUD2_table,CLRUD2_fn,inline-function,2,"[3,13]",DRUD_PTS;XMACH1_PTS,7,"[0.0,1.6]",0.0,
gridded-table-0100,,CLRUD2_table,CLRUD2_fn,inline-function,2,"[3,13]",DRUD_PTS;XMACH1_PTS,8,"[0.0,2.0]",0.0,
gridded-table-0100,,CLRUD2_table,CLRUD2_fn,inline-function,2,"[3,13]",DRUD_PTS;XMACH1_PTS,9,"[0.0,2.5]",0.0,
gridded-table-0100,,CLRUD2_table,CLRUD2_fn,inline-function,2,"[3,13]",DRUD_PTS;XMACH1_PTS,10,"[0.0,3.0]",0.0,
gridded-table-0100,,CLRUD2_table,CLRUD2_fn,inline-function,2,"[3,13]",DRUD_PTS;XMACH1_PTS,11,"[0.0,3.5]",0.0,
gridded-table-0100,,CLRUD2_table,CLRUD2_fn,inline-function,2,"[3,13]",DRUD_PTS;XMACH1_PTS,12,"[0.0,4.0]",0.0,
gridded-table-0100,,CLRUD2_table,CLRUD2_fn,inline-function,2,"[3,13]",DRUD_PTS;XMACH1_PTS,13,"[15.0,0.3]",-0.00070197,
gridded-table-0100,,CLRUD2_table,CLRUD2_fn,inline-function,2,"[3,13]",DRUD_PTS;XMACH1_PTS,14,"[15.0,0.6]",-0.001065,
gridded-table-0100,,CLRUD2_table,CLRUD2_fn,inline-function,2,"[3,13]",DRUD_PTS;XMACH1_PTS,15,"[15.0,0.8]",-4.0849e-05,
gridded-table-0100,,CLRUD2_table,CLRUD2_fn,inline-function,2,"[3,13]",DRUD_PTS;XMACH1_PTS,16,"[15.0,0.9]",0.001194,
gridded-table-0100,,CLRUD2_table,CLRUD2_fn,inline-function,2,"[3,13]",DRUD_PTS;XMACH1_PTS,17,"[15.0,0.95]",-0.00077795,
gridded-table-0100,,CLRUD2_table,CLRUD2_fn,inline-function,2,"[3,13]",DRUD_PTS;XMACH1_PTS,18,"[15.0,1.1]",-0.00095411,
gridded-table-0100,,CLRUD2_table,CLRUD2_fn,inline-function,2,"[3,13]",DRUD_PTS;XMACH1_PTS,19,"[15.0,1.2]",-0.0010716,
gridded-table-0100,,CLRUD2_table,CLRUD2_fn,inline-function,2,"[3,13]",DRUD_PTS;XMACH1_PTS,20,"[15.0,1.6]",-0.0015415,
gridded-table-0100,,CLRUD2_table,CLRUD2_fn,inline-function,2,"[3,13]",DRUD_PTS;XMACH1_PTS,21,"[15.0,2.0]",-0.00058915,
gridded-table-0100,,CLRUD2_table,CLRUD2_fn,inline-function,2,"[3,13]",DRUD_PTS;XMACH1_PTS,22,"[15.0,2.5]",-4.269e-05,
gridded-table-0100,,CLRUD2_table,CLRUD2_fn,inline-function,2,"[3,13]",DRUD_PTS;XMACH1_PTS,23,"[15.0,3.0]",0.0,
gridded-table-0100,,CLRUD2_table,CLRUD2_fn,inline-function,2,"[3,13]",DRUD_PTS;XMACH1_PTS,24,"[15.0,3.5]",0.0,
gridded-table-0100,,CLRUD2_table,CLRUD2_fn,inline-function,2,"[3,13]",DRUD_PTS;XMACH1_PTS,25,"[15.0,4.0]",0.0,
gridded-table-0100,,CLRUD2_table,CLRUD2_fn,inline-function,2,"[3,13]",DRUD_PTS;XMACH1_PTS,26,"[30.0,0.3]",-0.00055108,
gridded-table-0100,,CLRUD2_table,CLRUD2_fn,inline-function,2,"[3,13]",DRUD_PTS;XMACH1_PTS,27,"[30.0,0.6]",-0.0021299,
gridded-table-0100,,CLRUD2_table,CLRUD2_fn,inline-function,2,"[3,13]",DRUD_PTS;XMACH1_PTS,28,"[30.0,0.8]",-8.1698e-05,
gridded-table-0100,,CLRUD2_table,CLRUD2_fn,inline-function,2,"[3,13]",DRUD_PTS;XMACH1_PTS,29,"[30.0,0.9]",0.002388,
gridded-table-0100,,CLRUD2_table,CLRUD2_fn,inline-function,2,"[3,13]",DRUD_PTS;XMACH1_PTS,30,"[30.0,0.95]",-0.0015559,
gridded-table-0100,,CLRUD2_table,CLRUD2_fn,inline-function,2,"[3,13]",DRUD_PTS;XMACH1_PTS,31,"[30.0,1.1]",-0.0019082,
gridded-table-0100,,CLRUD2_table,CLRUD2_fn,inline-function,2,"[3,13]",DRUD_PTS;XMACH1_PTS,32,"[30.0,1.2]",-0.0021432,
gridded-table-0100,,CLRUD2_table,CLRUD2_fn,inline-function,2,"[3,13]",DRUD_PTS;XMACH1_PTS,33,"[30.0,1.6]",-0.003083,
gridded-table-0100,,CLRUD2_table,CLRUD2_fn,inline-function,2,"[3,13]",DRUD_PTS;XMACH1_PTS,34,"[30.0,2.0]",-0.0011783,
gridded-table-0100,,CLRUD2_table,CLRUD2_fn,inline-function,2,"[3,13]",DRUD_PTS;XMACH1_PTS,35,"[30.0,2.5]",-8.538e-05,
gridded-table-0100,,CLRUD2_table,CLRUD2_fn,inline-function,2,"[3,13]",DRUD_PTS;XMACH1_PTS,36,"[30.0,3.0]",0.0,
gridded-table-0100,,CLRUD2_table,CLRUD2_fn,inline-function,2,"[3,13]",DRUD_PTS;XMACH1_PTS,37,"[30.0,3.5]",0.0,
gridded-table-0100,,CLRUD2_table,CLRUD2_fn,inline-function,2,"[3,13]",DRUD_PTS;XMACH1_PTS,38,"[30.0,4.0]",0.0,
gridded-table-0101,,CLRUD3_table,CLRUD3_fn,inline-function,2,"[3,13]",DRUD_PTS;XMACH1_PTS,0,"[0.0,0.3]",0.0,
gridded-table-0101,,CLRUD3_table,CLRUD3_fn,inline-function,2,"[3,13]",DRUD_PTS;XMACH1_PTS,1,"[0.0,0.6]",0.0,
gridded-table-0101,,CLRUD3_table,CLRUD3_fn,inline-function,2,"[3,13]",DRUD_PTS;XMACH1_PTS,2,"[0.0,0.8]",0.0,
gridded-table-0101,,CLRUD3_table,CLRUD3_fn,inline-function,2,"[3,13]",DRUD_PTS;XMACH1_PTS,3,"[0.0,0.9]",0.0,
gridded-table-0101,,CLRUD3_table,CLRUD3_fn,inline-function,2,"[3,13]",DRUD_PTS;XMACH1_PTS,4,"[0.0,0.95]",0.0,
gridded-table-0101,,CLRUD3_table,CLRUD3_fn,inline-function,2,"[3,13]",DRUD_PTS;XMACH1_PTS,5,"[0.0,1.1]",0.0,
gridded-table-0101,,CLRUD3_table,CLRUD3_fn,inline-function,2,"[3,13]",DRUD_PTS;XMACH1_PTS,6,"[0.0,1.2]",0.0,
gridded-table-0101,,CLRUD3_table,CLRUD3_fn,inline-function,2,"[3,13]",DRUD_PTS;XMACH1_PTS,7,"[0.0,1.6]",0.0,
gridded-table-0101,,CLRUD3_table,CLRUD3_fn,inline-function,2,"[3,13]",DRUD_PTS;XMACH1_PTS,8,"[0.0,2.0]",0.0,
gridded-table-0101,,CLRUD3_table,CLRUD3_fn,inline-function,2,"[3,13]",DRUD_PTS;XMACH1_PTS,9,"[0.0,2.5]",0.0,
gridded-table-0101,,CLRUD3_table,CLRUD3_fn,inline-function,2,"[3,13]",DRUD_PTS;XMACH1_PTS,10,"[0.0,3.0]",0.0,
gridded-table-0101,,CLRUD3_table,CLRUD3_fn,inline-function,2,"[3,13]",DRUD_PTS;XMACH1_PTS,11,"[0.0,3.5]",0.0,
gridded-table-0101,,CLRUD3_table,CLRUD3_fn,inline-function,2,"[3,13]",DRUD_PTS;XMACH1_PTS,12,"[0.0,4.0]",0.0,
gridded-table-0101,,CLRUD3_table,CLRUD3_fn,inline-function,2,"[3,13]",DRUD_PTS;XMACH1_PTS,13,"[15.0,0.3]",1.5341e-05,
gridded-table-0101,,CLRUD3_table,CLRUD3_fn,inline-function,2,"[3,13]",DRUD_PTS;XMACH1_PTS,14,"[15.0,0.6]",3.2543e-05,
gridded-table-0101,,CLRUD3_table,CLRUD3_fn,inline-function,2,"[3,13]",DRUD_PTS;XMACH1_PTS,15,"[15.0,0.8]",5.4696e-06,
gridded-table-0101,,CLRUD3_table,CLRUD3_fn,inline-function,2,"[3,13]",DRUD_PTS;XMACH1_PTS,16,"[15.0,0.9]",-4.3161e-05,
gridded-table-0101,,CLRUD3_table,CLRUD3_fn,inline-function,2,"[3,13]",DRUD_PTS;XMACH1_PTS,17,"[15.0,0.95]",2.4892e-05,
gridded-table-0101,,CLRUD3_table,CLRUD3_fn,inline-function,2,"[3,13]",DRUD_PTS;XMACH1_PTS,18,"[15.0,1.1]",3.7593e-05,
gridded-table-0101,,CLRUD3_table,CLRUD3_fn,inline-function,2,"[3,13]",DRUD_PTS;XMACH1_PTS,19,"[15.0,1.2]",4.6066e-05,
gridded-table-0101,,CLRUD3_table,CLRUD3_fn,inline-function,2,"[3,13]",DRUD_PTS;XMACH1_PTS,20,"[15.0,1.6]",7.9945e-05,
gridded-table-0101,,CLRUD3_table,CLRUD3_fn,inline-function,2,"[3,13]",DRUD_PTS;XMACH1_PTS,21,"[15.0,2.0]",2.154e-05,
gridded-table-0101,,CLRUD3_table,CLRUD3_fn,inline-function,2,"[3,13]",DRUD_PTS;XMACH1_PTS,22,"[15.0,2.5]",6.1894e-07,
gridded-table-0101,,CLRUD3_table,CLRUD3_fn,inline-function,2,"[3,13]",DRUD_PTS;XMACH1_PTS,23,"[15.0,3.0]",0.0,
gridded-table-0101,,CLRUD3_table,CLRUD3_fn,inline-function,2,"[3,13]",DRUD_PTS;XMACH1_PTS,24,"[15.0,3.5]",0.0,
gridded-table-0101,,CLRUD3_table,CLRUD3_fn,inline-function,2,"[3,13]",DRUD_PTS;XMACH1_PTS,25,"[15.0,4.0]",0.0,
gridded-table-0101,,CLRUD3_table,CLRUD3_fn,inline-function,2,"[3,13]",DRUD_PTS;XMACH1_PTS,26,"[30.0,0.3]",1.4188e-05,
gridded-table-0101,,CLRUD3_table,CLRUD3_fn,inline-function,2,"[3,13]",DRUD_PTS;XMACH1_PTS,27,"[30.0,0.6]",6.5086e-05,
gridded-table-0101,,CLRUD3_table,CLRUD3_fn,inline-function,2,"[3,13]",DRUD_PTS;XMACH1_PTS,28,"[30.0,0.8]",1.0939e-05,
gridded-table-0101,,CLRUD3_table,CLRUD3_fn,inline-function,2,"[3,13]",DRUD_PTS;XMACH1_PTS,29,"[30.0,0.9]",-8.6322e-05,
gridded-table-0101,,CLRUD3_table,CLRUD3_fn,inline-function,2,"[3,13]",DRUD_PTS;XMACH1_PTS,30,"[30.0,0.95]",4.9785e-05,
gridded-table-0101,,CLRUD3_table,CLRUD3_fn,inline-function,2,"[3,13]",DRUD_PTS;XMACH1_PTS,31,"[30.0,1.1]",7.5186e-05,
gridded-table-0101,,CLRUD3_table,CLRUD3_fn,inline-function,2,"[3,13]",DRUD_PTS;XMACH1_PTS,32,"[30.0,1.2]",9.2131e-05,
gridded-table-0101,,CLRUD3_table,CLRUD3_fn,inline-function,2,"[3,13]",DRUD_PTS;XMACH1_PTS,33,"[30.0,1.6]",0.00015989,
gridded-table-0101,,CLRUD3_table,CLRUD3_fn,inline-function,2,"[3,13]",DRUD_PTS;XMACH1_PTS,34,"[30.0,2.0]",4.3079e-05,
gridded-table-0101,,CLRUD3_table,CLRUD3_fn,inline-function,2,"[3,13]",DRUD_PTS;XMACH1_PTS,35,"[30.0,2.5]",1.2379e-06,
gridded-table-0101,,CLRUD3_table,CLRUD3_fn,inline-function,2,"[3,13]",DRUD_PTS;XMACH1_PTS,36,"[30.0,3.0]",0.0,
gridded-table-0101,,CLRUD3_table,CLRUD3_fn,inline-function,2,"[3,13]",DRUD_PTS;XMACH1_PTS,37,"[30.0,3.5]",0.0,
gridded-table-0101,,CLRUD3_table,CLRUD3_fn,inline-function,2,"[3,13]",DRUD_PTS;XMACH1_PTS,38,"[30.0,4.0]",0.0,
gridded-table-0102,,CDRUD0_table,CDRUD0_fn,inline-function,2,"[3,13]",DRUD_PTS;XMACH1_PTS,0,"[0.0,0.3]",0.0,
gridded-table-0102,,CDRUD0_table,CDRUD0_fn,inline-function,2,"[3,13]",DRUD_PTS;XMACH1_PTS,1,"[0.0,0.6]",0.0,
gridded-table-0102,,CDRUD0_table,CDRUD0_fn,inline-function,2,"[3,13]",DRUD_PTS;XMACH1_PTS,2,"[0.0,0.8]",0.0,
gridded-table-0102,,CDRUD0_table,CDRUD0_fn,inline-function,2,"[3,13]",DRUD_PTS;XMACH1_PTS,3,"[0.0,0.9]",0.0,
gridded-table-0102,,CDRUD0_table,CDRUD0_fn,inline-function,2,"[3,13]",DRUD_PTS;XMACH1_PTS,4,"[0.0,0.95]",0.0,
gridded-table-0102,,CDRUD0_table,CDRUD0_fn,inline-function,2,"[3,13]",DRUD_PTS;XMACH1_PTS,5,"[0.0,1.1]",0.0,
gridded-table-0102,,CDRUD0_table,CDRUD0_fn,inline-function,2,"[3,13]",DRUD_PTS;XMACH1_PTS,6,"[0.0,1.2]",0.0,
gridded-table-0102,,CDRUD0_table,CDRUD0_fn,inline-function,2,"[3,13]",DRUD_PTS;XMACH1_PTS,7,"[0.0,1.6]",0.0,
gridded-table-0102,,CDRUD0_table,CDRUD0_fn,inline-function,2,"[3,13]",DRUD_PTS;XMACH1_PTS,8,"[0.0,2.0]",0.0,
gridded-table-0102,,CDRUD0_table,CDRUD0_fn,inline-function,2,"[3,13]",DRUD_PTS;XMACH1_PTS,9,"[0.0,2.5]",0.0,
gridded-table-0102,,CDRUD0_table,CDRUD0_fn,inline-function,2,"[3,13]",DRUD_PTS;XMACH1_PTS,10,"[0.0,3.0]",0.0,
gridded-table-0102,,CDRUD0_table,CDRUD0_fn,inline-function,2,"[3,13]",DRUD_PTS;XMACH1_PTS,11,"[0.0,3.5]",0.0,
gridded-table-0102,,CDRUD0_table,CDRUD0_fn,inline-function,2,"[3,13]",DRUD_PTS;XMACH1_PTS,12,"[0.0,4.0]",0.0,
gridded-table-0102,,CDRUD0_table,CDRUD0_fn,inline-function,2,"[3,13]",DRUD_PTS;XMACH1_PTS,13,"[15.0,0.3]",0.00048574,
gridded-table-0102,,CDRUD0_table,CDRUD0_fn,inline-function,2,"[3,13]",DRUD_PTS;XMACH1_PTS,14,"[15.0,0.6]",-0.010948,
gridded-table-0102,,CDRUD0_table,CDRUD0_fn,inline-function,2,"[3,13]",DRUD_PTS;XMACH1_PTS,15,"[15.0,0.8]",-0.00045378,
gridded-table-0102,,CDRUD0_table,CDRUD0_fn,inline-function,2,"[3,13]",DRUD_PTS;XMACH1_PTS,16,"[15.0,0.9]",-0.016272,
gridded-table-0102,,CDRUD0_table,CDRUD0_fn,inline-function,2,"[3,13]",DRUD_PTS;XMACH1_PTS,17,"[15.0,0.95]",-0.005033,
gridded-table-0102,,CDRUD0_table,CDRUD0_fn,inline-function,2,"[3,13]",DRUD_PTS;XMACH1_PTS,18,"[15.0,1.1]",-0.0029115,
gridded-table-0102,,CDRUD0_table,CDRUD0_fn,inline-function,2,"[3,13]",DRUD_PTS;XMACH1_PTS,19,"[15.0,1.2]",-0.0014963,
gridded-table-0102,,CDRUD0_table,CDRUD0_fn,inline-function,2,"[3,13]",DRUD_PTS;XMACH1_PTS,20,"[15.0,1.6]",0.0041629,
gridded-table-0102,,CDRUD0_table,CDRUD0_fn,inline-function,2,"[3,13]",DRUD_PTS;XMACH1_PTS,21,"[15.0,2.0]",-0.00057612,
gridded-table-0102,,CDRUD0_table,CDRUD0_fn,inline-function,2,"[3,13]",DRUD_PTS;XMACH1_PTS,22,"[15.0,2.5]",-0.0040445,
gridded-table-0102,,CDRUD0_table,CDRUD0_fn,inline-function,2,"[3,13]",DRUD_PTS;XMACH1_PTS,23,"[15.0,3.0]",0.0,
gridded-table-0102,,CDRUD0_table,CDRUD0_fn,inline-function,2,"[3,13]",DRUD_PTS;XMACH1_PTS,24,"[15.0,3.5]",0.0,
gridded-table-0102,,CDRUD0_table,CDRUD0_fn,inline-function,2,"[3,13]",DRUD_PTS;XMACH1_PTS,25,"[15.0,4.0]",0.0,
gridded-table-0102,,CDRUD0_table,CDRUD0_fn,inline-function,2,"[3,13]",DRUD_PTS;XMACH1_PTS,26,"[30.0,0.3]",0.011982,
gridded-table-0102,,CDRUD0_table,CDRUD0_fn,inline-function,2,"[3,13]",DRUD_PTS;XMACH1_PTS,27,"[30.0,0.6]",-0.021896,
gridded-table-0102,,CDRUD0_table,CDRUD0_fn,inline-function,2,"[3,13]",DRUD_PTS;XMACH1_PTS,28,"[30.0,0.8]",-0.00090757,
gridded-table-0102,,CDRUD0_table,CDRUD0_fn,inline-function,2,"[3,13]",DRUD_PTS;XMACH1_PTS,29,"[30.0,0.9]",-0.032545,
gridded-table-0102,,CDRUD0_table,CDRUD0_fn,inline-function,2,"[3,13]",DRUD_PTS;XMACH1_PTS,30,"[30.0,0.95]",-0.010066,
gridded-table-0102,,CDRUD0_table,CDRUD0_fn,inline-function,2,"[3,13]",DRUD_PTS;XMACH1_PTS,31,"[30.0,1.1]",-0.005823,
gridded-table-0102,,CDRUD0_table,CDRUD0_fn,inline-function,2,"[3,13]",DRUD_PTS;XMACH1_PTS,32,"[30.0,1.2]",-0.0029925,
gridded-table-0102,,CDRUD0_table,CDRUD0_fn,inline-function,2,"[3,13]",DRUD_PTS;XMACH1_PTS,33,"[30.0,1.6]",0.0083257,
gridded-table-0102,,CDRUD0_table,CDRUD0_fn,inline-function,2,"[3,13]",DRUD_PTS;XMACH1_PTS,34,"[30.0,2.0]",-0.0011522,
gridded-table-0102,,CDRUD0_table,CDRUD0_fn,inline-function,2,"[3,13]",DRUD_PTS;XMACH1_PTS,35,"[30.0,2.5]",-0.008089,
gridded-table-0102,,CDRUD0_table,CDRUD0_fn,inline-function,2,"[3,13]",DRUD_PTS;XMACH1_PTS,36,"[30.0,3.0]",0.0,
gridded-table-0102,,CDRUD0_table,CDRUD0_fn,inline-function,2,"[3,13]",DRUD_PTS;XMACH1_PTS,37,"[30.0,3.5]",0.0,
gridded-table-0102,,CDRUD0_table,CDRUD0_fn,inline-function,2,"[3,13]",DRUD_PTS;XMACH1_PTS,38,"[30.0,4.0]",0.0,
gridded-table-0103,,CDRUD1_table,CDRUD1_fn,inline-function,2,"[3,13]",DRUD_PTS;XMACH1_PTS,0,"[0.0,0.3]",0.0,
gridded-table-0103,,CDRUD1_table,CDRUD1_fn,inline-function,2,"[3,13]",DRUD_PTS;XMACH1_PTS,1,"[0.0,0.6]",0.0,
gridded-table-0103,,CDRUD1_table,CDRUD1_fn,inline-function,2,"[3,13]",DRUD_PTS;XMACH1_PTS,2,"[0.0,0.8]",0.0,
gridded-table-0103,,CDRUD1_table,CDRUD1_fn,inline-function,2,"[3,13]",DRUD_PTS;XMACH1_PTS,3,"[0.0,0.9]",0.0,
gridded-table-0103,,CDRUD1_table,CDRUD1_fn,inline-function,2,"[3,13]",DRUD_PTS;XMACH1_PTS,4,"[0.0,0.95]",0.0,
gridded-table-0103,,CDRUD1_table,CDRUD1_fn,inline-function,2,"[3,13]",DRUD_PTS;XMACH1_PTS,5,"[0.0,1.1]",0.0,
gridded-table-0103,,CDRUD1_table,CDRUD1_fn,inline-function,2,"[3,13]",DRUD_PTS;XMACH1_PTS,6,"[0.0,1.2]",0.0,
gridded-table-0103,,CDRUD1_table,CDRUD1_fn,inline-function,2,"[3,13]",DRUD_PTS;XMACH1_PTS,7,"[0.0,1.6]",0.0,
gridded-table-0103,,CDRUD1_table,CDRUD1_fn,inline-function,2,"[3,13]",DRUD_PTS;XMACH1_PTS,8,"[0.0,2.0]",0.0,
gridded-table-0103,,CDRUD1_table,CDRUD1_fn,inline-function,2,"[3,13]",DRUD_PTS;XMACH1_PTS,9,"[0.0,2.5]",0.0,
gridded-table-0103,,CDRUD1_table,CDRUD1_fn,inline-function,2,"[3,13]",DRUD_PTS;XMACH1_PTS,10,"[0.0,3.0]",0.0,
gridded-table-0103,,CDRUD1_table,CDRUD1_fn,inline-function,2,"[3,13]",DRUD_PTS;XMACH1_PTS,11,"[0.0,3.5]",0.0,
gridded-table-0103,,CDRUD1_table,CDRUD1_fn,inline-function,2,"[3,13]",DRUD_PTS;XMACH1_PTS,12,"[0.0,4.0]",0.0,
gridded-table-0103,,CDRUD1_table,CDRUD1_fn,inline-function,2,"[3,13]",DRUD_PTS;XMACH1_PTS,13,"[15.0,0.3]",-0.00059253,
gridded-table-0103,,CDRUD1_table,CDRUD1_fn,inline-function,2,"[3,13]",DRUD_PTS;XMACH1_PTS,14,"[15.0,0.6]",0.001751,
gridded-table-0103,,CDRUD1_table,CDRUD1_fn,inline-function,2,"[3,13]",DRUD_PTS;XMACH1_PTS,15,"[15.0,0.8]",6.4347e-05,
gridded-table-0103,,CDRUD1_table,CDRUD1_fn,inline-function,2,"[3,13]",DRUD_PTS;XMACH1_PTS,16,"[15.0,0.9]",-0.0044489,
gridded-table-0103,,CDRUD1_table,CDRUD1_fn,inline-function,2,"[3,13]",DRUD_PTS;XMACH1_PTS,17,"[15.0,0.95]",-0.0018559,
gridded-table-0103,,CDRUD1_table,CDRUD1_fn,inline-function,2,"[3,13]",DRUD_PTS;XMACH1_PTS,18,"[15.0,1.1]",-0.00053747,
gridded-table-0103,,CDRUD1_table,CDRUD1_fn,inline-function,2,"[3,13]",DRUD_PTS;XMACH1_PTS,19,"[15.0,1.2]",0.00034206,
gridded-table-0103,,CDRUD1_table,CDRUD1_fn,inline-function,2,"[3,13]",DRUD_PTS;XMACH1_PTS,20,"[15.0,1.6]",0.003859,
gridded-table-0103,,CDRUD1_table,CDRUD1_fn,inline-function,2,"[3,13]",DRUD_PTS;XMACH1_PTS,21,"[15.0,2.0]",-0.00071466,
gridded-table-0103,,CDRUD1_table,CDRUD1_fn,inline-function,2,"[3,13]",DRUD_PTS;XMACH1_PTS,22,"[15.0,2.5]",0.00035343,
gridded-table-0103,,CDRUD1_table,CDRUD1_fn,inline-function,2,"[3,13]",DRUD_PTS;XMACH1_PTS,23,"[15.0,3.0]",0.0,
gridded-table-0103,,CDRUD1_table,CDRUD1_fn,inline-function,2,"[3,13]",DRUD_PTS;XMACH1_PTS,24,"[15.0,3.5]",0.0,
gridded-table-0103,,CDRUD1_table,CDRUD1_fn,inline-function,2,"[3,13]",DRUD_PTS;XMACH1_PTS,25,"[15.0,4.0]",0.0,
gridded-table-0103,,CDRUD1_table,CDRUD1_fn,inline-function,2,"[3,13]",DRUD_PTS;XMACH1_PTS,26,"[30.0,0.3]",0.00088381,
gridded-table-0103,,CDRUD1_table,CDRUD1_fn,inline-function,2,"[3,13]",DRUD_PTS;XMACH1_PTS,27,"[30.0,0.6]",0.003502,
gridded-table-0103,,CDRUD1_table,CDRUD1_fn,inline-function,2,"[3,13]",DRUD_PTS;XMACH1_PTS,28,"[30.0,0.8]",0.00012869,
gridded-table-0103,,CDRUD1_table,CDRUD1_fn,inline-function,2,"[3,13]",DRUD_PTS;XMACH1_PTS,29,"[30.0,0.9]",-0.0088978,
gridded-table-0103,,CDRUD1_table,CDRUD1_fn,inline-function,2,"[3,13]",DRUD_PTS;XMACH1_PTS,30,"[30.0,0.95]",-0.0037118,
gridded-table-0103,,CDRUD1_table,CDRUD1_fn,inline-function,2,"[3,13]",DRUD_PTS;XMACH1_PTS,31,"[30.0,1.1]",-0.0010749,
gridded-table-0103,,CDRUD1_table,CDRUD1_fn,inline-function,2,"[3,13]",DRUD_PTS;XMACH1_PTS,32,"[30.0,1.2]",0.00068412,
gridded-table-0103,,CDRUD1_table,CDRUD1_fn,inline-function,2,"[3,13]",DRUD_PTS;XMACH1_PTS,33,"[30.0,1.6]",0.007718,
gridded-table-0103,,CDRUD1_table,CDRUD1_fn,inline-function,2,"[3,13]",DRUD_PTS;XMACH1_PTS,34,"[30.0,2.0]",-0.0014293,
gridded-table-0103,,CDRUD1_table,CDRUD1_fn,inline-function,2,"[3,13]",DRUD_PTS;XMACH1_PTS,35,"[30.0,2.5]",0.00070687,
gridded-table-0103,,CDRUD1_table,CDRUD1_fn,inline-function,2,"[3,13]",DRUD_PTS;XMACH1_PTS,36,"[30.0,3.0]",0.0,
gridded-table-0103,,CDRUD1_table,CDRUD1_fn,inline-function,2,"[3,13]",DRUD_PTS;XMACH1_PTS,37,"[30.0,3.5]",0.0,
gridded-table-0103,,CDRUD1_table,CDRUD1_fn,inline-function,2,"[3,13]",DRUD_PTS;XMACH1_PTS,38,"[30.0,4.0]",0.0,
gridded-table-0104,,CDRUD2_table,CDRUD2_fn,inline-function,2,"[3,13]",DRUD_PTS;XMACH1_PTS,0,"[0.0,0.3]",0.0,
gridded-table-0104,,CDRUD2_table,CDRUD2_fn,inline-function,2,"[3,13]",DRUD_PTS;XMACH1_PTS,1,"[0.0,0.6]",0.0,
gridded-table-0104,,CDRUD2_table,CDRUD2_fn,inline-function,2,"[3,13]",DRUD_PTS;XMACH1_PTS,2,"[0.0,0.8]",0.0,
gridded-table-0104,,CDRUD2_table,CDRUD2_fn,inline-function,2,"[3,13]",DRUD_PTS;XMACH1_PTS,3,"[0.0,0.9]",0.0,
gridded-table-0104,,CDRUD2_table,CDRUD2_fn,inline-function,2,"[3,13]",DRUD_PTS;XMACH1_PTS,4,"[0.0,0.95]",0.0,
gridded-table-0104,,CDRUD2_table,CDRUD2_fn,inline-function,2,"[3,13]",DRUD_PTS;XMACH1_PTS,5,"[0.0,1.1]",0.0,
gridded-table-0104,,CDRUD2_table,CDRUD2_fn,inline-function,2,"[3,13]",DRUD_PTS;XMACH1_PTS,6,"[0.0,1.2]",0.0,
gridded-table-0104,,CDRUD2_table,CDRUD2_fn,inline-function,2,"[3,13]",DRUD_PTS;XMACH1_PTS,7,"[0.0,1.6]",0.0,
gridded-table-0104,,CDRUD2_table,CDRUD2_fn,inline-function,2,"[3,13]",DRUD_PTS;XMACH1_PTS,8,"[0.0,2.0]",0.0,
gridded-table-0104,,CDRUD2_table,CDRUD2_fn,inline-function,2,"[3,13]",DRUD_PTS;XMACH1_PTS,9,"[0.0,2.5]",0.0,
gridded-table-0104,,CDRUD2_table,CDRUD2_fn,inline-function,2,"[3,13]",DRUD_PTS;XMACH1_PTS,10,"[0.0,3.0]",0.0,
gridded-table-0104,,CDRUD2_table,CDRUD2_fn,inline-function,2,"[3,13]",DRUD_PTS;XMACH1_PTS,11,"[0.0,3.5]",0.0,
gridded-table-0104,,CDRUD2_table,CDRUD2_fn,inline-function,2,"[3,13]",DRUD_PTS;XMACH1_PTS,12,"[0.0,4.0]",0.0,
gridded-table-0104,,CDRUD2_table,CDRUD2_fn,inline-function,2,"[3,13]",DRUD_PTS;XMACH1_PTS,13,"[15.0,0.3]",7.8507e-05,
gridded-table-0104,,CDRUD2_table,CDRUD2_fn,inline-function,2,"[3,13]",DRUD_PTS;XMACH1_PTS,14,"[15.0,0.6]",-0.00019287,
gridded-table-0104,,CDRUD2_table,CDRUD2_fn,inline-function,2,"[3,13]",DRUD_PTS;XMACH1_PTS,15,"[15.0,0.8]",-0.00012167,
gridded-table-0104,,CDRUD2_table,CDRUD2_fn,inline-function,2,"[3,13]",DRUD_PTS;XMACH1_PTS,16,"[15.0,0.9]",0.00074156,
gridded-table-0104,,CDRUD2_table,CDRUD2_fn,inline-function,2,"[3,13]",DRUD_PTS;XMACH1_PTS,17,"[15.0,0.95]",1.2871e-05,
gridded-table-0104,,CDRUD2_table,CDRUD2_fn,inline-function,2,"[3,13]",DRUD_PTS;XMACH1_PTS,18,"[15.0,1.1]",-0.00021894,
gridded-table-0104,,CDRUD2_table,CDRUD2_fn,inline-function,2,"[3,13]",DRUD_PTS;XMACH1_PTS,19,"[15.0,1.2]",-0.00037359,
gridded-table-0104,,CDRUD2_table,CDRUD2_fn,inline-function,2,"[3,13]",DRUD_PTS;XMACH1_PTS,20,"[15.0,1.6]",-0.00099196,
gridded-table-0104,,CDRUD2_table,CDRUD2_fn,inline-function,2,"[3,13]",DRUD_PTS;XMACH1_PTS,21,"[15.0,2.0]",9.8221e-05,
gridded-table-0104,,CDRUD2_table,CDRUD2_fn,inline-function,2,"[3,13]",DRUD_PTS;XMACH1_PTS,22,"[15.0,2.5]",-5.8303e-05,
gridded-table-0104,,CDRUD2_table,CDRUD2_fn,inline-function,2,"[3,13]",DRUD_PTS;XMACH1_PTS,23,"[15.0,3.0]",0.0,
gridded-table-0104,,CDRUD2_table,CDRUD2_fn,inline-function,2,"[3,13]",DRUD_PTS;XMACH1_PTS,24,"[15.0,3.5]",0.0,
gridded-table-0104,,CDRUD2_table,CDRUD2_fn,inline-function,2,"[3,13]",DRUD_PTS;XMACH1_PTS,25,"[15.0,4.0]",0.0,
gridded-table-0104,,CDRUD2_table,CDRUD2_fn,inline-function,2,"[3,13]",DRUD_PTS;XMACH1_PTS,26,"[30.0,0.3]",-5.773e-05,
gridded-table-0104,,CDRUD2_table,CDRUD2_fn,inline-function,2,"[3,13]",DRUD_PTS;XMACH1_PTS,27,"[30.0,0.6]",-0.00038573,
gridded-table-0104,,CDRUD2_table,CDRUD2_fn,inline-function,2,"[3,13]",DRUD_PTS;XMACH1_PTS,28,"[30.0,0.8]",-0.00024335,
gridded-table-0104,,CDRUD2_table,CDRUD2_fn,inline-function,2,"[3,13]",DRUD_PTS;XMACH1_PTS,29,"[30.0,0.9]",0.0014831,
gridded-table-0104,,CDRUD2_table,CDRUD2_fn,inline-function,2,"[3,13]",DRUD_PTS;XMACH1_PTS,30,"[30.0,0.95]",2.5742e-05,
gridded-table-0104,,CDRUD2_table,CDRUD2_fn,inline-function,2,"[3,13]",DRUD_PTS;XMACH1_PTS,31,"[30.0,1.1]",-0.00043789,
gridded-table-0104,,CDRUD2_table,CDRUD2_fn,inline-function,2,"[3,13]",DRUD_PTS;XMACH1_PTS,32,"[30.0,1.2]",-0.00074718,
gridded-table-0104,,CDRUD2_table,CDRUD2_fn,inline-function,2,"[3,13]",DRUD_PTS;XMACH1_PTS,33,"[30.0,1.6]",-0.0019839,
gridded-table-0104,,CDRUD2_table,CDRUD2_fn,inline-function,2,"[3,13]",DRUD_PTS;XMACH1_PTS,34,"[30.0,2.0]",0.00019644,
gridded-table-0104,,CDRUD2_table,CDRUD2_fn,inline-function,2,"[3,13]",DRUD_PTS;XMACH1_PTS,35,"[30.0,2.5]",-0.00011661,
gridded-table-0104,,CDRUD2_table,CDRUD2_fn,inline-function,2,"[3,13]",DRUD_PTS;XMACH1_PTS,36,"[30.0,3.0]",0.0,
gridded-table-0104,,CDRUD2_table,CDRUD2_fn,inline-function,2,"[3,13]",DRUD_PTS;XMACH1_PTS,37,"[30.0,3.5]",0.0,
gridded-table-0104,,CDRUD2_table,CDRUD2_fn,inline-function,2,"[3,13]",DRUD_PTS;XMACH1_PTS,38,"[30.0,4.0]",0.0,
gridded-table-0105,,CDRUD3_table,CDRUD3_fn,inline-function,2,"[3,13]",DRUD_PTS;XMACH1_PTS,0,"[0.0,0.3]",0.0,
gridded-table-0105,,CDRUD3_table,CDRUD3_fn,inline-function,2,"[3,13]",DRUD_PTS;XMACH1_PTS,1,"[0.0,0.6]",0.0,
gridded-table-0105,,CDRUD3_table,CDRUD3_fn,inline-function,2,"[3,13]",DRUD_PTS;XMACH1_PTS,2,"[0.0,0.8]",0.0,
gridded-table-0105,,CDRUD3_table,CDRUD3_fn,inline-function,2,"[3,13]",DRUD_PTS;XMACH1_PTS,3,"[0.0,0.9]",0.0,
gridded-table-0105,,CDRUD3_table,CDRUD3_fn,inline-function,2,"[3,13]",DRUD_PTS;XMACH1_PTS,4,"[0.0,0.95]",0.0,
gridded-table-0105,,CDRUD3_table,CDRUD3_fn,inline-function,2,"[3,13]",DRUD_PTS;XMACH1_PTS,5,"[0.0,1.1]",0.0,
gridded-table-0105,,CDRUD3_table,CDRUD3_fn,inline-function,2,"[3,13]",DRUD_PTS;XMACH1_PTS,6,"[0.0,1.2]",0.0,
gridded-table-0105,,CDRUD3_table,CDRUD3_fn,inline-function,2,"[3,13]",DRUD_PTS;XMACH1_PTS,7,"[0.0,1.6]",0.0,
gridded-table-0105,,CDRUD3_table,CDRUD3_fn,inline-function,2,"[3,13]",DRUD_PTS;XMACH1_PTS,8,"[0.0,2.0]",0.0,
gridded-table-0105,,CDRUD3_table,CDRUD3_fn,inline-function,2,"[3,13]",DRUD_PTS;XMACH1_PTS,9,"[0.0,2.5]",0.0,
gridded-table-0105,,CDRUD3_table,CDRUD3_fn,inline-function,2,"[3,13]",DRUD_PTS;XMACH1_PTS,10,"[0.0,3.0]",0.0,
gridded-table-0105,,CDRUD3_table,CDRUD3_fn,inline-function,2,"[3,13]",DRUD_PTS;XMACH1_PTS,11,"[0.0,3.5]",0.0,
gridded-table-0105,,CDRUD3_table,CDRUD3_fn,inline-function,2,"[3,13]",DRUD_PTS;XMACH1_PTS,12,"[0.0,4.0]",0.0,
gridded-table-0105,,CDRUD3_table,CDRUD3_fn,inline-function,2,"[3,13]",DRUD_PTS;XMACH1_PTS,13,"[15.0,0.3]",-1.9218e-06,
gridded-table-0105,,CDRUD3_table,CDRUD3_fn,inline-function,2,"[3,13]",DRUD_PTS;XMACH1_PTS,14,"[15.0,0.6]",5.9425e-06,
gridded-table-0105,,CDRUD3_table,CDRUD3_fn,inline-function,2,"[3,13]",DRUD_PTS;XMACH1_PTS,15,"[15.0,0.8]",5.0234e-06,
gridded-table-0105,,CDRUD3_table,CDRUD3_fn,inline-function,2,"[3,13]",DRUD_PTS;XMACH1_PTS,16,"[15.0,0.9]",-2.3953e-05,
gridded-table-0105,,CDRUD3_table,CDRUD3_fn,inline-function,2,"[3,13]",DRUD_PTS;XMACH1_PTS,17,"[15.0,0.95]",4.552e-06,
gridded-table-0105,,CDRUD3_table,CDRUD3_fn,inline-function,2,"[3,13]",DRUD_PTS;XMACH1_PTS,18,"[15.0,1.1]",1.4552e-05,
gridded-table-0105,,CDRUD3_table,CDRUD3_fn,inline-function,2,"[3,13]",DRUD_PTS;XMACH1_PTS,19,"[15.0,1.2]",2.1223e-05,
gridded-table-0105,,CDRUD3_table,CDRUD3_fn,inline-function,2,"[3,13]",DRUD_PTS;XMACH1_PTS,20,"[15.0,1.6]",4.7899e-05,
gridded-table-0105,,CDRUD3_table,CDRUD3_fn,inline-function,2,"[3,13]",DRUD_PTS;XMACH1_PTS,21,"[15.0,2.0]",-4.2327e-06,
gridded-table-0105,,CDRUD3_table,CDRUD3_fn,inline-function,2,"[3,13]",DRUD_PTS;XMACH1_PTS,22,"[15.0,2.5]",7.6946e-07,
gridded-table-0105,,CDRUD3_table,CDRUD3_fn,inline-function,2,"[3,13]",DRUD_PTS;XMACH1_PTS,23,"[15.0,3.0]",0.0,
gridded-table-0105,,CDRUD3_table,CDRUD3_fn,inline-function,2,"[3,13]",DRUD_PTS;XMACH1_PTS,24,"[15.0,3.5]",0.0,
gridded-table-0105,,CDRUD3_table,CDRUD3_fn,inline-function,2,"[3,13]",DRUD_PTS;XMACH1_PTS,25,"[15.0,4.0]",0.0,
gridded-table-0105,,CDRUD3_table,CDRUD3_fn,inline-function,2,"[3,13]",DRUD_PTS;XMACH1_PTS,26,"[30.0,0.3]",8.4814e-07,
gridded-table-0105,,CDRUD3_table,CDRUD3_fn,inline-function,2,"[3,13]",DRUD_PTS;XMACH1_PTS,27,"[30.0,0.6]",1.1885e-05,
gridded-table-0105,,CDRUD3_table,CDRUD3_fn,inline-function,2,"[3,13]",DRUD_PTS;XMACH1_PTS,28,"[30.0,0.8]",1.0047e-05,
gridded-table-0105,,CDRUD3_table,CDRUD3_fn,inline-function,2,"[3,13]",DRUD_PTS;XMACH1_PTS,29,"[30.0,0.9]",-4.7905e-05,
gridded-table-0105,,CDRUD3_table,CDRUD3_fn,inline-function,2,"[3,13]",DRUD_PTS;XMACH1_PTS,30,"[30.0,0.95]",9.1041e-06,
gridded-table-0105,,CDRUD3_table,CDRUD3_fn,inline-function,2,"[3,13]",DRUD_PTS;XMACH1_PTS,31,"[30.0,1.1]",2.9104e-05,
gridded-table-0105,,CDRUD3_table,CDRUD3_fn,inline-function,2,"[3,13]",DRUD_PTS;XMACH1_PTS,32,"[30.0,1.2]",4.2447e-05,
gridded-table-0105,,CDRUD3_table,CDRUD3_fn,inline-function,2,"[3,13]",DRUD_PTS;XMACH1_PTS,33,"[30.0,1.6]",9.5798e-05,
gridded-table-0105,,CDRUD3_table,CDRUD3_fn,inline-function,2,"[3,13]",DRUD_PTS;XMACH1_PTS,34,"[30.0,2.0]",-8.4655e-06,
gridded-table-0105,,CDRUD3_table,CDRUD3_fn,inline-function,2,"[3,13]",DRUD_PTS;XMACH1_PTS,35,"[30.0,2.5]",1.5389e-06,
gridded-table-0105,,CDRUD3_table,CDRUD3_fn,inline-function,2,"[3,13]",DRUD_PTS;XMACH1_PTS,36,"[30.0,3.0]",0.0,
gridded-table-0105,,CDRUD3_table,CDRUD3_fn,inline-function,2,"[3,13]",DRUD_PTS;XMACH1_PTS,37,"[30.0,3.5]",0.0,
gridded-table-0105,,CDRUD3_table,CDRUD3_fn,inline-function,2,"[3,13]",DRUD_PTS;XMACH1_PTS,38,"[30.0,4.0]",0.0,
gridded-table-0106,,CMRUD0_table,CMRUD0_fn,inline-function,2,"[3,13]",DRUD_PTS;XMACH1_PTS,0,"[0.0,0.3]",0.0,
gridded-table-0106,,CMRUD0_table,CMRUD0_fn,inline-function,2,"[3,13]",DRUD_PTS;XMACH1_PTS,1,"[0.0,0.6]",0.0,
gridded-table-0106,,CMRUD0_table,CMRUD0_fn,inline-function,2,"[3,13]",DRUD_PTS;XMACH1_PTS,2,"[0.0,0.8]",0.0,
gridded-table-0106,,CMRUD0_table,CMRUD0_fn,inline-function,2,"[3,13]",DRUD_PTS;XMACH1_PTS,3,"[0.0,0.9]",0.0,
gridded-table-0106,,CMRUD0_table,CMRUD0_fn,inline-function,2,"[3,13]",DRUD_PTS;XMACH1_PTS,4,"[0.0,0.95]",0.0,
gridded-table-0106,,CMRUD0_table,CMRUD0_fn,inline-function,2,"[3,13]",DRUD_PTS;XMACH1_PTS,5,"[0.0,1.1]",0.0,
gridded-table-0106,,CMRUD0_table,CMRUD0_fn,inline-function,2,"[3,13]",DRUD_PTS;XMACH1_PTS,6,"[0.0,1.2]",0.0,
gridded-table-0106,,CMRUD0_table,CMRUD0_fn,inline-function,2,"[3,13]",DRUD_PTS;XMACH1_PTS,7,"[0.0,1.6]",0.0,
gridded-table-0106,,CMRUD0_table,CMRUD0_fn,inline-function,2,"[3,13]",DRUD_PTS;XMACH1_PTS,8,"[0.0,2.0]",0.0,
gridded-table-0106,,CMRUD0_table,CMRUD0_fn,inline-function,2,"[3,13]",DRUD_PTS;XMACH1_PTS,9,"[0.0,2.5]",0.0,
gridded-table-0106,,CMRUD0_table,CMRUD0_fn,inline-function,2,"[3,13]",DRUD_PTS;XMACH1_PTS,10,"[0.0,3.0]",0.0,
gridded-table-0106,,CMRUD0_table,CMRUD0_fn,inline-function,2,"[3,13]",DRUD_PTS;XMACH1_PTS,11,"[0.0,3.5]",0.0,
gridded-table-0106,,CMRUD0_table,CMRUD0_fn,inline-function,2,"[3,13]",DRUD_PTS;XMACH1_PTS,12,"[0.0,4.0]",0.0,
gridded-table-0106,,CMRUD0_table,CMRUD0_fn,inline-function,2,"[3,13]",DRUD_PTS;XMACH1_PTS,13,"[15.0,0.3]",0.0037241,
gridded-table-0106,,CMRUD0_table,CMRUD0_fn,inline-function,2,"[3,13]",DRUD_PTS;XMACH1_PTS,14,"[15.0,0.6]",-0.0050575,
gridded-table-0106,,CMRUD0_table,CMRUD0_fn,inline-function,2,"[3,13]",DRUD_PTS;XMACH1_PTS,15,"[15.0,0.8]",-0.0051199,
gridded-table-0106,,CMRUD0_table,CMRUD0_fn,inline-function,2,"[3,13]",DRUD_PTS;XMACH1_PTS,16,"[15.0,0.9]",0.0035337,
gridded-table-0106,,CMRUD0_table,CMRUD0_fn,inline-function,2,"[3,13]",DRUD_PTS;XMACH1_PTS,17,"[15.0,0.95]",-0.0036619,
gridded-table-0106,,CMRUD0_table,CMRUD0_fn,inline-function,2,"[3,13]",DRUD_PTS;XMACH1_PTS,18,"[15.0,1.1]",-0.0030339,
gridded-table-0106,,CMRUD0_table,CMRUD0_fn,inline-function,2,"[3,13]",DRUD_PTS;XMACH1_PTS,19,"[15.0,1.2]",-0.002615,
gridded-table-0106,,CMRUD0_table,CMRUD0_fn,inline-function,2,"[3,13]",DRUD_PTS;XMACH1_PTS,20,"[15.0,1.6]",-0.00093987,
gridded-table-0106,,CMRUD0_table,CMRUD0_fn,inline-function,2,"[3,13]",DRUD_PTS;XMACH1_PTS,21,"[15.0,2.0]",0.0010229,
gridded-table-0106,,CMRUD0_table,CMRUD0_fn,inline-function,2,"[3,13]",DRUD_PTS;XMACH1_PTS,22,"[15.0,2.5]",0.0012199,
gridded-table-0106,,CMRUD0_table,CMRUD0_fn,inline-function,2,"[3,13]",DRUD_PTS;XMACH1_PTS,23,"[15.0,3.0]",0.0,
gridded-table-0106,,CMRUD0_table,CMRUD0_fn,inline-function,2,"[3,13]",DRUD_PTS;XMACH1_PTS,24,"[15.0,3.5]",0.0,
gridded-table-0106,,CMRUD0_table,CMRUD0_fn,inline-function,2,"[3,13]",DRUD_PTS;XMACH1_PTS,25,"[15.0,4.0]",0.0,
gridded-table-0106,,CMRUD0_table,CMRUD0_fn,inline-function,2,"[3,13]",DRUD_PTS;XMACH1_PTS,26,"[30.0,0.3]",0.0065176,
gridded-table-0106,,CMRUD0_table,CMRUD0_fn,inline-function,2,"[3,13]",DRUD_PTS;XMACH1_PTS,27,"[30.0,0.6]",-0.010115,
gridded-table-0106,,CMRUD0_table,CMRUD0_fn,inline-function,2,"[3,13]",DRUD_PTS;XMACH1_PTS,28,"[30.0,0.8]",-0.01024,
gridded-table-0106,,CMRUD0_table,CMRUD0_fn,inline-function,2,"[3,13]",DRUD_PTS;XMACH1_PTS,29,"[30.0,0.9]",0.0070675,
gridded-table-0106,,CMRUD0_table,CMRUD0_fn,inline-function,2,"[3,13]",DRUD_PTS;XMACH1_PTS,30,"[30.0,0.95]",-0.0073238,
gridded-table-0106,,CMRUD0_table,CMRUD0_fn,inline-function,2,"[3,13]",DRUD_PTS;XMACH1_PTS,31,"[30.0,1.1]",-0.0060679,
gridded-table-0106,,CMRUD0_table,CMRUD0_fn,inline-function,2,"[3,13]",DRUD_PTS;XMACH1_PTS,32,"[30.0,1.2]",-0.00523,
gridded-table-0106,,CMRUD0_table,CMRUD0_fn,inline-function,2,"[3,13]",DRUD_PTS;XMACH1_PTS,33,"[30.0,1.6]",-0.0018797,
gridded-table-0106,,CMRUD0_table,CMRUD0_fn,inline-function,2,"[3,13]",DRUD_PTS;XMACH1_PTS,34,"[30.0,2.0]",0.0020458,
gridded-table-0106,,CMRUD0_table,CMRUD0_fn,inline-function,2,"[3,13]",DRUD_PTS;XMACH1_PTS,35,"[30.0,2.5]",0.0024397,
gridded-table-0106,,CMRUD0_table,CMRUD0_fn,inline-function,2,"[3,13]",DRUD_PTS;XMACH1_PTS,36,"[30.0,3.0]",0.0,
gridded-table-0106,,CMRUD0_table,CMRUD0_fn,inline-function,2,"[3,13]",DRUD_PTS;XMACH1_PTS,37,"[30.0,3.5]",0.0,
gridded-table-0106,,CMRUD0_table,CMRUD0_fn,inline-function,2,"[3,13]",DRUD_PTS;XMACH1_PTS,38,"[30.0,4.0]",0.0,
gridded-table-0107,,CMRUD1_table,CMRUD1_fn,inline-function,2,"[3,13]",DRUD_PTS;XMACH1_PTS,0,"[0.0,0.3]",0.0,
gridded-table-0107,,CMRUD1_table,CMRUD1_fn,inline-function,2,"[3,13]",DRUD_PTS;XMACH1_PTS,1,"[0.0,0.6]",0.0,
gridded-table-0107,,CMRUD1_table,CMRUD1_fn,inline-function,2,"[3,13]",DRUD_PTS;XMACH1_PTS,2,"[0.0,0.8]",0.0,
gridded-table-0107,,CMRUD1_table,CMRUD1_fn,inline-function,2,"[3,13]",DRUD_PTS;XMACH1_PTS,3,"[0.0,0.9]",0.0,
gridded-table-0107,,CMRUD1_table,CMRUD1_fn,inline-function,2,"[3,13]",DRUD_PTS;XMACH1_PTS,4,"[0.0,0.95]",0.0,
gridded-table-0107,,CMRUD1_table,CMRUD1_fn,inline-function,2,"[3,13]",DRUD_PTS;XMACH1_PTS,5,"[0.0,1.1]",0.0,
gridded-table-0107,,CMRUD1_table,CMRUD1_fn,inline-function,2,"[3,13]",DRUD_PTS;XMACH1_PTS,6,"[0.0,1.2]",0.0,
gridded-table-0107,,CMRUD1_table,CMRUD1_fn,inline-function,2,"[3,13]",DRUD_PTS;XMACH1_PTS,7,"[0.0,1.6]",0.0,
gridded-table-0107,,CMRUD1_table,CMRUD1_fn,inline-function,2,"[3,13]",DRUD_PTS;XMACH1_PTS,8,"[0.0,2.0]",0.0,
gridded-table-0107,,CMRUD1_table,CMRUD1_fn,inline-function,2,"[3,13]",DRUD_PTS;XMACH1_PTS,9,"[0.0,2.5]",0.0,
gridded-table-0107,,CMRUD1_table,CMRUD1_fn,inline-function,2,"[3,13]",DRUD_PTS;XMACH1_PTS,10,"[0.0,3.0]",0.0,
gridded-table-0107,,CMRUD1_table,CMRUD1_fn,inline-function,2,"[3,13]",DRUD_PTS;XMACH1_PTS,11,"[0.0,3.5]",0.0,
gridded-table-0107,,CMRUD1_table,CMRUD1_fn,inline-function,2,"[3,13]",DRUD_PTS;XMACH1_PTS,12,"[0.0,4.0]",0.0,
gridded-table-0107,,CMRUD1_table,CMRUD1_fn,inline-function,2,"[3,13]",DRUD_PTS;XMACH1_PTS,13,"[15.0,0.3]",-0.00032643,
gridded-table-0107,,CMRUD1_table,CMRUD1_fn,inline-function,2,"[3,13]",DRUD_PTS;XMACH1_PTS,14,"[15.0,0.6]",-0.00080859,
gridded-table-0107,,CMRUD1_table,CMRUD1_fn,inline-function,2,"[3,13]",DRUD_PTS;XMACH1_PTS,15,"[15.0,0.8]",0.00088543,
gridded-table-0107,,CMRUD1_table,CMRUD1_fn,inline-function,2,"[3,13]",DRUD_PTS;XMACH1_PTS,16,"[15.0,0.9]",0.0013856,
gridded-table-0107,,CMRUD1_table,CMRUD1_fn,inline-function,2,"[3,13]",DRUD_PTS;XMACH1_PTS,17,"[15.0,0.95]",-0.00080692,
gridded-table-0107,,CMRUD1_table,CMRUD1_fn,inline-function,2,"[3,13]",DRUD_PTS;XMACH1_PTS,18,"[15.0,1.1]",-0.0009053,
gridded-table-0107,,CMRUD1_table,CMRUD1_fn,inline-function,2,"[3,13]",DRUD_PTS;XMACH1_PTS,19,"[15.0,1.2]",-0.00097093,
gridded-table-0107,,CMRUD1_table,CMRUD1_fn,inline-function,2,"[3,13]",DRUD_PTS;XMACH1_PTS,20,"[15.0,1.6]",-0.0012334,
gridded-table-0107,,CMRUD1_table,CMRUD1_fn,inline-function,2,"[3,13]",DRUD_PTS;XMACH1_PTS,21,"[15.0,2.0]",-2.4922e-05,
gridded-table-0107,,CMRUD1_table,CMRUD1_fn,inline-function,2,"[3,13]",DRUD_PTS;XMACH1_PTS,22,"[15.0,2.5]",0.00025017,
gridded-table-0107,,CMRUD1_table,CMRUD1_fn,inline-function,2,"[3,13]",DRUD_PTS;XMACH1_PTS,23,"[15.0,3.0]",0.0,
gridded-table-0107,,CMRUD1_table,CMRUD1_fn,inline-function,2,"[3,13]",DRUD_PTS;XMACH1_PTS,24,"[15.0,3.5]",0.0,
gridded-table-0107,,CMRUD1_table,CMRUD1_fn,inline-function,2,"[3,13]",DRUD_PTS;XMACH1_PTS,25,"[15.0,4.0]",0.0,
gridded-table-0107,,CMRUD1_table,CMRUD1_fn,inline-function,2,"[3,13]",DRUD_PTS;XMACH1_PTS,26,"[30.0,0.3]",-0.00043028,
gridded-table-0107,,CMRUD1_table,CMRUD1_fn,inline-function,2,"[3,13]",DRUD_PTS;XMACH1_PTS,27,"[30.0,0.6]",-0.0016172,
gridded-table-0107,,CMRUD1_table,CMRUD1_fn,inline-function,2,"[3,13]",DRUD_PTS;XMACH1_PTS,28,"[30.0,0.8]",0.0017709,
gridded-table-0107,,CMRUD1_table,CMRUD1_fn,inline-function,2,"[3,13]",DRUD_PTS;XMACH1_PTS,29,"[30.0,0.9]",0.0027713,
gridded-table-0107,,CMRUD1_table,CMRUD1_fn,inline-function,2,"[3,13]",DRUD_PTS;XMACH1_PTS,30,"[30.0,0.95]",-0.0016138,
gridded-table-0107,,CMRUD1_table,CMRUD1_fn,inline-function,2,"[3,13]",DRUD_PTS;XMACH1_PTS,31,"[30.0,1.1]",-0.0018106,
gridded-table-0107,,CMRUD1_table,CMRUD1_fn,inline-function,2,"[3,13]",DRUD_PTS;XMACH1_PTS,32,"[30.0,1.2]",-0.0019419,
gridded-table-0107,,CMRUD1_table,CMRUD1_fn,inline-function,2,"[3,13]",DRUD_PTS;XMACH1_PTS,33,"[30.0,1.6]",-0.0024667,
gridded-table-0107,,CMRUD1_table,CMRUD1_fn,inline-function,2,"[3,13]",DRUD_PTS;XMACH1_PTS,34,"[30.0,2.0]",-4.9844e-05,
gridded-table-0107,,CMRUD1_table,CMRUD1_fn,inline-function,2,"[3,13]",DRUD_PTS;XMACH1_PTS,35,"[30.0,2.5]",0.00050033,
gridded-table-0107,,CMRUD1_table,CMRUD1_fn,inline-function,2,"[3,13]",DRUD_PTS;XMACH1_PTS,36,"[30.0,3.0]",0.0,
gridded-table-0107,,CMRUD1_table,CMRUD1_fn,inline-function,2,"[3,13]",DRUD_PTS;XMACH1_PTS,37,"[30.0,3.5]",0.0,
gridded-table-0107,,CMRUD1_table,CMRUD1_fn,inline-function,2,"[3,13]",DRUD_PTS;XMACH1_PTS,38,"[30.0,4.0]",0.0,
gridded-table-0108,,CMRUD2_table,CMRUD2_fn,inline-function,2,"[3,13]",DRUD_PTS;XMACH1_PTS,0,"[0.0,0.3]",0.0,
gridded-table-0108,,CMRUD2_table,CMRUD2_fn,inline-function,2,"[3,13]",DRUD_PTS;XMACH1_PTS,1,"[0.0,0.6]",0.0,
gridded-table-0108,,CMRUD2_table,CMRUD2_fn,inline-function,2,"[3,13]",DRUD_PTS;XMACH1_PTS,2,"[0.0,0.8]",0.0,
gridded-table-0108,,CMRUD2_table,CMRUD2_fn,inline-function,2,"[3,13]",DRUD_PTS;XMACH1_PTS,3,"[0.0,0.9]",0.0,
gridded-table-0108,,CMRUD2_table,CMRUD2_fn,inline-function,2,"[3,13]",DRUD_PTS;XMACH1_PTS,4,"[0.0,0.95]",0.0,
gridded-table-0108,,CMRUD2_table,CMRUD2_fn,inline-function,2,"[3,13]",DRUD_PTS;XMACH1_PTS,5,"[0.0,1.1]",0.0,
gridded-table-0108,,CMRUD2_table,CMRUD2_fn,inline-function,2,"[3,13]",DRUD_PTS;XMACH1_PTS,6,"[0.0,1.2]",0.0,
gridded-table-0108,,CMRUD2_table,CMRUD2_fn,inline-function,2,"[3,13]",DRUD_PTS;XMACH1_PTS,7,"[0.0,1.6]",0.0,
gridded-table-0108,,CMRUD2_table,CMRUD2_fn,inline-function,2,"[3,13]",DRUD_PTS;XMACH1_PTS,8,"[0.0,2.0]",0.0,
gridded-table-0108,,CMRUD2_table,CMRUD2_fn,inline-function,2,"[3,13]",DRUD_PTS;XMACH1_PTS,9,"[0.0,2.5]",0.0,
gridded-table-0108,,CMRUD2_table,CMRUD2_fn,inline-function,2,"[3,13]",DRUD_PTS;XMACH1_PTS,10,"[0.0,3.0]",0.0,
gridded-table-0108,,CMRUD2_table,CMRUD2_fn,inline-function,2,"[3,13]",DRUD_PTS;XMACH1_PTS,11,"[0.0,3.5]",0.0,
gridded-table-0108,,CMRUD2_table,CMRUD2_fn,inline-function,2,"[3,13]",DRUD_PTS;XMACH1_PTS,12,"[0.0,4.0]",0.0,
gridded-table-0108,,CMRUD2_table,CMRUD2_fn,inline-function,2,"[3,13]",DRUD_PTS;XMACH1_PTS,13,"[15.0,0.3]",1.7728e-05,
gridded-table-0108,,CMRUD2_table,CMRUD2_fn,inline-function,2,"[3,13]",DRUD_PTS;XMACH1_PTS,14,"[15.0,0.6]",0.00016214,
gridded-table-0108,,CMRUD2_table,CMRUD2_fn,inline-function,2,"[3,13]",DRUD_PTS;XMACH1_PTS,15,"[15.0,0.8]",-3.3473e-05,
gridded-table-0108,,CMRUD2_table,CMRUD2_fn,inline-function,2,"[3,13]",DRUD_PTS;XMACH1_PTS,16,"[15.0,0.9]",-0.00034888,
gridded-table-0108,,CMRUD2_table,CMRUD2_fn,inline-function,2,"[3,13]",DRUD_PTS;XMACH1_PTS,17,"[15.0,0.95]",0.00022583,
gridded-table-0108,,CMRUD2_table,CMRUD2_fn,inline-function,2,"[3,13]",DRUD_PTS;XMACH1_PTS,18,"[15.0,1.1]",0.00027427,
gridded-table-0108,,CMRUD2_table,CMRUD2_fn,inline-function,2,"[3,13]",DRUD_PTS;XMACH1_PTS,19,"[15.0,1.2]",0.00030659,
gridded-table-0108,,CMRUD2_table,CMRUD2_fn,inline-function,2,"[3,13]",DRUD_PTS;XMACH1_PTS,20,"[15.0,1.6]",0.0004358,
gridded-table-0108,,CMRUD2_table,CMRUD2_fn,inline-function,2,"[3,13]",DRUD_PTS;XMACH1_PTS,21,"[15.0,2.0]",3.7094e-05,
gridded-table-0108,,CMRUD2_table,CMRUD2_fn,inline-function,2,"[3,13]",DRUD_PTS;XMACH1_PTS,22,"[15.0,2.5]",-1.5038e-05,
gridded-table-0108,,CMRUD2_table,CMRUD2_fn,inline-function,2,"[3,13]",DRUD_PTS;XMACH1_PTS,23,"[15.0,3.0]",0.0,
gridded-table-0108,,CMRUD2_table,CMRUD2_fn,inline-function,2,"[3,13]",DRUD_PTS;XMACH1_PTS,24,"[15.0,3.5]",0.0,
gridded-table-0108,,CMRUD2_table,CMRUD2_fn,inline-function,2,"[3,13]",DRUD_PTS;XMACH1_PTS,25,"[15.0,4.0]",0.0,
gridded-table-0108,,CMRUD2_table,CMRUD2_fn,inline-function,2,"[3,13]",DRUD_PTS;XMACH1_PTS,26,"[30.0,0.3]",3.4151e-05,
gridded-table-0108,,CMRUD2_table,CMRUD2_fn,inline-function,2,"[3,13]",DRUD_PTS;XMACH1_PTS,27,"[30.0,0.6]",0.00032427,
gridded-table-0108,,CMRUD2_table,CMRUD2_fn,inline-function,2,"[3,13]",DRUD_PTS;XMACH1_PTS,28,"[30.0,0.8]",-6.6946e-05,
gridded-table-0108,,CMRUD2_table,CMRUD2_fn,inline-function,2,"[3,13]",DRUD_PTS;XMACH1_PTS,29,"[30.0,0.9]",-0.00069776,
gridded-table-0108,,CMRUD2_table,CMRUD2_fn,inline-function,2,"[3,13]",DRUD_PTS;XMACH1_PTS,30,"[30.0,0.95]",0.00045166,
gridded-table-0108,,CMRUD2_table,CMRUD2_fn,inline-function,2,"[3,13]",DRUD_PTS;XMACH1_PTS,31,"[30.0,1.1]",0.00054854,
gridded-table-0108,,CMRUD2_table,CMRUD2_fn,inline-function,2,"[3,13]",DRUD_PTS;XMACH1_PTS,32,"[30.0,1.2]",0.00061317,
gridded-table-0108,,CMRUD2_table,CMRUD2_fn,inline-function,2,"[3,13]",DRUD_PTS;XMACH1_PTS,33,"[30.0,1.6]",0.00087161,
gridded-table-0108,,CMRUD2_table,CMRUD2_fn,inline-function,2,"[3,13]",DRUD_PTS;XMACH1_PTS,34,"[30.0,2.0]",7.4188e-05,
gridded-table-0108,,CMRUD2_table,CMRUD2_fn,inline-function,2,"[3,13]",DRUD_PTS;XMACH1_PTS,35,"[30.0,2.5]",-3.0076e-05,
gridded-table-0108,,CMRUD2_table,CMRUD2_fn,inline-function,2,"[3,13]",DRUD_PTS;XMACH1_PTS,36,"[30.0,3.0]",0.0,
gridded-table-0108,,CMRUD2_table,CMRUD2_fn,inline-function,2,"[3,13]",DRUD_PTS;XMACH1_PTS,37,"[30.0,3.5]",0.0,
gridded-table-0108,,CMRUD2_table,CMRUD2_fn,inline-function,2,"[3,13]",DRUD_PTS;XMACH1_PTS,38,"[30.0,4.0]",0.0,
gridded-table-0109,,CMRUD3_table,CMRUD3_fn,inline-function,2,"[3,13]",DRUD_PTS;XMACH1_PTS,0,"[0.0,0.3]",0.0,
gridded-table-0109,,CMRUD3_table,CMRUD3_fn,inline-function,2,"[3,13]",DRUD_PTS;XMACH1_PTS,1,"[0.0,0.6]",0.0,
gridded-table-0109,,CMRUD3_table,CMRUD3_fn,inline-function,2,"[3,13]",DRUD_PTS;XMACH1_PTS,2,"[0.0,0.8]",0.0,
gridded-table-0109,,CMRUD3_table,CMRUD3_fn,inline-function,2,"[3,13]",DRUD_PTS;XMACH1_PTS,3,"[0.0,0.9]",0.0,
gridded-table-0109,,CMRUD3_table,CMRUD3_fn,inline-function,2,"[3,13]",DRUD_PTS;XMACH1_PTS,4,"[0.0,0.95]",0.0,
gridded-table-0109,,CMRUD3_table,CMRUD3_fn,inline-function,2,"[3,13]",DRUD_PTS;XMACH1_PTS,5,"[0.0,1.1]",0.0,
gridded-table-0109,,CMRUD3_table,CMRUD3_fn,inline-function,2,"[3,13]",DRUD_PTS;XMACH1_PTS,6,"[0.0,1.2]",0.0,
gridded-table-0109,,CMRUD3_table,CMRUD3_fn,inline-function,2,"[3,13]",DRUD_PTS;XMACH1_PTS,7,"[0.0,1.6]",0.0,
gridded-table-0109,,CMRUD3_table,CMRUD3_fn,inline-function,2,"[3,13]",DRUD_PTS;XMACH1_PTS,8,"[0.0,2.0]",0.0,
gridded-table-0109,,CMRUD3_table,CMRUD3_fn,inline-function,2,"[3,13]",DRUD_PTS;XMACH1_PTS,9,"[0.0,2.5]",0.0,
gridded-table-0109,,CMRUD3_table,CMRUD3_fn,inline-function,2,"[3,13]",DRUD_PTS;XMACH1_PTS,10,"[0.0,3.0]",0.0,
gridded-table-0109,,CMRUD3_table,CMRUD3_fn,inline-function,2,"[3,13]",DRUD_PTS;XMACH1_PTS,11,"[0.0,3.5]",0.0,
gridded-table-0109,,CMRUD3_table,CMRUD3_fn,inline-function,2,"[3,13]",DRUD_PTS;XMACH1_PTS,12,"[0.0,4.0]",0.0,
gridded-table-0109,,CMRUD3_table,CMRUD3_fn,inline-function,2,"[3,13]",DRUD_PTS;XMACH1_PTS,13,"[15.0,0.3]",-4.0951e-07,
gridded-table-0109,,CMRUD3_table,CMRUD3_fn,inline-function,2,"[3,13]",DRUD_PTS;XMACH1_PTS,14,"[15.0,0.6]",-5.1378e-06,
gridded-table-0109,,CMRUD3_table,CMRUD3_fn,inline-function,2,"[3,13]",DRUD_PTS;XMACH1_PTS,15,"[15.0,0.8]",3.8241e-08,
gridded-table-0109,,CMRUD3_table,CMRUD3_fn,inline-function,2,"[3,13]",DRUD_PTS;XMACH1_PTS,16,"[15.0,0.9]",1.2929e-05,
gridded-table-0109,,CMRUD3_table,CMRUD3_fn,inline-function,2,"[3,13]",DRUD_PTS;XMACH1_PTS,17,"[15.0,0.95]",-7.8536e-06,
gridded-table-0109,,CMRUD3_table,CMRUD3_fn,inline-function,2,"[3,13]",DRUD_PTS;XMACH1_PTS,18,"[15.0,1.1]",-1.1276e-05,
gridded-table-0109,,CMRUD3_table,CMRUD3_fn,inline-function,2,"[3,13]",DRUD_PTS;XMACH1_PTS,19,"[15.0,1.2]",-1.3559e-05,
gridded-table-0109,,CMRUD3_table,CMRUD3_fn,inline-function,2,"[3,13]",DRUD_PTS;XMACH1_PTS,20,"[15.0,1.6]",-2.2689e-05,
gridded-table-0109,,CMRUD3_table,CMRUD3_fn,inline-function,2,"[3,13]",DRUD_PTS;XMACH1_PTS,21,"[15.0,2.0]",-2.0794e-06,
gridded-table-0109,,CMRUD3_table,CMRUD3_fn,inline-function,2,"[3,13]",DRUD_PTS;XMACH1_PTS,22,"[15.0,2.5]",3.4154e-07,
gridded-table-0109,,CMRUD3_table,CMRUD3_fn,inline-function,2,"[3,13]",DRUD_PTS;XMACH1_PTS,23,"[15.0,3.0]",0.0,
gridded-table-0109,,CMRUD3_table,CMRUD3_fn,inline-function,2,"[3,13]",DRUD_PTS;XMACH1_PTS,24,"[15.0,3.5]",0.0,
gridded-table-0109,,CMRUD3_table,CMRUD3_fn,inline-function,2,"[3,13]",DRUD_PTS;XMACH1_PTS,25,"[15.0,4.0]",0.0,
gridded-table-0109,,CMRUD3_table,CMRUD3_fn,inline-function,2,"[3,13]",DRUD_PTS;XMACH1_PTS,26,"[30.0,0.3]",-8.3397e-07,
gridded-table-0109,,CMRUD3_table,CMRUD3_fn,inline-function,2,"[3,13]",DRUD_PTS;XMACH1_PTS,27,"[30.0,0.6]",-1.0276e-05,
gridded-table-0109,,CMRUD3_table,CMRUD3_fn,inline-function,2,"[3,13]",DRUD_PTS;XMACH1_PTS,28,"[30.0,0.8]",7.6482e-08,
gridded-table-0109,,CMRUD3_table,CMRUD3_fn,inline-function,2,"[3,13]",DRUD_PTS;XMACH1_PTS,29,"[30.0,0.9]",2.5858e-05,
gridded-table-0109,,CMRUD3_table,CMRUD3_fn,inline-function,2,"[3,13]",DRUD_PTS;XMACH1_PTS,30,"[30.0,0.95]",-1.5707e-05,
gridded-table-0109,,CMRUD3_table,CMRUD3_fn,inline-function,2,"[3,13]",DRUD_PTS;XMACH1_PTS,31,"[30.0,1.1]",-2.2552e-05,
gridded-table-0109,,CMRUD3_table,CMRUD3_fn,inline-function,2,"[3,13]",DRUD_PTS;XMACH1_PTS,32,"[30.0,1.2]",-2.7119e-05,
gridded-table-0109,,CMRUD3_table,CMRUD3_fn,inline-function,2,"[3,13]",DRUD_PTS;XMACH1_PTS,33,"[30.0,1.6]",-4.5378e-05,
gridded-table-0109,,CMRUD3_table,CMRUD3_fn,inline-function,2,"[3,13]",DRUD_PTS;XMACH1_PTS,34,"[30.0,2.0]",-4.1588e-06,
gridded-table-0109,,CMRUD3_table,CMRUD3_fn,inline-function,2,"[3,13]",DRUD_PTS;XMACH1_PTS,35,"[30.0,2.5]",6.8307e-07,
gridded-table-0109,,CMRUD3_table,CMRUD3_fn,inline-function,2,"[3,13]",DRUD_PTS;XMACH1_PTS,36,"[30.0,3.0]",0.0,
gridded-table-0109,,CMRUD3_table,CMRUD3_fn,inline-function,2,"[3,13]",DRUD_PTS;XMACH1_PTS,37,"[30.0,3.5]",0.0,
gridded-table-0109,,CMRUD3_table,CMRUD3_fn,inline-function,2,"[3,13]",DRUD_PTS;XMACH1_PTS,38,"[30.0,4.0]",0.0,
gridded-table-0110,,CYRUD0_table,CYRUD0_fn,inline-function,2,"[3,13]",DRUD_PTS;XMACH1_PTS,0,"[0.0,0.3]",0.0,
gridded-table-0110,,CYRUD0_table,CYRUD0_fn,inline-function,2,"[3,13]",DRUD_PTS;XMACH1_PTS,1,"[0.0,0.6]",0.0,
gridded-table-0110,,CYRUD0_table,CYRUD0_fn,inline-function,2,"[3,13]",DRUD_PTS;XMACH1_PTS,2,"[0.0,0.8]",0.0,
gridded-table-0110,,CYRUD0_table,CYRUD0_fn,inline-function,2,"[3,13]",DRUD_PTS;XMACH1_PTS,3,"[0.0,0.9]",0.0,
gridded-table-0110,,CYRUD0_table,CYRUD0_fn,inline-function,2,"[3,13]",DRUD_PTS;XMACH1_PTS,4,"[0.0,0.95]",0.0,
gridded-table-0110,,CYRUD0_table,CYRUD0_fn,inline-function,2,"[3,13]",DRUD_PTS;XMACH1_PTS,5,"[0.0,1.1]",0.0,
gridded-table-0110,,CYRUD0_table,CYRUD0_fn,inline-function,2,"[3,13]",DRUD_PTS;XMACH1_PTS,6,"[0.0,1.2]",0.0,
gridded-table-0110,,CYRUD0_table,CYRUD0_fn,inline-function,2,"[3,13]",DRUD_PTS;XMACH1_PTS,7,"[0.0,1.6]",0.0,
gridded-table-0110,,CYRUD0_table,CYRUD0_fn,inline-function,2,"[3,13]",DRUD_PTS;XMACH1_PTS,8,"[0.0,2.0]",0.0,
gridded-table-0110,,CYRUD0_table,CYRUD0_fn,inline-function,2,"[3,13]",DRUD_PTS;XMACH1_PTS,9,"[0.0,2.5]",0.0,
gridded-table-0110,,CYRUD0_table,CYRUD0_fn,inline-function,2,"[3,13]",DRUD_PTS;XMACH1_PTS,10,"[0.0,3.0]",0.0,
gridded-table-0110,,CYRUD0_table,CYRUD0_fn,inline-function,2,"[3,13]",DRUD_PTS;XMACH1_PTS,11,"[0.0,3.5]",0.0,
gridded-table-0110,,CYRUD0_table,CYRUD0_fn,inline-function,2,"[3,13]",DRUD_PTS;XMACH1_PTS,12,"[0.0,4.0]",0.0,
gridded-table-0110,,CYRUD0_table,CYRUD0_fn,inline-function,2,"[3,13]",DRUD_PTS;XMACH1_PTS,13,"[15.0,0.3]",0.0089759,
gridded-table-0110,,CYRUD0_table,CYRUD0_fn,inline-function,2,"[3,13]",DRUD_PTS;XMACH1_PTS,14,"[15.0,0.6]",0.037134,
gridded-table-0110,,CYRUD0_table,CYRUD0_fn,inline-function,2,"[3,13]",DRUD_PTS;XMACH1_PTS,15,"[15.0,0.8]",0.029612,
gridded-table-0110,,CYRUD0_table,CYRUD0_fn,inline-function,2,"[3,13]",DRUD_PTS;XMACH1_PTS,16,"[15.0,0.9]",0.035031,
gridded-table-0110,,CYRUD0_table,CYRUD0_fn,inline-function,2,"[3,13]",DRUD_PTS;XMACH1_PTS,17,"[15.0,0.95]",0.036842,
gridded-table-0110,,CYRUD0_table,CYRUD0_fn,inline-function,2,"[3,13]",DRUD_PTS;XMACH1_PTS,18,"[15.0,1.1]",0.034959,
gridded-table-0110,,CYRUD0_table,CYRUD0_fn,inline-function,2,"[3,13]",DRUD_PTS;XMACH1_PTS,19,"[15.0,1.2]",0.033703,
gridded-table-0110,,CYRUD0_table,CYRUD0_fn,inline-function,2,"[3,13]",DRUD_PTS;XMACH1_PTS,20,"[15.0,1.6]",0.028681,
gridded-table-0110,,CYRUD0_table,CYRUD0_fn,inline-function,2,"[3,13]",DRUD_PTS;XMACH1_PTS,21,"[15.0,2.0]",0.024048,
gridded-table-0110,,CYRUD0_table,CYRUD0_fn,inline-function,2,"[3,13]",DRUD_PTS;XMACH1_PTS,22,"[15.0,2.5]",0.019109,
gridded-table-0110,,CYRUD0_table,CYRUD0_fn,inline-function,2,"[3,13]",DRUD_PTS;XMACH1_PTS,23,"[15.0,3.0]",0.0,
gridded-table-0110,,CYRUD0_table,CYRUD0_fn,inline-function,2,"[3,13]",DRUD_PTS;XMACH1_PTS,24,"[15.0,3.5]",0.0,
gridded-table-0110,,CYRUD0_table,CYRUD0_fn,inline-function,2,"[3,13]",DRUD_PTS;XMACH1_PTS,25,"[15.0,4.0]",0.0,
gridded-table-0110,,CYRUD0_table,CYRUD0_fn,inline-function,2,"[3,13]",DRUD_PTS;XMACH1_PTS,26,"[30.0,0.3]",0.033794,
gridded-table-0110,,CYRUD0_table,CYRUD0_fn,inline-function,2,"[3,13]",DRUD_PTS;XMACH1_PTS,27,"[30.0,0.6]",0.074267,
gridded-table-0110,,CYRUD0_table,CYRUD0_fn,inline-function,2,"[3,13]",DRUD_PTS;XMACH1_PTS,28,"[30.0,0.8]",0.059224,
gridded-table-0110,,CYRUD0_table,CYRUD0_fn,inline-function,2,"[3,13]",DRUD_PTS;XMACH1_PTS,29,"[30.0,0.9]",0.070063,
gridded-table-0110,,CYRUD0_table,CYRUD0_fn,inline-function,2,"[3,13]",DRUD_PTS;XMACH1_PTS,30,"[30.0,0.95]",0.073684,
gridded-table-0110,,CYRUD0_table,CYRUD0_fn,inline-function,2,"[3,13]",DRUD_PTS;XMACH1_PTS,31,"[30.0,1.1]",0.069919,
gridded-table-0110,,CYRUD0_table,CYRUD0_fn,inline-function,2,"[3,13]",DRUD_PTS;XMACH1_PTS,32,"[30.0,1.2]",0.067407,
gridded-table-0110,,CYRUD0_table,CYRUD0_fn,inline-function,2,"[3,13]",DRUD_PTS;XMACH1_PTS,33,"[30.0,1.6]",0.057363,
gridded-table-0110,,CYRUD0_table,CYRUD0_fn,inline-function,2,"[3,13]",DRUD_PTS;XMACH1_PTS,34,"[30.0,2.0]",0.048097,
gridded-table-0110,,CYRUD0_table,CYRUD0_fn,inline-function,2,"[3,13]",DRUD_PTS;XMACH1_PTS,35,"[30.0,2.5]",0.038218,
gridded-table-0110,,CYRUD0_table,CYRUD0_fn,inline-function,2,"[3,13]",DRUD_PTS;XMACH1_PTS,36,"[30.0,3.0]",0.0,
gridded-table-0110,,CYRUD0_table,CYRUD0_fn,inline-function,2,"[3,13]",DRUD_PTS;XMACH1_PTS,37,"[30.0,3.5]",0.0,
gridded-table-0110,,CYRUD0_table,CYRUD0_fn,inline-function,2,"[3,13]",DRUD_PTS;XMACH1_PTS,38,"[30.0,4.0]",0.0,
gridded-table-0111,,CYRUD1_table,CYRUD1_fn,inline-function,2,"[3,13]",DRUD_PTS;XMACH1_PTS,0,"[0.0,0.3]",0.0,
gridded-table-0111,,CYRUD1_table,CYRUD1_fn,inline-function,2,"[3,13]",DRUD_PTS;XMACH1_PTS,1,"[0.0,0.6]",0.0,
gridded-table-0111,,CYRUD1_table,CYRUD1_fn,inline-function,2,"[3,13]",DRUD_PTS;XMACH1_PTS,2,"[0.0,0.8]",0.0,
gridded-table-0111,,CYRUD1_table,CYRUD1_fn,inline-function,2,"[3,13]",DRUD_PTS;XMACH1_PTS,3,"[0.0,0.9]",0.0,
gridded-table-0111,,CYRUD1_table,CYRUD1_fn,inline-function,2,"[3,13]",DRUD_PTS;XMACH1_PTS,4,"[0.0,0.95]",0.0,
gridded-table-0111,,CYRUD1_table,CYRUD1_fn,inline-function,2,"[3,13]",DRUD_PTS;XMACH1_PTS,5,"[0.0,1.1]",0.0,
gridded-table-0111,,CYRUD1_table,CYRUD1_fn,inline-function,2,"[3,13]",DRUD_PTS;XMACH1_PTS,6,"[0.0,1.2]",0.0,
gridded-table-0111,,CYRUD1_table,CYRUD1_fn,inline-function,2,"[3,13]",DRUD_PTS;XMACH1_PTS,7,"[0.0,1.6]",0.0,
gridded-table-0111,,CYRUD1_table,CYRUD1_fn,inline-function,2,"[3,13]",DRUD_PTS;XMACH1_PTS,8,"[0.0,2.0]",0.0,
gridded-table-0111,,CYRUD1_table,CYRUD1_fn,inline-function,2,"[3,13]",DRUD_PTS;XMACH1_PTS,9,"[0.0,2.5]",0.0,
gridded-table-0111,,CYRUD1_table,CYRUD1_fn,inline-function,2,"[3,13]",DRUD_PTS;XMACH1_PTS,10,"[0.0,3.0]",0.0,
gridded-table-0111,,CYRUD1_table,CYRUD1_fn,inline-function,2,"[3,13]",DRUD_PTS;XMACH1_PTS,11,"[0.0,3.5]",0.0,
gridded-table-0111,,CYRUD1_table,CYRUD1_fn,inline-function,2,"[3,13]",DRUD_PTS;XMACH1_PTS,12,"[0.0,4.0]",0.0,
gridded-table-0111,,CYRUD1_table,CYRUD1_fn,inline-function,2,"[3,13]",DRUD_PTS;XMACH1_PTS,13,"[15.0,0.3]",0.0030575,
gridded-table-0111,,CYRUD1_table,CYRUD1_fn,inline-function,2,"[3,13]",DRUD_PTS;XMACH1_PTS,14,"[15.0,0.6]",-0.001294,
gridded-table-0111,,CYRUD1_table,CYRUD1_fn,inline-function,2,"[3,13]",DRUD_PTS;XMACH1_PTS,15,"[15.0,0.8]",-0.00030008,
gridded-table-0111,,CYRUD1_table,CYRUD1_fn,inline-function,2,"[3,13]",DRUD_PTS;XMACH1_PTS,16,"[15.0,0.9]",0.0015026,
gridded-table-0111,,CYRUD1_table,CYRUD1_fn,inline-function,2,"[3,13]",DRUD_PTS;XMACH1_PTS,17,"[15.0,0.95]",0.00038359,
gridded-table-0111,,CYRUD1_table,CYRUD1_fn,inline-function,2,"[3,13]",DRUD_PTS;XMACH1_PTS,18,"[15.0,1.1]",0.00027677,
gridded-table-0111,,CYRUD1_table,CYRUD1_fn,inline-function,2,"[3,13]",DRUD_PTS;XMACH1_PTS,19,"[15.0,1.2]",0.00020551,
gridded-table-0111,,CYRUD1_table,CYRUD1_fn,inline-function,2,"[3,13]",DRUD_PTS;XMACH1_PTS,20,"[15.0,1.6]",-7.9435e-05,
gridded-table-0111,,CYRUD1_table,CYRUD1_fn,inline-function,2,"[3,13]",DRUD_PTS;XMACH1_PTS,21,"[15.0,2.0]",-0.00092379,
gridded-table-0111,,CYRUD1_table,CYRUD1_fn,inline-function,2,"[3,13]",DRUD_PTS;XMACH1_PTS,22,"[15.0,2.5]",-0.00041719,
gridded-table-0111,,CYRUD1_table,CYRUD1_fn,inline-function,2,"[3,13]",DRUD_PTS;XMACH1_PTS,23,"[15.0,3.0]",0.0,
gridded-table-0111,,CYRUD1_table,CYRUD1_fn,inline-function,2,"[3,13]",DRUD_PTS;XMACH1_PTS,24,"[15.0,3.5]",0.0,
gridded-table-0111,,CYRUD1_table,CYRUD1_fn,inline-function,2,"[3,13]",DRUD_PTS;XMACH1_PTS,25,"[15.0,4.0]",0.0,
gridded-table-0111,,CYRUD1_table,CYRUD1_fn,inline-function,2,"[3,13]",DRUD_PTS;XMACH1_PTS,26,"[30.0,0.3]",0.00039625,
gridded-table-0111,,CYRUD1_table,CYRUD1_fn,inline-function,2,"[3,13]",DRUD_PTS;XMACH1_PTS,27,"[30.0,0.6]",-0.002588,
gridded-table-0111,,CYRUD1_table,CYRUD1_fn,inline-function,2,"[3,13]",DRUD_PTS;XMACH1_PTS,28,"[30.0,0.8]",-0.00060016,
gridded-table-0111,,CYRUD1_table,CYRUD1_fn,inline-function,2,"[3,13]",DRUD_PTS;XMACH1_PTS,29,"[30.0,0.9]",0.0030053,
gridded-table-0111,,CYRUD1_table,CYRUD1_fn,inline-function,2,"[3,13]",DRUD_PTS;XMACH1_PTS,30,"[30.0,0.95]",0.00076717,
gridded-table-0111,,CYRUD1_table,CYRUD1_fn,inline-function,2,"[3,13]",DRUD_PTS;XMACH1_PTS,31,"[30.0,1.1]",0.00055353,
gridded-table-0111,,CYRUD1_table,CYRUD1_fn,inline-function,2,"[3,13]",DRUD_PTS;XMACH1_PTS,32,"[30.0,1.2]",0.00041102,
gridded-table-0111,,CYRUD1_table,CYRUD1_fn,inline-function,2,"[3,13]",DRUD_PTS;XMACH1_PTS,33,"[30.0,1.6]",-0.00015887,
gridded-table-0111,,CYRUD1_table,CYRUD1_fn,inline-function,2,"[3,13]",DRUD_PTS;XMACH1_PTS,34,"[30.0,2.0]",-0.0018476,
gridded-table-0111,,CYRUD1_table,CYRUD1_fn,inline-function,2,"[3,13]",DRUD_PTS;XMACH1_PTS,35,"[30.0,2.5]",-0.00083439,
gridded-table-0111,,CYRUD1_table,CYRUD1_fn,inline-function,2,"[3,13]",DRUD_PTS;XMACH1_PTS,36,"[30.0,3.0]",0.0,
gridded-table-0111,,CYRUD1_table,CYRUD1_fn,inline-function,2,"[3,13]",DRUD_PTS;XMACH1_PTS,37,"[30.0,3.5]",0.0,
gridded-table-0111,,CYRUD1_table,CYRUD1_fn,inline-function,2,"[3,13]",DRUD_PTS;XMACH1_PTS,38,"[30.0,4.0]",0.0,
gridded-table-0112,,CYRUD2_table,CYRUD2_fn,inline-function,2,"[3,13]",DRUD_PTS;XMACH1_PTS,0,"[0.0,0.3]",0.0,
gridded-table-0112,,CYRUD2_table,CYRUD2_fn,inline-function,2,"[3,13]",DRUD_PTS;XMACH1_PTS,1,"[0.0,0.6]",0.0,
gridded-table-0112,,CYRUD2_table,CYRUD2_fn,inline-function,2,"[3,13]",DRUD_PTS;XMACH1_PTS,2,"[0.0,0.8]",0.0,
gridded-table-0112,,CYRUD2_table,CYRUD2_fn,inline-function,2,"[3,13]",DRUD_PTS;XMACH1_PTS,3,"[0.0,0.9]",0.0,
gridded-table-0112,,CYRUD2_table,CYRUD2_fn,inline-function,2,"[3,13]",DRUD_PTS;XMACH1_PTS,4,"[0.0,0.95]",0.0,
gridded-table-0112,,CYRUD2_table,CYRUD2_fn,inline-function,2,"[3,13]",DRUD_PTS;XMACH1_PTS,5,"[0.0,1.1]",0.0,
gridded-table-0112,,CYRUD2_table,CYRUD2_fn,inline-function,2,"[3,13]",DRUD_PTS;XMACH1_PTS,6,"[0.0,1.2]",0.0,
gridded-table-0112,,CYRUD2_table,CYRUD2_fn,inline-function,2,"[3,13]",DRUD_PTS;XMACH1_PTS,7,"[0.0,1.6]",0.0,
gridded-table-0112,,CYRUD2_table,CYRUD2_fn,inline-function,2,"[3,13]",DRUD_PTS;XMACH1_PTS,8,"[0.0,2.0]",0.0,
gridded-table-0112,,CYRUD2_table,CYRUD2_fn,inline-function,2,"[3,13]",DRUD_PTS;XMACH1_PTS,9,"[0.0,2.5]",0.0,
gridded-table-0112,,CYRUD2_table,CYRUD2_fn,inline-function,2,"[3,13]",DRUD_PTS;XMACH1_PTS,10,"[0.0,3.0]",0.0,
gridded-table-0112,,CYRUD2_table,CYRUD2_fn,inline-function,2,"[3,13]",DRUD_PTS;XMACH1_PTS,11,"[0.0,3.5]",0.0,
gridded-table-0112,,CYRUD2_table,CYRUD2_fn,inline-function,2,"[3,13]",DRUD_PTS;XMACH1_PTS,12,"[0.0,4.0]",0.0,
gridded-table-0112,,CYRUD2_table,CYRUD2_fn,inline-function,2,"[3,13]",DRUD_PTS;XMACH1_PTS,13,"[15.0,0.3]",-0.00015466,
gridded-table-0112,,CYRUD2_table,CYRUD2_fn,inline-function,2,"[3,13]",DRUD_PTS;XMACH1_PTS,14,"[15.0,0.6]",0.00039452,
gridded-table-0112,,CYRUD2_table,CYRUD2_fn,inline-function,2,"[3,13]",DRUD_PTS;XMACH1_PTS,15,"[15.0,0.8]",0.0003133,
gridded-table-0112,,CYRUD2_table,CYRUD2_fn,inline-function,2,"[3,13]",DRUD_PTS;XMACH1_PTS,16,"[15.0,0.9]",-6.6012e-05,
gridded-table-0112,,CYRUD2_table,CYRUD2_fn,inline-function,2,"[3,13]",DRUD_PTS;XMACH1_PTS,17,"[15.0,0.95]",-3.9287e-05,
gridded-table-0112,,CYRUD2_table,CYRUD2_fn,inline-function,2,"[3,13]",DRUD_PTS;XMACH1_PTS,18,"[15.0,1.1]",-6.286e-05,
gridded-table-0112,,CYRUD2_table,CYRUD2_fn,inline-function,2,"[3,13]",DRUD_PTS;XMACH1_PTS,19,"[15.0,1.2]",-7.8586e-05,
gridded-table-0112,,CYRUD2_table,CYRUD2_fn,inline-function,2,"[3,13]",DRUD_PTS;XMACH1_PTS,20,"[15.0,1.6]",-0.00014147,
gridded-table-0112,,CYRUD2_table,CYRUD2_fn,inline-function,2,"[3,13]",DRUD_PTS;XMACH1_PTS,21,"[15.0,2.0]",-7.8515e-06,
gridded-table-0112,,CYRUD2_table,CYRUD2_fn,inline-function,2,"[3,13]",DRUD_PTS;XMACH1_PTS,22,"[15.0,2.5]",-2.9668e-05,
gridded-table-0112,,CYRUD2_table,CYRUD2_fn,inline-function,2,"[3,13]",DRUD_PTS;XMACH1_PTS,23,"[15.0,3.0]",0.0,
gridded-table-0112,,CYRUD2_table,CYRUD2_fn,inline-function,2,"[3,13]",DRUD_PTS;XMACH1_PTS,24,"[15.0,3.5]",0.0,
gridded-table-0112,,CYRUD2_table,CYRUD2_fn,inline-function,2,"[3,13]",DRUD_PTS;XMACH1_PTS,25,"[15.0,4.0]",0.0,
gridded-table-0112,,CYRUD2_table,CYRUD2_fn,inline-function,2,"[3,13]",DRUD_PTS;XMACH1_PTS,26,"[30.0,0.3]",7.7186e-05,
gridded-table-0112,,CYRUD2_table,CYRUD2_fn,inline-function,2,"[3,13]",DRUD_PTS;XMACH1_PTS,27,"[30.0,0.6]",0.00078904,
gridded-table-0112,,CYRUD2_table,CYRUD2_fn,inline-function,2,"[3,13]",DRUD_PTS;XMACH1_PTS,28,"[30.0,0.8]",0.0006266,
gridded-table-0112,,CYRUD2_table,CYRUD2_fn,inline-function,2,"[3,13]",DRUD_PTS;XMACH1_PTS,29,"[30.0,0.9]",-0.00013202,
gridded-table-0112,,CYRUD2_table,CYRUD2_fn,inline-function,2,"[3,13]",DRUD_PTS;XMACH1_PTS,30,"[30.0,0.95]",-7.8575e-05,
gridded-table-0112,,CYRUD2_table,CYRUD2_fn,inline-function,2,"[3,13]",DRUD_PTS;XMACH1_PTS,31,"[30.0,1.1]",-0.00012572,
gridded-table-0112,,CYRUD2_table,CYRUD2_fn,inline-function,2,"[3,13]",DRUD_PTS;XMACH1_PTS,32,"[30.0,1.2]",-0.00015717,
gridded-table-0112,,CYRUD2_table,CYRUD2_fn,inline-function,2,"[3,13]",DRUD_PTS;XMACH1_PTS,33,"[30.0,1.6]",-0.00028294,
gridded-table-0112,,CYRUD2_table,CYRUD2_fn,inline-function,2,"[3,13]",DRUD_PTS;XMACH1_PTS,34,"[30.0,2.0]",-1.5703e-05,
gridded-table-0112,,CYRUD2_table,CYRUD2_fn,inline-function,2,"[3,13]",DRUD_PTS;XMACH1_PTS,35,"[30.0,2.5]",-5.9336e-05,
gridded-table-0112,,CYRUD2_table,CYRUD2_fn,inline-function,2,"[3,13]",DRUD_PTS;XMACH1_PTS,36,"[30.0,3.0]",0.0,
gridded-table-0112,,CYRUD2_table,CYRUD2_fn,inline-function,2,"[3,13]",DRUD_PTS;XMACH1_PTS,37,"[30.0,3.5]",0.0,
gridded-table-0112,,CYRUD2_table,CYRUD2_fn,inline-function,2,"[3,13]",DRUD_PTS;XMACH1_PTS,38,"[30.0,4.0]",0.0,
gridded-table-0113,,CYRUD3_table,CYRUD3_fn,inline-function,2,"[3,13]",DRUD_PTS;XMACH1_PTS,0,"[0.0,0.3]",0.0,
gridded-table-0113,,CYRUD3_table,CYRUD3_fn,inline-function,2,"[3,13]",DRUD_PTS;XMACH1_PTS,1,"[0.0,0.6]",0.0,
gridded-table-0113,,CYRUD3_table,CYRUD3_fn,inline-function,2,"[3,13]",DRUD_PTS;XMACH1_PTS,2,"[0.0,0.8]",0.0,
gridded-table-0113,,CYRUD3_table,CYRUD3_fn,inline-function,2,"[3,13]",DRUD_PTS;XMACH1_PTS,3,"[0.0,0.9]",0.0,
gridded-table-0113,,CYRUD3_table,CYRUD3_fn,inline-function,2,"[3,13]",DRUD_PTS;XMACH1_PTS,4,"[0.0,0.95]",0.0,
gridded-table-0113,,CYRUD3_table,CYRUD3_fn,inline-function,2,"[3,13]",DRUD_PTS;XMACH1_PTS,5,"[0.0,1.1]",0.0,
gridded-table-0113,,CYRUD3_table,CYRUD3_fn,inline-function,2,"[3,13]",DRUD_PTS;XMACH1_PTS,6,"[0.0,1.2]",0.0,
gridded-table-0113,,CYRUD3_table,CYRUD3_fn,inline-function,2,"[3,13]",DRUD_PTS;XMACH1_PTS,7,"[0.0,1.6]",0.0,
gridded-table-0113,,CYRUD3_table,CYRUD3_fn,inline-function,2,"[3,13]",DRUD_PTS;XMACH1_PTS,8,"[0.0,2.0]",0.0,
gridded-table-0113,,CYRUD3_table,CYRUD3_fn,inline-function,2,"[3,13]",DRUD_PTS;XMACH1_PTS,9,"[0.0,2.5]",0.0,
gridded-table-0113,,CYRUD3_table,CYRUD3_fn,inline-function,2,"[3,13]",DRUD_PTS;XMACH1_PTS,10,"[0.0,3.0]",0.0,
gridded-table-0113,,CYRUD3_table,CYRUD3_fn,inline-function,2,"[3,13]",DRUD_PTS;XMACH1_PTS,11,"[0.0,3.5]",0.0,
gridded-table-0113,,CYRUD3_table,CYRUD3_fn,inline-function,2,"[3,13]",DRUD_PTS;XMACH1_PTS,12,"[0.0,4.0]",0.0,
gridded-table-0113,,CYRUD3_table,CYRUD3_fn,inline-function,2,"[3,13]",DRUD_PTS;XMACH1_PTS,13,"[15.0,0.3]",2.2353e-06,
gridded-table-0113,,CYRUD3_table,CYRUD3_fn,inline-function,2,"[3,13]",DRUD_PTS;XMACH1_PTS,14,"[15.0,0.6]",-1.3678e-05,
gridded-table-0113,,CYRUD3_table,CYRUD3_fn,inline-function,2,"[3,13]",DRUD_PTS;XMACH1_PTS,15,"[15.0,0.8]",-1.2739e-05,
gridded-table-0113,,CYRUD3_table,CYRUD3_fn,inline-function,2,"[3,13]",DRUD_PTS;XMACH1_PTS,16,"[15.0,0.9]",-9.9138e-08,
gridded-table-0113,,CYRUD3_table,CYRUD3_fn,inline-function,2,"[3,13]",DRUD_PTS;XMACH1_PTS,17,"[15.0,0.95]",1.5174e-06,
gridded-table-0113,,CYRUD3_table,CYRUD3_fn,inline-function,2,"[3,13]",DRUD_PTS;XMACH1_PTS,18,"[15.0,1.1]",2.4127e-06,
gridded-table-0113,,CYRUD3_table,CYRUD3_fn,inline-function,2,"[3,13]",DRUD_PTS;XMACH1_PTS,19,"[15.0,1.2]",3.01e-06,
gridded-table-0113,,CYRUD3_table,CYRUD3_fn,inline-function,2,"[3,13]",DRUD_PTS;XMACH1_PTS,20,"[15.0,1.6]",5.3984e-06,
gridded-table-0113,,CYRUD3_table,CYRUD3_fn,inline-function,2,"[3,13]",DRUD_PTS;XMACH1_PTS,21,"[15.0,2.0]",7.3098e-07,
gridded-table-0113,,CYRUD3_table,CYRUD3_fn,inline-function,2,"[3,13]",DRUD_PTS;XMACH1_PTS,22,"[15.0,2.5]",1.009e-06,
gridded-table-0113,,CYRUD3_table,CYRUD3_fn,inline-function,2,"[3,13]",DRUD_PTS;XMACH1_PTS,23,"[15.0,3.0]",0.0,
gridded-table-0113,,CYRUD3_table,CYRUD3_fn,inline-function,2,"[3,13]",DRUD_PTS;XMACH1_PTS,24,"[15.0,3.5]",0.0,
gridded-table-0113,,CYRUD3_table,CYRUD3_fn,inline-function,2,"[3,13]",DRUD_PTS;XMACH1_PTS,25,"[15.0,4.0]",0.0,
gridded-table-0113,,CYRUD3_table,CYRUD3_fn,inline-function,2,"[3,13]",DRUD_PTS;XMACH1_PTS,26,"[30.0,0.3]",-2.5222e-06,
gridded-table-0113,,CYRUD3_table,CYRUD3_fn,inline-function,2,"[3,13]",DRUD_PTS;XMACH1_PTS,27,"[30.0,0.6]",-2.7356e-05,
gridded-table-0113,,CYRUD3_table,CYRUD3_fn,inline-function,2,"[3,13]",DRUD_PTS;XMACH1_PTS,28,"[30.0,0.8]",-2.5478e-05,
gridded-table-0113,,CYRUD3_table,CYRUD3_fn,inline-function,2,"[3,13]",DRUD_PTS;XMACH1_PTS,29,"[30.0,0.9]",-1.9828e-07,
gridded-table-0113,,CYRUD3_table,CYRUD3_fn,inline-function,2,"[3,13]",DRUD_PTS;XMACH1_PTS,30,"[30.0,0.95]",3.0347e-06,
gridded-table-0113,,CYRUD3_table,CYRUD3_fn,inline-function,2,"[3,13]",DRUD_PTS;XMACH1_PTS,31,"[30.0,1.1]",4.8255e-06,
gridded-table-0113,,CYRUD3_table,CYRUD3_fn,inline-function,2,"[3,13]",DRUD_PTS;XMACH1_PTS,32,"[30.0,1.2]",6.02e-06,
gridded-table-0113,,CYRUD3_table,CYRUD3_fn,inline-function,2,"[3,13]",DRUD_PTS;XMACH1_PTS,33,"[30.0,1.6]",1.0797e-05,
gridded-table-0113,,CYRUD3_table,CYRUD3_fn,inline-function,2,"[3,13]",DRUD_PTS;XMACH1_PTS,34,"[30.0,2.0]",1.462e-06,
gridded-table-0113,,CYRUD3_table,CYRUD3_fn,inline-function,2,"[3,13]",DRUD_PTS;XMACH1_PTS,35,"[30.0,2.5]",2.0179e-06,
gridded-table-0113,,CYRUD3_table,CYRUD3_fn,inline-function,2,"[3,13]",DRUD_PTS;XMACH1_PTS,36,"[30.0,3.0]",0.0,
gridded-table-0113,,CYRUD3_table,CYRUD3_fn,inline-function,2,"[3,13]",DRUD_PTS;XMACH1_PTS,37,"[30.0,3.5]",0.0,
gridded-table-0113,,CYRUD3_table,CYRUD3_fn,inline-function,2,"[3,13]",DRUD_PTS;XMACH1_PTS,38,"[30.0,4.0]",0.0,
gridded-table-0114,,CNRUD0_table,CNRUD0_fn,inline-function,2,"[3,13]",DRUD_PTS;XMACH1_PTS,0,"[0.0,0.3]",0.0,
gridded-table-0114,,CNRUD0_table,CNRUD0_fn,inline-function,2,"[3,13]",DRUD_PTS;XMACH1_PTS,1,"[0.0,0.6]",0.0,
gridded-table-0114,,CNRUD0_table,CNRUD0_fn,inline-function,2,"[3,13]",DRUD_PTS;XMACH1_PTS,2,"[0.0,0.8]",0.0,
gridded-table-0114,,CNRUD0_table,CNRUD0_fn,inline-function,2,"[3,13]",DRUD_PTS;XMACH1_PTS,3,"[0.0,0.9]",0.0,
gridded-table-0114,,CNRUD0_table,CNRUD0_fn,inline-function,2,"[3,13]",DRUD_PTS;XMACH1_PTS,4,"[0.0,0.95]",0.0,
gridded-table-0114,,CNRUD0_table,CNRUD0_fn,inline-function,2,"[3,13]",DRUD_PTS;XMACH1_PTS,5,"[0.0,1.1]",0.0,
gridded-table-0114,,CNRUD0_table,CNRUD0_fn,inline-function,2,"[3,13]",DRUD_PTS;XMACH1_PTS,6,"[0.0,1.2]",0.0,
gridded-table-0114,,CNRUD0_table,CNRUD0_fn,inline-function,2,"[3,13]",DRUD_PTS;XMACH1_PTS,7,"[0.0,1.6]",0.0,
gridded-table-0114,,CNRUD0_table,CNRUD0_fn,inline-function,2,"[3,13]",DRUD_PTS;XMACH1_PTS,8,"[0.0,2.0]",0.0,
gridded-table-0114,,CNRUD0_table,CNRUD0_fn,inline-function,2,"[3,13]",DRUD_PTS;XMACH1_PTS,9,"[0.0,2.5]",0.0,
gridded-table-0114,,CNRUD0_table,CNRUD0_fn,inline-function,2,"[3,13]",DRUD_PTS;XMACH1_PTS,10,"[0.0,3.0]",0.0,
gridded-table-0114,,CNRUD0_table,CNRUD0_fn,inline-function,2,"[3,13]",DRUD_PTS;XMACH1_PTS,11,"[0.0,3.5]",0.0,
gridded-table-0114,,CNRUD0_table,CNRUD0_fn,inline-function,2,"[3,13]",DRUD_PTS;XMACH1_PTS,12,"[0.0,4.0]",0.0,
gridded-table-0114,,CNRUD0_table,CNRUD0_fn,inline-function,2,"[3,13]",DRUD_PTS;XMACH1_PTS,13,"[15.0,0.3]",-0.012496,
gridded-table-0114,,CNRUD0_table,CNRUD0_fn,inline-function,2,"[3,13]",DRUD_PTS;XMACH1_PTS,14,"[15.0,0.6]",-0.029443,
gridded-table-0114,,CNRUD0_table,CNRUD0_fn,inline-function,2,"[3,13]",DRUD_PTS;XMACH1_PTS,15,"[15.0,0.8]",-0.027206,
gridded-table-0114,,CNRUD0_table,CNRUD0_fn,inline-function,2,"[3,13]",DRUD_PTS;XMACH1_PTS,16,"[15.0,0.9]",-0.02781,
gridded-table-0114,,CNRUD0_table,CNRUD0_fn,inline-function,2,"[3,13]",DRUD_PTS;XMACH1_PTS,17,"[15.0,0.95]",-0.029203,
gridded-table-0114,,CNRUD0_table,CNRUD0_fn,inline-function,2,"[3,13]",DRUD_PTS;XMACH1_PTS,18,"[15.0,1.1]",-0.028758,
gridded-table-0114,,CNRUD0_table,CNRUD0_fn,inline-function,2,"[3,13]",DRUD_PTS;XMACH1_PTS,19,"[15.0,1.2]",-0.028461,
gridded-table-0114,,CNRUD0_table,CNRUD0_fn,inline-function,2,"[3,13]",DRUD_PTS;XMACH1_PTS,20,"[15.0,1.6]",-0.027275,
gridded-table-0114,,CNRUD0_table,CNRUD0_fn,inline-function,2,"[3,13]",DRUD_PTS;XMACH1_PTS,21,"[15.0,2.0]",-0.020635,
gridded-table-0114,,CNRUD0_table,CNRUD0_fn,inline-function,2,"[3,13]",DRUD_PTS;XMACH1_PTS,22,"[15.0,2.5]",-0.013872,
gridded-table-0114,,CNRUD0_table,CNRUD0_fn,inline-function,2,"[3,13]",DRUD_PTS;XMACH1_PTS,23,"[15.0,3.0]",0.0,
gridded-table-0114,,CNRUD0_table,CNRUD0_fn,inline-function,2,"[3,13]",DRUD_PTS;XMACH1_PTS,24,"[15.0,3.5]",0.0,
gridded-table-0114,,CNRUD0_table,CNRUD0_fn,inline-function,2,"[3,13]",DRUD_PTS;XMACH1_PTS,25,"[15.0,4.0]",0.0,
gridded-table-0114,,CNRUD0_table,CNRUD0_fn,inline-function,2,"[3,13]",DRUD_PTS;XMACH1_PTS,26,"[30.0,0.3]",-0.026301,
gridded-table-0114,,CNRUD0_table,CNRUD0_fn,inline-function,2,"[3,13]",DRUD_PTS;XMACH1_PTS,27,"[30.0,0.6]",-0.058887,
gridded-table-0114,,CNRUD0_table,CNRUD0_fn,inline-function,2,"[3,13]",DRUD_PTS;XMACH1_PTS,28,"[30.0,0.8]",-0.054412,
gridded-table-0114,,CNRUD0_table,CNRUD0_fn,inline-function,2,"[3,13]",DRUD_PTS;XMACH1_PTS,29,"[30.0,0.9]",-0.055619,
gridded-table-0114,,CNRUD0_table,CNRUD0_fn,inline-function,2,"[3,13]",DRUD_PTS;XMACH1_PTS,30,"[30.0,0.95]",-0.058406,
gridded-table-0114,,CNRUD0_table,CNRUD0_fn,inline-function,2,"[3,13]",DRUD_PTS;XMACH1_PTS,31,"[30.0,1.1]",-0.057516,
gridded-table-0114,,CNRUD0_table,CNRUD0_fn,inline-function,2,"[3,13]",DRUD_PTS;XMACH1_PTS,32,"[30.0,1.2]",-0.056923,
gridded-table-0114,,CNRUD0_table,CNRUD0_fn,inline-function,2,"[3,13]",DRUD_PTS;XMACH1_PTS,33,"[30.0,1.6]",-0.05455,
gridded-table-0114,,CNRUD0_table,CNRUD0_fn,inline-function,2,"[3,13]",DRUD_PTS;XMACH1_PTS,34,"[30.0,2.0]",-0.041269,
gridded-table-0114,,CNRUD0_table,CNRUD0_fn,inline-function,2,"[3,13]",DRUD_PTS;XMACH1_PTS,35,"[30.0,2.5]",-0.027744,
gridded-table-0114,,CNRUD0_table,CNRUD0_fn,inline-function,2,"[3,13]",DRUD_PTS;XMACH1_PTS,36,"[30.0,3.0]",0.0,
gridded-table-0114,,CNRUD0_table,CNRUD0_fn,inline-function,2,"[3,13]",DRUD_PTS;XMACH1_PTS,37,"[30.0,3.5]",0.0,
gridded-table-0114,,CNRUD0_table,CNRUD0_fn,inline-function,2,"[3,13]",DRUD_PTS;XMACH1_PTS,38,"[30.0,4.0]",0.0,
gridded-table-0115,,CNRUD1_table,CNRUD1_fn,inline-function,2,"[3,13]",DRUD_PTS;XMACH1_PTS,0,"[0.0,0.3]",0.0,
gridded-table-0115,,CNRUD1_table,CNRUD1_fn,inline-function,2,"[3,13]",DRUD_PTS;XMACH1_PTS,1,"[0.0,0.6]",0.0,
gridded-table-0115,,CNRUD1_table,CNRUD1_fn,inline-function,2,"[3,13]",DRUD_PTS;XMACH1_PTS,2,"[0.0,0.8]",0.0,
gridded-table-0115,,CNRUD1_table,CNRUD1_fn,inline-function,2,"[3,13]",DRUD_PTS;XMACH1_PTS,3,"[0.0,0.9]",0.0,
gridded-table-0115,,CNRUD1_table,CNRUD1_fn,inline-function,2,"[3,13]",DRUD_PTS;XMACH1_PTS,4,"[0.0,0.95]",0.0,
gridded-table-0115,,CNRUD1_table,CNRUD1_fn,inline-function,2,"[3,13]",DRUD_PTS;XMACH1_PTS,5,"[0.0,1.1]",0.0,
gridded-table-0115,,CNRUD1_table,CNRUD1_fn,inline-function,2,"[3,13]",DRUD_PTS;XMACH1_PTS,6,"[0.0,1.2]",0.0,
gridded-table-0115,,CNRUD1_table,CNRUD1_fn,inline-function,2,"[3,13]",DRUD_PTS;XMACH1_PTS,7,"[0.0,1.6]",0.0,
gridded-table-0115,,CNRUD1_table,CNRUD1_fn,inline-function,2,"[3,13]",DRUD_PTS;XMACH1_PTS,8,"[0.0,2.0]",0.0,
gridded-table-0115,,CNRUD1_table,CNRUD1_fn,inline-function,2,"[3,13]",DRUD_PTS;XMACH1_PTS,9,"[0.0,2.5]",0.0,
gridded-table-0115,,CNRUD1_table,CNRUD1_fn,inline-function,2,"[3,13]",DRUD_PTS;XMACH1_PTS,10,"[0.0,3.0]",0.0,
gridded-table-0115,,CNRUD1_table,CNRUD1_fn,inline-function,2,"[3,13]",DRUD_PTS;XMACH1_PTS,11,"[0.0,3.5]",0.0,
gridded-table-0115,,CNRUD1_table,CNRUD1_fn,inline-function,2,"[3,13]",DRUD_PTS;XMACH1_PTS,12,"[0.0,4.0]",0.0,
gridded-table-0115,,CNRUD1_table,CNRUD1_fn,inline-function,2,"[3,13]",DRUD_PTS;XMACH1_PTS,13,"[15.0,0.3]",-0.00076389,
gridded-table-0115,,CNRUD1_table,CNRUD1_fn,inline-function,2,"[3,13]",DRUD_PTS;XMACH1_PTS,14,"[15.0,0.6]",0.00041547,
gridded-table-0115,,CNRUD1_table,CNRUD1_fn,inline-function,2,"[3,13]",DRUD_PTS;XMACH1_PTS,15,"[15.0,0.8]",-0.00010755,
gridded-table-0115,,CNRUD1_table,CNRUD1_fn,inline-function,2,"[3,13]",DRUD_PTS;XMACH1_PTS,16,"[15.0,0.9]",-0.00051487,
gridded-table-0115,,CNRUD1_table,CNRUD1_fn,inline-function,2,"[3,13]",DRUD_PTS;XMACH1_PTS,17,"[15.0,0.95]",0.00010463,
gridded-table-0115,,CNRUD1_table,CNRUD1_fn,inline-function,2,"[3,13]",DRUD_PTS;XMACH1_PTS,18,"[15.0,1.1]",0.00012692,
gridded-table-0115,,CNRUD1_table,CNRUD1_fn,inline-function,2,"[3,13]",DRUD_PTS;XMACH1_PTS,19,"[15.0,1.2]",0.00014178,
gridded-table-0115,,CNRUD1_table,CNRUD1_fn,inline-function,2,"[3,13]",DRUD_PTS;XMACH1_PTS,20,"[15.0,1.6]",0.00020123,
gridded-table-0115,,CNRUD1_table,CNRUD1_fn,inline-function,2,"[3,13]",DRUD_PTS;XMACH1_PTS,21,"[15.0,2.0]",0.00072713,
gridded-table-0115,,CNRUD1_table,CNRUD1_fn,inline-function,2,"[3,13]",DRUD_PTS;XMACH1_PTS,22,"[15.0,2.5]",0.00034791,
gridded-table-0115,,CNRUD1_table,CNRUD1_fn,inline-function,2,"[3,13]",DRUD_PTS;XMACH1_PTS,23,"[15.0,3.0]",0.0,
gridded-table-0115,,CNRUD1_table,CNRUD1_fn,inline-function,2,"[3,13]",DRUD_PTS;XMACH1_PTS,24,"[15.0,3.5]",0.0,
gridded-table-0115,,CNRUD1_table,CNRUD1_fn,inline-function,2,"[3,13]",DRUD_PTS;XMACH1_PTS,25,"[15.0,4.0]",0.0,
gridded-table-0115,,CNRUD1_table,CNRUD1_fn,inline-function,2,"[3,13]",DRUD_PTS;XMACH1_PTS,26,"[30.0,0.3]",-0.00033197,
gridded-table-0115,,CNRUD1_table,CNRUD1_fn,inline-function,2,"[3,13]",DRUD_PTS;XMACH1_PTS,27,"[30.0,0.6]",0.00083093,
gridded-table-0115,,CNRUD1_table,CNRUD1_fn,inline-function,2,"[3,13]",DRUD_PTS;XMACH1_PTS,28,"[30.0,0.8]",-0.0002151,
gridded-table-0115,,CNRUD1_table,CNRUD1_fn,inline-function,2,"[3,13]",DRUD_PTS;XMACH1_PTS,29,"[30.0,0.9]",-0.0010297,
gridded-table-0115,,CNRUD1_table,CNRUD1_fn,inline-function,2,"[3,13]",DRUD_PTS;XMACH1_PTS,30,"[30.0,0.95]",0.00020927,
gridded-table-0115,,CNRUD1_table,CNRUD1_fn,inline-function,2,"[3,13]",DRUD_PTS;XMACH1_PTS,31,"[30.0,1.1]",0.00025384,
gridded-table-0115,,CNRUD1_table,CNRUD1_fn,inline-function,2,"[3,13]",DRUD_PTS;XMACH1_PTS,32,"[30.0,1.2]",0.00028357,
gridded-table-0115,,CNRUD1_table,CNRUD1_fn,inline-function,2,"[3,13]",DRUD_PTS;XMACH1_PTS,33,"[30.0,1.6]",0.00040245,
gridded-table-0115,,CNRUD1_table,CNRUD1_fn,inline-function,2,"[3,13]",DRUD_PTS;XMACH1_PTS,34,"[30.0,2.0]",0.0014543,
gridded-table-0115,,CNRUD1_table,CNRUD1_fn,inline-function,2,"[3,13]",DRUD_PTS;XMACH1_PTS,35,"[30.0,2.5]",0.00069581,
gridded-table-0115,,CNRUD1_table,CNRUD1_fn,inline-function,2,"[3,13]",DRUD_PTS;XMACH1_PTS,36,"[30.0,3.0]",0.0,
gridded-table-0115,,CNRUD1_table,CNRUD1_fn,inline-function,2,"[3,13]",DRUD_PTS;XMACH1_PTS,37,"[30.0,3.5]",0.0,
gridded-table-0115,,CNRUD1_table,CNRUD1_fn,inline-function,2,"[3,13]",DRUD_PTS;XMACH1_PTS,38,"[30.0,4.0]",0.0,
gridded-table-0116,,CNRUD2_table,CNRUD2_fn,inline-function,2,"[3,13]",DRUD_PTS;XMACH1_PTS,0,"[0.0,0.3]",0.0,
gridded-table-0116,,CNRUD2_table,CNRUD2_fn,inline-function,2,"[3,13]",DRUD_PTS;XMACH1_PTS,1,"[0.0,0.6]",0.0,
gridded-table-0116,,CNRUD2_table,CNRUD2_fn,inline-function,2,"[3,13]",DRUD_PTS;XMACH1_PTS,2,"[0.0,0.8]",0.0,
gridded-table-0116,,CNRUD2_table,CNRUD2_fn,inline-function,2,"[3,13]",DRUD_PTS;XMACH1_PTS,3,"[0.0,0.9]",0.0,
gridded-table-0116,,CNRUD2_table,CNRUD2_fn,inline-function,2,"[3,13]",DRUD_PTS;XMACH1_PTS,4,"[0.0,0.95]",0.0,
gridded-table-0116,,CNRUD2_table,CNRUD2_fn,inline-function,2,"[3,13]",DRUD_PTS;XMACH1_PTS,5,"[0.0,1.1]",0.0,
gridded-table-0116,,CNRUD2_table,CNRUD2_fn,inline-function,2,"[3,13]",DRUD_PTS;XMACH1_PTS,6,"[0.0,1.2]",0.0,
gridded-table-0116,,CNRUD2_table,CNRUD2_fn,inline-function,2,"[3,13]",DRUD_PTS;XMACH1_PTS,7,"[0.0,1.6]",0.0,
gridded-table-0116,,CNRUD2_table,CNRUD2_fn,inline-function,2,"[3,13]",DRUD_PTS;XMACH1_PTS,8,"[0.0,2.0]",0.0,
gridded-table-0116,,CNRUD2_table,CNRUD2_fn,inline-function,2,"[3,13]",DRUD_PTS;XMACH1_PTS,9,"[0.0,2.5]",0.0,
gridded-table-0116,,CNRUD2_table,CNRUD2_fn,inline-function,2,"[3,13]",DRUD_PTS;XMACH1_PTS,10,"[0.0,3.0]",0.0,
gridded-table-0116,,CNRUD2_table,CNRUD2_fn,inline-function,2,"[3,13]",DRUD_PTS;XMACH1_PTS,11,"[0.0,3.5]",0.0,
gridded-table-0116,,CNRUD2_table,CNRUD2_fn,inline-function,2,"[3,13]",DRUD_PTS;XMACH1_PTS,12,"[0.0,4.0]",0.0,
gridded-table-0116,,CNRUD2_table,CNRUD2_fn,inline-function,2,"[3,13]",DRUD_PTS;XMACH1_PTS,13,"[15.0,0.3]",3.2148e-05,
gridded-table-0116,,CNRUD2_table,CNRUD2_fn,inline-function,2,"[3,13]",DRUD_PTS;XMACH1_PTS,14,"[15.0,0.6]",-5.6307e-06,
gridded-table-0116,,CNRUD2_table,CNRUD2_fn,inline-function,2,"[3,13]",DRUD_PTS;XMACH1_PTS,15,"[15.0,0.8]",3.9228e-05,
gridded-table-0116,,CNRUD2_table,CNRUD2_fn,inline-function,2,"[3,13]",DRUD_PTS;XMACH1_PTS,16,"[15.0,0.9]",0.00010278,
gridded-table-0116,,CNRUD2_table,CNRUD2_fn,inline-function,2,"[3,13]",DRUD_PTS;XMACH1_PTS,17,"[15.0,0.95]",7.5812e-05,
gridded-table-0116,,CNRUD2_table,CNRUD2_fn,inline-function,2,"[3,13]",DRUD_PTS;XMACH1_PTS,18,"[15.0,1.1]",8.0943e-05,
gridded-table-0116,,CNRUD2_table,CNRUD2_fn,inline-function,2,"[3,13]",DRUD_PTS;XMACH1_PTS,19,"[15.0,1.2]",8.4366e-05,
gridded-table-0116,,CNRUD2_table,CNRUD2_fn,inline-function,2,"[3,13]",DRUD_PTS;XMACH1_PTS,20,"[15.0,1.6]",9.8053e-05,
gridded-table-0116,,CNRUD2_table,CNRUD2_fn,inline-function,2,"[3,13]",DRUD_PTS;XMACH1_PTS,21,"[15.0,2.0]",-5.4384e-05,
gridded-table-0116,,CNRUD2_table,CNRUD2_fn,inline-function,2,"[3,13]",DRUD_PTS;XMACH1_PTS,22,"[15.0,2.5]",-1.7157e-05,
gridded-table-0116,,CNRUD2_table,CNRUD2_fn,inline-function,2,"[3,13]",DRUD_PTS;XMACH1_PTS,23,"[15.0,3.0]",0.0,
gridded-table-0116,,CNRUD2_table,CNRUD2_fn,inline-function,2,"[3,13]",DRUD_PTS;XMACH1_PTS,24,"[15.0,3.5]",0.0,
gridded-table-0116,,CNRUD2_table,CNRUD2_fn,inline-function,2,"[3,13]",DRUD_PTS;XMACH1_PTS,25,"[15.0,4.0]",0.0,
gridded-table-0116,,CNRUD2_table,CNRUD2_fn,inline-function,2,"[3,13]",DRUD_PTS;XMACH1_PTS,26,"[30.0,0.3]",-1.8887e-05,
gridded-table-0116,,CNRUD2_table,CNRUD2_fn,inline-function,2,"[3,13]",DRUD_PTS;XMACH1_PTS,27,"[30.0,0.6]",-1.1261e-05,
gridded-table-0116,,CNRUD2_table,CNRUD2_fn,inline-function,2,"[3,13]",DRUD_PTS;XMACH1_PTS,28,"[30.0,0.8]",7.8455e-05,
gridded-table-0116,,CNRUD2_table,CNRUD2_fn,inline-function,2,"[3,13]",DRUD_PTS;XMACH1_PTS,29,"[30.0,0.9]",0.00020556,
gridded-table-0116,,CNRUD2_table,CNRUD2_fn,inline-function,2,"[3,13]",DRUD_PTS;XMACH1_PTS,30,"[30.0,0.95]",0.00015162,
gridded-table-0116,,CNRUD2_table,CNRUD2_fn,inline-function,2,"[3,13]",DRUD_PTS;XMACH1_PTS,31,"[30.0,1.1]",0.00016189,
gridded-table-0116,,CNRUD2_table,CNRUD2_fn,inline-function,2,"[3,13]",DRUD_PTS;XMACH1_PTS,32,"[30.0,1.2]",0.00016873,
gridded-table-0116,,CNRUD2_table,CNRUD2_fn,inline-function,2,"[3,13]",DRUD_PTS;XMACH1_PTS,33,"[30.0,1.6]",0.00019611,
gridded-table-0116,,CNRUD2_table,CNRUD2_fn,inline-function,2,"[3,13]",DRUD_PTS;XMACH1_PTS,34,"[30.0,2.0]",-0.00010877,
gridded-table-0116,,CNRUD2_table,CNRUD2_fn,inline-function,2,"[3,13]",DRUD_PTS;XMACH1_PTS,35,"[30.0,2.5]",-3.4314e-05,
gridded-table-0116,,CNRUD2_table,CNRUD2_fn,inline-function,2,"[3,13]",DRUD_PTS;XMACH1_PTS,36,"[30.0,3.0]",0.0,
gridded-table-0116,,CNRUD2_table,CNRUD2_fn,inline-function,2,"[3,13]",DRUD_PTS;XMACH1_PTS,37,"[30.0,3.5]",0.0,
gridded-table-0116,,CNRUD2_table,CNRUD2_fn,inline-function,2,"[3,13]",DRUD_PTS;XMACH1_PTS,38,"[30.0,4.0]",0.0,
gridded-table-0117,,CNRUD3_table,CNRUD3_fn,inline-function,2,"[3,13]",DRUD_PTS;XMACH1_PTS,0,"[0.0,0.3]",0.0,
gridded-table-0117,,CNRUD3_table,CNRUD3_fn,inline-function,2,"[3,13]",DRUD_PTS;XMACH1_PTS,1,"[0.0,0.6]",0.0,
gridded-table-0117,,CNRUD3_table,CNRUD3_fn,inline-function,2,"[3,13]",DRUD_PTS;XMACH1_PTS,2,"[0.0,0.8]",0.0,
gridded-table-0117,,CNRUD3_table,CNRUD3_fn,inline-function,2,"[3,13]",DRUD_PTS;XMACH1_PTS,3,"[0.0,0.9]",0.0,
gridded-table-0117,,CNRUD3_table,CNRUD3_fn,inline-function,2,"[3,13]",DRUD_PTS;XMACH1_PTS,4,"[0.0,0.95]",0.0,
gridded-table-0117,,CNRUD3_table,CNRUD3_fn,inline-function,2,"[3,13]",DRUD_PTS;XMACH1_PTS,5,"[0.0,1.1]",0.0,
gridded-table-0117,,CNRUD3_table,CNRUD3_fn,inline-function,2,"[3,13]",DRUD_PTS;XMACH1_PTS,6,"[0.0,1.2]",0.0,
gridded-table-0117,,CNRUD3_table,CNRUD3_fn,inline-function,2,"[3,13]",DRUD_PTS;XMACH1_PTS,7,"[0.0,1.6]",0.0,
gridded-table-0117,,CNRUD3_table,CNRUD3_fn,inline-function,2,"[3,13]",DRUD_PTS;XMACH1_PTS,8,"[0.0,2.0]",0.0,
gridded-table-0117,,CNRUD3_table,CNRUD3_fn,inline-function,2,"[3,13]",DRUD_PTS;XMACH1_PTS,9,"[0.0,2.5]",0.0,
gridded-table-0117,,CNRUD3_table,CNRUD3_fn,inline-function,2,"[3,13]",DRUD_PTS;XMACH1_PTS,10,"[0.0,3.0]",0.0,
gridded-table-0117,,CNRUD3_table,CNRUD3_fn,inline-function,2,"[3,13]",DRUD_PTS;XMACH1_PTS,11,"[0.0,3.5]",0.0,
gridded-table-0117,,CNRUD3_table,CNRUD3_fn,inline-function,2,"[3,13]",DRUD_PTS;XMACH1_PTS,12,"[0.0,4.0]",0.0,
gridded-table-0117,,CNRUD3_table,CNRUD3_fn,inline-function,2,"[3,13]",DRUD_PTS;XMACH1_PTS,13,"[15.0,0.3]",-4.1948e-07,
gridded-table-0117,,CNRUD3_table,CNRUD3_fn,inline-function,2,"[3,13]",DRUD_PTS;XMACH1_PTS,14,"[15.0,0.6]",-5.1736e-07,
gridded-table-0117,,CNRUD3_table,CNRUD3_fn,inline-function,2,"[3,13]",DRUD_PTS;XMACH1_PTS,15,"[15.0,0.8]",-2.2372e-06,
gridded-table-0117,,CNRUD3_table,CNRUD3_fn,inline-function,2,"[3,13]",DRUD_PTS;XMACH1_PTS,16,"[15.0,0.9]",-4.2776e-06,
gridded-table-0117,,CNRUD3_table,CNRUD3_fn,inline-function,2,"[3,13]",DRUD_PTS;XMACH1_PTS,17,"[15.0,0.95]",-3.6532e-06,
gridded-table-0117,,CNRUD3_table,CNRUD3_fn,inline-function,2,"[3,13]",DRUD_PTS;XMACH1_PTS,18,"[15.0,1.1]",-3.8633e-06,
gridded-table-0117,,CNRUD3_table,CNRUD3_fn,inline-function,2,"[3,13]",DRUD_PTS;XMACH1_PTS,19,"[15.0,1.2]",-4.0036e-06,
gridded-table-0117,,CNRUD3_table,CNRUD3_fn,inline-function,2,"[3,13]",DRUD_PTS;XMACH1_PTS,20,"[15.0,1.6]",-4.5642e-06,
gridded-table-0117,,CNRUD3_table,CNRUD3_fn,inline-function,2,"[3,13]",DRUD_PTS;XMACH1_PTS,21,"[15.0,2.0]",2.232e-06,
gridded-table-0117,,CNRUD3_table,CNRUD3_fn,inline-function,2,"[3,13]",DRUD_PTS;XMACH1_PTS,22,"[15.0,2.5]",6.1102e-07,
gridded-table-0117,,CNRUD3_table,CNRUD3_fn,inline-function,2,"[3,13]",DRUD_PTS;XMACH1_PTS,23,"[15.0,3.0]",0.0,
gridded-table-0117,,CNRUD3_table,CNRUD3_fn,inline-function,2,"[3,13]",DRUD_PTS;XMACH1_PTS,24,"[15.0,3.5]",0.0,
gridded-table-0117,,CNRUD3_table,CNRUD3_fn,inline-function,2,"[3,13]",DRUD_PTS;XMACH1_PTS,25,"[15.0,4.0]",0.0,
gridded-table-0117,,CNRUD3_table,CNRUD3_fn,inline-function,2,"[3,13]",DRUD_PTS;XMACH1_PTS,26,"[30.0,0.3]",5.9731e-07,
gridded-table-0117,,CNRUD3_table,CNRUD3_fn,inline-function,2,"[3,13]",DRUD_PTS;XMACH1_PTS,27,"[30.0,0.6]",-1.0347e-06,
gridded-table-0117,,CNRUD3_table,CNRUD3_fn,inline-function,2,"[3,13]",DRUD_PTS;XMACH1_PTS,28,"[30.0,0.8]",-4.4744e-06,
gridded-table-0117,,CNRUD3_table,CNRUD3_fn,inline-function,2,"[3,13]",DRUD_PTS;XMACH1_PTS,29,"[30.0,0.9]",-8.5552e-06,
gridded-table-0117,,CNRUD3_table,CNRUD3_fn,inline-function,2,"[3,13]",DRUD_PTS;XMACH1_PTS,30,"[30.0,0.95]",-7.3063e-06,
gridded-table-0117,,CNRUD3_table,CNRUD3_fn,inline-function,2,"[3,13]",DRUD_PTS;XMACH1_PTS,31,"[30.0,1.1]",-7.7267e-06,
gridded-table-0117,,CNRUD3_table,CNRUD3_fn,inline-function,2,"[3,13]",DRUD_PTS;XMACH1_PTS,32,"[30.0,1.2]",-8.0071e-06,
gridded-table-0117,,CNRUD3_table,CNRUD3_fn,inline-function,2,"[3,13]",DRUD_PTS;XMACH1_PTS,33,"[30.0,1.6]",-9.1284e-06,
gridded-table-0117,,CNRUD3_table,CNRUD3_fn,inline-function,2,"[3,13]",DRUD_PTS;XMACH1_PTS,34,"[30.0,2.0]",4.4639e-06,
gridded-table-0117,,CNRUD3_table,CNRUD3_fn,inline-function,2,"[3,13]",DRUD_PTS;XMACH1_PTS,35,"[30.0,2.5]",1.222e-06,
gridded-table-0117,,CNRUD3_table,CNRUD3_fn,inline-function,2,"[3,13]",DRUD_PTS;XMACH1_PTS,36,"[30.0,3.0]",0.0,
gridded-table-0117,,CNRUD3_table,CNRUD3_fn,inline-function,2,"[3,13]",DRUD_PTS;XMACH1_PTS,37,"[30.0,3.5]",0.0,
gridded-table-0117,,CNRUD3_table,CNRUD3_fn,inline-function,2,"[3,13]",DRUD_PTS;XMACH1_PTS,38,"[30.0,4.0]",0.0,
gridded-table-0118,,CRRUD0_table,CRRUD0_fn,inline-function,2,"[3,13]",DRUD_PTS;XMACH1_PTS,0,"[0.0,0.3]",0.0,
gridded-table-0118,,CRRUD0_table,CRRUD0_fn,inline-function,2,"[3,13]",DRUD_PTS;XMACH1_PTS,1,"[0.0,0.6]",0.0,
gridded-table-0118,,CRRUD0_table,CRRUD0_fn,inline-function,2,"[3,13]",DRUD_PTS;XMACH1_PTS,2,"[0.0,0.8]",0.0,
gridded-table-0118,,CRRUD0_table,CRRUD0_fn,inline-function,2,"[3,13]",DRUD_PTS;XMACH1_PTS,3,"[0.0,0.9]",0.0,
gridded-table-0118,,CRRUD0_table,CRRUD0_fn,inline-function,2,"[3,13]",DRUD_PTS;XMACH1_PTS,4,"[0.0,0.95]",0.0,
gridded-table-0118,,CRRUD0_table,CRRUD0_fn,inline-function,2,"[3,13]",DRUD_PTS;XMACH1_PTS,5,"[0.0,1.1]",0.0,
gridded-table-0118,,CRRUD0_table,CRRUD0_fn,inline-function,2,"[3,13]",DRUD_PTS;XMACH1_PTS,6,"[0.0,1.2]",0.0,
gridded-table-0118,,CRRUD0_table,CRRUD0_fn,inline-function,2,"[3,13]",DRUD_PTS;XMACH1_PTS,7,"[0.0,1.6]",0.0,
gridded-table-0118,,CRRUD0_table,CRRUD0_fn,inline-function,2,"[3,13]",DRUD_PTS;XMACH1_PTS,8,"[0.0,2.0]",0.0,
gridded-table-0118,,CRRUD0_table,CRRUD0_fn,inline-function,2,"[3,13]",DRUD_PTS;XMACH1_PTS,9,"[0.0,2.5]",0.0,
gridded-table-0118,,CRRUD0_table,CRRUD0_fn,inline-function,2,"[3,13]",DRUD_PTS;XMACH1_PTS,10,"[0.0,3.0]",0.0,
gridded-table-0118,,CRRUD0_table,CRRUD0_fn,inline-function,2,"[3,13]",DRUD_PTS;XMACH1_PTS,11,"[0.0,3.5]",0.0,
gridded-table-0118,,CRRUD0_table,CRRUD0_fn,inline-function,2,"[3,13]",DRUD_PTS;XMACH1_PTS,12,"[0.0,4.0]",0.0,
gridded-table-0118,,CRRUD0_table,CRRUD0_fn,inline-function,2,"[3,13]",DRUD_PTS;XMACH1_PTS,13,"[15.0,0.3]",-0.0020471,
gridded-table-0118,,CRRUD0_table,CRRUD0_fn,inline-function,2,"[3,13]",DRUD_PTS;XMACH1_PTS,14,"[15.0,0.6]",0.0048498,
gridded-table-0118,,CRRUD0_table,CRRUD0_fn,inline-function,2,"[3,13]",DRUD_PTS;XMACH1_PTS,15,"[15.0,0.8]",0.0016086,
gridded-table-0118,,CRRUD0_table,CRRUD0_fn,inline-function,2,"[3,13]",DRUD_PTS;XMACH1_PTS,16,"[15.0,0.9]",0.00035497,
gridded-table-0118,,CRRUD0_table,CRRUD0_fn,inline-function,2,"[3,13]",DRUD_PTS;XMACH1_PTS,17,"[15.0,0.95]",0.0034746,
gridded-table-0118,,CRRUD0_table,CRRUD0_fn,inline-function,2,"[3,13]",DRUD_PTS;XMACH1_PTS,18,"[15.0,1.1]",0.0026925,
gridded-table-0118,,CRRUD0_table,CRRUD0_fn,inline-function,2,"[3,13]",DRUD_PTS;XMACH1_PTS,19,"[15.0,1.2]",0.0021708,
gridded-table-0118,,CRRUD0_table,CRRUD0_fn,inline-function,2,"[3,13]",DRUD_PTS;XMACH1_PTS,20,"[15.0,1.6]",8.443e-05,
gridded-table-0118,,CRRUD0_table,CRRUD0_fn,inline-function,2,"[3,13]",DRUD_PTS;XMACH1_PTS,21,"[15.0,2.0]",0.0039686,
gridded-table-0118,,CRRUD0_table,CRRUD0_fn,inline-function,2,"[3,13]",DRUD_PTS;XMACH1_PTS,22,"[15.0,2.5]",0.0031463,
gridded-table-0118,,CRRUD0_table,CRRUD0_fn,inline-function,2,"[3,13]",DRUD_PTS;XMACH1_PTS,23,"[15.0,3.0]",0.0,
gridded-table-0118,,CRRUD0_table,CRRUD0_fn,inline-function,2,"[3,13]",DRUD_PTS;XMACH1_PTS,24,"[15.0,3.5]",0.0,
gridded-table-0118,,CRRUD0_table,CRRUD0_fn,inline-function,2,"[3,13]",DRUD_PTS;XMACH1_PTS,25,"[15.0,4.0]",0.0,
gridded-table-0118,,CRRUD0_table,CRRUD0_fn,inline-function,2,"[3,13]",DRUD_PTS;XMACH1_PTS,26,"[30.0,0.3]",0.00027752,
gridded-table-0118,,CRRUD0_table,CRRUD0_fn,inline-function,2,"[3,13]",DRUD_PTS;XMACH1_PTS,27,"[30.0,0.6]",0.0096997,
gridded-table-0118,,CRRUD0_table,CRRUD0_fn,inline-function,2,"[3,13]",DRUD_PTS;XMACH1_PTS,28,"[30.0,0.8]",0.0032173,
gridded-table-0118,,CRRUD0_table,CRRUD0_fn,inline-function,2,"[3,13]",DRUD_PTS;XMACH1_PTS,29,"[30.0,0.9]",0.00070995,
gridded-table-0118,,CRRUD0_table,CRRUD0_fn,inline-function,2,"[3,13]",DRUD_PTS;XMACH1_PTS,30,"[30.0,0.95]",0.0069493,
gridded-table-0118,,CRRUD0_table,CRRUD0_fn,inline-function,2,"[3,13]",DRUD_PTS;XMACH1_PTS,31,"[30.0,1.1]",0.005385,
gridded-table-0118,,CRRUD0_table,CRRUD0_fn,inline-function,2,"[3,13]",DRUD_PTS;XMACH1_PTS,32,"[30.0,1.2]",0.0043415,
gridded-table-0118,,CRRUD0_table,CRRUD0_fn,inline-function,2,"[3,13]",DRUD_PTS;XMACH1_PTS,33,"[30.0,1.6]",0.00016886,
gridded-table-0118,,CRRUD0_table,CRRUD0_fn,inline-function,2,"[3,13]",DRUD_PTS;XMACH1_PTS,34,"[30.0,2.0]",0.0079371,
gridded-table-0118,,CRRUD0_table,CRRUD0_fn,inline-function,2,"[3,13]",DRUD_PTS;XMACH1_PTS,35,"[30.0,2.5]",0.0062925,
gridded-table-0118,,CRRUD0_table,CRRUD0_fn,inline-function,2,"[3,13]",DRUD_PTS;XMACH1_PTS,36,"[30.0,3.0]",0.0,
gridded-table-0118,,CRRUD0_table,CRRUD0_fn,inline-function,2,"[3,13]",DRUD_PTS;XMACH1_PTS,37,"[30.0,3.5]",0.0,
gridded-table-0118,,CRRUD0_table,CRRUD0_fn,inline-function,2,"[3,13]",DRUD_PTS;XMACH1_PTS,38,"[30.0,4.0]",0.0,
gridded-table-0119,,CRRUD1_table,CRRUD1_fn,inline-function,2,"[3,13]",DRUD_PTS;XMACH1_PTS,0,"[0.0,0.3]",0.0,
gridded-table-0119,,CRRUD1_table,CRRUD1_fn,inline-function,2,"[3,13]",DRUD_PTS;XMACH1_PTS,1,"[0.0,0.6]",0.0,
gridded-table-0119,,CRRUD1_table,CRRUD1_fn,inline-function,2,"[3,13]",DRUD_PTS;XMACH1_PTS,2,"[0.0,0.8]",0.0,
gridded-table-0119,,CRRUD1_table,CRRUD1_fn,inline-function,2,"[3,13]",DRUD_PTS;XMACH1_PTS,3,"[0.0,0.9]",0.0,
gridded-table-0119,,CRRUD1_table,CRRUD1_fn,inline-function,2,"[3,13]",DRUD_PTS;XMACH1_PTS,4,"[0.0,0.95]",0.0,
gridded-table-0119,,CRRUD1_table,CRRUD1_fn,inline-function,2,"[3,13]",DRUD_PTS;XMACH1_PTS,5,"[0.0,1.1]",0.0,
gridded-table-0119,,CRRUD1_table,CRRUD1_fn,inline-function,2,"[3,13]",DRUD_PTS;XMACH1_PTS,6,"[0.0,1.2]",0.0,
gridded-table-0119,,CRRUD1_table,CRRUD1_fn,inline-function,2,"[3,13]",DRUD_PTS;XMACH1_PTS,7,"[0.0,1.6]",0.0,
gridded-table-0119,,CRRUD1_table,CRRUD1_fn,inline-function,2,"[3,13]",DRUD_PTS;XMACH1_PTS,8,"[0.0,2.0]",0.0,
gridded-table-0119,,CRRUD1_table,CRRUD1_fn,inline-function,2,"[3,13]",DRUD_PTS;XMACH1_PTS,9,"[0.0,2.5]",0.0,
gridded-table-0119,,CRRUD1_table,CRRUD1_fn,inline-function,2,"[3,13]",DRUD_PTS;XMACH1_PTS,10,"[0.0,3.0]",0.0,
gridded-table-0119,,CRRUD1_table,CRRUD1_fn,inline-function,2,"[3,13]",DRUD_PTS;XMACH1_PTS,11,"[0.0,3.5]",0.0,
gridded-table-0119,,CRRUD1_table,CRRUD1_fn,inline-function,2,"[3,13]",DRUD_PTS;XMACH1_PTS,12,"[0.0,4.0]",0.0,
gridded-table-0119,,CRRUD1_table,CRRUD1_fn,inline-function,2,"[3,13]",DRUD_PTS;XMACH1_PTS,13,"[15.0,0.3]",0.0018705,
gridded-table-0119,,CRRUD1_table,CRRUD1_fn,inline-function,2,"[3,13]",DRUD_PTS;XMACH1_PTS,14,"[15.0,0.6]",-0.00087596,
gridded-table-0119,,CRRUD1_table,CRRUD1_fn,inline-function,2,"[3,13]",DRUD_PTS;XMACH1_PTS,15,"[15.0,0.8]",-0.000153,
gridded-table-0119,,CRRUD1_table,CRRUD1_fn,inline-function,2,"[3,13]",DRUD_PTS;XMACH1_PTS,16,"[15.0,0.9]",-1.0408e-05,
gridded-table-0119,,CRRUD1_table,CRRUD1_fn,inline-function,2,"[3,13]",DRUD_PTS;XMACH1_PTS,17,"[15.0,0.95]",-0.00053328,
gridded-table-0119,,CRRUD1_table,CRRUD1_fn,inline-function,2,"[3,13]",DRUD_PTS;XMACH1_PTS,18,"[15.0,1.1]",-0.00064001,
gridded-table-0119,,CRRUD1_table,CRRUD1_fn,inline-function,2,"[3,13]",DRUD_PTS;XMACH1_PTS,19,"[15.0,1.2]",-0.00071121,
gridded-table-0119,,CRRUD1_table,CRRUD1_fn,inline-function,2,"[3,13]",DRUD_PTS;XMACH1_PTS,20,"[15.0,1.6]",-0.00099592,
gridded-table-0119,,CRRUD1_table,CRRUD1_fn,inline-function,2,"[3,13]",DRUD_PTS;XMACH1_PTS,21,"[15.0,2.0]",-0.00039895,
gridded-table-0119,,CRRUD1_table,CRRUD1_fn,inline-function,2,"[3,13]",DRUD_PTS;XMACH1_PTS,22,"[15.0,2.5]",-0.00016351,
gridded-table-0119,,CRRUD1_table,CRRUD1_fn,inline-function,2,"[3,13]",DRUD_PTS;XMACH1_PTS,23,"[15.0,3.0]",0.0,
gridded-table-0119,,CRRUD1_table,CRRUD1_fn,inline-function,2,"[3,13]",DRUD_PTS;XMACH1_PTS,24,"[15.0,3.5]",0.0,
gridded-table-0119,,CRRUD1_table,CRRUD1_fn,inline-function,2,"[3,13]",DRUD_PTS;XMACH1_PTS,25,"[15.0,4.0]",0.0,
gridded-table-0119,,CRRUD1_table,CRRUD1_fn,inline-function,2,"[3,13]",DRUD_PTS;XMACH1_PTS,26,"[30.0,0.3]",0.00051978,
gridded-table-0119,,CRRUD1_table,CRRUD1_fn,inline-function,2,"[3,13]",DRUD_PTS;XMACH1_PTS,27,"[30.0,0.6]",-0.0017519,
gridded-table-0119,,CRRUD1_table,CRRUD1_fn,inline-function,2,"[3,13]",DRUD_PTS;XMACH1_PTS,28,"[30.0,0.8]",-0.00030601,
gridded-table-0119,,CRRUD1_table,CRRUD1_fn,inline-function,2,"[3,13]",DRUD_PTS;XMACH1_PTS,29,"[30.0,0.9]",-2.0817e-05,
gridded-table-0119,,CRRUD1_table,CRRUD1_fn,inline-function,2,"[3,13]",DRUD_PTS;XMACH1_PTS,30,"[30.0,0.95]",-0.0010666,
gridded-table-0119,,CRRUD1_table,CRRUD1_fn,inline-function,2,"[3,13]",DRUD_PTS;XMACH1_PTS,31,"[30.0,1.1]",-0.00128,
gridded-table-0119,,CRRUD1_table,CRRUD1_fn,inline-function,2,"[3,13]",DRUD_PTS;XMACH1_PTS,32,"[30.0,1.2]",-0.0014224,
gridded-table-0119,,CRRUD1_table,CRRUD1_fn,inline-function,2,"[3,13]",DRUD_PTS;XMACH1_PTS,33,"[30.0,1.6]",-0.0019918,
gridded-table-0119,,CRRUD1_table,CRRUD1_fn,inline-function,2,"[3,13]",DRUD_PTS;XMACH1_PTS,34,"[30.0,2.0]",-0.00079789,
gridded-table-0119,,CRRUD1_table,CRRUD1_fn,inline-function,2,"[3,13]",DRUD_PTS;XMACH1_PTS,35,"[30.0,2.5]",-0.00032702,
gridded-table-0119,,CRRUD1_table,CRRUD1_fn,inline-function,2,"[3,13]",DRUD_PTS;XMACH1_PTS,36,"[30.0,3.0]",0.0,
gridded-table-0119,,CRRUD1_table,CRRUD1_fn,inline-function,2,"[3,13]",DRUD_PTS;XMACH1_PTS,37,"[30.0,3.5]",0.0,
gridded-table-0119,,CRRUD1_table,CRRUD1_fn,inline-function,2,"[3,13]",DRUD_PTS;XMACH1_PTS,38,"[30.0,4.0]",0.0,
gridded-table-0120,,CRRUD2_table,CRRUD2_fn,inline-function,2,"[3,13]",DRUD_PTS;XMACH1_PTS,0,"[0.0,0.3]",0.0,
gridded-table-0120,,CRRUD2_table,CRRUD2_fn,inline-function,2,"[3,13]",DRUD_PTS;XMACH1_PTS,1,"[0.0,0.6]",0.0,
gridded-table-0120,,CRRUD2_table,CRRUD2_fn,inline-function,2,"[3,13]",DRUD_PTS;XMACH1_PTS,2,"[0.0,0.8]",0.0,
gridded-table-0120,,CRRUD2_table,CRRUD2_fn,inline-function,2,"[3,13]",DRUD_PTS;XMACH1_PTS,3,"[0.0,0.9]",0.0,
gridded-table-0120,,CRRUD2_table,CRRUD2_fn,inline-function,2,"[3,13]",DRUD_PTS;XMACH1_PTS,4,"[0.0,0.95]",0.0,
gridded-table-0120,,CRRUD2_table,CRRUD2_fn,inline-function,2,"[3,13]",DRUD_PTS;XMACH1_PTS,5,"[0.0,1.1]",0.0,
gridded-table-0120,,CRRUD2_table,CRRUD2_fn,inline-function,2,"[3,13]",DRUD_PTS;XMACH1_PTS,6,"[0.0,1.2]",0.0,
gridded-table-0120,,CRRUD2_table,CRRUD2_fn,inline-function,2,"[3,13]",DRUD_PTS;XMACH1_PTS,7,"[0.0,1.6]",0.0,
gridded-table-0120,,CRRUD2_table,CRRUD2_fn,inline-function,2,"[3,13]",DRUD_PTS;XMACH1_PTS,8,"[0.0,2.0]",0.0,
gridded-table-0120,,CRRUD2_table,CRRUD2_fn,inline-function,2,"[3,13]",DRUD_PTS;XMACH1_PTS,9,"[0.0,2.5]",0.0,
gridded-table-0120,,CRRUD2_table,CRRUD2_fn,inline-function,2,"[3,13]",DRUD_PTS;XMACH1_PTS,10,"[0.0,3.0]",0.0,
gridded-table-0120,,CRRUD2_table,CRRUD2_fn,inline-function,2,"[3,13]",DRUD_PTS;XMACH1_PTS,11,"[0.0,3.5]",0.0,
gridded-table-0120,,CRRUD2_table,CRRUD2_fn,inline-function,2,"[3,13]",DRUD_PTS;XMACH1_PTS,12,"[0.0,4.0]",0.0,
gridded-table-0120,,CRRUD2_table,CRRUD2_fn,inline-function,2,"[3,13]",DRUD_PTS;XMACH1_PTS,13,"[15.0,0.3]",-0.00012021,
gridded-table-0120,,CRRUD2_table,CRRUD2_fn,inline-function,2,"[3,13]",DRUD_PTS;XMACH1_PTS,14,"[15.0,0.6]",1.7117e-05,
gridded-table-0120,,CRRUD2_table,CRRUD2_fn,inline-function,2,"[3,13]",DRUD_PTS;XMACH1_PTS,15,"[15.0,0.8]",3.9553e-05,
gridded-table-0120,,CRRUD2_table,CRRUD2_fn,inline-function,2,"[3,13]",DRUD_PTS;XMACH1_PTS,16,"[15.0,0.9]",2.0795e-05,
gridded-table-0120,,CRRUD2_table,CRRUD2_fn,inline-function,2,"[3,13]",DRUD_PTS;XMACH1_PTS,17,"[15.0,0.95]",1.5636e-05,
gridded-table-0120,,CRRUD2_table,CRRUD2_fn,inline-function,2,"[3,13]",DRUD_PTS;XMACH1_PTS,18,"[15.0,1.1]",8.263e-05,
gridded-table-0120,,CRRUD2_table,CRRUD2_fn,inline-function,2,"[3,13]",DRUD_PTS;XMACH1_PTS,19,"[15.0,1.2]",0.00012732,
gridded-table-0120,,CRRUD2_table,CRRUD2_fn,inline-function,2,"[3,13]",DRUD_PTS;XMACH1_PTS,20,"[15.0,1.6]",0.00030603,
gridded-table-0120,,CRRUD2_table,CRRUD2_fn,inline-function,2,"[3,13]",DRUD_PTS;XMACH1_PTS,21,"[15.0,2.0]",4.8142e-05,
gridded-table-0120,,CRRUD2_table,CRRUD2_fn,inline-function,2,"[3,13]",DRUD_PTS;XMACH1_PTS,22,"[15.0,2.5]",1.1918e-06,
gridded-table-0120,,CRRUD2_table,CRRUD2_fn,inline-function,2,"[3,13]",DRUD_PTS;XMACH1_PTS,23,"[15.0,3.0]",0.0,
gridded-table-0120,,CRRUD2_table,CRRUD2_fn,inline-function,2,"[3,13]",DRUD_PTS;XMACH1_PTS,24,"[15.0,3.5]",0.0,
gridded-table-0120,,CRRUD2_table,CRRUD2_fn,inline-function,2,"[3,13]",DRUD_PTS;XMACH1_PTS,25,"[15.0,4.0]",0.0,
gridded-table-0120,,CRRUD2_table,CRRUD2_fn,inline-function,2,"[3,13]",DRUD_PTS;XMACH1_PTS,26,"[30.0,0.3]",-1.273e-05,
gridded-table-0120,,CRRUD2_table,CRRUD2_fn,inline-function,2,"[3,13]",DRUD_PTS;XMACH1_PTS,27,"[30.0,0.6]",3.4234e-05,
gridded-table-0120,,CRRUD2_table,CRRUD2_fn,inline-function,2,"[3,13]",DRUD_PTS;XMACH1_PTS,28,"[30.0,0.8]",7.9105e-05,
gridded-table-0120,,CRRUD2_table,CRRUD2_fn,inline-function,2,"[3,13]",DRUD_PTS;XMACH1_PTS,29,"[30.0,0.9]",4.159e-05,
gridded-table-0120,,CRRUD2_table,CRRUD2_fn,inline-function,2,"[3,13]",DRUD_PTS;XMACH1_PTS,30,"[30.0,0.95]",3.1271e-05,
gridded-table-0120,,CRRUD2_table,CRRUD2_fn,inline-function,2,"[3,13]",DRUD_PTS;XMACH1_PTS,31,"[30.0,1.1]",0.00016526,
gridded-table-0120,,CRRUD2_table,CRRUD2_fn,inline-function,2,"[3,13]",DRUD_PTS;XMACH1_PTS,32,"[30.0,1.2]",0.00025464,
gridded-table-0120,,CRRUD2_table,CRRUD2_fn,inline-function,2,"[3,13]",DRUD_PTS;XMACH1_PTS,33,"[30.0,1.6]",0.00061206,
gridded-table-0120,,CRRUD2_table,CRRUD2_fn,inline-function,2,"[3,13]",DRUD_PTS;XMACH1_PTS,34,"[30.0,2.0]",9.6285e-05,
gridded-table-0120,,CRRUD2_table,CRRUD2_fn,inline-function,2,"[3,13]",DRUD_PTS;XMACH1_PTS,35,"[30.0,2.5]",2.3836e-06,
gridded-table-0120,,CRRUD2_table,CRRUD2_fn,inline-function,2,"[3,13]",DRUD_PTS;XMACH1_PTS,36,"[30.0,3.0]",0.0,
gridded-table-0120,,CRRUD2_table,CRRUD2_fn,inline-function,2,"[3,13]",DRUD_PTS;XMACH1_PTS,37,"[30.0,3.5]",0.0,
gridded-table-0120,,CRRUD2_table,CRRUD2_fn,inline-function,2,"[3,13]",DRUD_PTS;XMACH1_PTS,38,"[30.0,4.0]",0.0,
gridded-table-0121,,CRRUD3_table,CRRUD3_fn,inline-function,2,"[3,13]",DRUD_PTS;XMACH1_PTS,0,"[0.0,0.3]",0.0,
gridded-table-0121,,CRRUD3_table,CRRUD3_fn,inline-function,2,"[3,13]",DRUD_PTS;XMACH1_PTS,1,"[0.0,0.6]",0.0,
gridded-table-0121,,CRRUD3_table,CRRUD3_fn,inline-function,2,"[3,13]",DRUD_PTS;XMACH1_PTS,2,"[0.0,0.8]",0.0,
gridded-table-0121,,CRRUD3_table,CRRUD3_fn,inline-function,2,"[3,13]",DRUD_PTS;XMACH1_PTS,3,"[0.0,0.9]",0.0,
gridded-table-0121,,CRRUD3_table,CRRUD3_fn,inline-function,2,"[3,13]",DRUD_PTS;XMACH1_PTS,4,"[0.0,0.95]",0.0,
gridded-table-0121,,CRRUD3_table,CRRUD3_fn,inline-function,2,"[3,13]",DRUD_PTS;XMACH1_PTS,5,"[0.0,1.1]",0.0,
gridded-table-0121,,CRRUD3_table,CRRUD3_fn,inline-function,2,"[3,13]",DRUD_PTS;XMACH1_PTS,6,"[0.0,1.2]",0.0,
gridded-table-0121,,CRRUD3_table,CRRUD3_fn,inline-function,2,"[3,13]",DRUD_PTS;XMACH1_PTS,7,"[0.0,1.6]",0.0,
gridded-table-0121,,CRRUD3_table,CRRUD3_fn,inline-function,2,"[3,13]",DRUD_PTS;XMACH1_PTS,8,"[0.0,2.0]",0.0,
gridded-table-0121,,CRRUD3_table,CRRUD3_fn,inline-function,2,"[3,13]",DRUD_PTS;XMACH1_PTS,9,"[0.0,2.5]",0.0,
gridded-table-0121,,CRRUD3_table,CRRUD3_fn,inline-function,2,"[3,13]",DRUD_PTS;XMACH1_PTS,10,"[0.0,3.0]",0.0,
gridded-table-0121,,CRRUD3_table,CRRUD3_fn,inline-function,2,"[3,13]",DRUD_PTS;XMACH1_PTS,11,"[0.0,3.5]",0.0,
gridded-table-0121,,CRRUD3_table,CRRUD3_fn,inline-function,2,"[3,13]",DRUD_PTS;XMACH1_PTS,12,"[0.0,4.0]",0.0,
gridded-table-0121,,CRRUD3_table,CRRUD3_fn,inline-function,2,"[3,13]",DRUD_PTS;XMACH1_PTS,13,"[15.0,0.3]",2.1859e-06,
gridded-table-0121,,CRRUD3_table,CRRUD3_fn,inline-function,2,"[3,13]",DRUD_PTS;XMACH1_PTS,14,"[15.0,0.6]",1.6763e-06,
gridded-table-0121,,CRRUD3_table,CRRUD3_fn,inline-function,2,"[3,13]",DRUD_PTS;XMACH1_PTS,15,"[15.0,0.8]",-9.9083e-07,
gridded-table-0121,,CRRUD3_table,CRRUD3_fn,inline-function,2,"[3,13]",DRUD_PTS;XMACH1_PTS,16,"[15.0,0.9]",-7.4877e-07,
gridded-table-0121,,CRRUD3_table,CRRUD3_fn,inline-function,2,"[3,13]",DRUD_PTS;XMACH1_PTS,17,"[15.0,0.95]",3.0581e-07,
gridded-table-0121,,CRRUD3_table,CRRUD3_fn,inline-function,2,"[3,13]",DRUD_PTS;XMACH1_PTS,18,"[15.0,1.1]",-3.428e-06,
gridded-table-0121,,CRRUD3_table,CRRUD3_fn,inline-function,2,"[3,13]",DRUD_PTS;XMACH1_PTS,19,"[15.0,1.2]",-5.9189e-06,
gridded-table-0121,,CRRUD3_table,CRRUD3_fn,inline-function,2,"[3,13]",DRUD_PTS;XMACH1_PTS,20,"[15.0,1.6]",-1.5879e-05,
gridded-table-0121,,CRRUD3_table,CRRUD3_fn,inline-function,2,"[3,13]",DRUD_PTS;XMACH1_PTS,21,"[15.0,2.0]",-1.9957e-06,
gridded-table-0121,,CRRUD3_table,CRRUD3_fn,inline-function,2,"[3,13]",DRUD_PTS;XMACH1_PTS,22,"[15.0,2.5]",3.9992e-08,
gridded-table-0121,,CRRUD3_table,CRRUD3_fn,inline-function,2,"[3,13]",DRUD_PTS;XMACH1_PTS,23,"[15.0,3.0]",0.0,
gridded-table-0121,,CRRUD3_table,CRRUD3_fn,inline-function,2,"[3,13]",DRUD_PTS;XMACH1_PTS,24,"[15.0,3.5]",0.0,
gridded-table-0121,,CRRUD3_table,CRRUD3_fn,inline-function,2,"[3,13]",DRUD_PTS;XMACH1_PTS,25,"[15.0,4.0]",0.0,
gridded-table-0121,,CRRUD3_table,CRRUD3_fn,inline-function,2,"[3,13]",DRUD_PTS;XMACH1_PTS,26,"[30.0,0.3]",1.6219e-07,
gridded-table-0121,,CRRUD3_table,CRRUD3_fn,inline-function,2,"[3,13]",DRUD_PTS;XMACH1_PTS,27,"[30.0,0.6]",3.3527e-06,
gridded-table-0121,,CRRUD3_table,CRRUD3_fn,inline-function,2,"[3,13]",DRUD_PTS;XMACH1_PTS,28,"[30.0,0.8]",-1.9817e-06,
gridded-table-0121,,CRRUD3_table,CRRUD3_fn,inline-function,2,"[3,13]",DRUD_PTS;XMACH1_PTS,29,"[30.0,0.9]",-1.4975e-06,
gridded-table-0121,,CRRUD3_table,CRRUD3_fn,inline-function,2,"[3,13]",DRUD_PTS;XMACH1_PTS,30,"[30.0,0.95]",6.1163e-07,
gridded-table-0121,,CRRUD3_table,CRRUD3_fn,inline-function,2,"[3,13]",DRUD_PTS;XMACH1_PTS,31,"[30.0,1.1]",-6.8561e-06,
gridded-table-0121,,CRRUD3_table,CRRUD3_fn,inline-function,2,"[3,13]",DRUD_PTS;XMACH1_PTS,32,"[30.0,1.2]",-1.1838e-05,
gridded-table-0121,,CRRUD3_table,CRRUD3_fn,inline-function,2,"[3,13]",DRUD_PTS;XMACH1_PTS,33,"[30.0,1.6]",-3.1758e-05,
gridded-table-0121,,CRRUD3_table,CRRUD3_fn,inline-function,2,"[3,13]",DRUD_PTS;XMACH1_PTS,34,"[30.0,2.0]",-3.9914e-06,
gridded-table-0121,,CRRUD3_table,CRRUD3_fn,inline-function,2,"[3,13]",DRUD_PTS;XMACH1_PTS,35,"[30.0,2.5]",7.9984e-08,
gridded-table-0121,,CRRUD3_table,CRRUD3_fn,inline-function,2,"[3,13]",DRUD_PTS;XMACH1_PTS,36,"[30.0,3.0]",0.0,
gridded-table-0121,,CRRUD3_table,CRRUD3_fn,inline-function,2,"[3,13]",DRUD_PTS;XMACH1_PTS,37,"[30.0,3.5]",0.0,
gridded-table-0121,,CRRUD3_table,CRRUD3_fn,inline-function,2,"[3,13]",DRUD_PTS;XMACH1_PTS,38,"[30.0,4.0]",0.0,
gridded-table-0122,,CLLGO_table,CLLG0_fn,inline-function,1,[5],DLG_PTS,0,[0.0],0.0,
gridded-table-0122,,CLLGO_table,CLLG0_fn,inline-function,1,[5],DLG_PTS,1,[15.0],0.00027578,
gridded-table-0122,,CLLGO_table,CLLG0_fn,inline-function,1,[5],DLG_PTS,2,[30.0],0.00056559,
gridded-table-0122,,CLLGO_table,CLLG0_fn,inline-function,1,[5],DLG_PTS,3,[60.0],0.00092879,
gridded-table-0122,,CLLGO_table,CLLG0_fn,inline-function,1,[5],DLG_PTS,4,[90.0],0.00092976,
gridded-table-0123,,CLLG1_table,CLLG1_fn,inline-function,1,[5],DLG_PTS,0,[0.0],0.0,
gridded-table-0123,,CLLG1_table,CLLG1_fn,inline-function,1,[5],DLG_PTS,1,[15.0],1.9298e-05,
gridded-table-0123,,CLLG1_table,CLLG1_fn,inline-function,1,[5],DLG_PTS,2,[30.0],0.00019548,
gridded-table-0123,,CLLG1_table,CLLG1_fn,inline-function,1,[5],DLG_PTS,3,[60.0],0.00056937,
gridded-table-0123,,CLLG1_table,CLLG1_fn,inline-function,1,[5],DLG_PTS,4,[90.0],0.00071877,
gridded-table-0124,,CLLG2_table,CLLG2_fn,inline-function,1,[5],DLG_PTS,0,[0.0],0.0,
gridded-table-0124,,CLLG2_table,CLLG2_fn,inline-function,1,[5],DLG_PTS,1,[15.0],2.6786e-06,
gridded-table-0124,,CLLG2_table,CLLG2_fn,inline-function,1,[5],DLG_PTS,2,[30.0],1.5689e-05,
gridded-table-0124,,CLLG2_table,CLLG2_fn,inline-function,1,[5],DLG_PTS,3,[60.0],4.2266e-05,
gridded-table-0124,,CLLG2_table,CLLG2_fn,inline-function,1,[5],DLG_PTS,4,[90.0],5.337e-05,
gridded-table-0125,,CLLG3_table,CLLG3_fn,inline-function,1,[5],DLG_PTS,0,[0.0],0.0,
gridded-table-0125,,CLLG3_table,CLLG3_fn,inline-function,1,[5],DLG_PTS,1,[15.0],-8.2093e-08,
gridded-table-0125,,CLLG3_table,CLLG3_fn,inline-function,1,[5],DLG_PTS,2,[30.0],-5.3547e-07,
gridded-table-0125,,CLLG3_table,CLLG3_fn,inline-function,1,[5],DLG_PTS,3,[60.0],-1.471e-06,
gridded-table-0125,,CLLG3_table,CLLG3_fn,inline-function,1,[5],DLG_PTS,4,[90.0],-1.8575e-06,
gridded-table-0126,,CDLG0_table,CDLG0_fn,inline-function,1,[5],DLG_PTS,0,[0.0],0.0,
gridded-table-0126,,CDLG0_table,CDLG0_fn,inline-function,1,[5],DLG_PTS,1,[15.0],0.0014942,
gridded-table-0126,,CDLG0_table,CDLG0_fn,inline-function,1,[5],DLG_PTS,2,[30.0],0.0029416,
gridded-table-0126,,CDLG0_table,CDLG0_fn,inline-function,1,[5],DLG_PTS,3,[60.0],0.0051964,
gridded-table-0126,,CDLG0_table,CDLG0_fn,inline-function,1,[5],DLG_PTS,4,[90.0],0.0060569,
gridded-table-0127,,CDLG1_table,CDLG1_fn,inline-function,1,[5],DLG_PTS,0,[0.0],0.0,
gridded-table-0127,,CDLG1_table,CDLG1_fn,inline-function,1,[5],DLG_PTS,1,[15.0],-1.9628e-05,
gridded-table-0127,,CDLG1_table,CDLG1_fn,inline-function,1,[5],DLG_PTS,2,[30.0],-3.7504e-05,
gridded-table-0127,,CDLG1_table,CDLG1_fn,inline-function,1,[5],DLG_PTS,3,[60.0],-6.3856e-05,
gridded-table-0127,,CDLG1_table,CDLG1_fn,inline-function,1,[5],DLG_PTS,4,[90.0],-7.3249e-05,
gridded-table-0128,,CDLG2_table,CDLG2_fn,inline-function,1,[5],DLG_PTS,0,[0.0],0.0,
gridded-table-0128,,CDLG2_table,CDLG2_fn,inline-function,1,[5],DLG_PTS,1,[15.0],1.8435e-06,
gridded-table-0128,,CDLG2_table,CDLG2_fn,inline-function,1,[5],DLG_PTS,2,[30.0],2.5096e-06,
gridded-table-0128,,CDLG2_table,CDLG2_fn,inline-function,1,[5],DLG_PTS,3,[60.0],1.6969e-06,
gridded-table-0128,,CDLG2_table,CDLG2_fn,inline-function,1,[5],DLG_PTS,4,[90.0],6.2029e-07,
gridded-table-0129,,CDLG3_table,CDLG3_fn,inline-function,1,[5],DLG_PTS,0,[0.0],0.0,
gridded-table-0129,,CDLG3_table,CDLG3_fn,inline-function,1,[5],DLG_PTS,1,[15.0],-3.8439e-08,
gridded-table-0129,,CDLG3_table,CDLG3_fn,inline-function,1,[5],DLG_PTS,2,[30.0],-4.524e-08,
gridded-table-0129,,CDLG3_table,CDLG3_fn,inline-function,1,[5],DLG_PTS,3,[60.0],-6.7674e-09,
gridded-table-0129,,CDLG3_table,CDLG3_fn,inline-function,1,[5],DLG_PTS,4,[90.0],2.8351e-08,
gridded-table-0130,,CMLG0_table,CMLG0_fn,inline-function,1,[5],DLG_PTS,0,[0.0],0.0,
gridded-table-0130,,CMLG0_table,CMLG0_fn,inline-function,1,[5],DLG_PTS,1,[15.0],0.00012141,
gridded-table-0130,,CMLG0_table,CMLG0_fn,inline-function,1,[5],DLG_PTS,2,[30.0],0.00029296,
gridded-table-0130,,CMLG0_table,CMLG0_fn,inline-function,1,[5],DLG_PTS,3,[60.0],0.00057038,
gridded-table-0130,,CMLG0_table,CMLG0_fn,inline-function,1,[5],DLG_PTS,4,[90.0],0.00069595,
gridded-table-0131,,CMLG1_table,CMLG1_fn,inline-function,1,[5],DLG_PTS,0,[0.0],0.0,
gridded-table-0131,,CMLG1_table,CMLG1_fn,inline-function,1,[5],DLG_PTS,1,[15.0],2.289e-06,
gridded-table-0131,,CMLG1_table,CMLG1_fn,inline-function,1,[5],DLG_PTS,2,[30.0],-2.0561e-05,
gridded-table-0131,,CMLG1_table,CMLG1_fn,inline-function,1,[5],DLG_PTS,3,[60.0],-5.4086e-05,
gridded-table-0131,,CMLG1_table,CMLG1_fn,inline-function,1,[5],DLG_PTS,4,[90.0],-5.174e-05,
gridded-table-0132,,CMLG2_table,CMLG2_fn,inline-function,1,[5],DLG_PTS,0,[0.0],0.0,
gridded-table-0132,,CMLG2_table,CMLG2_fn,inline-function,1,[5],DLG_PTS,1,[15.0],-4.7874e-07,
gridded-table-0132,,CMLG2_table,CMLG2_fn,inline-function,1,[5],DLG_PTS,2,[30.0],-2.1799e-06,
gridded-table-0132,,CMLG2_table,CMLG2_fn,inline-function,1,[5],DLG_PTS,3,[60.0],-4.6249e-06,
gridded-table-0132,,CMLG2_table,CMLG2_fn,inline-function,1,[5],DLG_PTS,4,[90.0],-4.3182e-06,
gridded-table-0133,,CMLG3_table,CMLG3_fn,inline-function,1,[5],DLG_PTS,0,[0.0],0.0,
gridded-table-0133,,CMLG3_table,CMLG3_fn,inline-function,1,[5],DLG_PTS,1,[15.0],1.2033e-08,
gridded-table-0133,,CMLG3_table,CMLG3_fn,inline-function,1,[5],DLG_PTS,2,[30.0],7.0173e-08,
gridded-table-0133,,CMLG3_table,CMLG3_fn,inline-function,1,[5],DLG_PTS,3,[60.0],1.5511e-07,
gridded-table-0133,,CMLG3_table,CMLG3_fn,inline-function,1,[5],DLG_PTS,4,[90.0],1.4397e-07,
gridded-table-0134,,CYLG0_table,CYLG0_fn,inline-function,1,[5],DLG_PTS,0,[0.0],0.0,
gridded-table-0134,,CYLG0_table,CYLG0_fn,inline-function,1,[5],DLG_PTS,1,[15.0],-0.00057975,
gridded-table-0134,,CYLG0_table,CYLG0_fn,inline-function,1,[5],DLG_PTS,2,[30.0],-0.0015727,
gridded-table-0134,,CYLG0_table,CYLG0_fn,inline-function,1,[5],DLG_PTS,3,[60.0],-0.003822,
gridded-table-0134,,CYLG0_table,CYLG0_fn,inline-function,1,[5],DLG_PTS,4,[90.0],-0.004857,
gridded-table-0135,,CYLG1_table,CYLG1_fn,inline-function,1,[5],DLG_PTS,0,[0.0],0.0,
gridded-table-0135,,CYLG1_table,CYLG1_fn,inline-function,1,[5],DLG_PTS,1,[15.0],-1.6929e-06,
gridded-table-0135,,CYLG1_table,CYLG1_fn,inline-function,1,[5],DLG_PTS,2,[30.0],-4.2029e-06,
gridded-table-0135,,CYLG1_table,CYLG1_fn,inline-function,1,[5],DLG_PTS,3,[60.0],-8.8574e-06,
gridded-table-0135,,CYLG1_table,CYLG1_fn,inline-function,1,[5],DLG_PTS,4,[90.0],-1.1288e-05,
gridded-table-0136,,CYLG2_table,CYLG2_fn,inline-function,1,[5],DLG_PTS,0,[0.0],0.0,
gridded-table-0136,,CYLG2_table,CYLG2_fn,inline-function,1,[5],DLG_PTS,1,[15.0],-2.3445e-07,
gridded-table-0136,,CYLG2_table,CYLG2_fn,inline-function,1,[5],DLG_PTS,2,[30.0],-6.8587e-07,
gridded-table-0136,,CYLG2_table,CYLG2_fn,inline-function,1,[5],DLG_PTS,3,[60.0],-1.7717e-06,
gridded-table-0136,,CYLG2_table,CYLG2_fn,inline-function,1,[5],DLG_PTS,4,[90.0],-2.3133e-06,
gridded-table-0137,,CYLG3_table,CYLG3_fn,inline-function,1,[5],DLG_PTS,0,[0.0],0.0,
gridded-table-0137,,CYLG3_table,CYLG3_fn,inline-function,1,[5],DLG_PTS,1,[15.0],7.4864e-09,
gridded-table-0137,,CYLG3_table,CYLG3_fn,inline-function,1,[5],DLG_PTS,2,[30.0],2.1504e-08,
gridded-table-0137,,CYLG3_table,CYLG3_fn,inline-function,1,[5],DLG_PTS,3,[60.0],5.4512e-08,
gridded-table-0137,,CYLG3_table,CYLG3_fn,inline-function,1,[5],DLG_PTS,4,[90.0],7.1074e-08,
gridded-table-0138,,CNLG0_table,CNLG0_fn,inline-function,1,[5],DLG_PTS,0,[0.0],0.0,
gridded-table-0138,,CNLG0_table,CNLG0_fn,inline-function,1,[5],DLG_PTS,1,[15.0],0.00018672,
gridded-table-0138,,CNLG0_table,CNLG0_fn,inline-function,1,[5],DLG_PTS,2,[30.0],0.00039658,
gridded-table-0138,,CNLG0_table,CNLG0_fn,inline-function,1,[5],DLG_PTS,3,[60.0],0.00063382,
gridded-table-0138,,CNLG0_table,CNLG0_fn,inline-function,1,[5],DLG_PTS,4,[90.0],0.00051721,
gridded-table-0139,,CNLG1_table,CNLG1_fn,inline-function,1,[5],DLG_PTS,0,[0.0],0.0,
gridded-table-0139,,CNLG1_table,CNLG1_fn,inline-function,1,[5],DLG_PTS,1,[15.0],8.3805e-07,
gridded-table-0139,,CNLG1_table,CNLG1_fn,inline-function,1,[5],DLG_PTS,2,[30.0],1.4724e-06,
gridded-table-0139,,CNLG1_table,CNLG1_fn,inline-function,1,[5],DLG_PTS,3,[60.0],3.802e-06,
gridded-table-0139,,CNLG1_table,CNLG1_fn,inline-function,1,[5],DLG_PTS,4,[90.0],4.4366e-06,
gridded-table-0140,,CNLG2_table,CNLG2_fn,inline-function,1,[5],DLG_PTS,0,[0.0],0.0,
gridded-table-0140,,CNLG2_table,CNLG2_fn,inline-function,1,[5],DLG_PTS,1,[15.0],1.4454e-07,
gridded-table-0140,,CNLG2_table,CNLG2_fn,inline-function,1,[5],DLG_PTS,2,[30.0],4.625e-07,
gridded-table-0140,,CNLG2_table,CNLG2_fn,inline-function,1,[5],DLG_PTS,3,[60.0],1.0481e-06,
gridded-table-0140,,CNLG2_table,CNLG2_fn,inline-function,1,[5],DLG_PTS,4,[90.0],1.3916e-06,
gridded-table-0141,,CNLG3_table,CNLG3_fn,inline-function,1,[5],DLG_PTS,0,[0.0],0.0,
gridded-table-0141,,CNLG3_table,CNLG3_fn,inline-function,1,[5],DLG_PTS,1,[15.0],-4.4275e-09,
gridded-table-0141,,CNLG3_table,CNLG3_fn,inline-function,1,[5],DLG_PTS,2,[30.0],-1.3934e-08,
gridded-table-0141,,CNLG3_table,CNLG3_fn,inline-function,1,[5],DLG_PTS,3,[60.0],-3.1348e-08,
gridded-table-0141,,CNLG3_table,CNLG3_fn,inline-function,1,[5],DLG_PTS,4,[90.0],-4.1453e-08,
gridded-table-0142,,CRLG0_table,CRLG0_fn,inline-function,1,[5],DLG_PTS,0,[0.0],0.0,
gridded-table-0142,,CRLG0_table,CRLG0_fn,inline-function,1,[5],DLG_PTS,1,[15.0],1.739e-07,
gridded-table-0142,,CRLG0_table,CRLG0_fn,inline-function,1,[5],DLG_PTS,2,[30.0],9.461e-05,
gridded-table-0142,,CRLG0_table,CRLG0_fn,inline-function,1,[5],DLG_PTS,3,[60.0],0.00043296,
gridded-table-0142,,CRLG0_table,CRLG0_fn,inline-function,1,[5],DLG_PTS,4,[90.0],0.00060258,
gridded-table-0143,,CRLG1_table,CRLG1_fn,inline-function,1,[5],DLG_PTS,0,[0.0],0.0,
gridded-table-0143,,CRLG1_table,CRLG1_fn,inline-function,1,[5],DLG_PTS,1,[15.0],3.5055e-09,
gridded-table-0143,,CRLG1_table,CRLG1_fn,inline-function,1,[5],DLG_PTS,2,[30.0],4.681e-07,
gridded-table-0143,,CRLG1_table,CRLG1_fn,inline-function,1,[5],DLG_PTS,3,[60.0],2.1707e-06,
gridded-table-0143,,CRLG1_table,CRLG1_fn,inline-function,1,[5],DLG_PTS,4,[90.0],2.9572e-06,
gridded-table-0144,,CRLG2_table,CRLG2_fn,inline-function,1,[5],DLG_PTS,0,[0.0],0.0,
gridded-table-0144,,CRLG2_table,CRLG2_fn,inline-function,1,[5],DLG_PTS,1,[15.0],-3.0813e-08,
gridded-table-0144,,CRLG2_table,CRLG2_fn,inline-function,1,[5],DLG_PTS,2,[30.0],-1.1791e-07,
gridded-table-0144,,CRLG2_table,CRLG2_fn,inline-function,1,[5],DLG_PTS,3,[60.0],-3.8489e-07,
gridded-table-0144,,CRLG2_table,CRLG2_fn,inline-function,1,[5],DLG_PTS,4,[90.0],-5.1784e-07,
gridded-table-0145,,CRLG3_table,CRLG3_fn,inline-function,1,[5],DLG_PTS,0,[0.0],0.0,
gridded-table-0145,,CRLG3_table,CRLG3_fn,inline-function,1,[5],DLG_PTS,1,[15.0],9.5073e-10,
gridded-table-0145,,CRLG3_table,CRLG3_fn,inline-function,1,[5],DLG_PTS,2,[30.0],3.2628e-09,
gridded-table-0145,,CRLG3_table,CRLG3_fn,inline-function,1,[5],DLG_PTS,3,[60.0],1.025e-08,
gridded-table-0145,,CRLG3_table,CRLG3_fn,inline-function,1,[5],DLG_PTS,4,[90.0],1.3797e-08,
gridded-table-0146,,CLGE0_table,CLGE0_fn,inline-function,1,[8],HOB_PTS,0,[0.2],0.0010077,
gridded-table-0146,,CLGE0_table,CLGE0_fn,inline-function,1,[8],HOB_PTS,1,[0.4],0.00047455,
gridded-table-0146,,CLGE0_table,CLGE0_fn,inline-function,1,[8],HOB_PTS,2,[0.6],0.00026716,
gridded-table-0146,,CLGE0_table,CLGE0_fn,inline-function,1,[8],HOB_PTS,3,[0.8],0.00016541,
gridded-table-0146,,CLGE0_table,CLGE0_fn,inline-function,1,[8],HOB_PTS,4,[1.0],0.00010971,
gridded-table-0146,,CLGE0_table,CLGE0_fn,inline-function,1,[8],HOB_PTS,5,[1.5],5.528e-05,
gridded-table-0146,,CLGE0_table,CLGE0_fn,inline-function,1,[8],HOB_PTS,6,[2.0],2.8004e-05,
gridded-table-0146,,CLGE0_table,CLGE0_fn,inline-function,1,[8],HOB_PTS,7,[2.5],0.0,
gridded-table-0147,,CLGE1_table,CLGE1_fn,inline-function,1,[8],HOB_PTS,0,[0.2],0.0019604,
gridded-table-0147,,CLGE1_table,CLGE1_fn,inline-function,1,[8],HOB_PTS,1,[0.4],0.00082421,
gridded-table-0147,,CLGE1_table,CLGE1_fn,inline-function,1,[8],HOB_PTS,2,[0.6],0.00045519,
gridded-table-0147,,CLGE1_table,CLGE1_fn,inline-function,1,[8],HOB_PTS,3,[0.8],0.00028841,
gridded-table-0147,,CLGE1_table,CLGE1_fn,inline-function,1,[8],HOB_PTS,4,[1.0],0.00019906,
gridded-table-0147,,CLGE1_table,CLGE1_fn,inline-function,1,[8],HOB_PTS,5,[1.5],9.6825e-05,
gridded-table-0147,,CLGE1_table,CLGE1_fn,inline-function,1,[8],HOB_PTS,6,[2.0],5.8642e-05,
gridded-table-0147,,CLGE1_table,CLGE1_fn,inline-function,1,[8],HOB_PTS,7,[2.5],0.0,
gridded-table-0148,,CLGE2_table,CLGE2_fn,inline-function,1,[8],HOB_PTS,0,[0.2],9.3753e-05,
gridded-table-0148,,CLGE2_table,CLGE2_fn,inline-function,1,[8],HOB_PTS,1,[0.4],3.9025e-05,
gridded-table-0148,,CLGE2_table,CLGE2_fn,inline-function,1,[8],HOB_PTS,2,[0.6],2.1213e-05,
gridded-table-0148,,CLGE2_table,CLGE2_fn,inline-function,1,[8],HOB_PTS,3,[0.8],1.307e-05,
gridded-table-0148,,CLGE2_table,CLGE2_fn,inline-function,1,[8],HOB_PTS,4,[1.0],8.8085e-06,
gridded-table-0148,,CLGE2_table,CLGE2_fn,inline-function,1,[8],HOB_PTS,5,[1.5],4.1891e-06,
gridded-table-0148,,CLGE2_table,CLGE2_fn,inline-function,1,[8],HOB_PTS,6,[2.0],2.3064e-06,
gridded-table-0148,,CLGE2_table,CLGE2_fn,inline-function,1,[8],HOB_PTS,7,[2.5],0.0,
gridded-table-0149,,CLGE3_table,CLGE3_fn,inline-function,1,[8],HOB_PTS,0,[0.2],-3.7036e-06,
gridded-table-0149,,CLGE3_table,CLGE3_fn,inline-function,1,[8],HOB_PTS,1,[0.4],-1.5467e-06,
gridded-table-0149,,CLGE3_table,CLGE3_fn,inline-function,1,[8],HOB_PTS,2,[0.6],-8.4572e-07,
gridded-table-0149,,CLGE3_table,CLGE3_fn,inline-function,1,[8],HOB_PTS,3,[0.8],-5.2523e-07,
gridded-table-0149,,CLGE3_table,CLGE3_fn,inline-function,1,[8],HOB_PTS,4,[1.0],-3.5757e-07,
gridded-table-0149,,CLGE3_table,CLGE3_fn,inline-function,1,[8],HOB_PTS,5,[1.5],-1.7078e-07,
gridded-table-0149,,CLGE3_table,CLGE3_fn,inline-function,1,[8],HOB_PTS,6,[2.0],-9.7243e-08,
gridded-table-0149,,CLGE3_table,CLGE3_fn,inline-function,1,[8],HOB_PTS,7,[2.5],0.0,
gridded-table-0150,,CDGE0_table,CDGE0_fn,inline-function,1,[8],HOB_PTS,0,[0.2],0.00060874,
gridded-table-0150,,CDGE0_table,CDGE0_fn,inline-function,1,[8],HOB_PTS,1,[0.4],0.00023668,
gridded-table-0150,,CDGE0_table,CDGE0_fn,inline-function,1,[8],HOB_PTS,2,[0.6],0.00013195,
gridded-table-0150,,CDGE0_table,CDGE0_fn,inline-function,1,[8],HOB_PTS,3,[0.8],7.9803e-05,
gridded-table-0150,,CDGE0_table,CDGE0_fn,inline-function,1,[8],HOB_PTS,4,[1.0],5.8622e-05,
gridded-table-0150,,CDGE0_table,CDGE0_fn,inline-function,1,[8],HOB_PTS,5,[1.5],2.9373e-05,
gridded-table-0150,,CDGE0_table,CDGE0_fn,inline-function,1,[8],HOB_PTS,6,[2.0],1.3069e-05,
gridded-table-0150,,CDGE0_table,CDGE0_fn,inline-function,1,[8],HOB_PTS,7,[2.5],0.0,
gridded-table-0151,,CDGE1_table,CDGE1_fn,inline-function,1,[8],HOB_PTS,0,[0.2],-0.00031049,
gridded-table-0151,,CDGE1_table,CDGE1_fn,inline-function,1,[8],HOB_PTS,1,[0.4],-0.00012906,
gridded-table-0151,,CDGE1_table,CDGE1_fn,inline-function,1,[8],HOB_PTS,2,[0.6],-7.718e-05,
gridded-table-0151,,CDGE1_table,CDGE1_fn,inline-function,1,[8],HOB_PTS,3,[0.8],-5.0324e-05,
gridded-table-0151,,CDGE1_table,CDGE1_fn,inline-function,1,[8],HOB_PTS,4,[1.0],-3.7645e-05,
gridded-table-0151,,CDGE1_table,CDGE1_fn,inline-function,1,[8],HOB_PTS,5,[1.5],-2.0237e-05,
gridded-table-0151,,CDGE1_table,CDGE1_fn,inline-function,1,[8],HOB_PTS,6,[2.0],-9.9123e-06,
gridded-table-0151,,CDGE1_table,CDGE1_fn,inline-function,1,[8],HOB_PTS,7,[2.5],0.0,
gridded-table-0152,,CDGE2_table,CDGE2_fn,inline-function,1,[8],HOB_PTS,0,[0.2],8.2571e-05,
gridded-table-0152,,CDGE2_table,CDGE2_fn,inline-function,1,[8],HOB_PTS,1,[0.4],3.3523e-05,
gridded-table-0152,,CDGE2_table,CDGE2_fn,inline-function,1,[8],HOB_PTS,2,[0.6],1.947e-05,
gridded-table-0152,,CDGE2_table,CDGE2_fn,inline-function,1,[8],HOB_PTS,3,[0.8],1.2743e-05,
gridded-table-0152,,CDGE2_table,CDGE2_fn,inline-function,1,[8],HOB_PTS,4,[1.0],9.2368e-06,
gridded-table-0152,,CDGE2_table,CDGE2_fn,inline-function,1,[8],HOB_PTS,5,[1.5],4.8321e-06,
gridded-table-0152,,CDGE2_table,CDGE2_fn,inline-function,1,[8],HOB_PTS,6,[2.0],2.7011e-06,
gridded-table-0152,,CDGE2_table,CDGE2_fn,inline-function,1,[8],HOB_PTS,7,[2.5],0.0,
gridded-table-0153,,CDGE3_table,CDGE3_fn,inline-function,1,[8],HOB_PTS,0,[0.2],-2.0609e-06,
gridded-table-0153,,CDGE3_table,CDGE3_fn,inline-function,1,[8],HOB_PTS,1,[0.4],-8.3508e-07,
gridded-table-0153,,CDGE3_table,CDGE3_fn,inline-function,1,[8],HOB_PTS,2,[0.6],-4.8333e-07,
gridded-table-0153,,CDGE3_table,CDGE3_fn,inline-function,1,[8],HOB_PTS,3,[0.8],-3.1604e-07,
gridded-table-0153,,CDGE3_table,CDGE3_fn,inline-function,1,[8],HOB_PTS,4,[1.0],-2.2842e-07,
gridded-table-0153,,CDGE3_table,CDGE3_fn,inline-function,1,[8],HOB_PTS,5,[1.5],-1.1916e-07,
gridded-table-0153,,CDGE3_table,CDGE3_fn,inline-function,1,[8],HOB_PTS,6,[2.0],-6.6648e-08,
gridded-table-0153,,CDGE3_table,CDGE3_fn,inline-function,1,[8],HOB_PTS,7,[2.5],0.0,
gridded-table-0154,,CMGE0_table,CMGE0_fn,inline-function,1,[8],HOB_PTS,0,[0.2],0.0011326,
gridded-table-0154,,CMGE0_table,CMGE0_fn,inline-function,1,[8],HOB_PTS,1,[0.4],0.00050739,
gridded-table-0154,,CMGE0_table,CMGE0_fn,inline-function,1,[8],HOB_PTS,2,[0.6],0.00026914,
gridded-table-0154,,CMGE0_table,CMGE0_fn,inline-function,1,[8],HOB_PTS,3,[0.8],0.00016451,
gridded-table-0154,,CMGE0_table,CMGE0_fn,inline-function,1,[8],HOB_PTS,4,[1.0],9.9908e-05,
gridded-table-0154,,CMGE0_table,CMGE0_fn,inline-function,1,[8],HOB_PTS,5,[1.5],4.19e-05,
gridded-table-0154,,CMGE0_table,CMGE0_fn,inline-function,1,[8],HOB_PTS,6,[2.0],1.9082e-05,
gridded-table-0154,,CMGE0_table,CMGE0_fn,inline-function,1,[8],HOB_PTS,7,[2.5],0.0,
gridded-table-0155,,CMGE1_table,CMGE1_fn,inline-function,1,[8],HOB_PTS,0,[0.2],-0.00041919,
gridded-table-0155,,CMGE1_table,CMGE1_fn,inline-function,1,[8],HOB_PTS,1,[0.4],-0.00012736,
gridded-table-0155,,CMGE1_table,CMGE1_fn,inline-function,1,[8],HOB_PTS,2,[0.6],-4.8441e-05,
gridded-table-0155,,CMGE1_table,CMGE1_fn,inline-function,1,[8],HOB_PTS,3,[0.8],-2.2609e-05,
gridded-table-0155,,CMGE1_table,CMGE1_fn,inline-function,1,[8],HOB_PTS,4,[1.0],-7.909e-06,
gridded-table-0155,,CMGE1_table,CMGE1_fn,inline-function,1,[8],HOB_PTS,5,[1.5],-5.3508e-07,
gridded-table-0155,,CMGE1_table,CMGE1_fn,inline-function,1,[8],HOB_PTS,6,[2.0],1.4482e-06,
gridded-table-0155,,CMGE1_table,CMGE1_fn,inline-function,1,[8],HOB_PTS,7,[2.5],0.0,
gridded-table-0156,,CMGE2_table,CMGE2_fn,inline-function,1,[8],HOB_PTS,0,[0.2],-1.7272e-05,
gridded-table-0156,,CMGE2_table,CMGE2_fn,inline-function,1,[8],HOB_PTS,1,[0.4],-4.097e-06,
gridded-table-0156,,CMGE2_table,CMGE2_fn,inline-function,1,[8],HOB_PTS,2,[0.6],-8.3234e-07,
gridded-table-0156,,CMGE2_table,CMGE2_fn,inline-function,1,[8],HOB_PTS,3,[0.8],3.7014e-07,
gridded-table-0156,,CMGE2_table,CMGE2_fn,inline-function,1,[8],HOB_PTS,4,[1.0],4.1607e-07,
gridded-table-0156,,CMGE2_table,CMGE2_fn,inline-function,1,[8],HOB_PTS,5,[1.5],5.2704e-07,
gridded-table-0156,,CMGE2_table,CMGE2_fn,inline-function,1,[8],HOB_PTS,6,[2.0],3.9303e-07,
gridded-table-0156,,CMGE2_table,CMGE2_fn,inline-function,1,[8],HOB_PTS,7,[2.5],0.0,
gridded-table-0157,,CMGE3_table,CMGE3_fn,inline-function,1,[8],HOB_PTS,0,[0.2],7.1748e-07,
gridded-table-0157,,CMGE3_table,CMGE3_fn,inline-function,1,[8],HOB_PTS,1,[0.4],1.8723e-07,
gridded-table-0157,,CMGE3_table,CMGE3_fn,inline-function,1,[8],HOB_PTS,2,[0.6],5.2247e-08,
gridded-table-0157,,CMGE3_table,CMGE3_fn,inline-function,1,[8],HOB_PTS,3,[0.8],3.5993e-09,
gridded-table-0157,,CMGE3_table,CMGE3_fn,inline-function,1,[8],HOB_PTS,4,[1.0],-5.8712e-09,
gridded-table-0157,,CMGE3_table,CMGE3_fn,inline-function,1,[8],HOB_PTS,5,[1.5],-1.3116e-08,
gridded-table-0157,,CMGE3_table,CMGE3_fn,inline-function,1,[8],HOB_PTS,6,[2.0],-1.1415e-08,
gridded-table-0157,,CMGE3_table,CMGE3_fn,inline-function,1,[8],HOB_PTS,7,[2.5],0.0,
gridded-table-0158,,CYGE0_table,CYGE0_fn,inline-function,1,[8],HOB_PTS,0,[0.2],-0.0010823,
gridded-table-0158,,CYGE0_table,CYGE0_fn,inline-function,1,[8],HOB_PTS,1,[0.4],-0.00036936,
gridded-table-0158,,CYGE0_table,CYGE0_fn,inline-function,1,[8],HOB_PTS,2,[0.6],-0.00017764,
gridded-table-0158,,CYGE0_table,CYGE0_fn,inline-function,1,[8],HOB_PTS,3,[0.8],-0.00010104,
gridded-table-0158,,CYGE0_table,CYGE0_fn,inline-function,1,[8],HOB_PTS,4,[1.0],-6.4524e-05,
gridded-table-0158,,CYGE0_table,CYGE0_fn,inline-function,1,[8],HOB_PTS,5,[1.5],-2.767e-05,
gridded-table-0158,,CYGE0_table,CYGE0_fn,inline-function,1,[8],HOB_PTS,6,[2.0],-1.5379e-05,
gridded-table-0158,,CYGE0_table,CYGE0_fn,inline-function,1,[8],HOB_PTS,7,[2.5],0.0,
gridded-table-0159,,CYGE1_table,CYGE1_fn,inline-function,1,[8],HOB_PTS,0,[0.2],-2.8966e-05,
gridded-table-0159,,CYGE1_table,CYGE1_fn,inline-function,1,[8],HOB_PTS,1,[0.4],-1.1188e-05,
gridded-table-0159,,CYGE1_table,CYGE1_fn,inline-function,1,[8],HOB_PTS,2,[0.6],-6.0701e-06,
gridded-table-0159,,CYGE1_table,CYGE1_fn,inline-function,1,[8],HOB_PTS,3,[0.8],-4.0132e-06,
gridded-table-0159,,CYGE1_table,CYGE1_fn,inline-function,1,[8],HOB_PTS,4,[1.0],-2.7175e-06,
gridded-table-0159,,CYGE1_table,CYGE1_fn,inline-function,1,[8],HOB_PTS,5,[1.5],-1.277e-06,
gridded-table-0159,,CYGE1_table,CYGE1_fn,inline-function,1,[8],HOB_PTS,6,[2.0],-5.2832e-07,
gridded-table-0159,,CYGE1_table,CYGE1_fn,inline-function,1,[8],HOB_PTS,7,[2.5],0.0,
gridded-table-0160,,CYGE2_table,CYGE2_fn,inline-function,1,[8],HOB_PTS,0,[0.2],-3.2482e-06,
gridded-table-0160,,CYGE2_table,CYGE2_fn,inline-function,1,[8],HOB_PTS,1,[0.4],-1.2425e-06,
gridded-table-0160,,CYGE2_table,CYGE2_fn,inline-function,1,[8],HOB_PTS,2,[0.6],-6.5181e-07,
gridded-table-0160,,CYGE2_table,CYGE2_fn,inline-function,1,[8],HOB_PTS,3,[0.8],-3.8421e-07,
gridded-table-0160,,CYGE2_table,CYGE2_fn,inline-function,1,[8],HOB_PTS,4,[1.0],-2.5996e-07,
gridded-table-0160,,CYGE2_table,CYGE2_fn,inline-function,1,[8],HOB_PTS,5,[1.5],-1.3321e-07,
gridded-table-0160,,CYGE2_table,CYGE2_fn,inline-function,1,[8],HOB_PTS,6,[2.0],-9.8169e-08,
gridded-table-0160,,CYGE2_table,CYGE2_fn,inline-function,1,[8],HOB_PTS,7,[2.5],0.0,
gridded-table-0161,,CYGE3_table,CYGE3_fn,inline-function,1,[8],HOB_PTS,0,[0.2],1.0669e-07,
gridded-table-0161,,CYGE3_table,CYGE3_fn,inline-function,1,[8],HOB_PTS,1,[0.4],4.087e-08,
gridded-table-0161,,CYGE3_table,CYGE3_fn,inline-function,1,[8],HOB_PTS,2,[0.6],2.1632e-08,
gridded-table-0161,,CYGE3_table,CYGE3_fn,inline-function,1,[8],HOB_PTS,3,[0.8],1.2968e-08,
gridded-table-0161,,CYGE3_table,CYGE3_fn,inline-function,1,[8],HOB_PTS,4,[1.0],8.7593e-09,
gridded-table-0161,,CYGE3_table,CYGE3_fn,inline-function,1,[8],HOB_PTS,5,[1.5],4.4742e-09,
gridded-table-0161,,CYGE3_table,CYGE3_fn,inline-function,1,[8],HOB_PTS,6,[2.0],3.1583e-09,
gridded-table-0161,,CYGE3_table,CYGE3_fn,inline-function,1,[8],HOB_PTS,7,[2.5],0.0,
gridded-table-0162,,CNGE0_table,CNGE0_fn,inline-function,1,[8],HOB_PTS,0,[0.2],0.00041682,
gridded-table-0162,,CNGE0_table,CNGE0_fn,inline-function,1,[8],HOB_PTS,1,[0.4],0.00011028,
gridded-table-0162,,CNGE0_table,CNGE0_fn,inline-function,1,[8],HOB_PTS,2,[0.6],4.1297e-05,
gridded-table-0162,,CNGE0_table,CNGE0_fn,inline-function,1,[8],HOB_PTS,3,[0.8],1.8754e-05,
gridded-table-0162,,CNGE0_table,CNGE0_fn,inline-function,1,[8],HOB_PTS,4,[1.0],9.1868e-06,
gridded-table-0162,,CNGE0_table,CNGE0_fn,inline-function,1,[8],HOB_PTS,5,[1.5],2.1156e-06,
gridded-table-0162,,CNGE0_table,CNGE0_fn,inline-function,1,[8],HOB_PTS,6,[2.0],6.1168e-07,
gridded-table-0162,,CNGE0_table,CNGE0_fn,inline-function,1,[8],HOB_PTS,7,[2.5],0.0,
gridded-table-0163,,CNGE1_table,CNGE1_fn,inline-function,1,[8],HOB_PTS,0,[0.2],1.6561e-05,
gridded-table-0163,,CNGE1_table,CNGE1_fn,inline-function,1,[8],HOB_PTS,1,[0.4],6.383e-06,
gridded-table-0163,,CNGE1_table,CNGE1_fn,inline-function,1,[8],HOB_PTS,2,[0.6],3.7128e-06,
gridded-table-0163,,CNGE1_table,CNGE1_fn,inline-function,1,[8],HOB_PTS,3,[0.8],2.3532e-06,
gridded-table-0163,,CNGE1_table,CNGE1_fn,inline-function,1,[8],HOB_PTS,4,[1.0],1.7075e-06,
gridded-table-0163,,CNGE1_table,CNGE1_fn,inline-function,1,[8],HOB_PTS,5,[1.5],8.0916e-07,
gridded-table-0163,,CNGE1_table,CNGE1_fn,inline-function,1,[8],HOB_PTS,6,[2.0],6.2216e-07,
gridded-table-0163,,CNGE1_table,CNGE1_fn,inline-function,1,[8],HOB_PTS,7,[2.5],0.0,
gridded-table-0164,,CNGE2_table,CNGE2_fn,inline-function,1,[8],HOB_PTS,0,[0.2],2.0538e-06,
gridded-table-0164,,CNGE2_table,CNGE2_fn,inline-function,1,[8],HOB_PTS,1,[0.4],7.817e-07,
gridded-table-0164,,CNGE2_table,CNGE2_fn,inline-function,1,[8],HOB_PTS,2,[0.6],3.8371e-07,
gridded-table-0164,,CNGE2_table,CNGE2_fn,inline-function,1,[8],HOB_PTS,3,[0.8],2.3153e-07,
gridded-table-0164,,CNGE2_table,CNGE2_fn,inline-function,1,[8],HOB_PTS,4,[1.0],1.5114e-07,
gridded-table-0164,,CNGE2_table,CNGE2_fn,inline-function,1,[8],HOB_PTS,5,[1.5],7.4727e-08,
gridded-table-0164,,CNGE2_table,CNGE2_fn,inline-function,1,[8],HOB_PTS,6,[2.0],1.9447e-08,
gridded-table-0164,,CNGE2_table,CNGE2_fn,inline-function,1,[8],HOB_PTS,7,[2.5],0.0,
gridded-table-0165,,CNGE3_table,CNGE3_fn,inline-function,1,[8],HOB_PTS,0,[0.2],-6.6433e-08,
gridded-table-0165,,CNGE3_table,CNGE3_fn,inline-function,1,[8],HOB_PTS,1,[0.4],-2.5271e-08,
gridded-table-0165,,CNGE3_table,CNGE3_fn,inline-function,1,[8],HOB_PTS,2,[0.6],-1.261e-08,
gridded-table-0165,,CNGE3_table,CNGE3_fn,inline-function,1,[8],HOB_PTS,3,[0.8],-7.7115e-09,
gridded-table-0165,,CNGE3_table,CNGE3_fn,inline-function,1,[8],HOB_PTS,4,[1.0],-5.0597e-09,
gridded-table-0165,,CNGE3_table,CNGE3_fn,inline-function,1,[8],HOB_PTS,5,[1.5],-2.4662e-09,
gridded-table-0165,,CNGE3_table,CNGE3_fn,inline-function,1,[8],HOB_PTS,6,[2.0],-6.4746e-10,
gridded-table-0165,,CNGE3_table,CNGE3_fn,inline-function,1,[8],HOB_PTS,7,[2.5],0.0,
gridded-table-0166,,CRGE0_table,CRGE0_fn,inline-function,1,[8],HOB_PTS,0,[0.2],-0.00054252,
gridded-table-0166,,CRGE0_table,CRGE0_fn,inline-function,1,[8],HOB_PTS,1,[0.4],-0.00016672,
gridded-table-0166,,CRGE0_table,CRGE0_fn,inline-function,1,[8],HOB_PTS,2,[0.6],-7.4704e-05,
gridded-table-0166,,CRGE0_table,CRGE0_fn,inline-function,1,[8],HOB_PTS,3,[0.8],-3.9922e-05,
gridded-table-0166,,CRGE0_table,CRGE0_fn,inline-function,1,[8],HOB_PTS,4,[1.0],-2.4096e-05,
gridded-table-0166,,CRGE0_table,CRGE0_fn,inline-function,1,[8],HOB_PTS,5,[1.5],-1.0455e-05,
gridded-table-0166,,CRGE0_table,CRGE0_fn,inline-function,1,[8],HOB_PTS,6,[2.0],-4.388e-06,
gridded-table-0166,,CRGE0_table,CRGE0_fn,inline-function,1,[8],HOB_PTS,7,[2.5],0.0,
gridded-table-0167,,CRGE1_table,CRGE1_fn,inline-function,1,[8],HOB_PTS,0,[0.2],-3.8828e-06,
gridded-table-0167,,CRGE1_table,CRGE1_fn,inline-function,1,[8],HOB_PTS,1,[0.4],-2.094e-06,
gridded-table-0167,,CRGE1_table,CRGE1_fn,inline-function,1,[8],HOB_PTS,2,[0.6],-1.3747e-06,
gridded-table-0167,,CRGE1_table,CRGE1_fn,inline-function,1,[8],HOB_PTS,3,[0.8],-1.0138e-06,
gridded-table-0167,,CRGE1_table,CRGE1_fn,inline-function,1,[8],HOB_PTS,4,[1.0],-1.0173e-06,
gridded-table-0167,,CRGE1_table,CRGE1_fn,inline-function,1,[8],HOB_PTS,5,[1.5],-4.3728e-07,
gridded-table-0167,,CRGE1_table,CRGE1_fn,inline-function,1,[8],HOB_PTS,6,[2.0],-6.4274e-07,
gridded-table-0167,,CRGE1_table,CRGE1_fn,inline-function,1,[8],HOB_PTS,7,[2.5],0.0,
gridded-table-0168,,CRGE2_table,CRGE2_fn,inline-function,1,[8],HOB_PTS,0,[0.2],-4.2661e-07,
gridded-table-0168,,CRGE2_table,CRGE2_fn,inline-function,1,[8],HOB_PTS,1,[0.4],-1.1555e-07,
gridded-table-0168,,CRGE2_table,CRGE2_fn,inline-function,1,[8],HOB_PTS,2,[0.6],-3.9619e-08,
gridded-table-0168,,CRGE2_table,CRGE2_fn,inline-function,1,[8],HOB_PTS,3,[0.8],-9.3363e-09,
gridded-table-0168,,CRGE2_table,CRGE2_fn,inline-function,1,[8],HOB_PTS,4,[1.0],2.1477e-08,
gridded-table-0168,,CRGE2_table,CRGE2_fn,inline-function,1,[8],HOB_PTS,5,[1.5],1.2381e-08,
gridded-table-0168,,CRGE2_table,CRGE2_fn,inline-function,1,[8],HOB_PTS,6,[2.0],3.8076e-08,
gridded-table-0168,,CRGE2_table,CRGE2_fn,inline-function,1,[8],HOB_PTS,7,[2.5],0.0,
gridded-table-0169,,CRGE3_table,CRGE3_fn,inline-function,1,[8],HOB_PTS,0,[0.2],1.5216e-08,
gridded-table-0169,,CRGE3_table,CRGE3_fn,inline-function,1,[8],HOB_PTS,1,[0.4],4.775e-09,
gridded-table-0169,,CRGE3_table,CRGE3_fn,inline-function,1,[8],HOB_PTS,2,[0.6],2.1351e-09,
gridded-table-0169,,CRGE3_table,CRGE3_fn,inline-function,1,[8],HOB_PTS,3,[0.8],9.4863e-10,
gridded-table-0169,,CRGE3_table,CRGE3_fn,inline-function,1,[8],HOB_PTS,4,[1.0],-2.0992e-12,
gridded-table-0169,,CRGE3_table,CRGE3_fn,inline-function,1,[8],HOB_PTS,5,[1.5],-1.5583e-10,
gridded-table-0169,,CRGE3_table,CRGE3_fn,inline-function,1,[8],HOB_PTS,6,[2.0],-7.2546e-10,
gridded-table-0169,,CRGE3_table,CRGE3_fn,inline-function,1,[8],HOB_PTS,7,[2.5],0.0,
