query_id,acceleration_ecic_x_m_s2,acceleration_ecic_y_m_s2,acceleration_ecic_z_m_s2,aero_force_body_x_n,aero_force_body_y_n,aero_force_body_z_n,aero_moment_body_x_nm,aero_moment_body_y_nm,aero_moment_body_z_nm,air_relative_speed_m_s,air_relative_velocity_m_s,angular_acceleration_body_x_rad_s2,angular_acceleration_body_y_rad_s2,angular_acceleration_body_z_rad_s2,angular_rate_norm_rad_s,attitude_quaternion,attitude_rate_rad_s,configuration_variant_id,drag_force_n,event_id,force_body_x_n,force_body_y_n,force_body_z_n,force_ecic_x_n,force_ecic_y_n,force_ecic_z_n,gravity_force_body_x_n,gravity_force_body_y_n,gravity_force_body_z_n,heat_rate_w_m2,inertia_x_kg_m2,inertia_xz_kg_m2,inertia_y_kg_m2,inertia_z_kg_m2,mass_kg,mass_property_profile_id,moment_body_x_nm,moment_body_y_nm,moment_body_z_nm,pitch_deg,position_m,projected_area_m2,projected_area_policy,projected_area_ratio_to_reference_average,projected_area_reference_average_m2,propellant_mass_rate_kg_s,propulsion_force_body_x_n,propulsion_force_body_y_n,propulsion_force_body_z_n,propulsion_moment_body_x_nm,propulsion_moment_body_y_nm,propulsion_moment_body_z_nm,query_id,realized_state_fidelity,requested_fidelity,roll_deg,rotation_equation_residual_nm,rotation_equation_residual_normalized,termination,time_s,total_force_body_x_n,total_force_body_y_n,total_force_body_z_n,total_force_ecic_n,total_force_ecic_x_n,total_force_ecic_y_n,total_force_ecic_z_n,total_moment_body_x_nm,total_moment_body_y_nm,total_moment_body_z_nm,translation_equation_residual_n,translation_equation_residual_normalized,velocity_m_s,wind_velocity_m_s,yaw_deg
query-000000,-650.6601260339638,0.0,2.956324840568501,-7807.921512407566,-0.0,153.155698086822,-0.075,-54.0196943303877,-0.6861599999999999,249.63310272568896,"[249.58509155282766, 0.0, -4.895717620636012]",-0.13447999999999982,-10.286511431673931,-0.18453305351521512,0.7632168761236874,"[1.0, 0.0, 0.0, 0.0]","[0.25, 0.4, 0.6]",nominal-triaxial_ellipsoid-pseudo_6dof,7809.423474993101,booster-release,-7807.921512407566,-0.0,153.155698086822,-7807.921512407566,0.0,153.155698086822,0.0,0.0,-117.6798,0.0,1.5,0.0,5.1899999999999995,5.717999999999999,12.0,alpha3-passive-deployment-parent-v1,-0.075,-54.0196943303877,-0.6861599999999999,0.0,"[124.89632360772165, 0.0, 998.7748546767486]",0.9204482875372892,native_rigid_body_reuse_instantaneous_projected_area,1.0016676569027674,0.918915851175015,0.0,0.0,0.0,0.0,0.0,0.0,0.0,query-000000,rigid_body_6dof,pseudo_6dof,0.0,1.3877787807814457e-17,2.5688140613058515e-19,,0.5,-7807.921512407566,0.0,35.47589808682201,7808.002105741386,-7807.921512407566,0.0,35.47589808682201,-0.075,-54.0196943303877,-0.6861599999999999,9.094947017729282e-13,1.1648238428421501e-16,"[249.58509155282766, 0.0, -4.895717620636012]","[0.0, 0.0, 0.0]",0.0
query-000000,-239.034166747622,-5.5067062021407764e-14,-2.0040347687755706,-1209.2798433774965,2595.2221562732,197.50187215060794,-0.15252398761836666,-67.90827561169728,891.1401525011688,151.09901353706127,"[151.01857851969075, -1.6524590338049292e-15, -4.929587585693227]",6.102898807502574,-6.874365228679367,156.23301889899767,15.083644182568928,"[0.8433938731223665, 0.036880473391784005, -0.04495603221812437, 0.5341400196851519]","[0.5084132920612222, -1.1728127562769777, 15.029382821310891]",nominal-triaxial_ellipsoid-pseudo_6dof,2869.937764048799,booster-release,-1209.2798433774965,2595.2221562732,197.50187215060794,-2868.4100009714643,-6.608047442568932e-13,93.63138277469315,-13.56023839171186,-1.6691583651848019,-116.88399879004773,0.0,1.5,0.0,5.1899999999999995,5.717999999999999,12.0,alpha3-passive-deployment-parent-v1,-0.15252398761836666,-67.90827561169728,891.1401525011688,-6.616888837379235,"[172.9318262824102, -6.249052201627118e-17, 997.5712752940457]",0.9231504711936807,native_rigid_body_reuse_instantaneous_projected_area,1.004608278345891,0.918915851175015,0.0,0.0,0.0,0.0,0.0,0.0,0.0,query-000000,rigid_body_6dof,pseudo_6dof,0.8181550117522086,4.996003610813204e-16,5.590097639474082e-19,,0.7500000000000002,-1222.8400817692084,2593.552997908015,80.61787336056021,2868.510808772412,-2868.4100009714643,-6.608047442568932e-13,-24.04841722530685,-0.15252398761836666,-67.90827561169728,891.1401525011688,4.556346636343676e-13,1.5884014180492414e-16,"[151.01857851969075, -1.6524590338049292e-15, -4.929587585693227]","[0.0, 0.0, 0.0]",64.64667591605122
query-000000,-123.44764135706643,-3.182639337258782e-15,-3.375598062222,-1466.7817275993311,-209.4219948412099,71.49481093721421,-0.12276505601417305,-26.10428772527017,-88.63012076943033,108.24193625041664,"[108.0953540920815, -2.8326106892172393e-15, -5.631268680038549]",-4.997135978087697,-0.5708111477213373,-15.775242306661115,13.453774288174992,"[-0.9907953478703423, -0.11158251703978032, -0.009834421472736768, 0.07600792513844158]","[0.40921685338057684, 1.0415259125676264, 13.40715510231451]",nominal-triaxial_ellipsoid-pseudo_6dof,1483.3805028830259,booster-release,-1466.7817275993311,-209.4219948412099,71.49481093721421,-1481.3716962847973,-3.8191672047105385e-14,77.172623253336,4.289441571484779,-25.8443539686212,-114.72665508498639,0.0,1.5,0.0,5.1899999999999995,5.717999999999999,12.0,alpha3-passive-deployment-parent-v1,-0.12276505601417305,-26.10428772527017,-88.63012076943033,2.08890015524585,"[204.73214752542702, -7.634402369542196e-16, 996.2581554916503]",0.9296460848383064,native_rigid_body_reuse_instantaneous_projected_area,1.011677057969531,0.918915851175015,0.0,0.0,0.0,0.0,0.0,0.0,0.0,query-000000,rigid_body_6dof,pseudo_6dof,12.695050220493382,8.465450562766819e-16,9.162286483085168e-18,,1.0000000000000004,-1462.4922860278464,-235.2663488098311,-43.23184414777218,1481.9254144260037,-1481.3716962847973,-3.8191672047105385e-14,-40.507176746664,-0.12276505601417305,-26.10428772527017,-88.63012076943033,2.2914314707516465e-13,1.5462529007501976e-16,"[108.0953540920815, -2.8326106892172393e-15, -5.631268680038549]","[0.0, 0.0, 0.0]",-8.541202547760392
query-000000,-75.65492902006719,-7.012908772215572e-15,-3.903429798051665,379.4332427723224,-827.3654377222456,26.892248825006384,0.21117287531712522,-8.986553113227368,-311.47055613195636,84.2096592100433,"[83.95447263849292, -2.3724078257458804e-15, -6.550818900273024]",2.904589891816845,-12.683182936410198,-54.6582522282121,19.16095513372302,"[0.5336887374186295, 0.027518363763356063, 0.08747004625579238, -0.8406949876241122]","[-0.7039095843904174, -0.4101483386559399, 19.143627954853482]",nominal-triaxial_ellipsoid-pseudo_6dof,910.6186612984101,booster-release,379.4332427723224,-827.3654377222456,26.892248825006384,-907.8591482408062,-8.415490526658687e-14,70.83864242338002,16.431943274363046,13.850768570979024,-115.70083309233905,0.0,1.5,0.0,5.1899999999999995,5.717999999999999,12.0,alpha3-passive-deployment-parent-v1,0.21117287531712522,-8.986553113227368,-311.47055613195636,8.026590317264548,"[228.49253034861542, -1.4114134244063652e-15, 994.7381079834761]",0.9427385033048161,native_rigid_body_reuse_instantaneous_projected_area,1.0259247373949847,0.918915851175015,0.0,0.0,0.0,0.0,0.0,0.0,0.0,query-000000,rigid_body_6dof,pseudo_6dof,-6.826501250919561,5.337809250738056e-15,1.7130311700004098e-17,,1.2500000000000007,395.86518604668544,-813.5146691512666,-88.80858426733266,909.0667341222205,-907.8591482408062,-8.415490526658687e-14,-46.84115757661998,0.21117287531712522,-8.986553113227368,-311.47055613195636,4.856703836433968e-13,5.342516290757819e-16,"[83.95447263849292, -2.3724078257458804e-15, -6.550818900273024]","[0.0, 0.0, 0.0]",-115.66323964131342
query-000000,-51.55437943295462,3.1086244689504383e-15,-4.107490385246139,244.04455327988688,566.8534570270017,80.79341787232936,-0.2690441034337886,-26.914181746088882,178.40021100862216,68.77481522694282,"[68.35839521969153, -2.0213793023674905e-15, -7.556785857001671]",7.906536528621261,7.55995257039904,31.959990314261507,17.55950365372671,"[0.557569199055215, 0.05340314404027598, -0.09927061828764272, 0.8224415096627412]","[0.8968136781126288, -1.3135977930890097, 17.48731982408921]",nominal-triaxial_ellipsoid-pseudo_6dof,622.4212095522894,booster-release,244.04455327988688,566.8534570270017,80.79341787232936,-618.6525531954554,3.730349362740526e-14,68.38991537704632,-23.36443028446238,12.20770914729744,-114.68919113367872,0.0,1.5,0.0,5.1899999999999995,5.717999999999999,12.0,alpha3-passive-deployment-parent-v1,-0.2690441034337886,-26.914181746088882,178.40021100862216,-11.451735664197443,"[247.40712170673632, -1.949027841125556e-15, 992.9757092794692]",0.9658595761304233,native_rigid_body_reuse_instantaneous_projected_area,1.051085988880681,0.918915851175015,0.0,0.0,0.0,0.0,0.0,0.0,0.0,query-000000,rigid_body_6dof,pseudo_6dof,-6.075781572853218,3.554447978966673e-15,1.9701053737258476e-17,,1.5000000000000009,220.6801229954245,579.0611661742992,-33.89577326134936,620.6129827045193,-618.6525531954554,3.730349362740526e-14,-49.28988462295368,-0.2690441034337886,-26.914181746088882,178.40021100862216,1.4281732235759946e-13,2.3012300151251657e-16,"[68.35839521969153, -2.0213793023674905e-15, -7.556785857001671]","[0.0, 0.0, 0.0]",112.33964330917551
query-000000,-37.842532448484334,8.881784197001252e-16,-4.1364650073583045,-452.0790208928628,-43.117134403471596,67.90773906114579,-0.16126400621202436,-25.09843366370131,-31.181102822092384,57.9705088204822,"[57.330519617166594, -1.6582293987007124e-15, -8.590192857630173]",-6.456700103882659,1.310752007435628,-5.897871216180566,14.138206516464178,"[-0.9883926643731006, -0.13597650317874443, -0.006616538420639223, 0.06742813223019341]","[0.5375466873734145, 1.2820086631023961, 14.06969725505188]",nominal-triaxial_ellipsoid-pseudo_6dof,459.1796918800017,booster-release,-452.0790208928628,-43.117134403471596,67.90773906114579,-454.11038938181207,1.0658141036401503e-14,68.04221991170034,3.6971179569651396,-31.526897951403186,-113.31778921428928,0.0,1.5,0.0,5.1899999999999995,5.717999999999999,12.0,alpha3-passive-deployment-parent-v1,-0.16126400621202436,-25.09843366370131,-31.181102822092384,1.8003439600145021,"[263.04722682351854, -2.3986600948159045e-15, 990.9574837705774]",1.0026602570760734,native_rigid_body_reuse_instantaneous_projected_area,1.0911339224304106,0.918915851175015,0.0,0.0,0.0,0.0,0.0,0.0,0.0,query-000000,rigid_body_6dof,pseudo_6dof,15.547453680662345,2.275957200481571e-15,5.685952310860554e-17,,1.750000000000001,-448.38190293589764,-74.64403235487478,-45.41005015314349,456.8152089209852,-454.11038938181207,1.0658141036401503e-14,-49.63758008829966,-0.16126400621202436,-25.09843366370131,-31.181102822092384,6.355287432313019e-14,1.3912162529186471e-16,"[57.330519617166594, -1.6582293987007124e-15, -8.590192857630173]","[0.0, 0.0, 0.0]",-7.559545471181723
query-000000,-29.370714514421458,-5.597374415818497e-16,-4.044267157304331,283.8180842334755,-213.46834151204058,53.66644890873747,0.19044013637616666,-18.57876489504659,-93.32413570534382,49.94162708383285,"[49.007327776496076, -1.553567748983445e-15, -9.614985178756264]",1.2554544104451861,-11.975361743832071,-16.40181973470124,16.286929621177176,"[0.2980019341120264, 0.012171006536893883, 0.10508206776887295, -0.9486856554722373]","[-0.6348004545872222, -0.19700599519414597, 16.27336146915848]",nominal-triaxial_ellipsoid-pseudo_6dof,359.1678235927258,booster-release,283.8180842334755,-213.46834151204058,53.66644890873747,-352.4485741730575,-6.716849298982197e-15,69.14859411234802,10.087775764511367,22.609317917047434,-115.04603796520253,0.0,1.5,0.0,5.1899999999999995,5.717999999999999,12.0,alpha3-passive-deployment-parent-v1,0.19044013637616666,-18.57876489504659,-93.32413570534382,4.9175576223521595,"[276.29552402602604, -2.7999188615771915e-15, 988.6813542301786]",1.0564309254393338,native_rigid_body_reuse_instantaneous_projected_area,1.1496492568807892,0.918915851175015,0.0,0.0,0.0,0.0,0.0,0.0,0.0,query-000000,rigid_body_6dof,pseudo_6dof,-11.118309931660967,1.5888436770762678e-14,1.6697309966320315e-16,,2.0000000000000013,293.90585999798685,-190.85902359499315,-61.37958905646506,355.77419156191036,-352.4485741730575,-6.716849298982197e-15,-48.53120588765198,0.19044013637616666,-18.57876489504659,-93.32413570534382,6.703246762680666e-14,1.8841295747879433e-16,"[49.007327776496076, -1.553567748983445e-15, -9.614985178756264]","[0.0, 0.0, 0.0]",-145.60174173676074
query-000000,-23.790442403325983,-2.812564995717063e-15,-3.8575332918454692,-137.04731852576808,245.0091192157976,88.24325499922688,-0.20432119628338746,-29.42762098768763,70.06618121013264,43.71289563447156,"[42.40710609544222, -1.4112240504269035e-15, -10.604461200839493]",6.643718147589027,1.922658886816514,12.870767288886663,13.80570870864527,"[0.8715653658711807, 0.06702440411639259, -0.07362940532501089, 0.48006275937439946]","[0.6810706542779582, -1.4041601753774333, 13.717218009265919]",nominal-triaxial_ellipsoid-pseudo_6dof,294.27590466577925,booster-release,-137.04731852576808,245.0091192157976,88.24325499922688,-285.4853088399118,-3.375077994860476e-14,71.38940049785437,-22.676605608567613,-5.429608005280606,-115.34654846601383,0.0,1.5,0.0,5.1899999999999995,5.717999999999999,12.0,alpha3-passive-deployment-parent-v1,-0.20432119628338746,-29.42762098768763,70.06618121013264,-11.11025040479958,"[287.69336341948775, -3.1708898383155557e-15, 986.1529491520685]",1.1294718836249285,native_rigid_body_reuse_instantaneous_projected_area,1.2291352708527947,0.918915851175015,0.0,0.0,0.0,0.0,0.0,0.0,0.0,query-000000,rigid_body_6dof,pseudo_6dof,2.695045148537344,3.58766985720938e-15,4.7209057899140955e-17,,2.2500000000000004,-159.72392413433568,239.57951121051698,-27.10329346678695,289.21387008490456,-285.4853088399118,-3.375077994860476e-14,-46.29039950214563,-0.20432119628338746,-29.42762098768763,70.06618121013264,1.0272197169172842e-13,3.551765054060939e-16,"[42.40710609544222, -1.4112240504269035e-15, -10.604461200839493]","[0.0, 0.0, 0.0]",57.43023736371187
query-000000,-19.899560202797982,7.031412489292658e-16,-3.5968572292037138,-1.982172941169873,-236.86866316028582,80.40576251809645,-0.32918170160989696,-29.096107252248405,-98.53617851474728,38.73109558458071,"[36.972717552266516, -1.370843542847221e-15, -11.537587355346458]",-4.642071050667434,6.583656738952191,-17.883491864465373,13.743983144008096,"[-0.6863473334318321, -0.07217925061954551, -0.054222887116299634, 0.7216490644238288]","[1.0972723386996566, 0.9191622070468692, 13.669243099551634]",nominal-triaxial_ellipsoid-pseudo_6dof,250.1515125739323,booster-release,-1.982172941169873,-236.86866316028582,80.40576251809645,-238.7947224335758,8.43769498715119e-15,74.51751324955544,21.01851198058891,-2.450126488489234,-115.76162733113354,0.0,1.5,0.0,5.1899999999999995,5.717999999999999,12.0,alpha3-passive-deployment-parent-v1,-0.32918170160989696,-29.096107252248405,-98.53617851474728,10.288669583273276,"[297.5956317710838, -3.5294358581572363e-15, 983.3838335921077]",1.2225931505453635,native_rigid_body_reuse_instantaneous_projected_area,1.3304734584587232,0.918915851175015,0.0,0.0,0.0,0.0,0.0,0.0,0.0,query-000000,rigid_body_6dof,pseudo_6dof,1.2124998040723076,3.573900864766138e-15,3.478494850721826e-17,,2.4999999999999996,19.03633903941904,-239.31878964877507,-35.35586481303709,242.6641763006153,-238.7947224335758,8.43769498715119e-15,-43.162286750444565,-0.32918170160989696,-29.096107252248405,-98.53617851474728,3.1776437161565096e-14,1.3094820029059446e-16,"[36.972717552266516, -1.370843542847221e-15, -11.537587355346458]","[0.0, 0.0, 0.0]",-92.7633114892863
query-000000,-17.03301317571706,-1.924386576016938e-15,-3.28315201181006,17.40759986288719,210.44032375331588,57.59950346528326,0.04393410405111207,-21.007448939736868,58.70620073722083,34.66574715264518,"[32.372704696896086, -1.2083192278534827e-15, -12.398468302927158]",-3.7278240122605877,-5.603379054312331,10.344085096805655,13.097229200205556,"[-0.7009412503067147, -0.12207917500394343, 0.059860256465949634, -0.7001391207071969]","[-0.1464470135037069, 0.8165922224351919, 13.07092740157374]",nominal-triaxial_ellipsoid-pseudo_6dof,218.874066974217,booster-release,17.40759986288719,210.44032375331588,57.59950346528326,-204.39615810860474,-2.3092638912203256e-14,78.28197585827928,-29.992092537048453,-10.275758297606455,-113.32880703818557,0.0,1.5,0.0,5.1899999999999995,5.717999999999999,12.0,alpha3-passive-deployment-parent-v1,0.04393410405111207,-21.007448939736868,58.70620073722083,-14.76539977572127,"[306.2489118707066, -3.841877746683776e-15, 980.3901908664177]",1.3348688890142264,native_rigid_body_reuse_instantaneous_projected_area,1.4526562876321412,0.918915851175015,0.0,0.0,0.0,0.0,0.0,0.0,0.0,query-000000,rigid_body_6dof,pseudo_6dof,5.180960023834641,7.108276205327527e-15,1.1400294957084358e-16,,2.7499999999999987,-12.584492674161265,200.16456545570944,-55.72930357290231,208.1585405325943,-204.39615810860474,-2.3092638912203256e-14,-39.39782414172072,0.04393410405111207,-21.007448939736868,58.70620073722083,9.539548942497015e-14,4.582828510465691e-16,"[32.372704696896086, -1.2083192278534827e-15, -12.398468302927158]","[0.0, 0.0, 0.0]",89.26264680178038
query-000000,-14.806075939750556,1.850371707708594e-16,-2.937986773012002,-45.304357767135855,-179.60052159541777,63.659564743408474,0.002781946096483523,-21.273279225609336,-76.7407313584138,31.310870852631474,"[28.403332486490022, -1.1534287823659726e-15, -13.176544964901376]",4.149029554971833,-4.190372045960652,-13.426713205844566,12.176346747268607,"[0.7588766851662299, 0.046392982349117484, 0.10123034077897466, -0.6416434259038596]","[-0.009273153654945077, -0.9706824995988722, 12.137590766017471]",nominal-triaxial_ellipsoid-pseudo_6dof,195.86059423314066,booster-release,-45.304357767135855,-179.60052159541777,63.659564743408474,-177.67291127700668,2.220446049250313e-15,82.42395872385597,25.0867673710207,7.0012961545582515,-114.7613666835162,0.0,1.5,0.0,5.1899999999999995,5.717999999999999,12.0,alpha3-passive-deployment-parent-v1,0.002781946096483523,-21.273279225609336,-76.7407313584138,12.308667932518322,"[313.8343369330887, -4.14147488125579e-15, 977.1915146805766]",1.4636551871329158,native_rigid_body_reuse_instantaneous_projected_area,1.5928065505251043,0.918915851175015,0.0,0.0,0.0,0.0,0.0,0.0,0.0,query-000000,rigid_body_6dof,pseudo_6dof,-3.4911413691670945,3.552713678800501e-15,4.461260942631374e-17,,2.999999999999998,-20.217590396115156,-172.59922544085953,-51.10180194010773,181.13706894431007,-177.67291127700668,2.220446049250313e-15,-35.255841276144025,0.002781946096483523,-21.273279225609336,-76.7407313584138,1.4210854715202004e-14,7.845359758786358e-17,"[28.403332486490022, -1.1534287823659726e-15, -13.176544964901376]","[0.0, 0.0, 0.0]",-80.80675986747619
query-000000,-12.992134084126358,4.736951571734001e-15,-2.581767252121413,9.882055556813317,153.114469558345,91.0027973978401,-0.34173126781958396,-30.797260043755383,40.12895409828852,28.531743423247242,"[24.935500637633627, -1.060601801695925e-15, -13.866549344396576]",3.9782528159383137,4.96310035785747,7.7642360368453085,11.869300257778802,"[0.7380593228552971, 0.09659145953396699, -0.1230370571574839, 0.6563538744134177]","[1.13910422606528, -1.0151435891027458, 11.770820432959281]",nominal-triaxial_ellipsoid-pseudo_6dof,178.39059656942015,booster-release,9.882055556813317,153.114469558345,91.0027973978401,-155.9056090095163,5.684341886080802e-14,86.69859297454305,-36.29405683570473,2.2278249946076087,-111.92101483742917,0.0,1.5,0.0,5.1899999999999995,5.717999999999999,12.0,alpha3-passive-deployment-parent-v1,-0.34173126781958396,-30.797260043755383,40.12895409828852,-17.963655750028664,"[320.49225468548406, -4.408629901029789e-15, 973.8092710614627]",1.6048133543003102,native_rigid_body_reuse_instantaneous_projected_area,1.7464203629181498,0.918915851175015,0.0,0.0,0.0,0.0,0.0,0.0,0.0,query-000000,rigid_body_6dof,pseudo_6dof,-1.1403409385118348,3.568292035180542e-15,7.053943137779967e-17,,3.249999999999997,-26.412001278891413,155.3422945529526,-20.91821743958907,158.95406289045397,-155.9056090095163,5.684341886080802e-14,-30.981207025456953,-0.34173126781958396,-30.797260043755383,40.12895409828852,9.439794905280808e-14,5.938693691514142e-16,"[24.935500637633627, -1.060601801695925e-15, -13.866549344396576]","[0.0, 0.0, 0.0]",83.47343939018991
query-000000,-11.45762769718496,4.810966440042345e-16,-2.2318206626845005,15.424834970518436,-135.2433592439457,92.93905210103082,-0.34287756945482173,-33.409598508930195,-60.194969987765646,26.234272139494422,"[21.884128317262988, -9.816333341284029e-16, -14.467963314945937]",-3.587869023462015,4.007901425148077,-11.153233609267343,11.334760804327855,"[-0.6130075168996687, -0.06969492834753914, -0.06696803248558915, 0.7841426425161068]","[1.1429252315160725, 0.8486804176969187, 11.245010713872565]",nominal-triaxial_ellipsoid-pseudo_6dof,164.82220469006234,booster-release,15.424834970518436,-135.2433592439457,92.93905210103082,-137.49153236621953,5.773159728050814e-15,90.89795204778599,22.524542739726876,2.3039292381809213,-115.48104698378722,0.0,1.5,0.0,5.1899999999999995,5.717999999999999,12.0,alpha3-passive-deployment-parent-v1,-0.34287756945482173,-33.409598508930195,-60.194969987765646,11.034809902592498,"[326.3367226468751, -4.663277082674363e-15, 970.2656331912149]",1.753096469544597,native_rigid_body_reuse_instantaneous_projected_area,1.9077878211622072,0.918915851175015,0.0,0.0,0.0,0.0,0.0,0.0,0.0,query-000000,rigid_body_6dof,pseudo_6dof,-1.142940033816103,7.17533971441876e-15,1.0422324742721404e-16,,3.499999999999996,37.949377710245315,-132.93943000576476,-22.5419948827564,140.07565403076546,-137.49153236621953,5.773159728050814e-15,-26.781847952214008,-0.34287756945482173,-33.409598508930195,-60.194969987765646,3.1776437161565096e-14,2.268519635438281e-16,"[21.884128317262988, -9.816333341284029e-16, -14.467963314945937]","[0.0, 0.0, 0.0]",-104.07700736333321
query-000000,-10.124358846469043,-8.881784197001252e-16,-1.9012694514154838,-61.8342008689699,112.71797612325828,85.03443955277487,-0.08368639210015402,-30.454479635102512,27.707889412322974,24.347056898093225,"[19.19000451077785, -9.036093271200239e-16, -14.984088443255889]",-2.467019248660827,-3.5398635754229133,4.725645113109503,10.294226852562817,"[-0.9047097261103278, -0.1764608994310429, 0.059985345785287525, -0.38309740372962897]","[0.27895464033384676, 0.667076870550394, 10.26880223051541]",nominal-triaxial_ellipsoid-pseudo_6dof,154.14170898391535,booster-release,-61.8342008689699,112.71797612325828,85.03443955277487,-121.49230615762853,-1.0658141036401503e-14,94.8645665830142,-28.68351879948146,-32.16557548586857,-109.50418636281762,0.0,1.5,0.0,5.1899999999999995,5.717999999999999,12.0,alpha3-passive-deployment-parent-v1,-0.08368639210015402,-30.454479635102512,27.707889412322974,-14.107506541497465,"[331.464048967521, -4.899294779789843e-15, 966.5824043398424]",1.9026862261690207,native_rigid_body_reuse_instantaneous_projected_area,2.070577217419921,0.918915851175015,0.0,0.0,0.0,0.0,0.0,0.0,0.0,query-000000,rigid_body_6dof,pseudo_6dof,16.369534722226472,5.0646891062832984e-15,1.2301019494481158e-16,,3.749999999999995,-90.51771966845136,80.55240063738971,-24.46974681004275,123.61599949590057,-121.49230615762853,-1.0658141036401503e-14,-22.815233416985805,-0.08368639210015402,-30.454479635102512,27.707889412322974,7.528065317933784e-14,6.08987942388755e-16,"[19.19000451077785, -9.036093271200239e-16, -14.984088443255889]","[0.0, 0.0, 0.0]",43.86105683968489
query-000000,-8.94664886766326,1.1241730925778033e-15,-1.5988126782823358,97.69439281825632,-67.76564258053573,84.20703355367246,-0.051386966332253925,-28.98000337122954,-35.936564462267555,22.811167921443886,"[16.80903541262712, -8.182494877456997e-16, -15.420950373999588]",1.7500169187059111,-4.096449601420764,-6.23237082295705,10.696220851193468,"[0.174801245009102, -0.013478792105423925, 0.16388250149630454, -0.9707756551386939]","[0.17128988777417975, -0.47443003136398776, 10.684321055508965]",nominal-triaxial_ellipsoid-pseudo_6dof,145.69557715452453,booster-release,97.69439281825632,-67.76564258053573,84.20703355367246,-107.35978641195912,1.349007711093364e-14,98.49404786061197,3.662661872881465,37.99863146447814,-111.31587596956561,0.0,1.5,0.0,5.1899999999999995,5.717999999999999,12.0,alpha3-passive-deployment-parent-v1,-0.051386966332253925,-28.98000337122954,-35.936564462267555,1.7835598209545847,"[335.95779732033054, -5.118396995544019e-15, 962.7801987789474]",2.047844627784952,native_rigid_body_reuse_instantaneous_projected_area,2.228544240657487,0.918915851175015,0.0,0.0,0.0,0.0,0.0,0.0,0.0,query-000000,rigid_body_6dof,pseudo_6dof,-18.84778020254786,2.220446049250313e-16,4.809722063179451e-18,,3.9999999999999942,101.35705469113779,-29.76701111605759,-27.10884241589315,109.06061077939879,-107.35978641195912,1.349007711093364e-14,-19.18575213938803,-0.051386966332253925,-28.98000337122954,-35.936564462267555,2.1316282072803006e-14,1.8113798691706654e-16,"[16.80903541262712, -8.182494877456997e-16, -15.420950373999588]","[0.0, 0.0, 0.0]",-159.88106016656118
query-000000,-7.897373287552992,5.921189464667501e-16,-1.3291727370159734,-92.08089417162843,-13.383271222110901,103.3053680334647,-0.25230557557185207,-35.094929997480676,-14.944552342991141,21.57479742991358,"[14.706004305083283, -7.170229519115905e-16, -15.786238358794584]",3.062814104368689,-0.6295611947316047,-2.0583408255362863,9.069245583433805,"[0.979024540045078, 0.0985821259562292, -0.0011947578515866485, -0.17830055239720788]","[0.8410185852395068, -1.0230720753679827, 8.972024672308786]",nominal-triaxial_ellipsoid-pseudo_6dof,139.03237782826275,booster-release,-92.08089417162843,-13.383271222110901,103.3053680334647,-94.76847945063591,7.105427357601002e-15,101.72972715580832,3.8616744657903146,-22.7657095826858,-115.39213693123578,0.0,1.5,0.0,5.1899999999999995,5.717999999999999,12.0,alpha3-passive-deployment-parent-v1,-0.25230557557185207,-35.094929997480676,-14.944552342991141,1.8805043644452777,"[339.8917137279336, -5.305374059993635e-15, 958.8778956767137]",2.183578415984294,native_rigid_body_reuse_instantaneous_projected_area,2.3762550327020246,0.918915851175015,0.0,0.0,0.0,0.0,0.0,0.0,0.0,query-000000,rigid_body_6dof,pseudo_6dof,11.16055294113613,1.1102230246251565e-16,2.910517163416273e-18,,4.249999999999994,-88.21921970583811,-36.1489808047967,-12.08676889777108,96.10135025649026,-94.76847945063591,7.105427357601002e-15,-15.95007284419168,-0.25230557557185207,-35.094929997480676,-14.944552342991141,2.1316282072803006e-14,1.8113798691706654e-16,"[14.706004305083283, -7.170229519115905e-16, -15.786238358794584]","[0.0, 0.0, 0.0]",-20.45949070485295
query-000000,-6.959567241936139,2.9605947323337505e-15,-1.0938881833679268,74.71634790064218,60.396215079337075,93.1442268352106,-0.4490174642598144,-32.09576733162746,10.17951467511409,20.590942236337025,"[12.851073629136982, -6.824826800343633e-16, -16.08840603536186]",1.3408373866301888,5.4727785239728926,2.249903786874072,9.711395345344853,"[0.54015204023994, 0.12892728304888282, -0.18459723699408861, 0.8108867918547026]","[1.496724880866048, -0.486235125911609, 9.583036553562337]",nominal-triaxial_ellipsoid-pseudo_6dof,133.8136107884714,booster-release,74.71634790064218,60.396215079337075,93.1442268352106,-83.51480690323368,3.552713678800501e-14,104.55314179958488,-48.073611662420966,18.839859629455177,-105.74744856928307,0.0,1.5,0.0,5.1899999999999995,5.717999999999999,12.0,alpha3-passive-deployment-parent-v1,-0.4490174642598144,-32.09576733162746,10.17951467511409,-24.1113958303114,"[343.3314650445761, -5.480003868702261e-15, 954.8923397508333]",2.3061657031859957,native_rigid_body_reuse_instantaneous_projected_area,2.509659290605455,0.918915851175015,0.0,0.0,0.0,0.0,0.0,0.0,0.0,query-000000,rigid_body_6dof,pseudo_6dof,-10.101769809327898,1.784146017590271e-15,5.298233137231662e-17,,4.499999999999993,26.64273623822121,79.23607470879224,-12.603221734072463,84.54012140750055,-83.51480690323368,3.552713678800501e-14,-13.126658200415122,-0.4490174642598144,-32.09576733162746,10.17951467511409,2.5864145986817697e-14,2.1978407497988353e-16,"[12.851073629136982, -6.824826800343633e-16, -16.08840603536186]","[0.0, 0.0, 0.0]",114.82565267542029
query-000000,-6.121551614714179,-7.031412489292658e-16,-0.8921939719950487,5.348102988334336,-74.18492071760467,106.33667230496896,-0.38044932527445585,-37.94718610486583,-35.8942666630634,19.816810306115013,"[11.21791161450014, -5.484078300466447e-16, -16.335985728379203]",-2.4011515548494398,1.6373096694031237,-6.852454799197268,8.802918233216383,"[-0.5515162106098802, -0.07219328253638409, -0.08378821339187854, 0.8267995734685263]","[1.2681644175815194, 0.7026500945343873, 8.682707600473737]",nominal-triaxial_ellipsoid-pseudo_6dof,129.7670703389171,booster-release,5.348102988334336,-74.18492071760467,106.33667230496896,-73.45861937657016,-8.43769498715119e-15,106.97347233605942,24.92456590668995,6.933762888897653,-114.80080258693152,0.0,1.5,0.0,5.1899999999999995,5.717999999999999,12.0,alpha3-passive-deployment-parent-v1,-0.38044932527445585,-37.94718610486583,-35.8942666630634,12.227849893676815,"[346.3357243034111, -5.632541973944322e-15, 950.8382404828249]",2.413417833683098,native_rigid_body_reuse_instantaneous_projected_area,2.626375234029392,0.918915851175015,0.0,0.0,0.0,0.0,0.0,0.0,0.0,query-000000,rigid_body_6dof,pseudo_6dof,-3.456363683627283,0.0,0.0,,4.749999999999992,30.272668895024285,-67.25115782870702,-8.464130281962568,74.2347237669776,-73.45861937657016,-8.43769498715119e-15,-10.706327663940584,-0.38044932527445585,-37.94718610486583,-35.8942666630634,5.163671038754328e-14,4.387899230585307e-16,"[11.21791161450014, -5.484078300466447e-16, -16.335985728379203]","[0.0, 0.0, 0.0]",-112.95984154602513
query-000000,-5.3742426328058786,0.0,-0.7218276828955439,-46.94364237084281,51.74363022443412,105.6544573179087,-0.2241726165217517,-37.44715346685335,9.077734267540702,19.214011712195745,"[9.782742073046787, -5.172599063002168e-16, -16.537115939867977]",-1.4032055019799539,-2.418622543661565,1.370111922289755,7.9464101521254555,"[-0.9727648944029342, -0.21808666326635812, 0.07190577543776183, -0.031563063559934795]","[0.7472420550725056, 0.450957038136135, 7.898335354154634]",nominal-triaxial_ellipsoid-pseudo_6dof,126.6648063946191,booster-release,-46.94364237084281,51.74363022443412,105.6544573179087,-64.49091159367055,0.0,109.01786780525347,-18.082889247913993,-49.39668054262343,-105.26876267847781,0.0,1.5,0.0,5.1899999999999995,5.717999999999999,12.0,alpha3-passive-deployment-parent-v1,-0.2241726165217517,-37.44715346685335,9.077734267540702,-8.839192973123051,"[348.95691444983794, -5.766976312244037e-15, 946.7282157154681]",2.5046404373428075,native_rigid_body_reuse_instantaneous_projected_area,2.725647222365499,0.918915851175015,0.0,0.0,0.0,0.0,0.0,0.0,0.0,query-000000,rigid_body_6dof,pseudo_6dof,25.138011361794838,4.440892098500626e-16,1.1525089652207863e-17,,4.999999999999991,-65.0265316187568,2.346949681810692,0.38569463943088067,65.0700141964716,-64.49091159367055,0.0,-8.661932194746527,-0.2241726165217517,-37.44715346685335,9.077734267540702,4.002966042486721e-15,3.401574477936503e-17,"[9.782742073046787, -5.172599063002168e-16, -16.537115939867977]","[0.0, 0.0, 0.0]",1.7423237341536264
query-000000,-4.7097688508189,1.3322676295501878e-15,-0.5796855635425093,76.34813856149604,20.826705972247908,95.87031128285051,-0.18579211113477428,-33.38030140685667,-2.3130964298187484,18.748912367222733,"[8.523888845224928, -4.802524721460448e-16, -16.699252495487563]",0.3724669667920935,-2.205430042188781,-0.3374158691288284,8.421162596723514,"[-0.46027206146921823, -0.12827795185482999, 0.2100223247192597, -0.8529859433884734]","[0.6193070371159143, -0.16792634117631094, 8.396680237937668]",nominal-triaxial_ellipsoid-pseudo_6dof,124.31374231729374,booster-release,76.34813856149604,20.826705972247908,95.87031128285051,-56.51722620982681,1.5987211554602254e-14,110.72357323748989,-48.50448283765051,28.26747251758194,-103.42533766036165,0.0,1.5,0.0,5.1899999999999995,5.717999999999999,12.0,alpha3-passive-deployment-parent-v1,-0.18579211113477428,-33.38030140685667,-2.3130964298187484,-24.341437469958123,"[351.2417831373165, -5.889506592557493e-15, 942.5729296334182]",2.580359404607609,native_rigid_body_reuse_instantaneous_projected_area,2.8080475500646886,0.918915851175015,0.0,0.0,0.0,0.0,0.0,0.0,0.0,query-000000,rigid_body_6dof,pseudo_6dof,-15.286341735970199,5.551115123125783e-17,1.658987357115198e-18,,5.24999999999999,27.843655723845536,49.094178489829844,-7.55502637751114,56.94370860089985,-56.51722620982681,1.5987211554602254e-14,-6.956226762510113,-0.18579211113477428,-33.38030140685667,-2.3130964298187484,3.0263303041168436e-14,2.5716650641119745e-16,"[8.523888845224928, -4.802524721460448e-16, -16.699252495487563]","[0.0, 0.0, 0.0]",126.61293177408544
query-000000,-4.120834104266439,4.070817756958907e-16,-0.4623104464827617,0.10630397924361579,-69.33988514292666,101.04887236549789,-0.2592208808037902,-34.73831893346057,-32.75054127956422,18.392814065623803,"[7.421563612167914, -4.956529616716612e-16, -16.829022633627716]",1.408620320294241,-1.4850819348670015,-5.389839597087646,7.491260066516787,"[0.4896282666395987, 0.03873927482341992, 0.16441460854275375, -0.8554129211038319]","[0.8640696026793007, -0.6057672393677185, 7.416563028628796]",nominal-triaxial_ellipsoid-pseudo_6dof,122.55164453612586,booster-release,0.10630397924361579,-69.33988514292666,101.04887236549789,-49.45000925119728,4.884981308350689e-15,112.13207464220686,26.74629225257726,28.637270260368222,-110.96430926570198,0.0,1.5,0.0,5.1899999999999995,5.717999999999999,12.0,alpha3-passive-deployment-parent-v1,-0.2592208808037902,-34.73831893346057,-32.75054127956422,13.137000334668876,"[353.23189792246427, -6.01015180669372e-15, 938.3812842109838]",2.6419332165576703,native_rigid_body_reuse_instantaneous_projected_area,2.875054569120163,0.918915851175015,0.0,0.0,0.0,0.0,0.0,0.0,0.0,query-000000,rigid_body_6dof,pseudo_6dof,-14.470932865050862,1.6653345369377348e-16,3.488106184832163e-18,,5.499999999999989,26.852596231820876,-40.702614882558436,-9.9154369002041,49.760231828127544,-49.45000925119728,4.884981308350689e-15,-5.547725357793141,-0.2592208808037902,-34.73831893346057,-32.75054127956422,1.0658141036401503e-14,9.056899345853327e-17,"[7.421563612167914, -4.956529616716612e-16, -16.829022633627716]","[0.0, 0.0, 0.0]",-122.10245170342708
query-000000,-3.6004792832717905,5.921189464667501e-16,-0.36622623077239186,-31.011622879865126,19.225606701002636,115.6239714896709,-0.38566454780030873,-39.513996043076766,-0.978449411835153,18.121848682145696,"[6.457757595617387, -4.860927078485e-16, -16.93218138618978]",1.9241501990791656,-0.5720367830783712,0.5916655971214694,6.922449081734742,"[0.9679814046901819, 0.14418352242307572, -0.06785492144022841, -0.19395572090566715]","[1.2855484926676957, -0.9194546997187374, 6.7396045445838375]",nominal-triaxial_ellipsoid-pseudo_6dof,121.2445771558829,booster-release,-31.011622879865126,19.225606701002636,115.6239714896709,-43.20575139926149,7.105427357601002e-15,113.2850852307313,-8.877077600189429,-35.94595833533381,-111.7032716650442,0.0,1.5,0.0,5.1899999999999995,5.717999999999999,12.0,alpha3-passive-deployment-parent-v1,-0.38566454780030873,-39.513996043076766,-0.978449411835153,-4.326168868984929,"[354.9641034642562, -6.134743516737795e-15, 934.1606335508731]",2.691167497495101,native_rigid_body_reuse_instantaneous_projected_area,2.9286332301852376,0.918915851175015,0.0,0.0,0.0,0.0,0.0,0.0,0.0,query-000000,rigid_body_6dof,pseudo_6dof,17.838103497216895,1.6653345369377348e-16,4.2130514153014885e-18,,5.7499999999999885,-39.88870048005455,-16.720351634331177,3.920699824626695,43.42868259431795,-43.20575139926149,7.105427357601002e-15,-4.3947147692687025,-0.38566454780030873,-39.513996043076766,-0.978449411835153,2.886238236725078e-14,2.4526199370878246e-16,"[6.457757595617387, -4.860927078485e-16, -16.93218138618978]","[0.0, 0.0, 0.0]",-23.340025280212632
query-000000,-3.1420377319671826,2.9605947323337506e-16,-0.2881476120647465,64.36340418539106,28.7404271876786,97.46608454515606,-0.5152466614347332,-33.53107784786821,1.8334813985316316,17.91661523276845,"[5.616165441306728, -4.515524359712729e-16, -17.013635329786002]",1.0762262789073542,3.5792098156364025,0.9421497547274789,7.416221893058925,"[0.723273894269395, 0.17537941346378302, -0.2655264859855254, 0.612872434069001]","[1.7174888714491106, -0.5607434903048245, 7.192784292721124]",nominal-triaxial_ellipsoid-pseudo_6dof,120.2842366639361,booster-release,64.36340418539106,28.7404271876786,97.46608454515606,-37.70445278360619,3.552713678800501e-15,114.22202865522304,-70.49810441455709,8.44623520976768,-93.84675653838809,0.0,1.5,0.0,5.1899999999999995,5.717999999999999,12.0,alpha3-passive-deployment-parent-v1,-0.5152466614347332,-33.53107784786821,1.8334813985316316,-36.80311758560839,"[356.4709566719226, -6.249605355552169e-15, 929.9170000565147]",2.730004515765652,native_rigid_body_reuse_instantaneous_projected_area,2.97089718528068,0.918915851175015,0.0,0.0,0.0,0.0,0.0,0.0,0.0,query-000000,rigid_body_6dof,pseudo_6dof,-5.142780983075901,4.577566798522237e-16,1.362974656304196e-17,,5.999999999999988,-6.134700229166029,37.18666239744628,3.6193280067679723,37.862672150601696,-37.70445278360619,3.552713678800501e-15,-3.4577713447769582,-0.5152466614347332,-33.53107784786821,1.8334813985316316,1.434896150467636e-14,1.219322390476221e-16,"[5.616165441306728, -4.515524359712729e-16, -17.013635329786002]","[0.0, 0.0, 0.0]",82.26508187142424
query-000000,-2.7391695834524343,1.6483487029021285e-16,-0.2250963503004897,37.810317239664776,-47.886683558053825,102.84830177645124,-0.5054409377617323,-36.33713168150904,-24.34457160720864,17.761650032213204,"[4.88210868002849, -3.9147649242658105e-16, -17.07750645449182]",-1.1021172962271049,2.0794624723616364,-4.613903012255021,6.85040104880242,"[-0.05693377348806713, 0.03470207470586286, -0.1965760413109988, 0.9782188770566712]","[1.684803125872441, 0.3277707704731345, 6.63189258647237]",nominal-triaxial_ellipsoid-pseudo_6dof,119.58481396169516,booster-release,37.810317239664776,-47.886683558053825,102.84830177645124,-32.870035001429216,1.9780184434825543e-15,114.97864379639412,-5.355468539547578,45.72333642852037,-108.30157335240455,0.0,1.5,0.0,5.1899999999999995,5.717999999999999,12.0,alpha3-passive-deployment-parent-v1,-0.5054409377617323,-36.33713168150904,-24.34457160720864,-2.6083640443791314,"[357.7811431773554, -6.3617301862155574e-15, 925.6552791654084]",2.760312499335161,native_rigid_body_reuse_instantaneous_projected_area,3.0038795128036564,0.918915851175015,0.0,0.0,0.0,0.0,0.0,0.0,0.0,query-000000,rigid_body_6dof,pseudo_6dof,-22.88875809901298,3.554447978966673e-15,8.126069617160346e-17,,6.249999999999987,32.454848700117196,-2.163347129533456,-5.453271575953309,32.98083452296894,-32.870035001429216,1.9780184434825543e-15,-2.7011562036058763,-0.5054409377617323,-36.33713168150904,-24.34457160720864,4.434670491384881e-14,3.768421166066633e-16,"[4.88210868002849, -3.9147649242658105e-16, -17.07750645449182]","[0.0, 0.0, 0.0]",-172.80998984750278
query-000000,-2.385915565309098,7.401486830834376e-16,-0.1744521322534614,-27.221026949965868,-0.41256310768838145,115.92579021776368,-0.41741053334322437,-40.91630029487919,-6.689663312109728,17.644826458720015,"[4.242447335777144, -3.253205840324065e-16, -17.12721639267465]",-0.9425855893984181,-1.411739407040132,-1.4660048247192798,5.899305397607434,"[-0.7092168395647342, -0.16413856924496015, 0.003097504899071324, 0.6856095171651481]","[1.3913684444774146, 0.32974346691898776, 5.72338774433263]",nominal-triaxial_ellipsoid-pseudo_6dof,119.07956732429602,booster-release,-27.221026949965868,-0.41256310768838145,115.92579021776368,-28.63098678370918,8.881784197001252e-15,115.58637441295846,25.96914580795385,-27.8980009520957,-111.33660825138381,0.0,1.5,0.0,5.1899999999999995,5.717999999999999,12.0,alpha3-passive-deployment-parent-v1,-0.41741053334322437,-40.91630029487919,-6.689663312109728,12.748759918679946,"[358.91987328987847, -6.447198611449128e-15, 921.3794252301144]",2.7837666923469815,native_rigid_body_reuse_instantaneous_projected_area,3.0294032786434006,0.918915851175015,0.0,0.0,0.0,0.0,0.0,0.0,0.0,query-000000,rigid_body_6dof,pseudo_6dof,14.067164245968112,9.305364597889227e-16,2.2443298311245294e-17,,6.499999999999986,-1.2518811420120173,-28.31056405978408,4.5891819663798685,28.70741776784199,-28.63098678370918,8.881784197001252e-15,-2.093425587041537,-0.41741053334322437,-40.91630029487919,-6.689663312109728,3.021846788968457e-14,2.5678551365386896e-16,"[4.242447335777144, -3.253205840324065e-16, -17.12721639267465]","[0.0, 0.0, 0.0]",-86.48137406593347
query-000000,-2.076742874679099,0.0,-0.13396061438149687,20.29143807270132,54.896719703718816,103.28810269790041,-0.37640762851947684,-36.128050176226964,12.434408067093148,17.55675960548459,"[3.68547872802406, -2.5500645913947993e-16, -17.165577601410842]",-0.20513172993870704,-0.9160887460482562,2.1923819378568914,6.0595227257357305,"[-0.9482676139298715, -0.23818383146484698, 0.20578930133798842, 0.041325031824504]","[1.2546920950649227, -0.02195160697319499, 5.9281600465271405]",nominal-triaxial_ellipsoid-pseudo_6dof,118.71741427532423,booster-release,20.29143807270132,54.896719703718816,103.28810269790041,-24.920914496149187,0.0,116.07227262742204,-43.61222221909617,-55.160349905356135,-94.36018863626151,0.0,1.5,0.0,5.1899999999999995,5.717999999999999,12.0,alpha3-passive-deployment-parent-v1,-0.37640762851947684,-36.128050176226964,12.434408067093148,-21.752671898182744,"[359.90925420954835, -6.51798163872329e-15, 917.0926152503155]",2.801799442412019,native_rigid_body_reuse_instantaneous_projected_area,3.0490272192272734,0.918915851175015,0.0,0.0,0.0,0.0,0.0,0.0,0.0,query-000000,rigid_body_6dof,pseudo_6dof,30.30937224146253,0.0,0.0,,6.749999999999985,-23.320784146394846,-0.2636302016373193,8.927914061638901,24.972707574029016,-24.920914496149187,0.0,-1.6075273725779624,-0.37640762851947684,-36.128050176226964,12.434408067093148,2.0417315349737816e-14,1.7349889573008974e-16,"[3.68547872802406, -2.5500645913947993e-16, -17.165577601410842]","[0.0, 0.0, 0.0]",-10.948713626081972
query-000000,-1.8065732506792616,1.4802973661668753e-16,-0.10171553270691192,76.11200449022974,-3.4175247939757725,90.70835422326404,-0.369982990230976,-31.660692319226726,-8.24037784214025,17.49026286549258,"[3.200826941504807, -1.9456098335433254e-16, -17.194883017763324]",-0.06444218529482204,0.0735793893270367,-1.3742458104848652,6.282520107005643,"[-0.6665905705874574, -0.16012054860317015, 0.32539920936148564, -0.6512555379156693]","[1.2332766341032535, -0.08403820704786463, 6.1597098323266275]",nominal-triaxial_ellipsoid-pseudo_6dof,118.4597916135738,booster-release,76.11200449022974,-3.4175247939757725,90.70835422326404,-21.67887900815114,1.7763568394002505e-15,116.45921360751706,-75.59454708542728,24.75587335422562,-86.7245438930564,0.0,1.5,0.0,5.1899999999999995,5.717999999999999,12.0,alpha3-passive-deployment-parent-v1,-0.369982990230976,-31.660692319226726,-8.24037784214025,-39.96913693167157,"[360.76863568101, -6.577415719523506e-15, 912.797389865533]",2.8155949265376274,native_rigid_body_reuse_instantaneous_projected_area,3.064040002071283,0.918915851175015,0.0,0.0,0.0,0.0,0.0,0.0,0.0,query-000000,rigid_body_6dof,pseudo_6dof,-15.931610510157848,0.0,0.0,,6.999999999999984,0.5174574048024567,21.338348560249848,3.983810330207632,21.713213170592017,-21.67887900815114,1.7763568394002505e-15,-1.220586392482943,-0.369982990230976,-31.660692319226726,-8.24037784214025,6.784916171908104e-14,5.765574186825695e-16,"[3.200826941504807, -1.9456098335433254e-16, -17.194883017763324]","[0.0, 0.0, 0.0]",94.49299059990338
query-000000,-1.570792194337891,4.868790555908238e-16,-0.07612678551022256,22.169645814597263,-57.30890299859387,101.06366380904443,-0.36967609542776847,-35.14033788206651,-26.12052632911115,17.439879080097015,"[2.7793276664818825, -2.646727238417285e-16, -17.216989285317393]",0.17051510780545667,-1.4618051061482167,-4.390430383018691,5.447082897154609,"[-0.03613071903009179, -0.005198992843803748, 0.26062017672198323, -0.9647510897123575]","[1.2322536514258948, -0.22345322841911006, 5.301163238547827]",nominal-triaxial_ellipsoid-pseudo_6dof,118.27792567066126,booster-release,22.169645814597263,-57.30890299859387,101.06366380904443,-18.849506332054695,5.842548667089886e-15,116.76627857387733,-3.3967399650617045,59.13310066772151,-101.68713729410851,0.0,1.5,0.0,5.1899999999999995,5.717999999999999,12.0,alpha3-passive-deployment-parent-v1,-0.36967609542776847,-35.14033788206651,-26.12052632911115,-1.6540298210702982,"[361.5149273376028, -6.635882210118234e-15, 908.4957726648967]",2.826108680042242,native_rigid_body_reuse_instantaneous_projected_area,3.0754814779051918,0.918915851175015,0.0,0.0,0.0,0.0,0.0,0.0,0.0,query-000000,rigid_body_6dof,pseudo_6dof,-30.178856028903155,0.0,0.0,,7.249999999999983,18.772905849535558,1.824197669127635,-0.623473485064082,18.871629774827483,-18.849506332054695,5.842548667089886e-15,-0.9135214261226707,-0.36967609542776847,-35.14033788206651,-26.12052632911115,5.38943241814517e-14,4.579743012942893e-16,"[2.7793276664818825, -2.646727238417285e-16, -17.216989285317393]","[0.0, 0.0, 0.0]",176.15644971850293
query-000000,-1.3652421543857811,-4.440892098500626e-16,-0.055882444217073626,-18.188756158244484,-16.39637650722561,115.58495997533686,-0.4101323036472282,-39.64903605890834,-10.904283150782781,17.401491816551612,"[2.412912816657537, -2.1964942162564714e-16, -17.23339111088478]",0.9607092203847944,-2.62088407015042,-1.2222144732301674,4.782682901305764,"[0.5293384504455525, 0.08775747555221441, 0.06342811245889292, -0.841472700041128]","[1.367107678824094, -0.7762041738531416, 4.516921452652866]",nominal-triaxial_ellipsoid-pseudo_6dof,118.1505606658342,booster-release,-18.188756158244484,-16.39637650722561,115.58495997533686,-16.382905852629374,-5.329070518200751e-15,117.00921066939512,25.282436183303137,1.6285987424520592,-114.92032637794455,0.0,1.5,0.0,5.1899999999999995,5.717999999999999,12.0,alpha3-passive-deployment-parent-v1,-0.4101323036472282,-39.64903605890834,-10.904283150782781,12.406194444942994,"[362.1628871441326, -6.696626790177715e-15, 904.1893697676393]",2.8340981916521972,native_rigid_body_reuse_instantaneous_projected_area,3.0841759754478546,0.918915851175015,0.0,0.0,0.0,0.0,0.0,0.0,0.0,query-000000,rigid_body_6dof,pseudo_6dof,-0.811915450174285,0.0,0.0,,7.499999999999982,7.093680025058653,-14.767777764773552,0.6646335973923101,16.396624476593924,-16.382905852629374,-5.329070518200751e-15,-0.6705893306048836,-0.4101323036472282,-39.64903605890834,-10.904283150782781,6.502874892110266e-14,5.525905798709945e-16,"[2.412912816657537, -2.1964942162564714e-16, -17.23339111088478]","[0.0, 0.0, 0.0]",-115.74337674256438
query-000000,-1.1862037175553948,1.4802973661668753e-16,-0.03990971391214515,25.976391619630647,32.01549141369839,110.62957054434155,-0.5150428918248087,-37.4055210839745,5.796991800660099,17.372012258390143,"[2.0944984365852415, -1.7709087234834948e-16, -17.245285912526917]",1.7653222353210438,-0.6085286089282718,2.4171973844289774,5.188280113718328,"[0.8719711822366124, 0.10044139018656643, -0.2141310126335683, -0.42863235285591433]","[1.7168096394160288, -1.2666942259586131, 4.7293023733248845]",nominal-triaxial_ellipsoid-pseudo_6dof,118.06212979131985,booster-release,25.976391619630647,32.01549141369839,110.62957054434155,-14.234444610664738,1.7763568394002505e-15,117.20088343305426,-33.81261751332492,-42.21538704080151,-104.51365136637855,0.0,1.5,0.0,5.1899999999999995,5.717999999999999,12.0,alpha3-passive-deployment-parent-v1,-0.5150428918248087,-37.4055210839745,5.796991800660099,-16.698011982617402,"[362.72538134284514, -6.748270155567175e-15, 899.8794520227053]",2.8401561624491833,native_rigid_body_reuse_instantaneous_projected_area,3.0907684950885157,0.918915851175015,0.0,0.0,0.0,0.0,0.0,0.0,0.0,query-000000,rigid_body_6dof,pseudo_6dof,21.99487741274164,9.155133597044475e-16,2.4184383218753027e-17,,7.749999999999981,-7.836225893694277,-10.199895627103118,6.115919177962994,14.242498883699358,-14.234444610664738,1.7763568394002505e-15,-0.4789165669457418,-0.5150428918248087,-37.4055210839745,5.796991800660099,3.972054645195637e-15,3.375307100450236e-17,"[2.0944984365852415, -1.7709087234834948e-16, -17.245285912526917]","[0.0, 0.0, 0.0]",-55.62169597709323
query-000000,-1.0303687680373887,1.4802973661668753e-16,-0.027337793987250336,85.78057028647503,1.8728901346561784,81.00924302120254,-0.638052827664535,-27.47452280451075,-5.306250762409229,17.349132315121764,"[1.8178783926623823, -1.3268195136334323e-16, -17.253628900526795]",1.1280643621297244,3.7173016609215916,0.23390442849819243,5.693598624288959,"[0.8737894319741718, 0.08581740902329485, -0.4303545063289246, 0.2095767156942065]","[2.126842758881783, -0.8465435962525365, 5.2131534710903225]",nominal-triaxial_ellipsoid-pseudo_6dof,118.00131953074778,booster-release,85.78057028647503,1.8728901346561784,81.00924302120254,-12.364425216448666,1.7763568394002505e-15,117.351746472153,-92.73746056412499,3.57886370575617,-72.35668919134554,0.0,1.5,0.0,5.1899999999999995,5.717999999999999,12.0,alpha3-passive-deployment-parent-v1,-0.638052827664535,-27.47452280451075,-5.306250762409229,-52.00356887025731,"[363.21361705742845, -6.7867450423034425e-15, 895.5670222522518]",2.84474189665474,native_rigid_body_reuse_instantaneous_projected_area,3.0957588695604468,0.918915851175015,0.0,0.0,0.0,0.0,0.0,0.0,0.0,query-000000,rigid_body_6dof,pseudo_6dof,-2.831622293230069,2.220446049250313e-16,7.933135836289233e-18,,7.9999999999999805,-6.956890277649961,5.451753840412349,8.652553829856998,12.368776416860502,-12.364425216448666,1.7763568394002505e-15,-0.32805352784700403,-0.638052827664535,-27.47452280451075,-5.306250762409229,2.4062915543055513e-14,2.0447787592310246e-16,"[1.8178783926623823, -1.3268195136334323e-16, -17.253628900526795]","[0.0, 0.0, 0.0]",28.35640305317242
query-000000,-0.8948089669228139,7.771561172376096e-16,-0.017464191442337313,55.64577433031343,-53.473529372052354,89.21144930247686,-0.6550023908569124,-31.269485729314336,-24.004140645001634,17.331133013114894,"[1.5776254212403353, -1.0461798046309623e-16, -17.259179283747454]",-0.5079866913679099,2.180671627165882,-4.259728203107214,5.114049405340836,"[0.5166201546386404, 0.03435805786117801, -0.36599887980693635, 0.7732838803836681]","[2.1833413028563746, 0.043813558234524236, 4.624348867421576]",nominal-triaxial_ellipsoid-pseudo_6dof,117.95996452598773,booster-release,55.64577433031343,-53.473529372052354,89.21144930247686,-10.737707603073767,9.325873406851315e-15,117.47022970269195,-50.75551666885612,62.43406911493721,-85.8743260204627,0.0,1.5,0.0,5.1899999999999995,5.717999999999999,12.0,alpha3-passive-deployment-parent-v1,-0.6550023908569124,-31.269485729314336,-24.004140645001634,-25.5502078775827,"[363.6373492150951, -6.818697368770036e-15, 891.2528698522924]",2.848208781854319,native_rigid_body_reuse_instantaneous_projected_area,3.0995316689904993,0.918915851175015,0.0,0.0,0.0,0.0,0.0,0.0,0.0,query-000000,rigid_body_6dof,pseudo_6dof,-36.018650690909375,3.554447978966673e-15,9.015494993106249e-17,,8.249999999999984,4.890257661457312,8.960539742884855,3.3371232820141614,10.739752524086482,-10.737707603073767,9.325873406851315e-15,-0.20957029730804777,-0.6550023908569124,-31.269485729314336,-24.004140645001634,3.9451521719713886e-14,3.352446360353594e-16,"[1.5776254212403353, -1.0461798046309623e-16, -17.259179283747454]","[0.0, 0.0, 0.0]",120.93889441510429
query-000000,-0.7769421431162922,6.430041684287364e-16,-0.009725136732203765,2.6342864817461997,-27.753077280367545,114.58984842262498,-0.6091821585497025,-40.16180232923509,-13.8981233448807,17.316737554980005,"[1.3690003640911275, -1.3516838834557668e-16, -17.262538560454345]",-0.4748092043314779,-1.6996616924286485,-2.5004745540939695,4.1851188031467625,"[0.0566381812561785, -0.03530635701905104, -0.12131234152906108, 0.9903680595469405]","[2.030607195165675, 0.05332888373443874, 3.6590995949213547]",nominal-triaxial_ellipsoid-pseudo_6dof,117.93220987210468,booster-release,2.6342864817461997,-27.753077280367545,114.58984842262498,-9.323305717395506,7.716050021144838e-15,117.56309835921355,6.61251690497999,28.747658512762968,-113.92270220748333,0.0,1.5,0.0,5.1899999999999995,5.717999999999999,12.0,alpha3-passive-deployment-parent-v1,-0.6091821585497025,-40.16180232923509,-13.8981233448807,3.2211897721599376,"[364.00506374329586, -6.8486518720334635e-15, 886.9376148526072]",2.850827266682667,native_rigid_body_reuse_instantaneous_projected_area,3.102381206110791,0.918915851175015,0.0,0.0,0.0,0.0,0.0,0.0,0.0,query-000000,rigid_body_6dof,pseudo_6dof,-14.162550300374205,1.1102230246251565e-16,2.6121092120136483e-18,,8.499999999999988,9.246803386726189,0.9945812323954222,0.6671462151416563,9.32403607741744,-9.323305717395506,7.716050021144838e-15,-0.11670164078644518,-0.6091821585497025,-40.16180232923509,-13.8981233448807,5.5070307537431163e-14,4.679673787466597e-16,"[1.3690003640911275, -1.3516838834557668e-16, -17.262538560454345]","[0.0, 0.0, 0.0]",173.05349603119993
query-000000,-0.6744984695200446,-1.1102230246251565e-16,-0.0036701983665814453,9.201801524062086,30.701639177307744,113.47431519939263,-0.5983855175591034,-39.22916660945892,6.651411296648284,17.304999649611684,"[1.187869865250888, -1.122314890521056e-16, -17.26418193996719]",0.19212846150288723,-1.7551067045824773,1.766959036921788,4.124966552871188,"[-0.360406337379981, -0.043469027582277706, 0.14915765837357545, 0.9197661162305939]","[1.9946183918636782, -0.4690209155380564, 3.580065071186976]",nominal-triaxial_ellipsoid-pseudo_6dof,117.9138838705304,booster-release,9.201801524062086,30.701639177307744,113.47431519939263,-8.093981634240535,-1.3322676295501878e-15,117.63575761960102,-3.2423201268576873,-35.976285454318614,-111.99879273074491,0.0,1.5,0.0,5.1899999999999995,5.717999999999999,12.0,alpha3-passive-deployment-parent-v1,-0.5983855175591034,-39.22916660945892,6.651411296648284,-1.5788161670618168,"[364.32413913190584, -6.878377006303956e-15, 882.6217432844909]",2.8528035042528317,native_rigid_body_reuse_instantaneous_projected_area,3.1045318247638893,0.918915851175015,0.0,0.0,0.0,0.0,0.0,0.0,0.0,query-000000,rigid_body_6dof,pseudo_6dof,17.808072456281092,0.0,0.0,,8.749999999999991,5.9594813972043985,-5.27464627701087,1.4755224686477248,8.094101458883147,-8.093981634240535,-1.3322676295501878e-15,-0.04404238039897734,-0.5983855175591034,-39.22916660945892,6.651411296648284,2.7289814919401916e-14,2.3189888935400904e-16,"[1.187869865250888, -1.122314890521056e-16, -17.26418193996719]","[0.0, 0.0, 0.0]",-137.45234005066456
query-000000,-0.585487696276657,-6.753856733136369e-16,0.0010591244807708713,67.23848799537866,46.527529879377894,84.94153334899617,-0.6264586165536633,-29.185766297097203,11.411450573084334,17.29521923139679,"[1.0306324127870001, -1.0253631229192412e-16, -17.264483921965063]",0.36813843311375494,1.6083829918496806,2.701652731100321,4.774242247109307,"[-0.7109621488817364, 0.00976532748120192, 0.39425380888380407, 0.5822382634431211]","[2.088195388512211, -0.5238635597798222, 4.261266950592802]",nominal-triaxial_ellipsoid-pseudo_6dof,117.90203302852629,booster-release,67.23848799537866,46.527529879377894,84.94153334899617,-7.025852355319884,-8.104628079763643e-15,117.69250949376925,-67.30938169119115,-52.392665017185465,-81.07398545024499,0.0,1.5,0.0,5.1899999999999995,5.717999999999999,12.0,alpha3-passive-deployment-parent-v1,-0.6264586165536633,-29.185766297097203,11.411450573084334,-34.88775386908964,"[364.6009884682831, -6.9087969937001035e-15, 878.3056354441105]",2.854294170760521,native_rigid_body_reuse_instantaneous_projected_area,3.106154026084917,0.918915851175015,0.0,0.0,0.0,0.0,0.0,0.0,0.0,query-000000,rigid_body_6dof,pseudo_6dof,32.87186832519195,0.0,0.0,,8.999999999999995,-0.07089369581248661,-5.86513513780757,3.8675478987511838,7.025863850800543,-7.025852355319884,-8.104628079763643e-15,0.012709493769250457,-0.6264586165536633,-29.185766297097203,11.411450573084334,4.826700185783195e-14,4.101553695522252e-16,"[1.0306324127870001, -1.0253631229192412e-16, -17.264483921965063]","[0.0, 0.0, 0.0]",-89.22289452091914
query-000000,-0.5081682426908547,-1.4802973661668753e-16,0.004747214125188748,94.83503210748307,-12.111728728339603,68.9837281485995,-0.6197351511975957,-24.298401166544867,-9.308292596750947,17.286879188503132,"[0.8941523525588271, -8.904401858988228e-17, -17.263738982280643]",-0.6447904833031946,2.7602038177125707,-1.8258004536450374,4.892643208149327,"[-0.8782620703222568, 0.06088228857142454, 0.4742164873404217, 0.00823443416882002]","[2.065783837325319, 0.14845502363684687, 4.43265787148661]",nominal-triaxial_ellipsoid-pseudo_6dof,117.8945801845704,booster-release,94.83503210748307,-12.111728728339603,68.9837281485995,-6.098018912290257,-1.7763568394002505e-15,117.73676656950227,-98.14205478179127,11.665763410431246,-63.879436247510284,0.0,1.5,0.0,5.1899999999999995,5.717999999999999,12.0,alpha3-passive-deployment-parent-v1,-0.6197351511975957,-24.298401166544867,-9.308292596750947,-56.50929701203221,"[364.84118398897834, -6.934774161527222e-15, 873.9895883914593]",2.855418074838049,native_rigid_body_reuse_instantaneous_projected_area,3.1073771022524364,0.918915851175015,0.0,0.0,0.0,0.0,0.0,0.0,0.0,query-000000,rigid_body_6dof,pseudo_6dof,-10.349398338294826,3.554447978966673e-15,1.3656409333753214e-16,,9.249999999999998,-3.3070226743082003,-0.4459653179083567,5.104291901089212,6.098284992085111,-6.098018912290257,-1.7763568394002505e-15,0.056966569502264974,-0.6197351511975957,-24.298401166544867,-9.308292596750947,4.957167561793759e-14,4.2124201110078016e-16,"[0.8941523525588271, -8.904401858988228e-17, -17.263738982280643]","[0.0, 0.0, 0.0]",4.49843014447803
query-000000,-0.44101860065119214,2.220446049250313e-16,0.0076189985716924955,50.73847827636749,-51.371355469936645,93.19152550769937,-0.5526992572497585,-33.03392724506672,-22.031617535039235,17.279598059211107,"[0.7757013465698872, -9.397834314377185e-17, -17.262178208697243]",-0.8693387795763796,-1.0601812451772101,-4.330533048089393,4.013417970937449,"[-0.7817501660392879, 0.07823214452761403, 0.334379481049144, -0.520515871144638]","[1.8423308574991952, 0.4016313269479202, 3.5428848553352683]",nominal-triaxial_ellipsoid-pseudo_6dof,117.89007493030186,booster-release,50.73847827636749,-51.371355469936645,93.19152550769937,-5.292223207814306,2.6645352591003757e-15,117.77122798286031,-51.939189942001235,55.35841816029263,-89.92386454662022,0.0,1.5,0.0,5.1899999999999995,5.717999999999999,12.0,alpha3-passive-deployment-parent-v1,-0.5526992572497585,-33.03392724506672,-22.031617535039235,-26.19070485351154,"[365.0495660775196, -6.959841563264717e-15, 869.6738338005063]",2.856265159067136,native_rigid_body_reuse_instantaneous_projected_area,3.1082989322850816,0.918915851175015,0.0,0.0,0.0,0.0,0.0,0.0,0.0,query-000000,rigid_body_6dof,pseudo_6dof,-31.617047044286934,1.1102230246251565e-16,2.795779530968186e-18,,9.500000000000002,-1.2007116656337473,3.987062690355984,3.2676609610791445,5.293012899793298,-5.292223207814306,2.6645352591003757e-15,0.09142798286030995,-0.5526992572497585,-33.03392724506672,-22.031617535039235,1.0697389170429531e-14,9.090250978017919e-17,"[0.7757013465698872, -9.397834314377185e-17, -17.262178208697243]","[0.0, 0.0, 0.0]",74.85048072670901
query-000000,-0.3827112545423904,-7.401486830834377e-17,0.009851921089124952,14.070628207472096,-28.54388328816399,113.51092353653519,-0.5149868225988261,-39.446671421038204,-13.066116486215579,17.27309478106129,"[0.6729066681539548, -6.190523354348954e-17, -17.259982616778057]",-0.08598526770275342,-3.848262695798554,-1.983963018658423,3.202234171786129,"[-0.5381797656280092, 0.03242299971639884, 0.14578374267647773, -0.8294928506799862]","[1.716622741996087, -0.2718225594885414, 2.6895394677843507]",nominal-triaxial_ellipsoid-pseudo_6dof,117.88751254241632,booster-release,14.070628207472096,-28.54388328816399,113.51092353653519,-4.592535054508685,-8.881784197001252e-16,117.7980230530695,-12.13589742261317,32.56811405119816,-112.43030405071386,0.0,1.5,0.0,5.1899999999999995,5.717999999999999,12.0,alpha3-passive-deployment-parent-v1,-0.5149868225988261,-39.446671421038204,-13.066116486215579,-5.9192327693938624,"[365.2303384945098, -6.9774457991144545e-15, 865.3585520794248]",2.8569034273452627,native_rigid_body_reuse_instantaneous_projected_area,3.1089935206712878,0.918915851175015,0.0,0.0,0.0,0.0,0.0,0.0,0.0,query-000000,rigid_body_6dof,pseudo_6dof,-16.15491781417384,0.0,0.0,,9.750000000000005,1.9347307848589264,4.0242307630341685,1.0806194858213303,4.594056477359434,-4.592535054508685,-8.881784197001252e-16,0.11822305306949943,-0.5149868225988261,-39.446671421038204,-13.066116486215579,5.982732190246035e-14,5.083907510249027e-16,"[0.6729066681539548, -6.190523354348954e-17, -17.259982616778057]","[0.0, 0.0, 0.0]",114.88930726942836
query-000000,-0.332089153819325,-3.700743415417188e-17,0.011585641814163475,30.36985514337444,9.89497501008998,113.4765099516885,-0.5417481956642141,-38.40544781771818,0.4375187039015511,17.26716248960564,"[0.5837056975202093, -4.863459895226697e-17, -17.257293765278682]",0.8153902098970638,-3.5168667741318393,1.5487380189109017,3.443427366193342,"[-0.23068375119306025, -0.12001561442978449, -0.007043807862996892, -0.9655732204236657]","[1.8058273188807132, -1.2633243404362078, 2.645787469071303]",nominal-triaxial_ellipsoid-pseudo_6dof,117.88620336025546,booster-release,30.36985514337444,9.89497501008998,113.4765099516885,-3.9850698458319003,-4.440892098500626e-16,117.81882770176996,-26.89194578289106,-8.116838141861002,-114.27806228068833,0.0,1.5,0.0,5.1899999999999995,5.717999999999999,12.0,alpha3-passive-deployment-parent-v1,-0.5417481956642141,-38.40544781771818,0.4375187039015511,-13.20983252803091,"[365.38715146987016, -6.991823690232691e-15, 861.0438835112249]",2.857384246910286,native_rigid_body_reuse_instantaneous_projected_area,3.109516767238869,0.918915851175015,0.0,0.0,0.0,0.0,0.0,0.0,0.0,query-000000,rigid_body_6dof,pseudo_6dof,4.062729667940414,2.220446049250313e-16,5.780641207402574e-18,,10.000000000000009,3.4779093604833804,1.7781368682289767,-0.8015523289998328,3.9874942480232023,-3.9850698458319003,-4.440892098500626e-16,0.1390277017699617,-0.5417481956642141,-38.40544781771818,0.4375187039015511,3.2174255591641477e-14,2.734050838941048e-16,"[0.5837056975202093, -4.863459895226697e-17, -17.257293765278682]","[0.0, 0.0, 0.0]",152.65619425539816
query-000000,-0.2881446648181227,5.181040781584063e-16,0.012929855151019371,82.56411456776945,16.971504340503778,82.41461249508986,-0.6350798800515923,-27.06124063970124,2.198809949648982,17.261649084195472,"[0.506305986889076, -4.9473048632322425e-17, -17.2542221891787]",1.5556240263085566,0.4142889657454212,2.7323146160743246,4.258777819378239,"[0.16175074033717846, -0.34664882542024333, -0.14679497915344317, -0.9122075004791841]","[2.1169329335053075, -1.7185681441042457, 3.2714380635950864]",nominal-triaxial_ellipsoid-pseudo_6dof,117.88567905668316,booster-release,82.56411456776945,16.971504340503778,82.41461249508986,-3.4577359778174723,6.217248937900877e-15,117.83495826181223,-80.0128155209835,-18.31963266887551,-84.32600867657935,0.0,1.5,0.0,5.1899999999999995,5.717999999999999,12.0,alpha3-passive-deployment-parent-v1,-0.6350798800515923,-27.06124063970124,2.198809949648982,-42.83736923978939,"[365.52317412808753, -7.004158703524149e-15, 856.7299370231384]",2.8577463900427262,native_rigid_body_reuse_instantaneous_projected_area,3.1099108654927807,0.918915851175015,0.0,0.0,0.0,0.0,0.0,0.0,0.0,query-000000,rigid_body_6dof,pseudo_6dof,12.256917667319145,5.551115123125783e-16,2.0440185979059257e-17,,10.250000000000012,2.5512990467859566,-1.3481283283717325,-1.9113961814894935,3.461215419256933,-3.4577359778174723,6.217248937900877e-15,0.15515826181223247,-0.6350798800515923,-27.06124063970124,2.198809949648982,3.717108924277848e-14,3.15866352957589e-16,"[0.506305986889076, -4.9473048632322425e-17, -17.2542221891787]","[0.0, 0.0, 0.0]",-164.71350335612965
query-000000,-0.25000086168975627,5.921189464667501e-16,0.013970557802017206,101.74322154289217,-32.43522399571479,49.93289365408477,-0.7360737102091983,-16.36753074135061,-15.43464175758834,17.256442837859307,"[0.43915029189078003, 1.2822798860533583e-17, -17.250854078492406]",0.8517462302448605,3.964554084196723,-1.0076619942728469,4.461421198370096,"[0.5878484061426722, -0.4715598971315423, -0.24941776317960362, -0.6081581161369898]","[2.453579034030661, -1.068383465875783, 3.569703881679051]",nominal-triaxial_ellipsoid-pseudo_6dof,117.88562573209832,booster-release,101.74322154289217,-32.43522399571479,49.93289365408477,-3.0000103402770755,7.105427357601002e-15,117.8474466936242,-102.00551276164587,29.542406880425716,-50.701645831127394,0.0,1.5,0.0,5.1899999999999995,5.717999999999999,12.0,alpha3-passive-deployment-parent-v1,-0.7360737102091983,-16.36753074135061,-15.43464175758834,-60.08952812110288,"[365.64115756271417, -7.009896467062941e-15, 852.4167970750913]",2.8580191058512074,native_rigid_body_reuse_instantaneous_projected_area,3.110207645451612,0.918915851175015,0.0,0.0,0.0,0.0,0.0,0.0,0.0,query-000000,rigid_body_6dof,pseudo_6dof,-30.228138585296353,1.7763568394002505e-15,7.891677285251303e-17,,10.500000000000016,-0.26229121875370254,-2.892817115289077,-0.7687521770426216,3.0046909085049833,-3.0000103402770755,7.105427357601002e-15,0.16764669362420648,-0.7360737102091983,-16.36753074135061,-15.43464175758834,7.297341474148604e-15,6.201014510687989e-17,"[0.43915029189078003, 1.2822798860533583e-17, -17.250854078492406]","[0.0, 0.0, 0.0]",-74.18836068102787
query-000000,-0.21689497980673195,0.0,0.014775053286856613,66.17890486179078,-67.6879870096993,70.25495990498219,-0.7543654614252102,-24.251540013665036,-26.91494828118631,17.25146175751212,"[0.38088600601143735, 6.710036895331902e-17, -17.247256553473303]",-0.18005149964527822,1.0888314209571823,-4.1791325411292455,3.79173711132883,"[0.8712035715944284, -0.3774433944611379, -0.25045190152858976, -0.18924763100096997]","[2.5145515380840338, -0.32533328812979695, 2.819301178551553]",nominal-triaxial_ellipsoid-pseudo_6dof,117.88583640701637,booster-release,66.17890486179078,-67.6879870096993,70.25495990498219,-2.6027397576807836,0.0,117.85710063944228,-68.1659910497457,66.23786517154512,-69.38644110892419,0.0,1.5,0.0,5.1899999999999995,5.717999999999999,12.0,alpha3-passive-deployment-parent-v1,-0.7543654614252102,-24.251540013665036,-26.91494828118631,-35.39778913836574,"[365.74348973036234, -6.998055699378501e-15, 848.1045290604986]",2.8582244497222677,native_rigid_body_reuse_instantaneous_projected_area,3.1104311086455465,0.918915851175015,0.0,0.0,0.0,0.0,0.0,0.0,0.0,query-000000,rigid_body_6dof,pseudo_6dof,-43.67009300270661,0.0,0.0,,10.75000000000002,-1.9870861879549153,-1.4501218381541747,0.8685187960579981,2.608771696212389,-2.6027397576807836,0.0,0.17730063944227936,-0.7543654614252102,-24.251540013665036,-26.91494828118631,5.523379074011247e-14,4.693565993493571e-16,"[0.38088600601143735, 6.710036895331902e-17, -17.247256553473303]","[0.0, 0.0, 0.0]",-9.938215077004077
query-000000,-0.18816383902016032,0.0,0.015395933066702838,39.9889290092252,-42.804523593658026,102.30253738888221,-0.7399574679548021,-35.18029460079738,-17.212117446951428,17.24664572690229,"[0.3303384813771211, 9.177199172276693e-17, -17.243481821169368]",-0.07952233955520227,-2.8686325453582415,-2.0508459716851197,3.2017550635627523,"[0.9499846155729406, -0.15647284800989042, -0.21430484037996414, 0.16467821167393076]","[2.4665248931826738, -0.6026912189897786, 1.9504496232696038]",nominal-triaxial_ellipsoid-pseudo_6dof,117.88617747466631,booster-release,39.9889290092252,-42.804523593658026,102.30253738888221,-2.257966068241924,0.0,117.86455119680043,-41.85132224551593,43.29160616810159,-101.10805600805492,0.0,1.5,0.0,5.1899999999999995,5.717999999999999,12.0,alpha3-passive-deployment-parent-v1,-0.7399574679548021,-35.18029460079738,-17.212117446951428,-20.832505942764225,"[365.8322431993626, -6.974372552764726e-15, 843.793183533418]",2.8583790469005472,native_rigid_body_reuse_instantaneous_projected_area,3.1105993473129736,0.918915851175015,0.0,0.0,0.0,0.0,0.0,0.0,0.0,query-000000,rigid_body_6dof,pseudo_6dof,-23.179237845245158,3.552713678800501e-15,9.069487664694618e-17,,11.000000000000023,-1.8623932362907283,0.48708257444356207,1.1944813808272983,2.2655118119425213,-2.257966068241924,0.0,0.18475119680043406,-0.7399574679548021,-35.18029460079738,-17.212117446951428,1.1872640102423704e-14,1.0088936336077819e-16,"[0.3303384813771211, 9.177199172276693e-17, -17.243481821169368]","[0.0, 0.0, 0.0]",23.986811806656938
query-000000,-0.16323104171930325,-1.4802973661668753e-16,0.015874233459195843,57.563015168727404,1.5860020009281066,102.86508701050984,-0.752394729486794,-34.54765277715494,-1.6786352590566143,17.241950710894073,"[0.2864877678486358, 8.568118485155947e-17, -17.23957044348187]",0.4622416365207166,-2.6753126498290434,1.9753040383615974,3.4742426882531867,"[0.8572387826865099, 0.1185669906719631, -0.22795014443354897, 0.4462311842911357]","[2.5079824316226467, -1.40185710647736, 1.9532493523797236]",nominal-triaxial_ellipsoid-pseudo_6dof,117.88656515202167,booster-release,57.563015168727404,1.5860020009281066,102.86508701050984,-1.958772500631639,-1.7763568394002505e-15,117.87029080151035,-58.443552784391926,0.018414572639519733,-102.14150051218903,0.0,1.5,0.0,5.1899999999999995,5.717999999999999,12.0,alpha3-passive-deployment-parent-v1,-0.752394729486794,-34.54765277715494,-1.6786352590566143,-29.777423027823218,"[365.9092166651501, -6.951699400708074e-15, 839.482799511915]",2.858495425996692,native_rigid_body_reuse_instantaneous_projected_area,3.1107259955757023,0.918915851175015,0.0,0.0,0.0,0.0,0.0,0.0,0.0,query-000000,rigid_body_6dof,pseudo_6dof,-0.01032956513327021,1.1102230246251565e-16,3.209053082756547e-18,,11.250000000000027,-0.8805376156645224,1.6044165735676263,0.7235864983208131,1.968013326858022,-1.958772500631639,-1.7763568394002505e-15,0.19049080151035014,-0.752394729486794,-34.54765277715494,-1.6786352590566143,1.1788247487872778e-14,1.001722257165017e-16,"[0.2864877678486358, 8.568118485155947e-17, -17.23957044348187]","[0.0, 0.0, 0.0]",55.0007395208997
query-000000,-0.14159575676469296,-1.1842378929335002e-15,0.016241931948992296,98.07354002631621,11.353461648352761,64.4205899808268,-0.8092708793880409,-20.92826286912575,0.9156659426174572,17.237344484559305,"[0.2484483505335439, 8.198044143614229e-17, -17.23555390164425]",0.9285563746731832,1.830063689491349,2.875258806897471,4.106095929047435,"[0.5582648221287524, 0.39463649107969706, -0.26315145012953345, 0.6807009200644437]","[2.697569597960136, -1.5596759385006078, 2.6740517963501307]",nominal-triaxial_ellipsoid-pseudo_6dof,117.88694905786589,booster-release,98.07354002631621,11.353461648352761,64.4205899808268,-1.6991490811763157,-1.4210854715202004e-14,117.87470318338791,-97.80076804426017,-9.693105376849985,-64.72703303988293,0.0,1.5,0.0,5.1899999999999995,5.717999999999999,12.0,alpha3-passive-deployment-parent-v1,-0.8092708793880409,-20.92826286912575,0.9156659426174572,-56.20935010304159,"[365.9759710334856, -6.929970709210566e-15, 835.1734070557998]",2.858583026352137,native_rigid_body_reuse_instantaneous_projected_area,3.110821325692527,0.918915851175015,0.0,0.0,0.0,0.0,0.0,0.0,0.0,query-000000,rigid_body_6dof,pseudo_6dof,8.516957363358673,4.577566798522237e-16,2.1835462250285974e-17,,11.50000000000003,0.27277198205604236,1.660356271502776,-0.30644305905612157,1.7102908673547486,-1.6991490811763157,-1.4210854715202004e-14,0.19490318338790757,-0.8092708793880409,-20.92826286912575,0.9156659426174572,4.822027842650985e-14,4.097583308818493e-16,"[0.2484483505335439, 8.198044143614229e-17, -17.23555390164425]","[0.0, 0.0, 0.0]",96.7329100285153
query-000000,-0.1228229115383866,7.401486830834377e-17,0.016523916201978274,106.0813298920747,-32.6910725321923,39.69207636069085,-0.8556398482758972,-13.20531431930358,-14.78643387898667,17.232803488839366,"[0.21545151173455912, 8.259723200537849e-17, -17.23145660503039]",0.11083097075360984,4.234748007570273,-1.36792071723533,4.138333990981904,"[0.07872380236597645, 0.5259856536676166, -0.22321674123712193, 0.8168940821846932]","[2.852132827586324, -0.6617653246032906, 2.924587699125016]",nominal-triaxial_ellipsoid-pseudo_6dof,117.88730084618594,booster-release,106.0813298920747,-32.6910725321923,39.69207636069085,-1.4738749384606393,8.881784197001252e-16,117.87808699442374,-105.26388406302205,33.17083930312029,-40.83803937425529,0.0,1.5,0.0,5.1899999999999995,5.717999999999999,12.0,alpha3-passive-deployment-parent-v1,-0.8556398482758972,-13.20531431930358,-14.78643387898667,-63.4435193346253,"[366.0338607734417, -6.906453325062274e-15, 830.865029275447]",2.858648958481736,native_rigid_body_reuse_instantaneous_projected_area,3.1108930756025046,0.918915851175015,0.0,0.0,0.0,0.0,0.0,0.0,0.0,query-000000,rigid_body_6dof,pseudo_6dof,-39.085349642734656,5.329070518200751e-15,2.6855954485871255e-16,,11.750000000000034,0.8174458290526587,0.4797667709279878,-1.1459630135644403,1.4871533432635498,-1.4738749384606393,8.881784197001252e-16,0.19828699442373932,-0.8556398482758972,-13.20531431930358,-14.78643387898667,7.437665694196227e-15,6.320256912568025e-17,"[0.21545151173455912, 8.259723200537849e-17, -17.23145660503039]","[0.0, 0.0, 0.0]",-166.25857181661286
query-000000,-0.10653462819997217,-1.1842378929335002e-15,0.016739533690345827,77.09934989574514,-57.00642525759214,68.58167006789566,-0.8319113538477063,-23.97790111777505,-22.413674286928313,17.228310517661896,"[0.18682998609855792, 8.95361259092857e-17, -17.227297462146346]",-0.535861489221982,0.2307155663858241,-3.8755665626363243,3.510406538401833,"[-0.370974690032326, 0.44314698781037115, -0.09197384396871941, 0.8108879938534248]","[2.773037846159021, -0.024743165692127214, 2.152348239568962]",nominal-triaxial_ellipsoid-pseudo_6dof,117.88760640668578,booster-release,77.09934989574514,-57.00642525759214,68.58167006789566,-1.278415538399666,-1.4210854715202004e-14,117.88067440428415,-76.54426191081512,56.24548459025047,-69.46910651344552,0.0,1.5,0.0,5.1899999999999995,5.717999999999999,12.0,alpha3-passive-deployment-parent-v1,-0.8319113538477063,-23.97790111777505,-22.413674286928313,-40.575177013541584,"[366.08406115400504, -6.884331429576878e-15, 826.5576838953232]",2.858698577803115,native_rigid_body_reuse_instantaneous_projected_area,3.110947073279567,0.918915851175015,0.0,0.0,0.0,0.0,0.0,0.0,0.0,query-000000,rigid_body_6dof,pseudo_6dof,-38.99527316744137,1.1102230246251565e-16,3.381426252267967e-18,,12.000000000000037,0.5550879849300117,-0.7609406673416714,-0.8874364455498664,1.2941007747150992,-1.278415538399666,-1.4210854715202004e-14,0.20087440428414993,-0.8319113538477063,-23.97790111777505,-22.413674286928313,4.17142571011138e-14,3.5447253565279513e-16,"[0.18682998609855792, 8.95361259092857e-17, -17.227297462146346]","[0.0, 0.0, 0.0]",-115.91869018552947
query-000000,-0.09240275517278529,0.0,0.016903808795164583,60.89894481624889,-28.313708957192716,96.88756408669138,-0.7988593844094313,-33.40189699296512,-11.561894020928227,17.22385301811423,"[0.1620046168516529, 7.720031452456174e-17, -17.223091107397693]",-0.28333667274497176,-3.3093832796129288,-1.1797715561220512,3.0688874129182753,"[-0.6589527305719505, 0.279330628512514, 0.09911137592706819, 0.6913267201608931]","[2.6628646146981043, -0.49012566221277737, 1.444644880999281]",nominal-triaxial_ellipsoid-pseudo_6dof,117.88786056799005,booster-release,60.89894481624889,-28.313708957192716,96.88756408669138,-1.1088330620734235,0.0,117.88264570554198,-60.821260446943256,27.19517523871898,-97.00377337722726,0.0,1.5,0.0,5.1899999999999995,5.717999999999999,12.0,alpha3-passive-deployment-parent-v1,-0.7988593844094313,-33.40189699296512,-11.561894020928227,-31.12031369701209,"[366.12759190030505, -6.8668817226534454e-15, 822.2513844695245]",2.8587359173120874,native_rigid_body_reuse_instantaneous_projected_area,3.1109877075867507,0.918915851175015,0.0,0.0,0.0,0.0,0.0,0.0,0.0,query-000000,rigid_body_6dof,pseudo_6dof,-15.660932048158129,1.7763568394002505e-15,5.024291260724344e-17,,12.25000000000004,0.07768436930563638,-1.118533718473735,-0.11620929053587759,1.1272342878940236,-1.1088330620734235,0.0,0.202845705541975,-0.7988593844094313,-33.40189699296512,-11.561894020928227,4.604696839247914e-14,3.9129033523577655e-16,"[0.1620046168516529, 7.720031452456174e-17, -17.223091107397693]","[0.0, 0.0, 0.0]",-88.36080904904296
query-000000,-0.08014235989253393,8.881784197001252e-16,0.017028396987546063,79.64164908352177,9.954669689033576,86.34644062821016,-0.7944800161323826,-28.90916797995861,1.6090571133601692,17.219421842237768,"[0.14047275636743328, 8.090105793997892e-17, -17.218848857738823]",0.1998927142243545,-2.0412135044395385,2.4416767146173113,3.361476010049215,"[-0.807468779198271, 0.13823427628072213, 0.34115156323717716, 0.4609783795169022]","[2.6482667204412755, -1.2640522542533181, 1.6396268606169837]",nominal-triaxial_ellipsoid-pseudo_6dof,117.88806354555842,booster-release,79.64164908352177,9.954669689033576,86.34644062821016,-0.9617083187104072,1.0658141036401503e-14,117.88414076385055,-79.83215203886363,-10.74266708279991,-85.7901971837802,0.0,1.5,0.0,5.1899999999999995,5.717999999999999,12.0,alpha3-passive-deployment-parent-v1,-0.7944800161323826,-28.90916797995861,1.6090571133601692,-42.71753063253302,"[366.1653377369478, -6.847458285908459e-15, 817.9461413257559]",2.858764013773423,native_rigid_body_reuse_instantaneous_projected_area,3.1110182832496904,0.918915851175015,0.0,0.0,0.0,0.0,0.0,0.0,0.0,query-000000,rigid_body_6dof,pseudo_6dof,7.1374393847620405,1.7763568394002505e-15,6.132810119966211e-17,,12.500000000000044,-0.1905029553418558,-0.787997393766334,0.5562434444299669,0.9831775211261827,-0.9617083187104072,1.0658141036401503e-14,0.20434076385055278,-0.7944800161323826,-28.90916797995861,1.6090571133601692,1.948356399970189e-14,1.6556421747574258e-16,"[0.14047275636743328, 8.090105793997892e-17, -17.218848857738823]","[0.0, 0.0, 0.0]",-62.23776739073278
query-000000,-0.06950606330279759,-1.1102230246251565e-16,0.017122331632684507,108.57711165781902,6.876004652368948,45.40224078230868,-0.8244676682052194,-14.615562993989547,-0.2533324047649592,17.215010331235845,"[0.12179818598473673, 1.0896502884022595e-16, -17.21457945772849]",0.45619182644445877,2.3789322422467563,2.134522822929918,3.804208055852455,"[-0.8256454747520465, 0.022906831955059687, 0.5569064275378557, 0.08740742553280857]","[2.7482255606840647, -1.2285368784378523, 2.3259304241816117]",nominal-triaxial_ellipsoid-pseudo_6dof,117.88821859706181,booster-release,108.57711165781902,6.876004652368948,45.40224078230868,-0.8340727596335711,-1.3322676295501878e-15,117.88526797959221,-108.69129895266482,-7.005439647699605,-44.560752634632195,0.0,1.5,0.0,5.1899999999999995,5.717999999999999,12.0,alpha3-passive-deployment-parent-v1,-0.8244676682052194,-14.615562993989547,-0.2533324047649592,-67.46102448052456,"[366.1980662257816, -6.825475168301141e-15, 813.6419622976761]",2.8587851535678714,native_rigid_body_reuse_instantaneous_projected_area,3.1110412883969207,0.918915851175015,0.0,0.0,0.0,0.0,0.0,0.0,0.0,query-000000,rigid_body_6dof,pseudo_6dof,8.934399222455758,2.8435583831733384e-15,1.9421898832056275e-16,,12.750000000000048,-0.11418729484580581,-0.12943499533065683,0.8414881476764862,0.8590078340739783,-0.8340727596335711,-1.3322676295501878e-15,0.20546797959221408,-0.8244676682052194,-14.615562993989547,-0.2533324047649592,8.56169533564049e-15,7.275416286941761e-17,"[0.12179818598473673, 1.0896502884022595e-16, -17.21457945772849]","[0.0, 0.0, 0.0]",-18.05836648516619
query-000000,-0.060279110117850955,7.401486830834377e-17,0.017192607587539044,107.21690723665958,-36.904020869125695,32.25347292716545,-0.8357798935924828,-10.884999112162001,-15.61200323503261,17.210613644151522,"[0.10560235815666372, 6.764006070140068e-17, -17.21028965910238]",-0.23448407294002785,3.239615632810665,-2.0310767299583747,3.6699703406362247,"[-0.7131055650456066, -0.07631666186292206, 0.5998626010759893, -0.3547126725300846]","[2.7859329786416094, -0.3889368134353608, 2.3571143151789236]",nominal-triaxial_ellipsoid-pseudo_6dof,117.88833050631736,booster-release,107.21690723665958,-36.904020869125695,32.25347292716545,-0.7233493214142115,8.881784197001252e-16,117.88611129105047,-107.04998282211385,37.27084726113766,-31.618356223277598,0.0,1.5,0.0,5.1899999999999995,5.717999999999999,12.0,alpha3-passive-deployment-parent-v1,-0.8357798935924828,-10.884999112162001,-15.61200323503261,-65.46002120430995,"[366.22644325273905, -6.801475916520632e-15, 809.3388532925132]",2.858801057944555,native_rigid_body_reuse_instantaneous_projected_area,3.111058596158739,0.918915851175015,0.0,0.0,0.0,0.0,0.0,0.0,0.0,query-000000,rigid_body_6dof,pseudo_6dof,-49.69072045300738,2.5121479338940403e-15,1.3186876107243142e-16,,13.000000000000052,0.1669244145457327,0.36682639201196565,0.6351167038878494,0.752195845245978,-0.7233493214142115,8.881784197001252e-16,0.20631129105046853,-0.8357798935924828,-10.884999112162001,-15.61200323503261,1.4187959606206733e-14,1.205641036627079e-16,"[0.10560235815666372, 6.764006070140068e-17, -17.21028965910238]","[0.0, 0.0, 0.0]",86.03930971371703
query-000000,-0.052275081310154306,-2.9605947323337506e-16,0.017244636611723742,84.1083925611649,-53.693406016979026,62.77318215039575,-0.8022489216349415,-21.919603260171414,-20.573296024316374,17.206228266191765,"[0.0915567889288867, 5.9610037777808556e-18, -17.205984671116546]",-0.507898791262255,-0.8395087761074043,-3.5131810017149516,3.0948122958077575,"[-0.5322469503864715, -0.16271254007408434, 0.45603873313921717, -0.6944540927834743]","[2.6741630721164715, -0.04914305632668142, 1.5570163679378428]",nominal-triaxial_ellipsoid-pseudo_6dof,117.88840463003112,booster-release,84.1083925611649,-53.693406016979026,62.77318215039575,-0.6273009757218517,-3.552713678800501e-15,117.88673563934069,-83.72249687020735,54.15499924951745,-62.5005192149864,0.0,1.5,0.0,5.1899999999999995,5.717999999999999,12.0,alpha3-passive-deployment-parent-v1,-0.8022489216349415,-21.919603260171414,-20.573296024316374,-45.352462030626356,"[366.2510464723518, -6.790888004679953e-15, 805.0368187306083]",2.8588130225886137,native_rigid_body_reuse_instantaneous_projected_area,3.111071616550153,0.918915851175015,0.0,0.0,0.0,0.0,0.0,0.0,0.0,query-000000,rigid_body_6dof,pseudo_6dof,-40.908039024710256,2.220446049250313e-16,7.383570104442704e-18,,13.250000000000055,0.38589569095755394,0.46159323253842643,0.2726629354093504,0.660551945702172,-0.6273009757218517,-3.552713678800501e-15,0.20693563934068493,-0.8022489216349415,-21.919603260171414,-20.573296024316374,2.034496945585797e-14,1.7288412672232591e-16,"[0.0915567889288867, 5.9610037777808556e-18, -17.205984671116546]","[0.0, 0.0, 0.0]",122.77998828974049
query-000000,-0.04533216655134812,1.4802973661668753e-16,0.017282602279453364,77.01382348650469,-27.407549970428644,84.94341041451797,-0.7719001690789806,-29.0238044836028,-10.702732311033213,17.20185164895576,"[0.07937645069760736, -6.065237769972854e-17, -17.201668510111357]",-0.2820731543053494,-3.5624092806240655,-0.7417866789067842,2.832967632514535,"[-0.33063812435566403, -0.28219751328476084, 0.2435837835665987, -0.8670120729273879]","[2.5730005635966022, -0.6805290573010491, 0.9706976402441301]",nominal-triaxial_ellipsoid-pseudo_6dof,117.8884463221111,booster-release,77.01382348650469,-27.407549970428644,84.94341041451797,-0.5439859986161775,1.7763568394002505e-15,117.88719122735344,-76.54052737049417,27.745325171285163,-84.97223034042523,0.0,1.5,0.0,5.1899999999999995,5.717999999999999,12.0,alpha3-passive-deployment-parent-v1,-0.7719001690789806,-29.0238044836028,-10.702732311033213,-40.572783191240404,"[366.2723769783352, -6.797169314907885e-15, 800.7358618854928]",2.8588220227543046,native_rigid_body_reuse_instantaneous_projected_area,3.1110814108808085,0.918915851175015,0.0,0.0,0.0,0.0,0.0,0.0,0.0,query-000000,rigid_body_6dof,pseudo_6dof,-18.083013235865813,3.552713678800501e-15,1.148114034572646e-16,,13.500000000000059,0.47329611601051624,0.3377752008565196,-0.028819925907257016,0.5821785704348849,-0.5439859986161775,1.7763568394002505e-15,0.2073912273534404,-0.7719001690789806,-29.0238044836028,-10.702732311033213,2.03351611162431e-14,1.7280077903126195e-16,"[0.07937645069760736, -6.065237769972854e-17, -17.201668510111357]","[0.0, 0.0, 0.0]",144.98345796912835
query-000000,-0.03930992444865385,-1.4802973661668753e-16,0.01730973623120609,96.04455766780899,1.7881946495438095,68.3369186213613,-0.7637424732531193,-22.417734462394908,-0.750254874197293,17.197481947432703,"[0.06881403447744794, -5.756842485354756e-17, -17.19734427058238]",0.10301087181697932,-1.8297036385091574,2.2432020563133666,3.165111094171416,"[-0.0829913504434769, -0.4553759093793596, 0.03450740132366958, -0.8857507867128183]","[2.5458082441770644, -1.4452669124099677, 1.2033254647933076]",nominal-triaxial_ellipsoid-pseudo_6dof,117.88846060735678,booster-release,96.04455766780899,1.7881946495438095,68.3369186213613,-0.47171909338384627,-1.7763568394002505e-15,117.88751683477447,-95.60622000100062,-1.7010153335562777,-68.59367734707972,0.0,1.5,0.0,5.1899999999999995,5.717999999999999,12.0,alpha3-passive-deployment-parent-v1,-0.7637424732531193,-22.417734462394908,-0.750254874197293,-54.33371575467639,"[366.290869433591, -6.812579125560512e-15, 796.4359851467964]",2.8588287924489677,native_rigid_body_reuse_instantaneous_projected_area,3.111088777926066,0.918915851175015,0.0,0.0,0.0,0.0,0.0,0.0,0.0,query-000000,rigid_body_6dof,pseudo_6dof,1.4205540855388308,3.614624287906422e-15,1.6105594279328053e-16,,13.750000000000062,0.4383376668083656,0.08717931598753181,-0.25675872571841296,0.5154271883705822,-0.47171909338384627,-1.7763568394002505e-15,0.2077168347744731,-0.7637424732531193,-22.417734462394908,-0.750254874197293,7.695105072065616e-15,6.539019502128331e-17,"[0.06881403447744794, -5.756842485354756e-17, -17.19734427058238]","[0.0, 0.0, 0.0]",168.5654235241058
query-000000,-0.03408646742426491,2.9605947323337506e-16,0.01732853295265831,114.3567937329946,-7.779191149345287,27.56256575554312,-0.7846739714254071,-8.203167424728266,-4.7461209948698455,17.193117827933154,"[0.05965496780103435, -3.3359395011026783e-17, -17.193014335188856]",0.34312743310481764,2.180535225698063,1.5176489512455715,3.4505537492972684,"[0.23380814008423062, -0.6006827468187356, -0.14432873629782098, -0.7507883904159185]","[2.615579904751357, -1.3908772540576344, 1.7693285174877544]",nominal-triaxial_ellipsoid-pseudo_6dof,117.88845201654557,booster-release,114.3567937329946,-7.779191149345287,27.56256575554312,-0.4090376090911789,3.552713678800501e-15,117.8877423954319,-114.08606273627483,7.551318876425146,-27.854680048446262,0.0,1.5,0.0,5.1899999999999995,5.717999999999999,12.0,alpha3-passive-deployment-parent-v1,-0.7846739714254071,-8.203167424728266,-4.7461209948698455,-75.8038268423939,"[366.30690086244226, -6.825953527334659e-15, 792.1371902233399]",2.8588338840657137,native_rigid_body_reuse_instantaneous_projected_area,3.1110943188216105,0.918915851175015,0.0,0.0,0.0,0.0,0.0,0.0,0.0,query-000000,rigid_body_6dof,pseudo_6dof,-15.16813918827696,1.9891280697202825e-15,2.091695567039136e-16,,14.000000000000066,0.2707309967197773,-0.22787227292014123,-0.2921142929031433,0.4588592436346735,-0.4090376090911789,3.552713678800501e-15,0.20794239543189974,-0.7846739714254071,-8.203167424728266,-4.7461209948698455,1.2037859049831355e-14,1.0229333368880092e-16,"[0.05965496780103435, -3.3359395011026783e-17, -17.193014335188856]","[0.0, 0.0, 0.0]",-133.56899448517208
query-000000,-0.029556016059734642,0.0,0.017340916580349603,106.83593050074597,-47.103182556707985,16.28050317456923,-0.7948817979127322,-5.008723994921384,-18.434605215290116,17.188758327970326,"[0.05171308914272598, -6.2206099646340656e-18, -17.188680537312358]",-0.13156301102213158,2.7039037108580155,-2.088242968656644,3.219409948731651,"[0.5550140588451553, -0.6006904091970727, -0.26388774106437385, -0.511364534259878]","[2.6496059930424405, -0.6642120579748033, 1.7038224208135047]",nominal-triaxial_ellipsoid-pseudo_6dof,117.88842452313935,booster-release,106.83593050074597,-47.103182556707985,16.28050317456923,-0.3546721927168157,0.0,117.8878909989642,-106.76692322220588,46.706827908210215,-16.365563248982216,0.0,1.5,0.0,5.1899999999999995,5.717999999999999,12.0,alpha3-passive-deployment-parent-v1,-0.7948817979127322,-5.008723994921384,-18.434605215290116,-65.13027402499426,"[366.32079828133186, -6.831702855696624e-15, 787.8394782999059]",2.858837713287527,native_rigid_body_reuse_instantaneous_projected_area,3.1110984859298485,0.918915851175015,0.0,0.0,0.0,0.0,0.0,0.0,0.0,query-000000,rigid_body_6dof,pseudo_6dof,-70.69009551453685,1.7763568394002505e-15,9.290830728222287e-17,,14.25000000000007,0.06900727854009858,-0.3963546484977698,-0.08506007441298635,0.4112106858247616,-0.3546721927168157,0.0,0.20809099896419525,-0.7948817979127322,-5.008723994921384,-18.434605215290116,6.01172777290302e-14,5.108546898365752e-16,"[0.05171308914272598, -6.2206099646340656e-18, -17.188680537312358]","[0.0, 0.0, 0.0]",-36.57507524805123
query-000000,-0.025626774757825523,-5.921189464667501e-16,0.01734837031881753,90.58505270926905,-61.996261524986934,42.99397963734441,-0.7722826996209653,-14.633915200585161,-22.7739022774857,17.18440275415363,"[0.044826892655927424, -2.5957908180192405e-17, -17.184344286782014]",-0.38286493608589434,-0.8525944575386908,-3.320296836984621,2.7694633622891285,"[0.7806765934874214, -0.4519543809665856, -0.33727673925268237, -0.26930595066775687]","[2.5742756654032175, -0.39882242050614924, 0.9401982718960094]",nominal-triaxial_ellipsoid-pseudo_6dof,117.88838154149033,booster-release,90.58505270926905,-61.996261524986934,42.99397963734441,-0.3075212970939063,-7.105427357601002e-15,117.88798044382581,-90.61769661485069,61.66411485258591,-42.83112568805518,0.0,1.5,0.0,5.1899999999999995,5.717999999999999,12.0,alpha3-passive-deployment-parent-v1,-0.7722826996209653,-14.633915200585161,-22.7739022774857,-50.35713252367515,"[366.3328453210897, -6.837452184058588e-15, 783.5428501581703]",2.85884059289732,native_rigid_body_reuse_instantaneous_projected_area,3.1111016196333203,0.918915851175015,0.0,0.0,0.0,0.0,0.0,0.0,0.0,query-000000,rigid_body_6dof,pseudo_6dof,-55.21663781095947,0.0,0.0,,14.500000000000073,-0.032643905581636545,-0.3321466724010236,0.1628539492892287,0.37136026356872104,-0.3075212970939063,-7.105427357601002e-15,0.20818044382581036,-0.7722826996209653,-14.633915200585161,-22.7739022774857,7.776579346337999e-14,6.608253367475131e-16,"[0.044826892655927424, -2.5957908180192405e-17, -17.184344286782014]","[0.0, 0.0, 0.0]",-10.440454237194533
query-000000,-0.022219086752244266,-2.9605947323337506e-16,0.017352036753957613,91.46042469313606,-40.525300072856,62.37265560014815,-0.7437296493774673,-20.8049874558695,-14.590237285283823,17.18005060786989,"[0.038856268261232015, -2.102358362630282e-17, -17.18000666703559]",-0.3722486393216403,-3.2927000366354475,-0.9711500492186727,2.692240139282713,"[0.8717559128023749, -0.22703660134797407, -0.4298003428965091, -0.061381392852414375]","[2.4790988312582245, -0.9879017381332823, 0.3553534975377974]",nominal-triaxial_ellipsoid-pseudo_6dof,117.88832596003103,booster-release,91.46042469313606,-40.525300072856,62.37265560014815,-0.2666290410269312,-3.552713678800501e-15,117.88802444104749,-91.46469767595593,40.373292985411894,-62.07045690664824,0.0,1.5,0.0,5.1899999999999995,5.717999999999999,12.0,alpha3-passive-deployment-parent-v1,-0.7437296493774673,-20.8049874558695,-14.590237285283823,-51.007982019669576,"[366.34328797375707, -6.8444350935590246e-15, 779.2473062699224]",2.85884275823253,native_rigid_body_reuse_instantaneous_projected_area,3.1111039760353862,0.918915851175015,0.0,0.0,0.0,0.0,0.0,0.0,0.0,query-000000,rigid_body_6dof,pseudo_6dof,-33.04170641012194,1.1102230246251565e-16,4.367182385113769e-18,,14.750000000000076,-0.004272982819870208,-0.15200708744410463,0.3021986934999106,0.3383023253962071,-0.2666290410269312,-3.552713678800501e-15,0.20822444104749138,-0.7437296493774673,-20.8049874558695,-14.590237285283823,2.7164131899125464e-14,2.3083088090840965e-16,"[0.038856268261232015, -2.102358362630282e-17, -17.18000666703559]","[0.0, 0.0, 0.0]",8.05262270199087
query-000000,-0.01926383191030171,-3.700743415417188e-17,0.017352795537445804,108.33935326464945,-15.038000401813676,43.978232903027894,-0.7204262287408975,-13.63340934746039,-5.805461374836096,17.17570153125759,"[0.03367967192322662, -4.0375387736088536e-17, -17.175668510149567]",-0.1974977047919651,-1.701605394586671,1.610809226533447,2.977107919657263,"[0.815549858330544, 0.019890136700425935, -0.5603297664201404, 0.1432248718017196]","[2.4014207624696584, -1.694578197109223, 0.4740829260242301]",nominal-triaxial_ellipsoid-pseudo_6dof,117.88826019227025,booster-release,108.33935326464945,-15.038000401813676,43.978232903027894,-0.23116598292362056,-4.440892098500626e-16,117.88803354644935,-108.22437491117678,15.070489607772602,-43.69096412425658,0.0,1.5,0.0,5.1899999999999995,5.717999999999999,12.0,alpha3-passive-deployment-parent-v1,-0.7204262287408975,-13.63340934746039,-5.805461374836096,-66.87514988533152,"[366.35233957947133, -6.854473043847709e-15, 774.9528468688802]",2.8588443863475033,native_rigid_body_reuse_instantaneous_projected_area,3.1111057478134776,0.918915851175015,0.0,0.0,0.0,0.0,0.0,0.0,0.0,query-000000,rigid_body_6dof,pseudo_6dof,-19.031043956077678,0.0,0.0,,15.00000000000008,0.11497835347266516,0.03248920595892635,0.2872687787713133,0.3111252505469736,-0.23116598292362056,-4.440892098500626e-16,0.20823354644934966,-0.7204262287408975,-13.63340934746039,-5.805461374836096,6.008036107669237e-14,5.10540985595594e-16,"[0.03367967192322662, -4.0375387736088536e-17, -17.175668510149567]","[0.0, 0.0, 0.0]",32.55313160444923
query-000000,-0.016701035509919155,8.881784197001252e-16,0.01735132349565068,115.97924973437873,-20.946170474530312,2.774171448458617,-0.7166671130926549,0.7550936609563973,-8.349440232558143,17.171355267985387,"[0.0291916694871853, -2.27968565128569e-17, -17.17133045473769]",0.04340813167469111,1.8742263919964763,1.103309226503967,3.0438065867842647,"[0.6177810528689409, 0.2381450465590635, -0.6573168337679816, 0.3599556744388952]","[2.388890376975516, -1.6628648053149455, 0.890416724792353]",nominal-triaxial_ellipsoid-pseudo_6dof,117.88818623476612,booster-release,115.97924973437873,-20.946170474530312,2.774171448458617,-0.20041242611902987,1.0658141036401503e-14,117.88801588194781,-115.74974454021134,21.0607834959624,-2.641091715942352,0.0,1.5,0.0,5.1899999999999995,5.717999999999999,12.0,alpha3-passive-deployment-parent-v1,-0.7166671130926549,0.7550936609563973,-8.349440232558143,-79.60877077580824,"[366.36018515371245, -6.8666177194244415e-15, 770.659472005981]",2.8588456104378777,native_rigid_body_reuse_instantaneous_projected_area,3.111107079916273,0.918915851175015,0.0,0.0,0.0,0.0,0.0,0.0,0.0,query-000000,rigid_body_6dof,pseudo_6dof,-82.85223298581104,2.288783399261119e-15,2.720178983452624e-16,,15.250000000000083,0.22950519416738757,0.1146130214320884,0.13307973251626493,0.28899652945704934,-0.20041242611902987,1.0658141036401503e-14,0.20821588194780816,-0.7166671130926549,0.7550936609563973,-8.349440232558143,5.026111150923302e-14,4.2710058573547048e-16,"[0.0291916694871853, -2.27968565128569e-17, -17.17133045473769]","[0.0, 0.0, 0.0]",133.11126689064957
query-000000,-0.014478660309013531,-2.9605947323337506e-16,0.01734814110174317,105.05320155602477,-51.74773895661378,-13.549975175466841,-0.713549684509636,5.7828079485305155,-19.044251871801944,17.167011634818802,"[0.025300804872731644, 1.6677739918259778e-17, -17.16699299059905]",-0.1880224300197011,2.690514418771653,-1.7922355294217318,2.7067834988252675,"[0.3586128847415351, 0.38532321942526465, -0.6395432464062893, 0.5602742644858928]","[2.3784989483654533, -1.0022318276658204, 0.8154452929233313]",nominal-triaxial_ellipsoid-pseudo_6dof,117.88810572550733,booster-release,105.05320155602477,-51.74773895661378,-13.549975175466841,-0.17374392370816238,-3.552713678800501e-15,117.88797769322092,-104.79036254135292,51.81153295229109,13.530716892518187,0.0,1.5,0.0,5.1899999999999995,5.717999999999999,12.0,alpha3-passive-deployment-parent-v1,-0.713549684509636,5.7828079485305155,-19.044251871801944,-62.93239960810414,"[366.3669851420086, -6.870713278072642e-15, 766.3671815919233]",2.858846530697583,native_rigid_body_reuse_instantaneous_projected_area,3.111108081378708,0.918915851175015,0.0,0.0,0.0,0.0,0.0,0.0,0.0,query-000000,rigid_body_6dof,pseudo_6dof,-104.63605672529341,2.6645352591003757e-15,1.3379095318335485e-16,,15.500000000000087,0.26283901467185444,0.06379399567730815,-0.019258282948653616,0.2711547583581937,-0.17374392370816238,-3.552713678800501e-15,0.20817769322091806,-0.713549684509636,5.7828079485305155,-19.044251871801944,2.3180901779331857e-14,1.9698284479861333e-16,"[0.025300804872731644, 1.6677739918259778e-17, -17.16699299059905]","[0.0, 0.0, 0.0]",-168.46171764012104
query-000000,-0.01255155783356961,-7.401486830834377e-17,0.017343648377091604,96.13990650658495,-68.10029134299346,4.129643468676996,-0.6889585987375394,-0.8037562352213653,-23.973593365860694,17.16267050103922,"[0.021927749880696252, -2.773118106674648e-17, -17.16265649312562]",-0.4329563065833387,0.07116036766428181,-3.276572492432477,2.3813429309344105,"[0.13750844758046407, 0.4789395302635343, -0.5027503294529387, 0.706364254071451]","[2.296528662458465, -0.6181300373945888, 0.12110125552027465]",nominal-triaxial_ellipsoid-pseudo_6dof,117.88801999895429,booster-release,96.13990650658495,-68.10029134299346,4.129643468676996,-0.15061869400283534,-8.881784197001252e-16,117.8879237805251,-95.89448739045802,68.08167836703971,-4.203294765805953,0.0,1.5,0.0,5.1899999999999995,5.717999999999999,12.0,alpha3-passive-deployment-parent-v1,-0.6889585987375394,-0.8037562352213653,-23.973593365860694,-54.57513875069628,"[366.37287867771994, -6.877646073339328e-15, 762.0759754298839]",2.8588472224901085,native_rigid_body_reuse_instantaneous_projected_area,3.1111088342142637,0.918915851175015,0.0,0.0,0.0,0.0,0.0,0.0,0.0,query-000000,rigid_body_6dof,pseudo_6dof,-86.46710008372953,1.1102230246251565e-16,4.626516187676158e-18,,15.75000000000009,0.24541911612692502,-0.01861297595374367,-0.0736512971289578,0.25690756898771866,-0.15061869400283534,-8.881784197001252e-16,0.20812378052509928,-0.6889585987375394,-0.8037562352213653,-23.973593365860694,6.491826152505131e-14,5.516516982953006e-16,"[0.021927749880696252, -2.773118106674648e-17, -17.16265649312562]","[0.0, 0.0, 0.0]",-150.28556740813394
query-000000,-0.010880557955583226,1.794860556477336e-15,0.01733815260581058,102.7069112379404,-53.71018494767638,21.54229534093005,-0.6500125553180301,-6.5640789287312336,-18.14604133502343,17.158331773571184,"[0.01900369848567531, -7.133056442963023e-17, -17.158321249801403]",-0.6221384192684434,-2.2695135015449983,-1.859139903276051,2.429774366338508,"[-0.02017754811227478, 0.5735577663790423, -0.28136971166769137, 0.7690614023174619]","[2.166708517726767, -0.9400042780291746, -0.5705870904715812]",nominal-triaxial_ellipsoid-pseudo_6dof,117.88793013581851,booster-release,102.7069112379404,-53.71018494767638,21.54229534093005,-0.13056669546699873,2.1538326677728037e-14,117.88785783126973,-102.4811688629571,53.65341569738031,-21.620738667450212,0.0,1.5,0.0,5.1899999999999995,5.717999999999999,12.0,alpha3-passive-deployment-parent-v1,-0.6500125553180301,-6.5640789287312336,-18.14604133502343,-60.55728344901228,"[366.37798640855567, -6.888177456083401e-15, 757.7858532406623]",2.8588477424979306,native_rigid_body_reuse_instantaneous_projected_area,3.111109400107018,0.918915851175015,0.0,0.0,0.0,0.0,0.0,0.0,0.0,query-000000,rigid_body_6dof,pseudo_6dof,-68.05202398853174,1.7763568394002505e-15,9.200236254329308e-17,,16.000000000000092,0.22574237498329808,-0.05676925029607105,-0.07844332652016206,0.24563331027740143,-0.13056669546699873,2.1538326677728037e-14,0.208057831269727,-0.6500125553180301,-6.5640789287312336,-18.14604133502343,1.94543928406293e-14,1.6531633161026192e-16,"[0.01900369848567531, -7.133056442963023e-17, -17.158321249801403]","[0.0, 0.0, 0.0]",-133.9655287386923
query-000000,-0.009431678570383517,2.9605947323337506e-16,0.017331889714784644,114.85572426698867,-25.167107019059355,8.504201405268184,-0.5959872082377974,-1.443044205397457,-7.976595074825626,17.15399538625382,"[0.016468973368809266, -6.346648467186871e-17, -17.153987480598598]",-0.7755942087143408,-1.4525293551795793,0.498930542456277,2.580352196104897,"[-0.13878462158780377, 0.6805665196160593, -0.016969568811390626, 0.7192218537577744]","[1.9866240274593245, -1.4772892933009705, -0.727433002662773]",nominal-triaxial_ellipsoid-pseudo_6dof,117.88783700681203,booster-release,114.85572426698867,-25.167107019059355,8.504201405268184,-0.1131801428446022,3.552713678800501e-15,117.88778267657742,-114.6491211868067,25.102761008402375,-8.60033306843114,0.0,1.5,0.0,5.1899999999999995,5.717999999999999,12.0,alpha3-passive-deployment-parent-v1,-0.5959872082377974,-1.443044205397457,-7.976595074825626,-76.96853889751435,"[366.3824129488189, -6.903103471633283e-15, 753.4968146819973]",2.8588481333500315,native_rigid_body_reuse_instantaneous_projected_area,3.111109825447489,0.918915851175015,0.0,0.0,0.0,0.0,0.0,0.0,0.0,query-000000,rigid_body_6dof,pseudo_6dof,-71.08828037262523,2.482534153247273e-16,3.05431596145275e-17,,16.250000000000096,0.20660308018197782,-0.06434601065697976,-0.09613166316295718,0.2367837378086394,-0.1131801428446022,3.552713678800501e-15,0.20798267657741576,-0.5959872082377974,-1.443044205397457,-7.976595074825626,1.255758835618878e-14,1.0670980368923791e-16,"[0.016468973368809266, -6.346648467186871e-17, -17.153987480598598]","[0.0, 0.0, 0.0]",-98.96457441960017
query-000000,-0.008175439566469192,2.9605947323337506e-16,0.017325040755554966,113.83609189145994,-11.654840455100748,-28.337756228926526,-0.5425790230528642,11.454376059882627,-3.535483003070962,17.14966129211662,"[0.014271816688054538, -5.2364254425617137e-17, -17.14965535366736]",-0.609390971603103,1.5081732120215812,1.108975175103071,2.3847933867446103,"[-0.23808731976535605, 0.7533147278002185, 0.22890034262879128, 0.5687143238838406]","[1.8085967435095474, -1.4799242579560157, -0.47543822684006637]",nominal-triaxial_ellipsoid-pseudo_6dof,117.88774131030257,booster-release,113.83609189145994,-11.654840455100748,-28.337756228926526,-0.09810527479763032,3.552713678800501e-15,117.88770048906666,-113.65965683778822,11.573992119207311,28.214543093602444,0.0,1.5,0.0,5.1899999999999995,5.717999999999999,12.0,alpha3-passive-deployment-parent-v1,-0.5425790230528642,11.454376059882627,-3.535483003070962,-74.98063403694427,"[366.38624900685767, -6.91897009280125e-15, 749.2088593633979]",2.858848427103907,native_rigid_body_reuse_instantaneous_projected_area,3.1111101451218914,0.918915851175015,0.0,0.0,0.0,0.0,0.0,0.0,0.0,query-000000,rigid_body_6dof,pseudo_6dof,-157.69588954962933,4.577566798522237e-16,3.814681874676462e-17,,16.5000000000001,0.17643505367172452,-0.0808483358934371,-0.1232131353240824,0.22988531553206004,-0.09810527479763032,3.552713678800501e-15,0.2079004890666596,-0.5425790230528642,11.454376059882627,-3.535483003070962,1.1285713642440457e-14,9.590187646852269e-17,"[0.014271816688054538, -5.2364254425617137e-17, -17.14965535366736]","[0.0, 0.0, 0.0]",16.605952855412642
query-000000,-0.0070862673543367425,2.9605947323337506e-16,0.017317744602285263,102.64893001060092,-20.135364678464924,-54.36231021118046,-0.5042999695955083,19.881514037644596,-6.652789818701056,17.145329457829924,"[0.012367340769754407, -5.976574125645152e-17, -17.14532499739835]",-0.4362071911336586,3.359349150923591,-0.27024017343151413,1.9033724461700572,"[-0.33271043496604363, 0.7489511211493012, 0.4117330273348345, 0.398562289730982]","[1.6809998986516943, -0.8234156683347178, -0.34504006537396525]",nominal-triaxial_ellipsoid-pseudo_6dof,117.88764360420738,booster-release,102.64893001060092,-20.135364678464924,-54.36231021118046,-0.08503520825204092,3.552713678800501e-15,117.88761293522742,-102.49711662452188,20.02500556227779,54.23905939385298,0.0,1.5,0.0,5.1899999999999995,5.717999999999999,12.0,alpha3-passive-deployment-parent-v1,-0.5042999695955083,19.881514037644596,-6.652789818701056,-60.57308341200397,"[366.38957323067046, -6.9313210077245715e-15, 744.921986857525]",2.858848647865406,native_rigid_body_reuse_instantaneous_projected_area,3.111110385363148,0.918915851175015,0.0,0.0,0.0,0.0,0.0,0.0,0.0,query-000000,rigid_body_6dof,pseudo_6dof,-159.73590526644293,3.554447978966673e-15,1.6949239349826978e-16,,16.750000000000103,0.15181338607904138,-0.11035911618713357,-0.12325081732747378,0.22453775337413784,-0.08503520825204092,3.552713678800501e-15,0.20781293522742317,-0.5042999695955083,19.881514037644596,-6.652789818701056,6.820829505713407e-14,5.796092027445158e-16,"[0.012367340769754407, -5.976574125645152e-17, -17.14532499739835]","[0.0, 0.0, 0.0]",45.68247522621069
query-000000,-0.006141978023950519,1.1842378929335002e-15,0.01731010772848407,100.05655308910288,-31.722767377339505,-53.66400397508681,-0.47554628897938234,18.788808361339612,-10.390606464481728,17.140999859726897,"[0.010716617608038452, -2.7692631656169218e-17, -17.140996509691746]",-0.31838425465085324,2.8177083543685106,-1.810860901830177,1.7031651572360276,"[-0.436257722302609, 0.6614041113073318, 0.5386834767571693, 0.2864330866815263]","[1.585154296597941, -0.006172418168816529, -0.6229119601146369]",nominal-triaxial_ellipsoid-pseudo_6dof,117.88754433267061,booster-release,100.05655308910288,-31.722767377339505,-53.66400397508681,-0.07370373628740623,1.4210854715202004e-14,117.88752129274181,-99.89905246712351,31.59605664872128,53.57614999663288,0.0,1.5,0.0,5.1899999999999995,5.717999999999999,12.0,alpha3-passive-deployment-parent-v1,-0.47554628897938234,18.788808361339612,-10.390606464481728,-58.09284554103603,"[366.3924538089444, -6.9424383415094194e-15, 740.6361967089215]",2.8588488137597796,native_rigid_body_reuse_instantaneous_projected_area,3.111110565895863,0.918915851175015,0.0,0.0,0.0,0.0,0.0,0.0,0.0,query-000000,rigid_body_6dof,pseudo_6dof,-149.470400721673,5.551115123125783e-17,2.5848229328077234e-18,,17.000000000000107,0.15750062197936643,-0.12671072861822452,-0.0878539784539285,0.22040956467688005,-0.07370373628740623,1.4210854715202004e-14,0.20772129274180884,-0.47554628897938234,18.788808361339612,-10.390606464481728,4.703969885883158e-14,3.9972619649958256e-16,"[0.010716617608038452, -2.7692631656169218e-17, -17.140996509691746]","[0.0, 0.0, 0.0]",61.08560715911824
query-000000,-0.0053233287680699935,8.881784197001252e-16,0.01730221173008909,109.60761661123311,-26.373052840776047,-34.46856367348817,-0.45899500425339124,11.58289782138542,-7.9481607063139315,17.13667248095931,"[0.00928588884065282, -4.742992987172756e-17, -17.13666996507596]",-0.12304676656096505,0.8374025689783334,-1.8476461272122677,1.9527308166847699,"[-0.5419001218616784, 0.49306616264537906, 0.6349798885725985, 0.24501134318392048]","[1.5299833475113043, 0.4634869598607315, -1.121377918815744]",nominal-triaxial_ellipsoid-pseudo_6dof,117.88744384815007,booster-release,109.60761661123311,-26.373052840776047,-34.46856367348817,-0.06387994521683993,1.0658141036401503e-14,117.88742654076107,-109.41926215204069,26.269741359548668,34.43633382120431,0.0,1.5,0.0,5.1899999999999995,5.717999999999999,12.0,alpha3-passive-deployment-parent-v1,-0.45899500425339124,11.58289782138542,-7.9481607063139315,-68.40443276725966,"[366.39494985988375, -6.954789256432741e-15, 736.3514884407062]",2.858848938414452,native_rigid_body_reuse_instantaneous_projected_area,3.11111070154993,0.918915851175015,0.0,0.0,0.0,0.0,0.0,0.0,0.0,query-000000,rigid_body_6dof,pseudo_6dof,-142.66181755869914,0.0,0.0,,17.25000000000011,0.18835445919242488,-0.10331148122737943,-0.032229852283862215,0.21723127728141353,-0.06387994521683993,1.0658141036401503e-14,0.20762654076106912,-0.45899500425339124,11.58289782138542,-7.9481607063139315,2.183665501708375e-14,1.8555992631771766e-16,"[0.00928588884065282, -4.742992987172756e-17, -17.13666996507596]","[0.0, 0.0, 0.0]",78.47425119986929
query-000000,-0.004613628571128459,8.881784197001252e-16,0.01729411911104724,116.88731843767741,1.4594606392631302,-15.252877374230026,-0.45285896524352964,4.877251531856234,2.0998537328567504,17.132347309469424,"[0.008045880286225743, -3.5094118487003584e-17, -17.13234542017218]",-0.08456166302409425,-0.7649376047772227,-0.06564495764188098,2.0992570191170095,"[-0.6163596186926403, 0.2587613195964838, 0.7056280033423492, 0.23501600121021332]","[1.5095298841450988, 0.4443695078268548, -1.3895090146158229]",nominal-triaxial_ellipsoid-pseudo_6dof,117.88734242954945,booster-release,116.88731843767741,1.4594606392631302,-15.252877374230026,-0.0553635428535415,1.0658141036401503e-14,117.88732942933257,-116.67567537772119,-1.493084447104323,15.26737705129608,0.0,1.5,0.0,5.1899999999999995,5.717999999999999,12.0,alpha3-passive-deployment-parent-v1,-0.45285896524352964,4.877251531856234,2.0998537328567504,-82.50986284875145,"[366.397112635911, -6.964302934737575e-15, 732.0678615597037]",2.858849032074433,native_rigid_body_reuse_instantaneous_projected_area,3.1111108034743675,0.918915851175015,0.0,0.0,0.0,0.0,0.0,0.0,0.0,query-000000,rigid_body_6dof,pseudo_6dof,174.41447827227574,8.881784197001252e-16,1.6665769741636497e-16,,17.500000000000114,0.21164305995621646,-0.03362380784119279,0.014499677066053707,0.21478730389945494,-0.0553635428535415,1.0658141036401503e-14,0.2075294293325669,-0.45285896524352964,4.877251531856234,2.0998537328567504,1.3393582806892602e-14,1.1381377948375678e-16,"[0.008045880286225743, -3.5094118487003584e-17, -17.13234542017218]","[0.0, 0.0, 0.0]",144.62306452750786
query-000000,-0.003998400347353955,-3.14563190310461e-16,0.0172858777303162,112.06139474107538,34.41884489855803,-12.449431688894528,-0.4421526086226099,4.108808458171243,13.328286821667275,17.128024336548457,"[0.006971207226585918, -4.064523361012937e-17, -17.128022917887108]",-0.2003257802232963,-0.5507759632070234,2.103242276289084,1.8669772091977785,"[-0.6354685330420395, 0.013332600817789265, 0.7435157749066146, 0.20781308364452986]","[1.473842028742033, 0.23939560013664923, -1.1207512304756608]",nominal-triaxial_ellipsoid-pseudo_6dof,117.8872402969997,booster-release,112.06139474107538,34.41884489855803,-12.449431688894528,-0.04798080416824746,-3.774758283725532e-15,117.8872305327638,-111.85501886441139,-34.37188247782608,12.472520908488569,0.0,1.5,0.0,5.1899999999999995,5.717999999999999,12.0,alpha3-passive-deployment-parent-v1,-0.4421526086226099,4.108808458171243,13.328286821667275,-71.89767710014561,"[366.3989865686133, -6.972891427188555e-15, 727.7853155603736]",2.858849102441292,native_rigid_body_reuse_instantaneous_projected_area,3.1111108800503224,0.918915851175015,0.0,0.0,0.0,0.0,0.0,0.0,0.0,query-000000,rigid_body_6dof,pseudo_6dof,109.9443096646197,0.0,0.0,,17.750000000000117,0.2063758766639836,0.04696242073195123,0.02308921959404131,0.21290745287871746,-0.04798080416824746,-3.774758283725532e-15,0.20743053276379442,-0.4421526086226099,4.108808458171243,13.328286821667275,2.6318007315906377e-14,2.2364082294417885e-16,"[0.006971207226585918, -4.064523361012937e-17, -17.128022917887108]","[0.0, 0.0, 0.0]",-128.166037297256
query-000000,-0.0034650877405623484,-5.921189464667501e-16,0.017277524218194173,104.34962994307743,50.10952385841126,-22.306222597456717,-0.4252281871932945,7.51946677280641,18.061111241915235,17.123703555815364,"[0.006039858440223779, -1.3660646206045706e-17, -17.123702490628414]",-0.23888441169307983,0.9222348376833687,2.9051037801262267,1.514892412116618,"[-0.6224549623639526, -0.18086121202139, 0.7497137546796758, 0.13329789142648532]","[1.4174272906443153, 0.27717835867383456, -0.45713351825052173]",nominal-triaxial_ellipsoid-pseudo_6dof,117.8871376238357,booster-release,104.34962994307743,50.10952385841126,-22.306222597456717,-0.04158105288674818,-7.105427357601002e-15,117.88713029061833,-104.15948040065092,-50.017026829100445,22.307734037402,0.0,1.5,0.0,5.1899999999999995,5.717999999999999,12.0,alpha3-passive-deployment-parent-v1,-0.4252281871932945,7.51946677280641,18.061111241915235,-62.26496956210262,"[366.4006101750858, -6.979783745574135e-15, 723.5038499278198]",2.8588491553041777,native_rigid_body_reuse_instantaneous_projected_area,3.111110937577773,0.918915851175015,0.0,0.0,0.0,0.0,0.0,0.0,0.0,query-000000,rigid_body_6dof,pseudo_6dof,114.0370052696382,0.0,0.0,,18.00000000000012,0.19014954242651072,0.09249702931081316,0.0015114399452826888,0.2114588219182443,-0.04158105288674818,-7.105427357601002e-15,0.20733029061833008,-0.4252281871932945,7.51946677280641,18.061111241915235,1.6341629915946293e-14,1.3886520809812977e-16,"[0.006039858440223779, -1.3660646206045706e-17, -17.123702490628414]","[0.0, 0.0, 0.0]",-110.06652141508056
query-000000,-0.0030028006917698726,2.9605947323337506e-16,0.0172690865994826,105.82479313195984,44.06535872578221,-27.508366600994037,-0.4052366581670469,8.942419177396598,15.201966544980605,17.119384962496262,"[0.005232748575541813, -5.560240491410717e-17, -17.119384162769567]",-0.31506309629139606,1.9350729968703808,2.08293016517384,1.5159455845321133,"[-0.619023554443757, -0.3022548035724877, 0.724880493997883, -0.00037707102634464975]","[1.350788860556823, 0.6604134228818057, 0.1931698225281271]",nominal-triaxial_ellipsoid-pseudo_6dof,117.88703454624961,booster-release,105.82479313195984,44.06535872578221,-27.508366600994037,-0.03603360830123847,3.552713678800501e-15,117.88702903919379,-105.63693680847221,-43.97211907678141,27.492283529386945,0.0,1.5,0.0,5.1899999999999995,5.717999999999999,12.0,alpha3-passive-deployment-parent-v1,-0.4052366581670469,8.942419177396598,15.201966544980605,-63.852707912302215,"[366.4020168440276, -6.992265728493419e-15, 719.2234641400933]",2.8588491950143853,native_rigid_body_reuse_instantaneous_projected_area,3.1111109807919664,0.918915851175015,0.0,0.0,0.0,0.0,0.0,0.0,0.0,query-000000,rigid_body_6dof,pseudo_6dof,122.01447964611653,1.7763568394002505e-15,1.0069058940259049e-16,,18.250000000000124,0.1878563234876225,0.09323964900080028,-0.01608307160709188,0.21033852621996985,-0.03603360830123847,3.552713678800501e-15,0.2072290391937912,-0.4052366581670469,8.942419177396598,15.201966544980605,2.1432832531461658e-14,1.821283901864352e-16,"[0.005232748575541813, -5.560240491410717e-17, -17.119384162769567]","[0.0, 0.0, 0.0]",-96.63314263562413
query-000000,-0.002602094657122578,-2.9605947323337506e-16,0.01726058630667874,114.12260666321758,25.79585220745221,-14.419888980456545,-0.3760715113957015,3.9028995771063077,8.426021419473706,17.115068552918164,"[0.004533329826684431, -7.287254085272072e-17, -17.115067952538457]",-0.4551219067231205,1.2887767675219983,0.5819684445471307,1.7503801060432709,"[-0.6367636297115268, -0.35991135560629833, 0.6570518058548348, -0.18242483494617473]","[1.2535717046523382, 1.1021787726912164, 0.5268685319469808]",nominal-triaxial_ellipsoid-pseudo_6dof,117.88693117103726,booster-release,114.12260666321758,25.79585220745221,-14.419888980456545,-0.031225135885470934,-3.552713678800501e-15,117.88692703568015,-113.92427570399286,-25.72854507044487,14.416542647899668,0.0,1.5,0.0,5.1899999999999995,5.717999999999999,12.0,alpha3-passive-deployment-parent-v1,-0.3760715113957015,3.9028995771063077,8.426021419473706,-75.48611266218099,"[366.40323551751976, -7.003575809331154e-15, 714.9441576699538]",2.858849224842242,native_rigid_body_reuse_instantaneous_projected_area,3.111111013251801,0.918915851175015,0.0,0.0,0.0,0.0,0.0,0.0,0.0,query-000000,rigid_body_6dof,pseudo_6dof,119.26333157731642,1.3322676295501878e-15,1.4335249619353072e-16,,18.500000000000128,0.19833095922471955,0.06730713700734015,-0.0033463325568767743,0.20946746291658316,-0.031225135885470934,-3.552713678800501e-15,0.2071270356801449,-0.3760715113957015,3.9028995771063077,8.426021419473706,1.6814112598570184e-14,1.4288019352998717e-16,"[0.004533329826684431, -7.287254085272072e-17, -17.115067952538457]","[0.0, 0.0, 0.0]",-73.77882266432177
query-000000,-0.0022547790329312534,-2.9605947323337506e-16,0.017252039724264513,116.54004713731547,9.62172425442289,14.938003645147095,-0.34094350488360337,-6.457167148499003,2.760398245005433,17.110754324155103,"[0.003927255067845344, -1.4688740916106448e-16, -17.11075387346391]",-0.44855987425421384,-0.753742771660477,-0.38550553352076306,1.7248389118260876,"[-0.6519419046795358, -0.3734185832074799, 0.5452071894594039, -0.3718594293545818]","[1.1364783496120112, 1.1838784900746826, 0.5309594648850805]",nominal-triaxial_ellipsoid-pseudo_6dof,117.88682758178827,booster-release,116.54004713731547,9.62172425442289,14.938003645147095,-0.02705734839517504,-3.552713678800501e-15,117.88682447669117,-116.33887040619669,-9.580733347232155,-14.900070777664439,0.0,1.5,0.0,5.1899999999999995,5.717999999999999,12.0,alpha3-passive-deployment-parent-v1,-0.34094350488360337,-6.457167148499003,2.760398245005433,-81.34229247283201,"[366.40429128230517, -7.0326494585628916e-15, 710.6659299862184]",2.8588492472454665,native_rigid_body_reuse_instantaneous_projected_area,3.1111110376318623,0.918915851175015,0.0,0.0,0.0,0.0,0.0,0.0,0.0,query-000000,rigid_body_6dof,pseudo_6dof,32.74098443756322,0.0,0.0,,18.75000000000013,0.2011767311187782,0.040990907190735726,0.03793286748265601,0.20878513848316027,-0.02705734839517504,-3.552713678800501e-15,0.2070244766911742,-0.34094350488360337,-6.457167148499003,2.760398245005433,4.5857595384151296e-14,3.89681112511674e-16,"[0.003927255067845344, -1.4688740916106448e-16, -17.11075387346391]","[0.0, 0.0, 0.0]",31.06717883701447
query-000000,-0.0019537509303025518,2.9605947323337506e-16,0.017243459372822418,110.1292452217184,4.032944124403567,41.863640157207634,-0.3119777886666804,-15.422646122335859,0.928958451230831,17.106442273782193,"[0.0034020856378232972, -1.76493356484402e-16, -17.10644193548313]",-0.31822382141061123,-2.6149684831345197,-0.33560491931928677,1.3454834354242597,"[-0.6356860207408884, -0.37646509248774157, 0.4251233567976145, -0.5229220292528698]","[1.039925962222268, 0.7421696216890065, 0.4219762087359369]",nominal-triaxial_ellipsoid-pseudo_6dof,117.88672384381587,booster-release,110.1292452217184,4.032944124403567,41.863640157207634,-0.023445011163630625,3.552713678800501e-15,117.88672151247387,-109.93808493030696,-4.00281441966656,-41.78672380814656,0.0,1.5,0.0,5.1899999999999995,5.717999999999999,12.0,alpha3-passive-deployment-parent-v1,-0.3119777886666804,-15.422646122335859,0.928958451230831,-69.10148664380365,"[366.4052058825669, -7.06752093914545e-15, 706.3887805547905]",2.8588492640709537,native_rigid_body_reuse_instantaneous_projected_area,3.111111055942012,0.918915851175015,0.0,0.0,0.0,0.0,0.0,0.0,0.0,query-000000,rigid_body_6dof,pseudo_6dof,5.471755122180837,3.3766115072321297e-16,2.1849791052814045e-17,,19.000000000000135,0.19116029141144963,0.030129704737007046,0.07691634906107225,0.2082454822389583,-0.023445011163630625,3.552713678800501e-15,0.20692151247386903,-0.3119777886666804,-15.422646122335859,0.928958451230831,1.3674495399045784e-14,1.1620087218915894e-16,"[0.0034020856378232972, -1.76493356484402e-16, -17.10644193548313]","[0.0, 0.0, 0.0]",75.11287085116375
query-000000,-0.00169285095043481,0.0,0.017234854816540707,106.1680771917746,5.304360123831199,50.96526587790153,-0.2928518061003281,-17.83110561676725,1.389590845905172,17.10213239970585,"[0.0029470378659070986, -1.64157545099678e-16, -17.102132145789206]",-0.19430166398214327,-3.1117379373537593,0.24710933444062386,1.0581429506768831,"[-0.5765115695453343, -0.40756888893709553, 0.343097590678137, -0.6195208263019204]","[0.9761726870010938, -0.006490790460774221, 0.40830290087071314]",nominal-triaxial_ellipsoid-pseudo_6dof,117.88662000806998,booster-release,106.1680771917746,5.304360123831199,50.96526587790153,-0.02031421140521772,0.0,117.88661825779849,-105.98175601268088,-5.274897473147998,-50.878071672935484,0.0,1.5,0.0,5.1899999999999995,5.717999999999999,12.0,alpha3-passive-deployment-parent-v1,-0.2928518061003281,-17.83110561676725,1.389590845905172,-64.23629438371628,"[366.4059981646089, -7.112014352608092e-15, 702.1127088394479]",2.85884927670648,native_rigid_body_reuse_instantaneous_projected_area,3.111111069692484,0.918915851175015,0.0,0.0,0.0,0.0,0.0,0.0,0.0,query-000000,rigid_body_6dof,pseudo_6dof,5.91911994447635,5.551115123125783e-17,3.103337155775067e-18,,19.25000000000014,0.18632117909372425,0.02946265068320031,0.08719420496604613,0.20781351963675973,-0.02031421140521772,0.0,0.2068182577984885,-0.2928518061003281,-17.83110561676725,1.389590845905172,3.5159742416004306e-15,2.987746615477279e-17,"[0.0029470378659070986, -1.64157545099678e-16, -17.102132145789206]","[0.0, 0.0, 0.0]",90.40125788617415
query-000000,-0.0014667380533106567,-2.9605947323337506e-16,0.017226233358417886,110.92932228011891,4.135548699828385,39.68391836722541,-0.283132614118884,-13.173744744190932,0.8494402210035163,17.097824700047557,"[0.0025527632108951373, -1.937634924230155e-16, -17.09782450947945]",-0.06185549216964999,-2.137208966757363,0.5684498285171586,1.2804140516570675,"[-0.4717619185595216, -0.48234437411858316, 0.314648874189779, -0.6676680933849514]","[0.9437753803962801, -0.6894284049498657, 0.5229117033371968]",nominal-triaxial_ellipsoid-pseudo_6dof,117.88651611423488,booster-release,110.92932228011891,4.135548699828385,39.68391836722541,-0.01760085663972788,-3.552713678800501e-15,117.88651480030101,-110.73323323376664,-4.11189541612784,-39.62043288157089,0.0,1.5,0.0,5.1899999999999995,5.717999999999999,12.0,alpha3-passive-deployment-parent-v1,-0.283132614118884,-13.173744744190932,0.8494402210035163,-70.21520181515709,"[366.40668446246934, -7.159591718916917e-15, 697.8377143024437]",2.858849286194762,native_rigid_body_reuse_instantaneous_projected_area,3.1111110800180013,0.918915851175015,0.0,0.0,0.0,0.0,0.0,0.0,0.0,query-000000,rigid_body_6dof,pseudo_6dof,5.925069940106286,1.831026719408895e-15,1.3867067305016414e-16,,19.500000000000142,0.1960890463522702,0.023653283700544314,0.0634854856545175,0.2074627648951508,-0.01760085663972788,-3.552713678800501e-15,0.20671480030101463,-0.283132614118884,-13.173744744190932,0.8494402210035163,2.8991828894541764e-14,2.463619830637184e-16,"[0.0025527632108951373, -1.937634924230155e-16, -17.09782450947945]","[0.0, 0.0, 0.0]",105.34409831674989
query-000000,-0.0012707809961608103,-5.921189464667501e-16,0.017217600572678293,116.84499986896463,-6.047736109159565,14.417942757367063,-0.2827185562546495,-4.007599297175004,-2.8325518465261617,17.093519173064983,"[0.002211157562792508, -1.8142768103829157e-16, -17.093519030051198]",0.032002245469514946,-0.29275657823122786,0.11318060922257955,1.5103782793519893,"[-0.32519346368819, -0.5810636226310576, 0.3180815582659531, -0.6748617635638077]","[0.9423951875154982, -1.0006557494253059, 0.6259568103535453]",nominal-triaxial_ellipsoid-pseudo_6dof,117.88641219317465,booster-release,116.84499986896463,-6.047736109159565,14.417942757367063,-0.015249371953929725,-7.105427357601002e-15,117.88641120687214,-116.63849023221665,6.049445280895739,-14.401462987577158,0.0,1.5,0.0,5.1899999999999995,5.717999999999999,12.0,alpha3-passive-deployment-parent-v1,-0.2827185562546495,-4.007599297175004,-2.8325518465261617,-82.37223323013075,"[366.40727893230076, -7.207292443339587e-15, 693.5637964049655]",2.8588492933191985,native_rigid_body_reuse_instantaneous_projected_area,3.1111110877710906,0.918915851175015,0.0,0.0,0.0,0.0,0.0,0.0,0.0,query-000000,rigid_body_6dof,pseudo_6dof,-22.785215445008646,0.0,0.0,,19.750000000000146,0.20650963674798106,0.001709171736173687,0.016479769789905063,0.20717319843587714,-0.015249371953929725,-7.105427357601002e-15,0.20661120687213952,-0.2827185562546495,-4.007599297175004,-2.8325518465261617,4.021763396255892e-14,3.4175477832694244e-16,"[0.002211157562792508, -1.8142768103829157e-16, -17.093519030051198]","[0.0, 0.0, 0.0]",148.54288578223222
query-000000,-0.0011009641509230523,-8.881784197001252e-16,0.017208960712170075,115.12773247699526,-23.17533052187237,-10.28061025269822,-0.2837755348112642,4.491167778548339,-8.70924643519243,17.08921581709919,"[0.0019151958450459303, -2.2213585860788065e-16, -17.089215709780774]",-0.03087129626967381,1.26726443614665,-0.997996995521629,1.381355155415456,"[-0.16297644499385275, -0.666302017023041, 0.3155983955056229, -0.6556507860457952]","[0.9459184493708808, -0.8602641523159557, 0.5228058346774234]",nominal-triaxial_ellipsoid-pseudo_6dof,117.88630826885918,booster-release,115.12773247699526,-23.17533052187237,-10.28061025269822,-0.013211569811076629,-1.0658141036401503e-14,117.88630752854604,-114.92527968917845,23.143098240851376,10.25243484341213,0.0,1.5,0.0,5.1899999999999995,5.717999999999999,12.0,alpha3-passive-deployment-parent-v1,-0.2837755348112642,4.491167778548339,-8.70924643519243,-77.57888902115691,"[366.40779384231257, -7.258632232120752e-15, 689.2909546074864]",2.858849298668314,native_rigid_body_reuse_instantaneous_projected_area,3.111111093592206,0.918915851175015,0.0,0.0,0.0,0.0,0.0,0.0,0.0,query-000000,rigid_body_6dof,pseudo_6dof,-113.89343018731543,8.881784197001252e-16,9.060116880994608e-17,,20.00000000000015,0.2024527878168101,-0.0322322810209954,-0.028175409286090414,0.2069297101024086,-0.013211569811076629,-1.0658141036401503e-14,0.20650752854604093,-0.2837755348112642,4.491167778548339,-8.70924643519243,3.310592039978093e-14,2.813220314767779e-16,"[0.0019151958450459303, -2.2213585860788065e-16, -17.089215709780774]","[0.0, 0.0, 0.0]",-105.9092220363972
query-000000,-0.0009538057993073723,-3.3306690738754696e-16,0.017200317020302926,109.71304380933584,-37.11743890421499,-21.965903706918976,-0.2762865948432996,8.172448777429853,-13.144733953460628,17.08491463053973,"[0.0016587885658492004, -2.3909759926187603e-16, -17.084914550013146]",-0.16212440478507187,1.6752026052019542,-2.0214946236528037,1.041137717228631,"[-0.027932620216481092, -0.7180068348279932, 0.27854663148293746, -0.6372579759858933]","[0.920955316144332, -0.4666497880618613, 0.13433922436637064]",nominal-triaxial_ellipsoid-pseudo_6dof,117.88620435987842,booster-release,109.71304380933584,-37.11743890421499,-21.965903706918976,-0.011445669591688468,-3.9968028886505635e-15,117.88620380424364,-109.52132296903427,37.05742794613981,21.917166266859017,0.0,1.5,0.0,5.1899999999999995,5.717999999999999,12.0,alpha3-passive-deployment-parent-v1,-0.2762865948432996,8.172448777429853,-13.144733953460628,-68.53984837192237,"[366.40823982417305, -7.319794410717e-15, 685.0191883700318]",2.858849302684207,native_rigid_body_reuse_instantaneous_projected_area,3.1111110979624574,0.918915851175015,0.0,0.0,0.0,0.0,0.0,0.0,0.0,query-000000,rigid_body_6dof,pseudo_6dof,-120.60167751746347,1.7763568394002505e-15,1.1474721258878602e-16,,20.250000000000153,0.19172084030157066,-0.060010958075181975,-0.04873744005995917,0.20672090788947053,-0.011445669591688468,-3.9968028886505635e-15,0.20640380424363514,-0.2762865948432996,8.172448777429853,-13.144733953460628,1.9577176423654487e-14,1.6635970169608113e-16,"[0.0016587885658492004, -2.3909759926187603e-16, -17.084914550013146]","[0.0, 0.0, 0.0]",-84.88337199386919
query-000000,-0.0008262872548864819,8.881784197001252e-16,0.017191671969458845,109.5418673752721,-38.353237975468694,-20.657713214788764,-0.2622687917479176,7.338627721896261,-12.94739546351746,17.080615611802045,"[0.0014366574103082546, -1.912963301460707e-16, -17.08061555138313]",-0.19015803625687883,1.1181146593286668,-2.2053902775900274,0.9739654064898907,"[0.05181618396957367, -0.7415491409661285, 0.19411686346311335, -0.6401082704749811]","[0.874229305826392, -0.10445866736049489, -0.41643741508970133]",nominal-triaxial_ellipsoid-pseudo_6dof,117.88610048062958,booster-release,109.5418673752721,-38.353237975468694,-20.657713214788764,-0.009915447058637783,1.0658141036401503e-14,117.8861000636335,-109.35121056013847,38.28831301456292,20.611966513923928,0.0,1.5,0.0,5.1899999999999995,5.717999999999999,12.0,alpha3-passive-deployment-parent-v1,-0.2622687917479176,7.338627721896261,-12.94739546351746,-68.31458859564391,"[366.4086260909854, -7.377182602017737e-15, 680.7484971523841]",2.8588493056989535,native_rigid_body_reuse_instantaneous_projected_area,3.111111101243222,0.918915851175015,0.0,0.0,0.0,0.0,0.0,0.0,0.0,query-000000,rigid_body_6dof,pseudo_6dof,-118.2951669004713,8.899114524108741e-16,5.978631863613264e-17,,20.500000000000156,0.19065681513363586,-0.0649249609057776,-0.04574670086483579,0.20653821037658224,-0.009915447058637783,1.0658141036401503e-14,0.20630006363350617,-0.2622687917479176,7.338627721896261,-12.94739546351746,6.402609714996108e-14,5.440704109792936e-16,"[0.0014366574103082546, -1.912963301460707e-16, -17.08061555138313]","[0.0, 0.0, 0.0]",-73.46546481910926
query-000000,-0.0007157913798122953,7.401486830834377e-17,0.01718302744333518,114.72329276723087,-23.382836663722237,-13.7447171865346,-0.2496833092674537,4.73525561236024,-7.182899727997751,17.07631875931324,"[0.001244227349983471, -1.8204447160752774e-16, -17.07631871398433]",-0.1440739719875133,0.3202632924721357,-1.2952029076030014,1.210068287382745,"[0.07728423499805245, -0.7445012377052451, 0.06307449380579917, -0.6601262472491651]","[0.832277697558179, 0.07263526293532717, -0.8753874644150337]",nominal-triaxial_ellipsoid-pseudo_6dof,117.88599664224711,booster-release,114.72329276723087,-23.382836663722237,-13.7447171865346,-0.008589496557747545,8.881784197001252e-16,117.88599632932002,-114.52366168333164,23.34186776488082,13.712164377975423,0.0,1.5,0.0,5.1899999999999995,5.717999999999999,12.0,alpha3-passive-deployment-parent-v1,-0.2496833092674537,4.73525561236024,-7.182899727997751,-76.70035253580167,"[366.4089606262757, -7.42186105265115e-15, 676.4788804142372]",2.858849307961972,native_rigid_body_reuse_instantaneous_projected_area,3.111111103705927,0.918915851175015,0.0,0.0,0.0,0.0,0.0,0.0,0.0,query-000000,rigid_body_6dof,pseudo_6dof,-120.4320770927599,8.881784197001252e-16,1.031935506547204e-16,,20.75000000000016,0.19963108389923434,-0.040968898841416745,-0.03255280855917775,0.2063751576042199,-0.008589496557747545,8.881784197001252e-16,0.2061963293200222,-0.2496833092674537,4.73525561236024,-7.182899727997751,4.150254246380049e-14,3.5267346191785244e-16,"[0.001244227349983471, -1.8204447160752774e-16, -17.07631871398433]","[0.0, 0.0, 0.0]",-58.408711038227146
query-000000,-0.0006200492528541657,0.0,0.017174384876351922,117.51610981669303,2.7781743153938017,-8.906706172932688,-0.23977007700790126,3.0229662456353807,2.1196898317082455,17.0720240715034,"[0.0010775330802371222, -1.6169038282273323e-16, -17.07202403749813]",-0.12773650033863193,-0.06920868259399027,0.323808009653058,1.2859135472863241,"[0.07119183737742996, -0.7272607591426772, -0.09401055520637569, -0.6761549571006866]","[0.7992335900263375, 0.09092573688926756, -1.0032605992658405]",nominal-triaxial_ellipsoid-pseudo_6dof,117.88589285332961,booster-release,117.51610981669303,2.7781743153938017,-8.906706172932688,-0.007440591034249988,0.0,117.88589261851622,-117.3111683929888,-2.7750481343684585,8.883929657745552,0.0,1.5,0.0,5.1899999999999995,5.717999999999999,12.0,alpha3-passive-deployment-parent-v1,-0.23977007700790126,3.0229662456353807,2.1196898317082455,-85.46375619408293,"[366.40925034784124, -7.465552638373785e-15, 672.2103376153159]",2.858849309660584,native_rigid_body_reuse_instantaneous_projected_area,3.1111111055544227,0.918915851175015,0.0,0.0,0.0,0.0,0.0,0.0,0.0,query-000000,rigid_body_6dof,pseudo_6dof,162.65290813352334,0.0,0.0,,21.000000000000163,0.20494142370422708,0.003126181025343122,-0.02277651518713597,0.20622688913381884,-0.007440591034249988,0.0,0.20609261851622307,-0.23977007700790126,3.0229662456353807,2.1196898317082455,5.815211260364177e-14,4.941554336737637e-16,"[0.0010775330802371222, -1.6169038282273323e-16, -17.07202403749813]","[0.0, 0.0, 0.0]",30.77438917501475
query-000000,-0.0005370939097479506,-7.401486830834377e-17,0.017165745360070872,114.32900534146532,27.140699920297475,-9.450937627144429,-0.2300672761847105,3.21250747128175,10.333152664058776,17.067731546800648,"[0.0009331378856148971, -1.7587656591516578e-16, -17.067731521292092]",-0.12980727367184985,0.16449828752867346,1.761680036276841,1.0622054206924612,"[0.06684758966210833, -0.6947987293045791, -0.23940573944863433, -0.6748859292000103]","[0.7668909206157016, 0.09183111581772636, -0.7291952535455241]",nominal-triaxial_ellipsoid-pseudo_6dof,117.8857891205069,booster-release,114.32900534146532,27.140699920297475,-9.450937627144429,-0.006445126916975408,-8.881784197001252e-16,117.88578894432085,-114.12906685110106,-27.095996263452708,9.428595559671988,0.0,1.5,0.0,5.1899999999999995,5.717999999999999,12.0,alpha3-passive-deployment-parent-v1,-0.2300672761847105,3.21250747128175,10.333152664058776,-75.88945560933263,"[366.4095012497991, -7.505666838794851e-15, 667.9428682154651]",2.858849310935461,native_rigid_body_reuse_instantaneous_projected_area,3.1111111069417934,0.918915851175015,0.0,0.0,0.0,0.0,0.0,0.0,0.0,query-000000,rigid_body_6dof,pseudo_6dof,109.18636667496246,0.0,0.0,,21.250000000000167,0.1999384903642607,0.04470365684476718,-0.022342067472440164,0.2060897494864661,-0.006445126916975408,-8.881784197001252e-16,0.20598894432085046,-0.2300672761847105,3.21250747128175,10.333152664058776,4.137277900721876e-14,3.515707794134487e-16,"[0.0009331378856148971, -1.7587656591516578e-16, -17.067731521292092]","[0.0, 0.0, 0.0]",96.02100652556935
query-000000,-0.0004652202195148206,-8.881784197001252e-16,0.017157109724589503,110.76468994577907,38.48761545291665,-12.121128318625747,-0.22035454093299403,4.039463617324346,13.69836845732015,17.06344118362852,"[0.0008080632849927295, -1.1234713728383736e-16, -17.063441164495032]",-0.1332008673048346,0.6594569792622957,2.3029882686267262,0.7857344900913713,"[0.0955559412295346, -0.6594642237204725, -0.3413184686223279, -0.6629311447698029]","[0.7345151364433135, 0.19550221020680666, -0.19911074571469367]",nominal-triaxial_ellipsoid-pseudo_6dof,117.885685448882,booster-release,110.76468994577907,38.48761545291665,-12.121128318625747,-0.005582642634177848,-1.0658141036401503e-14,117.88568531669507,-110.57061742823717,-38.42361232326792,12.095449789471692,0.0,1.5,0.0,5.1899999999999995,5.717999999999999,12.0,alpha3-passive-deployment-parent-v1,-0.22035454093299403,4.039463617324346,13.69836845732015,-69.98260841979682,"[366.40971852573006, -7.539119701068164e-15, 663.6764716747194]",2.8588493118922402,native_rigid_body_reuse_instantaneous_projected_area,3.111111107982998,0.918915851175015,0.0,0.0,0.0,0.0,0.0,0.0,0.0,query-000000,rigid_body_6dof,pseudo_6dof,107.47359038019889,0.0,0.0,,21.50000000000017,0.19407251754189758,0.06400312964873223,-0.025678529154054885,0.20596099030984452,-0.005582642634177848,-1.0658141036401503e-14,0.20588531669507404,-0.22035454093299403,4.039463617324346,13.69836845732015,3.469466450190694e-14,2.9482259913686917e-16,"[0.0008080632849927295, -1.1234713728383736e-16, -17.063441164495032]","[0.0, 0.0, 0.0]",109.09000254161485
query-000000,-0.00040295008407727667,7.401486830834376e-16,0.017148478600578443,112.32515467626675,34.12440804863993,-10.751502620475868,-0.20876327000689948,3.353482592464427,11.55730149607289,17.05915298040494,"[0.0006997280264793332, -5.806956719105195e-17, -17.059152966054306]",-0.1860816590769712,0.837153317219899,1.8440328091679532,0.8683231066930552,"[0.17315737661393765, -0.6278655727436112, -0.38906585513333247, -0.6514822375605376]","[0.6958775666896649, 0.3945504091542649, 0.3377416237767447]",nominal-triaxial_ellipsoid-pseudo_6dof,117.88558184237554,booster-release,112.32515467626675,34.12440804863993,-10.751502620475868,-0.00483540100892732,8.881784197001252e-15,117.88558174320694,-112.12834746605981,-34.06828760612659,10.729436245991542,0.0,1.5,0.0,5.1899999999999995,5.717999999999999,12.0,alpha3-passive-deployment-parent-v1,-0.20876327000689948,3.353482592464427,11.55730149607289,-72.3309891501523,"[366.4099066754302, -7.561192777339071e-15, 659.4111474533549]",2.8588493126102392,native_rigid_body_reuse_instantaneous_projected_area,3.1111111087643524,0.918915851175015,0.0,0.0,0.0,0.0,0.0,0.0,0.0,query-000000,rigid_body_6dof,pseudo_6dof,107.48125355409879,8.881784197001252e-16,7.379467234846271e-17,,21.750000000000174,0.19680721020694136,0.0561204425133397,-0.0220663744843268,0.20583854580764185,-0.00483540100892732,8.881784197001252e-15,0.20578174320694131,-0.20876327000689948,3.353482592464427,11.55730149607289,2.47669770105022e-14,2.1046073336717262e-16,"[0.0006997280264793332, -5.806956719105195e-17, -17.059152966054306]","[0.0, 0.0, 0.0]",119.96596071969206
query-000000,-0.0003490022560650452,-2.9605947323337506e-16,0.017139852466690066,116.51128038399646,17.89807318035353,-1.329102958239498,-0.1918599028032248,-0.11091719234863534,5.500565345257614,17.054866935542048,"[0.0006058951914720737, -4.9434499221745175e-17, -17.05486692477946]",-0.2583819708209012,0.3257530368697085,0.7329142437439736,1.0784588184253205,"[0.29064417134143006, -0.5953317305076097, -0.3888545591849089, -0.6402329483220763]","[0.6395330093440826, 0.5550127434802117, 0.6678561278997214]",nominal-triaxial_ellipsoid-pseudo_6dof,117.88547830399274,booster-release,116.51128038399646,17.89807318035353,-1.329102958239498,-0.004188027072780542,-3.552713678800501e-15,117.88547822960028,-116.30748882245777,-17.870337439171863,1.3245420582199223,0.0,1.5,0.0,5.1899999999999995,5.717999999999999,12.0,alpha3-passive-deployment-parent-v1,-0.1918599028032248,-0.11091719234863534,5.500565345257614,-81.24137534971732,"[366.4100695974494, -7.57139263515218e-15, 655.146895011929]",2.8588493131490083,native_rigid_body_reuse_instantaneous_projected_area,3.1111111093506616,0.918915851175015,0.0,0.0,0.0,0.0,0.0,0.0,0.0,query-000000,rigid_body_6dof,pseudo_6dof,94.23898834690728,2.830524433501838e-16,5.1417077170687545e-17,,22.000000000000178,0.2037915615386936,0.02773574118166877,-0.004560900019575653,0.2057208635561016,-0.004188027072780542,-3.552713678800501e-15,0.20567822960028082,-0.1918599028032248,-0.11091719234863534,5.500565345257614,2.180096225842269e-14,1.8525662227861274e-16,"[0.0006058951914720737, -4.9434499221745175e-17, -17.05486692477946]","[0.0, 0.0, 0.0]",143.37819553820347
query-000000,-0.00030226616288153707,0.0,0.017131231685773685,117.06614029639739,-1.9589040963673767,13.734740298858684,-0.1723757612983304,-5.3393964315563895,-1.4843182769666887,17.05058304744658,"[0.0005246263316180797, -5.436882377563477e-17, -17.050583039375514]",-0.24097249421059624,-0.7026449640710531,-0.44971455265222027,1.039635037373686,"[0.4164130999590368, -0.5579539247944794, -0.36114644404760954, -0.620371496718465]","[0.5745858709944347, 0.51275272346421, 0.6984101462382887]",nominal-triaxial_ellipsoid-pseudo_6dof,117.88537483603153,booster-release,117.06614029639739,-1.9589040963673767,13.734740298858684,-0.003627193954578445,0.0,117.88537478022928,-116.86188343238314,1.9521580590484646,-13.71220651786522,0.0,1.5,0.0,5.1899999999999995,5.717999999999999,12.0,alpha3-passive-deployment-parent-v1,-0.1723757612983304,-5.3393964315563895,-1.4843182769666887,-83.24083520637369,"[366.4102106693052, -7.58535491543763e-15, 650.8837138113101]",2.8588493135532613,native_rigid_body_reuse_instantaneous_projected_area,3.1111111097905857,0.918915851175015,0.0,0.0,0.0,0.0,0.0,0.0,0.0,query-000000,rigid_body_6dof,pseudo_6dof,-8.102547697983109,2.7755575615628914e-17,5.005917595113974e-18,,22.25000000000018,0.2042568640142548,-0.0067460373189121015,0.022533780993464703,0.2056067771312576,-0.003627193954578445,0.0,0.20557478022928422,-0.1723757612983304,-5.3393964315563895,-1.4843182769666887,1.1951751262077356e-14,1.0156162112849746e-16,"[0.0005246263316180797, -5.436882377563477e-17, -17.050583039375514]","[0.0, 0.0, 0.0]",-105.05699136866781
query-000000,-0.00026177920609319705,0.0,0.017122616532380636,113.73271614351357,-16.648115924681925,26.165755049627986,-0.1578888291249368,-9.381118533669987,-6.37701728548293,17.046301314520512,"[0.00045424170505065217, -3.709868783702122e-17, -17.046301308468305]",-0.14165753128702158,-1.6017600091024693,-1.1882531148116824,0.7447380639939749,"[0.5159956681168132, -0.5231852955042806, -0.3395495300000767, -0.5871385983986313]","[0.5262960970831226, 0.21493667273621542, 0.4810919131201969]",nominal-triaxial_ellipsoid-pseudo_6dof,117.88527144024313,booster-release,113.73271614351357,-16.648115924681925,26.165755049627986,-0.003141350473118365,0.0,117.88527139838857,-113.53473326565326,16.616084374759517,-26.12097644399686,0.0,1.5,0.0,5.1899999999999995,5.717999999999999,12.0,alpha3-passive-deployment-parent-v1,-0.1578888291249368,-9.381118533669987,-6.37701728548293,-74.74769370366985,"[366.4103328170117, -7.593519364372261e-15, 646.6216033127007]",2.85884931385656,native_rigid_body_reuse_instantaneous_projected_area,3.111111110120647,0.918915851175015,0.0,0.0,0.0,0.0,0.0,0.0,0.0,query-000000,rigid_body_6dof,pseudo_6dof,-32.46126923531406,2.7755575615628914e-17,2.446620413255381e-18,,22.500000000000185,0.1979828778603121,-0.032031549922407976,0.04477860563112657,0.2054954102615152,-0.003141350473118365,0.0,0.20547139838856765,-0.1578888291249368,-9.381118533669987,-6.37701728548293,6.718759373704835e-15,5.709356553720209e-17,"[0.00045424170505065217, -3.709868783702122e-17, -17.046301308468305]","[0.0, 0.0, 0.0]",-72.30759603909804
query-000000,-0.00022670707545824342,5.921189464667501e-16,0.017114007213853217,112.19628123628176,-22.06965647775986,28.667710091701565,-0.1499148093941321,-9.794383794054106,-7.903691547593361,17.042021735161835,"[0.00039328580202027625, -2.5584159597941186e-18, -17.042021730623826]",-0.08721845120843458,-1.8234853695482818,-1.3078981392189541,0.5722377745983114,"[0.5713816953053447, -0.5019273848765304, -0.3556341127932719, -0.5432460182999409]","[0.4997160313137736, -0.2305536975351073, 0.15679589050140852]",nominal-triaxial_ellipsoid-pseudo_6dof,117.88516811795701,booster-release,112.19628123628176,-22.06965647775986,28.667710091701565,-0.002720484905498921,7.105427357601002e-15,117.88516808656624,-112.00124964879642,22.028553392365232,-28.618145303071252,0.0,1.5,0.0,5.1899999999999995,5.717999999999999,12.0,alpha3-passive-deployment-parent-v1,-0.1499148093941321,-9.794383794054106,-7.903691547593361,-72.1282348944935,"[366.4104385753447, -7.596872846866851e-15, 642.3605629776547]",2.8588493140840985,native_rigid_body_reuse_instantaneous_projected_area,3.111111110368263,0.918915851175015,0.0,0.0,0.0,0.0,0.0,0.0,0.0,query-000000,rigid_body_6dof,pseudo_6dof,-37.586945851130466,1.9860273225978185e-15,1.577898855619223e-16,,22.75000000000019,0.19503158748534588,-0.041103085394627925,0.04956478863031322,0.20538610473447108,-0.002720484905498921,7.105427357601002e-15,0.20536808656623862,-0.1499148093941321,-9.794383794054106,-7.903691547593361,4.8518679838211e-14,4.1229403719424235e-16,"[0.00039328580202027625, -2.5584159597941186e-18, -17.042021730623826]","[0.0, 0.0, 0.0]",-59.27025507046802
query-000000,-0.00019632667784345395,-1.1842378929335002e-15,0.01710540388633793,114.79679848837168,-19.157577461944932,18.75022138684527,-0.14239106026618512,-5.914243005932521,-6.552973438104273,17.037744307765312,"[0.0003404974574085989, -6.177031060646911e-17, -17.03774430436291]",-0.1241839884880602,-1.1908769305852256,-0.9547120089478398,0.7956836768860462,"[0.5807672133715628, -0.4949317228732497, -0.4189451413230466, -0.4921757837685221]","[0.47463686755395035, -0.6245996911978062, -0.13306984398080962]",nominal-triaxial_ellipsoid-pseudo_6dof,117.88506487017742,booster-release,114.79679848837168,-19.157577461944932,18.75022138684527,-0.0023559201341214475,-1.4210854715202004e-14,117.88506484663606,-114.59729788393439,19.121899959597705,-18.717574299998073,0.0,1.5,0.0,5.1899999999999995,5.717999999999999,12.0,alpha3-passive-deployment-parent-v1,-0.14239106026618512,-5.914243005932521,-6.552973438104273,-76.85710802175079,"[366.4105301400747, -7.608367964875357e-15, 638.1005922680907]",2.8588493142547895,native_rigid_body_reuse_instantaneous_projected_area,3.111111110554016,0.918915851175015,0.0,0.0,0.0,0.0,0.0,0.0,0.0,query-000000,rigid_body_6dof,pseudo_6dof,-45.61219857541693,2.7755575615628914e-17,3.1439093828573625e-18,,23.000000000000192,0.19950060443729,-0.035677502347226664,0.032647086847195084,0.20527836618650686,-0.0023559201341214475,-1.4210854715202004e-14,0.20526484663605515,-0.14239106026618512,-5.914243005932521,-6.552973438104273,3.7960339575675416e-14,3.225731142955326e-16,"[0.0003404974574085989, -6.177031060646911e-17, -17.03774430436291]","[0.0, 0.0, 0.0]",-43.660815632150296
query-000000,-0.00017001133427759402,-5.921189464667501e-16,0.017096806667028137,117.33720611871277,-11.337363148782131,-0.5553841423662835,-0.1310730812929922,0.9948851791682746,-3.6190840032231852,17.033469030723236,"[0.0002947839407750429, -6.67046351603587e-17, -17.033469028172448]",-0.1702238937921472,0.0833314233015977,-0.41548859332281396,0.9374230010503503,"[0.5534697431271849, -0.4908967651386399, -0.5112505903993618, -0.4373950653990636]","[0.43691027097664065, -0.7711953076493984, -0.30517060060384793]",nominal-triaxial_ellipsoid-pseudo_6dof,117.88496169765776,booster-release,117.33720611871277,-11.337363148782131,-0.5553841423662835,-0.0020401360113311284,-7.105427357601002e-15,117.88496168000434,-117.1331904229867,11.315623810229862,0.5546955540646152,0.0,1.5,0.0,5.1899999999999995,5.717999999999999,12.0,alpha3-passive-deployment-parent-v1,-0.1310730812929922,0.9948851791682746,-3.6190840032231852,-84.4754929110767,"[366.4106094132369, -7.630225164447032e-15, 633.8416906463013]",2.858849314382827,native_rigid_body_reuse_instantaneous_projected_area,3.111111110693351,0.918915851175015,0.0,0.0,0.0,0.0,0.0,0.0,0.0,query-000000,rigid_body_6dof,pseudo_6dof,-92.80641122975796,1.1443916996305594e-16,3.0471376199499156e-17,,23.250000000000195,0.2040156957260706,-0.02173933855226906,-0.0006885883016682914,0.20517182335093426,-0.0020401360113311284,-7.105427357601002e-15,0.20516168000433765,-0.1310730812929922,0.9948851791682746,-3.6190840032231852,3.671792962070561e-14,3.120155678434669e-16,"[0.0002947839407750429, -6.67046351603587e-17, -17.033469028172448]","[0.0, 0.0, 0.0]",10.638377646994863
query-000000,-0.00014721794420502476,5.921189464667501e-16,0.0170882156434556,116.07517279706171,-2.627086669906862,-20.408149429310857,-0.11861697784297269,7.745765344172096,-0.5228544809658691,17.029195902426107,"[0.0002551984954081674, -8.644193337591705e-17, -17.029195900513912]",-0.1499878835768319,1.380992487118767,0.05676568193905982,0.78357844967443,"[0.5125937888696889, -0.47605586936256583, -0.5999435978993761, -0.38818307046704165]","[0.3953899261432423, -0.5808410827681081, -0.3468221873920361]",nominal-triaxial_ellipsoid-pseudo_6dof,117.88485860095867,booster-release,116.07517279706171,-2.627086669906862,-20.408149429310857,-0.0017666153304602972,7.105427357601002e-15,117.88485858772147,-115.8732246731148,2.620807720940668,20.373082702029034,0.0,1.5,0.0,5.1899999999999995,5.717999999999999,12.0,alpha3-passive-deployment-parent-v1,-0.11861697784297269,7.745765344172096,-0.5228544809658691,-79.94755118001284,"[366.41067804236616, -7.651959005904857e-15, 629.5838575749608]",2.858849314478861,native_rigid_body_reuse_instantaneous_projected_area,3.111111110797859,0.918915851175015,0.0,0.0,0.0,0.0,0.0,0.0,0.0,query-000000,rigid_body_6dof,pseudo_6dof,-172.6696886765642,1.3877787807814457e-17,1.7873846846752492e-18,,23.5000000000002,0.20194812394690587,-0.0062789489661936315,-0.03506672728182281,0.20506619742914356,-0.0017666153304602972,7.105427357601002e-15,0.20505858772146723,-0.11861697784297269,7.745765344172096,-0.5228544809658691,1.9663063588383804e-14,1.6708953948242437e-16,"[0.0002551984954081674, -8.644193337591705e-17, -17.029195900513912]","[0.0, 0.0, 0.0]",96.98828898494753
query-000000,-0.00012747585596173394,5.921189464667501e-16,0.01707963088060064,113.6085033007954,4.178341821554882,-31.184371657094367,-0.10967863978632889,11.054566058199498,1.7968140082778217,17.024924921263207,"[0.00022092086797603663, -6.91717974373035e-17, -17.024924919829836]",-0.08700485625727705,2.0430931885808894,0.34606736503579677,0.48719737985185113,"[0.4902427309910249, -0.4440634175860813, -0.6596030368501106, -0.35692237202274496]","[0.3655954659544296, -0.13490942024708158, -0.2924050111346739]",nominal-triaxial_ellipsoid-pseudo_6dof,117.88475558049215,booster-release,113.6085033007954,4.178341821554882,-31.184371657094367,-0.0015297102715408073,7.105427357601002e-15,117.88475557056721,-113.4107916746408,-4.17250628197424,31.13065773635555,0.0,1.5,0.0,5.1899999999999995,5.717999999999999,12.0,alpha3-passive-deployment-parent-v1,-0.10967863978632889,11.054566058199498,1.7968140082778217,-74.51996708846652,"[366.4107374544982, -7.672212549996514e-15, 625.3270925171305]",2.8588493145508855,native_rigid_body_reuse_instantaneous_projected_area,3.111111110876239,0.918915851175015,0.0,0.0,0.0,0.0,0.0,0.0,0.0,query-000000,rigid_body_6dof,pseudo_6dof,172.36602525986123,1.790180836524724e-15,1.598350258615799e-16,,23.750000000000203,0.19771162615460014,0.005835539580642646,-0.053713920738818643,0.20496127907496214,-0.0015297102715408073,7.105427357601002e-15,0.2049555705672077,-0.10967863978632889,11.054566058199498,1.7968140082778217,3.933749116484234e-14,3.342756459888812e-16,"[0.00022092086797603663, -6.91717974373035e-17, -17.024924919829836]","[0.0, 0.0, 0.0]",117.9116197465125
query-000000,-0.00011037721699599008,-5.921189464667501e-16,0.017071052426267386,114.11979388691451,8.307950317685904,-28.362685556352734,-0.10497517056749803,9.550120410510385,3.123034734086996,17.020656085623123,"[0.0001912404312012772, -5.930314832952434e-17, -17.020656084548754]",-0.04593140164134536,1.7865726622913092,0.4642006527392724,0.5381978519243518,"[0.5085586084294755, -0.3963511642511797, -0.6805927998372242, -0.3479473195740091]","[0.3499172352249934, 0.3630245994345584, -0.18822326241424467]",nominal-triaxial_ellipsoid-pseudo_6dof,117.88465263655621,booster-release,114.11979388691451,8.307950317685904,-28.362685556352734,-0.001324526603951881,-7.105427357601002e-15,117.88465262911521,-113.92126073744453,-8.29469456742181,28.31394924881319,0.0,1.5,0.0,5.1899999999999995,5.717999999999999,12.0,alpha3-passive-deployment-parent-v1,-0.10497517056749803,9.550120410510385,3.123034734086996,-75.48025652799872,"[366.41078888563544, -7.691232512949701e-15, 621.0713949362629]",2.8588493146049014,native_rigid_body_reuse_instantaneous_projected_area,3.1111111109350214,0.918915851175015,0.0,0.0,0.0,0.0,0.0,0.0,0.0,query-000000,rigid_body_6dof,pseudo_6dof,163.67182434671437,1.7763568394002505e-15,1.7678109874267484e-16,,24.000000000000206,0.19853314946998069,0.013255750264093535,-0.04873630753954217,0.20485691110171947,-0.001324526603951881,-7.105427357601002e-15,0.20485262911520863,-0.10497517056749803,9.550120410510385,3.123034734086996,3.953127274088492e-14,3.359223311127732e-16,"[0.0001912404312012772, -5.930314832952434e-17, -17.020656084548754]","[0.0, 0.0, 0.0]",132.2426799447351
query-000000,-9.556860741414633e-05,1.1842378929335002e-15,0.017062480315215584,116.69076454988297,10.148346068030301,-13.305773753232325,-0.10158864218189453,3.9392231078068534,3.630229355840326,17.016389393894176,"[0.00016554155475886973, -1.0371206931453059e-16, -17.016389393088954]",-0.05105787058961651,0.7401575147845002,0.48376133501305624,0.773018861053875,"[0.565097861021307, -0.338436969821229, -0.6647544846694726, -0.3524575152258667]","[0.3386288072729818, 0.6915199478077649, -0.0684751941498081]",nominal-triaxial_ellipsoid-pseudo_6dof,117.8845497693609,booster-release,116.69076454988297,10.148346068030301,-13.305773753232325,-0.001146823288969756,1.4210854715202004e-14,117.88454976378259,-116.48793682848272,-10.13169090399306,13.283250389470425,0.0,1.5,0.0,5.1899999999999995,5.717999999999999,12.0,alpha3-passive-deployment-parent-v1,-0.10158864218189453,3.9392231078068534,3.630229355840326,-81.83855426631918,"[366.41083340628177, -7.715310158570626e-15, 616.8167642962048]",2.858849314645407,native_rigid_body_reuse_instantaneous_projected_area,3.1111111109791008,0.918915851175015,0.0,0.0,0.0,0.0,0.0,0.0,0.0,query-000000,rigid_body_6dof,pseudo_6dof,142.66571829085817,0.0,0.0,,24.25000000000021,0.2028277214002543,0.016655164037240766,-0.022523363761900228,0.20475297549164287,-0.001146823288969756,1.4210854715202004e-14,0.20474976378258702,-0.10158864218189453,3.9392231078068534,3.630229355840326,1.4094977424477902e-14,1.1977397501081666e-16,"[0.00016554155475886973, -1.0371206931453059e-16, -17.016389393088954]","[0.0, 0.0, 0.0]",158.6823164840476
query-000000,-8.274378641222786e-05,2.9605947323337506e-16,0.017053914572304762,117.22894688018673,10.132970046857427,7.172152462694227,-0.09678127823106328,-3.244185426917692,3.4887834705721357,17.012124844464786,"[0.0001432909253728583, -8.890909565286185e-17, -17.012124843861326]",-0.07709053956976704,-0.6118425364001779,0.4629394948654141,0.7788216317863388,"[0.6362796872325077, -0.28061415251175215, -0.625170332286222, -0.3543528081651791]","[0.3226042607702109, 0.7070636464110913, 0.050503712686222266]",nominal-triaxial_ellipsoid-pseudo_6dof,117.88444697904924,booster-release,117.22894688018673,10.132970046857427,7.172152462694227,-0.0009929254369467344,3.552713678800501e-15,117.88444697486766,-117.02540533205712,-10.116173991224365,-7.159110188215713,0.0,1.5,0.0,5.1899999999999995,5.717999999999999,12.0,alpha3-passive-deployment-parent-v1,-0.09678127823106328,-3.244185426917692,3.4887834705721357,-83.95483717121044,"[366.41087194356857, -7.739264446077702e-15, 612.5632000611996]",2.858849314675779,native_rigid_body_reuse_instantaneous_projected_area,3.111111111012153,0.918915851175015,0.0,0.0,0.0,0.0,0.0,0.0,0.0,query-000000,rigid_body_6dof,pseudo_6dof,54.713357930863026,4.440892098500626e-16,9.319714798094604e-17,,24.500000000000213,0.203541548129607,0.016796055633061968,0.01304227447851325,0.2046493836379842,-0.0009929254369467344,3.552713678800501e-15,0.20464697486765715,-0.09678127823106328,-3.244185426917692,3.4887834705721357,2.021566565521618e-14,1.7178535020637509e-16,"[0.0001432909253728583, -8.890909565286185e-17, -17.012124843861326]","[0.0, 0.0, 0.0]",-108.15132036874289
query-000000,-7.163740385252026e-05,0.0,0.017045355214854396,115.24454380050676,8.290362277346905,23.381266870733924,-0.09053388783643657,-8.614130727609892,2.719582786644705,17.007862435723762,"[0.0001240265567981317, -9.137625792980665e-17, -17.007862435271544]",-0.08360521263599847,-1.620713499585809,0.39481309063665304,0.5371868537314185,"[0.6950757436677597, -0.23710321503810527, -0.5870384034042773, -0.3406430520528223]","[0.3017796261214552, 0.4149203495693809, 0.15918503884812132]",nominal-triaxial_ellipsoid-pseudo_6dof,117.8843442657125,booster-release,115.24454380050676,8.290362277346905,23.381266870733924,-0.0008596488462302432,0.0,117.88434426257825,-115.04464745988135,-8.276622717183141,-23.34013571659414,0.0,1.5,0.0,5.1899999999999995,5.717999999999999,12.0,alpha3-passive-deployment-parent-v1,-0.09053388783643657,-8.614130727609892,2.719582786644705,-77.85204117817695,"[366.4109053004278, -7.762601943015542e-15, 608.3107016958883]",2.8588493146985523,native_rigid_body_reuse_instantaneous_projected_area,3.111111111036936,0.918915851175015,0.0,0.0,0.0,0.0,0.0,0.0,0.0,query-000000,rigid_body_6dof,pseudo_6dof,19.524965692608614,0.0,0.0,,24.750000000000217,0.19989634062541484,0.013739560163763542,0.04113115413978363,0.20454606901580885,-0.0008596488462302432,0.0,0.20454426257825276,-0.09053388783643657,-8.614130727609892,2.719582786644705,5.903649438552413e-14,5.01670587352495e-16,"[0.0001240265567981317, -9.137625792980665e-17, -17.007862435271544]","[0.0, 0.0, 0.0]",-68.03952443580164
query-000000,-6.201954868541766e-05,-5.921189464667501e-16,0.01703680225441791,114.31224185499175,4.450404748683321,28.453465240600572,-0.08519476462291332,-9.919601314305064,1.2833279287676027,17.00360216606055,"[0.00010734826481782426, -1.2591652980703374e-16, -17.00360216572169]",-0.053615072164691996,-1.8559301530067125,0.2313417824435746,0.3736345719912529,"[0.7255843432032516, -0.21769543109682624, -0.5761310567860455, -0.30693495334430004]","[0.2839825487430444, -0.037679691623444436, 0.23986860202130098]",nominal-triaxial_ellipsoid-pseudo_6dof,117.88424162940218,booster-release,114.31224185499175,4.450404748683321,28.453465240600572,-0.000744234584225012,-7.105427357601002e-15,117.88424162705302,-114.11410474876448,-4.443203880567438,-28.403597742253112,0.0,1.5,0.0,5.1899999999999995,5.717999999999999,12.0,alpha3-passive-deployment-parent-v1,-0.08519476462291332,-9.919601314305064,1.2833279287676027,-75.85960580885363,"[366.41093417220463, -7.792970852442674e-15, 604.059268665311]",2.8588493147156253,native_rigid_body_reuse_instantaneous_projected_area,3.111111111055515,0.918915851175015,0.0,0.0,0.0,0.0,0.0,0.0,0.0,query-000000,rigid_body_6dof,pseudo_6dof,8.890783597290016,0.0,0.0,,25.00000000000022,0.19813710622727854,0.007200868115883274,0.04986749834746007,0.20444298167753377,-0.000744234584225012,-7.105427357601002e-15,0.20444162705301494,-0.08519476462291332,-9.919601314305064,1.2833279287676027,5.994953967396427e-14,5.094293130508743e-16,"[0.00010734826481782426, -1.2591652980703374e-16, -17.00360216572169]","[0.0, 0.0, 0.0]",-52.79261256225652
query-000000,-5.369102308942312e-05,-2.9605947323337506e-16,0.017028255698248763,115.98501402008785,-1.182033553172085,21.041615046075453,-0.08275743137751321,-6.90396525058998,-0.7169045944708746,16.999344033865427,"[9.290941226483748e-05, -1.4071950346870252e-16, -16.99934403361153]",-0.013760778236201457,-1.2708050214938682,-0.04638272687009541,0.5859099309430258,"[0.7236351812745471, -0.21998217833450523, -0.6019658620719468, -0.25611924280876947]","[0.27585810459171073, -0.4437379725784469, 0.26512141558293545]",nominal-triaxial_ellipsoid-pseudo_6dof,117.88413907013963,booster-release,115.98501402008785,-1.182033553172085,21.041615046075453,-0.0006442922770730775,-3.552713678800501e-15,117.88413906837899,-115.78405954291776,1.1795758800840588,-21.004653878252846,0.0,1.5,0.0,5.1899999999999995,5.717999999999999,12.0,alpha3-passive-deployment-parent-v1,-0.08275743137751321,-6.90396525058998,-0.7169045944708746,-79.70181110547031,"[366.4109591610513, -7.827533937740613e-15, 599.8089004349081]",2.858849314728424,native_rigid_body_reuse_instantaneous_projected_area,3.111111111069443,0.918915851175015,0.0,0.0,0.0,0.0,0.0,0.0,0.0,query-000000,rigid_body_6dof,pseudo_6dof,-3.2142308417373378,8.881784197001252e-16,1.2795046377063241e-16,,25.250000000000224,0.20095447717008597,-0.0024576730880261355,0.036961167822607166,0.20434008412088384,-0.0006442922770730775,-3.552713678800501e-15,0.2043390683789852,-0.08275743137751321,-6.90396525058998,-0.7169045944708746,2.212535884564424e-14,1.8801322610715041e-16,"[9.290941226483748e-05, -1.4071950346870252e-16, -16.99934403361153]","[0.0, 0.0, 0.0]",-36.298174803160904
query-000000,-4.6479245836413455e-05,0.0,0.01701971555027152,117.54448331137849,-7.427513262551677,4.977205245756231,-0.08223727533257683,-1.0893942080999501,-2.8413152171447695,16.995088037529655,"[8.040975498665338e-05, -1.3825234119175773e-16, -16.995088037339432]",-0.008052698582002766,-0.16281963893369925,-0.3856833615545082,0.717715955963932,"[0.6944732137200856, -0.2304741378839991, -0.6525128366330663, -0.19701681456412085]","[0.2741242511085894, -0.6287356723648658, 0.2113375089643955]",nominal-triaxial_ellipsoid-pseudo_6dof,117.88403658792264,booster-release,117.54448331137849,-7.427513262551677,4.977205245756231,-0.0005577509500369615,0.0,117.88403658660326,-117.34087444102258,7.414325110244032,-4.968128079647286,0.0,1.5,0.0,5.1899999999999995,5.717999999999999,12.0,alpha3-passive-deployment-parent-v1,-0.08223727533257683,-1.0893942080999501,-2.8413152171447695,-85.65046211395324,"[366.41098078839866, -7.863824036632413e-15, 595.5595964705196]",2.858849314738019,native_rigid_body_reuse_instantaneous_projected_area,3.111111111079885,0.918915851175015,0.0,0.0,0.0,0.0,0.0,0.0,0.0,query-000000,rigid_body_6dof,pseudo_6dof,-56.175086754890266,0.0,0.0,,25.500000000000227,0.20360887035590736,-0.013188152307644252,0.009077166108944823,0.20423734818458764,-0.0005577509500369615,0.0,0.20423658660325827,-0.08223727533257683,-1.0893942080999501,-2.8413152171447695,1.304017990945124e-14,1.1081069061513735e-16,"[8.040975498665338e-05, -1.3825234119175773e-16, -16.995088037339432]","[0.0, 0.0, 0.0]",20.959488758049204
query-000000,-4.023470123530141e-05,-2.9605947323337506e-16,0.01701118181191082,116.65127572658591,-12.088149224316258,-11.957359996642102,-0.08056934244530725,4.731765106950561,-4.319223475563899,16.990834175445645,"[6.958924215032044e-05, -1.2098220525314418e-16, -16.990834175303135]",-0.03938697342474484,0.9285745994346208,-0.664093490636961,0.5962258493421126,"[0.6546964615704383, -0.232978250025862, -0.7045846664349243, -0.1437154342679346]","[0.2685644748176908, -0.52667544135436, 0.0772746126733205]",nominal-triaxial_ellipsoid-pseudo_6dof,117.88393418273165,booster-release,116.65127572658591,-12.088149224316258,-11.957359996642102,-0.0004828164148236169,-3.552713678800501e-15,117.88393418174293,-116.4492596051075,12.066967796819714,11.937066375487625,0.0,1.5,0.0,5.1899999999999995,5.717999999999999,12.0,alpha3-passive-deployment-parent-v1,-0.08056934244530725,4.731765106950561,-4.319223475563899,-81.70695972704115,"[366.41099950576074, -7.89579660153956e-15, 591.3113562383862]",2.858849314745211,native_rigid_body_reuse_instantaneous_projected_area,3.1111111110877117,0.918915851175015,0.0,0.0,0.0,0.0,0.0,0.0,0.0,query-000000,rigid_body_6dof,pseudo_6dof,-134.6899383459294,0.0,0.0,,25.75000000000023,0.2020161214784082,-0.021181427496543392,-0.020293621154477748,0.20413475271875178,-0.0004828164148236169,-3.552713678800501e-15,0.20413418174292985,-0.08056934244530725,4.731765106950561,-4.319223475563899,3.783600836016232e-14,3.215165929935496e-16,"[6.958924215032044e-05, -1.2098220525314418e-16, -16.990834175303135]","[0.0, 0.0, 0.0]",103.71094531584347
query-000000,-3.4827861123076786e-05,2.9605947323337506e-16,0.017002654482704806,115.06885150869913,-12.927822247924313,-22.104945987332794,-0.07664619296270447,7.952452454302757,-4.406541094302087,16.986582446007017,"[6.0222643774713816e-05, -1.2098220525314418e-16, -16.98658244590026]",-0.0586582947731292,1.5108039474048178,-0.7363790408284878,0.3451765342018367,"[0.6278009686865909, -0.21693003179545478, -0.7393918105927533, -0.11003206555259806]","[0.2554873098756816, -0.20782404502531837, -0.10335492521110756]",nominal-triaxial_ellipsoid-pseudo_6dof,117.88383185453323,booster-release,115.06885150869913,-12.927822247924313,-22.104945987332794,-0.00041793433347692144,3.552713678800501e-15,117.88383185379246,-114.86964271738337,12.905255457160884,22.06705443882624,0.0,1.5,0.0,5.1899999999999995,5.717999999999999,12.0,alpha3-passive-deployment-parent-v1,-0.07664619296270447,7.952452454302757,-4.406541094302087,-77.45357407573384,"[366.41101570409546, -7.924931929828224e-15, 587.0641792051493]",2.8588493147506013,native_rigid_body_reuse_instantaneous_projected_area,3.1111111110935776,0.918915851175015,0.0,0.0,0.0,0.0,0.0,0.0,0.0,query-000000,rigid_body_6dof,pseudo_6dof,-149.68004885720043,8.881784197001252e-16,9.768759926722887e-17,,26.000000000000234,0.19920879131575475,-0.022566790763429267,-0.037891548506554074,0.204032281835728,-0.00041793433347692144,3.552713678800501e-15,0.2040318537924577,-0.07664619296270447,7.952452454302757,-4.406541094302087,6.207736305219684e-14,5.275107796936844e-16,"[6.0222643774713816e-05, -1.2098220525314418e-16, -16.98658244590026]","[0.0, 0.0, 0.0]",122.78086101247183
query-000000,-3.0146516965719645e-05,-2.9605947323337506e-16,0.016994133560717252,115.4933358963655,-8.900332258361042,-21.878006179726988,-0.07296776867321686,7.481676151869928,-2.8105458280083537,16.9823328476087,"[5.211489528201472e-05, -6.793821629883114e-17, -16.982332847528735]",-0.03278355027136407,1.38891042770757,-0.5180833029507128,0.3983916003896122,"[0.6300669983487993, -0.180021293075375, -0.7485910608128628, -0.10109072807274104]","[0.24322589557738952, 0.16919654242246304, -0.26632604268801224]",nominal-triaxial_ellipsoid-pseudo_6dof,117.88372960328373,booster-release,115.4933358963655,-8.900332258361042,-21.878006179726988,-0.00036175820358863575,-3.552713678800501e-15,117.88372960272861,-115.2934904895842,8.88479204393003,21.840486466749745,0.0,1.5,0.0,5.1899999999999995,5.717999999999999,12.0,alpha3-passive-deployment-parent-v1,-0.07296776867321686,7.481676151869928,-2.8105458280083537,-78.44189371023761,"[366.4110297219142, -7.94530883203373e-15, 582.8180648378508]",2.8588493147546417,native_rigid_body_reuse_instantaneous_projected_area,3.1111111110979746,0.918915851175015,0.0,0.0,0.0,0.0,0.0,0.0,0.0,query-000000,rigid_body_6dof,pseudo_6dof,-157.86332333385937,4.440892098500626e-16,5.556327919904179e-17,,26.250000000000238,0.19984540678129292,-0.015540214431011279,-0.0375197129772431,0.20392992359642897,-0.00036175820358863575,-3.552713678800501e-15,0.20392960272860705,-0.07296776867321686,7.481676151869928,-2.8105458280083537,2.0676014834326914e-14,1.7569722955279422e-16,"[5.211489528201472e-05, -6.793821629883114e-17, -16.982332847528735]","[0.0, 0.0, 0.0]",134.81377339268195
query-000000,-2.609346752713293e-05,-4.440892098500626e-16,0.016985619042957957,117.23607889485417,-0.8414581312348093,-12.310295259497154,-0.07203230400229135,3.855342754921662,0.09576786635850099,16.97808537864699,"[4.5097063520706224e-05, -5.930314832952435e-17, -16.978085378587096]",0.004434253284261816,0.6762450242538881,-0.05091258106711626,0.6039836752629493,"[0.6600681739448944, -0.12738716993463983, -0.7321116834213681, -0.10997725982686626]","[0.24010768000763785, 0.4366672311197895, -0.3412716092083633]",nominal-triaxial_ellipsoid-pseudo_6dof,117.88362742893135,booster-release,117.23607889485417,-0.8414581312348093,-12.310295259497154,-0.00031312161032559516,-5.329070518200751e-15,117.8836274285155,-117.03334105492489,0.8398995173203083,12.289303412416771,0.0,1.5,0.0,5.1899999999999995,5.717999999999999,12.0,alpha3-passive-deployment-parent-v1,-0.07203230400229135,3.855342754921662,0.09576786635850099,-83.99163709287677,"[366.4110418523066, -7.960504693457652e-15, 578.5730126039332]",2.858849314757669,native_rigid_body_reuse_instantaneous_projected_area,3.111111111101269,0.918915851175015,0.0,0.0,0.0,0.0,0.0,0.0,0.0,query-000000,rigid_body_6dof,pseudo_6dof,-176.09025997096913,0.0,0.0,,26.50000000000024,0.2027378399292843,-0.0015586139145009614,-0.020991847080383153,0.20382766902553315,-0.00031312161032559516,-5.329070518200751e-15,0.2038274285154955,-0.07203230400229135,3.855342754921662,0.09576786635850099,2.609620098683901e-14,2.2175599369508624e-16,"[4.5097063520706224e-05, -5.930314832952435e-17, -16.978085378587096]","[0.0, 0.0, 0.0]",156.73866634340536
query-000000,-2.2584514779211418e-05,7.401486830834377e-17,0.016977110925597096,117.57423567663112,8.376110681952643,1.6326112405928177,-0.07254344789159704,-1.0780221690904397,3.2577290150718223,16.973840037519626,"[3.9022851424524505e-05, -4.881770865250898e-17, -16.97384003747477]",0.0006247480283367949,-0.26374904334386523,0.4935710048843021,0.6148041154237918,"[0.7014692816575071, -0.0707770633243406, -0.698617946167468, -0.12191972560185739]","[0.24181149297199014, 0.4880618833169109, -0.28514364846834345]",nominal-triaxial_ellipsoid-pseudo_6dof,117.88352533141865,booster-release,117.57423567663112,8.376110681952643,1.6326112405928177,-0.000271014177350537,8.881784197001252e-16,117.88352533110717,-117.37104327115523,-8.36170818755122,-1.6295292776907715,0.0,1.5,0.0,5.1899999999999995,5.717999999999999,12.0,alpha3-passive-deployment-parent-v1,-0.07254344789159704,-1.0780221690904397,3.2577290150718223,-85.84864488244165,"[366.4110523490264, -7.9751146038408e-15, 574.329021971239]",2.8588493147599374,native_rigid_body_reuse_instantaneous_projected_area,3.1111111111037375,0.918915851175015,0.0,0.0,0.0,0.0,0.0,0.0,0.0,query-000000,rigid_body_6dof,pseudo_6dof,78.97241750838465,2.220446049250313e-16,6.469400360780355e-17,,26.750000000000245,0.2031924054758889,0.014402494401423382,0.003081962902046209,0.2037255113710809,-0.000271014177350537,8.881784197001252e-16,0.20372533110716518,-0.07254344789159704,-1.0780221690904397,3.2577290150718223,4.4136189767086173e-14,3.7505323570473585e-16,"[3.9022851424524505e-05, -4.881770865250898e-17, -16.97384003747477]","[0.0, 0.0, 0.0]",-94.64541436022094
query-000000,-1.9546727027493677e-05,0.0,0.016968609204165354,116.19561695931802,14.83538315032165,13.228435193640758,-0.07127650677285483,-4.966454324082981,5.315667686884769,16.969596822625782,"[3.376556949692177e-05, -3.8949059544729815e-17, -16.96959682259219]",-0.0352160011562669,-0.9777435289745325,0.8799328561777262,0.4161302412554277,"[0.7356276308731806, -0.025156060188564762, -0.6657777543474518, -0.12230757600314514]","[0.2375883559095161, 0.32418305039375295, -0.10780306424640737]",nominal-triaxial_ellipsoid-pseudo_6dof,117.88342331068326,booster-release,116.19561695931802,14.83538315032165,13.228435193640758,-0.00023456072432992414,0.0,117.88342331044998,-115.99492861007656,-14.809807559774292,-13.205357428926455,0.0,1.5,0.0,5.1899999999999995,5.717999999999999,12.0,alpha3-passive-deployment-parent-v1,-0.07127650677285483,-4.966454324082981,5.315667686884769,-80.29289834645948,"[366.4110614317626, -7.986085449865457e-15, 570.0860924080108]",2.8588493147616374,native_rigid_body_reuse_instantaneous_projected_area,3.1111111111055876,0.918915851175015,0.0,0.0,0.0,0.0,0.0,0.0,0.0,query-000000,rigid_body_6dof,pseudo_6dof,48.27779300653237,8.881784197001252e-16,1.2208471198455414e-16,,27.00000000000025,0.20068834924146017,0.025575590547358473,0.02307776471430323,0.20362344554923942,-0.00023456072432992414,0.0,0.20362331044998427,-0.07127650677285483,-4.966454324082981,5.315667686884769,6.819304034816314e-14,5.794795737939998e-16,"[3.376556949692177e-05, -3.8949059544729815e-17, -16.96959682259219]","[0.0, 0.0, 0.0]",-60.29154127198572
query-000000,-1.691693368321978e-05,-5.042262903505919e-16,0.016960113873736304,115.49879982447453,15.544676484310619,17.744512631775063,-0.06790041818297435,-6.254645187886733,5.297040796723328,16.96535573236614,"[2.9215511868639913e-05, -3.360996617977898e-17, -16.965355732340985]",-0.0471432993577728,-1.1820367906320763,0.9201793400131144,0.2622902270781983,"[0.7514625367995147, -0.0014091362946720648, -0.6517175955667291, -0.10279224557554195]","[0.22633472727658113, 0.042452569138209405, 0.1255648590288463]",nominal-triaxial_ellipsoid-pseudo_6dof,117.88332136665954,booster-release,115.49879982447453,15.544676484310619,17.744512631775063,-0.00020300320419863738,-6.050715484207103e-15,117.88332136648484,-115.29942147214466,-15.517870832433303,-17.713678924962657,0.0,1.5,0.0,5.1899999999999995,5.717999999999999,12.0,alpha3-passive-deployment-parent-v1,-0.06790041818297435,-6.254645187886733,5.297040796723328,-78.45631486922983,"[366.4110692907056, -7.99539674376476e-15, 565.844223382891]",2.858849314762911,native_rigid_body_reuse_instantaneous_projected_area,3.1111111111069736,0.918915851175015,0.0,0.0,0.0,0.0,0.0,0.0,0.0,query-000000,rigid_body_6dof,pseudo_6dof,41.219619081568936,0.0,0.0,,27.250000000000252,0.1993783523298731,0.026805651877316095,0.03083370681240538,0.20352146772799104,-0.00020300320419863738,-6.050715484207103e-15,0.20352136648483565,-0.06790041818297435,-6.254645187886733,5.297040796723328,4.868905634153284e-14,4.1374183455047374e-16,"[2.9215511868639913e-05, -3.360996617977898e-17, -16.965355732340985]","[0.0, 0.0, 0.0]",-49.71369717729929
query-000000,-1.4640420846016392e-05,0.0,0.016951624929018767,116.61300058426995,9.800965364703165,14.205724626648353,-0.06528096337051859,-4.7414132832239115,3.065507791062341,16.961116765142897,"[2.5277682964361828e-05, -9.420211042546833e-18, -16.96111676512406]",-0.01857452771852804,-0.8571486739069957,0.5673108390980055,0.44550454013083507,"[0.7458328156721041, -0.0003973994782435376, -0.6631343755538014, -0.06313519699142389]","[0.21760321123506196, -0.22214868603372973, 0.3190189634345633]",nominal-triaxial_ellipsoid-pseudo_6dof,117.88321949927911,booster-release,116.61300058426995,9.800965364703165,14.205724626648353,-0.0001756850501521967,0.0,117.88321949914823,-116.41179271354079,-9.784069410253206,-14.181037727718191,0.0,1.5,0.0,5.1899999999999995,5.717999999999999,12.0,alpha3-passive-deployment-parent-v1,-0.06528096337051859,-4.7414132832239115,3.065507791062341,-81.58143093406566,"[366.41107609050215, -8.001056203813317e-15, 561.6034143649215]",2.858849314763865,native_rigid_body_reuse_instantaneous_projected_area,3.1111111111080114,0.918915851175015,0.0,0.0,0.0,0.0,0.0,0.0,0.0,query-000000,rigid_body_6dof,pseudo_6dof,34.603358154620594,0.0,0.0,,27.500000000000256,0.20120787072916357,0.01689595444995895,0.024686898930161405,0.203419575014185,-0.0001756850501521967,0.0,0.2034194991482252,-0.06528096337051859,-4.7414132832239115,3.065507791062341,6.141858852311762e-14,5.219127541270261e-16,"[2.5277682964361828e-05, -9.420211042546833e-18, -16.96111676512406]","[0.0, 0.0, 0.0]",-39.766978077158
query-000000,-1.2669800896721501e-05,3.700743415417188e-17,0.016943142364482355,117.77531941275912,-0.39139037711819963,5.024976762601596,-0.06498813757155948,-1.3872105978311442,-0.5791855423461165,16.95687991935978,"[2.18698280027754e-05, -1.5029150281538513e-17, -16.956879919345678]",0.005391986172271351,-0.1992090366662652,-0.051254422309415966,0.5696989832318591,"[0.721936566433264, -0.012810601314412263, -0.6917536747185619, -0.010969779117144071]","[0.21662712523853161, -0.3579299316757362, 0.38667270929935876]",nominal-triaxial_ellipsoid-pseudo_6dof,117.88311770847173,booster-release,117.77531941275912,-0.39139037711819963,5.024976762601596,-0.00015203761076065803,4.440892098500626e-16,117.88311770837379,-117.57219411118675,0.39071023657979076,-5.016158433748238,0.0,1.5,0.0,5.1899999999999995,5.717999999999999,12.0,alpha3-passive-deployment-parent-v1,-0.06498813757155948,-1.3872105978311442,-0.5791855423461165,-87.54959546477775,"[366.4110819736809, -8.004697361284337e-15, 557.3636648235432]",2.858849314764581,native_rigid_body_reuse_instantaneous_projected_area,3.111111111108791,0.918915851175015,0.0,0.0,0.0,0.0,0.0,0.0,0.0,query-000000,rigid_body_6dof,pseudo_6dof,-4.4537947946779575,0.0,0.0,,27.75000000000026,0.20312530157237063,-0.0006801405384088688,0.008818328853357649,0.20331776521938238,-0.00015203761076065803,4.440892098500626e-16,0.20331770837378826,-0.06498813757155948,-1.3872105978311442,-0.5791855423461165,4.857324236936712e-14,4.127576896745841e-16,"[2.18698280027754e-05, -1.5029150281538513e-17, -16.956879919345678]","[0.0, 0.0, 0.0]",2.52637547402119
query-000000,-1.0964033010670466e-05,0.0,0.01693466617434325,117.27938246893768,-10.782921195050598,-5.06759490159283,-0.06503678637632303,2.1078345070219573,-4.109129182058898,16.952645193422068,"[1.892072678424654e-05, -1.2407790362284668e-17, -16.95264519341151]",-0.010150830826880425,0.45776190935264205,-0.6735905039073207,0.48632286974098776,"[0.6905687940883576, -0.024162734689447112, -0.7217415662590657, 0.04024940269854477]","[0.21678928792107677, -0.321942477326076, 0.29302795014969346]",nominal-triaxial_ellipsoid-pseudo_6dof,117.88301599416553,booster-release,117.27938246893768,-10.782921195050598,-5.06759490159283,-0.0001315683961280456,0.0,117.88301599409212,-117.07720114719851,10.764335469558237,5.058990163780521,0.0,1.5,0.0,5.1899999999999995,5.717999999999999,12.0,alpha3-passive-deployment-parent-v1,-0.06503678637632303,2.1078345070219573,-4.109129182058898,-84.19922103882901,"[366.41108706361905, -8.00806144486683e-15, 553.1249742285958]",2.8588493147651155,native_rigid_body_reuse_instantaneous_projected_area,3.1111111111093726,0.918915851175015,0.0,0.0,0.0,0.0,0.0,0.0,0.0,query-000000,rigid_body_6dof,pseudo_6dof,-115.17244546230292,0.0,0.0,,28.000000000000263,0.20218132173917525,-0.01858572549236115,-0.008604737812309082,0.20321603668286367,-0.0001315683961280456,0.0,0.203215994092119,-0.06503678637632303,2.1078345070219573,-4.109129182058898,1.9322646791447773e-14,1.64196801757377e-16,"[1.892072678424654e-05, -1.2407790362284668e-17, -16.95264519341151]","[0.0, 0.0, 0.0]",116.47762363296142
query-000000,-9.48757438834491e-06,2.0354088784794536e-16,0.016926196352718154,116.11342420229691,-16.805794964485933,-11.47255301844084,-0.06314091483946667,4.175724822905956,-5.9655531189868185,16.948412585736587,"[1.636871562260815e-05, -1.0249023369957973e-17, -16.948412585728683]",-0.03812289415245431,0.8170643665347566,-1.0223142725036312,0.2710909412756461,"[0.6674140572527119, -0.02161168472002126, -0.7404013846985293, 0.07679323408697408]","[0.21046971613155557, -0.15446172105169742, 0.07303679732139007]",nominal-triaxial_ellipsoid-pseudo_6dof,117.8829143562875,booster-release,116.11342420229691,-16.805794964485933,-11.47255301844084,-0.00011385089266013892,2.4424906541753444e-15,117.88291435623262,-115.91334641355468,16.776846294134025,11.452898308911863,0.0,1.5,0.0,5.1899999999999995,5.717999999999999,12.0,alpha3-passive-deployment-parent-v1,-0.06314091483946667,4.175724822905956,-5.9655531189868185,-80.06008797461871,"[366.41109146711204, -8.010932095993939e-15, 548.8873420503173]",2.8588493147655165,native_rigid_body_reuse_instantaneous_projected_area,3.1111111111098086,0.918915851175015,0.0,0.0,0.0,0.0,0.0,0.0,0.0,query-000000,rigid_body_6dof,pseudo_6dof,-124.31982840582049,8.882868333007365e-16,1.2198280064591815e-16,,28.250000000000266,0.20007778874223447,-0.028948670351908845,-0.019654709528976966,0.2031143881408123,-0.00011385089266013892,2.4424906541753444e-15,0.20311435623261787,-0.06314091483946667,4.175724822905956,-5.9655531189868185,5.516492278673458e-14,4.687713846109067e-16,"[1.636871562260815e-05, -1.0249023369957973e-17, -16.948412585728683]","[0.0, 0.0, 0.0]",128.80912738020146
query-000000,-8.209644828246116e-06,2.1163626406917047e-16,0.01691773289357338,116.19412203112394,-15.810366064315813,-12.054703759694396,-0.0601039268474655,4.164710199619737,-5.326037394263662,16.94418209471175,"[1.4160406961829895e-05, -2.1813846543136686e-17, -16.94418209470583]",-0.03671834767377072,0.7728923690899672,-0.9382314738022636,0.2753904700193889,"[0.663720282697894, 0.001140910665652233, -0.7423807251532905, 0.0913506627187519]","[0.20034642282488502, 0.05244327193959607, -0.1815238966831692]",nominal-triaxial_ellipsoid-pseudo_6dof,117.882812794764,booster-release,116.19412203112394,-15.810366064315813,-12.054703759694396,-9.851573793895341e-05,2.5396351688300456e-15,117.88281279472288,-115.99400573013048,15.783150212823177,12.034040554939182,0.0,1.5,0.0,5.1899999999999995,5.717999999999999,12.0,alpha3-passive-deployment-parent-v1,-0.0601039268474655,4.164710199619737,-5.326037394263662,-80.290233822926,"[366.4110952765988, -8.015372671866805e-15, 544.6507677593438]",2.8588493147658163,native_rigid_body_reuse_instantaneous_projected_area,3.111111111110135,0.918915851175015,0.0,0.0,0.0,0.0,0.0,0.0,0.0,query-000000,rigid_body_6dof,pseudo_6dof,-127.32411677269099,6.938893903907228e-18,1.0262671324874617e-18,,28.50000000000027,0.20011630099345723,-0.02721585149263639,-0.020663204755214437,0.20301281862617707,-9.851573793895341e-05,2.5396351688300456e-15,0.20301279472288059,-0.0601039268474655,4.164710199619737,-5.326037394263662,3.9862854202672134e-14,3.3873998938366767e-16,"[1.4160406961829895e-05, -2.1813846543136686e-17, -16.94418209470583]","[0.0, 0.0, 0.0]",134.8509634986017
query-000000,-7.103589536446482e-06,-2.5905203907920316e-16,0.016909275790813656,117.3689343875842,-8.074546567830039,-7.46113691944222,-0.05822920898520195,2.398951800489212,-2.412488495638819,16.93995371875751,"[1.2249580278957093e-05, -1.1954834788001835e-17, -16.93995371875308]",-0.012763730781569671,0.40517413427470494,-0.44754742393221675,0.4586571193863,"[0.6789091062359269, 0.042010295905407856, -0.7279298952543994, 0.08623008815253588]","[0.1940973632840065, 0.20466871032328, -0.361667368924182]",nominal-triaxial_ellipsoid-pseudo_6dof,117.88271130952052,booster-release,117.3689343875842,-8.074546567830039,-7.46113691944222,-8.524307443735779e-05,-3.1086244689504383e-15,117.88271130948976,-117.16690109025595,8.06066303269742,7.448377569611331,0.0,1.5,0.0,5.1899999999999995,5.717999999999999,12.0,alpha3-passive-deployment-parent-v1,-0.05822920898520195,2.398951800489212,-2.412488495638819,-84.64868617948868,"[366.41109857208846, -8.019714464875068e-15, 540.4152508267094]",2.8588493147660414,native_rigid_body_reuse_instantaneous_projected_area,3.11111111111038,0.918915851175015,0.0,0.0,0.0,0.0,0.0,0.0,0.0,query-000000,rigid_body_6dof,pseudo_6dof,-132.73917905478072,0.0,0.0,,28.750000000000274,0.20203329732825637,-0.013883535132618974,-0.012759349830888667,0.2029113273950779,-8.524307443735779e-05,-3.1086244689504383e-15,0.20291130948976388,-0.05822920898520195,2.398951800489212,-2.412488495638819,5.024373741719749e-14,4.2695294704101714e-16,"[1.2249580278957093e-05, -1.1954834788001835e-17, -16.93995371875308]","[0.0, 0.0, 0.0]",143.15598235038857
query-000000,-6.146327027778398e-06,0.0,0.016900825038276203,117.83852626898829,3.1961282246045375,-0.4197714546563871,-0.05775241525849746,-0.10738772082648196,1.5627609890036438,16.93572745628543,"[1.0596221392757097e-05, -1.4730392349564726e-17, -16.935727456282116]",-0.005010676735517518,-0.08145025859653816,0.24286912191768611,0.4978939200323533,"[0.7021789276799613, 0.09119674067764398, -0.7024698732858204, 0.07186087348340404]","[0.19250805086165818, 0.24499781305993973, -0.38834916963278737]",nominal-triaxial_ellipsoid-pseudo_6dof,117.88260990048235,booster-release,117.83852626898829,3.1961282246045375,-0.4197714546563871,-7.375592433334077e-05,0.0,117.88260990045931,-117.63579241380228,-3.1906126149943894,0.41912093465020206,0.0,1.5,0.0,5.1899999999999995,5.717999999999999,12.0,alpha3-passive-deployment-parent-v1,-0.05775241525849746,-0.10738772082648196,1.5627609890036438,-88.43301810517497,"[366.41110142282963, -8.022949889799761e-15, 536.1807907238449]",2.8588493147662106,native_rigid_body_reuse_instantaneous_projected_area,3.111111111110564,0.918915851175015,0.0,0.0,0.0,0.0,0.0,0.0,0.0,query-000000,rigid_body_6dof,pseudo_6dof,97.48356241449747,5.551115123125783e-17,3.5413573888891334e-17,,29.000000000000277,0.20273385518601117,0.005515609610148076,-0.0006505200061850402,0.20280991387073122,-7.375592433334077e-05,0.0,0.20280990045931446,-0.05775241525849746,-0.10738772082648196,1.5627609890036438,5.172202411009884e-14,4.395148879425257e-16,"[1.0596221392757097e-05, -1.4730392349564726e-17, -16.935727456282116]","[0.0, 0.0, 0.0]",-84.24055962290794
query-000000,-5.317870835834052e-06,-1.4802973661668753e-16,0.016892380629774568,117.02522296246418,13.055839868570715,5.5613003961361684,-0.05680461191202439,-2.1273135674055954,4.8545108094036244,16.931503305708638,"[9.165690351937341e-06, -1.4730392349564726e-17, -16.931503305706155]",-0.02258689422289479,-0.4482331568950835,0.82769704499812,0.35819587789377916,"[0.7209363218073112, 0.13498574540956707, -0.6768979164835842, 0.06195868861871806]","[0.18934870637341467, 0.1742374072812491, -0.24918402885963153]",nominal-triaxial_ellipsoid-pseudo_6dof,117.88250856757445,booster-release,117.02522296246418,13.055839868570715,5.5613003961361684,-6.381445003000863e-05,-1.7763568394002505e-15,117.8825085675573,-116.823993405055,-13.033371956585645,-5.551676177242484,0.0,1.5,0.0,5.1899999999999995,5.717999999999999,12.0,alpha3-passive-deployment-parent-v1,-0.05680461191202439,-2.1273135674055954,4.8545108094036244,-83.08586221430767,"[366.41110388875524, -8.025460585805603e-15, 531.947386922578]",2.8588493147663363,native_rigid_body_reuse_instantaneous_projected_area,3.111111111110701,0.918915851175015,0.0,0.0,0.0,0.0,0.0,0.0,0.0,query-000000,rigid_body_6dof,pseudo_6dof,66.92800573700167,0.0,0.0,,29.25000000000028,0.20122955740917803,0.022467911985069478,0.009624218893684144,0.20270857760197122,-6.381445003000863e-05,-1.7763568394002505e-15,0.20270856755729483,-0.05680461191202439,-2.1273135674055954,4.8545108094036244,9.717805401819292e-14,8.257836435666352e-16,"[9.165690351937341e-06, -1.4730392349564726e-17, -16.931503305706155]","[0.0, 0.0, 0.0]",-50.888484397746815
query-000000,-4.600915110231085e-06,-1.4802973661668753e-16,0.01688394255903347,116.3365807736337,17.234161016961156,8.065086565689612,-0.054475737345158246,-2.867561229809388,6.037823453720624,16.927281265441827,"[7.928000718858694e-06, -2.0898298041926706e-17, -16.92728126543997]",-0.03623924923261069,-0.5532737442671471,1.0508772977536696,0.1867107760220261,"[0.7277633268519447, 0.16201719345672388, -0.6629799877449096, 0.06759071654861705]","[0.18158579115052748, 0.043141552811198816, -0.005130375816911885]",nominal-triaxial_ellipsoid-pseudo_6dof,117.88240731072135,booster-release,116.3365807736337,17.234161016961156,8.065086565689612,-5.521098132277302e-05,-1.7763568394002505e-15,117.8824073107084,-116.13663647270775,-17.204522989721085,-8.051172929597755,0.0,1.5,0.0,5.1899999999999995,5.717999999999999,12.0,alpha3-passive-deployment-parent-v1,-0.054475737345158246,-2.867561229809388,6.037823453720624,-80.7110126035967,"[366.4111060217337, -8.028279677096063e-15, 527.7150388951335]",2.858849314766431,native_rigid_body_reuse_instantaneous_projected_area,3.111111111110804,0.918915851175015,0.0,0.0,0.0,0.0,0.0,0.0,0.0,query-000000,rigid_body_6dof,pseudo_6dof,64.92189169456616,4.440892098500626e-16,6.643667207213009e-17,,29.500000000000284,0.1999443009259494,0.029638027240071807,0.013913636091857029,0.20260731823096437,-5.521098132277302e-05,-1.7763568394002505e-15,0.20260731070840166,-0.054475737345158246,-2.867561229809388,6.037823453720624,8.116038330303088e-15,6.896713225466977e-17,"[7.928000718858694e-06, -2.0898298041926706e-17, -16.92728126543997]","[0.0, 0.0, 0.0]",-46.17227192956994
query-000000,-3.980475648054001e-06,2.9605947323337506e-16,0.016875510819829742,116.8510468321435,14.04076148005887,6.702832966992909,-0.05195542821264887,-2.262139783016044,4.642166819869796,16.92306133390128,"[6.857195360011869e-06, -1.843113576498191e-17, -16.92306133389989]",-0.027871273242073464,-0.40237603521612475,0.8208798048249569,0.3051730844756883,"[0.7209859127244282, 0.1682815080064355, -0.6657712303758817, 0.09278640266649023]","[0.17318476070882957, -0.08078203798793236, 0.23793257970514944]",nominal-triaxial_ellipsoid-pseudo_6dof,117.88230612984754,booster-release,116.8510468321435,14.04076148005887,6.702832966992909,-4.7765707776648014e-05,3.552713678800501e-15,117.88230612983796,-116.65031685959659,-14.016624253994697,-6.69127410274416,0.0,1.5,0.0,5.1899999999999995,5.717999999999999,12.0,alpha3-passive-deployment-parent-v1,-0.05195542821264887,-2.262139783016044,4.642166819869796,-82.41573665014249,"[366.41110786665286, -8.033504251606544e-15, 523.4837461141317]",2.8588493147665015,native_rigid_body_reuse_instantaneous_projected_area,3.1111111111108807,0.918915851175015,0.0,0.0,0.0,0.0,0.0,0.0,0.0,query-000000,rigid_body_6dof,pseudo_6dof,64.48106383535097,0.0,0.0,,29.750000000000288,0.2007299725469096,0.024137226064173234,0.011558864248748968,0.2025061354712748,-4.7765707776648014e-05,3.552713678800501e-15,0.2025061298379569,-0.05195542821264887,-2.262139783016044,4.642166819869796,8.206038647868028e-14,6.97319221129542e-16,"[6.857195360011869e-06, -1.843113576498191e-17, -16.92306133389989]","[0.0, 0.0, 0.0]",-43.157871595022335
query-000000,-3.443578898180514e-06,4.440892098500626e-16,0.01686708540586442,117.7480477740101,4.889332116759115,2.775957202253689,-0.05042708168204073,-0.8202008651257762,1.2817221723706371,16.918843509504875,"[5.93080583875972e-06, -2.7066203734288684e-17, -16.918843509503834]",-0.014335733273878113,-0.10672326994557457,0.2399757294632312,0.4365831288405156,"[0.7029027136735787, 0.15832263841298005, -0.6805584604763765, 0.13304848420893853]","[0.16809027227346912, -0.14584215381793342, 0.37560691543813657]",nominal-triaxial_ellipsoid-pseudo_6dof,117.88220502487763,booster-release,117.7480477740101,4.889332116759115,2.775957202253689,-4.132294677816617e-05,5.329070518200751e-15,117.88220502487037,-117.54587467757955,-4.880920475063814,-2.7711531243993974,0.0,1.5,0.0,5.1899999999999995,5.717999999999999,12.0,alpha3-passive-deployment-parent-v1,-0.05042708168204073,-0.8202008651257762,1.2817221723706371,-87.26624735858283,"[366.4111094623576, -8.035644873270843e-15, 519.253508052589]",2.8588493147665544,native_rigid_body_reuse_instantaneous_projected_area,3.1111111111109384,0.918915851175015,0.0,0.0,0.0,0.0,0.0,0.0,0.0,query-000000,rigid_body_6dof,pseudo_6dof,60.4141626399746,0.0,0.0,,30.00000000000029,0.20217309643055614,0.008411641695301064,0.004804077854291489,0.20240502908861296,-4.132294677816617e-05,5.329070518200751e-15,0.20240502487037304,-0.05042708168204073,-0.8202008651257762,1.2817221723706371,8.267791088175716e-15,7.025667181772672e-17,"[5.93080583875972e-06, -2.7066203734288684e-17, -16.918843509503834]","[0.0, 0.0, 0.0]",-36.62763526544314
query-000000,-2.9789925655165916e-06,1.4802973661668753e-16,0.016858666310866965,117.70971623689293,-6.190959691919811,-1.5116758861104729,-0.049390159023385,0.6695513998093869,-2.5670808694518086,16.91462779067204,"[5.129384231559062e-06, -2.0898298041926703e-17, -16.91462779067126]",-0.016255656363268804,0.1758364643836559,-0.43457022427874453,0.4097649506708614,"[0.6798422299535625, 0.14307925527840004, -0.6970941652272555, 0.17720777039075258]","[0.16463386341128333, -0.13532258157102262, 0.3499868636585126]",nominal-triaxial_ellipsoid-pseudo_6dof,117.88210399573583,booster-release,117.70971623689293,-6.190959691919811,-1.5116758861104729,-3.57479107861991e-05,1.7763568394002505e-15,117.8821039957304,-117.5077068475111,6.180350761020383,1.5091136306280433,0.0,1.5,0.0,5.1899999999999995,5.717999999999999,12.0,alpha3-passive-deployment-parent-v1,-0.049390159023385,0.6695513998093869,-2.5670808694518086,-86.90100122735575,"[366.41111084246245, -8.040314336269013e-15, 515.024324183917]",2.8588493147665943,native_rigid_body_reuse_instantaneous_projected_area,3.111111111110982,0.918915851175015,0.0,0.0,0.0,0.0,0.0,0.0,0.0,query-000000,rigid_body_6dof,pseudo_6dof,-103.72193153300509,6.938893903907228e-18,2.6150746811236773e-18,,30.250000000000295,0.20200938938182844,-0.010608930899427271,-0.0025622554824296095,0.20230399888880168,-3.57479107861991e-05,1.7763568394002505e-15,0.20230399573040359,-0.049390159023385,0.6695513998093869,-2.5670808694518086,1.6487838499062393e-14,1.4010763528712994e-16,"[5.129384231559062e-06, -2.0898298041926703e-17, -16.91462779067126]","[0.0, 0.0, 0.0]",129.91118577368084
query-000000,-2.5769922740911016e-06,-1.4802973661668753e-16,0.016850253528558547,116.93489903754781,-14.315756794366726,-4.177934389011461,-0.04774403579979981,1.5348128231572646,-5.2114569992031505,16.91041417582381,"[4.436097679668445e-06, 7.474068142938414e-18, -16.910414175823227]",-0.027507260561075546,0.31845158570526233,-0.90423568699864,0.2471538295734409,"[0.6611573917061678, 0.13528064108519172, -0.7066966077251174, 0.21248519047144881]","[0.15914678599933268, -0.06988033429985892, 0.17571014443406516]",nominal-triaxial_ellipsoid-pseudo_6dof,117.88200304234671,booster-release,116.93489903754781,-14.315756794366726,-4.177934389011461,-3.092390728909322e-05,-1.7763568394002505e-15,117.8820030423427,-116.7343178112143,14.291215548086385,4.170795049934377,0.0,1.5,0.0,5.1899999999999995,5.717999999999999,12.0,alpha3-passive-deployment-parent-v1,-0.04774403579979981,1.5348128231572646,-5.2114569992031505,-82.73217355385438,"[366.41111203605465, -8.044490366811792e-15, 510.7961939819221]",2.8588493147666236,native_rigid_body_reuse_instantaneous_projected_area,3.1111111111110135,0.918915851175015,0.0,0.0,0.0,0.0,0.0,0.0,0.0,query-000000,rigid_body_6dof,pseudo_6dof,-106.26952948791138,2.2215299868541707e-16,4.088975404520499e-17,,30.5000000000003,0.2005812263335116,-0.024541246280341156,-0.007139339077084195,0.2022030447073753,-3.092390728909322e-05,-1.7763568394002505e-15,0.2022030423427026,-0.04774403579979981,1.5348128231572646,-5.2114569992031505,6.82737617359507e-14,5.80165514692842e-16,"[4.436097679668445e-06, 7.474068142938414e-18, -16.910414175823227]","[0.0, 0.0, 0.0]",134.79905298270148
query-000000,-2.22915942297656e-06,-2.9605947323337506e-16,0.016841847052630733,116.69285453063463,-16.102704115052,-4.429839684199474,-0.045498515647260096,1.5408211078294851,-5.557966479401491,16.90620266338277,"[3.836377282276196e-06, -2.3945809648407533e-18, -16.906202663382338]",-0.030109831063020627,0.28847794410348115,-0.9729196479352044,0.1665438143052525,"[0.6543596498003356, 0.143971278348977, -0.7057348512775945, 0.23026949302053762]","[0.15166171882420032, 0.009270502543671101, -0.06818814346511726]",nominal-triaxial_ellipsoid-pseudo_6dof,117.88190216463448,booster-release,116.69285453063463,-16.102704115052,-4.429839684199474,-2.6749913075718723e-05,-3.552713678800501e-15,117.88190216463157,-116.49278819566234,16.075110371207096,4.422267856436314,0.0,1.5,0.0,5.1899999999999995,5.717999999999999,12.0,alpha3-passive-deployment-parent-v1,-0.045498515647260096,1.5408211078294851,-5.557966479401491,-81.8552094878442,"[366.411113068303, -8.043238640345293e-15, 506.56911692080547]",2.858849314766646,native_rigid_body_reuse_instantaneous_projected_area,3.111111111111038,0.918915851175015,0.0,0.0,0.0,0.0,0.0,0.0,0.0,query-000000,rigid_body_6dof,pseudo_6dof,-105.38159440094107,2.220446049250313e-16,3.849746726999496e-17,,30.750000000000302,0.20006633497229132,-0.02759374384490343,-0.007571827763160677,0.20210216640185627,-2.6749913075718723e-05,-3.552713678800501e-15,0.20210216463156883,-0.045498515647260096,1.5408211078294851,-5.557966479401491,6.300150034419269e-14,5.353637611908984e-16,"[3.836377282276196e-06, -2.3945809648407533e-18, -16.906202663382338]","[0.0, 0.0, 0.0]",136.15092000459936
query-000000,-1.9282061174408227e-06,5.921189464667501e-16,0.01683344687679522,117.33561066247769,-10.99858336021471,-2.7394756807416494,-0.043490595778941585,0.89204908311732,-3.534496597944896,16.901993251773114,"[3.3176140594875544e-06, -5.2971407642209e-17, -16.901993251772787]",-0.022757004539248504,0.13942503811938484,-0.6241527188377652,0.3178482378873668,"[0.6601410147829414, 0.17064486049258865, -0.6946222000908301, 0.22933419136663413]","[0.14496865259647196, 0.06432312634128824, -0.2754525866826272]",nominal-triaxial_ellipsoid-pseudo_6dof,117.88180136252372,booster-release,117.33561066247769,-10.99858336021471,-2.7394756807416494,-2.3138473409289873e-05,7.105427357601002e-15,117.88180136252154,-117.13454362693729,10.979748740995648,2.73480071188672,0.0,1.5,0.0,5.1899999999999995,5.717999999999999,12.0,alpha3-passive-deployment-parent-v1,-0.043490595778941585,0.89204908311732,-3.534496597944896,-84.48234076714796,"[366.411113960985, -8.052225637328117e-15, 502.3430924751624]",2.858849314766662,native_rigid_body_reuse_instantaneous_projected_area,3.111111111111055,0.918915851175015,0.0,0.0,0.0,0.0,0.0,0.0,0.0,query-000000,rigid_body_6dof,pseudo_6dof,-103.98644884880369,4.440892098500626e-16,1.2181553548995514e-16,,31.000000000000306,0.2010670355404045,-0.01883461921906182,-0.00467496885492924,0.20200136384675388,-2.3138473409289873e-05,7.105427357601002e-15,0.20200136252154266,-0.043490595778941585,0.89204908311732,-3.534496597944896,5.225986438262455e-14,4.440852583249169e-16,"[3.3176140594875544e-06, -5.2971407642209e-17, -16.901993251772787]","[0.0, 0.0, 0.0]",136.88376942054572
query-000000,-1.6678235409036308e-06,-2.9605947323337506e-16,0.01682505299476607,117.87347202473964,-1.3542243259841389,-0.3255981095572013,-0.04200379542504527,0.03408634629290315,-0.06400556892795956,16.89778593942058,"[2.8688956842802796e-06, -3.200052828817826e-17, -16.897785939420338]",-0.01829237188286839,-0.03422548198580248,-0.01814637631668272,0.39248201423787227,"[0.6723311878329317, 0.20868395635191306, -0.676632923746634, 0.21584639614909884]","[0.1400126514168176, 0.07694893261282977, -0.3584933063715364]",nominal-triaxial_ellipsoid-pseudo_6dof,117.88170063593883,booster-release,117.87347202473964,-1.3542243259841389,-0.3255981095572013,-2.001388249084357e-05,-3.552713678800501e-15,117.8817006359372,-117.67158530557845,1.3519163338216131,0.32505682322858576,0.0,1.5,0.0,5.1899999999999995,5.717999999999999,12.0,alpha3-passive-deployment-parent-v1,-0.04200379542504527,0.03408634629290315,-0.06400556892795956,-89.32300587139099,"[366.411114732943, -8.065345131124823e-15, 498.1181201199818]",2.8588493147666756,native_rigid_body_reuse_instantaneous_projected_area,3.1111111111110703,0.918915851175015,0.0,0.0,0.0,0.0,0.0,0.0,0.0,query-000000,rigid_body_6dof,pseudo_6dof,-103.51965055490115,1.3877787807814457e-17,1.3877787807814457e-17,,31.25000000000031,0.2018867191611946,-0.0023079921625257516,-0.0005412863286155534,0.2019006369291548,-2.001388249084357e-05,-3.552713678800501e-15,0.20190063593719287,-0.04200379542504527,0.03408634629290315,-0.06400556892795956,3.936476744316724e-14,3.345074298491945e-16,"[2.8688956842802796e-06, -3.200052828817826e-17, -16.897785939420338]","[0.0, 0.0, 0.0]",138.45810524558914
query-000000,-1.4425506087434314e-06,-8.881784197001252e-16,0.016816665400273934,117.56341238820148,8.520479185586822,1.5222079579090158,-0.04053599195643156,-0.587414337232646,3.3089140464957625,16.893580724752507,"[2.480778524279511e-06, -4.927066422679181e-17, -16.893580724752326]",-0.021729738977544252,-0.1445577917752342,0.5740936577387521,0.3204105036504547,"[0.6827165189052676, 0.2465059014157696, -0.6578589416659086, 0.20088456449235423]","[0.1351199731881052, 0.05264118686367096, -0.2857173238373338]",nominal-triaxial_ellipsoid-pseudo_6dof,117.88159998480444,booster-release,117.56341238820148,8.520479185586822,1.5222079579090158,-1.7310607304921177e-05,-1.0658141036401503e-14,117.88159998480329,-117.36215803320131,-8.505882742732332,-1.5195882984473172,0.0,1.5,0.0,5.1899999999999995,5.717999999999999,12.0,alpha3-passive-deployment-parent-v1,-0.04053599195643156,-0.587414337232646,3.3089140464957625,-85.78930927643471,"[366.41111540047945, -8.075318993018422e-15, 493.894199330646]",2.858849314766684,native_rigid_body_reuse_instantaneous_projected_area,3.111111111111079,0.918915851175015,0.0,0.0,0.0,0.0,0.0,0.0,0.0,query-000000,rigid_body_6dof,pseudo_6dof,79.87088511549382,0.0,0.0,,31.500000000000313,0.20125435500017375,0.014596442854490022,0.002619659461698509,0.2017999855457479,-1.7310607304921177e-05,-1.0658141036401503e-14,0.2017999848032872,-0.04053599195643156,-0.587414337232646,3.3089140464957625,7.086089929656574e-14,6.021500656575363e-16,"[2.480778524279511e-06, -4.927066422679181e-17, -16.893580724752326]","[0.0, 0.0, 0.0]",-42.96006642753915
query-000000,-1.2476602299453057e-06,2.9605947323337506e-16,0.016808284087021026,116.9853712921087,14.354669066075852,2.101019413435614,-0.03874190323664619,-0.7491017619747404,5.132018023050164,16.889377606197787,"[2.1450902661752258e-06, -6.654080016540537e-17, -16.889377606197648]",-0.025388220462115422,-0.1542366484869657,0.8964162257044169,0.1604739229560387,"[0.6859647028012598, 0.2730430077001365, -0.6453959957807597, 0.19586717715585758]","[0.1291396774554873, 0.013241779645737403, -0.0943370496009234]",nominal-triaxial_ellipsoid-pseudo_6dof,117.88149940904513,booster-release,116.9853712921087,14.354669066075852,2.101019413435614,-1.497192275934367e-05,3.552713678800501e-15,117.88149940904425,-116.78520653808214,-14.330098436287106,-2.09741285965044,0.0,1.5,0.0,5.1899999999999995,5.717999999999999,12.0,alpha3-passive-deployment-parent-v1,-0.03874190323664619,-0.7491017619747404,5.132018023050164,-82.93072239234311,"[366.41111597769833, -8.089733747010524e-15, 489.67132958293035]",2.858849314766691,native_rigid_body_reuse_instantaneous_projected_area,3.111111111111087,0.918915851175015,0.0,0.0,0.0,0.0,0.0,0.0,0.0,query-000000,rigid_body_6dof,pseudo_6dof,81.67307636692144,0.0,0.0,,31.750000000000316,0.20016475402655942,0.024570629788746245,0.0036065537851741603,0.2016994095999269,-1.497192275934367e-05,3.552713678800501e-15,0.20169940904425232,-0.03874190323664619,-0.7491017619747404,5.132018023050164,6.492361174769852e-14,5.516971625351039e-16,"[2.1450902661752258e-06, -6.654080016540537e-17, -16.889377606197648]","[0.0, 0.0, 0.0]",-42.86817013408387
query-000000,-1.0790608134432962e-06,-8.881784197001252e-16,0.01679990904873326,117.05365311369387,13.861079879136684,1.5287138281202095,-0.03686959767794234,-0.5164252662955494,4.70373846069745,16.885176582186887,"[1.854759024228687e-06, -5.4204988780681395e-17, -16.885176582186784]",-0.023764351779948942,-0.08660910009080448,0.8240425719758366,0.179145189747294,"[0.6807645912752819, 0.28239825855251177, -0.6432473452081104, 0.2074696308258764]","[0.12289865892647446, -0.017942749081429593, 0.12910064445644306]",nominal-triaxial_ellipsoid-pseudo_6dof,117.88139890858558,booster-release,117.05365311369387,13.861079879136684,1.5287138281202095,-1.2948729761319555e-05,-1.0658141036401503e-14,117.8813989085848,-116.8534709194859,-13.837366531287543,-1.5260896394594567,0.0,1.5,0.0,5.1899999999999995,5.717999999999999,12.0,alpha3-passive-deployment-parent-v1,-0.03686959767794234,-0.5164252662955494,4.70373846069745,-83.20612355175808,"[366.4111164768017, -8.10476529157186e-15, 485.4495103530026]",2.858849314766696,native_rigid_body_reuse_instantaneous_projected_area,3.1111111111110925,0.918915851175015,0.0,0.0,0.0,0.0,0.0,0.0,0.0,query-000000,rigid_body_6dof,pseudo_6dof,83.70642200699827,0.0,0.0,,32.00000000000032,0.20018219420796868,0.023713347849140476,0.0026241886607527576,0.20159890900064859,-1.2948729761319555e-05,-1.0658141036401503e-14,0.20159890858479912,-0.03686959767794234,-0.5164252662955494,4.70373846069745,1.998229048743854e-14,1.6980221318729757e-16,"[1.854759024228687e-06, -5.4204988780681395e-17, -16.885176582186784]","[0.0, 0.0, 0.0]",-43.09873275155135
query-000000,-9.332109485171713e-07,-5.921189464667501e-16,0.016791540279176804,117.6410215933683,7.508478855165958,0.46186131141850223,-0.03521576283561519,-0.1322542339212583,2.298273878262534,16.880977651151845,"[1.60366538666259e-06, -4.927066422679181e-17, -16.88097765115177]",-0.02060316587199329,0.0020212184426583804,0.40408206377718087,0.3125624883628635,"[0.6685131630828058, 0.27564836044381164, -0.6496606855793506, 0.2346255011336761]","[0.11738587611871731, -0.02832102608402453, 0.288294614415487]",nominal-triaxial_ellipsoid-pseudo_6dof,117.88129848335052,booster-release,117.6410215933683,7.508478855165958,0.46186131141850223,-1.1198531382206056e-05,-7.105427357601002e-15,117.88129848335012,-117.43993433525257,-7.495636847818204,-0.4610635717525753,0.0,1.5,0.0,5.1899999999999995,5.717999999999999,12.0,alpha3-passive-deployment-parent-v1,-0.03521576283561519,-0.1322542339212583,2.298273878262534,-86.34115081830934,"[366.4111169083454, -8.115479302148546e-15, 481.22874111742306]",2.8588493147667,native_rigid_body_reuse_instantaneous_projected_area,3.111111111111097,0.918915851175015,0.0,0.0,0.0,0.0,0.0,0.0,0.0,query-000000,rigid_body_6dof,pseudo_6dof,86.48011828072286,0.0,0.0,,32.250000000000306,0.20108725811572015,0.012842007347753537,0.0007977396659269442,0.20149848366130788,-1.1198531382206056e-05,-7.105427357601002e-15,0.20149848335012166,-0.03521576283561519,-0.1322542339212583,2.298273878262534,3.4655442832666807e-14,2.9448930770333403e-16,"[1.60366538666259e-06, -4.927066422679181e-17, -16.88097765115177]","[0.0, 0.0, 0.0]",-44.15661452650014
query-000000,-8.070455474277575e-07,-2.9605947323337506e-16,0.016783177772043224,117.86724619328858,-1.7762441889841472,-0.3662031210343395,-0.03370224058540262,0.1486916357727118,-0.9853893413780255,16.876780811526267,"[1.38651432333419e-06, -3.446769056512306e-17, -16.87678081152621]",-0.0202550251734452,0.05768655886887357,-0.1708979048637698,0.3378712976808633,"[0.6526697144802639, 0.26014233715400514, -0.6586951236749888, 0.269200561416751]","[0.11234080195134205, -0.019769309644212904, 0.31803416861977446]",nominal-triaxial_ellipsoid-pseudo_6dof,117.8811981332649,booster-release,117.86724619328858,-1.7762441889841472,-0.3662031210343395,-9.68454656913309e-06,-3.552713678800501e-15,117.88119813326452,-117.66587177394044,1.7732162149501747,0.36558442752320275,0.0,1.5,0.0,5.1899999999999995,5.717999999999999,12.0,alpha3-passive-deployment-parent-v1,-0.03370224058540262,0.1486916357727118,-0.9853893413780255,-89.11846642801046,"[366.411117281461, -8.127180177636007e-15, 477.00902135314345]",2.8588493147667036,native_rigid_body_reuse_instantaneous_projected_area,3.1111111111111005,0.918915851175015,0.0,0.0,0.0,0.0,0.0,0.0,0.0,query-000000,rigid_body_6dof,pseudo_6dof,-101.6494575351709,2.7755575615628914e-17,2.7755575615628914e-17,,32.50000000000029,0.2013744193481415,-0.0030279740339724803,-0.0006186935111367475,0.20139813349736704,-9.68454656913309e-06,-3.552713678800501e-15,0.20139813326451872,-0.03370224058540262,0.1486916357727118,-0.9853893413780255,2.8902772785958094e-14,2.456052167488226e-16,"[1.38651432333419e-06, -3.446769056512306e-17, -16.87678081152621]","[0.0, 0.0, 0.0]",145.61317793635445
query-000000,-6.979118651884164e-07,-2.9605947323337506e-16,0.016774821521103433,117.46562542098457,-9.872864104652066,-0.5537428059675358,-0.03214659157924496,0.19829984777242446,-3.6971643081287007,16.87258606174532,"[1.1987242947796276e-06, -1.4730392349564713e-17, -16.872586061745277]",-0.021109315430326264,0.0566109892987723,-0.6462843640057474,0.23697204809391598,"[0.6384438226271866, 0.24669769693498347, -0.6644463904027681, 0.30006786891783827]","[0.10715530526414986, -0.004325496805189738, 0.2113167816548425]",nominal-triaxial_ellipsoid-pseudo_6dof,117.88109785825355,booster-release,117.46562542098457,-9.872864104652066,-0.5537428059675358,-8.374942382260997e-06,-3.552713678800501e-15,117.88109785825324,-117.26503651068248,9.856010803206708,0.5528030710662293,0.0,1.5,0.0,5.1899999999999995,5.717999999999999,12.0,alpha3-passive-deployment-parent-v1,-0.03214659157924496,0.19829984777242446,-3.6971643081287007,-85.18812244159267,"[366.41111760404755, -8.13444016102497e-15, 472.7903505375071]",2.8588493147667053,native_rigid_body_reuse_instantaneous_projected_area,3.1111111111111027,0.918915851175015,0.0,0.0,0.0,0.0,0.0,0.0,0.0,query-000000,rigid_body_6dof,pseudo_6dof,-93.21023717219265,4.449557262054371e-16,1.2017327322907345e-16,,32.75000000000028,0.2005889103020877,-0.01685330144535868,-0.0009397349013064993,0.20129785842745979,-8.374942382260997e-06,-3.552713678800501e-15,0.2012978582532412,-0.03214659157924496,0.19829984777242446,-3.6971643081287007,2.7378418882011882e-14,2.326518134974047e-16,"[1.1987242947796276e-06, -1.4730392349564713e-17, -16.872586061745277]","[0.0, 0.0, 0.0]",138.74152626009732
query-000000,-6.035141157193872e-07,5.921189464667501e-16,0.016766471520123595,117.11830998299895,-13.386206655778896,-0.20136284992681353,-0.030578733922799813,0.06525767608508853,-4.7081973810438,16.86839340024574,"[1.0363312550580236e-06, -9.796067795675131e-18, -16.868393400245708]",-0.020421458357862528,0.014241609992495857,-0.8237300800561055,0.1040201836421674,"[0.6307528074605583, 0.2450044705349351, -0.6639479829924014, 0.31827155257553535]","[0.10192911307599938, 0.005028247966566654, 0.02013383308953072]",nominal-triaxial_ellipsoid-pseudo_6dof,117.8809976582416,booster-release,117.11830998299895,-13.386206655778896,-0.20136284992681353,-7.242169388632647e-06,7.105427357601002e-15,117.88099765824148,-116.9184134604522,13.36336451812037,0.20102409456556103,0.0,1.5,0.0,5.1899999999999995,5.717999999999999,12.0,alpha3-passive-deployment-parent-v1,-0.030578733922799813,0.06525767608508853,-4.7081973810438,-83.47885733362958,"[366.411117882938, -8.13688917797389e-15, 468.57272814824813]",2.858849314766707,native_rigid_body_reuse_instantaneous_projected_area,3.1111111111111045,0.918915851175015,0.0,0.0,0.0,0.0,0.0,0.0,0.0,query-000000,rigid_body_6dof,pseudo_6dof,-90.86183112889071,0.0,0.0,,33.00000000000026,0.1998965225467515,-0.022842137658525274,-0.0003387553612524963,0.20119765837182518,-7.242169388632647e-06,7.105427357601002e-15,0.20119765824148317,-0.030578733922799813,0.06525767608508853,-4.7081973810438,4.1504227515058925e-14,3.5268778086858513e-16,"[1.0363312550580236e-06, -9.796067795675131e-18, -16.868393400245708]","[0.0, 0.0, 0.0]",137.88595321013207
query-000000,-5.218655131737174e-07,2.9605947323337506e-16,0.01675812776282844,117.3593833350488,-11.073244264165826,0.25378712568810347,-0.02909608779544386,-0.09148674972863141,-3.6808407392863787,16.864202825465817,"[8.959055510695885e-07, -7.147512471929492e-17, -16.864202825465792]",-0.019243670216603746,-0.03105378382387895,-0.6438891723775232,0.19602793327269072,"[0.63119532959983, 0.2591524794704993, -0.6570871740620382, 0.32041987135447636]","[0.09698695931814619, 0.0025638301905541398, -0.17033469147574354]",nominal-triaxial_ellipsoid-pseudo_6dof,117.88089753315411,booster-release,117.3593833350488,-11.073244264165826,0.25378712568810347,-6.26238615808461e-06,3.552713678800501e-15,117.88089753315394,-117.15917504239538,11.054358651054926,-0.2533500329815084,0.0,1.5,0.0,5.1899999999999995,5.717999999999999,12.0,alpha3-passive-deployment-parent-v1,-0.02909608779544386,-0.09148674972863141,-3.6808407392863787,-84.60850255206711,"[366.4111181240425, -8.145752816842866e-15, 464.3561536634917]",2.858849314766708,native_rigid_body_reuse_instantaneous_projected_area,3.1111111111111054,0.918915851175015,0.0,0.0,0.0,0.0,0.0,0.0,0.0,query-000000,rigid_body_6dof,pseudo_6dof,-88.68709281588792,4.44969252134527e-16,1.2084684341628017e-16,,33.25000000000025,0.20020829265342854,-0.018885613110899868,0.00043709270659508803,0.2010975332514499,-6.26238615808461e-06,3.552713678800501e-15,0.2010975331539413,-0.02909608779544386,-0.09148674972863141,-3.6808407392863787,2.114924606693467e-14,1.7971857588927471e-16,"[8.959055510695885e-07, -7.147512471929492e-17, -16.864202825465792]","[0.0, 0.0, 0.0]",137.13113414796092
query-000000,-4.512467442670716e-07,-5.921189464667501e-16,0.016749790243017294,117.80614713131835,-4.177924777983987,0.37290458834289947,-0.027660304447600047,-0.12244684126697841,-1.1427125316032511,16.860014335845406,"[7.744799886646798e-07, -1.0848255887346681e-16, -16.86001433584539]",-0.019204893993808498,-0.044531782363798685,-0.19938221968730666,0.2943552823797546,"[0.6370278634471382, 0.2858012885994063, -0.6455508781293432, 0.3094788981066837]","[0.0922010148253335, -0.007774339742809621, -0.27943436576700276]",nominal-triaxial_ellipsoid-pseudo_6dof,117.88079748291628,booster-release,117.80614713131835,-4.177924777983987,0.37290458834289947,-5.41496093120486e-06,-7.105427357601002e-15,117.88079748291621,-117.60527679875725,4.170805162334563,-0.3722652623283267,0.0,1.5,0.0,5.1899999999999995,5.717999999999999,12.0,alpha3-passive-deployment-parent-v1,-0.027660304447600047,-0.12244684126697841,-1.1427125316032511,-87.96082103716617,"[366.41111833247305, -8.164608462933468e-15, 460.14062656175275]",2.858849314766709,native_rigid_body_reuse_instantaneous_projected_area,3.1111111111111063,0.918915851175015,0.0,0.0,0.0,0.0,0.0,0.0,0.0,query-000000,rigid_body_6dof,pseudo_6dof,-84.89957998503714,4.163336342344337e-17,3.621593122362161e-17,,33.500000000000234,0.20087033256110942,-0.007119615649424205,0.000639326014572783,0.20099748298914827,-5.41496093120486e-06,-7.105427357601002e-15,0.20099748291620756,-0.027660304447600047,-0.12244684126697841,-1.1427125316032511,3.4365275745534343e-14,2.9202357367648774e-16,"[7.744799886646798e-07, -1.0848255887346681e-16, -16.86001433584539]","[0.0, 0.0, 0.0]",134.69421071613806
query-000000,-3.901700041571606e-07,-2.9605947323337506e-16,0.016741458954442123,117.80736479408031,4.157358766000448,0.003634415327301216,-0.026219998573638808,0.015436258230788152,1.7577881253416425,16.855827929825917,"[6.694875669154256e-07, -7.88766115501293e-17, -16.855827929825903]",-0.01897980115173562,-0.015827893311210837,0.30832098379299294,0.2792216120542849,"[0.6433075258688938, 0.316044169671287, -0.632535121272486, 0.2935486847765302]","[0.0873999952454627, -0.01609663159474333, -0.2647014316557238]",nominal-triaxial_ellipsoid-pseudo_6dof,117.88069750745343,booster-release,117.80736479408031,4.157358766000448,0.003634415327301216,-4.682040049885927e-06,-3.552713678800501e-15,117.8806975074533,-117.60659239182178,-4.150269976905022,-0.0036252847744293604,0.0,1.5,0.0,5.1899999999999995,5.717999999999999,12.0,alpha3-passive-deployment-parent-v1,-0.026219998573638808,0.015436258230788152,1.7577881253416425,-87.9789023588605,"[366.411118512651, -8.18753492678103e-15, 455.92614632193636]",2.85884931476671,native_rigid_body_reuse_instantaneous_projected_area,3.1111111111111076,0.918915851175015,0.0,0.0,0.0,0.0,0.0,0.0,0.0,query-000000,rigid_body_6dof,pseudo_6dof,89.9499518186925,2.2221394694025363e-16,1.2639786418603375e-16,,33.75000000000022,0.20077240225853643,0.007088789095425874,9.13055287185549e-06,0.2008975075078644,-4.682040049885927e-06,-3.552713678800501e-15,0.20089750745330548,-0.026219998573638808,0.015436258230788152,1.7577881253416425,1.2434523165759747e-14,1.0566404060645707e-16,"[6.694875669154256e-07, -7.88766115501293e-17, -16.855827929825903]","[0.0, 0.0, 0.0]",-38.87335807180951
query-000000,-3.373478835536995e-07,0.0,0.01673313389089633,117.42823379688072,10.29816638792282,-0.6268719983701078,-0.024854678842550403,0.23366776456825047,3.762882381435983,16.851643605850313,"[5.787075835775107e-07, -1.479571553045835e-16, -16.851643605850303]",-0.017240232545656556,0.03568912917176133,0.6588112981763422,0.1620735638153371,"[0.6460774110111535, 0.3398746381724942, -0.6222091036315767, 0.2827101707866752]","[0.082848929475168, -0.013740428842690533, -0.13861852541360314]",nominal-triaxial_ellipsoid-pseudo_6dof,117.88059760669086,booster-release,117.42823379688072,10.29816638792282,-0.6268719983701078,-4.048174602644394e-06,0.0,117.88059760669076,-117.22820701208855,-10.280621323511525,0.6258066582181243,0.0,1.5,0.0,5.1899999999999995,5.717999999999999,12.0,alpha3-passive-deployment-parent-v1,-0.024854678842550403,0.23366776456825047,3.762882381435983,-84.97889567530919,"[366.4111186684003, -8.215642431410172e-15, 451.71271242333694]",2.85884931476671,native_rigid_body_reuse_instantaneous_projected_area,3.1111111111111076,0.918915851175015,0.0,0.0,0.0,0.0,0.0,0.0,0.0,query-000000,rigid_body_6dof,pseudo_6dof,93.48343642640093,0.0,0.0,,34.000000000000206,0.20002678479217195,0.01754506441129422,-0.0010653401519834516,0.20079760673156252,-4.048174602644394e-06,0.0,0.20079760669075597,-0.024854678842550403,0.23366776456825047,3.762882381435983,1.777445045061134e-14,1.5104079417717687e-16,"[5.787075835775107e-07, -1.479571553045835e-16, -16.851643605850303]","[0.0, 0.0, 0.0]",-41.19183410695723
query-000000,-2.916664113191321e-07,2.9605947323337506e-16,0.01672481504617925,117.28688648252223,11.766249905662884,-1.0739550198524588,-0.023627517631230194,0.3751622119738292,4.07294715517254,16.84746136236311,"[5.002189877967402e-07, -1.504243175815283e-16, -16.847461362363102]",-0.015761364789665718,0.07481772873851608,0.71226740076222,0.0881381127563899,"[0.6437945586068218, 0.3505794635585439, -0.617777725968949, 0.2845580561781464]","[0.07875839210410064, 0.000695611728835567, 0.03955955911985805]",nominal-triaxial_ellipsoid-pseudo_6dof,117.88049778055412,booster-release,117.28688648252223,11.766249905662884,-1.0739550198524588,-3.4999969358295857e-06,3.552713678800501e-15,117.88049778055415,-117.08719961778706,-11.746214449370072,1.0721286368236065,0.0,1.5,0.0,5.1899999999999995,5.717999999999999,12.0,alpha3-passive-deployment-parent-v1,-0.023627517631230194,0.3751622119738292,4.07294715517254,-84.24758712468623,"[366.41111880302833, -8.25522224062711e-15, 447.50032434563803]",2.8588493147667107,native_rigid_body_reuse_instantaneous_projected_area,3.1111111111111085,0.918915851175015,0.0,0.0,0.0,0.0,0.0,0.0,0.0,query-000000,rigid_body_6dof,pseudo_6dof,95.21518713917537,3.469446951953614e-18,8.4822221023146715e-19,,34.25000000000019,0.1996868647351704,0.02003545629281156,-0.0018263830288522964,0.20069778058466947,-3.4999969358295857e-06,3.552713678800501e-15,0.200697780554151,-0.023627517631230194,0.3751622119738292,4.07294715517254,5.153469087528761e-14,4.379229984694706e-16,"[5.002189877967402e-07, -1.504243175815283e-16, -16.847461362363102]","[0.0, 0.0, 0.0]",-41.7693246029257
query-000000,-2.52161723205783e-07,-8.881784197001252e-16,0.01671650241406534,117.59130325405746,8.193984363228447,-0.9655354657238964,-0.02243567268658997,0.3170061364877716,2.6484902110051536,16.843281197810388,"[4.3236000647867553e-07, -1.528914798584731e-16, -16.84328119781038]",-0.016318911095868277,0.07274097323888601,0.46221152511268354,0.20689972096669784,"[0.6368122589775171, 0.3469942612962421, -0.6194274719860549, 0.30062391187726895]","[0.07478557562196657, 0.020165006277063725, 0.1918540714627514]",nominal-triaxial_ellipsoid-pseudo_6dof,117.88039802896877,booster-release,117.59130325405746,8.193984363228447,-0.9655354657238964,-3.0259406784693965e-06,-1.0658141036401503e-14,117.88039802896878,-117.39119733669853,-8.180038138438857,0.9638941591248127,0.0,1.5,0.0,5.1899999999999995,5.717999999999999,12.0,alpha3-passive-deployment-parent-v1,-0.02243567268658997,0.3170061364877716,2.6484902110051536,-85.98647813383236,"[366.41111891939505, -8.293568468705575e-15, 443.2889815689117]",2.8588493147667107,native_rigid_body_reuse_instantaneous_projected_area,3.1111111111111085,0.918915851175015,0.0,0.0,0.0,0.0,0.0,0.0,0.0,query-000000,rigid_body_6dof,pseudo_6dof,96.72045341929493,3.469446951953614e-18,1.300641605494657e-18,,34.50000000000018,0.20010591735893968,0.013946224789590289,-0.0016413065990836806,0.20059802899160664,-3.0259406784693965e-06,-1.0658141036401503e-14,0.2005980289687841,-0.02243567268658997,0.3170061364877716,2.6484902110051536,5.34406692784878e-14,4.541193074638791e-16,"[4.3236000647867553e-07, -1.528914798584731e-16, -16.84328119781038]","[0.0, 0.0, 0.0]",-42.17632635619478
query-000000,-2.1799986467859373e-07,0.0,0.01670819598836933,117.87250763516033,1.3335989029369777,-0.24124114240187056,-0.021173447315192235,0.050060904081546724,0.17492085682971464,16.839103110639755,"[3.736932028018926e-07, -1.3808850619680434e-16, -16.83910311063975]",-0.017090294979767613,0.024283532204526035,0.029082996357185604,0.2668358571476475,"[0.626752763006639, 0.33357020465199066, -0.6243029481530701, 0.32581854084652423]","[0.07057815771730745, 0.033115121155209995, 0.255193038823214]",nominal-triaxial_ellipsoid-pseudo_6dof,117.88029835186039,booster-release,117.87250763516033,1.3335989029369777,-0.24124114240187056,-2.615998376143125e-06,0.0,117.88029835186043,-117.67202255560184,-1.3313284783159958,0.24083230008415768,0.0,1.5,0.0,5.1899999999999995,5.717999999999999,12.0,alpha3-passive-deployment-parent-v1,-0.021173447315192235,0.050060904081546724,0.17492085682971464,-89.34126988441075,"[366.4111190199738, -8.327227088457846e-15, 439.0786835736185]",2.8588493147667116,native_rigid_body_reuse_instantaneous_projected_area,3.1111111111111094,0.918915851175015,0.0,0.0,0.0,0.0,0.0,0.0,0.0,query-000000,rigid_body_6dof,pseudo_6dof,100.25370449649542,3.469446951953614e-17,3.469446951953614e-17,,34.75000000000016,0.20048507955849004,0.0022704246209819257,-0.0004088423177128764,0.20049835187749807,-2.615998376143125e-06,0.0,0.20049835186043197,-0.021173447315192235,0.050060904081546724,0.17492085682971464,4.739558388907505e-14,4.027503776270443e-16,"[3.736932028018926e-07, -1.3808850619680434e-16, -16.83910311063975]","[0.0, 0.0, 0.0]",-44.66933761509403
query-000000,-1.884593097874661e-07,1.1842378929335002e-15,0.01669989576290239,117.73800440632304,-5.735858687993023,0.7768530544934825,-0.019935221672327752,-0.3033863668131204,-2.244604657135443,16.83492709930039,"[3.229752359583033e-07, -1.3068701936596996e-16, -16.834927099300387]",-0.015503553111616483,-0.04726124925118383,-0.3938515062986217,0.21978187403489302,"[0.6164069167808004, 0.3186773957787502, -0.6286092801419987, 0.35119453766227576]","[0.06645073890775917, 0.030335065260502475, 0.20728761484599956]",nominal-triaxial_ellipsoid-pseudo_6dof,117.88019874915483,booster-release,117.73800440632304,-5.735858687993023,0.7768530544934825,-2.2615117174495936e-06,1.4210854715202004e-14,117.88019874915483,-117.53784730698368,5.726109492896146,-0.7755311441584496,0.0,1.5,0.0,5.1899999999999995,5.717999999999999,12.0,alpha3-passive-deployment-parent-v1,-0.019935221672327752,-0.3033863668131204,-2.244604657135443,-87.18549416617716,"[366.4111191069035, -8.361379140665506e-15, 434.8694298406067]",2.8588493147667116,native_rigid_body_reuse_instantaneous_projected_area,3.1111111111111094,0.918915851175015,0.0,0.0,0.0,0.0,0.0,0.0,0.0,query-000000,rigid_body_6dof,pseudo_6dof,-82.28692373341849,0.0,0.0,,35.00000000000015,0.2001570993393642,-0.009749195096876662,0.0013219103350329275,0.20039874916758935,-2.2615117174495936e-06,1.4210854715202004e-14,0.2003987491548287,-0.019935221672327752,-0.3033863668131204,-2.244604657135443,4.5480318467804436e-14,3.864751509418306e-16,"[3.229752359583033e-07, -1.3068701936596996e-16, -16.834927099300387]","[0.0, 0.0, 0.0]",138.85122544453597
query-000000,-1.6291582838334762e-07,1.1842378929335002e-15,0.016691601731500562,117.44494455668237,-10.000223685454657,1.548649934343708,-0.018876271342093263,-0.5532786376840697,-3.5850717835697767,16.83075316224301,"[2.79130691918475e-07, -1.2081837025819078e-16, -16.83075316224301]",-0.012867746903784207,-0.10280420363363758,-0.6274201512300244,0.09798030796800722,"[0.6090360929891352, 0.3111838568419394, -0.6297585736980873, 0.3682984978672269]","[0.06292090447364422, 0.010839268462208052, 0.07432099830416877]",nominal-triaxial_ellipsoid-pseudo_6dof,117.88009922077799,booster-release,117.44494455668237,-10.000223685454657,1.548649934343708,-1.9549899406001714e-06,1.4210854715202004e-14,117.880099220778,-117.24538461510781,9.983233170139073,-1.5460174533563205,0.0,1.5,0.0,5.1899999999999995,5.717999999999999,12.0,alpha3-passive-deployment-parent-v1,-0.018876271342093263,-0.5532786376840697,-3.5850717835697767,-85.07537734535589,"[366.4111191820339, -8.3896100034085e-15, 430.66121985111226]",2.858849314766712,native_rigid_body_reuse_instantaneous_projected_area,3.11111111111111,0.918915851175015,0.0,0.0,0.0,0.0,0.0,0.0,0.0,query-000000,rigid_body_6dof,pseudo_6dof,-81.19702212729926,4.440892098500626e-16,1.2242081278278756e-16,,35.250000000000135,0.19955994157456303,-0.01699051531558382,0.002632480987387442,0.20029922078754747,-1.9549899406001714e-06,1.4210854715202004e-14,0.20029922077800677,-0.018876271342093263,-0.5532786376840697,-3.5850717835697767,4.664471590734192e-14,3.963697755038836e-16,"[2.79130691918475e-07, -1.2081837025819078e-16, -16.83075316224301]","[0.0, 0.0, 0.0]",138.6868062462195
query-000000,-1.4082938903925424e-07,-2.9605947323337506e-16,0.016683313887979757,117.45900902064018,-9.820757098067837,1.6211955146367758,-0.017945669290712497,-0.5498089382106339,-3.342372152157245,16.826581297919866,"[2.4122943630301345e-07, -1.380885061968043e-16, -16.826581297919866]",-0.012459288356473983,-0.1099702208080346,-0.5838802861472066,0.10368865442257488,"[0.6066610675632913, 0.31638699534478604, -0.6269153111784533, 0.37261080350640563]","[0.05981889763570832, -0.0169648284318281, -0.08297729290529694]",nominal-triaxial_ellipsoid-pseudo_6dof,117.8799997666557,booster-release,117.45900902064018,-9.820757098067837,1.6211955146367758,-1.6899526684710509e-06,-3.552713678800501e-15,117.87999976665576,-117.25952412992979,9.804079591441422,-1.618441295538041,0.0,1.5,0.0,5.1899999999999995,5.717999999999999,12.0,alpha3-passive-deployment-parent-v1,-0.017945669290712497,-0.5498089382106339,-3.342372152157245,-85.15623311688347,"[366.4111192469639, -8.42228175824999e-15, 426.4540530867581]",2.858849314766712,native_rigid_body_reuse_instantaneous_projected_area,3.11111111111111,0.918915851175015,0.0,0.0,0.0,0.0,0.0,0.0,0.0,query-000000,rigid_body_6dof,pseudo_6dof,-80.62624473570322,0.0,0.0,,35.50000000000012,0.19948489071039432,-0.016677506626415095,0.002754219098734856,0.20019976666288983,-1.6899526684710509e-06,-3.552713678800501e-15,0.20019976665575712,-0.017945669290712497,-0.5498089382106339,-3.342372152157245,4.950195932234437e-14,4.206495874597371e-16,"[2.4122943630301345e-07, -1.380885061968043e-16, -16.826581297919866]","[0.0, 0.0, 0.0]",138.99617561188782
query-000000,-1.2173280161675848e-07,-2.9605947323337506e-16,0.01667503222616773,117.74787178671258,-5.507927118704265,0.8788308919028481,-0.01695439395003221,-0.2667622990739978,-1.7024971629277992,16.822411504784768,"[2.0846701806293412e-07, -7.887661155012926e-17, -16.822411504784764]",-0.014030350517789053,-0.06044709903341429,-0.2963089408975509,0.20867670060053767,"[0.6087649076799131, 0.33353411092662694, -0.620505718207989, 0.3648738654618046]","[0.05651464650010736, -0.039333827641617566, -0.19698961928881903]",nominal-triaxial_ellipsoid-pseudo_6dof,117.87990038671408,booster-release,117.74787178671258,-5.507927118704265,0.8788308919028481,-1.4607936194011018e-06,-3.552713678800501e-15,117.87990038671401,-117.54799546474675,5.4985786986657565,-0.8773383352263053,0.0,1.5,0.0,5.1899999999999995,5.717999999999999,12.0,alpha3-passive-deployment-parent-v1,-0.01695439395003221,-0.2667622990739978,-1.7024971629277992,-87.28798310986745,"[366.41111930307653, -8.450882695334524e-15, 422.24792902955414]",2.8588493147667116,native_rigid_body_reuse_instantaneous_projected_area,3.1111111111111094,0.918915851175015,0.0,0.0,0.0,0.0,0.0,0.0,0.0,query-000000,rigid_body_6dof,pseudo_6dof,-80.93445685912512,2.2887833992611187e-16,1.3280988671320562e-16,,35.75000000000011,0.1998763219658315,-0.00934842003850811,0.0014925566765428,0.20010038671934488,-1.4607936194011018e-06,-3.552713678800501e-15,0.20010038671401276,-0.01695439395003221,-0.2667622990739978,-1.7024971629277992,1.8601858827882236e-14,1.5807180865265098e-16,"[2.0846701806293412e-07, -7.887661155012926e-17, -16.822411504784764]","[0.0, 0.0, 0.0]",140.14045194705375
query-000000,-1.0522192835556628e-07,-5.921189464667501e-16,0.01666675673992183,117.87569578028128,0.9110735062124217,-0.3712037829557216,-0.015882789978677914,0.17578918131092897,0.5725400835777317,16.818243781293045,"[1.8014771112888918e-07, -6.160647561151571e-17, -16.81824378129304]",-0.014038685275409753,0.024326756076991116,0.10163915899282579,0.23228470734108933,"[0.6127919876452933, 0.35643369526389, -0.6119881737307954, 0.35058733002192927]","[0.05294263326225971, -0.04418868716418729, -0.22181213396588334]",nominal-triaxial_ellipsoid-pseudo_6dof,117.87980108087918,booster-release,117.87569578028128,0.9110735062124217,-0.3712037829557216,-1.2626631402667954e-06,-7.105427357601002e-15,117.87980108087906,-117.6757016711228,-0.909526639366689,0.37057460947356446,0.0,1.5,0.0,5.1899999999999995,5.717999999999999,12.0,alpha3-passive-deployment-parent-v1,-0.015882789978677914,0.17578918131092897,0.5725400835777317,-89.52182008233099,"[366.4111193515674, -8.469244908969738e-15, 418.04284716189625]",2.8588493147667116,native_rigid_body_reuse_instantaneous_projected_area,3.1111111111111094,0.918915851175015,0.0,0.0,0.0,0.0,0.0,0.0,0.0,query-000000,rigid_body_6dof,pseudo_6dof,112.16778939067434,0.0,0.0,,36.00000000000009,0.1999941091584816,0.0015468668457326862,-0.0006291734821571304,0.20000108088304774,-1.2626631402667954e-06,-7.105427357601002e-15,0.200001080879062,-0.015882789978677914,0.17578918131092897,0.5725400835777317,4.3228344749368046e-14,3.6733870000941575e-16,"[1.8014771112888918e-07, -6.160647561151571e-17, -16.81824378129304]","[0.0, 0.0, 0.0]",-52.175236926353364
query-000000,-9.094717275578053e-08,2.9605947323337506e-16,0.016658487423097057,117.68464815247917,6.603861206222077,-1.5286315525522227,-0.014918645418802046,0.5638008349543878,2.48475180374681,16.814078125901574,"[1.5566984216256632e-07, 2.7211366358496813e-17, -16.814078125901574]",-0.011425583488919422,0.10250408196334888,0.43543888464430247,0.16196412145513653,"[0.6159151337198885, 0.3767134933525477, -0.6037969929316471, 0.3378826472425485]","[0.049728818062673485, -0.027726196108969037, -0.15162677646824366]",nominal-triaxial_ellipsoid-pseudo_6dof,117.87970184907714,booster-release,117.68464815247917,6.603861206222077,-1.5286315525522227,-1.0913660730693664e-06,3.552713678800501e-15,117.87970184907716,-117.48507712419718,-6.592661348007834,1.5260398133502662,0.0,1.5,0.0,5.1899999999999995,5.717999999999999,12.0,alpha3-passive-deployment-parent-v1,-0.014918645418802046,0.5638008349543878,2.48475180374681,-86.70348497097629,"[366.41111939347024, -8.474037730081754e-15, 413.8388069665666]",2.858849314766712,native_rigid_body_reuse_instantaneous_projected_area,3.11111111111111,0.918915851175015,0.0,0.0,0.0,0.0,0.0,0.0,0.0,query-000000,rigid_body_6dof,pseudo_6dof,103.03303295126572,0.0,0.0,,36.25000000000008,0.19957102828199424,0.011199858214243186,-0.0025917392019565444,0.19990184908014386,-1.0913660730693664e-06,3.552713678800501e-15,0.19990184907716468,-0.014918645418802046,0.5638008349543878,2.48475180374681,4.5871984023819454e-14,3.898033819212767e-16,"[1.5566984216256632e-07, 2.7211366358496813e-17, -16.814078125901574]","[0.0, 0.0, 0.0]",-42.303279619642495
query-000000,-7.860614026355961e-08,5.921189464667501e-16,0.01665022426953063,117.50261554966757,9.203163421166936,-2.0094408858147625,-0.014152962080392933,0.7000740570667937,3.2453320831902324,16.809914537068774,"[1.3451309438664738e-07, 4.9415826850999945e-17, -16.809914537068774]",-0.009412103702093135,0.13407684720225496,0.5674694547529441,0.051807627094155734,"[0.6163603961706736, 0.38769221145819227, -0.5985131807669833, 0.3340308124337859]","[0.04717654026797645, 0.003111997079357499, -0.021183006105110914]",nominal-triaxial_ellipsoid-pseudo_6dof,117.87960269123433,booster-release,117.50261554966757,9.203163421166936,-2.0094408858147625,-9.432736831627153e-07,7.105427357601002e-15,117.87960269123437,-117.30345189817868,-9.1875634869976,2.00603538953591,0.0,1.5,0.0,5.1899999999999995,5.717999999999999,12.0,alpha3-passive-deployment-parent-v1,-0.014152962080392933,0.7000740570667937,3.2453320831902324,-85.41649885383045,"[366.4111194296788, -8.464521009987491e-15, 409.63580792673287]",2.858849314766712,native_rigid_body_reuse_instantaneous_projected_area,3.11111111111111,0.918915851175015,0.0,0.0,0.0,0.0,0.0,0.0,0.0,query-000000,rigid_body_6dof,pseudo_6dof,102.31680243542604,1.1102230246251565e-16,3.344032463913809e-17,,36.500000000000064,0.19916365148888815,0.015599934169335583,-0.00340549627885256,0.1998026912365942,-9.432736831627153e-07,7.105427357601002e-15,0.19980269123436756,-0.014152962080392933,0.7000740570667937,3.2453320831902324,1.4415196368727784e-14,1.22495078753769e-16,"[1.3451309438664738e-07, 4.9415826850999945e-17, -16.809914537068774]","[0.0, 0.0, 0.0]",-40.890035092582764
query-000000,-6.793726529489655e-08,8.881784197001252e-16,0.016641967273103592,117.61183597701637,7.787122970386786,-1.54729591790075,-0.013429954606336253,0.5063803491578982,2.5982167935849336,16.805753013254595,"[1.1622752346748913e-07, 8.148893645128225e-17, -16.805753013254595]",-0.01028079128906704,0.10161763532230304,0.4534136567000261,0.1246543639572001,"[0.6135502772574755, 0.38687504291809016, -0.5974033338620011, 0.3420424171575327]","[0.04476651535445418, 0.03388557043098682, 0.11129437395106796]",nominal-triaxial_ellipsoid-pseudo_6dof,117.8795036072771,booster-release,117.61183597701637,7.787122970386786,-1.54729591790075,-8.152471835387587e-07,1.0658141036401503e-14,117.87950360727724,-117.41258587692886,-7.773929827273513,1.5446749733966243,0.0,1.5,0.0,5.1899999999999995,5.717999999999999,12.0,alpha3-passive-deployment-parent-v1,-0.013429954606336253,0.5063803491578982,2.5982167935849336,-86.13812167307198,"[366.41111946096584, -8.448342951745478e-15, 405.43384952594806]",2.858849314766712,native_rigid_body_reuse_instantaneous_projected_area,3.11111111111111,0.918915851175015,0.0,0.0,0.0,0.0,0.0,0.0,0.0,query-000000,rigid_body_6dof,pseudo_6dof,101.23826025356291,0.0,0.0,,36.75000000000005,0.19925010008751087,0.013193143113273464,-0.002620944504125644,0.19970360727890715,-8.152471835387587e-07,1.0658141036401503e-14,0.19970360727724312,-0.013429954606336253,0.5063803491578982,2.5982167935849336,6.13650987311466e-14,5.214582173928457e-16,"[1.1622752346748913e-07, 8.148893645128225e-17, -16.805753013254595]","[0.0, 0.0, 0.0]",-39.147700426223814
query-000000,-5.871430985848747e-08,-5.921189464667501e-16,0.016633716427675672,117.83660834589635,3.1590866799972153,-0.32853167041150777,-0.012595855726309169,0.06345967912406268,0.8885547084040015,16.801593552920526,"[1.0042405337937313e-07, 7.162028734350308e-17, -16.801593552920526]",-0.011714746085769917,0.018705919632599106,0.15405107009741217,0.20068475975410494,"[0.6078497222157458, 0.3765488987767251, -0.5996702724888072, 0.35933995926625795]","[0.0419861857543639, 0.04964008238917633, 0.1898615159103041]",nominal-triaxial_ellipsoid-pseudo_6dof,117.87940459713212,booster-release,117.83660834589635,3.1590866799972153,-0.32853167041150777,-7.045717183018496e-07,-7.105427357601002e-15,117.87940459713211,-117.63707623129378,-3.1537367896423376,0.32797569183178865,0.0,1.5,0.0,5.1899999999999995,5.717999999999999,12.0,alpha3-passive-deployment-parent-v1,-0.012595855726309169,0.06345967912406268,0.8885547084040015,-88.45604518160144,"[366.41111948799926, -8.429451014998825e-15, 401.2329312481497]",2.858849314766712,native_rigid_body_reuse_instantaneous_projected_area,3.11111111111111,0.918915851175015,0.0,0.0,0.0,0.0,0.0,0.0,0.0,query-000000,rigid_body_6dof,pseudo_6dof,95.93718362895905,1.3877787807814457e-17,1.3877787807814457e-17,,37.000000000000036,0.19953211460257592,0.005349890354877651,-0.0005559785797191186,0.19960459713335163,-7.045717183018496e-07,-7.105427357601002e-15,0.1996045971321081,-0.012595855726309169,0.06345967912406268,0.8885547084040015,1.1896590048888778e-14,1.0109288126669808e-16,"[1.0042405337937313e-07, 7.162028734350308e-17, -16.801593552920526]","[0.0, 0.0, 0.0]",-33.21911299256397
query-000000,-5.0741600550926094e-08,1.1842378929335002e-15,0.016625471727156338,117.84647720573057,-2.563263363474648,1.0808303213399293,-0.011741672582077731,-0.42217522286964276,-1.1077400994171884,16.797436154529567,"[8.67662546849043e-08, 3.9547177743220774e-17, -16.797436154529567]",-0.010568330222500063,-0.07548626361897358,-0.19479643291435708,0.19295541511796896,"[0.6006074633927835, 0.3627902835138297, -0.6031573034403298, 0.3792824177462371]","[0.03913890860692577, 0.042278044701991854, 0.18415348216252336]",nominal-triaxial_ellipsoid-pseudo_6dof,117.87930566072576,booster-release,117.84647720573057,-2.563263363474648,1.0808303213399293,-6.088992066111132e-07,1.4210854715202004e-14,117.87930566072588,-117.64702709644939,2.5589256933219424,-1.0790007893251001,0.0,1.5,0.0,5.1899999999999995,5.717999999999999,12.0,alpha3-passive-deployment-parent-v1,-0.011741672582077731,-0.42217522286964276,-1.1077400994171884,-88.64775865991925,"[366.4111195113565, -8.410805794479866e-15, 397.03305257766]",2.858849314766712,native_rigid_body_reuse_instantaneous_projected_area,3.11111111111111,0.918915851175015,0.0,0.0,0.0,0.0,0.0,0.0,0.0,query-000000,rigid_body_6dof,pseudo_6dof,-67.1367135224575,5.551115123125783e-17,4.6824301934752994e-17,,37.25000000000002,0.19945010928117313,-0.004337670152705364,0.0018295320148291605,0.19950566072680526,-6.088992066111132e-07,1.4210854715202004e-14,0.19950566072587606,-0.011741672582077731,-0.42217522286964276,-1.1077400994171884,5.1846745948171996e-14,4.4057472861248913e-16,"[8.67662546849043e-08, 3.9547177743220774e-17, -16.797436154529567]","[0.0, 0.0, 0.0]",130.44104777667678
query-000000,-4.384990800095541e-08,5.921189464667501e-16,0.016617233165395835,117.6600553955652,-6.899183163220653,2.005001574792437,-0.011051279875382672,-0.7171389716311588,-2.530235152438857,16.793280816546265,"[7.496323123740568e-08, 3.214569091238639e-17, -16.793280816546265]",-0.007894660335657019,-0.135152817116738,-0.44285595224242297,0.10853973037202788,"[0.5940187422790069, 0.35301586256150824, -0.6057023415781979, 0.3945202250936055]","[0.03683759958460891, 0.01482506787457219, 0.10101525473209906]",nominal-triaxial_ellipsoid-pseudo_6dof,117.87920679798478,booster-release,117.6600553955652,-6.899183163220653,2.005001574792437,-5.26198896011465e-07,7.105427357601002e-15,117.87920679798475,-117.46101929476626,6.887512839369659,-2.001609642778469,0.0,1.5,0.0,5.1899999999999995,5.717999999999999,12.0,alpha3-passive-deployment-parent-v1,-0.011051279875382672,-0.7171389716311588,-2.530235152438857,-86.50571370318423,"[366.4111195315368, -8.401659148727143e-15, 392.8342129991851]",2.858849314766712,native_rigid_body_reuse_instantaneous_projected_area,3.11111111111111,0.918915851175015,0.0,0.0,0.0,0.0,0.0,0.0,0.0,query-000000,rigid_body_6dof,pseudo_6dof,-73.79538055867427,1.734723475976807e-18,6.596097306974275e-19,,37.50000000000001,0.19903610079893497,-0.011670323850993647,0.0033919320139679243,0.1994067979854443,-5.26198896011465e-07,7.105427357601002e-15,0.19940679798475003,-0.011051279875382672,-0.7171389716311588,-2.530235152438857,3.0125171972638446e-14,2.5599271899373085e-16,"[7.496323123740568e-08, 3.214569091238639e-17, -16.793280816546265]","[0.0, 0.0, 0.0]",137.6487514540828
query-000000,-3.789287343162565e-08,2.9605947323337506e-16,0.0166090007363285,117.58379157360076,-8.095977969268171,1.9978000039915158,-0.010506025604634695,-0.678556053175859,-2.8103150722286285,16.78912753743669,"[6.47634666242419e-08, 4.6948664574055156e-17, -16.78912753743669]",-0.007146717618471289,-0.13132229056027034,-0.4910355548803027,0.045137524582982834,"[0.5901891665278874, 0.35267426193986834, -0.6059265053845498, 0.40018830911303954]","[0.035020085348782315, -0.019917098478970666, -0.020354334570856548]",nominal-triaxial_ellipsoid-pseudo_6dof,117.87910800883597,booster-release,117.58379157360076,-8.095977969268171,1.9978000039915158,-4.5471448117950786e-07,3.552713678800501e-15,117.87910800883594,-117.38498285603235,8.082289834628078,-1.99442196088404,0.0,1.5,0.0,5.1899999999999995,5.717999999999999,12.0,alpha3-passive-deployment-parent-v1,-0.010506025604634695,-0.678556053175859,-2.8103150722286285,-85.94347883372035,"[366.4111195489716, -8.395103023365213e-15, 388.63641199781483]",2.858849314766712,native_rigid_body_reuse_instantaneous_projected_area,3.11111111111111,0.918915851175015,0.0,0.0,0.0,0.0,0.0,0.0,0.0,query-000000,rigid_body_6dof,pseudo_6dof,-76.13836634368143,1.1102230246251565e-16,3.840149638414431e-17,,37.74999999999999,0.19880871756841145,-0.013688134640092997,0.0033780431074759143,0.19930800883646074,-4.5471448117950786e-07,3.552713678800501e-15,0.19930800883594202,-0.010506025604634695,-0.678556053175859,-2.8103150722286285,8.58489340343958e-15,7.295129158478837e-17,"[6.47634666242419e-08, 4.6948664574055156e-17, -16.78912753743669]","[0.0, 0.0, 0.0]",140.51286672478307
query-000000,-3.274392372058325e-08,0.0,0.016600774433850773,117.73059124762767,-5.81848390783089,1.0554437200151805,-0.009919422208945275,-0.3220921936152932,-1.8914655949441903,16.784976315668434,"[5.5949501121111263e-08, 2.9678528635441615e-17, -16.784976315668434]",-0.008647327526356934,-0.06546744601551334,-0.3298188709360782,0.138737534482688,"[0.5899191441174539, 0.3627018565418727, -0.6032997219811329, 0.3955656862296033]","[0.03306474069648425, -0.04558102927747589, -0.12679588387252633]",nominal-triaxial_ellipsoid-pseudo_6dof,117.87900929320618,booster-release,117.73059124762767,-5.81848390783089,1.0554437200151805,-3.92927084646999e-07,0.0,117.87900929320621,-117.53163275703349,5.808651332400498,-1.0536599092783163,0.0,1.5,0.0,5.1899999999999995,5.717999999999999,12.0,alpha3-passive-deployment-parent-v1,-0.009919422208945275,-0.3220921936152932,-1.8914655949441903,-87.12453326932214,"[366.411119564034, -8.38607973572634e-15, 384.4396490590224]",2.858849314766712,native_rigid_body_reuse_instantaneous_projected_area,3.11111111111111,0.918915851175015,0.0,0.0,0.0,0.0,0.0,0.0,0.0,query-000000,rigid_body_6dof,pseudo_6dof,-79.71862973312513,2.220446049250313e-16,1.157254223076691e-16,,37.99999999999998,0.1989584905941797,-0.00983257543039251,0.0017838107368641776,0.19920929320659678,-3.92927084646999e-07,0.0,0.19920929320620928,-0.009919422208945275,-0.3220921936152932,-1.8914655949441903,4.629876892849026e-14,3.934300443108355e-16,"[5.5949501121111263e-08, 2.9678528635441615e-17, -16.784976315668434]","[0.0, 0.0, 0.0]",144.58897005873493
query-000000,-2.8293600943622245e-08,-5.921189464667501e-16,0.01659255425186027,117.87215883391742,-1.2020499320976088,-0.3831762834307855,-0.009233796888398451,0.1860254796177519,-0.22149395258495488,16.780827149710607,"[4.833332703464955e-08, 4.941582685099995e-17, -16.780827149710607]",-0.009222728017620453,0.031485285182469,-0.037742857585754616,0.18383931770354167,"[0.5923303033793947, 0.3792533038144627, -0.5981573608293264, 0.3840826928279694]","[0.030779322961328175, -0.05001327593157705, -0.1742073484165864]",nominal-triaxial_ellipsoid-pseudo_6dof,117.87891065102228,booster-release,117.87215883391742,-1.2020499320976088,-0.3831762834307855,-3.3952321132346697e-07,-7.105427357601002e-15,117.87891065102232,-117.67305958386783,1.200019843462293,0.3825291973130902,0.0,1.5,0.0,5.1899999999999995,5.717999999999999,12.0,alpha3-passive-deployment-parent-v1,-0.009233796888398451,0.1860254796177519,-0.22149395258495488,-89.38675770953289,"[366.4111195770462, -8.374342569582824e-15, 380.24392366866385]",2.858849314766712,native_rigid_body_reuse_instantaneous_projected_area,3.11111111111111,0.918915851175015,0.0,0.0,0.0,0.0,0.0,0.0,0.0,query-000000,rigid_body_6dof,pseudo_6dof,-107.68067230090467,2.7755575615628914e-17,2.7755575615628914e-17,,38.249999999999964,0.19909925004959916,-0.00203008863531573,-0.0006470861176953169,0.19911065102261277,-3.3952321132346697e-07,-7.105427357601002e-15,0.19911065102232328,-0.009233796888398451,0.1860254796177519,-0.22149395258495488,6.6389056110795e-14,5.641499740039921e-16,"[4.833332703464955e-08, 4.941582685099995e-17, -16.780827149710607]","[0.0, 0.0, 0.0]",173.01633754226927
query-000000,-2.4447248965960473e-08,-2.9605947323337506e-16,0.01658434018428186,117.80986451158428,3.68307061396373,-1.6386435024168808,-0.00860186679816335,0.6058269153320223,1.4556045643085436,16.776680038033852,"[4.175240591795752e-08, 3.9547177743220787e-17, -16.776680038033852]",-0.007329679979455061,0.1133363064280979,0.2551411444111428,0.1516424083828643,"[0.5955904927728229, 0.3958094836507799, -0.5918491329341375, 0.3719158794886804]","[0.02867288932721116, -0.03111916135463781, -0.14561896591573817]",nominal-triaxial_ellipsoid-pseudo_6dof,117.87881208221135,booster-release,117.80986451158428,3.68307061396373,-1.6386435024168808,-2.933669875915257e-07,-3.552713678800501e-15,117.87881208221138,-117.61096883864116,-3.6768523037497474,1.6358771385986302,0.0,1.5,0.0,5.1899999999999995,5.717999999999999,12.0,alpha3-passive-deployment-parent-v1,-0.00860186679816335,0.6058269153320223,1.4556045643085436,-88.04025128365355,"[366.4111195882869, -8.362852119667007e-15, 376.04923531297777]",2.858849314766712,native_rigid_body_reuse_instantaneous_projected_area,3.11111111111111,0.918915851175015,0.0,0.0,0.0,0.0,0.0,0.0,0.0,query-000000,rigid_body_6dof,pseudo_6dof,113.98487380977511,0.0,0.0,,38.49999999999995,0.1988956729431237,0.0062183102139825586,-0.0027663638182506833,0.19901208221159855,-2.933669875915257e-07,-3.552713678800501e-15,0.19901208221138234,-0.00860186679816335,0.6058269153320223,1.4556045643085436,1.506243602261504e-14,1.279950851600278e-16,"[4.175240591795752e-08, 3.9547177743220787e-17, -16.776680038033852]","[0.0, 0.0, 0.0]",-48.216430922268465
query-000000,-2.1123025106817295e-08,5.921189464667501e-16,0.016576132225045132,117.6657570337924,6.757360957591141,-2.121040171410739,-0.008135640951379922,0.740193768403279,2.430334804920256,16.772534979110322,"[3.606622306005728e-08, 9.629191011295101e-17, -16.772534979110322]",-0.005381762873351265,0.1413615364775825,0.4249957289214138,0.06321478555100991,"[0.5979093203798339, 0.4063129317169037, -0.5864354249022675, 0.3653871077942362]","[0.027118803171266408, 0.0020908396825430045, -0.05706406939782849]",nominal-triaxial_ellipsoid-pseudo_6dof,117.87871358670054,booster-release,117.6657570337924,6.757360957591141,-2.121040171410739,-2.5347630128180754e-07,7.105427357601002e-15,117.87871358670054,-117.4672028105247,-6.74595806632847,2.1174611397611898,0.0,1.5,0.0,5.1899999999999995,5.717999999999999,12.0,alpha3-passive-deployment-parent-v1,-0.008135640951379922,0.740193768403279,2.430334804920256,-86.55546317092748,"[366.4111195979969, -8.340876230074172e-15, 371.8555834785849]",2.858849314766712,native_rigid_body_reuse_instantaneous_projected_area,3.11111111111111,0.918915851175015,0.0,0.0,0.0,0.0,0.0,0.0,0.0,query-000000,rigid_body_6dof,pseudo_6dof,107.4263378367121,1.1102230246251565e-16,4.3699814263302204e-17,,38.749999999999936,0.19855422326770622,0.011402891262671133,-0.0035790316495494245,0.19891358670070308,-2.5347630128180754e-07,7.105427357601002e-15,0.1989135867005416,-0.008135640951379922,0.740193768403279,2.430334804920256,2.3900585171082584e-14,2.0309845165510635e-16,"[3.606622306005728e-08, 9.629191011295101e-17, -16.772534979110322]","[0.0, 0.0, 0.0]",-41.25109683377488
query-000000,-1.825015338852154e-08,-8.881784197001252e-16,0.01656793036809745,117.66993156856518,6.822749030687296,-1.614067344999621,-0.007732441520037625,0.5296849874499322,2.3296706900665134,16.768391971413692,"[3.1153307622622655e-08, 1.4316799337490205e-16, -16.768391971413692]",-0.0057640694515123944,0.10312650434326054,0.40686286768893754,0.0664453081430865,"[0.5980546065330705, 0.40762694930185095, -0.5836836315004275, 0.3680820236386368]","[0.025774805066792084, 0.033948538824600305, 0.05097190510146929]",nominal-triaxial_ellipsoid-pseudo_6dof,117.87861516441708,booster-release,117.66993156856518,6.822749030687296,-1.614067344999621,-2.1900184066225847e-07,-1.0658141036401503e-14,117.87861516441717,-117.47146838225382,-6.811241518670272,1.6113451310929179,0.0,1.5,0.0,5.1899999999999995,5.717999999999999,12.0,alpha3-passive-deployment-parent-v1,-0.007732441520037625,0.5296849874499322,2.3296706900665134,-86.59020434039245,"[366.41111960638443, -8.311498853650506e-15, 367.66296765248785]",2.858849314766712,native_rigid_body_reuse_instantaneous_projected_area,3.11111111111111,0.918915851175015,0.0,0.0,0.0,0.0,0.0,0.0,0.0,query-000000,rigid_body_6dof,pseudo_6dof,103.3098454334656,0.0,0.0,,38.99999999999992,0.19846318631135773,0.011507512017024268,-0.0027222139067031303,0.19881516441729,-2.1900184066225847e-07,-1.0658141036401503e-14,0.1988151644171694,-0.007732441520037625,0.5296849874499322,2.3296706900665134,1.0530130337905961e-13,8.94812052527788e-16,"[3.1153307622622655e-08, 1.4316799337490205e-16, -16.768391971413692]","[0.0, 0.0, 0.0]",-36.74697191262391
query-000000,-1.5767443647026386e-08,0.0,0.01655973460735301,117.809811763756,4.007355985006358,-0.3661649491703317,-0.007244880960949859,0.07664410953644012,1.2516836464106473,16.764251013419145,"[2.6908655925828428e-08, 1.5797096703657077e-16, -16.764251013419145]",-0.007134843758834776,0.01735728438721315,0.21812892882386056,0.1430219888944235,"[0.5955109019985761, 0.4004954617660545, -0.5840860645538809, 0.3792276623607472]","[0.024149603203166198, 0.049627767507876674, 0.13194381631827376]",nominal-triaxial_ellipsoid-pseudo_6dof,117.87851681528817,booster-release,117.809811763756,4.007355985006358,-0.3661649491703317,-1.8920932376431665e-07,0.0,117.87851681528824,-117.61121077549647,-4.000600305391181,0.365547750986849,0.0,1.5,0.0,5.1899999999999995,5.717999999999999,12.0,alpha3-passive-deployment-parent-v1,-0.007244880960949859,0.07664410953644012,1.2516836464106473,-88.04369884253236,"[366.41111961362924, -8.267811936020558e-15, 363.47138732207037]",2.858849314766712,native_rigid_body_reuse_instantaneous_projected_area,3.11111111111111,0.918915851175015,0.0,0.0,0.0,0.0,0.0,0.0,0.0,query-000000,rigid_body_6dof,pseudo_6dof,95.22080273981001,8.673617379884035e-19,6.91649030827496e-19,,39.24999999999991,0.19860098825952832,0.006755679615176646,-0.0006171981834827145,0.19871681528832622,-1.8920932376431665e-07,0.0,0.19871681528823615,-0.007244880960949859,0.07664410953644012,1.2516836464106473,3.3711435428323656e-14,2.864674772418347e-16,"[2.6908655925828428e-08, 1.5797096703657077e-16, -16.764251013419145]","[0.0, 0.0, 0.0]",-28.290751465010672
query-000000,-1.362198235691873e-08,2.9605947323337506e-16,0.016551544936776942,117.87337081806398,-0.35729015262773084,1.030705121054662,-0.006709481716323268,-0.4044029969807205,-0.3001050011564027,16.760112103603387,"[2.3241501898472335e-08, 1.505694802057364e-16, -16.760112103603387]",-0.006739133402727295,-0.07513735578199321,-0.05309127422244428,0.16031277457654547,"[0.5906922874671414, 0.3890680047773841, -0.5867317860431784, 0.39427721267144406]","[0.022364939054410893, 0.04205800058919922, 0.15307226979424357]",nominal-triaxial_ellipsoid-pseudo_6dof,117.87841853924127,booster-release,117.87337081806398,-0.35729015262773084,1.030705121054662,-1.6346378828302477e-07,3.552713678800501e-15,117.87841853924132,-117.6747607840455,0.3566882892298686,-1.0289683775511804,0.0,1.5,0.0,5.1899999999999995,5.717999999999999,12.0,alpha3-passive-deployment-parent-v1,-0.006709481716323268,-0.4044029969807205,-0.3001050011564027,-89.46976339704138,"[366.41111961988685, -8.23214329579068e-15, 359.2808419750975]",2.858849314766712,native_rigid_body_reuse_instantaneous_projected_area,3.11111111111111,0.918915851175015,0.0,0.0,0.0,0.0,0.0,0.0,0.0,query-000000,rigid_body_6dof,pseudo_6dof,-19.118694948462146,5.551115123125783e-17,5.551115123125783e-17,,39.49999999999989,0.198610034018472,-0.0006018633978622234,0.0017367435034816303,0.19861853924139058,-1.6346378828302477e-07,3.552713678800501e-15,0.19861853924132333,-0.006709481716323268,-0.4044029969807205,-0.3001050011564027,4.748490533120638e-14,4.0350939864961004e-16,"[2.3241501898472335e-08, 1.505694802057364e-16, -16.760112103603387]","[0.0, 0.0, 0.0]",86.3906764129119
query-000000,-1.1768028921702959e-08,-1.1842378929335002e-15,0.016543361350322527,117.78246879891032,-4.346974602409577,1.9215256241898413,-0.0062760360351653225,-0.6882966833071811,-1.6455102453098198,16.75597524044463,"[2.00733895334313e-08, 1.5797096703657077e-16, -16.75597524044463]",-0.004763941149793734,-0.1307752239430969,-0.28798225008908235,0.1115272620700163,"[0.585046636278729, 0.3791856169462077, -0.5899727161292765, 0.4072725076691435]","[0.020920120117217743, 0.015185659769495857, 0.10848997417494574]",nominal-triaxial_ellipsoid-pseudo_6dof,117.87832033620387,booster-release,117.78246879891032,-4.346974602409577,1.9215256241898413,-1.412163470604355e-07,-1.4210854715202004e-14,117.87832033620387,-117.58410988353498,4.339653939014152,-1.9182895053593256,0.0,1.5,0.0,5.1899999999999995,5.717999999999999,12.0,alpha3-passive-deployment-parent-v1,-0.0062760360351653225,-0.6882966833071811,-1.6455102453098198,-87.68926765296003,"[366.4111196252916, -8.196104581219259e-15, 355.0913310997147]",2.858849314766712,native_rigid_body_reuse_instantaneous_projected_area,3.11111111111111,0.918915851175015,0.0,0.0,0.0,0.0,0.0,0.0,0.0,query-000000,rigid_body_6dof,pseudo_6dof,-66.15277693301549,1.1102230246251565e-16,6.224357961114019e-17,,39.74999999999988,0.19835891537533712,-0.007320663395424809,0.0032361188305156663,0.19852033620392054,-1.412163470604355e-07,-1.4210854715202004e-14,0.19852033620387033,-0.0062760360351653225,-0.6882966833071811,-1.6455102453098198,1.1287684501299723e-14,9.59186241079584e-17,"[2.00733895334313e-08, 1.5797096703657077e-16, -16.75597524044463]","[0.0, 0.0, 0.0]",133.74275762337206
query-000000,-1.016603038787404e-08,2.9605947323337506e-16,0.016535183841969094,117.69456479289747,-6.29619859767938,1.9033055195046376,-0.00596649151675795,-0.6473954220248742,-2.2269981948369106,16.751840422422596,"[1.733650623565986e-08, 1.0369339694378536e-16, -16.751840422422596]",-0.003847874601378648,-0.12440927637717555,-0.38923954767035696,0.03373976204361542,"[0.5805540861722969, 0.37583619347761354, -0.5921773132439052, 0.41355790208885757]","[0.019888305055859833, -0.01807467225602005, 0.020399340371745144]",nominal-triaxial_ellipsoid-pseudo_6dof,117.87822220610352,booster-release,117.69456479289747,-6.29619859767938,1.9033055195046376,-1.2199236465448848e-07,3.552713678800501e-15,117.87822220610363,-117.49645172859499,6.285600437063543,-1.9001016750519995,0.0,1.5,0.0,5.1899999999999995,5.717999999999999,12.0,alpha3-passive-deployment-parent-v1,-0.00596649151675795,-0.6473954220248742,-2.2269981948369106,-86.80124128361844,"[366.4111196299595, -8.161916238355547e-15, 350.9028541844479]",2.858849314766712,native_rigid_body_reuse_instantaneous_projected_area,3.11111111111111,0.918915851175015,0.0,0.0,0.0,0.0,0.0,0.0,0.0,query-000000,rigid_body_6dof,pseudo_6dof,-73.1802282186693,0.0,0.0,,39.999999999999865,0.19811306430247555,-0.01059816061583696,0.003203844452638105,0.19842220610366665,-1.2199236465448848e-07,3.552713678800501e-15,0.19842220610362915,-0.00596649151675795,-0.6473954220248742,-2.2269981948369106,3.437799075476647e-14,2.921316211853391e-16,"[1.733650623565986e-08, 1.0369339694378536e-16, -16.751840422422596]","[0.0, 0.0, 0.0]",141.0711447671603
query-000000,-8.781796623225091e-09,0.0,0.016527012405668746,117.7458916799301,-5.4902157226008015,1.0073116069090857,-0.005648297759117718,-0.30880278385493354,-1.8394570079612649,16.747707648018523,"[1.4972240430305208e-08, 6.915312506655827e-17, -16.747707648018523]",-0.004831029554891516,-0.060598331832680485,-0.3211836953100935,0.08536815323314549,"[0.5787096389612892, 0.380873269704006, -0.5921679407452753, 0.41154323728105896]","[0.01882765919705906, -0.042154410947250906, -0.07180700852484734]",nominal-triaxial_ellipsoid-pseudo_6dof,117.87812414886795,booster-release,117.7458916799301,-5.4902157226008015,1.0073116069090857,-1.0538155947870109e-07,0.0,117.87812414886803,-117.54779000147579,5.480978802119786,-1.0056168155260181,0.0,1.5,0.0,5.1899999999999995,5.717999999999999,12.0,alpha3-passive-deployment-parent-v1,-0.005648297759117718,-0.30880278385493354,-1.8394570079612649,-87.28586972653567,"[366.4111196339909, -8.139570274421172e-15, 346.7154107182027]",2.858849314766712,native_rigid_body_reuse_instantaneous_projected_area,3.11111111111111,0.918915851175015,0.0,0.0,0.0,0.0,0.0,0.0,0.0,query-000000,rigid_body_6dof,pseudo_6dof,-79.60334778107537,0.0,0.0,,40.24999999999985,0.19810167845430726,-0.009236920481015432,0.0016947913830676065,0.19832414886805294,-1.0538155947870109e-07,0.0,0.19832414886802496,-0.005648297759117718,-0.30880278385493354,-1.8394570079612649,4.922562881362412e-14,4.183014316273831e-16,"[1.4972240430305208e-08, 6.915312506655827e-17, -16.747707648018523]","[0.0, 0.0, 0.0]",147.781386867909
query-000000,-7.58577082630533e-09,0.0,0.01651884703541976,117.85298000503781,-2.4073391353758278,-0.32996157399239373,-0.005247930005887667,0.16337617378078007,-0.6950140044000621,16.743576915715146,"[1.292993510298166e-08, 4.941582685099993e-17, -16.743576915715146]",-0.00559401357544663,0.029644670267227842,-0.12102761779955036,0.13813911242267307,"[0.5797573342718298, 0.39226276166153023, -0.5895163398418417, 0.4030903673261982]","[0.017493100019625556, -0.04613643823067656, -0.12902648914085144]",nominal-triaxial_ellipsoid-pseudo_6dof,117.87802616442497,booster-release,117.85298000503781,-2.4073391353758278,-0.32996157399239373,-9.102924991566397e-08,0.0,117.87802616442504,-117.65479595694089,2.403290987831717,0.3294067370603102,0.0,1.5,0.0,5.1899999999999995,5.717999999999999,12.0,alpha3-passive-deployment-parent-v1,-0.005247930005887667,0.16337617378078007,-0.6950140044000621,-88.81886516430232,"[366.4111196374724, -8.127709750163811e-15, 342.5290001902643]",2.858849314766712,native_rigid_body_reuse_instantaneous_projected_area,3.11111111111111,0.918915851175015,0.0,0.0,0.0,0.0,0.0,0.0,0.0,query-000000,rigid_body_6dof,pseudo_6dof,-97.80460587341055,0.0,0.0,,40.49999999999984,0.1981840480969197,-0.004048147544110758,-0.0005548369320835245,0.19822616442505805,-9.102924991566397e-08,0.0,0.19822616442503715,-0.005247930005887667,0.16337617378078007,-0.6950140044000621,7.19882740576885e-14,6.117300850076946e-16,"[1.292993510298166e-08, 4.941582685099993e-17, -16.743576915715146]","[0.0, 0.0, 0.0]",166.2525632005767
query-000000,-6.552398919742093e-09,2.9605947323337506e-16,0.01651068772519082,117.85865176694996,1.537480169659208,-1.4765932256229855,-0.004857680001075095,0.5466117265239683,0.6854843715036134,16.739448223996703,"[1.11658102123686e-08, 7.902177417433745e-17, -16.739448223996703]",-0.0045408562350102225,0.10362439295715832,0.12018187444360119,0.13301120260797603,"[0.5827203499445269, 0.4052623765930528, -0.5848295790628038, 0.3926496699755426]","[0.016192266670250317, -0.02871300342574504, -0.12886176296160434]",nominal-triaxial_ellipsoid-pseudo_6dof,117.87792825270229,booster-release,117.85865176694996,1.537480169659208,-1.4765932256229855,-7.862878703690512e-08,3.552713678800501e-15,117.87792825270229,-117.66055591460312,-1.534895912500346,1.474111408389149,0.0,1.5,0.0,5.1899999999999995,5.717999999999999,12.0,alpha3-passive-deployment-parent-v1,-0.004857680001075095,0.5466117265239683,0.6854843715036134,-88.96380563629451,"[366.41111964047894, -8.110914901352561e-15, 338.3436220902971]",2.858849314766712,native_rigid_body_reuse_instantaneous_projected_area,3.11111111111111,0.918915851175015,0.0,0.0,0.0,0.0,0.0,0.0,0.0,query-000000,rigid_body_6dof,pseudo_6dof,133.84273397931716,8.673617379884035e-19,8.673617379884035e-19,,40.74999999999982,0.1980958523468388,0.0025842571588619023,-0.0024818172338365585,0.19812825270230544,-7.862878703690512e-08,3.552713678800501e-15,0.19812825270228984,-0.004857680001075095,0.5466117265239683,0.6854843715036134,1.2009906945594084e-14,1.0205580690648765e-16,"[1.11658102123686e-08, 7.902177417433745e-17, -16.739448223996703]","[0.0, 0.0, 0.0]",-65.1447679702015
query-000000,-5.659595458951117e-09,0.0,0.01650253446898849,117.77134801962539,4.632486888175668,-1.9059259941476538,-0.004579226605320609,0.6656079794503859,1.7063174006696968,16.735321571348937,"[9.642029974577367e-09, 9.629191011295101e-17, -16.735321571348937]",-0.0030158869780555434,0.12732668977385272,0.2983976644626136,0.07584560241025344,"[0.586002914678175, 0.41476550506828624, -0.5797015641712296, 0.38537806929243235]","[0.01526408868440203, 0.0014124455696464411, -0.07428033386517416]",nominal-triaxial_ellipsoid-pseudo_6dof,117.87783041362785,booster-release,117.77134801962539,4.632486888175668,-1.9059259941476538,-6.79151455074134e-08,0.0,117.87783041362786,-117.57349649459002,-4.624704417591495,1.9027241330632805,0.0,1.5,0.0,5.1899999999999995,5.717999999999999,12.0,alpha3-passive-deployment-parent-v1,-0.004579226605320609,0.6656079794503859,1.7063174006696968,-87.56447181207146,"[366.41111964307527, -8.089925876670505e-15, 334.1592759083441]",2.858849314766712,native_rigid_body_reuse_instantaneous_projected_area,3.11111111111111,0.918915851175015,0.0,0.0,0.0,0.0,0.0,0.0,0.0,query-000000,rigid_body_6dof,pseudo_6dof,112.36354523965181,0.0,0.0,,40.99999999999981,0.19785152503537518,0.00778247058417314,-0.0032018610843733697,0.19803041362787355,-6.79151455074134e-08,0.0,0.1980304136278619,-0.004579226605320609,0.6656079794503859,1.7063174006696968,1.7439186751641865e-14,1.4819184559832584e-16,"[9.642029974577367e-09, 9.629191011295101e-17, -16.735321571348937]","[0.0, 0.0, 0.0]",-43.43186872275338
query-000000,-4.888263423670954e-09,2.9605947323337506e-16,0.01649438726081816,117.73509481353845,5.614792746217473,-1.4427077640119537,-0.004364885694446791,0.4739109596851926,1.954989019556933,16.73119695625909,"[8.325897379076767e-09, 9.629191011295101e-17, -16.73119695625909]",-0.003003691929644273,0.09141767119180523,0.34162009735893517,0.03442536167041472,"[0.5880251130787677, 0.41749978562864704, -0.5760324976904498, 0.3848466668599825]","[0.014549618981489302, 0.02990053730153291, 0.008909095504706647]",nominal-triaxial_ellipsoid-pseudo_6dof,117.8777326471297,booster-release,117.73509481353845,5.614792746217473,-1.4427077640119537,-5.865916108405145e-08,3.552713678800501e-15,117.87773264712982,-117.53740167696398,-5.605364695550673,1.4402852835127007,0.0,1.5,0.0,5.1899999999999995,5.717999999999999,12.0,alpha3-passive-deployment-parent-v1,-0.004364885694446791,0.4739109596851926,1.954989019556933,-87.18107896938679,"[366.41111964531717, -8.063632453093016e-15, 329.9759611348269]",2.858849314766712,native_rigid_body_reuse_instantaneous_projected_area,3.11111111111111,0.918915851175015,0.0,0.0,0.0,0.0,0.0,0.0,0.0,query-000000,rigid_body_6dof,pseudo_6dof,104.41028174682384,2.220462989844635e-16,1.1038213530739521e-16,,41.249999999999794,0.19769313657447185,0.009428050666800303,-0.002422480499252977,0.19793264712982664,-5.865916108405145e-08,3.552713678800501e-15,0.19793264712981795,-0.004364885694446791,0.4739109596851926,1.954989019556933,5.828852361574682e-14,4.953146046793657e-16,"[8.325897379076767e-09, 9.629191011295101e-17, -16.73119695625909]","[0.0, 0.0, 0.0]",-35.255856868462786
query-000000,-4.221901050982524e-09,5.921189464667501e-16,0.016486246094667457,117.80311735239017,4.177701961900441,-0.3304096265434953,-0.004101216387376351,0.0703356700216752,1.365958329906769,16.72707437721591,"[7.189157057451429e-09, 8.642326100517185e-17, -16.72707437721591]",-0.00402710952569213,0.014487127624369536,0.23850235326482072,0.09578022916267591,"[0.5876863020346418, 0.413176370427263, -0.5750537202077904, 0.3914374997321811]","[0.013670721291254503, 0.04364903590418896, 0.08415298772156801]",nominal-triaxial_ellipsoid-pseudo_6dof,117.877634953136,booster-release,117.80311735239017,4.177701961900441,-0.3304096265434953,-5.0662812611790287e-08,7.105427357601002e-15,117.87763495313601,-117.60540746435167,-4.17069044484446,0.32985511531850165,0.0,1.5,0.0,5.1899999999999995,5.717999999999999,12.0,alpha3-passive-deployment-parent-v1,-0.004101216387376351,0.0703356700216752,1.365958329906769,-87.96260971189662,"[366.4111196472531, -8.041163131044793e-15, 325.79367726054477]",2.858849314766712,native_rigid_body_reuse_instantaneous_projected_area,3.11111111111111,0.918915851175015,0.0,0.0,0.0,0.0,0.0,0.0,0.0,query-000000,rigid_body_6dof,pseudo_6dof,94.5220445139231,0.0,0.0,,41.49999999999978,0.19770988803850287,0.007011517055980576,-0.0005545112249936701,0.197834953136016,-5.0662812611790287e-08,7.105427357601002e-15,0.19783495313600952,-0.004101216387376351,0.0703356700216752,1.365958329906769,2.3046818490157457e-14,1.958434539331088e-16,"[7.189157057451429e-09, 8.642326100517185e-17, -16.72707437721591]","[0.0, 0.0, 0.0]",-25.15572422005929
query-000000,-3.6462471560601744e-09,-5.921189464667501e-16,0.016478110964574928,117.86948125048113,1.0472483109294666,0.8958058241390541,-0.0037868606020562876,-0.3517306010709266,0.22921056916665847,16.722953832709635,"[6.207392915863253e-09, 5.928447595877915e-17, -16.722953832709635]",-0.004080080945789683,-0.0665389243999956,0.03978602261041659,0.12622754694958635,"[0.5847563479311532, 0.40441224892058175, -0.5767590503526391, 0.4023179641944162]","[0.012622868673520958, 0.03680015666884172, 0.12008249358049564]",nominal-triaxial_ellipsoid-pseudo_6dof,117.87753733157491,booster-release,117.86948125048113,1.0472483109294666,0.8958058241390541,-4.3754965872722096e-08,-7.105427357601002e-15,117.8775373315749,-117.67175743330894,-1.045491530834326,-0.894303111621106,0.0,1.5,0.0,5.1899999999999995,5.717999999999999,12.0,alpha3-passive-deployment-parent-v1,-0.0037868606020562876,-0.3517306010709266,0.22921056916665847,-89.33013624701942,"[366.4111196489246, -8.022394552411988e-15, 321.6124237766749]",2.858849314766712,native_rigid_body_reuse_instantaneous_projected_area,3.11111111111111,0.918915851175015,0.0,0.0,0.0,0.0,0.0,0.0,0.0,query-000000,rigid_body_6dof,pseudo_6dof,49.45664770849351,4.336808689942018e-19,4.336808689942018e-19,,41.749999999999766,0.19772381717218934,0.0017567800951405754,0.0015027125179480905,0.197737331574904,-4.3754965872722096e-08,-7.105427357601002e-15,0.19773733157489914,-0.0037868606020562876,-0.3517306010709266,0.22921056916665847,2.098388898051033e-14,1.7831343170629394e-16,"[6.207392915863253e-09, 5.928447595877915e-17, -16.722953832709635]","[0.0, 0.0, 0.0]",20.107154603302167
query-000000,-3.148969085486897e-09,2.9605947323337506e-16,0.016469981864568457,117.84186894124426,-2.369523773458304,1.6643590865640543,-0.0035238692584269905,-0.5962642914972371,-0.9476676919793389,16.718835321232,"[5.359506932217429e-09, 7.162028734350311e-17, -16.718835321232]",-0.002831332599227717,-0.11389933423931094,-0.165834447859846,0.1049776049344196,"[0.580111545273917, 0.39558198249634363, -0.5800475787715637, 0.4129531408349105]","[0.011746230861423302, 0.013235656261867294, 0.10347531590497763]",nominal-triaxial_ellipsoid-pseudo_6dof,117.8774397823748,booster-release,117.84186894124426,-2.369523773458304,1.6643590865640543,-3.778762902584276e-08,3.552713678800501e-15,117.87743978237482,-117.64428879836609,2.3655509352925783,-1.6615685177488402,0.0,1.5,0.0,5.1899999999999995,5.717999999999999,12.0,alpha3-passive-deployment-parent-v1,-0.0035238692584269905,-0.5962642914972371,-0.9476676919793389,-88.59239670341401,"[366.41111965036794, -8.008683656446918e-15, 317.43220017477165]",2.858849314766712,native_rigid_body_reuse_instantaneous_projected_area,3.11111111111111,0.918915851175015,0.0,0.0,0.0,0.0,0.0,0.0,0.0,query-000000,rigid_body_6dof,pseudo_6dof,-54.91570545057583,1.1102230246251565e-16,9.91579851192935e-17,,41.99999999999975,0.1975801428781665,-0.0039728381657258005,0.0027905688152141117,0.1976397823748251,-3.778762902584276e-08,3.552713678800501e-15,0.1976397823748215,-0.0035238692584269905,-0.5962642914972371,-0.9476676919793389,2.1241305606530365e-14,1.8050086426498316e-16,"[5.359506932217429e-09, 7.162028734350311e-17, -16.718835321232]","[0.0, 0.0, 0.0]",124.66233143350914
query-000000,-2.719412843058914e-09,2.9605947323337506e-16,0.016461858788656986,117.7756602755486,-4.613413158538248,1.6364885232400201,-0.0033510591600989783,-0.5566422635986001,-1.6649876650268975,16.714718841276227,"[4.627269392479348e-09, 4.941582685099999e-17, -16.714718841276227]",-0.0019935039800444386,-0.10685360469697908,-0.2910715649478341,0.04796104191496439,"[0.5754822966264415, 0.3909275676889237, -0.5832959351663347, 0.4192393291531813]","[0.011170197200329928, -0.01553826544836887, 0.04397784149922252]",nominal-triaxial_ellipsoid-pseudo_6dof,117.87734230546388,booster-release,117.7756602755486,-4.613413158538248,1.6364885232400201,-3.263295411670697e-08,3.552713678800501e-15,117.87734230546388,-117.57828837076872,4.6056818961158825,-1.6337460366110506,0.0,1.5,0.0,5.1899999999999995,5.717999999999999,12.0,alpha3-passive-deployment-parent-v1,-0.0033510591600989783,-0.5566422635986001,-1.6649876650268975,-87.62000638312355,"[366.4111196516141, -7.99398589557107e-15, 313.2530059467662]",2.858849314766712,native_rigid_body_reuse_instantaneous_projected_area,3.11111111111111,0.918915851175015,0.0,0.0,0.0,0.0,0.0,0.0,0.0,query-000000,rigid_body_6dof,pseudo_6dof,-70.46918120915119,4.336808689942018e-19,2.4703058279294284e-19,,42.24999999999974,0.1973719047798852,-0.007731262422365326,0.002742486628969587,0.19754230546388654,-3.263295411670697e-08,3.552713678800501e-15,0.19754230546388385,-0.0033510591600989783,-0.5566422635986001,-1.6649876650268975,1.9214405287572e-14,1.6327700495388335e-16,"[4.627269392479348e-09, 4.941582685099999e-17, -16.714718841276227]","[0.0, 0.0, 0.0]",140.38829581048384
query-000000,-2.3483656500881502e-09,2.9605947323337506e-16,0.01645374173090275,117.77650799641464,-4.796514029178011,0.8558520518629645,-0.0031884720069943135,-0.26213912506605697,-1.643182100366817,16.710604391337036,"[3.994929034625926e-09, 3.4612853189331244e-17, -16.710604391337036]",-0.00252053390003261,-0.05077737649379404,-0.2871228912843231,0.04879297611564413,"[0.5726459761731686, 0.39266344742464687, -0.5849659381479224, 0.41917401426614154]","[0.010628240023314377, -0.03603958871481755, -0.03112785051196809]",nominal-triaxial_ellipsoid-pseudo_6dof,117.87724490077078,booster-release,117.77650799641464,-4.796514029178011,0.8558520518629645,-2.8180387801057805e-08,3.552713678800501e-15,117.87724490077083,-117.57923182939248,4.7884798736306955,-0.8544184863459492,0.0,1.5,0.0,5.1899999999999995,5.717999999999999,12.0,alpha3-passive-deployment-parent-v1,-0.0031884720069943135,-0.26213912506605697,-1.643182100366817,-87.63109372662885,"[366.41111965268993, -7.980151641492153e-15, 309.07484058496635]",2.858849314766712,native_rigid_body_reuse_instantaneous_projected_area,3.11111111111111,0.918915851175015,0.0,0.0,0.0,0.0,0.0,0.0,0.0,query-000000,rigid_body_6dof,pseudo_6dof,-79.88306516494221,0.0,0.0,,42.49999999999972,0.197276167022153,-0.008034155547315791,0.001433565517015345,0.19744490077083499,-2.8180387801057805e-08,3.552713678800501e-15,0.197444900770833,-0.0031884720069943135,-0.26213912506605697,-1.643182100366817,1.1995271029523435e-14,1.0193143623224576e-16,"[3.994929034625926e-09, 3.4612853189331244e-17, -16.710604391337036]","[0.0, 0.0, 0.0]",149.96730415236968
query-000000,-2.027874164885664e-09,2.9605947323337506e-16,0.016445630685339552,117.84001884156393,-2.944249256878139,-0.2885733080237265,-0.002968822957034779,0.14161617709588112,-0.9283113816370148,16.706491969910644,"[3.4488769471286134e-09, 3.461285318933125e-17, -16.706491969910644]",-0.003209799882353547,0.026567771842628016,-0.16209908011487328,0.09803904483784255,"[0.5725422420866019, 0.40003534502525917, -0.5841196498987493, 0.41348680554418094]","[0.009896076523449263, -0.039128631298243594, -0.08934580121575189]",nominal-triaxial_ellipsoid-pseudo_6dof,117.87714756822407,booster-release,117.84001884156393,-2.944249256878139,-0.2885733080237265,-2.433448997862797e-08,3.552713678800501e-15,117.87714756822407,-117.64273343292197,2.9393200763805787,0.28809019256234336,0.0,1.5,0.0,5.1899999999999995,5.717999999999999,12.0,alpha3-passive-deployment-parent-v1,-0.002968822957034779,0.14161617709588112,-0.9283113816370148,-88.5618994500241,"[366.4111196536188, -7.96878454969018e-15, 304.89770358205584]",2.858849314766712,native_rigid_body_reuse_instantaneous_projected_area,3.11111111111111,0.918915851175015,0.0,0.0,0.0,0.0,0.0,0.0,0.0,query-000000,rigid_body_6dof,pseudo_6dof,-95.59782482265989,1.1443916996305594e-16,1.1443916996305594e-16,,42.74999999999971,0.1972854086419602,-0.004929180497560193,-0.00048311546138313233,0.19734756822407612,-2.433448997862797e-08,3.552713678800501e-15,0.19734756822407462,-0.002968822957034779,0.14161617709588112,-0.9283113816370148,1.2288119422703713e-14,1.0441995501949964e-16,"[3.4488769471286134e-09, 3.461285318933125e-17, -16.706491969910644]","[0.0, 0.0, 0.0]",165.8380387629246
query-000000,-1.7510573731745656e-09,-8.881784197001252e-16,0.016437525646027257,117.87036138752207,0.06117237365185654,-1.2542541895546002,-0.002738228974471644,0.46395962017282777,0.1436760878671303,16.702381575494734,"[2.977355300709307e-09, 2.967852863544168e-17, -16.702381575494734]",-0.0027308139126741024,0.08860183458622577,0.025268680695032016,0.1099655603244443,"[0.5748865819986307, 0.4098339013206156, -0.5808238572041932, 0.40519777648538347]","[0.00912742991490548, -0.02405650657872612, -0.10691304397427469]",nominal-triaxial_ellipsoid-pseudo_6dof,117.8770503077523,booster-release,117.87036138752207,0.06117237365185654,-1.2542541895546002,-2.1012688478094788e-08,-1.0658141036401503e-14,117.87705030775233,-117.67312227265208,-0.061069990713306765,1.252155382414756,0.0,1.5,0.0,5.1899999999999995,5.717999999999999,12.0,alpha3-passive-deployment-parent-v1,-0.002738228974471644,0.46395962017282777,0.1436760878671303,-89.38961610739618,"[366.4111196544207, -7.953963430700488e-15, 300.72159443109433]",2.858849314766712,native_rigid_body_reuse_instantaneous_projected_area,3.11111111111111,0.918915851175015,0.0,0.0,0.0,0.0,0.0,0.0,0.0,query-000000,rigid_body_6dof,pseudo_6dof,177.20778880275344,5.551284527130373e-17,5.551284527130373e-17,,42.999999999999694,0.19723911486998702,0.00010238293854977765,-0.0020988071398442276,0.1972503077523282,-2.1012688478094788e-08,-1.0658141036401503e-14,0.1972503077523271,-0.002738228974471644,0.46395962017282777,0.1436760878671303,4.090106187776661e-14,3.475622993731006e-16,"[2.977355300709307e-09, 2.967852863544168e-17, -16.702381575494734]","[0.0, 0.0, 0.0]",-106.82317371733704
query-000000,-1.5119715849702211e-09,-2.9605947323337506e-16,0.016429426607032838,117.83059696702895,2.891589961011831,-1.6016249801144082,-0.002574472503540053,0.5590260326154664,1.1017294124564196,16.69827320658849,"[2.5702063096443436e-09, -1.22632300726198e-17, -16.69827320658849]",-0.0016752929939937166,0.1071652632821313,0.19266917617476523,0.07889503222092592,"[0.5784123747070998, 0.4180151037915252, -0.5762438752379451, 0.3983032689278479]","[0.008581575011800176, 0.0014862335496884267, -0.078412841992199]",nominal-triaxial_ellipsoid-pseudo_6dof,117.87695311928425,booster-release,117.83059696702895,2.891589961011831,-1.6016249801144082,-1.8143659019642655e-08,-3.552713678800501e-15,117.8769531192844,-117.63352138028577,-2.886753663687852,1.5989462151813854,0.0,1.5,0.0,5.1899999999999995,5.717999999999999,12.0,alpha3-passive-deployment-parent-v1,-0.002574472503540053,0.5590260326154664,1.1017294124564196,-88.39309167154941,"[366.4111196551129, -7.948394170249337e-15, 296.5465126255168]",2.858849314766712,native_rigid_body_reuse_instantaneous_projected_area,3.11111111111111,0.918915851175015,0.0,0.0,0.0,0.0,0.0,0.0,0.0,query-000000,rigid_body_6dof,pseudo_6dof,118.98166399318012,1.1102230246251565e-16,8.986421850675015e-17,,43.24999999999968,0.19707558674318193,0.004836297323979277,-0.0026787649330228813,0.19715311928439488,-1.8143659019642655e-08,-3.552713678800501e-15,0.19715311928439405,-0.002574472503540053,0.5590260326154664,1.1017294124564196,6.500319810976032e-14,5.523734583994902e-16,"[2.5702063096443436e-09, -1.22632300726198e-17, -16.69827320658849]","[0.0, 0.0, 0.0]",-48.46260385040273
query-000000,-1.3054866817204431e-09,-2.9605947323337506e-16,0.016421333562398388,117.79016350179899,4.358933110604745,-1.1959370591729537,-0.002463888499554081,0.3923488580425393,1.5464178943643652,16.694166861692576,"[2.2186543023862524e-09, -5.173782650373648e-17, -16.694166861692576]",-0.0014808824641698115,0.07547573056074096,0.27031341370671064,0.03219476800884789,"[0.5814553349446068, 0.42151307874194316, -0.5721883853660055, 0.3960263495857154]","[0.00821296166518027, 0.0252688946705149, -0.01818057507231932]",nominal-triaxial_ellipsoid-pseudo_6dof,117.87685600274875,booster-release,117.79016350179899,4.358933110604745,-1.1959370591729537,-1.566584018064532e-08,-3.552713678800501e-15,117.87685600274878,-117.5932524243257,-4.35164622068876,1.1939378035667758,0.0,1.5,0.0,5.1899999999999995,5.717999999999999,12.0,alpha3-passive-deployment-parent-v1,-0.002463888499554081,0.3923488580425393,1.5464178943643652,-87.80243999011972,"[366.4111196557105, -7.954420572499826e-15, 292.3724576591333]",2.858849314766712,native_rigid_body_reuse_instantaneous_projected_area,3.11111111111111,0.918915851175015,0.0,0.0,0.0,0.0,0.0,0.0,0.0,query-000000,rigid_body_6dof,pseudo_6dof,105.3424012066589,5.551115123125783e-17,3.479415622120791e-17,,43.499999999999666,0.1969110774732883,0.007286889915985029,-0.0019992556061778632,0.19705600274878127,-1.566584018064532e-08,-3.552713678800501e-15,0.19705600274878066,-0.002463888499554081,0.3923488580425393,1.5464178943643652,2.5871134355227412e-14,2.198434595846306e-16,"[2.2186543023862524e-09, -5.173782650373648e-17, -16.694166861692576]","[0.0, 0.0, 0.0]",-34.69516594979834
query-000000,-1.1271570343751591e-09,0.0,0.01641324650622285,117.811561641911,3.911592165333841,-0.2563058453126166,-0.002329353294802416,0.05193358871926892,1.3155879179569379,16.69006253930914,"[1.91511844420964e-09, -8.381093610401879e-17, -16.69006253930914]",-0.002151813790679702,0.010301513922771354,0.22989599314861806,0.05975467137961549,"[0.5825781759719925, 0.41941708796975063, -0.5702424778286153, 0.39939390541168995]","[0.007764510982674721, 0.03639061381517041, 0.046755281488200774]",nominal-triaxial_ellipsoid-pseudo_6dof,117.87675895807467,booster-release,117.811561641911,3.911592165333841,-0.2563058453126166,-1.352588441250191e-08,0.0,117.87675895807467,-117.61471162171608,-3.9050563169935195,0.2558775911904405,0.0,1.5,0.0,5.1899999999999995,5.717999999999999,12.0,alpha3-passive-deployment-parent-v1,-0.002329353294802416,0.05193358871926892,1.3155879179569379,-88.0942829733413,"[366.4111196562263, -7.974139725387359e-15, 288.1994290261286]",2.858849314766712,native_rigid_body_reuse_instantaneous_projected_area,3.11111111111111,0.918915851175015,0.0,0.0,0.0,0.0,0.0,0.0,0.0,query-000000,rigid_body_6dof,pseudo_6dof,93.74892880061347,4.336808689942018e-19,3.2939089231434048e-19,,43.74999999999965,0.1968500201949155,0.006535848340321504,-0.00042825412217606385,0.1969589580746747,-1.352588441250191e-08,0.0,0.19695895807467423,-0.002329353294802416,0.05193358871926892,1.3155879179569379,8.537865564199545e-15,7.255166616700186e-17,"[1.91511844420964e-09, -8.381093610401879e-17, -16.69006253930914]","[0.0, 0.0, 0.0]",-22.97905122229416
query-000000,-9.73152817588622e-10,2.9605947323337506e-16,0.016405165432586223,117.85995625163919,1.8326383228431469,0.7613080259184996,-0.0021530499342388766,-0.2978613201916217,0.5399624067354808,16.685960237941803,"[1.6530500278590214e-09, -3.446769056512294e-17, -16.685960237941803]",-0.0023801854445487033,-0.05687390698648895,0.09429192171133483,0.09401153108853287,"[0.581107100558629, 0.41317906976405205, -0.5710112078754171, 0.4068707343492686]","[0.007176833114129588, 0.030253864277598158, 0.08872071201435877]",nominal-triaxial_ellipsoid-pseudo_6dof,117.87666198519105,booster-release,117.85995625163919,1.8326383228431469,0.7613080259184996,-1.1677833811063465e-08,3.552713678800501e-15,117.87666198519103,-117.66312216634714,-1.82957768208027,-0.7600365862904113,0.0,1.5,0.0,5.1899999999999995,5.717999999999999,12.0,alpha3-passive-deployment-parent-v1,-0.0021530499342388766,-0.2978613201916217,0.5399624067354808,-89.03536810491283,"[366.41111965667153, -7.98596395898867e-15, 284.02742622106155]",2.858849314766712,native_rigid_body_reuse_instantaneous_projected_area,3.11111111111111,0.918915851175015,0.0,0.0,0.0,0.0,0.0,0.0,0.0,query-000000,rigid_body_6dof,pseudo_6dof,67.44119992122455,5.551284527130373e-17,5.551284527130373e-17,,43.99999999999964,0.19683408529205337,0.0030606407628768206,0.001271439628088289,0.19686198519103507,-1.1677833811063465e-08,3.552713678800501e-15,0.1968619851910347,-0.0021530499342388766,-0.2978613201916217,0.5399624067354808,2.9099984810047986e-14,2.4728105256847806e-16,"[1.6530500278590214e-09, -3.446769056512294e-17, -16.685960237941803]","[0.0, 0.0, 0.0]",3.443473365535424
query-000000,-8.401605337364041e-10,-2.9605947323337506e-16,0.016397090335580344,117.86486280170126,-0.9192397595231102,1.3833694407113177,-0.001997452357297744,-0.4950036433584387,-0.42591663373348243,16.681859956095675,"[1.4267920821466166e-09, -1.719755462650939e-17, -16.681859956095675]",-0.0016660364195198252,-0.09488345971773977,-0.07453180089881141,0.09193697151505406,"[0.5774626026060254, 0.40590848787187767, -0.5739080295919321, 0.4152165888243718]","[0.006658174524325814, 0.010428072359804958, 0.09110066273206882]",nominal-triaxial_ellipsoid-pseudo_6dof,117.87656508402695,booster-release,117.86486280170126,-0.9192397595231102,1.3833694407113177,-1.008192640483685e-08,-3.552713678800501e-15,117.87656508402696,-117.6681172516364,0.9177053309734369,-1.3810602523623103,0.0,1.5,0.0,5.1899999999999995,5.717999999999999,12.0,alpha3-passive-deployment-parent-v1,-0.001997452357297744,-0.4950036433584387,-0.42591663373348243,-89.19264828224779,"[366.41111965705585, -7.985822455546795e-15, 279.856448738865]",2.858849314766712,native_rigid_body_reuse_instantaneous_projected_area,3.11111111111111,0.918915851175015,0.0,0.0,0.0,0.0,0.0,0.0,0.0,query-000000,rigid_body_6dof,pseudo_6dof,-33.60377292969579,0.0,0.0,,44.24999999999962,0.19674555006486116,-0.001534428549673339,0.002309188349007396,0.19676508402696438,-1.008192640483685e-08,-3.552713678800501e-15,0.19676508402696413,-0.001997452357297744,-0.4950036433584387,-0.42591663373348243,2.3200139884196076e-14,1.9714632319392177e-16,"[1.4267920821466166e-09, -1.719755462650939e-17, -16.681859956095675]","[0.0, 0.0, 0.0]",104.59456286064241
query-000000,-7.253184719502315e-10,-2.9605947323337506e-16,0.016389021209297045,117.82685405533648,-3.146466104996941,1.3393963675500096,-0.001901480032406719,-0.4549520785361926,-1.163973871890992,16.677761692277333,"[1.231458288562121e-09, -5.4204988780681266e-17, -16.677761692277333]",-0.0010103508501000272,-0.08737688667832676,-0.20350858773092773,0.056788023679519184,"[0.573063011516966, 0.40101591604021597, -0.5774988130410904, 0.4210464830035559]","[0.006338266774689062, -0.013330106075443864, 0.05483624968700831]",nominal-triaxial_ellipsoid-pseudo_6dof,117.87646825451151,booster-release,117.82685405533648,-3.146466104996941,1.3393963675500096,-8.703821663402778e-09,-3.552713678800501e-15,117.87646825451156,-117.63026857829536,3.141216464952393,-1.337161679985421,0.0,1.5,0.0,5.1899999999999995,5.717999999999999,12.0,alpha3-passive-deployment-parent-v1,-0.001901480032406719,-0.4549520785361926,-1.163973871890992,-88.33757408491941,"[366.41111965738753, -7.99517952687116e-15, 275.6864960748455]",2.858849314766712,native_rigid_body_reuse_instantaneous_projected_area,3.11111111111111,0.918915851175015,0.0,0.0,0.0,0.0,0.0,0.0,0.0,query-000000,rigid_body_6dof,pseudo_6dof,-66.94138199122219,0.0,0.0,,44.49999999999961,0.1965854770411255,-0.005249640044548087,0.0022346875645886666,0.19666825451156475,-8.703821663402778e-09,-3.552713678800501e-15,0.19666825451156456,-0.001901480032406719,-0.4549520785361926,-1.163973871890992,7.789016191057211e-14,6.618821744307188e-16,"[1.231458288562121e-09, -5.4204988780681266e-17, -16.677761692277333]","[0.0, 0.0, 0.0]",138.03207081652542
query-000000,-6.261492065580872e-10,0.0,0.0163809580478483,117.8087711884959,-3.933282268853524,0.6794695346404422,-0.0018221564465600456,-0.206806478509297,-1.3734124478640934,16.67366544499484,"[1.0628282354310755e-09, -4.186917739595731e-17, -16.67366544499484]",-0.0012445285653561473,-0.03986107530139212,-0.24007396385724078,0.030615002557607403,"[0.5697045192748521, 0.4007163896751324, -0.5801243377547967, 0.42227821221097317]","[0.0060738548218668195, -0.029872696160749276, -0.0028299634790485764]",nominal-triaxial_ellipsoid-pseudo_6dof,117.87637149657415,booster-release,117.8087711884959,-3.933282268853524,0.6794695346404422,-7.513790478697047e-09,0.0,117.87637149657418,-117.61231242246538,3.9267231057601997,-0.678336443870613,0.0,1.5,0.0,5.1899999999999995,5.717999999999999,12.0,alpha3-passive-deployment-parent-v1,-0.0018221564465600456,-0.206806478509297,-1.3734124478640934,-88.05947453415854,"[366.41111965767374, -8.005893537447844e-15, 271.5175677246826]",2.8588493147667116,native_rigid_body_reuse_instantaneous_projected_area,3.1111111111111094,0.918915851175015,0.0,0.0,0.0,0.0,0.0,0.0,0.0,query-000000,rigid_body_6dof,pseudo_6dof,-80.19895733832874,2.7755575615628914e-17,1.998390232062512e-17,,44.749999999999595,0.19645876603051704,-0.006559163093324383,0.0011330907698292592,0.19657149657417974,-7.513790478697047e-09,0.0,0.1965714965741796,-0.0018221564465600456,-0.206806478509297,-1.3734124478640934,1.5251883344286566e-14,1.2960493937180864e-16,"[1.0628282354310755e-09, -4.186917739595731e-17, -16.67366544499484]","[0.0, 0.0, 0.0]",151.38564631780298
query-000000,-5.405193329958516e-10,-2.9605947323337506e-16,0.01637290084534726,117.8373275705173,-3.0183741673038442,-0.264218737757913,-0.001707094721521472,0.12557336700606903,-0.9918592167715828,16.669571212757717,"[9.172564635103644e-10, -2.706620373428856e-17, -16.669571212757717]",-0.00177178660900228,0.02393413147366224,-0.17334552559601116,0.06509361680550665,"[0.5687015617588916, 0.405084071741716, -0.5805408175793615, 0.41887681673546523]","[0.005690315738404907, -0.031885172245471556, -0.05646357273938668]",nominal-triaxial_ellipsoid-pseudo_6dof,117.87627481014411,booster-release,117.8373275705173,-3.0183741673038442,-0.264218737757913,-6.48623199595022e-09,-3.552713678800501e-15,117.87627481014417,-117.64091767701956,3.013343182317655,0.263778343103084,0.0,1.5,0.0,5.1899999999999995,5.717999999999999,12.0,alpha3-passive-deployment-parent-v1,-0.001707094721521472,0.12557336700606903,-0.9918592167715828,-88.52709502275809,"[366.4111196579208, -8.010809716673706e-15, 267.34966318442844]",2.858849314766712,native_rigid_body_reuse_instantaneous_projected_area,3.11111111111111,0.918915851175015,0.0,0.0,0.0,0.0,0.0,0.0,0.0,query-000000,rigid_body_6dof,pseudo_6dof,-95.00273561390311,1.1102230246251565e-16,1.1102230246251565e-16,,44.99999999999958,0.1964098934977443,-0.0050309849861891465,-0.00044039465482897944,0.19647481014416723,-6.48623199595022e-09,-3.552713678800501e-15,0.19647481014416712,-0.001707094721521472,0.12557336700606903,-0.9918592167715828,2.313705246601906e-14,1.9661022933433825e-16,"[9.172564635103644e-10, -2.706620373428856e-17, -16.669571212757717]","[0.0, 0.0, 0.0]",166.28075937005073
query-000000,-4.665814401505486e-10,1.4802973661668753e-15,0.016364849595902342,117.86833972722489,-0.8715192991500437,-1.0432305371569697,-0.0015747952648574232,0.38494415866068304,-0.20944630374191114,16.665478994076967,"[7.915945974124313e-10, -3.9402015119012533e-17, -16.665478994076967]",-0.0016114588722825804,0.07381377588259554,-0.03656463224319921,0.08589539981577936,"[0.5702875641458279, 0.4121347352675485, -0.578420324510067, 0.41273112598910505]","[0.005249317549524743, -0.019088122019020878, -0.08358294067908721]",nominal-triaxial_ellipsoid-pseudo_6dof,117.87617819515081,booster-release,117.86833972722489,-0.8715192991500437,-1.0432305371569697,-5.598977281806583e-09,1.7763568394002505e-14,117.87617819515083,-117.67197459067276,0.8700673793023483,1.041492548000754,0.0,1.5,0.0,5.1899999999999995,5.717999999999999,12.0,alpha3-passive-deployment-parent-v1,-0.0015747952648574232,0.38494415866068304,-0.20944630374191114,-89.33924172928009,"[366.41111965813406, -8.022017159705778e-15, 263.18278195050806]",2.8588493147667116,native_rigid_body_reuse_instantaneous_projected_area,3.1111111111111094,0.918915851175015,0.0,0.0,0.0,0.0,0.0,0.0,0.0,query-000000,rigid_body_6dof,pseudo_6dof,-140.12447187655135,2.7758963540648015e-17,2.7758963540648015e-17,,45.24999999999957,0.1963651365521315,-0.0014519198476953266,-0.0017379891562157024,0.1963781951508282,-5.598977281806583e-09,1.7763568394002505e-14,0.1963781951508281,-0.0015747952648574232,0.38494415866068304,-0.20944630374191114,3.039074732039589e-14,2.582494813926935e-16,"[7.915945974124313e-10, -3.9402015119012533e-17, -16.665478994076967]","[0.0, 0.0, 0.0]",-148.5126734084983
query-000000,-4.027462807698612e-10,-2.9605947323337506e-16,0.016356804293661042,117.8588149598295,1.5388637709182516,-1.304706892736493,-0.001479067420369108,0.4546377520368311,0.6232434497661297,16.661388787465054,"[6.831235035769868e-10, -6.407363788846045e-17, -16.661388787465054]",-0.0009356049216759793,0.08730223569839517,0.10899059590934669,0.07420216985610155,"[0.5735761879259778, 0.41885202491206763, -0.5745408706728666, 0.40678756839145]","[0.004930224734563693, 0.0019360890375158786, -0.07401288032943491]",nominal-triaxial_ellipsoid-pseudo_6dof,117.87608165152383,booster-release,117.8588149598295,1.5388637709182516,-1.304706892736493,-4.832955369238334e-09,-3.552713678800501e-15,117.87608165152393,-117.66256206002309,-1.536301323496108,1.3025343583339932,0.0,1.5,0.0,5.1899999999999995,5.717999999999999,12.0,alpha3-passive-deployment-parent-v1,-0.001479067420369108,0.4546377520368311,0.6232434497661297,-89.01930343757677,"[366.41111965831806, -8.035815123128643e-15, 259.0169235197183]",2.858849314766712,native_rigid_body_reuse_instantaneous_projected_area,3.11111111111111,0.918915851175015,0.0,0.0,0.0,0.0,0.0,0.0,0.0,query-000000,rigid_body_6dof,pseudo_6dof,130.29253872533016,0.0,0.0,,45.49999999999955,0.19625289980641014,0.00256244742214351,-0.0021725344024998705,0.19628165152393257,-4.832955369238334e-09,-3.552713678800501e-15,0.1962816515239325,-0.001479067420369108,0.4546377520368311,0.6232434497661297,4.175737711768443e-14,3.548389538194697e-16,"[6.831235035769868e-10, -6.407363788846045e-17, -16.661388787465054]","[0.0, 0.0, 0.0]",-58.850832353379914
query-000000,-3.4763184923273605e-10,5.921189464667501e-16,0.01634876493272941,117.82924969502642,3.1797091687999375,-0.9514451504081696,-0.0014226694643672342,0.31111265806016325,1.1513251291249176,16.657300591435916,"[5.894947247728792e-10, -1.0601539659652194e-16, -16.657300591435916]",-0.0006989782866689991,0.059815131398708234,0.2012864724787997,0.03995525148704817,"[0.5770092856271726, 0.4225785589298122, -0.5704937776094955, 0.40376291996872476]","[0.004742231547890781, 0.021091661447684075, -0.03360171392527071]",nominal-triaxial_ellipsoid-pseudo_6dof,117.87598517919272,booster-release,117.82924969502642,3.1797091687999375,-0.9514451504081696,-4.171582190792833e-09,7.105427357601002e-15,117.87598517919275,-117.633142299452,-3.1744170622054604,0.9498616278495717,0.0,1.5,0.0,5.1899999999999995,5.717999999999999,12.0,alpha3-passive-deployment-parent-v1,-0.0014226694643672342,0.31111265806016325,1.1513251291249176,-88.38652334793264,"[366.4111196584768, -8.05269703939769e-15, 254.85208738922776]",2.858849314766712,native_rigid_body_reuse_instantaneous_projected_area,3.11111111111111,0.918915851175015,0.0,0.0,0.0,0.0,0.0,0.0,0.0,query-000000,rigid_body_6dof,pseudo_6dof,106.65844276549815,0.0,0.0,,45.74999999999954,0.19610739557441548,0.005292106594477097,-0.0015835225585978385,0.19618517919275297,-4.171582190792833e-09,7.105427357601002e-15,0.1961851791927529,-0.0014226694643672342,0.31111265806016325,1.1513251291249176,3.126675448593494e-14,2.656934706375686e-16,"[5.894947247728792e-10, -1.0601539659652194e-16, -16.657300591435916]","[0.0, 0.0, 0.0]",-35.14150909625454
query-000000,-3.0004680221888214e-10,2.9605947323337506e-16,0.01634073150725849,117.82685638294903,3.3950464803768137,-0.17529840827484633,-0.0013571685650844018,0.030615691504061994,1.1664903301208531,16.65321440450495,"[5.086804115068457e-10, -4.433633967290213e-17, -16.65321440450495]",-0.0011032670441219767,0.005968986265993524,0.20391675198017106,0.03549651863208082,"[0.5790172817406459, 0.4220995285595206, -0.5679573575029873, 0.4049634742711102]","[0.004523895216948006, 0.02961344064752815, 0.0190415687399716]",nominal-triaxial_ellipsoid-pseudo_6dof,117.87588877808712,booster-release,117.82685638294903,3.3950464803768137,-0.17529840827484633,-3.600561626626586e-09,3.552713678800501e-15,117.8758887780871,-117.63084917127834,-3.3893987527146763,0.1750067971811049,0.0,1.5,0.0,5.1899999999999995,5.717999999999999,12.0,alpha3-passive-deployment-parent-v1,-0.0013571685650844018,0.030615691504061994,1.1664903301208531,-88.34734672252449,"[366.41111965861387, -8.068715448869805e-15, 250.68827305657626]",2.858849314766712,native_rigid_body_reuse_instantaneous_projected_area,3.11111111111111,0.918915851175015,0.0,0.0,0.0,0.0,0.0,0.0,0.0,query-000000,rigid_body_6dof,pseudo_6dof,92.95576146043874,0.0,0.0,,45.999999999999524,0.19600721167068968,0.005647727662137392,-0.00029161109374142846,0.19608877808710193,-3.600561626626586e-09,3.552713678800501e-15,0.1960887780871019,-0.0013571685650844018,0.030615691504061994,1.1664903301208531,1.8220214813636158e-14,1.5482873707837842e-16,"[5.086804115068457e-10, -4.433633967290213e-17, -16.65321440450495]","[0.0, 0.0, 0.0]",-21.366356274539815
query-000000,-2.5896914242669783e-10,-8.881784197001252e-16,0.016332704011420653,117.8541645480942,2.1636917515032135,0.645586517433851,-0.0012612650860488591,-0.2509270197002629,0.6874734737863639,16.64913022518903,"[4.389291006068603e-10, -4.680350194984692e-17, -16.64913022518903]",-0.0013578443198494754,-0.04813956986255404,0.12016443782829107,0.06575516893038554,"[0.578642976274623, 0.41802585942950604, -0.5679048884141747, 0.4097691112950715]","[0.004204216953496197, 0.024057551636238003, 0.06105162577803491]",nominal-triaxial_ellipsoid-pseudo_6dof,117.87579244813699,booster-release,117.8541645480942,2.1636917515032135,0.645586517433851,-3.107629709120374e-09,-1.0658141036401503e-14,117.87579244813705,-117.6582080607935,-2.1600941715281934,-0.6445130977394911,0.0,1.5,0.0,5.1899999999999995,5.717999999999999,12.0,alpha3-passive-deployment-parent-v1,-0.0012612650860488591,-0.2509270197002629,0.6874734737863639,-88.90241254540477,"[366.41111965873216, -8.079552817560334e-15, 246.52548001967475]",2.858849314766712,native_rigid_body_reuse_instantaneous_projected_area,3.11111111111111,0.918915851175015,0.0,0.0,0.0,0.0,0.0,0.0,0.0,query-000000,rigid_body_6dof,pseudo_6dof,73.38633374097634,0.0,0.0,,46.24999999999951,0.19595648730070536,0.003597579975020082,0.0010734196943599228,0.1959924481370479,-3.107629709120374e-09,-1.0658141036401503e-14,0.19599244813704786,-0.0012612650860488591,-0.2509270197002629,0.6874734737863639,1.4679977470494133e-14,1.247450919401132e-16,"[4.389291006068603e-10, -4.680350194984692e-17, -16.64913022518903]","[0.0, 0.0, 0.0]",-1.7285920582904046
query-000000,-2.2350536236596477e-10,-2.9605947323337506e-16,0.016324682439342077,117.87025830613528,0.07685374246294864,1.1296249168618158,-0.0011703025229049923,-0.4033050956209501,-0.059070907223001956,16.64504805200648,"[3.7872864364176086e-10, -7.394228699623963e-17, -16.64504805200648]",-0.0009825216863658553,-0.07746977611220257,-0.01034994173784504,0.0756630885485813,"[0.5759458906241697, 0.4124302730225065, -0.5701838967116726, 0.416026351206754]","[0.003901008409683308, 0.007645833062923558, 0.07517463893409758]",nominal-triaxial_ellipsoid-pseudo_6dof,117.87569618927213,booster-release,117.87025830613528,0.07685374246294864,1.1296249168618158,-2.6820643483915774e-09,-3.552713678800501e-15,117.8756961892721,-117.67437115402487,-0.07672601761836262,-1.1277476060788274,0.0,1.5,0.0,5.1899999999999995,5.717999999999999,12.0,alpha3-passive-deployment-parent-v1,-0.0011703025229049923,-0.4033050956209501,-0.059070907223001956,-89.4496460356871,"[366.41111965883414, -8.094214287780128e-15, 242.36370777680466]",2.858849314766712,native_rigid_body_reuse_instantaneous_projected_area,3.11111111111111,0.918915851175015,0.0,0.0,0.0,0.0,0.0,0.0,0.0,query-000000,rigid_body_6dof,pseudo_6dof,3.8921058173391745,6.938893903907228e-18,6.938893903907228e-18,,46.499999999999496,0.19588715211041574,0.00012772484458602185,0.0018773107829883617,0.19589618927210498,-2.6820643483915774e-09,-3.552713678800501e-15,0.19589618927210495,-0.0011703025229049923,-0.4033050956209501,-0.059070907223001956,2.62661948573499e-14,2.232005395773098e-16,"[3.7872864364176086e-10, -7.394228699623963e-17, -16.64504805200648]","[0.0, 0.0, 0.0]",67.82893413503453
query-000000,-1.9289044435784791e-10,0.0,0.016316666785210522,117.85478374038593,-1.940431520321777,1.068527359107172,-0.0011163080194626165,-0.3620236690207856,-0.7441020943535337,16.640967883477078,"[3.2677301865429927e-10, -1.0601539659652192e-16, -16.640967883477078]",-0.0005138376799376071,-0.06958232193868756,-0.13010560971467805,0.05807174994107586,"[0.5720153369547134, 0.4079183131827284, -0.5736464182825063, 0.42110674519698116]","[0.003721026731542055, -0.011523031470832956, 0.05679526254014667]",nominal-triaxial_ellipsoid-pseudo_6dof,117.87560000142246,booster-release,117.85478374038593,-1.940431520321777,1.068527359107172,-2.314685332294175e-09,0.0,117.87560000142253,-117.65901831626745,1.9372083236998527,-1.066752456212832,0.0,1.5,0.0,5.1899999999999995,5.717999999999999,12.0,alpha3-passive-deployment-parent-v1,-0.0011163080194626165,-0.3620236690207856,-0.7441020943535337,-88.92320401778363,"[366.41111965892213, -8.11800425842462e-15, 238.2029558266178]",2.858849314766712,native_rigid_body_reuse_instantaneous_projected_area,3.11111111111111,0.918915851175015,0.0,0.0,0.0,0.0,0.0,0.0,0.0,query-000000,rigid_body_6dof,pseudo_6dof,-61.15997002365223,0.0,0.0,,46.74999999999948,0.19576542411847697,-0.0032231966219242736,0.0017749028943399026,0.19580000142252632,-2.314685332294175e-09,0.0,0.1958000014225263,-0.0011163080194626165,-0.3620236690207856,-0.7441020943535337,6.718537639832396e-14,5.709168132366298e-16,"[3.2677301865429927e-10, -1.0601539659652192e-16, -16.640967883477078]","[0.0, 0.0, 0.0]",132.94055756687868
query-000000,-1.6646476789598333e-10,0.0,0.01630865704317704,117.83522291859313,-3.03776138436122,0.5163928022270805,-0.0010787340432522933,-0.1553560183143801,-1.0806928049407998,16.63688971812208,"[2.8193472754958715e-10, -1.2081837025819068e-16, -16.63688971812208]",-0.0005876220964567719,-0.029889063300302634,-0.18894165121714787,0.02905818796874163,"[0.5685082147145808, 0.4064943674414426, -0.5766904829666758, 0.42307071027912574]","[0.0035957801441743108, -0.024452275977936474, 0.015281847161921025]",nominal-triaxial_ellipsoid-pseudo_6dof,117.87550388451807,booster-release,117.83522291859313,-3.03776138436122,0.5163928022270805,-1.9975772147518e-09,0.0,117.87550388451812,-117.6395859108714,3.0327179151053123,-0.5155354557277008,0.0,1.5,0.0,5.1899999999999995,5.717999999999999,12.0,alpha3-passive-deployment-parent-v1,-0.0010787340432522933,-0.1553560183143801,-1.0806928049407998,-88.50208159950142,"[366.4111196589981, -8.146851911736847e-15, 234.04322366813568]",2.858849314766712,native_rigid_body_reuse_instantaneous_projected_area,3.11111111111111,0.918915851175015,0.0,0.0,0.0,0.0,0.0,0.0,0.0,query-000000,rigid_body_6dof,pseudo_6dof,-80.35244292440571,0.0,0.0,,46.99999999999947,0.19563700772172865,-0.0050434692559075955,0.0008573464993797408,0.19570388451812448,-1.9975772147518e-09,0.0,0.19570388451812448,-0.0010787340432522933,-0.1553560183143801,-1.0806928049407998,4.2487643793487813e-14,3.610444935620881e-16,"[2.8193472754958715e-10, -1.2081837025819068e-16, -16.63688971812208]","[0.0, 0.0, 0.0]",152.19048070484433
query-000000,-1.4365160912651237e-10,-2.9605947323337506e-16,0.0163006532074282,117.84197861484314,-2.796123516711247,-0.2480776255251215,-0.001020395514130618,0.1132545644486849,-0.943570942690335,16.632813554464185,"[2.4324019355287034e-10, -5.420498878068132e-17, -16.632813554464185]",-0.0009551098074890726,0.021736912028149445,-0.1649617696211024,0.04000402648192984,"[0.5668820408144365, 0.4087108453471589, -0.5779340207597535, 0.42141720936161975]","[0.003401318380435393, -0.025459918607796124, -0.030668317732250212]",nominal-triaxial_ellipsoid-pseudo_6dof,117.87540783848901,booster-release,117.84197861484314,-2.796123516711247,-0.2480776255251215,-1.7238193095181487e-09,-3.552713678800501e-15,117.87540783848914,-117.64642625029549,2.791483503204393,0.24766595471138686,0.0,1.5,0.0,5.1899999999999995,5.717999999999999,12.0,alpha3-passive-deployment-parent-v1,-0.001020395514130618,0.1132545644486849,-0.943570942690335,-88.63541863563046,"[366.41111965906356, -8.17372583522752e-15, 229.88451080074944]",2.858849314766712,native_rigid_body_reuse_instantaneous_projected_area,3.11111111111111,0.918915851175015,0.0,0.0,0.0,0.0,0.0,0.0,0.0,query-000000,rigid_body_6dof,pseudo_6dof,-95.07011974155117,1.3877787807814457e-17,1.3877787807814457e-17,,47.24999999999945,0.1955523645476518,-0.004640013506853613,-0.0004116708137346381,0.19560783848913843,-1.7238193095181487e-09,-3.552713678800501e-15,0.19560783848913843,-0.001020395514130618,0.1132545644486849,-0.943570942690335,3.320698753526381e-14,2.8218086311553734e-16,"[2.4324019355287034e-10, -5.420498878068132e-17, -16.632813554464185]","[0.0, 0.0, 0.0]",166.96329282311217
query-000000,-1.239624699186e-10,0.0,0.01629265527214348,117.86405110691662,-1.3830133994213607,-0.8613230899695987,-0.0009455439273472822,0.3166661064778105,-0.41384187699588176,16.628739391027548,"[2.0984884954206912e-10, -2.9533366011233393e-17, -16.628739391027548]",-0.000946894561716694,0.06085739550582025,-0.07234549420851254,0.06319777526671656,"[0.5677206494233559, 0.41350133948743006, -0.5767756730029205, 0.4171806916582459]","[0.0031518130911576073, -0.014646459526446054, -0.06139630360405255]",nominal-triaxial_ellipsoid-pseudo_6dof,117.87531186326562,booster-release,117.86405110691662,-1.3830133994213607,-0.8613230899695987,-1.4875496390232001e-09,0.0,117.87531186326572,-117.66855792109129,1.3807194893909482,0.8598944716670474,0.0,1.5,0.0,5.1899999999999995,5.717999999999999,12.0,alpha3-passive-deployment-parent-v1,-0.0009455439273472822,0.3166661064778105,-0.41384187699588176,-89.20802140944832,"[366.4111196591201, -8.181479251071871e-15, 225.72681672421925]",2.858849314766712,native_rigid_body_reuse_instantaneous_projected_area,3.11111111111111,0.918915851175015,0.0,0.0,0.0,0.0,0.0,0.0,0.0,query-000000,rigid_body_6dof,pseudo_6dof,-121.9141233367187,2.168404344971009e-19,2.168404344971009e-19,,47.49999999999944,0.1954931858253275,-0.0022939100304124604,-0.0014286183025513655,0.19551186326572179,-1.4875496390232001e-09,0.0,0.19551186326572179,-0.0009455439273472822,0.3166661064778105,-0.41384187699588176,4.1777176198668406e-14,3.5500719918514823e-16,"[2.0984884954206912e-10, -2.9533366011233393e-17, -16.628739391027548]","[0.0, 0.0, 0.0]",-166.1411539462296
query-000000,-1.0696687979816488e-10,0.0,0.016284663231515374,117.86930120251063,0.5466191011829012,-1.0466990582963047,-0.000889031910856518,0.3638300903416969,0.2652377933540038,16.624667226337777,"[1.8103484650665724e-10, -7.328905518730269e-18, -16.624667226337777]",-0.0005375684622494842,0.06994645801068838,0.046381829805594875,0.06475218134376126,"[0.5705043079627048, 0.4187569284397625, -0.573657123640213, 0.4124135957707118]","[0.00296343970285506, 0.002422524144518029, -0.06463895412730711]",nominal-triaxial_ellipsoid-pseudo_6dof,117.87521595877814,booster-release,117.86930120251063,0.5466191011829012,-1.0466990582963047,-1.2836025575779786e-09,0.0,117.87521595877818,-117.67389504933928,-0.5457129035693562,1.0449638194535424,0.0,1.5,0.0,5.1899999999999995,5.717999999999999,12.0,alpha3-passive-deployment-parent-v1,-0.000889031910856518,0.3638300903416969,0.2652377933540038,-89.42602018222578,"[366.4111196591689, -8.187752369550054e-15, 221.57014093867417]",2.858849314766712,native_rigid_body_reuse_instantaneous_projected_area,3.11111111111111,0.918915851175015,0.0,0.0,0.0,0.0,0.0,0.0,0.0,query-000000,rigid_body_6dof,pseudo_6dof,152.42502351015568,5.551125711027526e-17,5.551125711027526e-17,,47.749999999999424,0.1954061531713478,0.0009061976135450456,-0.0017352388427622767,0.19541595877818452,-1.2836025575779786e-09,0.0,0.19541595877818452,-0.000889031910856518,0.3638300903416969,0.2652377933540038,4.33792878808162e-14,3.686213596625436e-16,"[1.8103484650665724e-10, -7.328905518730269e-18, -16.624667226337777]","[0.0, 0.0, 0.0]",-80.43232721851477
query-000000,-9.229831713734407e-11,-5.921189464667501e-16,0.016276677079744672,117.85318394145013,2.1506098355068937,-0.7388211361159653,-0.00085964014536983,0.24037375684963355,0.7988736696356628,16.620597058921934,"[1.5617161898045724e-10, 3.4612853189331195e-17, -16.620597058921934]",-0.00032378562912501916,0.04622078924617404,0.13967963214683002,0.04410615204994931,"[0.5738960707247394, 0.4223206003650426, -0.569894047326044, 0.4092791044462882]","[0.0028654671512327663, 0.017546860106892388, -0.04036396223176811]",nominal-triaxial_ellipsoid-pseudo_6dof,117.87512012495695,booster-release,117.85318394145013,2.1506098355068937,-0.7388211361159653,-1.107579805648129e-09,-7.105427357601002e-15,117.87512012495694,-117.65790016496189,-2.147046254784101,0.7375969032475425,0.0,1.5,0.0,5.1899999999999995,5.717999999999999,12.0,alpha3-passive-deployment-parent-v1,-0.00085964014536983,0.24037375684963355,0.7988736696356628,-88.89461433941081,"[366.41111965921095, -8.18551377817278e-15, 217.41448294461165]",2.858849314766712,native_rigid_body_reuse_instantaneous_projected_area,3.11111111111111,0.918915851175015,0.0,0.0,0.0,0.0,0.0,0.0,0.0,query-000000,rigid_body_6dof,pseudo_6dof,108.9596616222251,2.7755575615628914e-17,2.7755575615628914e-17,,47.99999999999941,0.1952837764882389,0.003563580722792725,-0.001224232868422881,0.19532012495693607,-1.107579805648129e-09,-7.105427357601002e-15,0.19532012495693607,-0.00085964014536983,0.24037375684963355,0.7988736696356628,4.419988271265417e-15,3.755944751151359e-17,"[1.5617161898045724e-10, 3.4612853189331195e-17, -16.620597058921934]","[0.0, 0.0, 0.0]",-36.92114451883667
query-000000,-7.963822194293849e-11,5.921189464667501e-16,0.016268696811051104,117.84252154095458,2.765982892875986,-0.10403742129496091,-0.0008287185855646031,0.011687628630813563,0.9683116423524732,16.616528887308533,"[1.347181774880298e-10, 5.4350151404889525e-17, -16.616528887308533]",-0.0005508834198426252,0.0022515243291461318,0.16930200006581037,0.023980692577789415,"[0.5763502206806161, 0.42290466104430074, -0.5670916606607987, 0.4091199325349324]","[0.0027623952852153435, 0.023820297516784928, -0.00019030241857131633]",nominal-triaxial_ellipsoid-pseudo_6dof,117.87502436173261,booster-release,117.84252154095458,2.765982892875986,-0.10403742129496091,-9.55658663315262e-10,7.105427357601002e-15,117.87502436173261,-117.64735101034486,-2.7614018770524176,0.10386511503516971,0.0,1.5,0.0,5.1899999999999995,5.717999999999999,12.0,alpha3-passive-deployment-parent-v1,-0.0008287185855646031,0.011687628630813563,0.9683116423524732,-88.65445806099343,"[366.4111196592472, -8.176243774306211e-15, 213.25984224289712]",2.858849314766712,native_rigid_body_reuse_instantaneous_projected_area,3.11111111111111,0.918915851175015,0.0,0.0,0.0,0.0,0.0,0.0,0.0,query-000000,rigid_body_6dof,pseudo_6dof,92.15406122102712,1.0842021724855044e-19,1.0842021724855044e-19,,48.249999999999396,0.19517053060971534,0.004581015823568624,-0.0001723062597911995,0.19522436173261326,-9.55658663315262e-10,7.105427357601002e-15,0.19522436173261326,-0.0008287185855646031,0.011687628630813563,0.9683116423524732,1.5605207160372984e-14,1.326073562359299e-16,"[1.347181774880298e-10, 5.4350151404889525e-17, -16.616528887308533]","[0.0, 0.0, 0.0]",-20.071101689640777
query-000000,-6.871303526168049e-11,2.9605947323337506e-16,0.01626072241963309,117.85348048993502,2.1807123015568126,0.5481231582157201,-0.0007772835689216121,-0.21132359151249822,0.7196738091131573,16.612462710027526,"[1.1620767571468225e-10, 8.889042328211664e-17, -16.612462710027526]",-0.0007699064807504795,-0.0406372196813622,0.12582972760182226,0.042553784129839844,"[0.5767603497501891, 0.4205528980086685, -0.566401129829321, 0.411913242152542]","[0.002590945229738707, 0.01876732768496742, 0.03810379191301778]",nominal-triaxial_ellipsoid-pseudo_6dof,117.87492866903558,booster-release,117.85348048993502,2.1807123015568126,0.5481231582157201,-8.245564231401659e-10,3.552713678800501e-15,117.8749286690356,-117.65838732596005,-2.1771023771556663,-0.5472158018056916,0.0,1.5,0.0,5.1899999999999995,5.717999999999999,12.0,alpha3-passive-deployment-parent-v1,-0.0007772835689216121,-0.21132359151249822,0.7196738091131573,-88.9069784921311,"[366.41111965927854, -8.155748182079543e-15, 209.1062183347638]",2.858849314766712,native_rigid_body_reuse_instantaneous_projected_area,3.11111111111111,0.918915851175015,0.0,0.0,0.0,0.0,0.0,0.0,0.0,query-000000,rigid_body_6dof,pseudo_6dof,75.89095263810047,2.775578737305794e-17,2.775578737305794e-17,,48.49999999999938,0.195093163974974,0.0036099244011462694,0.0009073564100284814,0.1951286690355971,-8.245564231401659e-10,3.552713678800501e-15,0.1951286690355971,-0.0007772835689216121,-0.21132359151249822,0.7196738091131573,8.105574102336953e-15,6.887821106372507e-17,"[1.1620767571468225e-10, 8.889042328211664e-17, -16.612462710027526]","[0.0, 0.0, 0.0]",-3.7656934369936117
query-000000,-5.928472527709042e-11,2.9605947323337506e-16,0.016252753899712737,117.86919829407978,0.7008458802834703,0.9149723346314375,-0.0007238640392163232,-0.32571399381696037,0.17850749820146994,16.60839852561031,"[1.0023688065787079e-10, 6.175163823572391e-17, -16.60839852561031]",-0.0005909817926768939,-0.06264346927029897,0.031210309077230183,0.05868923699139267,"[0.5749127888623317, 0.4165260748555476, -0.5680008016747009, 0.41636090530315667]","[0.0024128801307210773, 0.005273291614602382, 0.05840202859194182]",nominal-triaxial_ellipsoid-pseudo_6dof,117.87483304679644,booster-release,117.86919829407978,0.7008458802834703,0.9149723346314375,-7.114167033250851e-10,3.552713678800501e-15,117.87483304679655,-117.67417457042409,-0.6996862757816018,-0.9134584417742175,0.0,1.5,0.0,5.1899999999999995,5.717999999999999,12.0,alpha3-passive-deployment-parent-v1,-0.0007238640392163232,-0.32571399381696037,0.17850749820146994,-89.43977014932867,"[366.41111965930554, -8.138829975154445e-15, 204.95361072181217]",2.858849314766712,native_rigid_body_reuse_instantaneous_projected_area,3.11111111111111,0.918915851175015,0.0,0.0,0.0,0.0,0.0,0.0,0.0,query-000000,rigid_body_6dof,pseudo_6dof,37.45120993541351,1.0842021724855044e-19,1.0842021724855044e-19,,48.74999999999937,0.19502372365569443,0.001159604501868472,0.0015138928572199228,0.19503304679655287,-7.114167033250851e-10,3.552713678800501e-15,0.19503304679655287,-0.0007238640392163232,-0.32571399381696037,0.17850749820146994,7.94573423592456e-14,6.751995020321721e-16,"[1.0023688065787079e-10, 6.175163823572391e-17, -16.60839852561031]","[0.0, 0.0, 0.0]",34.71343935847863
query-000000,-5.1147234595797876e-11,2.9605947323337506e-16,0.01624479124551333,117.86746915411051,-1.0036400950262534,0.8403340210435187,-0.0006922530244760788,-0.28373155833185354,-0.41187039624944705,16.60433633258974,"[8.64578780276252e-11, -2.213187918039903e-17, -16.60433633258974]",-0.0002748903380117647,-0.05456952371776026,-0.07201560077812609,0.05397304595889815,"[0.5715828044204372, 0.412709555549587, -0.5710571788147994, 0.4205444316276379]","[0.002307510081586929, -0.010005153211346825, 0.05298737582219168]",nominal-triaxial_ellipsoid-pseudo_6dof,117.87473749494605,booster-release,117.86746915411051,-1.0036400950262534,0.8403340210435187,-6.137668151495745e-10,3.552713678800501e-15,117.87473749494616,-117.67254367931187,1.0019803075150335,-0.8389443031570565,0.0,1.5,0.0,5.1899999999999995,5.717999999999999,12.0,alpha3-passive-deployment-parent-v1,-0.0006922530244760788,-0.28373155833185354,-0.41187039624944705,-89.3637216664328,"[366.41111965932885, -8.1330139984756e-15, 200.80201890600972]",2.858849314766712,native_rigid_body_reuse_instantaneous_projected_area,3.11111111111111,0.918915851175015,0.0,0.0,0.0,0.0,0.0,0.0,0.0,query-000000,rigid_body_6dof,pseudo_6dof,-50.06102600013558,0.0,0.0,,48.99999999999935,0.1949254747986373,-0.001659787511219868,0.0013897178864622495,0.19493749494615997,-6.137668151495745e-10,3.552713678800501e-15,0.19493749494615997,-0.0006922530244760788,-0.28373155833185354,-0.41187039624944705,6.057037526328478e-14,5.147049473510728e-16,"[8.64578780276252e-11, -2.213187918039903e-17, -16.60433633258974]","[0.0, 0.0, 0.0]",122.26276623230608
query-000000,-4.412470389070222e-11,0.0,0.016236834451272365,117.85349553403363,-2.200055937624128,0.38022897264827876,-0.0006742643056836821,-0.11241895874814789,-0.7990731721584412,16.600276129500106,"[7.457031055402569e-11, -2.213187918039903e-17, -16.600276129500106]",-0.00027150700387006425,-0.021614279723933892,-0.1397180994546235,0.03235252543623162,"[0.5682039665029069, 0.410790658284045, -0.5741412560761671, 0.4227967662934589]","[0.0022475476856122735, -0.01990479930515382, 0.025405381243438583]",nominal-triaxial_ellipsoid-pseudo_6dof,117.87464201341523,booster-release,117.85349553403363,-2.200055937624128,0.38022897264827876,-5.294964466884267e-10,0.0,117.87464201341527,-117.65868847488424,2.196419334688496,-0.37960046938128755,0.0,1.5,0.0,5.1899999999999995,5.717999999999999,12.0,alpha3-passive-deployment-parent-v1,-0.0006742643056836821,-0.11241895874814789,-0.7990731721584412,-88.91469209465271,"[366.411119659349, -8.135709731652214e-15, 196.6514423896905]",2.858849314766712,native_rigid_body_reuse_instantaneous_projected_area,3.11111111111111,0.918915851175015,0.0,0.0,0.0,0.0,0.0,0.0,0.0,query-000000,rigid_body_6dof,pseudo_6dof,-80.19460541318465,1.1188630228279524e-16,1.1188630228279524e-16,,49.24999999999934,0.19480705914938312,-0.0036366029356318386,0.0006285032669912094,0.1948420134152684,-5.294964466884267e-10,0.0,0.1948420134152684,-0.0006742643056836821,-0.11241895874814789,-0.7990731721584412,4.234948517024668e-14,3.5987047199474064e-16,"[7.457031055402569e-11, -2.213187918039903e-17, -16.600276129500106]","[0.0, 0.0, 0.0]",152.43224988360072
query-000000,-3.806614283045443e-11,-5.921189464667501e-16,0.016228883511243925,117.84974142605203,-2.4068028079470527,-0.23341532770691079,-0.0006450557788824505,0.10256265224428955,-0.8291308154708819,16.59621791487714,"[6.431488935041443e-11, 5.006905865993683e-18, -16.59621791487714]",-0.0005120267403073913,0.019741342945480266,-0.14497574530829332,0.02330262297655999,"[0.566218981606142, 0.4115461085547732, -0.5758644816035375, 0.4223813019415221]","[0.0021501859296081684, -0.02010335987174449, -0.01158636525934471]",nominal-triaxial_ellipsoid-pseudo_6dof,117.87454660213487,booster-release,117.84974142605203,-2.4068028079470527,-0.23341532770691079,-4.567937139654532e-10,-7.105427357601002e-15,117.87454660213493,-117.65503580581542,2.4028264056517656,0.233029690375524,0.0,1.5,0.0,5.1899999999999995,5.717999999999999,12.0,alpha3-passive-deployment-parent-v1,-0.0006450557788824505,0.10256265224428955,-0.8291308154708819,-88.82454397573203,"[366.41111965936636, -8.141736133902704e-15, 192.50188067555482]",2.858849314766712,native_rigid_body_reuse_instantaneous_projected_area,3.11111111111111,0.918915851175015,0.0,0.0,0.0,0.0,0.0,0.0,0.0,query-000000,rigid_body_6dof,pseudo_6dof,-95.53930705472304,1.3878211317825933e-17,1.3878211317825933e-17,,49.499999999999325,0.19470562023661842,-0.003976402295287063,-0.00038563733138677336,0.19474660213492712,-4.567937139654532e-10,-7.105427357601002e-15,0.19474660213492712,-0.0006450557788824505,0.10256265224428955,-0.8291308154708819,2.1591904364657315e-14,1.8348012458091632e-16,"[6.431488935041443e-11, 5.006905865993683e-18, -16.59621791487714]","[0.0, 0.0, 0.0]",167.81170942194677
query-000000,-3.283714041420656e-11,-5.921189464667501e-16,0.016220938419669057,117.86166702988807,-1.584639156303425,-0.7089596395126548,-0.0006025421322578054,0.25953534792784544,-0.5067403848118313,16.592161687258002,"[5.546782306097436e-11, -7.328905518730287e-18, -16.592161687258002]",-0.0005635550146327367,0.04993846440033226,-0.08860772877498252,0.04333354624582508,"[0.5664158761920162, 0.414554331051842, -0.5754580545301425, 0.41972108510316014]","[0.0020084737741926846, -0.010982152310612978, -0.041870688959747715]",nominal-triaxial_ellipsoid-pseudo_6dof,117.87445126103592,booster-release,117.86166702988807,-1.584639156303425,-0.7089596395126548,-3.9404568497047876e-10,-7.105427357601002e-15,117.87445126103603,-117.66703688000901,1.582022372406751,0.7077889034261986,0.0,1.5,0.0,5.1899999999999995,5.717999999999999,12.0,alpha3-passive-deployment-parent-v1,-0.0006025421322578054,0.25953534792784544,-0.5067403848118313,-89.15614268238139,"[366.41111965938137, -8.144555225193164e-15, 188.353333266669]",2.858849314766712,native_rigid_body_reuse_instantaneous_projected_area,3.11111111111111,0.918915851175015,0.0,0.0,0.0,0.0,0.0,0.0,0.0,query-000000,rigid_body_6dof,pseudo_6dof,-114.10350351781652,0.0,0.0,,49.74999999999931,0.19463014987906035,-0.0026167838966739687,-0.0011707360864562366,0.1946512610360287,-3.9404568497047876e-10,-7.105427357601002e-15,0.1946512610360287,-0.0006025421322578054,0.25953534792784544,-0.5067403848118313,6.394899868415777e-14,5.43415256349499e-16,"[5.546782306097436e-11, -7.328905518730287e-18, -16.592161687258002]","[0.0, 0.0, 0.0]",-173.591307635261
query-000000,-2.832637828002286e-11,-5.921189464667501e-16,0.016212999170791182,117.87134045511907,-0.13156488340428138,-0.832820547162711,-0.0005681960128455241,0.2886021670845022,0.014509543189981315,16.5881074451813,"[4.783599702563986e-11, -2.7066203734288634e-17, -16.5881074451813]",-0.00032699053574330447,0.055525844479143216,0.0025341235467254667,0.05305988282773701,"[0.5685877976223238, 0.41845455436745, -0.5730867718419532, 0.4161433097670838]","[0.0018939867094850803, 0.002779406958041061, -0.05295317626921984]",nominal-triaxial_ellipsoid-pseudo_6dof,117.87435599004942,booster-release,117.87134045511907,-0.13156488340428138,-0.832820547162711,-3.3991653936027433e-10,-7.105427357601002e-15,117.8743559900495,-117.67678944232061,0.13134773101505814,0.8314459461089925,0.0,1.5,0.0,5.1899999999999995,5.717999999999999,12.0,alpha3-passive-deployment-parent-v1,-0.0005681960128455241,0.2886021670845022,0.014509543189981315,-89.59016308720506,"[366.4111196593943, -8.149224688191334e-15, 184.20579966646477]",2.858849314766712,native_rigid_body_reuse_instantaneous_projected_area,3.11111111111111,0.918915851175015,0.0,0.0,0.0,0.0,0.0,0.0,0.0,query-000000,rigid_body_6dof,pseudo_6dof,-171.0228826837368,0.0,0.0,,49.9999999999993,0.1945510127984562,-0.0002171523892232352,-0.0013746010537185605,0.1945559900494942,-3.3991653936027433e-10,-7.105427357601002e-15,0.1945559900494942,-0.0005681960128455241,0.2886021670845022,0.014509543189981315,4.574877661091067e-14,3.8875641028375873e-16,"[4.783599702563986e-11, -2.7066203734288634e-17, -16.5881074451813]","[0.0, 0.0, 0.0]",-116.64130186658306
query-000000,-2.4433788325950445e-11,5.921189464667501e-16,0.01620506575888451,117.86566783107483,1.3064429391207892,-0.5647213116822042,-0.0005516807979341653,0.18252080863098505,0.5042292405756332,16.584055187187076,"[4.125286298774352e-11, -4.861743241785502e-18, -16.584055187187076]",-0.00015701323323912214,0.03510639677468423,0.08816549861358351,0.04362461535150261,"[0.5716700782911978, 0.4216027498348896, -0.5697776415356918, 0.41327700410768103]","[0.0018389359931138842, 0.014577697936210415, -0.04107573616942725]",nominal-triaxial_ellipsoid-pseudo_6dof,117.87426078910657,booster-release,117.86566783107483,1.3064429391207892,-0.5647213116822042,-2.9320545991140534e-10,7.105427357601002e-15,117.87426078910661,-117.67122121803776,-1.3042876597913953,0.5637896736748473,0.0,1.5,0.0,5.1899999999999995,5.717999999999999,12.0,alpha3-passive-deployment-parent-v1,-0.0005516807979341653,0.18252080863098505,0.5042292405756332,-89.30816564751193,"[366.41111965940536, -8.15636131346645e-15, 180.05927937873892]",2.858849314766712,native_rigid_body_reuse_instantaneous_projected_area,3.11111111111111,0.918915851175015,0.0,0.0,0.0,0.0,0.0,0.0,0.0,query-000000,rigid_body_6dof,pseudo_6dof,113.3768340110917,0.0,0.0,,50.24999999999928,0.19444661303707278,0.0021552793293939665,-0.0009316380073568498,0.19446078910661413,-2.9320545991140534e-10,7.105427357601002e-15,0.19446078910661413,-0.0005516807979341653,0.18252080863098505,0.5042292405756332,3.826786340597942e-14,3.2518633959251645e-16,"[4.125286298774352e-11, -4.861743241785502e-18, -16.584055187187076]","[0.0, 0.0, 0.0]",-41.01173083599706
query-000000,-2.1075289661591036e-11,2.9605947323337506e-16,0.016197138178218513,117.8550684300962,2.1211922233467373,-0.04815071404431431,-0.0005369645664048813,-0.002912056575211805,0.7565819613989875,16.580004911816804,"[3.557444229112739e-11, 7.25813121040803e-20, -16.580004911816804]",-0.0002749586968193554,-0.0005791074727372247,0.13229384407266045,0.02278566725984328,"[0.5742480349632809, 0.42279266244803354, -0.5669661461114677, 0.4123529411613595]","[0.001789881888016271, 0.019041239393758975, -0.012386046893694803]",nominal-triaxial_ellipsoid-pseudo_6dof,117.87416565813864,booster-release,117.8550684300962,2.1211922233467373,-0.04815071404431431,-2.5290347593909246e-10,3.552713678800501e-15,117.87416565813862,-117.66073426185856,-2.117694536227667,0.048071317204716024,0.0,1.5,0.0,5.1899999999999995,5.717999999999999,12.0,alpha3-passive-deployment-parent-v1,-0.0005369645664048813,-0.002912056575211805,0.7565819613989875,-88.96861848130409,"[366.411119659415, -8.153876005861478e-15, 175.9137719076533]",2.858849314766712,native_rigid_body_reuse_instantaneous_projected_area,3.11111111111111,0.918915851175015,0.0,0.0,0.0,0.0,0.0,0.0,0.0,query-000000,rigid_body_6dof,pseudo_6dof,91.3003814348562,4.336808689942018e-19,4.336808689942018e-19,,50.49999999999927,0.1943341682376314,0.0034976871190703918,-7.939683959828914e-05,0.19436565813862217,-2.5290347593909246e-10,3.552713678800501e-15,0.19436565813862217,-0.0005369645664048813,-0.002912056575211805,0.7565819613989875,2.0513907754910442e-14,1.7431970274346525e-16,"[3.557444229112739e-11, 7.25813121040803e-20, -16.580004911816804]","[0.0, 0.0, 0.0]",-18.906718631238448
query-000000,-1.8179828013368628e-11,0.0,0.01618921642308398,117.85621410573142,1.9982007463662275,0.4653058842357253,-0.0005091642384049502,-0.1778686021031551,0.6763266918199634,16.57595661761339,"[3.067648864352453e-11, -7.14751247192949e-17, -16.57595661761339]",-0.000442018938688021,-0.03424361293022036,0.1182644491854027,0.024860674635124914,"[0.5751754805474215, 0.421722016390046, -0.565841673452824, 0.4136990549337333]","[0.0016972141280165007, 0.014461987110454015, 0.02015002571547407]",nominal-triaxial_ellipsoid-pseudo_6dof,117.87407059707691,booster-release,117.85621410573142,1.9982007463662275,0.4653058842357253,-2.1815793616042356e-10,0.0,117.87407059707701,-117.66197293829632,-1.994907471818415,-0.46453900429981587,0.0,1.5,0.0,5.1899999999999995,5.717999999999999,12.0,alpha3-passive-deployment-parent-v1,-0.0005091642384049502,-0.1778686021031551,0.6763266918199634,-89.00268572358213,"[366.41111965942326, -8.159038901315035e-15, 171.76927675773402]",2.858849314766712,native_rigid_body_reuse_instantaneous_projected_area,3.11111111111111,0.918915851175015,0.0,0.0,0.0,0.0,0.0,0.0,0.0,query-000000,rigid_body_6dof,pseudo_6dof,76.89156794982354,0.0,0.0,,50.749999999999254,0.19424116743510922,0.0032932745478124748,0.0007668799359094036,0.19427059707700778,-2.1815793616042356e-10,0.0,0.19427059707700778,-0.0005091642384049502,-0.1778686021031551,0.6763266918199634,5.5234230628682096e-14,4.6936033736191e-16,"[3.067648864352453e-11, -7.14751247192949e-17, -16.57595661761339]","[0.0, 0.0, 0.0]",-4.470463246678739
query-000000,-1.5678717583493075e-11,5.921189464667501e-16,0.01618130048774565,117.8671204752486,1.0351693054855546,0.7378756747715692,-0.0004770801629070514,-0.2617917347429272,0.31362579405699076,16.571910303121165,"[2.6451877858869993e-11, -1.1588404570430116e-16, -16.571910303121165]",-0.0003690889662687767,-0.050386547888127756,0.05484536697628726,0.042735981290073305,"[0.5740483093478571, 0.4190453930145575, -0.5668077486861233, 0.4166515008463438]","[0.0015902672096901715, 0.003405827141500967, 0.04257035927155766]",nominal-triaxial_ellipsoid-pseudo_6dof,117.87397560585285,booster-release,117.8671204752486,1.0351693054855546,0.7378756747715692,-1.8814461100191693e-10,7.105427357601002e-15,117.87397560585295,-117.67295616195933,-1.0334640550506897,-0.7366601608115744,0.0,1.5,0.0,5.1899999999999995,5.717999999999999,12.0,alpha3-passive-deployment-parent-v1,-0.0004770801629070514,-0.2617917347429272,0.31362579405699076,-89.38207091695874,"[366.4111196594304, -8.18319894630107e-15, 167.62579343387142]",2.858849314766712,native_rigid_body_reuse_instantaneous_projected_area,3.11111111111111,0.918915851175015,0.0,0.0,0.0,0.0,0.0,0.0,0.0,query-000000,rigid_body_6dof,pseudo_6dof,54.51847179874543,0.0,0.0,,50.99999999999924,0.19416431328926365,0.0017052504348649133,0.0012155139599948628,0.1941756058529478,-1.8814461100191693e-10,7.105427357601002e-15,0.1941756058529478,-0.0004770801629070514,-0.2617917347429272,0.31362579405699076,9.172209920503787e-14,7.794209303978922e-16,"[2.6451877858869993e-11, -1.1588404570430116e-16, -16.571910303121165]","[0.0, 0.0, 0.0]",17.928377317039132
query-000000,-1.3521628261514707e-11,-8.881784197001252e-16,0.016173390366491937,117.87162829707462,-0.31935134772004015,0.6549846659719747,-0.0004572854587174815,-0.22023013239196346,-0.16423412449114383,16.567865966885897,"[2.2808308462058724e-11, -5.420498878068135e-17, -16.567865966885897]",-0.00016462382891392017,-0.04237672264842895,-0.028713759638247887,0.04671337409182286,"[0.5713634152300068, 0.416039555683753, -0.5693265845310225, 0.4199073421475371]","[0.001524284862391605, -0.008684490075363854, 0.045873690791474124]",nominal-triaxial_ellipsoid-pseudo_6dof,117.8738806843979,booster-release,117.87162829707462,-0.31935134772004015,0.6549846659719747,-1.6225953913817648e-10,-1.0658141036401503e-14,117.8738806843979,-117.67755132125791,0.3188255322504858,-0.6539062262255655,0.0,1.5,0.0,5.1899999999999995,5.717999999999999,12.0,alpha3-passive-deployment-parent-v1,-0.0004572854587174815,-0.22023013239196346,-0.16423412449114383,-89.6457979518494,"[366.41111965943657, -8.205878693920936e-15, 163.48332144131948]",2.858849314766712,native_rigid_body_reuse_instantaneous_projected_area,3.11111111111111,0.918915851175015,0.0,0.0,0.0,0.0,0.0,0.0,0.0,query-000000,rigid_body_6dof,pseudo_6dof,-25.992507580733296,2.7755575615628914e-17,2.7755575615628914e-17,,51.249999999999226,0.19407697581671357,-0.0005258154695543249,0.0010784397464091988,0.19408068439790327,-1.6225953913817648e-10,-1.0658141036401503e-14,0.19408068439790327,-0.0004572854587174815,-0.22023013239196346,-0.16423412449114383,1.257706869269076e-14,1.068753404806157e-16,"[2.2808308462058724e-11, -5.420498878068135e-17, -16.567865966885897]","[0.0, 0.0, 0.0]",98.46365017122005
query-000000,-1.1662966888555577e-11,0.0,0.016165486053649165,117.86427092442324,-1.4726708237077586,0.2725190252472501,-0.0004478267565526768,-0.07861555906752547,-0.5492755664168885,16.56382360745477,"[1.966587893558959e-11, -5.667215105762615e-17, -16.56382360745477]",-0.00013030563510382746,-0.015111606585061013,-0.09604522475274162,0.03374580271915668,"[0.5682976905194671, 0.4140385599337202, -0.5722028423629479, 0.4221299717267355]","[0.0014927558551755893, -0.016152311916196586, 0.02959144641410715]",nominal-triaxial_ellipsoid-pseudo_6dof,117.87378583264363,booster-release,117.86427092442324,-1.4726708237077586,0.2725190252472501,-1.3995560266266693e-10,0.0,117.87378583264379,-117.67030075053859,1.470247237681214,-0.27207053846449725,0.0,1.5,0.0,5.1899999999999995,5.717999999999999,12.0,alpha3-passive-deployment-parent-v1,-0.0004478267565526768,-0.07861555906752547,-0.5492755664168885,-89.27199520915735,"[366.4111196594419, -8.219923373571497e-15, 159.34186028569553]",2.858849314766712,native_rigid_body_reuse_instantaneous_projected_area,3.11111111111111,0.918915851175015,0.0,0.0,0.0,0.0,0.0,0.0,0.0,query-000000,rigid_body_6dof,pseudo_6dof,-79.5159633954984,1.3877787807814457e-17,1.3877787807814457e-17,,51.49999999999921,0.19397017388465088,-0.0024235860265446885,0.0004484867827528327,0.19398583264379,-1.3995560266266693e-10,0.0,0.19398583264379,-0.0004478267565526768,-0.07861555906752547,-0.5492755664168885,1.0492922912844587e-13,8.916503013129345e-16,"[1.966587893558959e-11, -5.667215105762615e-17, -16.56382360745477]","[0.0, 0.0, 0.0]",152.01066658391625
query-000000,-1.0056548186791284e-11,5.921189464667501e-16,0.016157587543476144,117.85742241631928,-1.9462173450318994,-0.2173966444623756,-0.0004328521523528331,0.09245069605172984,-0.682974088334369,16.559783223376403,"[1.6955780123558594e-11, -4.6803501949846977e-17, -16.559783223376403]",-0.0002798444553232297,0.017815079878599954,-0.11942815065960127,0.015906670169431893,"[0.5661798458591896, 0.41387094568279004, -0.5741367429759988, 0.42251416878894044]","[0.001442840507842777, -0.015762881011462802, 0.0015722434183318623]",nominal-triaxial_ellipsoid-pseudo_6dof,117.87369105052174,booster-release,117.85742241631928,-1.9462173450318994,-0.2173966444623756,-1.2067857824149542e-10,7.105427357601002e-15,117.87369105052171,-117.66355812615703,1.943016002063299,0.21703904762178183,0.0,1.5,0.0,5.1899999999999995,5.717999999999999,12.0,alpha3-passive-deployment-parent-v1,-0.0004328521523528331,0.09245069605172984,-0.682974088334369,-89.04805966031716,"[366.4111196594465, -8.226196492049678e-15, 155.20140947298012]",2.858849314766712,native_rigid_body_reuse_instantaneous_projected_area,3.11111111111111,0.918915851175015,0.0,0.0,0.0,0.0,0.0,0.0,0.0,query-000000,rigid_body_6dof,pseudo_6dof,-96.3736401264601,1.3877787807814457e-17,1.3877787807814457e-17,,51.7499999999992,0.19386429016225293,-0.003201342968600418,-0.00035759684059377683,0.19389105052171374,-1.2067857824149542e-10,7.105427357601002e-15,0.19389105052171374,-0.0004328521523528331,0.09245069605172984,-0.682974088334369,1.1219389627352533e-14,9.533827918939813e-17,"[1.6955780123558594e-11, -4.6803501949846977e-17, -16.559783223376403]","[0.0, 0.0, 0.0]",168.89130992463282
query-000000,-8.673950446791423e-12,0.0,0.01614969483033235,117.86166632407004,-1.572645999687257,-0.582331107288492,-0.00040811970679593593,0.21220728688875728,-0.5209801590551749,16.555744813200825,"[1.4618731050775317e-11, 9.941230419883248e-18, -16.555744813200825]",-0.000345350613683204,0.04085925587983618,-0.09110520766072731,0.027021995717561573,"[0.5658848628077404, 0.41553534849600776, -0.5742826176291553, 0.42107501859451574]","[0.0013603990226531198, -0.008084199747384502, -0.025748461730819353]",nominal-triaxial_ellipsoid-pseudo_6dof,117.87359633796386,booster-release,117.86166632407004,-1.572645999687257,-0.582331107288492,-1.0408740536149708e-10,0.0,117.87359633796399,-117.66788960027671,1.5700604077189055,0.5813736949764348,0.0,1.5,0.0,5.1899999999999995,5.717999999999999,12.0,alpha3-passive-deployment-parent-v1,-0.00040811970679593593,0.21220728688875728,-0.5209801590551749,-89.18482002819236,"[366.41111965945043, -8.229879090137069e-15, 151.06196850951622]",2.858849314766712,native_rigid_body_reuse_instantaneous_projected_area,3.11111111111111,0.918915851175015,0.0,0.0,0.0,0.0,0.0,0.0,0.0,query-000000,rigid_body_6dof,pseudo_6dof,-110.31895979915939,2.775562855513763e-17,2.775562855513763e-17,,51.99999999999918,0.19377672379333433,-0.0025855919683515083,-0.0009574123120572597,0.1937963379639882,-1.0408740536149708e-10,0.0,0.1937963379639882,-0.00040811970679593593,0.21220728688875728,-0.5209801590551749,3.792918132701052e-14,3.2230834286776933e-16,"[1.4618731050775317e-11, 9.941230419883248e-18, -16.555744813200825]","[0.0, 0.0, 0.0]",-177.1415066674138
query-000000,-7.480238650714455e-12,-2.9605947323337506e-16,0.016141807908509755,117.87036901691322,-0.5513061903784693,-0.6592200840730471,-0.0003862740988926021,0.2276502282759014,-0.14625690255841384,16.551708375479507,"[1.2603296318090007e-11, -4.433633967290218e-17, -16.551708375479507]",-0.0002149081856485101,0.043820509899147195,-0.025580794999078352,0.04096386625040201,"[0.567446960244486, 0.4182521105891561, -0.5725918922936308, 0.41857812195169475]","[0.001287580329642007, 0.002964162957288134, -0.04083618754289123]",nominal-triaxial_ellipsoid-pseudo_6dof,117.87350169490205,booster-release,117.87036901691322,-0.5513061903784693,-0.6592200840730471,-8.976286380857346e-11,-3.552713678800501e-15,117.87350169490212,-117.67667246994483,0.5504002282082219,0.6581367867874164,0.0,1.5,0.0,5.1899999999999995,5.717999999999999,12.0,alpha3-passive-deployment-parent-v1,-0.0003862740988926021,0.2276502282759014,-0.14625690255841384,-89.5822770107081,"[366.41111965945385, -8.231711316516751e-15, 146.92353690200932]",2.858849314766712,native_rigid_body_reuse_instantaneous_projected_area,3.11111111111111,0.918915851175015,0.0,0.0,0.0,0.0,0.0,0.0,0.0,query-000000,rigid_body_6dof,pseudo_6dof,-140.09423837593695,0.0,0.0,,52.24999999999917,0.19369654696838268,-0.0009059621702474097,-0.0010832972856307244,0.19370169490211708,-8.976286380857346e-11,-3.552713678800501e-15,0.19370169490211708,-0.0003862740988926021,0.2276502282759014,-0.14625690255841384,4.2297688773100764e-14,3.594303251118779e-16,"[1.2603296318090007e-11, -4.433633967290218e-17, -16.551708375479507]","[0.0, 0.0, 0.0]",-147.34569865079368
query-000000,-6.4499516838623094e-12,2.9605947323337506e-16,0.01613392677233823,117.87082203615886,0.6538125850807741,-0.42655363081259523,-0.000375733494386208,0.13674241766195805,0.2721729726885731,16.547673908765315,"[1.0865303852096249e-11, -8.627809838096365e-17, -16.547673908765315]",-8.918829040957199e-05,0.026308712319620196,0.04758955751677474,0.039798682334130704,"[0.5700777860909106, 0.4208512751828047, -0.5698188975000619, 0.41617537893838363]","[0.00125244498128736, 0.012091862353034919, -0.03789661412233489]",nominal-triaxial_ellipsoid-pseudo_6dof,117.87340712126803,booster-release,117.87082203615886,0.6538125850807741,-0.42655363081259523,-7.739942020634771e-11,3.552713678800501e-15,117.87340712126806,-117.67721916089454,-0.6527386975583269,0.4258530163159264,0.0,1.5,0.0,5.1899999999999995,5.717999999999999,12.0,alpha3-passive-deployment-parent-v1,-0.000375733494386208,0.13674241766195805,0.2721729726885731,-89.62053831711171,"[366.4111196594568, -8.244152340687297e-15, 142.78611415752667]",2.858849314766712,native_rigid_body_reuse_instantaneous_projected_area,3.11111111111111,0.918915851175015,0.0,0.0,0.0,0.0,0.0,0.0,0.0,query-000000,rigid_body_6dof,pseudo_6dof,123.12081659931196,0.0,0.0,,52.499999999999154,0.19360287526431819,0.0010738875224471922,-0.0007006144966688055,0.1936071212680588,-7.739942020634771e-11,3.552713678800501e-15,0.1936071212680588,-0.000375733494386208,0.13674241766195805,0.2721729726885731,2.7513639043567364e-14,2.3380086508956817e-16,"[1.0865303852096249e-11, -8.627809838096365e-17, -16.547673908765315]","[0.0, 0.0, 0.0]",-50.54110669318821
query-000000,-5.56058902626925e-12,1.4802973661668753e-15,0.016126051416159488,117.86346822503134,1.523360896965896,-0.0075397742410955836,-0.0003680827752747122,-0.013096606838452663,0.5549641609841611,16.54364141161255,"[9.36668040453623e-12, -3.2000528288178226e-17, -16.54364141161255]",-0.0001437246097524094,-0.002542428803952563,0.09704363898804448,0.024378123220788906,"[0.5725562228548897, 0.4222983955844444, -0.5671825522880383, 0.41490648239931466]","[0.0012269425842490406, 0.015159468037414373, -0.019051982376790493]",nominal-triaxial_ellipsoid-pseudo_6dof,117.87331261699389,booster-release,117.86346822503134,1.523360896965896,-0.0075397742410955836,-6.672706831523101e-11,1.7763568394002505e-14,117.87331261699391,-117.66997176957653,-1.5208599953220308,0.007527396213660609,0.0,1.5,0.0,5.1899999999999995,5.717999999999999,12.0,alpha3-passive-deployment-parent-v1,-0.0003680827752747122,-0.013096606838452663,0.5549641609841611,-89.25949608826075,"[366.4111196594593, -8.264611642257913e-15, 138.6496997834973]",2.858849314766712,native_rigid_body_reuse_instantaneous_projected_area,3.11111111111111,0.918915851175015,0.0,0.0,0.0,0.0,0.0,0.0,0.0,query-000000,rigid_body_6dof,pseudo_6dof,90.28357936523116,0.0,0.0,,52.74999999999914,0.19349645545480598,0.0025009016438652942,-1.237802743497482e-05,0.19351261699391387,-6.672706831523101e-11,1.7763568394002505e-14,0.19351261699391387,-0.0003680827752747122,-0.013096606838452663,0.5549641609841611,3.208600701597425e-14,2.726551796992708e-16,"[9.36668040453623e-12, -3.2000528288178226e-17, -16.54364141161255]","[0.0, 0.0, 0.0]",-17.684655937577585
query-000000,-4.796163466380676e-12,-5.921189464667501e-16,0.016118181834305762,117.86022016570371,1.7054755698387063,0.394233632073502,-0.0003524968276062965,-0.14944492481036578,0.5889764213958688,16.539610882576923,"[8.074494293337287e-12, -6.407363788846052e-17, -16.539610882576923]",-0.00026198753869473816,-0.028788153085392655,0.10299554738881149,0.01309751559258826,"[0.5737796538326289, 0.4221143015739355, -0.5658155513788556, 0.41527001706395666]","[0.0011749894253543216, 0.011043500563237094, 0.006943011584188817]",nominal-triaxial_ellipsoid-pseudo_6dof,117.87321818201167,booster-release,117.86022016570371,1.7054755698387063,0.394233632073502,-5.7553961596568115e-11,-7.105427357601002e-15,117.87321818201167,-117.66682331213987,-1.7026770546566077,-0.3935867340282613,0.0,1.5,0.0,5.1899999999999995,5.717999999999999,12.0,alpha3-passive-deployment-parent-v1,-0.0003524968276062965,-0.14944492481036578,0.5889764213958688,-89.14911162653624,"[366.41111965946146, -8.27199498376072e-15, 134.5142932877114]",2.858849314766712,native_rigid_body_reuse_instantaneous_projected_area,3.11111111111111,0.918915851175015,0.0,0.0,0.0,0.0,0.0,0.0,0.0,query-000000,rigid_body_6dof,pseudo_6dof,76.98425842538221,0.0,0.0,,52.999999999999126,0.19339685356383995,0.0027985151820986154,0.0006468980452407069,0.19341818201166916,-5.7553961596568115e-11,-7.105427357601002e-15,0.19341818201166916,-0.0003524968276062965,-0.14944492481036578,0.5889764213958688,9.982518507152783e-15,8.482779973413264e-17,"[8.074494293337287e-12, -6.407363788846052e-17, -16.539610882576923]","[0.0, 0.0, 0.0]",-4.366729416491298
query-000000,-4.133582365284383e-12,8.881784197001252e-16,0.016110318021129423,117.86595695369402,1.1565249192835938,0.5932619175939211,-0.00033248748234802287,-0.20972608340873497,0.37192520256853007,16.535582320215557,"[6.960383020963666e-12, -9.7960677956751e-18, -16.535582320215557]",-0.00024196798692742758,-0.04038376981371492,0.06504319521392106,0.028823930447220134,"[0.573228722117499, 0.4205260027229673, -0.5662520229753748, 0.41704359442350575]","[0.001108291607826743, 0.002008104287921578, 0.028732528139845885]",nominal-triaxial_ellipsoid-pseudo_6dof,117.87312381625357,booster-release,117.86595695369402,1.1565249192835938,0.5932619175939211,-4.9602988383412594e-11,1.0658141036401503e-14,117.87312381625355,-117.6726448918187,-1.1546281016773285,-0.5922889081751777,0.0,1.5,0.0,5.1899999999999995,5.717999999999999,12.0,alpha3-passive-deployment-parent-v1,-0.00033248748234802287,-0.20972608340873497,0.37192520256853007,-89.3681747583314,"[366.41111965946334, -8.283079068678948e-15, 130.37989417832011]",2.858849314766712,native_rigid_body_reuse_instantaneous_projected_area,3.11111111111111,0.918915851175015,0.0,0.0,0.0,0.0,0.0,0.0,0.0,query-000000,rigid_body_6dof,pseudo_6dof,62.84356345969215,2.775562855513763e-17,2.775562855513763e-17,,53.24999999999911,0.1933120618753179,0.0018968176062652553,0.0009730094187434535,0.1933238162535531,-4.9602988383412594e-11,1.0658141036401503e-14,0.1933238162535531,-0.00033248748234802287,-0.20972608340873497,0.37192520256853007,3.020972736304834e-14,2.5671123984786123e-16,"[6.960383020963666e-12, -9.7960677956751e-18, -16.535582320215557]","[0.0, 0.0, 0.0]",9.791555510476647
query-000000,-3.5657402956227693e-12,-1.1842378929335002e-15,0.016102459970982842,117.87184973298993,0.1444927380612699,0.5071986916325663,-0.00031906567952403616,-0.16972199820959394,0.007923355807253,16.53155572308699,"[5.99977858546155e-12, 6.175163823572388e-17, -16.53155572308699]",-0.00011409638237729004,-0.03266949830410006,0.0013908424348503799,0.03805764565073865,"[0.5711691892172005, 0.4183208250262744, -0.5682043869353656, 0.4194248672953338]","[0.0010635522650801206, -0.007512084645283465, 0.03729372377946088]",nominal-triaxial_ellipsoid-pseudo_6dof,117.8730295196518,booster-release,117.87184973298993,0.1444927380612699,0.5071986916325663,-4.278888354747323e-11,-1.4210854715202004e-14,117.8730295196518,-117.67862214736513,-0.14425587075338342,-0.5063672396757042,0.0,1.5,0.0,5.1899999999999995,5.717999999999999,12.0,alpha3-passive-deployment-parent-v1,-0.00031906567952403616,-0.16972199820959394,0.007923355807253,-89.74365047883337,"[366.411119659465, -8.274055781040075e-15, 126.24650196383502]",2.858849314766712,native_rigid_body_reuse_instantaneous_projected_area,3.11111111111111,0.918915851175015,0.0,0.0,0.0,0.0,0.0,0.0,0.0,query-000000,rigid_body_6dof,pseudo_6dof,15.901399077075034,0.0,0.0,,53.4999999999991,0.19322758562479692,0.00023686730788646804,0.0008314519568620726,0.19322951965179413,-4.278888354747323e-11,-1.4210854715202004e-14,0.19322951965179413,-0.00031906567952403616,-0.16972199820959394,0.007923355807253,8.636518520734971e-15,7.338998299398003e-17,"[5.99977858546155e-12, 6.175163823572388e-17, -16.53155572308699]","[0.0, 0.0, 0.0]",56.750359942500125
query-000000,-3.0736894511089e-12,-5.921189464667501e-16,0.016094607678233785,117.86950102211219,-0.8794825389877188,0.1900359088526268,-0.00031306165668934397,-0.05294027259319641,-0.3417201286904225,16.527531089751168,"[5.171428850977337e-12, -6.160647561151575e-17, -16.527531089751168]",-7.226829152094118e-05,-0.01017529648954725,-0.05975337175226535,0.03241668254083979,"[0.5685212743152861, 0.4164882498710096, -0.5707288610084092, 0.42141388869180696]","[0.0010435388556311466, -0.013075429195783207, 0.029644316233578997]",nominal-triaxial_ellipsoid-pseudo_6dof,117.87293529213876,booster-release,117.86950102211219,-0.8794825389877188,0.1900359088526268,-3.68842734133068e-11,-7.105427357601002e-15,117.8729352921388,-117.67637135703879,0.8780415032441518,-0.1897245342187759,0.0,1.5,0.0,5.1899999999999995,5.717999999999999,12.0,alpha3-passive-deployment-parent-v1,-0.00031306165668934397,-0.05294027259319641,-0.3417201286904225,-89.56263013646674,"[366.4111196594664, -8.277491662899771e-15, 122.11411615312798]",2.858849314766712,native_rigid_body_reuse_instantaneous_projected_area,3.11111111111111,0.918915851175015,0.0,0.0,0.0,0.0,0.0,0.0,0.0,query-000000,rigid_body_6dof,pseudo_6dof,-77.80715422406124,0.0,0.0,,53.74999999999908,0.1931296650733998,-0.0014410357435670207,0.00031137463385091935,0.19313529213880543,-3.68842734133068e-11,-7.105427357601002e-15,0.19313529213880543,-0.00031306165668934397,-0.05294027259319641,-0.3417201286904225,5.561101671022071e-15,4.7256212799665455e-17,"[5.171428850977337e-12, -6.160647561151575e-17, -16.527531089751168]","[0.0, 0.0, 0.0]",150.47505148763707
query-000000,-2.64914016649224e-12,5.921189464667501e-16,0.016086761137228695,117.86336622879753,-1.481126681448884,-0.19960432803087852,-0.0003047578039295592,0.08262452525102482,-0.5296164770558824,16.523508418769445,"[4.457318598564775e-12, -1.7197554626509497e-17, -16.523508418769445]",-0.0001607001429513197,0.015928048726787665,-0.09261461806570614,0.015764288295426525,"[0.5664450351241248, 0.4158004732955203, -0.57267500370624, 0.42224794697015217]","[0.0010158593464318641, -0.012295771137010933, 0.009812992784866276]",nominal-triaxial_ellipsoid-pseudo_6dof,117.8728411336467,booster-release,117.86336622879753,-1.481126681448884,-0.19960432803087852,-3.178968199790688e-11,7.105427357601002e-15,117.87284113364674,-117.67034061226494,1.4787010304902708,0.19927743470853443,0.0,1.5,0.0,5.1899999999999995,5.717999999999999,12.0,alpha3-passive-deployment-parent-v1,-0.0003047578039295592,0.08262452525102482,-0.5296164770558824,-89.27352429970342,"[366.41111965946754, -8.287218808565677e-15, 117.98273625543068]",2.858849314766712,native_rigid_body_reuse_instantaneous_projected_area,3.11111111111111,0.918915851175015,0.0,0.0,0.0,0.0,0.0,0.0,0.0,query-000000,rigid_body_6dof,pseudo_6dof,-97.67523489742894,0.0,0.0,,53.99999999999907,0.1930256165325943,-0.0024256509586131347,-0.00032689332234409063,0.19304113364674436,-3.178968199790688e-11,7.105427357601002e-15,0.19304113364674436,-0.0003047578039295592,0.08262452525102482,-0.5296164770558824,3.980385973987898e-14,3.3823867596545017e-16,"[4.457318598564775e-12, -1.7197554626509497e-17, -16.523508418769445]","[0.0, 0.0, 0.0]",170.3589267240047
query-000000,-2.2849870144151887e-12,0.0,0.016078920342354287,117.86315155490037,-1.4262407911227948,-0.4773242887743504,-0.00028974274221646066,0.17313448082562716,-0.48407882893256254,16.51948770870459,"[3.8416826612741876e-12, -2.213187918039908e-17, -16.51948770870459]",-0.00022035523102163703,0.03334887697972834,-0.08465512155061812,0.014477902811346453,"[0.5658156930708583, 0.4165024209887182, -0.5731932286501197, 0.42169640431823996]","[0.0009658091407215356, -0.0058487280872875835, -0.013208681322503982]",nominal-triaxial_ellipsoid-pseudo_6dof,117.87274704410824,booster-release,117.86315155490037,-1.4262407911227948,-0.4773242887743504,-2.7419844172982266e-11,0.0,117.87274704410825,-117.67022021774123,1.423906163750022,0.47654295201968466,0.0,1.5,0.0,5.1899999999999995,5.717999999999999,12.0,alpha3-passive-deployment-parent-v1,-0.00028974274221646066,0.17313448082562716,-0.48407882893256254,-89.26891573857222,"[366.4111196594686, -8.292628420246931e-15, 113.85236178033426]",2.858849314766712,native_rigid_body_reuse_instantaneous_projected_area,3.11111111111111,0.918915851175015,0.0,0.0,0.0,0.0,0.0,0.0,0.0,query-000000,rigid_body_6dof,pseudo_6dof,-108.50400272021042,0.0,0.0,,54.249999999999055,0.19293133715913768,-0.0023346273727726796,-0.0007813367546657402,0.19294704410825148,-2.7419844172982266e-11,0.0,0.19294704410825148,-0.00028974274221646066,0.17313448082562716,-0.48407882893256254,1.819552446261923e-14,1.5461892748474447e-16,"[3.8416826612741876e-12, -2.213187918039908e-17, -16.51948770870459]","[0.0, 0.0, 0.0]",-178.79715291900825
query-000000,-1.9676112591090105e-12,0.0,0.016071085287999644,117.86899183079046,-0.7700158209604655,-0.5197799693776858,-0.0002751126669018136,0.17881557198252665,-0.23575107498911047,16.515468958120774,"[3.310922040635055e-12, -9.796067795675122e-18, -16.515468958120774]",-0.00015230546917172736,0.03443186931244103,-0.041231410490884794,0.029681566546064277,"[0.5668345545081883, 0.4182399382949028, -0.572084076861314, 0.4201115933086325]","[0.0009170422230060453, 0.0029936582848394478, -0.029515969173707957]",nominal-triaxial_ellipsoid-pseudo_6dof,117.87265302345597,booster-release,117.86899183079046,-0.7700158209604655,-0.5197799693776858,-2.361133510930813e-11,0.0,117.872653023456,-117.67614479746058,0.7687559878039494,0.518929550427849,0.0,1.5,0.0,5.1899999999999995,5.717999999999999,12.0,alpha3-passive-deployment-parent-v1,-0.0002751126669018136,0.17881557198252665,-0.23575107498911047,-89.54841083124693,"[366.4111196594695, -8.292240200577365e-15, 109.72299223778903]",2.858849314766712,native_rigid_body_reuse_instantaneous_projected_area,3.11111111111111,0.918915851175015,0.0,0.0,0.0,0.0,0.0,0.0,0.0,query-000000,rigid_body_6dof,pseudo_6dof,-124.02033605504535,2.7755575615628914e-17,2.7755575615628914e-17,,54.49999999999904,0.1928470333298833,-0.0012598331565161214,-0.0008504189498367287,0.19285302345599575,-2.361133510930813e-11,0.0,0.19285302345599575,-0.0002751126669018136,0.17881557198252665,-0.23575107498911047,3.733971473359495e-14,3.1729927084847994e-16,"[3.310922040635055e-12, -9.796067795675122e-18, -16.515468958120774]","[0.0, 0.0, 0.0]",-163.26651729023007
query-000000,-1.6981971384666394e-12,-2.9605947323337506e-16,0.01606325596854437,117.8719897108569,0.18040593572550154,-0.31886893098128394,-0.0002674306653349818,0.10121487991258127,0.10034237187660346,16.51145216558357,"[2.853475614217613e-12, 4.201434002016553e-17, -16.51145216558357]",-6.368263768053253e-05,0.019478336801644718,0.017542750717844245,0.0340457944633462,"[0.5689636207631902, 0.42024935334083885, -0.5698623354580614, 0.4182437063375029]","[0.000891435551116606, 0.010008907447849805, -0.03252911365221925]",nominal-triaxial_ellipsoid-pseudo_6dof,117.87255907162253,booster-release,117.8719897108569,0.18040593572550154,-0.31886893098128394,-2.0378365661599673e-11,-3.552713678800501e-15,117.87255907162253,-117.67923157032007,-0.18011091470238583,0.3183474790091054,0.0,1.5,0.0,5.1899999999999995,5.717999999999999,12.0,alpha3-passive-deployment-parent-v1,-0.0002674306653349818,0.10121487991258127,0.10034237187660346,-89.82191587068829,"[366.41111965947033, -8.28864466994777e-15, 105.59462713810404]",2.858849314766712,native_rigid_body_reuse_instantaneous_projected_area,3.11111111111111,0.918915851175015,0.0,0.0,0.0,0.0,0.0,0.0,0.0,query-000000,rigid_body_6dof,pseudo_6dof,150.50019399825317,0.0,0.0,,54.74999999999903,0.19275814053682438,0.0002950210231157102,-0.0005214519721785105,0.19275907162253247,-2.0378365661599673e-11,-3.552713678800501e-15,0.19275907162253247,-0.0002674306653349818,0.10121487991258127,0.10034237187660346,1.3346770778007407e-14,1.1341598794361826e-16,"[2.853475614217613e-12, 4.201434002016553e-17, -16.51145216558357]","[0.0, 0.0, 0.0]",-77.77336021500899
query-000000,-1.4631259167193396e-12,-5.921189464667501e-16,0.016055432378387025,117.86815206146002,1.0081539890606102,0.020119010970830936,-0.00026266003831651935,-0.01952954099562677,0.37757715487941207,16.507437329659947,"[2.459020775055126e-12, 7.474068142938431e-18, -16.507437329659947]",-8.355511250974872e-05,-0.003778300428494747,0.06602628314283326,0.024756357860658773,"[0.5712012612144192, 0.42170882090117284, -0.5675176896709381, 0.4169106156860967]","[0.0008755334610550644, 0.012030719803310158, -0.021618799150226065]",nominal-triaxial_ellipsoid-pseudo_6dof,117.87246518854064,booster-release,117.86815206146002,1.0081539890606102,0.020119010970830936,-1.7557511000632076e-11,-7.105427357601002e-15,117.87246518854064,-117.6754939228225,-1.0065061387332008,-0.020086125990872006,0.0,1.5,0.0,5.1899999999999995,5.717999999999999,12.0,alpha3-passive-deployment-parent-v1,-0.00026266003831651935,-0.01952954099562677,0.37757715487941207,-89.50985012251576,"[366.4111196594709, -8.28430899063509e-15, 101.46726599194683]",2.858849314766712,native_rigid_body_reuse_instantaneous_projected_area,3.11111111111111,0.918915851175015,0.0,0.0,0.0,0.0,0.0,0.0,0.0,query-000000,rigid_body_6dof,pseudo_6dof,88.85674069776796,3.469446951953614e-18,3.469446951953614e-18,,54.99999999999901,0.19265813863752612,0.0016478503274093281,3.288497995893036e-05,0.1926651885406443,-1.7557511000632076e-11,-7.105427357601002e-15,0.1926651885406443,-0.00026266003831651935,-0.01952954099562677,0.37757715487941207,7.243704242179083e-15,6.155435548139173e-17,"[2.459020775055126e-12, 7.474068142938431e-18, -16.507437329659947]","[0.0, 0.0, 0.0]",-16.116519930067106
query-000000,-1.2623975938671113e-12,2.9605947323337506e-16,0.016047614511928522,117.86395520306006,1.368620864889235,0.33297775174886673,-0.0002533272784506084,-0.12522772966555912,0.481400196657052,16.503424448918285,"[2.1190951565376726e-12, -2.394580964840737e-18, -16.503424448918285]",-0.0001627476345921504,-0.024130086950041405,0.08418575096108187,0.008664332228917238,"[0.5725457440120607, 0.4220836765030422, -0.5660679461412248, 0.41665791891527354]","[0.0008444242615020281, 0.008367549666142355, -0.002083677812014537]",nominal-triaxial_ellipsoid-pseudo_6dof,117.87237137414314,booster-release,117.86395520306006,1.368620864889235,0.33297775174886673,-1.5148771126405336e-11,3.552713678800501e-15,117.87237137414314,-117.6713975786501,-1.3663849108716768,-0.33243375672277864,0.0,1.5,0.0,5.1899999999999995,5.717999999999999,12.0,alpha3-passive-deployment-parent-v1,-0.0002533272784506084,-0.12522772966555912,0.481400196657052,-89.31531394681019,"[366.41111965947147, -8.284044129079369e-15, 97.340908310343]",2.858849314766712,native_rigid_body_reuse_instantaneous_projected_area,3.11111111111111,0.918915851175015,0.0,0.0,0.0,0.0,0.0,0.0,0.0,query-000000,rigid_body_6dof,pseudo_6dof,76.3259271663828,0.0,0.0,,55.249999999999,0.19255762440995738,0.0022359540175582726,0.0005439950260880955,0.1925713741431423,-1.5148771126405336e-11,3.552713678800501e-15,0.1925713741431423,-0.0002533272784506084,-0.12522772966555912,0.481400196657052,4.2756025646767576e-14,3.633251046209084e-16,"[2.1190951565376726e-12, -2.394580964840737e-18, -16.503424448918285]","[0.0, 0.0, 0.0]",-3.5726782315931147
query-000000,-1.08772250465942e-12,-5.921189464667501e-16,0.016039802363581636,117.86588242718508,1.1319160235813375,0.4757720824296292,-0.0002402761851184891,-0.1675594329971662,0.376291443660172,16.499413521928357,"[1.8261344391241402e-12, -4.4336339672902205e-17, -16.499413521928357]",-0.0001663100270916007,-0.0322737395764927,0.06580770983467021,0.0174301877330576,"[0.572426758207698, 0.4213210430244525, -0.5661010606366712, 0.4175473318543048]","[0.0008009206170616303, 0.0010011600643506492, 0.01738297008857654]",nominal-triaxial_ellipsoid-pseudo_6dof,117.8722776283629,booster-release,117.86588242718508,1.1319160235813375,0.4757720824296292,-1.305267005591304e-11,-7.105427357601002e-15,117.87227762836298,-117.67341524176257,-1.1300676796146725,-0.47499517810261693,0.0,1.5,0.0,5.1899999999999995,5.717999999999999,12.0,alpha3-passive-deployment-parent-v1,-0.0002402761851184891,-0.1675594329971662,0.376291443660172,-89.40315595980172,"[366.41111965947204, -8.292414335492953e-15, 93.21555360467582]",2.858849314766712,native_rigid_body_reuse_instantaneous_projected_area,3.11111111111111,0.918915851175015,0.0,0.0,0.0,0.0,0.0,0.0,0.0,query-000000,rigid_body_6dof,pseudo_6dof,67.20178957480834,2.775558885051556e-17,2.775558885051556e-17,,55.499999999998984,0.19246718542251529,0.0018483439666650003,0.0007769043270122733,0.19247762836297966,-1.305267005591304e-11,-7.105427357601002e-15,0.19247762836297966,-0.0002402761851184891,-0.1675594329971662,0.376291443660172,5.2745302576772656e-14,4.482103349663465e-16,"[1.8261344391241402e-12, -4.4336339672902205e-17, -16.499413521928357]","[0.0, 0.0, 0.0]",5.563857219329963
query-000000,-9.373242922568654e-13,-2.9605947323337506e-16,0.016031995927754394,117.87076210522743,0.4273321667173305,0.39061152301161056,-0.00023053871221061627,-0.13000278347019092,0.11692793960795414,16.495404547261337,"[1.573521693587763e-12, -7.147512471929491e-17, -16.495404547261337]",-8.87390084816071e-05,-0.025030881448831675,0.020452303867505586,0.029273269697261822,"[0.5709304890531991, 0.4198337562110624, -0.5675232936282435, 0.4191602378620089]","[0.0007684623740353877, -0.0064655583659660384, 0.0285399779145781]",nominal-triaxial_ellipsoid-pseudo_6dof,117.87218395113298,booster-release,117.87076210522743,0.4273321667173305,0.39061152301161056,-1.1247891507082386e-11,-3.552713678800501e-15,117.87218395113305,-117.6783804747466,-0.4266347006215341,-0.3899739901685919,0.0,1.5,0.0,5.1899999999999995,5.717999999999999,12.0,alpha3-passive-deployment-parent-v1,-0.00023053871221061627,-0.13000278347019092,0.11692793960795414,-89.7185775967069,"[366.41111965947243, -8.307569238168139e-15, 89.091201386686]",2.858849314766712,native_rigid_body_reuse_instantaneous_projected_area,3.11111111111111,0.918915851175015,0.0,0.0,0.0,0.0,0.0,0.0,0.0,query-000000,rigid_body_6dof,pseudo_6dof,47.57050231206318,2.710505431213761e-20,2.710505431213761e-20,,55.74999999999897,0.19238163048082413,0.0006974660957964063,0.0006375328430186511,0.19238395113305273,-1.1247891507082386e-11,-3.552713678800501e-15,0.19238395113305273,-0.00023053871221061627,-0.13000278347019092,0.11692793960795414,6.178384780734596e-14,5.250165942442625e-16,"[1.573521693587763e-12, -7.147512471929491e-17, -16.495404547261337]","[0.0, 0.0, 0.0]",25.206897619435246
query-000000,-8.076502429806471e-13,2.9605947323337506e-16,0.01602419519886903,117.87125808661332,-0.42395895936264427,0.12828703549902717,-0.00022591807743108355,-0.0339384636759819,-0.1793385514429027,16.49139752348979,"[1.3558538345420315e-12, -4.927066422679177e-17, -16.49139752348979]",-4.999711084870129e-05,-0.006522637832610367,-0.031358727784457016,0.029063292127957895,"[0.5687411593389478, 0.4183021143094516, -0.5696307243746046, 0.42080597986066615]","[0.0007530602581036119, -0.010560692436105603, 0.027066208172417984]",nominal-triaxial_ellipsoid-pseudo_6dof,117.87209034238643,booster-release,117.87125808661332,-0.42395895936264427,0.12828703549902717,-9.691802915767767e-12,3.552713678800501e-15,117.87209034238643,-117.67896910192526,0.4232673349744793,-0.1280777547588201,0.0,1.5,0.0,5.1899999999999995,5.717999999999999,12.0,alpha3-passive-deployment-parent-v1,-0.00022591807743108355,-0.0339384636759819,-0.1793385514429027,-89.7846916854377,"[366.4111196594727, -8.323464289526406e-15, 84.96785116847127]",2.858849314766712,native_rigid_body_reuse_instantaneous_projected_area,3.11111111111111,0.918915851175015,0.0,0.0,0.0,0.0,0.0,0.0,0.0,query-000000,rigid_body_6dof,pseudo_6dof,-73.16454961316005,6.938893903907228e-18,6.938893903907228e-18,,55.999999999998956,0.19228898468806221,-0.0006916243881649464,0.00020928074020706844,0.1922903423864284,-9.691802915767767e-12,3.552713678800501e-15,0.1922903423864284,-0.00022591807743108355,-0.0339384636759819,-0.1793385514429027,7.716086876130669e-15,6.556849073613882e-17,"[1.3558538345420315e-12, -4.927066422679177e-17, -16.49139752348979]","[0.0, 0.0, 0.0]",145.95332913844223
query-000000,-6.969239999913649e-13,0.0,0.016016400171376212,117.86714382729228,-1.054234465552477,-0.18062611121514044,-0.00022069009439440928,0.0731312698707374,-0.38522190754592234,16.487392449187677,"[1.1682853552750267e-12, 3.461285318933116e-17, -16.487392449187677]",-9.939358311633815e-05,0.014099293459635905,-0.06736551000264945,0.01712855806233409,"[0.5668276918656288, 0.417382132659427, -0.5714528426417769, 0.421829552909211]","[0.0007356336479813643, -0.009549259099651493, 0.014200633615386003]",nominal-triaxial_ellipsoid-pseudo_6dof,117.8719968020564,booster-release,117.86714382729228,-1.054234465552477,-0.18062611121514044,-8.363087999896379e-12,0.0,117.87199680205651,-117.67495493827917,1.0525154780282548,0.18033159036544788,0.0,1.5,0.0,5.1899999999999995,5.717999999999999,12.0,alpha3-passive-deployment-parent-v1,-0.00022069009439440928,0.0731312698707374,-0.38522190754592234,-89.48007845271555,"[366.411119659473, -8.323816218539921e-15, 80.84550246248607]",2.858849314766712,native_rigid_body_reuse_instantaneous_projected_area,3.11111111111111,0.918915851175015,0.0,0.0,0.0,0.0,0.0,0.0,0.0,query-000000,rigid_body_6dof,pseudo_6dof,-99.72230951171123,0.0,0.0,,56.24999999999894,0.19218888901311004,-0.0017189875242220598,-0.00029452084969255887,0.19219680205651457,-8.363087999896379e-12,0.0,0.19219680205651457,-0.00022069009439440928,0.0731312698707374,-0.38522190754592234,4.8560187387448454e-14,4.126467532018958e-16,"[1.1682853552750267e-12, 3.461285318933116e-17, -16.487392449187677]","[0.0, 0.0, 0.0]",172.52223763488905
query-000000,-5.992243738243511e-13,2.9605947323337506e-16,0.016008610839669757,117.86507365962852,-1.2073167265436608,-0.39037441890820224,-0.00021107799223222759,0.14094237186301378,-0.4179258234805663,16.483389322930343,"[1.0065283277494185e-12, 4.694866457405512e-17, -16.483389322930343]",-0.0001466442921069754,0.02715420876564647,-0.07308762503269357,0.005845810000597372,"[0.5660068348911532, 0.41743781533233215, -0.5721901754138373, 0.4218771578871636]","[0.0007035933074407586, -0.0041534925290395075, -0.004053017497127519]",nominal-triaxial_ellipsoid-pseudo_6dof,117.87190333007601,booster-release,117.86507365962852,-1.2073167265436608,-0.39037441890820224,-7.190692485892214e-12,3.552713678800501e-15,117.87190333007604,-117.67298146030029,1.2053490857720703,0.38973820091663924,0.0,1.5,0.0,5.1899999999999995,5.717999999999999,12.0,alpha3-passive-deployment-parent-v1,-0.00021107799223222759,0.14094237186301378,-0.4179258234805663,-89.38321407705928,"[366.4111196594733, -8.30837830898099e-15, 76.72415478154112]",2.858849314766712,native_rigid_body_reuse_instantaneous_projected_area,3.11111111111111,0.918915851175015,0.0,0.0,0.0,0.0,0.0,0.0,0.0,query-000000,rigid_body_6dof,pseudo_6dof,-107.918122038018,2.710505431213761e-20,2.710505431213761e-20,,56.49999999999893,0.19209219932822919,-0.0019676407715905064,-0.0006362179915629929,0.19210333007603708,-7.190692485892214e-12,3.552713678800501e-15,0.19210333007603708,-0.00021107799223222759,0.14094237186301378,-0.4179258234805663,2.1567228170176344e-14,1.8327043528435927e-16,"[1.0065283277494185e-12, 4.694866457405512e-17, -16.483389322930343]","[0.0, 0.0, 0.0]",-179.27119717082851
query-000000,-5.175119592119396e-13,-8.881784197001252e-16,0.01600082719824532,117.8680975521819,-0.8416120760520049,-0.4084652533189687,-0.00020083433931758198,0.13994822339978985,-0.2720336537907709,16.47938814329454,"[8.671928709966842e-13, 4.94158268509999e-17, -16.47938814329454]",-0.00011374882570339716,0.026954256613048636,-0.04757622036712522,0.019925606534506094,"[0.5665805167543316, 0.41840650029671006, -0.571549357252374, 0.4210152619184395]","[0.0006694477977252732, 0.00290425362413216, -0.019701445284567017]",nominal-triaxial_ellipsoid-pseudo_6dof,117.87180992637879,booster-release,117.8680975521819,-0.8416120760520049,-0.4084652533189687,-6.210143510543276e-12,-1.0658141036401503e-14,117.87180992637894,-117.67609367315814,0.8402411132054475,0.40779987469238677,0.0,1.5,0.0,5.1899999999999995,5.717999999999999,12.0,alpha3-passive-deployment-parent-v1,-0.00020083433931758198,0.13994822339978985,-0.2720336537907709,-89.54526365506179,"[366.41111965947357, -8.294050622446685e-15, 72.60380763880319]",2.858849314766712,native_rigid_body_reuse_instantaneous_projected_area,3.11111111111111,0.918915851175015,0.0,0.0,0.0,0.0,0.0,0.0,0.0,query-000000,rigid_body_6dof,pseudo_6dof,-115.88900236808311,2.7755575615628914e-17,2.7755575615628914e-17,,56.74999999999891,0.19200387902375837,-0.0013709628465574664,-0.0006653786265819472,0.19200992637894387,-6.210143510543276e-12,-1.0658141036401503e-14,0.19200992637894387,-0.00020083433931758198,0.13994822339978985,-0.2720336537907709,8.92934267702183e-14,7.587829582495747e-16,"[8.671928709966842e-13, 4.94158268509999e-17, -16.47938814329454]","[0.0, 0.0, 0.0]",-171.29012395631707
query-000000,-4.4586556668946287e-13,-5.921189464667501e-16,0.015993049241499097,117.87140052471348,-0.1372418942924934,-0.23595569499662397,-0.0001947368035033843,0.07400623624974763,-0.018022382509046808,16.47538890885839,"[7.470371337849189e-13, 9.94123041988323e-18, -16.47538890885839]",-5.34815372290995e-05,0.014245545481481527,-0.0031553300942745843,0.02752180495785663,"[0.5682194183607491, 0.4198511718154609, -0.5698472549012771, 0.4196734351903099]","[0.0006491226783446143, 0.008264216762110567, -0.026243687035087337]",nominal-triaxial_ellipsoid-pseudo_6dof,117.87171659089799,booster-release,117.87140052471348,-0.1372418942924934,-0.23595569499662397,-5.350386800273554e-12,-7.105427357601002e-15,117.87171659089799,-117.6794844484287,0.13701843953471382,0.23557151621557182,0.0,1.5,0.0,5.1899999999999995,5.717999999999999,12.0,alpha3-passive-deployment-parent-v1,-0.0001947368035033843,0.07400623624974763,-0.018022382509046808,-89.86731496601534,"[366.41111965947385, -8.281573307620088e-15, 68.48446054779463]",2.858849314766712,native_rigid_body_reuse_instantaneous_projected_area,3.11111111111111,0.918915851175015,0.0,0.0,0.0,0.0,0.0,0.0,0.0,query-000000,rigid_body_6dof,pseudo_6dof,-149.81589160933217,0.0,0.0,,56.9999999999989,0.1919160762847838,-0.00022345475777957313,-0.0003841787810521524,0.19191659089798918,-5.350386800273554e-12,-7.105427357601002e-15,0.19191659089798918,-0.0001947368035033843,0.07400623624974763,-0.018022382509046808,1.453618707329791e-14,1.2352321361268382e-16,"[7.470371337849189e-13, 9.94123041988323e-18, -16.47538890885839]","[0.0, 0.0, 0.0]",-137.35348845874051
query-000000,-3.8250883941752057e-13,-2.9605947323337506e-16,0.015985276963919638,117.8701358475403,0.5909693465485739,0.03762242292437546,-0.0001911352160501571,-0.023050356653898287,0.23125732128635693,16.47139161820141,"[6.435594135653004e-13, -2.4599041457343863e-17, -16.47139161820141]",-5.586693549641137e-05,-0.0044523577958545,0.040439828335349357,0.023387054653538346,"[0.570140278513883, 0.4211678903272891, -0.5678538698346886, 0.41844910501414745]","[0.000637117386833857, 0.00952072122386019, -0.021351915000311368]",nominal-triaxial_ellipsoid-pseudo_6dof,117.87162332356706,booster-release,117.8701358475403,0.5909693465485739,0.03762242292437546,-4.590106073010247e-12,-3.552713678800501e-15,117.87162332356704,-117.6783149446797,-0.5900076078238357,-0.03756119649715828,0.0,1.5,0.0,5.1899999999999995,5.717999999999999,12.0,alpha3-passive-deployment-parent-v1,-0.0001911352160501571,-0.023050356653898287,0.23125732128635693,-89.71215516424967,"[366.41111965947414, -8.284145682682856e-15, 64.36611302239314]",2.858849314766712,native_rigid_body_reuse_instantaneous_projected_area,3.11111111111111,0.918915851175015,0.0,0.0,0.0,0.0,0.0,0.0,0.0,query-000000,rigid_body_6dof,pseudo_6dof,86.3573390302584,3.469446951953614e-18,3.469446951953614e-18,,57.249999999998884,0.1918209028605986,0.0009617387247382592,6.12264272171828e-05,0.1918233235670357,-4.590106073010247e-12,-3.552713678800501e-15,0.1918233235670357,-0.0001911352160501571,-0.023050356653898287,0.23125732128635693,9.941970237739685e-15,8.448323533639321e-17,"[6.435594135653004e-13, -2.4599041457343863e-17, -16.47139161820141]","[0.0, 0.0, 0.0]",-13.517206212986258
query-000000,-3.309944910749133e-13,8.881784197001252e-16,0.015977510359976556,117.86666690152241,1.0334101426751128,0.2801978782656171,-0.00018507809044471132,-0.10460125230177666,0.3704475215526559,16.467396269904505,"[5.544455121220546e-13, -5.913931333457094e-17, -16.467396269904505]",-0.00010642944332772209,-0.0201582218642479,0.0647836999111044,0.009928542313746744,"[0.5714757831453797, 0.4218466818742609, -0.5664422334306247, 0.41785643761485447]","[0.0006169269681490378, 0.006292866000781013, -0.007654749577095542]",nominal-triaxial_ellipsoid-pseudo_6dof,117.87153012431969,booster-release,117.86666690152241,1.0334101426751128,0.2801978782656171,-3.97193389289896e-12,1.0658141036401503e-14,117.87153012431972,-117.67494468773305,-1.0317291951607643,-0.279742107698155,0.0,1.5,0.0,5.1899999999999995,5.717999999999999,12.0,alpha3-passive-deployment-parent-v1,-0.00018507809044471132,-0.10460125230177666,0.3704475215526559,-89.4795287486204,"[366.41111965947437, -8.296710064967248e-15, 60.24876457683133]",2.858849314766712,native_rigid_body_reuse_instantaneous_projected_area,3.11111111111111,0.918915851175015,0.0,0.0,0.0,0.0,0.0,0.0,0.0,query-000000,rigid_body_6dof,pseudo_6dof,74.82961221038605,1.3877787807814457e-17,1.3877787807814457e-17,,57.49999999999887,0.19172221378936172,0.001680947514348441,0.0004557705674620993,0.1917301243197187,-3.97193389289896e-12,1.0658141036401503e-14,0.1917301243197187,-0.00018507809044471132,-0.10460125230177666,0.3704475215526559,2.0071770809437506e-14,1.705625843130045e-16,"[5.544455121220546e-13, -5.913931333457094e-17, -16.467396269904505]","[0.0, 0.0, 0.0]",-1.9802013450109857
query-000000,-2.8421709430404007e-13,2.9605947323337506e-16,0.015969749424132353,117.8664382943899,1.0166124848424716,0.38063324385074093,-0.00017620841618666078,-0.13353460733186218,0.34595926184623105,16.463402862549962,"[4.775884728706704e-13, -8.381093610401887e-17, -16.463402862549962]",-0.00011838689180077833,-0.02572509773926671,0.06050342923309601,0.008642872375473717,"[0.5716557430036563, 0.42167097700628986, -0.5661969403619955, 0.41811998680547846]","[0.0005873613872888693, 0.00030151443555188917, 0.008617617915909398]",nominal-triaxial_ellipsoid-pseudo_6dof,117.87143699308946,booster-release,117.8664382943899,1.0166124848424716,0.38063324385074093,-3.410605131648481e-12,3.552713678800501e-15,117.87143699308959,-117.67480942825304,-1.0149596623683692,-0.38001440512017126,0.0,1.5,0.0,5.1899999999999995,5.717999999999999,12.0,alpha3-passive-deployment-parent-v1,-0.00017620841618666078,-0.13353460733186218,0.34595926184623105,-89.47232884280707,"[366.41111965947437, -8.310014595934724e-15, 56.132414725696435]",2.858849314766712,native_rigid_body_reuse_instantaneous_projected_area,3.11111111111111,0.918915851175015,0.0,0.0,0.0,0.0,0.0,0.0,0.0,query-000000,rigid_body_6dof,pseudo_6dof,69.4734311046991,2.775558885051556e-17,2.775558885051556e-17,,57.749999999998856,0.1916288661368526,0.0016528224741023667,0.0006188387305696708,0.19163699308958826,-3.410605131648481e-12,3.552713678800501e-15,0.19163699308958826,-0.00017620841618666078,-0.13353460733186218,0.34595926184623105,4.6925524556572544e-14,3.9875598494025777e-16,"[4.775884728706704e-13, -8.381093610401887e-17, -16.463402862549962]","[0.0, 0.0, 0.0]",3.384850486720603
query-000000,-2.445451248907678e-13,1.1842378929335002e-15,0.01596199415084243,117.86958549953924,0.5700491458840687,0.2992957695443313,-0.00016885407440312767,-0.09900930886519102,0.1761331964853397,16.459411394721446,"[4.1138464033113385e-13, -6.900796244235011e-17, -16.459411394721446]",-7.273845766007819e-05,-0.019067584622217037,0.03080529729190741,0.02119080106670843,"[0.5706371305767551, 0.4207826856071622, -0.5671616567102965, 0.41909766386605324]","[0.0005628469146770923, -0.005533921459850614, 0.02044771298888104]",nominal-triaxial_ellipsoid-pseudo_6dof,117.87134392981008,booster-release,117.86958549953924,0.5700491458840687,0.2992957695443313,-2.9345414986892138e-12,1.4210854715202004e-14,117.87134392981011,-117.67804442722306,-0.5691228015303196,-0.2988094063108022,0.0,1.5,0.0,5.1899999999999995,5.717999999999999,12.0,alpha3-passive-deployment-parent-v1,-0.00016885407440312767,-0.09900930886519102,0.1761331964853397,-89.68703438265554,"[366.41111965947437, -8.331090688074577e-15, 52.017062983929925]",2.858849314766712,native_rigid_body_reuse_instantaneous_projected_area,3.11111111111111,0.918915851175015,0.0,0.0,0.0,0.0,0.0,0.0,0.0,query-000000,rigid_body_6dof,pseudo_6dof,62.298953880664676,1.3877787807814457e-17,1.3877787807814457e-17,,57.99999999999884,0.1915410723161841,0.0009263443537491645,0.0004863632335290746,0.19154392981010915,-2.9345414986892138e-12,1.4210854715202004e-14,0.19154392981010915,-0.00016885407440312767,-0.09900930886519102,0.1761331964853397,2.5419906994709244e-14,2.1600909412413382e-16,"[4.1138464033113385e-13, -6.900796244235011e-17, -16.459411394721446]","[0.0, 0.0, 0.0]",10.567748543719718
query-000000,-2.125707017815633e-13,-8.881784197001252e-16,0.015954244534628494,117.87118248125583,-0.09622685372225094,0.08293194234570439,-0.00016492085897740105,-0.020192443056771158,-0.06002914693377463,16.455421865004006,"[3.544030603828169e-13, -2.2131879180399064e-17, -16.455421865004006]",-4.0924516854559257e-05,-0.0038803498567211536,-0.010495257690712002,0.024568644243631033,"[0.5689003300023386, 0.41960208999911935, -0.5688429446663867, 0.4203619926859173]","[0.0005497361965913368, -0.008510343703492655, 0.023041052930208823]",nominal-triaxial_ellipsoid-pseudo_6dof,117.87125093441543,booster-release,117.87118248125583,-0.09622685372225094,0.08293194234570439,-2.5508484213787597e-12,-1.0658141036401503e-14,117.87125093441554,-117.67973165802456,0.09607055843709489,-0.08279724115422482,0.0,1.5,0.0,5.1899999999999995,5.717999999999999,12.0,alpha3-passive-deployment-parent-v1,-0.00016492085897740105,-0.020192443056771158,-0.06002914693377463,-89.9382509252508,"[366.41111965947437, -8.340817833740483e-15, 47.9027088668272]",2.858849314766712,native_rigid_body_reuse_instantaneous_projected_area,3.11111111111111,0.918915851175015,0.0,0.0,0.0,0.0,0.0,0.0,0.0,query-000000,rigid_body_6dof,pseudo_6dof,-49.24399298485007,6.938893903907228e-18,6.938893903907228e-18,,58.24999999999883,0.19145082323126417,-0.0001562952851560523,0.00013470119147956927,0.19145093441554195,-2.5508484213787597e-12,-1.0658141036401503e-14,0.19145093441554195,-0.00016492085897740105,-0.020192443056771158,-0.06002914693377463,7.867963361698702e-14,6.685908169200408e-16,"[3.544030603828169e-13, -2.2131879180399064e-17, -16.455421865004006]","[0.0, 0.0, 0.0]",122.11882545426857
query-000000,-1.8237263551175903e-13,-5.921189464667501e-16,0.015946500569944767,117.8690321754962,-0.68929925811949,-0.16127745620541864,-0.00016118400142185822,0.06411380685932029,-0.2592651425482674,16.451434271984063,"[3.052226475541994e-13, -3.446769056512302e-17, -16.451434271984063]",-6.651081148513804e-05,0.012360211498787304,-0.04533936678569352,0.01740312716914524,"[0.5672227099367588, 0.4186437693422405, -0.5704572906248687, 0.42139562325189694]","[0.0005372800047395275, -0.007386028118905364, 0.01574886516828078]",nominal-triaxial_ellipsoid-pseudo_6dof,117.87115800683927,booster-release,117.8690321754962,-0.68929925811949,-0.16127745620541864,-2.1884716261411086e-12,-7.105427357601002e-15,117.87115800683934,-117.67767761983913,0.6881802148002087,0.1610156302166743,0.0,1.5,0.0,5.1899999999999995,5.717999999999999,12.0,alpha3-passive-deployment-parent-v1,-0.00016118400142185822,0.06411380685932029,-0.2592651425482674,-89.65588871859438,"[366.41111965947437, -8.348694607698682e-15, 43.7893518900372]",2.858849314766712,native_rigid_body_reuse_instantaneous_projected_area,3.11111111111111,0.918915851175015,0.0,0.0,0.0,0.0,0.0,0.0,0.0,query-000000,rigid_body_6dof,pseudo_6dof,-103.16877843456378,0.0,0.0,,58.49999999999881,0.19135455565707105,-0.0011190433192812543,-0.0002618259887443297,0.19135800683933724,-2.1884716261411086e-12,-7.105427357601002e-15,0.19135800683933724,-0.00016118400142185822,0.06411380685932029,-0.2592651425482674,2.8590114387366525e-14,2.429483597640931e-16,"[3.052226475541994e-13, -3.446769056512302e-17, -16.451434271984063]","[0.0, 0.0, 0.0]",176.05156538969578
query-000000,-1.5750363976015552e-13,2.9605947323337506e-16,0.015938762251309413,117.86671295831286,-0.9615265424184591,-0.3184996121249711,-0.00015471477008767968,0.11447023004750367,-0.3389830393377873,16.447448614249417,"[2.62920683153704e-13, -1.4730392349564676e-17, -16.447448614249417]",-0.00010096814936751826,0.022056818481102476,-0.05928253722592615,0.0036301914550274194,"[0.5663272820831042, 0.4183033793691162, -0.5712909361143589, 0.42180843838207044]","[0.0005157159002922656, -0.002885708866824476, 0.0021412639833216338]",nominal-triaxial_ellipsoid-pseudo_6dof,117.87106514701564,booster-release,117.86671295831286,-0.9615265424184591,-0.3184996121249711,-1.8900436771218665e-12,3.552713678800501e-15,117.87106514701571,-117.67545487343756,0.9599663078091147,0.3179827942358884,0.0,1.5,0.0,5.1899999999999995,5.717999999999999,12.0,alpha3-passive-deployment-parent-v1,-0.00015471477008767968,0.11447023004750367,-0.3389830393377873,-89.50763267833597,"[366.41111965947437, -8.356448023543034e-15, 39.67699156956213]",2.858849314766712,native_rigid_body_reuse_instantaneous_projected_area,3.11111111111111,0.918915851175015,0.0,0.0,0.0,0.0,0.0,0.0,0.0,query-000000,rigid_body_6dof,pseudo_6dof,-108.3271270417685,0.0,0.0,,58.7499999999988,0.19125808487530094,-0.001560234609344402,-0.0005168178890826991,0.19126514701571296,-1.8900436771218665e-12,3.552713678800501e-15,0.19126514701571296,-0.00015471477008767968,0.11447023004750367,-0.3389830393377873,2.1381868578706196e-14,1.8169531711225034e-16,"[2.62920683153704e-13, -1.4730392349564676e-17, -16.447448614249417]","[0.0, 0.0, 0.0]",-178.78239128775905
query-000000,-1.3500311979441904e-13,-8.881784197001252e-16,0.015931029573212165,117.86773253714449,-0.8132397761059793,-0.31998672358401237,-0.00014733477660446335,0.10915825070489314,-0.2712416818778004,16.443464890389247,"[2.2645109037590613e-13, 3.708001546627597e-17, -16.443464890389247]",-8.695641480712039e-05,0.02102774410127843,-0.04743732688052703,0.012035360232872092,"[0.5665623602318517, 0.41870127788963274, -0.571004903702864, 0.42148515016473004]","[0.0004911159220148778, 0.0027332394503961233, -0.011710597900745322]",nominal-triaxial_ellipsoid-pseudo_6dof,117.87097235487855,booster-release,117.86773253714449,-0.8132397761059793,-0.31998672358401237,-1.6200374375330284e-12,-1.0658141036401503e-14,117.87097235487855,-117.67656543685555,0.8119208002819072,0.3194677441084224,0.0,1.5,0.0,5.1899999999999995,5.717999999999999,12.0,alpha3-passive-deployment-parent-v1,-0.00014733477660446335,0.10915825070489314,-0.2712416818778004,-89.57518926675499,"[366.41111965947437, -8.358897040491953e-15, 35.56562742175702]",2.858849314766712,native_rigid_body_reuse_instantaneous_projected_area,3.11111111111111,0.918915851175015,0.0,0.0,0.0,0.0,0.0,0.0,0.0,query-000000,rigid_body_6dof,pseudo_6dof,-111.47822670390221,2.710505431213761e-20,2.710505431213761e-20,,58.999999999998785,0.19116710028893635,-0.0013189758240721439,-0.0005189794755899868,0.191172354878546,-1.6200374375330284e-12,-1.0658141036401503e-14,0.191172354878546,-0.00014733477660446335,0.10915825070489314,-0.2712416818778004,2.3316643517384245e-14,1.981363285575285e-16,"[2.2645109037590613e-13, 3.708001546627597e-17, -16.443464890389247]","[0.0, 0.0, 0.0]",-175.62397567796415
query-000000,-1.1605531350748302e-13,-2.9605947323337506e-16,0.015923302530187772,117.87029749945091,-0.3277173381389486,-0.17272397794691352,-0.00014235376734588628,0.05338974276773483,-0.09191167689279359,16.439483098994106,"[1.9504411459039895e-13, 9.629191011295099e-17, -16.439483098994106]",-4.716793946617703e-05,0.010279355966728496,-0.01607617912155331,0.02106299514666204,"[0.5677604601711915, 0.4196474072650043, -0.5697619999347059, 0.42061309641089506]","[0.00047451255781962097, 0.0068050573349565475, -0.019927764476948596]",nominal-triaxial_ellipsoid-pseudo_6dof,117.87087963036215,booster-release,117.87029749945091,-0.3277173381389486,-0.17272397794691352,-1.3926637620897964e-12,-3.552713678800501e-15,117.87087963036225,-117.67921881277694,0.3271860779339413,0.1724439763560568,0.0,1.5,0.0,5.1899999999999995,5.717999999999999,12.0,alpha3-passive-deployment-parent-v1,-0.00014235376734588628,0.05338974276773483,-0.09191167689279359,-89.81992854355363,"[366.41111965947437, -8.34308905659148e-15, 31.455258963329495]",2.858849314766712,native_rigid_body_reuse_instantaneous_projected_area,3.11111111111111,0.918915851175015,0.0,0.0,0.0,0.0,0.0,0.0,0.0,query-000000,rigid_body_6dof,pseudo_6dof,-117.7915485198496,1.5515838457795457e-17,1.5515838457795457e-17,,59.24999999999877,0.19107868667397554,-0.0005312602050073223,-0.0002800015908567266,0.19107963036225328,-1.3926637620897964e-12,-3.552713678800501e-15,0.19107963036225328,-0.00014235376734588628,0.05338974276773483,-0.09191167689279359,7.373400244856252e-14,6.265646478712789e-16,"[1.9504411459039895e-13, 9.629191011295099e-17, -16.439483098994106]","[0.0, 0.0, 0.0]",-169.30366890149452
query-000000,-1.0066022089934752e-13,-2.9605947323337506e-16,0.015915581116729527,117.87046130092108,0.27297379806720395,0.047536748515723024,-0.00013933603927991035,-0.024437429394906743,0.11761695726084492,16.43550323865591,"[1.6801881900874567e-13, 1.4316799337490205e-16, -16.43550323865591]",-4.1832600831184375e-05,-0.004715847265141996,0.020567345131004368,0.020720118831079798,"[0.5693378376641313, 0.4207380381074825, -0.5681354201064772, 0.4195903648963291]","[0.00046445346426636784, 0.007514034117922626, -0.019304064303360922]",nominal-triaxial_ellipsoid-pseudo_6dof,117.87078697340068,booster-release,117.87046130092108,0.27297379806720395,0.047536748515723024,-1.2079226507921703e-12,-3.552713678800501e-15,117.87078697340075,-117.67947485521002,-0.2725314964504548,-0.047459724343752896,0.0,1.5,0.0,5.1899999999999995,5.717999999999999,12.0,alpha3-passive-deployment-parent-v1,-0.00013933603927991035,-0.024437429394906743,0.11761695726084492,-89.86531315831785,"[366.41111965947437, -8.314821903192436e-15, 27.345885711339307]",2.858849314766712,native_rigid_body_reuse_instantaneous_projected_area,3.11111111111111,0.918915851175015,0.0,0.0,0.0,0.0,0.0,0.0,0.0,query-000000,rigid_body_6dof,pseudo_6dof,80.12134932794439,0.0,0.0,,59.49999999999876,0.1909864457110615,0.00044230161674913004,7.702417197012756e-05,0.19098697340075432,-1.2079226507921703e-12,-3.552713678800501e-15,0.19098697340075432,-0.00013933603927991035,-0.024437429394906743,0.11761695726084492,1.9200510385689958e-14,1.631589311478262e-16,"[1.6801881900874567e-13, 1.4316799337490205e-16, -16.43550323865591]","[0.0, 0.0, 0.0]",-7.209772614720038
query-000000,-8.585724723767876e-14,-5.921189464667501e-16,0.015907865327367432,117.86820741120613,0.7287818571003176,0.23484723355139542,-0.000135117286831093,-0.08707145648690152,0.26712058731915006,16.431525307967956,"[1.4463998927241682e-13, 1.0122623466684058e-16, -16.431525307967956]",-7.266350193195736e-05,-0.016780629839483776,0.046714372520680975,0.011542505553931522,"[0.57057530852941, 0.42153470948256083, -0.566844142292304, 0.4188556127676027]","[0.0004503909561036433, 0.004696459290860431, -0.01053422292238449]",nominal-triaxial_ellipsoid-pseudo_6dof,117.8706943839284,booster-release,117.86820741120613,0.7287818571003176,0.23484723355139542,-1.0302869668521453e-12,-7.105427357601002e-15,117.87069438392841,-117.677317054989,-0.7276015776044389,-0.23446689288879696,0.0,1.5,0.0,5.1899999999999995,5.717999999999999,12.0,alpha3-passive-deployment-parent-v1,-0.000135117286831093,-0.08707145648690152,0.26712058731915006,-89.62780461505322,"[366.41111965947437, -8.288651837728794e-15, 23.23750718319809]",2.858849314766712,native_rigid_body_reuse_instantaneous_projected_area,3.11111111111111,0.918915851175015,0.0,0.0,0.0,0.0,0.0,0.0,0.0,query-000000,rigid_body_6dof,pseudo_6dof,72.13865781253593,0.0,0.0,,59.74999999999874,0.1908903562171247,0.0011802794958787333,0.0003803406625984551,0.19089438392840918,-1.0302869668521453e-12,-7.105427357601002e-15,0.19089438392840918,-0.000135117286831093,-0.08707145648690152,0.26712058731915006,1.2796060228961634e-14,1.0873625064761865e-16,"[1.4463998927241682e-13, 1.0122623466684058e-16, -16.431525307967956]","[0.0, 0.0, 0.0]",0.7795450249080509
query-000000,-7.460698725481052e-14,-2.9605947323337506e-16,0.01590015515663623,117.86711876350783,0.8537016909667559,0.3037944925786569,-0.00012891361708953803,-0.10615721308581565,0.2961992213557169,16.427549305524895,"[1.2453755103987063e-13, 8.889042328211661e-17, -16.427549305524895]",-8.58108657429065e-05,-0.02045339075558053,0.051801238607650846,0.002316512272762013,"[0.5709398962512661, 0.421743699961022, -0.5664305549554229, 0.4187079087199966]","[0.00042971205696512674, -0.0001646043513624958, 0.002270348445826842]",nominal-triaxial_ellipsoid-pseudo_6dof,117.87060186187962,booster-release,117.86711876350783,0.8537016909667559,0.3037944925786569,-8.952838470577262e-13,-3.552713678800501e-15,117.87060186187963,-117.67632253985899,-0.8523197698629907,-0.30330272827163185,0.0,1.5,0.0,5.1899999999999995,5.717999999999999,12.0,alpha3-passive-deployment-parent-v1,-0.00012891361708953803,-0.10615721308581565,0.2961992213557169,-89.5595274797472,"[366.41111965947437, -8.262975204720539e-15, 19.130122896668993]",2.858849314766712,native_rigid_body_reuse_instantaneous_projected_area,3.11111111111111,0.918915851175015,0.0,0.0,0.0,0.0,0.0,0.0,0.0,query-000000,rigid_body_6dof,pseudo_6dof,70.41161581562254,1.3877787807814457e-17,1.3877787807814457e-17,,59.99999999999873,0.19079622364884585,0.0013819211037651158,0.0004917643070250777,0.19080186187963477,-8.952838470577262e-13,-3.552713678800501e-15,0.19080186187963477,-0.00012891361708953803,-0.10615721308581565,0.2961992213557169,1.3581030884669576e-14,1.1540664485042953e-16,"[1.2453755103987063e-13, 8.889042328211661e-17, -16.427549305524895]","[0.0, 0.0, 0.0]",2.5129404697354354
query-000000,-6.454096516487576e-14,0.0,0.015892450599082508,117.86870523261325,0.6109433293579891,0.22817306121014602,-0.0001232887091356936,-0.07497193581143655,0.19840346800074812,16.42357522992276,"[1.0725754645214932e-13, 9.13575855590614e-17, -16.42357522992276]",-5.982938399075287e-05,-0.014440954224161532,0.03469930220049073,0.014294018116238193,"[0.5703046750408498, 0.42132423569768096, -0.5670255649083972, 0.419190260837044]","[0.0004109623637856453, -0.004709668219763537, 0.013489591880507235]",nominal-triaxial_ellipsoid-pseudo_6dof,117.87050940718888,booster-release,117.86870523261325,0.6109433293579891,0.22817306121014602,-7.744915819785092e-13,0.0,117.87050940718899,-117.67799874450108,-0.6099548493654936,-0.2278038870249759,0.0,1.5,0.0,5.1899999999999995,5.717999999999999,12.0,alpha3-passive-deployment-parent-v1,-0.0001232887091356936,-0.07497193581143655,0.19840346800074812,-89.68298859772686,"[366.41111965947437, -8.240382524558468e-15, 15.023732369866305]",2.858849314766712,native_rigid_body_reuse_instantaneous_projected_area,3.11111111111111,0.918915851175015,0.0,0.0,0.0,0.0,0.0,0.0,0.0,query-000000,rigid_body_6dof,pseudo_6dof,69.52051442530741,2.7755575615628914e-17,2.7755575615628914e-17,,60.249999999998714,0.19070648811216984,0.0009884799924955168,0.0003691741851701291,0.1907094071889901,-7.744915819785092e-13,0.0,0.1907094071889901,-0.0001232887091356936,-0.07497193581143655,0.19840346800074812,6.42912089021272e-14,5.463232339120835e-16,"[1.0725754645214932e-13, 9.13575855590614e-17, -16.42357522992276]","[0.0, 0.0, 0.0]",3.4100764568830013
query-000000,-5.743553780727476e-14,-8.881784197001252e-16,0.015884751649216135,117.870343969329,0.12123162999509253,0.050238066173691066,-0.00011989028891984602,-0.010481115360219503,0.021333218090815776,16.41960307975894,"[9.242496684315723e-14, 5.681731368183431e-17, -16.41960307975894]",-3.549415071518574e-05,-0.0020134908074490973,0.0037326526671566996,0.019680634768760995,"[0.5689832331240581, 0.42049046763388265, -0.5683085952555323, 0.42008473860807677]","[0.00039963429639948677, -0.006842204046794189, 0.018448629247522393]",nominal-triaxial_ellipsoid-pseudo_6dof,117.87041701979057,booster-release,117.870343969329,0.12123162999509253,0.050238066173691066,-6.892264536872972e-13,-1.0658141036401503e-14,117.8704170197906,-117.67972706767378,-0.12103557730712566,-0.0501568224594493,0.0,1.5,0.0,5.1899999999999995,5.717999999999999,12.0,alpha3-passive-deployment-parent-v1,-0.00011989028891984602,-0.010481115360219503,0.021333218090815776,-89.93621086326569,"[366.41111965947437, -8.218776709307175e-15, 10.918335121255158]",2.858849314766712,native_rigid_body_reuse_instantaneous_projected_area,3.11111111111111,0.918915851175015,0.0,0.0,0.0,0.0,0.0,0.0,0.0,query-000000,rigid_body_6dof,pseudo_6dof,67.49101246199201,1.734723475976807e-18,1.734723475976807e-18,,60.4999999999987,0.19061690165521838,0.00019605268796686615,8.124371424176463e-05,0.19061701979059364,-6.892264536872972e-13,-1.0658141036401503e-14,0.19061701979059364,-0.00011989028891984602,-0.010481115360219503,0.021333218090815776,4.605716232056556e-14,3.913769595169737e-16,"[9.242496684315723e-14, 5.681731368183431e-17, -16.41960307975894]","[0.0, 0.0, 0.0]",5.445384366013525
query-000000,-4.677739677087326e-14,8.881784197001252e-16,0.015877058301626334,117.86957369334365,-0.3959763779104878,-0.1422844028621132,-0.00011700068126589058,0.055705648195642984,-0.15614809914901517,16.415632853632182,"[7.953157678384375e-14, 6.421880051266869e-17, -16.415632853632182]",-4.725314349655427e-05,0.010738131489470127,-0.027306735008522653,0.01637699690876206,"[0.5675751078762605, 0.419613666902472, -0.5696735326856791, 0.4210165479233936]","[0.0003900022708863019, -0.00568989132360633, 0.015351842322791586]",nominal-triaxial_ellipsoid-pseudo_6dof,117.87032469961942,booster-release,117.86957369334365,-0.3959763779104878,-0.1422844028621132,-5.613287612504791e-13,1.0658141036401503e-14,117.87032469961952,-117.67905020764503,0.395336324694501,0.1420544154317156,0.0,1.5,0.0,5.1899999999999995,5.717999999999999,12.0,alpha3-passive-deployment-parent-v1,-0.00011700068126589058,0.055705648195642984,-0.15614809914901517,-89.79546981838034,"[366.41111965947437, -8.20395559031748e-15, 6.813930669651155]",2.858849314766712,native_rigid_body_reuse_instantaneous_projected_area,3.11111111111111,0.918915851175015,0.0,0.0,0.0,0.0,0.0,0.0,0.0,query-000000,rigid_body_6dof,pseudo_6dof,-109.76465597708955,0.0,0.0,,60.749999999998685,0.19052348569861977,-0.0006400532159868133,-0.0002299874303975935,0.190524699619516,-5.613287612504791e-13,1.0658141036401503e-14,0.190524699619516,-0.00011700068126589058,0.055705648195642984,-0.15614809914901517,4.581332541952434e-14,3.893049225060235e-16,"[7.953157678384375e-14, 6.421880051266869e-17, -16.415632853632182]","[0.0, 0.0, 0.0]",-177.29328272820308
query-000000,-4.0264088359739006e-14,-5.921189464667501e-16,0.01586937055083837,117.86774679593218,-0.7202614316853765,-0.25920211791625203,-0.00011248837162659747,0.09274476473635379,-0.2588426036192117,16.41166455014261,"[6.842441221303829e-14, 2.474420408155202e-17, -16.41166455014261]",-7.094032263817716e-05,0.017871695845581934,-0.045267559581608094,0.006228376553858459,"[0.5666926231582514, 0.41906568152501744, -0.57051159304624, 0.4216158768664129]","[0.0003749612387553249, -0.001949926267500561, 0.0059033775177771055]",nominal-triaxial_ellipsoid-pseudo_6dof,117.87023244661005,booster-release,117.86774679593218,-0.7202614316853765,-0.25920211791625203,-4.831690603168681e-13,-7.105427357601002e-15,117.87023244661006,-117.67731836516677,0.7190977693786706,0.25878334811798,0.0,1.5,0.0,5.1899999999999995,5.717999999999999,12.0,alpha3-passive-deployment-parent-v1,-0.00011248837162659747,0.09274476473635379,-0.2588426036192117,-89.62790282668765,"[366.41111965947437, -8.188394322644702e-15, 2.7105185342200437]",2.858849314766712,native_rigid_body_reuse_instantaneous_projected_area,3.11111111111111,0.918915851175015,0.0,0.0,0.0,0.0,0.0,0.0,0.0,query-000000,rigid_body_6dof,pseudo_6dof,-109.79239745199098,1.387779442525778e-17,1.387779442525778e-17,,60.99999999999867,0.19042843076540805,-0.0011636623067058371,-0.0004187697982720451,0.19043244661006042,-4.831690603168681e-13,-7.105427357601002e-15,0.19043244661006042,-0.00011248837162659747,0.09274476473635379,-0.2588426036192117,2.559957506529236e-14,2.1753584782853438e-16,"[6.842441221303829e-14, 2.474420408155202e-17, -16.41166455014261]","[0.0, 0.0, 0.0]",-177.26005601236918
query-000000,-3.611925573447176e-14,0.0,0.01433253784659172,117.84930438914392,-0.7235585381942673,-0.24986253767146793,-0.00010711339013532825,0.08484430445768795,-0.246858553624727,16.40776431459306,"[5.885675690304639e-14, 4.4481502297110366e-17, -16.40776431459306]",-6.647034890566569e-05,0.01634602956875813,-0.043172763786906196,0.006134311053943726,"[0.5666897501068793, 0.4190668810653217, -0.5704761346662005, 0.42166652237793]","[0.0003570446337844275, 0.0025121230513736183, -0.00558493769085916]",nominal-triaxial_ellipsoid-pseudo_6dof,117.85179045415907,booster-release,117.84930438914392,-0.7235585381942673,-0.24986253767146793,-4.334310688136611e-13,0.0,117.8517904541591,-117.67731756309647,0.7225025918987811,0.24949789347597573,0.0,1.5,0.0,5.1899999999999995,5.717999999999999,12.0,alpha3-passive-deployment-parent-v1,-0.00010711339013532825,0.08484430445768795,-0.246858553624727,-89.6278426999866,"[366.41111965947437, -8.175917007818103e-15, -1.3919036765628454]",2.858849314766712,native_rigid_body_reuse_instantaneous_projected_area,3.11111111111111,0.918915851175015,0.0,0.0,0.0,0.0,0.0,0.0,0.0,query-000000,rigid_body_6dof,pseudo_6dof,-109.05105092795672,1.387779442525778e-17,1.387779442525778e-17,ground_contact,61.24999999999866,0.1719868260474584,-0.0010559462954862209,-0.00036464419549220306,0.17199045415910064,-4.334310688136611e-13,0.0,0.17199045415910064,-0.00010711339013532825,0.08484430445768795,-0.246858553624727,2.170008031161614e-14,1.8439936430565093e-16,"[5.885675690304639e-14, 4.4481502297110366e-17, -16.40776431459306]","[0.0, 0.0, 0.0]",-177.99617808373577
