time_s,north_m,east_m,altitude_m,speed_m_s,phase_index,route_leg_index,phase,route_north_command_m,route_east_command_m,route_altitude_command_m,route_speed_command_m_s,route_heading_command_deg,route_flight_path_command_deg,route_bank_command_deg,route_bank_achieved_deg,route_pitch_achieved_deg,route_heading_achieved_deg,p_rad_s,q_rad_s,r_rad_s,source_force_x_n,source_force_y_n,source_force_z_n,dynamic_pressure_pa,mach,aero_alpha_deg,aero_beta_deg,control_path,response_profile_id,elevator_deg,aileron_deg,rudder_deg,throttle_fraction,allocation_status,allocation_residual_norm,saturation_count
0.0,0.0,0.0,0.0,152.4,0,1,outbound-climb,0.0,0.0,0.0,152.4,90.0,2.254574965935033,0.0,0.0,5.5961148796824,90.0,0.0,0.06022921896215101,0.0,500.103213400962,0.0,-37369.604898241356,14225.778000000002,0.447869133900138,0.0,0.0,pseudo_6dof_kinematic_bridge,f16_s119.attitude_response_p6dof.v1,-0.7562951013162765,0.0,0.0,0.0893225837337992,reduced_response_law,0.0,0
1.0,9.331808609502832e-15,152.4,0.0,152.4,0,1,outbound-climb,0.0,152.4,6.0,152.4,90.0,2.254574965935033,0.0,0.0,3.5185442373953264,90.0,0.0,-0.03626044815068277,0.0,1520.708504230718,0.0,-56201.226158089885,14225.778000000002,0.447869133900138,0.7515249886450109,0.0,pseudo_6dof_kinematic_bridge,f16_s119.attitude_response_p6dof.v1,-0.7562951013162765,0.0,0.0,0.0893225837337992,reduced_response_law,0.0,0
2.0,1.8662814485875396e-14,304.78689037311284,1.9989103063652898,152.4,0,1,outbound-climb,0.0,304.8,12.0,152.4,90.0,2.254574965935033,0.0,0.0,5.015817994989626,90.0,0.0,0.026132356873727967,0.0,2200.684417219665,0.0,-68742.92471947275,14223.147096259838,0.4478792300791561,1.252541647741685,0.0,pseudo_6dof_kinematic_bridge,f16_s119.attitude_response_p6dof.v1,-0.7562951013162765,0.0,0.0,0.0893225837337992,reduced_response_law,0.0,0
3.0,2.7992393337960836e-14,457.1504756710299,5.330257656066711,152.4,0,1,outbound-climb,0.0,457.20000000000005,18.0,152.4,90.0,2.254574965935033,0.0,0.0,3.966000176682755,90.0,0.0,-0.018322777475558487,0.0,2653.3506320008,0.0,-77087.21504378146,14218.762480214693,0.4478960577036961,1.5865527538061344,0.0,pseudo_6dof_kinematic_bridge,f16_s119.attitude_response_p6dof.v1,-0.7562951013162765,0.0,0.0,0.0893225837337992,reduced_response_law,0.0,0
4.0,3.732062451168125e-14,609.4920517109965,9.549761140965295,152.4,0,1,outbound-climb,0.0,609.6,24.0,152.4,90.0,2.254574965935033,0.0,0.0,4.704981478552812,90.0,0.0,0.012897656828306615,0.0,2954.405936339268,0.0,-82631.91592373334,14213.208900614507,0.44791737439147794,1.809226824515767,0.0,pseudo_6dof_kinematic_bridge,f16_s119.attitude_response_p6dof.v1,-0.7562951013162765,0.0,0.0,0.0893225837337992,reduced_response_law,0.0,0
5.0,4.664778111254853e-14,761.8160786444962,14.36129091458658,152.4,0,1,outbound-climb,0.0,762.0,30.0,152.4,90.0,2.254574965935033,0.0,0.0,4.185097585303001,90.0,0.0,-0.009073685665295907,0.0,3154.374537730675,0.0,-86309.98260812608,14206.876114377423,0.44794168567633635,1.9576762049888556,0.0,pseudo_6dof_kinematic_bridge,f16_s119.attitude_response_p6dof.v1,-0.7562951013162765,0.0,0.0,0.0893225837337992,reduced_response_law,0.0,0
6.0,5.597414306494502e-14,914.1271279836177,19.567465058399847,152.4,0,1,outbound-climb,0.0,914.4000000000001,36.0,152.4,90.0,2.254574965935033,0.0,0.0,4.550873287495135,90.0,0.0,0.006383990327046998,0.0,3286.9589417707466,0.0,-88743.74865852401,14200.023909461943,0.4479679954458493,2.056642458637581,0.0,pseudo_6dof_kinematic_bridge,f16_s119.attitude_response_p6dof.v1,-0.7562951013162765,0.0,0.0,0.0893225837337992,reduced_response_law,0.0,0
7.0,6.52999404696295e-14,1066.4289575589282,25.036716196633197,152.4,0,1,outbound-climb,0.0,1066.8,42.0,152.4,90.0,2.254574965935033,0.0,0.0,4.293526821351415,90.0,0.0,-0.004491543152580036,0.0,3374.6320895883755,0.0,-90348.1881262212,14192.825450766908,0.4479956396873913,2.122619961070065,0.0,pseudo_6dof_kinematic_bridge,f16_s119.attitude_response_p6dof.v1,-0.7562951013162765,0.0,0.0,0.0893225837337992,reduced_response_law,0.0,0
8.0,7.462534605145478e-14,1218.724388181341,30.68134298091846,152.4,0,1,outbound-climb,0.0,1219.2,48.0,152.4,90.0,2.254574965935033,0.0,0.0,4.474586733778195,90.0,0.0,0.0031600916152199057,0.0,3432.3752216194216,0.0,-91399.93718821395,14185.396168086592,0.44802417572957787,2.166604962691721,0.0,pseudo_6dof_kinematic_bridge,f16_s119.attitude_response_p6dof.v1,-0.7562951013162765,0.0,0.0,0.0893225837337992,reduced_response_law,0.0,0
9.0,8.395048354824643e-14,1371.0154406429026,36.44288271868995,152.4,0,1,outbound-climb,0.0,1371.6000000000001,54.0,152.4,90.0,2.254574965935033,0.0,0.0,4.347199385857929,90.0,0.0,-0.002223328646592194,0.0,3470.1736674227313,0.0,-92083.38012720423,14177.813008203475,0.44805330844187513,2.1959282971061587,0.0,pseudo_6dof_kinematic_bridge,f16_s119.attitude_response_p6dof.v1,-0.7562951013162765,0.0,0.0,0.0893225837337992,reduced_response_law,0.0,0
10.0,9.327543926853273e-14,1523.3035244688465,42.28236254332182,152.4,0,1,outbound-climb,0.0,1524.0,60.0,152.4,90.0,2.254574965935033,0.0,0.0,4.436824619677145,90.0,0.0,0.0015642554230150887,0.0,3494.6821224400737,0.0,-92521.39944812746,14170.127265995687,0.44808284105092916,2.215477186715784,0.0,pseudo_6dof_kinematic_bridge,f16_s119.attitude_response_p6dof.v1,-0.7562951013162765,0.0,0.0,0.0893225837337992,reduced_response_law,0.0,0
11.0,1.0260027244755461e-13,1675.5896070440704,48.17380157738656,152.4,0,1,outbound-climb,0.0,1676.4,66.0,152.4,90.0,2.254574965935033,0.0,0.0,4.37376747446515,90.0,0.0,-0.0011005548008574959,0.0,3510.3352571969554,0.0,-92795.88379135443,14162.373136688191,0.44811264235742326,2.2285097797888667,0.0,pseudo_6dof_kinematic_bridge,f16_s119.attitude_response_p6dof.v1,-0.7562951013162765,0.0,0.0,0.0893225837337992,reduced_response_law,0.0,0
12.0,1.1192502332932964e-13,1827.874345603258,54.09987970375991,152.4,0,1,outbound-climb,0.0,1828.8000000000002,72.0,152.4,90.0,2.254574965935033,0.0,0.0,4.418132252059458,90.0,0.0,0.0007743114409356918,0.0,3520.0881755688297,0.0,-92961.400840155,14154.573416481884,0.44814262488206724,2.2371981751709225,0.0,pseudo_6dof_kinematic_bridge,f16_s119.attitude_response_p6dof.v1,-0.7562951013162765,0.0,0.0,0.0893225837337992,reduced_response_law,0.0,0
13.0,1.2124971907824457e-13,1980.1581837745111,60.04905038811172,152.4,0,1,outbound-climb,0.0,1981.2,78.0,152.4,90.0,2.254574965935033,0.0,0.0,4.386918763339579,90.0,0.0,-0.0005447781491960014,0.0,3525.90998573618,0.0,-93054.31134373383,14146.74330256708,0.4481727302959752,2.2429904387589596,0.0,pseudo_6dof_kinematic_bridge,f16_s119.attitude_response_p6dof.v1,-0.7562951013162765,0.0,0.0,0.0893225837337992,reduced_response_law,0.0,0
14.0,1.3057437795279625e-13,2132.4414197417123,66.01361603514789,152.4,0,1,outbound-climb,0.0,2133.6,84.0,152.4,90.0,2.254574965935033,0.0,0.0,4.408879470254202,90.0,0.0,0.00038328664172564836,0.0,3529.1127566157384,0.0,-93098.84345936049,14138.892926279937,0.4482029197068231,2.2468519478176505,0.0,pseudo_6dof_kinematic_bridge,f16_s119.attitude_response_p6dof.v1,-0.7562951013162765,0.0,0.0,0.0893225837337992,reduced_response_law,0.0,0
15.0,1.3989901219149569e-13,2284.724253374913,71.98844495678449,152.4,0,1,outbound-climb,0.0,2286.0,90.0,152.4,90.0,2.254574965935033,0.0,0.0,4.393428693427651,90.0,0.0,-0.0002696669276141461,0.0,3530.5707412962893,0.0,-93111.14082464663,14131.029041789128,0.4482331671821827,2.2494262871901114,0.0,pseudo_6dof_kinematic_bridge,f16_s119.attitude_response_p6dof.v1,-0.7562951013162765,0.0,0.0,0.0893225837337992,reduced_response_law,0.0,0
16.0,1.4922362998276326e-13,2437.006818401168,77.97011604641368,152.4,0,1,outbound-climb,0.0,2438.4,96.0,152.4,90.0,2.254574965935033,0.0,0.0,4.40429931364366,90.0,0.0,0.0001897281145031966,0.0,3530.8664630861294,0.0,-93101.96011357875,14123.156151849049,0.44826345543111396,2.2511425134384186,0.0,pseudo_6dof_kinematic_bridge,f16_s119.attitude_response_p6dof.v1,-0.7562951013162765,0.0,0.0,0.0893225837337992,reduced_response_law,0.0,0
17.0,1.5854823679861835e-13,2589.2892041853347,83.95634857466345,152.4,0,1,outbound-climb,0.0,2590.8,102.0,152.4,90.0,2.254574965935033,0.0,0.0,4.396651129658656,90.0,0.0,-0.00013348599233661184,0.0,3530.38806026816,0.0,-93078.46856086106,14115.277258284947,0.44829377292475053,2.2522866642706236,0.0,pseudo_6dof_kinematic_bridge,f16_s119.attitude_response_p6dof.v1,-0.7562951013162765,0.0,0.0,0.0893225837337992,reduced_response_law,0.0,0
18.0,1.6787283629288385e-13,2741.5714703988688,89.94562205900996,152.4,0,1,outbound-climb,0.0,2743.2000000000003,108.0,152.4,90.0,2.254574965935033,0.0,0.0,4.402032121460976,90.0,0.0,9.391602397330054e-05,0.0,3529.3941501950294,0.0,-93045.44171444843,14107.39436230876,0.4483241119763495,2.253049431492093,0.0,pseudo_6dof_kinematic_bridge,f16_s119.attitude_response_p6dof.v1,-0.7562951013162765,0.0,0.0,0.0893225837337992,reduced_response_law,0.0,0
19.0,1.7719743090402386e-13,2893.853656864912,95.93692284609418,152.4,0,1,outbound-climb,0.0,2895.6,114.0,152.4,90.0,2.254574965935033,0.0,0.0,4.398246245907589,90.0,0.0,-6.607599347734888e-05,0.0,3528.0570496230266,0.0,-93006.06152463886,14099.508798059593,0.44835446746108615,2.2535579429730728,0.0,pseudo_6dof_kinematic_bridge,f16_s119.attitude_response_p6dof.v1,-0.7562951013162765,0.0,0.0,0.0893225837337992,reduced_response_law,0.0,0
20.0,1.8652202225882875e-13,3046.135790150967,101.92957516774698,152.4,0,1,outbound-climb,0.0,3048.0,120.0,152.4,90.0,2.254574965935033,0.0,0.0,4.40090985407357,90.0,0.0,4.6488732479362896e-05,0.0,3526.4915729856657,0.0,-92962.44812192586,14091.621454962557,0.4483848359624207,2.25389695062706,0.0,pseudo_6dof_kinematic_bridge,f16_s119.attitude_response_p6dof.v1,-0.7562951013162765,0.0,0.0,0.0893225837337992,reduced_response_law,0.0,0
21.0,1.9584661144233552e-13,3198.4178879770325,107.92312851218327,152.4,0,1,outbound-climb,0.0,3200.4,126.0,152.4,90.0,2.254574965935033,0.0,0.0,4.399035833556564,90.0,0.0,-3.2707828271676936e-05,0.0,3524.7742208983937,0.0,-92916.01414499206,14083.732925967275,0.44841521520289807,2.2541229557297173,0.0,pseudo_6dof_kinematic_bridge,f16_s119.attitude_response_p6dof.v1,-0.7562951013162765,0.0,0.0,0.0893225837337992,reduced_response_law,0.0,0
22.0,2.0517119917812885e-13,3350.6999621601435,113.91728253835865,152.4,0,1,outbound-climb,0.0,3352.8,132.0,152.4,90.0,2.254574965935033,0.0,0.0,4.400354328124576,90.0,0.0,2.301207138147941e-05,0.0,3522.9559655293087,0.0,-92867.70083104298,14075.843606373326,0.448445603664606,2.254273625798156,0.0,pseudo_6dof_kinematic_bridge,f16_s119.attitude_response_p6dof.v1,-0.7562951013162765,0.0,0.0,0.0893225837337992,reduced_response_law,0.0,0
23.0,2.1449578594869929e-13,3502.9820205799683,119.91183701897494,152.4,0,1,outbound-climb,0.0,3505.2000000000003,138.0,152.4,90.0,2.254574965935033,0.0,0.0,4.39942668197017,90.0,0.0,-1.6190479687837356e-05,0.0,3521.070769505037,0.0,-92818.13532324048,14067.953759713662,0.44847600033609636,2.2543740725104486,0.0,pseudo_6dof_kinematic_bridge,f16_s119.attitude_response_p6dof.v1,-0.7562951013162765,0.0,0.0,0.0893225837337992,reduced_response_law,0.0,0
24.0,2.2382037207575196e-13,3655.264068490351,125.90665846919548,152.4,0,1,outbound-climb,0.0,3657.6000000000004,144.0,152.4,90.0,2.254574965935033,0.0,0.0,4.40007934100166,90.0,0.0,1.1391048992385676e-05,0.0,3519.14126205114,0.0,-92767.73548465858,14060.063561676885,0.44850640454363244,2.2544410369853094,0.0,pseudo_6dof_kinematic_bridge,f16_s119.attitude_response_p6dof.v1,-0.7562951013162765,0.0,0.0,0.0893225837337992,reduced_response_law,0.0,0
25.0,2.331449577737769e-13,3807.546109394178,131.90165789914195,152.4,0,1,outbound-climb,0.0,3810.0,150.0,152.4,90.0,2.254574965935033,0.0,0.0,4.399620153185959,90.0,0.0,-8.014339269026814e-06,0.0,3517.18252099286,0.0,-92716.77973569656,14052.173129388713,0.44853681583866495,2.254485679968551,0.0,pseudo_6dof_kinematic_bridge,f16_s119.attitude_response_p6dof.v1,-0.7562951013162765,0.0,0.0,0.0893225837337992,reduced_response_law,0.0,0
26.0,2.4246954318577625e-13,3959.8281456268533,137.8967759822345,152.4,0,1,outbound-climb,0.0,3962.4,156.0,152.4,90.0,2.254574965935033,0.0,0.0,4.39994322149562,90.0,0.0,5.638605712446784e-06,0.0,3515.2045926910087,0.0,-92665.4535865996,14044.282540932953,0.4485672339227994,2.254515441957378,0.0,pseudo_6dof_kinematic_bridge,f16_s119.attitude_response_p6dof.v1,-0.7562951013162765,0.0,0.0,0.0893225837337992,reduced_response_law,0.0,0
27.0,2.517941284070887e-13,4112.110178745375,143.89197316742238,152.4,0,1,outbound-climb,0.0,4114.8,162.0,152.4,90.0,2.254574965935033,0.0,0.0,4.399715922057049,90.0,0.0,-3.9671235909862165e-06,0.0,3513.214171066058,0.0,-92613.88064194751,14036.391848365465,0.4485976585977659,2.2545352832832632,0.0,pseudo_6dof_kinematic_bridge,f16_s119.attitude_response_p6dof.v1,-0.7562951013162765,0.0,0.0,0.0893225837337992,reduced_response_law,0.0,0
28.0,2.6111871350127524e-13,4264.392209787773,149.8872230873396,152.4,0,1,outbound-climb,0.0,4267.2,168.0,152.4,90.0,2.254574965935033,0.0,0.0,4.39987584190443,90.0,0.0,2.7911278760837345e-06,0.0,3511.215716324863,0.0,-92562.14325884251,14028.501086390166,0.44862808973205753,2.2545485108338528,0.0,pseudo_6dof_kinematic_bridge,f16_s119.attitude_response_p6dof.v1,-0.7562951013162765,0.0,0.0,0.0893225837337992,reduced_response_law,0.0,0
29.0,2.704432985107105e-13,4416.674239446077,155.88250816374267,152.4,0,1,outbound-climb,0.0,4419.6,174.0,152.4,90.0,2.254574965935033,0.0,0.0,4.3997633279547825,90.0,0.0,-1.963738875778468e-06,0.0,3509.212200363163,0.0,-92510.2963113826,14020.610278142993,0.4486585272386863,2.254557329200913,0.0,pseudo_6dof_kinematic_bridge,f16_s119.attitude_response_p6dof.v1,-0.7562951013162765,0.0,0.0,0.0893225837337992,reduced_response_law,0.0,0
30.0,2.797678834636446e-13,4568.956268181648,161.87781667780277,152.4,0,1,outbound-climb,0.0,4572.0,180.0,152.4,90.0,2.254574965935033,0.0,0.0,4.399842488791117,90.0,0.0,1.3816172326816755e-06,0.0,3507.2056034235866,0.0,-92458.3763618739,14012.719439047898,0.4486889710603486,2.254563208112286,0.0,pseudo_6dof_kinematic_bridge,f16_s119.attitude_response_p6dof.v1,-0.7562951013162765,0.0,0.0,0.0893225837337992,reduced_response_law,0.0,0
31.0,2.8909246837891114e-13,4721.238296302061,167.8731408169675,152.4,0,1,outbound-climb,0.0,4724.400000000001,186.0,152.4,90.0,2.254574965935033,0.0,0.0,4.399786794025901,90.0,0.0,-9.720570291619784e-07,0.0,3505.197245016234,0.0,-92406.40777156959,14004.828579387527,0.4487194211595362,2.2545671273865353,0.0,pseudo_6dof_kinematic_bridge,f16_s119.attitude_response_p6dof.v1,-0.7562951013162765,0.0,0.0,0.0893225837337992,reduced_response_law,0.0,0
32.0,2.9841705326906596e-13,4873.520324012368,173.86847537286857,152.4,0,1,outbound-climb,0.0,4876.8,192.0,152.4,90.0,2.254574965935033,0.0,0.0,4.399825978893269,90.0,0.0,6.839049525427216e-07,0.0,3503.1880044093105,0.0,-92354.40677222623,13996.937706016975,0.4487498775119395,2.2545697402360343,0.0,pseudo_6dof_kinematic_bridge,f16_s119.attitude_response_p6dof.v1,-0.7562951013162765,0.0,0.0,0.0893225837337992,reduced_response_law,0.0,0
33.0,3.077416381424796e-13,5025.802351449272,179.86381687326056,152.4,0,1,outbound-climb,0.0,5029.2,198.0,152.4,90.0,2.254574965935033,0.0,0.0,4.399798409806215,90.0,0.0,-4.811713408618668e-07,0.0,3501.1784675406707,0.0,-92302.38417896228,13989.046823506294,0.44878034010205103,2.2545714821357006,0.0,pseudo_6dof_kinematic_bridge,f16_s119.attitude_response_p6dof.v1,-0.7562951013162765,0.0,0.0,0.0893225837337992,reduced_response_law,0.0,0
34.0,3.1706622300473244e-13,5178.084378703905,185.85916300331314,152.4,0,1,outbound-climb,0.0,5181.6,204.0,152.4,90.0,2.254574965935033,0.0,0.0,4.399817806440989,90.0,0.0,3.3853514060887313e-07,0.0,3499.169024904202,0.0,-92250.34719782164,13981.155934902195,0.44881080892023256,2.2545726434021445,0.0,pseudo_6dof_kinematic_bridge,f16_s119.attitude_response_p6dof.v1,-0.7562951013162765,0.0,0.0,0.0893225837337992,reduced_response_law,0.0,0
35.0,3.2639080785954473e-13,5330.366405837025,191.8545122198061,152.4,0,1,outbound-climb,0.0,5334.0,210.0,152.4,90.0,2.254574965935033,0.0,0.0,4.399804159654652,90.0,0.0,-2.381813539067131e-07,0.0,3497.1599367708277,0.0,-92198.30063014351,13973.265042235824,0.4488412839607595,2.254573417579774,0.0,pseudo_6dof_kinematic_bridge,f16_s119.attitude_response_p6dof.v1,-0.7562951013162765,0.0,0.0,0.0893225837337992,reduced_response_law,0.0,0
36.0,3.3571539270939667e-13,5482.6484328891365,197.84986349392602,152.4,0,1,outbound-climb,0.0,5486.400000000001,216.0,152.4,90.0,2.254574965935033,0.0,0.0,4.39981376105095,90.0,0.0,1.6757597820727314e-07,0.0,3495.1513766448743,0.0,-92146.24767502717,13965.37414686127,0.4488717652205181,2.2545739336981936,0.0,pseudo_6dof_kinematic_bridge,f16_s119.attitude_response_p6dof.v1,-0.7562951013162765,0.0,0.0,0.0893225837337992,reduced_response_law,0.0,0
37.0,3.450399775559417e-13,5634.930459887241,203.8452161397972,152.4,0,1,outbound-climb,0.0,5638.8,222.0,152.4,90.0,2.254574965935033,0.0,0.0,4.399807005848032,90.0,0.0,-1.1790053256352725e-07,0.0,3493.143460218781,0.0,-92094.19046400994,13957.483249681252,0.4489022526981348,2.25457427777714,0.0,pseudo_6dof_kinematic_bridge,f16_s119.attitude_response_p6dof.v1,-0.7562951013162765,0.0,0.0,0.0893225837337992,reduced_response_law,0.0,0
38.0,3.543645624002821e-13,5787.212486849343,209.84056970016925,152.4,0,1,outbound-climb,0.0,5791.2,228.0,152.4,90.0,2.254574965935033,0.0,0.0,4.399811758569933,90.0,0.0,8.295064559221166e-08,0.0,3491.1362646653624,0.0,-92042.13041731958,13949.592351297599,0.4489327463933977,2.254574507163104,0.0,pseudo_6dof_kinematic_bridge,f16_s119.attitude_response_p6dof.v1,-0.7562951013162765,0.0,0.0,0.0893225837337992,reduced_response_law,0.0,0
39.0,3.636891472431528e-13,5939.494513787442,215.83592387020855,152.4,0,1,outbound-climb,0.0,5943.6,234.0,152.4,90.0,2.254574965935033,0.0,0.0,4.399808414722867,90.0,0.0,-5.836114099314365e-08,0.0,3489.1298414921857,0.0,-91990.0684812433,13941.701452111522,0.4489632463068692,2.25457466008708,0.0,pseudo_6dof_kinematic_bridge,f16_s119.attitude_response_p6dof.v1,-0.7562951013162765,0.0,0.0,0.0893225837337992,reduced_response_law,0.0,0
40.0,3.7301373208504365e-13,6091.7765407095385,221.83127844669264,152.4,0,1,outbound-climb,0.0,6096.0,240.0,152.4,90.0,2.254574965935033,0.0,0.0,4.39981076733542,90.0,0.0,4.106083507316453e-08,0.0,3487.124225106283,0.0,-91938.00528628491,13933.810552390496,0.4489937524396284,2.254574762036398,0.0,pseudo_6dof_kinematic_bridge,f16_s119.attitude_response_p6dof.v1,-0.7562951013162765,0.0,0.0,0.0893225837337992,reduced_response_law,0.0,0
41.0,3.8233831692628127e-13,6244.058567620968,227.82663329413995,152.4,0,1,outbound-climb,0.0,6248.400000000001,246.0,152.4,90.0,2.254574965935033,0.0,0.0,4.399809112120418,90.0,0.0,-2.8888951603916408e-08,0.0,3485.1194385207837,0.0,-91885.9412525441,13925.919652312838,0.44902426479309965,2.2545748300026096,0.0,pseudo_6dof_kinematic_bridge,f16_s119.attitude_response_p6dof.v1,-0.7562951013162765,0.0,0.0,0.0893225837337992,reduced_response_law,0.0,0
42.0,3.9166290176708344e-13,6396.340594525284,233.82198832222943,152.4,0,1,outbound-climb,0.0,6400.8,252.0,152.4,90.0,2.254574965935033,0.0,0.0,4.399810276671163,90.0,0.0,2.0325244800431024e-08,0.0,3483.115497157187,0.0,-91833.87665992988,13918.02875199742,0.4490547833689375,2.2545748753134176,0.0,pseudo_6dof_kinematic_bridge,f16_s119.attitude_response_p6dof.v1,-0.7562951013162765,0.0,0.0,0.0893225837337992,reduced_response_law,0.0,0
43.0,4.0098748660759526e-13,6548.62262142486,239.817343470747,152.4,0,1,outbound-climb,0.0,6553.2,258.0,152.4,90.0,2.254574965935033,0.0,0.0,4.399809457334438,90.0,0.0,-1.430012352436315e-08,0.0,3481.1124113788137,0.0,-91781.81169494335,13910.137851523501,0.44908530816895037,2.254574905520623,0.0,pseudo_6dof_kinematic_bridge,f16_s119.attitude_response_p6dof.v1,-0.7562951013162765,0.0,0.0,0.0893225837337992,reduced_response_law,0.0,0
44.0,4.1031207144791356e-13,6700.904648321275,245.81269869954997,152.4,0,1,outbound-climb,0.0,6705.6,264.0,152.4,90.0,2.254574965935033,0.0,0.0,4.399810033790786,90.0,0.0,1.0061061248476158e-08,0.0,3479.1101881787936,0.0,-91729.74648184855,13902.246950943912,0.44911583919504977,2.2545749256587593,0.0,pseudo_6dof_kinematic_bridge,f16_s119.attitude_response_p6dof.v1,-0.7562951013162765,0.0,0.0,0.0893225837337992,reduced_response_law,0.0,0
45.0,4.196366562881028e-13,6853.186675215583,251.80805398187653,152.4,0,1,outbound-climb,0.0,6858.0,270.0,152.4,90.0,2.254574965935033,0.0,0.0,4.399809628216484,90.0,0.0,-7.078606921031215e-09,0.0,3477.108832304745,0.0,-91677.6811034416,13894.356050293884,0.4491463764492164,2.2545749390841836,0.0,pseudo_6dof_kinematic_bridge,f16_s119.attitude_response_p6dof.v1,-0.7562951013162765,0.0,0.0,0.0893225837337992,reduced_response_law,0.0,0
46.0,4.2896124112820605e-13,7005.468702108486,257.80340929988546,152.4,0,1,outbound-climb,0.0,7010.400000000001,276.0,152.4,90.0,2.254574965935033,0.0,0.0,4.399809913564221,90.0,0.0,4.980257523993315e-09,0.0,3475.108347008226,0.0,-91625.61561488864,13886.465149596877,0.4491769199334765,2.254574948034467,0.0,pseudo_6dof_kinematic_bridge,f16_s119.attitude_response_p6dof.v1,-0.7562951013162765,0.0,0.0,0.0893225837337992,reduced_response_law,0.0,0
47.0,4.382858259682519e-13,7157.750729000452,263.7987646416827,152.4,0,1,outbound-climb,0.0,7162.8,282.0,152.4,90.0,2.254574965935033,0.0,0.0,4.399809712803643,90.0,0.0,-3.5039330881335875e-09,0.0,3473.108734543941,0.0,-91573.55005294658,13878.574248868574,0.44920746964988867,2.2545749540013222,0.0,pseudo_6dof_kinematic_bridge,f16_s119.attitude_response_p6dof.v1,-0.7562951013162765,0.0,0.0,0.0893225837337992,reduced_response_law,0.0,0
48.0,4.476104108082596e-13,7310.032755891794,269.79411999933876,152.4,0,1,outbound-climb,0.0,7315.200000000001,288.0,152.4,90.0,2.254574965935033,0.0,0.0,4.399809854051687,90.0,0.0,2.465243417001876e-09,0.0,3471.1099965024996,0.0,-91521.48444210603,13870.68334811939,0.44923802560053205,2.254574957979226,0.0,pseudo_6dof_kinematic_bridge,f16_s119.attitude_response_p6dof.v1,-0.7562951013162765,0.0,0.0,0.0893225837337992,reduced_response_law,0.0,0
49.0,4.569349956482418e-13,7462.31478278272,275.7894753675674,152.4,0,1,outbound-climb,0.0,7467.6,294.0,152.4,90.0,2.254574965935033,0.0,0.0,4.399809754674558,90.0,0.0,-1.7344580867113919e-09,0.0,3469.112134032056,0.0,-91469.41879868494,13862.792447356293,0.44926858778749995,2.2545749606311616,0.0,pseudo_6dof_kinematic_bridge,f16_s119.attitude_response_p6dof.v1,-0.7562951013162765,0.0,0.0,0.0893225837337992,reduced_response_law,0.0,0
50.0,4.66259580488207e-13,7614.596809673368,281.7848307428444,152.4,0,1,outbound-climb,0.0,7620.0,300.0,152.4,90.0,2.254574965935033,0.0,0.0,4.399809824592792,90.0,0.0,1.2203033845342883e-09,0.0,3467.1151479859845,0.0,-91417.3531335558,13854.901546583918,0.4492991562128965,2.254574962399119,0.0,pseudo_6dof_kinematic_bridge,f16_s119.attitude_response_p6dof.v1,-0.7562951013162765,0.0,0.0,0.0893225837337992,reduced_response_law,0.0,0
51.0,4.755841653281609e-13,7766.878836563831,287.78018612282034,152.4,1,2,outbound-level,0.0,7772.4,300.0,152.4,90.0,0.0,0.0,0.0,0.9489297255002335,90.0,0.0,-0.060229219820713324,0.0,3465.119039021315,0.0,-91365.28745396278,13847.010645805363,0.44932973087883216,2.2545749635777566,0.0,pseudo_6dof_kinematic_bridge,f16_s119.attitude_response_p6dof.v1,-0.7562951013162765,0.0,0.0,0.0893225837337992,reduced_response_law,0.0,0
52.0,4.849087501681072e-13,7919.160863454171,293.77554150592886,152.4,1,2,outbound-level,0.0,7924.8,300.0,152.4,90.0,0.0,0.0,0.0,3.0265004023970574,90.0,0.0,0.036260448754736864,0.0,2470.2586840698714,0.0,-72993.44610058558,13839.119745022681,0.44936031178742253,1.5030499757185045,0.0,pseudo_6dof_kinematic_bridge,f16_s119.attitude_response_p6dof.v1,-0.7562951013162765,0.0,0.0,0.0893225837337992,reduced_response_law,0.0,0
53.0,4.942373479831998e-13,8071.508427202143,297.77301821725905,152.4,1,2,outbound-level,0.0,8077.2,300.0,152.4,90.0,0.0,0.0,0.0,1.529226620452561,90.0,0.0,-0.026132357298719086,0.0,1807.6478570152794,0.0,-60757.15490457345,13833.858390174719,0.44938070545305897,1.0020333171456692,0.0,pseudo_6dof_kinematic_bridge,f16_s119.attitude_response_p6dof.v1,-0.7562951013162765,0.0,0.0,0.0893225837337992,reduced_response_law,0.0,0
54.0,5.035677295274985e-13,8223.885121458723,300.4381725161309,152.4,1,2,outbound-level,0.0,8229.6,300.0,152.4,90.0,0.0,0.0,0.0,2.5790444558913683,90.0,0.0,0.018322777774567194,0.0,1366.1871054482408,0.0,-52604.785708959935,13830.350596758135,0.4493943036393412,0.6680222114304462,0.0,pseudo_6dof_kinematic_bridge,f16_s119.attitude_response_p6dof.v1,-0.7562951013162765,0.0,0.0,0.0893225837337992,reduced_response_law,0.0,0
55.0,5.128989038768184e-13,8376.274763203863,302.2149923685169,152.4,1,2,outbound-level,0.0,8382.0,300.0,152.4,90.0,0.0,0.0,0.0,1.840063141967887,90.0,0.0,-0.012897657038678564,0.0,1072.004305911125,0.0,-47172.16577365235,13828.012001584382,0.4494033700394603,0.4453481409536308,0.0,pseudo_6dof_kinematic_bridge,f16_s119.attitude_response_p6dof.v1,-0.7562951013162765,0.0,0.0,0.0893225837337992,reduced_response_law,0.0,0
56.0,5.222304305911325e-13,8528.670159506064,303.399553846529,152.4,1,2,outbound-level,0.0,8534.4,300.0,152.4,90.0,0.0,0.0,0.0,2.359947043698061,90.0,0.0,0.009073685813306188,0.0,875.9377169306272,0.0,-43551.4382672538,13826.452918511455,0.4494094146871525,0.29689876063575393,0.0,pseudo_6dof_kinematic_bridge,f16_s119.attitude_response_p6dof.v1,-0.7562951013162765,0.0,0.0,0.0893225837337992,reduced_response_law,0.0,0
57.0,5.315621139135344e-13,8681.06811341243,304.18926591626627,152.4,1,2,outbound-level,0.0,8686.8,300.0,152.4,90.0,0.0,0.0,0.0,1.994171335539442,90.0,0.0,-0.006383990431181787,0.0,745.2512258904553,0.0,-41138.07288647812,13825.413523981697,0.44941344461033206,0.19793250709050259,0.0,pseudo_6dof_kinematic_bridge,f16_s119.attitude_response_p6dof.v1,-0.7562951013162765,0.0,0.0,0.0893225837337992,reduced_response_law,0.0,0
58.0,5.40893866839812e-13,8833.467204036351,304.71574193838444,152.4,1,2,outbound-level,0.0,8839.2,300.0,152.4,90.0,0.0,0.0,0.0,2.2515178058809706,90.0,0.0,0.0044915432258456085,0.0,658.1378178867944,0.0,-39529.36395066093,13824.720592572376,0.449416131292694,0.13195500472700175,0.0,pseudo_6dof_kinematic_bridge,f16_s119.attitude_response_p6dof.v1,-0.7562951013162765,0.0,0.0,0.0893225837337992,reduced_response_law,0.0,0
59.0,5.50225650701201e-13,8985.866799868982,305.06672634097026,152.4,1,2,outbound-level,0.0,8991.6,300.0,152.4,90.0,0.0,0.0,0.0,2.0704578905007613,90.0,0.0,-0.0031600916667669735,0.0,600.067065625406,0.0,-38456.98080245607,13824.258637789031,0.4494179224430173,0.08797000315133449,0.0,pseudo_6dof_kinematic_bridge,f16_s119.attitude_response_p6dof.v1,-0.7562951013162765,0.0,0.0,0.0893225837337992,reduced_response_law,0.0,0
60.0,5.595574483115395e-13,9138.266620238996,305.3007160576099,152.4,1,2,outbound-level,0.0,9144.0,300.0,152.4,90.0,0.0,0.0,0.0,2.1978452404989555,90.0,0.0,0.0022233286828588833,0.0,561.3553877127379,0.0,-37742.09847088085,13823.950667782217,0.44941911655571704,0.05864666876755631,0.0,pseudo_6dof_kinematic_bridge,f16_s119.attitude_response_p6dof.v1,-0.7562951013162765,0.0,0.0,0.0893225837337992,reduced_response_law,0.0,0
61.0,5.688892520325243e-13,9290.666540403437,305.45670923608543,152.4,1,2,outbound-level,0.0,9296.4,300.0,152.4,90.0,0.0,0.0,0.0,2.108220005217783,90.0,0.0,-0.001564255448531053,0.0,535.548561073927,0.0,-37265.52792422568,13823.74535439953,0.449419912636312,0.03909777917837088,0.0,pseudo_6dof_kinematic_bridge,f16_s119.attitude_response_p6dof.v1,-0.7562951013162765,0.0,0.0,0.0893225837337992,reduced_response_law,0.0,0
62.0,5.782210584693524e-13,9443.066504920966,305.56070469849107,152.4,1,2,outbound-level,0.0,9448.8,300.0,152.4,90.0,0.0,0.0,0.0,2.1712771514583595,90.0,0.0,0.001100554818809637,0.0,518.3444360423528,0.0,-36947.822081762126,13823.608478797792,0.44942044335911036,0.026065186118913918,0.0,pseudo_6dof_kinematic_bridge,f16_s119.attitude_response_p6dof.v1,-0.7562951013162765,0.0,0.0,0.0893225837337992,reduced_response_law,0.0,0
63.0,5.875528661132219e-13,9595.466489150978,305.6300350097507,152.4,1,2,outbound-level,0.0,9601.2,300.0,152.4,90.0,0.0,0.0,0.0,2.1269123731403776,90.0,0.0,-0.0007743114535661805,0.0,506.87520871516426,0.0,-36736.02167803945,13823.5172283927,0.44942079717536915,0.017376790745942613,0.0,pseudo_6dof_kinematic_bridge,f16_s119.attitude_response_p6dof.v1,-0.7562951013162765,0.0,0.0,0.0893225837337992,reduced_response_law,0.0,0
64.0,5.968846742935545e-13,9747.866482142095,305.67625521814284,152.4,1,2,outbound-level,0.0,9753.6,300.0,152.4,90.0,0.0,0.0,0.0,2.158125862369408,90.0,0.0,0.0005447781580823641,0.0,499.2291413239727,0.0,-36594.822960560625,13823.456394788138,0.44942103305334363,0.011584527163961744,0.0,pseudo_6dof_kinematic_bridge,f16_s119.attitude_response_p6dof.v1,-0.7562951013162765,0.0,0.0,0.0893225837337992,reduced_response_law,0.0,0
65.0,6.06216482712315e-13,9900.266479027036,305.7070686906667,152.4,1,2,outbound-level,0.0,9906.0,300.0,152.4,90.0,0.0,0.0,0.0,2.1361651550965646,90.0,0.0,-0.00038328664797778074,0.0,494.1318004677414,0.0,-36500.691171872844,13823.415839051422,0.44942119030553435,0.007723018109307828,0.0,pseudo_6dof_kinematic_bridge,f16_s119.attitude_response_p6dof.v1,-0.7562951013162765,0.0,0.0,0.0893225837337992,reduced_response_law,0.0,0
66.0,6.155482912370434e-13,10052.666477642564,305.72761100576037,152.4,1,2,outbound-level,0.0,10058.4,300.0,152.4,90.0,0.0,0.0,0.0,2.151615932175146,90.0,0.0,0.00026966693201291216,0.0,490.7335898545116,0.0,-36437.93695258399,13823.388801893509,0.44942129514042034,0.005148678739538553,0.0,pseudo_6dof_kinematic_bridge,f16_s119.attitude_response_p6dof.v1,-0.7562951013162765,0.0,0.0,0.0893225837337992,reduced_response_law,0.0,0
67.0,6.248800998088688e-13,10205.066477027243,305.7413058825125,152.4,1,2,outbound-level,0.0,10210.8,300.0,152.4,90.0,0.0,0.0,0.0,2.1407453117818176,90.0,0.0,-0.00018972811759802486,0.0,488.4681235009157,0.0,-36396.100942615,13823.370777121532,0.4494213650303851,0.003432452493025702,0.0,pseudo_6dof_kinematic_bridge,f16_s119.attitude_response_p6dof.v1,-0.7562951013162765,0.0,0.0,0.0893225837337992,reduced_response_law,0.0,0
68.0,6.342119084016261e-13,10357.466476753767,305.75043580035407,152.4,1,2,outbound-level,0.0,10363.2,300.0,152.4,90.0,0.0,0.0,0.0,2.148393495891577,90.0,0.0,0.0001334859945140142,0.0,486.9578158823224,0.0,-36368.210329846166,13823.358760606874,0.44942141162371313,0.0022883016620171347,0.0,pseudo_6dof_kinematic_bridge,f16_s119.attitude_response_p6dof.v1,-0.7562951013162765,0.0,0.0,0.0893225837337992,reduced_response_law,0.0,0
69.0,6.435437170036865e-13,10509.866476632222,305.7565224122505,152.4,1,2,outbound-level,0.0,10515.6,300.0,152.4,90.0,0.0,0.0,0.0,2.143012504001484,90.0,0.0,-9.391602550523674e-05,0.0,485.95094559606514,0.0,-36349.61661490865,13823.350749597097,0.4494214426859398,0.0015255344413447566,0.0,pseudo_6dof_kinematic_bridge,f16_s119.attitude_response_p6dof.v1,-0.7562951013162765,0.0,0.0,0.0893225837337992,reduced_response_law,0.0,0
70.0,6.528755256098815e-13,10662.266476578201,305.7605801535154,152.4,1,2,outbound-level,0.0,10668.0,300.0,152.4,90.0,0.0,0.0,0.0,2.146798379616625,90.0,0.0,6.607599455517343e-05,0.0,485.2796993872107,0.0,-36337.2208169096,13823.345408923915,0.44942146339409467,0.001017022960896504,0.0,pseudo_6dof_kinematic_bridge,f16_s119.attitude_response_p6dof.v1,-0.7562951013162765,0.0,0.0,0.0893225837337992,reduced_response_law,0.0,0
71.0,6.622073342179142e-13,10814.666476554192,305.7632853143588,152.4,1,2,outbound-level,0.0,10820.4,300.0,152.4,90.0,0.0,0.0,0.0,2.144134771407197,90.0,0.0,-4.648873323767188e-05,0.0,484.8322022029297,0.0,-36328.956956892114,13823.341848475124,0.4494214771995327,0.000678015307264336,0.0,pseudo_6dof_kinematic_bridge,f16_s119.attitude_response_p6dof.v1,-0.7562951013162765,0.0,0.0,0.0893225837337992,reduced_response_law,0.0,0
72.0,6.715391428267636e-13,10967.066476543521,305.7650887549212,152.4,1,2,outbound-level,0.0,10972.8,300.0,152.4,90.0,0.0,0.0,0.0,2.146008791954771,90.0,0.0,3.270782880518846e-05,0.0,484.533870874875,0.0,-36323.4477192428,13823.3394748426,0.4494214864031588,0.0004520102048428906,0.0,pseudo_6dof_kinematic_bridge,f16_s119.attitude_response_p6dof.v1,-0.7562951013162765,0.0,0.0,0.0893225837337992,reduced_response_law,0.0,0
73.0,6.808709514359761e-13,11119.466476538779,305.7662910486294,152.4,1,2,outbound-level,0.0,11125.2,300.0,152.4,90.0,0.0,0.0,0.0,2.1446902973652517,90.0,0.0,-2.3012071756838856e-05,0.0,484.33498337978017,0.0,-36319.77489519317,13823.337892420916,0.4494214925389099,0.00030134013656192706,0.0,pseudo_6dof_kinematic_bridge,f16_s119.attitude_response_p6dof.v1,-0.7562951013162765,0.0,0.0,0.0893225837337992,reduced_response_law,0.0,0
74.0,6.902027600453499e-13,11271.86647653667,305.7670925777682,152.4,1,2,outbound-level,0.0,11277.6,300.0,152.4,90.0,0.0,0.0,0.0,2.145617943534789,90.0,0.0,1.6190479951937682e-05,0.0,484.20239174169546,0.0,-36317.32634629338,13823.336837473125,0.4494214966294108,0.00020089342437461808,0.0,pseudo_6dof_kinematic_bridge,f16_s119.attitude_response_p6dof.v1,-0.7562951013162765,0.0,0.0,0.0893225837337992,reduced_response_law,0.0,0
75.0,6.995345686547954e-13,11424.266476535733,305.76762693052746,152.4,1,2,outbound-level,0.0,11430.0,300.0,152.4,90.0,0.0,0.0,0.0,2.1449652844926526,90.0,0.0,-1.1391049178187018e-05,0.0,484.1139973275549,0.0,-36315.69398056759,13823.336134174599,0.4494214993564113,0.00013392894958307874,0.0,pseudo_6dof_kinematic_bridge,f16_s119.attitude_response_p6dof.v1,-0.7562951013162765,0.0,0.0,0.0893225837337992,reduced_response_law,0.0,0
76.0,7.088663772642727e-13,11576.666476535316,305.7679831657003,152.4,1,2,outbound-level,0.0,11582.4,300.0,152.4,90.0,0.0,0.0,0.0,2.145424472315845,90.0,0.0,8.014339399763903e-06,0.0,484.05506772312947,0.0,-36314.60573684257,13823.335665308914,0.44942150117441176,8.928596638871915e-05,0.0,pseudo_6dof_kinematic_bridge,f16_s119.attitude_response_p6dof.v1,-0.7562951013162765,0.0,0.0,0.0893225837337992,reduced_response_law,0.0,0
77.0,7.181981858737642e-13,11729.06647653513,305.76822065581547,152.4,1,2,outbound-level,0.0,11734.8,300.0,152.4,90.0,0.0,0.0,0.0,2.145101404000913,90.0,0.0,-5.638605804425251e-06,0.0,484.0157813223923,0.0,-36313.88024106685,13823.335352731794,0.4494215023864121,5.952397759247944e-05,0.0,pseudo_6dof_kinematic_bridge,f16_s119.attitude_response_p6dof.v1,-0.7562951013162765,0.0,0.0,0.0893225837337992,reduced_response_law,0.0,0
78.0,7.27529994483262e-13,11881.466476535048,305.76837898255894,152.4,1,2,outbound-level,0.0,11887.2,300.0,152.4,90.0,0.0,0.0,0.0,2.145328703443192,90.0,0.0,3.967123655704748e-06,0.0,483.9895903895631,0.0,-36313.39657723458,13823.335144347044,0.4494215031944123,3.968265172831962e-05,0.0,pseudo_6dof_kinematic_bridge,f16_s119.attitude_response_p6dof.v1,-0.7562951013162765,0.0,0.0,0.0893225837337992,reduced_response_law,0.0,0
79.0,7.368618030927627e-13,12033.866476535011,305.7684845337213,152.4,1,2,outbound-level,0.0,12039.6,300.0,152.4,90.0,0.0,0.0,0.0,2.1451687835932023,90.0,0.0,-2.791127921607017e-06,0.0,483.9721297681135,0.0,-36313.074134687835,13823.33500542388,0.4494215037330791,2.6455101152213084e-05,0.0,pseudo_6dof_kinematic_bridge,f16_s119.attitude_response_p6dof.v1,-0.7562951013162765,0.0,0.0,0.0893225837337992,reduced_response_law,0.0,0
80.0,7.461936117022645e-13,12186.266476534995,305.7685549011628,152.4,1,2,outbound-level,0.0,12192.0,300.0,152.4,90.0,0.0,0.0,0.0,2.145281297544685,90.0,0.0,1.963738907801759e-06,0.0,483.9604893540145,0.0,-36312.85917299357,13823.334912808432,0.4494215040921903,1.7636734101475387e-05,0.0,pseudo_6dof_kinematic_bridge,f16_s119.attitude_response_p6dof.v1,-0.7562951013162765,0.0,0.0,0.0893225837337992,reduced_response_law,0.0,0
81.0,7.555254203117669e-13,12338.666476534987,305.7686018127905,152.4,1,2,outbound-level,0.0,12344.400000000001,300.0,152.4,90.0,0.0,0.0,0.0,2.145202136707059,90.0,0.0,-1.381617255222835e-06,0.0,483.95272907802246,0.0,-36312.71586519903,13823.334851064807,0.4494215043315978,1.1757822734316924e-05,0.0,pseudo_6dof_kinematic_bridge,f16_s119.attitude_response_p6dof.v1,-0.7562951013162765,0.0,0.0,0.0893225837337992,reduced_response_law,0.0,0
82.0,7.648572289212695e-13,12491.066476534983,305.76863308720897,152.4,1,2,outbound-level,0.0,12496.8,300.0,152.4,90.0,0.0,0.0,0.0,2.1452578314731845,90.0,0.0,9.720570450251153e-07,0.0,483.9475555607478,0.0,-36312.620326670025,13823.334809902384,0.4494215044912028,7.838548489544617e-06,0.0,pseudo_6dof_kinematic_bridge,f16_s119.attitude_response_p6dof.v1,-0.7562951013162765,0.0,0.0,0.0893225837337992,reduced_response_law,0.0,0
83.0,7.741890375307723e-13,12643.46647653498,305.7686539368213,152.4,1,2,outbound-level,0.0,12649.2,300.0,152.4,90.0,0.0,0.0,0.0,2.1452186466051764,90.0,0.0,-6.839049637017965e-07,0.0,483.9441065492392,0.0,-36312.556634317676,13823.334782460774,0.449421504597606,5.225698993029744e-06,0.0,pseudo_6dof_kinematic_bridge,f16_s119.attitude_response_p6dof.v1,-0.7562951013162765,0.0,0.0,0.0893225837337992,reduced_response_law,0.0,0
84.0,7.835208461402751e-13,12795.86647653498,305.7686678365628,152.4,1,2,outbound-level,0.0,12801.6,300.0,152.4,90.0,0.0,0.0,0.0,2.14524621569268,90.0,0.0,4.811713487111252e-07,0.0,483.94180720823715,0.0,-36312.514172749594,13823.334764166364,0.4494215046685417,3.483799328686496e-06,0.0,pseudo_6dof_kinematic_bridge,f16_s119.attitude_response_p6dof.v1,-0.7562951013162765,0.0,0.0,0.0893225837337992,reduced_response_law,0.0,0
85.0,7.928526547497779e-13,12948.26647653498,305.7686771030572,152.4,1,2,outbound-level,0.0,12954.0,300.0,152.4,90.0,0.0,0.0,0.0,2.1452268190575907,90.0,0.0,-3.385351461188069e-07,0.0,483.9402743142473,0.0,-36312.48586503758,13823.334751970091,0.44942150471583203,2.3225328857909974e-06,0.0,pseudo_6dof_kinematic_bridge,f16_s119.attitude_response_p6dof.v1,-0.7562951013162765,0.0,0.0,0.0893225837337992,reduced_response_law,0.0,0
86.0,8.021844633592808e-13,13100.66647653498,305.7686832807201,152.4,1,2,outbound-level,0.0,13106.400000000001,300.0,152.4,90.0,0.0,0.0,0.0,2.1452404658441497,90.0,0.0,2.38181357773267e-07,0.0,483.9392523849201,0.0,-36312.46699322961,13823.334743839241,0.449421504747359,1.5483552571939984e-06,0.0,pseudo_6dof_kinematic_bridge,f16_s119.attitude_response_p6dof.v1,-0.7562951013162765,0.0,0.0,0.0893225837337992,reduced_response_law,0.0,0
87.0,8.115162719687836e-13,13253.06647653498,305.76868739916205,152.4,1,2,outbound-level,0.0,13258.8,300.0,152.4,90.0,0.0,0.0,0.0,2.145230864447694,90.0,0.0,-1.6757598093685025e-07,0.0,483.9385710987008,0.0,-36312.454412024315,13823.334738418678,0.4494215047683769,1.0322368381293325e-06,0.0,pseudo_6dof_kinematic_bridge,f16_s119.attitude_response_p6dof.v1,-0.7562951013162765,0.0,0.0,0.0893225837337992,reduced_response_law,0.0,0
88.0,8.208480805782865e-13,13405.466476534979,305.76869014479,152.4,1,2,outbound-level,0.0,13411.2,300.0,152.4,90.0,0.0,0.0,0.0,2.1452376196507226,90.0,0.0,1.1790053448968022e-07,0.0,483.9381169078915,0.0,-36312.44602455411,13823.334734804967,0.4494215047823889,6.881578920862216e-07,0.0,pseudo_6dof_kinematic_bridge,f16_s119.attitude_response_p6dof.v1,-0.7562951013162765,0.0,0.0,0.0893225837337992,reduced_response_law,0.0,0
89.0,8.301798891877894e-13,13557.866476534979,305.76869197520864,152.4,1,2,outbound-level,0.0,13563.6,300.0,152.4,90.0,0.0,0.0,0.0,2.145232866928745,90.0,0.0,-8.295064695118094e-08,0.0,483.93781411401505,0.0,-36312.44043290732,13823.334732395828,0.44942150479173015,4.58771928057481e-07,0.0,pseudo_6dof_kinematic_bridge,f16_s119.attitude_response_p6dof.v1,-0.7562951013162765,0.0,0.0,0.0893225837337992,reduced_response_law,0.0,0
90.0,8.395116977972922e-13,13710.266476534978,305.76869319548774,152.4,1,2,outbound-level,0.0,13716.0,300.0,152.4,90.0,0.0,0.0,0.0,2.1452362107758662,90.0,0.0,5.836114195049409e-08,0.0,483.93761225143317,0.0,-36312.43670514279,13823.334730789735,0.44942150479795767,3.0584795203832066e-07,0.0,pseudo_6dof_kinematic_bridge,f16_s119.attitude_response_p6dof.v1,-0.7562951013162765,0.0,0.0,0.0893225837337992,reduced_response_law,0.0,0
91.0,8.488435064067951e-13,13862.666476534978,305.76869400900716,152.4,1,2,outbound-level,0.0,13868.400000000001,300.0,152.4,90.0,0.0,0.0,0.0,2.145233858163274,90.0,0.0,-4.106083575755056e-08,0.0,483.93747767637797,0.0,-36312.434219966446,13823.334729719005,0.44942150480210935,2.0389863469221373e-07,0.0,pseudo_6dof_kinematic_bridge,f16_s119.attitude_response_p6dof.v1,-0.7562951013162765,0.0,0.0,0.0893225837337992,reduced_response_law,0.0,0
92.0,8.58175315016298e-13,14015.066476534977,305.7686945513534,152.4,1,2,outbound-level,0.0,14020.8,300.0,152.4,90.0,0.0,0.0,0.0,2.1452355133783025,90.0,0.0,2.8888952077631363e-08,0.0,483.93738795967874,0.0,-36312.43256318221,13823.334729005184,0.4494215048048771,1.3593242312814248e-07,0.0,pseudo_6dof_kinematic_bridge,f16_s119.attitude_response_p6dof.v1,-0.7562951013162765,0.0,0.0,0.0893225837337992,reduced_response_law,0.0,0
93.0,8.675071236258008e-13,14167.466476534977,305.76869491291757,152.4,1,2,outbound-level,0.0,14173.2,300.0,152.4,90.0,0.0,0.0,0.0,2.1452343488275387,90.0,0.0,-2.032524513164897e-08,0.0,483.93732814853684,0.0,-36312.43145865939,13823.334728529306,0.4494215048067223,9.062161541876166e-08,0.0,pseudo_6dof_kinematic_bridge,f16_s119.attitude_response_p6dof.v1,-0.7562951013162765,0.0,0.0,0.0893225837337992,reduced_response_law,0.0,0
94.0,8.768389322353037e-13,14319.866476534977,305.7686951539603,152.4,1,2,outbound-level,0.0,14325.6,300.0,152.4,90.0,0.0,0.0,0.0,2.1452351681642763,90.0,0.0,1.4300123749815944e-08,0.0,483.9372882744501,0.0,-36312.43072231083,13823.334728212052,0.44942150480795245,6.041441027917444e-08,0.0,pseudo_6dof_kinematic_bridge,f16_s119.attitude_response_p6dof.v1,-0.7562951013162765,0.0,0.0,0.0893225837337992,reduced_response_law,0.0,0
95.0,8.861707408448066e-13,14472.266476534976,305.76869531465553,152.4,1,2,outbound-level,0.0,14478.0,300.0,152.4,90.0,0.0,0.0,0.0,2.1452345917079207,90.0,0.0,-1.0061061402649757e-08,0.0,483.9372616917208,0.0,-36312.4302314118,13823.334728000551,0.44942150480877263,4.027627351944963e-08,0.0,pseudo_6dof_kinematic_bridge,f16_s119.attitude_response_p6dof.v1,-0.7562951013162765,0.0,0.0,0.0893225837337992,reduced_response_law,0.0,0
96.0,8.955025494543094e-13,14624.666476534976,305.76869542178565,152.4,1,2,outbound-level,0.0,14630.400000000001,300.0,152.4,90.0,0.0,0.0,0.0,2.145234997282228,90.0,0.0,7.07860702763042e-09,0.0,483.93724396990365,0.0,-36312.42990414578,13823.33472785955,0.44942150480931925,2.6850849012966415e-08,0.0,pseudo_6dof_kinematic_bridge,f16_s119.attitude_response_p6dof.v1,-0.7562951013162765,0.0,0.0,0.0893225837337992,reduced_response_law,0.0,0
97.0,9.048343580638123e-13,14777.066476534976,305.7686954932057,152.4,1,2,outbound-level,0.0,14782.8,300.0,152.4,90.0,0.0,0.0,0.0,2.1452347119344872,90.0,0.0,-4.980257595332079e-09,0.0,483.9372321553583,0.0,-36312.42968596844,13823.334727765548,0.44942150480968374,1.7900566008644276e-08,0.0,pseudo_6dof_kinematic_bridge,f16_s119.attitude_response_p6dof.v1,-0.7562951013162765,0.0,0.0,0.0893225837337992,reduced_response_law,0.0,0
98.0,9.141661666733152e-13,14929.466476534975,305.7686955408191,152.4,1,2,outbound-level,0.0,14935.2,300.0,152.4,90.0,0.0,0.0,0.0,2.1452349126950674,90.0,0.0,3.503933135712237e-09,0.0,483.9372242789941,0.0,-36312.42954051687,13823.33472770288,0.44942150480992676,1.1933710672429518e-08,0.0,pseudo_6dof_kinematic_bridge,f16_s119.attitude_response_p6dof.v1,-0.7562951013162765,0.0,0.0,0.0893225837337992,reduced_response_law,0.0,0
99.0,9.23497975282818e-13,15081.866476534975,305.7686955725614,152.4,1,2,outbound-level,0.0,15087.6,300.0,152.4,90.0,0.0,0.0,0.0,2.145234771447022,90.0,0.0,-2.4652434522626185e-09,0.0,483.93721902808466,0.0,-36312.42944354917,13823.334727661104,0.4494215048100888,7.955807114953012e-09,0.0,pseudo_6dof_kinematic_bridge,f16_s119.attitude_response_p6dof.v1,-0.7562951013162765,0.0,0.0,0.0893225837337992,reduced_response_law,0.0,0
100.0,9.328297838923207e-13,15234.266476534975,305.7686955937229,152.4,1,2,outbound-level,0.0,15240.0,300.0,152.4,90.0,0.0,0.0,0.0,2.145234870824152,90.0,0.0,1.7344581210922855e-09,0.0,483.93721552747957,0.0,-36312.429378904024,13823.334727633253,0.4494215048101967,5.3038714099686756e-09,0.0,pseudo_6dof_kinematic_bridge,f16_s119.attitude_response_p6dof.v1,-0.7562951013162765,0.0,0.0,0.0893225837337992,reduced_response_law,0.0,0
101.0,9.421615925018234e-13,15386.666476534974,305.7686956078306,152.4,1,2,outbound-level,0.0,15392.400000000001,300.0,152.4,90.0,0.0,0.0,0.0,2.1452348009059174,90.0,0.0,-1.2203033976108222e-09,0.0,483.93721319374345,0.0,-36312.429335807254,13823.334727614683,0.4494215048102687,3.5359142733124496e-09,0.0,pseudo_6dof_kinematic_bridge,f16_s119.attitude_response_p6dof.v1,-0.7562951013162765,0.0,0.0,0.0893225837337992,reduced_response_law,0.0,0
102.0,9.514934011113262e-13,15539.066476534974,305.7686956172357,152.4,1,2,outbound-level,0.0,15544.8,300.0,152.4,90.0,0.0,0.0,0.0,2.145234850097915,90.0,0.0,8.585623231064296e-10,0.0,483.93721163791633,0.0,-36312.42930707609,13823.334727602305,0.44942150481031673,2.3572761822082996e-09,0.0,pseudo_6dof_kinematic_bridge,f16_s119.attitude_response_p6dof.v1,-0.7562951013162765,0.0,0.0,0.0893225837337992,reduced_response_law,0.0,0
103.0,9.60825209720829e-13,15691.466476534973,305.7686956235058,152.4,1,2,outbound-level,0.0,15697.2,300.0,152.4,90.0,0.0,0.0,0.0,2.1452348154881653,90.0,0.0,-6.040540937829699e-10,0.0,483.93721060070493,0.0,-36312.42928792197,13823.334727594052,0.4494215048103487,1.5715174548055328e-09,0.0,pseudo_6dof_kinematic_bridge,f16_s119.attitude_response_p6dof.v1,-0.7562951013162765,0.0,0.0,0.0893225837337992,reduced_response_law,0.0,0
104.0,9.701570183303317e-13,15843.866476534973,305.7686956276858,152.4,1,2,outbound-level,0.0,15849.6,300.0,152.4,90.0,0.0,0.0,0.0,2.1452348398383614,90.0,0.0,4.2499109640609973e-10,0.0,483.9372099092234,0.0,-36312.42927515256,13823.33472758855,0.44942150481037,1.0476783032036886e-09,0.0,pseudo_6dof_kinematic_bridge,f16_s119.attitude_response_p6dof.v1,-0.7562951013162765,0.0,0.0,0.0893225837337992,reduced_response_law,0.0,0
105.0,9.794888269398345e-13,15996.266476534973,305.7686956304725,152.4,1,2,outbound-level,0.0,16002.0,300.0,152.4,90.0,0.0,0.0,0.0,2.1452348227064246,90.0,0.0,-2.9900870983594044e-10,0.0,483.9372094482369,0.0,-36312.429266639614,13823.334727584881,0.4494215048103843,6.984522021357924e-10,0.0,pseudo_6dof_kinematic_bridge,f16_s119.attitude_response_p6dof.v1,-0.7562951013162765,0.0,0.0,0.0893225837337992,reduced_response_law,0.0,0
106.0,9.888206355493373e-13,16148.666476534972,305.7686956323303,152.4,1,2,outbound-level,0.0,16154.4,300.0,152.4,90.0,0.0,0.0,0.0,2.145234834759849,90.0,0.0,2.1037194981924146e-10,0.0,483.9372091409132,0.0,-36312.42926096432,13823.334727582436,0.4494215048103938,4.6563480142386166e-10,0.0,pseudo_6dof_kinematic_bridge,f16_s119.attitude_response_p6dof.v1,-0.7562951013162765,0.0,0.0,0.0893225837337992,reduced_response_law,0.0,0
107.0,9.9815244415884e-13,16301.066476534972,305.7686956335689,152.4,1,2,outbound-level,0.0,16306.800000000001,300.0,152.4,90.0,0.0,0.0,0.0,2.145234826279486,90.0,0.0,-1.4801026417799809e-10,0.0,483.93720893603677,0.0,-36312.42925718079,13823.334727580805,0.4494215048104001,3.1042320094924113e-10,0.0,pseudo_6dof_kinematic_bridge,f16_s119.attitude_response_p6dof.v1,-0.7562951013162765,0.0,0.0,0.0893225837337992,reduced_response_law,0.0,0
108.0,1.0074842527683428e-12,16453.466476534973,305.7686956343946,152.4,1,2,outbound-level,0.0,16459.2,300.0,152.4,90.0,0.0,0.0,0.0,2.1452348322459693,90.0,0.0,1.0413478748623624e-10,0.0,483.9372087994416,0.0,-36312.42925465845,13823.33472757972,0.4494215048104043,2.069488006328274e-10,0.0,pseudo_6dof_kinematic_bridge,f16_s119.attitude_response_p6dof.v1,-0.7562951013162765,0.0,0.0,0.0893225837337992,reduced_response_law,0.0,0
109.0,1.0168160613778455e-12,16605.866476534975,305.76869563494506,152.4,1,2,outbound-level,0.0,16611.6,300.0,152.4,90.0,0.0,0.0,0.0,2.145234828048163,90.0,0.0,-7.326554905468815e-11,0.0,483.93720870838115,0.0,-36312.42925297688,13823.334727578997,0.4494215048104072,1.3796586708855159e-10,0.0,pseudo_6dof_kinematic_bridge,f16_s119.attitude_response_p6dof.v1,-0.7562951013162765,0.0,0.0,0.0893225837337992,reduced_response_law,0.0,0
110.0,1.0261478699873483e-12,16758.266476534976,305.76869563531204,152.4,1,2,outbound-level,0.0,16764.0,300.0,152.4,90.0,0.0,0.0,0.0,2.145234831001591,90.0,0.0,5.154704601586678e-11,0.0,483.93720864767783,0.0,-36312.42925185583,13823.334727578515,0.449421504810409,9.197724472570105e-11,0.0,pseudo_6dof_kinematic_bridge,f16_s119.attitude_response_p6dof.v1,-0.7562951013162765,0.0,0.0,0.0893225837337992,reduced_response_law,0.0,0
111.0,1.035479678596851e-12,16910.666476534978,305.7686956355567,152.4,1,2,outbound-level,0.0,16916.4,300.0,152.4,90.0,0.0,0.0,0.0,2.1452348289236634,90.0,0.0,-3.626667670960525e-11,0.0,483.9372086072126,0.0,-36312.42925110846,13823.334727578189,0.4494215048104102,6.131816315046737e-11,0.0,pseudo_6dof_kinematic_bridge,f16_s119.attitude_response_p6dof.v1,-0.7562951013162765,0.0,0.0,0.0893225837337992,reduced_response_law,0.0,0
112.0,1.0448114872063538e-12,17063.06647653498,305.7686956357198,152.4,1,2,outbound-level,0.0,17068.800000000003,300.0,152.4,90.0,0.0,0.0,0.0,2.1452348303856197,90.0,0.0,2.55159522014839e-11,0.0,483.9372085802279,0.0,-36312.42925061022,13823.334727577976,0.44942150481041104,4.0878775433644915e-11,0.0,pseudo_6dof_kinematic_bridge,f16_s119.attitude_response_p6dof.v1,-0.7562951013162765,0.0,0.0,0.0893225837337992,reduced_response_law,0.0,0
113.0,1.0541432958158566e-12,17215.46647653498,305.7686956358285,152.4,1,2,outbound-level,0.0,17221.2,300.0,152.4,90.0,0.0,0.0,0.0,2.145234829357039,90.0,0.0,-1.7952118940575844e-11,0.0,483.9372085622417,0.0,-36312.429250278066,13823.334727577834,0.44942150481041165,2.725251695576327e-11,0.0,pseudo_6dof_kinematic_bridge,f16_s119.attitude_response_p6dof.v1,-0.7562951013162765,0.0,0.0,0.0893225837337992,reduced_response_law,0.0,0
114.0,1.0634751044253594e-12,17367.866476534982,305.768695635901,152.4,1,2,outbound-level,0.0,17373.6,300.0,152.4,90.0,0.0,0.0,0.0,2.145234830080712,90.0,0.0,1.263047638291829e-11,0.0,483.93720855025094,0.0,-36312.42925005662,13823.334727577738,0.449421504810412,1.8168344637175517e-11,0.0,pseudo_6dof_kinematic_bridge,f16_s119.attitude_response_p6dof.v1,-0.7562951013162765,0.0,0.0,0.0893225837337992,reduced_response_law,0.0,0
115.0,1.0728069130348621e-12,17520.266476534984,305.7686956359493,152.4,1,2,outbound-level,0.0,17526.0,300.0,152.4,90.0,0.0,0.0,0.0,2.1452348295715615,90.0,0.0,-8.886351430489168e-12,0.0,483.9372085422583,0.0,-36312.42924990899,13823.334727577674,0.4494215048104122,1.211222975811701e-11,0.0,pseudo_6dof_kinematic_bridge,f16_s119.attitude_response_p6dof.v1,-0.7562951013162765,0.0,0.0,0.0893225837337992,reduced_response_law,0.0,0
116.0,1.0821387216443649e-12,17672.666476534985,305.76869563598154,152.4,1,2,outbound-level,0.0,17678.4,300.0,152.4,90.0,0.0,0.0,0.0,2.1452348299297817,90.0,0.0,6.25212094780018e-12,0.0,483.937208536925,0.0,-36312.42924981058,13823.334727577632,0.4494215048104124,8.074819838744674e-12,0.0,pseudo_6dof_kinematic_bridge,f16_s119.attitude_response_p6dof.v1,-0.7562951013162765,0.0,0.0,0.0893225837337992,reduced_response_law,0.0,0
117.0,1.0914705302538676e-12,17825.066476534987,305.76869563600303,152.4,1,2,outbound-level,0.0,17830.800000000003,300.0,152.4,90.0,0.0,0.0,0.0,2.145234829677751,90.0,0.0,-4.398775781254031e-12,0.0,483.9372085333762,0.0,-36312.42924974496,13823.334727577601,0.44942150481041254,5.383213225829783e-12,0.0,pseudo_6dof_kinematic_bridge,f16_s119.attitude_response_p6dof.v1,-0.7562951013162765,0.0,0.0,0.0893225837337992,reduced_response_law,0.0,0
118.0,1.1008023388633704e-12,17977.466476534988,305.76869563601736,152.4,1,2,outbound-level,0.0,17983.2,300.0,152.4,90.0,0.0,0.0,0.0,2.1452348298550707,90.0,0.0,3.0948183920007243e-12,0.0,483.9372085310097,0.0,-36312.42924970122,13823.334727577585,0.44942150481041254,3.5888088172198555e-12,0.0,pseudo_6dof_kinematic_bridge,f16_s119.attitude_response_p6dof.v1,-0.7562951013162765,0.0,0.0,0.0893225837337992,reduced_response_law,0.0,0
119.0,1.1101341474728732e-12,18129.86647653499,305.7686956360269,152.4,2,3,left-turn,1.2844000657781232,18135.591889121904,300.0,152.4,88.91455893866384,0.0,-20.0,-69.1358024691358,2.1452348297303145,88.92795944559388,-1.206647384094845,-2.1774017072343045e-12,-0.01871063738929147,483.9372085294235,0.0,-36312.42924967206,13823.334727577572,0.4494215048104127,2.3925392114799035e-12,0.0,pseudo_6dof_kinematic_bridge,f16_s119.attitude_response_p6dof.v1,-0.7562951013162765,0.0,0.0,0.0893225837337992,reduced_response_law,0.0,0
120.0,1.119465956082376e-12,18282.26647653499,305.76869563603327,152.4,2,3,left-turn,5.793223877443427,18287.922296799534,300.0,152.4,87.69463845379936,0.0,-20.0,11.078288849179446,2.1452348298180888,87.59074902172699,1.4,1.5319468055136729e-12,-0.02333872468846593,483.93720852837214,0.0,-36312.42924965262,13823.334727577563,0.4494215048104127,1.5950261409866025e-12,0.0,pseudo_6dof_kinematic_bridge,f16_s119.attitude_response_p6dof.v1,-0.7562951013162765,0.0,0.0,0.0893225837337992,reduced_response_law,0.0,0
121.0,0.7217835272036746,18434.664767301456,305.76869563603753,152.4,2,3,left-turn,13.54414321564454,18440.12218459453,300.0,152.4,86.47471796893483,0.0,-20.0,-69.1358024691358,2.1452348297563337,86.33991719409524,-1.4,-1.0778253016564782e-12,-0.021831133780912795,483.93720852767365,0.0,-36312.42924963965,13823.334727577558,0.4494215048104127,1.063350760657735e-12,0.0,pseudo_6dof_kinematic_bridge,f16_s119.attitude_response_p6dof.v1,-0.7562951013162765,0.0,0.0,0.0893225837337992,reduced_response_law,0.0,0
122.0,2.796056440628128,18587.050650479265,305.7686956360404,152.4,2,3,left-turn,24.53364446197292,18592.122557810366,300.0,152.4,85.25479748407035,0.0,-20.0,11.078288849179446,2.145234829799782,85.129212709519,1.4,7.583196381227375e-13,-0.021130779524516606,483.93720852720253,0.0,-36312.429249631015,13823.334727577552,0.4494215048104127,7.089005071051567e-13,0.0,pseudo_6dof_kinematic_bridge,f16_s119.attitude_response_p6dof.v1,-0.7562951013162765,0.0,0.0,0.0893225837337992,reduced_response_law,0.0,0
123.0,6.695591880547235,18739.40075262348,305.76869563604225,152.4,2,3,left-turn,38.75674589591374,18743.854512193735,300.0,152.4,84.03487699920586,0.0,-20.0,-69.1358024691358,2.1452348297692136,83.91386459610865,-1.4,-5.335228886296072e-13,-0.0212118261369116,483.93720852688966,0.0,-36312.42924962526,13823.334727577552,0.4494215048104127,4.726003380701045e-13,0.0,pseudo_6dof_kinematic_bridge,f16_s119.attitude_response_p6dof.v1,-0.7562951013162765,0.0,0.0,0.0893225837337992,reduced_response_law,0.0,0
124.0,12.774369105601412,18891.679472303702,305.7686956360435,152.4,2,3,left-turn,56.20699995313881,18895.249265169972,300.0,152.4,82.81495651434133,0.0,-20.0,11.078288849179446,2.145234829790721,82.69348460151508,1.4,3.7537088375707503e-13,-0.021299649031128225,483.9372085266841,0.0,-36312.42924962142,13823.33472757755,0.4494215048104127,3.1506689204673633e-13,0.0,pseudo_6dof_kinematic_bridge,f16_s119.attitude_response_p6dof.v1,-0.7562951013162765,0.0,0.0,0.0893225837337992,reduced_response_law,0.0,0
125.0,21.29684404589504,19043.840989846383,305.76869563604436,152.4,2,3,left-turn,76.87649614829624,19046.238187023315,300.0,152.4,81.59503602947684,0.0,-20.0,-69.1358024691358,2.145234829775589,81.47299934578176,-1.4,-2.641011359843247e-13,-0.021301486184591815,483.93720852654405,0.0,-36312.429249618865,13823.33472757755,0.4494215048104127,2.1004459469782419e-13,0.0,pseudo_6dof_kinematic_bridge,f16_s119.attitude_response_p6dof.v1,-0.7562951013162765,0.0,0.0,0.0893225837337992,reduced_response_law,0.0,0
126.0,32.45987164811569,19195.831604078816,305.7686956360449,152.4,2,3,left-turn,100.75586466096087,19196.752832007893,300.0,152.4,80.37511554461237,0.0,-20.0,11.078288849179446,2.145234829786235,80.25306019275519,1.4,1.858120300328361e-13,-0.021291954894304438,483.9372085264549,0.0,-36312.42924961715,13823.334727577547,0.4494215048104127,1.4002972979854946e-13,0.0,pseudo_6dof_kinematic_bridge,f16_s119.attitude_response_p6dof.v1,-0.7562951013162765,0.0,0.0,0.0893225837337992,reduced_response_law,0.0,0
127.0,46.40914841033413,19347.591867909014,305.7686956360453,152.4,2,3,left-turn,127.83428058312778,19346.724969375282,300.0,152.4,79.15519505974784,0.0,-20.0,-69.1358024691358,2.1452348297787447,79.03320015549804,-1.4,-1.307272281910853e-13,-0.02129057406363751,483.93720852639126,0.0,-36312.42924961603,13823.33472757755,0.4494215048104127,9.335315319903297e-14,0.0,pseudo_6dof_kinematic_bridge,f16_s119.attitude_response_p6dof.v1,-0.7562951013162765,0.0,0.0,0.0893225837337992,reduced_response_law,0.0,0
128.0,63.251559361981606,19499.05834338572,305.76869563604555,152.4,2,3,left-turn,158.0994688263183,19496.08661430463,300.0,152.4,77.93527457488335,0.0,-20.0,11.078288849179446,2.1452348297840147,77.81328920754137,1.4,9.197776140084612e-14,-0.021291462622968722,483.9372085263476,0.0,-36312.42924961525,13823.334727577547,0.4494215048104127,6.223543546602198e-14,0.0,pseudo_6dof_kinematic_bridge,f16_s119.attitude_response_p6dof.v1,-0.7562951013162765,0.0,0.0,0.0893225837337992,reduced_response_law,0.0,0
129.0,83.06445751138342,19650.164958286994,305.7686956360457,152.4,2,3,left-turn,191.53770968608003,19644.77005872129,300.0,152.4,76.71535409001886,0.0,-20.0,-69.1358024691358,2.1452348297803074,76.59336318367211,-1.4,-6.470785830922603e-14,-0.021291725747281446,483.9372085263203,0.0,-36312.42924961475,13823.334727577547,0.44942150481041276,4.149029031068132e-14,0.0,pseudo_6dof_kinematic_bridge,f16_s119.attitude_response_p6dof.v1,-0.7562951013162765,0.0,0.0,0.0893225837337992,reduced_response_law,0.0,0
130.0,105.90264173864239,19800.844012376147,305.76869563604583,152.4,2,3,left-turn,228.1338450613532,19792.70790198998,300.0,152.4,75.49543360515433,0.0,-20.0,11.078288849179446,2.1452348297829156,75.37344095532342,1.4,4.552252114037342e-14,-0.021291659502950963,483.9372085263003,0.0,-36312.42924961441,13823.334727577547,0.44942150481041276,2.766019354045421e-14,0.0,pseudo_6dof_kinematic_bridge,f16_s119.attitude_response_p6dof.v1,-0.7562951013162765,0.0,0.0,0.0893225837337992,reduced_response_law,0.0,0
131.0,131.80360566090945,19951.026901108176,305.7686956360459,152.4,2,3,left-turn,267.871285325884,19939.83308146861,300.0,152.4,74.27551312028986,0.0,-20.0,-69.1358024691358,2.1452348297810806,74.15352087065892,-1.4,-3.2023236590156294e-14,-0.02129162208860335,483.93720852629303,0.0,-36312.42924961419,13823.334727577547,0.44942150481041276,1.8440129026969473e-14,0.0,pseudo_6dof_kinematic_bridge,f16_s119.attitude_response_p6dof.v1,-0.7562951013162765,0.0,0.0,0.0893225837337992,reduced_response_law,0.0,0
132.0,160.79148651402667,20100.644623198994,305.76869563604595,152.4,2,3,left-turn,310.73201684857526,20086.07890290887,300.0,152.4,73.05559263542537,0.0,-20.0,11.078288849179446,2.1452348297823716,72.93360062892235,1.4,2.253053493120583e-14,-0.021291624830028822,483.93720852628394,0.0,-36312.42924961404,13823.334727577547,0.44942150481041276,1.2293419351312983e-14,0.0,pseudo_6dof_kinematic_bridge,f16_s119.attitude_response_p6dof.v1,-0.7562951013162765,0.0,0.0,0.0893225837337992,reduced_response_law,0.0,0
133.0,192.88003619548792,20249.628128928118,305.768695636046,152.4,2,3,left-turn,356.6966101593574,20231.379070689818,300.0,152.4,71.83567215056084,0.0,-20.0,-69.1358024691358,2.1452348297814634,71.7136801296069,-1.4,-1.5851757686626333e-14,-0.021291629325627625,483.9372085262785,0.0,-36312.42924961394,13823.334727577547,0.44942150481041276,8.195612900875322e-15,0.0,pseudo_6dof_kinematic_bridge,f16_s119.attitude_response_p6dof.v1,-0.7562951013162765,0.0,0.0,0.0893225837337992,reduced_response_law,0.0,0
134.0,228.074856673747,20397.90855451256,305.768695636046,152.4,2,3,left-turn,405.7442287568876,20375.667717870765,300.0,152.4,70.61575166569635,0.0,-20.0,11.078288849179446,2.1452348297821024,70.49375961594416,1.4,1.1147641290959819e-14,-0.02129162957603548,483.93720852627666,0.0,-36312.42924961387,13823.334727577547,0.44942150481041276,5.46374193391688e-15,0.0,pseudo_6dof_kinematic_bridge,f16_s119.attitude_response_p6dof.v1,-0.7562951013162765,0.0,0.0,0.0893225837337992,reduced_response_law,0.0,0
135.0,266.3750820192166,20545.417377091027,305.768695636046,152.4,2,3,left-turn,457.8526385540728,20518.87943604985,300.0,152.4,69.39583118083182,0.0,-20.0,-69.1358024691358,2.1452348297816526,69.27383912912997,-1.4,-7.848442059855906e-15,-0.021291629107440084,483.937208526273,0.0,-36312.42924961382,13823.334727577547,0.44942150481041276,3.642494622611254e-15,0.0,pseudo_6dof_kinematic_bridge,f16_s119.attitude_response_p6dof.v1,-0.7562951013162765,0.0,0.0,0.0893225837337992,reduced_response_law,0.0,0
136.0,307.77464426309007,20692.086515787672,305.768695636046,152.4,2,3,left-turn,512.9982179571496,20660.94930501472,300.0,152.4,68.17591069596735,0.0,-20.0,11.078288849179446,2.145234829781969,68.05391864722456,1.4,5.520496044772377e-15,-0.02129162902176526,483.9372085262712,0.0,-36312.4292496138,13823.334727577547,0.44942150481041276,2.4283297484075022e-15,0.0,pseudo_6dof_kinematic_bridge,f16_s119.attitude_response_p6dof.v1,-0.7562951013162765,0.0,0.0,0.0893225837337992,reduced_response_law,0.0,0
137.0,352.2632263926071,20837.848397156242,305.768695636046,152.4,2,3,left-turn,571.1559685737346,20801.812922171943,300.0,152.4,66.95599021110286,0.0,-20.0,-69.1358024691358,2.1452348297817463,66.83399816294205,-1.4,-3.8885498619513094e-15,-0.02129162906325403,483.937208526273,0.0,-36312.42924961378,13823.334727577547,0.44942150481041276,1.6188864989383346e-15,0.0,pseudo_6dof_kinematic_bridge,f16_s119.attitude_response_p6dof.v1,-0.7562951013162765,0.0,0.0,0.0893225837337992,reduced_response_law,0.0,0
138.0,399.8269802645562,20982.635997860198,305.768695636046,152.4,2,3,left-turn,632.2995265450047,20941.40643174173,300.0,152.4,65.73606972623837,0.0,-20.0,11.078288849179446,2.145234829781903,65.61407767782063,1.4,2.731148191878007e-15,-0.021291629077895703,483.9372085262712,0.0,-36312.42924961376,13823.334727577547,0.44942150481041276,1.07925766595889e-15,0.0,pseudo_6dof_kinematic_bridge,f16_s119.attitude_response_p6dof.v1,-0.7562951013162765,0.0,0.0,0.0893225837337992,reduced_response_law,0.0,0
139.0,450.4490679878404,21126.38287342463,305.768695636046,152.4,2,3,left-turn,696.4011744968685,21079.666553704836,300.0,152.4,64.51614924137384,0.0,-20.0,-69.1358024691358,2.1452348297817925,64.39415719285972,-1.4,-1.9262652376905905e-15,-0.021291629075094385,483.9372085262694,0.0,-36312.42924961376,13823.334727577547,0.44942150481041276,7.195051106392599e-16,0.0,pseudo_6dof_kinematic_bridge,f16_s119.attitude_response_p6dof.v1,-0.7562951013162765,0.0,0.0,0.0893225837337992,reduced_response_law,0.0,0
140.0,504.1100708363749,21269.023178995285,305.768695636046,152.4,2,3,left-turn,763.4318541046996,21216.53061248839,300.0,152.4,63.29622875650931,0.0,-20.0,11.078288849179446,2.1452348297818706,63.174236708011776,1.4,1.3589773112881005e-15,-0.021291629073121685,483.9372085262694,0.0,-36312.42924961375,13823.334727577547,0.44942150481041276,4.796700737595065e-16,0.0,pseudo_6dof_kinematic_bridge,f16_s119.attitude_response_p6dof.v1,-0.7562951013162765,0.0,0.0,0.0893225837337992,reduced_response_law,0.0,0
141.0,560.7882988373949,21410.491685987705,305.768695636046,152.4,2,3,left-turn,833.361179265956,21351.936565377797,300.0,152.4,62.07630827164483,0.0,-20.0,-69.1358024691358,2.1452348297818156,61.95431622316006,-1.4,-9.573510419539748e-16,-0.02129162907318759,483.9372085262694,0.0,-36312.42924961374,13823.334727577547,0.44942150481041276,3.1978004917300436e-16,0.0,pseudo_6dof_kinematic_bridge,f16_s119.attitude_response_p6dof.v1,-0.7562951013162765,0.0,0.0,0.0893225837337992,reduced_response_law,0.0,0
142.0,620.4600259580568,21550.72379708369,305.768695636046,152.4,2,3,left-turn,906.1574498746915,21485.82303064168,300.0,152.4,60.856387786780346,0.0,-20.0,11.078288849179446,2.145234829781854,60.734395738295326,1.4,6.737653078784148e-16,-0.021291629073415093,483.9372085262694,0.0,-36312.42924961374,13823.334727577547,0.44942150481041276,2.131866994486696e-16,0.0,pseudo_6dof_kinematic_bridge,f16_s119.attitude_response_p6dof.v1,-0.7562951013162765,0.0,0.0,0.0893225837337992,reduced_response_law,0.0,0
143.0,683.099669622148,21689.65556106024,305.768695636046,152.4,2,3,left-turn,981.7876661917362,21618.129315357237,300.0,152.4,59.636467301915815,0.0,-20.0,-69.1358024691358,2.145234829781827,59.51447525342937,-1.4,-4.72956332434615e-16,-0.021291629073436864,483.9372085262694,0.0,-36312.42924961374,13823.334727577547,0.44942150481041276,1.4212446629911304e-16,0.0,pseudo_6dof_kinematic_bridge,f16_s119.attitude_response_p6dof.v1,-0.7562951013162765,0.0,0.0,0.0893225837337992,reduced_response_law,0.0,0
144.0,748.6799286288112,21827.223688286787,305.768695636046,152.4,2,3,left-turn,1060.2175438040142,21748.795442923336,300.0,152.4,58.41654681705133,0.0,-20.0,11.078288849179446,2.145234829781846,58.29455476856474,1.4,3.311637624842108e-16,-0.02129162907341384,483.9372085262694,0.0,-36312.42924961374,13823.334727577547,0.44942150481041276,9.474964419940868e-17,0.0,pseudo_6dof_kinematic_bridge,f16_s119.attitude_response_p6dof.v1,-0.7562951013162765,0.0,0.0,0.0893225837337992,reduced_response_law,0.0,0
145.0,817.1718900392216,21963.365567303328,305.768695636046,152.4,2,3,left-turn,1141.4115291662306,21877.762180248883,300.0,152.4,57.196626332186845,0.0,-20.0,-69.1358024691358,2.145234829781833,57.074634283700405,-1.4,-2.360696739705221e-16,-0.021291629073408654,483.9372085262694,0.0,-36312.429249613735,13823.334727577547,0.44942150481041276,6.316642946627246e-17,0.0,pseudo_6dof_kinematic_bridge,f16_s119.attitude_response_p6dof.v1,-0.7562951013162765,0.0,0.0,0.0893225837337992,reduced_response_law,0.0,0
146.0,888.5451129605426,22098.019282624606,305.768695636046,152.4,2,3,left-turn,1225.332815717874,22004.971064604157,300.0,152.4,55.976705847322314,0.0,-20.0,11.078288849179446,2.145234829781842,55.854713798835874,1.4,1.6555270322447793e-16,-0.021291629073411585,483.9372085262694,0.0,-36312.429249613735,13823.334727577547,0.44942150481041276,4.211095297751498e-17,0.0,pseudo_6dof_kinematic_bridge,f16_s119.attitude_response_p6dof.v1,-0.7562951013162765,0.0,0.0,0.0893225837337992,reduced_response_law,0.0,0
147.0,962.767695174555,22231.12363375365,305.768695636046,152.4,2,3,left-turn,1311.9433605682307,22130.364430122918,300.0,152.4,54.75678536245783,0.0,-20.0,-69.1358024691358,2.1452348297818356,54.634793313971386,-1.4,-1.1803275284114479e-16,-0.021291629073411034,483.9372085262694,0.0,-36312.429249613735,13823.334727577547,0.44942150481041276,2.8073968651676654e-17,0.0,pseudo_6dof_kinematic_bridge,f16_s119.attitude_response_p6dof.v1,-0.7562951013162765,0.0,0.0,0.0893225837337992,reduced_response_law,0.0,0
148.0,1039.8063270692219,22362.618155296557,305.768695636046,152.4,2,3,left-turn,1401.2039017418515,22253.885433943276,300.0,152.4,53.53686487759335,0.0,-20.0,11.078288849179446,2.1452348297818404,53.414872829106905,1.4,8.277620274480208e-17,-0.02129162907341097,483.9372085262694,0.0,-36312.429249613735,13823.334727577547,0.44942150481041276,1.871597910111777e-17,0.0,pseudo_6dof_kinematic_bridge,f16_s119.attitude_response_p6dof.v1,-0.7562951013162765,0.0,0.0,0.0893225837337992,reduced_response_law,0.0,0
149.0,1119.6263362131003,22492.443138024348,305.768695636046,152.4,2,3,left-turn,1493.0739759766443,22375.47808197551,300.0,152.4,52.316944392728814,0.0,-20.0,-69.1358024691358,2.145234829781837,52.194952344242374,-1.4,-5.901636578718404e-17,-0.021291629073411845,483.9372085262694,0.0,-36312.429249613735,13823.334727577547,0.44942150481041276,1.247731940074518e-17,0.0,pseudo_6dof_kinematic_bridge,f16_s119.attitude_response_p6dof.v1,-0.7562951013162765,0.0,0.0,0.0893225837337992,reduced_response_law,0.0,0
150.0,1202.191725072994,22620.53965071074,305.768695636046,152.4,2,3,left-turn,1587.5119370665318,22495.087254285085,300.0,152.4,51.09702390786433,0.0,-20.0,11.078288849179446,2.1452348297818395,50.97503185937789,1.4,4.669847860055743e-17,-0.02129162907341106,483.9372085262694,0.0,-36312.429249613735,13823.334727577547,0.44942150481041276,8.31821293383012e-18,0.0,pseudo_6dof_kinematic_bridge,f16_s119.attitude_response_p6dof.v1,-0.7562951013162765,0.0,0.0,0.0893225837337992,reduced_response_law,0.0,0
151.0,1287.4652037453238,22746.84956257485,305.768695636046,152.4,2,3,left-turn,1684.4749747403614,22612.65873007943,300.0,152.4,49.87710342299985,0.0,-20.0,-69.1358024691358,2.1452348297818378,49.75511137451341,-1.4,-3.519787354043015e-17,-0.021291629073410975,483.9372085262694,0.0,-36312.429249613735,13823.334727577547,0.44942150481041276,5.54547528922008e-18,0.0,pseudo_6dof_kinematic_bridge,f16_s119.attitude_response_p6dof.v1,-0.7562951013162765,0.0,0.0,0.0893225837337992,reduced_response_law,0.0,0
152.0,1375.4082190992444,22871.315566168043,305.768695636046,152.4,2,3,left-turn,1783.9191340684952,22728.139212287108,300.0,152.4,48.65718293813532,0.0,-20.0,11.078288849179446,2.1452348297818387,48.535190889648874,1.4,2.3755645775052855e-17,-0.021291629073411845,483.9372085262694,0.0,-36312.429249613735,13823.334727577547,0.44942150481041276,3.696983526146719e-18,0.0,pseudo_6dof_kinematic_bridge,f16_s119.attitude_response_p6dof.v1,-0.7562951013162765,0.0,0.0,0.0893225837337992,reduced_response_law,0.0,0
153.0,1465.9809813753482,22993.881200559077,305.768695636046,152.4,2,3,left-turn,1885.7993353883014,22841.476351718244,300.0,152.4,47.43726245327083,0.0,-20.0,-69.1358024691358,2.1452348297818378,47.31527040478439,-1.4,-1.2317587816443416e-17,-0.02129162907341106,483.9372085262694,0.0,-36312.429249613735,13823.334727577547,0.44942150481041276,2.464655684097813e-18,0.0,pseudo_6dof_kinematic_bridge,f16_s119.attitude_response_p6dof.v1,-0.7562951013162765,0.0,0.0,0.0893225837337992,reduced_response_law,0.0,0
154.0,1559.1424890183753,23114.4908746888,305.768695636046,152.4,2,3,left-turn,1990.0693947395025,22952.618770795274,300.0,152.4,46.2173419684063,0.0,-20.0,11.078288849179446,2.1452348297818387,46.09534991991986,1.4,1.1500583676542741e-17,-0.021291629073411852,483.9372085262694,0.0,-36312.429249613735,13823.334727577547,0.44942150481041276,1.643103789398542e-18,0.0,pseudo_6dof_kinematic_bridge,f16_s119.attitude_response_p6dof.v1,-0.7562951013162765,0.0,0.0,0.0893225837337992,reduced_response_law,0.0,0
155.0,1654.8505523235217,23233.089890782434,305.768695636046,152.4,2,3,left-turn,2096.682044800116,23061.516086843236,300.0,152.4,44.99742148354182,0.0,-20.0,-69.1358024691358,2.1452348297818378,44.87542943505538,-1.4,-1.1442226237978404e-17,-0.02129162907341106,483.9372085262694,0.0,-36312.429249613735,13823.334727577547,0.44942150481041276,1.0954025262656946e-18,0.0,pseudo_6dof_kinematic_bridge,f16_s119.attitude_response_p6dof.v1,-0.7562951013162765,0.0,0.0,0.0893225837337992,reduced_response_law,0.0,0
156.0,1753.0618163270567,23349.62446772348,305.768695636046,152.4,2,3,left-turn,2205.5889563135074,23168.11893492907,300.0,152.4,43.77750099867731,0.0,-20.0,11.078288849179446,2.1452348297818387,43.65550895019087,1.4,1.1438057849509523e-17,-0.021291629073411415,483.9372085262694,0.0,-36312.429249613735,13823.334727577547,0.44942150481041276,7.302683508437964e-19,0.0,pseudo_6dof_kinematic_bridge,f16_s119.attitude_response_p6dof.v1,-0.7562951013162765,0.0,0.0,0.0893225837337992,reduced_response_law,0.0,0
157.0,1853.7317832605104,23464.041764307593,305.768695636046,152.4,2,3,left-turn,2316.7407599968305,23272.378990239533,300.0,152.4,42.5575805138128,0.0,-20.0,-69.1358024691358,2.1452348297818378,42.43558846532636,-1.4,-1.1437760107476031e-17,-0.021291629073411457,483.9372085262694,0.0,-36312.429249613735,13823.334727577547,0.44942150481041276,4.868455672291975e-19,0.0,pseudo_6dof_kinematic_bridge,f16_s119.attitude_response_p6dof.v1,-0.7562951013162765,0.0,0.0,0.0893225837337992,reduced_response_law,0.0,0
158.0,1956.814834804298,23576.289902307388,305.768695636046,152.4,2,3,left-turn,2430.087068920931,23374.24898998764,300.0,152.4,41.33766002894832,0.0,-20.0,11.078288849179446,2.1452348297818387,41.21566798046188,1.4,1.1437738840187923e-17,-0.02129162907341102,483.9372085262694,0.0,-36312.429249613735,13823.334727577547,0.44942150481041276,3.245637114861317e-19,0.0,pseudo_6dof_kinematic_bridge,f16_s119.attitude_response_p6dof.v1,-0.7562951013162765,0.0,0.0,0.0893225837337992,reduced_response_law,0.0,0
159.0,2062.264254314247,23686.317989289826,305.768695636046,152.4,2,3,left-turn,2545.576501351562,23473.68275483765,300.0,152.4,40.11773954408382,0.0,-20.0,-69.1358024691358,2.1452348297818378,39.99574749559737,-1.4,-1.1437737321095919e-17,-0.021291629073411412,483.9372085262694,0.0,-36312.429249613735,13823.334727577547,0.44942150481041276,2.1637580765742111e-19,0.0,pseudo_6dof_kinematic_bridge,f16_s119.attitude_response_p6dof.v1,-0.7562951013162765,0.0,0.0,0.0893225837337992,reduced_response_law,0.0,0
160.0,2170.032249147829,23794.076141137142,305.768695636046,152.4,2,3,left-turn,2663.15670404157,23570.63520983892,300.0,152.4,38.89781905921931,0.0,-20.0,11.078288849179446,2.1452348297818387,38.77582701073286,1.4,1.1437737212589347e-17,-0.021291629073411453,483.9372085262694,0.0,-36312.429249613735,13823.334727577547,0.44942150481041276,1.4425053843828074e-19,0.0,pseudo_6dof_kinematic_bridge,f16_s119.attitude_response_p6dof.v1,-0.7562951013162765,0.0,0.0,0.0893225837337992,reduced_response_law,0.0,0
161.0,2280.069973181989,23899.515504229785,305.768695636046,152.4,2,3,left-turn,2782.7743759634695,23665.062404859113,300.0,152.4,37.67789857435483,0.0,-20.0,-69.1358024691358,2.1452348297818378,37.55590652586838,-1.4,-1.1437737204838878e-17,-0.02129162907341102,483.9372085262694,0.0,-36312.429249613735,13823.334727577547,0.44942150481041276,9.61670256255205e-20,0.0,pseudo_6dof_kinematic_bridge,f16_s119.attitude_response_p6dof.v1,-0.7562951013162765,0.0,0.0,0.0893225837337992,reduced_response_law,0.0,0
162.0,2392.327549588356,24002.588277256265,305.768695636046,152.4,2,3,left-turn,2904.375292471679,23756.92153450751,300.0,152.4,36.45797808949032,0.0,-20.0,11.078288849179446,2.1452348297818387,36.33598604100387,1.4,1.143773720428527e-17,-0.021291629073411412,483.9372085262694,0.0,-36312.429249613735,13823.334727577547,0.44942150481041276,6.411135041701366e-20,0.0,pseudo_6dof_kinematic_bridge,f16_s119.attitude_response_p6dof.v1,-0.7562951013162765,0.0,0.0,0.0893225837337992,reduced_response_law,0.0,0
163.0,2506.754093912098,24103.247732620013,305.768695636046,152.4,2,3,left-turn,3027.9043298834267,23846.17095753939,300.0,152.4,35.23805760462581,0.0,-20.0,-69.1358024691358,2.1452348297818378,35.11606555613937,-1.4,-1.1437737204245725e-17,-0.021291629073411453,483.9372085262694,0.0,-36312.429249613735,13823.334727577547,0.44942150481041276,4.274090027800911e-20,0.0,pseudo_6dof_kinematic_bridge,f16_s119.attitude_response_p6dof.v1,-0.7562951013162765,0.0,0.0,0.0893225837337992,reduced_response_law,0.0,0
164.0,2623.297737486065,24201.448237417615,305.768695636046,152.4,2,3,left-turn,3153.3054904672335,23932.7702157327,300.0,152.4,34.0181371197613,0.0,-20.0,11.078288849179446,2.1452348297818387,33.89614507127486,1.4,1.1437737204242905e-17,-0.02129162907341146,483.9372085262694,0.0,-36312.429249613735,13823.334727577547,0.44942150481041276,2.849393351867274e-20,0.0,pseudo_6dof_kinematic_bridge,f16_s119.attitude_response_p6dof.v1,-0.7562951013162765,0.0,0.0,0.0893225837337992,reduced_response_law,0.0,0
165.0,2741.9056512009256,24297.14527396634,305.768695636046,152.4,2,3,left-turn,3280.52192782758,24016.680052228414,300.0,152.4,32.79821663489682,0.0,-20.0,-69.1358024691358,2.1452348297818378,32.67622458641038,-1.4,-1.1437737204242699e-17,-0.02129162907341102,483.9372085262694,0.0,-36312.429249613735,13823.334727577547,0.44942150481041276,1.8995955679115155e-20,0.0,pseudo_6dof_kinematic_bridge,f16_s119.attitude_response_p6dof.v1,-0.7562951013162765,0.0,0.0,0.0893225837337992,reduced_response_law,0.0,0
166.0,2862.524069643804,24390.295459861693,305.768695636046,152.4,2,3,left-turn,3409.4959726743273,24097.86242932632,300.0,152.4,31.578296150032312,0.0,-20.0,11.078288849179446,2.1452348297818387,31.456304101545868,1.4,1.1437737204242687e-17,-0.021291629073411412,483.9372085262694,0.0,-36312.429249613735,13823.334727577547,0.44942150481041276,1.266397045274344e-20,0.0,pseudo_6dof_kinematic_bridge,f16_s119.attitude_response_p6dof.v1,-0.7562951013162765,0.0,0.0,0.0893225837337992,reduced_response_law,0.0,0
167.0,2985.0983156117813,24480.85656754806,305.768695636046,152.4,2,3,left-turn,3540.1691589651286,24176.28054572812,300.0,152.4,30.358375665167802,0.0,-20.0,-69.1358024691358,2.1452348297818378,30.236383616681362,-1.4,-1.143773720424269e-17,-0.021291629073411453,483.9372085262694,0.0,-36312.429249613735,13823.334727577547,0.44942150481041276,8.442646968495625e-21,0.0,pseudo_6dof_kinematic_bridge,f16_s119.attitude_response_p6dof.v1,-0.7562951013162765,0.0,0.0,0.0893225837337992,reduced_response_law,0.0,0
168.0,3109.5728250019856,24568.787543387454,305.768695636046,152.4,2,3,left-turn,3672.48225040906,24251.898853220067,300.0,152.4,29.13845518030332,0.0,-20.0,11.078288849179446,2.1452348297818387,29.016463131816877,1.4,1.1437737204242687e-17,-0.02129162907341102,483.9372085262694,0.0,-36312.429249613735,13823.334727577547,0.44942150481041276,5.628431312330417e-21,0.0,pseudo_6dof_kinematic_bridge,f16_s119.attitude_response_p6dof.v1,-0.7562951013162765,0.0,0.0,0.0893225837337992,reduced_response_law,0.0,0
169.0,3235.8911720765327,24654.04852621286,305.768695636046,152.4,2,3,left-turn,3806.375267319387,24324.68307278755,300.0,152.4,27.918534695438815,0.0,-20.0,-69.1358024691358,2.1452348297818378,27.79654264695237,-1.4,-1.143773720424269e-17,-0.021291629073411412,483.9372085262694,0.0,-36312.429249613735,13823.334727577547,0.44942150481041276,3.752287541553612e-21,0.0,pseudo_6dof_kinematic_bridge,f16_s119.attitude_response_p6dof.v1,-0.7562951013162765,0.0,0.0,0.0893225837337992,reduced_response_law,0.0,0
170.0,3363.996095097929,24736.600865354052,305.768695636046,152.4,2,3,left-turn,3941.7875138033396,24394.600210154338,300.0,152.4,26.698614210574306,0.0,-20.0,11.078288849179446,2.1452348297818387,26.57662216208786,1.4,1.1437737204242687e-17,-0.021291629073411453,483.9372085262694,0.0,-36312.429249613735,13823.334727577547,0.44942150481041276,2.5015250277024077e-21,0.0,pseudo_6dof_kinematic_bridge,f16_s119.attitude_response_p6dof.v1,-0.7562951013162765,0.0,0.0,0.0893225837337992,reduced_response_law,0.0,0
171.0,3493.829522328563,24816.40713812473,305.768695636046,152.4,2,3,left-turn,4078.6576052765563,24461.618570739403,300.0,152.4,25.4786937257098,0.0,-20.0,-69.1358024691358,2.1452348297818378,25.356701677223356,-1.4,-1.143773720424269e-17,-0.02129162907341146,483.9372085262694,0.0,-36312.429249613735,13823.334727577547,0.44942150481041276,1.6676833518016049e-21,0.0,pseudo_6dof_kinematic_bridge,f16_s119.attitude_response_p6dof.v1,-0.7562951013162765,0.0,0.0,0.0893225837337992,reduced_response_law,0.0,0
172.0,3625.332598386385,24893.431166760805,305.768695636046,152.4,2,3,left-turn,4216.923496289714,24525.707774024624,300.0,152.4,24.258773240845315,0.0,-20.0,11.078288849179446,2.1452348297818387,24.13678119235887,1.4,1.1437737204242687e-17,-0.02129162907341102,483.9372085262694,0.0,-36312.429249613735,13823.334727577547,0.44942150481041276,1.1117889012010701e-21,0.0,pseudo_6dof_kinematic_bridge,f16_s119.attitude_response_p6dof.v1,-0.7562951013162765,0.0,0.0,0.0893225837337992,reduced_response_law,0.0,0
173.0,3758.4457109477,24967.63803480035,305.768695636046,152.4,2,3,left-turn,4356.52250865475,24586.838767326746,300.0,152.4,23.03885275598081,0.0,-20.0,-69.1358024691358,2.1452348297818378,22.916860707494365,-1.4,-1.143773720424269e-17,-0.021291629073411412,483.9372085262694,0.0,-36312.429249613735,13823.334727577547,0.44942150481041276,7.411926008007133e-22,0.0,pseudo_6dof_kinematic_bridge,f16_s119.attitude_response_p6dof.v1,-0.7562951013162765,0.0,0.0,0.0893225837337992,reduced_response_law,0.0,0
174.0,3893.1085177870978,25038.99410289645,305.768695636046,152.4,2,3,left-turn,4497.391359857898,24644.98383896744,300.0,152.4,21.8189322711163,0.0,-20.0,11.078288849179446,2.1452348297818387,21.696940222629856,1.4,1.1437737204242687e-17,-0.021291629073411453,483.9372085262694,0.0,-36312.429249613735,13823.334727577547,0.44942150481041276,4.941284005338089e-22,0.0,pseudo_6dof_kinematic_bridge,f16_s119.attitude_response_p6dof.v1,-0.7562951013162765,0.0,0.0,0.0893225837337992,reduced_response_law,0.0,0
175.0,4029.2599741438444,25107.467024054647,305.768695636046,152.4,2,3,left-turn,4639.466191746704,24700.11663083548,300.0,152.4,20.59901178625182,0.0,-20.0,-69.1358024691358,2.1452348297818378,20.477019737765374,-1.4,-1.143773720424269e-17,-0.02129162907341102,483.9372085262694,0.0,-36312.429249613735,13823.334727577547,0.44942150481041276,3.2941893368920594e-22,0.0,pseudo_6dof_kinematic_bridge,f16_s119.attitude_response_p6dof.v1,-0.7562951013162765,0.0,0.0,0.0893225837337992,reduced_response_law,0.0,0
176.0,4166.838360403479,25173.025758287353,305.768695636046,152.4,2,3,left-turn,4782.682599477954,24752.212150335272,300.0,152.4,19.37909130138731,0.0,-20.0,11.078288849179446,2.1452348297818387,19.25709925290087,1.4,1.1437737204242687e-17,-0.021291629073411412,483.9372085262694,0.0,-36312.429249613735,13823.334727577547,0.44942150481041276,2.196126224594706e-22,0.0,pseudo_6dof_kinematic_bridge,f16_s119.attitude_response_p6dof.v1,-0.7562951013162765,0.0,0.0,0.0893225837337992,reduced_response_law,0.0,0
177.0,4305.781310082939,25235.640586677848,305.768695636046,152.4,2,3,left-turn,4926.975660713447,24801.24678171644,300.0,152.4,18.159170816522803,0.0,-20.0,-69.1358024691358,2.1452348297818378,18.03717876803636,-1.4,-1.143773720424269e-17,-0.021291629073411453,483.9372085262694,0.0,-36312.429249613735,13823.334727577547,0.44942150481041276,1.464084149729804e-22,0.0,pseudo_6dof_kinematic_bridge,f16_s119.attitude_response_p6dof.v1,-0.7562951013162765,0.0,0.0,0.0893225837337992,reduced_response_law,0.0,0
178.0,4446.025838107154,25295.28312484705,305.768695636046,152.4,2,3,left-turn,5072.279965050357,24847.198296779206,300.0,152.4,16.939250331658293,0.0,-20.0,11.078288849179446,2.1452348297818387,16.817258283171853,1.4,1.1437737204242687e-17,-0.02129162907341146,483.9372085262694,0.0,-36312.429249613735,13823.334727577547,0.44942150481041276,9.760560998198695e-23,0.0,pseudo_6dof_kinematic_bridge,f16_s119.attitude_response_p6dof.v1,-0.7562951013162765,0.0,0.0,0.0893225837337992,reduced_response_law,0.0,0
179.0,4587.508369364763,25351.92633581659,305.768695636046,152.4,2,3,left-turn,5218.529643672829,24890.045864950815,300.0,152.4,15.719329846793812,0.0,-20.0,-69.1358024691358,2.1452348297818378,15.597337798307368,-1.4,-1.143773720424269e-17,-0.02129162907341102,483.9372085262694,0.0,-36312.429249613735,13823.334727577547,0.44942150481041276,6.507040665465796e-23,0.0,pseudo_6dof_kinematic_bridge,f16_s119.attitude_response_p6dof.v1,-0.7562951013162765,0.0,0.0,0.0893225837337992,reduced_response_law,0.0,0
180.0,4730.164767530343,25405.54454226201,305.768695636046,152.4,2,3,left-turn,5365.6583992113965,24929.770062728356,300.0,152.4,14.499409361929304,0.0,-20.0,11.078288849179446,2.1452348297818387,14.37741731344286,1.4,1.1437737204242687e-17,-0.021291629073411412,483.9372085262694,0.0,-36312.429249613735,13823.334727577547,0.44942150481041276,4.33802711031053e-23,0.0,pseudo_6dof_kinematic_bridge,f16_s119.attitude_response_p6dof.v1,-0.7562951013162765,0.0,0.0,0.0893225837337992,reduced_response_law,0.0,0
181.0,4873.93036414036,25456.11343815035,305.768695636046,152.4,2,3,left-turn,5513.599535796661,24966.352882483763,300.0,152.4,13.279488877064797,0.0,-20.0,-69.1358024691358,2.1452348297818378,13.157496828578353,-1.4,-1.143773720424269e-17,-0.021291629073411453,483.9372085262694,0.0,-36312.429249613735,13823.334727577547,0.44942150481041276,2.8920180735403536e-23,0.0,pseudo_6dof_kinematic_bridge,f16_s119.attitude_response_p6dof.v1,-0.7562951013162765,0.0,0.0,0.0893225837337992,reduced_response_law,0.0,0
182.0,5018.739987909822,25503.610099756686,305.768695636046,152.4,2,3,left-turn,5662.2859892936185,24999.77774062698,300.0,152.4,12.059568392200289,0.0,-20.0,11.078288849179446,2.1452348297818387,11.937576343713845,1.4,1.1437737204242687e-17,-0.02129162907341146,483.9372085262694,0.0,-36312.429249613735,13823.334727577547,0.44942150481041276,1.9280120490269024e-23,0.0,pseudo_6dof_kinematic_bridge,f16_s119.attitude_response_p6dof.v1,-0.7562951013162765,0.0,0.0,0.0893225837337992,reduced_response_law,0.0,0
183.0,5164.527994276499,25548.012996054447,305.768695636046,152.4,2,3,left-turn,5811.650357702927,25030.02948512355,300.0,152.4,10.839647907335781,0.0,-20.0,-69.1358024691358,2.1452348297818378,10.717655858849337,-1.4,-1.143773720424269e-17,-0.02129162907341146,483.9372085262694,0.0,-36312.429249613735,13823.334727577547,0.44942150481041276,1.2853413660179346e-23,0.0,pseudo_6dof_kinematic_bridge,f16_s119.attitude_response_p6dof.v1,-0.7562951013162765,0.0,0.0,0.0893225837337992,reduced_response_law,0.0,0
184.0,5311.2282951594125,25589.301998474737,305.768695636046,152.4,2,3,left-turn,5961.624931715334,25057.094402363284,300.0,152.4,9.619727422471298,0.0,-20.0,11.078288849179446,2.1452348297818387,9.497735373984856,1.4,1.1437737204242687e-17,-0.02129162907341102,483.9372085262694,0.0,-36312.429249613735,13823.334727577547,0.44942150481041276,8.568942440119563e-24,0.0,pseudo_6dof_kinematic_bridge,f16_s119.attitude_response_p6dof.v1,-0.7562951013162765,0.0,0.0,0.0893225837337992,reduced_response_law,0.0,0
185.0,5458.774388918177,25627.458390030148,305.768695636046,152.4,2,3,left-turn,6112.1417254054195,25080.96022337688,300.0,152.4,8.39980693760679,0.0,-20.0,-69.1358024691358,2.1452348297818378,8.277814889120348,-1.4,-1.143773720424269e-17,-0.021291629073411412,483.9372085262694,0.0,-36312.429249613735,13823.334727577547,0.44942150481041276,5.712628293413043e-24,0.0,pseudo_6dof_kinematic_bridge,f16_s119.attitude_response_p6dof.v1,-0.7562951013162765,0.0,0.0,0.0893225837337992,reduced_response_law,0.0,0
186.0,5607.099390499668,25662.464873798883,305.768695636046,152.4,2,3,left-turn,6263.132507050717,25101.616129397633,300.0,152.4,7.179886452742308,0.0,-20.0,11.078288849179446,2.1452348297818387,7.057894404255865,1.4,1.1437737204242687e-17,-0.021291629073411013,483.9372085262694,0.0,-36312.429249613735,13823.334727577547,0.44942150481041276,3.808418862275362e-24,0.0,pseudo_6dof_kinematic_bridge,f16_s119.attitude_response_p6dof.v1,-0.7562951013162765,0.0,0.0,0.0893225837337992,reduced_response_law,0.0,0
187.0,5756.136061758394,25694.305580765256,305.768695636046,152.4,2,3,left-turn,6414.528830062283,25119.052756765774,300.0,152.4,5.959965967877776,0.0,-20.0,-69.1358024691358,2.1452348297818378,5.837973919391333,-1.4,-1.143773720424269e-17,-0.02129162907341185,483.9372085262694,0.0,-36312.429249613735,13823.334727577547,0.44942150481041276,2.5389459081835747e-24,0.0,pseudo_6dof_kinematic_bridge,f16_s119.attitude_response_p6dof.v1,-0.7562951013162765,0.0,0.0,0.0893225837337992,reduced_response_law,0.0,0
188.0,5905.8168419368485,25722.96607701304,305.768695636046,152.4,2,3,left-turn,6566.26206401263,25133.262201173144,300.0,152.4,4.740045483013293,0.0,-20.0,11.078288849179446,2.1452348297818387,4.61805343452685,1.4,1.1437737204242687e-17,-0.02129162907341106,483.9372085262694,0.0,-36312.429249613735,13823.334727577547,0.44942150481041276,1.6926306054557166e-24,0.0,pseudo_6dof_kinematic_bridge,f16_s119.attitude_response_p6dof.v1,-0.7562951013162765,0.0,0.0,0.0893225837337992,reduced_response_law,0.0,0
189.0,6056.0738782920525,25748.43337026833,305.768695636046,152.4,2,3,left-turn,6718.263425747045,25144.238021246376,300.0,152.4,3.5201249981487854,0.0,-20.0,-69.1358024691358,2.1452348297818378,3.398132949662342,-1.4,-1.143773720424269e-17,-0.021291629073411415,483.9372085262694,0.0,-36312.429249613735,13823.334727577547,0.44942150481041276,1.1284204036371442e-24,0.0,pseudo_6dof_kinematic_bridge,f16_s119.attitude_response_p6dof.v1,-0.7562951013162765,0.0,0.0,0.0893225837337992,reduced_response_law,0.0,0
190.0,6206.83905685442,25770.695915788947,305.768695636046,152.4,2,3,left-turn,6870.46401056411,25151.975241466844,300.0,152.4,2.300204513284303,0.0,-20.0,11.078288849179446,2.1452348297818387,2.17821246479786,1.4,1.1437737204242687e-17,-0.021291629073411013,483.9372085262694,0.0,-36312.429249613735,13823.334727577547,0.44942150481041276,7.522802690914296e-25,0.0,pseudo_6dof_kinematic_bridge,f16_s119.attitude_response_p6dof.v1,-0.7562951013162765,0.0,0.0,0.0893225837337992,reduced_response_law,0.0,0
191.0,6358.044033305007,25789.74362159771,305.768695636046,152.4,2,3,left-turn,7022.794823451326,25156.470354426183,300.0,152.4,1.0802840284197952,0.0,-20.0,-69.1358024691358,2.1452348297818378,0.9582919799333521,-1.4,-1.143773720424269e-17,-0.021291629073411412,483.9372085262694,0.0,-36312.429249613735,13823.334727577547,0.44942150481041276,5.015201793942864e-25,0.0,pseudo_6dof_kinematic_bridge,f16_s119.attitude_response_p6dof.v1,-0.7562951013162765,0.0,0.0,0.0893225837337992,reduced_response_law,0.0,0
192.0,6509.620263957168,25805.567853057182,305.768695636046,152.4,2,3,left-turn,7175.186810361678,25157.72132241622,300.0,152.4,-0.13963645644471248,0.0,-20.0,11.078288849179446,2.1452348297818387,-0.26162850493115564,1.4,1.1437737204242687e-17,-0.021291629073411453,483.9372085262694,0.0,-36312.429249613735,13823.334727577547,0.44942150481041276,3.3434678626285755e-25,0.0,pseudo_6dof_kinematic_bridge,f16_s119.attitude_response_p6dof.v1,-0.7562951013162765,0.0,0.0,0.0893225837337992,reduced_response_law,0.0,0
193.0,6661.4990368285635,25818.161436783794,305.768695636046,152.4,2,3,left-turn,7327.570889516969,25155.72757835272,300.0,152.4,-1.3595569413092203,0.0,-20.0,-69.1358024691358,2.1452348297818378,-1.4815489897956633,-1.4,-1.143773720424269e-17,-0.02129162907341146,483.9372085262694,0.0,-36312.429249613735,13823.334727577547,0.44942150481041276,2.2289785750857167e-25,0.0,pseudo_6dof_kinematic_bridge,f16_s119.attitude_response_p6dof.v1,-0.7562951013162765,0.0,0.0,0.0893225837337992,reduced_response_law,0.0,0
194.0,6813.611502789455,25827.5186638996,305.768695636046,152.4,2,3,left-turn,7479.877982723717,25150.490026032454,300.0,152.4,-2.5794774261737023,0.0,-20.0,11.078288849179446,2.1452348297818387,-2.7014694746601458,1.4,1.1437737204242687e-17,-0.02129162907341102,483.9372085262694,0.0,-36312.429249613735,13823.334727577547,0.44942150481041276,1.485985716723811e-25,0.0,pseudo_6dof_kinematic_bridge,f16_s119.attitude_response_p6dof.v1,-0.7562951013162765,0.0,0.0,0.0893225837337992,reduced_response_law,0.0,0
195.0,6965.88870677316,25833.635292620147,305.768695636046,152.4,2,3,left-turn,7632.039046687431,25142.011039723482,300.0,152.4,-3.79939791103821,0.0,-20.0,-69.1358024691358,2.1452348297818378,-3.9213899595246535,-1.4,-1.143773720424269e-17,-0.021291629073411412,483.9372085262694,0.0,-36312.429249613735,13823.334727577547,0.44942150481041276,9.906571444825408e-26,0.0,pseudo_6dof_kinematic_bridge,f16_s119.attitude_response_p6dof.v1,-0.7562951013162765,0.0,0.0,0.0893225837337992,reduced_response_law,0.0,0
196.0,7118.261619034527,25836.508550177325,305.768695636046,152.4,2,3,left-turn,7783.985104311056,25130.294463088874,300.0,152.4,-5.019318395902718,0.0,-20.0,11.078288849179446,2.1452348297818387,-5.141310444389161,1.4,1.1437737204242687e-17,-0.021291629073411453,483.9372085262694,0.0,-36312.429249613735,13823.334727577547,0.44942150481041276,6.60438096321694e-26,0.0,pseudo_6dof_kinematic_bridge,f16_s119.attitude_response_p6dof.v1,-0.7562951013162765,0.0,0.0,0.0893225837337992,reduced_response_law,0.0,0
197.0,7270.6611664422535,25836.137134076253,305.768695636046,152.4,2,3,left-turn,7935.647275963432,25115.345607444295,300.0,152.4,-6.239238880767226,0.0,-20.0,-69.1358024691358,2.1452348297818378,-6.361230929253669,-1.4,-1.143773720424269e-17,-0.02129162907341146,483.9372085262694,0.0,-36312.429249613735,13823.334727577547,0.44942150481041276,4.402920642144626e-26,0.0,pseudo_6dof_kinematic_bridge,f16_s119.attitude_response_p6dof.v1,-0.7562951013162765,0.0,0.0,0.0893225837337992,reduced_response_law,0.0,0
198.0,7423.018263790876,25832.52121268572,305.768695636046,152.4,2,3,left-turn,8086.956810703545,25097.171249350326,300.0,152.4,-7.459159365631733,0.0,-20.0,11.078288849179446,2.1452348297818387,-7.581151414118176,1.4,1.1437737204242687e-17,-0.02129162907341146,483.9372085262694,0.0,-36312.429249613735,13823.334727577547,0.44942150481041276,2.9352804280964176e-26,0.0,pseudo_6dof_kinematic_bridge,f16_s119.attitude_response_p6dof.v1,-0.7562951013162765,0.0,0.0,0.0893225837337992,reduced_response_law,0.0,0
199.0,7575.263845118224,25825.66242516183,305.768695636046,152.4,2,3,left-turn,8237.845117446452,25075.779627540505,300.0,152.4,-8.679079850496215,0.0,-20.0,-69.1358024691358,2.1452348297818378,-8.80107189898266,-1.4,-1.143773720424269e-17,-0.02129162907341102,483.9372085262694,0.0,-36312.429249613735,13823.334727577547,0.44942150481041276,1.956853618730945e-26,0.0,pseudo_6dof_kinematic_bridge,f16_s119.attitude_response_p6dof.v1,-0.7562951013162765,0.0,0.0,0.0893225837337992,reduced_response_law,0.0,0
200.0,7727.328895014156,25815.56388070495,305.768695636046,152.4,2,3,left-turn,8388.243796056759,25051.180439186603,300.0,152.4,-9.899000335360723,0.0,-20.0,11.078288849179446,2.1452348297818387,-10.020992383847167,1.4,1.1437737204242687e-17,-0.021291629073411412,483.9372085262694,0.0,-36312.429249613735,13823.334727577547,0.44942150481041276,1.304569079153963e-26,0.0,pseudo_6dof_kinematic_bridge,f16_s119.attitude_response_p6dof.v1,-0.7562951013162765,0.0,0.0,0.0893225837337992,reduced_response_law,0.0,0
201.0,7879.144479906375,25802.23015715024,305.768695636046,152.4,2,3,left-turn,8538.08466835549,25023.384835502722,300.0,152.4,-11.118920820225206,0.0,-20.0,-69.1358024691358,2.1452348297818378,-11.24091286871165,-1.4,-1.143773720424269e-17,-0.021291629073411013,483.9372085262694,0.0,-36312.429249613735,13823.334727577547,0.44942150481041276,8.697127194359755e-27,0.0,pseudo_6dof_kinematic_bridge,f16_s119.attitude_response_p6dof.v1,-0.7562951013162765,0.0,0.0,0.0893225837337992,reduced_response_law,0.0,0
202.0,8030.641779309142,25785.66729889243,305.768695636046,152.4,2,3,left-turn,8687.299809026406,24992.405416690275,300.0,152.4,-12.338841305089739,0.0,-20.0,11.078288849179446,2.1452348297818387,-12.460833353576183,1.4,1.1437737204242687e-17,-0.02129162907341185,483.9372085262694,0.0,-36312.429249613735,13823.334727577547,0.44942150481041276,5.798084796239838e-27,0.0,pseudo_6dof_kinematic_bridge,f16_s119.attitude_response_p6dof.v1,-0.7562951013162765,0.0,0.0,0.0893225837337992,reduced_response_law,0.0,0
203.0,8181.752117020732,25765.882814145807,305.768695636046,152.4,2,3,left-turn,8835.821576407616,24958.256226226105,300.0,152.4,-13.558761789954222,0.0,-20.0,-69.1358024691358,2.1452348297818378,-13.680753838440666,-1.4,-1.143773720424269e-17,-0.02129162907341106,483.9372085262694,0.0,-36312.429249613735,13823.334727577547,0.44942150481041276,3.8653898641598916e-27,0.0,pseudo_6dof_kinematic_bridge,f16_s119.attitude_response_p6dof.v1,-0.7562951013162765,0.0,0.0,0.0893225837337992,reduced_response_law,0.0,0
204.0,8332.406992255475,25742.885671540607,305.768695636046,152.4,2,3,left-turn,8983.582643154692,24920.952744496346,300.0,152.4,-14.77868227481873,0.0,-20.0,11.078288849179446,2.1452348297818387,-14.900674323305173,1.4,1.1437737204242687e-17,-0.021291629073411415,483.9372085262694,0.0,-36312.429249613735,13823.334727577547,0.44942150481041276,2.5769265761065938e-27,0.0,pseudo_6dof_kinematic_bridge,f16_s119.attitude_response_p6dof.v1,-0.7562951013162765,0.0,0.0,0.0893225837337992,reduced_response_law,0.0,0
205.0,8482.538110696287,25716.686296057385,305.768695636046,152.4,2,3,left-turn,9130.51602676123,24880.51188177891,300.0,152.4,-15.998602759683212,0.0,-20.0,-69.1358024691358,2.1452348297818378,-16.120594808169656,-1.4,-1.143773720424269e-17,-0.021291629073411013,483.9372085262694,0.0,-36312.429249613735,13823.334727577547,0.44942150481041276,1.7179510507377297e-27,0.0,pseudo_6dof_kinematic_bridge,f16_s119.attitude_response_p6dof.v1,-0.7562951013162765,0.0,0.0,0.0893225837337992,reduced_response_law,0.0,0
206.0,8632.077415453597,25687.296564301203,305.768695636046,152.4,2,3,left-turn,9276.555119923125,24836.951970577793,300.0,152.4,-17.218523244547743,0.0,-20.0,11.078288849179446,2.1452348297818387,-17.340515293034187,1.4,1.1437737204242687e-17,-0.02129162907341185,483.9372085262694,0.0,-36312.429249613735,13823.334727577547,0.44942150481041276,1.1453007004918197e-27,0.0,pseudo_6dof_kinematic_bridge,f16_s119.attitude_response_p6dof.v1,-0.7562951013162765,0.0,0.0,0.0893225837337992,reduced_response_law,0.0,0
207.0,8780.957117916649,25654.729799117762,305.768695636046,152.4,2,3,left-turn,9421.633720732732,24790.29275731264,300.0,152.4,-18.438443729412228,0.0,-20.0,-69.1358024691358,2.1452348297818378,-18.56043577789867,-1.4,-1.143773720424269e-17,-0.02129162907341106,483.9372085262694,0.0,-36312.429249613735,13823.334727577547,0.44942150481041276,7.635338003278799e-28,0.0,pseudo_6dof_kinematic_bridge,f16_s119.attitude_response_p6dof.v1,-0.7562951013162765,0.0,0.0,0.0893225837337992,reduced_response_law,0.0,0
208.0,8929.109728483185,25619.000763553948,305.768695636046,152.4,2,3,left-turn,9565.686062689301,24740.555393367365,300.0,152.4,-19.658364214276734,0.0,-20.0,11.078288849179446,2.1452348297818387,-19.780356262763178,1.4,1.1437737204242687e-17,-0.021291629073411415,483.9372085262694,0.0,-36312.429249613735,13823.334727577547,0.44942150481041276,5.0902253355192e-28,0.0,pseudo_6dof_kinematic_bridge,f16_s119.attitude_response_p6dof.v1,-0.7562951013162765,0.0,0.0,0.0893225837337992,reduced_response_law,0.0,0
209.0,9076.46808715359,25580.125654165488,305.768695636046,152.4,2,3,left-turn,9708.646844511986,24687.762425501907,300.0,152.4,-20.87828469914122,0.0,-20.0,-69.1358024691358,2.1452348297818378,-21.00027674762766,-1.4,-1.143773720424269e-17,-0.021291629073411013,483.9372085262694,0.0,-36312.429249613735,13823.334727577547,0.44942150481041276,3.3934835570128005e-28,0.0,pseudo_6dof_kinematic_bridge,f16_s119.attitude_response_p6dof.v1,-0.7562951013162765,0.0,0.0,0.0893225837337992,reduced_response_law,0.0,0
210.0,9222.965393975608,25538.122093674796,305.768695636046,152.4,2,3,left-turn,9850.451259741993,24631.937785631388,300.0,152.4,-22.098205184005725,0.0,-20.0,11.078288849179446,2.1452348297818387,-22.22019723249217,1.4,1.1437737204242687e-17,-0.021291629073411412,483.9372085262694,0.0,-36312.429249613735,13823.334727577547,0.44942150481041276,2.2623223713418664e-28,0.0,pseudo_6dof_kinematic_bridge,f16_s119.attitude_response_p6dof.v1,-0.7562951013162765,0.0,0.0,0.0893225837337992,reduced_response_law,0.0,0
211.0,9368.535239325865,25493.009122982297,305.768695636046,152.4,2,3,left-turn,9991.035026120391,24573.106779977395,300.0,152.4,-23.318125668870234,0.0,-20.0,-69.1358024691358,2.1452348297818378,-23.440117717356674,-1.4,-1.143773720424269e-17,-0.021291629073411453,483.9372085262694,0.0,-36312.429249613735,13823.334727577547,0.44942150481041276,1.508214914227911e-28,0.0,pseudo_6dof_kinematic_bridge,f16_s119.attitude_response_p6dof.v1,-0.7562951013162765,0.0,0.0,0.0893225837337992,reduced_response_law,0.0,0
212.0,9513.111634014427,25444.80719253488,305.768695636046,152.4,2,3,left-turn,10130.33441472834,24511.296077596264,300.0,152.4,-24.53804615373474,0.0,-20.0,11.078288849179446,2.1452348297818387,-24.660038202221184,1.4,1.1437737204242687e-17,-0.02129162907341146,483.9372085262694,0.0,-36312.429249613735,13823.334727577547,0.44942150481041276,1.0054766094852741e-28,0.0,pseudo_6dof_kinematic_bridge,f16_s119.attitude_response_p6dof.v1,-0.7562951013162765,0.0,0.0,0.0893225837337992,reduced_response_law,0.0,0
213.0,9656.629039198779,25393.53815305538,305.768695636046,152.4,2,3,left-turn,10268.286278876423,24446.533698289553,300.0,152.4,-25.75796663859925,0.0,-20.0,-69.1358024691358,2.1452348297818378,-25.87995868708569,-1.4,-1.143773720424269e-17,-0.02129162907341146,483.9372085262694,0.0,-36312.429249613735,13823.334727577547,0.44942150481041276,6.703177396568493e-29,0.0,pseudo_6dof_kinematic_bridge,f16_s119.attitude_response_p6dof.v1,-0.7562951013162765,0.0,0.0,0.0893225837337992,reduced_response_law,0.0,0
214.0,9799.022396093656,25339.22524563727,305.768695636046,152.4,2,3,left-turn,10404.828082730079,24378.84899990221,300.0,152.4,-26.97788712346373,0.0,-20.0,11.078288849179446,2.1452348297818387,-27.099879171950175,1.4,1.1437737204242687e-17,-0.02129162907341102,483.9372085262694,0.0,-36312.429249613735,13823.334727577547,0.44942150481041276,4.4687849310456626e-29,0.0,pseudo_6dof_kinematic_bridge,f16_s119.attitude_response_p6dof.v1,-0.7562951013162765,0.0,0.0,0.0893225837337992,reduced_response_law,0.0,0
215.0,9940.227155463255,25281.893091209116,305.768695636046,152.4,2,3,left-turn,10539.897929658136,24308.272665014174,300.0,152.4,-28.197807608328237,0.0,-20.0,-69.1358024691358,2.1452348297818378,-28.31979965681468,-1.4,-1.143773720424269e-17,-0.021291629073411412,483.9372085262694,0.0,-36312.429249613735,13823.334727577547,0.44942150481041276,2.9791899540304416e-29,0.0,pseudo_6dof_kinematic_bridge,f16_s119.attitude_response_p6dof.v1,-0.7562951013162765,0.0,0.0,0.0893225837337992,reduced_response_law,0.0,0
216.0,10080.179306882454,25221.567679373493,305.768695636046,152.4,2,3,left-turn,10673.434590291545,24234.83668703148,300.0,152.4,-29.417728093192746,0.0,-20.0,11.078288849179446,2.1452348297818387,-29.53972014167919,1.4,1.1437737204242687e-17,-0.021291629073411453,483.9372085262694,0.0,-36312.429249613735,13823.334727577547,0.44942150481041276,1.9861266360202946e-29,0.0,pseudo_6dof_kinematic_bridge,f16_s119.attitude_response_p6dof.v1,-0.7562951013162765,0.0,0.0,0.0893225837337992,reduced_response_law,0.0,0
217.0,10218.815407753787,25158.27635662548,305.768695636046,152.4,2,3,left-turn,10805.377530279658,24158.5743556831,300.0,152.4,-30.637648578057252,0.0,-20.0,-69.1358024691358,2.1452348297818378,-30.759640626543696,-1.4,-1.143773720424269e-17,-0.02129162907341146,483.9372085262694,0.0,-36312.429249613735,13823.334727577547,0.44942150481041276,1.3240844240135296e-29,0.0,pseudo_6dof_kinematic_bridge,f16_s119.attitude_response_p6dof.v1,-0.7562951013162765,0.0,0.0,0.0893225837337992,reduced_response_law,0.0,0
218.0,10356.072612067012,25092.04781395604,305.768695636046,152.4,2,3,left-turn,10935.666937731447,24079.520241930186,300.0,152.4,-31.857569062921737,0.0,-20.0,11.078288849179446,2.1452348297818387,-31.97956111140818,1.4,1.1437737204242687e-17,-0.02129162907341102,483.9372085262694,0.0,-36312.429249613735,13823.334727577547,0.44942150481041276,8.82722949342353e-30,0.0,pseudo_6dof_kinematic_bridge,f16_s119.attitude_response_p6dof.v1,-0.7562951013162765,0.0,0.0,0.0893225837337992,reduced_response_law,0.0,0
219.0,10491.888698888228,25022.912073845935,305.768695636046,152.4,2,3,left-turn,11064.243750329204,23997.71018229448,300.0,152.4,-33.07748954778624,0.0,-20.0,-69.1358024691358,2.1452348297818378,-33.19948159627269,-1.4,-1.143773720424269e-17,-0.021291629073411412,483.9372085262694,0.0,-36312.429249613735,13823.334727577547,0.44942150481041276,5.8848196622823534e-30,0.0,pseudo_6dof_kinematic_bridge,f16_s119.attitude_response_p6dof.v1,-0.7562951013162765,0.0,0.0,0.0893225837337992,reduced_response_law,0.0,0
220.0,10626.202100565648,24950.900476656036,305.768695636046,152.4,2,3,left-turn,11191.049682102459,23913.181262613027,300.0,152.4,-34.29741003265075,0.0,-20.0,11.078288849179446,2.1452348297818387,-34.41940208113719,1.4,1.1437737204242687e-17,-0.021291629073411453,483.9372085262694,0.0,-36312.429249613735,13823.334727577547,0.44942150481041276,3.923213108188236e-30,0.0,pseudo_6dof_kinematic_bridge,f16_s119.attitude_response_p6dof.v1,-0.7562951013162765,0.0,0.0,0.0893225837337992,reduced_response_law,0.0,0
221.0,10758.951930639218,24876.04566642023,305.768695636046,152.4,2,3,left-turn,11316.027249849956,23825.97180122657,300.0,152.4,-35.517330517515234,0.0,-20.0,-69.1358024691358,2.1452348297818378,-35.639322566001674,-1.4,-1.143773720424269e-17,-0.02129162907341102,483.9372085262694,0.0,-36312.429249613735,13823.334727577547,0.44942150481041276,2.615475405458824e-30,0.0,pseudo_6dof_kinematic_bridge,f16_s119.attitude_response_p6dof.v1,-0.7562951013162765,0.0,0.0,0.0893225837337992,reduced_response_law,0.0,0
222.0,10890.078011441443,24798.38157604734,305.768695636046,152.4,2,3,left-turn,11439.119799197742,23736.121331609207,300.0,152.4,-36.73725100237974,0.0,-20.0,11.078288849179446,2.1452348297818387,-36.85924305086618,1.4,1.1437737204242687e-17,-0.021291629073411412,483.9372085262694,0.0,-36312.429249613735,13823.334727577547,0.44942150481041276,1.7436502703058825e-30,0.0,pseudo_6dof_kinematic_bridge,f16_s119.attitude_response_p6dof.v1,-0.7562951013162765,0.0,0.0,0.0893225837337992,reduced_response_law,0.0,0
223.0,11019.520901376914,24717.943411938795,305.768695636046,152.4,2,3,left-turn,11560.271530281503,23643.670584447245,300.0,152.4,-37.95717148724425,0.0,-20.0,-69.1358024691358,2.1452348297818378,-38.07916353573069,-1.4,-1.143773720424269e-17,-0.021291629073411453,483.9372085262694,0.0,-36312.429249613735,13823.334727577547,0.44942150481041276,1.162433513537255e-30,0.0,pseudo_6dof_kinematic_bridge,f16_s119.attitude_response_p6dof.v1,-0.7562951013162765,0.0,0.0,0.0893225837337992,reduced_response_law,0.0,0
224.0,11147.22192186815,24634.767638028978,305.768695636046,152.4,2,3,left-turn,11679.427523041566,23548.66146917528,300.0,152.4,-39.177091972108755,0.0,-20.0,11.078288849179446,2.1452348297818387,-39.2990840205952,1.4,1.1437737204242687e-17,-0.02129162907341146,483.9372085262694,0.0,-36312.429249613735,13823.334727577547,0.44942150481041276,7.749556756915033e-31,0.0,pseudo_6dof_kinematic_bridge,f16_s119.attitude_response_p6dof.v1,-0.7562951013162765,0.0,0.0,0.0893225837337992,reduced_response_law,0.0,0
225.0,11273.123183955551,24548.891959255536,305.768695636046,152.4,2,3,left-turn,11796.533762119048,23451.137054977997,300.0,152.4,-40.397012456973236,0.0,-20.0,-69.1358024691358,2.1452348297818378,-40.519004505459684,-1.4,-1.143773720424269e-17,-0.02129162907341102,483.9372085262694,0.0,-36312.429249613735,13823.334727577547,0.44942150481041276,5.166371171276689e-31,0.0,pseudo_6dof_kinematic_bridge,f16_s119.attitude_response_p6dof.v1,-0.7562951013162765,0.0,0.0,0.0893225837337992,reduced_response_law,0.0,0
226.0,11397.16761453942,24460.355304467117,305.768695636046,152.4,2,3,left-turn,11911.53716134193,23351.14155126618,300.0,152.4,-41.616932941837746,0.0,-20.0,11.078288849179446,2.1452348297818387,-41.73892499032419,1.4,1.1437737204242687e-17,-0.021291629073411412,483.9372085262694,0.0,-36312.429249613735,13823.334727577547,0.44942150481041276,3.4442474475177927e-31,0.0,pseudo_6dof_kinematic_bridge,f16_s119.attitude_response_p6dof.v1,-0.7562951013162765,0.0,0.0,0.0893225837337992,reduced_response_law,0.0,0
227.0,11519.298982252123,24369.197808776284,305.768695636046,152.4,2,3,left-turn,12024.385587789844,23248.720287635886,300.0,152.4,-42.836853426702255,0.0,-20.0,-69.1358024691358,2.1452348297818378,-42.958845475188696,-1.4,-1.143773720424269e-17,-0.021291629073411453,483.9372085262694,0.0,-36312.429249613735,13823.334727577547,0.44942150481041276,2.296164965011862e-31,0.0,pseudo_6dof_kinematic_bridge,f16_s119.attitude_response_p6dof.v1,-0.7562951013162765,0.0,0.0,0.0893225837337992,reduced_response_law,0.0,0
228.0,11639.461922948696,24275.460795365612,305.768695636046,152.4,2,3,left-turn,12135.027885426809,23143.919693319778,300.0,152.4,-44.05677391156674,0.0,-20.0,11.078288849179446,2.1452348297818387,-44.178765960053184,1.4,1.1437737204242687e-17,-0.02129162907341102,483.9372085262694,0.0,-36312.429249613735,13823.334727577547,0.44942150481041276,1.5307766433412412e-31,0.0,pseudo_6dof_kinematic_bridge,f16_s119.attitude_response_p6dof.v1,-0.7562951013162765,0.0,0.0,0.0893225837337992,reduced_response_law,0.0,0
229.0,11757.601964804306,24179.18675675522,305.768695636046,152.4,2,3,left-turn,12243.413898291094,23036.787276140007,300.0,152.4,-45.276694396431246,0.0,-20.0,-69.1358024691358,2.1452348297818378,-45.398686444917686,-1.4,-1.143773720424269e-17,-0.021291629073411412,483.9372085262694,0.0,-36312.429249613735,13823.334727577547,0.44942150481041276,1.0205177622274943e-31,0.0,pseudo_6dof_kinematic_bridge,f16_s119.attitude_response_p6dof.v1,-0.7562951013162765,0.0,0.0,0.0893225837337992,reduced_response_law,0.0,0
230.0,11873.665553007224,24080.41933554021,305.768695636046,152.4,2,3,left-turn,12349.494493231716,22927.371600972132,300.0,152.4,-46.49661488129578,0.0,-20.0,11.078288849179446,2.1452348297818387,-46.618606929782224,1.4,1.1437737204242687e-17,-0.021291629073411894,483.9372085262694,0.0,-36312.429249613735,13823.334727577547,0.44942150481041276,6.803451748183295e-32,0.0,pseudo_6dof_kinematic_bridge,f16_s119.attitude_response_p6dof.v1,-0.7562951013162765,0.0,0.0,0.0893225837337992,reduced_response_law,0.0,0
231.0,11987.600074036101,23979.203304606763,305.768695636046,152.4,2,3,left-turn,12453.221582181322,22815.722267729896,300.0,152.4,-47.71653536616026,0.0,-20.0,-69.1358024691358,2.1452348297818378,-47.838527414646705,-1.4,-1.143773720424269e-17,-0.02129162907341107,483.9372085262694,0.0,-36312.429249613735,13823.334727577547,0.44942150481041276,4.535634498788863e-32,0.0,pseudo_6dof_kinematic_bridge,f16_s119.attitude_response_p6dof.v1,-0.7562951013162765,0.0,0.0,0.0893225837337992,reduced_response_law,0.0,0
232.0,12099.353879510532,23875.58454683587,305.768695636046,152.4,2,3,left-turn,12554.548143955293,22701.889888880716,300.0,152.4,-48.93645585102477,0.0,-20.0,11.078288849179446,2.1452348297818387,-49.058447899511215,1.4,1.1437737204242687e-17,-0.021291629073411415,483.9372085262694,0.0,-36312.429249613735,13823.334727577547,0.44942150481041276,3.0237563325259086e-32,0.0,pseudo_6dof_kinematic_bridge,f16_s119.attitude_response_p6dof.v1,-0.7562951013162765,0.0,0.0,0.0893225837337992,reduced_response_law,0.0,0
233.0,12208.876309604111,23769.610034303863,305.768695636046,152.4,2,3,left-turn,12653.428245567196,22585.92606650229,300.0,152.4,-50.15637633588925,0.0,-20.0,-69.1358024691358,2.1452348297818378,-50.278368384375696,-1.4,-1.143773720424269e-17,-0.021291629073411013,483.9372085262694,0.0,-36312.429249613735,13823.334727577547,0.44942150481041276,2.0158375550172723e-32,0.0,pseudo_6dof_kinematic_bridge,f16_s119.attitude_response_p6dof.v1,-0.7562951013162765,0.0,0.0,0.0893225837337992,reduced_response_law,0.0,0
234.0,12316.117716009361,23661.3278069892,305.768695636046,152.4,2,3,left-turn,12749.817063050992,22467.883368890478,300.0,152.4,-51.37629682075376,0.0,-20.0,11.078288849179446,2.1452348297818387,-51.4982888692402,1.4,1.1437737204242687e-17,-0.021291629073411412,483.9372085262694,0.0,-36312.429249613735,13823.334727577547,0.44942150481041276,1.343891703344848e-32,0.0,pseudo_6dof_kinematic_bridge,f16_s119.attitude_response_p6dof.v1,-0.7562951013162765,0.0,0.0,0.0893225837337992,reduced_response_law,0.0,0
235.0,12421.02948444412,23550.786950995178,305.768695636046,152.4,2,3,left-turn,12843.67090178043,22347.81530672928,300.0,152.4,-52.59621730561827,0.0,-20.0,-69.1358024691358,2.1452348297818378,-52.71820935410471,-1.4,-1.143773720424269e-17,-0.021291629073411453,483.9372085262694,0.0,-36312.429249613735,13823.334727577547,0.44942150481041276,8.959278022298988e-33,0.0,pseudo_6dof_kinematic_bridge,f16_s119.attitude_response_p6dof.v1,-0.7562951013162765,0.0,0.0,0.0893225837337992,reduced_response_law,0.0,0
236.0,12523.56405668919,23438.037576298375,305.768695636046,152.4,2,3,left-turn,12934.947216276572,22225.776308833538,300.0,152.4,-53.81613779048275,0.0,-20.0,11.078288849179446,2.1452348297818387,-53.93812983896919,1.4,1.1437737204242687e-17,-0.02129162907341102,483.9372085262694,0.0,-36312.429249613735,13823.334727577547,0.44942150481041276,5.972852014865993e-33,0.0,pseudo_6dof_kinematic_bridge,f16_s119.attitude_response_p6dof.v1,-0.7562951013162765,0.0,0.0,0.0893225837337992,reduced_response_law,0.0,0
237.0,12623.674952147261,23323.130794032997,305.768695636046,152.4,2,3,left-turn,13023.604629494339,22101.82169747546,300.0,152.4,-55.03605827534726,0.0,-20.0,-69.1358024691358,2.1452348297818378,-55.1580503238337,-1.4,-1.143773720424269e-17,-0.021291629073411412,483.9372085262694,0.0,-36312.429249613735,13823.334727577547,0.44942150481041276,3.981901343243995e-33,0.0,pseudo_6dof_kinematic_bridge,f16_s119.attitude_response_p6dof.v1,-0.7562951013162765,0.0,0.0,0.0893225837337992,reduced_response_law,0.0,0
238.0,12721.316788913315,23206.118693321358,305.768695636046,152.4,2,3,left-turn,13109.602951579394,21976.007663306165,300.0,152.4,-56.25597876021176,0.0,-20.0,11.078288849179446,2.1452348297818387,-56.37797080869821,1.4,1.1437737204242687e-17,-0.021291629073411453,483.9372085262694,0.0,-36312.429249613735,13823.334727577547,0.44942150481041276,2.6546008954959965e-33,0.0,pseudo_6dof_kinematic_bridge,f16_s119.attitude_response_p6dof.v1,-0.7562951013162765,0.0,0.0,0.0893225837337992,reduced_response_law,0.0,0
239.0,12816.445304346993,23087.054317661026,305.768695636046,152.4,2,3,left-turn,13192.903198086871,21848.391239883513,300.0,152.4,-57.47589924507627,0.0,-20.0,-69.1358024691358,2.1452348297818378,-57.59789129356272,-1.4,-1.143773720424269e-17,-0.02129162907341146,483.9372085262694,0.0,-36312.429249613735,13823.334727577547,0.44942150481041276,1.7697339303306643e-33,0.0,pseudo_6dof_kinematic_bridge,f16_s119.attitude_response_p6dof.v1,-0.7562951013162765,0.0,0.0,0.0893225837337992,reduced_response_law,0.0,0
240.0,12909.017375137573,22965.991640879354,305.768695636046,152.4,2,3,left-turn,13273.46760765366,21719.030277817856,300.0,152.4,-58.69581972994078,0.0,-20.0,11.078288849179446,2.1452348297818387,-58.81781177842725,1.4,1.1437737204242687e-17,-0.02129162907341146,483.9372085262694,0.0,-36312.429249613735,13823.334727577547,0.44942150481041276,1.1798226202204428e-33,0.0,pseudo_6dof_kinematic_bridge,f16_s119.attitude_response_p6dof.v1,-0.7562951013162765,0.0,0.0,0.0893225837337992,reduced_response_law,0.0,0
241.0,12998.991036852465,22842.98554266624,305.768695636046,152.4,2,3,left-turn,13351.259659116247,21587.983418547446,300.0,152.4,-59.91574021480524,0.0,-20.0,-69.1358024691358,2.1452348297818378,-60.03773226329168,-1.4,-1.143773720424269e-17,-0.021291629073410142,483.9372085262694,0.0,-36312.429249613735,13823.334727577547,0.44942150481041276,7.865484134802952e-34,0.0,pseudo_6dof_kinematic_bridge,f16_s119.attitude_response_p6dof.v1,-0.7562951013162765,0.0,0.0,0.0893225837337992,reduced_response_law,0.0,0
242.0,13086.325502960382,22718.091783696287,305.768695636046,152.4,2,3,left-turn,13426.244088066354,21455.310067755272,300.0,152.4,-61.13566069966977,0.0,-20.0,11.078288849179446,2.1452348297818387,-61.25765274815621,1.4,1.1437737204242687e-17,-0.021291629073411752,483.9372085262694,0.0,-36312.429249613735,13823.334727577547,0.44942150481041276,5.243656089868634e-34,0.0,pseudo_6dof_kinematic_bridge,f16_s119.attitude_response_p6dof.v1,-0.7562951013162765,0.0,0.0,0.0893225837337992,reduced_response_law,0.0,0
243.0,13170.981183320539,22591.366980351562,305.768695636046,152.4,2,3,left-turn,13498.386902836872,21321.070368439523,300.0,152.4,-62.35558118453425,0.0,-20.0,-69.1358024691358,2.1452348297818378,-62.47757323302069,-1.4,-1.143773720424269e-17,-0.02129162907341105,483.9372085262694,0.0,-36312.429249613735,13823.334727577547,0.44942150481041276,3.495770726579089e-34,0.0,pseudo_6dof_kinematic_bridge,f16_s119.attitude_response_p6dof.v1,-0.7562951013162765,0.0,0.0,0.0893225837337992,reduced_response_law,0.0,0
244.0,13252.919702129504,22462.868579056478,305.768695636046,152.4,2,3,left-turn,13567.655399910847,21185.325173649762,300.0,152.4,-63.57550166939876,0.0,-20.0,11.078288849179446,2.1452348297818387,-63.6974937178852,1.4,1.1437737204242687e-17,-0.021291629073411415,483.9372085262694,0.0,-36312.429249613735,13823.334727577547,0.44942150481041276,2.3305138177193925e-34,0.0,pseudo_6dof_kinematic_bridge,f16_s119.attitude_response_p6dof.v1,-0.7562951013162765,0.0,0.0,0.0893225837337992,reduced_response_law,0.0,0
245.0,13332.103915317588,22332.654830236377,305.768695636046,152.4,2,3,left-turn,13634.018178746499,21048.136018901263,300.0,152.4,-64.79542215426326,0.0,-20.0,-69.1358024691358,2.1452348297818378,-64.91741420274971,-1.4,-1.143773720424269e-17,-0.021291629073411457,483.9372085262694,0.0,-36312.429249613735,13823.334727577547,0.44942150481041276,1.5536758784795953e-34,0.0,pseudo_6dof_kinematic_bridge,f16_s119.attitude_response_p6dof.v1,-0.7562951013162765,0.0,0.0,0.0893225837337992,reduced_response_law,0.0,0
246.0,13408.49792738685,22200.784761911676,305.768695636046,152.4,2,3,left-turn,13697.445156011623,20909.565094279948,300.0,152.4,-66.01534263912778,0.0,-20.0,11.078288849179446,2.1452348297818387,-66.13733468761423,1.4,1.1437737204242687e-17,-0.02129162907341146,483.9372085262694,0.0,-36312.429249613735,13823.334727577547,0.44942150481041276,1.0357839189863967e-34,0.0,pseudo_6dof_kinematic_bridge,f16_s119.attitude_response_p6dof.v1,-0.7562951013162765,0.0,0.0,0.0893225837337992,reduced_response_law,0.0,0
247.0,13482.067107683119,22067.318152939486,305.768695636046,152.4,2,3,left-turn,13757.90757922084,20769.675216250598,300.0,152.4,-67.23526312399228,0.0,-20.0,-69.1358024691358,2.1452348297818378,-67.35725517247874,-1.4,-1.143773720424269e-17,-0.02129162907341124,483.9372085262694,0.0,-36312.429249613735,13823.334727577547,0.44942150481041276,6.905226126575978e-35,0.0,pseudo_6dof_kinematic_bridge,f16_s119.attitude_response_p6dof.v1,-0.7562951013162765,0.0,0.0,0.0893225837337992,reduced_response_law,0.0,0
248.0,13552.778106094629,21932.315505914892,305.768695636046,152.4,2,3,left-turn,13815.378039769581,20628.529799181135,300.0,152.4,-68.45518360885679,0.0,-20.0,11.078288849179446,2.1452348297818387,-68.57717565734325,1.4,1.1437737204242687e-17,-0.021291629073411214,483.9372085262694,0.0,-36312.429249613735,13823.334727577547,0.44942150481041276,4.603484084383986e-35,0.0,pseudo_6dof_kinematic_bridge,f16_s119.attitude_response_p6dof.v1,-0.7562951013162765,0.0,0.0,0.0893225837337992,reduced_response_law,0.0,0
249.0,13620.598868170178,21795.838019744126,305.768695636046,152.4,2,3,left-turn,13869.830485358838,20486.19282659584,300.0,152.4,-69.6751040937213,0.0,-20.0,-69.1358024691358,2.1452348297818378,-69.79709614220775,-1.4,-1.143773720424269e-17,-0.02129162907341121,483.9372085262694,0.0,-36312.429249613735,13823.334727577547,0.44942150481041276,3.068989389589324e-35,0.0,pseudo_6dof_kinematic_bridge,f16_s119.attitude_response_p6dof.v1,-0.7562951013162765,0.0,0.0,0.0893225837337992,reduced_response_law,0.0,0
250.0,13685.498649649928,21657.94756190211,305.768695636046,152.4,2,3,left-turn,13921.240231805119,20342.728822170604,300.0,152.4,-70.89502457858578,0.0,-20.0,11.078288849179446,2.1452348297818387,-71.01701662707224,1.4,1.1437737204242687e-17,-0.021291629073410773,483.9372085262694,0.0,-36312.429249613735,13823.334727577547,0.44942150481041276,2.045992926392883e-35,0.0,pseudo_6dof_kinematic_bridge,f16_s119.attitude_response_p6dof.v1,-0.7562951013162765,0.0,0.0,0.0893225837337992,reduced_response_law,0.0,0
251.0,13747.448030402282,21518.706640386918,305.768695636046,152.4,2,3,left-turn,13969.583974230172,20198.202820483235,300.0,152.4,-72.11494506345029,0.0,-20.0,-69.1358024691358,2.1452348297818378,-72.23693711193673,-1.4,-1.143773720424269e-17,-0.021291629073411162,483.9372085262694,0.0,-36312.429249613735,13823.334727577547,0.44942150481041276,1.363995284261922e-35,0.0,pseudo_6dof_kinematic_bridge,f16_s119.attitude_response_p6dof.v1,-0.7562951013162765,0.0,0.0,0.0893225837337992,reduced_response_law,0.0,0
252.0,13806.41892776051,21378.178375383875,305.768695636046,152.4,2,3,left-turn,14014.839797625476,20052.680337532285,300.0,152.4,-73.33486554831477,0.0,-20.0,11.078288849179446,2.1452348297818387,-73.45685759680123,1.4,1.1437737204242687e-17,-0.021291629073410985,483.9372085262694,0.0,-36312.429249613735,13823.334727577547,0.44942150481041276,9.093301895079479e-36,0.0,pseudo_6dof_kinematic_bridge,f16_s119.attitude_response_p6dof.v1,-0.7562951013162765,0.0,0.0,0.0893225837337992,reduced_response_law,0.0,0
253.0,13862.384609253082,21236.42647065215,305.768695636046,152.4,2,3,left-turn,14056.987186786679,19906.22734103753,300.0,152.4,-74.5547860331793,0.0,-20.0,-69.1358024691358,2.1452348297818378,-74.67677808166574,-1.4,-1.143773720424269e-17,-0.021291629073411627,483.9372085262694,0.0,-36312.429249613735,13823.334727577547,0.44942150481041276,6.062201263386318e-36,0.0,pseudo_6dof_kinematic_bridge,f16_s119.attitude_response_p6dof.v1,-0.7562951013162765,0.0,0.0,0.0893225837337992,reduced_response_law,0.0,0
254.0,13915.319704721936,21093.5151846468,305.768695636046,152.4,2,3,left-turn,14096.007035613458,19758.910220535763,300.0,152.4,-75.77470651804381,0.0,-20.0,11.078288849179446,2.1452348297818387,-75.89669856653026,1.4,1.1437737204242687e-17,-0.021291629073411478,483.9372085262694,0.0,-36312.429249613735,13823.334727577547,0.44942150481041276,4.0414675089242123e-36,0.0,pseudo_6dof_kinematic_bridge,f16_s119.attitude_response_p6dof.v1,-0.7562951013162765,0.0,0.0,0.0893225837337992,reduced_response_law,0.0,0
255.0,13965.200217823183,20949.509301389357,305.768695636046,152.4,2,3,left-turn,14131.881655770641,19610.795757285297,300.0,152.4,-76.99462700290829,0.0,-20.0,-69.1358024691358,2.1452348297818378,-77.11661905139475,-1.4,-1.143773720424269e-17,-0.0212916290734108,483.9372085262694,0.0,-36312.429249613735,13823.334727577547,0.44942150481041276,2.694311672616142e-36,0.0,pseudo_6dof_kinematic_bridge,f16_s119.attitude_response_p6dof.v1,-0.7562951013162765,0.0,0.0,0.0893225837337992,reduced_response_law,0.0,0
256.0,14012.003536905038,20804.47410110018,305.768695636046,152.4,2,3,left-turn,14164.594784706616,19461.95109399294,300.0,152.4,-78.2145474877728,0.0,-20.0,11.078288849179446,2.1452348297818387,-78.33653953625925,1.4,1.1437737204242687e-17,-0.021291629073411165,483.9372085262694,0.0,-36312.429249613735,13823.334727577547,0.44942150481041276,1.796207781744095e-36,0.0,pseudo_6dof_kinematic_bridge,f16_s119.attitude_response_p6dof.v1,-0.7562951013162765,0.0,0.0,0.0893225837337992,reduced_response_law,0.0,0
257.0,14055.70844525806,20658.475330605856,305.768695636046,152.4,2,3,left-turn,14194.13159302541,19312.443704377125,300.0,152.4,-79.43446797263728,0.0,-20.0,-69.1358024691358,2.1452348297818378,-79.55646002112374,-1.4,-1.143773720424269e-17,-0.021291629073410985,483.9372085262694,0.0,-36312.429249613735,13823.334727577547,0.44942150481041276,1.197471854496063e-36,0.0,pseudo_6dof_kinematic_bridge,f16_s119.attitude_response_p6dof.v1,-0.7562951013162765,0.0,0.0,0.0893225837337992,reduced_response_law,0.0,0
258.0,14096.295130733026,20511.5791735351,305.768695636046,152.4,2,3,left-turn,14220.478691209091,19162.341362580948,300.0,152.4,-80.6543884575018,0.0,-20.0,11.078288849179446,2.1452348297818387,-80.77638050598823,1.4,1.1437737204242687e-17,-0.021291629073411186,483.9372085262694,0.0,-36312.429249613735,13823.334727577547,0.44942150481041276,7.983145696640422e-37,0.0,pseudo_6dof_kinematic_bridge,f16_s119.attitude_response_p6dof.v1,-0.7562951013162765,0.0,0.0,0.0893225837337992,reduced_response_law,0.0,0
259.0,14133.745194722105,20363.852220316625,305.768695636046,152.4,2,3,left-turn,14243.624135687467,19011.712112449055,300.0,152.4,-81.87430894236633,0.0,-20.0,-69.1358024691358,2.1452348297818378,-81.99630099085277,-1.4,-1.143773720424269e-17,-0.021291629073411866,483.9372085262694,0.0,-36312.429249613735,13823.334727577547,0.44942150481041276,5.322097131093615e-37,0.0,pseudo_6dof_kinematic_bridge,f16_s119.attitude_response_p6dof.v1,-0.7562951013162765,0.0,0.0,0.0893225837337992,reduced_response_law,0.0,0
260.0,14168.041660499248,20215.36143799261,305.768695636046,152.4,2,3,left-turn,14263.55743425229,18860.624236682263,300.0,152.4,-83.09422942723081,0.0,-20.0,11.078288849179446,2.1452348297818387,-83.21622147571726,1.4,1.1437737204242687e-17,-0.021291629073411065,483.9372085262694,0.0,-36312.429249613735,13823.334727577547,0.44942150481041276,3.54806475406241e-37,0.0,pseudo_6dof_kinematic_bridge,f16_s119.attitude_response_p6dof.v1,-0.7562951013162765,0.0,0.0,0.0893225837337992,reduced_response_law,0.0,0
261.0,14199.168980916013,20066.174139861465,305.768695636046,152.4,2,3,left-turn,14280.26955081355,18709.146225883862,300.0,152.4,-84.31414991209532,0.0,-20.0,-69.1358024691358,2.1452348297818378,-84.43614196058176,-1.4,-1.143773720424269e-17,-0.021291629073411193,483.9372085262694,0.0,-36312.429249613735,13823.334727577547,0.44942150481041276,2.3653765027082733e-37,0.0,pseudo_6dof_kinematic_bridge,f16_s119.attitude_response_p6dof.v1,-0.7562951013162765,0.0,0.0,0.0893225837337992,reduced_response_law,0.0,0
262.0,14227.113045449343,19916.35795496358,305.768695636046,152.4,2,3,left-turn,14293.75290949569,18557.34674751175,300.0,152.4,-85.53407039695979,0.0,-20.0,11.078288849179446,2.1452348297818387,-85.65606244544625,1.4,1.1437737204242687e-17,-0.02129162907341099,483.9372085262694,0.0,-36312.429249613735,13823.334727577547,0.44942150481041276,1.5769176684721823e-37,0.0,pseudo_6dof_kinematic_bridge,f16_s119.attitude_response_p6dof.v1,-0.7562951013162765,0.0,0.0,0.0893225837337992,reduced_response_law,0.0,0
263.0,14251.8611865981,19765.980797424007,305.768695636046,152.4,2,3,left-turn,14304.00139807186,18405.294614750317,300.0,152.4,-86.75399088182431,0.0,-20.0,-69.1358024691358,2.1452348297818378,-86.87598293031076,-1.4,-1.143773720424269e-17,-0.021291629073411186,483.9372085262694,0.0,-36312.429249613735,13823.334727577547,0.44942150481041276,1.0512784456481215e-37,0.0,pseudo_6dof_kinematic_bridge,f16_s119.attitude_response_p6dof.v1,-0.7562951013162765,0.0,0.0,0.0893225837337992,reduced_response_law,0.0,0
264.0,14273.402185625442,19615.110835665862,305.768695636046,152.4,2,3,left-turn,14311.010370734695,18253.058755316317,300.0,152.4,-87.97391136668881,0.0,-20.0,11.078288849179446,2.1452348297818387,-88.09590341517527,1.4,1.1437737204242687e-17,-0.02129162907341143,483.9372085262694,0.0,-36312.429249613735,13823.334727577547,0.44942150481041276,7.008522970987478e-38,0.0,pseudo_6dof_kinematic_bridge,f16_s119.attitude_response_p6dof.v1,-0.7562951013162765,0.0,0.0,0.0893225837337992,reduced_response_law,0.0,0
265.0,14291.726277644468,19463.816461508464,305.768695636046,152.4,2,3,left-turn,14314.776650202342,18100.708180212812,300.0,152.4,-89.1938318515533,0.0,-20.0,-69.1358024691358,2.1452348297818378,-89.31582390003975,-1.4,-1.143773720424269e-17,-0.021291629073410798,483.9372085262694,0.0,-36312.429249613735,13823.334727577547,0.44942150481041276,4.672348647324985e-38,0.0,pseudo_6dof_kinematic_bridge,f16_s119.attitude_response_p6dof.v1,-0.7562951013162765,0.0,0.0,0.0893225837337992,reduced_response_law,0.0,0
266.0,14306.825156044797,19312.166259164213,305.768695636046,152.4,3,4,inbound-descent,14315.485158466887,17948.31150320664,297.9650198112852,152.4,-90.0,-2.254574965935033,0.0,11.078288849179446,-1.3056452201187223,-90.12710010202248,1.4,-0.06022921896215099,-0.014159440867672974,483.9372085262694,0.0,-36312.429249613735,13823.334727577547,0.44942150481041276,3.1148990982166567e-38,0.0,pseudo_6dof_kinematic_bridge,f16_s119.attitude_response_p6dof.v1,-0.7562951013162765,0.0,0.0,0.0893225837337992,reduced_response_law,0.0,0
267.0,14318.69197625809,19160.22897414824,305.768695636046,152.4,3,4,inbound-descent,14315.485158466887,17795.911503206644,291.9650198112852,152.4,-90.0,-2.254574965935033,0.0,-69.1358024691358,0.7719254221683504,-90.0917109372823,-1.4,0.03626044815068275,0.0006176574442466037,545.4946750223535,0.0,-16565.853076725813,13823.334727577547,0.44942150481041276,-0.7515249886450109,0.0,pseudo_6dof_kinematic_bridge,f16_s119.attitude_response_p6dof.v1,-0.7562951013162765,0.0,0.0,0.0893225837337992,reduced_response_law,0.0,0
268.0,14327.595270367752,19008.102396221882,303.7697853296807,152.4,3,4,inbound-descent,14315.485158466887,17643.511503206642,285.9650198112852,152.4,-90.0,-2.254574965935033,0.0,11.078288849179446,-0.7253483354259485,-89.99720010437802,1.4,-0.026132356873727967,0.0016495252129816785,586.6508091349078,0.0,-3402.1163405250763,13825.965631317702,0.4494113039754549,-1.252541647741685,0.0,pseudo_6dof_kinematic_bridge,f16_s119.attitude_response_p6dof.v1,-0.7562951013162765,0.0,0.0,0.0893225837337992,reduced_response_law,0.0,0
269.0,14334.273383937698,18855.885232524804,300.43843797997926,152.4,3,4,inbound-descent,14315.485158466887,17491.111503206645,279.9650198112852,152.4,-90.0,-2.254574965935033,0.0,-69.1358024691358,0.3244694828809205,-89.98946422973135,-1.4,0.018322777475558466,0.00013501648310603603,614.2201470345844,0.0,5377.514888813875,13830.350247362854,0.4493943049938559,-1.5865527538061344,0.0,pseudo_6dof_kinematic_bridge,f16_s119.attitude_response_p6dof.v1,-0.7562951013162765,0.0,0.0,0.0893225837337992,reduced_response_law,0.0,0
270.0,14339.281947677735,18703.626012509718,296.21893449508065,152.4,3,4,inbound-descent,14315.485158466887,17338.711503206643,273.9650198112852,152.4,-90.0,-2.254574965935033,0.0,11.078288849179446,-0.41451181898913436,-89.9990103871347,1.4,-0.012897656828306587,-0.0001666118776021094,632.7363496534272,0.0,11235.831587640892,13835.903826963042,0.44937277675582293,-1.809226824515767,0.0,pseudo_6dof_kinematic_bridge,f16_s119.attitude_response_p6dof.v1,-0.7562951013162765,0.0,0.0,0.0893225837337992,reduced_response_law,0.0,0
271.0,14343.038233927227,18551.34830732984,291.4074047214594,152.4,3,4,inbound-descent,14315.485158466887,17186.31150320664,267.9650198112852,152.4,-90.0,-2.254574965935033,0.0,-69.1358024691358,0.10537207426067519,-90.00104846671316,-1.4,0.0090736856652959,-3.557119906150353e-05,645.2182633600823,0.0,15146.866142910987,13842.236613200123,0.4493482317283198,-1.9576762049888556,0.0,pseudo_6dof_kinematic_bridge,f16_s119.attitude_response_p6dof.v1,-0.7562951013162765,0.0,0.0,0.0893225837337992,reduced_response_law,0.0,0
272.0,14345.855333535354,18399.063312334987,286.20123057764613,152.4,3,4,inbound-descent,14315.485158466887,17033.911503206644,261.9650198112852,152.4,-90.0,-2.254574965935033,0.0,11.078288849179446,-0.26040362793145905,-90.00023939731999,1.4,-0.006383990327046982,1.4120924787810756e-05,653.6772320630516,0.0,17759.58106089273,13849.088818115602,0.44932167803372125,-2.056642458637581,0.0,pseudo_6dof_kinematic_bridge,f16_s119.attitude_response_p6dof.v1,-0.7562951013162765,0.0,0.0,0.0893225837337992,reduced_response_law,0.0,0
273.0,14347.968083053947,18246.776137623987,280.7319794394128,152.4,3,4,inbound-descent,14315.485158466887,16881.511503206642,255.96501981128517,152.4,-90.0,-2.254574965935033,0.0,-69.1358024691358,-0.0030571617877386084,-89.99991305892323,-1.4,0.004491543152580036,5.695679499048878e-06,659.453860323063,0.0,19506.52612882123,13856.287276810639,0.449293787604632,-2.122619961070065,0.0,pseudo_6dof_kinematic_bridge,f16_s119.attitude_response_p6dof.v1,-0.7562951013162765,0.0,0.0,0.0893225837337992,reduced_response_law,0.0,0
274.0,14349.552600852692,18094.48895007424,275.0873526551275,152.4,3,4,inbound-descent,14315.485158466887,16729.111503206645,249.96501981128517,152.4,-90.0,-2.254574965935033,0.0,11.078288849179446,-0.1841170742145187,-89.99996266683151,1.4,-0.003160091615219909,-8.658213346667851e-07,663.4419221881562,0.0,20676.082032030976,13863.716559490953,0.44926500829343713,-2.166604962691721,0.0,pseudo_6dof_kinematic_bridge,f16_s119.attitude_response_p6dof.v1,-0.7562951013162765,0.0,0.0,0.0893225837337992,reduced_response_law,0.0,0
275.0,14350.740964418403,17942.202534226057,269.325812917356,152.4,3,4,inbound-descent,14315.485158466887,16576.711503206643,243.96501981128517,152.4,-90.0,-2.254574965935033,0.0,-69.1358024691358,-0.05672972629425268,-90.00000505108649,-1.4,0.002223328646592193,-7.397448005087909e-07,666.2373951575864,0.0,21460.545512538003,13871.299719374072,0.4492356386003881,-2.1959282971061587,0.0,pseudo_6dof_kinematic_bridge,f16_s119.attitude_response_p6dof.v1,-0.7562951013162765,0.0,0.0,0.0893225837337992,reduced_response_law,0.0,0
276.0,14351.632223676172,17789.91705845009,263.4863330927241,152.4,3,4,inbound-descent,14315.485158466887,16424.31150320664,237.96501981128517,152.4,-90.0,-2.254574965935033,0.0,11.078288849179446,-0.14635496011346857,-90.00000477172075,1.4,-0.0015642554230150896,4.875851954600638e-09,668.2377287425334,0.0,21988.157924556348,13878.985461581853,0.4492058774810035,-2.215477186715784,0.0,pseudo_6dof_kinematic_bridge,f16_s119.attitude_response_p6dof.v1,-0.7562951013162765,0.0,0.0,0.0893225837337992,reduced_response_law,0.0,0
277.0,14352.300661004758,17637.63244288553,257.5948940586594,152.4,3,4,inbound-descent,14315.485158466887,16271.911503206644,231.96501981128517,152.4,-90.0,-2.254574965935033,0.0,-69.1358024691358,-0.08329781490147264,-90.00000002786949,-1.4,0.0011005548008575067,8.279582376468697e-08,669.7079970515788,0.0,22344.449139484703,13886.739590889356,0.44917585754288974,-2.2285097797888667,0.0,pseudo_6dof_kinematic_bridge,f16_s119.attitude_response_p6dof.v1,-0.7562951013162765,0.0,0.0,0.0893225837337992,reduced_response_law,0.0,0
278.0,14352.801985280965,17485.348529513136,251.66881593228607,152.4,3,4,inbound-descent,14315.485158466887,16119.511503206642,225.96501981128517,152.4,-90.0,-2.254574965935033,0.0,11.078288849179446,-0.12766259249578155,-89.99999947324949,1.4,-0.0007743114409356998,9.679945321273817e-09,670.8249970141296,0.0,22586.465769436803,13894.539311095663,0.4491456671715991,-2.2371981751709225,0.0,pseudo_6dof_kinematic_bridge,f16_s119.attitude_response_p6dof.v1,-0.7562951013162765,0.0,0.0,0.0893225837337992,reduced_response_law,0.0,0
279.0,14353.177976562169,17333.065155506894,245.71964524793424,152.4,3,4,inbound-descent,14315.485158466887,15967.111503206643,219.96501981128517,152.4,-90.0,-2.254574965935033,0.0,-69.1358024691358,-0.096449103775902,-89.99999993187245,-1.4,0.0005447781491960083,-8.004480964809683e-09,671.7066511431931,0.0,22752.257994766507,13902.369425010458,0.4491153652777454,-2.2429904387589596,0.0,pseudo_6dof_kinematic_bridge,f16_s119.attitude_response_p6dof.v1,-0.7562951013162765,0.0,0.0,0.0893225837337992,reduced_response_law,0.0,0
280.0,14353.45996903328,17180.782180631537,239.75507960089806,152.4,3,4,inbound-descent,14315.485158466887,15814.711503206643,213.96501981128517,152.4,-90.0,-2.254574965935033,0.0,11.078288849179446,-0.11840981069052503,-90.00000005011702,1.4,-0.00038328664172565714,-2.0637571142100313e-09,672.431614799525,0.0,22867.205920339115,13910.2198012976,0.4490849911261879,-2.2468519478176505,0.0,pseudo_6dof_kinematic_bridge,f16_s119.attitude_response_p6dof.v1,-0.7562951013162765,0.0,0.0,0.0893225837337992,reduced_response_law,0.0,0
281.0,14353.671462880722,17028.499493862128,233.78025067926146,152.4,3,4,inbound-descent,14315.485158466887,15662.311503206643,207.96501981128517,152.4,-90.0,-2.254574965935033,0.0,-69.1358024691358,-0.10295903386397487,-90.00000001375702,-1.4,0.0002696669276141413,6.346019952743702e-10,673.0523525561384,0.0,22948.23875287289,13918.083685788411,0.4490545708873787,-2.2494262871901114,0.0,pseudo_6dof_kinematic_bridge,f16_s119.attitude_response_p6dof.v1,-0.7562951013162765,0.0,0.0,0.0893225837337992,reduced_response_law,0.0,0
282.0,14353.830083008828,16876.217011446617,227.79857958963225,152.4,3,4,inbound-descent,14315.485158466887,15509.911503206644,201.96501981128517,152.4,-90.0,-2.254574965935033,0.0,11.078288849179446,-0.11382965407998324,-89.99999999612983,1.4,-0.00018972811450320342,3.076523392284347e-10,673.603859562485,0.0,23006.648836124084,13925.9565757285,0.44902412200398734,-2.2511425134384186,0.0,pseudo_6dof_kinematic_bridge,f16_s119.attitude_response_p6dof.v1,-0.7562951013162765,0.0,0.0,0.0893225837337992,reduced_response_law,0.0,0
283.0,14353.949047974293,16723.93467213094,221.8123470613825,152.4,3,4,inbound-descent,14315.485158466887,15357.511503206642,195.96501981128517,152.4,-90.0,-2.254574965935033,0.0,-69.1358024691358,-0.10618147009497972,-89.99999999799364,-1.4,0.00013348599233661232,-3.252957123755085e-11,674.1094785573787,0.0,23049.968587553976,13933.835469292599,0.4489936561013679,-2.2522866642706236,0.0,pseudo_6dof_kinematic_bridge,f16_s119.attitude_response_p6dof.v1,-0.7562951013162765,0.0,0.0,0.0893225837337992,reduced_response_law,0.0,0
284.0,14354.038271632304,16571.652432055915,215.82307357703598,152.4,3,4,inbound-descent,14315.485158466887,15205.111503206643,189.96501981128517,152.4,-90.0,-2.254574965935033,0.0,11.078288849179446,-0.11156246189729876,-90.00000000018233,1.4,-9.391602397329125e-05,-3.8199625860668184e-11,674.584779833318,0.0,23083.222433661096,13941.718365268787,0.44896318092746446,-2.253049431492093,0.0,pseudo_6dof_kinematic_bridge,f16_s119.attitude_response_p6dof.v1,-0.7562951013162765,0.0,0.0,0.0893225837337992,reduced_response_law,0.0,0
285.0,14354.105189342445,16419.370260292773,209.83177278995177,152.4,3,4,inbound-descent,14315.485158466887,15052.711503206643,183.96501981128517,152.4,-90.0,-2.254574965935033,0.0,-69.1358024691358,-0.10777658634391254,-90.00000000024544,-1.4,6.607599347735186e-05,-1.1015670875501673e-12,675.0401492314668,0.0,23109.761878755766,13949.603929517954,0.4489327016458128,-2.2535579429730728,0.0,pseudo_6dof_kinematic_bridge,f16_s119.attitude_response_p6dof.v1,-0.7562951013162765,0.0,0.0,0.0893225837337992,reduced_response_law,0.0,0
286.0,14354.15537760823,16267.088135277098,203.83912046829897,152.4,3,4,inbound-descent,14315.485158466887,14900.311503206643,177.96501981128517,152.4,-90.0,-2.254574965935033,0.0,11.078288849179446,-0.11044019450989234,-90.00000000001003,1.4,-4.6488732479355144e-05,4.108403181100554e-12,675.4825143946509,0.0,23131.822521284725,13957.49127261499,0.4489022216973623,-2.25389695062706,0.0,pseudo_6dof_kinematic_bridge,f16_s119.attitude_response_p6dof.v1,-0.7562951013162765,0.0,0.0,0.0893225837337992,reduced_response_law,0.0,0
287.0,14354.1930187991,16114.806042103119,197.84556712386268,152.4,3,4,inbound-descent,14315.485158466887,14747.911503206644,171.96501981128517,152.4,-90.0,-2.254574965935033,0.0,-69.1358024691358,-0.10856617399288712,-89.99999999997397,-1.4,3.2707828271667436e-05,6.29519556700901e-13,675.9164962274572,0.0,23150.895603695393,13965.379801610272,0.4488717433749084,-2.2541229557297173,0.0,pseudo_6dof_kinematic_bridge,f16_s119.attitude_response_p6dof.v1,-0.7562951013162765,0.0,0.0,0.0893225837337992,reduced_response_law,0.0,0
288.0,14354.221249687997,15962.523970536806,191.8514130976873,152.4,3,4,inbound-descent,14315.485158466887,14595.511503206642,165.96501981128517,152.4,-90.0,-2.254574965935033,0.0,11.078288849179446,-0.10988466856089904,-89.99999999999568,1.4,-2.3012071381468108e-05,-3.7874796202248173e-13,676.3451769572057,0.0,23167.975850825707,13973.269121204223,0.4488412682059663,-2.254273625798156,0.0,pseudo_6dof_kinematic_bridge,f16_s119.attitude_response_p6dof.v1,-0.7562951013162765,0.0,0.0,0.0893225837337992,reduced_response_law,0.0,0
289.0,14354.24242285253,15810.24191358893,185.856858617071,152.4,3,4,inbound-descent,14315.485158466887,14443.111503206643,159.96501981128517,152.4,-90.0,-2.254574965935033,0.0,-69.1358024691358,-0.10895702240649352,-90.00000000000236,-1.4,1.6190479687839877e-05,-1.166462334834961e-13,676.770612456974,0.0,23183.72678843146,13981.158967863888,0.44881079720796907,-2.2543740725104486,0.0,pseudo_6dof_kinematic_bridge,f16_s119.attitude_response_p6dof.v1,-0.7562951013162765,0.0,0.0,0.0893225837337992,reduced_response_law,0.0,0
290.0,14354.258302724857,15657.959866506519,179.86203716685046,152.4,3,4,inbound-descent,14315.485158466887,14290.711503206643,153.96501981128517,152.4,-90.0,-2.254574965935033,0.0,11.078288849179446,-0.10960968143798341,-90.00000000000078,1.4,-1.1391048992375894e-05,2.7610420389370354e-14,677.1941739834365,0.0,23198.591017767056,13989.049165900664,0.4487803310583651,-2.2544410369853094,0.0,pseudo_6dof_kinematic_bridge,f16_s119.attitude_response_p6dof.v1,-0.7562951013162765,0.0,0.0,0.0893225837337992,reduced_response_law,0.0,0
291.0,14354.270212628564,15505.677826068426,173.867037736904,152.4,3,4,inbound-descent,14315.485158466887,14138.311503206643,147.96501981128517,152.4,-90.0,-2.254574965935033,0.0,-69.1358024691358,-0.10915049362228198,-89.99999999999983,-1.4,8.0143392690311e-06,1.6445326611586244e-14,677.6167761285542,0.0,23212.863773580215,13996.939598188832,0.4487498702079928,-2.254485679968551,0.0,pseudo_6dof_kinematic_bridge,f16_s119.attitude_response_p6dof.v1,-0.7562951013162765,0.0,0.0,0.0893225837337992,reduced_response_law,0.0,0
292.0,14354.279145056074,15353.395790097726,167.87191965381146,152.4,3,4,inbound-descent,14315.485158466887,13985.911503206644,141.96501981128517,152.4,-90.0,-2.254574965935033,0.0,11.078288849179446,-0.10947356193194334,-89.9999999999999,1.4,-5.638605712443441e-06,-1.0236845631821774e-15,678.0390288718263,0.0,23226.741990566985,14004.830186644595,0.4487194149566483,-2.254515441957378,0.0,pseudo_6dof_kinematic_bridge,f16_s119.attitude_response_p6dof.v1,-0.7562951013162765,0.0,0.0,0.0893225837337992,reduced_response_law,0.0,0
293.0,14354.28584437657,15201.113757126564,161.87672246862357,152.4,3,4,inbound-descent,14315.485158466887,13833.511503206642,135.96501981128517,152.4,-90.0,-2.254574965935033,0.0,-69.1358024691358,-0.10924626249337262,-90.0,-1.4,3.967123590993611e-06,-1.8681692372920944e-15,678.4613390048671,0.0,23240.357032894106,14012.720879212082,0.4486889655034539,-2.2545352832832632,0.0,pseudo_6dof_kinematic_bridge,f16_s119.attitude_response_p6dof.v1,-0.7562951013162765,0.0,0.0,0.0893225837337992,reduced_response_law,0.0,0
294.0,14354.290868866876,15048.831726167058,155.88147254870634,152.4,3,4,inbound-descent,14315.485158466887,13681.111503206645,129.96501981128517,152.4,-90.0,-2.254574965935033,0.0,11.078288849179446,-0.10940618234075325,-90.00000000000001,1.4,-2.791127876078953e-06,-2.075743596991215e-16,678.8839777854064,0.0,23253.79652625899,14020.61164118738,0.4486585219804297,-2.2545485108338528,0.0,pseudo_6dof_kinematic_bridge,f16_s119.attitude_response_p6dof.v1,-0.7562951013162765,0.0,0.0,0.0893225837337992,reduced_response_law,0.0,0
295.0,14354.29463723457,14896.54969655538,149.88618747230328,152.4,3,4,inbound-descent,14315.485158466887,13528.711503206643,123.96501981128517,152.4,-90.0,-2.254574965935033,0.0,-69.1358024691358,-0.10929366839110577,-90.0,-1.4,1.9637388757714886e-06,1.9623949576185692e-16,679.3071260650413,0.0,23267.118920853976,14028.502449434556,0.4486280844748712,-2.254557329200913,0.0,pseudo_6dof_kinematic_bridge,f16_s119.attitude_response_p6dof.v1,-0.7562951013162765,0.0,0.0,0.0893225837337992,reduced_response_law,0.0,0
296.0,14354.297463510324,14744.267667846036,143.89087895824318,152.4,3,4,inbound-descent,14315.485158466887,13376.311503206643,117.96501981128517,152.4,-90.0,-2.254574965935033,0.0,11.078288849179446,-0.10937282922744113,-90.0,1.4,-1.3816172326844957e-06,2.1804388417984102e-17,679.7309043911791,0.0,23280.363205515594,14036.39328852965,0.44859765304426297,-2.254563208112286,0.0,pseudo_6dof_kinematic_bridge,f16_s119.attitude_response_p6dof.v1,-0.7562951013162765,0.0,0.0,0.0893225837337992,reduced_response_law,0.0,0
297.0,14354.299583217131,14591.985639740375,137.89555481907846,152.4,3,4,inbound-descent,14315.485158466887,13223.911503206644,111.96501981128517,152.4,-90.0,-2.254574965935033,0.0,-69.1358024691358,-0.1093171344622236,-90.0,-1.4,9.720570291711407e-07,2.422709824220454e-18,680.1553930861155,0.0,23293.55538749669,14044.28414819002,0.4485672277262207,-2.2545671273865353,0.0,pseudo_6dof_kinematic_bridge,f16_s119.attitude_response_p6dof.v1,-0.7562951013162765,0.0,0.0,0.0893225837337992,reduced_response_law,0.0,0
298.0,14354.301172997231,14439.703612038365,131.90022026317737,152.4,3,4,inbound-descent,14315.485158466887,13071.511503206642,105.96501981128517,152.4,-90.0,-2.254574965935033,0.0,11.078288849179446,-0.1093563193295928,-90.0,1.4,-6.839049525500142e-07,2.6918998046893947e-19,680.5806456406008,0.0,23306.712814762795,14052.175021560575,0.44853680854511685,-2.2545697402360343,0.0,pseudo_6dof_kinematic_bridge,f16_s119.attitude_response_p6dof.v1,-0.7562951013162765,0.0,0.0,0.0893225837337992,reduced_response_law,0.0,0
299.0,14354.302365332305,14287.42158460613,125.90487876278539,152.4,3,4,inbound-descent,14315.485158466887,12919.111503206645,99.96501981128517,152.4,-90.0,-2.254574965935033,0.0,-69.1358024691358,-0.10932875024253867,-90.0,-1.4,4.81171340863715e-07,2.990999782988213e-20,681.0066976477447,0.0,23319.84705915573,14060.065904071254,0.44850639551649724,-2.2545714821357006,0.0,pseudo_6dof_kinematic_bridge,f16_s119.attitude_response_p6dof.v1,-0.7562951013162765,0.0,0.0,0.0893225837337992,reduced_response_law,0.0,0
300.0,14354.30325958361,14135.139557354123,119.9095326327328,152.4,3,4,inbound-descent,14315.485158466887,12766.711503206643,93.96501981128517,152.4,-90.0,-2.254574965935033,0.0,11.078288849179446,-0.10934814687731192,-90.0,1.4,-3.3853514060004387e-07,3.3233330922091263e-21,681.4335727623475,0.0,23332.96583959106,14067.95679267535,0.44847598865002514,-2.2545726434021445,0.0,pseudo_6dof_kinematic_bridge,f16_s119.attitude_response_p6dof.v1,-0.7562951013162765,0.0,0.0,0.0893225837337992,reduced_response_law,0.0,0
301.0,14354.303930272088,13982.85753022248,113.91418341623984,152.4,3,4,inbound-descent,14315.485158466887,12614.311503206643,87.96501981128517,152.4,-90.0,-2.254574965935033,0.0,-69.1358024691358,-0.10933450009097517,-90.0,-1.4,2.381813538924747e-07,3.6925923246768066e-22,681.8612866759613,0.0,23346.07430491541,14075.847685341725,0.4484455879514424,-2.254573417579774,0.0,pseudo_6dof_kinematic_bridge,f16_s119.attitude_response_p6dof.v1,-0.7562951013162765,0.0,0.0,0.0893225837337992,reduced_response_law,0.0,0
302.0,14354.304433288446,13830.5755031712,107.91883214211994,152.4,3,4,inbound-descent,14315.485158466887,12461.911503206644,81.96501981128517,152.4,-90.0,-2.254574965935033,0.0,11.078288849179446,-0.10934410148727396,-90.0,1.4,-1.6757597820260524e-07,4.102880360752006e-23,682.2898497683946,0.0,23359.17588962851,14083.738580716288,0.4484151934238788,-2.2545739336981936,0.0,pseudo_6dof_kinematic_bridge,f16_s119.attitude_response_p6dof.v1,-0.7562951013162765,0.0,0.0,0.0893225837337992,reduced_response_law,0.0,0
303.0,14354.304810550713,13678.293476173561,101.92347949624875,152.4,3,4,inbound-descent,14315.485158466887,12309.511503206642,75.96501981128517,152.4,-90.0,-2.254574965935033,0.0,-69.1358024691358,-0.10933734628435574,-90.0,-1.4,1.1790053256319384e-07,4.5587559563911175e-24,682.7192688764062,0.0,23372.27288468699,14091.629477896297,0.4483848050687218,-2.25457427777714,0.0,pseudo_6dof_kinematic_bridge,f16_s119.attitude_response_p6dof.v1,-0.7562951013162765,0.0,0.0,0.0893225837337992,reduced_response_law,0.0,0
304.0,14354.305093497414,13526.011449211723,95.92812593587671,152.4,3,4,inbound-descent,14315.485158466887,12157.111503206645,69.96501981128517,152.4,-90.0,-2.254574965935033,0.0,11.078288849179446,-0.10934209900625641,-90.0,1.4,-8.295064559849394e-08,5.06528439599013e-25,683.1495484733896,0.0,23385.366818255487,14099.52037627995,0.4483544228861991,-2.254574507163104,0.0,pseudo_6dof_kinematic_bridge,f16_s119.attitude_response_p6dof.v1,-0.7562951013162765,0.0,0.0,0.0893225837337992,reduced_response_law,0.0,0
305.0,14354.30530570744,13373.729422273773,89.93277176583743,152.4,3,4,inbound-descent,14315.485158466887,12004.711503206643,63.965019811285174,152.4,-90.0,-2.254574965935033,0.0,-69.1358024691358,-0.1093387551591894,-90.0,-1.4,5.836114100255363e-08,5.628093773322368e-26,683.5806914563855,0.0,23398.45870968378,14107.411275466024,0.4483240468757656,-2.25457466008708,0.0,pseudo_6dof_kinematic_bridge,f16_s119.attitude_response_p6dof.v1,-0.7562951013162765,0.0,0.0,0.0893225837337992,reduced_response_law,0.0,0
306.0,14354.30546486496,13221.447395351759,83.93741718935333,152.4,3,4,inbound-descent,14315.485158466887,11852.311503206643,57.965019811285174,152.4,-90.0,-2.254574965935033,0.0,11.078288849179446,-0.10934110777174307,-90.0,1.4,-4.106083508512122e-08,6.253437525913739e-27,684.0126996709605,0.0,23411.549238920743,14115.302175187051,0.44829367703636075,-2.254574762036398,0.0,pseudo_6dof_kinematic_bridge,f16_s119.attitude_response_p6dof.v1,-0.7562951013162765,0.0,0.0,0.0893225837337992,reduced_response_law,0.0,0
307.0,14354.3055842331,13069.165368440377,77.94206234190601,152.4,3,4,inbound-descent,14315.485158466887,11699.911503206644,51.965019811285174,152.4,-90.0,-2.254574965935033,0.0,-69.1358024691358,-0.10933945255674168,-90.0,-1.4,2.8888951602447177e-08,6.948263917681934e-28,684.4455742613645,0.0,23424.638859520423,14123.193075264711,0.4482633133665812,-2.2545748300026096,0.0,pseudo_6dof_kinematic_bridge,f16_s119.attitude_response_p6dof.v1,-0.7562951013162765,0.0,0.0,0.0893225837337992,reduced_response_law,0.0,0
308.0,14354.305673759205,12916.883341536086,71.94670731381655,152.4,3,4,inbound-descent,14315.485158466887,11547.511503206642,45.965019811285174,152.4,-90.0,-2.254574965935033,0.0,11.078288849179446,-0.10934061710748613,-90.0,1.4,-2.032524479733899e-08,7.720293241868815e-29,684.8793159040761,0.0,23437.727874022097,14131.08397558013,0.4482329558647957,-2.2545748753134176,0.0,pseudo_6dof_kinematic_bridge,f16_s119.attitude_response_p6dof.v1,-0.7562951013162765,0.0,0.0,0.0893225837337992,reduced_response_law,0.0,0
309.0,14354.305740903783,12764.601314636526,65.95135216529899,152.4,3,4,inbound-descent,14315.485158466887,11395.111503206643,39.965019811285174,152.4,-90.0,-2.254574965935033,0.0,-69.1358024691358,-0.10933979777076233,-90.0,-1.4,1.4300123512857735e-08,8.578103602076455e-30,685.3139249636006,0.0,23450.81648423188,14138.974876054044,0.4482026045292211,-2.254574905520623,0.0,pseudo_6dof_kinematic_bridge,f16_s119.attitude_response_p6dof.v1,-0.7562951013162765,0.0,0.0,0.0893225837337992,reduced_response_law,0.0,0
310.0,14354.305791262217,12612.31928774012,59.95599693649603,152.4,3,4,inbound-descent,14315.485158466887,11242.711503206643,33.965019811285174,152.4,-90.0,-2.254574965935033,0.0,11.078288849179446,-0.10934037422710842,-90.0,1.4,-1.0061061233050802e-08,9.531226224529384e-31,685.7494015963694,0.0,23463.904824762743,14146.865776633638,0.44817225935797306,-2.2545749256587593,0.0,pseudo_6dof_kinematic_bridge,f16_s119.attitude_response_p6dof.v1,-0.7562951013162765,0.0,0.0,0.0893225837337992,reduced_response_law,0.0,0
311.0,14354.305829031042,12460.037260845816,53.96064165416947,152.4,3,4,inbound-descent,14315.485158466887,11090.311503206643,27.965019811285174,152.4,-90.0,-2.254574965935033,0.0,-69.1358024691358,-0.10933996865280755,-90.0,-1.4,7.078606911631938e-09,1.059025136058821e-31,686.1857458200775,0.0,23476.99298540695,14154.756677283676,0.4481419203491008,-2.2545749390841836,0.0,pseudo_6dof_kinematic_bridge,f16_s119.attitude_response_p6dof.v1,-0.7562951013162765,0.0,0.0,0.0893225837337992,reduced_response_law,0.0,0
312.0,14354.305857357662,12307.755233952916,47.96528633616052,152.4,3,4,inbound-descent,14315.485158466887,10937.911503206644,21.965019811285174,152.4,-90.0,-2.254574965935033,0.0,11.078288849179446,-0.10934025400054401,-90.0,1.4,-4.980257514360676e-09,1.1766945956209117e-32,686.6229575599191,0.0,23490.081026059615,14162.64757798067,0.44811158750060903,-2.254574948034467,0.0,pseudo_6dof_kinematic_bridge,f16_s119.attitude_response_p6dof.v1,-0.7562951013162765,0.0,0.0,0.0893225837337992,reduced_response_law,0.0,0
313.0,14354.305878602627,12155.47320706095,41.969930994363295,152.4,3,4,inbound-descent,14315.485158466887,10785.511503206642,15.965019811285174,152.4,-90.0,-2.254574965935033,0.0,-69.1358024691358,-0.1093400532399669,-90.0,-1.4,3.503933078816177e-09,1.3074384395787911e-33,687.0610366794099,0.0,23503.168986673158,14170.538478708977,0.44808126081047345,-2.2545749540013222,0.0,pseudo_6dof_kinematic_bridge,f16_s119.attitude_response_p6dof.v1,-0.7562951013162765,0.0,0.0,0.0893225837337992,reduced_response_law,0.0,0
314.0,14354.30589453635,12003.191180169608,35.97457563670723,152.4,3,4,inbound-descent,14315.485158466887,10633.111503206643,9.965019811285174,152.4,-90.0,-2.254574965935033,0.0,11.078288849179446,-0.1093401944880098,-90.0,1.4,-2.465243410694069e-09,1.452709377309768e-34,687.4999830009547,0.0,23516.256893897473,14178.429379458157,0.44805094027665066,-2.254574957979226,0.0,pseudo_6dof_kinematic_bridge,f16_s119.attitude_response_p6dof.v1,-0.7562951013162765,0.0,0.0,0.0893225837337992,reduced_response_law,0.0,0
315.0,14354.305906486643,11850.909153278682,29.9792202684786,152.4,3,4,inbound-descent,14315.485158466887,10480.711503206643,3.965019811285174,152.4,-90.0,-2.254574965935033,0.0,-69.1358024691358,-0.10934009511088152,-90.0,-1.4,1.734458089579821e-09,1.614121530344186e-35,687.9397963196116,0.0,23529.344765509046,14186.320280221255,0.44802062589708463,-2.2545749606311616,0.0,pseudo_6dof_kinematic_bridge,f16_s119.attitude_response_p6dof.v1,-0.7562951013162765,0.0,0.0,0.0893225837337992,reduced_response_law,0.0,0
316.0,14354.305915449362,11698.627126388034,23.983864893201595,152.4,4,5,inbound-level,14315.485158466887,10328.311503206643,0.0,152.4,-90.0,0.0,0.0,11.078288849179446,3.3415398848714464,-90.0,1.4,0.060229217741847633,1.7934683670490953e-36,688.3804764122015,0.0,23542.43261336557,14194.211180993629,0.4479903176697116,-2.254574962399119,0.0,pseudo_6dof_kinematic_bridge,f16_s119.attitude_response_p6dof.v1,-0.7562951013162765,0.0,0.0,0.0893225837337992,reduced_response_law,0.0,0
317.0,14354.305922171401,11546.34509949757,17.988509513225676,152.4,4,5,inbound-level,14315.485158466887,10175.911503206644,0.0,152.4,-90.0,0.0,0.0,-69.1358024691358,1.2639692917763694,-90.0,-1.4,-0.03626044729212046,1.9927426300545492e-37,625.5778464173418,0.0,3267.8766821562663,14202.102081772187,0.4479600155924629,-1.503049974932746,0.0,pseudo_6dof_kinematic_bridge,f16_s119.attitude_response_p6dof.v1,-0.7562951013162765,0.0,0.0,0.0893225837337992,reduced_response_law,0.0,0
318.0,14354.3059272151,11393.997535749544,13.991032803984766,152.4,4,5,inbound-level,14315.485158466887,10023.511503206644,0.0,152.4,-90.0,0.0,0.0,11.078288849179446,2.761243014760919,-90.0,1.4,0.02613235626967389,2.2141584778383885e-38,583.6709006460733,0.0,-10261.019060037166,14207.3634366174,0.447939814727328,-1.0020333166218305,0.0,pseudo_6dof_kinematic_bridge,f16_s119.attitude_response_p6dof.v1,-0.7562951013162765,0.0,0.0,0.0893225837337992,reduced_response_law,0.0,0
319.0,14354.305930998598,11241.62084149294,11.325878506506031,152.4,4,5,inbound-level,14315.485158466887,9871.111503206643,0.0,152.4,-90.0,0.0,0.0,-69.1358024691358,1.7114252208042455,-90.0,-1.4,-0.018322777050567382,2.4601760864870986e-39,555.7158058910736,0.0,-19285.850468176905,14210.871230032148,0.44792634814402016,-0.6680222110812204,0.0,pseudo_6dof_kinematic_bridge,f16_s119.attitude_response_p6dof.v1,-0.7562951013162765,0.0,0.0,0.0893225837337992,reduced_response_law,0.0,0
320.0,14354.305933836462,11089.23119974779,9.549058655048864,152.4,4,5,inbound-level,14315.485158466887,9718.711503206643,0.0,152.4,-90.0,0.0,0.0,11.078288849179446,2.4504065055423645,-90.0,1.4,0.012897656529297898,2.733528984985661e-40,537.0714601923264,0.0,-25304.879361046394,14213.20982520468,0.4479173708423065,-0.44534814072081363,0.0,pseudo_6dof_kinematic_bridge,f16_s119.attitude_response_p6dof.v1,-0.7562951013162765,0.0,0.0,0.0893225837337992,reduced_response_law,0.0,0
321.0,14354.305935964941,10936.835803445585,8.364497177656023,152.4,4,5,inbound-level,14315.485158466887,9566.311503206643,0.0,152.4,-90.0,0.0,0.0,-69.1358024691358,1.9305226243459792,-90.0,-1.4,-0.009073685454923958,3.037254427761846e-41,524.6385110041938,0.0,-29318.66514029806,14214.76890827679,0.44791138619903353,-0.2968987604805425,0.0,pseudo_6dof_kinematic_bridge,f16_s119.attitude_response_p6dof.v1,-0.7562951013162765,0.0,0.0,0.0893225837337992,reduced_response_law,0.0,0
322.0,14354.305937561327,10784.437849539217,7.574785108331596,152.4,4,5,inbound-level,14315.485158466887,9413.911503206644,0.0,152.4,-90.0,0.0,0.0,11.078288849179446,2.29629831805775,-90.0,1.4,0.006383990179036724,3.3747271419576063e-42,516.3483734419478,0.0,-31995.011150236816,14215.808302806008,0.44790739654779926,-0.19793250698702824,0.0,pseudo_6dof_kinematic_bridge,f16_s119.attitude_response_p6dof.v1,-0.7562951013162765,0.0,0.0,0.0893225837337992,reduced_response_law,0.0,0
323.0,14354.305938758625,10632.038758915296,7.04830908648867,152.4,4,5,inbound-level,14315.485158466887,9261.511503206642,0.0,152.4,-90.0,0.0,0.0,-69.1358024691358,2.0389518578805137,-90.0,-1.4,-0.004491543048445248,3.749696824397342e-43,510.82094623777084,0.0,-33779.4590780313,14216.501234214968,0.44790473683292426,-0.13195500465801885,0.0,pseudo_6dof_kinematic_bridge,f16_s119.attitude_response_p6dof.v1,-0.7562951013162765,0.0,0.0,0.0893225837337992,reduced_response_law,0.0,0
324.0,14354.305939656602,10479.639163082666,6.69732468408631,152.4,4,5,inbound-level,14315.485158466887,9109.111503206643,0.0,152.4,-90.0,0.0,0.0,11.078288849179446,2.2200117661094865,-90.0,1.4,0.003160091541954355,4.1663298048859344e-44,507.1356974987302,0.0,-34969.18758712702,14216.963188998068,0.44790296371403737,-0.08797000310534589,0.0,pseudo_6dof_kinematic_bridge,f16_s119.attitude_response_p6dof.v1,-0.7562951013162765,0.0,0.0,0.0893225837337992,reduced_response_law,0.0,0
325.0,14354.305940330085,10327.239342712652,6.463334967569005,152.4,4,5,inbound-level,14315.485158466887,8956.711503206643,0.0,152.4,-90.0,0.0,0.0,-69.1358024691358,2.0926244211426495,-90.0,-1.4,-0.0022233285950451374,4.629255338762148e-45,504.6787328827395,0.0,-35762.38284071964,14217.271159004718,0.4479017816458976,-0.05864666873689725,0.0,pseudo_6dof_kinematic_bridge,f16_s119.attitude_response_p6dof.v1,-0.7562951013162765,0.0,0.0,0.0893225837337992,reduced_response_law,0.0,0
326.0,14354.305940835198,10174.83942254821,6.307341789175021,152.4,4,5,inbound-level,14315.485158466887,8804.311503206643,0.0,152.4,-90.0,0.0,0.0,11.078288849179446,2.1822496528839372,-90.0,1.4,0.0015642553867484012,5.14361704306905e-46,503.04069774960226,0.0,-36291.19874937852,14217.476472387301,0.44790099360549845,-0.03909777915793151,0.0,pseudo_6dof_kinematic_bridge,f16_s119.attitude_response_p6dof.v1,-0.7562951013162765,0.0,0.0,0.0893225837337992,reduced_response_law,0.0,0
327.0,14354.305941214034,10022.439458030682,6.2033463268237385,152.4,4,5,inbound-level,14315.485158466887,8651.911503206644,0.0,152.4,-90.0,0.0,0.0,-69.1358024691358,2.119192509133898,-90.0,-1.4,-0.0011005547753415537,5.7151300478545e-47,501.94864822833915,0.0,-36643.75116532765,14217.613347988965,0.4479004682474922,-0.02606518610528768,0.0,pseudo_6dof_kinematic_bridge,f16_s119.attitude_response_p6dof.v1,-0.7562951013162765,0.0,0.0,0.0893225837337992,reduced_response_law,0.0,0
328.0,14354.30594149816,9870.039473800669,6.134016015600327,152.4,4,5,inbound-level,14315.485158466887,8499.511503206642,0.0,152.4,-90.0,0.0,0.0,11.078288849179446,2.1635572856996257,-90.0,1.4,0.0007743114229835735,6.350144497616119e-48,501.22060361444164,0.0,-36878.78987677495,14217.70459839401,0.44790011800983315,-0.017376790736858452,0.0,pseudo_6dof_kinematic_bridge,f16_s119.attitude_response_p6dof.v1,-0.7562951013162765,0.0,0.0,0.0893225837337992,reduced_response_law,0.0,0
329.0,14354.305941711254,9717.639480809552,6.087795807232357,152.4,4,5,inbound-level,14315.485158466887,8347.111503206643,0.0,152.4,-90.0,0.0,0.0,-69.1358024691358,2.1323437977034194,-90.0,-1.4,-0.0005447781365655248,7.055716108462349e-49,500.735235383052,0.0,-37035.48402550784,14217.765431998538,0.44789988451851265,-0.011584527157905634,0.0,pseudo_6dof_kinematic_bridge,f16_s119.attitude_response_p6dof.v1,-0.7562951013162765,0.0,0.0,0.0893225837337992,reduced_response_law,0.0,0
330.0,14354.305941871076,9565.239483924612,6.056982334724616,152.4,4,5,inbound-level,14315.485158466887,8194.711503206643,0.0,152.4,-90.0,0.0,0.0,11.078288849179446,2.1543045041088917,-90.0,1.4,0.00038328663283929696,7.839684564958164e-50,500.4116542708016,0.0,-37139.94753552252,14217.805987735237,0.4478997288578338,-0.007723018105270426,0.0,pseudo_6dof_kinematic_bridge,f16_s119.attitude_response_p6dof.v1,-0.7562951013162765,0.0,0.0,0.0893225837337992,reduced_response_law,0.0,0
331.0,14354.305941990942,9412.839485309083,6.036440019641698,152.4,4,5,inbound-level,14315.485158466887,8042.3115032066435,0.0,152.4,-90.0,0.0,0.0,-69.1358024691358,2.138853727640562,-90.0,-1.4,-0.00026966692136201457,8.710760627731291e-51,500.1959325109383,0.0,-37209.59020628452,14217.83302489314,0.4478996250841375,-0.005148678736846951,0.0,pseudo_6dof_kinematic_bridge,f16_s119.attitude_response_p6dof.v1,-0.7562951013162765,0.0,0.0,0.0893225837337992,reduced_response_law,0.0,0
332.0,14354.305942080842,9260.439485924404,6.022745142896714,152.4,4,5,inbound-level,14315.485158466887,7889.911503206644,0.0,152.4,-90.0,0.0,0.0,11.078288849179446,2.1497243476045393,-90.0,1.4,0.00018972811010443063,9.678622919701434e-52,500.0521175517533,0.0,-37256.01880046013,14217.851049665103,0.44789955590171343,-0.0034324524912313008,0.0,pseudo_6dof_kinematic_bridge,f16_s119.attitude_response_p6dof.v1,-0.7562951013162765,0.0,0.0,0.0893225837337992,reduced_response_law,0.0,0
333.0,14354.305942148267,9108.03948619788,6.0136152250598975,152.4,4,5,inbound-level,14315.485158466887,7737.511503206643,0.0,152.4,-90.0,0.0,0.0,-69.1358024691358,2.1420761637968555,-90.0,-1.4,-0.00013348598924179414,1.0754025466334919e-52,499.9562407111389,0.0,-37286.97126191093,14217.863066179756,0.447899509780115,-0.0022883016608208667,0.0,pseudo_6dof_kinematic_bridge,f16_s119.attitude_response_p6dof.v1,-0.7562951013162765,0.0,0.0,0.0893225837337992,reduced_response_law,0.0,0
334.0,14354.305942198835,8955.639486319425,6.007528613166665,152.4,4,5,inbound-level,14315.485158466887,7585.111503206643,0.0,152.4,-90.0,0.0,0.0,11.078288849179446,2.147457155474419,-90.0,1.4,9.391602179588824e-05,1.194891718481659e-53,499.8923227279902,0.0,-37307.60626524869,14217.871077189522,0.4478994790323908,-0.0015255344405472443,0.0,pseudo_6dof_kinematic_bridge,f16_s119.attitude_response_p6dof.v1,-0.7562951013162765,0.0,0.0,0.0893225837337992,reduced_response_law,0.0,0
335.0,14354.30594223676,8803.239486373446,6.00347087190391,152.4,4,5,inbound-level,14315.485158466887,7432.711503206643,0.0,152.4,-90.0,0.0,0.0,-69.1358024691358,2.1436712800088062,-90.0,-1.4,-6.607599194541195e-05,1.327657464979621e-54,499.84971069948915,0.0,-37321.362947045935,14217.876417862706,0.4478994585339115,-0.0010170229603648296,0.0,pseudo_6dof_kinematic_bridge,f16_s119.attitude_response_p6dof.v1,-0.7562951013162765,0.0,0.0,0.0893225837337992,reduced_response_law,0.0,0
336.0,14354.305942265206,8650.839486397455,6.000765711061896,152.4,4,5,inbound-level,14315.485158466887,7280.3115032066435,0.0,152.4,-90.0,0.0,0.0,11.078288849179446,2.146334888113032,-90.0,1.4,4.6488731401538326e-05,1.4751749610884686e-55,499.82130266283275,0.0,-37330.53407397985,14217.879978311492,0.44789944486826,-0.0006780153069098865,0.0,pseudo_6dof_kinematic_bridge,f16_s119.attitude_response_p6dof.v1,-0.7562951013162765,0.0,0.0,0.0893225837337992,reduced_response_law,0.0,0
337.0,14354.305942286539,8498.439486408126,5.998962270500501,152.4,4,5,inbound-level,14315.485158466887,7127.911503206644,0.0,152.4,-90.0,0.0,0.0,-69.1358024691358,2.1444608676394745,-90.0,-1.4,-3.2707827513357355e-05,1.6390832900982982e-56,499.8023639638759,0.0,-37336.64816115171,14217.88235194402,0.4478994357578265,-0.000452010204606591,0.0,pseudo_6dof_kinematic_bridge,f16_s119.attitude_response_p6dof.v1,-0.7562951013162765,0.0,0.0,0.0893225837337992,reduced_response_law,0.0,0
338.0,14354.305942302539,8346.039486412868,5.997759976792889,152.4,4,5,inbound-level,14315.485158466887,6975.511503206643,0.0,152.4,-90.0,0.0,0.0,11.078288849179446,2.1457793621769183,-90.0,1.4,2.30120708479459e-05,1.8212036556647755e-57,499.7897381610783,0.0,-37340.72422039923,14217.883934365704,0.44789942968420443,-0.00030134013640439395,0.0,pseudo_6dof_kinematic_bridge,f16_s119.attitude_response_p6dof.v1,-0.7562951013162765,0.0,0.0,0.0893225837337992,reduced_response_law,0.0,0
339.0,14354.305942314539,8193.639486414977,5.9969584476544755,152.4,4,5,inbound-level,14315.485158466887,6823.111503206643,0.0,152.4,-90.0,0.0,0.0,-69.1358024691358,2.1448517160440193,-90.0,-1.4,-1.619047931247634e-05,2.023559617405306e-58,499.78132095766705,0.0,-37343.4415937345,14217.884989313492,0.44789942563512325,-0.000200893424269596,0.0,pseudo_6dof_kinematic_bridge,f16_s119.attitude_response_p6dof.v1,-0.7562951013162765,0.0,0.0,0.0893225837337992,reduced_response_law,0.0,0
340.0,14354.305942323539,8041.239486415914,5.9964240948955325,152.4,4,5,inbound-level,14315.485158466887,6670.711503206643,0.0,152.4,-90.0,0.0,0.0,11.078288849179446,2.1455043750603777,-90.0,1.4,1.1391048728285245e-05,2.2483995748947854e-59,499.7757094880362,0.0,-37345.253176181795,14217.885692612019,0.44789942293573576,-0.00013392894951306402,0.0,pseudo_6dof_kinematic_bridge,f16_s119.attitude_response_p6dof.v1,-0.7562951013162765,0.0,0.0,0.0893225837337992,reduced_response_law,0.0,0
341.0,14354.30594233029,7888.83948641633,5.996067859722904,152.4,4,5,inbound-level,14315.485158466887,6518.3115032066435,0.0,152.4,-90.0,0.0,0.0,-69.1358024691358,2.1450451872553224,-90.0,-1.4,-8.014339083225458e-06,2.498221749883097e-60,499.7719685079737,0.0,-37346.46089791278,14217.886161477703,0.4478994211361443,-8.928596634204269e-05,0.0,pseudo_6dof_kinematic_bridge,f16_s119.attitude_response_p6dof.v1,-0.7562951013162765,0.0,0.0,0.0893225837337992,reduced_response_law,0.0,0
342.0,14354.305942335352,7736.439486416515,5.995830369607817,152.4,4,5,inbound-level,14315.485158466887,6365.911503206644,0.0,152.4,-90.0,0.0,0.0,11.078288849179446,2.1453682555574938,-90.0,1.4,5.63860558172032e-06,2.7758019443145506e-61,499.769474521132,0.0,-37347.266045777644,14217.886474054823,0.4478994199364166,-5.9523977561361774e-05,0.0,pseudo_6dof_kinematic_bridge,f16_s119.attitude_response_p6dof.v1,-0.7562951013162765,0.0,0.0,0.0893225837337992,reduced_response_law,0.0,0
343.0,14354.305942339148,7584.039486416597,5.995672042864426,152.4,4,5,inbound-level,14315.485158466887,6213.511503206643,0.0,152.4,-90.0,0.0,0.0,-69.1358024691358,2.1451409561241928,-90.0,-1.4,-3.967123499019131e-06,3.0842243825717213e-62,499.7678118631793,0.0,-37347.802811040536,14217.886682439572,0.44789941913659803,-3.9682651707574513e-05,0.0,pseudo_6dof_kinematic_bridge,f16_s119.attitude_response_p6dof.v1,-0.7562951013162765,0.0,0.0,0.0893225837337992,reduced_response_law,0.0,0
344.0,14354.305942341996,7431.639486416634,5.995566491702165,152.4,4,5,inbound-level,14315.485158466887,6061.111503206644,0.0,152.4,-90.0,0.0,0.0,11.078288849179446,2.1453008759678656,-90.0,1.4,2.791127811366018e-06,3.426915980635243e-63,499.7667034245187,0.0,-37348.16065455788,14217.88682136274,0.44789941860338567,-2.645510113838301e-05,0.0,pseudo_6dof_kinematic_bridge,f16_s119.attitude_response_p6dof.v1,-0.7562951013162765,0.0,0.0,0.0893225837337992,reduced_response_law,0.0,0
345.0,14354.305942344132,7279.23948641665,5.995496124260658,152.4,4,5,inbound-level,14315.485158466887,5908.711503206643,0.0,152.4,-90.0,0.0,0.0,-69.1358024691358,2.1451883620208267,-90.0,-1.4,-1.9637388302446222e-06,3.807684422928046e-64,499.76596446539406,0.0,-37348.39921690666,14217.886913978184,0.4478994182479108,-1.7636734092255342e-05,0.0,pseudo_6dof_kinematic_bridge,f16_s119.attitude_response_p6dof.v1,-0.7562951013162765,0.0,0.0,0.0893225837337992,reduced_response_law,0.0,0
346.0,14354.305942345734,7126.839486416658,5.995449212632987,152.4,4,5,inbound-level,14315.485158466887,5756.3115032066435,0.0,152.4,-90.0,0.0,0.0,11.078288849179446,2.145267522855327,-90.0,1.4,1.3816172006576298e-06,4.23076046992005e-65,499.7654718259764,0.0,-37348.55825847423,14217.886975721813,0.4478994180109276,-1.1757822728170228e-05,0.0,pseudo_6dof_kinematic_bridge,f16_s119.attitude_response_p6dof.v1,-0.7562951013162765,0.0,0.0,0.0893225837337992,reduced_response_law,0.0,0
347.0,14354.305942346935,6974.439486416661,5.995417938214539,152.4,4,5,inbound-level,14315.485158466887,5603.911503206643,0.0,152.4,-90.0,0.0,0.0,-69.1358024691358,2.1452118280914,-90.0,-1.4,-9.720570066420057e-07,4.7008449665778324e-66,499.7651433996907,0.0,-37348.664286186686,14217.887016884231,0.44789941785293885,-7.838548485446818e-06,0.0,pseudo_6dof_kinematic_bridge,f16_s119.attitude_response_p6dof.v1,-0.7562951013162765,0.0,0.0,0.0893225837337992,reduced_response_law,0.0,0
348.0,14354.305942347835,6822.039486416662,5.995397088602241,152.4,4,5,inbound-level,14315.485158466887,5451.511503206643,0.0,152.4,-90.0,0.0,0.0,11.078288849179446,2.1452510129578615,-90.0,1.4,6.839049367023394e-07,5.223161073975369e-67,499.7649244488384,0.0,-37348.7349713287,14217.887044325846,0.4478994177476129,-5.2256989902978775e-06,0.0,pseudo_6dof_kinematic_bridge,f16_s119.attitude_response_p6dof.v1,-0.7562951013162765,0.0,0.0,0.0893225837337992,reduced_response_law,0.0,0
349.0,14354.305942348512,6669.639486416662,5.995383188860709,152.4,4,5,inbound-level,14315.485158466887,5299.111503206644,0.0,152.4,-90.0,0.0,0.0,-69.1358024691358,2.145223443871446,-90.0,-1.4,-4.811713297150379e-07,5.803512304417075e-68,499.7647784815981,0.0,-37348.782094756825,14217.887062620252,0.44789941767739566,-3.4837993268652517e-06,0.0,pseudo_6dof_kinematic_bridge,f16_s119.attitude_response_p6dof.v1,-0.7562951013162765,0.0,0.0,0.0893225837337992,reduced_response_law,0.0,0
350.0,14354.30594234902,6517.239486416663,5.995373922366354,152.4,4,5,inbound-level,14315.485158466887,5146.711503206643,0.0,152.4,-90.0,0.0,0.0,11.078288849179446,2.14524284050577,-90.0,1.4,3.3853513276048903e-07,6.448347004907855e-69,499.7646811701052,0.0,-37348.81351037567,14217.887074816525,0.44789941763058416,-2.3225328845768337e-06,0.0,pseudo_6dof_kinematic_bridge,f16_s119.attitude_response_p6dof.v1,-0.7562951013162765,0.0,0.0,0.0893225837337992,reduced_response_law,0.0,0
351.0,14354.3059423494,6364.839486416663,5.995367744703451,152.4,4,5,inbound-level,14315.485158466887,4994.3115032066435,0.0,152.4,-90.0,0.0,0.0,-69.1358024691358,2.1452291937197496,-90.0,-1.4,-2.3818134837560045e-07,7.164830005453173e-70,499.7646162957826,0.0,-37348.834454121585,14217.88708294737,0.44789941759937635,-1.5483552563845561e-06,0.0,pseudo_6dof_kinematic_bridge,f16_s119.attitude_response_p6dof.v1,-0.7562951013162765,0.0,0.0,0.0893225837337992,reduced_response_law,0.0,0
352.0,14354.305942349685,6212.439486416663,5.995363626261516,152.4,4,5,inbound-level,14315.485158466887,4841.911503206643,0.0,152.4,-90.0,0.0,0.0,11.078288849179446,2.1452387951158256,-90.0,1.4,1.6757597431796503e-07,7.960922228281305e-71,499.76457304622636,0.0,-37348.848416618894,14217.887088367941,0.4478994175785713,-1.032236837589704e-06,0.0,pseudo_6dof_kinematic_bridge,f16_s119.attitude_response_p6dof.v1,-0.7562951013162765,0.0,0.0,0.0893225837337992,reduced_response_law,0.0,0
353.0,14354.3059423499,6060.039486416664,5.995360880633559,152.4,4,5,inbound-level,14315.485158466887,4689.511503206643,0.0,152.4,-90.0,0.0,0.0,-69.1358024691358,2.145232039913064,-90.0,-1.4,-1.1790052983232489e-07,8.845469142534778e-72,499.7645442131925,0.0,-37348.857724950416,14217.887091981649,0.4478994175647012,-6.881578917264694e-07,0.0,pseudo_6dof_kinematic_bridge,f16_s119.attitude_response_p6dof.v1,-0.7562951013162765,0.0,0.0,0.0893225837337992,reduced_response_law,0.0,0
354.0,14354.30594235006,5907.639486416664,5.995359050214921,152.4,4,5,inbound-level,14315.485158466887,4537.111503206644,0.0,152.4,-90.0,0.0,0.0,11.078288849179446,2.1452367926348543,-90.0,1.4,8.295064367656335e-08,9.828299047260863e-73,499.76452499117113,0.0,-37348.86393050476,14217.887094390791,0.4478994175554545,-4.587719278176461e-07,0.0,pseudo_6dof_kinematic_bridge,f16_s119.attitude_response_p6dof.v1,-0.7562951013162765,0.0,0.0,0.0893225837337992,reduced_response_law,0.0,0
355.0,14354.30594235018,5755.2394864166645,5.995357829935829,152.4,4,5,inbound-level,14315.485158466887,4384.711503206643,0.0,152.4,-90.0,0.0,0.0,-69.1358024691358,2.1452334487878653,-90.0,-1.4,-5.8361139645545465e-08,1.0920332274734294e-73,499.7645121764872,0.0,-37348.86806754099,14217.887095996883,0.44789941754929,-3.0584795187843075e-07,0.0,pseudo_6dof_kinematic_bridge,f16_s119.attitude_response_p6dof.v1,-0.7562951013162765,0.0,0.0,0.0893225837337992,reduced_response_law,0.0,0
356.0,14354.305942350271,5602.839486416665,5.995357016416434,152.4,4,5,inbound-level,14315.485158466887,4232.3115032066435,0.0,152.4,-90.0,0.0,0.0,11.078288849179446,2.1452358014003643,-90.0,1.4,4.1060834127247066e-08,1.2133702527482543e-74,499.76450363336335,0.0,-37348.87082556517,14217.887097067613,0.4478994175451804,-2.0389863458562051e-07,0.0,pseudo_6dof_kinematic_bridge,f16_s119.attitude_response_p6dof.v1,-0.7562951013162765,0.0,0.0,0.0893225837337992,reduced_response_law,0.0,0
357.0,14354.305942350338,5450.439486416665,5.995356474070171,152.4,4,5,inbound-level,14315.485158466887,4079.911503206643,0.0,152.4,-90.0,0.0,0.0,-69.1358024691358,2.145234146185401,-90.0,-1.4,-2.888895093096779e-08,1.3481891697202826e-75,499.7644979379529,0.0,-37348.87266424796,14217.887097781431,0.4478994175424406,-1.3593242305708033e-07,0.0,pseudo_6dof_kinematic_bridge,f16_s119.attitude_response_p6dof.v1,-0.7562951013162765,0.0,0.0,0.0893225837337992,reduced_response_law,0.0,0
358.0,14354.30594235039,5298.039486416666,5.995356112505996,152.4,4,5,inbound-level,14315.485158466887,3927.5115032066433,0.0,152.4,-90.0,0.0,0.0,11.078288849179446,2.1452353107361186,-90.0,1.4,2.032524432753302e-08,1.4979879663558695e-76,499.7644941410108,0.0,-37348.87389003646,14217.887098257308,0.44789941754061413,-9.062161537138689e-08,0.0,pseudo_6dof_kinematic_bridge,f16_s119.attitude_response_p6dof.v1,-0.7562951013162765,0.0,0.0,0.0893225837337992,reduced_response_law,0.0,0
359.0,14354.305942350427,5145.639486416666,5.995355871463212,152.4,4,5,inbound-level,14315.485158466887,3775.1115032066427,0.0,152.4,-90.0,0.0,0.0,-69.1358024691358,2.145234491399414,-90.0,-1.4,-1.4300123182582801e-08,1.6644310737287432e-77,499.76449160971424,0.0,-37348.87470722882,14217.887098574565,0.44789941753939644,-6.041441024759124e-08,0.0,pseudo_6dof_kinematic_bridge,f16_s119.attitude_response_p6dof.v1,-0.7562951013162765,0.0,0.0,0.0893225837337992,reduced_response_law,0.0,0
360.0,14354.305942350456,4993.239486416666,5.995355710768023,152.4,4,5,inbound-level,14315.485158466887,3622.711503206643,0.0,152.4,-90.0,0.0,0.0,11.078288849179446,2.1452350678557464,-90.0,1.4,1.00610610010274e-08,1.8493678596986025e-78,499.764489922185,0.0,-37348.87525202369,14217.887098786065,0.44789941753858464,-4.027627349839417e-08,0.0,pseudo_6dof_kinematic_bridge,f16_s119.attitude_response_p6dof.v1,-0.7562951013162765,0.0,0.0,0.0893225837337992,reduced_response_law,0.0,0
361.0,14354.305942350478,4840.839486416667,5.995355603637897,152.4,4,5,inbound-level,14315.485158466887,3470.3115032066435,0.0,152.4,-90.0,0.0,0.0,-69.1358024691358,2.1452346622814553,-90.0,-1.4,-7.0786067440449676e-09,2.0548531774428915e-79,499.7644887971619,0.0,-37348.87561522031,14217.887098927069,0.44789941753804347,-2.6850848998929438e-08,0.0,pseudo_6dof_kinematic_bridge,f16_s119.attitude_response_p6dof.v1,-0.7562951013162765,0.0,0.0,0.0893225837337992,reduced_response_law,0.0,0
362.0,14354.305942350495,4688.439486416667,5.995355532217813,152.4,4,5,inbound-level,14315.485158466887,3317.911503206643,0.0,152.4,-90.0,0.0,0.0,11.078288849179446,2.1452349476291848,-90.0,1.4,4.980257394523125e-09,2.2831701971587673e-80,499.76448804715073,0.0,-37348.87585735135,14217.887099021067,0.44789941753768264,-1.7900565999286292e-08,0.0,pseudo_6dof_kinematic_bridge,f16_s119.attitude_response_p6dof.v1,-0.7562951013162765,0.0,0.0,0.0893225837337992,reduced_response_law,0.0,0
363.0,14354.305942350507,4536.039486416667,5.995355484604423,152.4,4,5,inbound-level,14315.485158466887,3165.5115032066433,0.0,152.4,-90.0,0.0,0.0,-69.1358024691358,2.1452347468686126,-90.0,-1.4,-3.5039329939196696e-09,2.536855774620853e-81,499.764487547136,0.0,-37348.876018772076,14217.887099083735,0.4478994175374422,-1.193371066619086e-08,0.0,pseudo_6dof_kinematic_bridge,f16_s119.attitude_response_p6dof.v1,-0.7562951013162765,0.0,0.0,0.0893225837337992,reduced_response_law,0.0,0
364.0,14354.305942350516,4383.639486416668,5.995355452862164,152.4,4,5,inbound-level,14315.485158466887,3013.1115032066427,0.0,152.4,-90.0,0.0,0.0,11.078288849179446,2.145234888116652,-90.0,1.4,2.465243346547775e-09,2.8187286384676133e-82,499.76448721379893,0.0,-37348.8761263859,14217.887099125515,0.4478994175372818,-7.955807110793908e-09,0.0,pseudo_6dof_kinematic_bridge,f16_s119.attitude_response_p6dof.v1,-0.7562951013162765,0.0,0.0,0.0893225837337992,reduced_response_law,0.0,0
365.0,14354.305942350524,4231.239486416668,5.995355431700657,152.4,4,5,inbound-level,14315.485158466887,2860.711503206643,0.0,152.4,-90.0,0.0,0.0,-69.1358024691358,2.145234788739526,-90.0,-1.4,-1.734458049816689e-09,3.1319207094084586e-83,499.7644869915748,0.0,-37348.87619812842,14217.887099153364,0.4478994175371749,-5.303871407195939e-09,0.0,pseudo_6dof_kinematic_bridge,f16_s119.attitude_response_p6dof.v1,-0.7562951013162765,0.0,0.0,0.0893225837337992,reduced_response_law,0.0,0
366.0,14354.30594235053,4078.839486416668,5.995355417592987,152.4,4,5,inbound-level,14315.485158466887,2708.3115032066435,0.0,152.4,-90.0,0.0,0.0,11.078288849179446,2.145234858657758,-90.0,1.4,1.2203033500366849e-09,3.479911899342731e-84,499.7644868434272,0.0,-37348.87624595676,14217.887099171932,0.44789941753710355,-3.5359142714639594e-09,0.0,pseudo_6dof_kinematic_bridge,f16_s119.attitude_response_p6dof.v1,-0.7562951013162765,0.0,0.0,0.0893225837337992,reduced_response_law,0.0,0
367.0,14354.305942350533,3926.439486416668,5.995355408187873,152.4,4,5,inbound-level,14315.485158466887,2555.911503206643,0.0,152.4,-90.0,0.0,0.0,-69.1358024691358,2.1452348094657623,-90.0,-1.4,-8.585622878460093e-10,3.866568777047478e-85,499.7644867446579,0.0,-37348.87627784235,14217.887099184312,0.4478994175370561,-2.357276180975973e-09,0.0,pseudo_6dof_kinematic_bridge,f16_s119.attitude_response_p6dof.v1,-0.7562951013162765,0.0,0.0,0.0893225837337992,reduced_response_law,0.0,0
368.0,14354.305942350536,3774.039486416668,5.995355401917797,152.4,4,5,inbound-level,14315.485158466887,2403.5115032066433,0.0,152.4,-90.0,0.0,0.0,11.078288849179446,2.145234844075511,-90.0,1.4,6.040540700228564e-10,4.296187530052749e-86,499.7644866788105,0.0,-37348.876299099415,14217.887099192569,0.44789941753702445,-1.571517453983982e-09,0.0,pseudo_6dof_kinematic_bridge,f16_s119.attitude_response_p6dof.v1,-0.7562951013162765,0.0,0.0,0.0893225837337992,reduced_response_law,0.0,0
369.0,14354.305942350538,3621.6394864166678,5.995355397737746,152.4,4,5,inbound-level,14315.485158466887,2251.1115032066427,0.0,152.4,-90.0,0.0,0.0,-69.1358024691358,2.1452348197253155,-90.0,-1.4,-4.249910840881928e-10,4.77354170005861e-87,499.7644866349183,0.0,-37348.876313270746,14217.887099198064,0.4478994175370033,-1.047678302655988e-09,0.0,pseudo_6dof_kinematic_bridge,f16_s119.attitude_response_p6dof.v1,-0.7562951013162765,0.0,0.0,0.0893225837337992,reduced_response_law,0.0,0
370.0,14354.30594235054,3469.2394864166677,5.995355394951045,152.4,4,5,inbound-level,14315.485158466887,2098.711503206643,0.0,152.4,-90.0,0.0,0.0,11.078288849179446,2.1452348368572522,-90.0,1.4,2.9900869833533374e-10,5.303935222287343e-88,499.7644866056562,0.0,-37348.876322718344,14217.887099201733,0.4478994175369892,-6.984522017706587e-10,0.0,pseudo_6dof_kinematic_bridge,f16_s119.attitude_response_p6dof.v1,-0.7562951013162765,0.0,0.0,0.0893225837337992,reduced_response_law,0.0,0
371.0,14354.305942350542,3316.8394864166676,5.995355393093245,152.4,4,5,inbound-level,14315.485158466887,1946.3115032066435,0.0,152.4,-90.0,0.0,0.0,-69.1358024691358,2.1452348248038273,-90.0,-1.4,-2.1037194899776943e-10,5.893261358097047e-89,499.76448658613845,0.0,-37348.87632901673,14217.88709920418,0.44789941753697987,-4.656348011804391e-10,0.0,pseudo_6dof_kinematic_bridge,f16_s119.attitude_response_p6dof.v1,-0.7562951013162765,0.0,0.0,0.0893225837337992,reduced_response_law,0.0,0
372.0,14354.305942350542,3164.4394864166675,5.995355391854711,152.4,4,5,inbound-level,14315.485158466887,1793.9115032066438,0.0,152.4,-90.0,0.0,0.0,11.078288849179446,2.145234833284191,-90.0,1.4,1.480102641193215e-10,6.548068175663386e-90,499.7644865731327,0.0,-37348.87633321567,14217.887099205811,0.44789941753697365,-3.104232007869594e-10,0.0,pseudo_6dof_kinematic_bridge,f16_s119.attitude_response_p6dof.v1,-0.7562951013162765,0.0,0.0,0.0893225837337992,reduced_response_law,0.0,0
373.0,14354.305942350542,3012.0394864166674,5.9953553910290225,152.4,4,5,inbound-level,14315.485158466887,1641.5115032066424,0.0,152.4,-90.0,0.0,0.0,-69.1358024691358,2.145234827317707,-90.0,-1.4,-1.0413478748204507e-10,7.275631306292646e-91,499.76448656446155,0.0,-37348.87633601493,14217.887099206897,0.44789941753696944,-2.069488005246396e-10,0.0,pseudo_6dof_kinematic_bridge,f16_s119.attitude_response_p6dof.v1,-0.7562951013162765,0.0,0.0,0.0893225837337992,reduced_response_law,0.0,0
374.0,14354.305942350542,2859.6394864166673,5.995355390478563,152.4,4,5,inbound-level,14315.485158466887,1489.1115032066427,0.0,152.4,-90.0,0.0,0.0,11.078288849179446,2.1452348315155136,-90.0,1.4,7.326554905438876e-11,8.084034784769601e-92,499.76448655868626,0.0,-37348.876337881105,14217.887099207619,0.4478994175369666,-1.379658670164264e-10,0.0,pseudo_6dof_kinematic_bridge,f16_s119.attitude_response_p6dof.v1,-0.7562951013162765,0.0,0.0,0.0893225837337992,reduced_response_law,0.0,0
375.0,14354.305942350542,2707.239486416667,5.99535539011159,152.4,4,5,inbound-level,14315.485158466887,1336.711503206643,0.0,152.4,-90.0,0.0,0.0,-69.1358024691358,2.1452348285620855,-90.0,-1.4,-5.1547046015845375e-11,8.982260871966226e-93,499.76448655483,0.0,-37348.87633912525,14217.887099208103,0.44789941753696483,-9.197724467761761e-11,0.0,pseudo_6dof_kinematic_bridge,f16_s119.attitude_response_p6dof.v1,-0.7562951013162765,0.0,0.0,0.0893225837337992,reduced_response_law,0.0,0
376.0,14354.305942350542,2554.839486416667,5.995355389866941,152.4,4,5,inbound-level,14315.485158466887,1184.3115032066435,0.0,152.4,-90.0,0.0,0.0,11.078288849179446,2.145234830640013,-90.0,1.4,3.626667670960373e-11,9.980289857740242e-94,499.76448655225977,0.0,-37348.87633995465,14217.887099208425,0.44789941753696355,-6.131816311841174e-11,0.0,pseudo_6dof_kinematic_bridge,f16_s119.attitude_response_p6dof.v1,-0.7562951013162765,0.0,0.0,0.0893225837337992,reduced_response_law,0.0,0
377.0,14354.305942350542,2402.439486416667,5.9953553897038425,152.4,4,5,inbound-level,14315.485158466887,1031.9115032066438,0.0,152.4,-90.0,0.0,0.0,-69.1358024691358,2.1452348291780567,-90.0,-1.4,-2.5515952201483796e-11,1.1089210953044708e-94,499.7644865505481,0.0,-37348.87634050761,14217.88709920864,0.4478994175369628,-4.08787754122745e-11,0.0,pseudo_6dof_kinematic_bridge,f16_s119.attitude_response_p6dof.v1,-0.7562951013162765,0.0,0.0,0.0893225837337992,reduced_response_law,0.0,0
378.0,14354.305942350542,2250.039486416667,5.99535538959511,152.4,4,5,inbound-level,14315.485158466887,879.5115032066424,0.0,152.4,-90.0,0.0,0.0,11.078288849179446,2.1452348302066375,-90.0,1.4,1.7952118940575838e-11,1.2321345503383017e-95,499.76448654941305,0.0,-37348.87634087623,14217.887099208783,0.4478994175369621,-2.7252516941516332e-11,0.0,pseudo_6dof_kinematic_bridge,f16_s119.attitude_response_p6dof.v1,-0.7562951013162765,0.0,0.0,0.0893225837337992,reduced_response_law,0.0,0
379.0,14354.305942350542,2097.639486416667,5.995355389522621,152.4,4,5,inbound-level,14315.485158466887,727.1115032066427,0.0,152.4,-90.0,0.0,0.0,-69.1358024691358,2.145234829482965,-90.0,-1.4,-1.2630476382918284e-11,1.3690383892647794e-96,499.76448654864726,0.0,-37348.87634112197,14217.887099208878,0.4478994175369618,-1.8168344627677552e-11,0.0,pseudo_6dof_kinematic_bridge,f16_s119.attitude_response_p6dof.v1,-0.7562951013162765,0.0,0.0,0.0893225837337992,reduced_response_law,0.0,0
380.0,14354.305942350542,1945.2394864166668,5.9953553894742955,152.4,4,5,inbound-level,14315.485158466887,574.7115032066431,0.0,152.4,-90.0,0.0,0.0,11.078288849179446,2.1452348299921153,-90.0,1.4,8.886351430489165e-12,1.521153765849753e-97,499.76448654813794,0.0,-37348.87634128583,14217.887099208943,0.4478994175369616,-1.2112229751785035e-11,0.0,pseudo_6dof_kinematic_bridge,f16_s119.attitude_response_p6dof.v1,-0.7562951013162765,0.0,0.0,0.0893225837337992,reduced_response_law,0.0,0
381.0,14354.305942350542,1792.8394864166667,5.995355389442079,152.4,4,5,inbound-level,14315.485158466887,422.31150320664347,0.0,152.4,-90.0,0.0,0.0,-69.1358024691358,2.145234829633895,-90.0,-1.4,-6.25212094780018e-12,1.69017085094417e-98,499.7644865477996,0.0,-37348.87634139505,14217.887099208985,0.4478994175369614,-8.074819834523355e-12,0.0,pseudo_6dof_kinematic_bridge,f16_s119.attitude_response_p6dof.v1,-0.7562951013162765,0.0,0.0,0.0893225837337992,reduced_response_law,0.0,0
382.0,14354.305942350542,1640.4394864166666,5.995355389420601,152.4,4,5,inbound-level,14315.485158466887,269.91150320664383,0.0,152.4,-90.0,0.0,0.0,11.078288849179446,2.145234829885926,-90.0,1.4,4.398775781254031e-12,1.8779676121601904e-99,499.76448654757223,0.0,-37348.876341467854,14217.887099209012,0.44789941753696133,-5.38321322301557e-12,0.0,pseudo_6dof_kinematic_bridge,f16_s119.attitude_response_p6dof.v1,-0.7562951013162765,0.0,0.0,0.0893225837337992,reduced_response_law,0.0,0
383.0,14354.305942350542,1488.0394864166665,5.995355389406282,152.4,4,5,inbound-level,14315.485158466887,117.51150320664237,0.0,152.4,-90.0,0.0,0.0,-69.1358024691358,2.145234829708606,-90.0,-1.4,-3.0948183920007243e-12,2.0866306801779903e-100,499.7644865474249,0.0,-37348.87634151639,14217.887099209032,0.4478994175369612,-3.5888088153437125e-12,0.0,pseudo_6dof_kinematic_bridge,f16_s119.attitude_response_p6dof.v1,-0.7562951013162765,0.0,0.0,0.0893225837337992,reduced_response_law,0.0,0
384.0,14354.305942350542,1335.6394864166664,5.995355389396736,152.4,5,6,right-turn,14315.400131324239,-34.88835864591564,0.0,152.4,-90.27927291288944,0.0,20.0,11.078288849179446,2.1452348298333623,-90.27582509915007,1.4,2.1774017072343045e-12,-0.004814056139808394,499.76448654732485,0.0,-37348.87634154876,14217.887099209045,0.44789941753696116,-2.3925392102291414e-12,0.0,pseudo_6dof_kinematic_bridge,f16_s119.attitude_response_p6dof.v1,-0.7562951013162765,0.0,0.0,0.0893225837337992,reduced_response_law,0.0,0
385.0,14354.305942350542,1183.2394864166663,5.995355389390372,152.4,5,6,right-turn,14313.035015883946,-187.26712627563145,0.0,152.4,-91.49919339775393,0.0,20.0,-2.6446122260604366,2.145234829745588,-91.51473731866439,-0.23950980668840605,-1.5319468055136729e-12,-0.02162309737371563,499.76448654725755,0.0,-37348.87634157034,14217.887099209054,0.44789941753696116,-1.595026140152761e-12,0.0,pseudo_6dof_kinematic_bridge,f16_s119.attitude_response_p6dof.v1,-0.7562951013162765,0.0,0.0,0.0893225837337992,reduced_response_law,0.0,0
386.0,14354.120234163338,1030.8395995647752,5.9953553893861296,152.4,5,6,right-turn,14307.426289443729,-339.56100265651446,0.0,152.4,-92.71911388261844,0.0,20.0,77.56947909225481,2.1452348298073427,-92.84190194942923,1.4,1.0778253016564782e-12,-0.023163392522861478,499.7644865472121,0.0,-37348.876341584735,14217.88709920906,0.44789941753696116,-1.0633507601018406e-12,0.0,pseudo_6dof_kinematic_bridge,f16_s119.attitude_response_p6dof.v1,-0.7562951013162765,0.0,0.0,0.0893225837337992,reduced_response_law,0.0,0
387.0,14352.984044213099,878.4438349504101,5.995355389383302,152.4,5,6,right-turn,14298.57649453095,-491.70095048547415,0.0,152.4,-93.93903436748293,0.0,20.0,-2.6446122260604366,2.1452348297638943,-94.07295225956724,-1.4,-7.583196381227375e-13,-0.0214858811696058,499.76448654718297,0.0,-37348.87634159431,14217.887099209061,0.44789941753696116,-7.089005067345604e-13,0.0,pseudo_6dof_kinematic_bridge,f16_s119.attitude_response_p6dof.v1,-0.7562951013162765,0.0,0.0,0.0893225837337992,reduced_response_law,0.0,0
388.0,14350.32389858751,726.0670531716539,5.995355389381416,152.4,5,6,right-turn,14286.48964290227,-643.6180022377483,0.0,152.4,-95.15895485234745,0.0,20.0,77.56947909225481,2.1452348297944632,-95.28233078072353,1.4,5.335228886296072e-13,-0.02110763709707676,499.76448654716114,0.0,-37348.87634160071,14217.887099209065,0.44789941753696116,-4.726003378230402e-13,0.0,pseudo_6dof_kinematic_bridge,f16_s119.attitude_response_p6dof.v1,-0.7562951013162765,0.0,0.0,0.0893225837337992,reduced_response_law,0.0,0
389.0,14345.710051702075,573.7369103340732,5.995355389380159,152.4,5,6,right-turn,14271.17121372507,-795.2432914310091,0.0,152.4,-96.37887533721194,0.0,20.0,-2.6446122260604366,2.145234829772956,-96.49971314133438,-1.4,-3.7537088375707503e-13,-0.021247330448360427,499.7644865471502,0.0,-37348.87634160497,14217.887099209067,0.44789941753696116,-3.150668918820268e-13,0.0,pseudo_6dof_kinematic_bridge,f16_s119.attitude_response_p6dof.v1,-0.7562951013162765,0.0,0.0,0.0893225837337992,reduced_response_law,0.0,0
390.0,14338.820933598252,421.49269845148115,5.995355389379321,152.4,5,6,right-turn,14252.628151093642,-946.5080838436645,0.0,152.4,-97.59879582207644,0.0,20.0,77.56947909225481,2.145234829788088,-97.72049160682651,1.4,2.641011359843247e-13,-0.021306603660281666,499.7644865471357,0.0,-37348.876341607815,14217.887099209067,0.44789941753696116,-2.100445945880179e-13,0.0,pseudo_6dof_kinematic_bridge,f16_s119.attitude_response_p6dof.v1,-0.7562951013162765,0.0,0.0,0.0893225837337992,reduced_response_law,0.0,0
391.0,14329.416548976062,269.38314073113963,5.995355389378762,152.4,5,6,right-turn,14230.868860881325,-1097.343808673206,0.0,152.4,-98.81871630694094,0.0,20.0,-2.6446122260604366,2.1452348297774417,-98.94080002903125,-1.4,-1.858120300328361e-13,-0.021298399857289707,499.7644865471375,0.0,-37348.87634160969,14217.887099209067,0.44789941753696116,-1.4002972972534526e-13,0.0,pseudo_6dof_kinematic_bridge,f16_s119.attitude_response_p6dof.v1,-0.7562951013162765,0.0,0.0,0.0893225837337992,reduced_response_law,0.0,0
392.0,14317.318544253796,117.4640889906155,5.99535538937839,152.4,5,6,right-turn,14205.903206929986,-1247.6820896204708,0.0,152.4,-100.03863679180544,0.0,20.0,77.56947909225481,2.1452348297849317,-100.1606730762137,1.4,1.307272281910853e-13,-0.02129080112966991,499.7644865471284,0.0,-37348.87634161098,14217.88709920907,0.44789941753696116,-9.335315315023019e-14,0.0,pseudo_6dof_kinematic_bridge,f16_s119.attitude_response_p6dof.v1,-0.7562951013162765,0.0,0.0,0.0893225837337992,reduced_response_law,0.0,0
393.0,14302.395250778496,-34.2034926207825,5.995355389378141,152.4,5,6,right-turn,14177.74250657857,-1397.454775885739,0.0,152.4,-101.25855727666995,0.0,20.0,-2.6446122260604366,2.145234829779662,-101.38054460042532,-1.4,-9.197776140084612e-14,-0.021290774548814496,499.7644865471284,0.0,-37348.876341611816,14217.88709920907,0.44789941753696116,-6.223543543348677e-14,0.0,pseudo_6dof_kinematic_bridge,f16_s119.attitude_response_p6dof.v1,-0.7562951013162765,0.0,0.0,0.0893225837337992,reduced_response_law,0.0,0
394.0,14284.550449942135,-185.55514633857518,5.995355389377976,152.4,5,6,right-turn,14146.399525532772,-1546.5939730626037,0.0,152.4,-102.47847776153445,0.0,20.0,77.56947909225481,2.1452348297833694,-102.60046431161835,1.4,6.470785830922603e-14,-0.021291615570296598,499.7644865471266,0.0,-37348.87634161237,14217.88709920907,0.44789941753696116,-4.1490290288991184e-14,0.0,pseudo_6dof_kinematic_bridge,f16_s119.attitude_response_p6dof.v1,-0.7562951013162765,0.0,0.0,0.0893225837337992,reduced_response_law,0.0,0
395.0,14263.714927733125,-336.5241531389044,5.995355389377866,152.4,5,6,right-turn,14111.888472078139,-1695.032073915614,0.0,152.4,-103.69839824639895,0.0,20.0,-2.6446122260604366,2.1452348297807613,-103.82039014104038,-1.4,-4.552252114037342e-14,-0.02129172235353723,499.76448654712294,0.0,-37348.87634161275,14217.88709920907,0.44789941753696116,-2.7660193525994124e-14,0.0,pseudo_6dof_kinematic_bridge,f16_s119.attitude_response_p6dof.v1,-0.7562951013162765,0.0,0.0,0.0893225837337992,reduced_response_law,0.0,0
396.0,14239.840123178097,-487.042436770692,5.995355389377792,152.4,5,6,right-turn,14074.224990639214,-1842.7017890277402,0.0,152.4,-104.91831873126345,0.0,20.0,77.56947909225481,2.1452348297825963,-105.04031137169031,1.4,3.2023236590156294e-14,-0.02129164208982239,499.76448654712294,0.0,-37348.87634161299,14217.88709920907,0.44789941753696116,-1.8440129017329416e-14,0.0,pseudo_6dof_kinematic_bridge,f16_s119.attitude_response_p6dof.v1,-0.7562951013162765,0.0,0.0,0.0893225837337992,reduced_response_law,0.0,0
397.0,14212.893350304852,-637.0412082047201,5.995355389377743,152.4,5,6,right-turn,14033.426154687662,-1989.536177303768,0.0,152.4,-106.13823921612794,0.0,20.0,-2.6446122260604366,2.1452348297813053,-106.26023135478735,-1.4,-2.253053493120583e-14,-0.021291620315917005,499.76448654712294,0.0,-37348.87634161317,14217.88709920907,0.44789941753696116,-1.2293419344886277e-14,0.0,pseudo_6dof_kinematic_bridge,f16_s119.attitude_response_p6dof.v1,-0.7562951013162765,0.0,0.0,0.0893225837337992,reduced_response_law,0.0,0
398.0,14182.854203388462,-786.4514141899056,5.9953553893777105,152.4,5,6,right-turn,13989.510459002597,-2135.4686763157893,0.0,152.4,-107.35815970099246,0.0,20.0,77.56947909225481,2.1452348297822135,-107.48015169484022,1.4,1.5851757686626333e-14,-0.02129162654597126,499.76448654712294,0.0,-37348.876341613286,14217.88709920907,0.44789941753696116,-8.195612896590853e-15,0.0,pseudo_6dof_kinematic_bridge,f16_s119.attitude_response_p6dof.v1,-0.7562951013162765,0.0,0.0,0.0893225837337992,reduced_response_law,0.0,0
399.0,14149.711852323844,-935.2040429596507,5.995355389377688,152.4,5,6,right-turn,13942.49781128658,-2280.433132477037,0.0,152.4,-108.57808018585695,0.0,20.0,-2.6446122260604366,2.1452348297815744,-108.70007221757866,-1.4,-1.1147641290959819e-14,-0.02129162973443636,499.76448654712294,0.0,-37348.87634161335,14217.88709920907,0.44789941753696116,-5.463741931060568e-15,0.0,pseudo_6dof_kinematic_bridge,f16_s119.attitude_response_p6dof.v1,-0.7562951013162765,0.0,0.0,0.0893225837337992,reduced_response_law,0.0,0
400.0,14113.463007642085,-1083.2303286633653,5.995355389377674,152.4,5,6,right-turn,13892.409523141141,-2424.363831030392,0.0,152.4,-109.79800067072146,0.0,20.0,77.56947909225481,2.145234829782024,-109.91999272320915,1.4,7.848442059855906e-15,-0.02129162943584605,499.76448654712294,0.0,-37348.8763416134,14217.88709920907,0.44789941753696116,-3.6424946207070455e-15,0.0,pseudo_6dof_kinematic_bridge,f16_s119.attitude_response_p6dof.v1,-0.7562951013162765,0.0,0.0,0.0893225837337992,reduced_response_law,0.0,0
401.0,14074.11038922983,-1230.461885824524,5.995355389377664,152.4,5,6,right-turn,13839.268300405893,-2567.1955258379503,0.0,152.4,-111.01792115558595,0.0,20.0,-2.6446122260604366,2.1452348297817077,-111.13991320642914,-1.4,-5.520496044772377e-15,-0.021291629044708885,499.76448654712294,0.0,-37348.876341613424,14217.88709920907,0.44789941753696116,-2.4283297471380306e-15,0.0,pseudo_6dof_kinematic_bridge,f16_s119.attitude_response_p6dof.v1,-0.7562951013162765,0.0,0.0,0.0893225837337992,reduced_response_law,0.0,0
402.0,14031.661573817673,-1376.8307966973748,5.995355389377658,152.4,5,6,right-turn,13783.098232865583,-2708.8634689581695,0.0,152.4,-112.23784164045047,0.0,20.0,77.56947909225481,2.14523482978193,-112.35983368878328,1.4,3.8885498619513094e-15,-0.021291629029597223,499.76448654712294,0.0,-37348.87634161345,14217.88709920907,0.44789941753696116,-1.61888649809202e-15,0.0,pseudo_6dof_kinematic_bridge,f16_s119.attitude_response_p6dof.v1,-0.7562951013162765,0.0,0.0,0.0893225837337992,reduced_response_law,0.0,0
403.0,13986.128127168964,-1522.2696678298516,5.995355389377654,152.4,5,6,right-turn,13723.924783329805,-2849.303439997164,0.0,152.4,-113.45776212531496,0.0,20.0,-2.6446122260604366,2.1452348297817734,-113.57975417352058,-1.4,-2.731148191878007e-15,-0.021291629071191077,499.76448654712294,0.0,-37348.87634161347,14217.88709920907,0.44789941753696116,-1.07925766539468e-15,0.0,pseudo_6dof_kinematic_bridge,f16_s119.attitude_response_p6dof.v1,-0.7562951013162765,0.0,0.0,0.0893225837337992,reduced_response_law,0.0,0
404.0,13937.524950147992,-1666.7116672049228,5.995355389377651,152.4,5,6,right-turn,13661.774776090306,-2988.451775220863,0.0,152.4,-114.67768261017945,0.0,20.0,77.56947909225481,2.145234829781884,-114.79967465864831,1.4,1.9262652376905905e-15,-0.021291629078005213,499.76448654712294,0.0,-37348.87634161347,14217.88709920907,0.44789941753696116,-7.195051102631201e-16,0.0,pseudo_6dof_kinematic_bridge,f16_s119.attitude_response_p6dof.v1,-0.7562951013162765,0.0,0.0,0.0893225837337992,reduced_response_law,0.0,0
405.0,13885.86978536138,-1810.0905497185897,5.995355389377649,152.4,5,6,right-turn,13596.676384761076,-3126.2453964148194,0.0,152.4,-115.89760309504396,0.0,20.0,-2.6446122260604366,2.1452348297818062,-116.01959514355944,-1.4,-1.3589773112881005e-15,-0.021291629074224952,499.76448654712294,0.0,-37348.87634161347,14217.88709920907,0.44789941753696116,-4.796700735087467e-16,0.0,pseudo_6dof_kinematic_bridge,f16_s119.attitude_response_p6dof.v1,-0.7562951013162765,0.0,0.0,0.0893225837337992,reduced_response_law,0.0,0
406.0,13831.182844263043,-1952.3406761624956,5.995355389377648,152.4,5,6,right-turn,13528.659119506807,-3262.6218394785956,0.0,152.4,-117.11752357990846,0.0,20.0,77.56947909225481,2.145234829781861,-117.23951562840045,1.4,9.573510419539748e-16,-0.021291629073001396,499.76448654712294,0.0,-37348.8763416135,14217.88709920907,0.44789941753696116,-3.1978004900583108e-16,0.0,pseudo_6dof_kinematic_bridge,f16_s119.attitude_response_p6dof.v1,-0.7562951013162765,0.0,0.0,0.0893225837337992,reduced_response_law,0.0,0
407.0,13773.486524554377,-2093.3970290576253,5.9953553893776474,152.4,5,6,right-turn,13457.753813665437,-3397.51928274176,0.0,152.4,-118.33744406477298,0.0,20.0,-2.6446122260604366,2.1452348297818222,-118.45943611325687,-1.4,-6.737653078784148e-16,-0.021291629073270278,499.76448654712294,0.0,-37348.8763416135,14217.88709920907,0.44789941753696116,-2.1318669933722076e-16,0.0,pseudo_6dof_kinematic_bridge,f16_s119.attitude_response_p6dof.v1,-0.7562951013162765,0.0,0.0,0.0893225837337992,reduced_response_law,0.0,0
408.0,13712.805195198507,-2233.1952274280065,5.995355389377647,152.4,5,6,right-turn,13383.992609770905,-3530.8765749886634,0.0,152.4,-119.55736454963746,0.0,20.0,77.56947909225481,2.1452348297818493,-119.67935659812298,1.4,4.72956332434615e-16,-0.021291629073439195,499.76448654712294,0.0,-37348.8763416135,14217.88709920907,0.44789941753696116,-1.4212446622481385e-16,0.0,pseudo_6dof_kinematic_bridge,f16_s119.attitude_response_p6dof.v1,-0.7562951013162765,0.0,0.0,0.0893225837337992,reduced_response_law,0.0,0
409.0,13649.165032004397,-2371.6715417515293,5.995355389377647,152.4,5,6,right-turn,13307.40894498241,-3662.6332631792834,0.0,152.4,-120.77728503450197,0.0,20.0,-2.6446122260604366,2.14523482978183,-120.89927708298859,-1.4,-3.311637624842108e-16,-0.02129162907343033,499.76448654712294,0.0,-37348.8763416135,14217.88709920907,0.44789941753696116,-9.474964414987589e-17,0.0,pseudo_6dof_kinematic_bridge,f16_s119.attitude_response_p6dof.v1,-0.7562951013162765,0.0,0.0,0.0893225837337992,reduced_response_law,0.0,0
410.0,13582.593890978807,-2508.762909760427,5.995355389377647,152.4,5,6,right-turn,13228.0375359268,-3792.7296198535723,0.0,152.4,-121.99720551936647,0.0,20.0,77.56947909225481,2.145234829781844,-122.11919756785305,1.4,2.360696739705221e-16,-0.021291629073410485,499.76448654712294,0.0,-37348.8763416135,14217.88709920907,0.44789941753696116,-6.31664294332506e-17,0.0,pseudo_6dof_kinematic_bridge,f16_s119.attitude_response_p6dof.v1,-0.7562951013162765,0.0,0.0,0.0893225837337992,reduced_response_law,0.0,0
411.0,13513.121209835355,-2644.406953399432,5.995355389377647,152.4,5,6,right-turn,13145.914362960963,-3921.106670206896,0.0,152.4,-123.21712600423096,0.0,20.0,-2.6446122260604366,2.145234829781834,-123.3391180527174,-1.4,-1.6555270322447793e-16,-0.02129162907340872,499.76448654712294,0.0,-37348.8763416135,14217.88709920907,0.44789941753696116,-4.21109529555004e-17,0.0,pseudo_6dof_kinematic_bridge,f16_s119.attitude_response_p6dof.v1,-0.7562951013162765,0.0,0.0,0.0893225837337992,reduced_response_law,0.0,0
412.0,13440.77793044949,-2778.5419970222633,5.995355389377647,152.4,5,6,right-turn,13061.076653861333,-4047.7062188242735,0.0,152.4,-124.43704648909547,0.0,20.0,77.56947909225481,2.1452348297818413,-124.55903853758191,1.4,1.1803275284114479e-16,-0.021291629073411155,499.76448654712294,0.0,-37348.8763416135,14217.88709920907,0.44789941753696116,-2.807396863700026e-17,0.0,pseudo_6dof_kinematic_bridge,f16_s119.attitude_response_p6dof.v1,-0.7562951013162765,0.0,0.0,0.0893225837337992,reduced_response_law,0.0,0
413.0,13365.596436851682,-2911.107086772177,5.995355389377647,152.4,5,6,right-turn,12973.562866947945,-4172.470876061309,0.0,152.4,-125.65696697395997,0.0,20.0,-2.6446122260604366,2.1452348297818364,-125.77895902244641,-1.4,-8.277620274480208e-17,-0.021291629073411426,499.76448654712294,0.0,-37348.8763416135,14217.88709920907,0.44789941753696116,-1.871597909133351e-17,0.0,pseudo_6dof_kinematic_bridge,f16_s119.attitude_response_p6dof.v1,-0.7562951013162765,0.0,0.0,0.0893225837337992,reduced_response_law,0.0,0
414.0,13287.61050470591,-3042.042011018366,5.995355389377647,152.4,5,6,right-turn,12883.412673650639,-4295.344084059859,0.0,152.4,-126.87688745882448,0.0,20.0,77.56947909225481,2.14523482978184,-126.99887950731092,1.4,5.901636578718404e-17,-0.021291629073411457,499.76448654712294,0.0,-37348.8763416135,14217.88709920907,0.44789941753696116,-1.2477319394222337e-17,0.0,pseudo_6dof_kinematic_bridge,f16_s119.attitude_response_p6dof.v1,-0.7562951013162765,0.0,0.0,0.0893225837337992,reduced_response_law,0.0,0
415.0,13206.85525923794,-3171.287321685361,5.995355389377647,152.4,5,6,right-turn,12790.666940525347,-4416.270142386629,0.0,152.4,-128.09680794368896,0.0,20.0,-2.6446122260604366,2.1452348297818373,-128.2187999921754,-1.4,-4.669847860055743e-17,-0.02129162907341102,499.76448654712294,0.0,-37348.8763416135,14217.88709920907,0.44789941753696116,-8.318212929481558e-18,0.0,pseudo_6dof_kinematic_bridge,f16_s119.attitude_response_p6dof.v1,-0.7562951013162765,0.0,0.0,0.0893225837337992,reduced_response_law,0.0,0
416.0,13123.367139341373,-3298.784356302392,5.995355389377647,152.4,5,6,right-turn,12695.36771072864,-4535.194233283095,0.0,152.4,-129.31672842855346,0.0,20.0,77.56947909225481,2.145234829781839,-129.4387204770399,1.4,3.519787354043015e-17,-0.021291629073411412,499.76448654712294,0.0,-37348.8763416135,14217.88709920907,0.44789941753696116,-5.5454752863210385e-18,0.0,pseudo_6dof_kinematic_bridge,f16_s119.attitude_response_p6dof.v1,-0.7562951013162765,0.0,0.0,0.0893225837337992,reduced_response_law,0.0,0
417.0,13037.183866162355,-3424.475260603979,5.995355389377647,152.4,5,6,right-turn,12597.558184958845,-4652.062446515288,0.0,152.4,-130.53664891341796,0.0,20.0,-2.6446122260604366,2.1452348297818378,-130.6586409619044,-1.4,-2.3755645775052855e-17,-0.021291629073411453,499.76448654712294,0.0,-37348.8763416135,14217.88709920907,0.44789941753696116,-3.696983524214027e-18,0.0,pseudo_6dof_kinematic_bridge,f16_s119.attitude_response_p6dof.v1,-0.7562951013162765,0.0,0.0,0.0893225837337992,reduced_response_law,0.0,0
418.0,12948.344414893394,-3548.3030115252886,5.995355389377647,152.4,5,6,right-turn,12497.282701872493,-4766.821803812178,0.0,152.4,-131.7565693982825,0.0,20.0,77.56947909225481,2.1452348297818387,-131.87856144676894,1.4,1.2317587816443416e-17,-0.02129162907341146,499.76448654712294,0.0,-37348.8763416135,14217.88709920907,0.44789941753696116,-2.464655682809351e-18,0.0,pseudo_6dof_kinematic_bridge,f16_s119.attitude_response_p6dof.v1,-0.7562951013162765,0.0,0.0,0.0893225837337992,reduced_response_law,0.0,0
419.0,12856.888988828732,-3670.2114404518034,5.995355389377647,152.4,5,6,right-turn,12394.58671798486,-4879.420282881602,0.0,152.4,-132.976489883147,0.0,20.0,-2.6446122260604366,2.1452348297818378,-133.09848193163344,-1.4,-1.1500583676542741e-17,-0.02129162907341146,499.76448654712294,0.0,-37348.8763416135,14217.88709920907,0.44789941753696116,-1.6431037885395675e-18,0.0,pseudo_6dof_kinematic_bridge,f16_s119.attitude_response_p6dof.v1,-0.7562951013162765,0.0,0.0,0.0893225837337992,reduced_response_law,0.0,0
420.0,12762.858994975004,-3790.1452565999925,5.995355389377647,152.4,5,6,right-turn,12289.516787063792,-4989.806840992808,0.0,152.4,-134.19641036801147,0.0,20.0,77.56947909225481,2.1452348297818387,-134.31840241649792,1.4,1.1442226237978404e-17,-0.02129162907341102,499.76448654712294,0.0,-37348.8763416135,14217.88709920907,0.44789941753696116,-1.0954025256930451e-18,0.0,pseudo_6dof_kinematic_bridge,f16_s119.attitude_response_p6dof.v1,-0.7562951013162765,0.0,0.0,0.0893225837337992,reduced_response_law,0.0,0
421.0,12666.29702069162,-3908.050070422393,5.995355389377647,152.4,5,6,right-turn,12182.120539026128,-5097.931438114968,0.0,152.4,-135.41633085287597,0.0,20.0,-2.6446122260604366,2.1452348297818378,-135.53832290136242,-1.4,-1.1438057849509523e-17,-0.021291629073411412,499.76448654712294,0.0,-37348.8763416135,14217.88709920907,0.44789941753696116,-7.302683504620299e-19,0.0,pseudo_6dof_kinematic_bridge,f16_s119.attitude_response_p6dof.v1,-0.7562951013162765,0.0,0.0,0.0893225837337992,reduced_response_law,0.0,0
422.0,12567.246810970619,-4023.8724169459624,5.995355389377647,152.4,5,6,right-turn,12072.446658346269,-5203.745059601131,0.0,152.4,-136.63625133774048,0.0,20.0,77.56947909225481,2.1452348297818387,-136.7582433862269,1.4,1.1437760107476031e-17,-0.021291629073411013,499.76448654712294,0.0,-37348.8763416135,14217.88709920907,0.44789941753696116,-4.868455669746866e-19,0.0,pseudo_6dof_kinematic_bridge,f16_s119.attitude_response_p6dof.v1,-0.7562951013162765,0.0,0.0,0.0893225837337992,reduced_response_law,0.0,0
423.0,12465.753246067005,-4137.559778966355,5.995355389377647,152.4,5,6,right-turn,11960.54486198672,-5307.199738407377,0.0,152.4,-137.85617182260498,0.0,20.0,-2.6446122260604366,2.1452348297818378,-137.97816387109143,-1.4,-1.1437738840187923e-17,-0.021291629073411412,499.76448654712294,0.0,-37348.8763416135,14217.88709920907,0.44789941753696116,-3.2456371131645775e-19,0.0,pseudo_6dof_kinematic_bridge,f16_s119.attitude_response_p6dof.v1,-0.7562951013162765,0.0,0.0,0.0893225837337992,reduced_response_law,0.0,0
424.0,12361.862319266347,-4249.060610032767,5.995355389377647,152.4,5,6,right-turn,11846.465876860579,-5408.248576837048,0.0,152.4,-139.07609230746948,0.0,20.0,77.56947909225481,2.1452348297818387,-139.19808435595593,1.4,1.1437737321095919e-17,-0.021291629073411453,499.76448654712294,0.0,-37348.8763416135,14217.88709920907,0.44789941753696116,-2.163758075443052e-19,0.0,pseudo_6dof_kinematic_bridge,f16_s119.attitude_response_p6dof.v1,-0.7562951013162765,0.0,0.0,0.0893225837337992,reduced_response_law,0.0,0
425.0,12255.621114633142,-4358.324357168243,5.995355389377647,152.4,5,6,right-turn,11730.26141683618,-5506.845767800253,0.0,152.4,-140.29601279233398,0.0,20.0,-2.6446122260604366,2.1452348297818378,-140.41800484082043,-1.4,-1.1437737212589347e-17,-0.02129162907341146,499.76448654712294,0.0,-37348.8763416135,14217.88709920907,0.44789941753696116,-1.4425053836287016e-19,0.0,pseudo_6dof_kinematic_bridge,f16_s119.attitude_response_p6dof.v1,-0.7562951013162765,0.0,0.0,0.0893225837337992,reduced_response_law,0.0,0
426.0,12147.077784625788,-4465.301483278989,5.995355389377647,152.4,5,6,right-turn,11611.984159294374,-5602.946615578961,0.0,152.4,-141.51593327719846,0.0,20.0,77.56947909225481,2.1452348297818387,-141.6379253256849,1.4,1.1437737204838878e-17,-0.02129162907341102,499.76448654712294,0.0,-37348.8763416135,14217.88709920907,0.44789941753696116,-9.616702557524676e-20,0.0,pseudo_6dof_kinematic_bridge,f16_s119.attitude_response_p6dof.v1,-0.7562951013162765,0.0,0.0,0.0893225837337992,reduced_response_law,0.0,0
427.0,12036.281527495781,-4569.9434892134195,5.995355389377647,152.4,5,6,right-turn,11491.687721249002,-5696.507556088306,0.0,152.4,-142.735853762063,0.0,20.0,-2.6446122260604366,2.1452348297818378,-142.85784581054943,-1.4,-1.143773720428527e-17,-0.021291629073411412,499.76448654712294,0.0,-37348.8763416135,14217.88709920907,0.44789941753696116,-6.411135038349785e-20,0.0,pseudo_6dof_kinematic_bridge,f16_s119.attitude_response_p6dof.v1,-0.7562951013162765,0.0,0.0,0.0893225837337992,reduced_response_law,0.0,0
428.0,11923.28256441244,-4672.202935437666,5.995355389377647,152.4,5,6,right-turn,11369.426635041427,-5787.486176624894,0.0,152.4,-143.9557742469275,0.0,20.0,77.56947909225481,2.1452348297818387,-144.07776629541394,1.4,1.1437737204245725e-17,-0.021291629073411453,499.76448654712294,0.0,-37348.8763416135,14217.88709920907,0.44789941753696116,-4.2740900255665227e-20,0.0,pseudo_6dof_kinematic_bridge,f16_s119.attitude_response_p6dof.v1,-0.7562951013162765,0.0,0.0,0.0893225837337992,reduced_response_law,0.0,0
429.0,11808.132116272182,-4772.033463299125,5.995355389377647,152.4,5,6,right-turn,11245.25632362013,-5875.841235093182,0.0,152.4,-145.175694731792,0.0,20.0,-2.6446122260604366,2.1452348297818378,-145.29768678027844,-1.4,-1.1437737204242905e-17,-0.02129162907341146,499.76448654712294,0.0,-37348.8763416135,14217.88709920907,0.44789941753696116,-2.8493933503776814e-20,0.0,pseudo_6dof_kinematic_bridge,f16_s119.attitude_response_p6dof.v1,-0.7562951013162765,0.0,0.0,0.0893225837337992,reduced_response_law,0.0,0
430.0,11690.882380164705,-4869.389815853681,5.995355389377647,152.4,5,6,right-turn,11119.23307541658,-5961.532678701185,0.0,152.4,-146.39561521665647,0.0,20.0,77.56947909225481,2.1452348297818387,-146.5176072651429,1.4,1.1437737204242699e-17,-0.02129162907341102,499.76448654712294,0.0,-37348.8763416135,14217.88709920907,0.44789941753696116,-1.8995955669184546e-20,0.0,pseudo_6dof_kinematic_bridge,f16_s119.attitude_response_p6dof.v1,-0.7562951013162765,0.0,0.0,0.0893225837337992,reduced_response_law,0.0,0
431.0,11571.586505478343,-4964.227858235499,5.995355389377647,152.4,5,6,right-turn,10991.414018828778,-6044.521662117066,0.0,152.4,-147.615535701521,0.0,20.0,-2.6446122260604366,2.1452348297818378,-147.73752775000742,-1.4,-1.1437737204242687e-17,-0.021291629073411412,499.76448654712294,0.0,-37348.8763416135,14217.88709920907,0.44789941753696116,-1.2663970446123033e-20,0.0,pseudo_6dof_kinematic_bridge,f16_s119.attitude_response_p6dof.v1,-0.7562951013162765,0.0,0.0,0.0893225837337992,reduced_response_law,0.0,0
432.0,11450.298569634295,-5056.504597550942,5.995355389377647,152.4,5,6,right-turn,10861.857096324014,-6124.770565078361,0.0,152.4,-148.8354561863855,0.0,20.0,77.56947909225481,2.1452348297818387,-148.95744823487195,1.4,1.143773720424269e-17,-0.021291629073411453,499.76448654712294,0.0,-37348.8763416135,14217.88709920907,0.44789941753696116,-8.442646964082021e-21,0.0,pseudo_6dof_kinematic_bridge,f16_s119.attitude_response_p6dof.v1,-0.7562951013162765,0.0,0.0,0.0893225837337992,reduced_response_law,0.0,0
433.0,11327.073553445087,-5146.178202280367,5.995355389377647,152.4,5,6,right-turn,10730.621038172596,-6202.243009445858,0.0,152.4,-150.05537667125,0.0,20.0,-2.6446122260604366,2.1452348297818378,-150.17736871973645,-1.4,-1.1437737204242687e-17,-0.02129162907341146,499.76448654712294,0.0,-37348.8763416135,14217.88709920907,0.44789941753696116,-5.628431309388015e-21,0.0,pseudo_6dof_kinematic_bridge,f16_s119.attitude_response_p6dof.v1,-0.7562951013162765,0.0,0.0,0.0893225837337992,reduced_response_law,0.0,0
434.0,11201.967316096754,-5233.208021173335,5.995355389377647,152.4,5,6,right-turn,10597.765335824466,-6276.9038756943955,0.0,152.4,-151.27529715611448,0.0,20.0,77.56947909225481,2.1452348297818387,-151.39728920460092,1.4,1.143773720424269e-17,-0.02129162907341102,499.76448654712294,0.0,-37348.8763416135,14217.88709920907,0.44789941753696116,-3.7522875395920095e-21,0.0,pseudo_6dof_kinematic_bridge,f16_s119.attitude_response_p6dof.v1,-0.7562951013162765,0.0,0.0,0.0893225837337992,reduced_response_law,0.0,0
435.0,11075.036569757483,-5317.554601624209,5.995355389377647,152.4,5,6,right-turn,10463.350214940749,-6348.7193188331275,0.0,152.4,-152.49521764097898,0.0,20.0,-2.6446122260604366,2.1452348297818378,-152.61720968946543,-1.4,-1.1437737204242687e-17,-0.021291629073411412,499.76448654712294,0.0,-37348.8763416135,14217.88709920907,0.44789941753696116,-2.5015250263946734e-21,0.0,pseudo_6dof_kinematic_bridge,f16_s119.attitude_response_p6dof.v1,-0.7562951013162765,0.0,0.0,0.0893225837337992,reduced_response_law,0.0,0
436.0,10946.338853817791,-5399.179707516368,5.995355389377647,152.4,5,6,right-turn,10327.436608092477,-6417.656783748007,0.0,152.4,-153.7151381258435,0.0,20.0,77.56947909225481,2.1452348297818387,-153.83713017432993,1.4,1.143773720424269e-17,-0.021291629073411453,499.76448654712294,0.0,-37348.8763416135,14217.88709920907,0.44789941753696116,-1.6676833509297823e-21,0.0,pseudo_6dof_kinematic_bridge,f16_s119.attitude_response_p6dof.v1,-0.7562951013162765,0.0,0.0,0.0893225837337992,reduced_response_law,0.0,0
437.0,10815.932508769178,-5478.0463365242185,5.995355389377647,152.4,5,6,right-turn,10190.08612713886,-6483.6850199595465,0.0,152.4,-154.935058610708,0.0,20.0,-2.6446122260604366,2.1452348297818378,-155.05705065919446,-1.4,-1.1437737204242687e-17,-0.02129162907341146,499.76448654712294,0.0,-37348.8763416135,14217.88709920907,0.44789941753696116,-1.111788900619855e-21,0.0,pseudo_6dof_kinematic_bridge,f16_s119.attitude_response_p6dof.v1,-0.7562951013162765,0.0,0.0,0.0893225837337992,reduced_response_law,0.0,0
438.0,10683.876649729587,-5554.11873686308,5.995355389377647,152.4,5,6,right-turn,10051.361035297623,-6546.774095789176,0.0,152.4,-156.1549790955725,0.0,20.0,77.56947909225481,2.1452348297818387,-156.27697114405893,1.4,1.143773720424269e-17,-0.02129162907341102,499.76448654712294,0.0,-37348.8763416135,14217.88709920907,0.44789941753696116,-7.411926004132368e-22,0.0,pseudo_6dof_kinematic_bridge,f16_s119.attitude_response_p6dof.v1,-0.7562951013162765,0.0,0.0,0.0893225837337992,reduced_response_law,0.0,0
439.0,10550.231139625059,-5627.362423477699,5.995355389377647,152.4,5,6,right-turn,9911.324218920068,-6606.895411927765,0.0,152.4,-157.374899580437,0.0,20.0,-2.6446122260604366,2.1452348297818378,-157.49689162892344,-1.4,-1.1437737204242687e-17,-0.021291629073411412,499.76448654712294,0.0,-37348.8763416135,14217.88709920907,0.44789941753696116,-4.94128400275491e-22,0.0,pseudo_6dof_kinematic_bridge,f16_s119.attitude_response_p6dof.v1,-0.7562951013162765,0.0,0.0,0.0893225837337992,reduced_response_law,0.0,0
440.0,10415.056562037807,-5697.7441936608075,5.995355389377647,152.4,5,6,right-turn,9770.039158983674,-6664.021714400147,0.0,152.4,-158.5948200653015,0.0,20.0,77.56947909225481,2.1452348297818387,-158.71681211378794,1.4,1.143773720424269e-17,-0.021291629073411453,499.76448654712294,0.0,-37348.8763416135,14217.88709920907,0.44789941753696116,-3.2941893351699404e-22,0.0,pseudo_6dof_kinematic_bridge,f16_s119.attitude_response_p6dof.v1,-0.7562951013162765,0.0,0.0,0.0893225837337992,reduced_response_law,0.0,0
441.0,10278.41419373161,-5765.232142093646,5.995355389377647,152.4,5,6,right-turn,9627.56990231512,-6718.127106919802,0.0,152.4,-159.814740550166,0.0,20.0,-2.6446122260604366,2.1452348297818378,-159.93673259865244,-1.4,-1.1437737204242687e-17,-0.02129162907341102,499.76448654712294,0.0,-37348.8763416135,14217.88709920907,0.44789941753696116,-2.1961262234466274e-22,0.0,pseudo_6dof_kinematic_bridge,f16_s119.attitude_response_p6dof.v1,-0.7562951013162765,0.0,0.0,0.0893225837337992,reduced_response_law,0.0,0
442.0,10140.36597686592,-5829.795675300891,5.995355389377647,152.4,5,6,right-turn,9483.98103255681,-6769.187062628062,0.0,152.4,-161.03466103503052,0.0,20.0,77.56947909225481,2.1452348297818387,-161.15665308351697,1.4,1.143773720424269e-17,-0.02129162907341185,499.76448654712294,0.0,-37348.8763416135,14217.88709920907,0.44789941753696116,-1.4640841489644182e-22,0.0,pseudo_6dof_kinematic_bridge,f16_s119.attitude_response_p6dof.v1,-0.7562951013162765,0.0,0.0,0.0893225837337992,reduced_response_law,0.0,0
443.0,10000.974490910496,-5891.4055255128405,5.995355389377647,152.4,5,6,right-turn,9339.33764089008,-6817.178435212533,0.0,152.4,-162.254581519895,0.0,20.0,-2.6446122260604366,2.1452348297818378,-162.37657356838145,-1.4,-1.1437737204242687e-17,-0.02129162907341106,499.76448654712294,0.0,-37348.8763416135,14217.88709920907,0.44789941753696116,-9.760560993096122e-23,0.0,pseudo_6dof_kinematic_bridge,f16_s119.attitude_response_p6dof.v1,-0.7562951013162765,0.0,0.0,0.0893225837337992,reduced_response_law,0.0,0
444.0,9860.302924272739,-5950.033763928123,5.995355389377647,152.4,5,6,right-turn,9193.705296528262,-6862.079469399704,0.0,152.4,-163.4745020047595,0.0,20.0,77.56947909225481,2.1452348297818387,-163.59649405324595,1.4,1.143773720424269e-17,-0.021291629073411415,499.76448654712294,0.0,-37348.8763416135,14217.88709920907,0.44789941753696116,-6.50704066206408e-23,0.0,pseudo_6dof_kinematic_bridge,f16_s119.attitude_response_p6dof.v1,-0.7562951013162765,0.0,0.0,0.0893225837337992,reduced_response_law,0.0,0
445.0,9718.41504565015,-6005.653813370582,5.995355389377647,152.4,5,6,right-turn,9047.150016993115,-6903.869810816965,0.0,152.4,-164.694422489624,0.0,20.0,-2.6446122260604366,2.1452348297818378,-164.81641453811042,-1.4,-1.1437737204242687e-17,-0.021291629073411013,499.76448654712294,0.0,-37348.8763416135,14217.88709920907,0.44789941753696116,-4.3380271080427206e-23,0.0,pseudo_6dof_kinematic_bridge,f16_s119.attitude_response_p6dof.v1,-0.7562951013162765,0.0,0.0,0.0893225837337992,reduced_response_law,0.0,0
446.0,9575.375175120593,-6058.240460334307,5.995355389377647,152.4,5,6,right-turn,8899.73823818799,-6942.530515219572,0.0,152.4,-165.9143429744885,0.0,20.0,77.56947909225481,2.1452348297818387,-166.03633502297495,1.4,1.143773720424269e-17,-0.021291629073411412,499.76448654712294,0.0,-37348.8763416135,14217.88709920907,0.44789941753696116,-2.8920180720284804e-23,0.0,pseudo_6dof_kinematic_bridge,f16_s119.attitude_response_p6dof.v1,-0.7562951013162765,0.0,0.0,0.0893225837337992,reduced_response_law,0.0,0
447.0,9431.248154983241,-6107.769866411179,5.995355389377647,152.4,5,6,right-turn,8751.53678428136,-6978.044057078395,0.0,152.4,-167.134263459353,0.0,20.0,-2.6446122260604366,2.1452348297818378,-167.25625550783946,-1.4,-1.1437737204242687e-17,-0.021291629073411453,499.76448654712294,0.0,-37348.8763416135,14217.88709920907,0.44789941753696116,-1.9280120480189865e-23,0.0,pseudo_6dof_kinematic_bridge,f16_s119.attitude_response_p6dof.v1,-0.7562951013162765,0.0,0.0,0.0893225837337992,reduced_response_law,0.0,0
448.0,9286.099320363259,-6154.2195790955575,5.995355389377647,152.4,5,6,right-turn,8602.61283741433,-7010.394337524511,0.0,152.4,-168.3541839442175,0.0,20.0,77.56947909225481,2.1452348297818387,-168.47617599270396,1.4,1.143773720424269e-17,-0.02129162907341146,499.76448654712294,0.0,-37348.8763416135,14217.88709920907,0.44789941753696116,-1.2853413653459909e-23,0.0,pseudo_6dof_kinematic_bridge,f16_s119.attitude_response_p6dof.v1,-0.7562951013162765,0.0,0.0,0.0893225837337992,reduced_response_law,0.0,0
449.0,9139.994469593408,-6197.568541961118,5.995355389377647,152.4,5,6,right-turn,8453.033907245863,-7039.566691647096,0.0,152.4,-169.57410442908198,0.0,20.0,-2.6446122260604366,2.1452348297818378,-169.69609647756843,-1.4,-1.1437737204242687e-17,-0.02129162907341102,499.76448654712294,0.0,-37348.8763416135,14217.88709920907,0.44789941753696116,-8.56894243563994e-24,0.0,pseudo_6dof_kinematic_bridge,f16_s119.attitude_response_p6dof.v1,-0.7562951013162765,0.0,0.0,0.0893225837337992,reduced_response_law,0.0,0
450.0,8992.999834385926,-6237.7971042051195,5.995355389377647,152.4,5,6,right-turn,8302.86780034956,-7065.547895141268,0.0,152.4,-170.79402491394652,0.0,20.0,77.56947909225481,2.1452348297818387,-170.91601696243293,1.4,1.143773720424269e-17,-0.021291629073411412,499.76448654712294,0.0,-37348.8763416135,14217.88709920907,0.44789941753696116,-5.712628290426626e-24,0.0,pseudo_6dof_kinematic_bridge,f16_s119.attitude_response_p6dof.v1,-0.7562951013162765,0.0,0.0,0.0893225837337992,reduced_response_law,0.0,0
451.0,8845.182049808129,-6274.887029555705,5.995355389377647,152.4,5,6,right-turn,8152.182589475836,-7088.326170302869,0.0,152.4,-172.01394539881102,0.0,20.0,-2.6446122260604366,2.1452348297818378,-172.13593744729747,-1.4,-1.1437737204242687e-17,-0.021291629073411453,499.76448654712294,0.0,-37348.8763416135,14217.88709920907,0.44789941753696116,-3.808418860284418e-24,0.0,pseudo_6dof_kinematic_bridge,f16_s119.attitude_response_p6dof.v1,-0.7562951013162765,0.0,0.0,0.0893225837337992,reduced_response_law,0.0,0
452.0,8696.608124075296,-6308.821504538155,5.995355389377647,152.4,5,6,right-turn,8001.04658269341,-7107.891191367508,0.0,152.4,-173.23386588367552,0.0,20.0,77.56947909225481,2.1452348297818387,-173.35585793216197,1.4,1.143773720424269e-17,-0.02129162907341146,499.76448654712294,0.0,-37348.8763416135,14217.88709920907,0.44789941753696116,-2.538945906856279e-24,0.0,pseudo_6dof_kinematic_bridge,f16_s119.attitude_response_p6dof.v1,-0.7562951013162765,0.0,0.0,0.0893225837337992,reduced_response_law,0.0,0
453.0,8547.345408174495,-6339.585146096282,5.995355389377647,152.4,5,6,right-turn,7849.528292424166,-7124.234089191387,0.0,152.4,-174.45378636854,0.0,20.0,-2.6446122260604366,2.1452348297818378,-174.57577841702644,-1.4,-1.1437737204242687e-17,-0.02129162907341102,499.76448654712294,0.0,-37348.8763416135,14217.88709920907,0.44789941753696116,-1.6926306045708526e-24,0.0,pseudo_6dof_kinematic_bridge,f16_s119.attitude_response_p6dof.v1,-0.7562951013162765,0.0,0.0,0.0893225837337992,reduced_response_law,0.0,0
454.0,8397.461565333102,-6367.164008565512,5.995355389377647,152.4,5,6,right-turn,7697.69640438533,-7137.34745527183,0.0,152.4,-175.6737068534045,0.0,20.0,77.56947909225481,2.1452348297818387,-175.79569890189094,1.4,1.143773720424269e-17,-0.021291629073411412,499.76448654712294,0.0,-37348.8763416135,14217.88709920907,0.44789941753696116,-1.1284204030472349e-24,0.0,pseudo_6dof_kinematic_bridge,f16_s119.attitude_response_p6dof.v1,-0.7562951013162765,0.0,0.0,0.0893225837337992,reduced_response_law,0.0,0
455.0,8247.024540345818,-6391.545589994431,5.995355389377647,152.4,5,6,right-turn,7545.619746453132,-7147.225345105684,0.0,152.4,-176.89362733826903,0.0,20.0,-2.6446122260604366,2.1452348297818378,-177.01561938675547,-1.4,-1.1437737204242687e-17,-0.021291629073411453,499.76448654712294,0.0,-37348.8763416135,14217.88709920907,0.44789941753696116,-7.522802686981567e-25,0.0,pseudo_6dof_kinematic_bridge,f16_s119.attitude_response_p6dof.v1,-0.7562951013162765,0.0,0.0,0.0893225837337992,reduced_response_law,0.0,0
456.0,8096.102528774086,-6412.718837811949,5.995355389377647,152.4,5,6,right-turn,7393.367257461987,-7153.863280884051,0.0,152.4,-178.1135478231335,0.0,20.0,77.56947909225481,2.1452348297818387,-178.23553987161995,1.4,1.143773720424269e-17,-0.02129162907341102,499.76448654712294,0.0,-37348.8763416135,14217.88709920907,0.44789941753696116,-5.015201791321046e-25,0.0,pseudo_6dof_kinematic_bridge,f16_s119.attitude_response_p6dof.v1,-0.7562951013162765,0.0,0.0,0.0893225837337992,reduced_response_law,0.0,0
457.0,7944.763946031866,-6430.674153837466,5.995355389377647,152.4,5,6,right-turn,7241.0079559534015,-7157.258253522162,0.0,152.4,-179.33346830799803,0.0,20.0,-2.6446122260604366,2.1452348297818378,-179.45546035648448,-1.4,-1.1437737204242687e-17,-0.02129162907341185,499.76448654712294,0.0,-37348.8763416135,14217.88709920907,0.44789941753696116,-3.3434678608806967e-25,0.0,pseudo_6dof_kinematic_bridge,f16_s119.attitude_response_p6dof.v1,-0.7562951013162765,0.0,0.0,0.0893225837337992,reduced_response_law,0.0,0
458.0,7793.077396371756,-6445.403398631781,5.995355389377647,152.4,5,6,right-turn,7088.6109088887515,-7157.408724023436,0.0,152.4,179.44661120713752,0.0,20.0,77.56947909225481,2.1452348297818387,-156.67269527179207,1.4,1.143773720424269e-17,0.3976342634362876,499.76448654712294,0.0,-37348.8763416135,14217.88709920907,0.44789941753696116,-2.2289785739204643e-25,0.0,pseudo_6dof_kinematic_bridge,f16_s119.attitude_response_p6dof.v1,-0.7562951013162765,0.0,0.0,0.0893225837337992,reduced_response_law,0.0,0
459.0,7641.111641785528,-6456.899895186751,5.995355389377647,152.4,5,6,right-turn,6936.245200340083,-7154.314624177134,0.0,152.4,178.22669072227296,0.0,20.0,-2.6446122260604366,2.1452348297818378,-131.22296512381553,-1.4,-1.1437737204242687e-17,0.4441815848262542,499.76448654712294,0.0,-37348.8763416135,14217.88709920907,0.44789941753696116,-1.4859857159469765e-25,0.0,pseudo_6dof_kinematic_bridge,f16_s119.attitude_response_p6dof.v1,-0.7562951013162765,0.0,0.0,0.0893225837337992,reduced_response_law,0.0,0
460.0,7488.935570833172,-6465.158431952031,5.995355389377647,152.4,5,6,right-turn,6783.979900173182,-7147.977356589284,0.0,152.4,177.0067702374085,0.0,20.0,77.56947909225481,2.1452348297818387,-105.47690552436299,1.4,1.143773720424269e-17,0.44935350942513935,499.76448654712294,0.0,-37348.8763416135,14217.88709920907,0.44789941753696116,-9.906571439646511e-26,0.0,pseudo_6dof_kinematic_bridge,f16_s119.attitude_response_p6dof.v1,-0.7562951013162765,0.0,0.0,0.0893225837337992,reduced_response_law,0.0,0
461.0,7336.618167414564,-6470.175265197506,5.995355389377647,152.4,5,6,right-turn,6631.884032737073,-7138.399794046853,0.0,152.4,175.78684975254401,0.0,20.0,-2.6446122260604366,2.1452348297818378,-79.697920430302,-1.4,-1.1437737204242687e-17,0.44992816771390437,499.76448654712294,0.0,-37348.8763416135,14217.88709920907,0.44789941753696116,-6.60438095976434e-26,0.0,pseudo_6dof_kinematic_bridge,f16_s119.attitude_response_p6dof.v1,-0.7562951013162765,0.0,0.0,0.0893225837337992,reduced_response_law,0.0,0
462.0,7184.228479497925,-6471.948120710352,5.995355389377647,152.4,5,6,right-turn,6480.026545574153,-7125.586278215466,0.0,152.4,174.56692926767948,0.0,20.0,77.56947909225481,2.1452348297818387,-53.9152769479512,1.4,1.143773720424269e-17,0.44999201863487825,499.76448654712294,0.0,-37348.8763416135,14217.88709920907,0.44789941753696116,-4.4029206398428933e-26,0.0,pseudo_6dof_kinematic_bridge,f16_s119.attitude_response_p6dof.v1,-0.7562951013162765,0.0,0.0,0.0893225837337992,reduced_response_law,0.0,0
463.0,7031.835587819242,-6470.4761948259475,5.995355389377647,152.4,5,6,right-turn,6328.476278165154,-7109.542617671262,0.0,152.4,173.34700878281498,0.0,20.0,-2.6446122260604366,2.1452348297818378,-28.13222697801263,-1.4,-1.1437737204242687e-17,0.44999911318165314,499.76448654712294,0.0,-37348.8763416135,14217.88709920907,0.44789941753696116,-2.9352804265619285e-26,0.0,pseudo_6dof_kinematic_bridge,f16_s119.attitude_response_p6dof.v1,-0.7562951013162765,0.0,0.0,0.0893225837337992,reduced_response_law,0.0,0
464.0,6879.508574566833,-6465.760154792168,5.995355389377647,152.4,5,6,right-turn,6177.301930723065,-7090.276085267764,0.0,152.4,172.1270882979505,0.0,20.0,77.56947909225481,2.1452348297818387,-2.3491318427865147,1.4,1.143773720424269e-17,0.44999990146462815,499.76448654712294,0.0,-37348.8763416135,14217.88709920907,0.44789941753696116,-1.9568536177079526e-26,0.0,pseudo_6dof_kinematic_bridge,f16_s119.attitude_response_p6dof.v1,-0.7562951013162765,0.0,0.0,0.0893225837337992,reduced_response_law,0.0,0
465.0,6727.316492065256,-6457.802138466896,5.995355389377647,152.4,5,6,right-turn,6026.572033050209,-7067.795414838983,0.0,152.4,170.90716781308598,0.0,20.0,-2.6446122260604366,2.1452348297818378,23.433968310804882,-1.4,-1.1437737204242687e-17,0.44999998905162536,499.76448654712294,0.0,-37348.8763416135,14217.88709920907,0.44789941753696116,-1.3045690784719683e-26,0.0,pseudo_6dof_kinematic_bridge,f16_s119.attitude_response_p6dof.v1,-0.7562951013162765,0.0,0.0,0.0893225837337992,reduced_response_law,0.0,0
466.0,6575.328331472764,-6446.6057533488865,5.995355389377647,152.4,5,6,right-turn,5876.354913472572,-7042.110797240223,0.0,152.4,169.6872473282215,0.0,20.0,77.56947909225481,2.1452348297818387,49.21706902199242,1.4,1.143773720424269e-17,0.44999999878351393,499.76448654712294,0.0,-37348.8763416135,14217.88709920907,0.44789941753696116,-8.697127189813123e-27,0.0,pseudo_6dof_kinematic_bridge,f16_s119.attitude_response_p6dof.v1,-0.7562951013162765,0.0,0.0,0.0893225837337992,reduced_response_law,0.0,0
467.0,6423.612991506478,-6432.176074942417,5.995355389377647,152.4,5,6,right-turn,5726.718667865442,-7013.233875728404,0.0,152.4,168.46732684335703,0.0,20.0,-2.6446122260604366,2.1452348297818378,75.00016979513505,-1.4,-1.1437737204242687e-17,0.4499999998648349,499.76448654712294,0.0,-37348.8763416135,14217.88709920907,0.44789941753696116,-5.798084793208748e-27,0.0,pseudo_6dof_kinematic_bridge,f16_s119.attitude_response_p6dof.v1,-0.7562951013162765,0.0,0.0,0.0893225837337992,reduced_response_law,0.0,0
468.0,6272.2392472094725,-6414.519644456473,5.995355389377647,152.4,5,6,right-turn,5577.731128784449,-6981.177740683981,0.0,152.4,167.24740635849247,0.0,20.0,77.56947909225481,2.1452348297818387,100.78327057516164,1.4,1.143773720424269e-17,0.4499999999849817,499.76448654712294,0.0,-37348.8763416135,14217.88709920907,0.44789941753696116,-3.865389862139165e-27,0.0,pseudo_6dof_kinematic_bridge,f16_s119.attitude_response_p6dof.v1,-0.7562951013162765,0.0,0.0,0.0893225837337992,reduced_response_law,0.0,0
469.0,6121.275718773927,-6393.644465839507,5.995355389377647,152.4,5,6,right-turn,5429.459834715948,-6945.956923676859,0.0,152.4,166.02748587362794,0.0,20.0,-2.6446122260604366,2.1452348297818378,126.56637135595307,-1.4,-1.1437737204242687e-17,0.4499999999983313,499.76448654712294,0.0,-37348.8763416135,14217.88709920907,0.44789941753696116,-2.5769265747594435e-27,0.0,pseudo_6dof_kinematic_bridge,f16_s119.attitude_response_p6dof.v1,-0.7562951013162765,0.0,0.0,0.0893225837337992,reduced_response_law,0.0,0
470.0,5970.790840434465,-6369.560002151115,5.995355389377647,152.4,5,6,right-turn,5281.9719994607285,-6907.587390879001,0.0,152.4,164.80756538876352,0.0,20.0,77.56947909225481,2.1452348297818387,152.3494721368295,1.4,1.143773720424269e-17,0.4499999999998146,499.76448654712294,0.0,-37348.8763416135,14217.88709920907,0.44789941753696116,-1.717951049839629e-27,0.0,pseudo_6dof_kinematic_bridge,f16_s119.attitude_response_p6dof.v1,-0.7562951013162765,0.0,0.0,0.0893225837337992,reduced_response_law,0.0,0
471.0,5820.852829445802,-6342.277171272274,5.995355389377647,152.4,5,6,right-turn,5135.334481664893,-6866.086535826692,0.0,152.4,163.587644903899,0.0,20.0,-2.6446122260604366,2.1452348297818378,166.31369100588438,-1.4,-1.1437737204242687e-17,0.24372159673412705,499.76448654712294,0.0,-37348.8763416135,14217.88709920907,0.44789941753696116,-1.145300699893086e-27,0.0,pseudo_6dof_kinematic_bridge,f16_s119.attitude_response_p6dof.v1,-0.7562951013162765,0.0,0.0,0.0893225837337992,reduced_response_law,0.0,0
472.0,5671.5296551587435,-6311.808340956083,5.995355389377647,152.4,5,6,right-turn,4989.613754511742,-6821.473171535773,0.0,152.4,162.36772441903446,0.0,20.0,77.56947909225481,2.1452348297818387,163.9680199302486,1.4,1.143773720424269e-17,-0.040939683438641766,499.76448654712294,0.0,-37348.8763416135,14217.88709920907,0.44789941753696116,-7.63533799928724e-28,0.0,pseudo_6dof_kinematic_bridge,f16_s119.attitude_response_p6dof.v1,-0.7562951013162765,0.0,0.0,0.0893225837337992,reduced_response_law,0.0,0
473.0,5522.889008208573,-6278.16732322126,5.995355389377647,152.4,5,6,right-turn,4844.8758755884,-6773.767521973391,0.0,152.4,161.14780393416996,0.0,20.0,-2.6446122260604366,2.1452348297818378,160.92199129608792,-1.4,-1.1437737204242687e-17,-0.05316322877612903,499.76448654712294,0.0,-37348.8763416135,14217.88709920907,0.44789941753696116,-5.09022533285816e-28,0.0,pseudo_6dof_kinematic_bridge,f16_s119.attitude_response_p6dof.v1,-0.7562951013162765,0.0,0.0,0.0893225837337992,reduced_response_law,0.0,0
474.0,5374.998269829775,-6241.369368090926,5.995355389377647,152.4,5,6,right-turn,4701.186456940823,-6722.991212890142,0.0,152.4,159.92788344930548,0.0,20.0,77.56947909225481,2.1452348297818387,159.60170875966767,1.4,1.143773720424269e-17,-0.023043277317115654,499.76448654712294,0.0,-37348.8763416135,14217.88709920907,0.44789941753696116,-3.393483555238773e-28,0.0,pseudo_6dof_kinematic_bridge,f16_s119.attitude_response_p6dof.v1,-0.7562951013162765,0.0,0.0,0.0893225837337992,reduced_response_law,0.0,0
475.0,5227.924481311025,-6201.431156679521,5.995355389377647,152.4,5,6,right-turn,4558.610635330785,-6669.1672620167665,0.0,152.4,158.70796296444095,0.0,20.0,-2.6446122260604366,2.1452348297818378,158.57229880354518,-1.4,-1.1437737204242687e-17,-0.01796659308714759,499.76448654712294,0.0,-37348.8763416135,14217.88709920907,0.44789941753696116,-2.2623223701591817e-28,0.0,pseudo_6dof_kinematic_bridge,f16_s119.attitude_response_p6dof.v1,-0.7562951013162765,0.0,0.0,0.0893225837337992,reduced_response_law,0.0,0
476.0,5081.7343136042755,-6158.370793630978,5.995355389377647,152.4,5,6,right-turn,4417.21304270833,-6612.320068629836,0.0,152.4,157.48804247957654,0.0,20.0,77.56947909225481,2.1452348297818387,157.38704947610577,1.4,1.143773720424269e-17,-0.02068650322086691,499.76448654712294,0.0,-37348.8763416135,14217.88709920907,0.44789941753696116,-1.5082149134394543e-28,0.0,pseudo_6dof_kinematic_bridge,f16_s119.attitude_response_p6dof.v1,-0.7562951013162765,0.0,0.0,0.0893225837337992,reduced_response_law,0.0,0
477.0,4936.494037101722,-6112.207798911596,5.995355389377647,152.4,5,6,right-turn,4277.057776913041,-6552.475402491161,0.0,152.4,156.26812199471198,0.0,20.0,-2.6446122260604366,2.1452348297818378,156.15024154451987,-1.4,-1.1437737204242687e-17,-0.021586370620954698,499.76448654712294,0.0,-37348.8763416135,14217.88709920907,0.44789941753696116,-1.0054766089596362e-28,0.0,pseudo_6dof_kinematic_bridge,f16_s119.attitude_response_p6dof.v1,-0.7562951013162765,0.0,0.0,0.0893225837337992,reduced_response_law,0.0,0
478.0,4792.269491594354,-6062.963098961314,5.995355389377647,152.4,5,6,right-turn,4138.208372617454,-6489.66039216594,0.0,152.4,155.04820150984744,0.0,20.0,77.56947909225481,2.1452348297818387,154.9243838388647,1.4,1.143773720424269e-17,-0.021395253124625965,499.76448654712294,0.0,-37348.8763416135,14217.88709920907,0.44789941753696116,-6.703177393064242e-29,0.0,pseudo_6dof_kinematic_bridge,f16_s119.attitude_response_p6dof.v1,-0.7562951013162765,0.0,0.0,0.0893225837337992,reduced_response_law,0.0,0
479.0,4649.126056425702,-6010.659017207422,5.995355389377647,152.4,5,6,right-turn,4000.7277725257422,-6423.903512724935,0.0,152.4,153.82828102498297,0.0,20.0,-2.6446122260604366,2.1452348297818378,153.70560674674823,-1.4,-1.1437737204242687e-17,-0.021271673105315032,499.76448654712294,0.0,-37348.8763416135,14217.88709920907,0.44789941753696116,-4.468784928709496e-29,0.0,pseudo_6dof_kinematic_bridge,f16_s119.attitude_response_p6dof.v1,-0.7562951013162765,0.0,0.0,0.0893225837337992,reduced_response_law,0.0,0
480.0,4507.12862085431,-5955.319263944977,5.995355389377647,152.4,5,6,right-turn,3864.6782988407545,-6355.234572836254,0.0,152.4,152.6083605401185,0.0,20.0,77.56947909225481,2.1452348297818387,152.4864871126812,1.4,1.143773720424269e-17,-0.021277651590177558,499.76448654712294,0.0,-37348.8763416135,14217.88709920907,0.44789941753696116,-2.9791899524729964e-29,0.0,pseudo_6dof_kinematic_bridge,f16_s119.attitude_response_p6dof.v1,-0.7562951013162765,0.0,0.0,0.0893225837337992,reduced_response_law,0.0,0
481.0,4366.341554638375,-5896.968925588545,5.995355389377647,152.4,5,6,right-turn,3730.1216250123675,-6283.684701252604,0.0,152.4,151.38844005525397,0.0,20.0,-2.6446122260604366,2.1452348297818378,151.26653845464682,-1.4,-1.1437737204242687e-17,-0.021292120787985938,499.76448654712294,0.0,-37348.8763416135,14217.88709920907,0.44789941753696116,-1.986126634981998e-29,0.0,pseudo_6dof_kinematic_bridge,f16_s119.attitude_response_p6dof.v1,-0.7562951013162765,0.0,0.0,0.0893225837337992,reduced_response_law,0.0,0
482.0,4226.828678855886,-5835.6344533001175,5.995355389377647,152.4,5,6,right-turn,3597.1187477798644,-6209.286332700101,0.0,152.4,150.16851957038944,0.0,20.0,77.56947909225481,2.1452348297818387,150.04652550819122,1.4,1.143773720424269e-17,-0.021293242832606783,499.76448654712294,0.0,-37348.8763416135,14217.88709920907,0.44789941753696116,-1.324084423321332e-29,0.0,pseudo_6dof_kinematic_bridge,f16_s119.attitude_response_p6dof.v1,-0.7562951013162765,0.0,0.0,0.0893225837337992,reduced_response_law,0.0,0
483.0,4088.6532369734837,-5771.343650998367,5.995355389377647,152.4,5,6,right-turn,3465.7299595211653,-6132.073193175103,0.0,152.4,148.948599085525,0.0,20.0,-2.6446122260604366,2.1452348297818378,148.82659673866777,-1.4,-1.1437737204242687e-17,-0.021291773667986996,499.76448654712294,0.0,-37348.8763416135,14217.88709920907,0.44789941753696116,-8.827229488808879e-30,0.0,pseudo_6dof_kinematic_bridge,f16_s119.attitude_response_p6dof.v1,-0.7562951013162765,0.0,0.0,0.0893225837337992,reduced_response_law,0.0,0
484.0,3951.8778661771635,-5704.1256627546745,5.995355389377647,152.4,5,6,right-turn,3336.0148209212543,-6052.080284655642,0.0,152.4,147.72867860066046,0.0,20.0,77.56947909225481,2.1452348297818387,147.606685504516,1.4,1.143773720424269e-17,-0.021291467618016476,499.76448654712294,0.0,-37348.8763416135,14217.88709920907,0.44789941753696116,-5.88481965920592e-30,0.0,pseudo_6dof_kinematic_bridge,f16_s119.attitude_response_p6dof.v1,-0.7562951013162765,0.0,0.0,0.0893225837337992,reduced_response_law,0.0,0
485.0,3816.564568977817,-5634.01095958165,5.995355389377647,152.4,5,6,right-turn,3208.0321339723887,-5969.343869234469,0.0,152.4,146.50875811579598,0.0,20.0,-2.6446122260604366,2.1452348297818378,146.3867670822324,-1.4,-1.1437737204242687e-17,-0.021291593074582546,499.76448654712294,0.0,-37348.8763416135,14217.88709920907,0.44789941753696116,-3.923213106137279e-30,0.0,pseudo_6dof_kinematic_bridge,f16_s119.attitude_response_p6dof.v1,-0.7562951013162765,0.0,0.0,0.0893225837337992,reduced_response_law,0.0,0
486.0,3682.7746851044794,-5561.031325620121,5.995355389377647,152.4,5,6,right-turn,3081.8399153181686,-5883.901452680848,0.0,152.4,145.28883763093148,0.0,20.0,77.56947909225481,2.1452348297818387,145.1668458241506,1.4,1.143773720424269e-17,-0.021291642568598945,499.76448654712294,0.0,-37348.8763416135,14217.88709920907,0.44789941753696116,-2.6154754040915193e-30,0.0,pseudo_6dof_kinematic_bridge,f16_s119.attitude_response_p6dof.v1,-0.7562951013162765,0.0,0.0,0.0893225837337992,reduced_response_law,0.0,0
487.0,3550.5688636980285,-5485.219843730861,5.995355389377647,152.4,5,6,right-turn,2957.4953699536622,-5795.791767438582,0.0,152.4,144.06891714606695,0.0,20.0,-2.6446122260604366,2.1452348297818378,143.9469250146515,-1.4,-1.1437737204242687e-17,-0.021291634739354158,499.76448654712294,0.0,-37348.8763416135,14217.88709920907,0.44789941753696116,-1.7436502693943466e-30,0.0,pseudo_6dof_kinematic_bridge,f16_s119.attitude_response_p6dof.v1,-0.7562951013162765,0.0,0.0,0.0893225837337992,reduced_response_law,0.0,0
488.0,3420.007035817937,-5406.610880497592,5.995355389377647,152.4,5,6,right-turn,2835.0548652934363,-5705.054755067959,0.0,152.4,142.84899666120242,0.0,20.0,77.56947909225481,2.1452348297818387,142.72700457562166,1.4,1.143773720424269e-17,-0.021291628273445596,499.76448654712294,0.0,-37348.8763416135,14217.88709920907,0.44789941753696116,-1.1624335129295643e-30,0.0,pseudo_6dof_kinematic_bridge,f16_s119.attitude_response_p6dof.v1,-0.7562951013162765,0.0,0.0,0.0893225837337992,reduced_response_law,0.0,0
489.0,3291.148387274545,-5325.2400706480485,5.995355389377647,152.4,5,6,right-turn,2714.5739056192915,-5611.731548139601,0.0,152.4,141.629076176338,0.0,20.0,-2.6446122260604366,2.1452348297818378,141.5070841324863,-1.4,-1.1437737204242687e-17,-0.021291628345099744,499.76448654712294,0.0,-37348.8763416135,14217.88709920907,0.44789941753696116,-7.749556752863761e-31,0.0,pseudo_6dof_kinematic_bridge,f16_s119.attitude_response_p6dof.v1,-0.7562951013162765,0.0,0.0,0.0893225837337992,reduced_response_law,0.0,0
490.0,3164.051331799164,-5241.144300900171,5.995355389377647,152.4,5,6,right-turn,2596.107106919254,-5515.864451588376,0.0,152.4,140.40915569147347,0.0,20.0,77.56947909225481,2.1452348297818387,140.2871636476808,1.4,1.143773720424269e-17,-0.021291629072381447,499.76448654712294,0.0,-37348.8763416135,14217.88709920907,0.44789941753696116,-5.16637116857584e-31,0.0,pseudo_6dof_kinematic_bridge,f16_s119.attitude_response_p6dof.v1,-0.7562951013162765,0.0,0.0,0.0893225837337992,reduced_response_law,0.0,0
491.0,3038.7734845641785,-5154.3616932407585,5.995355389377647,152.4,5,6,right-turn,2479.7081721292716,-5417.4969235359,0.0,152.4,139.18923520660894,0.0,20.0,-2.6446122260604366,2.1452348297818378,139.067243158187,-1.4,-1.1437737204242687e-17,-0.021291629154208094,499.76448654712294,0.0,-37348.8763416135,14217.88709920907,0.44789941753696116,-3.444247445717227e-31,0.0,pseudo_6dof_kinematic_bridge,f16_s119.attitude_response_p6dof.v1,-0.7562951013162765,0.0,0.0,0.0893225837337992,reduced_response_law,0.0,0
492.0,2915.3716360651465,-5064.931587644142,5.995355389377647,152.4,5,6,right-turn,2365.4298667887842,-5316.673555590257,0.0,152.4,137.9693147217445,0.0,20.0,77.56947909225481,2.1452348297818387,137.8473226727445,1.4,1.143773720424269e-17,-0.021291629083499852,499.76448654712294,0.0,-37348.8763416135,14217.88709920907,0.44789941753696116,-2.296164963811485e-31,0.0,pseudo_6dof_kinematic_bridge,f16_s119.attitude_response_p6dof.v1,-0.7562951013162765,0.0,0.0,0.0893225837337992,reduced_response_law,0.0,0
493.0,2793.901726376739,-4972.89452423874,5.995355389377647,152.4,5,6,right-turn,2253.3239951212395,-5213.440052631877,0.0,152.4,136.74939423687997,0.0,20.0,-2.6446122260604366,2.1452348297818378,136.62740218832295,-1.4,-1.1437737204242687e-17,-0.021291629065679992,499.76448654712294,0.0,-37348.8763416135,14217.88709920907,0.44789941753696116,-1.5307766425409901e-31,0.0,pseudo_6dof_kinematic_bridge,f16_s119.attitude_response_p6dof.v1,-0.7562951013162765,0.0,0.0,0.0893225837337992,reduced_response_law,0.0,0
494.0,2674.418819794191,-4878.292224929547,5.995355389377647,152.4,5,6,right-turn,2143.441376550406,-5107.843212094795,0.0,152.4,135.52947375201543,0.0,20.0,77.56947909225481,2.1452348297818387,135.40748170357733,1.4,1.143773720424269e-17,-0.021291629071336148,499.76448654712294,0.0,-37348.8763416135,14217.88709920907,0.44789941753696116,-1.0205177616939933e-31,0.0,pseudo_6dof_kinematic_bridge,f16_s119.attitude_response_p6dof.v1,-0.7562951013162765,0.0,0.0,0.0893225837337992,reduced_response_law,0.0,0
495.0,2556.977079871757,-4781.167574484918,5.995355389377647,152.4,5,6,right-turn,2035.831822663087,-4999.930902752588,0.0,152.4,134.309553267151,0.0,20.0,-2.6446122260604366,2.1452348297818378,134.18756121867835,-1.4,-1.1437737204242687e-17,-0.021291629074012906,499.76448654712294,0.0,-37348.8763416135,14217.88709920907,0.44789941753696116,-6.803451744626621e-32,0.0,pseudo_6dof_kinematic_bridge,f16_s119.attitude_response_p6dof.v1,-0.7562951013162765,0.0,0.0,0.0893225837337992,reduced_response_law,0.0,0
496.0,2441.629744869484,-4681.564601096201,5.995355389377647,152.4,5,6,right-turn,1930.5441146287085,-4889.752043018677,0.0,152.4,133.08963278228646,0.0,20.0,77.56947909225481,2.1452348297818387,132.96764073379637,1.4,1.143773720424269e-17,-0.02129162907371645,499.76448654712294,0.0,-37348.8763416135,14217.88709920907,0.44789941753696116,-4.535634496417748e-32,0.0,pseudo_6dof_kinematic_bridge,f16_s119.attitude_response_p6dof.v1,-0.7562951013162765,0.0,0.0,0.0893225837337992,reduced_response_law,0.0,0
497.0,2328.4291036194422,-4579.528456419036,5.995355389377647,152.4,5,6,right-turn,1827.6259810860365,-4777.356578770832,0.0,152.4,131.86971229742193,0.0,20.0,-2.6446122260604366,2.1452348297818378,131.74772024893352,-1.4,-1.1437737204242687e-17,-0.021291629073382626,499.76448654712294,0.0,-37348.8763416135,14217.88709920907,0.44789941753696116,-3.023756330945165e-32,0.0,pseudo_6dof_kinematic_bridge,f16_s119.attitude_response_p6dof.v1,-0.7562951013162765,0.0,0.0,0.0893225837337992,reduced_response_law,0.0,0
498.0,2217.426471822339,-4475.105395105375,5.995355389377647,152.4,5,6,right-turn,1727.1240765069847,-4662.795460709858,0.0,152.4,130.64979181255745,0.0,20.0,77.56947909225481,2.1452348297818387,130.52779976407115,1.4,1.143773720424269e-17,-0.021291629073373605,499.76448654712294,0.0,-37348.8763416135,14217.88709920907,0.44789941753696116,-2.0158375539634436e-32,0.0,pseudo_6dof_kinematic_bridge,f16_s119.attitude_response_p6dof.v1,-0.7562951013162765,0.0,0.0,0.0893225837337992,reduced_response_law,0.0,0
499.0,2108.6721687852755,-4368.342753835488,5.995355389377647,152.4,5,6,right-turn,1629.083960047395,-4546.120621262841,0.0,152.4,129.42987132769298,0.0,20.0,-2.6446122260604366,2.1452348297818378,129.30787927920673,-1.4,-1.1437737204242687e-17,-0.021291629073409448,499.76448654712294,0.0,-37348.8763416135,14217.88709920907,0.44789941753696116,-1.3438917026422956e-32,0.0,pseudo_6dof_kinematic_bridge,f16_s119.attitude_response_p6dof.v1,-0.7562951013162765,0.0,0.0,0.0893225837337992,reduced_response_law,0.0,0
500.0,2002.2154946111814,-4259.288929859477,5.995355389377647,152.4,5,6,right-turn,1533.5500748943227,-4427.384951041312,0.0,152.4,128.20995084282845,0.0,20.0,77.56947909225481,2.1452348297818387,128.087958794342,1.4,1.143773720424269e-17,-0.021291629073415183,499.76448654712294,0.0,-37348.8763416135,14217.88709920907,0.44789941753696116,-8.959278017615303e-33,0.0,pseudo_6dof_kinematic_bridge,f16_s119.attitude_response_p6dof.v1,-0.7562951013162765,0.0,0.0,0.0893225837337992,reduced_response_law,0.0,0
501.0,1898.1047078502731,-4147.9933590580085,5.995355389377647,152.4,5,6,right-turn,1440.5657281192052,-4306.642274865061,0.0,152.4,126.9900303579639,0.0,20.0,-2.6446122260604366,2.1452348297818378,126.86803830947746,-1.4,-1.1437737204242687e-17,-0.02129162907341231,499.76448654712294,0.0,-37348.8763416135,14217.88709920907,0.44789941753696116,-5.972852011743536e-33,0.0,pseudo_6dof_kinematic_bridge,f16_s119.attitude_response_p6dof.v1,-0.7562951013162765,0.0,0.0,0.0893225837337992,reduced_response_law,0.0,0
502.0,1796.387003623664,-4034.5064935322216,5.995355389377647,152.4,5,6,right-turn,1350.173071046079,-4183.9473273625,0.0,152.4,125.77010987309947,0.0,20.0,77.56947909225481,2.1452348297818387,125.64811782461302,1.4,1.143773720424269e-17,-0.02129162907341024,499.76448654712294,0.0,-37348.8763416135,14217.88709920907,0.44789941753696116,-3.981901341162358e-33,0.0,pseudo_6dof_kinematic_bridge,f16_s119.attitude_response_p6dof.v1,-0.7562951013162765,0.0,0.0,0.0893225837337992,reduced_response_law,0.0,0
503.0,1697.1084922290443,-3918.879778732966,5.995355389377647,152.4,5,6,right-turn,1262.4130801436706,-4059.3557281585163,0.0,152.4,124.55018938823494,0.0,20.0,-2.6446122260604366,2.1452348297818378,124.4281973397485,-1.4,-1.1437737204242687e-17,-0.021291629073411762,499.76448654712294,0.0,-37348.8763416135,14217.88709920907,0.44789941753696116,-2.6546008941082386e-33,0.0,pseudo_6dof_kinematic_bridge,f16_s119.attitude_response_p6dof.v1,-0.7562951013162765,0.0,0.0,0.0893225837337992,reduced_response_law,0.0,0
504.0,1600.3141782381304,-3801.165630139739,5.995355389377647,152.4,5,6,right-turn,1177.3255384501113,-3932.9239566612223,0.0,152.4,123.33026890337041,0.0,20.0,77.56947909225481,2.1452348297818387,123.20827685488396,1.4,1.143773720424269e-17,-0.021291629073411932,499.76448654712294,0.0,-37348.8763416135,14217.88709920907,0.44789941753696116,-1.7697339294054926e-33,0.0,pseudo_6dof_kinematic_bridge,f16_s119.attitude_response_p6dof.v1,-0.7562951013162765,0.0,0.0,0.0893225837337992,reduced_response_law,0.0,0
505.0,1506.0479400953561,-3681.4174094998907,5.995355389377647,152.4,5,6,right-turn,1094.9490175386322,-3804.709326458905,0.0,152.4,122.11034841850598,0.0,20.0,-2.6446122260604366,2.1452348297818378,121.98835637001953,-1.4,-1.1437737204242687e-17,-0.021291629073410197,499.76448654712294,0.0,-37348.8763416135,14217.88709920907,0.44789941753696116,-1.1798226196036616e-33,0.0,pseudo_6dof_kinematic_bridge,f16_s119.attitude_response_p6dof.v1,-0.7562951013162765,0.0,0.0,0.0893225837337992,reduced_response_law,0.0,0
506.0,1414.3525102270576,-3559.6894006388734,5.995355389377647,152.4,5,6,right-turn,1015.3208600324331,-3674.7699593388325,0.0,152.4,120.89042793364145,0.0,20.0,77.56947909225481,2.1452348297818387,120.768435885155,1.4,1.143773720424269e-17,-0.02129162907341176,499.76448654712294,0.0,-37348.8763416135,14217.88709920907,0.44789941753696116,-7.86548413069108e-34,0.0,pseudo_6dof_kinematic_bridge,f16_s119.attitude_response_p6dof.v1,-0.7562951013162765,0.0,0.0,0.0893225837337992,reduced_response_law,0.0,0
507.0,1325.2694556701651,-3436.0367848524947,5.995355389377647,152.4,5,6,right-turn,938.4771626766696,-3543.164758939715,0.0,152.4,119.67050744877696,0.0,20.0,-2.6446122260604366,2.1452348297818378,119.54851540029051,-1.4,-1.1437737204242687e-17,-0.02129162907341105,499.76448654712294,0.0,-37348.8763416135,14217.88709920907,0.44789941753696116,-5.243656087127387e-34,0.0,pseudo_6dof_kinematic_bridge,f16_s119.attitude_response_p6dof.v1,-0.7562951013162765,0.0,0.0,0.0893225837337992,reduced_response_law,0.0,0
508.0,1238.839159229187,-3310.5156158923364,5.995355389377647,152.4,5,6,right-turn,864.4527599752009,-3409.9533840496974,0.0,152.4,118.45058696391247,0.0,20.0,77.56947909225481,2.1452348297818387,118.32859491542604,1.4,1.143773720424269e-17,-0.021291629073410975,499.76448654712294,0.0,-37348.8763416135,14217.88709920907,0.44789941753696116,-3.4957707247515906e-34,0.0,pseudo_6dof_kinematic_bridge,f16_s119.attitude_response_p6dof.v1,-0.7562951013162765,0.0,0.0,0.0893225837337992,reduced_response_law,0.0,0
509.0,1155.1008011700237,-3183.18279455567,5.995355389377647,152.4,5,6,right-turn,793.2812083995495,-3275.196221562089,0.0,152.4,117.23066647904794,0.0,20.0,-2.6446122260604366,2.1452348297818378,117.1086744305615,-1.4,-1.1437737204242687e-17,-0.021291629073411845,499.76448654712294,0.0,-37348.8763416135,14217.88709920907,0.44789941753696116,-2.33051381650106e-34,0.0,pseudo_6dof_kinematic_bridge,f16_s119.attitude_response_p6dof.v1,-0.7562951013162765,0.0,0.0,0.0893225837337992,reduced_response_law,0.0,0
510.0,1074.0923414589126,-3054.0960428913986,5.995355389377647,152.4,5,6,right-turn,724.994771177198,-3138.954359100972,0.0,152.4,116.01074599418341,0.0,20.0,77.56947909225481,2.1452348297818387,115.88875394569696,1.4,1.143773720424269e-17,-0.021291629073411943,499.76448654712294,0.0,-37348.8763416135,14217.88709920907,0.44789941753696116,-1.5536758776673735e-34,0.0,pseudo_6dof_kinematic_bridge,f16_s119.attitude_response_p6dof.v1,-0.7562951013162765,0.0,0.0,0.0893225837337992,reduced_response_law,0.0,0
511.0,995.8505025545559,-2923.313878033706,5.995355389377647,152.4,5,6,right-turn,659.6244036661341,-3001.2895573291844,0.0,152.4,114.79082550931898,0.0,20.0,-2.6446122260604366,2.1452348297818378,114.66883346083253,-1.4,-1.1437737204242687e-17,-0.021291629073410197,499.76448654712294,0.0,-37348.8763416135,14217.88709920907,0.44789941753696116,-1.0357839184449156e-34,0.0,pseudo_6dof_kinematic_bridge,f16_s119.attitude_response_p6dof.v1,-0.7562951013162765,0.0,0.0,0.0893225837337992,reduced_response_law,0.0,0
512.0,920.4107527612292,-2790.8955856752846,5.995355389377647,152.4,5,6,right-turn,597.1997393222975,-2862.26422195122,0.0,152.4,113.57090502445445,0.0,20.0,77.56947909225481,2.1452348297818387,113.448912975968,1.4,1.143773720424269e-17,-0.02129162907341176,499.76448654712294,0.0,-37348.8763416135,14217.88709920907,0.44789941753696116,-6.905226122966104e-35,0.0,pseudo_6dof_kinematic_bridge,f16_s119.attitude_response_p6dof.v1,-0.7562951013162765,0.0,0.0,0.0893225837337992,reduced_response_law,0.0,0
513.0,847.8072901504198,-2656.901193192163,5.995355389377647,152.4,5,6,right-turn,537.7490762662338,-2721.9413754236803,0.0,152.4,112.35098453958996,0.0,20.0,-2.6446122260604366,2.1452348297818378,112.22899249110353,-1.4,-1.1437737204242687e-17,-0.02129162907341105,499.76448654712294,0.0,-37348.8763416135,14217.88709920907,0.44789941753696116,-4.603484081977403e-35,0.0,pseudo_6dof_kinematic_bridge,f16_s119.attitude_response_p6dof.v1,-0.7562951013162765,0.0,0.0,0.0893225837337992,reduced_response_law,0.0,0
514.0,778.0730270582819,-2521.391442432314,5.995355389377647,152.4,5,6,right-turn,481.299364455105,-2580.3846283861844,0.0,152.4,111.13106405472543,0.0,20.0,77.56947909225481,2.1452348297818387,111.00907200623898,1.4,1.143773720424269e-17,-0.021291629073411852,499.76448654712294,0.0,-37348.8763416135,14217.88709920907,0.44789941753696116,-3.068989387984935e-35,0.0,pseudo_6dof_kinematic_bridge,f16_s119.attitude_response_p6dof.v1,-0.7562951013162765,0.0,0.0,0.0893225837337992,reduced_response_law,0.0,0
515.0,711.2395751659368,-2384.4277621803813,5.995355389377647,152.4,5,6,right-turn,427.87619346582863,-2437.6581508256186,0.0,152.4,109.91114356986095,0.0,20.0,-2.6446122260604366,2.1452348297818378,109.7891515213745,-1.4,-1.1437737204242687e-17,-0.02129162907341106,499.76448654712294,0.0,-37348.8763416135,14217.88709920907,0.44789941753696116,-2.04599292532329e-35,0.0,pseudo_6dof_kinematic_bridge,f16_s119.attitude_response_p6dof.v1,-0.7562951013162765,0.0,0.0,0.0893225837337992,reduced_response_law,0.0,0
516.0,647.3372311693812,-2246.072240311011,5.995355389377647,152.4,5,6,right-turn,377.5037808949039,-2293.8266429868195,0.0,152.4,108.69122308499641,0.0,20.0,77.56947909225481,2.1452348297818387,108.56923103650998,1.4,1.143773720424269e-17,-0.021291629073411852,499.76448654712294,0.0,-37348.8763416135,14217.88709920907,0.44789941753696116,-1.36399528354886e-35,0.0,pseudo_6dof_kinematic_bridge,f16_s119.attitude_response_p6dof.v1,-0.7562951013162765,0.0,0.0,0.0893225837337992,reduced_response_law,0.0,0
517.0,586.3949630454999,-2106.387595643399,5.995355389377647,152.4,5,6,right-turn,330.20496138018376,-2148.9553060429294,0.0,152.4,107.47130260013193,0.0,20.0,-2.6446122260604366,2.1452348297818378,107.34931055164549,-1.4,-1.1437737204242687e-17,-0.02129162907341106,499.76448654712294,0.0,-37348.8763416135,14217.88709920907,0.44789941753696116,-9.093301890325732e-36,0.0,pseudo_6dof_kinematic_bridge,f16_s119.attitude_response_p6dof.v1,-0.7562951013162765,0.0,0.0,0.0893225837337992,reduced_response_law,0.0,0
518.0,528.4403969204084,-1965.4371495098292,5.995355389377647,152.4,5,6,right-turn,286.0011762495524,-2003.1098125385975,0.0,152.4,106.25138211526745,0.0,20.0,77.56947909225481,2.1452348297818387,106.12939006678101,1.4,1.143773720424269e-17,-0.021291629073410975,499.76448654712294,0.0,-37348.8763416135,14217.88709920907,0.44789941753696116,-6.062201260217156e-36,0.0,pseudo_6dof_kinematic_bridge,f16_s119.attitude_response_p6dof.v1,-0.7562951013162765,0.0,0.0,0.0893225837337992,reduced_response_law,0.0,0
519.0,473.49980454607777,-1823.2847970510759,5.995355389377647,152.4,5,6,right-turn,244.9124638012307,-1856.3562766195735,0.0,152.4,105.03146163040292,0.0,20.0,-2.6446122260604366,2.1452348297818378,104.90946958191647,-1.4,-1.1437737204242687e-17,-0.021291629073411845,499.76448654712294,0.0,-37348.8763416135,14217.88709920907,0.44789941753696116,-4.041467506811437e-36,0.0,pseudo_6dof_kinematic_bridge,f16_s119.attitude_response_p6dof.v1,-0.7562951013162765,0.0,0.0,0.0893225837337992,reduced_response_law,0.0,0
520.0,421.5980913909213,-1679.9949782516935,5.995355389377647,152.4,5,6,right-turn,206.95745022008083,-1708.7612240620747,0.0,152.4,103.81154114553843,0.0,20.0,77.56947909225481,2.1452348297818387,103.689549097052,1.4,1.143773720424269e-17,-0.02129162907341106,499.76448654712294,0.0,-37348.8763416135,14217.88709920907,0.44789941753696116,-2.6943116712076252e-36,0.0,pseudo_6dof_kinematic_bridge,f16_s119.attitude_response_p6dof.v1,-0.7562951013162765,0.0,0.0,0.0893225837337992,reduced_response_law,0.0,0
521.0,372.758785349738,-1535.6326487283181,5.995355389377647,152.4,5,6,right-turn,172.1533411340539,-1560.3915621155534,0.0,152.4,102.59162066067395,0.0,20.0,-2.6446122260604366,2.1452348297818378,102.4696286121875,-1.4,-1.1437737204242687e-17,-0.021291629073410975,499.76448654712294,0.0,-37348.8763416135,14217.88709920907,0.44789941753696116,-1.7962077808050836e-36,0.0,pseudo_6dof_kinematic_bridge,f16_s119.attitude_response_p6dof.v1,-0.7562951013162765,0.0,0.0,0.0893225837337992,reduced_response_law,0.0,0
522.0,327.00402607813317,-1390.263250284225,5.995355389377647,152.4,5,6,right-turn,140.5159138146007,-1411.31454917257,0.0,152.4,101.37170017580947,0.0,20.0,77.56947909225481,2.1452348297818387,101.24970812732303,1.4,1.143773720424269e-17,-0.021291629073410964,499.76448654712294,0.0,-37348.8763416135,14217.88709920907,0.44789941753696116,-1.1974718538700557e-36,0.0,pseudo_6dof_kinematic_bridge,f16_s119.attitude_response_p6dof.v1,-0.7562951013162765,0.0,0.0,0.0893225837337992,reduced_response_law,0.0,0
523.0,284.3545549562511,-1243.9526812434897,5.995355389377647,152.4,5,6,right-turn,112.05951002457073,-1261.5977642794362,0.0,152.4,100.15177969094493,0.0,20.0,-2.6446122260604366,2.1452348297818378,100.02978764245849,-1.4,-1.1437737204242687e-17,-0.021291629073411842,499.76448654712294,0.0,-37348.8763416135,14217.88709920907,0.44789941753696116,-7.983145692467037e-37,0.0,pseudo_6dof_kinematic_bridge,f16_s119.attitude_response_p6dof.v1,-0.7562951013162765,0.0,0.0,0.0893225837337992,reduced_response_law,0.0,0
524.0,244.82970568636833,-1096.7672665782006,5.995355389377647,152.4,5,6,right-turn,86.79702951686635,-1111.3090765015634,0.0,152.4,98.9318592060804,0.0,20.0,77.56947909225481,2.1452348297818387,98.80986715759396,1.4,1.143773720424269e-17,-0.02129162907341194,499.76448654712294,0.0,-37348.8763416135,14217.88709920907,0.44789941753696116,-5.322097128311358e-37,0.0,pseudo_6dof_kinematic_bridge,f16_s119.attitude_response_p6dof.v1,-0.7562951013162765,0.0,0.0,0.0893225837337992,reduced_response_law,0.0,0
525.0,208.44739552861046,-948.7737278422655,5.995355389377647,152.4,5,6,right-turn,64.7399241867625,-960.5166141572776,0.0,152.4,97.71193872121592,0.0,20.0,-2.6446122260604366,2.1452348297818378,97.58994667272948,-1.4,-1.1437737204242687e-17,-0.021291629073411072,499.76448654712294,0.0,-37348.8763416135,14217.88709920907,0.44789941753696116,-3.548064752207572e-37,0.0,pseudo_6dof_kinematic_bridge,f16_s119.attitude_response_p6dof.v1,-0.7562951013162765,0.0,0.0,0.0893225837337992,reduced_response_law,0.0,0
526.0,175.2241171787654,-800.0391529254402,5.995355389377647,152.4,5,6,right-turn,45.89819288058242,-809.2887339341426,0.0,152.4,96.49201823635144,0.0,20.0,77.56947909225481,2.1452348297818387,96.370026187865,1.4,1.143773720424269e-17,-0.021291629073410975,499.76448654712294,0.0,-37348.8763416135,14217.88709920907,0.44789941753696116,-2.365376501471715e-37,0.0,pseudo_6dof_kinematic_bridge,f16_s119.attitude_response_p6dof.v1,-0.7562951013162765,0.0,0.0,0.0893225837337992,reduced_response_law,0.0,0
527.0,145.1749312918746,-650.630965641292,5.995355389377647,152.4,5,6,right-turn,30.280376863057946,-657.6939899017756,0.0,152.4,95.27209775148695,0.0,20.0,-2.6446122260604366,2.1452348297818378,95.15010570300052,-1.4,-1.1437737204242687e-17,-0.021291629073410964,499.76448654712294,0.0,-37348.8763416135,14217.88709920907,0.44789941753696116,-1.57691766764781e-37,0.0,pseudo_6dof_kinematic_bridge,f16_s119.attitude_response_p6dof.v1,-0.7562951013162765,0.0,0.0,0.0893225837337992,reduced_response_law,0.0,0
528.0,118.31345965499196,-500.61689516288345,5.995355389377647,152.4,5,6,right-turn,17.893555945428382,-505.80110243514105,0.0,152.4,94.05217726662242,0.0,20.0,77.56947909225481,2.1452348297818387,93.93018521813597,1.4,1.143773720424269e-17,-0.021291629073411842,499.76448654712294,0.0,-37348.8763416135,14217.88709920907,0.44789941753696116,-1.05127844509854e-37,0.0,pseudo_6dof_kinematic_bridge,f16_s119.attitude_response_p6dof.v1,-0.7562951013162765,0.0,0.0,0.0893225837337992,reduced_response_law,0.0,0
529.0,94.65187901220543,-350.0649453200305,5.995355389377647,152.4,5,6,right-turn,8.743345276053555,-353.6789270625046,0.0,152.4,92.83225678175793,0.0,20.0,-2.6446122260604366,2.1452348297818378,92.7102647332715,-1.4,-1.1437737204242687e-17,-0.02129162907341106,499.76448654712294,0.0,-37348.8763416135,14217.88709920907,0.44789941753696116,-7.008522967323601e-38,0.0,pseudo_6dof_kinematic_bridge,f16_s119.attitude_response_p6dof.v1,-0.7562951013162765,0.0,0.0,0.0893225837337992,reduced_response_law,0.0,0
530.0,74.20091554471989,-199.0433637720558,5.995355389377647,152.4,5,6,right-turn,2.8338927949719683,-201.39642325208658,0.0,152.4,91.61233629689346,0.0,20.0,77.56947909225481,2.1452348297818387,91.49034424840701,1.4,1.143773720424269e-17,-0.021291629073410975,499.76448654712294,0.0,-37348.8763416135,14217.88709920907,0.44789941753696116,-4.6723486448823997e-38,0.0,pseudo_6dof_kinematic_bridge,f16_s119.attitude_response_p6dof.v1,-0.7562951013162765,0.0,0.0,0.0893225837337992,reduced_response_law,0.0,0
531.0,56.969840008503525,-47.62061107000906,5.995355389377647,152.4,5,6,right-turn,0.16787735356995873,-49.02262315159592,0.0,152.4,90.39241581202893,0.0,20.0,-2.6446122260604366,2.1452348297818378,90.27042376354248,-1.4,-1.1437737204242687e-17,-0.021291629073411845,499.76448654712294,0.0,-37348.8763416135,14217.88709920907,0.44789941753696116,-3.1148990965882665e-38,0.0,pseudo_6dof_kinematic_bridge,f16_s119.attitude_response_p6dof.v1,-0.7562951013162765,0.0,0.0,0.0893225837337992,reduced_response_law,0.0,0
532.0,42.966463531703035,104.13467037761961,5.995355389377647,152.4,5,6,right-turn,0.0,0.0,0.0,152.4,-112.42127812214962,0.0,0.0,51.060641263089025,2.1452348297818387,67.21656523776903,0.9373334990038309,1.143773720424269e-17,-0.4023657365637125,499.76448654712294,0.0,-37348.8763416135,14217.88709920907,0.44789941753696116,-2.0765993977255107e-38,0.0,pseudo_6dof_kinematic_bridge,f16_s119.attitude_response_p6dof.v1,-0.7562951013162765,0.0,0.0,0.0893225837337992,reduced_response_law,0.0,0
533.0,32.197134073731576,256.15368742162525,5.995355389377647,152.4,5,6,right-turn,0.0,0.0,0.0,152.4,-97.1641981046925,0.0,0.0,-29.15345005522622,2.1452348297818378,41.736713596339044,-1.4,-1.1437737204242687e-17,-0.4447073040626347,499.76448654712294,0.0,-37348.8763416135,14217.88709920907,0.44789941753696116,-1.3843995984836736e-38,0.0,pseudo_6dof_kinematic_bridge,f16_s119.attitude_response_p6dof.v1,-0.7562951013162765,0.0,0.0,0.0893225837337992,reduced_response_law,0.0,0
534.0,0.37565298282915194,405.1944648658581,5.995355389377647,152.4,5,6,right-turn,0.0,0.0,0.0,152.4,-90.05311850525474,0.0,0.0,51.060641263089025,2.1452348297818387,15.98730716428057,1.4,1.143773720424269e-17,-0.44941192267362606,499.76448654712294,0.0,-37348.8763416135,14217.88709920907,0.44789941753696116,-9.229330656557826e-39,0.0,pseudo_6dof_kinematic_bridge,f16_s119.attitude_response_p6dof.v1,-0.7562951013162765,0.0,0.0,0.0893225837337992,reduced_response_law,0.0,0
535.0,-51.87861080796808,548.3560935087378,5.995355389377647,152.4,5,6,right-turn,0.0,0.0,0.0,152.4,-84.59547456242346,0.0,0.0,-29.15345005522622,2.1452348297818378,-9.792049800069966,-1.4,-1.1437737204242687e-17,-0.44993465807484734,499.76448654712294,0.0,-37348.8763416135,14217.88709920907,0.44789941753696116,-6.152887104371885e-39,0.0,pseudo_6dof_kinematic_bridge,f16_s119.attitude_response_p6dof.v1,-0.7562951013162765,0.0,0.0,0.0893225837337992,reduced_response_law,0.0,0
536.0,-123.54858749231633,682.8520950926695,5.995355389377647,152.4,5,6,right-turn,0.0,0.0,0.0,152.4,-79.74440900901357,0.0,0.0,51.060641263089025,2.1452348297818387,-35.574734601341845,1.4,1.143773720424269e-17,-0.44999273978609416,499.76448654712294,0.0,-37348.8763416135,14217.88709920907,0.44789941753696116,-4.101924736247923e-39,0.0,pseudo_6dof_kinematic_bridge,f16_s119.attitude_response_p6dof.v1,-0.7562951013162765,0.0,0.0,0.0893225837337992,reduced_response_law,0.0,0
537.0,-213.23930249744495,806.0646579337565,5.995355389377647,152.4,5,6,right-turn,0.0,0.0,0.0,152.4,-75.1822058999934,0.0,0.0,-29.15345005522622,2.1452348297818378,-61.35778916227163,-1.4,-1.1437737204242687e-17,-0.449999193309566,499.76448654712294,0.0,-37348.8763416135,14217.88709920907,0.44789941753696116,-2.7346164908319482e-39,0.0,pseudo_6dof_kinematic_bridge,f16_s119.attitude_response_p6dof.v1,-0.7562951013162765,0.0,0.0,0.0893225837337992,reduced_response_law,0.0,0
538.0,-319.20502807745527,915.5955896485098,5.995355389377647,152.4,5,6,right-turn,0.0,0.0,0.0,152.4,-70.77986023755075,0.0,0.0,51.060641263089025,2.1452348297818387,-73.52832221252716,1.4,1.143773720424269e-17,-0.21241587344974744,499.76448654712294,0.0,-37348.8763416135,14217.88709920907,0.44789941753696116,-1.823077660554632e-39,0.0,pseudo_6dof_kinematic_bridge,f16_s119.attitude_response_p6dof.v1,-0.7562951013162765,0.0,0.0,0.0893225837337992,reduced_response_law,0.0,0
539.0,-439.3832619181587,1009.3129952406899,5.995355389377647,152.4,5,6,right-turn,0.0,0.0,0.0,152.4,-66.47510861442804,0.0,0.0,-29.15345005522622,2.1452348297818378,-67.91446677554406,-1.4,-1.1437737204242687e-17,0.09798026110633995,499.76448654712294,0.0,-37348.8763416135,14217.88709920907,0.44789941753696116,-1.2153851070364217e-39,0.0,pseudo_6dof_kinematic_bridge,f16_s119.attitude_response_p6dof.v1,-0.7562951013162765,0.0,0.0,0.0893225837337992,reduced_response_law,0.0,0
540.0,-571.4348713985609,1085.392772012414,5.995355389377647,152.4,5,6,right-turn,0.0,0.0,0.0,152.4,-62.23420445641591,0.0,0.0,51.060641263089025,2.1452348297818387,-61.680569436493435,1.4,1.143773720424269e-17,0.1088020337977465,499.76448654712294,0.0,-37348.8763416135,14217.88709920907,0.44789941753696116,-8.10256738024281e-40,0.0,pseudo_6dof_kinematic_bridge,f16_s119.attitude_response_p6dof.v1,-0.7562951013162765,0.0,0.0,0.0893225837337992,reduced_response_law,0.0,0
541.0,-712.7896221466051,1142.3541136482838,5.995355389377647,152.4,5,6,right-turn,0.0,0.0,0.0,152.4,-58.037257121512376,0.0,0.0,-29.15345005522622,2.1452348297818378,-57.389581026000336,-1.4,-1.1437737204242687e-17,0.07489187592802246,499.76448654712294,0.0,-37348.8763416135,14217.88709920907,0.44789941753696116,-5.401711586828539e-40,0.0,pseudo_6dof_kinematic_bridge,f16_s119.attitude_response_p6dof.v1,-0.7562951013162765,0.0,0.0,0.0893225837337992,reduced_response_law,0.0,0
542.0,-860.6962047276267,1179.088332425923,5.995355389377647,152.4,5,6,right-turn,0.0,0.0,0.0,152.4,-53.87176929527358,0.0,0.0,51.060641263089025,2.1452348297818387,-53.4384225796722,1.4,1.143773720424269e-17,0.0689607241564095,499.76448654712294,0.0,-37348.8763416135,14217.88709920907,0.44789941753696116,-3.6011410578856923e-40,0.0,pseudo_6dof_kinematic_bridge,f16_s119.attitude_response_p6dof.v1,-0.7562951013162765,0.0,0.0,0.0893225837337992,reduced_response_law,0.0,0
543.0,-1012.27578575293,1194.8804385613792,5.995355389377647,152.4,5,6,right-turn,0.0,0.0,0.0,152.4,-49.72948056908864,0.0,0.0,-29.15345005522622,2.1452348297818378,-49.33625237147914,-1.4,-1.1437737204242687e-17,0.07159637661019014,499.76448654712294,0.0,-37348.8763416135,14217.88709920907,0.44789941753696116,-2.4007607052571283e-40,0.0,pseudo_6dof_kinematic_bridge,f16_s119.attitude_response_p6dof.v1,-0.7562951013162765,0.0,0.0,0.0893225837337992,reduced_response_law,0.0,0
544.0,-1164.5780410970754,1189.4230566719802,5.995355389377647,152.4,5,6,right-turn,0.0,0.0,0.0,152.4,-45.60469881762199,0.0,0.0,51.060641263089025,2.1452348297818387,-45.19497069021606,1.4,1.143773720424269e-17,0.07227900059056719,499.76448654712294,0.0,-37348.8763416135,14217.88709920907,0.44789941753696116,-1.6005071368380854e-40,0.0,pseudo_6dof_kinematic_bridge,f16_s119.attitude_response_p6dof.v1,-0.7562951013162765,0.0,0.0,0.0893225837337992,reduced_response_law,0.0,0
545.0,-1314.6385806010367,1162.8224084885235,5.995355389377647,152.4,5,6,right-turn,0.0,0.0,0.0,152.4,-41.49336050706217,0.0,0.0,-29.15345005522622,2.1452348297818378,-41.07891698918299,-1.4,-1.1437737204242687e-17,0.0718386892719255,499.76448654712294,0.0,-37348.8763416135,14217.88709920907,0.44789941753696116,-1.067004757892057e-40,0.0,pseudo_6dof_kinematic_bridge,f16_s119.attitude_response_p6dof.v1,-0.7562951013162765,0.0,0.0,0.0893225837337992,reduced_response_law,0.0,0
546.0,-1459.5366465547033,1115.596245370111,5.995355389377647,152.4,5,6,right-turn,0.0,0.0,0.0,152.4,-37.39247326104318,0.0,0.0,51.060641263089025,2.1452348297818387,-36.980645611893095,1.4,1.143773720424269e-17,0.07152832917395173,499.76448654712294,0.0,-37348.8763416135,14217.88709920907,0.44789941753696116,-7.113365052613713e-41,0.0,pseudo_6dof_kinematic_bridge,f16_s119.attitude_response_p6dof.v1,-0.7562951013162765,0.0,0.0,0.0893225837337992,reduced_response_law,0.0,0
547.0,-1596.4519629233941,1048.6637708628787,5.995355389377647,152.4,5,6,right-turn,0.0,0.0,0.0,152.4,-33.299770339067344,0.0,0.0,-29.15345005522622,2.1452348297818378,-32.889849757304574,-1.4,-1.1437737204242687e-17,0.07139785668950471,499.76448654712294,0.0,-37348.8763416135,14217.88709920907,0.44789941753696116,-4.742243368409142e-41,0.0,pseudo_6dof_kinematic_bridge,f16_s119.attitude_response_p6dof.v1,-0.7562951013162765,0.0,0.0,0.0893225837337992,reduced_response_law,0.0,0
548.0,-1722.7196288128566,963.327749448548,5.995355389377647,152.4,5,6,right-turn,0.0,0.0,0.0,152.4,-29.21348812507145,0.0,0.0,51.060641263089025,2.1452348297818387,-28.804342432984235,1.4,1.143773720424269e-17,0.0713055544237336,499.76448654712294,0.0,-37348.8763416135,14217.88709920907,0.44789941753696116,-3.161495578939428e-41,0.0,pseudo_6dof_kinematic_bridge,f16_s119.attitude_response_p6dof.v1,-0.7562951013162765,0.0,0.0,0.0893225837337992,reduced_response_law,0.0,0
549.0,-1835.8819877338935,861.2491497156636,5.995355389377647,152.4,5,6,right-turn,0.0,0.0,0.0,152.4,-25.132217800703298,0.0,0.0,-29.15345005522622,2.1452348297818378,-24.72360741444895,-1.4,-1.1437737204242687e-17,0.07122226197487252,499.76448654712294,0.0,-37348.8763416135,14217.88709920907,0.44789941753696116,-2.107663719292952e-41,0.0,pseudo_6dof_kinematic_bridge,f16_s119.attitude_response_p6dof.v1,-0.7562951013162765,0.0,0.0,0.0893225837337992,reduced_response_law,0.0,0
550.0,-1933.7364630903824,744.4148154953398,5.995355389377647,152.4,5,6,right-turn,0.0,0.0,0.0,152.4,-21.05480317383771,0.0,0.0,51.060641263089025,2.1452348297818387,-20.646682051291965,1.4,1.143773720424269e-17,0.07115577094515513,499.76448654712294,0.0,-37348.8763416135,14217.88709920907,0.44789941753696116,-1.4051091461953014e-41,0.0,pseudo_6dof_kinematic_bridge,f16_s119.attitude_response_p6dof.v1,-0.7562951013162765,0.0,0.0,0.0893225837337992,reduced_response_law,0.0,0
551.0,-2014.3784288273248,615.0987942060897,5.995355389377647,152.4,5,6,right-turn,0.0,0.0,0.0,152.4,-16.980267916294565,0.0,0.0,-29.15345005522622,2.1452348297818378,-16.572540581314133,-1.4,-1.1437737204242687e-17,0.07110718284315495,499.76448654712294,0.0,-37348.8763416135,14217.88709920907,0.44789941753696116,-9.367394307968675e-42,0.0,pseudo_6dof_kinematic_bridge,f16_s119.attitude_response_p6dof.v1,-0.7562951013162765,0.0,0.0,0.0893225837337992,reduced_response_law,0.0,0
552.0,-2076.238280810528,475.8180751075145,5.995355389377647,152.4,5,6,right-turn,0.0,0.0,0.0,152.4,-12.907761816834553,0.0,0.0,51.060641263089025,2.1452348297818387,-12.500323613558988,1.4,1.143773720424269e-17,0.07107359394290706,499.76448654712294,0.0,-37348.8763416135,14217.88709920907,0.44789941753696116,-6.244929538645782e-42,0.0,pseudo_6dof_kinematic_bridge,f16_s119.attitude_response_p6dof.v1,-0.7562951013162765,0.0,0.0,0.0893225837337992,reduced_response_law,0.0,0
553.0,-2118.1119873856774,329.28359896739835,5.995355389377647,152.4,5,6,right-turn,0.0,0.0,0.0,152.4,-8.836519333864745,0.0,0.0,-29.15345005522622,2.1452348297818378,-8.429282933493125,-1.4,-1.1437737204242687e-17,0.07105306384977858,499.76448654712294,0.0,-37348.8763416135,14217.88709920907,0.44789941753696116,-4.163286359097189e-42,0.0,pseudo_6dof_kinematic_bridge,f16_s119.attitude_response_p6dof.v1,-0.7562951013162765,0.0,0.0,0.0893225837337992,reduced_response_law,0.0,0
554.0,-2139.1845244849233,178.34749268331234,5.995355389377647,152.4,5,6,right-turn,0.0,0.0,0.0,152.4,-4.765825895699842,0.0,0.0,51.060641263089025,2.1452348297818387,-4.358715907023298,1.4,1.143773720424269e-17,0.07104479703501355,499.76448654712294,0.0,-37348.8763416135,14217.88709920907,0.44789941753696116,-2.775524239398126e-42,0.0,pseudo_6dof_kinematic_bridge,f16_s119.attitude_response_p6dof.v1,-0.7562951013162765,0.0,0.0,0.0893225837337992,reduced_response_law,0.0,0
555.0,-2139.045739143284,25.94755587680001,5.995355389377647,152.4,5,6,right-turn,0.0,0.0,0.0,152.4,-0.6949886573212146,0.0,0.0,-29.15345005522622,2.1452348297818378,-0.28793463277151266,-1.4,-1.1437737204242687e-17,0.07104853636422401,499.76448654712294,0.0,-37348.8763416135,14217.88709920907,0.44789941753696116,-1.850349492932084e-42,0.0,pseudo_6dof_kinematic_bridge,f16_s119.attitude_response_p6dof.v1,-0.7562951013162765,0.0,0.0,0.0893225837337992,reduced_response_law,0.0,0
556.0,-2117.698332659569,-124.9499200345586,5.995355389377647,152.4,5,6,right-turn,0.0,0.0,0.0,152.4,3.376690892135681,0.0,0.0,51.060641263089025,2.1452348297818387,3.7837576321771396,1.4,1.143773720424269e-17,0.07106443615133944,499.76448654712294,0.0,-37348.8763416135,14217.88709920907,0.44789941753696116,-1.2335663286213896e-42,0.0,pseudo_6dof_kinematic_bridge,f16_s119.attitude_response_p6dof.v1,-0.7562951013162765,0.0,0.0,0.0893225837337992,reduced_response_law,0.0,0
557.0,-2075.5578080186688,-271.40788732548367,5.995355389377647,152.4,5,6,right-turn,0.0,0.0,0.0,152.4,7.449944801665218,0.0,0.0,-29.15345005522622,2.1452348297818378,7.85709348333251,-1.4,-1.1437737204242687e-17,0.07109312214218673,499.76448654712294,0.0,-37348.8763416135,14217.88709920907,0.44789941753696116,-8.223775524142598e-43,0.0,pseudo_6dof_kinematic_bridge,f16_s119.attitude_response_p6dof.v1,-0.7562951013162765,0.0,0.0,0.0893225837337992,reduced_response_law,0.0,0
558.0,-2013.444382598582,-410.575708256126,5.995355389377647,152.4,5,6,right-turn,0.0,0.0,0.0,152.4,11.525569411761303,0.0,0.0,51.060641263089025,2.1452348297818387,11.932872457834998,1.4,1.143773720424269e-17,0.07113576268862648,499.76448654712294,0.0,-37348.8763416135,14217.88709920907,0.44789941753696116,-5.482517016095065e-43,0.0,pseudo_6dof_kinematic_bridge,f16_s119.attitude_response_p6dof.v1,-0.7562951013162765,0.0,0.0,0.0893225837337992,reduced_response_law,0.0,0
559.0,-1932.5670235721366,-539.7446394931208,5.995355389377647,152.4,5,6,right-turn,0.0,0.0,0.0,152.4,15.604461823378292,0.0,0.0,-29.15345005522622,2.1452348297818378,16.011997890106425,-1.4,-1.1437737204242687e-17,0.07119416939497346,499.76448654712294,0.0,-37348.8763416135,14217.88709920907,0.44789941753696116,-3.6550113440633765e-43,0.0,pseudo_6dof_kinematic_bridge,f16_s119.attitude_response_p6dof.v1,-0.7562951013162765,0.0,0.0,0.0893225837337992,reduced_response_law,0.0,0
560.0,-1834.49991673615,-656.4005547174212,5.995355389377647,152.4,5,6,right-turn,0.0,0.0,0.0,152.4,19.687665814523008,0.0,0.0,51.060641263089025,2.1452348297818387,20.095523357313464,1.4,1.143773720424269e-17,0.07127096449180241,499.76448654712294,0.0,-37348.8763416135,14217.88709920907,0.44789941753696116,-2.436674229375584e-43,0.0,pseudo_6dof_kinematic_bridge,f16_s119.attitude_response_p6dof.v1,-0.7562951013162765,0.0,0.0,0.0893225837337992,reduced_response_law,0.0,0
561.0,-1721.1518267755039,-758.2728792333232,5.995355389377647,152.4,5,6,right-turn,0.0,0.0,0.0,152.4,23.776432521087283,0.0,0.0,-29.15345005522622,2.1452348297818378,24.184714249989625,-1.4,-1.1437737204242687e-17,0.07136984481976502,499.76448654712294,0.0,-37348.8763416135,14217.88709920907,0.44789941753696116,-1.6244494862503894e-43,0.0,pseudo_6dof_kinematic_bridge,f16_s119.attitude_response_p6dof.v1,-0.7562951013162765,0.0,0.0,0.0893225837337992,reduced_response_law,0.0,0
562.0,-1594.7289453297408,-843.3787841221765,5.995355389377647,152.4,5,6,right-turn,0.0,0.0,0.0,152.4,27.872303894990864,0.0,0.0,51.060641263089025,2.1452348297818387,28.28113264053511,1.4,1.143773720424269e-17,0.07149598845426575,499.76448654712294,0.0,-37348.8763416135,14217.88709920907,0.44789941753696116,-1.0829663241669263e-43,0.0,pseudo_6dof_kinematic_bridge,f16_s119.attitude_response_p6dof.v1,-0.7562951013162765,0.0,0.0,0.0893225837337992,reduced_response_law,0.0,0
563.0,-1457.6919499823064,-910.0617797518514,5.995355389377647,152.4,5,6,right-turn,0.0,0.0,0.0,152.4,31.977231557809777,0.0,0.0,-29.15345005522622,2.1452348297818378,32.38675830592872,-1.4,-1.1437737204242687e-17,0.07165668571550163,499.76448654712294,0.0,-37348.8763416135,14217.88709920907,0.44789941753696116,-7.219775494446176e-44,0.0,pseudo_6dof_kinematic_bridge,f16_s119.attitude_response_p6dof.v1,-0.7562951013162765,0.0,0.0,0.0893225837337992,reduced_response_law,0.0,0
564.0,-1312.7081099703666,-957.0239574631996,5.995355389377647,152.4,5,6,right-turn,0.0,0.0,0.0,152.4,36.09375170486898,0.0,0.0,51.060641263089025,2.1452348297818387,36.504166983752945,1.4,1.143773720424269e-17,0.07186233807821929,499.76448654712294,0.0,-37348.8763416135,14217.88709920907,0.44789941753696116,-4.813183662964116e-44,0.0,pseudo_6dof_kinematic_bridge,f16_s119.attitude_response_p6dof.v1,-0.7562951013162765,0.0,0.0,0.0893225837337992,reduced_response_law,0.0,0
565.0,-1162.5993708230803,-983.3512518857551,5.995355389377647,152.4,5,6,right-turn,0.0,0.0,0.0,152.4,40.22525119785112,0.0,0.0,-29.15345005522622,2.1452348297818378,40.63680173965755,-1.4,-1.1437737204242687e-17,0.07212808327288735,499.76448654712294,0.0,-37348.8763416135,14217.88709920907,0.44789941753696116,-3.2087891086427447e-44,0.0,pseudo_6dof_kinematic_bridge,f16_s119.attitude_response_p6dof.v1,-0.7562951013162765,0.0,0.0,0.0893225837337992,reduced_response_law,0.0,0
566.0,-1010.2874284017892,-988.5312321804364,5.995355389377647,152.4,5,6,right-turn,0.0,0.0,0.0,152.4,44.376387151666684,0.0,0.0,51.060641263089025,2.1452348297818387,44.78940107007572,1.4,1.143773720424269e-17,0.07247653083190914,499.76448654712294,0.0,-37348.8763416135,14217.88709920907,0.44789941753696116,-2.1391927390951634e-44,0.0,pseudo_6dof_kinematic_bridge,f16_s119.attitude_response_p6dof.v1,-0.7562951013162765,0.0,0.0,0.0893225837337992,reduced_response_law,0.0,0
567.0,-858.7368614134571,-972.4630759229477,5.995355389377647,152.4,5,6,right-turn,0.0,0.0,0.0,152.4,48.55377578782389,0.0,0.0,-29.15345005522622,2.1452348297818378,48.96870195147839,-1.4,-1.1437737204242687e-17,0.07294256081197781,499.76448654712294,0.0,-37348.8763416135,14217.88709920907,0.44789941753696116,-1.4261284927301091e-44,0.0,pseudo_6dof_kinematic_bridge,f16_s119.attitude_response_p6dof.v1,-0.7562951013162765,0.0,0.0,0.0893225837337992,reduced_response_law,0.0,0
568.0,-710.897429258297,-935.4595314975843,5.995355389377647,152.4,5,6,right-turn,0.0,0.0,0.0,152.4,52.76717772732937,0.0,0.0,51.060641263089025,2.1452348297818387,53.18464972926484,1.4,1.143773720424269e-17,0.07358216981451178,499.76448654712294,0.0,-37348.8763416135,14217.88709920907,0.44789941753696116,-9.507523284867395e-45,0.0,pseudo_6dof_kinematic_bridge,f16_s119.attitude_response_p6dof.v1,-0.7562951013162765,0.0,0.0,0.0893225837337992,reduced_response_law,0.0,0
569.0,-569.6466583183477,-878.2408308056779,5.995355389377647,152.4,5,6,right-turn,0.0,0.0,0.0,152.4,57.03165545114104,0.0,0.0,-29.15345005522622,2.1452348297818378,57.45260019531638,-1.4,-1.1437737204242687e-17,0.0744897879446257,499.76448654712294,0.0,-37348.8763416135,14217.88709920907,0.44789941753696116,-6.338348856578262e-45,0.0,pseudo_6dof_kinematic_bridge,f16_s119.attitude_response_p6dof.v1,-0.7562951013162765,0.0,0.0,0.0893225837337992,reduced_response_law,0.0,0
570.0,-437.3079928068216,-802.6614843502579,5.995355389377647,152.4,5,6,right-turn,0.0,0.0,0.0,152.4,61.41745995367268,0.0,0.0,51.060641263089025,2.1452348297818387,61.84272778621723,1.4,1.143773720424269e-17,0.07662218104386631,499.76448654712294,0.0,-37348.8763416135,14217.88709920907,0.44789941753696116,-4.225565904385508e-45,0.0,pseudo_6dof_kinematic_bridge,f16_s119.attitude_response_p6dof.v1,-0.7562951013162765,0.0,0.0,0.0893225837337992,reduced_response_law,0.0,0
571.0,-314.88903992918983,-711.8905640269286,5.995355389377647,152.4,5,6,right-turn,0.0,0.0,0.0,152.4,66.13885767905029,0.0,0.0,-29.15345005522622,2.1452348297818378,66.57361099294256,-1.4,-1.1437737204242687e-17,0.08256948848466464,499.76448654712294,0.0,-37348.8763416135,14217.88709920907,0.44789941753696116,-2.817043936257006e-45,0.0,pseudo_6dof_kinematic_bridge,f16_s119.attitude_response_p6dof.v1,-0.7562951013162765,0.0,0.0,0.0893225837337992,reduced_response_law,0.0,0
572.0,-203.01702059498683,-608.3994470647095,5.995355389377647,152.4,5,6,right-turn,0.0,0.0,0.0,152.4,71.54664348095369,0.0,0.0,51.060641263089025,2.1452348297818387,72.01090170777492,1.4,1.143773720424269e-17,0.09489862536194017,499.76448654712294,0.0,-37348.8763416135,14217.88709920907,0.44789941753696116,-1.878029290838004e-45,0.0,pseudo_6dof_kinematic_bridge,f16_s119.attitude_response_p6dof.v1,-0.7562951013162765,0.0,0.0,0.0893225837337992,reduced_response_law,0.0,0
573.0,-102.25963068223882,-494.05912881270154,5.995355389377647,152.4,5,6,right-turn,0.0,0.0,0.0,152.4,78.30612686670788,0.0,0.0,-29.15345005522622,2.1452348297818378,78.83255145034443,-1.4,-1.1437737204242687e-17,0.11906024842566112,499.76448654712294,0.0,-37348.8763416135,14217.88709920907,0.44789941753696116,-1.252019527225336e-45,0.0,pseudo_6dof_kinematic_bridge,f16_s119.attitude_response_p6dof.v1,-0.7562951013162765,0.0,0.0,0.0893225837337992,reduced_response_law,0.0,0
574.0,-13.42871466350357,-370.2252547746484,5.995355389377647,152.4,5,6,right-turn,0.0,0.0,0.0,152.4,87.92269298411715,0.0,0.0,51.060641263089025,2.1452348297818387,88.56843009707214,1.4,1.143773720424269e-17,0.16992313796000819,499.76448654712294,0.0,-37348.8763416135,14217.88709920907,0.44789941753696116,-8.346796848168908e-46,0.0,pseudo_6dof_kinematic_bridge,f16_s119.attitude_response_p6dof.v1,-0.7562951013162765,0.0,0.0,0.0893225837337992,reduced_response_law,0.0,0
575.0,61.994819874806964,-237.79772577199626,5.995355389377647,152.4,5,6,right-turn,0.0,0.0,0.0,152.4,104.6119922263862,0.0,0.0,-29.15345005522622,2.1452348297818378,105.49568785220394,-1.4,-1.1437737204242687e-17,0.2954363811607936,499.76448654712294,0.0,-37348.8763416135,14217.88709920907,0.44789941753696116,-5.564531232112606e-46,0.0,pseudo_6dof_kinematic_bridge,f16_s119.attitude_response_p6dof.v1,-0.7562951013162765,0.0,0.0,0.0893225837337992,reduced_response_law,0.0,0
576.0,120.97113403513242,-97.27173398377724,5.995355389377647,152.4,5,6,right-turn,0.0,0.0,0.0,152.4,141.19757070341157,0.0,0.0,51.060641263089025,2.1452348297818387,130.29480607467374,1.4,1.143773720424269e-17,0.43282626457342155,499.76448654712294,0.0,-37348.8763416135,14217.88709920907,0.44789941753696116,-3.70968748807507e-46,0.0,pseudo_6dof_kinematic_bridge,f16_s119.attitude_response_p6dof.v1,-0.7562951013162765,0.0,0.0,0.0893225837337992,reduced_response_law,0.0,0
577.0,159.8160567175189,50.09458503722371,5.995355389377647,152.4,5,6,right-turn,0.0,0.0,0.0,152.4,-162.59632139131557,0.0,0.0,-29.15345005522622,2.1452348297818378,110.13195184971524,-1.4,-1.1437737204242687e-17,-0.3519081928251754,499.76448654712294,0.0,-37348.8763416135,14217.88709920907,0.44789941753696116,-2.473124992050047e-46,0.0,pseudo_6dof_kinematic_bridge,f16_s119.attitude_response_p6dof.v1,-0.7562951013162765,0.0,0.0,0.0893225837337992,reduced_response_law,0.0,0
578.0,177.77351568739837,201.43291351796614,5.995355389377647,152.4,5,6,right-turn,0.0,0.0,0.0,152.4,-131.42983701331738,0.0,0.0,51.060641263089025,2.1452348297818387,84.97332290837579,1.4,1.143773720424269e-17,-0.4391009103139084,499.76448654712294,0.0,-37348.8763416135,14217.88709920907,0.44789941753696116,-1.648749994700031e-46,0.0,pseudo_6dof_kinematic_bridge,f16_s119.attitude_response_p6dof.v1,-0.7562951013162765,0.0,0.0,0.0893225837337992,reduced_response_law,0.0,0
579.0,174.49398943222894,353.79762303936957,5.995355389377647,152.4,5,6,right-turn,0.0,0.0,0.0,152.4,-116.2526456174384,0.0,0.0,-29.15345005522622,2.1452348297818378,59.2596078874385,-1.4,-1.1437737204242687e-17,-0.4487889900348787,499.76448654712294,0.0,-37348.8763416135,14217.88709920907,0.44789941753696116,-1.099166663133354e-46,0.0,pseudo_6dof_kinematic_bridge,f16_s119.attitude_response_p6dof.v1,-0.7562951013162765,0.0,0.0,0.0893225837337992,reduced_response_law,0.0,0
580.0,150.0413102001617,504.2231078428882,5.995355389377647,152.4,5,6,right-turn,0.0,0.0,0.0,152.4,-106.57138858746053,0.0,0.0,51.060641263089025,2.1452348297818387,33.484216635434755,1.4,1.143773720424269e-17,-0.44986544333720874,499.76448654712294,0.0,-37348.8763416135,14217.88709920907,0.44789941753696116,-7.32777775422236e-47,0.0,pseudo_6dof_kinematic_bridge,f16_s119.attitude_response_p6dof.v1,-0.7562951013162765,0.0,0.0,0.0893225837337992,reduced_response_law,0.0,0
581.0,104.89142157793842,649.7815069732745,5.995355389377647,152.4,5,6,right-turn,0.0,0.0,0.0,152.4,-99.16990565239342,0.0,0.0,-29.15345005522622,2.1452348297818378,7.701972468868075,-1.4,-1.1437737204242687e-17,-0.44998504925968985,499.76448654712294,0.0,-37348.8763416135,14217.88709920907,0.44789941753696116,-4.885185169481573e-47,0.0,pseudo_6dof_kinematic_bridge,f16_s119.attitude_response_p6dof.v1,-0.7562951013162765,0.0,0.0,0.0893225837337992,reduced_response_law,0.0,0
582.0,39.923114790353594,787.6396917616804,5.995355389377647,152.4,5,6,right-turn,0.0,0.0,0.0,152.4,-92.9016694920411,0.0,0.0,51.060641263089025,2.1452348297818387,-18.081033132650028,1.4,1.143773720424269e-17,-0.4499983388066322,499.76448654712294,0.0,-37348.8763416135,14217.88709920907,0.44789941753696116,-3.2567901129877154e-47,0.0,pseudo_6dof_kinematic_bridge,f16_s119.attitude_response_p6dof.v1,-0.7562951013162765,0.0,0.0,0.0893225837337992,reduced_response_law,0.0,0
583.0,-43.59907597132607,915.1144094525606,5.995355389377647,152.4,5,6,right-turn,0.0,0.0,0.0,152.4,-87.27230224087874,0.0,0.0,-29.15345005522622,2.1452348297818378,-43.864123338051655,-1.4,-1.1437737204242687e-17,-0.44999981542295914,499.76448654712294,0.0,-37348.8763416135,14217.88709920907,0.44789941753696116,-2.1711934086584765e-47,0.0,pseudo_6dof_kinematic_bridge,f16_s119.attitude_response_p6dof.v1,-0.7562951013162765,0.0,0.0,0.0893225837337992,reduced_response_law,0.0,0
584.0,-144.04948626900836,1029.7245096664042,5.995355389377647,152.4,5,6,right-turn,0.0,0.0,0.0,152.4,-82.03649879050677,0.0,0.0,51.060641263089025,2.1452348297818387,-69.64722294388477,1.4,1.143773720424269e-17,-0.44999997949143994,499.76448654712294,0.0,-37348.8763416135,14217.88709920907,0.44789941753696116,-1.4474622724389844e-47,0.0,pseudo_6dof_kinematic_bridge,f16_s119.attitude_response_p6dof.v1,-0.7562951013162765,0.0,0.0,0.0893225837337992,reduced_response_law,0.0,0
585.0,-259.472963126897,1129.2392371696055,5.995355389377647,152.4,5,6,right-turn,0.0,0.0,0.0,152.4,-77.05938271227141,0.0,0.0,-29.15345005522622,2.1452348297818378,-79.83266341207526,-1.4,-1.1437737204242687e-17,-0.1777694719357969,499.76448654712294,0.0,-37348.8763416135,14217.88709920907,0.44789941753696116,-9.649748482926563e-48,0.0,pseudo_6dof_kinematic_bridge,f16_s119.attitude_response_p6dof.v1,-0.7562951013162765,0.0,0.0,0.0893225837337992,reduced_response_law,0.0,0
586.0,-387.6229198602122,1211.7216509876398,5.995355389377647,152.4,5,6,right-turn,0.0,0.0,0.0,152.4,-72.2608191358795,0.0,0.0,51.060641263089025,2.1452348297818387,-73.48601430242161,1.4,1.143773720424269e-17,0.11076992343222292,499.76448654712294,0.0,-37348.8763416135,14217.88709920907,0.44789941753696116,-6.433165655284375e-48,0.0,pseudo_6dof_kinematic_bridge,f16_s119.attitude_response_p6dof.v1,-0.7562951013162765,0.0,0.0,0.0893225837337992,reduced_response_law,0.0,0
587.0,-526.0050633295552,1275.5663247578939,5.995355389377647,152.4,5,6,right-turn,0.0,0.0,0.0,152.4,-67.5902266829469,0.0,0.0,-29.15345005522622,2.1452348297818378,-66.95783095001593,-1.4,-1.1437737204242687e-17,0.11393829367336034,499.76448654712294,0.0,-37348.8763416135,14217.88709920907,0.44789941753696116,-4.2887771035229165e-48,0.0,pseudo_6dof_kinematic_bridge,f16_s119.attitude_response_p6dof.v1,-0.7562951013162765,0.0,0.0,0.0893225837337992,reduced_response_law,0.0,0
588.0,-671.9259425196506,1319.5305945276698,5.995355389377647,152.4,5,6,right-turn,0.0,0.0,0.0,152.4,-63.01408272459448,0.0,0.0,51.060641263089025,2.1452348297818387,-62.33741726846821,1.4,1.143773720424269e-17,0.0806414315472009,499.76448654712294,0.0,-37348.8763416135,14217.88709920907,0.44789941753696116,-2.8591847356819454e-48,0.0,pseudo_6dof_kinematic_bridge,f16_s119.attitude_response_p6dof.v1,-0.7562951013162765,0.0,0.0,0.0893225837337992,reduced_response_law,0.0,0
589.0,-822.5453734996028,1342.7587457945144,5.995355389377647,152.4,5,6,right-turn,0.0,0.0,0.0,152.4,-58.509252757977855,0.0,0.0,-29.15345005522622,2.1452348297818378,-58.04313475028107,-1.4,-1.1437737204242687e-17,0.07494936895319886,499.76448654712294,0.0,-37348.8763416135,14217.88709920907,0.44789941753696116,-1.906123157121297e-48,0.0,pseudo_6dof_kinematic_bridge,f16_s119.attitude_response_p6dof.v1,-0.7562951013162765,0.0,0.0,0.0893225837337992,reduced_response_law,0.0,0
590.0,-974.9317203724505,1344.7986690156492,5.995355389377647,152.4,5,6,right-turn,0.0,0.0,0.0,152.4,-54.05920948688314,0.0,0.0,51.060641263089025,2.1452348297818387,-53.63125124737343,1.4,1.143773720424269e-17,0.07700189334015904,499.76448654712294,0.0,-37348.8763416135,14217.88709920907,0.44789941753696116,-1.270748771414198e-48,0.0,pseudo_6dof_kinematic_bridge,f16_s119.attitude_response_p6dof.v1,-0.7562951013162765,0.0,0.0,0.0893225837337992,reduced_response_law,0.0,0
591.0,-1126.1189562332142,1325.6106594059531,5.995355389377647,152.4,5,6,right-turn,0.0,0.0,0.0,152.4,-49.651780247191475,0.0,0.0,-29.15345005522622,2.1452348297818378,-49.210700240697825,-1.4,-1.1437737204242687e-17,0.07715316981883927,499.76448654712294,0.0,-37348.8763416135,14217.88709920907,0.44789941753696116,-8.471658476094653e-49,0.0,pseudo_6dof_kinematic_bridge,f16_s119.attitude_response_p6dof.v1,-0.7562951013162765,0.0,0.0,0.0893225837337992,reduced_response_law,0.0,0
592.0,-1273.1643935087961,1285.5681897464412,5.995355389377647,152.4,5,6,right-turn,0.0,0.0,0.0,152.4,-45.27774672983047,0.0,0.0,51.060641263089025,2.1452348297818387,-44.83512937737105,1.4,1.143773720424269e-17,0.07636811821938314,499.76448654712294,0.0,-37348.8763416135,14217.88709920907,0.44789941753696116,-5.6477723173964356e-49,0.0,pseudo_6dof_kinematic_bridge,f16_s119.attitude_response_p6dof.v1,-0.7562951013162765,0.0,0.0,0.0893225837337992,reduced_response_law,0.0,0
593.0,-1413.2059600243326,1225.450641161402,5.995355389377647,152.4,5,6,right-turn,0.0,0.0,0.0,152.4,-40.92994153572234,0.0,0.0,-29.15345005522622,2.1452348297818378,-40.49197919092861,-1.4,-1.1437737204242687e-17,0.0758022706620261,499.76448654712294,0.0,-37348.8763416135,14217.88709920907,0.44789941753696116,-3.7651815449309576e-49,0.0,pseudo_6dof_kinematic_bridge,f16_s119.attitude_response_p6dof.v1,-0.7562951013162765,0.0,0.0,0.0893225837337992,reduced_response_law,0.0,0
594.0,-1543.5179059825198,1146.4281333513452,5.995355389377647,152.4,5,6,right-turn,0.0,0.0,0.0,152.4,-36.60264529573056,0.0,0.0,51.060641263089025,2.1452348297818387,-36.16808952063445,1.4,1.143773720424269e-17,0.07546611123960495,499.76448654712294,0.0,-37348.8763416135,14217.88709920907,0.44789941753696116,-2.510121029953972e-49,0.0,pseudo_6dof_kinematic_bridge,f16_s119.attitude_response_p6dof.v1,-0.7562951013162765,0.0,0.0,0.0893225837337992,reduced_response_law,0.0,0
595.0,-1661.563857582923,1050.0387495440232,5.995355389377647,152.4,5,6,right-turn,0.0,0.0,0.0,152.4,-32.291171252555365,0.0,0.0,-29.15345005522622,2.1452348297818378,-31.85860225546192,-1.4,-1.1437737204242687e-17,0.07521474185002641,499.76448654712294,0.0,-37348.8763416135,14217.88709920907,0.44789941753696116,-1.6734140199693146e-49,0.0,pseudo_6dof_kinematic_bridge,f16_s119.attitude_response_p6dof.v1,-0.7562951013162765,0.0,0.0,0.0893225837337992,reduced_response_law,0.0,0
596.0,-1765.0461846529201,938.1585994539464,5.995355389377647,152.4,5,6,right-turn,0.0,0.0,0.0,152.4,-27.991569553993628,0.0,0.0,51.060641263089025,2.1452348297818387,-27.560478780103704,1.4,1.143773720424269e-17,0.07501640630226236,499.76448654712294,0.0,-37348.8763416135,14217.88709920907,0.44789941753696116,-1.1156093466462097e-49,0.0,pseudo_6dof_kinematic_bridge,f16_s119.attitude_response_p6dof.v1,-0.7562951013162765,0.0,0.0,0.0893225837337992,reduced_response_law,0.0,0
597.0,-1851.9507214054963,812.9653029408338,5.995355389377647,152.4,5,6,right-turn,0.0,0.0,0.0,152.4,-23.70040914186446,0.0,0.0,-29.15345005522622,2.1452348297818378,-23.27049504754367,-1.4,-1.1437737204242687e-17,0.07487434099016861,499.76448654712294,0.0,-37348.8763416135,14217.88709920907,0.44789941753696116,-7.437395644308065e-50,0.0,pseudo_6dof_kinematic_bridge,f16_s119.attitude_response_p6dof.v1,-0.7562951013162765,0.0,0.0,0.0893225837337992,reduced_response_law,0.0,0
598.0,-1920.5859698852078,676.895605116049,5.995355389377647,152.4,5,6,right-turn,0.0,0.0,0.0,152.4,-19.414610019061264,0.0,0.0,51.060641263089025,2.1452348297818387,-18.98554867875807,1.4,1.143773720424269e-17,0.07478642240668376,499.76448654712294,0.0,-37348.8763416135,14217.88709920907,0.44789941753696116,-4.958263762872043e-50,0.0,pseudo_6dof_kinematic_bridge,f16_s119.attitude_response_p6dof.v1,-0.7562951013162765,0.0,0.0,0.0893225837337992,reduced_response_law,0.0,0
599.0,-1969.616023051835,532.5979478707642,5.995355389377647,152.4,5,6,right-turn,0.0,0.0,0.0,152.4,-15.131307475554042,0.0,0.0,-29.15345005522622,2.1452348297818378,-14.702785548197678,-1.4,-1.1437737204242687e-17,0.0747483177112988,499.76448654712294,0.0,-37348.8763416135,14217.88709920907,0.44789941753696116,-3.3055091752480286e-50,0.0,pseudo_6dof_kinematic_bridge,f16_s119.attitude_response_p6dof.v1,-0.7562951013162765,0.0,0.0,0.0893225837337992,reduced_response_law,0.0,0
600.0,-1998.0865666913487,382.88092096710653,5.995355389377647,152.4,5,6,right-turn,0.0,0.0,0.0,152.4,-10.847735017504718,0.0,0.0,51.060641263089025,2.1452348297818387,-10.419465663870751,1.4,1.143773720424269e-17,0.07475803489764739,499.76448654712294,0.0,-37348.8763416135,14217.88709920907,0.44789941753696116,-2.203672783498685e-50,0.0,pseudo_6dof_kinematic_bridge,f16_s119.attitude_response_p6dof.v1,-0.7562951013162765,0.0,0.0,0.0893225837337992,reduced_response_law,0.0,0
601.0,-2005.443454056569,230.65859603316176,5.995355389377647,152.4,5,6,right-turn,0.0,0.0,0.0,152.4,-6.561115594926307,0.0,0.0,-29.15345005522622,2.1452348297818378,-6.132825114802885,-1.4,-1.1437737204242687e-17,0.07481599143073193,499.76448654712294,0.0,-37348.8763416135,14217.88709920907,0.44789941753696116,-1.4691151889991236e-50,0.0,pseudo_6dof_kinematic_bridge,f16_s119.attitude_response_p6dof.v1,-0.7562951013162765,0.0,0.0,0.0893225837337992,reduced_response_law,0.0,0
602.0,-1991.5434917032671,78.89380747344086,5.995355389377647,152.4,5,6,right-turn,0.0,0.0,0.0,152.4,-2.2685519445736366,0.0,0.0,51.060641263089025,2.1452348297818387,-1.8399656264084396,1.4,1.143773720424269e-17,0.07492453239796251,499.76448654712294,0.0,-37348.8763416135,14217.88709920907,0.44789941753696116,-9.79410125999416e-51,0.0,pseudo_6dof_kinematic_bridge,f16_s119.attitude_response_p6dof.v1,-0.7562951013162765,0.0,0.0,0.0893225837337992,reduced_response_law,0.0,0
603.0,-1956.6572265876773,-69.45951573262954,5.995355389377647,152.4,5,6,right-turn,0.0,0.0,0.0,152.4,2.0330932641168484,0.0,0.0,-29.15345005522622,2.1452348297818378,2.462262109857898,-1.4,-1.1437737204242687e-17,0.0750880391684698,499.76448654712294,0.0,-37348.8763416135,14217.88709920907,0.44789941753696116,-6.529400839996106e-51,0.0,pseudo_6dof_kinematic_bridge,f16_s119.attitude_response_p6dof.v1,-0.7562951013162765,0.0,0.0,0.0893225837337992,reduced_response_law,0.0,0
604.0,-1901.4636801777363,-211.51384489824727,5.995355389377647,152.4,5,6,right-turn,0.0,0.0,0.0,152.4,6.3473383003779995,0.0,0.0,51.060641263089025,2.1452348297818387,6.77739970082093,1.4,1.143773720424269e-17,0.07531335863888111,499.76448654712294,0.0,-37348.8763416135,14217.88709920907,0.44789941753696116,-4.352933893330737e-51,0.0,pseudo_6dof_kinematic_bridge,f16_s119.attitude_response_p6dof.v1,-0.7562951013162765,0.0,0.0,0.0893225837337992,reduced_response_law,0.0,0
605.0,-1827.0371320725847,-344.5042540906081,5.995355389377647,152.4,5,6,right-turn,0.0,0.0,0.0,152.4,10.678258316300306,0.0,0.0,-29.15345005522622,2.1452348297818378,11.109559300290272,-1.4,-1.1437737204242687e-17,0.07561044873261893,499.76448654712294,0.0,-37348.8763416135,14217.88709920907,0.44789941753696116,-2.9019559288871587e-51,0.0,pseudo_6dof_kinematic_bridge,f16_s119.attitude_response_p6dof.v1,-0.7562951013162765,0.0,0.0,0.0893225837337992,reduced_response_law,0.0,0
606.0,-1734.8262103721459,-465.8422362691309,5.995355389377647,152.4,5,6,right-turn,0.0,0.0,0.0,152.4,15.03071616458811,0.0,0.0,51.060641263089025,2.1452348297818387,15.463657887192154,1.4,1.143773720424269e-17,0.07599335629787005,499.76448654712294,0.0,-37348.8763416135,14217.88709920907,0.44789941753696116,-1.934637285924772e-51,0.0,pseudo_6dof_kinematic_bridge,f16_s119.attitude_response_p6dof.v1,-0.7562951013162765,0.0,0.0,0.0893225837337992,reduced_response_law,0.0,0
607.0,-1626.6256957789499,-573.1660856306199,5.995355389377647,152.4,5,6,right-turn,0.0,0.0,0.0,152.4,19.410677641607464,0.0,0.0,-29.15345005522622,2.1452348297818378,19.845737734542055,-1.4,-1.1437737204242687e-17,0.07648172142154619,499.76448654712294,0.0,-37348.8763416135,14217.88709920907,0.44789941753696116,-1.289758190616515e-51,0.0,pseudo_6dof_kinematic_bridge,f16_s119.attitude_response_p6dof.v1,-0.7562951013162765,0.0,0.0,0.0893225837337992,reduced_response_law,0.0,0
608.0,-1504.5415882332923,-664.3868655263229,5.995355389377647,152.4,5,6,right-turn,0.0,0.0,0.0,152.4,23.8256572496686,0.0,0.0,51.060641263089025,2.1452348297818387,24.263420201656533,1.4,1.143773720424269e-17,0.07710310435877371,499.76448654712294,0.0,-37348.8763416135,14217.88709920907,0.44789941753696116,-8.598387937443434e-52,0.0,pseudo_6dof_kinematic_bridge,f16_s119.attitude_response_p6dof.v1,-0.7562951013162765,0.0,0.0,0.0893225837337992,reduced_response_law,0.0,0
609.0,-1370.9501160199352,-737.7290672376694,5.995355389377647,152.4,5,6,right-turn,0.0,0.0,0.0,152.4,28.285369170323232,0.0,0.0,-29.15345005522622,2.1452348297818378,28.72656908680921,-1.4,-1.1437737204242687e-17,0.07789664305262829,499.76448654712294,0.0,-37348.8763416135,14217.88709920907,0.44789941753696116,-5.732258624962289e-52,0.0,pseudo_6dof_kinematic_bridge,f16_s119.attitude_response_p6dof.v1,-0.7562951013162765,0.0,0.0,0.0893225837337992,reduced_response_law,0.0,0
610.0,-1228.4514851874642,-791.7651682338657,5.995355389377647,152.4,5,6,right-turn,0.0,0.0,0.0,152.4,32.802709062137886,0.0,0.0,51.060641263089025,2.1452348297818387,33.248291778076705,1.4,1.143773720424269e-17,0.07891894882475707,499.76448654712294,0.0,-37348.8763416135,14217.88709920907,0.44789941753696116,-3.821505749974859e-52,0.0,pseudo_6dof_kinematic_bridge,f16_s119.attitude_response_p6dof.v1,-0.7562951013162765,0.0,0.0,0.0893225837337992,reduced_response_law,0.0,0
611.0,-1079.8192694952431,-825.4434172741749,5.995355389377647,152.4,5,6,right-turn,0.0,0.0,0.0,152.4,37.39528640994521,0.0,0.0,-29.15345005522622,2.1452348297818378,37.846502577717295,-1.4,-1.1437737204242687e-17,0.08025391815448957,499.76448654712294,0.0,-37348.8763416135,14217.88709920907,0.44789941753696116,-2.5476704999832394e-52,0.0,pseudo_6dof_kinematic_bridge,f16_s119.attitude_response_p6dof.v1,-0.7562951013162765,0.0,0.0,0.0893225837337992,reduced_response_law,0.0,0
612.0,-927.9464259550817,-838.1083055494678,5.995355389377647,152.4,5,6,right-turn,0.0,0.0,0.0,152.4,42.08790899352085,0.0,0.0,51.060641263089025,2.1452348297818387,42.5464582624216,1.4,1.143773720424269e-17,0.0820297013959147,499.76448654712294,0.0,-37348.8763416135,14217.88709920907,0.44789941753696116,-1.6984469999888263e-52,0.0,pseudo_6dof_kinematic_bridge,f16_s119.attitude_response_p6dof.v1,-0.7562951013162765,0.0,0.0,0.0893225837337992,reduced_response_law,0.0,0
613.0,-775.7889867136902,-829.5133254155627,5.995355389377647,152.4,5,6,right-turn,0.0,0.0,0.0,152.4,46.91679124801611,0.0,0.0,-29.15345005522622,2.1452348297818378,47.38505381809939,-1.4,-1.1437737204242687e-17,0.08444942361894167,499.76448654712294,0.0,-37348.8763416135,14217.88709920907,0.44789941753696116,-1.132297999992551e-52,0.0,pseudo_6dof_kinematic_bridge,f16_s119.attitude_response_p6dof.v1,-0.7562951013162765,0.0,0.0,0.0893225837337992,reduced_response_law,0.0,0
614.0,-626.3085232493802,-799.825768384121,5.995355389377647,152.4,5,6,right-turn,0.0,0.0,0.0,152.4,51.937060004777905,0.0,0.0,51.060641263089025,2.1452348297818387,52.418484125943614,1.4,1.143773720424269e-17,0.08784993154155332,499.76448654712294,0.0,-37348.8763416135,14217.88709920907,0.44789941753696116,-7.548653333283674e-53,0.0,pseudo_6dof_kinematic_bridge,f16_s119.attitude_response_p6dof.v1,-0.7562951013162765,0.0,0.0,0.0893225837337992,reduced_response_law,0.0,0
615.0,-482.41450275197764,-749.6234689836643,5.995355389377647,152.4,5,6,right-turn,0.0,0.0,0.0,152.4,57.237000202888936,0.0,0.0,-29.15345005522622,2.1452348297818378,57.73678238429204,-1.4,-1.1437737204242687e-17,0.09282181521126032,499.76448654712294,0.0,-37348.8763416135,14217.88709920907,0.44789941753696116,-5.03243555552245e-53,0.0,pseudo_6dof_kinematic_bridge,f16_s119.attitude_response_p6dof.v1,-0.7562951013162765,0.0,0.0,0.0893225837337992,reduced_response_law,0.0,0
616.0,-346.9076586534421,-679.8835578677532,5.995355389377647,152.4,5,6,right-turn,0.0,0.0,0.0,152.4,62.96724794670744,0.0,0.0,51.060641263089025,2.1452348297818387,63.49359632649411,1.4,1.143773720424269e-17,0.10047535771614068,499.76448654712294,0.0,-37348.8763416135,14217.88709920907,0.44789941753696116,-3.3549570370149667e-53,0.0,pseudo_6dof_kinematic_bridge,f16_s119.attitude_response_p6dof.v1,-0.7562951013162765,0.0,0.0,0.0893225837337992,reduced_response_law,0.0,0
617.0,-221.66447432779842,-593.0509327780277,5.995355389377647,152.4,5,6,right-turn,0.0,0.0,0.0,152.4,69.50577965806565,0.0,0.0,-29.15345005522622,2.1452348297818378,70.07120116606873,-1.4,-1.1437737204242687e-17,0.11480086134569005,499.76448654712294,0.0,-37348.8763416135,14217.88709920907,0.44789941753696116,-2.2366380246766443e-53,0.0,pseudo_6dof_kinematic_bridge,f16_s119.attitude_response_p6dof.v1,-0.7562951013162765,0.0,0.0,0.0893225837337992,reduced_response_law,0.0,0
618.0,-108.04035743138277,-491.4865686560106,5.995355389377647,152.4,5,6,right-turn,0.0,0.0,0.0,152.4,77.60222103638165,0.0,0.0,51.060641263089025,2.1452348297818387,78.24009046460212,1.4,1.143773720424269e-17,0.1425740144903378,499.76448654712294,0.0,-37348.8763416135,14217.88709920907,0.44789941753696116,-1.491092016451096e-53,0.0,pseudo_6dof_kinematic_bridge,f16_s119.attitude_response_p6dof.v1,-0.7562951013162765,0.0,0.0,0.0893225837337992,reduced_response_law,0.0,0
619.0,-7.497477983428851,-376.9575793462546,5.995355389377647,152.4,5,6,right-turn,0.0,0.0,0.0,152.4,88.8605688349014,0.0,0.0,-29.15345005522622,2.1452348297818378,89.63710618448782,-1.4,-1.1437737204242687e-17,0.19891544921355753,499.76448654712294,0.0,-37348.8763416135,14217.88709920907,0.44789941753696116,-9.940613443007304e-54,0.0,pseudo_6dof_kinematic_bridge,f16_s119.attitude_response_p6dof.v1,-0.7562951013162765,0.0,0.0,0.0893225837337992,reduced_response_law,0.0,0
620.0,77.85339857398961,-250.69995434530537,5.995355389377647,152.4,5,6,right-turn,0.0,0.0,0.0,152.4,107.25187466104417,0.0,0.0,51.060641263089025,2.1452348297818387,108.30074346354309,1.4,1.143773720424269e-17,0.3257419209174707,499.76448654712294,0.0,-37348.8763416135,14217.88709920907,0.44789941753696116,-6.627075628671536e-54,0.0,pseudo_6dof_kinematic_bridge,f16_s119.attitude_response_p6dof.v1,-0.7562951013162765,0.0,0.0,0.0893225837337992,reduced_response_law,0.0,0
621.0,144.80198107666934,-113.7925137115623,5.995355389377647,152.4,5,6,right-turn,0.0,0.0,0.0,152.4,141.83799606167534,0.0,0.0,51.040998012420324,2.1452348297818387,114.95916086523842,-0.0010658000881045293,4.079308538664228e-18,0.36127125662913906,499.76448654712294,0.0,-37348.8763416135,14217.88709920907,0.44789941753696116,-4.4180504191143575e-54,0.0,pseudo_6dof_kinematic_bridge,f16_s119.attitude_response_p6dof.v1,-0.7562951013162765,0.0,0.0,0.0893225837337992,reduced_response_law,0.0,0
