query_id,acceleration_ecic_x_m_s2,acceleration_ecic_y_m_s2,acceleration_ecic_z_m_s2,aero_force_body_x_n,aero_force_body_y_n,aero_force_body_z_n,aero_moment_body_x_nm,aero_moment_body_y_nm,aero_moment_body_z_nm,air_relative_speed_m_s,air_relative_velocity_m_s,angular_acceleration_body_x_rad_s2,angular_acceleration_body_y_rad_s2,angular_acceleration_body_z_rad_s2,angular_rate_norm_rad_s,attitude_quaternion,attitude_rate_rad_s,configuration_variant_id,drag_force_n,event_id,force_body_x_n,force_body_y_n,force_body_z_n,force_ecic_x_n,force_ecic_y_n,force_ecic_z_n,gravity_force_body_x_n,gravity_force_body_y_n,gravity_force_body_z_n,heat_rate_w_m2,inertia_x_kg_m2,inertia_xz_kg_m2,inertia_y_kg_m2,inertia_z_kg_m2,mass_kg,mass_property_profile_id,moment_body_x_nm,moment_body_y_nm,moment_body_z_nm,pitch_deg,position_m,projected_area_m2,projected_area_policy,projected_area_ratio_to_reference_average,projected_area_reference_average_m2,propellant_mass_rate_kg_s,propulsion_force_body_x_n,propulsion_force_body_y_n,propulsion_force_body_z_n,propulsion_moment_body_x_nm,propulsion_moment_body_y_nm,propulsion_moment_body_z_nm,query_id,realized_state_fidelity,requested_fidelity,roll_deg,rotation_equation_residual_nm,rotation_equation_residual_normalized,termination,time_s,total_force_body_x_n,total_force_body_y_n,total_force_body_z_n,total_force_ecic_n,total_force_ecic_x_n,total_force_ecic_y_n,total_force_ecic_z_n,total_moment_body_x_nm,total_moment_body_y_nm,total_moment_body_z_nm,translation_equation_residual_n,translation_equation_residual_normalized,velocity_m_s,wind_velocity_m_s,yaw_deg
query-000000,-291.40141154715644,0.0,-4.0906874947328955,-3496.8169385658775,-0.0,68.59155006320525,-0.03674999999999999,-34.645175031602626,-0.5241,249.63310272568896,"[249.58509155282766, 0.0, -4.895717620636012]",-0.050000000000000294,-7.807738988346338,-0.20317115054378937,0.7632168761236874,"[1.0, 0.0, 0.0, 0.0]","[0.25, 0.4, 0.6]",nominal-cylinder-pseudo_6dof,3497.4896000676413,booster-release,-3496.8169385658775,-0.0,68.59155006320525,-3496.8169385658775,0.0,68.59155006320525,0.0,0.0,-117.6798,0.0,0.7349999999999999,0.0,4.3675,4.3675,12.0,alpha3-passive-deployment-parent-v1,-0.03674999999999999,-34.645175031602626,-0.5241,0.0,"[124.89632360772165, 0.0, 998.7748546767486]",0.41222739724260926,native_rigid_body_reuse_instantaneous_projected_area,0.3627884673040693,1.1362748113409653,0.0,0.0,0.0,0.0,0.0,0.0,0.0,query-000000,rigid_body_6dof,pseudo_6dof,0.0,0.0,0.0,,0.5,-3496.8169385658775,0.0,-49.08824993679475,3497.1614715541937,-3496.8169385658775,0.0,-49.08824993679475,-0.03674999999999999,-34.645175031602626,-0.5241,7.105427357601002e-15,2.03176988406064e-18,"[249.58509155282766, 0.0, -4.895717620636012]","[0.0, 0.0, 0.0]",0.0
query-000000,-279.4324490915441,-2.3129646346357427e-15,-1.0162433663739066,3033.569221344433,1432.6421256747224,0.6767879148859954,-0.034957681350548116,-0.48061622094299794,674.3672390524739,161.3936874253017,"[161.31388821114444, 2.460261932451462e-15, -5.074624216469254]",-0.047561471225225874,9.389584992024302,154.3735753628239,48.03042826952975,"[0.21910556166018796, 0.02056324953469321, -0.020323316184450137, 0.9752727149046129]","[0.23780735612617768, 0.16281884773898136, 48.029563577432555]",nominal-cylinder-pseudo_6dof,3354.8481543861194,booster-release,3033.569221344433,1432.6421256747224,0.6767879148859954,-3353.1893890985293,-2.7755575615628914e-14,105.48487960351312,-5.768129013882792,3.6045919169977907,-117.48306657910798,0.0,0.7349999999999999,0.0,4.3675,4.3675,12.0,alpha3-passive-deployment-parent-v1,-0.034957681350548116,-0.48061622094299794,674.3672390524739,-2.809504483875095,"[177.47453589056204, 1.1654739673350181e-16, 997.476390881424]",0.9458411541340467,native_rigid_body_reuse_instantaneous_projected_area,0.8324052814457975,1.1362748113409653,0.0,0.0,0.0,0.0,0.0,0.0,0.0,query-000000,rigid_body_6dof,pseudo_6dof,-1.7573863171650672,1.136881929662538e-13,1.6858494505223762e-16,,0.7500000000000002,3027.8010923305505,1436.2467175917202,-116.80627866422199,3353.21156434342,-3353.1893890985293,-2.7755575615628914e-14,-12.194920396486879,-0.034957681350548116,-0.48061622094299794,674.3672390524739,1.0172431170856999e-12,3.03363834212734e-16,"[161.31388821114444, 2.460261932451462e-15, -5.074624216469254]","[0.0, 0.0, 0.0]",154.71932954479507
query-000000,-180.25344112590167,-2.3971565473364837e-14,-0.6727633864851559,-227.97333091657762,-2151.7908380772583,92.6585256886881,-0.03325277511310088,-46.84040713811824,-1104.5988288744772,105.35491553451567,"[105.21991560538383, 1.9352285977417925e-15, -5.331752740031746]",-0.04524187090217808,-4.542410319460469,-253.02339202518846,32.86621711626696,"[0.7420432560107937, 0.021066450528603887, 0.024218517151748012, -0.6695830600440816]","[0.2262093545108904, 0.5851680524031924, 32.86022877601398]",nominal-cylinder-pseudo_6dof,2165.81653258655,booster-release,-227.97333091657762,-2151.7908380772583,92.6585256886881,-2163.04129351082,-2.8765878568037806e-13,109.60663936217813,7.549612409571173,0.13747149034484218,-117.43730149358251,0.0,0.7349999999999999,0.0,4.3675,4.3675,12.0,alpha3-passive-deployment-parent-v1,-0.03325277511310088,-46.84040713811824,-1104.5988288744772,3.6782709971278407,"[209.83793104505884, 6.54059416580847e-16, 996.190213669366]",1.4327313687143772,native_rigid_body_reuse_instantaneous_projected_area,1.2609021641723723,1.1362748113409653,0.0,0.0,0.0,0.0,0.0,0.0,0.0,query-000000,rigid_body_6dof,pseudo_6dof,-0.06707010891976127,0.0,0.0,,1.0000000000000004,-220.42371850700644,-2151.6533665869133,-24.77877580489441,2163.0563592647436,-2163.04129351082,-2.8765878568037806e-13,-8.073160637821871,-0.03325277511310088,-46.84040713811824,-1104.5988288744772,6.247929586885621e-13,2.888472859306075e-16,"[105.21991560538383, 1.9352285977417925e-15, -5.331752740031746]","[0.0, 0.0, 0.0]",-84.12521189672228
query-000000,-36.2398674573823,-2.9605947323337506e-16,-6.981134790751928,-434.1071651570646,-32.94706556079018,27.09834463618341,-0.03163101813401949,-13.953119432979948,-40.10885121234817,78.48099455255576,"[78.24353913424284, 1.8595512861023043e-15, -6.100417174791976]",-0.04303539882180489,1.647710556676735,-9.266242371248099,27.062984896795108,"[-0.9979980686539065, -0.04706314685978761, -0.009602923085624375, 0.04114242383402009]","[0.21517699410897612, 0.46244661120577457, 27.058177941560487]",nominal-cylinder-pseudo_6dof,436.19818918903275,booster-release,-434.1071651570646,-32.94706556079018,27.09834463618341,-434.8784094885877,-3.552713678800501e-15,33.90618251097687,2.7113403861988274,-10.961600856347363,-117.13678870455813,0.0,0.7349999999999999,0.0,4.3675,4.3675,12.0,alpha3-passive-deployment-parent-v1,-0.03163101813401949,-13.953119432979948,-40.10885121234817,1.320210507182871,"[232.4598253418081, 1.116957004318464e-15, 994.7657067806699]",0.5199179252102519,native_rigid_body_reuse_instantaneous_projected_area,0.4575635401058262,1.1362748113409653,0.0,0.0,0.0,0.0,0.0,0.0,0.0,query-000000,rigid_body_6dof,pseudo_6dof,5.346140458742395,0.0,0.0,,1.2500000000000007,-431.39582477086583,-43.90866641713754,-90.03844406837472,442.8738534013054,-434.8784094885877,-3.552713678800501e-15,-83.77361748902314,-0.03163101813401949,-13.953119432979948,-40.10885121234817,1.5888218580782548e-14,3.587526890278079e-17,"[78.24353913424284, 1.8595512861023043e-15, -6.100417174791976]","[0.0, 0.0, 0.0]",-4.659717857223416
query-000000,-63.1006289956581,-1.6061226422910597e-14,-2.656199603061863,-352.822557343153,672.5389557517389,62.717096409601865,-0.030088355176121424,-31.60302745966498,311.63866990516345,62.782129724264514,"[62.38287754242799, 1.916370406787758e-15, -7.069116086245208]",-0.04093653765457731,-2.4356404645325336,71.30637043975794,28.199965795961262,"[0.857077879036107, 0.049477160323437436, -0.012149976220389826, 0.5126615822851769]","[0.2046826882729349, 0.2798846649845964, 28.19783396760845]",nominal-cylinder-pseudo_6dof,762.0536976853093,booster-release,-352.822557343153,672.5389557517389,62.717096409601865,-757.2075479478972,-1.9273471707492718e-13,85.80540476325764,-8.420817013757006,-8.51459332777762,-117.06889795895148,0.0,0.7349999999999999,0.0,4.3675,4.3675,12.0,alpha3-passive-deployment-parent-v1,-0.030088355176121424,-31.60302745966498,311.63866990516345,-4.103422791159207,"[249.8774008293513, 1.5858237499376992e-15, 993.1238272223427]",1.419088648457894,native_rigid_body_reuse_instantaneous_projected_area,1.2488956318438216,1.1362748113409653,0.0,0.0,0.0,0.0,0.0,0.0,0.0,query-000000,rigid_body_6dof,pseudo_6dof,4.159881654536453,0.0,0.0,,1.5000000000000009,-361.24337435691,664.0243624239612,-54.35180154934962,757.8781219569378,-757.2075479478972,-1.9273471707492718e-13,-31.87439523674236,-0.030088355176121424,-31.60302745966498,311.63866990516345,5.379517128502499e-13,7.098129597159901e-16,"[62.38287754242799, 1.916370406787758e-15, -7.069116086245208]","[0.0, 0.0, 0.0]",61.62246100093309
query-000000,-43.530896937947404,-2.6275278249462035e-15,-2.9840086019111434,242.02344650663042,465.36803991501375,66.56897027792313,-0.02862092877847532,-33.202819856157454,207.07009624444314,52.25703393670092,"[51.626785011553906, 1.7649097726296936e-15, -8.09151810430556]",-0.03894003915438578,-2.8537936852719628,47.42672428950583,29.324119640644525,"[-0.5242534584193843, -0.038260491106890636, 0.034894938805301666, -0.8499863465970195]","[0.19470019577194098, -0.09349202381695824, 29.323324227892083]",nominal-cylinder-pseudo_6dof,528.7477555859246,booster-release,242.02344650663042,465.36803991501375,66.56897027792313,-522.3707632553688,-3.1530333899354446e-14,81.87169677706628,-11.959724501757812,2.25992917888999,-117.04867807023048,0.0,0.7349999999999999,0.0,4.3675,4.3675,12.0,alpha3-passive-deployment-parent-v1,-0.02862092877847532,-33.202819856157454,207.07009624444314,-5.833004853282203,"[264.03377439206065, 2.02104615866245e-15, 991.2306876518224]",1.4208830622211919,native_rigid_body_reuse_instantaneous_projected_area,1.2504748393958927,1.1362748113409653,0.0,0.0,0.0,0.0,0.0,0.0,0.0,query-000000,rigid_body_6dof,pseudo_6dof,-1.106106619912073,0.0,0.0,,1.750000000000001,230.0637220048726,467.62796909390374,-50.47970779230735,523.596633450236,-522.3707632553688,-3.1530333899354446e-14,-35.808103222933724,-0.02862092877847532,-33.202819856157454,207.07009624444314,1.2730419646209808e-13,2.43134100429997e-16,"[51.626785011553906, 1.7649097726296936e-15, -8.09151810430556]","[0.0, 0.0, 0.0]",116.72555279591782
query-000000,-22.253058944554027,1.5543122344752192e-15,-5.172170413840298,240.91654806729807,118.30616118288071,48.624704694327654,-0.027225069610739387,-23.73003828390843,34.497752318769365,44.81465751447879,"[43.873291880144265, 1.5563815547883149e-15, -9.137165191660786]",-0.03704091103501958,-1.0854960363478807,8.001429004018302,28.234384096661884,"[0.2372815028982949, 0.02637399364145285, -0.05596572208500286, 0.9694687920677134]","[0.18520455517509793, -0.666644605902, 28.22590529212478]",nominal-cylinder-pseudo_6dof,272.76637038517606,booster-release,240.91654806729807,118.30616118288071,48.624704694327654,-267.0367073346483,1.865174681370263e-14,55.61375503391642,-9.143342567732105,11.297016058559423,-116.77890238781042,0.0,0.7349999999999999,0.0,4.3675,4.3675,12.0,alpha3-passive-deployment-parent-v1,-0.027225069610739387,-23.73003828390843,34.497752318769365,-4.4561892869853885,"[275.9542100678502, 2.4297051322936733e-15, 989.0719300414034]",0.9964136650441524,native_rigid_body_reuse_instantaneous_projected_area,0.8769125700042959,1.1362748113409653,0.0,0.0,0.0,0.0,0.0,0.0,0.0,query-000000,rigid_body_6dof,pseudo_6dof,-5.525514132141022,0.0,0.0,,2.0000000000000013,231.77320549956596,129.60317724144014,-68.15419769348276,274.15469538540196,-267.0367073346483,1.865174681370263e-14,-62.06604496608358,-0.027225069610739387,-23.73003828390843,34.497752318769365,6.51223174224333e-14,2.375385813869993e-16,"[43.873291880144265, 1.5563815547883149e-15, -9.137165191660786]","[0.0, 0.0, 0.0]",152.70912680991984
query-000000,-12.828011503016272,-2.1741867565575981e-16,-6.36717250221521,153.50308311073078,22.806642046694346,36.283824680857016,-0.02589728729792411,-17.004915440629368,-12.045556512314048,39.55398253514863,"[38.2045582363226, 1.3724858079712666e-15, -10.243498638564748]",-0.035234404486971585,0.03989379686942732,-2.567273760614619,26.876853169483837,"[-0.09225456380854234, -0.021585197582343785, 0.07376509693850826, -0.9927647682988551]","[0.1761720224348579, -1.3016564393808132, 26.844736732296763]",nominal-cylinder-pseudo_6dof,159.3733207893251,booster-release,153.50308311073078,22.806642046694346,36.283824680857016,-153.93613803619527,-2.609024107869118e-15,41.273729973417474,-6.64518778684679,16.76703117428513,-116.28948135114412,0.0,0.7349999999999999,0.0,4.3675,4.3675,12.0,alpha3-passive-deployment-parent-v1,-0.02589728729792411,-17.004915440629368,-12.045556512314048,-3.2371218227777954,"[286.21055872036686, 2.7908091916360615e-15, 986.6434205230987]",0.7471367859718121,native_rigid_body_reuse_instantaneous_projected_area,0.6575317682965134,1.1362748113409653,0.0,0.0,0.0,0.0,0.0,0.0,0.0,query-000000,rigid_body_6dof,pseudo_6dof,-8.204566511781183,0.0,0.0,,2.2500000000000004,146.857895323884,39.57367322097947,-80.0056566702871,171.8552359702945,-153.93613803619527,-2.609024107869118e-15,-76.40607002658253,-0.02589728729792411,-17.004915440629368,-12.045556512314048,6.029155041345696e-14,3.508275443168835e-16,"[38.2045582363226, 1.3724858079712666e-15, -10.243498638564748]","[0.0, 0.0, 0.0]",169.61408518346877
query-000000,-11.096149559639779,-8.789265611615822e-17,-6.072083380227679,132.88541395345106,20.025970770191524,40.972265606366896,-0.024634261692637275,-18.676124258030388,-12.160919185656995,35.47683861059269,"[33.623552357637216, 1.069106765404534e-15, -11.316483758450286]",-0.03351600230290786,-0.7380256679694183,-2.4956016729273744,25.470105382941327,"[0.10414380635919733, 0.02121369888413949, -0.09184270274419558, 0.9900853319433192]","[0.1675800115145393, -2.0721334231861017, 25.385122576706078]",nominal-cylinder-pseudo_6dof,140.49305782061717,booster-release,132.88541395345106,20.025970770191524,40.972265606366896,-133.15379471567735,-1.0547118733938987e-15,44.81479943726785,-7.194524208795494,20.881771541171343,-115.58860569602604,0.0,0.7349999999999999,0.0,4.3675,4.3675,12.0,alpha3-passive-deployment-parent-v1,-0.024634261692637275,-18.676124258030388,-12.160919185656995,-3.505045836864163,"[295.17838063262036, 3.1165490758003143e-15, 983.9452875861973]",0.8184499305358515,native_rigid_body_reuse_instantaneous_projected_area,0.720292241249249,1.1362748113409653,0.0,0.0,0.0,0.0,0.0,0.0,0.0,query-000000,rigid_body_6dof,pseudo_6dof,-10.240374282728045,0.0,0.0,,2.4999999999999996,125.69088974465556,40.90774231136287,-74.61634008965913,151.78682865845673,-133.15379471567735,-1.0547118733938987e-15,-72.86500056273215,-0.024634261692637275,-18.676124258030388,-12.160919185656995,2.0097183471152322e-14,1.3240400137994857e-16,"[33.623552357637216, 1.069106765404534e-15, -11.316483758450286]","[0.0, 0.0, 0.0]",168.3048128615747
query-000000,-12.068676333530002,-8.141635513917814e-16,-4.811386812008899,130.12302029166977,61.93252627219388,61.640640629975614,-0.023432834572985416,-28.243629205999113,10.064223242042534,32.31737210086169,"[29.860634673211656, 1.0328992315198403e-15, -12.359410844313867]",-0.03188140758229309,-3.294240916289447,2.695436835174314,24.110728869373784,"[-0.2641699126056023, -0.018719527517658284, 0.10936405230204718, -0.9580727219932416]","[0.15940703791146543, -2.9498467189338213, 23.929066850663318]",nominal-cylinder-pseudo_6dof,156.73929563946643,booster-release,130.12302029166977,61.93252627219388,61.640640629975614,-144.82411600236003,-9.769962616701378e-15,59.94315825589321,-11.020798192944326,23.496791297412443,-114.7823075824678,0.0,0.7349999999999999,0.0,4.3675,4.3675,12.0,alpha3-passive-deployment-parent-v1,-0.023432834572985416,-28.243629205999113,10.064223242042534,-5.373665624041642,"[303.1128417190776, 3.390146665817038e-15, 980.9801945795209]",1.0999713972497076,native_rigid_body_reuse_instantaneous_projected_area,0.9680504982343008,1.1362748113409653,0.0,0.0,0.0,0.0,0.0,0.0,0.0,query-000000,rigid_body_6dof,pseudo_6dof,-11.56903837726553,0.0,0.0,,2.7499999999999987,119.10222209872545,85.42931756960633,-53.14166695249218,155.90876939977548,-144.82411600236003,-9.769962616701378e-15,-57.73664174410679,-0.023432834572985416,-28.243629205999113,10.064223242042534,4.081757258616412e-14,2.6180421244619802e-16,"[29.860634673211656, 1.0328992315198403e-15, -12.359410844313867]","[0.0, 0.0, 0.0]",149.71444914220538
query-000000,-13.046107580761488,6.129356281784718e-16,-3.276717180321005,74.345181956848,126.77112729592957,95.1365932532847,-0.02229000174537501,-44.22154306082679,43.977526075308454,29.940002559776147,"[26.773503089680307, 9.648306097930392e-16, -13.40086883699267]",-0.030326532986904776,-7.323035026145531,10.55246686834238,22.547142438194836,"[0.5434723564941506, 0.003164974251039999, -0.11579490472550247, 0.8313960071495995]","[0.15163266493452388, -3.8314293827310366, 22.218703574878457]",nominal-cylinder-pseudo_6dof,175.06883266852088,booster-release,74.345181956848,126.77112729592957,95.1365932532847,-156.55329096913786,7.355227538141662e-15,78.35919383614794,-15.430805362154116,22.2535668381238,-114.52163261539921,0.0,0.7349999999999999,0.0,4.3675,4.3675,12.0,alpha3-passive-deployment-parent-v1,-0.02229000174537501,-44.22154306082679,43.977526075308454,-7.534627013177173,"[310.1956054505973, 3.639212133743841e-15, 977.7531179402475]",1.4309216875733688,native_rigid_body_reuse_instantaneous_projected_area,1.2593095202776505,1.1362748113409653,0.0,0.0,0.0,0.0,0.0,0.0,0.0,query-000000,rigid_body_6dof,pseudo_6dof,-10.99653685867044,0.0,0.0,,2.999999999999998,58.91437659469388,149.02469413405336,-19.38503936211451,161.4157457696129,-156.55329096913786,7.355227538141662e-15,-39.32060616385206,-0.02229000174537501,-44.22154306082679,43.977526075308454,3.197442310920451e-14,1.9808738581700256e-16,"[26.773503089680307, 9.648306097930392e-16, -13.40086883699267]","[0.0, 0.0, 0.0]",114.382102100859
query-000000,-11.20740829119325,0.0,-3.116060734089391,-50.410711845383915,106.15771085346726,103.54988384929929,-0.021202905532462426,-47.694308640448654,35.36219062666306,28.13297942814928,"[24.155964317287644, 8.998179323562966e-16, -14.420607456227238]",-0.028847490520357046,-8.487121532144842,8.657088732558043,20.813931930922696,"[-0.8486390608354639, 0.03356220132068562, 0.08750069784441415, -0.5206044092624957]","[0.14423745260178525, -4.671589335089857, 20.282386720172383]",nominal-cylinder-pseudo_6dof,156.63102466500712,booster-release,-50.410711845383915,106.15771085346726,103.54988384929929,-134.488899494319,0.0,80.2870711909273,-13.364631294786937,17.424952513836068,-115.61268523948817,0.0,0.7349999999999999,0.0,4.3675,4.3675,12.0,alpha3-passive-deployment-parent-v1,-0.021202905532462426,-47.694308640448654,35.36219062666306,-6.521022539131339,"[316.55592036974014, 3.872329386760014e-15, 974.2734606328124]",1.4493699086892484,native_rigid_body_reuse_instantaneous_projected_area,1.275545223939961,1.1362748113409653,0.0,0.0,0.0,0.0,0.0,0.0,0.0,query-000000,rigid_body_6dof,pseudo_6dof,-8.571013786199725,0.0,0.0,,3.249999999999997,-63.775343140170854,123.58266336730333,-12.06280139018888,139.5904017294237,-134.488899494319,0.0,-37.39272880907269,-0.021202905532462426,-47.694308640448654,35.36219062666306,5.826883674891095e-14,4.174272444738491e-16,"[24.155964317287644, 8.998179323562966e-16, -14.420607456227238]","[0.0, 0.0, 0.0]",63.543918053653975
query-000000,-7.405896867485918,-2.9605947323337506e-16,-4.593554912675156,-89.09407543328449,-10.528567978178256,61.3416928883475,-0.02016882762747234,-25.778797628569226,-21.508407488641396,26.68543561984387,"[21.821387487606703, 8.039840976612224e-16, -15.36032298933045]",-0.02744058180616216,-3.780297646686533,-4.285556916802514,19.422096439968538,"[0.9964988291000179, -0.08358251598154905, 0.0018609769802785737, -0.0007637991663435106]","[0.13720290903042412, -5.600513812941643, 18.596592443677473]",nominal-cylinder-pseudo_6dof,108.68030321724007,booster-release,-89.09407543328449,-10.528567978178256,61.3416928883475,-88.87076240983102,-3.552713678800501e-15,62.55714104789813,0.4214398719203285,19.60340722129508,-116.03475402563852,0.0,0.7349999999999999,0.0,4.3675,4.3675,12.0,alpha3-passive-deployment-parent-v1,-0.02016882762747234,-25.778797628569226,-21.508407488641396,0.20519050503727035,"[322.29262516651113, 4.086172965985457e-15, 970.5523831616533]",1.1172362896078287,native_rigid_body_reuse_instantaneous_projected_area,0.9832447911868535,1.1362748113409653,0.0,0.0,0.0,0.0,0.0,0.0,0.0,query-000000,rigid_body_6dof,pseudo_6dof,-9.58924542910656,0.0,0.0,,3.499999999999996,-88.67263556136416,9.074839243116823,-54.69306113729102,104.5778176347851,-88.87076240983102,-3.552713678800501e-15,-55.12265895210187,-0.02016882762747234,-25.778797628569226,-21.508407488641396,3.6230712748823524e-14,3.078753766476789e-16,"[21.821387487606703, 8.039840976612224e-16, -15.36032298933045]","[0.0, 0.0, 0.0]",-0.1050433898286786
query-000000,-8.359693315215377,-7.401486830834376e-16,-2.935145273729284,-29.478377419742714,-120.17772355222111,39.38318370170236,-0.019185182297014852,-13.746400393087228,-75.48278491591715,25.59154028933328,"[19.769902286466795, 7.396836808183487e-16, -16.250473776604903]",-0.026102288839475993,-1.2344619519173774,-16.544040200692063,18.892340512848484,"[-0.7686000748298426, 0.1070879710362485, -0.15592133175508646, 0.6111257069823035]","[0.13051144419737998, -6.80617224701082, 17.623266330631484]",nominal-cylinder-pseudo_6dof,129.85644047168748,booster-release,-29.478377419742714,-120.17772355222111,39.38318370170236,-100.31631978258453,-8.881784197001252e-15,82.45805671524859,12.80284092065394,41.79877210401012,-109.25879938475187,0.0,0.7349999999999999,0.0,4.3675,4.3675,12.0,alpha3-passive-deployment-parent-v1,-0.019185182297014852,-13.746400393087228,-75.48278491591715,6.245792165123898,"[327.4879482873226, 4.2802378063789706e-15, 966.5986531019022]",1.4508129342390883,native_rigid_body_reuse_instantaneous_projected_area,1.2768151856916756,1.1362748113409653,0.0,0.0,0.0,0.0,0.0,0.0,0.0,query-000000,rigid_body_6dof,pseudo_6dof,-20.935183483591914,0.0,0.0,,3.749999999999995,-16.67553649908877,-78.37895144821098,-69.87561568304952,106.31996620926236,-100.31631978258453,-8.881784197001252e-15,-35.22174328475141,-0.019185182297014852,-13.746400393087228,-75.48278491591715,3.1776437161565096e-14,2.7002456803601887e-16,"[19.769902286466795, 7.396836808183487e-16, -16.250473776604903]","[0.0, 0.0, 0.0]",-78.13253701101365
query-000000,-6.2120066236058,-4.163336342344337e-16,-3.89155121851905,76.39592572341147,-46.04414522936333,51.36874231088257,-0.018249509915407486,-18.48594985317955,-37.65971868361696,24.80101153594248,"[17.96093855897541, 6.655001588387293e-16, -17.102481085698127]",-0.024829265191030597,-2.502341754319773,-7.771812781169197,18.674592415762202,"[0.05463913285078445, -0.03500636215005791, 0.29172569990874625, -0.9542982949702286]","[0.12414632595515299, -8.240894450213776, 16.757465448122836]",nominal-cylinder-pseudo_6dof,102.93273756993719,booster-release,76.39592572341147,-46.04414522936333,51.36874231088257,-74.5440794832696,-4.9960036108132044e-15,70.9811853777714,-4.110996110637293,65.97272105158618,-97.36136356927182,0.0,0.7349999999999999,0.0,4.3675,4.3675,12.0,alpha3-passive-deployment-parent-v1,-0.018249509915407486,-18.48594985317955,-37.65971868361696,-2.001963473251221,"[332.19826773374206, 4.456881806731896e-15, 962.4300648462639]",1.2238903853007872,native_rigid_body_reuse_instantaneous_projected_area,1.0771077322891838,1.1362748113409653,0.0,0.0,0.0,0.0,0.0,0.0,0.0,query-000000,rigid_body_6dof,pseudo_6dof,-34.12183351777087,0.0,0.0,,3.9999999999999942,72.28492961277418,19.928575822222847,-45.99262125838925,87.96351740149684,-74.5440794832696,-4.9960036108132044e-15,-46.698614622228604,-0.018249509915407486,-18.48594985317955,-37.65971868361696,3.332740845837229e-14,2.832041561794997e-16,"[17.96093855897541, 6.655001588387293e-16, -17.102481085698127]","[0.0, 0.0, 0.0]",-172.83167512785533
query-000000,-6.328988060348782,1.4802973661668753e-16,-2.8733452313093317,-1.8560520749987945,23.925616688681973,110.06534350102018,-0.017359470814326813,-47.02739294957725,-0.7912852699221329,24.1993590528,"[16.31488915140576, 6.11010566987769e-16, -17.872699027949746]",-0.023618327638539886,-9.333480024946244,0.7189545662874395,17.239404573967224,"[0.7629184203157446, -0.14347240049158066, -0.21931624694356208, 0.5909919949260758]","[0.11809163819269942, -9.164600802441722, 14.601137509173578]",nominal-cylinder-pseudo_6dof,112.65105371560627,booster-release,-1.8560520749987945,23.925616688681973,110.06534350102018,-75.94785672418539,1.7763568394002505e-15,83.19965722428802,-19.424078213304465,56.267862858348785,-101.51437397214977,0.0,0.7349999999999999,0.0,4.3675,4.3675,12.0,alpha3-passive-deployment-parent-v1,-0.017359470814326813,-47.02739294957725,-0.7912852699221329,-9.50064616957988,"[336.47930662707046, 4.615520461606354e-15, 958.0567550070309]",1.406150716725458,native_rigid_body_reuse_instantaneous_projected_area,1.2375093618998743,1.1362748113409653,0.0,0.0,0.0,0.0,0.0,0.0,0.0,query-000000,rigid_body_6dof,pseudo_6dof,-28.998932057859324,0.0,0.0,,4.249999999999994,-21.28013028830326,80.19347954703076,8.55096952887041,83.40837599924167,-75.94785672418539,1.7763568394002505e-15,-34.48014277571198,-0.017359470814326813,-47.02739294957725,-0.7912852699221329,1.5888218580782548e-14,1.3501228401800943e-16,"[16.31488915140576, 6.11010566987769e-16, -17.872699027949746]","[0.0, 0.0, 0.0]",77.98825401306064
query-000000,-5.559982631296305,8.881784197001252e-16,-2.83938985581078,-58.63346646301224,-77.1796580713287,45.24487133841226,-0.01651283943241822,-13.938912084488202,-49.51762831872665,23.78057408793156,"[14.833105670090557, 5.511818817718579e-16, -18.587487192504778]",-0.02246644820737173,-2.0226900931965117,-10.408976842621831,15.979567247114765,"[-0.9111145041632038, 0.252355414415515, -0.1234566886371899, 0.30157180098502706]","[0.11233224103685867, -9.941068786168206, 12.510359797438234]",nominal-cylinder-pseudo_6dof,106.96579542968804,booster-release,-58.63346646301224,-77.1796580713287,45.24487133841226,-66.71979157555566,1.0658141036401503e-14,83.60712173027063,8.562359380389386,62.87766674232675,-99.1040884874179,0.0,0.7349999999999999,0.0,4.3675,4.3675,12.0,alpha3-passive-deployment-parent-v1,-0.01651283943241822,-13.938912084488202,-49.51762831872665,4.172516864167024,"[340.3706485641616, 4.759776813262068e-15, 953.4968048866295]",1.3818840775966237,native_rigid_body_reuse_instantaneous_projected_area,1.2161530501286082,1.1362748113409653,0.0,0.0,0.0,0.0,0.0,0.0,0.0,query-000000,rigid_body_6dof,pseudo_6dof,-32.3935286957703,0.0,0.0,,4.499999999999993,-50.07110708262285,-14.30199132900195,-53.85921714900564,74.9164734378099,-66.71979157555566,1.0658141036401503e-14,-34.072678269729366,-0.01651283943241822,-13.938912084488202,-49.51762831872665,3.907985046680551e-14,3.320863093479553e-16,"[14.833105670090557, 5.511818817718579e-16, -18.587487192504778]","[0.0, 0.0, 0.0]",-37.84074572540424
query-000000,-4.93454424786835,-7.956598343146955e-16,-2.767993953843245,60.404642299654725,-74.47289007944848,38.020708530799034,-0.015707498750237504,-8.98595755110125,-47.0420980176425,23.531601456907808,"[13.50823565631685, 4.654576300006706e-16, -19.26820792342027]",-0.02137074659880792,-1.059815256130016,-9.751043663577718,16.053951129648404,"[0.08401819910897027, -0.05967603241363783, 0.4555671294613848, -0.8842162088133002]","[0.10685373299481296, -11.47612674790872, 11.225704611240147]",nominal-cylinder-pseudo_6dof,103.15283052499733,booster-release,60.404642299654725,-74.47289007944848,38.020708530799034,-59.2145309744202,-9.547918011776346e-15,84.46387255388106,-3.4104983710870425,95.98757952187084,-67.99476749304571,0.0,0.7349999999999999,0.0,4.3675,4.3675,12.0,alpha3-passive-deployment-parent-v1,-0.015707498750237504,-8.98595755110125,-47.0420980176425,-1.6607312984745333,"[343.91009492366953, 4.888540397740595e-15, 948.7644749547829]",1.3602155861331602,native_rigid_body_reuse_instantaneous_projected_area,1.1970832870332777,1.1362748113409653,0.0,0.0,0.0,0.0,0.0,0.0,0.0,query-000000,rigid_body_6dof,pseudo_6dof,-54.68736944142747,0.0,0.0,,4.749999999999992,56.99414392856768,21.514689442422366,-29.97405896224668,67.89446600884645,-59.2145309744202,-9.547918011776346e-15,-33.21592744611894,-0.015707498750237504,-8.98595755110125,-47.0420980176425,6.23498720201505e-14,5.29826461467053e-16,"[13.50823565631685, 4.654576300006706e-16, -19.26820792342027]","[0.0, 0.0, 0.0]",-168.2852913416434
query-000000,-4.7513149288021195,8.881784197001252e-16,-2.124688374440364,-24.247858418963308,-41.93570722009873,96.96412661192282,-0.014941434996596689,-38.13077598309643,-28.497456158594392,23.351285965143905,"[12.283234201719852, 4.2158840076374604e-16, -19.859625217300213]",-0.020328482988566925,-8.001859114421382,-5.523094147138838,14.65422627521179,"[0.8526386912577212, -0.33322464202470925, -0.22211809734644858, 0.33560713780999674]","[0.10164241494283463, -11.850357553365749, 8.62003726221526]",nominal-cylinder-pseudo_6dof,108.39097761146411,booster-release,-24.247858418963308,-41.93570722009873,96.96412661192282,-57.01577914562544,1.0658141036401503e-14,92.18353950671563,-18.25305852309001,84.41516657570955,-79.93397797299885,0.0,0.7349999999999999,0.0,4.3675,4.3675,12.0,alpha3-passive-deployment-parent-v1,-0.014941434996596689,-38.13077598309643,-28.497456158594392,-8.923050145093088,"[347.1315622655058, 4.998777376429507e-15, 943.8723836786943]",1.450611582581354,native_rigid_body_reuse_instantaneous_projected_area,1.2766379823815919,1.1362748113409653,0.0,0.0,0.0,0.0,0.0,0.0,0.0,query-000000,rigid_body_6dof,pseudo_6dof,-46.56185537515612,1.734723475976807e-18,3.6441347542245744e-20,,4.999999999999991,-42.50091694205332,42.47945935561082,17.030148638923976,62.456852071843564,-57.01577914562544,1.0658141036401503e-14,-25.496260493284367,-0.014941434996596689,-38.13077598309643,-28.497456158594392,5.2214014291603906e-14,4.43695640981748e-16,"[12.283234201719852, 4.2158840076374604e-16, -19.859625217300213]","[0.0, 0.0, 0.0]",46.81587885479329
query-000000,-4.167682853082514,1.4802973661668753e-16,-2.1959609808479073,-0.6058174313292248,-103.93510237542647,-6.260960765476633,-0.014212732613086468,14.057482232874928,-57.64968641837895,23.271902425393417,"[11.177679427722857, 3.7822031386432587e-16, -20.41178397661736]",-0.019337051174344644,3.7417527545545055,-12.19376157703405,14.100031857344058,"[-0.5560418891295672, 0.3040278044345217, -0.44775639191202293, 0.6307921410146715]","[0.09668525587133653, -12.50944688052274, 6.50502029841524]",nominal-cylinder-pseudo_6dof,104.12527142945332,booster-release,-0.6058174313292248,-103.93510237542647,-6.260960765476633,-50.012194236990176,1.7763568394002505e-15,91.32826822982511,13.460912268757948,106.26330787018242,-48.73857373189772,0.0,0.7349999999999999,0.0,4.3675,4.3675,12.0,alpha3-passive-deployment-parent-v1,-0.014212732613086468,14.057482232874928,-57.64968641837895,6.568207172024953,"[350.0619467410245, 5.092842877381257e-15, 938.8374290380436]",1.4022153942673743,native_rigid_body_reuse_instantaneous_projected_area,1.2340460074201252,1.1362748113409653,0.0,0.0,0.0,0.0,0.0,0.0,0.0,query-000000,rigid_body_6dof,pseudo_6dof,-65.36103880664228,0.0,0.0,,5.24999999999999,12.855094837428723,2.3282054947559487,-54.999534497374356,56.52983989923348,-50.012194236990176,1.7763568394002505e-15,-26.351531770174887,-0.014212732613086468,14.057482232874928,-57.64968641837895,2.897150329470593e-14,2.4618926353295917e-16,"[11.177679427722857, 3.7822031386432587e-16, -20.41178397661736]","[0.0, 0.0, 0.0]",-101.42406625116637
query-000000,-3.9169935559203912,2.9605947323337506e-16,-1.75227358841452,25.75081715905793,-74.64239147996793,72.91424131749702,-0.013519569464184977,-25.087252243129196,-40.84916205660257,23.232019983241194,"[10.16037697498859, 2.7583307937111696e-16, -20.892426671591785]",-0.01839397206007695,-5.435132077643859,-8.357325691180995,13.628976628423748,"[-0.6028323735569345, 0.3320772546860814, 0.4929556954811933, -0.532271085636371]","[0.09196986030057809, -13.016449245128005, 4.038885308092281]",nominal-cylinder-pseudo_6dof,107.47594045698885,booster-release,25.75081715905793,-74.64239147996793,72.91424131749702,-47.0039226710447,3.552713678800501e-15,96.65251693902576,-28.340715873514263,108.87099221463899,-34.531814403774916,0.0,0.7349999999999999,0.0,4.3675,4.3675,12.0,alpha3-passive-deployment-parent-v1,-0.013519569464184977,-25.087252243129196,-40.84916205660257,-13.935477438370057,"[352.72714216004573, 5.1734584889825995e-15, 933.6735272609335]",1.4514291000150616,native_rigid_body_reuse_instantaneous_projected_area,1.2773574539614845,1.1362748113409653,0.0,0.0,0.0,0.0,0.0,0.0,0.0,query-000000,rigid_body_6dof,pseudo_6dof,-72.40195981480706,0.0,0.0,,5.499999999999989,-2.589898714456332,34.22860073467106,38.3824269137221,51.49286726714569,-47.0039226710447,3.552713678800501e-15,-21.02728306097424,-0.013519569464184977,-25.087252243129196,-40.84916205660257,2.220446049250313e-14,1.8868540303861096e-16,"[10.16037697498859, 2.7583307937111696e-16, -20.892426671591785]","[0.0, 0.0, 0.0]",93.10878002066534
query-000000,-3.56346691511215,-1.1842378929335002e-15,-1.5773149148412693,-22.574640556244937,-102.14523109734027,-25.243884670792053,-0.012860212280968137,23.5051993697378,-52.395665436160115,23.254401431627578,"[9.24049380711336, 2.5497784824881803e-16, -21.339645267529225]",-0.017496887457099507,5.492051954779477,-11.090151772941562,12.551400473193386,"[0.6255223564691587, -0.4830049527237328, 0.4320046129994955, -0.4345112329373908]","[0.08748443728549754, -12.459366954026072, 1.5146535632398166]",nominal-cylinder-pseudo_6dof,107.61280753444238,booster-release,-22.574640556244937,-102.14523109734027,-25.243884670792053,-42.7616029813458,-1.4210854715202004e-14,98.75202102190477,14.205709056217792,115.28884142678888,-18.847180179507625,0.0,0.7349999999999999,0.0,4.3675,4.3675,12.0,alpha3-passive-deployment-parent-v1,-0.012860212280968137,23.5051993697378,-52.395665436160115,6.933365120376047,"[355.15061491575716, 5.236798182233743e-15, 928.3932172412847]",1.449580570537928,native_rigid_body_reuse_instantaneous_projected_area,1.2757306208585382,1.1362748113409653,0.0,0.0,0.0,0.0,0.0,0.0,0.0,query-000000,rigid_body_6dof,pseudo_6dof,-80.71553294135695,7.105427569359236e-15,1.2373086209279474e-16,,5.7499999999999885,-8.368931500027145,13.143610329448606,-44.091064850299674,46.76339921966608,-42.7616029813458,-1.4210854715202004e-14,-18.927778978095233,-0.012860212280968137,23.5051993697378,-52.395665436160115,4.1923526769970276e-14,3.5625083293794074e-16,"[9.24049380711336, 2.5497784824881803e-16, -21.339645267529225]","[0.0, 0.0, 0.0]",-75.46452654365959
query-000000,-3.243466918525178,-2.9605947323337506e-16,-1.4130311031686535,34.78739645558992,-98.79290972134892,26.2659078870666,-0.012233012327033832,-2.308567558911097,-48.415366830670486,23.288799610834417,"[8.39434254771646, 2.2290473864853574e-16, -21.723333089219953]",-0.016643554186430924,-0.6063168079982125,-10.22768539155192,12.443045076467387,"[0.4954870107202821, -0.39986838985994805, -0.6316637170246314, 0.4422655781235048]","[0.08321777093220295, -12.391970675011109, -1.123168895253546]",nominal-cylinder-pseudo_6dof,107.98194238158926,booster-release,34.78739645558992,-98.79290972134892,26.2659078870666,-38.921603022302136,-3.552713678800501e-15,100.72342676197616,-32.0402419218301,112.38249373754671,13.861216647930846,0.0,0.7349999999999999,0.0,4.3675,4.3675,12.0,alpha3-passive-deployment-parent-v1,-0.012233012327033832,-2.308567558911097,-48.415366830670486,-15.799168602495303,"[357.35314096089064, 5.294251380489738e-15, 923.0098995382999]",1.4493410826699133,native_rigid_body_reuse_instantaneous_projected_area,1.2755198550599616,1.1362748113409653,0.0,0.0,0.0,0.0,0.0,0.0,0.0,query-000000,rigid_body_6dof,pseudo_6dof,-97.03132939488948,0.0,0.0,,5.999999999999988,2.7471545337598187,13.58958401619779,40.12712453499745,42.45479684573758,-38.921603022302136,-3.552713678800501e-15,-16.956373238023843,-0.012233012327033832,-2.308567558911097,-48.415366830670486,1.1382899616642114e-14,9.672772741491839e-17,"[8.39434254771646, 2.2290473864853574e-16, -21.723333089219953]","[0.0, 0.0, 0.0]",101.33960019045738
query-000000,-2.942299513582018,0.0,-1.290672810265054,-15.824139993229066,-87.30483033412634,-61.78380304593161,-0.011636401275803641,40.37067381737499,-40.69944152677316,23.361400846237228,"[7.6289352514758875, 2.1866430348503686e-16, -22.080633967967543]",-0.015831838470481148,9.020856363517163,-8.604268553969398,11.366160483749228,"[-0.47567375950483237, 0.5604081507981892, -0.5685807152096695, 0.3693144315202884]","[0.07915919235240573, -10.851485168184526, -3.3806223701087736]",nominal-cylinder-pseudo_6dof,108.11926343170467,booster-release,-15.824139993229066,-87.30483033412634,-61.78380304593161,-35.307594162984216,0.0,102.19172627681935,14.943477319582808,112.16215087921498,32.32459936004359,0.0,0.7349999999999999,0.0,4.3675,4.3675,12.0,alpha3-passive-deployment-parent-v1,-0.011636401275803641,40.37067381737499,-40.69944152677316,7.295356313923762,"[359.3545672377503, 5.348077079210412e-15, 917.5335862896478]",1.4412495589327416,native_rigid_body_reuse_instantaneous_projected_area,1.2683987575434,1.1362748113409653,0.0,0.0,0.0,0.0,0.0,0.0,0.0,query-000000,rigid_body_6dof,pseudo_6dof,-106.07673029007618,0.0,0.0,,6.249999999999987,-0.8806626736462579,24.85732054508864,-29.45920368588802,38.55524131986047,-35.307594162984216,0.0,-15.488073723180648,-0.011636401275803641,40.37067381737499,-40.69944152677316,2.563437407172453e-14,2.178315570873211e-16,"[7.6289352514758875, 2.1866430348503686e-16, -22.080633967967543]","[0.0, 0.0, 0.0]",-85.33648685547347
query-000000,-2.697435066381951,0.0,-1.0891538482712424,23.662878788177743,-104.85192122277205,-20.90817248603991,-0.011068887288888576,18.78559578756726,-47.30974777414758,23.43107795772104,"[6.9262258911129395, 1.8905835616169936e-16, -22.383985551417727]",-0.015059710597088646,3.9344107268100523,-10.234888187916463,11.19315282394445,"[-0.4872673802893044, 0.6307482399925249, 0.5713393962661617, -0.1956999032359195]","[0.07529855298563659, -9.538076181508076, -5.857141198899187]",nominal-cylinder-pseudo_6dof,109.50346521163782,booster-release,23.662878788177743,-104.85192122277205,-20.90817248603991,-32.36922079658341,0.0,104.60995382074509,-36.47077789756217,98.6519429824485,52.7845795036242,0.0,0.7349999999999999,0.0,4.3675,4.3675,12.0,alpha3-passive-deployment-parent-v1,-0.011068887288888576,18.78559578756726,-47.30974777414758,-18.054129928910083,"[361.1723227700743, 5.3976854724139345e-15, 911.975589925585]",1.450084194599513,native_rigid_body_reuse_instantaneous_projected_area,1.276173844677775,1.1362748113409653,0.0,0.0,0.0,0.0,0.0,0.0,0.0,query-000000,rigid_body_6dof,pseudo_6dof,-118.14939559347538,0.0,0.0,,6.499999999999986,-12.80789910938443,-6.199978240323546,31.87640701758429,34.90827028266156,-32.36922079658341,0.0,-13.06984617925491,-0.011068887288888576,18.78559578756726,-47.30974777414758,3.9879112138130155e-14,3.3887814338680177e-16,"[6.9262258911129395, 1.8905835616169936e-16, -22.383985551417727]","[0.0, 0.0, 0.0]",73.46768701766628
query-000000,-2.412602727856113,-2.5905203907920316e-16,-1.1129531499228744,7.493060827032594,-45.71038516029096,-97.857861990768,-0.010529051285717442,55.348756170257886,-16.331165771869994,23.50901052719859,"[6.2864468773230335, 2.013941675464233e-16, -22.65290625121928]",-0.014325239844513529,12.227933291479268,-3.3014186433156962,10.47875892143388,"[0.18284753659807518, -0.4079121185206825, 0.8538798956148509, -0.2665775793062038]","[0.07162619922256765, -7.3495422723227115, -7.468834354064668]",nominal-cylinder-pseudo_6dof,108.26701448485571,booster-release,7.493060827032594,-45.71038516029096,-97.857861990768,-28.951232734273354,-3.1086244689504383e-15,104.3243622009255,11.153599733516597,71.12825104043914,93.08546849510277,0.0,0.7349999999999999,0.0,4.3675,4.3675,12.0,alpha3-passive-deployment-parent-v1,-0.010529051285717442,55.348756170257886,-16.331165771869994,5.438612752239181,"[362.82265633520115, 5.454016882822132e-15, 906.3452843049887]",1.4232778238579604,native_rigid_body_reuse_instantaneous_projected_area,1.2525823943754335,1.1362748113409653,0.0,0.0,0.0,0.0,0.0,0.0,0.0,query-000000,rigid_body_6dof,pseudo_6dof,-142.61591566815656,0.0,0.0,,6.749999999999985,18.64666056054919,25.417865880148177,-4.772393495665227,31.88324945232228,-28.951232734273354,-3.1086244689504383e-15,-13.355437799074494,-0.010529051285717442,55.348756170257886,-16.331165771869994,2.1316282072803006e-14,1.8113798691706654e-16,"[6.2864468773230335, 2.013941675464233e-16, -22.65290625121928]","[0.0, 0.0, 0.0]",-127.08964027542474
query-000000,-2.173047620897927,-5.921189464667501e-16,-1.0863553045539878,-1.847580342266668,-76.73021215434149,-75.75828843840802,-0.01001554339509331,41.92319669210214,-30.749075551076093,23.595567679587752,"[5.705402119437468, 1.5066314322674602e-16, -22.895396934264422]",-0.01362658965314951,9.104822054149231,-6.778077805083264,9.872158185633385,"[0.36531326464442654, -0.9158836920519895, -0.1565945663342623, -0.05640410537037143]","[0.06813294826594089, -4.629710902001298, -8.718981712758616]",nominal-cylinder-pseudo_6dof,107.84367054903309,booster-release,-1.847580342266668,-76.73021215434149,-75.75828843840802,-26.076571450775123,-7.105427357601002e-15,104.64353634535215,-25.622581139604,76.66883339006992,85.52139293995461,0.0,0.7349999999999999,0.0,4.3675,4.3675,12.0,alpha3-passive-deployment-parent-v1,-0.01001554339509331,41.92319669210214,-30.749075551076093,-12.57581882947326,"[364.3206484541261, 5.500899832697842e-15, 900.6505956193682]",1.406387706007524,native_rigid_body_reuse_instantaneous_projected_area,1.2377179287709346,1.1362748113409653,0.0,0.0,0.0,0.0,0.0,0.0,0.0,query-000000,rigid_body_6dof,pseudo_6dof,-138.12418032498633,0.0,0.0,,6.999999999999984,-27.47016148187067,-0.06137876427156641,9.763104501546593,29.1535889506056,-26.076571450775123,-7.105427357601002e-15,-13.036263654647854,-0.01001554339509331,41.92319669210214,-30.749075551076093,6.466742370363151e-14,5.495201700175519e-16,"[5.705402119437468, 1.5066314322674602e-16, -22.895396934264422]","[0.0, 0.0, 0.0]",14.576499582993051
query-000000,-2.031876845036063,0.0,-0.7358321305608003,40.80016647966724,-1.7737596115313727,-103.8026477511919,-0.009527079579816586,53.70322940041376,7.528340036474108,23.676730125579176,"[5.175370838571041, 1.266083110265343e-16, -23.104178975301785]",-0.0129620130337834,11.776803611920164,1.8349131307281221,9.852501659846986,"[0.07730686698368858, -0.14649196185774788, -0.9855039948590605, -0.036682823569993396]","[0.06481006516882032, -2.06285692595056, -9.63390937863743]",nominal-cylinder-pseudo_6dof,111.54725226596162,booster-release,40.80016647966724,-1.7737596115313727,-103.8026477511919,-24.38252214043276,0.0,108.8498144332704,-19.195920746348698,-5.843092635882483,115.95650142699374,0.0,0.7349999999999999,0.0,4.3675,4.3675,12.0,alpha3-passive-deployment-parent-v1,-0.009527079579816586,53.70322940041376,7.528340036474108,-9.38803476266971,"[365.67977238046427, 5.532952824324479e-15, 894.8998066235304]",1.4437528755436557,native_rigid_body_reuse_instantaneous_projected_area,1.2706018483678458,1.1362748113409653,0.0,0.0,0.0,0.0,0.0,0.0,0.0,query-000000,rigid_body_6dof,pseudo_6dof,177.1152836319499,8.881784197001252e-16,1.6378491803636796e-17,,7.249999999999983,21.604245733318542,-7.616852247413856,12.153853675801841,25.93214281615283,-24.38252214043276,0.0,-8.829985566729604,-0.009527079579816586,53.70322940041376,7.528340036474108,5.4375092393193706e-14,4.620596941292703e-16,"[5.175370838571041, 1.266083110265343e-16, -23.104178975301785]","[0.0, 0.0, 0.0]",163.32707129952175
query-000000,-1.8475236243146942,2.220446049250313e-16,-0.6393664838743653,-16.683069208225145,12.729991265692172,-110.23961416677236,-0.009062438425919531,54.30859157316759,13.924151005082205,23.757098163943816,"[4.693506788525318, 1.3616856484969534e-16, -23.288853711536113]",-0.012329848198520309,11.990987162742584,3.14051016167313,8.703777368279242,"[-0.04775874963479346, 0.8370244797229076, -0.5449732122654943, -0.010645190977403133]","[0.06164924099264989, 0.9286954896606631, -8.653869916698477]",nominal-cylinder-pseudo_6dof,112.21920516324228,booster-release,-16.683069208225145,12.729991265692172,-110.23961416677236,-22.17028349177633,2.6645352591003757e-15,110.00740219350762,8.222881824653301,8.043155115091047,117.1162977485729,0.0,0.7349999999999999,0.0,4.3675,4.3675,12.0,alpha3-passive-deployment-parent-v1,-0.009062438425919531,54.30859157316759,13.924151005082205,4.006810496227969,"[366.9123064289537, 5.56465887125592e-15, 889.1007190079258]",1.4416556613611347,native_rigid_body_reuse_instantaneous_projected_area,1.2687561556167708,1.1362748113409653,0.0,0.0,0.0,0.0,0.0,0.0,0.0,query-000000,rigid_body_6dof,pseudo_6dof,-176.07128656254474,0.0,0.0,,7.499999999999982,-8.460187383571844,20.773146380783217,6.876683581800549,23.460331587741877,-22.17028349177633,2.6645352591003757e-15,-7.672397806492384,-0.009062438425919531,54.30859157316759,13.924151005082205,8.814024163012333e-14,7.489836117169075e-16,"[4.693506788525318, 1.3616856484969534e-16, -23.288853711536113]","[0.0, 0.0, 0.0]",-65.99753050303816
query-000000,-1.6879443234989449,-1.1102230246251565e-16,-0.5049216723545211,38.615077472439886,21.667518857943833,-104.44550000310201,-0.008620458088496905,48.854049105496216,17.895233358992417,23.830756570736757,"[4.254973854244785, 1.4536259927237244e-16, -23.44781772859484]",-0.01172851440611824,10.791523293531403,3.9092646349370637,8.957084458458734,"[0.047295023786137286, 0.8498226291229389, 0.4463400565632142, 0.27630641263421873]","[0.05864257203059119, 3.8565551185515625, -8.084114401855182]",nominal-cylinder-pseudo_6dof,113.4436778871342,booster-release,38.615077472439886,21.667518857943833,-104.44550000310201,-20.25533188198734,-1.3322676295501878e-15,111.62073993174575,-50.29676509209771,-38.48576673890955,99.18475945339883,0.0,0.7349999999999999,0.0,4.3675,4.3675,12.0,alpha3-passive-deployment-parent-v1,-0.008620458088496905,48.854049105496216,17.895233358992417,-25.302895836405288,"[368.0301189184147, 5.599500912737822e-15, 883.2575019089726]",1.4473955227043027,native_rigid_body_reuse_instantaneous_projected_area,1.2738076284522852,1.1362748113409653,0.0,0.0,0.0,0.0,0.0,0.0,0.0,query-000000,rigid_body_6dof,pseudo_6dof,158.79270251383733,7.105427357601002e-15,1.3656816684669062e-16,,7.749999999999981,-11.681687619657822,-16.818247880965714,-5.260740549703186,21.14215406622906,-20.25533188198734,-1.3322676295501878e-15,-6.059060068254254,-0.008620458088496905,48.854049105496216,17.895233358992417,2.869792300935272e-14,2.438644780952442e-16,"[4.254973854244785, 1.4536259927237244e-16, -23.44781772859484]","[0.0, 0.0, 0.0]",60.230969504572556
query-000000,-1.53323356459746,1.0362081563168126e-15,-0.4290569091469175,20.829931460093785,97.78085703972215,-54.83417008655666,-0.008200033386487747,22.379923165444843,54.08277428901552,23.888878657952215,"[3.8546426116094863, 5.2535618602324634e-17, -23.57584047008991]",-0.011156508008788198,4.84840967729933,12.115461741756953,8.282027017274656,"[-0.05274139028834776, -0.06871472373364781, 0.8671253672672319, 0.4904999795456968]","[0.05578254004413434, 5.766642103987964, -5.944299678482472]",nominal-cylinder-pseudo_6dof,114.02529656675404,booster-release,20.829931460093785,97.78085703972215,-54.83417008655666,-18.39880277516952,1.2434497875801753e-14,112.53111709023699,-2.8310998730904853,-100.95728505916985,60.39989068723644,0.0,0.7349999999999999,0.0,4.3675,4.3675,12.0,alpha3-passive-deployment-parent-v1,-0.008200033386487747,22.379923165444843,54.08277428901552,-1.3785350183954819,"[369.0431284187622, 5.6300745707335566e-15, 877.3785028408296]",1.4467446687261587,native_rigid_body_reuse_instantaneous_projected_area,1.2732348321783133,1.1362748113409653,0.0,0.0,0.0,0.0,0.0,0.0,0.0,query-000000,rigid_body_6dof,pseudo_6dof,120.89089075379773,1.734723475976807e-18,2.963799208598015e-20,,7.9999999999999805,17.998831587003302,-3.176428019447698,5.565720600679782,19.105624283568215,-18.39880277516952,1.2434497875801753e-14,-5.148682909763011,-0.008200033386487747,22.379923165444843,54.08277428901552,2.776179216839087e-14,2.3590957979526535e-16,"[3.8546426116094863, 5.2535618602324634e-17, -23.57584047008991]","[0.0, 0.0, 0.0]",-170.15651442978728
query-000000,-1.3666323448928028,5.921189464667501e-16,-0.5347924552984864,-5.362401087383008,95.21141150308279,-59.61774535067915,-0.0078001130391482446,23.760786441078377,50.1995006655799,23.966240088421113,"[3.4947630320599217, 5.376919974079703e-17, -23.710067383404684]",-0.010612398692718702,5.309315660604717,11.18830492916894,7.534032852448393,"[-0.3765199603767565, -0.7800485740919226, 0.45629015508209, 0.20385346666222406]","[0.053061993463593506, 6.923968213235489, -2.9694274917441397]",nominal-cylinder-pseudo_6dof,112.46441119985356,booster-release,-5.362401087383008,95.21141150308279,-59.61774535067915,-16.399588138713636,7.105427357601002e-15,111.26229053641816,-3.009483216333141,-91.01830878934578,74.53285050189558,0.0,0.7349999999999999,0.0,4.3675,4.3675,12.0,alpha3-passive-deployment-parent-v1,-0.0078001130391482446,23.760786441078377,50.1995006655799,-1.4654128184069417,"[369.9610735452341, 5.642530005757978e-15, 871.4674463195369]",1.4167574182208604,native_rigid_body_reuse_instantaneous_projected_area,1.2468439888664662,1.1362748113409653,0.0,0.0,0.0,0.0,0.0,0.0,0.0,query-000000,rigid_body_6dof,pseudo_6dof,129.31327705201403,0.0,0.0,,8.249999999999984,-8.371884303716149,4.193102713737005,14.91510515121643,17.610534314284713,-16.399588138713636,7.105427357601002e-15,-6.417509463581837,-0.0078001130391482446,23.760786441078377,50.1995006655799,5.5927037193126117e-14,4.752475547470859e-16,"[3.4947630320599217, 5.376919974079703e-17, -23.710067383404684]","[0.0, 0.0, 0.0]",-59.95699647619003
query-000000,-1.249876024254315,5.921189464667501e-16,-0.405420220561588,50.030994807954336,100.53983204823092,-18.459863971869815,-0.007419697037300761,2.2870064434664226,50.41664951794331,24.016820159667006,"[3.165141850783377, 4.8834875186907446e-17, -23.8073418853556]",-0.010094825901089472,0.51659007350515,11.209921562409203,7.950333000128627,"[-0.5001302544503874, -0.7082733110768444, -0.15857483040244552, -0.4723056939763376]","[0.050474129505447364, 7.948397873461346, -0.1679833930484822]",nominal-cylinder-pseudo_6dof,113.80740242892792,booster-release,50.030994807954336,100.53983204823092,-18.459863971869815,-14.998512291051782,7.105427357601002e-15,112.81475735326094,-60.0669349027968,-100.99861929777347,6.306945327699928,0.0,0.7349999999999999,0.0,4.3675,4.3675,12.0,alpha3-passive-deployment-parent-v1,-0.007419697037300761,2.2870064434664226,50.41664951794331,-30.6922691785136,"[370.7930854093533, 5.653258427188539e-15, 865.5261449045666]",1.426645694253296,native_rigid_body_reuse_instantaneous_projected_area,1.2555463520041,1.1362748113409653,0.0,0.0,0.0,0.0,0.0,0.0,0.0,query-000000,rigid_body_6dof,pseudo_6dof,93.57324426413176,0.0,0.0,,8.499999999999988,-10.035940094842466,-0.4587872495425529,-12.152918644169887,15.767815666712405,-14.998512291051782,7.105427357601002e-15,-4.865042646739056,-0.007419697037300761,2.2870064434664226,50.41664951794331,3.6580121794236024e-14,3.108445272190811e-16,"[3.165141850783377, 4.8834875186907446e-17, -23.8073418853556]","[0.0, 0.0, 0.0]",54.15519637803664
query-000000,-1.1524102215372398,-8.673617379884035e-17,-0.20035137879891587,23.504807508452068,90.9558416551588,68.22212350433648,-0.007057834142790846,-39.97249230573083,43.32133231440644,24.06210275789672,"[2.8660372040217084, 7.222473005466141e-17, -23.890806178878613]",-0.0096024954323685,-9.053669635236753,9.651064354265209,7.15022165452673,"[-0.06295499249094848, -0.07847612053064301, -0.43154827073659, -0.8964620780887407]","[0.0480124771618425, 6.710281114553628, 2.4689049950463198]",nominal-cylinder-pseudo_6dof,116.10210696903243,booster-release,23.504807508452068,90.9558416551588,68.22212350433648,-13.82892265844688,-1.0408340855860843e-15,115.27558345441301,-10.163474283833576,-92.21556778381799,-72.39839899355457,0.0,0.7349999999999999,0.0,4.3675,4.3675,12.0,alpha3-passive-deployment-parent-v1,-0.007057834142790846,-39.97249230573083,43.32133231440644,-4.95455080900274,"[371.5465754464838, 5.672012835901285e-15, 859.5620242803344]",1.4489214786443685,native_rigid_body_reuse_instantaneous_projected_area,1.2751505746523024,1.1362748113409653,0.0,0.0,0.0,0.0,0.0,0.0,0.0,query-000000,rigid_body_6dof,pseudo_6dof,51.864558093251915,0.0,0.0,,8.749999999999991,13.341333224618491,-1.2597261286591817,-4.176275489218085,14.036358469752038,-13.82892265844688,-1.0408340855860843e-15,-2.4042165455869906,-0.007057834142790846,-39.97249230573083,43.32133231440644,1.632896157031126e-14,1.3875755711949936e-16,"[2.8660372040217084, 7.222473005466141e-17, -23.890806178878613]","[0.0, 0.0, 0.0]",169.55547937645923
query-000000,-1.0129006955591033,5.921189464667501e-16,-0.45255735052299306,-0.1389376313783501,87.23709327414174,71.67477044147734,-0.006713619509896636,-39.667036255832045,39.492132531754606,24.12697766397807,"[2.5973877133661665, 7.930818424823338e-17, -23.986759436500613]",-0.009134176203941002,-8.902879705665345,8.87573809098674,6.445153059793087,"[0.5853441409055641, 0.32154695345543216, -0.3498419925573194, -0.6569553817989331]","[0.04567088101970501, 4.384259914245425, 4.724000120568138]",nominal-cylinder-pseudo_6dof,112.90528094126147,booster-release,-0.1389376313783501,87.23709327414174,71.67477044147734,-12.154808346709242,7.105427357601002e-15,112.24911179372408,1.5213741011880373,-98.39118759525222,-64.5398710293112,0.0,0.7349999999999999,0.0,4.3675,4.3675,12.0,alpha3-passive-deployment-parent-v1,-0.006713619509896636,-39.667036255832045,39.492132531754606,0.7407451694487186,"[372.2288052998873, 5.690463186138103e-15, 853.5784031293858]",1.4004725180754471,native_rigid_body_reuse_instantaneous_projected_area,1.2325121564762058,1.1362748113409653,0.0,0.0,0.0,0.0,0.0,0.0,0.0,query-000000,rigid_body_6dof,pseudo_6dof,56.73705834700836,8.673617379884035e-19,1.5495763145583428e-20,,8.999999999999995,1.3824364698096872,-11.154094321110477,7.134899412166135,13.312841182069926,-12.154808346709242,7.105427357601002e-15,-5.430688206275917,-0.006713619509896636,-39.667036255832045,39.492132531754606,4.448047272793842e-14,3.7797882668001153e-16,"[2.5973877133661665, 7.930818424823338e-17, -23.986759436500613]","[0.0, 0.0, 0.0]",-96.19822803502946
query-000000,-0.9340880383473922,-5.921189464667501e-16,-0.2533231765966389,51.30967621307146,54.053315810690314,87.82659513126968,-0.0063861924227425985,-45.68813663953827,21.188976164418797,24.151532683517583,"[2.3502375703635274, 7.684102197128858e-17, -24.03690733696558]",-0.008688697173799454,-10.219459189015197,4.778094967433117,6.985278669377705,"[0.9252924797593252, 0.2599913593380302, -0.2682445959848136, 0.06544583023650996]","[0.043443485868997274, 2.0318707199810264, 6.683093006212206]",nominal-cylinder-pseudo_6dof,115.18660788291501,booster-release,51.30967621307146,54.053315810690314,87.82659513126968,-11.209056460168707,-7.105427357601002e-15,114.63992188084033,-62.42208670802337,-52.48814675351898,-84.83521008070335,0.0,0.7349999999999999,0.0,4.3675,4.3675,12.0,alpha3-passive-deployment-parent-v1,-0.0063861924227425985,-45.68813663953827,21.188976164418797,-32.03519648472636,"[372.8468820469762, 5.713744259387884e-15, 847.5740319447211]",1.4248593308897652,native_rigid_body_reuse_instantaneous_projected_area,1.2539742293576228,1.1362748113409653,0.0,0.0,0.0,0.0,0.0,0.0,0.0,query-000000,rigid_body_6dof,pseudo_6dof,31.74537291867399,8.673617379884035e-19,1.722238214971361e-20,,9.249999999999998,-11.11241049495191,1.5651690571713317,2.991385050566336,11.613948755982847,-11.209056460168707,-7.105427357601002e-15,-3.039878119159667,-0.0063861924227425985,-45.68813663953827,21.188976164418797,4.2261452805446086e-14,3.591224050809577e-16,"[2.3502375703635274, 7.684102197128858e-17, -24.03690733696558]","[0.0, 0.0, 0.0]",-1.241652156475306
query-000000,-0.8592151222925455,-4.070817756958907e-16,-0.07742777414753495,44.542317118619415,-42.75506770745233,99.6243566529631,-0.006074734143061727,-49.23405688468211,-27.021732196011175,24.21501055855986,"[2.1302052785450853, 1.3388692161114706e-17, -24.12113102286923]",-0.008264944412328883,-11.050737134444143,-6.164254450565027,6.495527990876592,"[0.5661949908220866, 0.0098439979674617, -0.2955652575849835, 0.7693942465217142]","[0.04132472206164441, -0.6618448103027356, 6.461589401585585]",nominal-cylinder-pseudo_6dof,117.20506075883104,booster-release,44.542317118619415,-42.75506770745233,99.6243566529631,-10.310581467510547,-4.884981308350689e-15,116.75066671022958,-41.16945043611973,52.210428782947666,-97.09625536100056,0.0,0.7349999999999999,0.0,4.3675,4.3675,12.0,alpha3-passive-deployment-parent-v1,-0.006074734143061727,-49.23405688468211,-27.021732196011175,-20.47771060351473,"[373.40658581704236, 5.7226232728460004e-15, 841.552997989601]",1.4412150834155368,native_rigid_body_reuse_instantaneous_projected_area,1.268368416716638,1.1362748113409653,0.0,0.0,0.0,0.0,0.0,0.0,0.0,query-000000,rigid_body_6dof,pseudo_6dof,-28.267730726993285,7.105427357601002e-15,1.2651671382015679e-16,,9.500000000000002,3.3728666824996836,9.455361075495333,2.5281012919625425,10.352361028689616,-10.310581467510547,-4.884981308350689e-15,-0.9291332897704194,-0.006074734143061727,-49.23405688468211,-27.021732196011175,1.2410684580006155e-14,1.0546146900322872e-16,"[2.1302052785450853, 1.3388692161114706e-17, -24.12113102286923]","[0.0, 0.0, 0.0]",112.51003747754659
query-000000,-0.7638790731154135,5.412337245047638e-16,-0.23184201206721627,5.063427357994548,-70.98993074167522,90.66585668175469,-0.005778465862923735,-42.5027336286102,-39.33779765418216,24.22161011887037,"[1.9262817749821752, -4.927096539406422e-17, -24.144892529765688]",-0.007861858316903041,-9.587760967562314,-8.90100649454492,5.46386604097682,"[-0.12501056705306896, 0.0244055491926828, -0.31602469066085287, 0.9401622850265724]","[0.03930929158451521, -3.2400626356807622, 4.399350066793987]",nominal-cylinder-pseudo_6dof,115.26276992660736,booster-release,5.063427357994548,-70.98993074167522,90.66585668175469,-9.166548877384962,6.494804694057166e-15,114.8976958551934,3.89784891330066,70.64681950216416,-94.03387153636568,0.0,0.7349999999999999,0.0,4.3675,4.3675,12.0,alpha3-passive-deployment-parent-v1,-0.005778465862923735,-42.5027336286102,-39.33779765418216,1.898126509596961,"[373.9131076969697, 5.713904781542867e-15, 835.5210374506273]",1.4155545159692295,native_rigid_body_reuse_instantaneous_projected_area,1.245785352135611,1.1362748113409653,0.0,0.0,0.0,0.0,0.0,0.0,0.0,query-000000,rigid_body_6dof,pseudo_6dof,-36.91721544040038,7.105427410540561e-15,1.226908730004146e-16,,9.750000000000005,8.961276271295208,-0.34311123951106026,-3.3680148546109905,9.579442666149086,-9.166548877384962,6.494804694057166e-15,-2.7821041448065955,-0.005778465862923735,-42.5027336286102,-39.33779765418216,2.8802745969867014e-14,2.4475522536465064e-16,"[1.9262817749821752, -4.927096539406422e-17, -24.144892529765688]","[0.0, 0.0, 0.0]",-165.48559100134773
query-000000,-0.7079292518195206,2.9605947323337506e-16,0.014435181236770234,38.47323515154529,-83.04244783388589,74.73462692325184,-0.005496646757309083,-32.580713625394715,-43.359947223611556,24.23058862021886,"[1.7420835914062625, -1.0690233420707146e-16, -24.16788301947096]",-0.007478430962315616,-7.394343876936263,-9.757445510181636,5.87031435674826,"[-0.6116573019538296, 0.37018573468448673, -0.14568803791202461, 0.6838222447478679]","[0.037392154811626416, -5.479793744969898, 2.105006647588569]",nominal-cylinder-pseudo_6dof,118.1588017315147,booster-release,38.47323515154529,-83.04244783388589,74.73462692325184,-8.495151021834248,3.552713678800501e-15,117.85302217484124,-38.60605586889935,76.73935740171582,-80.43120541095442,0.0,0.7349999999999999,0.0,4.3675,4.3675,12.0,alpha3-passive-deployment-parent-v1,-0.005496646757309083,-32.580713625394715,-43.359947223611556,-19.151078274487325,"[374.37139883937544, 5.694091107307601e-15, 829.4801664963217]",1.4490156177754177,native_rigid_body_reuse_instantaneous_projected_area,1.2752334235635954,1.1362748113409653,0.0,0.0,0.0,0.0,0.0,0.0,0.0,query-000000,rigid_body_6dof,pseudo_6dof,-43.65440184874367,7.105427357601002e-15,1.3100844282200384e-16,,10.000000000000009,-0.13282071735405765,-6.303090432170066,-5.696578487702581,8.496916900007214,-8.495151021834248,3.552713678800501e-15,0.1732221748412428,-0.005496646757309083,-32.580713625394715,-43.359947223611556,2.7756144599097013e-14,2.358615888121582e-16,"[1.7420835914062625, -1.0690233420707146e-16, -24.16788301947096]","[0.0, 0.0, 0.0]",-88.64585181065874
query-000000,-0.602708287159207,0.0,-0.5537466575286842,66.13530163606744,-88.11111577374226,-15.607623810961206,-0.005228572131660831,13.156543870848985,-43.72061545195862,24.310561086469015,"[1.5801733918964778, -8.469787371456834e-17, -24.25915151835455]",-0.007113703580490927,3.0010306323261604,-9.829163803722153,6.140001237256196,"[-0.6243450014100371, 0.6937776614955703, 0.3045536849656631, 0.19003401958037489]","[0.03556851790245464, -6.1279129540565345, -0.38344869480539134]",nominal-cylinder-pseudo_6dof,111.27014319399399,booster-release,66.13530163606744,-88.11111577374226,-15.607623810961206,-7.232499445910484,0.0,111.03484010965579,-75.78295007503958,88.32599878353494,17.435531103325893,0.0,0.7349999999999999,0.0,4.3675,4.3675,12.0,alpha3-passive-deployment-parent-v1,-0.005228572131660831,13.156543870848985,-43.72061545195862,-40.08893212028359,"[374.78607315044695, 5.668475746780459e-15, 823.4306498065268]",1.3546107203067719,native_rigid_body_reuse_instantaneous_projected_area,1.19215061953907,1.1362748113409653,0.0,0.0,0.0,0.0,0.0,0.0,0.0,query-000000,rigid_body_6dof,pseudo_6dof,-101.16660852176368,0.0,0.0,,10.250000000000012,-9.64764843897214,0.21488300979268615,1.8279072923646869,9.821636329012534,-7.232499445910484,0.0,-6.644959890344211,-0.005228572131660831,13.156543870848985,-43.72061545195862,2.3351727606794652e-14,1.9843446034743985e-16,"[1.5801733918964778, -8.469787371456834e-17, -24.25915151835455]","[0.0, 0.0, 0.0]",14.016222711592373
query-000000,-0.585191708728787,2.9605947323337506e-16,0.1315385880008281,28.416791204297642,-76.50672805640424,-87.24134656956052,-0.004973571659781054,47.297453083751606,-35.9123262325263,24.327105370705297,"[1.4299793663312825, -6.98949000528996e-17, -24.285040966184624]",-0.006766764162977088,10.753994120868196,-8.104179443259632,4.99015873588554,"[-0.2882126897468346, 0.5683796671222863, 0.7493022162419702, -0.18006717692496277]","[0.03383382081483711, -4.209249912960898, -2.680066165627728]",nominal-cylinder-pseudo_6dof,119.46483169332885,booster-release,28.416791204297642,-76.50672805640424,-87.24134656956052,-7.022300504745445,3.552713678800501e-15,119.25826305600994,-26.739647831464623,70.31108387192046,90.49794498575659,0.0,0.7349999999999999,0.0,4.3675,4.3675,12.0,alpha3-passive-deployment-parent-v1,-0.004973571659781054,47.297453083751606,-35.9123262325263,-13.133678392700679,"[375.1622747864197, 5.64495747418872e-15, 817.3586424919838]",1.4513587962334265,native_rigid_body_reuse_instantaneous_projected_area,1.2772955817973448,1.1362748113409653,0.0,0.0,0.0,0.0,0.0,0.0,0.0,query-000000,rigid_body_6dof,pseudo_6dof,-142.15509066821477,8.673617379884035e-19,1.4605393946775033e-20,,10.500000000000016,1.6771433728330187,-6.195644184483783,3.25659841619607,7.1975169328134525,-7.022300504745445,3.552713678800501e-15,1.5784630560099373,-0.004973571659781054,47.297453083751606,-35.9123262325263,6.051071967337608e-14,5.141980159158672e-16,"[1.4299793663312825, -6.98949000528996e-17, -24.285040966184624]","[0.0, 0.0, 0.0]",101.11618336661415
query-000000,-0.5270205790714668,5.366077952354923e-16,0.09478097286658618,22.483072093766665,-59.577364774932704,-100.5115190407291,-0.0047310077076664825,51.453466044915295,-25.920822000435287,24.3019118427519,"[1.291682347846012, -4.0597348014180185e-17, -24.267560156001426]",-0.006436745180498617,11.66246132285725,-5.898230910953953,4.635549405455334,"[-0.09486105468126706, 0.08891993567276205, 0.9597316228553113, -0.24901774522354803]","[0.032183725902493084, -1.3711580132235208, -4.4280027327201665]",nominal-cylinder-pseudo_6dof,118.98536205842193,booster-release,22.483072093766665,-59.577364774932704,-100.5115190407291,-6.324246948857603,6.439293542825908e-15,118.81717167439903,-16.215926241005494,58.233906369076514,100.9672779329219,0.0,0.7349999999999999,0.0,4.3675,4.3675,12.0,alpha3-passive-deployment-parent-v1,-0.0047310077076664825,51.453466044915295,-25.920822000435287,-7.920389513976839,"[375.5021759455745, 5.629503738289744e-15, 811.289835691671]",1.4474986394338263,native_rigid_body_reuse_instantaneous_projected_area,1.2738983782678177,1.1362748113409653,0.0,0.0,0.0,0.0,0.0,0.0,0.0,query-000000,rigid_body_6dof,pseudo_6dof,-150.02536327934536,3.552713678800501e-15,6.166429941486248e-17,,10.75000000000002,6.267145852761171,-1.3434584058561896,0.4557588921928044,6.425707260361303,-6.324246948857603,6.439293542825908e-15,1.1373716743990343,-0.0047310077076664825,51.453466044915295,-25.920822000435287,1.77594045696548e-14,1.5091293977092755e-16,"[1.291682347846012, -4.0597348014180185e-17, -24.267560156001426]","[0.0, 0.0, 0.0]",167.28969722115258
query-000000,-0.4487221989222112,-5.921189464667501e-16,-0.4797760173604691,65.32565174887529,-3.571396754533758,-90.96945781076124,-0.0045002737390909585,44.21570260518434,2.7971434139644034,24.305031405866135,"[1.1679805121758644, 1.4027166773800608e-17, -24.276951480021467]",-0.006122821413738863,9.990213762786562,0.6034534651298428,5.444045775676688,"[-0.23406111022279502, -0.4866843469296983, 0.8212620570538892, -0.18407166207349782]","[0.03061410706864598, 1.4528062967330027, -5.246527522874966]",nominal-cylinder-pseudo_6dof,112.05194289068572,booster-release,65.32565174887529,-3.571396754533758,-90.96945781076124,-5.3846663870665346,-7.105427357601002e-15,111.92248779167437,-66.3267607789213,8.76883810500587,96.8111750311086,0.0,0.7349999999999999,0.0,4.3675,4.3675,12.0,alpha3-passive-deployment-parent-v1,-0.0045002737390909585,44.21570260518434,2.7971434139644034,-34.30655880656154,"[375.8092249517822, 5.6233095708114266e-15, 805.2247405427152]",1.361829197741961,native_rigid_body_reuse_instantaneous_projected_area,1.1985033762517445,1.1362748113409653,0.0,0.0,0.0,0.0,0.0,0.0,0.0,query-000000,rigid_body_6dof,pseudo_6dof,-174.82445935963105,0.0,0.0,,11.000000000000023,-1.0011090300460097,5.197441350472111,5.841717220347363,7.882973802071113,-5.3846663870665346,-7.105427357601002e-15,-5.757312208325629,-0.0045002737390909585,44.21570260518434,2.7971434139644034,3.4353106325493093e-14,2.919201623854994e-16,"[1.1679805121758644, 1.4027166773800608e-17, -24.276951480021467]","[0.0, 0.0, 0.0]",-120.2960335028469
query-000000,-0.41565314860630487,-5.921189464667501e-16,-0.2525019924821284,64.16336761362705,81.7969434549245,-48.59806561169912,-0.00428079279894912,21.409368906289245,44.29127984999772,24.461952267235826,"[1.0632113923745048, 4.6100276374082914e-17, -24.438835697709685]",-0.005824207889726695,4.807898040767134,10.060981606372724,5.1020892196054985,"[-0.5041835881299506, -0.7884317709575246, 0.30106318689054873, -0.1831262119536587]","[0.029121039448633472, 3.3081441322957255, -3.884153546119596]",nominal-cylinder-pseudo_6dof,114.75822272625416,booster-release,64.16336761362705,81.7969434549245,-48.59806561169912,-4.987837783275658,-7.105427357601002e-15,114.64977609021446,-69.70730977507955,-80.58284309588738,49.958299516143484,0.0,0.7349999999999999,0.0,4.3675,4.3675,12.0,alpha3-passive-deployment-parent-v1,-0.00428079279894912,21.409368906289245,44.29127984999772,-36.32375604378479,"[376.0879671614939, 5.6313806127172246e-15, 799.1338292232431]",1.3758972488125067,native_rigid_body_reuse_instantaneous_projected_area,1.2108842289558044,1.1362748113409653,0.0,0.0,0.0,0.0,0.0,0.0,0.0,query-000000,rigid_body_6dof,pseudo_6dof,121.79733956005423,0.0,0.0,,11.250000000000027,-5.543942161452506,1.2141003590371184,1.3602339044443639,5.836057800103105,-4.987837783275658,-7.105427357601002e-15,-3.030023909785541,-0.00428079279894912,21.409368906289245,44.29127984999772,8.04598472450466e-14,6.837184227458459e-16,"[1.0632113923745048, 4.6100276374082914e-17, -24.438835697709685]","[0.0, 0.0, 0.0]",-21.102582758965745
query-000000,-0.3958696084504756,5.921189464667501e-16,0.2532372820719454,31.263048219062064,116.35867719597992,-8.879105767933366,-0.004072016070568266,1.0435182135765264,58.85953554641208,24.42434088970403,"[0.9603861800775813, -8.17729371870253e-18, -24.405451978637565]",-0.005540157919142916,0.22098745360564565,13.38713868844274,3.9651611046317528,"[-0.5849166275188235, -0.6958679117539187, -0.1948653277860616, -0.3683312263032789]","[0.027700789595702494, 3.887847361637271, -0.7787028602428433]",nominal-cylinder-pseudo_6dof,120.81207912284185,booster-release,31.263048219062064,116.35867719597992,-8.879105767933366,-4.750435301405707,7.105427357601002e-15,120.71864738486335,-33.49871090509694,-112.69010523408339,5.2260767376641155,0.0,0.7349999999999999,0.0,4.3675,4.3675,12.0,alpha3-passive-deployment-parent-v1,-0.004072016070568266,1.0435182135765264,58.85953554641208,-16.53851558273988,"[376.3408040759454, 5.6337771813860494e-15, 793.0258540403319]",1.4519009607550308,native_rigid_body_reuse_instantaneous_projected_area,1.2777727238726535,1.1362748113409653,0.0,0.0,0.0,0.0,0.0,0.0,0.0,query-000000,rigid_body_6dof,pseudo_6dof,92.65522650331857,7.105427357601002e-15,1.2069940517348121e-16,,11.50000000000003,-2.2356626860348783,3.6685719618965322,-3.6530290302692503,5.639257839586015,-4.750435301405707,7.105427357601002e-15,3.0388473848633453,-0.004072016070568266,1.0435182135765264,58.85953554641208,5.6117134046940414e-14,4.76862928446007e-16,"[0.9603861800775813, -8.17729371870253e-18, -24.405451978637565]","[0.0, 0.0, 0.0]",47.08688438269456
query-000000,-0.3523184842471448,-8.881784197001252e-16,0.09382465730678882,48.913028492270236,105.71679736287051,23.7516789232607,-0.003873421503380528,-14.952386185805238,50.73751414362174,24.367379447338443,"[0.8665895046491544, -6.245486381148794e-17, -24.351965090337245]",-0.005269961229089154,-3.3703458795895354,11.539872882663154,4.277984660589254,"[-0.36703153934409277, -0.4898666726227546, -0.37818586624693573, -0.6944738603801237]","[0.026349806145445773, 3.522091269805251, 2.4280303810114665]",nominal-cylinder-pseudo_6dof,118.88089776167378,booster-release,48.913028492270236,105.71679736287051,23.7516789232607,-4.227821810965738,-1.0658141036401503e-14,118.80569588768147,-47.39988384955676,-104.13172883253208,-27.538507393040373,0.0,0.7349999999999999,0.0,4.3675,4.3675,12.0,alpha3-passive-deployment-parent-v1,-0.003873421503380528,-14.952386185805238,50.73751414362174,-23.75251813154008,"[376.56895645076895, 5.620630627710121e-15, 786.9318014853981]",1.4343508571456174,native_rigid_body_reuse_instantaneous_projected_area,1.2623274253988612,1.1362748113409653,0.0,0.0,0.0,0.0,0.0,0.0,0.0,query-000000,rigid_body_6dof,pseudo_6dof,75.18677357887152,7.105427370835892e-15,1.3433107807029677e-16,,11.750000000000034,1.5131446427134776,1.5850685303384324,-3.786828469779671,4.3751707184035284,-4.227821810965738,-1.0658141036401503e-14,1.125895887681466,-0.003873421503380528,-14.952386185805238,50.73751414362174,1.062338991344952e-14,9.027369109608887e-17,"[0.8665895046491544, -6.245486381148794e-17, -24.351965090337245]","[0.0, 0.0, 0.0]",105.89243791760775
query-000000,-0.283645889727774,-3.700743415417188e-16,-0.9928557519361855,74.60495137898846,37.558898981041395,64.97202012048922,-0.0036845125075249236,-34.32864156254457,14.937361526335867,24.47952515213299,"[0.7873934475125449, -5.4590784053726434e-17, -24.466858466765323]",-0.00501294218710874,-7.768327199804564,3.3761416002202713,4.878249877148976,"[0.13116640979067387, -0.34385050200434497, -0.2565319748962845, -0.8937301332448163]","[0.025064710935543702, 2.1094808269032184, 4.39849795556363]",nominal-cylinder-pseudo_6dof,105.82028662532794,booster-release,74.60495137898846,37.558898981041395,64.97202012048922,-3.403750676733288,-4.440892098500626e-15,105.76553097676577,-80.24772275507844,-43.3458763312536,-74.36379042073996,0.0,0.7349999999999999,0.0,4.3675,4.3675,12.0,alpha3-passive-deployment-parent-v1,-0.0036845125075249236,-34.32864156254457,14.937361526335867,-42.9935376005668,"[376.77532310838114, 5.606281332424183e-15, 780.8358116788581]",1.2641903279309732,native_rigid_body_reuse_instantaneous_projected_area,1.1125744540962317,1.1362748113409653,0.0,0.0,0.0,0.0,0.0,0.0,0.0,query-000000,rigid_body_6dof,pseudo_6dof,30.237462122491557,0.0,0.0,,12.000000000000037,-5.642771376089982,-5.786977350212204,-9.391770300250741,12.390937213437931,-3.403750676733288,-4.440892098500626e-15,-11.914269023234226,-0.0036845125075249236,-34.32864156254457,14.937361526335867,2.3194894640000634e-14,1.9710175102269576e-16,"[0.7873934475125449, -5.4590784053726434e-17, -24.466858466765323]","[0.0, 0.0, 0.0]",-175.44891871403652
query-000000,-0.2876164116530576,5.921189464667501e-16,0.0686174278379923,60.739494389981324,-41.49331835101957,92.97279746988619,-0.0035048167121133457,-46.2634307810627,-24.311442557763968,24.617475166646503,"[0.7166781884436619, -5.150683120754545e-17, -24.60704078012361]",-0.004768458111718839,-10.511730774969179,-5.561381886296589,4.0890787930778245,"[0.6184104114572735, -0.3158571460266552, -0.04682144088863471, -0.7180602892363942]","[0.023842290558594194, -0.25525810404166194, 4.081034209793]",nominal-cylinder-pseudo_6dof,118.55345931648766,booster-release,60.739494389981324,-41.49331835101957,92.97279746988619,-3.451396939836692,7.105427357601002e-15,118.50320913405591,-60.19541599590849,38.059702067937536,-93.6830096635423,0.0,0.7349999999999999,0.0,4.3675,4.3675,12.0,alpha3-passive-deployment-parent-v1,-0.0035048167121133457,-46.2634307810627,-24.311442557763968,-30.76504132065808,"[376.9633786147955, 5.588963732523795e-15, 774.6952314899422]",1.3994680200475833,native_rigid_body_reuse_instantaneous_projected_area,1.2316281291107851,1.1362748113409653,0.0,0.0,0.0,0.0,0.0,0.0,0.0,query-000000,rigid_body_6dof,pseudo_6dof,-22.109962477763208,0.0,0.0,,12.25000000000004,0.5440783940728338,-3.4336162830820314,-0.7102121936561048,3.548259212397085,-3.451396939836692,7.105427357601002e-15,0.8234091340559075,-0.0035048167121133457,-46.2634307810627,-24.311442557763968,1.400862149268695e-14,1.1904015381303292e-16,"[0.7166781884436619, -5.150683120754545e-17, -24.60704078012361]","[0.0, 0.0, 0.0]",-92.37484464034767
query-000000,-0.266964260106608,-1.1842378929335002e-15,0.32109928369969154,45.23765595143407,-81.6215717509505,77.92306703765121,-0.0033338847840580408,-36.60968174237924,-42.61292417375176,24.544248609117812,"[0.6467539576192587, -6.63098048692142e-17, -24.535725974677934]",-0.004535897665389923,-8.343380640777841,-9.706035884759055,3.392087739162651,"[0.8348230310561117, -0.4165210241074077, -0.057321780615602724, -0.35538001739245206]","[0.022679488326925453, -2.692446223750852, 2.0631234095895943]",nominal-cylinder-pseudo_6dof,121.57520663206854,booster-release,45.23765595143407,-81.6215717509505,77.92306703765121,-3.203571121279296,-1.4210854715202004e-14,121.5329914043963,-46.10148328040438,77.04504236428488,-76.07397724893937,0.0,0.7349999999999999,0.0,4.3675,4.3675,12.0,alpha3-passive-deployment-parent-v1,-0.0033338847840580408,-36.60968174237924,-42.61292417375176,-23.063656534803684,"[377.13369460181053, 5.580897991161951e-15, 768.5512396664114]",1.4426712617359796,native_rigid_body_reuse_instantaneous_projected_area,1.2696499538112818,1.1362748113409653,0.0,0.0,0.0,0.0,0.0,0.0,0.0,query-000000,rigid_body_6dof,pseudo_6dof,-45.363359084895244,4.336808689942018e-19,7.719564760280842e-21,,12.500000000000044,-0.8638273289703093,-4.576529386665612,1.8490897887118365,5.01098312988661,-3.203571121279296,-1.4210854715202004e-14,3.8531914043962985,-0.0033338847840580408,-36.60968174237924,-42.61292417375176,1.5319468636452473e-14,1.3017925452331217e-16,"[0.6467539576192587, -6.63098048692142e-17, -24.535725974677934]","[0.0, 0.0, 0.0]",-36.37063445770131
query-000000,-0.2231757652595713,-5.921189464667501e-16,-0.4495209756218751,70.17990515184178,-84.30140483969276,24.150997475987822,-0.003171289304504538,-8.50644968698763,-41.76716130841618,24.528873226510797,"[0.5848688897817366, -6.63098048692142e-17, -24.52189939919018]",-0.0043146793258565155,-1.9555486605981784,-9.489860764510567,4.109499276666966,"[0.773122432763627, -0.5074916014056209, -0.3756425000414603, -0.06022201111728732]","[0.02157339662928258, -4.08591763137525, -0.43908541663446615]",nominal-cylinder-pseudo_6dof,112.31748138269681,booster-release,70.17990515184178,-84.30140483969276,24.150997475987822,-2.678109183114856,-7.105427357601002e-15,112.2855482925375,-75.54567929974257,87.01978608557118,-23.85251552356442,0.0,0.7349999999999999,0.0,4.3675,4.3675,12.0,alpha3-passive-deployment-parent-v1,-0.003171289304504538,-8.50644968698763,-41.76716130841618,-39.93809886583265,"[377.28742043676317, 5.56061979652923e-15, 762.4229743105669]",1.3335241693400897,native_rigid_body_reuse_instantaneous_projected_area,1.1735930041134521,1.1362748113409653,0.0,0.0,0.0,0.0,0.0,0.0,0.0,query-000000,rigid_body_6dof,pseudo_6dof,-74.67146029923116,0.0,0.0,,12.750000000000048,-5.365774147900794,2.718381245878419,0.29848195242340125,6.022476258163766,-2.678109183114856,-7.105427357601002e-15,-5.394251707462502,-0.003171289304504538,-8.50644968698763,-41.76716130841618,2.2377260456559048e-14,1.9015379407985948e-16,"[0.5848688897817366, -6.63098048692142e-17, -24.52189939919018]","[0.0, 0.0, 0.0]",22.074777774215196
query-000000,-0.19218436992271154,5.921189464667501e-16,-0.9055091625696386,77.4252764115715,-51.656342479995864,-52.45409280422455,-0.0030166237000618544,29.271053840054464,-23.79959327056851,24.76405718362661,"[0.5345557256947561, -1.1071872585422047e-16, -24.758287064537715]",-0.004104249932056945,6.662378348261365,-5.389770197371147,4.187823533308417,"[0.49183648468229363, -0.3825357380649681, -0.7797396060056783, 0.06139566975417591]","[0.020521249660284728, -3.4848396541982694, -2.32235600392607]",nominal-cylinder-pseudo_6dof,106.83858384372691,booster-release,77.4252764115715,-51.656342479995864,-52.45409280422455,-2.3062124390725387,7.105427357601002e-15,106.81369004916434,-84.73377459964547,55.54902393807208,59.85840550552591,0.0,0.7349999999999999,0.0,4.3675,4.3675,12.0,alpha3-passive-deployment-parent-v1,-0.0030166237000618544,29.271053840054464,-23.79959327056851,-46.05751036584581,"[377.42717876499364, 5.5365175003672455e-15, 756.2657749616507]",1.2435941379651307,native_rigid_body_reuse_instantaneous_projected_area,1.0944483900840092,1.1362748113409653,0.0,0.0,0.0,0.0,0.0,0.0,0.0,query-000000,rigid_body_6dof,pseudo_6dof,-137.13846471025624,0.0,0.0,,13.000000000000052,-7.308498188073969,3.8926814580762183,7.404312701301357,11.108148418066026,-2.3062124390725387,7.105427357601002e-15,-10.866109950835664,-0.0030166237000618544,29.271053840054464,-23.79959327056851,3.298240725447091e-14,2.8027246183687353e-16,"[0.5345557256947561, -1.1071872585422047e-16, -24.758287064537715]","[0.0, 0.0, 0.0]",108.79082471806548
query-000000,-0.19768139078719688,5.551115123125783e-17,0.3000251175590023,60.563267054299374,-7.534003372649367,-104.83234089405853,-0.0028695012261570944,53.27795678271791,-1.1102079110212602,24.814817800634046,"[0.4852723139479136, -5.752053925759839e-17, -24.810072415452154]",-0.0039040833008940064,12.149350161929974,-0.23817993716333538,3.1976188279019793,"[0.25047672542047467, -0.051747934625127036, -0.9665746879577767, 0.01780263699558398]","[0.019520416504470034, -0.986589966443777, -3.0415498286244116]",nominal-cylinder-pseudo_6dof,121.30329847303231,booster-release,60.563267054299374,-7.534003372649367,-104.83234089405853,-2.3721766894463627,6.661338147750939e-16,121.28010141070803,-56.764784542767465,7.100618260737949,102.83907712619978,0.0,0.7349999999999999,0.0,4.3675,4.3675,12.0,alpha3-passive-deployment-parent-v1,-0.0028695012261570944,53.27795678271791,-1.1102079110212602,-28.840071420250005,"[377.55469195146486, 5.516994874181839e-15, 750.0631283639691]",1.405166067803447,native_rigid_body_reuse_instantaneous_projected_area,1.2366428031130532,1.1362748113409653,0.0,0.0,0.0,0.0,0.0,0.0,0.0,query-000000,rigid_body_6dof,pseudo_6dof,-176.05022910379748,0.0,0.0,,13.250000000000055,3.7984825115319083,-0.4333851119114174,-1.9932637678587497,4.311541776893612,-2.3721766894463627,6.661338147750939e-16,3.6003014107080276,-0.0028695012261570944,53.27795678271791,-1.1102079110212602,3.3610982135056175e-14,2.856138618102357e-16,"[0.4852723139479136, -5.752053925759839e-17, -24.810072415452154]","[0.0, 0.0, 0.0]",172.85493568631742
query-000000,-0.17615638269523495,-1.4802973661668753e-16,0.13666260076482573,63.44742166650417,33.25788954835462,-95.44636697921003,-0.0027295539999729885,45.99601813293415,18.823744741274247,24.734828556854175,"[0.4381351052825452, -4.9116767751755196e-17, -24.730947846099387]",-0.003713678911527876,10.49262521955465,4.279422310494377,3.19741194779293,"[0.30398952282691494, 0.2950879640956081, -0.9044422070086059, -0.04997757135731735]","[0.01856839455763938, 1.9772929097548553, -2.5126502199163556]",nominal-cylinder-pseudo_6dof,119.33847452882819,booster-release,63.44742166650417,33.25788954835462,-95.44636697921003,-2.1138765923428195,-1.7763568394002505e-15,119.31975120917791,-61.238961626220856,-31.751298477703486,95.34243521099111,0.0,0.7349999999999999,0.0,4.3675,4.3675,12.0,alpha3-passive-deployment-parent-v1,-0.0027295539999729885,45.99601813293415,18.823744741274247,-31.358170679880114,"[377.67000541370436, 5.50324116728932e-15, 743.8713409549035]",1.3903480696559343,native_rigid_body_reuse_instantaneous_projected_area,1.2236019453912972,1.1362748113409653,0.0,0.0,0.0,0.0,0.0,0.0,0.0,query-000000,rigid_body_6dof,pseudo_6dof,161.5810149814207,0.0,0.0,,13.500000000000059,2.208460040283313,1.5065910706511332,-0.10393176821891359,2.6754278566500305,-2.1138765923428195,-1.7763568394002505e-15,1.6399512091779087,-0.0027295539999729885,45.99601813293415,18.823744741274247,9.117358054154948e-15,7.747598189455581e-17,"[0.4381351052825452, -4.9116767751755196e-17, -24.730947846099387]","[0.0, 0.0, 0.0]",-138.64911798471763
query-000000,-0.13854086019144712,0.0,-1.172702398746337,79.37590376822367,58.97003113737836,-30.971802866445568,-0.0025964320805488606,12.232579166135128,30.4044040816908,24.854740914601745,"[0.398769385045858, -6.515332255189635e-17, -24.851541781336792]",-0.0035325606538031407,2.7853573990014575,6.906798342053661,3.870374310784879,"[0.5868379784561123, 0.4922525179098765, -0.642720759993775, 0.014787505738104818]","[0.01766280326903987, 3.7244673922010936, -1.0525340732703112]",nominal-cylinder-pseudo_6dof,103.62070856814105,booster-release,79.37590376822367,58.97003113737836,-30.971802866445568,-1.6624903222973657,0.0,103.60737121504395,-90.48450152231524,-65.75199617734502,36.57547417317436,0.0,0.7349999999999999,0.0,4.3675,4.3675,12.0,alpha3-passive-deployment-parent-v1,-0.0025964320805488606,12.232579166135128,30.4044040816908,-50.255595582853424,"[377.7744150564309, 5.491702124034464e-15, 737.6807882850619]",1.1947379122587214,native_rigid_body_reuse_instantaneous_projected_area,1.0514515505705537,1.1362748113409653,0.0,0.0,0.0,0.0,0.0,0.0,0.0,query-000000,rigid_body_6dof,pseudo_6dof,119.08561616773105,0.0,0.0,,13.750000000000062,-11.108597754091576,-6.781965039966657,5.603671306728788,14.17029025741505,-1.6624903222973657,0.0,-14.072428784956045,-0.0025964320805488606,12.232579166135128,30.4044040816908,6.824540119616012e-14,5.799245171742314e-16,"[0.398769385045858, -6.515332255189635e-17, -24.851541781336792]","[0.0, 0.0, 0.0]",-74.26550394821263
query-000000,-0.13709497951141061,-5.921189464667501e-16,-0.3823890696465864,78.27979214807189,67.77512159250918,45.50953160815277,-0.0024698025937460737,-25.66122018303861,33.19584547876957,25.1088932682397,"[0.3652211105126382, -7.74891339366203e-17, -25.106236968058134]",-0.003360275637747344,-5.864428249852554,7.554155230938697,3.420341624572798,"[0.8024438298882154, 0.4565431072296771, -0.30388567372022024, 0.23517182744328058]","[0.016801378188748804, 3.327366203734659, 0.7918893159530883]",nominal-cylinder-pseudo_6dof,113.1030964775863,booster-release,78.27979214807189,67.77512159250918,45.50953160815277,-1.6451397541369275,-7.105427357601002e-15,113.09113116424096,-82.66235399193042,-69.40398040133098,-46.88878400006175,0.0,0.7349999999999999,0.0,4.3675,4.3675,12.0,alpha3-passive-deployment-parent-v1,-0.0024698025937460737,-25.66122018303861,33.19584547876957,-44.62265380175367,"[377.8699160469439, 5.471096259411837e-15, 731.4313855460887]",1.2768639290194426,native_rigid_body_reuse_instantaneous_projected_area,1.1237280948897936,1.1362748113409653,0.0,0.0,0.0,0.0,0.0,0.0,0.0,query-000000,rigid_body_6dof,pseudo_6dof,55.95734860936468,0.0,0.0,,14.000000000000066,-4.382561843858525,-1.6288588088218034,-1.3792523919089774,4.8746657828930084,-1.6451397541369275,-7.105427357601002e-15,-4.588668835759037,-0.0024698025937460737,-25.66122018303861,33.19584547876957,2.61673702486864e-14,2.223607641131817e-16,"[0.3652211105126382, -7.74891339366203e-17, -25.106236968058134]","[0.0, 0.0, 0.0]",8.072706537386303
query-000000,-0.1342720239816546,-8.881784197001252e-16,0.3704561114658607,66.97824597889793,43.6907027313834,92.31584707304783,-0.0023493488998893217,-47.12647161647531,19.76381061251063,25.073111523895054,"[0.3307742319524299, -1.1943089264468179e-16, -25.070929577842847]",-0.0031963930610739077,-10.758586930062492,4.510461143778247,2.6283754145498133,"[0.7811890417424614, 0.3170766191478165, -0.1443159311348927, 0.5180530963829424]","[0.01598196530536954, 1.1088129135104658, 2.38298884164977]",nominal-cylinder-pseudo_6dof,122.13590201241486,booster-release,66.97824597889793,43.6907027313834,92.31584707304783,-1.6112642877798553,-1.0658141036401503e-14,122.12527333759033,-65.1947382456915,-40.701551217080834,-89.1154597229859,0.0,0.7349999999999999,0.0,4.3675,4.3675,12.0,alpha3-passive-deployment-parent-v1,-0.0023493488998893217,-47.12647161647531,19.76381061251063,-33.641940325218854,"[377.9568998256167, 5.4455560702353196e-15, 725.1553414847509]",1.3817563822152144,native_rigid_body_reuse_instantaneous_projected_area,1.2160406694086143,1.1362748113409653,0.0,0.0,0.0,0.0,0.0,0.0,0.0,query-000000,rigid_body_6dof,pseudo_6dof,24.547520969753233,0.0,0.0,,14.25000000000007,1.7835077332064344,2.98915151430257,3.2003873500619306,4.728467595352772,-1.6112642877798553,-1.0658141036401503e-14,4.445473337590329,-0.0023493488998893217,-47.12647161647531,19.76381061251063,3.590262830394362e-14,3.050874347504297e-16,"[0.3307742319524299, -1.1943089264468179e-16, -25.070929577842847]","[0.0, 0.0, 0.0]",59.57553008392029
query-000000,-0.11176687589880648,-2.9605947323337506e-16,-0.46405353839525293,78.44142194957088,-6.002562503985447,79.88506140000241,-0.0022347698020024876,-38.649133195021975,-5.467528450254923,25.052754864988056,"[0.2996884012209131, -1.465696776910745e-16, -25.05096232058474]",-0.003040503131976174,-8.813558265692714,-1.2331446289227501,3.188159167093114,"[0.5530132578876188, 0.2808686016776919, -0.25301341415032247, 0.7424778632741434]","[0.015202515659880872, -1.480706931859452, 2.8234083551942746]",nominal-cylinder-pseudo_6dof,112.11917975514721,booster-release,78.44142194957088,-6.002562503985447,79.88506140000241,-1.3412025107856778,-3.552713678800501e-15,112.11115753925696,-82.01305121911147,7.656906480888416,-84.04621669601988,0.0,0.7349999999999999,0.0,4.3675,4.3675,12.0,alpha3-passive-deployment-parent-v1,-0.0022347698020024876,-38.649133195021975,-5.467528450254923,-44.18017352774021,"[378.03558990557246, 5.415328272732608e-15, 718.8944578216311]",1.2695612070062336,native_rigid_body_reuse_instantaneous_projected_area,1.117301197153153,1.1362748113409653,0.0,0.0,0.0,0.0,0.0,0.0,0.0,query-000000,rigid_body_6dof,pseudo_6dof,-5.20547756997468,0.0,0.0,,14.500000000000073,-3.571629269540594,1.654343976902969,-4.161155296017469,5.727879453211988,-1.3412025107856778,-3.552713678800501e-15,-5.568642460743035,-0.0022347698020024876,-38.649133195021975,-5.467528450254923,3.632041641770971e-14,3.0863764569373597e-16,"[0.2996884012209131, -1.465696776910745e-16, -25.05096232058474]","[0.0, 0.0, 0.0]",108.75484601539516
query-000000,-0.0923177561164253,1.4802973661668753e-16,-1.300273033688987,82.85487543266093,-53.592333131520256,26.149098756057448,-0.0021257787926593393,-10.539624068771836,-28.391671781502218,25.327126568778596,"[0.2748533034438617, -1.5273758338343649e-16, -25.32563515279561]",-0.002892216044439309,-2.391224910875752,-6.4657649421828465,3.4290441530069997,"[0.20969434081064414, 0.4005545248661881, -0.457364482051445, 0.7657689511850327]","[0.014461080222172377, -2.902032408994721, 1.8265657879130985]",nominal-cylinder-pseudo_6dof,102.08253483919592,booster-release,82.85487543266093,-53.592333131520256,26.149098756057448,-1.1078130733971037,1.7763568394002505e-15,102.07652359573216,-94.76494503442274,62.662493573995384,-30.684726163872266,0.0,0.7349999999999999,0.0,4.3675,4.3675,12.0,alpha3-passive-deployment-parent-v1,-0.0021257787926593393,-10.539624068771836,-28.391671781502218,-53.63710448848623,"[378.107300582899, 5.3738748868697966e-15, 712.6023088892819]",1.1301675308673453,native_rigid_body_reuse_instantaneous_projected_area,0.9946251730543841,1.1362748113409653,0.0,0.0,0.0,0.0,0.0,0.0,0.0,query-000000,rigid_body_6dof,pseudo_6dof,-63.909817394990355,4.336808689942018e-19,1.4320071183290407e-20,,14.750000000000076,-11.910069601761805,9.070160442475128,-4.535627407814818,15.642553639146366,-1.1078130733971037,1.7763568394002505e-15,-15.603276404267845,-0.0021257787926593393,-10.539624068771836,-28.391671781502218,2.893063117941766e-14,2.458419472111413e-16,"[0.2748533034438617, -1.5273758338343649e-16, -25.32563515279561]","[0.0, 0.0, 0.0]",-175.6235059201526
query-000000,-0.0977846382432114,-4.810966440042345e-16,0.11535720661877016,79.07598331976891,-82.28118657600935,-33.976886130783384,-0.002022103337565662,19.295231947357863,-40.920496767328984,25.47243667240917,"[0.25102703504584656, -9.33714910944524e-17, -25.47119972552474]",-0.002751161003490697,4.415029531432173,-9.339104409639173,2.6528863497344823,"[-0.05398074801554015, 0.600180734225621, -0.5278685674732337, 0.598518120512515]","[0.013755805017453486, -2.640857334821032, -0.25197083076781757]",nominal-cylinder-pseudo_6dof,119.06986853729474,booster-release,79.07598331976891,-82.28118657600935,-33.976886130783384,-1.173415658918537,-5.773159728050814e-15,119.06408647942524,-77.83914010929274,81.9844823710226,32.682537316453576,0.0,0.7349999999999999,0.0,4.3675,4.3675,12.0,alpha3-passive-deployment-parent-v1,-0.002022103337565662,19.295231947357863,-40.920496767328984,-41.41044579974472,"[378.173069771186, 5.347266879020289e-15, 706.2447800263268]",1.3022647508106127,native_rigid_body_reuse_instantaneous_projected_area,1.1460825654260132,1.1362748113409653,0.0,0.0,0.0,0.0,0.0,0.0,0.0,query-000000,rigid_body_6dof,pseudo_6dof,-111.73435033343226,0.0,0.0,,15.00000000000008,1.2368432104761666,-0.296704204986753,-1.2943488143298083,1.8147047599305943,-1.173415658918537,-5.773159728050814e-15,1.384286479425242,-0.002022103337565662,19.295231947357863,-40.920496767328984,1.1652582688450087e-14,9.90193957539874e-17,"[0.25102703504584656, -9.33714910944524e-17, -25.47119972552474]","[0.0, 0.0, 0.0]",-111.40690992260518
query-000000,-0.08883449482101693,-1.4802973661668753e-16,0.11918907358875921,78.20860671837879,-57.13879225947459,-69.33193455647093,-0.0019234841940816492,35.51342119695503,-26.56002392469469,25.405614132796515,"[0.22736662340910885, -2.6449714332324905e-17, -25.40459670774385]",-0.002616985298070271,8.106258128164717,-6.0707292985948245,2.4966219420931863,"[-0.08563489580174578, 0.8002463674494846, -0.3835481612739801, 0.4529494717827561]","[0.013084926490351359, -0.9701819332794128, -2.300368866677281]",nominal-cylinder-pseudo_6dof,119.11483910514337,booster-release,78.20860671837879,-57.13879225947459,-69.33193455647093,-1.0660139378522033,-1.7763568394002505e-15,119.11006888306511,-77.5806582446796,57.01749916567483,67.66669478594696,0.0,0.7349999999999999,0.0,4.3675,4.3675,12.0,alpha3-passive-deployment-parent-v1,-0.0019234841940816492,35.51342119695503,-26.56002392469469,-41.242860524587265,"[378.23282165181706, 5.334178149460227e-15, 699.8853169511666]",1.3086392437252006,native_rigid_body_reuse_instantaneous_projected_area,1.1516925577016186,1.1362748113409653,0.0,0.0,0.0,0.0,0.0,0.0,0.0,query-000000,rigid_body_6dof,pseudo_6dof,-139.88174774560295,2.168404344971009e-19,4.889653225698119e-21,,15.250000000000083,0.6279484736991918,-0.12129309379976405,-1.6652397705239679,1.7838314924788945,-1.0660139378522033,-1.7763568394002505e-15,1.4302688830651107,-0.0019234841940816492,35.51342119695503,-26.56002392469469,4.0302455354511474e-14,3.4247555956512056e-16,"[0.22736662340910885, -2.6449714332324905e-17, -25.40459670774385]","[0.0, 0.0, 0.0]",-66.86285932057294
query-000000,-0.06945552940603134,-7.401486830834377e-17,-1.261019170555213,84.26582578696852,3.612881441022259,-58.334522039949825,-0.0018296747629802032,28.337773880558753,4.387577481529023,25.53865758372252,"[0.20756131808528352, -1.2803222987974021e-17, -25.5378141092354]",-0.002489353419023102,6.457738454696997,0.9947665099015979,3.1037989709753497,"[0.06227205918687391, 0.8800185326305561, -0.08197127082112216, 0.46364887968306334]","[0.012446767095103426, 0.9496132105508406, -2.9549361889157346]",nominal-cylinder-pseudo_6dof,102.5509569409082,booster-release,84.26582578696852,3.612881441022259,-58.334522039949825,-0.833466352872376,-8.881784197001252e-16,102.54756995333744,-97.23272918285053,-3.9527887590746795,66.17180037387968,0.0,0.7349999999999999,0.0,4.3675,4.3675,12.0,alpha3-passive-deployment-parent-v1,-0.0018296747629802032,28.337773880558753,4.387577481529023,-55.71524982830648,"[378.28708339637257, 5.330221775265919e-15, 693.5250858597165]",1.1141202994327744,native_rigid_body_reuse_instantaneous_projected_area,0.9805025054792462,1.1362748113409653,0.0,0.0,0.0,0.0,0.0,0.0,0.0,query-000000,rigid_body_6dof,pseudo_6dof,176.58148476223948,0.0,0.0,,15.500000000000087,-12.966903395882014,-0.3399073180524206,7.837278333929852,15.155165863377658,-0.833466352872376,-8.881784197001252e-16,-15.132230046662556,-0.0018296747629802032,28.337773880558753,4.387577481529023,3.056568193746821e-14,2.5973601193635793e-16,"[0.20756131808528352, -1.2803222987974021e-17, -25.5378141092354]","[0.0, 0.0, 0.0]",-8.83601219991201
query-000000,-0.06743185153934528,5.921189464667501e-16,-0.6797575755576896,86.6531387827093,61.72233377626286,-26.028170033948243,-0.0017404404718204456,11.182014769357542,32.50481694849825,25.847882353022047,"[0.19096565568003807, 1.4937896598613854e-19, -25.84717691071927]",-0.0023679462201638716,2.541748753636281,7.421777393492689,2.8177856780918624,"[0.20635134817260248, 0.7539659686764832, 0.21626953444078453, 0.5849631848739271]","[0.011839731100819359, 2.0973900945810877, -1.8816829540547506]",nominal-cylinder-pseudo_6dof,109.52569827670575,booster-release,86.6531387827093,61.72233377626286,-26.028170033948243,-0.8091822184721433,7.105427357601002e-15,109.52270909330772,-93.30003448673959,-66.39296843890267,27.122179755397244,0.0,0.7349999999999999,0.0,4.3675,4.3675,12.0,alpha3-passive-deployment-parent-v1,-0.0017404404718204456,11.182014769357542,32.50481694849825,-52.45073846255456,"[378.3368920771107, 5.328347069242784e-15, 687.0985793605093]",1.1607167239687763,native_rigid_body_reuse_instantaneous_projected_area,1.021510564507688,1.1362748113409653,0.0,0.0,0.0,0.0,0.0,0.0,0.0,query-000000,rigid_body_6dof,pseudo_6dof,112.22049713842657,2.168404344971009e-19,6.308192252437446e-21,,15.75000000000009,-6.646895704030285,-4.670634662639813,1.0940097214490017,8.197128028933871,-0.8091822184721433,7.105427357601002e-15,-8.157090906692275,-0.0017404404718204456,11.182014769357542,32.50481694849825,2.4697908716370043e-14,2.098738162060952e-16,"[0.19096565568003807, 1.4937896598613854e-19, -25.84717691071927]","[0.0, 0.0, 0.0]",68.62833017767277
query-000000,-0.06793981925271282,1.1842378929335002e-15,0.3029778076059711,83.07644821615973,86.23387454340924,19.497333811552974,-0.001655558188394485,-11.570037664529789,42.75066366843627,25.857236981583135,"[0.1737646896938982, -3.3157311772768553e-17, -25.856653112001293]",-0.002252460120264606,-2.6451936503293743,9.768828827856618,2.12691495508873,"[0.18423678549016176, 0.5458989237214233, 0.344224636225949, 0.7413235270562758]","[0.01126230060132303, 2.085141109047856, 0.41931723327802345]",nominal-cylinder-pseudo_6dof,121.31827311967406,booster-release,83.07644821615973,86.23387454340924,19.497333811552974,-0.8152778310325539,1.4210854715202004e-14,121.31553369127165,-80.32090593236173,-83.73070385064675,-19.653412704158807,0.0,0.7349999999999999,0.0,4.3675,4.3675,12.0,alpha3-passive-deployment-parent-v1,-0.001655558188394485,-11.570037664529789,42.75066366843627,-43.042271494732745,"[378.3824865149339, 5.323758484715009e-15, 680.630366984672]",1.283783095652764,native_rigid_body_reuse_instantaneous_projected_area,1.129817437506793,1.1362748113409653,0.0,0.0,0.0,0.0,0.0,0.0,0.0,query-000000,rigid_body_6dof,pseudo_6dof,76.79056094835002,0.0,0.0,,16.000000000000092,2.7555422837980075,2.5031706927624953,-0.15607889260583363,3.726021660648385,-0.8152778310325539,1.4210854715202004e-14,3.6357336912716534,-0.001655558188394485,-11.570037664529789,42.75066366843627,1.817818576277884e-14,1.544715895402511e-16,"[0.1737646896938982, -3.3157311772768553e-17, -25.856653112001293]","[0.0, 0.0, 0.0]",117.3792663532152
query-000000,-0.05642729947521426,4.2558549277297664e-16,-0.5743697100121459,86.79788010325893,48.3673344956634,49.00027930492226,-0.0015748156627805384,-25.333313314054738,22.093652653519836,25.85648674939217,"[0.15803078163656922, -3.755194457857646e-17, -25.85600381523696]",-0.0021426063439191003,-5.779095953793084,5.050150918092699,2.57582571356319,"[-0.03523809620505486, 0.4473527383155946, 0.27652474060076104, 0.8498046080912153]","[0.0107130317195955, 0.953833613730519, 2.3926898618338464]",nominal-cylinder-pseudo_6dof,110.78943274787314,booster-release,86.79788010325893,48.3673344956634,49.00027930492226,-0.6771275937025711,5.10702591327572e-15,110.78736347985425,-91.76826703261361,-51.597447335235884,-52.581592999437355,0.0,0.7349999999999999,0.0,4.3675,4.3675,12.0,alpha3-passive-deployment-parent-v1,-0.0015748156627805384,-25.333313314054738,22.093652653519836,-51.24347972183901,"[378.4239001606395, 5.3158546508775886e-15, 674.170944937209]",1.171544904309798,native_rigid_body_reuse_instantaneous_projected_area,1.0310401080942815,1.1362748113409653,0.0,0.0,0.0,0.0,0.0,0.0,0.0,query-000000,rigid_body_6dof,pseudo_6dof,44.458761421085086,3.552713678800501e-15,1.0569124214001656e-16,,16.250000000000096,-4.9703869293546745,-3.2301128395724845,-3.581313694515096,6.925617875857164,-0.6771275937025711,5.10702591327572e-15,-6.8924365201457505,-0.0015748156627805384,-25.333313314054738,22.093652653519836,9.272854936269104e-15,7.879733765921682e-17,"[0.15803078163656922, -3.755194457857646e-17, -25.85600381523696]","[0.0, 0.0, 0.0]",162.5698789096921
query-000000,-0.04662069491016733,8.881784197001252e-16,-1.4242046673324336,86.85518150246912,-13.483323452299489,48.917343979828,-0.0014980109966077318,-24.02706584918957,-9.144005553738102,26.158283563368187,"[0.14548242762318053, -2.968786482081493e-17, -26.157879001265204]",-0.0020381101994675103,-5.478021600537307,-2.089459634097147,2.7943027120005124,"[-0.32922898365343767, 0.4902683347908514, 0.12053288302485651, 0.7979455246654664]","[0.01019055099733151, -0.4941112086141164, 2.7502505181320642]",nominal-cylinder-pseudo_6dof,100.59089972351872,booster-release,86.85518150246912,-13.483323452299489,48.917343979828,-0.559448338922008,1.0658141036401503e-14,100.5893439920108,-101.41417858561853,15.352947064857194,-57.68870536134406,0.0,0.7349999999999999,0.0,4.3675,4.3675,12.0,alpha3-passive-deployment-parent-v1,-0.0014980109966077318,-24.02706584918957,-9.144005553738102,-59.517109810869385,"[378.46178569676823, 5.3060272014523636e-15, 667.6741337874191]",1.0385033254695695,native_rigid_body_reuse_instantaneous_projected_area,0.9139543665884737,1.1362748113409653,0.0,0.0,0.0,0.0,0.0,0.0,0.0,query-000000,rigid_body_6dof,pseudo_6dof,-14.902939662408851,2.168404344971009e-19,8.434672204040993e-21,,16.5000000000001,-14.558997083149407,1.8696236125577048,-8.771361381516066,17.099610200379914,-0.559448338922008,1.0658141036401503e-14,-17.090456007989204,-0.0014980109966077318,-24.02706584918957,-9.144005553738102,2.60805543562022e-14,2.2162303433726263e-16,"[0.14548242762318053, -2.968786482081493e-17, -26.157879001265204]","[0.0, 0.0, 0.0]",-126.60519138402725
query-000000,-0.049641364416099565,-1.1842378929335002e-15,-0.008368890291431322,89.93388182525848,-69.22754550762306,30.736098101430343,-0.0014249521382049051,-13.932763211918338,-35.84462618897068,26.340821817524517,"[0.1334496876595121, -5.929381214415244e-17, -26.340483769350918]",-0.0019387103921155175,-3.178739791862476,-8.193879359779496,2.164622853526056,"[-0.5196507606368419, 0.6051743091437018, 0.036193280387866296, 0.6020109541999715]","[0.009693551960577588, -1.6431434903226485, 1.4091052491804783]",nominal-cylinder-pseudo_6dof,117.58088230520437,booster-release,89.93388182525848,-69.22754550762306,30.736098101430343,-0.5956963729931948,-1.4210854715202004e-14,117.57937331650282,-90.17318915493958,68.88752813633464,-31.174344466775786,0.0,0.7349999999999999,0.0,4.3675,4.3675,12.0,alpha3-passive-deployment-parent-v1,-0.0014249521382049051,-13.932763211918338,-35.84462618897068,-50.019115971272946,"[378.49667086482117, 5.296508147311757e-15, 661.1039177728921]",1.1962172588919957,native_rigid_body_reuse_instantaneous_projected_area,1.0527534773742717,1.1362748113409653,0.0,0.0,0.0,0.0,0.0,0.0,0.0,query-000000,rigid_body_6dof,pseudo_6dof,-65.65135794669351,0.0,0.0,,16.750000000000103,-0.2393073296810968,-0.34001737128842535,-0.43824636534544226,0.6041023816833446,-0.5956963729931948,-1.4210854715202004e-14,-0.10042668349717587,-0.0014249521382049051,-13.932763211918338,-35.84462618897068,3.605392649796642e-14,3.063731115957575e-16,"[0.1334496876595121, -5.929381214415244e-17, -26.340483769350918]","[0.0, 0.0, 0.0]",-64.90157411563229
query-000000,-0.04528388370780704,-1.1842378929335002e-15,0.004152604713780761,89.63367531213188,-75.71111563258974,-9.705286510588067,-0.001355456402371397,6.484478646207963,-37.12630118859827,26.298329656896264,"[0.1213843417517896, -1.382430050063858e-16, -26.298049520532263]",-0.0018441583705733294,1.4783091379061748,-8.486257159700417,2.046240494739989,"[-0.526437590809354, 0.7215076605368512, 0.13986242670918386, 0.427467730202528]","[0.009220791852866648, -1.8681572878236175, -0.8348673471054344]",nominal-cylinder-pseudo_6dof,117.7308853553079,booster-release,89.63367531213188,-75.71111563258974,-9.705286510588067,-0.5434066044936845,-1.4210854715202004e-14,117.72963125656537,-89.91915422881898,75.32497604435714,9.446111090331911,0.0,0.7349999999999999,0.0,4.3675,4.3675,12.0,alpha3-passive-deployment-parent-v1,-0.001355456402371397,6.484478646207963,-37.12630118859827,-49.8270047325043,"[378.52850205432543, 5.2769970859495236e-15, 654.5240630147501]",1.2006872051776813,native_rigid_body_reuse_instantaneous_projected_area,1.056687337599872,1.1362748113409653,0.0,0.0,0.0,0.0,0.0,0.0,0.0,query-000000,rigid_body_6dof,pseudo_6dof,-97.14784987470823,0.0,0.0,,17.000000000000107,-0.28547891668709724,-0.3861395882325951,-0.25917542025615603,0.5456866242984514,-0.5434066044936845,-1.4210854715202004e-14,0.04983125656536913,-0.001355456402371397,6.484478646207963,-37.12630118859827,3.131581782732282e-14,2.661103930098693e-16,"[0.1213843417517896, -1.382430050063858e-16, -26.298049520532263]","[0.0, 0.0, 0.0]",-22.632573063774252
query-000000,-0.03547070686427315,-2.9605947323337506e-16,-1.3726110160776117,88.37823300030212,-29.539141716998778,-39.49762234429266,-0.0012893500135689874,20.65155283958139,-12.742160301087694,26.466746940077197,"[0.11130917485228169, -1.48111654114165e-16, -26.46651287679734]",-0.0017542177055360376,4.711528994842301,-2.909955977095008,2.54072472435284,"[-0.39748630802232565, 0.7374825575488887, 0.38821079217187576, 0.38394855526126853]","[0.008771088527680188, -1.0334764366743725, -2.3210195276607855]",nominal-cylinder-pseudo_6dof,101.20936286967228,booster-release,88.37823300030212,-29.539141716998778,-39.49762234429266,-0.42564848237127784,-3.552713678800501e-15,101.20846780706866,-102.96131369457507,33.91208128048808,45.798187229986254,0.0,0.7349999999999999,0.0,4.3675,4.3675,12.0,alpha3-passive-deployment-parent-v1,-0.0012893500135689874,20.65155283958139,-12.742160301087694,-61.03641703022539,"[378.5575358140505, 5.245273571316414e-15, 647.9360770887074]",1.0183070743074845,native_rigid_body_reuse_instantaneous_projected_area,0.8961802762359379,1.1362748113409653,0.0,0.0,0.0,0.0,0.0,0.0,0.0,query-000000,rigid_body_6dof,pseudo_6dof,-143.4812450433042,1.7763568394002505e-15,7.320287469707306e-17,,17.25000000000011,-14.583080694272951,4.372939563489304,6.300564885693596,16.476831031495145,-0.42564848237127784,-3.552713678800501e-15,-16.471332192931342,-0.0012893500135689874,20.65155283958139,-12.742160301087694,9.969778034532539e-15,8.471953584670044e-17,"[0.11130917485228169, -1.48111654114165e-16, -26.46651287679734]","[0.0, 0.0, 0.0]",33.512956272741754
query-000000,-0.034824057225646854,-2.9605947323337506e-16,-0.7282549247641843,92.34492823423487,25.872949307681576,-51.68427597391796,-0.0012264676713923779,25.563423897141526,14.911079218281634,26.789902152558536,"[0.10276334244438817, -1.456444918372202e-16, -26.78970505696377]",-0.0016686634984930313,5.83741561301962,3.4118852680072522,2.282989152515351,"[-0.25341536534917547, 0.6017095889131641, 0.6121468645668845, 0.4460968946493882]","[0.008343317492465157, 0.3190773781539285, -2.260566187110299]",nominal-cylinder-pseudo_6dof,108.94154239504759,booster-release,92.34492823423487,25.872949307681576,-51.68427597391796,-0.41788868670776225,-3.552713678800501e-15,108.94074090282979,-99.68613503309895,-28.383040342238917,55.72802554490523,0.0,0.7349999999999999,0.0,4.3675,4.3675,12.0,alpha3-passive-deployment-parent-v1,-0.0012264676713923779,25.563423897141526,14.911079218281634,-57.89724846339487,"[378.58429320891906, 5.209109164584804e-15, 641.2753385599239]",1.0689813897847107,native_rigid_body_reuse_instantaneous_projected_area,0.9407771598167887,1.1362748113409653,0.0,0.0,0.0,0.0,0.0,0.0,0.0,query-000000,rigid_body_6dof,pseudo_6dof,153.00963795049972,0.0,0.0,,17.500000000000114,-7.341206798864079,-2.510091034557341,4.043749570987266,8.749044796908505,-0.41788868670776225,-3.552713678800501e-15,-8.739059097170212,-0.0012264676713923779,25.563423897141526,14.911079218281634,6.861573505825981e-14,5.830714792025463e-16,"[0.10276334244438817, -1.456444918372202e-16, -26.78970505696377]","[0.0, 0.0, 0.0]",106.10859037540563
query-000000,-0.035060167979955814,-2.9605947323337506e-16,0.2080641960408774,93.76678373494363,67.44081239807596,-33.198074639856436,-0.0011666521372322074,15.220562897311396,34.37468162155668,26.81669871804513,"[0.09388108155757857, -2.0115564306847804e-16, -26.816534386026262]",-0.0015872818193635476,3.4800158402393038,7.86014572013867,1.7468598508602327,"[-0.23989940554424655, 0.4062336857914138, 0.6876692467816155, 0.551845517131965]","[0.007936409096817738, 1.5781046624119306, -0.7490273869704687]",nominal-cylinder-pseudo_6dof,120.1773067958408,booster-release,93.76678373494363,67.44081239807596,-33.198074639856436,-0.42072201575946977,-3.552713678800501e-15,120.17657035249053,-91.59011347822029,-66.3789319694527,32.459572265843306,0.0,0.7349999999999999,0.0,4.3675,4.3675,12.0,alpha3-passive-deployment-parent-v1,-0.0011666521372322074,15.220562897311396,34.37468162155668,-51.10512940939986,"[378.60887537153, 5.16659181499006e-15, 634.5695348421725]",1.175947947340402,native_rigid_body_reuse_instantaneous_projected_area,1.034915088853036,1.1362748113409653,0.0,0.0,0.0,0.0,0.0,0.0,0.0,query-000000,rigid_body_6dof,pseudo_6dof,116.05882444523698,7.324106880845512e-15,1.9482285810877982e-16,,17.750000000000117,2.176670256723341,1.0618804286232688,-0.7385023740131302,2.5319694325999262,-0.42072201575946977,-3.552713678800501e-15,2.496770352490529,-0.0011666521372322074,15.220562897311396,34.37468162155668,3.433749490597121e-14,2.917875022388822e-16,"[0.09388108155757857, -2.0115564306847804e-16, -26.816534386026262]","[0.0, 0.0, 0.0]",152.08719922234505
query-000000,-0.02886198623680395,5.921189464667501e-16,-0.7730986761070906,92.58477934356821,55.55524620196921,9.639519618526327,-0.0011097538410965906,-6.420980152365534,26.79412585101051,26.854860105575767,"[0.08580021511084092, -1.6291462777583377e-16, -26.85472304108035]",-0.0015098691715624043,-1.4631033444940593,6.123378710158373,2.151291635623005,"[-0.4072659565213377, 0.2889795163654606, 0.6101271637934232, 0.615117975498471]","[0.007549345857799937, 1.83310857825114, 1.1259270177150504]",nominal-cylinder-pseudo_6dof,108.4031691655487,booster-release,92.58477934356821,55.55524620196921,9.639519618526327,-0.34634383484164744,7.105427357601002e-15,108.40261588671491,-100.31979782715212,-60.630672737296045,-10.411292685456647,0.0,0.7349999999999999,0.0,4.3675,4.3675,12.0,alpha3-passive-deployment-parent-v1,-0.0011097538410965906,-6.420980152365534,26.79412585101051,-58.482554755125534,"[378.6313025761737, 5.116487941393711e-15, 627.8659052963236]",1.0568903568670875,native_rigid_body_reuse_instantaneous_projected_area,0.9301362190892951,1.1362748113409653,0.0,0.0,0.0,0.0,0.0,0.0,0.0,query-000000,rigid_body_6dof,pseudo_6dof,80.25639080039652,8.881784197001252e-16,3.2235560544156233e-17,,18.00000000000012,-7.7350184835839,-5.075426535326834,-0.7717730669303204,9.283646865522302,-0.34634383484164744,7.105427357601002e-15,-9.277184113285088,-0.0011097538410965906,-6.420980152365534,26.79412585101051,6.845891204158909e-14,5.817388544303192e-16,"[0.08580021511084092, -1.6291462777583377e-16, -26.85472304108035]","[0.0, 0.0, 0.0]",-163.50761521688239
query-000000,-0.024551156405500464,5.921189464667501e-16,-1.3920400223106348,90.73396962680694,13.80558336098432,42.10528014626745,-0.0010556305076081843,-21.916079157545102,5.113971202366081,27.181872007218796,"[0.0793077222016257, -1.0987063882152072e-16, -27.181756310106675]",-0.001436231983140387,-5.005760534555011,1.1650111255356548,2.273971897120517,"[-0.6335154141733811, 0.2889685289197466, 0.456487734605084, 0.5538721490143781]","[0.0071811599157019365, 0.9884820657256767, 2.0478769068415335]",nominal-cylinder-pseudo_6dof,100.97574952616631,booster-release,90.73396962680694,13.80558336098432,42.10528014626745,-0.2946138768660056,7.105427357601002e-15,100.97531973227238,-105.73380255710865,-16.420998170619587,-48.98213086355955,0.0,0.7349999999999999,0.0,4.3675,4.3675,12.0,alpha3-passive-deployment-parent-v1,-0.0010556305076081843,-21.916079157545102,5.113971202366081,-63.95993294530234,"[378.65191772566857, 5.081433757686727e-15, 621.1149249410897]",0.9601678793617905,native_rigid_body_reuse_instantaneous_projected_area,0.8450137852027683,1.1362748113409653,0.0,0.0,0.0,0.0,0.0,0.0,0.0,query-000000,rigid_body_6dof,pseudo_6dof,18.533452482290986,3.552713678800501e-15,1.5786452009516376e-16,,18.250000000000124,-14.999832930301707,-2.6154148096352667,-6.8768507172921005,16.707078091376225,-0.2946138768660056,7.105427357601002e-15,-16.704480267727618,-0.0010556305076081843,-21.916079157545102,5.113971202366081,1.778575899402738e-14,1.5113689005273103e-16,"[0.0793077222016257, -1.0987063882152072e-16, -27.181756310106675]","[0.0, 0.0, 0.0]",-93.95914925211024
query-000000,-0.026081288416321215,5.921189464667501e-16,-0.02766086960688341,97.36398878551294,-33.93859310295079,56.02719010430525,-0.0010041468002417457,-27.56781722609494,-18.42060496249638,27.356131128677948,"[0.07296056870680104, -1.8388550712986448e-16, -27.35603383323022]",-0.0013661861227772813,-6.30259649051271,-4.21475485585755,1.7381098709826523,"[-0.7664688623654724, 0.36748863361590434, 0.355775205600329, 0.38846053888051185]","[0.006830930613889429, -0.5103352330368435, 1.6614864465037058]",nominal-cylinder-pseudo_6dof,117.34828692834463,booster-release,97.36398878551294,-33.93859310295079,56.02719010430525,-0.3129754609958546,7.105427357601002e-15,117.3478695647174,-97.77907487291449,33.76562185269891,-56.10410525030707,0.0,0.7349999999999999,0.0,4.3675,4.3675,12.0,alpha3-passive-deployment-parent-v1,-0.0010041468002417457,-27.56781722609494,-18.42060496249638,-56.19036397070661,"[378.6709605288122, 5.0468113273782076e-15, 614.2901260071734]",1.1007976960465498,native_rigid_body_reuse_instantaneous_projected_area,0.9687776980178346,1.1362748113409653,0.0,0.0,0.0,0.0,0.0,0.0,0.0,query-000000,rigid_body_6dof,pseudo_6dof,-31.041156813013107,0.0,0.0,,18.500000000000128,-0.41508608740154784,-0.17297125025188365,-0.07691514600182359,0.4562142622194802,-0.3129754609958546,7.105427357601002e-15,-0.3319304352826009,-0.0010041468002417457,-27.56781722609494,-18.42060496249638,5.988567590930984e-14,5.088866220822082e-16,"[0.07296056870680104, -1.8388550712986448e-16, -27.35603383323022]","[0.0, 0.0, 0.0]",-36.887650139409125
query-000000,-0.023444655357488742,1.1842378929335002e-15,-0.19169696354880253,96.92825533574134,-56.57554643678868,26.769653816065322,-0.0009551739829121956,-11.876868030787898,-28.46922668292481,27.339877414390905,"[0.06666409035983226, -1.740168580220853e-16, -27.339796139199326]",-0.0012995564393363207,-2.718251838339636,-6.509096627662206,1.738806458330943,"[-0.750006978146347, 0.4550008953723967, 0.4212863817676916, 0.2301771111105295]","[0.006497782196681604, -1.7263410157352752, 0.20773149917626843]",nominal-cylinder-pseudo_6dof,115.37977943506341,booster-release,96.92825533574134,-56.57554643678868,26.769653816065322,-0.2813358642898649,1.4210854715202004e-14,115.37943643741437,-99.01543486372084,57.49443490515754,-27.182143802961136,0.0,0.7349999999999999,0.0,4.3675,4.3675,12.0,alpha3-passive-deployment-parent-v1,-0.0009551739829121956,-11.876868030787898,-28.46922668292481,-57.28793847842247,"[378.688399638873, 4.996645774724936e-15, 607.4540479068529]",1.0827480519016248,native_rigid_body_reuse_instantaneous_projected_area,0.952892769508662,1.1362748113409653,0.0,0.0,0.0,0.0,0.0,0.0,0.0,query-000000,rigid_body_6dof,pseudo_6dof,-64.69621337343094,3.552713678800501e-15,1.151709197645152e-16,,18.75000000000013,-2.087179527979501,0.9188884683688627,-0.41248998689581384,2.3175034818975737,-0.2813358642898649,1.4210854715202004e-14,-2.3003635625856305,-0.0009551739829121956,-11.876868030787898,-28.46922668292481,1.713137443795493e-14,1.4557616887481904e-16,"[0.06666409035983226, -1.740168580220853e-16, -27.339796139199326]","[0.0, 0.0, 0.0]",4.043030441860445
query-000000,-0.018595112826201188,2.9605947323337506e-16,-1.4672910820452003,91.32779351188046,-37.05132755409948,-17.34790137711125,-0.0009085895980674452,10.203222900765635,-17.504961579385334,27.557822676231478,"[0.061448314315752206, -1.641482089143061e-16, -27.557754167553014]",-0.001236176323901286,2.3301630747504225,-3.9990048888123138,2.1048921533942453,"[-0.6204923999838375, 0.4609935563192981, 0.6122401253437497, 0.16624124492271278]","[0.006180881619506431, -1.750740941282209, -1.1685199744297718]",nominal-cylinder-pseudo_6dof,100.07255579558174,booster-release,91.32779351188046,-37.05132755409948,-17.34790137711125,-0.22314135391441425,3.552713678800501e-15,100.0723070154576,-107.44789147441728,43.368168946710995,20.559374211083927,0.0,0.7349999999999999,0.0,4.3675,4.3675,12.0,alpha3-passive-deployment-parent-v1,-0.0009085895980674452,10.203222900765635,-17.504961579385334,-65.93071948212858,"[378.7043874266556, 4.955115290040972e-15, 600.5989435974825]",0.9235613936947571,native_rigid_body_reuse_instantaneous_projected_area,0.8127975596016458,1.1362748113409653,0.0,0.0,0.0,0.0,0.0,0.0,0.0,query-000000,rigid_body_6dof,pseudo_6dof,-115.36403929291127,1.0842021724855044e-19,5.351039054361833e-21,,19.000000000000135,-16.120097962536818,6.316841392611515,3.211472833972678,17.60890687307241,-0.22314135391441425,3.552713678800501e-15,-17.607492984542404,-0.0009085895980674452,10.203222900765635,-17.504961579385334,4.348447527353602e-14,3.6951520374385424e-16,"[0.061448314315752206, -1.641482089143061e-16, -27.557754167553014]","[0.0, 0.0, 0.0]",61.42854208507993
query-000000,-0.018758796838091858,0.0,-0.6162402328777136,97.4926126900592,-3.041642801413464,-51.46603263770766,-0.0008642771604806549,26.323097114833097,-0.04086543301976331,27.865151080224503,"[0.05687620382049005, -1.8881983168375402e-16, -27.865093034497043]",-0.001175887293170959,6.018754946482287,-0.006053342288583455,1.8240004360330175,"[-0.4756623722001525, 0.3545064986132366, 0.7799167533782924, 0.19950014514724188]","[0.005879436465854796, -0.6755361144582301, -1.6942827334710577]",nominal-cylinder-pseudo_6dof,110.2851469397891,booster-release,97.4926126900592,-3.041642801413464,-51.46603263770766,-0.2251055620571023,0.0,110.28491720546744,-103.95860620937722,3.0671819684300985,55.06120156531434,0.0,0.7349999999999999,0.0,4.3675,4.3675,12.0,alpha3-passive-deployment-parent-v1,-0.0008642771604806549,26.323097114833097,-0.04086543301976331,-62.055544762145885,"[378.71917985830606, 4.911981149876992e-15, 593.6662298875798]",0.9946735903329733,native_rigid_body_reuse_instantaneous_projected_area,0.8753811845561529,1.1362748113409653,0.0,0.0,0.0,0.0,0.0,0.0,0.0,query-000000,rigid_body_6dof,pseudo_6dof,-176.81163611056547,1.0842021724855044e-19,4.118819531935456e-21,,19.25000000000014,-6.465993519318019,0.0255391670166345,3.5951689276066787,7.398308188967446,-0.2251055620571023,0.0,-7.394882794532563,-0.0008642771604806549,26.323097114833097,-0.04086543301976331,2.2610421720741786e-14,1.9213511342423922e-16,"[0.05687620382049005, -1.8881983168375402e-16, -27.865093034497043]","[0.0, 0.0, 0.0]",129.19404417863979
query-000000,-0.018501969001637992,-2.9605947323337506e-16,0.09073173840176807,100.7146496923237,34.98551456736912,-52.3316176130047,-0.0008221258659765788,25.357981305651315,18.479206513475916,27.8905257718788,"[0.05213790427187965, -2.356959149457051e-16, -27.890477039139608]",-0.0011185385931654136,5.800810286832113,4.226770105724855,1.4596748347356092,"[-0.4450827336113359, 0.19613900733086406, 0.8260881559932068, 0.2846211667674541]","[0.005592692965827067, 0.9248168298237396, -1.1293065023369813]",nominal-cylinder-pseudo_6dof,118.76878838392183,booster-release,100.7146496923237,34.98551456736912,-52.3316176130047,-0.22202362801965592,-3.552713678800501e-15,118.76858086082122,-99.67547026875212,-34.79181851881593,51.98908845995369,0.0,0.7349999999999999,0.0,4.3675,4.3675,12.0,alpha3-passive-deployment-parent-v1,-0.0008221258659765788,25.357981305651315,18.479206513475916,-57.88747925600714,"[378.7328054192823, 4.85910171871908e-15, 586.6929883693505]",1.0683633995244466,native_rigid_body_reuse_instantaneous_projected_area,0.9402332858752949,1.1362748113409653,0.0,0.0,0.0,0.0,0.0,0.0,0.0,query-000000,rigid_body_6dof,pseudo_6dof,146.20901350016103,0.0,0.0,,19.500000000000142,1.039179423571582,0.19369604855319267,-0.34252915305101084,1.1111877673415957,-0.22202362801965592,-3.552713678800501e-15,1.0887808608212168,-0.0008221258659765788,25.357981305651315,18.479206513475916,3.4563716418283404e-14,2.93709850104125e-16,"[0.05213790427187965, -2.356959149457051e-16, -27.890477039139608]","[0.0, 0.0, 0.0]",172.35748680122282
query-000000,-0.015061270224554352,1.4802973661668753e-15,-1.010140317841767,95.58179804274977,43.03240876979089,-12.445088843727781,-0.0007820303143633424,4.627071185516183,21.427088024573795,27.981502757510967,"[0.0479094972676619, -1.400933767140944e-16, -27.981461742529916]",-0.001063986822263202,1.059883853283735,4.8979487047598385,1.8293839561695358,"[-0.5707080426886928, 0.08318913506059113, 0.7434425252392725, 0.33862237002916085]","[0.005319934111315255, 1.8265291772727057, 0.1020221640774473]",nominal-cylinder-pseudo_6dof,105.55827091205903,booster-release,95.58179804274977,43.03240876979089,-12.445088843727781,-0.18073524269465224,1.7763568394002505e-14,105.5581161858988,-106.4904116844982,-48.0768022711855,14.033838772175976,0.0,0.7349999999999999,0.0,4.3675,4.3675,12.0,alpha3-passive-deployment-parent-v1,-0.0007820303143633424,4.627071185516183,21.427088024573795,-64.81206103781528,"[378.7452929406757, 4.814302244018164e-15, 579.7149763322681]",0.9425919910597951,native_rigid_body_reuse_instantaneous_projected_area,0.8295457944257366,1.1362748113409653,0.0,0.0,0.0,0.0,0.0,0.0,0.0,query-000000,rigid_body_6dof,pseudo_6dof,106.2727666277618,1.0842021724855044e-19,4.945953966211697e-21,,19.750000000000146,-10.908613641748431,-5.044393501394609,1.5887499284481947,12.123031127444778,-0.18073524269465224,1.7763568394002505e-14,-12.121683814101203,-0.0007820303143633424,4.627071185516183,21.427088024573795,5.29309815580535e-14,4.49788167196524e-16,"[0.0479094972676619, -1.400933767140944e-16, -27.981461742529916]","[0.0, 0.0, 0.0]",-141.86359004871176
query-000000,-0.013446071794117387,-5.181040781584063e-16,-1.2387624459524222,94.84597735193412,26.699180253410105,29.36448154975537,-0.00074389024587708,-15.97673967383482,12.395206355811267,28.321607530660398,"[0.04444664998584367, -1.407101672833306e-16, -28.32157265435775]",-0.0010120955726218776,-3.6534986483349474,2.83181787012391,1.8412015612385824,"[-0.7438955450792977, 0.06315084316630727, 0.5948730284977792, 0.297921917596607]","[0.0050604778631093885, 1.4819678293727914, 1.092597333593345]",nominal-cylinder-pseudo_6dof,102.81477725859064,booster-release,94.84597735193412,26.699180253410105,29.36448154975537,-0.16135286152940864,-6.217248937900877e-15,102.81465064857093,-108.5801897139229,-30.65513659258717,-33.45355482184723,0.0,0.7349999999999999,0.0,4.3675,4.3675,12.0,alpha3-passive-deployment-parent-v1,-0.00074389024587708,-15.97673967383482,12.395206355811267,-67.32031090581295,"[378.7568289170566, 4.78063583909196e-15, 572.678430325533]",0.8954343782663039,native_rigid_body_reuse_instantaneous_projected_area,0.7880438511257364,1.1362748113409653,0.0,0.0,0.0,0.0,0.0,0.0,0.0,query-000000,rigid_body_6dof,pseudo_6dof,42.50055991436924,0.0,0.0,,20.00000000000015,-13.734212361988781,-3.955956339177064,-4.089073272091856,14.866025023058981,-0.16135286152940864,-6.217248937900877e-15,-14.865149351429068,-0.00074389024587708,-15.97673967383482,12.395206355811267,2.8725398288991193e-14,2.4409795299610633e-16,"[0.04444664998584367, -1.407101672833306e-16, -28.32157265435775]","[0.0, 0.0, 0.0]",-72.68821478701612
query-000000,-0.01410677321797434,0.0,-0.007876262221169364,102.96437844458434,-4.0769256352017855,56.63959144520069,-0.0007076102904803319,-28.43394176047581,-3.2487174697960337,28.462680711612062,"[0.04097616463361372, -9.136692174443476e-17, -28.46265121602528]",-0.000962735089088736,-6.504800217032802,-0.7443623214762874,1.3916804683201995,"[-0.842606609521701, 0.12240240112398258, 0.4947144368036022, 0.17403844347592323]","[0.004813675445444435, 0.13067663179789735, 1.3855233568347352]",nominal-cylinder-pseudo_6dof,117.58540670590801,booster-release,102.96437844458434,-4.0769256352017855,56.63959144520069,-0.1692812786156921,0.0,117.58528485334597,-103.12336834177728,4.0099960624780735,-56.551093371083816,0.0,0.7349999999999999,0.0,4.3675,4.3675,12.0,alpha3-passive-deployment-parent-v1,-0.0007076102904803319,-28.43394176047581,-3.2487174697960337,-61.1997710868017,"[378.7675107307842, 4.753877488541202e-15, 565.5736289191841]",1.0131012245949624,native_rigid_body_reuse_instantaneous_projected_area,0.8915987703708396,1.1362748113409653,0.0,0.0,0.0,0.0,0.0,0.0,0.0,query-000000,rigid_body_6dof,pseudo_6dof,-4.056012252629179,3.580361673049448e-15,1.2510466156415303e-16,,20.250000000000153,-0.15898989719293866,-0.06692957272371203,0.08849807411687749,0.19387950958468206,-0.1692812786156921,0.0,-0.09451514665403238,-0.0007076102904803319,-28.43394176047581,-3.2487174697960337,1.6648793989509832e-14,1.4147537631360549e-16,"[0.04097616463361372, -9.136692174443476e-17, -28.46265121602528]","[0.0, 0.0, 0.0]",-20.941039847155402
query-000000,-0.012366212488220302,-2.9605947323337506e-16,-0.44417189371407295,100.68538535857604,-31.89239437654253,38.312058714286614,-0.0006730997293872161,-18.016144580149337,-16.612071042317037,28.479152926531704,"[0.037615997108172636, -8.766617832901759e-17, -28.479128084433007]",-0.0009157819447445118,-4.122144301534526,-3.7985954767090253,1.511309983796754,"[-0.817528796722867, 0.19957214462929865, 0.5387380335085632, 0.03973609024865996]","[0.004578909723722559, -1.3049625380583527, 0.7623054997661954]",nominal-cylinder-pseudo_6dof,112.34983527714147,booster-release,100.68538535857604,-31.89239437654253,38.312058714286614,-0.14839454985864364,-3.552713678800501e-15,112.34973727543112,-105.52678888346657,33.36190136061994,-39.99519588136234,0.0,0.7349999999999999,0.0,4.3675,4.3675,12.0,alpha3-passive-deployment-parent-v1,-0.0006730997293872161,-18.016144580149337,-16.612071042317037,-63.73127475114479,"[378.7773254966123, 4.732947808869726e-15, 558.4582743091407]",0.9660637210714531,native_rigid_body_reuse_instantaneous_projected_area,0.8502025314909173,1.1362748113409653,0.0,0.0,0.0,0.0,0.0,0.0,0.0,query-000000,rigid_body_6dof,pseudo_6dof,-39.83309757667753,0.0,0.0,,20.500000000000156,-4.841403524890524,1.4695069840774089,-1.6831371670757278,5.3321280545638,-0.14839454985864364,-3.552713678800501e-15,-5.330062724568876,-0.0006730997293872161,-18.016144580149337,-16.612071042317037,1.1104450470300608e-14,9.436156817313259e-17,"[0.037615997108172636, -8.766617832901759e-17, -28.479128084433007]","[0.0, 0.0, 0.0]",19.819839541399617
query-000000,-0.010097224401001506,4.440892098500626e-16,-1.4775301809019628,93.85273288208492,-34.22315630794107,-3.21634989111872,-0.0006402722682192776,3.1175692581741474,-16.897856001452727,28.745950799520436,"[0.03484811226937191, -1.0987063882152072e-16, -28.74592967669546]",-0.0008711187322711262,0.7129245819451594,-3.862739865411236,1.7452260183326898,"[-0.6945594944236234, 0.2164629906755427, 0.6854332345873281, -0.03020204127129944]","[0.0043555936613556305, -1.7279843304118918, -0.24467332858363805]",nominal-cylinder-pseudo_6dof,99.9495112731215,booster-release,93.85273288208492,-34.22315630794107,-3.21634989111872,-0.12116669281201808,5.329070518200751e-15,99.94943782917645,-110.50993146263411,40.257767255908384,3.9246084814951985,0.0,0.7349999999999999,0.0,4.3675,4.3675,12.0,alpha3-passive-deployment-parent-v1,-0.0006402722682192776,3.1175692581741474,-16.897856001452727,-69.89646933315024,"[378.78637119854307, 4.707515558042825e-15, 551.3109450818392]",0.8428486697385165,native_rigid_body_reuse_instantaneous_projected_area,0.741764810172845,1.1362748113409653,0.0,0.0,0.0,0.0,0.0,0.0,0.0,query-000000,rigid_body_6dof,pseudo_6dof,-95.56799857628322,0.0,0.0,,20.75000000000016,-16.657198580549192,6.034610947967316,0.7082585903764786,17.730776183687446,-0.12116669281201808,5.329070518200751e-15,-17.730362170823554,-0.0006402722682192776,3.1175692581741474,-16.897856001452727,3.069038808542323e-14,2.6079571927742254e-16,"[0.03484811226937191, -1.0987063882152072e-16, -28.74592967669546]","[0.0, 0.0, 0.0]",80.19420763374443
query-000000,-0.010431248983780486,0.0,-0.4402639631774612,102.32434271875418,-20.871974301110935,-41.55849165933722,-0.0006090458212245592,21.64994930500687,-9.525878985517448,29.01349198874205,"[0.03231201126523925, -1.0246915199068635e-16, -29.013473995968273]",-0.00082863377037355,4.953467315373076,-2.1776478781181847,1.4419432394922846,"[-0.5607410789019456, 0.1456471468103447, 0.8149676825647592, -0.013565671119191524]","[0.00414316885186775, -0.9967984835011557, -1.0419097481831932]",nominal-cylinder-pseudo_6dof,112.39670214490498,booster-release,102.32434271875418,-20.871974301110935,-41.55849165933722,-0.12517498780536584,0.0,112.39663244187047,-107.09098484639328,21.823935863506293,43.632237119991125,0.0,0.7349999999999999,0.0,4.3675,4.3675,12.0,alpha3-passive-deployment-parent-v1,-0.0006090458212245592,21.64994930500687,-9.525878985517448,-65.50813108803422,"[378.7947685117055, 4.682144986272848e-15, 544.0851654443877]",0.9296225720217113,native_rigid_body_reuse_instantaneous_projected_area,0.8181318134867611,1.1362748113409653,0.0,0.0,0.0,0.0,0.0,0.0,0.0,query-000000,rigid_body_6dof,pseudo_6dof,-153.42673716240105,3.552713680454862e-15,1.5020163124284395e-16,,21.000000000000163,-4.766642127639102,0.9519615623953577,2.073745460653903,5.28465024621729,-0.12517498780536584,0.0,-5.283167558129534,-0.0006090458212245592,21.64994930500687,-9.525878985517448,2.2143314033844058e-14,1.8816580274477062e-16,"[0.03231201126523925, -1.0246915199068635e-16, -29.013473995968273]","[0.0, 0.0, 0.0]",142.45844744077814
query-000000,-0.009964059699848704,-2.9605947323337506e-16,-0.07142454667799095,104.79712182282066,9.116683514081346,-50.81346418346376,-0.0005793423060204389,25.011343003239748,5.577120440268279,29.036147254032205,"[0.029718649510544183, -8.319444670205515e-17, -29.036132045431142]",-0.000788220824517604,5.722872564487245,1.2754757382100426,1.2510812446414035,"[-0.5277725473571502, 0.0211764480598661, 0.8470471902994178, 0.05931908385649881]","[0.00394110412258802, 0.4526492140722721, -1.166317897226795]",nominal-cylinder-pseudo_6dof,116.82276662948527,booster-release,104.79712182282066,9.116683514081346,-50.81346418346376,-0.11956871639818445,-3.552713678800501e-15,116.82270543986411,-105.51274917049656,-9.195432582832916,51.293655651926976,0.0,0.7349999999999999,0.0,4.3675,4.3675,12.0,alpha3-passive-deployment-parent-v1,-0.0005793423060204389,25.011343003239748,5.577120440268279,-63.71583405549953,"[378.80251991988274, 4.658886922202505e-15, 536.8269923712581]",0.9638995065978531,native_rigid_body_reuse_instantaneous_projected_area,0.848297873874644,1.1362748113409653,0.0,0.0,0.0,0.0,0.0,0.0,0.0,query-000000,rigid_body_6dof,pseudo_6dof,169.83652422590131,0.0,0.0,,21.250000000000167,-0.7156273476759054,-0.07874906875156995,0.48019146846321803,0.8653945706760857,-0.11956871639818445,-3.552713678800501e-15,-0.8570945601358915,-0.0005793423060204389,25.011343003239748,5.577120440268279,6.119666360388631e-14,5.20026917141993e-16,"[0.029718649510544183, -8.319444670205515e-17, -29.036132045431142]","[0.0, 0.0, 0.0]",-176.5381953744888
query-000000,-0.00808337334783123,-1.4802973661668753e-16,-1.2143654751741573,96.86576217981973,29.009951661363377,-20.164203783487086,-0.0005510874483470542,8.798137867117816,14.963422815618864,29.18681888873232,"[0.027458104864605974, -1.1172101052922931e-16, -29.186805972838805]",-0.0007497788412891133,2.0128198470953587,3.4215010478450174,1.5608003192499804,"[-0.6232018962877265, -0.0830312826787789, 0.7689916801959362, 0.11565897435793467]","[0.003748894206442546, 1.4699072977970546, -0.5248391355892116]",nominal-cylinder-pseudo_6dof,103.1074599255263,booster-release,96.86576217981973,29.009951661363377,-20.164203783487086,-0.09700048017397478,-1.7763568394002505e-15,103.10741429791011,-110.53281397855106,-33.11181053254298,23.122291523117056,0.0,0.7349999999999999,0.0,4.3675,4.3675,12.0,alpha3-passive-deployment-parent-v1,-0.0005510874483470542,8.798137867117816,14.963422815618864,-69.92890768624062,"[378.80965690194955, 4.633948103830994e-15, 529.5553928579551]",0.8412542701120954,native_rigid_body_reuse_instantaneous_projected_area,0.740361628820493,1.1362748113409653,0.0,0.0,0.0,0.0,0.0,0.0,0.0,query-000000,rigid_body_6dof,pseudo_6dof,124.92696245489968,0.0,0.0,,21.50000000000017,-13.667051798731336,-4.101858871179605,2.9580877396299705,14.572708538347557,-0.09700048017397478,-1.7763568394002505e-15,-14.572385702089889,-0.0005510874483470542,8.798137867117816,14.963422815618864,5.246270769142697e-14,4.458089467472494e-16,"[0.027458104864605974, -1.1172101052922931e-16, -29.186805972838805]","[0.0, 0.0, 0.0]",-127.61205870706969
query-000000,-0.007620338541834451,2.9605947323337506e-16,-1.0010386130999387,99.24165179097173,31.658611828168844,17.731927196793695,-0.000524210596342935,-10.113692321723558,15.500981803286423,29.517528994658896,"[0.025544334146397913, -1.0987063882152072e-16, -29.517517941682048]",-0.0007132116957046735,-2.314556013053502,3.5449292298535555,1.4770540634164848,"[-0.7572213312169506, -0.11354193214344897, 0.63531876825081, 0.10046963672391357]","[0.0035660584785233676, 1.4284244113642943, 0.3758719070383505]",nominal-cylinder-pseudo_6dof,105.66737621044422,booster-release,99.24165179097173,31.658611828168844,17.731927196793695,-0.09144406250201342,3.552713678800501e-15,105.66733664280073,-110.54120370882617,-35.258425891453655,-19.64741749698068,0.0,0.7349999999999999,0.0,4.3675,4.3675,12.0,alpha3-passive-deployment-parent-v1,-0.000524210596342935,-10.113692321723558,15.500981803286423,-69.94081360347627,"[378.8162799307151, 4.606881357995617e-15, 522.2161460464769]",0.8422027578140989,native_rigid_body_reuse_instantaneous_projected_area,0.7411963632461238,1.1362748113409653,0.0,0.0,0.0,0.0,0.0,0.0,0.0,query-000000,rigid_body_6dof,pseudo_6dof,60.87168405010699,1.0842021724855044e-19,5.857838285586755e-21,,21.750000000000174,-11.299551917854444,-3.5998140632848106,-1.9154903001869847,12.012811408018605,-0.09144406250201342,3.552713678800501e-15,-12.012463357199266,-0.000524210596342935,-10.113692321723558,15.500981803286423,1.498266436058534e-14,1.273172146841288e-16,"[0.025544334146397913, -1.0987063882152072e-16, -29.517517941682048]","[0.0, 0.0, 0.0]",-59.79600176766112
query-000000,-0.007799360154534677,7.401486830834377e-17,-0.015639468192555718,106.98109012354988,14.66461219901375,46.30771022457275,-0.0004986445438785582,-23.50272947872396,6.407669002387582,29.619387456908758,"[0.023594316060506975, -1.0493631426763113e-16, -29.61937805948554]",-0.0006784279508548792,-5.378291052156813,1.4659983143963986,1.1313899548264317,"[-0.8346150826794605, -0.06754354849816611, 0.5465661432132748, 0.010999268757479403]","[0.003392139754275907, 0.39939824434755106, 1.058542755717565]",nominal-cylinder-pseudo_6dof,117.49216365874601,booster-release,106.98109012354988,14.66461219901375,46.30771022457275,-0.09359232185441613,8.881784197001252e-16,117.49212638168933,-107.18968545218189,-14.682836206363977,-46.29601474899752,0.0,0.7349999999999999,0.0,4.3675,4.3675,12.0,alpha3-passive-deployment-parent-v1,-0.0004986445438785582,-23.50272947872396,6.407669002387582,-65.62430716954589,"[378.82242337881775, 4.57913614253408e-15, 514.8186535494563]",0.92921139032408,native_rigid_body_reuse_instantaneous_projected_area,0.8177699453070502,1.1362748113409653,0.0,0.0,0.0,0.0,0.0,0.0,0.0,query-000000,rigid_body_6dof,pseudo_6dof,17.596486330162023,3.552713678800501e-15,1.4583879767786665e-16,,22.000000000000178,-0.2085953286320148,-0.01822400735022711,0.011695475575230319,0.20971626002749325,-0.09359232185441613,8.881784197001252e-16,-0.18767361831066864,-0.0004986445438785582,-23.50272947872396,6.407669002387582,3.405211988222938e-14,2.8936248941814465e-16,"[0.023594316060506975, -1.0493631426763113e-16, -29.61937805948554]","[0.0, 0.0, 0.0]",-12.907832308427519
query-000000,-0.006668370096438281,1.3415194880887307e-16,-0.7134177861690176,101.94448653093714,-13.895980867798526,36.34748088336326,-0.00047432536250601386,-17.41859417565108,-7.82415251775677,29.678587469669193,"[0.02176429099337373, -1.0031038499835964e-16, -29.67857948943047]",-0.0006453406292592787,-3.985538055062279,-1.7891287097767852,1.3241926143831677,"[-0.8096276500064236, 0.004872816751576239, 0.5777279447721141, -0.10348790185993244]","[0.0032267031462994145, -0.8645063148603913, 1.0030476060188969]",nominal-cylinder-pseudo_6dof,109.11881590679532,booster-release,101.94448653093714,-13.895980867798526,36.34748088336326,-0.08002044115725937,1.609823385706477e-15,109.11878656597179,-109.96947615202407,15.000178100066071,-39.11833713050335,0.0,0.7349999999999999,0.0,4.3675,4.3675,12.0,alpha3-passive-deployment-parent-v1,-0.00047432536250601386,-17.41859417565108,-7.82415251775677,-69.1443745660019,"[378.82808716806653, 4.553193112017032e-15, 507.4102029273424]",0.8588007909943425,native_rigid_body_reuse_instantaneous_projected_area,0.7558037742479179,1.1362748113409653,0.0,0.0,0.0,0.0,0.0,0.0,0.0,query-000000,rigid_body_6dof,pseudo_6dof,-20.979642731394392,0.0,0.0,,22.25000000000018,-8.024989621086931,1.1041972322675448,-2.770856247140088,8.561387404423101,-0.08002044115725937,1.609823385706477e-15,-8.561013434028212,-0.00047432536250601386,-17.41859417565108,-7.82415251775677,5.6495408862351054e-14,4.800773697979692e-16,"[0.02176429099337373, -1.0031038499835964e-16, -29.67857948943047]","[0.0, 0.0, 0.0]",29.111286712902373
query-000000,-0.005699442429951536,-2.5905203907920316e-16,-1.3685530687337366,96.75935161734017,-29.4867533009515,4.601850311949402,-0.00045119224160459283,-1.0764549851051983,-15.018132112230948,29.978549139211015,"[0.02024875719833026, -1.0088862615701857e-16, -29.97854230078443]",-0.0006138669953803985,-0.24566640062349923,-3.435032162000092,1.4366574662383622,"[-0.7014024856805469, 0.036047702602080366, 0.6901508491634417, -0.17443314368904392]","[0.0030693349769019924, -1.4017975625294823, 0.3145454627993114]",nominal-cylinder-pseudo_6dof,101.25718627303858,booster-release,96.75935161734017,-29.4867533009515,4.601850311949402,-0.06839330915941844,-3.1086244689504383e-15,101.25716317519516,-112.45142935166129,34.28462827445132,-5.27025890170728,0.0,0.7349999999999999,0.0,4.3675,4.3675,12.0,alpha3-passive-deployment-parent-v1,-0.00045119224160459283,-1.0764549851051983,-15.018132112230948,-72.85683344554784,"[378.8333335679878, 4.528302480408741e-15, 499.9567786810638]",0.7803744790294505,native_rigid_body_reuse_instantaneous_projected_area,0.6867832246571567,1.1362748113409653,0.0,0.0,0.0,0.0,0.0,0.0,0.0,query-000000,rigid_body_6dof,pseudo_6dof,-81.26085663902577,5.421010862427522e-20,3.6004070067214544e-21,,22.500000000000185,-15.692077734321117,4.797874973499823,-0.6684085897578775,16.42277923873343,-0.06839330915941844,-3.1086244689504383e-15,-16.42263682480484,-0.00045119224160459283,-1.0764549851051983,-15.018132112230948,2.4258817681306622e-14,2.0614258081086664e-16,"[0.02024875719833026, -1.0088862615701857e-16, -29.97854230078443]","[0.0, 0.0, 0.0]",92.61926813739476
query-000000,-0.005932849247177666,-7.401486830834377e-17,-0.27785897929276615,106.50101352324404,-29.73591454979685,-29.1239793052144,-0.00042918733632252786,15.416937161800307,-14.362439330166108,30.192118041844278,"[0.018798318662475094, -1.011584720310594e-16, -30.192112189707334]",-0.0005839283487387374,3.52851732492492,-3.2861039465517945,1.1370602175500821,"[-0.5864467309926232, -0.00598698635744582, 0.792214359036049, -0.16864399497024357]","[0.0029196417436906665, -0.9787607432090508, -0.5787268972321876]",nominal-cylinder-pseudo_6dof,114.345514412073,booster-release,106.50101352324404,-29.73591454979685,-29.1239793052144,-0.071194190966132,-8.881784197001252e-16,114.3454922484868,-109.58370993189351,30.61820003969072,30.041166287814242,0.0,0.7349999999999999,0.0,4.3675,4.3675,12.0,alpha3-passive-deployment-parent-v1,-0.00042918733632252786,15.416937161800307,-14.362439330166108,-68.623026569247,"[378.83821593312535, 4.505958037369079e-15, 492.42936493876476]",0.8680521029940242,native_rigid_body_reuse_instantaneous_projected_area,0.7639455652190333,1.1362748113409653,0.0,0.0,0.0,0.0,0.0,0.0,0.0,query-000000,rigid_body_6dof,pseudo_6dof,-134.45497944649264,5.421010862427522e-20,2.5728091176935205e-21,,22.75000000000019,-3.0826964086494684,0.8822854898938708,0.9171869825998407,3.335067734638727,-0.071194190966132,-8.881784197001252e-16,-3.334307751513194,-0.00042918733632252786,15.416937161800307,-14.362439330166108,1.747534771996495e-14,1.4849912831229277e-16,"[0.018798318662475094, -1.011584720310594e-16, -30.192112189707334]","[0.0, 0.0, 0.0]",148.8930682645112
query-000000,-0.005469566959874328,-3.700743415417188e-16,-0.2792289142596106,106.5799514123126,-6.085304233556712,-40.92456113073288,-0.0004082556229347869,20.34442329786483,-2.0920407292131857,30.222633713008907,"[0.01735041309386998, -1.0963934235805711e-16, -30.2226287326875]",-0.0005554498271221591,4.655625496039562,-0.47931354415127664,1.096614308847313,"[-0.5566227223037747, -0.10562281392982785, 0.8173590094705222, -0.10459070623170369]","[0.002777249135610796, 0.1349253205513593, -1.0882786348771263]",nominal-cylinder-pseudo_6dof,114.32907186892115,booster-release,106.5799514123126,-6.085304233556712,-40.92456113073288,-0.06563480351849194,-4.440892098500626e-15,114.32905302888467,-109.6794003798042,6.28318290409052,42.18395516023072,0.0,0.7349999999999999,0.0,4.3675,4.3675,12.0,alpha3-passive-deployment-parent-v1,-0.0004082556229347869,20.34442329786483,-2.0920407292131857,-68.75121001444026,"[378.8427320772348, 4.479793347741211e-15, 484.87754827336767]",0.865406268197995,native_rigid_body_reuse_instantaneous_projected_area,0.7616170485876502,1.1362748113409653,0.0,0.0,0.0,0.0,0.0,0.0,0.0,query-000000,rigid_body_6dof,pseudo_6dof,-171.52823592836197,5.421010862427522e-20,2.650640200584854e-21,,23.000000000000192,-3.099448967491611,0.19787867053380825,1.2593940294978339,3.3513897403721122,-0.06563480351849194,-4.440892098500626e-15,-3.3507469711153277,-0.0004082556229347869,20.34442329786483,-2.0920407292131857,5.682284240040092e-14,4.828597805264873e-16,"[0.01735041309386998, -1.0963934235805711e-16, -30.2226287326875]","[0.0, 0.0, 0.0]",-171.0746350361918
query-000000,-0.004492763689710225,-1.4802973661668753e-16,-1.3212382735280503,97.79333554826923,19.037304769121697,-21.032498859054858,-0.00038834476125507205,9.612823574352928,10.239153051834414,30.429181960196864,"[0.01611131068976388, -1.1395687634271049e-16, -30.429177694976214]",-0.0005283602193946559,2.199177583299035,2.34212431401389,1.3229008569370835,"[-0.6281224541190014, -0.20128476927413022, 0.7503379410973695, -0.044040872374916815]","[0.0026418010969732797, 1.0342597082707496, -0.824843351200419]",nominal-cylinder-pseudo_6dof,101.82495499034091,booster-release,97.79333554826923,19.037304769121697,-21.032498859054858,-0.05391316427652271,-1.7763568394002505e-15,101.8249407176634,-113.0123521907415,-21.979278837651556,24.365034006390594,0.0,0.7349999999999999,0.0,4.3675,4.3675,12.0,alpha3-passive-deployment-parent-v1,-0.00038834476125507205,9.612823574352928,10.239153051834414,-73.80904807812024,"[378.84690951971885, 4.451859240167845e-15, 477.3018445492245]",0.7596518107933221,native_rigid_body_reuse_instantaneous_projected_area,0.6685458510664558,1.1362748113409653,0.0,0.0,0.0,0.0,0.0,0.0,0.0,query-000000,rigid_body_6dof,pseudo_6dof,137.94692348774208,1.7763568394002505e-15,1.2648103587981023e-16,,23.250000000000195,-15.219016642472269,-2.941974068529859,3.3325351473357365,15.854950945744914,-0.05391316427652271,-1.7763568394002505e-15,-15.854859282336605,-0.00038834476125507205,9.612823574352928,10.239153051834414,2.866010149251706e-14,2.43543084645938e-16,"[0.01611131068976388, -1.1395687634271049e-16, -30.429177694976214]","[0.0, 0.0, 0.0]",-117.76429179832431
query-000000,-0.004432248057562186,0.0,-0.737023682163888,103.59244244572893,32.36578518043043,8.138436529442275,-0.00036940496375808353,-5.093612937221096,16.21499834351671,30.72647123822993,"[0.015015759351790543, -1.0408822723493133e-16, -30.726467569194188]",-0.0005025917874259641,-1.166330498333343,3.7101987699942938,1.173325719505348,"[-0.7318692283014281, -0.23715479527180844, 0.6376460044150863, -0.0391485478470717]","[0.0025129589371298204, 1.1727471923296606, -0.03675529857068913]",nominal-cylinder-pseudo_6dof,108.83552881004069,booster-release,103.59244244572893,32.36578518043043,8.138436529442275,-0.053186976690746235,0.0,108.83551581403334,-112.02122684090452,-34.97523252033025,-8.747180988607106,0.0,0.7349999999999999,0.0,4.3675,4.3675,12.0,alpha3-passive-deployment-parent-v1,-0.00036940496375808353,-5.093612937221096,16.21499834351671,-72.15995603383575,"[378.8508002445163, 4.426700690156042e-15, 469.6540780120764]",0.7956012781669343,native_rigid_body_reuse_instantaneous_projected_area,0.7001838553721103,1.1362748113409653,0.0,0.0,0.0,0.0,0.0,0.0,0.0,query-000000,rigid_body_6dof,pseudo_6dof,75.95855631643866,0.0,0.0,,23.5000000000002,-8.428784395175583,-2.6094473398998232,-0.6087444591648303,8.844444110096994,-0.053186976690746235,0.0,-8.844284185966657,-0.00036940496375808353,-5.093612937221096,16.21499834351671,1.591302455776226e-14,1.352230761588842e-16,"[0.015015759351790543, -1.0408822723493133e-16, -30.726467569194188]","[0.0, 0.0, 0.0]",-53.14564103237915
query-000000,-0.00438790068377178,0.0,-0.08324151334334928,109.37850845096766,23.433749274363475,33.190916086850635,-0.00035138887108478623,-17.024722509740062,11.00933030132728,30.79743877556524,"[0.013898016224164136, -9.915390268104175e-17, -30.797435639673548]",-0.0004780800967139949,-3.8964371108948095,2.5197625981177603,0.9474317283734696,"[-0.7944053011770325, -0.20056924647543314, 0.5636800060552527, -0.10467590746516396]","[0.002390400483569975, 0.49143041364023554, 0.8100106878700151]",nominal-cylinder-pseudo_6dof,116.68091372069595,booster-release,109.37850845096766,23.433749274363475,33.190916086850635,-0.05265480820526136,0.0,116.68090183987981,-110.33308606358969,-23.61352428586776,-33.4297310567292,0.0,0.7349999999999999,0.0,4.3675,4.3675,12.0,alpha3-passive-deployment-parent-v1,-0.00035138887108478623,-17.024722509740062,11.00933030132728,-69.64744418426471,"[378.8544142878279, 4.40018520089192e-15, 461.9600424079819]",0.848257404814696,native_rigid_body_reuse_instantaneous_projected_area,0.7465248691147452,1.1362748113409653,0.0,0.0,0.0,0.0,0.0,0.0,0.0,query-000000,rigid_body_6dof,pseudo_6dof,35.23596841976766,0.0,0.0,,23.750000000000203,-0.9545776126220318,-0.17977501150428665,-0.2388149698785682,1.0002849909493976,-0.05265480820526136,0.0,-0.9988981601201914,-0.00035138887108478623,-17.024722509740062,11.00933030132728,7.530103521909327e-15,6.398807205577615e-17,"[0.013898016224164136, -9.915390268104175e-17, -30.797435639673548]","[0.0, 0.0, 0.0]",-9.901226925531233
query-000000,-0.0036928373493285704,2.9605947323337506e-16,-0.9462226533537976,101.9409343251157,-3.723492625895874,29.986936380871125,-0.00033425143361934164,-14.572198810988487,-2.7789317243409393,30.9060821732261,"[0.012880995486228971, -9.298599698867976e-17, -30.906079488963968]",-0.00045476385526380624,-3.334522285424854,-0.6353630868597876,1.155474694270775,"[-0.7740920537228876, -0.13135600302634315, 0.5847288221956514, -0.20400808152058994]","[0.0022738192763220523, -0.4822774807636814, 1.0500119191677189]",nominal-cylinder-pseudo_6dof,106.32513739432956,booster-release,101.9409343251157,-3.723492625895874,29.986936380871125,-0.044314048191942845,3.552713678800501e-15,106.32512815975443,-112.8388345501514,4.144157015532704,-33.14752944088253,0.0,0.7349999999999999,0.0,4.3675,4.3675,12.0,alpha3-passive-deployment-parent-v1,-0.00033425143361934164,-14.572198810988487,-2.7789317243409393,-73.50877918060299,"[378.85775794056775, 4.373731390684722e-15, 454.2518184659898]",0.7668514478810917,native_rigid_body_reuse_instantaneous_projected_area,0.6748820269773457,1.1362748113409653,0.0,0.0,0.0,0.0,0.0,0.0,0.0,query-000000,rigid_body_6dof,pseudo_6dof,-7.126234637320036,0.0,0.0,,24.000000000000206,-10.897900225035698,0.42066438963682984,-3.1605930600114043,11.354758312466759,-0.044314048191942845,3.552713678800501e-15,-11.354671840245572,-0.00033425143361934164,-14.572198810988487,-2.7789317243409393,4.332463098228817e-14,3.6815690528270928e-16,"[0.012880995486228971, -9.298599698867976e-17, -30.906079488963968]","[0.0, 0.0, 0.0]",34.853903523874514
query-000000,-0.0033302146206022343,2.220446049250313e-16,-1.1599067199791357,100.24857157370701,-25.16210810510006,9.133575238121066,-0.00031794979884159947,-3.675702206729085,-13.080811598380723,31.21404574188863,"[0.01202180525335725, -5.597856283450789e-17, -31.214043426844174]",-0.00043258476032810263,-0.8405740277022931,-2.9931989932831917,1.1696194159660533,"[-0.6850506961260723, -0.0896736321778004, 0.6694126009834723, -0.2730402041344219]","[0.0021629238016435343, -1.0201321263096144, 0.5721322791421796]",nominal-cylinder-pseudo_6dof,103.76092705586156,booster-release,100.24857157370701,-25.16210810510006,9.133575238121066,-0.03996257544722681,2.6645352591003757e-15,103.76091936025037,-113.69423821724801,28.559844599294046,-10.31943800329445,0.0,0.7349999999999999,0.0,4.3675,4.3675,12.0,alpha3-passive-deployment-parent-v1,-0.00031794979884159947,-3.675702206729085,-13.080811598380723,-75.04574289377304,"[378.8608688748567, 4.35470990683682e-15, 446.48802759520987]",0.7329936944053392,native_rigid_body_reuse_instantaneous_projected_area,0.6450848747938914,1.1362748113409653,0.0,0.0,0.0,0.0,0.0,0.0,0.0,query-000000,rigid_body_6dof,pseudo_6dof,-70.13385260361848,0.0,0.0,,24.25000000000021,-13.445666643541003,3.3977364941939854,-1.1858627651733844,13.918938008017475,-0.03996257544722681,2.6645352591003757e-15,-13.91888063974963,-0.00031794979884159947,-3.675702206729085,-13.080811598380723,3.607797795906347e-15,3.065774921359781e-17,"[0.01202180525335725, -5.597856283450789e-17, -31.214043426844174]","[0.0, 0.0, 0.0]",100.11699837274435
query-000000,-0.003429666223831044,7.401486830834377e-17,-0.1764916569058658,109.64437119273909,-32.05509946993641,-17.46816865669269,-0.00030244320417348287,9.477954886602427,-15.7558373115575,31.372392497360725,"[0.011172903316036426, -9.421957812715217e-17, -31.37239050781255]",-0.00041148735261668144,2.1695775898095837,-3.6060613115096762,0.9066323474375855,"[-0.5910585267501672, -0.11269161858590811, 0.7503511403157185, -0.27372172599797634]","[0.002057436763084918, -0.8515976625713598, -0.311061732582375]",nominal-cylinder-pseudo_6dof,115.561907445738,booster-release,109.64437119273909,-32.05509946993641,-17.46816865669269,-0.04115599468597253,8.881784197001252e-16,115.56190011712961,-111.64225760417699,32.663221097878576,17.822896302051802,0.0,0.7349999999999999,0.0,4.3675,4.3675,12.0,alpha3-passive-deployment-parent-v1,-0.00030244320417348287,9.477954886602427,-15.7558373115575,-71.56720191530198,"[378.8637688407933, 4.334516520907369e-15, 438.65929736394855]",0.8073947949406062,native_rigid_body_reuse_instantaneous_projected_area,0.7105629614263524,1.1362748113409653,0.0,0.0,0.0,0.0,0.0,0.0,0.0,query-000000,rigid_body_6dof,pseudo_6dof,-118.6193732805532,1.7763568394002505e-15,9.660992225013534e-17,,24.500000000000213,-1.9978864114379036,0.6081216279421682,0.3547276453591124,2.118299726139104,-0.04115599468597253,8.881784197001252e-16,-2.1178998828703897,-0.00030244320417348287,9.477954886602427,-15.7558373115575,6.905703232284867e-14,5.868214623312469e-16,"[0.011172903316036426, -9.421957812715217e-17, -31.37239050781255]","[0.0, 0.0, 0.0]",150.75906551566555
query-000000,-0.003063705933734321,1.1842378929335002e-15,-0.505274106853817,106.76108828145846,-12.703217635056042,-29.982413296929792,-0.00028769287505130093,15.066012993115828,-5.507122216201578,31.424389103879857,"[0.010350628040950067, -1.0840576121958472e-16, -31.424387399224543]",-0.00039141887762081764,3.447999995145291,-1.2607929915472063,0.9705725242607117,"[-0.5645915231228653, -0.19495615180002018, 0.7722899491418393, -0.21632555407909074]","[0.0019570943881040883, -0.08563977636053996, -0.9667848898986179]",nominal-cylinder-pseudo_6dof,111.61651677253175,booster-release,106.76108828145846,-12.703217635056042,-29.982413296929792,-0.036764471204811855,1.4210854715202004e-14,111.6165107177542,-112.54951528317156,13.414428778241017,31.641666171626277,0.0,0.7349999999999999,0.0,4.3675,4.3675,12.0,alpha3-passive-deployment-parent-v1,-0.00028769287505130093,15.066012993115828,-5.507122216201578,-73.0195993389369,"[378.86645733593787, 4.3108691077901954e-15, 430.8114987046424]",0.7765337393534081,native_rigid_body_reuse_instantaneous_projected_area,0.683403109532093,1.1362748113409653,0.0,0.0,0.0,0.0,0.0,0.0,0.0,query-000000,rigid_body_6dof,pseudo_6dof,-157.02556912167822,0.0,0.0,,24.750000000000217,-5.788427001713103,0.7112111431849755,1.6592528746964845,6.063400741047866,-0.036764471204811855,1.4210854715202004e-14,-6.063289282245805,-0.00028769287505130093,15.066012993115828,-5.507122216201578,4.5281858485443314e-14,3.84788710428156e-16,"[0.010350628040950067, -1.0840576121958472e-16, -31.424387399224543]","[0.0, 0.0, 0.0]",-168.77417537547586
query-000000,-0.0025921226147544254,-8.881784197001252e-16,-1.3006615408773805,99.30013430910677,12.903169550252382,-19.79033656383481,-0.0002736619279691547,9.331001118797126,7.238497810804621,31.671735193494275,"[0.009651672774544328, -1.0347143666569513e-16, -31.671733722864566]",-0.0003723291536995303,2.135067893790175,1.6563549315284287,1.108478343375705,"[-0.6158828856830798, -0.2820118700624205, 0.7193985482340997, -0.15369874776734174]","[0.0018616457684976515, 0.645869677298545, -0.9008735382695249]",nominal-cylinder-pseudo_6dof,102.07186624902597,booster-release,99.30013430910677,12.903169550252382,-19.79033656383481,-0.031105471377053107,-1.0658141036401503e-14,102.07186150947143,-114.48129248578321,-14.85486903554412,22.845171585291162,0.0,0.7349999999999999,0.0,4.3675,4.3675,12.0,alpha3-passive-deployment-parent-v1,-0.0002736619279691547,9.331001118797126,7.238497810804621,-76.61097465514476,"[378.86895507643624, 4.2859264344776254e-15, 422.9289354322712]",0.698433632968382,native_rigid_body_reuse_instantaneous_projected_area,0.6146696432917766,1.1362748113409653,0.0,0.0,0.0,0.0,0.0,0.0,0.0,query-000000,rigid_body_6dof,pseudo_6dof,146.96642325424028,0.0,0.0,,25.00000000000022,-15.181158176676448,-1.951699485291737,3.054835021456352,15.607969485954051,-0.031105471377053107,-1.0658141036401503e-14,-15.607938490528568,-0.0002736619279691547,9.331001118797126,7.238497810804621,5.057355306830662e-14,4.297556000970992e-16,"[0.009651672774544328, -1.0347143666569513e-16, -31.671733722864566]","[0.0, 0.0, 0.0]",-110.82277152389621
query-000000,-0.002624832387188765,5.921189464667501e-16,-0.5032988941848325,107.42453016611542,30.38350293260051,0.5926880964817955,-0.0002603152782509455,-1.0826653680769942,15.385557923707553,31.91920601975498,"[0.009005632642089317, -1.0593859894263993e-16, -31.919204749337716]",-0.0003541704465999259,-0.24821811009129144,3.5214120900773542,0.9271375497657729,"[-0.6955867743574488, -0.31916729969043994, 0.6289585821351804, -0.13675663093911108]","[0.0017708522329996298, 0.9001961303218047, -0.22187344866319247]",nominal-cylinder-pseudo_6dof,111.64021771317756,booster-release,107.42453016611542,30.38350293260051,0.5926880964817955,-0.031497988646265185,7.105427357601002e-15,111.64021326978201,-113.24174545974952,-32.00756305682779,-0.5985987241032262,0.0,0.7349999999999999,0.0,4.3675,4.3675,12.0,alpha3-passive-deployment-parent-v1,-0.0002603152782509455,-1.0826653680769942,15.385557923707553,-74.21453422601287,"[378.8712875117762, 4.257591413034257e-15, 414.97558855252083]",0.7514030532415957,native_rigid_body_reuse_instantaneous_projected_area,0.66128637697674,1.1362748113409653,0.0,0.0,0.0,0.0,0.0,0.0,0.0,query-000000,rigid_body_6dof,pseudo_6dof,88.9285912603857,5.421010862427522e-20,3.514749795631063e-21,,25.250000000000224,-5.817215293634106,-1.624060124227281,-0.005910627621430686,6.03966886469068,-0.031497988646265185,7.105427357601002e-15,-6.039586730217991,-0.0002603152782509455,-1.0826653680769942,15.385557923707553,4.4701610448969274e-14,3.7985797434197946e-16,"[0.009005632642089317, -1.0593859894263993e-16, -31.919204749337716]","[0.0, 0.0, 0.0]",-50.94047252854398
query-000000,-0.002508412699826934,0.0,-0.20693036718916127,110.31106313937367,25.266066353350624,21.525821663090355,-0.0002476195523204312,-11.215966638404925,12.080712725256108,31.97490629067755,"[0.008355062579435375, -9.360278755791597e-17, -31.97490519908605]",-0.0003368973500958248,-2.5671660250213573,2.765320905196769,0.8178209269673229,"[-0.7472709521724957, -0.28882365130163673, 0.5685481839758791, -0.1868688978555075]","[0.0016844867504791242, 0.5186672087690303, 0.6323073284707539]",nominal-cylinder-pseudo_6dof,115.19663952642873,booster-release,110.31106313937367,25.266066353350624,21.525821663090355,-0.03010095239792321,0.0,115.19663559373006,-112.69763742378855,-25.79201177882853,-21.96702017882867,0.0,0.7349999999999999,0.0,4.3675,4.3675,12.0,alpha3-passive-deployment-parent-v1,-0.0002476195523204312,-11.215966638404925,12.080712725256108,-73.26830794030725,"[378.87345699823226, 4.232463702550917e-15, 406.98722829350595]",0.7719151005544516,native_rigid_body_reuse_instantaneous_projected_area,0.6793383896660372,1.1362748113409653,0.0,0.0,0.0,0.0,0.0,0.0,0.0,query-000000,rigid_body_6dof,pseudo_6dof,49.579010160531205,0.0,0.0,,25.500000000000227,-2.386574284414877,-0.5259454254779072,-0.44119851573831426,2.4833468416435878,-0.03010095239792321,0.0,-2.4831644062699354,-0.0002476195523204312,-11.215966638404925,12.080712725256108,1.581707433502977e-14,1.3440772617755783e-16,"[0.008355062579435375, -9.360278755791597e-17, -31.97490519908605]","[0.0, 0.0, 0.0]",-9.827320454174618
query-000000,-0.0021086752885969653,-2.9605947323337506e-16,-1.0948557416355365,101.80399866538973,1.0666927758430675,23.743217713008292,-0.0002355430042498771,-11.709033076324793,-0.3223312577521015,32.13148711659209,"[0.007777372705831259, -6.893116478846805e-17, -32.13148617534205]",-0.00032046667244866136,-2.6796408375000413,-0.07355419600132712,0.9971222284979682,"[-0.7338830152306658, -0.22321374099778463, 0.5802629874894587, -0.2736534508014265]","[0.0016023333622440623, -0.18611995441253976, 0.9795966178290044]",nominal-cylinder-pseudo_6dof,104.54153416278153,booster-release,101.80399866538973,1.0666927758430675,23.743217713008292,-0.025304103463163585,-3.552713678800501e-15,104.54153110037356,-114.60326436207731,-1.181929871457939,-26.706369415830018,0.0,0.7349999999999999,0.0,4.3675,4.3675,12.0,alpha3-passive-deployment-parent-v1,-0.0002355430042498771,-11.709033076324793,-0.3223312577521015,-76.86988985999231,"[378.8754714041436, 4.2128871071907025e-15, 398.97881427291856]",0.6930528066789607,native_rigid_body_reuse_instantaneous_projected_area,0.6099341460021104,1.1362748113409653,0.0,0.0,0.0,0.0,0.0,0.0,0.0,query-000000,rigid_body_6dof,pseudo_6dof,2.5340558827269257,0.0,0.0,,25.75000000000023,-12.799265696687584,-0.11523709561487139,-2.963151702821726,13.138293267260531,-0.025304103463163585,-3.552713678800501e-15,-13.13826889962644,-0.0002355430042498771,-11.709033076324793,-0.3223312577521015,4.468175287177812e-14,3.796892318968771e-16,"[0.007777372705831259, -6.893116478846805e-17, -32.13148617534205]","[0.0, 0.0, 0.0]",38.88828395342173
query-000000,-0.001996728058513142,1.4802973661668753e-16,-0.9064279955741471,103.97320728852121,-21.280893734705657,11.979371892916351,-0.00022405543637872105,-5.381564711283276,-11.194173623959472,32.42164917558388,"[0.0072736629435632295, -5.906251568068888e-17, -32.421648359675764]",-0.0003048373284064232,-1.231380643327889,-2.562179530046428,0.9415587140222086,"[-0.6645964905096091, -0.17681064582644265, 0.642447328561813, -0.33809899489430195]","[0.0015241866420321161, -0.6961891644818539, 0.6339172943407473]",nominal-cylinder-pseudo_6dof,106.8026667408564,booster-release,103.97320728852121,-21.280893734705657,11.979371892916351,-0.023960736702157703,1.7763568394002505e-15,106.80266405311023,-114.5607537497548,23.466072640061896,-13.180002396789583,0.0,0.7349999999999999,0.0,4.3675,4.3675,12.0,alpha3-passive-deployment-parent-v1,-0.00022405543637872105,-5.381564711283276,-11.194173623959472,-76.7790853181634,"[378.87735222823267, 4.201328789230559e-15, 390.9086095165253]",0.694766176560438,native_rigid_body_reuse_instantaneous_projected_area,0.6114420293630513,1.1362748113409653,0.0,0.0,0.0,0.0,0.0,0.0,0.0,query-000000,rigid_body_6dof,pseudo_6dof,-60.678730904228736,2.710505431213761e-20,2.182269935856907e-21,,26.000000000000234,-10.587546461233586,2.1851789053562385,-1.2006305038732314,10.877162337853786,-0.023960736702157703,1.7763568394002505e-15,-10.877135946889766,-0.00022405543637872105,-5.381564711283276,-11.194173623959472,1.1529226449755443e-14,9.797115944924655e-17,"[0.0072736629435632295, -5.906251568068888e-17, -32.421648359675764]","[0.0, 0.0, 0.0]",103.68263101299706
query-000000,-0.0020089096220849236,1.0362081563168126e-15,-0.15038478841398017,111.58910477718919,-30.119785457267408,-8.22974657149802,-0.0002131281238036831,4.744890958223979,-14.91086370003746,32.53434829011286,"[0.006768513755762151, -3.069014949582377e-17, -32.53434758604499]",-0.0002899702364675961,1.0862031869626956,-3.4131803414012576,0.7411622473786614,"[-0.5896700834874563, -0.1890666916882537, 0.7069924583186629, -0.3416206121042593]","[0.0014498511823379807, -0.721256637063503, -0.1706113664524834]",nominal-cylinder-pseudo_6dof,115.87518504665869,booster-release,111.58910477718919,-30.119785457267408,-8.22974657149802,-0.024106915465019085,1.2434497875801753e-14,115.87518253903224,-113.32126520779559,30.60527378180775,8.375165460159884,0.0,0.7349999999999999,0.0,4.3675,4.3675,12.0,alpha3-passive-deployment-parent-v1,-0.0002131281238036831,4.744890958223979,-14.91086370003746,-74.35748622601479,"[378.87910760299394, 4.19242267071813e-15, 382.7849725208003]",0.7478559059156791,native_rigid_body_reuse_instantaneous_projected_area,0.6581646433164378,1.1362748113409653,0.0,0.0,0.0,0.0,0.0,0.0,0.0,query-000000,rigid_body_6dof,pseudo_6dof,-105.30437166538978,0.0,0.0,,26.250000000000238,-1.732160430606399,0.4854883245403414,0.14541888866186525,1.8047784694535145,-0.024106915465019085,1.2434497875801753e-14,-1.804617460967762,-0.0002131281238036831,4.744890958223979,-14.91086370003746,5.961993261237323e-14,5.066284325124043e-16,"[0.006768513755762151, -3.069014949582377e-17, -32.53434758604499]","[0.0, 0.0, 0.0]",149.82016649178826
query-000000,-0.0017554124488926939,5.921189464667501e-16,-0.7090836296397758,106.16854943495174,-14.158242911171536,-21.11981317545918,-0.00020273374255154534,10.765820624459488,-6.359857785140921,32.61746661628393,"[0.006293672785972313, -9.719270141793033e-18, -32.61746600908905]",-0.00027582822115856514,2.464040177766077,-1.4559076861384392,0.8565074459468045,"[-0.5650103363747571, -0.25848017492671854, 0.7279980929042962, -0.28977594049065636]","[0.0013791411057928256, -0.23573444388082299, -0.8234272128733223]",nominal-cylinder-pseudo_6dof,109.17079847660646,booster-release,106.16854943495174,-14.158242911171536,-21.11981317545918,-0.02106494938671233,7.105427357601002e-15,109.17079644432269,-114.4383765486271,15.277747429503805,22.781214507460504,0.0,0.7349999999999999,0.0,4.3675,4.3675,12.0,alpha3-passive-deployment-parent-v1,-0.00020273374255154534,10.765820624459488,-6.359857785140921,-76.52103662612008,"[378.8807390230665, 4.185181886742641e-15, 374.64404852085016]",0.700328492577186,native_rigid_body_reuse_instantaneous_projected_area,0.616337250097711,1.1362748113409653,0.0,0.0,0.0,0.0,0.0,0.0,0.0,query-000000,rigid_body_6dof,pseudo_6dof,-146.15304112910735,0.0,0.0,,26.50000000000024,-8.269827113675362,1.1195045183322687,1.6614013320013257,8.509029629906207,-0.02106494938671233,7.105427357601002e-15,-8.50900355567731,-0.00020273374255154534,10.765820624459488,-6.359857785140921,3.993470830640219e-14,3.3935057933818877e-16,"[0.006293672785972313, -9.719270141793033e-18, -32.61746600908905]","[0.0, 0.0, 0.0]",-167.89152681685815
query-000000,-0.0015466093392089892,-5.921189464667501e-16,-1.1679573973702067,101.62400944343531,9.12658032588502,-18.3181877858326,-0.00019284630125499137,8.850890005891618,5.302555938125266,32.88334528924708,"[0.005887197340277278, -2.945656835735137e-17, -32.88334476224637]",-0.0002623759200748182,2.0256112012942116,1.2137091067117975,0.9169318488397653,"[-0.5994676747345418, -0.3361692223695385, 0.689495391660999, -0.22852760393017488]","[0.001311879600374091, 0.3528378786773685, -0.8463260162366977]",nominal-cylinder-pseudo_6dof,103.66431289292036,booster-release,101.62400944343531,9.12658032588502,-18.3181877858326,-0.018559312070507872,-7.105427357601002e-15,103.66431123155752,-115.36248376029098,-10.344961089667908,20.808999225091306,0.0,0.7349999999999999,0.0,4.3675,4.3675,12.0,alpha3-passive-deployment-parent-v1,-0.00019284630125499137,8.850890005891618,5.302555938125266,-78.61076443609232,"[378.8822605122433, 4.1822586367518026e-15, 366.45903930708056]",0.6536644249590158,native_rigid_body_reuse_instantaneous_projected_area,0.5752696605036938,1.1362748113409653,0.0,0.0,0.0,0.0,0.0,0.0,0.0,query-000000,rigid_body_6dof,pseudo_6dof,153.56624619852494,2.710505431213761e-20,2.6270390520890822e-21,,26.750000000000245,-13.738474316855672,-1.2183807637828874,2.4908114392587066,14.015501056558836,-0.018559312070507872,-7.105427357601002e-15,-14.01548876844248,-0.00019284630125499137,8.850890005891618,5.302555938125266,2.799171474045079e-14,2.3786337791575777e-16,"[0.005887197340277278, -2.945656835735137e-17, -32.88334476224637]","[0.0, 0.0, 0.0]",-106.24963724635691
query-000000,-0.0015744698521788316,2.9605947323337506e-16,-0.33406700139482837,110.388581161693,26.689463528037585,-4.809300415883001,-0.00018344107616064643,1.8087576130924359,13.584909036015505,33.07622467674555,"[0.005497710378020244, -9.719270141793037e-18, -33.07622421984909]",-0.0002495796954568129,0.4138548879957675,3.1097462339225834,0.7355181816049459,"[-0.6603965677035193, -0.3713289605836994, 0.619132044906435, -0.20655916190577606]","[0.0012478984772833093, 0.6821895762439207, -0.274959670288165]",nominal-cylinder-pseudo_6dof,113.6709975534496,booster-release,110.388581161693,26.689463528037585,-4.809300415883001,-0.01889363822614598,3.552713678800501e-15,113.67099598326206,-114.28452036856879,-27.61638344319574,4.991903212660652,0.0,0.7349999999999999,0.0,4.3675,4.3675,12.0,alpha3-passive-deployment-parent-v1,-0.00018344107616064643,1.8087576130924359,13.584909036015505,-76.20333261779247,"[378.88368382235996, 4.175881359573243e-15, 358.2094556884393]",0.7077402033584947,native_rigid_body_reuse_instantaneous_projected_area,0.6228600654477776,1.1362748113409653,0.0,0.0,0.0,0.0,0.0,0.0,0.0,query-000000,rigid_body_6dof,pseudo_6dof,100.24607751672055,0.0,0.0,,27.00000000000025,-3.895939206875795,-0.9269199151581553,0.18260279677765112,4.008848539690626,-0.01889363822614598,3.552713678800501e-15,-4.00880401673794,-0.00018344107616064643,1.8087576130924359,13.584909036015505,2.0374936843400458e-14,1.7313877864680648e-16,"[0.005497710378020244, -9.719270141793037e-18, -33.07622421984909]","[0.0, 0.0, 0.0]",-51.63426458617995
query-000000,-0.0014580480140307845,-5.921189464667501e-16,-0.36017673367407355,110.19073012159889,23.26960463425842,12.903186980259408,-0.00017449454930681675,-6.9072150056193795,11.202378582735323,33.132591766539505,"[0.005113962395015024, -2.4522243803461786e-17, -33.13259137187356]",-0.00023740755007730174,-1.5810144028232105,2.564425751284929,0.719127513983912,"[-0.7042701864820082, -0.3450752047152453, 0.5692611387048117, -0.2467151464418629]","[0.0011870377503865087, 0.5216044825296804, 0.49504720594606433]",nominal-cylinder-pseudo_6dof,113.3576805461953,booster-release,110.19073012159889,23.26960463425842,12.903186980259408,-0.017496576168369415,-7.105427357601002e-15,113.35767919591112,-114.39628126918399,-24.143383958091277,-13.383690480354488,0.0,0.7349999999999999,0.0,4.3675,4.3675,12.0,alpha3-passive-deployment-parent-v1,-0.00017449454930681675,-6.9072150056193795,11.202378582735323,-76.43338700402818,"[378.88500966759807, 4.1698741567362246e-15, 349.9335091033488]",0.7027054908565233,native_rigid_body_reuse_instantaneous_projected_area,0.618429172100745,1.1362748113409653,0.0,0.0,0.0,0.0,0.0,0.0,0.0,query-000000,rigid_body_6dof,pseudo_6dof,60.99855822464434,0.0,0.0,,27.250000000000252,-4.205551147585098,-0.8737793238328564,-0.4805035000950806,4.322156218291461,-0.017496576168369415,-7.105427357601002e-15,-4.3221208040888826,-0.00017449454930681675,-6.9072150056193795,11.202378582735323,2.9438291529772204e-14,2.5015585962732945e-16,"[0.005113962395015024, -2.4522243803461786e-17, -33.13259137187356]","[0.0, 0.0, 0.0]",-11.151426386351858
query-000000,-0.0012431553076884445,-2.9605947323337506e-16,-1.1353967860009533,102.26306795212189,2.973885886715004,18.99663679920059,-0.0001659843497163317,-9.51379338471205,0.7456247010894075,33.32682119579144,"[0.004777903863453554, -5.659535340374408e-17, -33.32682085329905]",-0.00022582904723310437,-2.177518589431409,0.17070453039740693,0.8488613628786724,"[-0.6982588027827573, -0.2844216591068898, 0.5725965719395423, -0.3219815677493967]","[0.001129145236165522, 0.017716067672302105, 0.8486757209709155]",nominal-cylinder-pseudo_6dof,104.05503963733919,booster-release,102.26306795212189,2.973885886715004,18.99663679920059,-0.014917863692261335,-3.552713678800501e-15,104.05503856798856,-115.6555023243761,-3.350199219259803,-21.47361812381665,0.0,0.7349999999999999,0.0,4.3675,4.3675,12.0,alpha3-passive-deployment-parent-v1,-0.0001659843497163317,-9.51379338471205,0.7456247010894075,-79.35738425343828,"[378.8862449937853, 4.161399791622261e-15, 341.63038264051835]",0.63691916284325,native_rigid_body_reuse_instantaneous_projected_area,0.5605326779105445,1.1362748113409653,0.0,0.0,0.0,0.0,0.0,0.0,0.0,query-000000,rigid_body_6dof,pseudo_6dof,8.8674960134796,2.710505431213761e-20,2.8403172797424503e-21,,27.500000000000256,-13.392434372254215,-0.37631333254479893,-2.476981324616059,13.624769598855003,-0.014917863692261335,-3.552713678800501e-15,-13.62476143201144,-0.0001659843497163317,-9.51379338471205,0.7456247010894075,8.11906333221578e-15,6.899283761712528e-17,"[0.004777903863453554, -5.659535340374408e-17, -33.32682085329905]","[0.0, 0.0, 0.0]",42.14986116577861
query-000000,-0.0012182175952778114,0.0,-0.6634347387022288,107.43743735903494,-17.580942720286377,13.648267500710224,-0.00015788919745745586,-6.419950849115921,-9.30811038157905,33.5801901107575,"[0.004474134854483979, -5.166102884985449e-17, -33.58018981269661]",-0.0002148152346359944,-1.4694078440188072,-2.130808255335747,0.7518553569154728,"[-0.6465337006225802, -0.2384645000665964, 0.6172350360633341, -0.3796706025269204]","[0.001074076173179972, -0.4627165440631844, 0.5926033445173005]",nominal-cylinder-pseudo_6dof,109.71858410944556,booster-release,107.43743735903494,-17.580942720286377,13.648267500710224,-0.014618611143333737,0.0,109.71858313557325,-115.23234551974755,18.868935021894774,-14.628915380062509,0.0,0.7349999999999999,0.0,4.3675,4.3675,12.0,alpha3-passive-deployment-parent-v1,-0.00015788919745745586,-6.419950849115921,-9.30811038157905,-78.29424158483238,"[378.8874014003475, 4.147374311385173e-15, 333.26434501224577]",0.6608386313271577,native_rigid_body_reuse_instantaneous_projected_area,0.5815834556318946,1.1362748113409653,0.0,0.0,0.0,0.0,0.0,0.0,0.0,query-000000,rigid_body_6dof,pseudo_6dof,-52.21390079209169,0.0,0.0,,27.75000000000026,-7.794908160712609,1.2879923016083978,-0.9806478793522846,7.961230285968657,-0.014618611143333737,0.0,-7.961216864426746,-0.00015788919745745586,-6.419950849115921,-9.30811038157905,6.444077210035571e-15,5.475941673962371e-17,"[0.004474134854483979, -5.166102884985449e-17, -33.58018981269661]","[0.0, 0.0, 0.0]",104.34230342806472
query-000000,-0.0011914531902525263,-2.9605947323337506e-16,-0.18808786402981661,112.43972819108615,-26.000653840329466,-1.9193586828796503,-0.00015018885043296574,1.4989288847809172,-12.916978922216952,33.66220586371752,"[0.00416974405244981, -2.2055081526516987e-17, -33.66220560546401]",-0.00020433857201756497,0.34311957834685336,-2.956997773491778,0.6246748850109249,"[-0.5869721142546955, -0.24544956727165126, 0.669407195423197, -0.3835521525544884]","[0.0010216928600882025, -0.6173434955250053, -0.09541842924760238]",nominal-cylinder-pseudo_6dof,115.4227465171554,booster-release,112.43972819108615,-26.000653840329466,-1.9193586828796503,-0.014297438283030317,-3.552713678800501e-15,115.4227456316422,-114.63567462395827,26.520441949225653,1.9656017825905252,0.0,0.7349999999999999,0.0,4.3675,4.3675,12.0,alpha3-passive-deployment-parent-v1,-0.00015018885043296574,1.4989288847809172,-12.916978922216952,-76.93953624733687,"[378.88848175700355, 4.13667950022196e-15, 324.85646075960733]",0.6911275457032391,native_rigid_body_reuse_instantaneous_projected_area,0.6082397839019336,1.1362748113409653,0.0,0.0,0.0,0.0,0.0,0.0,0.0,query-000000,rigid_body_6dof,pseudo_6dof,-94.23881116442104,0.0,0.0,,28.000000000000263,-2.1959464328721197,0.5197881088961864,0.046243099710874924,2.2570996518684066,-0.014297438283030317,-3.552713678800501e-15,-2.2570543683577995,-0.00015018885043296574,1.4989288847809172,-12.916978922216952,1.2176570630790016e-14,1.0347205408906215e-16,"[0.00416974405244981, -2.2055081526516987e-17, -33.66220560546401]","[0.0, 0.0, 0.0]",147.4281515091158
query-000000,-0.0010310513322971577,2.9605947323337506e-16,-0.8550076013062597,105.55116917578471,-13.206094542399931,-14.951379232460685,-0.00014286405376437488,7.760264690580275,-6.014729329543771,33.77883600549568,"[0.003890650685622946, -2.2055081526516984e-17, -33.77883578143285]",-0.0001943728622646067,1.7762763530755419,-1.3768927771297343,0.7481742168353167,"[-0.5628130548382605, -0.30433393340971376, 0.6906569995459304, -0.3370685853905843]","[0.0009718643113222782, -0.32578714865475933, -0.6735179641169949]",nominal-cylinder-pseudo_6dof,107.41970949686458,booster-release,105.55116917578471,-13.206094542399931,-14.951379232460685,-0.012372615987565894,3.552713678800501e-15,107.41970878432488,-115.63033195188103,14.478302796219793,16.38720259467074,0.0,0.7349999999999999,0.0,4.3675,4.3675,12.0,alpha3-passive-deployment-parent-v1,-0.00014286405376437488,7.760264690580275,-6.014729329543771,-79.29123075808295,"[378.88948844777224, 4.1330161015480395e-15, 316.429986623652]",0.6381400725143167,native_rigid_body_reuse_instantaneous_projected_area,0.5616071624092599,1.1362748113409653,0.0,0.0,0.0,0.0,0.0,0.0,0.0,query-000000,rigid_body_6dof,pseudo_6dof,-138.5389919715576,0.0,0.0,,28.250000000000266,-10.079162776096325,1.272208253819862,1.435823362210055,10.260098675724327,-0.012372615987565894,3.552713678800501e-15,-10.260091215675118,-0.00014286405376437488,7.760264690580275,-6.014729329543771,6.240678079404622e-14,5.30310051462071e-16,"[0.003890650685622946, -2.2055081526516984e-17, -33.77883578143285]","[0.0, 0.0, 0.0]",-167.2632187725811
query-000000,-0.0009469145271202942,-5.921189464667501e-16,-0.969029504198635,104.47308159111697,6.5591200776957495,-17.00771835913834,-0.00013589649164469597,8.364907489501661,3.9192004191451604,34.0401782692976,"[0.0036472644575758187, 1.9886677181544496e-17, -34.040178073902936]",-0.000184893185911151,1.9146991247623928,0.8972332517572477,0.7493525181776951,"[-0.5841169466473932, -0.37190876316886423, 0.6647559507629573, -0.2803404901949923]","[0.0009244659295557549, 0.159074630872936, -0.732272902458255]",nominal-cylinder-pseudo_6dof,106.05144655836418,booster-release,104.47308159111697,6.5591200776957495,-17.00771835913834,-0.011362974325443531,-7.105427357601002e-15,106.05144594961638,-115.92785402789184,-7.267952008686542,18.87974740634096,0.0,0.7349999999999999,0.0,4.3675,4.3675,12.0,alpha3-passive-deployment-parent-v1,-0.00013589649164469597,8.364907489501661,3.9192004191451604,-80.10109187603001,"[378.8904302459371, 4.127625689280258e-15, 307.9532608191939]",0.619756718691211,native_rigid_body_reuse_instantaneous_projected_area,0.5454285464269072,1.1362748113409653,0.0,0.0,0.0,0.0,0.0,0.0,0.0,query-000000,rigid_body_6dof,pseudo_6dof,158.94527865931997,0.0,0.0,,28.50000000000027,-11.454772436774874,-0.7088319309907929,1.87202904720262,11.628359602207814,-0.011362974325443531,-7.105427357601002e-15,-11.62835405038362,-0.00013589649164469597,8.364907489501661,3.9192004191451604,5.22674558835475e-14,4.441497681296832e-16,"[0.0036472644575758187, 1.9886677181544496e-17, -34.040178073902936]","[0.0, 0.0, 0.0]",-103.7918198415866
query-000000,-0.0009542164564143955,5.921189464667501e-16,-0.23757414736849705,112.37026062120769,22.208039864527503,-8.087413021813722,-0.00012926874153939427,3.5818675480020077,11.33734597324877,34.183682543129954,"[0.0034087546972830216, -3.6858055188185735e-17, -34.18368237317154]",-0.00017587583882910788,0.8199231337326703,2.595456680419101,0.5923674313717221,"[-0.6309844142082962, -0.40296161068783354, 0.6106267652368224, -0.25809990878436]","[0.0008793791941455393, 0.5287223387577027, -0.2671162461190817]",nominal-cylinder-pseudo_6dof,114.82891080249779,booster-release,112.37026062120769,22.208039864527503,-8.087413021813722,-0.011450597476972746,7.105427357601002e-15,114.82891023157804,-115.16152917786337,-22.74980797108664,8.294803357211592,0.0,0.7349999999999999,0.0,4.3675,4.3675,12.0,alpha3-passive-deployment-parent-v1,-0.00012926874153939427,3.5818675480020077,11.33734597324877,-78.12549783963199,"[378.89131230863086, 4.125195871744809e-15, 299.4212465667016]",0.6647615938796088,native_rigid_body_reuse_instantaneous_projected_area,0.5850359325444308,1.1362748113409653,0.0,0.0,0.0,0.0,0.0,0.0,0.0,query-000000,rigid_body_6dof,pseudo_6dof,110.03235212139921,0.0,0.0,,28.750000000000274,-2.7912685566556803,-0.541768106559136,0.20739033539786966,2.8509127639890393,-0.011450597476972746,7.105427357601002e-15,-2.8508897684219647,-0.00012926874153939427,3.5818675480020077,11.33734597324877,3.049422118074942e-14,2.591287645012094e-16,"[0.0034087546972830216, -3.6858055188185735e-17, -34.18368237317154]","[0.0, 0.0, 0.0]",-53.968683876659675
query-000000,-0.0008629452691846968,-5.921189464667501e-16,-0.5099621111802446,109.54805678128255,19.781058102176726,7.32280848737379,-0.0001229642306209657,-4.105684286160818,9.558172285522376,34.252344386513315,"[0.0031794009622531116, -2.4522243803461768e-17, -34.25234423895275]",-0.00016729827295369485,-0.9397889297675661,2.188122911069143,0.6351906060031368,"[-0.6692965953336082, -0.3797362813495197, 0.56833566499333, -0.29126791103427147]","[0.0008364913647684743, 0.5086205408974502, 0.38048856962333844]",nominal-cylinder-pseudo_6dof,111.56025514644331,booster-release,109.54805678128255,19.781058102176726,7.32280848737379,-0.010355343230216363,-7.105427357601002e-15,111.56025466583706,-115.55923801162643,-20.857157831597462,-7.718601259302581,0.0,0.7349999999999999,0.0,4.3675,4.3675,12.0,alpha3-passive-deployment-parent-v1,-0.0001229642306209657,-4.105684286160818,9.558172285522376,-79.10652407950855,"[378.8921353434795, 4.117955087769318e-15, 290.8682366032491]",0.6426052366625805,native_rigid_body_reuse_instantaneous_projected_area,0.5655368140249587,1.1362748113409653,0.0,0.0,0.0,0.0,0.0,0.0,0.0,query-000000,rigid_body_6dof,pseudo_6dof,69.69201586550494,0.0,0.0,,29.000000000000277,-6.01118123034388,-1.0760997294207364,-0.39579277192879037,6.119554095684486,-0.010355343230216363,-7.105427357601002e-15,-6.119545334162936,-0.0001229642306209657,-4.105684286160818,9.558172285522376,2.0540326161606015e-14,1.7454419672370292e-16,"[0.0031794009622531116, -2.4522243803461768e-17, -34.25234423895275]","[0.0, 0.0, 0.0]",-12.761781022216288
query-000000,-0.0007547272342875999,2.9605947323337506e-16,-1.0742383006463474,103.54361247938813,3.5902243958927063,15.701997136000344,-0.00011696719432824502,-7.972151694510405,1.1842660638157483,34.46808818518718,"[0.0029790172137617995, -4.4259542019020116e-17, -34.46808805645153]",-0.0001591390399023742,-1.8248724530510245,0.27106243271277536,0.7129309477048735,"[-0.6697195858920932, -0.3254204224600403, 0.5649798560599925, -0.3554925979044885]","[0.0007956951995118709, 0.13869848484285402, 0.6993086824620549]",nominal-cylinder-pseudo_6dof,104.78894078362242,booster-release,103.54361247938813,3.5902243958927063,15.701997136000344,-0.009056726811451199,3.552713678800501e-15,104.78894039224383,-116.28238217843752,-4.02330143827988,-17.62827185190129,0.0,0.7349999999999999,0.0,4.3675,4.3675,12.0,alpha3-passive-deployment-parent-v1,-0.00011696719432824502,-7.972151694510405,1.1842660638157483,-81.16146047611139,"[378.8929045640587, 4.109850796996897e-15, 282.2813396068279]",0.5954669893729551,native_rigid_body_reuse_instantaneous_projected_area,0.5240519137005418,1.1362748113409653,0.0,0.0,0.0,0.0,0.0,0.0,0.0,query-000000,rigid_body_6dof,pseudo_6dof,12.856412002312817,0.0,0.0,,29.25000000000028,-12.738769699049385,-0.4330770423871737,-1.926274715900945,12.890862789246501,-0.009056726811451199,3.552713678800501e-15,-12.89085960775617,-0.00011696719432824502,-7.972151694510405,1.1842660638157483,2.852992363761872e-14,2.424368807358503e-16,"[0.0029790172137617995, -4.4259542019020116e-17, -34.46808805645153]","[0.0, 0.0, 0.0]",44.89537096946343
query-000000,-0.0007520670482475584,2.9605947323337506e-16,-0.46579339640321865,110.2877716735896,-14.049711133027698,14.263373325045947,-0.00011126263694678678,-6.859035343934988,-7.471541143401185,34.67559394457957,"[0.002791860811736951, -2.317783310958639e-18, -34.67559383218803]",-0.00015137773734256706,-1.5701498275860872,-1.710516990409607,0.599110716727882,"[-0.6319908974835414, -0.28338065253491873, 0.596734477371221, -0.40520473193600204]","[0.0007568886867128354, -0.31213659826901674, 0.5113744440610606]",nominal-cylinder-pseudo_6dof,112.09027960647161,booster-release,110.2877716735896,-14.049711133027698,14.263373325045947,-0.009024804578970702,3.552713678800501e-15,112.09027924316138,-115.7870238009334,14.758374587071888,-14.969663553659188,0.0,0.7349999999999999,0.0,4.3675,4.3675,12.0,alpha3-passive-deployment-parent-v1,-0.00011126263694678678,-6.859035343934988,-7.471541143401185,-79.70988732018813,"[378.89362593078295, 4.108531202486073e-15, 273.6349736943666]",0.6287166958076459,native_rigid_body_reuse_instantaneous_projected_area,0.5533139426594093,1.1362748113409653,0.0,0.0,0.0,0.0,0.0,0.0,0.0,query-000000,rigid_body_6dof,pseudo_6dof,-44.59278301018907,1.3552527156068805e-20,1.3362117854759519e-21,,29.500000000000284,-5.499252127343794,0.7086634540441903,-0.7062902286132413,5.589528042529844,-0.009024804578970702,3.552713678800501e-15,-5.589520756838624,-0.00011126263694678678,-6.859035343934988,-7.471541143401185,1.4732538223285727e-14,1.251917340383458e-16,"[0.002791860811736951, -2.317783310958639e-18, -34.67559383218803]","[0.0, 0.0, 0.0]",103.12586900565697
query-000000,-0.0007158436548901174,2.9605947323337506e-16,-0.26505495495207276,112.49140221991027,-21.276313296975154,1.7481926117918523,-0.00010583629411176738,-0.404633908575604,-10.595046620195054,34.741996130492396,"[0.002606465407601618, 3.715681312015805e-17, -34.74199603271934]",-0.00014399495797519374,-0.09267612648873633,-2.425561768337593,0.5397115354351347,"[-0.5839417125540253, -0.2881039668642887, 0.6398290596191069, -0.40819965100850153]","[0.0007199747898759687, -0.5374497965888061, -0.049353209264479725]",nominal-cylinder-pseudo_6dof,114.4991408628056,booster-release,112.49140221991027,-21.276313296975154,1.7481926117918523,-0.008590123858681409,3.552713678800501e-15,114.49914054057513,-115.614946815705,21.874809603943323,-1.7922348152340533,0.0,0.7349999999999999,0.0,4.3675,4.3675,12.0,alpha3-passive-deployment-parent-v1,-0.00010583629411176738,-0.404633908575604,-10.595046620195054,-79.25099325794322,"[378.8943005341095, 4.113626229895307e-15, 264.9566922748072]",0.639122559703144,native_rigid_body_reuse_instantaneous_projected_area,0.5624718187221706,1.1362748113409653,0.0,0.0,0.0,0.0,0.0,0.0,0.0,query-000000,rigid_body_6dof,pseudo_6dof,-85.316135707604,0.0,0.0,,29.750000000000288,-3.1235445957947263,0.598496306968169,-0.044042203442201,3.1806710592352734,-0.008590123858681409,3.552713678800501e-15,-3.1806594594248736,-0.00010583629411176738,-0.404633908575604,-10.595046620195054,3.239535856211544e-14,2.7528393625852053e-16,"[0.002606465407601618, 3.715681312015805e-17, -34.74199603271934]","[0.0, 0.0, 0.0]",144.5943353513786
query-000000,-0.0006211236673424972,5.921189464667501e-16,-0.9232989591342147,105.4063261722023,-11.484789433847512,-11.00960367543206,-0.00010067459713964842,5.823782291653372,-5.2777228348851075,34.88743326567039,"[0.002439328395498391, 2.9755326289323674e-17, -34.887433180391504]",-0.0001369722410063244,1.333133117344078,-1.208200198621071,0.6452446365289466,"[-0.559866854363426, -0.33769635083303234, 0.6615270877439395, -0.3672767242833093]","[0.000684861205031622, -0.36517510467926967, -0.5319655203647946]",nominal-cylinder-pseudo_6dof,106.60021275096307,booster-release,105.4063261722023,-11.484789433847512,-11.00960367543206,-0.007453484008109967,7.105427357601002e-15,106.60021249038942,-116.36063279621081,12.6855313165151,12.157950424438525,0.0,0.7349999999999999,0.0,4.3675,4.3675,12.0,alpha3-passive-deployment-parent-v1,-0.00010067459713964842,5.823782291653372,-5.2777228348851075,-81.41296713950456,"[378.8949307503998, 4.120571629012248e-15, 256.25664189928455]",0.5894771469395951,native_rigid_body_reuse_instantaneous_projected_area,0.5187804403090908,1.1362748113409653,0.0,0.0,0.0,0.0,0.0,0.0,0.0,query-000000,rigid_body_6dof,pseudo_6dof,-133.7834388127834,0.0,0.0,,30.00000000000029,-10.95430662400851,1.2007418826675877,1.148346749006464,11.079590016672212,-0.007453484008109967,7.105427357601002e-15,-11.079587509610576,-0.00010067459713964842,5.823782291653372,-5.2777228348851075,8.440616121040728e-15,7.172527588456752e-17,"[0.002439328395498391, 2.9755326289323674e-17, -34.887433180391504]","[0.0, 0.0, 0.0]",-166.2305681039934
query-000000,-0.0005901722929652445,1.1842378929335002e-15,-0.7537050691901481,107.38766493730523,4.610072451378875,-15.756700732751627,-9.576463909939184e-05,7.837346931127901,2.833173898272733,35.12576027711806,"[0.002289890262154949, 7.169708499738514e-17, -35.12576020247772]",-0.00013029202598556714,1.7941422175562505,0.6486692191081119,0.60644223774883,"[-0.5717657573752577, -0.39498148133411093, 0.6453887081654421, -0.3170914118495659]","[0.0006514601299278357, 0.04694154006629879, -0.6046224070787581]",nominal-cylinder-pseudo_6dof,108.63533940056249,booster-release,107.38766493730523,4.610072451378875,-15.756700732751627,-0.007082067515582935,1.4210854715202004e-14,108.63533916971822,-116.3279883887501,-4.987192057689157,17.07226876682018,0.0,0.7349999999999999,0.0,4.3675,4.3675,12.0,alpha3-passive-deployment-parent-v1,-9.576463909939184e-05,7.837346931127901,2.833173898272733,-81.30716633361071,"[378.89552174802634, 4.134178366276941e-15, 247.5040378895053]",0.5919968521413732,native_rigid_body_reuse_instantaneous_projected_area,0.5209979542208922,1.1362748113409653,0.0,0.0,0.0,0.0,0.0,0.0,0.0,query-000000,rigid_body_6dof,pseudo_6dof,163.7157340032722,1.3552527156068805e-20,1.626227892756957e-21,,30.250000000000295,-8.940323451444868,-0.3771196063102815,1.3155680340685532,9.044463603010499,-0.007082067515582935,1.4210854715202004e-14,-9.044460830281778,-9.576463909939184e-05,7.837346931127901,2.833173898272733,1.2420612335037436e-14,1.0554583144292764e-16,"[0.002289890262154949, 7.169708499738514e-17, -35.12576020247772]","[0.0, 0.0, 0.0]",-103.05783329104887
query-000000,-0.0005839018682648837,-5.921189464667501e-16,-0.20363278975787105,113.46284585265167,17.738668238829945,-9.534442984014717,-9.109414253841544e-05,4.395282967218115,9.07804194235029,35.2306946167012,"[0.0021421671875144887, 1.2485190350710124e-17, -35.230694551575034]",-0.00012393760889572783,1.0062381512098564,2.0783247747348286,0.4882592426728779,"[-0.6085540407271611, -0.4210386110235482, 0.6034155603631951, -0.297116356085587]","[0.0006196880444790167, 0.4258025469825339, -0.23893282534094568]",nominal-cylinder-pseudo_6dof,115.2362067359269,booster-release,113.46284585265167,17.738668238829945,-9.534442984014717,-0.007006822419178604,-7.105427357601002e-15,115.23620652290555,-115.86951642656118,-18.108594817466216,9.740086490976637,0.0,0.7349999999999999,0.0,4.3675,4.3675,12.0,alpha3-passive-deployment-parent-v1,-9.109414253841544e-05,4.395282967218115,9.07804194235029,-79.93721287166066,"[378.89607573091916, 4.1448245088093e-15, 238.70647045915]",0.6235866111710677,native_rigid_body_reuse_instantaneous_projected_area,0.5487991152731329,1.1362748113409653,0.0,0.0,0.0,0.0,0.0,0.0,0.0,query-000000,rigid_body_6dof,pseudo_6dof,118.27451542398292,8.881784197001252e-16,8.805967234604538e-17,,30.5000000000003,-2.4066705739095084,-0.3699265786362709,0.2056435069619198,2.4436035228446884,-0.007006822419178604,-7.105427357601002e-15,-2.4435934770944527,-9.109414253841544e-05,4.395282967218115,9.07804194235029,2.2697477280876327e-14,1.928748798083981e-16,"[0.0021421671875144887, 1.2485190350710124e-17, -35.230694551575034]","[0.0, 0.0, 0.0]",-56.976625280082445
query-000000,-0.000520580159268628,-5.921189464667501e-16,-0.6286427122912409,108.86541325692393,16.170881588171255,4.096606330963581,-8.665142878256654e-05,-2.4682999586355607,7.837594603181194,35.31725029221307,"[0.002003208232038305, -1.4653594695682594e-17, -35.317250235401694]",-0.00011789310038459533,-0.5650125716712576,1.7942907965742885,0.5582980648693404,"[-0.6427258508045343, -0.4004960559126039, 0.566584730760036, -0.3247893667834794]","[0.0005894655019222214, 0.48082059891673723, 0.28373919966163]",nominal-cylinder-pseudo_6dof,110.13608762966999,booster-release,108.86541325692393,16.170881588171255,4.096606330963581,-0.006246961911223536,-7.105427357601002e-15,110.13608745250511,-116.32307277015369,-17.272681496330055,-4.374076276869758,0.0,0.7349999999999999,0.0,4.3675,4.3675,12.0,alpha3-passive-deployment-parent-v1,-8.665142878256654e-05,-2.4682999586355607,7.837594603181194,-81.29134527360712,"[378.89659356553005, 4.142641407501546e-15, 229.890304627858]",0.5924554103884985,native_rigid_body_reuse_instantaneous_projected_area,0.5214015170232605,1.1362748113409653,0.0,0.0,0.0,0.0,0.0,0.0,0.0,query-000000,rigid_body_6dof,pseudo_6dof,75.78935125020685,0.0,0.0,,30.750000000000302,-7.457659513229757,-1.1017999081587995,-0.27746994590617646,7.543715134054638,-0.006246961911223536,-7.105427357601002e-15,-7.543712547494891,-8.665142878256654e-05,-2.4682999586355607,7.837594603181194,7.899827798762453e-14,6.712985405109843e-16,"[0.002003208232038305, -1.4653594695682594e-17, -35.317250235401694]","[0.0, 0.0, 0.0]",-13.88280747022901
query-000000,-0.00046925122885295895,-1.1842378929335002e-15,-0.9406684075739211,105.47757740775896,3.7059711662602783,13.414810308598044,-8.242538873335034e-05,-6.877964382960508,1.365350839413236,35.53681641843018,"[0.0018808627760670935, 5.0837035198757426e-18, -35.53681636865581]",-0.00011214338603176919,-1.574545467460453,0.3125250449696188,0.5914169256082199,"[-0.647847111537832, -0.3533276146255798, 0.5586835242931901, -0.3785847811236288]","[0.0005607169301588459, 0.19525956343616077, 0.5582538565734436]",nominal-cylinder-pseudo_6dof,106.39177925812972,booster-release,105.47757740775896,3.7059711662602783,13.414810308598044,-0.005631014746235508,-1.4210854715202004e-14,106.39177910911295,-116.66915766945246,-4.093655370807532,-14.835260781176387,0.0,0.7349999999999999,0.0,4.3675,4.3675,12.0,alpha3-passive-deployment-parent-v1,-8.242538873335034e-05,-6.877964382960508,1.365350839413236,-82.4855583777845,"[378.89707880084046, 4.137991143916847e-15, 221.03530554737202]",0.5646747823635664,native_rigid_body_reuse_instantaneous_projected_area,0.49695265329095,1.1362748113409653,0.0,0.0,0.0,0.0,0.0,0.0,0.0,query-000000,rigid_body_6dof,pseudo_6dof,15.42635907850664,8.881784197001252e-16,1.2666235678298528e-16,,31.000000000000306,-11.191580261693503,-0.38768420454725394,-1.4204504725783433,11.28802229539921,-0.005631014746235508,-1.4210854715202004e-14,-11.288020890887054,-8.242538873335034e-05,-6.877964382960508,1.365350839413236,6.195691078938381e-14,5.264872203163483e-16,"[0.0018808627760670935, 5.0837035198757426e-18, -35.53681636865581]","[0.0, 0.0, 0.0]",47.05778736721658
query-000000,-0.00046842970208989715,-2.9605947323337506e-16,-0.32577976048090324,112.38792847833767,-10.857166869497828,13.956688837671052,-7.840545508940177e-05,-6.783822688455059,-5.800090155969208,35.69832093216023,"[0.0017637783659557912, 5.0837035198757426e-18, -35.69832088858795]",-0.00010667408855700922,-1.5530620875447694,-1.3279126952994527,0.4800825152777941,"[-0.6203445512932981, -0.3169142988052437, 0.581583626851045, -0.4201171858806559]","[0.0005333704427850462, -0.22269230724724326, 0.4253082097542012]",nominal-cylinder-pseudo_6dof,113.77044301309384,booster-release,112.38792847833767,-10.857166869497828,13.956688837671052,-0.005621156425078766,-3.552713678800501e-15,113.77044287422916,-116.24960853971207,11.235412575053129,-14.43361862708188,0.0,0.7349999999999999,0.0,4.3675,4.3675,12.0,alpha3-passive-deployment-parent-v1,-7.840545508940177e-05,-6.783822688455059,-5.800090155969208,-81.05820758161099,"[378.8975343876066, 4.140619009049136e-15, 212.12750029891848]",0.5977589647503778,native_rigid_body_reuse_instantaneous_projected_area,0.5260690097010401,1.1362748113409653,0.0,0.0,0.0,0.0,0.0,0.0,0.0,query-000000,rigid_body_6dof,pseudo_6dof,-37.89789168765232,8.881784197001252e-16,9.95122469919233e-17,,31.25000000000031,-3.8616800613744005,0.378245705555301,-0.4769297894108284,3.9093611670213835,-0.005621156425078766,-3.552713678800501e-15,-3.909357125770839,-7.840545508940177e-05,-6.783822688455059,-5.800090155969208,3.839285419591449e-14,3.2624846571726404e-16,"[0.0017637783659557912, 5.0837035198757426e-18, -35.69832088858795]","[0.0, 0.0, 0.0]",100.93177542223691
query-000000,-0.00043602723250065384,2.9605947323337506e-16,-0.3547754232082738,112.10397368039447,-16.89750335724007,3.4403265764429367,-7.458157592272112e-05,-1.3076338273322692,-8.43398657720144,35.760994485110174,"[0.001649701052794736, 1.9886677181544506e-17, -35.76099444705875]",-0.00010147153186764779,-0.29940812360975044,-1.9308794942615144,0.4725745251679551,"[-0.5806613601775257, -0.3207281464424449, 0.6180435173597936, -0.4218863016571097]","[0.000507357659338239, -0.47227184990177357, -0.016903378842124575]",nominal-cylinder-pseudo_6dof,113.42249504218763,booster-release,112.10397368039447,-16.89750335724007,3.4403265764429367,-0.005232326790007846,3.552713678800501e-15,113.42249492150071,-116.31113708449305,17.53656190064741,-3.567031659100884,0.0,0.7349999999999999,0.0,4.3675,4.3675,12.0,alpha3-passive-deployment-parent-v1,-7.458157592272112e-05,-1.3076338273322692,-8.43398657720144,-81.25304810710462,"[378.8979609020789, 4.1400395632213965e-15, 203.1952536983871]",0.5932201164388382,native_rigid_body_reuse_instantaneous_projected_area,0.5220745109528164,1.1362748113409653,0.0,0.0,0.0,0.0,0.0,0.0,0.0,query-000000,rigid_body_6dof,pseudo_6dof,-78.50257950495087,0.0,0.0,,31.500000000000313,-4.20716340409858,0.6390585434073408,-0.12670508265794744,4.257308293823628,-0.005232326790007846,3.552713678800501e-15,-4.257305078499286,-7.458157592272112e-05,-1.3076338273322692,-8.43398657720144,2.4592191827989087e-14,2.089754726638649e-16,"[0.001649701052794736, 1.9886677181544506e-17, -35.76099444705875]","[0.0, 0.0, 0.0]",142.06016812938051
query-000000,-0.0003831465947682725,-8.881784197001252e-16,-0.9128955211468816,105.93040147951189,-9.753766550603594,-8.593672017386348,-7.094418954362428e-05,4.616598391452997,-4.519065471399397,35.925617935916975,"[0.001547690370476943, 1.4952352627654923e-17, -35.925617902579404]",-9.652270686207386e-05,1.056870122416946,-1.0345560883628768,0.5493724059745274,"[-0.5570014722169296, -0.36197135482770865, 0.6397240496413606, -0.3866254499419612]","[0.0004826135343103693, -0.3660702721921271, -0.4096368676615906]",nominal-cylinder-pseudo_6dof,106.72505384527409,booster-release,105.93040147951189,-9.753766550603594,-8.593672017386348,-0.0045977591372192705,-1.0658141036401503e-14,106.72505374623742,-116.80298555376683,10.759469054643827,9.477959665914383,0.0,0.7349999999999999,0.0,4.3675,4.3675,12.0,alpha3-passive-deployment-parent-v1,-7.094418954362428e-05,4.616598391452997,-4.519065471399397,-83.00141015872792,"[378.89836029235636, 4.1431608608090746e-15, 194.2375247024399]",0.5525048006149327,native_rigid_body_reuse_instantaneous_projected_area,0.48624223216116064,1.1362748113409653,0.0,0.0,0.0,0.0,0.0,0.0,0.0,query-000000,rigid_body_6dof,pseudo_6dof,-131.37665567227543,0.0,0.0,,31.750000000000316,-10.872584074254945,1.005702504040233,0.8842876485280353,10.954747218613232,-0.0045977591372192705,-1.0658141036401503e-14,-10.954746253762579,-7.094418954362428e-05,4.616598391452997,-4.519065471399397,5.773159728050814e-15,4.905820479003885e-17,"[0.001547690370476943, 1.4952352627654923e-17, -35.925617902579404]","[0.0, 0.0, 0.0]",-164.56828922079987
query-000000,-0.000372238523797345,2.9605947323337506e-16,-0.5577827597256733,110.00187795403897,3.0654751566089375,-14.428175264579163,-6.748420059153497e-05,7.22061059122617,1.958788469758539,36.129634912216936,"[0.0014541069305894713, 4.949262450488201e-17, -36.129634882955266]",-9.181523890004287e-05,1.6530732042816292,0.44849477337270566,0.48780882814838405,"[-0.5628613076169172, -0.4094876604616243, 0.6303397576699433, -0.3437714272856845]","[0.0004590761945002379, -0.007467611833529439, -0.4877514498615571]",nominal-cylinder-pseudo_6dof,110.98640697318068,booster-release,110.00187795403897,3.0654751566089375,-14.428175264579163,-0.004466862285568141,3.552713678800501e-15,110.98640688329192,-116.63574898916232,-3.246070624540323,15.30034023404773,0.0,0.7349999999999999,0.0,4.3675,4.3675,12.0,alpha3-passive-deployment-parent-v1,-6.748420059153497e-05,7.22061059122617,1.958788469758539,-82.36218492434558,"[378.8987354670216, 4.1526967803168085e-15, 185.22862173569936]",0.5674930103938629,native_rigid_body_reuse_instantaneous_projected_area,0.49943288782767326,1.1362748113409653,0.0,0.0,0.0,0.0,0.0,0.0,0.0,query-000000,rigid_body_6dof,pseudo_6dof,168.02191847583853,0.0,0.0,,32.00000000000032,-6.633871035123349,-0.18059546793138548,0.8721649694685674,6.693394607196993,-0.004466862285568141,3.552713678800501e-15,-6.69339311670808,-6.748420059153497e-05,7.22061059122617,1.958788469758539,2.2515914174666346e-14,1.913320227827235e-16,"[0.0014541069305894713, 4.949262450488201e-17, -36.129634882955266]","[0.0, 0.0, 0.0]",-103.49408346341426
query-000000,-0.00036079766000500035,2.9605947323337506e-16,-0.21346204759980716,113.88059857741638,13.806097229749925,-9.633986643555245,-6.419295729184621e-05,4.50621115060989,7.085176398675868,36.20815112452089,"[0.0013617804899129064, 2.2353839458489298e-17, -36.20815109891276]",-8.733735685965472e-05,1.0316841233889937,1.622120669091656,0.4123834287230286,"[-0.5926367684415182, -0.4305824645742907, 0.5970348591502983, -0.32700119090258306]","[0.00043668678429827366, 0.35578954913306504, -0.2085034731550146]",nominal-cylinder-pseudo_6dof,115.1182555102194,booster-release,113.88059857741638,13.806097229749925,-9.633986643555245,-0.004329571920060005,3.552713678800501e-15,115.11825542880231,-116.41492767722542,-14.109311505479319,9.85024216898887,0.0,0.7349999999999999,0.0,4.3675,4.3675,12.0,alpha3-passive-deployment-parent-v1,-6.419295729184621e-05,4.50621115060989,7.085176398675868,-81.59186295839646,"[378.89908739590084, 4.161369193027612e-15, 176.18452499785317]",0.5854465862545207,native_rigid_body_reuse_instantaneous_projected_area,0.515233269638012,1.1362748113409653,0.0,0.0,0.0,0.0,0.0,0.0,0.0,query-000000,rigid_body_6dof,pseudo_6dof,124.92034518227734,1.2560739669470201e-15,1.4959022401936872e-16,,32.250000000000306,-2.5343290998090424,-0.30321427572939363,0.2162555254336258,2.5615482301579546,-0.004329571920060005,3.552713678800501e-15,-2.561544571197686,-6.419295729184621e-05,4.50621115060989,7.085176398675868,4.80017414061754e-14,4.079012830254249e-16,"[0.0013617804899129064, 2.2353839458489298e-17, -36.20815109891276]","[0.0, 0.0, 0.0]",-59.942324553318265
query-000000,-0.0003201215698188283,0.0,-0.6994122302882009,108.47803479670354,13.046080333331764,2.4355820010039184,-6.106222982197828e-05,-1.6027838256823734,6.343855194420004,36.31259528504282,"[0.0012763963447055152, -4.784945587903415e-18, -36.31259526261]",-8.307786370337182e-05,-0.3669088260812873,1.452361797359748,0.48614665577393595,"[-0.6233941703227404, -0.41264064606870166, 0.5644394733749541, -0.35002212289486956]","[0.0004153893185168591, 0.44074736712125273, 0.20513448454021455]",nominal-cylinder-pseudo_6dof,109.28685330405564,booster-release,108.47803479670354,13.046080333331764,2.4355820010039184,-0.0038414588378259396,0.0,109.28685323654159,-116.80935361785498,-14.044253423837425,-2.6209122812368193,0.0,0.7349999999999999,0.0,4.3675,4.3675,12.0,alpha3-passive-deployment-parent-v1,-6.106222982197828e-05,-1.6027838256823734,6.343855194420004,-83.02690242662298,"[378.8994169509069, 4.160172956630636e-15, 167.12209956716617]",0.5520089113936846,native_rigid_body_reuse_instantaneous_projected_area,0.4858058155335115,1.1362748113409653,0.0,0.0,0.0,0.0,0.0,0.0,0.0,query-000000,rigid_body_6dof,pseudo_6dof,79.42916403148514,8.881784197001252e-16,1.3574076202236508e-16,,32.50000000000029,-8.331318821151442,-0.9981730905056612,-0.18533028023290088,8.392947642577845,-0.0038414588378259396,0.0,-8.392946763458411,-6.106222982197828e-05,-1.6027838256823734,6.343855194420004,1.6287013395101304e-14,1.3840109683311244e-16,"[0.0012763963447055152, -4.784945587903415e-18, -36.31259526261]","[0.0, 0.0, 0.0]",-14.023212435752088
query-000000,-0.00029690197872038005,8.881784197001252e-16,-0.771733210859678,107.72230475307519,3.6367114526518143,11.720037579836035,-5.808418973253486e-05,-6.041492655658687,1.4351215749518822,36.52045569040563,"[0.0012001212413432227, -1.4653594695682584e-17, -36.52045567068667]",-7.90261084797148e-05,-1.383139767742067,0.32852281213026235,0.4854377004277549,"[-0.6312873669693676, -0.3726990703360268, 0.5541230268393206, -0.39435939750686044]","[0.0003951305423981964, 0.2077548548834224, 0.4387340027178305]",nominal-cylinder-pseudo_6dof,108.41900152822394,booster-release,107.72230475307519,3.6367114526518143,11.720037579836035,-0.003562823744644561,1.0658141036401503e-14,108.41900146968386,-116.92388319737182,-3.943824737604764,-12.719556302261687,0.0,0.7349999999999999,0.0,4.3675,4.3675,12.0,alpha3-passive-deployment-parent-v1,-5.808418973253486e-05,-6.041492655658687,1.4351215749518822,-83.50234845148276,"[378.8997263941469, 4.158113213436728e-15, 158.0183803238872]",0.5408298244040881,native_rigid_body_reuse_instantaneous_projected_area,0.47596744995678664,1.1362748113409653,0.0,0.0,0.0,0.0,0.0,0.0,0.0,query-000000,rigid_body_6dof,pseudo_6dof,17.226568826742014,0.0,0.0,,32.75000000000028,-9.20157844429663,-0.30711328495294987,-0.9995187224256519,9.260799215662683,-0.003562823744644561,1.0658141036401503e-14,-9.260798530316137,-5.808418973253486e-05,-6.041492655658687,1.4351215749518822,1.3975145931274593e-14,1.1875569070711026e-16,"[0.0012001212413432227, -1.4653594695682584e-17, -36.52045567068667]","[0.0, 0.0, 0.0]",48.58583941512811
query-000000,-0.00029400263294535967,2.9605947323337506e-16,-0.24001077178921904,113.77249772881649,-8.17715796750394,12.958289325473974,-5.5251390372101496e-05,-6.328462559412893,-4.393901588653709,36.641688920983974,"[0.0011260749732727256, -4.7849455879034185e-18, -36.64168890368067]",-7.517195968993402e-05,-1.448880441813188,-1.0059910858187786,0.38978899299218855,"[-0.6107465145776816, -0.342291480375448, 0.5713178243306908, -0.428276990971549]","[0.0003758597984496701, -0.17250383895145271, 0.34953933016799066]",nominal-cylinder-pseudo_6dof,114.79967079274118,booster-release,113.77249772881649,-8.17715796750394,12.958289325473974,-0.0035280315953443164,3.552713678800501e-15,114.79967073852937,-116.6267858927593,8.385615440147962,-13.281927347129908,0.0,0.7349999999999999,0.0,4.3675,4.3675,12.0,alpha3-passive-deployment-parent-v1,-5.5251390372101496e-05,-6.328462559412893,-4.393901588653709,-82.3294211197528,"[378.9000171585165, 4.1577804838366836e-15, 148.87018297199796]",0.5682636392040881,native_rigid_body_reuse_instantaneous_projected_area,0.5001110941933637,1.1362748113409653,0.0,0.0,0.0,0.0,0.0,0.0,0.0,query-000000,rigid_body_6dof,pseudo_6dof,-32.26648391086857,0.0,0.0,,33.00000000000026,-2.8542881639428117,0.2084574726440227,-0.3236380216559347,2.8801314223115386,-0.0035280315953443164,3.552713678800501e-15,-2.8801292614706284,-5.5251390372101496e-05,-6.328462559412893,-4.393901588653709,4.1901359877957057e-14,3.560624667781306e-16,"[0.0011260749732727256, -4.7849455879034185e-18, -36.64168890368067]","[0.0, 0.0, 0.0]",98.46583238968195
query-000000,-0.0002693702492534792,0.0,-0.4354945168312021,111.6008135028703,-13.274782690110698,3.861413393685139,-5.255674826673961e-05,-1.568203977310763,-6.643242163018813,36.708130855685354,"[0.0010551610601110095, 2.4821001735434088e-17, -36.708130840520255]",-7.150577995474777e-05,-0.3590601667517577,-1.5209394830784466,0.41505445593713713,"[-0.5772040197738362, -0.3456776882204177, 0.6027800566818391, -0.4289506483153412]","[0.0003575288997737389, -0.415000251324335, 0.006698131612438235]",nominal-cylinder-pseudo_6dof,112.45386584448319,booster-release,111.6008135028703,-13.274782690110698,3.861413393685139,-0.0032324429910417507,0.0,112.45386579802557,-116.78678453742587,13.894770525428651,-4.039509561140555,0.0,0.7349999999999999,0.0,4.3675,4.3675,12.0,alpha3-passive-deployment-parent-v1,-5.255674826673961e-05,-1.568203977310763,-6.643242163018813,-82.93696791065086,"[378.9002896826533, 4.161271855765902e-15, 139.70252899444193]",0.5540406530549828,native_rigid_body_reuse_instantaneous_projected_area,0.48759388796195907,1.1362748113409653,0.0,0.0,0.0,0.0,0.0,0.0,0.0,query-000000,rigid_body_6dof,pseudo_6dof,-73.7897124213763,6.776263578034403e-21,9.927386703996512e-22,,33.25000000000025,-5.185971034555578,0.6199878353179535,-0.17809616745541623,5.225935201670009,-0.0032324429910417507,0.0,-5.225934201974425,-5.255674826673961e-05,-1.568203977310763,-6.643242163018813,2.8436450757049715e-14,2.416425823042673e-16,"[0.0010551610601110095, 2.4821001735434088e-17, -36.708130840520255]","[0.0, 0.0, 0.0]",140.35739224868607
query-000000,-0.00024117975214584436,2.9605947323337506e-16,-0.8379534108842794,107.0702731161132,-8.265765260923743,-7.115926711614844,-4.999352540760957e-05,3.8562555140998396,-3.860833262248244,36.88019486666995,"[0.0009917557323387075, 5.936127361266119e-17, -36.88019485333516]",-6.801840191511507e-05,0.882855353589942,-0.8838949948436221,0.4621856418965312,"[-0.5546408671524244, -0.3795688131306342, 0.6236920989549474, -0.39913555377112214]","[0.00034009200957557537, -0.3414907364538266, -0.31144747362750713]",nominal-cylinder-pseudo_6dof,107.62435910830243,booster-release,107.0702731161132,-8.265765260923743,-7.115926711614844,-0.0028941570257501326,3.552713678800501e-15,107.62435906938865,-117.0736395933478,9.040942603766496,7.782004705877966,0.0,0.7349999999999999,0.0,4.3675,4.3675,12.0,alpha3-passive-deployment-parent-v1,-4.999352540760957e-05,3.8562555140998396,-3.860833262248244,-84.18208935385809,"[378.9005453964595, 4.17241143075365e-15, 130.50623831213312]",0.5247423051096012,native_rigid_body_reuse_instantaneous_projected_area,0.46180932629346144,1.1362748113409653,0.0,0.0,0.0,0.0,0.0,0.0,0.0,query-000000,rigid_body_6dof,pseudo_6dof,-130.72027265102477,6.776263578034403e-21,1.2418001717414382e-21,,33.500000000000234,-10.003366477234607,0.7751773428427526,0.6660779942631221,10.055441347109486,-0.0028941570257501326,3.552713678800501e-15,-10.055440930611354,-4.999352540760957e-05,3.8562555140998396,-3.860833262248244,1.7770505933182835e-14,1.5100727510739171e-16,"[0.0009917557323387075, 5.936127361266119e-17, -36.88019485333516]","[0.0, 0.0, 0.0]",-162.36207848967965
query-000000,-0.00023674552193557,0.0,-0.39927698708728343,112.12384729906022,1.8788426534024945,-12.981558989545727,-4.755531240244254e-05,6.513348025704299,1.2809892346452743,37.045712221188,"[0.0009322907107515725, 9.390154548988829e-17, -37.04571220945701]",-6.470110530944564e-05,1.4912166019039874,0.2933072916906154,0.3918864357836764,"[-0.5571390952433886, -0.41835791239170583, 0.618448683828992, -0.3634472604943113]","[0.0003235055265472282, -0.02583689860496334, -0.3910336667933909]",nominal-cylinder-pseudo_6dof,112.88847619070013,booster-release,112.12384729906022,1.8788426534024945,-12.981558989545727,-0.00284094626322684,0.0,112.8884761549526,-116.882631698688,-1.9558544931868482,13.533675348194933,0.0,0.7349999999999999,0.0,4.3675,4.3675,12.0,alpha3-passive-deployment-parent-v1,-4.755531240244254e-05,6.513348025704299,1.2809892346452743,-83.32721478582273,"[378.9007858837292, 4.1902123438891484e-15, 121.26304875395633]",0.5449082226389689,native_rigid_body_reuse_instantaneous_projected_area,0.4795567209625108,1.1362748113409653,0.0,0.0,0.0,0.0,0.0,0.0,0.0,query-000000,rigid_body_6dof,pseudo_6dof,171.7766840720699,0.0,0.0,,33.75000000000022,-4.758784399627785,-0.07701183978435377,0.5521163586492062,4.791324687296352,-0.00284094626322684,0.0,-4.791323845047401,-4.755531240244254e-05,6.513348025704299,1.2809892346452743,3.4606071971186146e-14,2.940697721374964e-16,"[0.0009322907107515725, 9.390154548988829e-17, -37.04571220945701]","[0.0, 0.0, 0.0]",-104.52621565447286
query-000000,-0.00022518136185508314,0.0,-0.2471873743714828,113.87250284725346,10.636487946734384,-8.894780842523481,-4.523601244871718e-05,4.180818580859478,5.476723935851388,37.108557228385386,"[0.0008741239730791183, 7.169708499738515e-17, -37.10855721809001]",-6.15455951683227e-05,0.9572102514802223,1.2538941734791638,0.3550353631720066,"[-0.582057479039526, -0.43503538189455526, 0.5912006987225017, -0.34990718972898527]","[0.0003077279758416135, 0.305176691931611, -0.181430981664792]",nominal-cylinder-pseudo_6dof,114.7135515393683,booster-release,113.87250284725346,10.636487946734384,-8.894780842523481,-0.002702176342260998,0.0,114.7135515075422,-116.8171591035323,-10.908969856398862,9.125844820738557,0.0,0.7349999999999999,0.0,4.3675,4.3675,12.0,alpha3-passive-deployment-parent-v1,-4.523601244871718e-05,4.180818580859478,5.476723935851388,-83.05827596116394,"[378.9010116256886, 4.21011034496005e-15, 111.99294391871321]",0.5512423724391888,native_rigid_body_reuse_instantaneous_projected_area,0.48513120852221014,1.1362748113409653,0.0,0.0,0.0,0.0,0.0,0.0,0.0,query-000000,rigid_body_6dof,pseudo_6dof,129.91400063787353,0.0,0.0,,34.000000000000206,-2.944656256278847,-0.27248190966447794,0.23106397821507585,2.9662497232642293,-0.002702176342260998,0.0,-2.966248492457794,-4.523601244871718e-05,4.180818580859478,5.476723935851388,1.666166996143405e-14,1.4158479162468026e-16,"[0.0008741239730791183, 7.169708499738515e-17, -37.10855721809001]","[0.0, 0.0, 0.0]",-62.34673897252598
query-000000,-0.00020044484619319292,-2.9605947323337506e-16,-0.7169201057480639,108.55115750082193,10.557923085208245,1.7075615391765122,-4.3029826088480964e-05,-1.196953595597479,5.152272581897999,37.226787121324264,"[0.000820917420410661, 5.68941113357164e-17, -37.226787112272916]",-5.854398107272546e-05,-0.274023898813381,1.1795889731352285,0.41878772816350285,"[-0.6096832229625069, -0.4195892649530208, 0.5622469700306606, -0.3689302929627428]","[0.00029271990536381613, 0.3928710085967063, 0.1450360168358592]",nominal-cylinder-pseudo_6dof,109.07675875754411,booster-release,108.55115750082193,10.557923085208245,1.7075615391765122,-0.002405338154318315,-3.552713678800501e-15,109.07675873102323,-117.1129917675888,-11.388249881381032,-1.8412636758249405,0.0,0.7349999999999999,0.0,4.3675,4.3675,12.0,alpha3-passive-deployment-parent-v1,-4.3029826088480964e-05,-1.196953595597479,5.152272581897999,-84.37426573345546,"[378.90122337371525, 4.225567453932451e-15, 102.7036165261357]",0.5202624657984056,native_rigid_body_reuse_instantaneous_projected_area,0.45786675952485667,1.1362748113409653,0.0,0.0,0.0,0.0,0.0,0.0,0.0,query-000000,rigid_body_6dof,pseudo_6dof,80.81583744848376,6.776263578034403e-21,1.2810828521727837e-21,,34.25000000000019,-8.561834266766866,-0.8303267961727876,-0.13370213664842834,8.603041605232944,-0.002405338154318315,-3.552713678800501e-15,-8.603041268976767,-4.3029826088480964e-05,-1.196953595597479,5.152272581897999,7.001952262114943e-14,5.950003536813406e-16,"[0.000820917420410661, 5.68941113357164e-17, -37.226787112272916]","[0.0, 0.0, 0.0]",-12.947481559193093
query-000000,-0.00019013174546955725,-5.921189464667501e-16,-0.5991989130463911,109.94924534442956,3.476326789130811,10.34354872062014,-4.0931236706683475e-05,-5.341079464931974,1.4374005021181766,37.411755320330556,"[0.0007725441353376622, 5.68941113357164e-17, -37.411755312354124]",-5.5688757424059154e-05,-1.2228348492748862,0.32906799303684114,0.39512468593424505,"[-0.6186508596625341, -0.3863677786314484, 0.5512856592023453, -0.40506194024129605]","[0.0002784437871202958, 0.19382381754081848, 0.34431928156523084]",nominal-cylinder-pseudo_6dof,110.4894130670004,booster-release,109.94924534442956,3.476326789130811,10.34354872062014,-0.002281580945634687,-7.105427357601002e-15,110.4894130434433,-117.10463504538231,-3.7003047206552075,-11.015785214959315,0.0,0.7349999999999999,0.0,4.3675,4.3675,12.0,alpha3-passive-deployment-parent-v1,-4.0931236706683475e-05,-5.341079464931974,1.4374005021181766,-84.3329124470491,"[378.9014225040724, 4.242998292726409e-15, 93.37313767505273]",0.5212296970656501,native_rigid_body_reuse_instantaneous_projected_area,0.4587179895772971,1.1362748113409653,0.0,0.0,0.0,0.0,0.0,0.0,0.0,query-000000,rigid_body_6dof,pseudo_6dof,18.56767892340181,8.881784197001252e-16,1.6057850436978424e-16,,34.50000000000018,-7.155389700952753,-0.22397793152439638,-0.6722364943391756,7.190387318540792,-0.002281580945634687,-7.105427357601002e-15,-7.190386956556694,-4.0931236706683475e-05,-5.341079464931974,1.4374005021181766,1.2146164630366792e-14,1.0321367499236736e-16,"[0.0007725441353376622, 5.68941113357164e-17, -37.411755312354124]","[0.0, 0.0, 0.0]",49.58685098655791
query-000000,-0.0001858615971072434,0.0,-0.19730091145141415,114.57152945867057,-6.088265976610635,11.541170056728678,-3.893499673676449e-05,-5.643953105639765,-3.295555613424308,37.50111041659699,"[0.0007253369827417291, 2.2353839458489304e-17, -37.501110409582346]",-5.29727846758323e-05,-1.2921983230042624,-0.7545314560863658,0.3222805370613201,"[-0.6025918370433936, -0.3615575203114182, 0.5650102411517826, -0.4323455386939147]","[0.0002648639233793503, -0.14497071863145264, 0.28783357197365844]",nominal-cylinder-pseudo_6dof,115.31218908415232,booster-release,114.57152945867057,-6.088265976610635,11.541170056728678,-0.002230339165286921,0.0,115.31218906258303,-116.92390499926965,6.21538731210255,-11.777297156917001,0.0,0.7349999999999999,0.0,4.3675,4.3675,12.0,alpha3-passive-deployment-parent-v1,-3.893499673676449e-05,-5.643953105639765,-3.295555613424308,-83.50244225424798,"[378.90160971894653, 4.252904286575684e-15, 84.00682923740725]",0.5407954891870743,native_rigid_body_reuse_instantaneous_projected_area,0.4759372326038443,1.1362748113409653,0.0,0.0,0.0,0.0,0.0,0.0,0.0,query-000000,rigid_body_6dof,pseudo_6dof,-27.822542346178267,0.0,0.0,,34.75000000000016,-2.352375540599084,0.12712133549191496,-0.23612710018832317,2.367611987929875,-0.002230339165286921,0.0,-2.36761093741697,-3.893499673676449e-05,-5.643953105639765,-3.295555613424308,3.7470479391453165e-14,3.1841046119600104e-16,"[0.0007253369827417291, 2.2353839458489304e-17, -37.501110409582346]","[0.0, 0.0, 0.0]",96.24949342058736
query-000000,-0.00016875571236004322,0.0,-0.49273633727638116,111.2179900174145,-10.47112559748674,3.5732982676076763,-3.703611453900574e-05,-1.4699628464948897,-5.2551825169272925,37.574632377878146,"[0.0006808023009587646, 3.2222488566268476e-17, -37.57463237171053]",-5.038927148164047e-05,-0.33656377567497126,-1.2031713140515379,0.3632438848433238,"[-0.5737521208800731, -0.36465078888463837, 0.5924927180421614, -0.43219287941663337]","[0.00025194635740820233, -0.362548697548882, 0.022461039706837604]",nominal-cylinder-pseudo_6dof,111.7669639710292,booster-release,111.2179900174145,-10.47112559748674,3.5732982676076763,-0.002025068548320519,0.0,111.76696395268343,-117.10162219960091,11.02706099864048,-3.761559782084646,0.0,0.7349999999999999,0.0,4.3675,4.3675,12.0,alpha3-passive-deployment-parent-v1,-3.703611453900574e-05,-1.4699628464948897,-5.2551825169272925,-84.31807693815158,"[378.901785395566, 4.260589834375709e-15, 74.62398103216279]",0.5215436592793071,native_rigid_body_reuse_instantaneous_projected_area,0.4589942979232389,1.1362748113409653,0.0,0.0,0.0,0.0,0.0,0.0,0.0,query-000000,rigid_body_6dof,pseudo_6dof,-71.16442401484609,0.0,0.0,,35.00000000000015,-5.8836321821864175,0.5559354011537394,-0.1882615144769697,5.91283639409623,-0.002025068548320519,0.0,-5.912836047316574,-3.703611453900574e-05,-1.4699628464948897,-5.2551825169272925,8.105388470822197e-15,6.887663363484809e-17,"[0.0006808023009587646, 3.2222488566268476e-17, -37.57463237171053]","[0.0, 0.0, 0.0]",139.85056991355125
query-000000,-0.00015424397546463334,-2.9605947323337506e-16,-0.7209296908913316,108.62562595547277,-7.042900328288656,-6.173823229070071,-3.522984191882892e-05,3.351399524319549,-3.314223547431946,37.74272902210388,"[0.000640740455387616, 4.209113767404764e-17, -37.7427290166651]",-4.7931757712692414e-05,0.7673023457469015,-0.7587773210214619,0.3846607260729022,"[-0.5529790822241574, -0.39228641506052025, 0.6119046087466854, -0.4073060924858106]","[0.0002396587885634621, -0.30279096712594555, -0.23723711129064923]",nominal-cylinder-pseudo_6dof,109.02864372501523,booster-release,108.62562595547277,-7.042900328288656,-6.173823229070071,-0.0018509277055756002,-3.552713678800501e-15,109.02864370930402,-117.24464264870699,7.603596290576764,6.664414577960258,0.0,0.7349999999999999,0.0,4.3675,4.3675,12.0,alpha3-passive-deployment-parent-v1,-3.522984191882892e-05,3.351399524319549,-3.314223547431946,-85.07117100407726,"[378.90195051138073, 4.270002395769595e-15, 65.21059543184819]",0.503685844178863,native_rigid_body_reuse_instantaneous_projected_area,0.44327819216941217,1.1362748113409653,0.0,0.0,0.0,0.0,0.0,0.0,0.0,query-000000,rigid_body_6dof,pseudo_6dof,-131.2339787987003,4.440892099017614e-16,9.421883133166416e-17,,35.250000000000135,-8.619016693234215,0.5606959622881078,0.4905913488901872,8.65115648870034,-0.0018509277055756002,-3.552713678800501e-15,-8.65115629069598,-3.522984191882892e-05,3.351399524319549,-3.314223547431946,9.123439672210302e-15,7.752766126565734e-17,"[0.000640740455387616, 4.209113767404764e-17, -37.7427290166651]","[0.0, 0.0, 0.0]",-159.83352056241736
query-000000,-0.00015153661518792677,-5.921189464667501e-16,-0.2825441472452089,113.70861065413754,1.0386018895383557,-11.459077752261443,-3.351166225383991e-05,5.750844470862975,0.7946523558925549,37.87101974017023,"[0.0006025600967788105, 6.429559816655077e-17, -37.87101973537661]",-4.5594098304534656e-05,1.3166762289420235,0.18195135757332903,0.31617003303716484,"[-0.5540207945216729, -0.4236394529361981, 0.6088220903599488, -0.37805586286055054]","[0.0002279704915227205, -0.02439106437579161, -0.3152277173707808]",nominal-cylinder-pseudo_6dof,114.28927024752396,booster-release,113.70861065413754,1.0386018895383557,-11.459077752261443,-0.0018184393822551215,-7.105427357601002e-15,114.2892702330575,-117.08186355708705,-1.0676630731047467,11.79968853834609,0.0,0.7349999999999999,0.0,4.3675,4.3675,12.0,alpha3-passive-deployment-parent-v1,-3.351166225383991e-05,5.750844470862975,0.7946523558925549,-84.22172453518985,"[378.9021059123358, 4.2834857749204415e-15, 55.75644456906741]",0.5238345621045288,native_rigid_body_reuse_instantaneous_projected_area,0.4610104500040178,1.1362748113409653,0.0,0.0,0.0,0.0,0.0,0.0,0.0,query-000000,rigid_body_6dof,pseudo_6dof,174.8298243516726,0.0,0.0,,35.50000000000012,-3.3732529029495026,-0.02906118356639098,0.3406107860846461,3.3905302545833442,-0.0018184393822551215,-7.105427357601002e-15,-3.3905297669425067,-3.351166225383991e-05,5.750844470862975,0.7946523558925549,4.2736701068899815e-14,3.6316089140956916e-16,"[0.0006025600967788105, 6.429559816655077e-17, -37.87101973537661]","[0.0, 0.0, 0.0]",-105.66296561321204
query-000000,-0.00014196313069092525,-2.9605947323337506e-16,-0.2879683028437796,113.66408753389766,8.235790492247492,-7.7337147097771615,-3.1877279199916245e-05,3.6348048217685034,4.255927485464561,37.92629636971414,"[0.0005656388078560313, 7.169708499738515e-17, -37.92629636549612]",-4.337044789104252e-05,0.832210725890912,0.9744060039445097,0.309104100360557,"[-0.575484120670846, -0.43662068589433495, 0.5858483095580594, -0.36737196639486247]","[0.00021685223945521257, 0.2656583092387833, -0.1580220255762042]",nominal-cylinder-pseudo_6dof,114.22418037857814,booster-release,113.66408753389766,8.235790492247492,-7.7337147097771615,-0.001703557568291103,-3.552713678800501e-15,114.22418036587464,-117.10283929255513,-8.483307541079437,7.968302882388258,0.0,0.7349999999999999,0.0,4.3675,4.3675,12.0,alpha3-passive-deployment-parent-v1,-3.1877279199916245e-05,3.6348048217685034,4.255927485464561,-84.32406535440514,"[378.9022518870084, 4.301410046169788e-15, 46.28181708961341]",0.521429716752556,native_rigid_body_reuse_instantaneous_projected_area,0.4588940206614235,1.1362748113409653,0.0,0.0,0.0,0.0,0.0,0.0,0.0,query-000000,rigid_body_6dof,pseudo_6dof,133.2069864538172,0.0,0.0,,35.75000000000011,-3.4387517586574745,-0.24751704883194492,0.23458817261109655,3.455620054036763,-0.001703557568291103,-3.552713678800501e-15,-3.4556196341253553,-3.1877279199916245e-05,3.6348048217685034,4.255927485464561,4.666563343341343e-14,3.965475250078045e-16,"[0.0005656388078560313, 7.169708499738515e-17, -37.92629636549612]","[0.0, 0.0, 0.0]",-63.81712779977712
query-000000,-0.0001275328549870854,-5.921189464667501e-16,-0.685334767105554,109.10365400675333,8.646070522958425,1.4854414955283726,-3.0322605948112225e-05,-1.0414134860359314,4.233811556869415,38.05188075687319,"[0.0005320356622013227, 8.403289638210912e-17, -38.05188075315377]",-4.125524618790779e-05,-0.23842860879440053,0.9693315019534741,0.356879528298905,"[-0.600057705490459, -0.4234476460314831, 0.5602757767370712, -0.38303249882169643]","[0.00020627623093953898, 0.34194932830194075, 0.10214505393222445]",nominal-cylinder-pseudo_6dof,109.45578280543224,booster-release,109.10365400675333,8.646070522958425,1.4854414955283726,-0.0015303942598450249,-7.105427357601002e-15,109.45578279473335,-117.30134341314982,-9.294160452300332,-1.5964783109037342,0.0,0.7349999999999999,0.0,4.3675,4.3675,12.0,alpha3-passive-deployment-parent-v1,-3.0322605948112225e-05,-1.0414134860359314,4.233811556869415,-85.40367041523109,"[378.90238901926506, 4.318594168736051e-15, 36.78674945743334]",0.49581529286351633,native_rigid_body_reuse_instantaneous_projected_area,0.4363515655850753,1.1362748113409653,0.0,0.0,0.0,0.0,0.0,0.0,0.0,query-000000,rigid_body_6dof,pseudo_6dof,80.25329662035972,3.3881317890172014e-21,7.770923550677257e-22,,36.00000000000009,-8.197689406396492,-0.6480899293419071,-0.11103681537536159,8.224017347660961,-0.0015303942598450249,-7.105427357601002e-15,-8.224017205266648,-3.0322605948112225e-05,-1.0414134860359314,4.233811556869415,9.57177092133081e-15,8.133741662826424e-17,"[0.0005320356622013227, 8.403289638210912e-17, -38.05188075315377]","[0.0, 0.0, 0.0]",-10.651474300516078
query-000000,-0.00012275761320760617,2.9605947323337506e-16,-0.4438859658752605,111.93398663481405,3.2399977335522276,9.138900620239504,-2.884375500550582e-05,-4.714936095868903,1.381501280514536,38.20770362931361,"[0.0005009510531526312, 1.6791641379823207e-16, -38.20770362602956]",-3.924320408912357e-05,-1.0795057785130533,0.3162867928247145,0.3198275496418253,"[-0.6088250184116655, -0.3961047485411736, 0.5499389592079572, -0.41231088547895206]","[0.00019621602044561786, 0.16655499227149473, 0.27303673298406184]",nominal-cylinder-pseudo_6dof,112.35316841915397,booster-release,111.93398663481405,3.2399977335522276,9.138900620239504,-0.0014730913584912741,3.552713678800501e-15,112.35316840949687,-117.24083000475845,-3.3921582674925617,-9.571644065865051,0.0,0.7349999999999999,0.0,4.3675,4.3675,12.0,alpha3-passive-deployment-parent-v1,-2.884375500550582e-05,-4.714936095868903,1.381501280514536,-85.04961266902151,"[378.90251811921434, 4.351691487988608e-15, 27.252946136110197]",0.5042312959042821,native_rigid_body_reuse_instantaneous_projected_area,0.4437582272102095,1.1362748113409653,0.0,0.0,0.0,0.0,0.0,0.0,0.0,query-000000,rigid_body_6dof,pseudo_6dof,19.514154371608385,0.0,0.0,,36.25000000000008,-5.306843369944403,-0.15216053394033402,-0.43274344562554745,5.326631794196405,-0.0014730913584912741,3.552713678800501e-15,-5.326631590503126,-2.884375500550582e-05,-4.714936095868903,1.381501280514536,2.565672324269025e-14,2.1802147218715743e-16,"[0.0005009510531526312, 1.6791641379823207e-16, -38.20770362602956]","[0.0, 0.0, 0.0]",50.28921717888411
query-000000,-0.00011832786025915235,0.0,-0.18428825555875505,114.94823716239621,-4.566412018452121,9.949292157691566,-2.7437028474441997e-05,-4.861662404589233,-2.4918309187725844,38.27387559038089,"[0.00047066052205442554, 1.9012087429073522e-16, -38.27387558748699]",-3.7329290441379925e-05,-1.1131082940137647,-0.5705193412944045,0.2716136048787706,"[-0.5955438199768677, -0.3761375263634924, 0.5616407471381327, -0.4340596628375336]","[0.00018664645220708843, -0.12934593503898156, 0.238837904460817]",nominal-cylinder-pseudo_6dof,115.46834094202555,booster-release,114.94823716239621,-4.566412018452121,9.949292157691566,-0.0014199343231098283,0.0,115.46834093329494,-117.14972402188391,4.655227907459963,-10.139346269165713,0.0,0.7349999999999999,0.0,4.3675,4.3675,12.0,alpha3-passive-deployment-parent-v1,-2.7437028474441997e-05,-4.861662404589233,-2.4918309187725844,-84.55974965323665,"[378.9026395482466, 4.399468422788986e-15, 17.69133525286062]",0.5158409957632502,native_rigid_body_reuse_instantaneous_projected_area,0.45397556173447573,1.1362748113409653,0.0,0.0,0.0,0.0,0.0,0.0,0.0,query-000000,rigid_body_6dof,pseudo_6dof,-24.661040875372603,0.0,0.0,,36.500000000000064,-2.2014868594877015,0.08881588900784188,-0.1900541114741472,2.211459522560949,-0.0014199343231098283,0.0,-2.2114590667050606,-2.7437028474441997e-05,-4.861662404589233,-2.4918309187725844,6.534596265644576e-15,5.552861464452333e-17,"[0.00047066052205442554, 1.9012087429073522e-16, -38.27387558748699]","[0.0, 0.0, 0.0]",94.65624536115779
query-000000,-0.00010712887988854428,-8.881784197001252e-16,-0.5192022353566728,111.09460000139069,-8.379809352512657,2.9548990947335754,-2.6098908805862847e-05,-1.203028174213725,-4.216914931971046,38.35448267347797,"[0.00044241139991853164, 1.5804776469045294e-16, -38.3544826709264]",-3.550871946375898e-05,-0.2754455024292089,-0.9654750588983472,0.3156811350253971,"[-0.5705171684375854, -0.3789889833771011, 0.5857581609707895, -0.43331846008780917]","[0.0001775435973187949, -0.31416299158908145, 0.030921872598417277]",nominal-cylinder-pseudo_6dof,111.44937318313421,booster-release,111.09460000139069,-8.379809352512657,2.9548990947335754,-0.0012855465586625314,-1.0658141036401503e-14,111.44937317571993,-117.30510988298107,8.84954511504677,-3.119627323653539,0.0,0.7349999999999999,0.0,4.3675,4.3675,12.0,alpha3-passive-deployment-parent-v1,-2.6098908805862847e-05,-1.203028174213725,-4.216914931971046,-85.42661157889049,"[378.9027536227111, 4.445641702109351e-15, 8.11463010050338]",0.49523790125501793,native_rigid_body_reuse_instantaneous_projected_area,0.4358434212499765,1.1362748113409653,0.0,0.0,0.0,0.0,0.0,0.0,0.0,query-000000,rigid_body_6dof,pseudo_6dof,-70.58150906692701,0.0,0.0,,36.75000000000005,-6.210509881590383,0.4697357625341123,-0.16472822891996364,6.230426956905813,-0.0012855465586625314,-1.0658141036401503e-14,-6.230426824280073,-2.6098908805862847e-05,-1.203028174213725,-4.216914931971046,1.928091758898712e-14,1.6384220222151227e-16,"[0.00044241139991853164, 1.5804776469045294e-16, -38.3544826709264]","[0.0, 0.0, 0.0]",140.75918562083652
query-000000,-9.977590205778597e-05,-8.881784197001252e-16,-0.5868540080641591,110.33522179120949,-6.028855244464127,-5.519024306830715,-2.482605000360212e-05,2.9852532608497864,-2.853903112473968,38.50927057534172,"[0.00041674427638099256, 1.5064627785961859e-16, -38.50927057308674]",-3.377693878041105e-05,0.6834895298920224,-0.6534045954713091,0.3171113090630391,"[-0.5520519887517653, -0.40148088764554674, 0.6031225578128385, -0.4126680007316584]","[0.00016888469390205526, -0.2584328648362093, -0.18377161964292538]",nominal-cylinder-pseudo_6dof,110.6375519097086,booster-release,110.33522179120949,-6.028855244464127,-5.519024306830715,-0.0011973108246934316,-1.0658141036401503e-14,110.63755190323009,-117.35813938635447,6.413798030020303,5.8707446412791455,0.0,0.7349999999999999,0.0,4.3675,4.3675,12.0,alpha3-passive-deployment-parent-v1,-2.482605000360212e-05,2.9852532608497864,-2.853903112473968,-85.76274514957858,"[378.90286097872513, 4.487497447445062e-15, -1.492960233625986]",0.48722085641015866,native_rigid_body_reuse_instantaneous_projected_area,0.42878787028216264,1.1362748113409653,0.0,0.0,0.0,0.0,0.0,0.0,0.0,query-000000,rigid_body_6dof,pseudo_6dof,-132.4688172132389,0.0,0.0,ground_contact,37.000000000000036,-7.022917595144975,0.38494278555617534,0.3517203344484301,7.042248198552266,-0.0011973108246934316,-1.0658141036401503e-14,-7.04224809676991,-2.482605000360212e-05,2.9852532608497864,-2.853903112473968,3.923597910768641e-14,3.3341303356809245e-16,"[0.00041674427638099256, 1.5064627785961859e-16, -38.50927057308674]","[0.0, 0.0, 0.0]",-157.18002195626337
