time_s,north_m,east_m,altitude_m,speed_m_s,phase_index,route_leg_index,phase,route_north_command_m,route_east_command_m,route_altitude_command_m,route_speed_command_m_s,route_heading_command_deg,route_flight_path_command_deg,route_bank_command_deg,route_bank_achieved_deg,route_pitch_achieved_deg,route_heading_achieved_deg,p_rad_s,q_rad_s,r_rad_s,source_force_x_n,source_force_y_n,source_force_z_n,dynamic_pressure_pa,mach,aero_alpha_deg,aero_beta_deg,control_path,response_profile_id,elevator_deg,aileron_deg,rudder_deg,throttle_fraction,allocation_status,allocation_residual_norm,saturation_count
0.0,0.0,0.0,0.0,157.4,0,1,outbound-climb,0.0,0.0,0.0,152.4,90.0,2.254574965935033,0.0,0.0,2.145234829781838,90.0,0.0,0.0,0.0,-375.0094814214808,0.0,-39861.903018405166,15174.540500000003,0.46256300312258347,0.0,0.0,point_mass_3dof,legacy_runner_defaults,-0.7562951013162765,0.0,0.0,0.039322583733799196,reduced_response_law,0.0,0
2.0,1.927594061857934e-14,314.8,0.0,154.06666666666666,0,1,outbound-climb,0.0,304.8,12.0,152.4,90.0,2.254574965935033,0.0,0.0,2.145234829781838,90.0,0.0,0.0,0.0,-3416.1828012505935,0.0,-76682.9596667722,14538.62938888889,0.4527670903076198,1.503049977290022,0.0,point_mass_3dof,legacy_runner_defaults,-0.7562951013162765,0.0,0.0,0.07265591706713262,reduced_response_law,0.0,0
4.0,3.8137173821259467e-14,622.8273139294049,8.082387304935175,152.95555555555555,0,1,outbound-climb,0.0,609.6,24.0,152.4,90.0,2.254574965935033,0.0,0.0,2.145234829781838,90.0,0.0,0.0,0.0,1242.5304946503848,0.0,-88161.0282060901,14318.96822354818,0.4495427619243523,2.0040666363866957,0.0,point_mass_3dof,legacy_runner_defaults,-0.7562951013162765,0.0,0.0,0.08376702817824377,reduced_response_law,0.0,0
6.0,5.685736971047866e-14,928.5513137349477,18.780230271395304,152.5851851851852,0,1,outbound-climb,0.0,914.4000000000001,36.0,152.4,90.0,2.254574965935033,0.0,0.0,2.145234829781838,90.0,0.0,0.0,0.0,2784.8800724624925,0.0,-91835.38501789646,14235.593163137795,0.4485083494749114,2.171072189418921,0.0,point_mass_3dof,legacy_runner_defaults,-0.7562951013162765,0.0,0.0,0.08747073188194729,reduced_response_law,0.0,0
8.0,7.553025199947336e-14,1233.5026238105627,30.341088161496412,152.46172839506173,0,1,outbound-climb,0.0,1219.2,48.0,152.4,90.0,2.254574965935033,0.0,0.0,2.145234829781838,90.0,0.0,0.0,0.0,3295.075039095116,0.0,-92980.74324678307,14197.338052424037,0.4482039233336323,2.2267407070963294,0.0,point_mass_3dof,legacy_runner_defaults,-0.7562951013162765,0.0,0.0,0.08870529978318199,reduced_response_law,0.0,0
10.0,9.418733000190328e-14,1538.1958302994817,42.18863728944545,152.42057613168726,0,1,outbound-climb,0.0,1524.0,60.0,152.4,90.0,2.254574965935033,0.0,0.0,2.145234829781838,90.0,0.0,0.0,0.0,3462.1831954357685,0.0,-93291.69276820794,14174.077246653744,0.44814286438540885,2.245296879655465,0.0,point_mass_3dof,legacy_runner_defaults,-0.7562951013162765,0.0,0.0,0.0891168224169267,reduced_response_law,0.0,0
12.0,1.1283913624647659e-13,1842.8029424490326,54.131641148310564,152.40685871056243,0,1,outbound-climb,0.0,1828.8000000000002,72.0,152.4,90.0,2.254574965935033,0.0,0.0,2.145234829781838,90.0,0.0,0.0,0.0,3515.114126800553,0.0,-93325.66241759033,14155.805681558359,0.448162954107614,2.25148227050851,0.0,point_mass_3dof,legacy_runner_defaults,-0.7562951013162765,0.0,0.0,0.08925399662817494,reduced_response_law,0.0,0
14.0,1.3148918483202147e-13,2147.3813498482887,66.10645113503291,152.40228623685414,0,1,outbound-climb,0.0,2133.6,84.0,152.4,90.0,2.254574965935033,0.0,0.0,2.145234829781838,90.0,0.0,0.0,0.0,3530.033893808397,0.0,-93267.5018552137,14139.19494985309,0.44821011338361666,2.2535440674595253,0.0,point_mass_3dof,legacy_runner_defaults,-0.7562951013162765,0.0,0.0,0.08929972136525788,reduced_response_law,0.0,0
16.0,1.5013864748608604e-13,2451.9501882602954,78.09186181806544,152.40076207895137,0,1,outbound-climb,0.0,2438.4,96.0,152.4,90.0,2.254574965935033,0.0,0.0,2.145234829781838,90.0,0.0,0.0,0.0,3532.299087428223,0.0,-93178.67572826988,14123.137158786116,0.44826631350833807,2.2542313331098636,0.0,point_mass_3dof,legacy_runner_defaults,-0.7562951013162765,0.0,0.0,0.08931496294428552,reduced_response_law,0.0,0
18.0,1.6878791482464262e-13,2756.5158369279916,90.08080591694072,152.40025402631713,0,1,outbound-climb,0.0,2743.2000000000003,108.0,152.4,90.0,2.254574965935033,0.0,0.0,2.145234829781838,90.0,0.0,0.0,0.0,3530.352718335538,0.0,-93079.64025563726,14107.263466474458,0.44832554411541153,2.2544604216599766,0.0,point_mass_3dof,legacy_runner_defaults,-0.7562951013162765,0.0,0.0,0.08932004347062797,reduced_response_law,0.0,0
20.0,1.874371170574727e-13,3061.0804223384853,102.0709278044752,152.40008467543905,0,1,outbound-climb,0.0,3048.0,120.0,152.4,90.0,2.254574965935033,0.0,0.0,2.145234829781838,90.0,0.0,0.0,0.0,3527.0062301118196,0.0,-92977.20557934968,14091.451069783829,0.44838580148765184,2.2545367845100137,0.0,point_mass_3dof,legacy_runner_defaults,-0.7562951013162765,0.0,0.0,0.08932173697940879,reduced_response_law,0.0,0
22.0,2.0608629758833207e-13,3365.644653328901,114.06144228638256,152.40002822514634,0,1,outbound-climb,0.0,3352.8,132.0,152.4,90.0,2.254574965935033,0.0,0.0,2.145234829781838,90.0,0.0,0.0,0.0,3523.1958257673723,0.0,-92873.63911038561,14075.659081530493,0.4484464176391555,2.2545622387933597,0.0,point_mass_3dof,legacy_runner_defaults,-0.7562951013162765,0.0,0.0,0.08932230148233583,reduced_response_law,0.0,0
24.0,2.247354708851943e-13,3670.208766179178,126.05208763287567,152.40000940838212,0,1,outbound-climb,0.0,3657.6000000000004,144.0,152.4,90.0,2.254574965935033,0.0,0.0,2.145234829781838,90.0,0.0,0.0,0.0,3519.2332610297517,0.0,-92769.695799086,14059.873888289365,0.4485071698886323,2.2545707235544756,0.0,point_mass_3dof,legacy_runner_defaults,-0.7562951013162765,0.0,0.0,0.08932248964997808,reduced_response_law,0.0,0
26.0,2.4338464177072343e-13,3974.7728396493962,138.04277660087456,152.40000313612737,0,1,outbound-climb,0.0,3962.4,156.0,152.4,90.0,2.254574965935033,0.0,0.0,2.145234829781838,90.0,0.0,0.0,0.0,3515.2223516574586,0.0,-92665.6270139515,14044.090957453544,0.44856798400999587,2.254573551808181,0.0,point_mass_3dof,legacy_runner_defaults,-0.7562951013162765,0.0,0.0,0.08932255237252558,reduced_response_law,0.0,0
28.0,2.620338118524747e-13,4279.336899992927,150.03348010937285,152.4000010453758,0,1,outbound-climb,0.0,4267.2,168.0,152.4,90.0,2.254574965935033,0.0,0.0,2.145234829781838,90.0,0.0,0.0,0.0,3511.197669589168,0.0,-92561.51645092535,14028.308779886736,0.4486288352690193,2.2545744945594155,0.0,point_mass_3dof,legacy_runner_defaults,-0.7562951013162765,0.0,0.0,0.08932257328004123,reduced_response_law,0.0,0
30.0,2.806829816663001e-13,4583.900955960895,162.02418846470397,152.4000003484586,0,1,outbound-climb,0.0,4572.0,180.0,152.4,90.0,2.254574965935033,0.0,0.0,2.145234829781838,90.0,0.0,0.0,0.0,3507.1707286354776,0.0,-92457.39197750416,14012.526853120897,0.44868971543103414,2.2545748088098274,0.0,point_mass_3dof,legacy_runner_defaults,-0.7562951013162765,0.0,0.0,0.0893225802492132,reduced_response_law,0.0,0
32.0,2.993321513908168e-13,4888.465010470342,174.01489843564602,152.40000011615288,0,1,outbound-climb,0.0,4876.8,192.0,152.4,90.0,2.254574965935033,0.0,0.0,2.145234829781838,90.0,0.0,0.0,0.0,3503.1453642775596,0.0,-92353.26287247385,13996.745009859167,0.4487506217619898,2.2545749135599644,0.0,point_mass_3dof,legacy_runner_defaults,-0.7562951013162765,0.0,0.0,0.08932258257227044,reduced_response_law,0.0,0
34.0,3.17981321085564e-13,5193.029064493616,186.00560894512503,152.40000003871762,0,1,outbound-climb,0.0,5181.6,204.0,152.4,90.0,2.254574965935033,0.0,0.0,2.145234829781838,90.0,0.0,0.0,0.0,3499.1228551249196,0.0,-92249.13222530346,13980.963194400056,0.44881155336163703,2.254574948476677,0.0,point_mass_3dof,legacy_runner_defaults,-0.7562951013162765,0.0,0.0,0.08932258334662305,reduced_response_law,0.0,0
36.0,3.36630490770388e-13,5497.593118354831,197.9963196341164,152.40000001290588,0,1,outbound-climb,0.0,5486.400000000001,216.0,152.4,90.0,2.254574965935033,0.0,0.0,2.145234829781838,90.0,0.0,0.0,0.0,3495.103628354578,0.0,-92145.00106466294,13965.181388197796,0.44887250994108835,2.2545749601155807,0.0,point_mass_3dof,legacy_runner_defaults,-0.7562951013162765,0.0,0.0,0.08932258360474048,reduced_response_law,0.0,0
38.0,3.552796604519042e-13,5802.157172162028,209.98703038294516,152.40000000430197,0,1,outbound-climb,0.0,5791.2,228.0,152.4,90.0,2.254574965935033,0.0,0.0,2.145234829781838,90.0,0.0,0.0,0.0,3491.087827619409,0.0,-92040.86973305795,13949.399585077597,0.44893349141528205,2.254574963995215,0.0,point_mass_3dof,legacy_runner_defaults,-0.7562951013162765,0.0,0.0,0.08932258369077953,reduced_response_law,0.0,0
40.0,3.739288301323179e-13,6106.721225951217,221.97774115171975,152.400000001434,0,1,outbound-climb,0.0,6096.0,240.0,152.4,90.0,2.254574965935033,0.0,0.0,2.145234829781838,90.0,0.0,0.0,0.0,3487.0755021608193,0.0,-91936.73834452874,13933.617782983545,0.4489944977671183,2.254574965288427,0.0,point_mass_3dof,legacy_runner_defaults,-0.7562951013162765,0.0,0.0,0.08932258371945931,reduced_response_law,0.0,0
42.0,3.925779998123641e-13,6411.285279734405,233.96845192714295,152.400000000478,0,1,outbound-climb,0.0,6400.8,252.0,152.4,90.0,2.254574965935033,0.0,0.0,2.145234829781838,90.0,0.0,0.0,0.0,3483.0666697826655,0.0,-91832.60693704625,13917.83598123116,0.4490555290021656,2.254574965719498,0.0,point_mass_3dof,legacy_runner_defaults,-0.7562951013162765,0.0,0.0,0.08932258372901923,reduced_response_law,0.0,0
44.0,4.112271694922877e-13,6715.849333515592,245.95916270478236,152.40000000015934,0,1,outbound-climb,0.0,6705.6,264.0,152.4,90.0,2.254574965935033,0.0,0.0,2.145234829781838,90.0,0.0,0.0,0.0,3479.0613378214293,0.0,-91728.47552325302,13902.054179592518,0.4491165851335596,2.2545749658631884,0.0,point_mass_3dof,legacy_runner_defaults,-0.7562951013162765,0.0,0.0,0.08932258373220588,reduced_response_law,0.0,0
46.0,4.2987633917217054e-13,7020.413387296112,257.9498734831605,152.40000000005313,0,1,outbound-climb,0.0,7010.400000000001,276.0,152.4,90.0,2.254574965935033,0.0,0.0,2.145234829781838,90.0,0.0,0.0,0.0,3475.059510129291,0.0,-91624.34410735872,13886.272377991767,0.44917766617696997,2.254574965911085,0.0,point_mass_3dof,legacy_runner_defaults,-0.7562951013162765,0.0,0.0,0.089322583733268,reduced_response_law,0.0,0
48.0,4.4852550885203974e-13,7324.977441076409,269.94058426178486,152.4000000000177,0,1,outbound-climb,0.0,7315.200000000001,288.0,152.4,90.0,2.254574965935033,0.0,0.0,2.145234829781838,90.0,0.0,0.0,0.0,3471.0611893994346,0.0,-91520.21269076473,13870.49057640362,0.4492387721489216,2.25457496592705,0.0,point_mass_3dof,legacy_runner_defaults,-0.7562951013162765,0.0,0.0,0.08932258373362213,reduced_response_law,0.0,0
50.0,4.671746785319044e-13,7629.541494856633,281.9312950404913,152.40000000000592,0,1,outbound-climb,0.0,7620.0,300.0,152.4,90.0,2.254574965935033,0.0,0.0,2.145234829781838,90.0,0.0,0.0,0.0,3467.066377940396,0.0,-91416.08127393792,13854.708774819681,0.4492999030662354,2.254574965932372,0.0,point_mass_3dof,legacy_runner_defaults,-0.7562951013162765,0.0,0.0,0.08932258373374008,reduced_response_law,0.0,0
52.0,4.858238482117675e-13,7934.105548636832,293.92200581922515,152.40000000000197,1,2,outbound-level,0.0,7924.8,300.0,152.4,90.0,0.0,0.0,0.0,2.145234829781838,90.0,0.0,0.0,0.0,3463.0750779338487,0.0,-91311.9498570334,13838.926973237118,0.4493610589458415,2.2545749659341463,0.0,point_mass_3dof,legacy_runner_defaults,-0.7562951013162765,0.0,0.0,0.08932258373377959,reduced_response_law,0.0,0
54.0,5.044730178916302e-13,8238.669602417023,305.9127165979681,152.40000000000066,1,2,outbound-level,0.0,8229.6,300.0,152.4,90.0,0.0,0.0,0.0,2.145234829781838,90.0,0.0,0.0,0.0,1475.649183868527,0.0,-54610.56035094814,13823.145171655035,0.4494222398047177,0.7515249886447154,0.0,point_mass_3dof,legacy_runner_defaults,-0.7562951013162765,0.0,0.0,0.08932258373379266,reduced_response_law,0.0,0
56.0,5.231350296443754e-13,8543.44338316325,309.9105372106971,152.40000000000023,1,2,outbound-level,0.0,8534.4,300.0,152.4,90.0,0.0,0.0,0.0,2.145234829781838,90.0,0.0,0.0,0.0,814.1810284338062,0.0,-42395.330309863304,13817.883364174631,0.449442643658783,0.2505083295482385,0.0,point_mass_3dof,legacy_runner_defaults,-0.7562951013162765,0.0,0.0,0.08932258373379692,reduced_response_law,0.0,0
58.0,5.417984684759676e-13,8848.240469875705,311.24317804790076,152.4000000000001,1,2,outbound-level,0.0,8839.2,300.0,152.4,90.0,0.0,0.0,0.0,2.145234829781838,90.0,0.0,0.0,0.0,593.8035799258923,0.0,-38325.650663785054,13816.129383642457,0.4494494457344306,0.08350277651607949,0.0,point_mass_3dof,legacy_runner_defaults,-0.7562951013162765,0.0,0.0,0.08932258373379835,reduced_response_law,0.0,0
60.0,5.604620658741215e-13,9153.04014617663,311.68739291832355,152.40000000000003,1,2,outbound-level,0.0,9144.0,300.0,152.4,90.0,0.0,0.0,0.0,2.145234829781838,90.0,0.0,0.0,0.0,520.356868304103,0.0,-36969.32009705779,13815.544721809294,0.4494517131680326,0.02783425883869316,0.0,point_mass_3dof,legacy_runner_defaults,-0.7562951013162765,0.0,0.0,0.08932258373379892,reduced_response_law,0.0,0
62.0,5.7912568089081e-13,9457.840110210062,311.83546458839123,152.4,1,2,outbound-level,0.0,9448.8,300.0,152.4,90.0,0.0,0.0,0.0,2.145234829781838,90.0,0.0,0.0,0.0,495.8760130925675,0.0,-36517.235388028705,13815.349834470244,0.4494524689870972,0.009278086279564389,0.0,point_mass_3dof,legacy_runner_defaults,-0.7562951013162765,0.0,0.0,0.0893225837337992,reduced_response_law,0.0,0
64.0,5.977892978651137e-13,9762.640106213776,311.8848218134728,152.4,1,2,outbound-level,0.0,9753.6,300.0,152.4,90.0,0.0,0.0,0.0,2.145234829781838,90.0,0.0,0.0,0.0,487.7158815773673,0.0,-36366.543316129704,13815.284872021624,0.44945272092764155,0.003092695426521463,0.0,point_mass_3dof,legacy_runner_defaults,-0.7562951013162765,0.0,0.0,0.0893225837337992,reduced_response_law,0.0,0
66.0,6.164529150569303e-13,10067.440105769743,311.9012742218972,152.4,1,2,outbound-level,0.0,10058.4,300.0,152.4,90.0,0.0,0.0,0.0,2.145234829781838,90.0,0.0,0.0,0.0,484.99585480066526,0.0,-36316.312940065036,13815.263217872005,0.4494528049079175,0.0010308984755071544,0.0,point_mass_3dof,legacy_runner_defaults,-0.7562951013162765,0.0,0.0,0.0893225837337992,reduced_response_law,0.0,0
68.0,6.35116532272915e-13,10372.240105720406,311.90675835804103,152.4,1,2,outbound-level,0.0,10363.2,300.0,152.4,90.0,0.0,0.0,0.0,2.145234829781838,90.0,0.0,0.0,0.0,484.0891811041729,0.0,-36299.569516328855,13815.255999822126,0.44945283290135324,0.00034363282516905143,0.0,point_mass_3dof,legacy_runner_defaults,-0.7562951013162765,0.0,0.0,0.0893225837337992,reduced_response_law,0.0,0
70.0,6.53780149491585e-13,10677.040105714925,311.9085864034224,152.4,1,2,outbound-level,0.0,10668.0,300.0,152.4,90.0,0.0,0.0,0.0,2.145234829781838,90.0,0.0,0.0,0.0,483.78695674931987,0.0,-36293.988378967006,13815.253593805493,0.44945284223249965,0.00011454427505635052,0.0,point_mass_3dof,legacy_runner_defaults,-0.7562951013162765,0.0,0.0,0.0893225837337992,reduced_response_law,0.0,0
72.0,6.724437667105533e-13,10981.840105714316,311.90919575188286,152.4,1,2,outbound-level,0.0,10972.8,300.0,152.4,90.0,0.0,0.0,0.0,2.145234829781838,90.0,0.0,0.0,0.0,483.6862153211023,0.0,-36292.12800027792,13815.252791799956,0.44945284534288193,3.818142501878349e-05,0.0,point_mass_3dof,legacy_runner_defaults,-0.7562951013162765,0.0,0.0,0.0893225837337992,reduced_response_law,0.0,0
74.0,6.911073839295548e-13,11286.640105714248,311.90939886803636,152.4,1,2,outbound-level,0.0,11277.6,300.0,152.4,90.0,0.0,0.0,0.0,2.145234829781838,90.0,0.0,0.0,0.0,483.6526348476309,0.0,-36291.50787409617,13815.252524464777,0.44945284637967603,1.2727141672927828e-05,0.0,point_mass_3dof,legacy_runner_defaults,-0.7562951013162765,0.0,0.0,0.0893225837337992,reduced_response_law,0.0,0
76.0,7.097710011485601e-13,11591.44010571424,311.90946657342084,152.4,1,2,outbound-level,0.0,11582.4,300.0,152.4,90.0,0.0,0.0,0.0,2.145234829781838,90.0,0.0,0.0,0.0,483.6414413567654,0.0,-36291.301165374236,13815.25243535305,0.4494528467252741,4.24238055764261e-06,0.0,point_mass_3dof,legacy_runner_defaults,-0.7562951013162765,0.0,0.0,0.0893225837337992,reduced_response_law,0.0,0
78.0,7.284346183675657e-13,11896.24010571424,311.9094891418823,152.4,1,2,outbound-level,0.0,11887.2,300.0,152.4,90.0,0.0,0.0,0.0,2.145234829781838,90.0,0.0,0.0,0.0,483.63771019317574,0.0,-36291.232262467514,13815.25240564914,0.4494528468404735,1.4141268525475366e-06,0.0,point_mass_3dof,legacy_runner_defaults,-0.7562951013162765,0.0,0.0,0.0893225837337992,reduced_response_law,0.0,0
80.0,7.470982355865713e-13,12201.040105714239,311.90949666470283,152.4,2,3,left-turn,0.7372763761281931,12191.998112568766,300.0,152.4,89.55996841333955,0.0,-6.000000000000001,0.0,2.145234829781838,90.0,0.0,0.0,0.0,483.63646647197857,0.0,-36291.20929483201,13815.252395747837,0.44945284687887327,4.713756175158455e-07,0.0,point_mass_3dof,legacy_runner_defaults,-0.7562951013162765,0.0,0.0,0.0893225837337992,reduced_response_law,0.0,0
82.0,7.657618528055769e-13,12505.840105714238,311.90949917230967,152.4,2,3,left-turn,4.9360423613531434,12496.767303225002,300.0,152.4,88.86141826951607,0.0,-6.000000000000001,0.0,2.145234829781838,89.77998420666975,0.0,0.0,0.0,483.63605189825284,0.0,-36291.20163895352,13815.252392447403,0.44945284689167314,1.5712520583861516e-07,0.0,point_mass_3dof,legacy_runner_defaults,-0.7562951013162765,0.0,0.0,0.0893225837337992,reduced_response_law,0.0,0
84.0,1.1704291235493098,12810.63785848756,311.9095000081786,152.4,2,3,left-turn,12.850150206683564,12801.462652887692,300.0,152.4,88.16286812569253,0.0,-6.000000000000001,0.0,2.145234829781838,89.32070123809291,0.0,0.0,0.0,483.63591370700306,0.0,-36291.19908699403,13815.25239134726,0.4494528468959398,5.2375068612871714e-08,0.0,point_mass_3dof,legacy_runner_defaults,-0.7562951013162765,0.0,0.0,0.0893225837337992,reduced_response_law,0.0,0
86.0,4.784053264140388,13115.416436672725,311.9095002868016,152.4,2,3,left-turn,24.47842353520413,13106.038870719049,300.0,152.4,87.46431798186903,0.0,-6.000000000000001,0.0,2.145234829781838,88.74178468189271,0.0,0.0,0.0,483.63586764325737,0.0,-36291.19823634085,13815.252390980542,0.44945284689736203,1.7458356204290574e-08,0.0,point_mass_3dof,legacy_runner_defaults,-0.7562951013162765,0.0,0.0,0.0893225837337992,reduced_response_law,0.0,0
88.0,11.47692330381468,13420.142946006312,311.9095003796759,152.4,2,3,left-turn,39.8191338852244,13410.450683589399,300.0,152.4,86.76576783804555,0.0,-6.000000000000001,0.0,2.145234829781838,88.10305133188085,0.0,0.0,0.0,483.63585228867487,0.0,-36291.1979527898,13815.252390858304,0.44945284689783604,5.819452068096858e-09,0.0,point_mass_3dof,legacy_runner_defaults,-0.7562951013162765,0.0,0.0,0.0893225837337992,reduced_response_law,0.0,0
90.0,21.56639822245998,13724.775909580292,311.909500410634,152.4,2,3,left-turn,58.870000967181646,13714.652842806723,300.0,152.4,86.06721769422201,0.0,-6.000000000000001,0.0,2.145234829781838,87.4344095849632,0.0,0.0,0.0,483.6358471704807,0.0,-36291.197858272775,13815.252390817557,0.44945284689799414,1.9398173560322866e-09,0.0,point_mass_3dof,legacy_runner_defaults,-0.7562951013162765,0.0,0.0,0.0893225837337992,reduced_response_law,0.0,0
92.0,35.21017210367795,14029.270388075844,311.90950042095335,152.4,2,3,left-turn,81.6281930026086,14018.600130842553,300.0,152.4,85.36866755039853,0.0,-6.000000000000001,0.0,2.145234829781838,86.75081363959264,0.0,0.0,0.0,483.63584546441416,0.0,-36291.19782676712,13815.252390803978,0.44945284689804677,6.466057853440954e-10,0.0,point_mass_3dof,legacy_runner_defaults,-0.7562951013162765,0.0,0.0,0.0893225837337992,reduced_response_law,0.0,0
94.0,52.485812342442635,14333.580414618415,311.9095004243931,152.4,2,3,left-turn,108.09032714504951,14322.24736805324,300.0,152.4,84.67011740657505,0.0,-6.000000000000001,0.0,2.145234829781838,86.0597405949956,0.0,0.0,0.0,483.63584489572713,0.0,-36291.197816265216,13815.252390799447,0.44945284689806436,2.1553526178136513e-10,0.0,point_mass_3dof,legacy_runner_defaults,-0.7562951013162765,0.0,0.0,0.0893225837337992,reduced_response_law,0.0,0
96.0,73.43054235835206,14637.659940868638,311.9095004255397,152.4,2,3,left-turn,138.25246998289964,14625.549419395604,300.0,152.4,83.9715672627515,0.0,-6.000000000000001,0.0,2.145234829781838,85.36492900078532,0.0,0.0,0.0,483.6358447061666,0.0,-36291.19781276459,13815.252390797943,0.44945284689807025,7.184508726045504e-11,0.0,point_mass_3dof,legacy_runner_defaults,-0.7562951013162765,0.0,0.0,0.0893225837337992,reduced_response_law,0.0,0
98.0,98.06113836366622,14941.463123439893,311.9095004259219,152.4,2,3,left-turn,172.11013812407083,14928.46120113593,300.0,152.4,83.27301711892802,0.0,-6.000000000000001,0.0,2.145234829781838,84.66824813176842,0.0,0.0,0.0,483.63584464297855,0.0,-36291.19781159771,13815.252390797437,0.4494528468980722,2.3948362420151677e-11,0.0,point_mass_3dof,legacy_runner_defaults,-0.7562951013162765,0.0,0.0,0.0893225837337992,reduced_response_law,0.0,0
100.0,126.38387936546076,15244.944362303428,311.9095004260493,152.4,2,3,left-turn,209.65829886243347,15230.937687551359,300.0,152.4,82.57446697510453,0.0,-6.000000000000001,0.0,2.145234829781838,83.97063262534822,0.0,0.0,0.0,483.6358446219183,0.0,-36291.197811208745,13815.25239079727,0.4494528468980728,7.982787473383895e-12,0.0,point_mass_3dof,legacy_runner_defaults,-0.7562951013162765,0.0,0.0,0.0893225837337992,reduced_response_law,0.0,0
102.0,158.39952243654508,15548.058265974547,311.90950042609177,152.4,2,3,left-turn,250.8913709258709,15532.933917622642,300.0,152.4,81.87591683128105,0.0,-6.000000000000001,0.0,2.145234829781838,83.27254980022637,0.0,0.0,0.0,483.635844614897,0.0,-36291.197811079095,13815.252390797214,0.449452846898073,2.6609291577946315e-12,0.0,point_mass_3dof,legacy_runner_defaults,-0.7562951013162765,0.0,0.0,0.0893225837337992,reduced_response_law,0.0,0
104.0,194.1057903098025,15850.759607951359,311.9095004261059,152.4,2,3,left-turn,295.80322530591843,15834.405001717289,300.0,152.4,81.17736668745756,0.0,-6.000000000000001,0.0,2.145234829781838,82.57423331575369,0.0,0.0,0.0,483.63584461255596,0.0,-36291.19781103589,13815.252390797195,0.4494528468980731,8.869763859315438e-13,0.0,point_mass_3dof,legacy_runner_defaults,-0.7562951013162765,0.0,0.0,0.0893225837337992,reduced_response_law,0.0,0
106.0,233.49861518428577,16153.003293325277,311.90950042611064,152.4,2,3,left-turn,344.3871861687847,16135.306128262093,300.0,152.4,80.47881654363403,0.0,-6.000000000000001,0.0,2.145234829781838,81.87580000160563,0.0,0.0,0.0,483.6358446117756,0.0,-36291.197811021484,13815.25239079719,0.4494528468980731,2.956587953105146e-13,0.0,point_mass_3dof,legacy_runner_defaults,-0.7562951013162765,0.0,0.0,0.0893225837337992,reduced_response_law,0.0,0
108.0,276.57276077687925,16454.7443379007,311.90950042611223,152.4,2,3,left-turn,396.6360318476719,16435.59257040406,300.0,152.4,79.78026639981054,0.0,-6.000000000000001,0.0,2.145234829781838,81.17730827261983,0.0,0.0,0.0,483.63584461151913,0.0,-36291.197811016675,13815.252390797186,0.44945284689807313,9.855293177017153e-14,0.0,point_mass_3dof,legacy_runner_defaults,-0.7562951013162765,0.0,0.0,0.0893225837337992,reduced_response_law,0.0,0
110.0,323.3221336340461,16755.937857315483,311.90950042611274,152.4,2,3,left-turn,452.54199591621966,16735.219692658742,300.0,152.4,79.08171625598706,0.0,-6.000000000000001,0.0,2.145234829781838,80.47878733621516,0.0,0.0,0.0,483.6358446114282,0.0,-36291.197811015074,13815.252390797186,0.44945284689807313,3.2850977256723846e-14,0.0,point_mass_3dof,legacy_runner_defaults,-0.7562951013162765,0.0,0.0,0.0893225837337992,reduced_response_law,0.0,0
112.0,373.73993918598575,17056.539063040487,311.9095004261129,152.4,2,3,left-turn,512.0967683429428,17034.142957544995,300.0,152.4,78.38316611216352,0.0,-6.000000000000001,0.0,2.145234829781838,79.78025179610111,0.0,0.0,0.0,483.6358446114009,0.0,-36291.197811014536,13815.252390797184,0.44945284689807313,1.0950325752241281e-14,0.0,point_mass_3dof,legacy_runner_defaults,-0.7562951013162765,0.0,0.0,0.0893225837337992,reduced_response_law,0.0,0
114.0,427.8187602600727,17356.503262756447,311.90950042611297,152.4,2,3,left-turn,575.2914967264488,17332.317932205162,300.0,152.4,77.68461596834003,0.0,-6.000000000000001,0.0,2.145234829781838,79.08170895413231,0.0,0.0,0.0,483.6358446113918,0.0,-36291.19781101436,13815.252390797186,0.44945284689807313,3.650108584080428e-15,0.0,point_mass_3dof,legacy_runner_defaults,-0.7562951013162765,0.0,0.0,0.0893225837337992,reduced_response_law,0.0,0
116.0,485.5505968939641,17655.78586338481,311.90950042611297,152.4,2,3,left-turn,642.116787611291,17629.700295009705,300.0,152.4,76.98606582451654,0.0,-6.000000000000001,0.0,2.145234829781838,78.38316246123614,0.0,0.0,0.0,483.63584461138817,0.0,-36291.1978110143,13815.252390797186,0.44945284689807313,1.2167028613601428e-15,0.0,point_mass_3dof,legacy_runner_defaults,-0.7562951013162765,0.0,0.0,0.0893225837337992,reduced_response_law,0.0,0
118.0,546.9268868565839,17954.342375674234,311.90950042611297,152.4,2,3,left-turn,712.5627078842373,17926.24584214531,300.0,152.4,76.287515680693,0.0,-6.000000000000001,0.0,2.145234829781838,77.68461414287634,0.0,0.0,0.0,483.63584461138635,0.0,-36291.19781101428,13815.252390797186,0.44945284689807313,4.055676204533809e-16,0.0,point_mass_3dof,legacy_runner_defaults,-0.7562951013162765,0.0,0.0,0.0893225837337992,reduced_response_law,0.0,0
120.0,611.9385165735974,18252.128419674853,311.90950042611297,152.4,2,3,left-turn,786.618786250759,18221.910494185468,300.0,152.4,75.58896553686952,0.0,-6.000000000000001,0.0,2.145234829781838,76.98606491178468,0.0,0.0,0.0,483.63584461138635,0.0,-36291.19781101428,13815.252390797186,0.44945284689807313,1.351892068177936e-16,0.0,point_mass_3dof,legacy_runner_defaults,-0.7562951013162765,0.0,0.0,0.0893225837337992,reduced_response_law,0.0,0
122.0,680.5758273011611,18549.09973070689,311.90950042611297,152.4,2,3,left-turn,864.2740147915107,18516.65030264259,300.0,152.4,74.89041539304604,0.0,-6.000000000000001,0.0,2.145234829781838,76.28751522432708,0.0,0.0,0.0,483.63584461138635,0.0,-36291.19781101427,13815.252390797186,0.44945284689807313,4.506306893926454e-17,0.0,point_mass_3dof,legacy_runner_defaults,-0.7562951013162765,0.0,0.0,0.0893225837337992,reduced_response_law,0.0,0
124.0,752.8286189671585,18845.212165596866,311.90950042611297,152.4,2,3,left-turn,945.5168505985989,18810.42145650062,300.0,152.4,74.19186524922254,0.0,-6.000000000000001,0.0,2.145234829781838,75.58896530868655,0.0,0.0,0.0,483.63584461138635,0.0,-36291.19781101427,13815.252390797186,0.44945284689807313,1.5021022979754846e-17,0.0,point_mass_3dof,legacy_runner_defaults,-0.7562951013162765,0.0,0.0,0.0893225837337992,reduced_response_law,0.0,0
126.0,828.6861528879529,19140.42170905279,311.90950042611297,152.4,2,3,left-turn,1030.3352174913266,19103.18028872726,300.0,152.4,73.49331510539906,0.0,-6.000000000000001,0.0,2.145234829781838,74.89041527895455,0.0,0.0,0.0,483.63584461138635,0.0,-36291.19781101427,13815.252390797186,0.44945284689807313,5.0070076599182816e-18,0.0,point_mass_3dof,legacy_runner_defaults,-0.7562951013162765,0.0,0.0,0.0893225837337992,reduced_response_law,0.0,0
128.0,908.1371539637286,19434.684480106243,311.90950042611297,152.4,2,3,left-turn,1118.7165078112625,19394.883282764757,300.0,152.4,72.79476496157552,0.0,-6.000000000000001,0.0,2.145234829781838,74.19186519217678,0.0,0.0,0.0,483.63584461138635,0.0,-36291.19781101427,13815.252390797186,0.44945284689807313,1.6690025533060936e-18,0.0,point_mass_3dof,legacy_runner_defaults,-0.7562951013162765,0.0,0.0,0.0893225837337992,reduced_response_law,0.0,0
130.0,991.1698126533767,19727.956738581073,311.90950042611297,152.4,2,3,left-turn,1210.6475842962539,19685.487078998336,300.0,152.4,72.09621481775204,0.0,-6.000000000000001,0.0,2.145234829781838,73.49331507687616,0.0,0.0,0.0,483.63584461138635,0.0,-36291.19781101427,13815.252390797186,0.44945284689807313,5.563341844353646e-19,0.0,point_mass_3dof,legacy_runner_defaults,-0.7562951013162765,0.0,0.0,0.0893225837337992,reduced_response_law,0.0,0
132.0,1077.771786879021,20020.19489156631,311.90950042611297,152.4,2,3,left-turn,1306.114782033213,19974.948481201303,300.0,152.4,71.39766467392856,0.0,-6.000000000000001,0.0,2.145234829781838,72.79476494731412,0.0,0.0,0.0,483.63584461138635,0.0,-36291.19781101427,13815.252390797186,0.44945284689807313,1.8544472814512155e-19,0.0,point_mass_3dof,legacy_runner_defaults,-0.7562951013162765,0.0,0.0,0.0893225837337992,reduced_response_law,0.0,0
134.0,1167.9302039349614,20311.355499880632,311.90950042611297,152.4,2,3,left-turn,1405.1039104892943,20263.224462955877,300.0,152.4,70.69911453010502,0.0,-6.000000000000001,0.0,2.145234829781838,72.09621481062135,0.0,0.0,0.0,483.63584461138635,0.0,-36291.19781101427,13815.252390797186,0.44945284689807313,6.181490938170718e-20,0.0,point_mass_3dof,legacy_runner_defaults,-0.7562951013162765,0.0,0.0,0.0893225837337992,reduced_response_law,0.0,0
136.0,1261.6316624382057,20601.39528452123,311.90950042611297,152.4,2,3,left-turn,1507.6002556212275,20550.27217404874,300.0,152.4,70.00056438628154,0.0,-6.000000000000001,0.0,2.145234829781838,71.39766467036318,0.0,0.0,0.0,483.63584461138635,0.0,-36291.19781101427,13815.252390797186,0.44945284689807313,2.0604969793902398e-20,0.0,point_mass_3dof,legacy_runner_defaults,-0.7562951013162765,0.0,0.0,0.0893225837337992,reduced_response_law,0.0,0
138.0,1358.862234338988,20890.271133092632,311.90950042611297,152.4,2,3,left-turn,1613.58858206245,20836.04894684045,300.0,152.4,69.30201424245804,0.0,-6.000000000000001,0.0,2.145234829781838,70.69911452832238,0.0,0.0,0.0,483.63584461138635,0.0,-36291.19781101427,13815.252390797186,0.44945284689807313,6.868323264634134e-21,0.0,point_mass_3dof,legacy_runner_defaults,-0.7562951013162765,0.0,0.0,0.0893225837337992,reduced_response_law,0.0,0
140.0,1459.6074670002963,21177.940106212813,311.90950042611297,152.4,2,3,left-turn,1723.0531353877504,21120.512302607676,300.0,152.4,68.60346409863452,0.0,-6.000000000000001,0.0,2.145234829781838,70.00056438539022,0.0,0.0,0.0,483.63584461138635,0.0,-36291.19781101427,13815.252390797186,0.44945284689807313,2.2894410882113774e-21,0.0,point_mass_3dof,legacy_runner_defaults,-0.7562951013162765,0.0,0.0,0.0893225837337992,reduced_response_law,0.0,0
142.0,1563.8523853507543,21464.359443894657,311.90950042611297,152.4,2,3,left-turn,1835.9776444550334,21403.61995785735,300.0,152.4,67.90491395481108,0.0,-6.000000000000001,0.0,2.145234829781838,69.30201424201236,0.0,0.0,0.0,483.63584461138635,0.0,-36291.19781101427,13815.252390797186,0.44945284689807313,7.631470294037924e-22,0.0,point_mass_3dof,legacy_runner_defaults,-0.7562951013162765,0.0,0.0,0.0893225837337992,reduced_response_law,0.0,0
144.0,1671.581494112851,21749.486571901314,311.90950042611297,152.4,2,3,left-turn,1952.345323823937,21685.329830611845,300.0,152.4,67.20636381098754,0.0,-6.000000000000001,0.0,2.145234829781838,68.60346409841172,0.0,0.0,0.0,483.63584461138635,0.0,-36291.19781101427,13815.252390797186,0.44945284689807313,2.5438234313459742e-22,0.0,point_mass_3dof,legacy_runner_defaults,-0.7562951013162765,0.0,0.0,0.0893225837337992,reduced_response_law,0.0,0
146.0,1782.7787801073475,22033.279108074235,311.90950042611297,152.4,2,3,left-turn,2072.1388762508454,21965.600046664134,300.0,152.4,66.50781366716406,0.0,-6.000000000000001,0.0,2.145234829781838,67.90491395469964,0.0,0.0,0.0,483.63584461138635,0.0,-36291.19781101427,13815.252390797186,0.44945284689807313,8.479411437819914e-23,0.0,point_mass_3dof,legacy_runner_defaults,-0.7562951013162765,0.0,0.0,0.0893225837337992,reduced_response_law,0.0,0
148.0,1897.4277146340935,22315.694868632818,311.90950042611297,152.4,2,3,left-turn,2195.340495260026,22244.388945802126,300.0,152.4,65.80926352334056,0.0,-6.000000000000001,0.0,2.145234829781838,67.20636381093186,0.0,0.0,0.0,483.63584461138635,0.0,-36291.19781101427,13815.252390797186,0.44945284689807313,2.8264704792733045e-23,0.0,point_mass_3dof,legacy_runner_defaults,-0.7562951013162765,0.0,0.0,0.0893225837337992,reduced_response_law,0.0,0
150.0,2015.511255929186,22596.69187444464,311.90950042611297,152.4,2,3,left-turn,2321.931867790422,22521.655088001142,300.0,152.4,65.11071337951704,0.0,-6.000000000000001,0.0,2.145234829781838,66.50781366713622,0.0,0.0,0.0,483.63584461138635,0.0,-36291.19781101427,13815.252390797186,0.44945284689807313,9.42156826424435e-24,0.0,point_mass_3dof,legacy_runner_defaults,-0.7562951013162765,0.0,0.0,0.0893225837337992,reduced_response_law,0.0,0
152.0,2137.011851698251,22876.228357265332,311.90950042611297,152.4,2,3,left-turn,2451.894176917768,22797.357259583714,300.0,152.4,64.41216323569354,0.0,-6.000000000000001,0.0,2.145234829781838,65.80926352332662,0.0,0.0,0.0,483.63584461138635,0.0,-36291.19781101427,13815.252390797186,0.44945284689807313,3.1405227547481165e-24,0.0,point_mass_3dof,legacy_runner_defaults,-0.7562951013162765,0.0,0.0,0.0893225837337992,reduced_response_law,0.0,0
154.0,2261.911441725538,23154.262765947093,311.90950042611297,152.4,2,3,left-turn,2585.2081046515955,23071.454479345673,300.0,152.4,63.71361309187006,0.0,-6.000000000000001,0.0,2.145234829781838,65.11071337951012,0.0,0.0,0.0,483.63584461138635,0.0,-36291.19781101427,13815.252390797186,0.44945284689807313,1.0468409182493722e-24,0.0,point_mass_3dof,legacy_runner_defaults,-0.7562951013162765,0.0,0.0,0.0893225837337992,reduced_response_law,0.0,0
156.0,2390.1914605584816,23430.753772614975,311.90950042611297,152.4,2,3,left-turn,2721.853834806709,23343.90600464776,300.0,152.4,63.01506294804652,0.0,-6.000000000000001,0.0,2.145234829781838,64.41216323569009,0.0,0.0,0.0,483.63584461138635,0.0,-36291.19781101427,13815.252390797186,0.44945284689807313,3.489469727497907e-25,0.0,point_mass_3dof,legacy_runner_defaults,-0.7562951013162765,0.0,0.0,0.0893225837337992,reduced_response_law,0.0,0
158.0,2521.832840267343,23705.660278809984,311.90950042611297,152.4,2,3,left-turn,2861.8110559487404,23614.671337471696,300.0,152.4,62.31651280422304,0.0,-6.000000000000001,0.0,2.145234829781838,63.71361309186833,0.0,0.0,0.0,483.63584461138635,0.0,-36291.19781101427,13815.252390797186,0.44945284689807313,1.1631565758326358e-25,0.0,point_mass_3dof,legacy_runner_defaults,-0.7562951013162765,0.0,0.0,0.0893225837337992,reduced_response_law,0.0,0
160.0,2656.8160132795333,23978.94142159807,311.90950042611297,152.4,2,3,left-turn,3005.058964413282,23883.710230439967,300.0,152.4,61.61796266039955,0.0,-6.000000000000001,0.0,2.145234829781838,63.01506294804571,0.0,0.0,0.0,483.63584461138635,0.0,-36291.19781101427,13815.252390797186,0.44945284689807313,3.877188586108786e-26,0.0,point_mass_3dof,legacy_runner_defaults,-0.7562951013162765,0.0,0.0,0.0893225837337992,reduced_response_law,0.0,0
162.0,2795.120915288203,24250.556579644104,311.90950042611297,152.4,2,3,left-turn,3151.5762673982176,24150.98269279828,300.0,152.4,60.91941251657602,0.0,-6.000000000000001,0.0,2.145234829781838,62.31651280422263,0.0,0.0,0.0,483.63584461138635,0.0,-36291.19781101427,13815.252390797186,0.44945284689807313,1.2923961953695953e-26,0.0,point_mass_3dof,legacy_runner_defaults,-0.7562951013162765,0.0,0.0,0.0893225837337992,reduced_response_law,0.0,0
164.0,2936.72698823466,24520.465379249978,311.90950042611297,152.4,2,3,left-turn,3301.3411861287564,24416.44899635994,300.0,152.4,60.22086237275253,0.0,-6.000000000000001,0.0,2.145234829781838,61.61796266039935,0.0,0.0,0.0,483.63584461138635,0.0,-36291.19781101427,13815.252390797186,0.44945284689807313,4.3079873178986514e-27,0.0,point_mass_3dof,legacy_runner_defaults,-0.7562951013162765,0.0,0.0,0.0893225837337992,reduced_response_law,0.0,0
166.0,3081.613183364185,24788.62770035585,311.90950042611297,152.4,2,3,left-turn,3454.33145909467,24680.06968141115,300.0,152.4,59.522312228929046,0.0,-6.000000000000001,0.0,2.145234829781838,60.91941251657591,0.0,0.0,0.0,483.63584461138635,0.0,-36291.19781101427,13815.252390797186,0.44945284689807313,1.4359957726328838e-27,0.0,point_mass_3dof,legacy_runner_defaults,-0.7562951013162765,0.0,0.0,0.0893225837337992,reduced_response_law,0.0,0
168.0,3229.757964354782,25055.00368250373,311.90950042611297,152.4,2,3,left-turn,3610.5243453593393,24941.80556257644,300.0,152.4,58.82376208510551,0.0,-6.000000000000001,0.0,2.145234829781838,60.22086237275248,0.0,0.0,0.0,483.63584461138635,0.0,-36291.19781101427,13815.252390797186,0.44945284689807313,4.786652575442945e-28,0.0,point_mass_3dof,legacy_runner_defaults,-0.7562951013162765,0.0,0.0,0.0893225837337992,reduced_response_law,0.0,0
170.0,3381.1393105184025,25319.55373076245,311.90950042611297,152.4,2,3,left-turn,3769.8966279400197,25201.61773464326,300.0,152.4,58.125211941282075,0.0,-6.000000000000001,0.0,2.145234829781838,59.52231222892899,0.0,0.0,0.0,483.63584461138635,0.0,-36291.19781101427,13815.252390797186,0.44945284689807313,1.5955508584809819e-28,0.0,point_mass_3dof,legacy_runner_defaults,-0.7562951013162765,0.0,0.0,0.0893225837337992,reduced_response_law,0.0,0
172.0,3535.7347200741674,25582.23852161317,311.90950042611297,152.4,2,3,left-turn,3932.4246172588896,25459.467578345022,300.0,152.4,57.426661797458536,0.0,-6.000000000000001,0.0,2.145234829781838,58.82376208510551,0.0,0.0,0.0,483.63584461138635,0.0,-36291.19781101427,13815.252390797186,0.44945284689807313,5.318502861603273e-29,0.0,point_mass_3dof,legacy_runner_defaults,-0.7562951013162765,0.0,0.0,0.0893225837337992,reduced_response_law,0.0,0
174.0,3693.5212134930994,25843.01900879455,311.90950042611297,152.4,2,3,left-turn,4098.084154664336,25715.31676610154,300.0,152.4,56.72811165363505,0.0,-6.000000000000001,0.0,2.145234829781838,58.12521194128202,0.0,0.0,0.0,483.63584461138635,0.0,-36291.19781101427,13815.252390797186,0.44945284689807313,1.7728342872010912e-29,0.0,point_mass_3dof,legacy_runner_defaults,-0.7562951013162765,0.0,0.0,0.0893225837337992,reduced_response_law,0.0,0
176.0,3854.4753369138703,26101.856429106705,311.90950042611297,152.4,2,3,left-turn,4266.850616021978,25969.12726771618,300.0,152.4,56.029561509811565,0.0,-6.000000000000001,0.0,2.145234829781838,57.426661797458536,0.0,0.0,0.0,483.63584461138635,0.0,-36291.19781101427,13815.252390797186,0.44945284689807313,5.909447624003637e-30,0.0,point_mass_3dof,legacy_runner_defaults,-0.7562951013162765,0.0,0.0,0.0893225837337992,reduced_response_law,0.0,0
178.0,4018.5731656290527,26358.712308173086,311.90950042611297,152.4,2,3,left-turn,4438.698915374858,26220.86135602879,300.0,152.4,55.331011365988026,0.0,-6.000000000000001,0.0,2.145234829781838,56.72811165363505,0.0,0.0,0.0,483.63584461138635,0.0,-36291.19781101427,13815.252390797186,0.44945284689807313,1.969815874667879e-30,0.0,point_mass_3dof,legacy_runner_defaults,-0.7562951013162765,0.0,0.0,0.0893225837337992,reduced_response_law,0.0,0
180.0,4185.790307641362,26613.54846615942,311.90950042611297,152.4,2,3,left-turn,4613.603508672312,26470.481612523545,300.0,152.4,54.632461222164544,0.0,-6.000000000000001,0.0,2.145234829781838,56.029561509811565,0.0,0.0,0.0,483.63584461138635,0.0,-36291.19781101427,13815.252390797186,0.44945284689807313,6.5660529155595966e-31,0.0,point_mass_3dof,legacy_runner_defaults,-0.7562951013162765,0.0,0.0,0.0893225837337992,reduced_response_law,0.0,0
182.0,4356.101907289358,26866.32702344888,311.90950042611297,152.4,2,3,left-turn,4791.538397566899,26717.950932891,300.0,152.4,53.933911078341055,0.0,-6.000000000000001,0.0,2.145234829781838,55.331011365988026,0.0,0.0,0.0,483.63584461138635,0.0,-36291.19781101427,13815.252390797186,0.44945284689807313,2.188684305186532e-31,0.0,point_mass_3dof,legacy_runner_defaults,-0.7562951013162765,0.0,0.0,0.0893225837337992,reduced_response_law,0.0,0
184.0,4529.482648942061,27117.01040627263,311.90950042611297,152.4,2,3,left-turn,4972.477133278885,26963.23253254332,300.0,152.4,53.235360934517566,0.0,-6.000000000000001,0.0,2.145234829781838,54.632461222164544,0.0,0.0,0.0,483.63584461138635,0.0,-36291.19781101427,13815.252390797186,0.44945284689807313,7.295614350621774e-32,0.0,point_mass_3dof,legacy_runner_defaults,-0.7562951013162765,0.0,0.0,0.0893225837337992,reduced_response_law,0.0,0
186.0,4705.906760761948,27365.5613522949,311.90950042611297,152.4,2,3,left-turn,5156.392820527666,27206.289952082134,300.0,152.4,52.536810790694034,0.0,-6.000000000000001,0.0,2.145234829781838,53.933911078341055,0.0,0.0,0.0,483.63584461138635,0.0,-36291.19781101427,13815.252390797186,0.44945284689807313,2.4318714502072582e-32,0.0,point_mass_3dof,legacy_runner_defaults,-0.7562951013162765,0.0,0.0,0.0893225837337992,reduced_response_law,0.0,0
188.0,4885.348018535755,27611.942916151762,311.90950042611297,152.4,2,3,left-turn,5343.2581215295595,27447.08706271789,300.0,152.4,51.838260646870545,0.0,-6.000000000000001,0.0,2.145234829781838,53.235360934517516,0.0,0.0,0.0,483.63584461138635,0.0,-36291.19781101427,13815.252390797186,0.44945284689807313,8.106238167357527e-33,0.0,point_mass_3dof,legacy_runner_defaults,-0.7562951013162765,0.0,0.0,0.0893225837337992,reduced_response_law,0.0,0
190.0,5067.7797495725235,27856.118474942825,311.90950042611297,152.4,2,3,left-turn,5533.045260061378,27685.588071640195,300.0,152.4,51.13971050304706,0.0,-6.000000000000001,0.0,2.145234829781838,52.536810790694034,0.0,0.0,0.0,483.63584461138635,0.0,-36291.19781101427,13815.252390797186,0.44945284689807313,2.7020793891191755e-33,0.0,point_mass_3dof,legacy_runner_defaults,-0.7562951013162765,0.0,0.0,0.0893225837337992,reduced_response_law,0.0,0
192.0,5253.174836668309,28098.05173367495,311.90950042611297,152.4,2,3,left-turn,5725.726025589179,27921.75752733817,300.0,152.4,50.44116035922357,0.0,-6.000000000000001,0.0,2.145234829781838,51.838260646870545,0.0,0.0,0.0,483.63584461138635,0.0,-36291.19781101427,13815.252390797186,0.44945284689807313,9.00693129706392e-34,0.0,point_mass_3dof,legacy_runner_defaults,-0.7562951013162765,0.0,0.0,0.0893225837337992,reduced_response_law,0.0,0
194.0,5441.505722136965,28337.70673065726,311.90950042611297,152.4,2,3,left-turn,5921.2717774615485,28155.560324870035,300.0,152.4,49.742610215400035,0.0,-6.000000000000001,0.0,2.145234829781838,51.13971050304706,0.0,0.0,0.0,483.63584461138635,0.0,-36291.19781101427,13815.252390797186,0.44945284689807313,3.00231043235464e-34,0.0,point_mass_3dof,legacy_runner_defaults,-0.7562951013162765,0.0,0.0,0.0893225837337992,reduced_response_law,0.0,0
196.0,5632.744411906402,28575.047842846594,311.90950042611297,152.4,2,3,left-turn,6119.653449166848,28386.961711081243,300.0,152.4,49.04406007157655,0.0,-6.000000000000001,0.0,2.145234829781838,50.44116035922357,0.0,0.0,0.0,483.63584461138635,0.0,-36291.19781101427,13815.252390797186,0.44945284689807313,1.0007701441182136e-34,0.0,point_mass_3dof,legacy_runner_defaults,-0.7562951013162765,0.0,0.0,0.0893225837337992,reduced_response_law,0.0,0
198.0,5826.862479679709,28810.03979114261,311.90950042611297,152.4,2,3,left-turn,6320.841552653736,28615.92728977028,300.0,152.4,48.34550992775304,0.0,-6.000000000000001,0.0,2.145234829781838,49.742610215400035,0.0,0.0,0.0,483.63584461138635,0.0,-36291.19781101427,13815.252390797186,0.44945284689807313,3.335900480394045e-35,0.0,point_mass_3dof,legacy_runner_defaults,-0.7562951013162765,0.0,0.0,0.0893225837337992,reduced_response_law,0.0,0
200.0,6023.8310711605245,29042.6476456318,311.90950042611297,152.4,2,3,left-turn,6524.806182714374,28842.42302680143,300.0,152.4,47.64695978392955,0.0,-6.000000000000001,0.0,2.145234829781838,49.04406007157655,0.0,0.0,0.0,483.63584461138635,0.0,-36291.19781101427,13815.252390797186,0.44945284689807313,1.1119668267980147e-35,0.0,point_mass_3dof,legacy_runner_defaults,-0.7562951013162765,0.0,0.0,0.0893225837337992,reduced_response_law,0.0,0
202.0,6223.620908342027,29272.83683077956,311.90950042611297,152.4,2,3,left-turn,6731.5170214296195,29066.4152551637,300.0,152.4,46.94840964010604,0.0,-6.000000000000001,0.0,2.145234829781838,48.34550992775306,0.0,0.0,0.0,483.63584461138635,0.0,-36291.19781101427,13815.252390797186,0.44945284689807313,3.7065560893267156e-36,0.0,point_mass_3dof,legacy_runner_defaults,-0.7562951013162765,0.0,0.0,0.0893225837337992,reduced_response_law,0.0,0
204.0,6426.202293858906,29500.573130569606,311.90950042611297,152.4,2,3,left-turn,6940.943342675573,29287.870679975207,300.0,152.4,46.24985949628256,0.0,-6.000000000000001,0.0,2.145234829781838,47.64695978392955,0.0,0.0,0.0,483.63584461138635,0.0,-36291.19781101427,13815.252390797186,0.44945284689807313,1.2355186964422387e-36,0.0,point_mass_3dof,legacy_runner_defaults,-0.7562951013162765,0.0,0.0,0.0893225837337992,reduced_response_law,0.0,0
206.0,6631.545115401669,29725.82269358995,311.90950042611297,152.4,2,3,left-turn,7153.054016690808,29506.75638343219,300.0,152.4,45.55130935245904,0.0,-6.000000000000001,0.0,2.145234829781838,46.94840964010604,0.0,0.0,0.0,483.63584461138635,0.0,-36291.19781101427,13815.252390797186,0.44945284689807313,4.118395654807462e-37,0.0,point_mass_3dof,legacy_runner_defaults,-0.7562951013162765,0.0,0.0,0.0893225837337992,reduced_response_law,0.0,0
208.0,6839.618850192625,29948.55203806468,311.90950042611297,152.4,2,3,left-turn,7367.817514703575,29723.03982970207,300.0,152.4,44.85275920863556,0.0,-6.000000000000001,0.0,2.145234829781838,46.24985949628256,0.0,0.0,0.0,483.63584461138635,0.0,-36291.19781101427,13815.252390797186,0.44945284689807313,1.3727985516024873e-37,0.0,point_mass_3dof,legacy_runner_defaults,-0.7562951013162765,0.0,0.0,0.0893225837337992,reduced_response_law,0.0,0
210.0,7050.392569522883,30168.72805683078,311.90950042611297,152.4,2,3,left-turn,7585.201913618367,29936.68886975962,300.0,152.4,44.15420906481205,0.0,-6.000000000000001,0.0,2.145234829781838,45.55130935245907,0.0,0.0,0.0,483.63584461138635,0.0,-36291.19781101427,13815.252390797186,0.44945284689807313,4.575995172008291e-38,0.0,point_mass_3dof,legacy_runner_defaults,-0.7562951013162765,0.0,0.0,0.0893225837337992,reduced_response_law,0.0,0
212.0,7263.834943349688,30386.318022259285,311.90950042611297,152.4,2,3,left-turn,7805.174900761028,30147.671746165717,300.0,152.4,43.45565892098856,0.0,-6.000000000000001,0.0,2.145234829781838,44.85275920863556,0.0,0.0,0.0,483.63584461138635,0.0,-36291.19781101427,13815.252390797186,0.44945284689807313,1.5253317240027637e-38,0.0,point_mass_3dof,legacy_runner_defaults,-0.7562951013162765,0.0,0.0,0.0893225837337992,reduced_response_law,0.0,0
214.0,7479.914244953416,30601.28959112002,311.90950042611297,152.4,2,3,left-turn,8027.703778681833,30355.957097787876,300.0,152.4,42.75710877716505,0.0,-6.000000000000001,0.0,2.145234829781838,44.15420906481205,0.0,0.0,0.0,483.63584461138635,0.0,-36291.19781101427,13815.252390797186,0.44945284689807313,5.084439080009212e-39,0.0,point_mass_3dof,legacy_runner_defaults,-0.7562951013162765,0.0,0.0,0.0893225837337992,reduced_response_law,0.0,0
216.0,7698.598355653525,30813.610809389185,311.90950042611297,152.4,2,3,left-turn,8252.755470015716,30561.51396446183,300.0,152.4,42.05855863334154,0.0,-6.000000000000001,0.0,2.145234829781838,43.45565892098856,0.0,0.0,0.0,483.63584461138635,0.0,-36291.19781101427,13815.252390797186,0.44945284689807313,1.6948130266697375e-39,0.0,point_mass_3dof,legacy_runner_defaults,-0.7562951013162765,0.0,0.0,0.0893225837337992,reduced_response_law,0.0,0
218.0,7919.854769582777,31023.25011699911,311.90950042611297,152.4,2,3,left-turn,8480.29652239901,30764.311791593576,300.0,152.4,41.36000848951805,0.0,-6.000000000000001,0.0,2.145234829781838,42.75710877716505,0.0,0.0,0.0,483.63584461138635,0.0,-36291.19781101427,13815.252390797186,0.44945284689807313,5.649376755565792e-40,0.0,point_mass_3dof,legacy_runner_defaults,-0.7562951013162765,0.0,0.0,0.0893225837337992,reduced_response_law,0.0,0
220.0,8143.650598519007,31230.17635252942,311.90950042611297,152.4,2,3,left-turn,8710.293113441894,30964.320434701094,300.0,152.4,40.66145834569454,0.0,-6.000000000000001,0.0,2.145234829781838,42.05855863334154,0.0,0.0,0.0,483.63584461138635,0.0,-36291.19781101427,13815.252390797186,0.44945284689807313,1.883125585188597e-40,0.0,point_mass_3dof,legacy_runner_defaults,-0.7562951013162765,0.0,0.0,0.0893225837337992,reduced_response_law,0.0,0
222.0,8369.952576773725,31434.35875783899,311.90950042611297,152.4,2,3,left-turn,8942.711055755854,31161.510163895087,300.0,152.4,39.96290820187106,0.0,-6.000000000000001,0.0,2.145234829781838,41.36000848951805,0.0,0.0,0.0,483.63584461138635,0.0,-36291.19781101427,13815.252390797186,0.44945284689807313,6.27708528396199e-41,0.0,point_mass_3dof,legacy_runner_defaults,-0.7562951013162765,0.0,0.0,0.0893225837337992,reduced_response_law,0.0,0
224.0,8598.727066136835,31635.7669826379,311.90950042611297,152.4,2,3,left-turn,9177.51580203541,31355.851668298164,300.0,152.4,39.26435805804755,0.0,-6.000000000000001,0.0,2.145234829781838,40.66145834569457,0.0,0.0,0.0,483.63584461138635,0.0,-36291.19781101427,13815.252390797186,0.44945284689807313,2.0923617613206638e-41,0.0,point_mass_3dof,legacy_runner_defaults,-0.7562951013162765,0.0,0.0,0.0893225837337992,reduced_response_law,0.0,0
226.0,8829.94006087671,31834.371088998814,311.90950042611297,152.4,2,3,left-turn,9414.672450193317,31547.316060401667,300.0,152.4,38.56580791422406,0.0,-6.000000000000001,0.0,2.145234829781838,39.96290820187106,0.0,0.0,0.0,483.63584461138635,0.0,-36291.19781101427,13815.252390797186,0.44945284689807313,6.974539204402211e-42,0.0,point_mass_3dof,legacy_runner_defaults,-0.7562951013162765,0.0,0.0,0.0893225837337992,reduced_response_law,0.0,0
228.0,9063.557192794919,32030.14155580704,311.90950042611297,152.4,2,3,left-turn,9654.145748548533,31735.8748803596,300.0,152.4,37.86725777040055,0.0,-6.000000000000001,0.0,2.145234829781838,39.26435805804755,0.0,0.0,0.0,483.63584461138635,0.0,-36291.19781101427,13815.252390797186,0.44945284689807313,2.3248464014674034e-42,0.0,point_mass_3dof,legacy_runner_defaults,-0.7562951013162765,0.0,0.0,0.0893225837337992,reduced_response_law,0.0,0
230.0,9299.54373633481,32223.049283148626,311.90950042611297,152.4,2,3,left-turn,9895.900101066132,31921.500100219007,300.0,152.4,37.16870762657704,0.0,-6.000000000000001,0.0,2.145234829781838,38.56580791422406,0.0,0.0,0.0,483.63584461138635,0.0,-36291.19781101427,13815.252390797186,0.44945284689807313,7.749488004891344e-43,0.0,point_mass_3dof,legacy_runner_defaults,-0.7562951013162765,0.0,0.0,0.0893225837337992,reduced_response_law,0.0,0
232.0,9537.864613743228,32413.065596635868,311.90950042611297,152.4,2,3,left-turn,10139.89957264839,32104.164128086115,300.0,152.4,36.47015748275355,0.0,-6.000000000000001,0.0,2.145234829781838,37.86725777040055,0.0,0.0,0.0,483.63584461138635,0.0,-36291.19781101427,13815.252390797186,0.44945284689807313,2.5831626682971147e-43,0.0,point_mass_3dof,legacy_runner_defaults,-0.7562951013162765,0.0,0.0,0.0893225837337992,reduced_response_law,0.0,0
234.0,9778.484400284573,32600.162251669564,311.90950042611297,152.4,2,3,left-turn,10386.10789447631,32283.83981222767,300.0,152.4,35.77160733893004,0.0,-6.000000000000001,0.0,2.145234829781838,37.16870762657704,0.0,0.0,0.0,483.63584461138635,0.0,-36291.19781101427,13815.252390797186,0.44945284689807313,8.610542227657049e-44,0.0,point_mass_3dof,legacy_runner_defaults,-0.7562951013162765,0.0,0.0,0.0893225837337992,reduced_response_law,0.0,0
236.0,10021.367329506444,32784.31143763736,311.90950042611297,152.4,2,3,left-turn,10634.488469400707,32460.50044510688,300.0,152.4,35.07305719510656,0.0,-6.000000000000001,0.0,2.145234829781838,36.47015748275355,0.0,0.0,0.0,483.63584461138635,0.0,-36291.19781101427,13815.252390797186,0.44945284689807313,2.87018074255235e-44,0.0,point_mass_3dof,legacy_runner_defaults,-0.7562951013162765,0.0,0.0,0.0893225837337992,reduced_response_law,0.0,0
238.0,10266.47729855607,32965.48578204763,311.90950042611297,152.4,2,3,left-turn,10885.004377382144,32634.119767353266,300.0,152.4,34.37450705128305,0.0,-6.000000000000001,0.0,2.145234829781838,35.77160733893007,0.0,0.0,0.0,483.63584461138635,0.0,-36291.19781101427,13815.252390797186,0.44945284689807313,9.567269141841166e-45,0.0,point_mass_3dof,legacy_runner_defaults,-0.7562951013162765,0.0,0.0,0.0893225837337992,reduced_response_law,0.0,0
240.0,10513.777873546751,33143.65835459818,311.90950042611297,152.4,2,3,left-turn,11137.618380978805,32804.671971665965,300.0,152.4,33.67595690745956,0.0,-6.000000000000001,0.0,2.145234829781838,35.07305719510656,0.0,0.0,0.0,483.63584461138635,0.0,-36291.19781101427,13815.252390797186,0.44945284689807313,3.189089713947056e-45,0.0,point_mass_3dof,legacy_runner_defaults,-0.7562951013162765,0.0,0.0,0.0893225837337992,reduced_response_law,0.0,0
242.0,10763.232294973493,33318.80267117924,311.90950042611297,152.4,2,3,left-turn,11392.29293088162,32972.131706649794,300.0,152.4,32.977406763636075,0.0,-6.000000000000001,0.0,2.145234829781838,34.37450705128305,0.0,0.0,0.0,483.63584461138635,0.0,-36291.19781101427,13815.252390797186,0.44945284689807313,1.0630299046490187e-45,0.0,point_mass_3dof,legacy_runner_defaults,-0.7562951013162765,0.0,0.0,0.0893225837337992,reduced_response_law,0.0,0
244.0,11014.803483177064,33490.892697810195,311.90950042611297,152.4,2,3,left-turn,11648.990171495676,33136.47408058357,300.0,152.4,32.27885661981254,0.0,-6.000000000000001,0.0,2.145234829781838,33.67595690745956,0.0,0.0,0.0,483.63584461138635,0.0,-36291.19781101427,13815.252390797186,0.44945284689807313,3.543433015496729e-46,0.0,point_mass_3dof,legacy_runner_defaults,-0.7562951013162765,0.0,0.0,0.0893225837337992,reduced_response_law,0.0,0
246.0,11268.454043855616,33659.9028545093,311.90950042611297,152.4,2,3,left-turn,11907.671946567194,33297.67466512005,300.0,152.4,31.58030647598905,0.0,-6.000000000000001,0.0,2.145234829781838,32.97740676363605,0.0,0.0,0.0,483.63584461138635,0.0,-36291.19781101427,13815.252390797186,0.44945284689807313,1.1811443384989096e-46,0.0,point_mass_3dof,legacy_runner_defaults,-0.7562951013162765,0.0,0.0,0.0893225837337992,reduced_response_law,0.0,0
248.0,11524.14627362309,33825.808019095995,311.90950042611297,152.4,2,3,left-turn,12168.299804855209,33455.70949891709,300.0,152.4,30.881756332165562,0.0,-6.000000000000001,0.0,2.145234829781838,32.27885661981254,0.0,0.0,0.0,483.63584461138635,0.0,-36291.19781101427,13815.252390797186,0.44945284689807313,3.937147794996366e-47,0.0,point_mass_3dof,legacy_runner_defaults,-0.7562951013162765,0.0,0.0,0.0893225837337992,reduced_response_law,0.0,0
250.0,11781.842165613565,33988.58353092512,311.90950042611297,152.4,2,3,left-turn,12430.835005847051,33610.555091199305,300.0,152.4,30.18320618834205,0.0,-6.000000000000001,0.0,2.145234829781838,31.58030647598905,0.0,0.0,0.0,483.63584461138635,0.0,-36291.19781101427,13815.252390797186,0.44945284689807313,1.3123825983321221e-47,0.0,point_mass_3dof,legacy_runner_defaults,-0.7562951013162765,0.0,0.0,0.0893225837337992,reduced_response_law,0.0,0
252.0,12041.503415130708,34148.205194552575,311.90950042611297,152.4,2,3,left-turn,12695.238525516876,33762.188425249784,300.0,152.4,29.484656044518566,0.0,-6.000000000000001,0.0,2.145234829781838,30.881756332165562,0.0,0.0,0.0,483.63584461138635,0.0,-36291.19781101427,13815.252390797186,0.44945284689807313,4.3746086611070736e-48,0.0,point_mass_3dof,legacy_runner_defaults,-0.7562951013162765,0.0,0.0,0.0893225837337992,reduced_response_law,0.0,0
254.0,12303.091425341505,34304.64928333178,311.90950042611297,152.4,2,3,left-turn,12961.47106212629,33910.58696183143,300.0,152.4,28.786105900695055,0.0,-6.000000000000001,0.0,2.145234829781838,30.183206188342076,0.0,0.0,0.0,483.63584461138635,0.0,-36291.19781101427,13815.252390797186,0.44945284689807313,1.4582028870356914e-48,0.0,point_mass_3dof,legacy_runner_defaults,-0.7562951013162765,0.0,0.0,0.0893225837337992,reduced_response_law,0.0,0
256.0,12566.567313013407,34457.8925429405,311.90950042611297,152.4,2,3,left-turn,13229.49304206631,34055.72864253717,300.0,152.4,28.08755575687157,0.0,-6.000000000000001,0.0,2.145234829781838,29.484656044518566,0.0,0.0,0.0,483.63584461138635,0.0,-36291.19781101427,13815.252390797186,0.44945284689807313,4.860676290118971e-49,0.0,point_mass_3dof,legacy_runner_defaults,-0.7562951013162765,0.0,0.0,0.0893225837337992,reduced_response_law,0.0,0
258.0,12831.891914294052,34607.912194837394,311.90950042611297,152.4,2,3,left-turn,13499.264625739674,34197.59189306888,300.0,152.4,27.38900561304806,0.0,-6.000000000000001,0.0,2.145234829781838,28.786105900695055,0.0,0.0,0.0,483.63584461138635,0.0,-36291.19781101427,13815.252390797186,0.44945284689807313,1.6202254300396572e-49,0.0,point_mass_3dof,legacy_runner_defaults,-0.7562951013162765,0.0,0.0,0.0893225837337992,reduced_response_law,0.0,0
260.0,13099.025790532702,34754.68593964795,311.90950042611297,152.4,2,3,left-turn,13770.745713482735,34336.155626444175,300.0,152.4,26.690455469224574,0.0,-6.000000000000001,0.0,2.145234829781838,28.08755575687157,0.0,0.0,0.0,483.63584461138635,0.0,-36291.19781101427,13815.252390797186,0.44945284689807313,5.400751433465524e-50,0.0,point_mass_3dof,legacy_runner_defaults,-0.7562951013162765,0.0,0.0,0.0893225837337992,reduced_response_law,0.0,0
262.0,13367.929234142515,34898.191960479075,311.90950042611297,152.4,2,3,left-turn,14043.895951526003,34471.39924613088,300.0,152.4,25.99190532540106,0.0,-6.000000000000001,0.0,2.145234829781838,27.389005613048084,0.0,0.0,0.0,483.63584461138635,0.0,-36291.19781101427,13815.252390797186,0.44945284689807313,1.8002504778218414e-50,0.0,point_mass_3dof,legacy_runner_defaults,-0.7562951013162765,0.0,0.0,0.0893225837337992,reduced_response_law,0.0,0
264.0,13638.56227450281,35038.408926162054,311.90950042611297,152.4,2,3,left-turn,14318.67473799243,34603.30264910858,300.0,152.4,25.29335518157755,0.0,-6.000000000000001,0.0,2.145234829781838,26.690455469224574,0.0,0.0,0.0,483.63584461138635,0.0,-36291.19781101427,13815.252390797186,0.44945284689807313,6.000834926072805e-51,0.0,point_mass_3dof,legacy_runner_defaults,-0.7562951013162765,0.0,0.0,0.0893225837337992,reduced_response_law,0.0,0
266.0,13910.884683900418,35175.315994423276,311.90950042611297,152.4,2,3,left-turn,14595.041228932609,34731.846228856724,300.0,152.4,24.594805037754064,0.0,-6.000000000000001,0.0,2.145234829781838,25.99190532540106,0.0,0.0,0.0,483.63584461138635,0.0,-36291.19781101427,13815.252390797186,0.44945284689807313,2.0002783086909352e-51,0.0,point_mass_3dof,legacy_runner_defaults,-0.7562951013162765,0.0,0.0,0.0893225837337992,reduced_response_law,0.0,0
268.0,14184.855983509246,35308.89281498227,311.90950042611297,152.4,2,3,left-turn,14872.954344395946,34857.01087826908,300.0,152.4,23.896254893930553,0.0,-6.000000000000001,0.0,2.145234829781838,25.293355181577574,0.0,0.0,0.0,483.63584461138635,0.0,-36291.19781101427,13815.252390797186,0.44945284689807313,6.667594362303116e-52,0.0,point_mass_3dof,legacy_runner_defaults,-0.7562951013162765,0.0,0.0,0.0893225837337992,reduced_response_law,0.0,0
270.0,14460.435449407178,35439.11953257667,311.90950042611297,152.4,2,3,left-turn,15152.372774536903,34978.77799249381,300.0,152.4,23.197704750107068,0.0,-6.000000000000001,0.0,2.145234829781838,24.594805037754064,0.0,0.0,0.0,483.63584461138635,0.0,-36291.19781101427,13815.252390797186,0.44945284689807313,2.2225314541010386e-52,0.0,point_mass_3dof,legacy_runner_defaults,-0.7562951013162765,0.0,0.0,0.0893225837337992,reduced_response_law,0.0,0
272.0,14737.5821186294,35565.97678991352,311.90950042611297,152.4,2,3,left-turn,15433.254985755419,35097.129471698994,300.0,152.4,22.499154606283554,0.0,-6.000000000000001,0.0,2.145234829781838,23.896254893930553,0.0,0.0,0.0,483.63584461138635,0.0,-36291.19781101427,13815.252390797186,0.44945284689807313,7.408438180336796e-53,0.0,point_mass_3dof,legacy_runner_defaults,-0.7562951013162765,0.0,0.0,0.0893225837337992,reduced_response_law,0.0,0
274.0,15016.254795257257,35689.44573054664,311.90950042611297,152.4,2,3,left-turn,15715.559226870577,35212.04772376302,300.0,152.4,21.80060446246007,0.0,-6.000000000000001,0.0,2.145234829781838,23.197704750107068,0.0,0.0,0.0,483.63584461138635,0.0,-36291.19781101427,13815.252390797186,0.44945284689807313,2.4694793934455986e-53,0.0,point_mass_3dof,legacy_runner_defaults,-0.7562951013162765,0.0,0.0,0.0893225837337992,reduced_response_law,0.0,0
276.0,15296.412056541742,35809.50800167949,311.90950042611297,152.4,2,3,left-turn,15999.243535326654,35323.51566688952,300.0,152.4,21.102054318636558,0.0,-6.000000000000001,0.0,2.145234829781838,22.499154606283582,0.0,0.0,0.0,483.63584461138635,0.0,-36291.19781101427,13815.252390797186,0.44945284689807313,8.231597978151996e-54,0.0,point_mass_3dof,legacy_runner_defaults,-0.7562951013162765,0.0,0.0,0.0893225837337992,reduced_response_law,0.0,0
278.0,15578.012259060695,35926.14575689316,311.90950042611297,152.4,2,3,left-turn,16284.265743430537,35431.516732146505,300.0,152.4,20.403504174813072,0.0,-6.000000000000001,0.0,2.145234829781838,21.80060446246007,0.0,0.0,0.0,483.63584461138635,0.0,-36291.19781101427,13815.252390797186,0.44945284689807313,2.7438659927173323e-54,0.0,point_mass_3dof,legacy_runner_defaults,-0.7562951013162765,0.0,0.0,0.0893225837337992,reduced_response_law,0.0,0
280.0,15861.013544908814,36039.34165879915,311.90950042611297,152.4,2,3,left-turn,16570.583484619667,35536.03486592916,300.0,152.4,19.704954030989562,0.0,-6.000000000000001,0.0,2.145234829781838,21.102054318636558,0.0,0.0,0.0,483.63584461138635,0.0,-36291.19781101427,13815.252390797186,0.44945284689807313,9.146219975724441e-55,0.0,point_mass_3dof,legacy_runner_defaults,-0.7562951013162765,0.0,0.0,0.0893225837337992,reduced_response_law,0.0,0
282.0,16145.37384791953,36149.07888161645,311.90950042611297,152.4,2,3,left-turn,16858.154199759534,35637.05453234617,300.0,152.4,19.006403887166076,0.0,-6.000000000000001,0.0,2.145234829781838,20.403504174813072,0.0,0.0,0.0,483.63584461138635,0.0,-36291.19781101427,13815.252390797186,0.44945284689807313,3.0487399919081468e-55,0.0,point_mass_3dof,legacy_runner_defaults,-0.7562951013162765,0.0,0.0,0.0893225837337992,reduced_response_law,0.0,0
284.0,16431.05089991786,36255.34111367254,311.90950042611297,152.4,2,3,left-turn,17146.93514346979,35734.56071552895,300.0,152.4,18.307853743342562,0.0,-6.000000000000001,0.0,2.145234829781838,19.704954030989587,0.0,0.0,0.0,483.63584461138635,0.0,-36291.19781101427,13815.252390797186,0.44945284689807313,1.0162466639693824e-55,0.0,point_mass_3dof,legacy_runner_defaults,-0.7562951013162765,0.0,0.0,0.0893225837337992,reduced_response_law,0.0,0
286.0,16718.002237003268,36358.112559828056,311.90950042611297,152.4,2,3,left-turn,17436.88339047804,35828.5389218637,300.0,152.4,17.609303599519052,0.0,-6.000000000000001,0.0,2.145234829781838,19.006403887166076,0.0,0.0,0.0,483.63584461138635,0.0,-36291.19781101427,13815.252390797186,0.44945284689807313,3.387488879897941e-56,0.0,point_mass_3dof,legacy_runner_defaults,-0.7562951013162765,0.0,0.0,0.0893225837337992,reduced_response_law,0.0,0
288.0,17006.18520586163,36457.37794382459,311.90950042611297,152.4,2,3,left-turn,17727.955842000432,35918.97518214575,300.0,152.4,16.910753455695566,0.0,-6.000000000000001,0.0,2.145234829781838,18.307853743342562,0.0,0.0,0.0,483.63584461138635,0.0,-36291.19781101427,13815.252390797186,0.44945284689807313,1.1291629599659804e-56,0.0,point_mass_3dof,legacy_runner_defaults,-0.7562951013162765,0.0,0.0,0.0893225837337992,reduced_response_law,0.0,0
290.0,17295.55697010536,36553.122510555404,311.90950042611297,152.4,2,3,left-turn,18020.109232147923,36005.85605365602,300.0,152.4,16.212203311872056,0.0,-6.000000000000001,0.0,2.145234829781838,17.609303599519077,0.0,0.0,0.0,483.63584461138635,0.0,-36291.19781101427,13815.252390797186,0.44945284689807313,3.763876533219935e-57,0.0,point_mass_3dof,legacy_runner_defaults,-0.7562951013162765,0.0,0.0,0.0893225837337992,reduced_response_law,0.0,0
292.0,17586.07451664072,36645.332028258694,311.90950042611297,152.4,2,3,left-turn,18313.3001343575,36089.168622159144,300.0,152.4,15.51365316804857,0.0,-6.000000000000001,0.0,2.145234829781838,16.910753455695566,0.0,0.0,0.0,483.63584461138635,0.0,-36291.19781101427,13815.252390797186,0.44945284689807313,1.2546255110733115e-57,0.0,point_mass_3dof,legacy_runner_defaults,-0.7562951013162765,0.0,0.0,0.0893225837337992,reduced_response_law,0.0,0
294.0,17877.694662061444,36733.99279063303,311.90950042611297,152.4,2,3,left-turn,18607.484967847227,36168.90050382311,300.0,152.4,14.815103024225083,0.0,-6.000000000000001,0.0,2.145234829781838,16.212203311872056,0.0,0.0,0.0,483.63584461138635,0.0,-36291.19781101427,13815.252390797186,0.44945284689807313,4.182085036911039e-58,0.0,point_mass_3dof,legacy_runner_defaults,-0.7562951013162765,0.0,0.0,0.0893225837337992,reduced_response_law,0.0,0
296.0,18170.374059067617,36819.09161887468,311.90950042611297,152.4,2,3,left-turn,18902.620004094217,36245.03984706002,300.0,152.4,14.116552880401573,0.0,-6.000000000000001,0.0,2.145234829781838,15.51365316804857,0.0,0.0,0.0,483.63584461138635,0.0,-36291.19781101427,13815.252390797186,0.44945284689807313,1.3940283456370126e-58,0.0,point_mass_3dof,legacy_runner_defaults,-0.7562951013162765,0.0,0.0,0.0893225837337992,reduced_response_law,0.0,0
298.0,18464.06920290898,36900.615863636594,311.90950042611297,152.4,2,3,left-turn,19198.66137333456,36317.57533428774,300.0,152.4,13.41800273657806,0.0,-6.000000000000001,0.0,2.145234829781838,14.815103024225083,0.0,0.0,0.0,483.63584461138635,0.0,-36291.19781101427,13815.252390797186,0.44945284689807313,4.646761152123376e-59,0.0,point_mass_3dof,legacy_runner_defaults,-0.7562951013162765,0.0,0.0,0.0893225837337992,reduced_response_law,0.0,0
300.0,18758.736437851592,36978.5534069086,311.90950042611297,152.4,2,3,left-turn,19495.565071084264,36386.496183612195,300.0,152.4,12.719452592754575,0.0,-6.000000000000001,0.0,2.145234829781838,14.116552880401573,0.0,0.0,0.0,483.63584461138635,0.0,-36291.19781101427,13815.252390797186,0.44945284689807313,1.548920384041126e-59,0.0,point_mass_3dof,legacy_runner_defaults,-0.7562951013162765,0.0,0.0,0.0893225837337992,reduced_response_law,0.0,0
302.0,19054.331963666948,37052.89266381868,311.90950042611297,152.4,2,3,left-turn,19793.286964680257,36451.79215043003,300.0,152.4,12.020902448931064,0.0,-6.000000000000001,0.0,2.145234829781838,13.41800273657806,0.0,0.0,0.0,483.63584461138635,0.0,-36291.19781101427,13815.252390797186,0.44945284689807313,5.163067946803752e-60,0.0,point_mass_3dof,legacy_runner_defaults,-0.7562951013162765,0.0,0.0,0.0893225837337992,reduced_response_law,0.0,0
304.0,19350.811842142582,37123.622584354984,311.90950042611297,152.4,2,3,left-turn,20091.782799840323,36513.45352895133,300.0,152.4,11.322352305107579,0.0,-6.000000000000001,0.0,2.145234829781838,12.719452592754575,0.0,0.0,0.0,483.63584461138635,0.0,-36291.19781101427,13815.252390797186,0.44945284689807313,1.721022648934584e-60,0.0,point_mass_3dof,legacy_runner_defaults,-0.7562951013162765,0.0,0.0,0.0893225837337992,reduced_response_law,0.0,0
306.0,19648.132003613184,37190.73265500832,311.90950042611297,152.4,2,3,left-turn,20391.00820724127,36571.471153642444,300.0,152.4,10.623802161284067,0.0,-6.000000000000001,0.0,2.145234829781838,12.02090244893109,0.0,0.0,0.0,483.63584461138635,0.0,-36291.19781101427,13815.252390797186,0.44945284689807313,5.73674216311528e-61,0.0,point_mass_3dof,legacy_runner_defaults,-0.7562951013162765,0.0,0.0,0.0893225837337992,reduced_response_law,0.0,0
308.0,19946.248253511225,37254.21290033494,311.90950042611297,152.4,2,3,left-turn,20690.91870911404,36625.83640058823,300.0,152.4,9.925252017460556,0.0,-6.000000000000001,0.0,2.145234829781838,11.322352305107579,0.0,0.0,0.0,483.63584461138635,0.0,-36291.19781101427,13815.252390797186,0.44945284689807313,1.9122473877050934e-61,0.0,point_mass_3dof,legacy_runner_defaults,-0.7562951013162765,0.0,0.0,0.0893225837337992,reduced_response_law,0.0,0
310.0,20245.1162789362,37314.05388443929,311.90950042611297,152.4,2,3,left-turn,20991.469725855095,36676.54118877408,300.0,152.4,9.22670187363707,0.0,-6.000000000000001,0.0,2.145234829781838,10.623802161284067,0.0,0.0,0.0,483.63584461138635,0.0,-36291.19781101427,13815.252390797186,0.44945284689807313,6.374157959016978e-62,0.0,point_mass_3dof,legacy_runner_defaults,-0.7562951013162765,0.0,0.0,0.0893225837337992,reduced_response_law,0.0,0
312.0,20544.691655241408,37370.246712376604,311.90950042611297,152.4,2,3,left-turn,21292.61658265283,36723.577981287,300.0,152.4,8.528151729813558,0.0,-6.000000000000001,0.0,2.145234829781838,9.925252017460581,0.0,0.0,0.0,483.63584461138635,0.0,-36291.19781101427,13815.252390797186,0.44945284689807313,2.1247193196723266e-62,0.0,point_mass_3dof,legacy_runner_defaults,-0.7562951013162765,0.0,0.0,0.0893225837337992,reduced_response_law,0.0,0
314.0,20844.92985263738,37422.78303147508,311.90950042611297,152.4,2,3,left-turn,21594.31451612815,36766.93978643596,300.0,152.4,7.829601585990073,0.0,-6.000000000000001,0.0,2.145234829781838,9.22670187363707,0.0,0.0,0.0,483.63584461138635,0.0,-36291.19781101427,13815.252390797186,0.44945284689807313,7.082397732241088e-63,0.0,point_mass_3dof,legacy_runner_defaults,-0.7562951013162765,0.0,0.0,0.0893225837337992,reduced_response_law,0.0,0
316.0,21145.78624281091,37471.65503257746,311.90950042611297,152.4,2,3,left-turn,21896.51868098828,36806.620158791186,300.0,152.4,7.131051442166561,0.0,-6.000000000000001,0.0,2.145234829781838,8.528151729813558,0.0,0.0,0.0,483.63584461138635,0.0,-36291.19781101427,13815.252390797186,0.44945284689807313,2.3607992440803626e-63,0.0,point_mass_3dof,legacy_runner_defaults,-0.7562951013162765,0.0,0.0,0.0893225837337992,reduced_response_law,0.0,0
318.0,21447.216105558764,37516.85545120176,311.90950042611297,152.4,2,3,left-turn,22199.18415669267,36842.61320014218,300.0,152.4,6.43250129834305,0.0,-6.000000000000001,0.0,2.145234829781838,7.829601585990073,0.0,0.0,0.0,483.63584461138635,0.0,-36291.19781101427,13815.252390797186,0.44945284689807313,7.869330813601209e-64,0.0,point_mass_3dof,legacy_runner_defaults,-0.7562951013162765,0.0,0.0,0.0893225837337992,reduced_response_law,0.0,0
320.0,21749.174635434993,37558.37756862112,311.90950042611297,152.4,2,3,left-turn,22502.265954130125,36874.91356037449,300.0,152.4,5.7339511545195645,0.0,-6.000000000000001,0.0,2.145234829781838,7.131051442166561,0.0,0.0,0.0,483.63584461138635,0.0,-36291.19781101427,13815.252390797186,0.44945284689807313,2.623110271200403e-64,0.0,point_mass_3dof,legacy_runner_defaults,-0.7562951013162765,0.0,0.0,0.0893225837337992,reduced_response_law,0.0,0
322.0,22051.616948410974,37596.21521286252,311.90950042611297,152.4,2,3,left-turn,22805.719022306144,36903.516438264916,300.0,152.4,5.035401010696078,0.0,-6.000000000000001,0.0,2.145234829781838,6.43250129834305,0.0,0.0,0.0,483.63584461138635,0.0,-36291.19781101427,13815.252390797186,0.44945284689807313,8.743700904001341e-65,0.0,point_mass_3dof,legacy_runner_defaults,-0.7562951013162765,0.0,0.0,0.0893225837337992,reduced_response_law,0.0,0
324.0,22354.49808854711,37630.36275962412,311.90950042611297,152.4,2,3,left-turn,23109.498255039416,36928.417582195245,300.0,152.4,4.336850866872567,0.0,-6.000000000000001,0.0,2.145234829781838,5.7339511545195645,0.0,0.0,0.0,483.63584461138635,0.0,-36291.19781101427,13815.252390797186,0.44945284689807313,2.914566968000447e-65,0.0,point_mass_3dof,legacy_runner_defaults,-0.7562951013162765,0.0,0.0,0.0893225837337992,reduced_response_law,0.0,0
326.0,22657.773034675196,37660.81513311137,311.90950042611297,152.4,2,3,left-turn,23413.558497666552,36949.61329078417,300.0,152.4,3.638300723049081,0.0,-6.000000000000001,0.0,2.145234829781838,5.035401010696078,0.0,0.0,0.0,483.63584461138635,0.0,-36291.19781101427,13815.252390797186,0.44945284689807313,9.715223226668156e-66,0.0,point_mass_3dof,legacy_runner_defaults,-0.7562951013162765,0.0,0.0,0.0893225837337992,reduced_response_law,0.0,0
328.0,22961.39670709052,37687.56780679141,311.90950042611297,152.4,2,3,left-turn,23717.854553753983,36967.100413437496,300.0,152.4,2.93975057922557,0.0,-6.000000000000001,0.0,2.145234829781838,4.3368508668725925,0.0,0.0,0.0,483.63584461138635,0.0,-36291.19781101427,13815.252390797186,0.44945284689807313,3.2384077422227184e-66,0.0,point_mass_3dof,legacy_runner_defaults,-0.7562951013162765,0.0,0.0,0.0893225837337992,reduced_response_law,0.0,0
330.0,23265.323974252646,37710.61680406597,311.90950042611297,152.4,2,3,left-turn,24022.341191816126,36980.87635081645,300.0,152.4,2.2412004354020842,0.0,-6.000000000000001,0.0,2.145234829781838,3.638300723049081,0.0,0.0,0.0,483.63584461138635,0.0,-36291.19781101427,13815.252390797186,0.44945284689807313,1.0794692474075727e-66,0.0,point_mass_3dof,legacy_runner_defaults,-0.7562951013162765,0.0,0.0,0.0893225837337992,reduced_response_law,0.0,0
332.0,23569.509659493888,37729.95869886242,311.90950042611297,152.4,2,3,left-turn,24326.973152038725,36990.939055224066,300.0,152.4,1.5426502915785727,0.0,-6.000000000000001,0.0,2.145234829781838,2.93975057922557,0.0,0.0,0.0,483.63584461138635,0.0,-36291.19781101427,13815.252390797186,0.44945284689807313,3.598230824691909e-67,0.0,point_mass_3dof,legacy_runner_defaults,-0.7562951013162765,0.0,0.0,0.0893225837337992,reduced_response_law,0.0,0
334.0,23873.908547734518,37745.590616143054,311.90950042611297,152.4,2,3,left-turn,24631.705153006376,36997.28703090953,300.0,152.4,0.8441001477550869,0.0,-6.000000000000001,0.0,2.145234829781838,2.2412004354020842,0.0,0.0,0.0,483.63584461138635,0.0,-36291.19781101427,13815.252390797186,0.44945284689807313,1.1994102748973033e-67,0.0,point_mass_3dof,legacy_runner_defaults,-0.7562951013162765,0.0,0.0,0.0893225837337992,reduced_response_law,0.0,0
336.0,24178.475392203673,37757.51023233243,311.90950042611297,152.4,2,3,left-turn,24936.491898433356,36999.919334290564,300.0,152.4,0.1455500039315756,0.0,-6.000000000000001,0.0,2.145234829781838,1.5426502915785982,0.0,0.0,0.0,483.63584461138635,0.0,-36291.19781101427,13815.252390797186,0.44945284689807313,3.998034249657678e-68,0.0,point_mass_3dof,legacy_runner_defaults,-0.7562951013162765,0.0,0.0,0.0893225837337992,reduced_response_law,0.0,0
338.0,24483.164921164964,37765.71577566278,311.90950042611297,152.4,2,3,left-turn,25241.288083896514,36998.83557409364,300.0,152.4,-0.5530001398919356,0.0,-6.000000000000001,0.0,2.145234829781838,0.8441001477550869,0.0,0.0,0.0,483.63584461138635,0.0,-36291.19781101427,13815.252390797186,0.44945284689807313,1.332678083219226e-68,0.0,point_mass_3dof,legacy_runner_defaults,-0.7562951013162765,0.0,0.0,0.0893225837337992,reduced_response_law,0.0,0
340.0,24787.931844645813,37770.20602643732,311.90950042611297,152.4,2,3,left-turn,25546.048403569534,36994.03591141213,300.0,152.4,-1.2515502837154215,0.0,-6.000000000000001,0.0,2.145234829781838,0.1455500039315756,0.0,0.0,0.0,483.63584461138635,0.0,-36291.19781101427,13815.252390797186,0.44945284689807313,4.44226027739742e-69,0.0,point_mass_3dof,legacy_runner_defaults,-0.7562951013162765,0.0,0.0,0.0893225837337992,reduced_response_law,0.0,0
342.0,25092.730861169483,37770.98031721162,311.90950042611297,152.4,2,3,left-turn,25850.72755695728,36985.52105968242,300.0,152.4,-1.9501004275389329,0.0,-6.000000000000001,0.0,2.145234829781838,-0.5530001398919102,0.0,0.0,0.0,483.63584461138635,0.0,-36291.19781101427,13815.252390797186,0.44945284689807313,1.4807534257991402e-69,0.0,point_mass_3dof,legacy_runner_defaults,-0.7562951013162765,0.0,0.0,0.0893225837337992,reduced_response_law,0.0,0
344.0,25397.51666448883,37768.03853289276,311.90950042611297,152.4,2,3,left-turn,26155.280255629445,36973.292284577794,300.0,152.4,-2.6486505713624187,0.0,-6.000000000000001,0.0,2.145234829781838,-1.2515502837154215,0.0,0.0,0.0,483.63584461138635,0.0,-36291.19781101427,13815.252390797186,0.44945284689807313,4.935844752663801e-70,0.0,point_mass_3dof,legacy_runner_defaults,-0.7562951013162765,0.0,0.0,0.0893225837337992,reduced_response_law,0.0,0
346.0,25702.243950320768,37761.38111075644,311.90950042611297,152.4,2,3,left-turn,26459.661229952304,36957.35140382036,300.0,152.4,-3.34720071518593,0.0,-6.000000000000001,0.0,2.145234829781838,-1.9501004275389329,0.0,0.0,0.0,483.63584461138635,0.0,-36291.19781101427,13815.252390797186,0.44945284689807313,1.645281584221267e-70,0.0,point_mass_3dof,legacy_runner_defaults,-0.7562951013162765,0.0,0.0,0.0893225837337992,reduced_response_law,0.0,0
348.0,26006.867423080417,37751.009040382014,311.90950042611297,152.4,2,3,left-turn,26763.825235817785,36937.70078691082,300.0,152.4,-4.045750859009441,0.0,-6.000000000000001,0.0,2.145234829781838,-2.6486505713624187,0.0,0.0,0.0,483.63584461138635,0.0,-36291.19781101427,13815.252390797186,0.44945284689807313,5.4842719474042235e-71,0.0,point_mass_3dof,legacy_runner_defaults,-0.7562951013162765,0.0,0.0,0.0893225837337992,reduced_response_law,0.0,0
350.0,26311.341802613988,37736.92386350538,311.90950042611297,152.4,2,3,left-turn,27067.72706136862,36914.343354776254,300.0,152.4,-4.744301002832927,0.0,-6.000000000000001,0.0,2.145234829781838,-3.34720071518593,0.0,0.0,0.0,483.63584461138635,0.0,-36291.19781101427,13815.252390797186,0.44945284689807313,1.828090649134741e-71,0.0,point_mass_3dof,legacy_runner_defaults,-0.7562951013162765,0.0,0.0,0.0893225837337992,reduced_response_law,0.0,0
352.0,26615.621830929365,37719.1276737898,311.90950042611297,152.4,2,3,left-turn,27371.321533718878,36887.282579336,300.0,152.4,-5.442851146656438,0.0,-6.000000000000001,0.0,2.145234829781838,-4.045750859009441,0.0,0.0,0.0,483.63584461138635,0.0,-36291.19781101427,13815.252390797186,0.44945284689807313,6.093635497115804e-72,0.0,point_mass_3dof,legacy_runner_defaults,-0.7562951013162765,0.0,0.0,0.0893225837337992,reduced_response_law,0.0,0
354.0,26919.66227892338,37697.62311651471,311.90950042611297,152.4,2,3,left-turn,27674.563525668476,36856.5224829855,300.0,152.4,-6.141401290479925,0.0,-6.000000000000001,0.0,2.145234829781838,-4.744301002832927,0.0,0.0,0.0,483.63584461138635,0.0,-36291.19781101427,13815.252390797186,0.44945284689807313,2.0312118323719343e-72,0.0,point_mass_3dof,legacy_runner_defaults,-0.7562951013162765,0.0,0.0,0.0893225837337992,reduced_response_law,0.0,0
356.0,27223.417953104814,37672.413388182504,311.90950042611297,152.4,2,3,left-turn,27977.40796241114,36822.067637998465,300.0,152.4,-6.839951434303435,0.0,-6.000000000000001,0.0,2.145234829781838,-5.442851146656413,0.0,0.0,0.0,483.63584461138635,0.0,-36291.19781101427,13815.252390797186,0.44945284689807313,6.770706107906448e-73,0.0,point_mass_3dof,legacy_runner_defaults,-0.7562951013162765,0.0,0.0,0.0893225837337992,reduced_response_law,0.0,0
358.0,27526.84370231208,37643.5022360434,311.90950042611297,152.4,2,3,left-turn,28279.80982823435,36783.9231658472,300.0,152.4,-7.538501578126922,0.0,-6.000000000000001,0.0,2.145234829781838,-6.141401290479925,0.0,0.0,0.0,483.63584461138635,0.0,-36291.19781101427,13815.252390797186,0.44945284689807313,2.2569020359688166e-73,0.0,point_mass_3dof,legacy_runner_defaults,-0.7562951013162765,0.0,0.0,0.0893225837337992,reduced_response_law,0.0,0
360.0,27829.894424424638,37610.89395753845,311.90950042611297,152.4,2,3,left-turn,28581.72417321069,36742.094736441344,300.0,152.4,-8.237051721950433,0.0,-6.000000000000001,0.0,2.145234829781838,-6.839951434303435,0.0,0.0,0.0,483.63584461138635,0.0,-36291.19781101427,13815.252390797186,0.44945284689807313,7.52300678656272e-74,0.0,point_mass_3dof,legacy_runner_defaults,-0.7562951013162765,0.0,0.0,0.0893225837337992,reduced_response_law,0.0,0
362.0,28132.525073067114,37574.593399660735,311.90950042611297,152.4,2,3,left-turn,28883.106119879325,36696.58856728507,300.0,152.4,-8.935601865773918,0.0,-6.000000000000001,0.0,2.145234829781838,-7.538501578126922,0.0,0.0,0.0,483.63584461138635,0.0,-36291.19781101427,13815.252390797186,0.44945284689807313,2.5076689288542405e-74,0.0,point_mass_3dof,legacy_runner_defaults,-0.7562951013162765,0.0,0.0,0.0893225837337992,reduced_response_law,0.0,0
364.0,28434.690664305122,37534.605958234904,311.90950042611297,152.4,2,3,left-turn,29183.910869916708,36647.411422552934,300.0,152.4,-9.63415200959743,0.0,-6.000000000000001,0.0,2.145234829781838,-8.237051721950408,0.0,0.0,0.0,483.63584461138635,0.0,-36291.19781101427,13815.252390797186,0.44945284689807313,8.358896429514136e-75,0.0,point_mass_3dof,legacy_runner_defaults,-0.7562951013162765,0.0,0.0,0.0893225837337992,reduced_response_law,0.0,0
366.0,28736.346283331815,37490.93757711512,311.90950042611297,152.4,2,3,left-turn,29484.093710795532,36594.57061208437,300.0,152.4,-10.332702153420916,0.0,-6.000000000000001,0.0,2.145234829781838,-8.935601865773918,0.0,0.0,0.0,483.63584461138635,0.0,-36291.19781101427,13815.252390797186,0.44945284689807313,2.7862988098380447e-75,0.0,point_mass_3dof,legacy_runner_defaults,-0.7562951013162765,0.0,0.0,0.0893225837337992,reduced_response_law,0.0,0
368.0,29037.447091144157,37443.59474730155,311.90950042611297,152.4,2,3,left-turn,29783.610022430963,36538.07399029716,300.0,152.4,-11.031252297244427,0.0,-6.000000000000001,0.0,2.145234829781838,-9.63415200959743,0.0,0.0,0.0,483.63584461138635,0.0,-36291.19781101427,13815.252390797186,0.44945284689807313,9.287662699460151e-76,0.0,point_mass_3dof,legacy_runner_defaults,-0.7562951013162765,0.0,0.0,0.0893225837337992,reduced_response_law,0.0,0
370.0,29337.94833120792,37392.58450597552,311.90950042611297,152.4,2,3,left-turn,30082.41528381307,36477.92995501996,300.0,152.4,-11.729802441067912,0.0,-6.000000000000001,0.0,2.145234829781838,-10.332702153420916,0.0,0.0,0.0,483.63584461138635,0.0,-36291.19781101427,13815.252390797186,0.44945284689807313,3.095887566486717e-76,0.0,point_mass_3dof,legacy_runner_defaults,-0.7562951013162765,0.0,0.0,0.0893225837337992,reduced_response_law,0.0,0
372.0,29637.805336110454,37337.9144354535,311.90950042611297,152.4,2,3,left-turn,30380.465079624602,36414.14744624395,300.0,152.4,-12.428352584891424,0.0,-6.000000000000001,0.0,2.145234829781838,-11.031252297244402,0.0,0.0,0.0,483.63584461138635,0.0,-36291.19781101427,13815.252390797186,0.44945284689807313,1.031962522162239e-76,0.0,point_mass_3dof,legacy_runner_defaults,-0.7562951013162765,0.0,0.0,0.0893225837337992,reduced_response_law,0.0,0
374.0,29936.97353420016,37279.59266206002,311.90950042611297,152.4,2,3,left-turn,30677.715106842974,36346.735944794054,300.0,152.4,-13.12690272871491,0.0,-6.000000000000001,0.0,2.145234829781838,-11.729802441067912,0.0,0.0,0.0,483.63584461138635,0.0,-36291.19781101427,13815.252390797186,0.44945284689807313,3.4398750738741307e-77,0.0,point_mass_3dof,legacy_runner_defaults,-0.7562951013162765,0.0,0.0,0.0893225837337992,reduced_response_law,0.0,0
376.0,30235.40845621176,37217.627854919774,311.90950042611297,152.4,2,3,left-turn,30974.121181325652,36275.70547091961,300.0,152.4,-13.82545287253842,0.0,-6.000000000000001,0.0,2.145234829781838,-12.428352584891424,0.0,0.0,0.0,483.63584461138635,0.0,-36291.19781101427,13815.252390797186,0.44945284689807313,1.14662502462471e-77,0.0,point_mass_3dof,legacy_runner_defaults,-0.7562951013162765,0.0,0.0,0.0893225837337992,reduced_response_law,0.0,0
378.0,30533.065741876366,37152.02922466899,311.90950042611297,152.4,2,3,left-turn,31269.63924437775,36201.066582804946,300.0,152.4,-14.524003016361933,0.0,-6.000000000000001,0.0,2.145234829781838,-13.12690272871491,0.0,0.0,0.0,483.63584461138635,0.0,-36291.19781101427,13815.252390797186,0.44945284689807313,3.8220834154157e-78,0.0,point_mass_3dof,legacy_runner_defaults,-0.7562951013162765,0.0,0.0,0.0893225837337992,reduced_response_law,0.0,0
380.0,30829.901146515294,37082.806522086365,311.90950042611297,152.4,2,3,left-turn,31564.2253693011,36122.83037500002,300.0,152.4,-15.222553160185418,0.0,-6.000000000000001,0.0,2.145234829781838,-13.82545287253842,0.0,0.0,0.0,483.63584461138635,0.0,-36291.19781101427,13815.252390797186,0.44945284689807313,1.2740278051385667e-78,0.0,point_mass_3dof,legacy_runner_defaults,-0.7562951013162765,0.0,0.0,0.0893225837337992,reduced_response_law,0.0,0
382.0,31125.870547616745,37009.970036643645,311.90950042611297,152.4,2,3,left-turn,31857.835767923665,36041.00847677124,300.0,152.4,-15.92110330400893,0.0,-6.000000000000001,0.0,2.145234829781838,-14.524003016361933,0.0,0.0,0.0,483.63584461138635,0.0,-36291.19781101427,13815.252390797186,0.44945284689807313,4.2467593504618885e-79,0.0,point_mass_3dof,legacy_runner_defaults,-0.7562951013162765,0.0,0.0,0.0893225837337992,reduced_response_law,0.0,0
384.0,31420.929951394304,36933.53059497619,311.90950042611297,152.4,2,3,left-turn,32150.426797108255,35955.61305037289,300.0,152.4,-16.619653447832416,0.0,-6.000000000000001,0.0,2.145234829781838,-15.222553160185418,0.0,0.0,0.0,483.63584461138635,0.0,-36291.19781101427,13815.252390797186,0.44945284689807313,1.4155864501539632e-79,0.0,point_mass_3dof,legacy_runner_defaults,-0.7562951013162765,0.0,0.0,0.0893225837337992,reduced_response_law,0.0,0
386.0,31715.035499326306,36853.499559273674,311.90950042611297,152.4,2,3,left-turn,32441.95496523989,35866.65678923928,300.0,152.4,-17.318203591655926,0.0,-6.000000000000001,0.0,2.145234829781838,-15.921103304008904,0.0,0.0,0.0,483.63584461138635,0.0,-36291.19781101427,13815.252390797186,0.44945284689807313,4.7186215005132105e-80,0.0,point_mass_3dof,legacy_runner_defaults,-0.7562951013162765,0.0,0.0,0.0893225837337992,reduced_response_law,0.0,0
388.0,32008.1434746751,36769.88882559115,311.90950042611297,152.4,2,3,left-turn,32732.37693869044,35774.15291609794,300.0,152.4,-18.016753735479437,0.0,-6.000000000000001,0.0,2.145234829781838,-16.619653447832416,0.0,0.0,0.0,483.63584461138635,0.0,-36291.19781101427,13815.252390797186,0.44945284689807313,1.5728738335044034e-80,0.0,point_mass_3dof,legacy_runner_defaults,-0.7562951013162765,0.0,0.0,0.0893225837337992,reduced_response_law,0.0,0
390.0,32300.210308985246,36682.71082208081,311.90950042611297,152.4,2,3,left-turn,33021.649548259884,35678.11518100421,300.0,152.4,-18.715303879302922,0.0,-6.000000000000001,0.0,2.145234829781838,-17.318203591655926,0.0,0.0,0.0,483.63584461138635,0.0,-36291.19781101427,13815.252390797186,0.44945284689807313,5.242912778348011e-81,0.0,point_mass_3dof,legacy_runner_defaults,-0.7562951013162765,0.0,0.0,0.0893225837337992,reduced_response_law,0.0,0
392.0,32591.19258855965,36591.9785071446,311.90950042611297,152.4,2,3,left-turn,33309.72979559317,35578.55785929731,300.0,152.4,-19.413854023126436,0.0,-6.000000000000001,0.0,2.145234829781838,-18.016753735479412,0.0,0.0,0.0,483.63584461138635,0.0,-36291.19781101427,13815.252390797186,0.44945284689807313,1.7476375927826703e-81,0.0,point_mass_3dof,legacy_runner_defaults,-0.7562951013162765,0.0,0.0,0.0893225837337992,reduced_response_law,0.0,0
394.0,32881.047060912715,36497.70536750809,311.90950042611297,152.4,2,3,left-turn,33596.574859571534,35475.49574947849,300.0,152.4,-20.112404166949922,0.0,-6.000000000000001,0.0,2.145234829781838,-18.715303879302922,0.0,0.0,0.0,483.63584461138635,0.0,-36291.19781101427,13815.252390797186,0.44945284689807313,5.825458642608901e-82,0.0,point_mass_3dof,legacy_runner_defaults,-0.7562951013162765,0.0,0.0,0.0893225837337992,reduced_response_law,0.0,0
396.0,33169.730641199516,36399.905416215704,311.90950042611297,152.4,2,3,left-turn,33882.1421026776,35368.94417101127,300.0,152.4,-20.810954310773408,0.0,-6.000000000000001,0.0,2.145234829781838,-19.413854023126436,0.0,0.0,0.0,483.63584461138635,0.0,-36291.19781101427,13815.252390797186,0.44945284689807313,1.9418195475363e-82,0.0,point_mass_3dof,legacy_runner_defaults,-0.7562951013162765,0.0,0.0,0.0893225837337992,reduced_response_law,0.0,0
398.0,33457.20041862007,36298.593190547836,311.90950042611297,152.4,2,3,left-turn,34166.38907733317,35258.918962044365,300.0,152.4,-21.509504454596918,0.0,-6.000000000000001,0.0,2.145234829781838,-20.112404166949922,0.0,0.0,0.0,483.63584461138635,0.0,-36291.19781101427,13815.252390797186,0.44945284689807313,6.472731825121e-83,0.0,point_mass_3dof,legacy_runner_defaults,-0.7562951013162765,0.0,0.0,0.0893225837337992,reduced_response_law,0.0,0
400.0,33743.41366279771,36193.78374985994,311.90950042611297,152.4,2,3,left-turn,34449.273532208725,35145.4364770574,300.0,152.4,-22.208054598420404,0.0,-6.000000000000001,0.0,2.145234829781838,-20.810954310773408,0.0,0.0,0.0,483.63584461138635,0.0,-36291.19781101427,13815.252390797186,0.44945284689807313,2.157577275040333e-83,0.0,point_mass_3dof,legacy_runner_defaults,-0.7562951013162765,0.0,0.0,0.0893225837337992,reduced_response_law,0.0,0
402.0,34028.327830130685,36085.492673344095,311.90950042611297,152.4,2,3,left-turn,34730.75341850381,35028.51358442998,300.0,152.4,-22.906604742243914,0.0,-6.000000000000001,0.0,2.145234829781838,-21.509504454596893,0.0,0.0,0.0,483.63584461138635,0.0,-36291.19781101427,13815.252390797186,0.44945284689807313,7.191924250134445e-84,0.0,point_mass_3dof,legacy_runner_defaults,-0.7562951013162765,0.0,0.0,0.0893225837337992,reduced_response_law,0.0,0
404.0,34311.90057011593,35973.73605771325,311.90950042611297,152.4,2,3,left-turn,35010.786896197285,34908.16766393429,300.0,152.4,-23.6051548860674,0.0,-6.000000000000001,0.0,2.145234829781838,-22.208054598420404,0.0,0.0,0.0,483.63584461138635,0.0,-36291.19781101427,13815.252390797186,0.44945284689807313,2.397308083378148e-84,0.0,point_mass_3dof,legacy_runner_defaults,-0.7562951013162765,0.0,0.0,0.0893225837337992,reduced_response_law,0.0,0
406.0,34594.08973164422,35858.53051480856,311.90950042611297,152.4,2,3,left-turn,35289.332340266556,34784.416604151724,300.0,152.4,-24.30370502989094,0.0,-6.000000000000001,0.0,2.145234829781838,-22.906604742243914,0.0,0.0,0.0,483.63584461138635,0.0,-36291.19781101427,13815.252390797186,0.44945284689807313,7.991026944593826e-85,0.0,point_mass_3dof,legacy_runner_defaults,-0.7562951013162765,0.0,0.0,0.0893225837337992,reduced_response_law,0.0,0
408.0,34874.85336926559,35739.89316913016,311.90950042611297,152.4,2,3,left-turn,35566.34834687485,34657.27879981387,300.0,152.4,-25.002255173714424,0.0,-6.000000000000001,0.0,2.145234829781838,-23.605154886067428,0.0,0.0,0.0,483.63584461138635,0.0,-36291.19781101427,13815.252390797186,0.44945284689807313,2.663675648197942e-85,0.0,point_mass_3dof,legacy_runner_defaults,-0.7562951013162765,0.0,0.0,0.0893225837337992,reduced_response_law,0.0,0
410.0,35154.14974942428,35617.841655291726,311.90950042611297,152.4,2,3,left-turn,35841.793739525594,34526.77314906828,300.0,152.4,-25.70080531753791,0.0,-6.000000000000001,0.0,2.145234829781838,-24.30370502989094,0.0,0.0,0.0,483.63584461138635,0.0,-36291.19781101427,13815.252390797186,0.44945284689807313,8.878918827326473e-86,0.0,point_mass_3dof,legacy_runner_defaults,-0.7562951013162765,0.0,0.0,0.0893225837337992,reduced_response_law,0.0,0
412.0,35431.9373566621,35492.3941153992,311.90950042611297,152.4,2,3,left-turn,36115.62757518304,34392.919050669356,300.0,152.4,-26.39935546136142,0.0,-6.000000000000001,0.0,2.145234829781838,-25.002255173714424,0.0,0.0,0.0,483.63584461138635,0.0,-36291.19781101427,13815.252390797186,0.44945284689807313,2.9596396091088246e-86,0.0,point_mass_3dof,legacy_runner_defaults,-0.7562951013162765,0.0,0.0,0.0893225837337992,reduced_response_law,0.0,0
414.0,35708.17489978943,35363.5691963541,311.90950042611297,152.4,2,3,left-turn,36387.809150358116,34255.73640109489,300.0,152.4,-27.097905605184906,0.0,-6.000000000000001,0.0,2.145234829781838,-25.70080531753791,0.0,0.0,0.0,483.63584461138635,0.0,-36291.19781101427,13815.252390797186,0.44945284689807313,9.86546536369608e-87,0.0,point_mass_3dof,legacy_runner_defaults,-0.7562951013162765,0.0,0.0,0.0893225837337992,reduced_response_law,0.0,0
416.0,35982.82131802287,35231.3860470818,311.90950042611297,152.4,2,3,left-turn,36658.298007158766,34115.24559158858,300.0,152.4,-27.79645574900842,0.0,-6.000000000000001,0.0,2.145234829781838,-26.399355461361395,0.0,0.0,0.0,483.63584461138635,0.0,-36291.19781101427,13815.252390797186,0.44945284689807313,3.288488454565361e-87,0.0,point_mass_3dof,legacy_runner_defaults,-0.7562951013162765,0.0,0.0,0.0893225837337992,reduced_response_law,0.0,0
418.0,36255.83578708863,35095.86431568517,311.90950042611297,152.4,2,3,left-turn,36927.05393930369,33971.46750512902,300.0,152.4,-28.49500589283193,0.0,-6.000000000000001,0.0,2.145234829781838,-27.097905605184906,0.0,0.0,0.0,483.63584461138635,0.0,-36291.19781101427,13815.252390797186,0.44945284689807313,1.0961628181884535e-87,0.0,point_mass_3dof,legacy_runner_defaults,-0.7562951013162765,0.0,0.0,0.0893225837337992,reduced_response_law,0.0,0
420.0,36527.17772529078,34957.024146524,311.90950042611297,152.4,2,3,left-turn,37194.036998098745,33824.423513325586,300.0,152.4,-29.193556036655416,0.0,-6.000000000000001,0.0,2.145234829781838,-27.79645574900842,0.0,0.0,0.0,483.63584461138635,0.0,-36291.19781101427,13815.252390797186,0.44945284689807313,3.653876060628178e-88,0.0,point_mass_3dof,legacy_runner_defaults,-0.7562951013162765,0.0,0.0,0.0893225837337992,reduced_response_law,0.0,0
422.0,36796.806799543425,34814.886177220724,311.90950042611297,152.4,2,3,left-turn,37459.20749837508,33674.135473241695,300.0,152.4,-29.892106180478926,0.0,-6.000000000000001,0.0,2.145234829781838,-28.495005892831905,0.0,0.0,0.0,483.63584461138635,0.0,-36291.19781101427,13815.252390797186,0.44945284689807313,1.2179586868760592e-88,0.0,point_mass_3dof,legacy_runner_defaults,-0.7562951013162765,0.0,0.0,0.0893225837337992,reduced_response_law,0.0,0
424.0,37064.682931365955,34669.47153559273,311.90950042611297,152.4,2,3,left-turn,37722.52602438797,33520.62572414591,300.0,152.4,-30.59065632430241,0.0,-6.000000000000001,0.0,2.145234829781838,-29.193556036655416,0.0,0.0,0.0,483.63584461138635,0.0,-36291.19781101427,13815.252390797186,0.44945284689807313,4.059862289586864e-89,0.0,point_mass_3dof,legacy_runner_defaults,-0.7562951013162765,0.0,0.0,0.0893225837337992,reduced_response_law,0.0,0
426.0,37330.76630284042,34520.80183651191,311.90950042611297,152.4,2,3,left-turn,37983.95343567579,33363.917084191344,300.0,152.4,-31.289206468125922,0.0,-6.000000000000001,0.0,2.145234829781838,-29.892106180478926,0.0,0.0,0.0,483.63584461138635,0.0,-36291.19781101427,13815.252390797186,0.44945284689807313,1.3532874298622881e-89,0.0,point_mass_3dof,legacy_runner_defaults,-0.7562951013162765,0.0,0.0,0.0893225837337992,reduced_response_law,0.0,0
428.0,37595.01736253018,34368.899178691725,311.90950042611297,152.4,2,3,left-turn,38243.45087287788,33204.03284702393,300.0,152.4,-31.987756611949436,0.0,-6.000000000000001,0.0,2.145234829781838,-30.59065632430241,0.0,0.0,0.0,483.63584461138635,0.0,-36291.19781101427,13815.252390797186,0.44945284689807313,4.5109580995409596e-90,0.0,point_mass_3dof,legacy_runner_defaults,-0.7562951013162765,0.0,0.0,0.0893225837337992,reduced_response_law,0.0,0
430.0,37857.39683135897,34213.78614140239,311.90950042611297,152.4,2,3,left-turn,38500.97976351079,33040.99677831999,300.0,152.4,-32.68630675577292,0.0,-6.000000000000001,0.0,2.145234829781838,-31.289206468125922,0.0,0.0,0.0,483.63584461138635,0.0,-36291.19781101427,13815.252390797186,0.44945284689807313,1.503652699846987e-90,0.0,point_mass_3dof,legacy_runner_defaults,-0.7562951013162765,0.0,0.0,0.0893225837337992,reduced_response_law,0.0,0
432.0,38117.86570844943,34055.48578111463,311.90950042611297,152.4,2,3,left-turn,38756.50182770178,32874.83311225356,300.0,152.4,-33.384856899596436,0.0,-6.000000000000001,0.0,2.145234829781838,-31.987756611949436,0.0,0.0,0.0,483.63584461138635,0.0,-36291.19781101427,13815.252390797186,0.44945284689807313,5.012175666156621e-91,0.0,point_mass_3dof,legacy_runner_defaults,-0.7562951013162765,0.0,0.0,0.0893225837337992,reduced_response_law,0.0,0
434.0,38376.38527692035,33894.0216280725,311.90950042611297,152.4,2,3,left-turn,39009.97908387883,32705.566547894254,300.0,152.4,-34.08340704341992,0.0,-6.000000000000001,0.0,2.145234829781838,-32.68630675577292,0.0,0.0,0.0,483.63584461138635,0.0,-36291.19781101427,13815.252390797186,0.44945284689807313,1.670725222052207e-91,0.0,point_mass_3dof,legacy_runner_defaults,-0.7562951013162765,0.0,0.0,0.0893225837337992,reduced_response_law,0.0,0
436.0,38632.91710964163,33729.41768279578,311.90950042611297,152.4,2,3,left-turn,39261.37385441642,32533.22224553583,300.0,152.4,-34.78195718724343,0.0,-6.000000000000001,0.0,2.145234829781838,-33.38485689959641,0.0,0.0,0.0,483.63584461138635,0.0,-36291.19781101427,13815.252390797186,0.44945284689807313,5.5690840735073565e-92,0.0,point_mass_3dof,legacy_runner_defaults,-0.7562951013162765,0.0,0.0,0.0893225837337992,reduced_response_law,0.0,0
438.0,38887.42307494623,33561.698412512436,311.90950042611297,152.4,2,3,left-turn,39510.648771235945,32357.82582295636,300.0,152.4,-35.48050733106692,0.0,-6.000000000000001,0.0,2.145234829781838,-34.08340704341992,0.0,0.0,0.0,483.63584461138635,0.0,-36291.19781101427,13815.252390797186,0.44945284689807313,1.8563613578357853e-92,0.0,point_mass_3dof,legacy_runner_defaults,-0.7562951013162765,0.0,0.0,0.0893225837337992,reduced_response_law,0.0,0
440.0,39139.86534229816,33390.888747521785,311.90950042611297,152.4,2,3,left-turn,39757.76678136027,32179.403351610257,300.0,152.4,-36.17905747489043,0.0,-6.000000000000001,0.0,2.145234829781838,-34.78195718724343,0.0,0.0,0.0,483.63584461138635,0.0,-36291.19781101427,13815.252390797186,0.44945284689807313,6.187871192785951e-93,0.0,point_mass_3dof,legacy_runner_defaults,-0.7562951013162765,0.0,0.0,0.0893225837337992,reduced_response_law,0.0,0
442.0,39390.20638791573,33217.01407748874,311.90950042611297,152.4,2,3,left-turn,40002.6911524214,31997.981352753,300.0,152.4,-36.87760761871391,0.0,-6.000000000000001,0.0,2.145234829781838,-35.48050733106692,0.0,0.0,0.0,483.63584461138635,0.0,-36291.19781101427,13815.252390797186,0.44945284689807313,2.0626237309286505e-93,0.0,point_mass_3dof,legacy_runner_defaults,-0.7562951013162765,0.0,0.0,0.0893225837337992,reduced_response_law,0.0,0
444.0,39638.40900034921,33040.100247669834,311.90950042611297,152.4,2,3,left-turn,40245.38547812049,31813.58679349887,300.0,152.4,-37.57615776253742,0.0,-6.000000000000001,0.0,2.145234829781838,-36.1790574748904,0.0,0.0,0.0,483.63584461138635,0.0,-36291.19781101427,13815.252390797186,0.44945284689807313,6.875412436428835e-94,0.0,point_mass_3dof,legacy_runner_defaults,-0.7562951013162765,0.0,0.0,0.0893225837337992,reduced_response_law,0.0,0
446.0,39884.43628601204,32860.17355507149,311.90950042611297,152.4,2,3,left-turn,40485.813683639346,31626.247082812555,300.0,152.4,-38.27470790636091,0.0,-6.000000000000001,0.0,2.145234829781838,-36.87760761871391,0.0,0.0,0.0,483.63584461138635,0.0,-36291.19781101427,13815.252390797186,0.44945284689807313,2.2918041454762785e-94,0.0,point_mass_3dof,legacy_runner_defaults,-0.7562951013162765,0.0,0.0,0.0893225837337992,reduced_response_law,0.0,0
448.0,40128.2516746648,32677.260744541167,311.90950042611297,152.4,2,3,left-turn,40723.94003100278,31435.990067434905,300.0,152.4,-38.97325805018442,0.0,-6.000000000000001,0.0,2.145234829781838,-37.57615776253742,0.0,0.0,0.0,483.63584461138635,0.0,-36291.19781101427,13815.252390797186,0.44945284689807313,7.639347151587595e-95,0.0,point_mass_3dof,legacy_runner_defaults,-0.7562951013162765,0.0,0.0,0.0893225837337992,reduced_response_law,0.0,0
450.0,40369.81892485114,32491.389004791923,311.90950042611297,152.4,2,3,left-turn,40959.729124390695,31242.844027743802,300.0,152.4,-39.67180819400791,0.0,-6.000000000000001,0.0,2.145234829781838,-38.27470790636091,0.0,0.0,0.0,483.63584461138635,0.0,-36291.19781101427,13815.252390797186,0.44945284689807313,2.5464490505291983e-95,0.0,point_mass_3dof,legacy_runner_defaults,-0.7562951013162765,0.0,0.0,0.0893225837337992,reduced_response_law,0.0,0
452.0,40609.102129284795,32302.58596436099,311.90950042611297,152.4,2,3,left-turn,41193.14591539955,31046.837673550403,300.0,152.4,-40.37035833783142,0.0,-6.000000000000001,0.0,2.145234829781838,-38.9732580501844,0.0,0.0,0.0,483.63584461138635,0.0,-36291.19781101427,13815.252390797186,0.44945284689807313,8.488163501763992e-96,0.0,point_mass_3dof,legacy_runner_defaults,-0.7562951013162765,0.0,0.0,0.0893225837337992,reduced_response_law,0.0,0
454.0,40846.06572018696,32110.879687503006,311.90950042611297,152.4,2,3,left-turn,41424.15570825195,30848.000139831678,300.0,152.4,-41.0689084816549,0.0,-6.000000000000001,0.0,2.145234829781838,-39.67180819400791,0.0,0.0,0.0,483.63584461138635,0.0,-36291.19781101427,13815.252390797186,0.44945284689807313,2.8293878339213317e-96,0.0,point_mass_3dof,legacy_runner_defaults,-0.7562951013162765,0.0,0.0,0.0893225837337992,reduced_response_law,0.0,0
456.0,41080.674474573214,31916.298670018434,311.90950042611297,152.4,2,3,left-turn,41652.724164954016,30646.360982399663,300.0,152.4,-41.76745862547841,0.0,-6.000000000000001,0.0,2.145234829781838,-40.37035833783142,0.0,0.0,0.0,483.63584461138635,0.0,-36291.19781101427,13815.252390797186,0.44945284689807313,9.43129277973777e-97,0.0,point_mass_3dof,legacy_runner_defaults,-0.7562951013162765,0.0,0.0,0.0893225837337992,reduced_response_law,0.0,0
458.0,41312.89351948914,31718.871835017882,311.90950042611297,152.4,2,3,left-turn,41878.81731039945,30441.950173508223,300.0,152.4,-42.46600876930193,0.0,-6.000000000000001,0.0,2.145234829781838,-41.0689084816549,0.0,0.0,0.0,483.63584461138635,0.0,-36291.19781101427,13815.252390797186,0.44945284689807313,3.1437642599125895e-97,0.0,point_mass_3dof,legacy_runner_defaults,-0.7562951013162765,0.0,0.0,0.0893225837337992,reduced_response_law,0.0,0
460.0,41542.68833719397,31518.628528622874,311.90950042611297,152.4,2,3,left-turn,42102.40153741967,30234.798097397885,300.0,152.4,-43.16455891312541,0.0,-6.000000000000001,0.0,2.145234829781838,-41.76745862547841,0.0,0.0,0.0,483.63584461138635,0.0,-36291.19781101427,13815.252390797186,0.44945284689807313,1.047921419970863e-97,0.0,point_mass_3dof,legacy_runner_defaults,-0.7562951013162765,0.0,0.0,0.0893225837337992,reduced_response_law,0.0,0
462.0,41770.024770291384,31315.598515603753,311.90950042611297,152.4,2,3,left-turn,42323.44361177935,30024.935545779383,300.0,152.4,-43.86310905694892,0.0,-6.000000000000001,0.0,2.145234829781838,-42.46600876930193,0.0,0.0,0.0,483.63584461138635,0.0,-36291.19781101427,13815.252390797186,0.44945284689807313,3.493071399902876e-98,0.0,point_mass_3dof,legacy_runner_defaults,-0.7562951013162765,0.0,0.0,0.0893225837337992,reduced_response_law,0.0,0
464.0,41994.869026806795,31109.811974955363,311.90950042611297,152.4,2,3,left-turn,42541.9106771164,29812.393713256773,300.0,152.4,-44.56165920077241,0.0,-6.000000000000001,0.0,2.145234829781838,-43.16455891312541,0.0,0.0,0.0,483.63584461138635,0.0,-36291.19781101427,13815.252390797186,0.44945284689807313,1.1643571333009588e-98,0.0,point_mass_3dof,legacy_runner_defaults,-0.7562951013162765,0.0,0.0,0.0893225837337992,reduced_response_law,0.0,0
466.0,42217.18768521027,30901.299495411142,311.90950042611297,152.4,2,3,left-turn,42757.77025982588,29597.204192690482,300.0,152.4,-45.26020934459592,0.0,-6.000000000000001,0.0,2.145234829781838,-43.8631090569489,0.0,0.0,0.0,483.63584461138635,0.0,-36291.19781101427,13815.252390797186,0.44945284689807313,3.881190444336529e-99,0.0,point_mass_3dof,legacy_runner_defaults,-0.7562951013162765,0.0,0.0,0.0893225837337992,reduced_response_law,0.0,0
468.0,42436.947699384415,30690.092070896328,311.90950042611297,152.4,2,3,left-turn,42970.99027388691,29379.398970501315,300.0,152.4,-45.95875948841943,0.0,-6.000000000000001,0.0,2.145234829781838,-44.56165920077241,0.0,0.0,0.0,483.63584461138635,0.0,-36291.19781101427,13815.252390797186,0.44945284689807313,1.2937301481121761e-99,0.0,point_mass_3dof,legacy_runner_defaults,-0.7562951013162765,0.0,0.0,0.0893225837337992,reduced_response_law,0.0,0
470.0,42654.11640353644,30476.221095920926,311.90950042611297,152.4,2,3,left-turn,43181.53902563209,29159.010421915867,300.0,152.4,-46.65730963224292,0.0,-6.000000000000001,0.0,2.145234829781838,-45.26020934459592,0.0,0.0,0.0,483.63584461138635,0.0,-36291.19781101427,13815.252390797186,0.44945284689807313,4.312433827040588e-100,0.0,point_mass_3dof,legacy_runner_defaults,-0.7562951013162765,0.0,0.0,0.0893225837337992,reduced_response_law,0.0,0
472.0,42868.661517053726,30259.718360913128,311.90950042611297,152.4,2,3,left-turn,43389.38521845854,28936.071306154165,300.0,152.4,-47.35585977606643,0.0,-6.000000000000001,0.0,2.145234829781838,-45.9587594884194,0.0,0.0,0.0,483.63584461138635,0.0,-36291.19781101427,13815.252390797186,0.44945284689807313,1.4374779423468627e-100,0.0,point_mass_3dof,legacy_runner_defaults,-0.7562951013162765,0.0,0.0,0.0893225837337992,reduced_response_law,0.0,0
474.0,43080.551149302075,30040.6160474939,311.90950042611297,152.4,2,3,left-turn,43594.497957479885,28710.61476156028,300.0,152.4,-48.05440991988991,0.0,-6.000000000000001,0.0,2.145234829781838,-46.65730963224292,0.0,0.0,0.0,483.63584461138635,0.0,-36291.19781101427,13815.252390797186,0.44945284689807313,4.7915931411562094e-101,0.0,point_mass_3dof,legacy_runner_defaults,-0.7562951013162765,0.0,0.0,0.0893225837337992,reduced_response_law,0.0,0
476.0,43289.753804366075,29818.946723693392,311.90950042611297,152.4,2,3,left-turn,43796.846754118604,28482.67430067649,300.0,152.4,-48.7529600637134,0.0,-6.000000000000001,0.0,2.145234829781838,-47.35585977606643,0.0,0.0,0.0,483.63584461138635,0.0,-36291.19781101427,13815.252390797186,0.44945284689807313,1.597197713718736e-101,0.0,point_mass_3dof,legacy_runner_defaults,-0.7562951013162765,0.0,0.0,0.0893225837337992,reduced_response_law,0.0,0
478.0,43496.23838573071,29594.743339109948,311.90950042611297,152.4,2,3,left-turn,43996.401530637915,28252.283805261883,300.0,152.4,-49.45151020753691,0.0,-6.000000000000001,0.0,2.145234829781838,-48.05440991988991,0.0,0.0,0.0,483.63584461138635,0.0,-36291.19781101427,13815.252390797186,0.44945284689807313,5.323992379062454e-102,0.0,point_mass_3dof,legacy_runner_defaults,-0.7562951013162765,0.0,0.0,0.0893225837337992,reduced_response_law,0.0,0
480.0,43699.97420090365,29368.039220012353,311.90950042611297,152.4,2,3,left-turn,44193.13262461263,28019.47752125613,300.0,152.4,-50.150060351360395,0.0,-6.000000000000001,0.0,2.145234829781838,-48.7529600637134,0.0,0.0,0.0,483.63584461138635,0.0,-36291.19781101427,13815.252390797186,0.44945284689807313,1.7746641263541511e-102,0.0,point_mass_3dof,legacy_runner_defaults,-0.7562951013162765,0.0,0.0,0.0893225837337992,reduced_response_law,0.0,0
482.0,43900.930965977495,29138.86806438614,311.90950042611297,152.4,2,3,left-turn,44387.010793338275,27784.290053688987,300.0,152.4,-50.84861049518391,0.0,-6.000000000000001,0.0,2.145234829781838,-49.451510207536884,0.0,0.0,0.0,483.63584461138635,0.0,-36291.19781101427,13815.252390797186,0.44945284689807313,5.91554708784717e-103,0.0,point_mass_3dof,legacy_runner_defaults,-0.7562951013162765,0.0,0.0,0.0893225837337992,reduced_response_law,0.0,0
484.0,44099.07881013125,28907.263936924603,311.90950042611297,152.4,2,3,left-turn,44578.007218177816,27546.756361536554,300.0,152.4,-51.547160639007394,0.0,-6.000000000000001,0.0,2.145234829781838,-50.150060351360395,0.0,0.0,0.0,483.63584461138635,0.0,-36291.19781101427,13815.252390797186,0.44945284689807313,1.9718490292823905e-103,0.0,point_mass_3dof,legacy_runner_defaults,-0.7562951013162765,0.0,0.0,0.0893225837337992,reduced_response_law,0.0,0
486.0,44294.3882800704,28673.261263965327,311.90950042611297,152.4,2,3,left-turn,44766.09350884533,27306.911752524815,300.0,152.4,-52.245710782830905,0.0,-6.000000000000001,0.0,2.145234829781838,-50.84861049518391,0.0,0.0,0.0,483.63584461138635,0.0,-36291.19781101427,13815.252390797186,0.44945284689807313,6.572830097607966e-104,0.0,point_mass_3dof,legacy_runner_defaults,-0.7562951013162765,0.0,0.0,0.0893225837337992,reduced_response_law,0.0,0
488.0,44486.830344404974,28436.894828372948,311.90950042611297,152.4,2,3,left-turn,44951.241707626046,27064.791877881453,300.0,152.4,-52.944260926654415,0.0,-6.000000000000001,0.0,2.145234829781838,-51.547160639007394,0.0,0.0,0.0,483.63584461138635,0.0,-36291.19781101427,13815.252390797186,0.44945284689807313,2.1909433658693225e-104,0.0,point_mass_3dof,legacy_runner_defaults,-0.7562951013162765,0.0,0.0,0.0893225837337992,reduced_response_law,0.0,0
490.0,44676.37639796483,28198.199764368925,311.90950042611297,152.4,2,3,left-turn,45133.42429353202,26820.432727036503,300.0,152.4,-53.642811070477904,0.0,-6.000000000000001,0.0,2.145234829781838,-52.245710782830905,0.0,0.0,0.0,483.63584461138635,0.0,-36291.19781101427,13815.252390797186,0.44945284689807313,7.303144552897742e-105,0.0,point_mass_3dof,legacy_runner_defaults,-0.7562951013162765,0.0,0.0,0.0893225837337992,reduced_response_law,0.0,0
492.0,44862.99826605161,27957.211552309083,311.90950042611297,152.4,2,3,left-turn,45312.61418639302,26573.870622272767,300.0,152.4,-54.341361214301415,0.0,-6.000000000000001,0.0,2.145234829781838,-52.944260926654415,0.0,0.0,0.0,483.63584461138635,0.0,-36291.19781101427,13815.252390797186,0.44945284689807313,2.4343815176325807e-105,0.0,point_mass_3dof,legacy_runner_defaults,-0.7562951013162765,0.0,0.0,0.0893225837337992,reduced_response_law,0.0,0
494.0,45046.66820862674,27713.966013409707,311.90950042611297,152.4,2,3,left-turn,45488.78475088171,26325.1422133268,300.0,152.4,-55.039911358124904,0.0,-6.000000000000001,0.0,2.145234829781838,-53.642811070477904,0.0,0.0,0.0,483.63584461138635,0.0,-36291.19781101427,13815.252390797186,0.44945284689807313,8.114605058775268e-106,0.0,point_mass_3dof,legacy_runner_defaults,-0.7562951013162765,0.0,0.0,0.0893225837337992,reduced_response_law,0.0,0
496.0,45227.35892443477,27468.499304422963,311.90950042611297,152.4,2,3,left-turn,45661.909800472866,26074.284471941137,300.0,152.4,-55.738461501948414,0.0,-6.000000000000001,0.0,2.145234829781838,-54.341361214301386,0.0,0.0,0.0,483.63584461138635,0.0,-36291.19781101427,13815.252390797186,0.44945284689807313,2.704868352925089e-106,0.0,point_mass_3dof,legacy_runner_defaults,-0.7562951013162765,0.0,0.0,0.0893225837337992,reduced_response_law,0.0,0
498.0,45405.043555061515,27220.84791226246,311.90950042611297,152.4,2,3,left-turn,45831.96360133582,25821.33468636874,300.0,152.4,-56.437011645771925,0.0,-6.000000000000001,0.0,2.145234829781838,-55.039911358124904,0.0,0.0,0.0,483.63584461138635,0.0,-36291.19781101427,13815.252390797186,0.44945284689807313,9.016227843083631e-107,0.0,point_mass_3dof,legacy_runner_defaults,-0.7562951013162765,0.0,0.0,0.0893225837337992,reduced_response_law,0.0,0
500.0,45579.6956889264,26971.04864857971,311.90950042611297,152.4,2,3,left-turn,45998.920876159566,25566.330455830343,300.0,152.4,-57.13556178959541,0.0,-6.000000000000001,0.0,2.145234829781838,-55.738461501948414,0.0,0.0,0.0,483.63584461138635,0.0,-36291.19781101427,13815.252390797186,0.44945284689807313,3.005409281027877e-107,0.0,point_mass_3dof,legacy_runner_defaults,-0.7562951013162765,0.0,0.0,0.0893225837337992,reduced_response_law,0.0,0
502.0,45751.2893652083,26719.138644292343,311.90950042611297,152.4,2,3,left-turn,46162.75680791013,25309.309684925567,300.0,152.4,-57.83411193341892,0.0,-6.000000000000001,0.0,2.145234829781838,-56.437011645771896,0.0,0.0,0.0,483.63584461138635,0.0,-36291.19781101427,13815.252390797186,0.44945284689807313,1.001803093675959e-107,0.0,point_mass_3dof,legacy_runner_defaults,-0.7562951013162765,0.0,0.0,0.0893225837337992,reduced_response_law,0.0,0
504.0,45919.799077704505,26465.155344064857,311.90950042611297,152.4,2,3,left-turn,46323.44704351936,25050.310577998724,300.0,152.4,-58.532662077242406,0.0,-6.000000000000001,0.0,2.145234829781838,-57.13556178959541,0.0,0.0,0.0,483.63584461138635,0.0,-36291.19781101427,13815.252390797186,0.44945284689807313,3.3393436455865298e-108,0.0,point_mass_3dof,legacy_runner_defaults,-0.7562951013162765,0.0,0.0,0.0893225837337992,reduced_response_law,0.0,0
506.0,46085.19977862199,26209.13650074272,311.90950042611297,152.4,2,3,left-turn,46480.96769750493,24789.371633459934,300.0,152.4,-59.23121222106589,0.0,-6.000000000000001,0.0,2.145234829781838,-57.83411193341892,0.0,0.0,0.0,483.63584461138635,0.0,-36291.19781101427,13815.252390797186,0.44945284689807313,1.1131145485288434e-108,0.0,point_mass_3dof,legacy_runner_defaults,-0.7562951013162765,0.0,0.0,0.0893225837337992,reduced_response_law,0.0,0
508.0,46247.4668823006,25951.12016974068,311.90950042611297,152.4,2,3,left-turn,46635.29535552068,24526.531638062683,300.0,152.4,-59.92976236488938,0.0,-6.000000000000001,0.0,2.145234829781838,-58.532662077242406,0.0,0.0,0.0,483.63584461138635,0.0,-36291.19781101427,13815.252390797186,0.44945284689807313,3.710381828429478e-109,0.0,point_mass_3dof,legacy_runner_defaults,-0.7562951013162765,0.0,0.0,0.0893225837337992,reduced_response_law,0.0,0
510.0,46406.57626886756,25691.144703386093,311.90950042611297,152.4,2,3,left-turn,46786.40707783704,24261.829661138356,300.0,152.4,-60.628312508712916,0.0,-6.000000000000001,0.0,2.145234829781838,-59.23121222106589,0.0,0.0,0.0,483.63584461138635,0.0,-36291.19781101427,13815.252390797186,0.44945284689807313,1.236793942809826e-109,0.0,point_mass_3dof,legacy_runner_defaults,-0.7562951013162765,0.0,0.0,0.0893225837337992,reduced_response_law,0.0,0
512.0,46562.5042878227,25429.248745218112,311.90950042611297,152.4,2,3,left-turn,46934.2804027508,23995.305048788956,300.0,152.4,-61.3268626525364,0.0,-6.000000000000001,0.0,2.145234829781838,-59.929762364889406,0.0,0.0,0.0,483.63584461138635,0.0,-36291.19781101427,13815.252390797186,0.44945284689807313,4.122646476032753e-110,0.0,point_mass_3dof,legacy_runner_defaults,-0.7562951013162765,0.0,0.0,0.0893225837337992,reduced_response_law,0.0,0
514.0,46715.227761553964,25165.471224243604,311.90950042611297,152.4,2,3,left-turn,47078.893349924016,23726.997418038474,300.0,152.4,-62.02541279635991,0.0,-6.000000000000001,0.0,2.145234829781838,-60.628312508712916,0.0,0.0,0.0,483.63584461138635,0.0,-36291.19781101427,13815.252390797186,0.44945284689807313,1.3742154920109177e-110,0.0,point_mass_3dof,legacy_runner_defaults,-0.7562951013162765,0.0,0.0,0.0893225837337992,reduced_response_law,0.0,0
516.0,46864.72398878256,24899.851349150613,311.90950042611297,152.4,2,3,left-turn,47220.22442365106,23456.94665094417,300.0,152.4,-62.723962940183426,0.0,-6.000000000000001,0.0,2.145234829781838,-61.3268626525364,0.0,0.0,0.0,483.63584461138635,0.0,-36291.19781101427,13815.252390797186,0.44945284689807313,4.5807183067030584e-111,0.0,point_mass_3dof,legacy_runner_defaults,-0.7562951013162765,0.0,0.0,0.0893225837337992,reduced_response_law,0.0,0
518.0,47010.9707479374,24632.428602480275,311.90950042611297,152.4,2,3,left-turn,47358.25261605393,23185.19288866839,300.0,152.4,-63.42251308400688,0.0,-6.000000000000001,0.0,2.145234829781838,-62.02541279635991,0.0,0.0,0.0,483.63584461138635,0.0,-36291.19781101427,13815.252390797186,0.44945284689807313,1.5269061022343526e-111,0.0,point_mass_3dof,legacy_runner_defaults,-0.7562951013162765,0.0,0.0,0.0893225837337992,reduced_response_law,0.0,0
520.0,47153.94630045812,24363.242734758,311.90950042611297,152.4,2,3,left-turn,47492.95741020489,22911.77652551174,300.0,152.4,-64.12106322783039,0.0,-6.000000000000001,0.0,2.145234829781838,-62.7239629401834,0.0,0.0,0.0,483.63584461138635,0.0,-36291.19781101427,13815.252390797186,0.44945284689807313,5.089687007447842e-112,0.0,point_mass_3dof,legacy_runner_defaults,-0.7562951013162765,0.0,0.0,0.0893225837337992,reduced_response_law,0.0,0
522.0,47293.62939402643,24092.33375858485,311.90950042611297,152.4,2,3,left-turn,47624.31878317615,22636.738202908942,300.0,152.4,-64.8196133716539,0.0,-6.000000000000001,0.0,2.145234829781838,-63.42251308400691,0.0,0.0,0.0,483.63584461138635,0.0,-36291.19781101427,13815.252390797186,0.44945284689807313,1.6965623358159474e-112,0.0,point_mass_3dof,legacy_runner_defaults,-0.7562951013162765,0.0,0.0,0.0893225837337992,reduced_response_law,0.0,0
524.0,47429.99926572508,23819.74194268992,311.90950042611297,152.4,2,3,left-turn,47752.31720901619,22360.118803387624,300.0,152.4,-65.51816351547741,0.0,-6.000000000000001,0.0,2.145234829781838,-64.12106322783039,0.0,0.0,0.0,483.63584461138635,0.0,-36291.19781101427,13815.252390797186,0.44945284689807313,5.655207786053157e-113,0.0,point_mass_3dof,legacy_runner_defaults,-0.7562951013162765,0.0,0.0,0.0893225837337992,reduced_response_law,0.0,0
526.0,47563.03564512412,23545.507805944704,311.90950042611297,152.4,2,3,left-turn,47876.93366165205,22081.959444491484,300.0,152.4,-66.21671365930092,0.0,-6.000000000000001,0.0,2.145234829781838,-64.8196133716539,0.0,0.0,0.0,483.63584461138635,0.0,-36291.19781101427,13815.252390797186,0.44945284689807313,1.8850692620177193e-113,0.0,point_mass_3dof,legacy_runner_defaults,-0.7562951013162765,0.0,0.0,0.0893225837337992,reduced_response_law,0.0,0
528.0,47692.71875729398,23269.67211134022,311.90950042611297,152.4,2,3,left-turn,47998.14961771756,21802.30147266845,300.0,152.4,-66.91526380312439,0.0,-6.000000000000001,0.0,2.145234829781838,-65.51816351547741,0.0,0.0,0.0,483.63584461138635,0.0,-36291.19781101427,13815.252390797186,0.44945284689807313,6.283564206725731e-114,0.0,point_mass_3dof,legacy_runner_defaults,-0.7562951013162765,0.0,0.0,0.0893225837337992,reduced_response_law,0.0,0
530.0,47819.02932574488,22992.275859927893,311.90950042611297,152.4,2,3,left-turn,48115.94705930658,21521.18645712474,300.0,152.4,-67.6138139469479,0.0,-6.000000000000001,0.0,2.145234829781838,-66.21671365930091,0.0,0.0,0.0,483.63584461138635,0.0,-36291.19781101427,13815.252390797186,0.44945284689807313,2.0945214022419104e-114,0.0,point_mass_3dof,legacy_runner_defaults,-0.7562951013162765,0.0,0.0,0.0893225837337992,reduced_response_law,0.0,0
532.0,47941.94857529212,22713.360284725033,311.90950042611297,152.4,2,3,left-turn,48230.30847665134,21238.656183646024,300.0,152.4,-68.31236409077141,0.0,-6.000000000000001,0.0,2.145234829781838,-66.9152638031244,0.0,0.0,0.0,483.63584461138635,0.0,-36291.19781101427,13815.252390797186,0.44945284689807313,6.981738007473037e-115,0.0,point_mass_3dof,legacy_runner_defaults,-0.7562951013162765,0.0,0.0,0.0893225837337992,reduced_response_law,0.0,0
534.0,48061.45823484689,22432.966844585822,311.90950042611297,152.4,2,3,left-turn,48341.21687072508,20954.75264838617,300.0,152.4,-69.01091423459492,0.0,-6.000000000000001,0.0,2.145234829781838,-67.61381394694791,0.0,0.0,0.0,483.63584461138635,0.0,-36291.19781101427,13815.252390797186,0.44945284689807313,2.3272460024910117e-115,0.0,point_mass_3dof,legacy_runner_defaults,-0.7562951013162765,0.0,0.0,0.0893225837337992,reduced_response_law,0.0,0
536.0,48177.540540132155,22151.137218038755,311.90950042611297,152.4,2,3,left-turn,48448.65575576884,20669.51805162483,300.0,152.4,-69.7094643784184,0.0,-6.000000000000001,0.0,2.145234829781838,-68.31236409077142,0.0,0.0,0.0,483.63584461138635,0.0,-36291.19781101427,13815.252390797186,0.44945284689807313,7.75748667497004e-116,0.0,point_mass_3dof,legacy_runner_defaults,-0.7562951013162765,0.0,0.0,0.0893225837337992,reduced_response_law,0.0,0
538.0,48290.17823632317,21867.91329709142,311.90950042611297,152.4,2,3,left-turn,48552.60916174201,20382.99479149464,300.0,152.4,-70.4080145222419,0.0,-6.000000000000001,0.0,2.145234829781838,-69.0109142345949,0.0,0.0,0.0,483.63584461138635,0.0,-36291.19781101427,13815.252390797186,0.44945284689807313,2.585828891656679e-116,0.0,point_mass_3dof,legacy_runner_defaults,-0.7562951013162765,0.0,0.0,0.0893225837337992,reduced_response_law,0.0,0
540.0,48399.35458061229,21583.337181003542,311.90950042611297,152.4,2,3,left-turn,48653.0616366961,20095.22545767907,300.0,152.4,-71.10656466606541,0.0,-6.000000000000001,0.0,2.145234829781838,-69.7094643784184,0.0,0.0,0.0,483.63584461138635,0.0,-36291.19781101427,13815.252390797186,0.44945284689807313,8.6194296388556e-117,0.0,point_mass_3dof,legacy_runner_defaults,-0.7562951013162765,0.0,0.0,0.0893225837337992,reduced_response_law,0.0,0
542.0,48505.053344697706,21297.45117002921,311.90950042611297,152.4,2,3,left-turn,48749.99824907158,19806.252825081752,300.0,152.4,-71.80511480988892,0.0,-6.000000000000001,0.0,2.145234829781838,-70.40801452224191,0.0,0.0,0.0,483.63584461138635,0.0,-36291.19781101427,13815.252390797186,0.44945284689807313,2.873143212951867e-117,0.0,point_mass_3dof,legacy_runner_defaults,-0.7562951013162765,0.0,0.0,0.0893225837337992,reduced_response_law,0.0,0
544.0,48607.25881719561,21010.29775912925,311.90950042611297,152.4,2,3,left-turn,48843.40458991738,19516.119847468293,300.0,152.4,-72.5036649537124,0.0,-6.000000000000001,0.0,2.145234829781838,-71.10656466606542,0.0,0.0,0.0,483.63584461138635,0.0,-36291.19781101427,13815.252390797186,0.44945284689807313,9.57714404317289e-118,0.0,point_mass_3dof,legacy_runner_defaults,-0.7562951013162765,0.0,0.0,0.0893225837337992,reduced_response_law,0.0,0
546.0,48705.95580597563,20721.91963165465,311.90950042611297,152.4,2,3,left-turn,48933.26677503266,19224.869651081463,300.0,152.4,-73.20221509753591,0.0,-6.000000000000001,0.0,2.145234829781838,-71.8051148098889,0.0,0.0,0.0,483.63584461138635,0.0,-36291.19781101427,13815.252390797186,0.44945284689807313,3.192381347724297e-118,0.0,point_mass_3dof,legacy_runner_defaults,-0.7562951013162765,0.0,0.0,0.0893225837337992,reduced_response_law,0.0,0
548.0,48801.12964041903,20432.35965300197,311.90950042611297,152.4,2,3,left-turn,49019.571447030576,18932.545528230843,300.0,152.4,-73.9007652413594,0.0,-6.000000000000001,0.0,2.145234829781838,-72.50366495371242,0.0,0.0,0.0,483.63584461138635,0.0,-36291.19781101427,13815.252390797186,0.44945284689807313,1.0641271159080988e-118,0.0,point_mass_3dof,legacy_runner_defaults,-0.7562951013162765,0.0,0.0,0.0893225837337992,reduced_response_law,0.0,0
550.0,48892.76617359936,20141.660864241698,311.90950042611297,152.4,2,3,left-turn,49102.305777323825,18639.19093085766,300.0,152.4,-74.59931538518289,0.0,-6.000000000000001,0.0,2.145234829781838,-73.2022150975359,0.0,0.0,0.0,483.63584461138635,0.0,-36291.19781101427,13815.252390797186,0.44945284689807313,3.5470903863603294e-119,0.0,point_mass_3dof,legacy_runner_defaults,-0.7562951013162765,0.0,0.0,0.0893225837337992,reduced_response_law,0.0,0
552.0,48980.85178438535,19849.8664757205,311.90950042611297,152.4,2,3,left-turn,49181.45746803146,18344.849464075996,300.0,152.4,-75.2978655290064,0.0,-6.000000000000001,0.0,2.145234829781838,-73.90076524135938,0.0,0.0,0.0,483.63584461138635,0.0,-36291.19781101427,13815.252390797186,0.44945284689807313,1.1823634621201099e-119,0.0,point_mass_3dof,legacy_runner_defaults,-0.7562951013162765,0.0,0.0,0.0893225837337992,reduced_response_law,0.0,0
554.0,49065.37337946554,19557.019860638306,311.90950042611297,152.4,2,3,left-turn,49257.01475380693,18049.564879691196,300.0,152.4,-75.99641567282991,0.0,-6.000000000000001,0.0,2.145234829781838,-74.5993153851829,0.0,0.0,0.0,483.63584461138635,0.0,-36291.19781101427,13815.252390797186,0.44945284689807313,3.941211540400366e-120,0.0,point_mass_3dof,legacy_runner_defaults,-0.7562951013162765,0.0,0.0,0.0893225837337992,reduced_response_law,0.0,0
556.0,49146.31839529456,19263.164548601173,311.90950042611297,152.4,2,3,left-turn,49328.96640358687,17753.38106969645,300.0,152.4,-76.69496581665342,0.0,-6.000000000000001,0.0,2.145234829781838,-75.29786552900642,0.0,0.0,0.0,483.63584461138635,0.0,-36291.19781101427,13815.252390797186,0.44945284689807313,1.3137371801334554e-120,0.0,point_mass_3dof,legacy_runner_defaults,-0.7562951013162765,0.0,0.0,0.0893225837337992,reduced_response_law,0.0,0
558.0,49223.67479996058,18968.344219150935,311.90950042611297,152.4,2,3,left-turn,49397.30172226057,17456.342059748582,300.0,152.4,-77.39351596047688,0.0,-6.000000000000001,0.0,2.145234829781838,-75.99641567282993,0.0,0.0,0.0,483.63584461138635,0.0,-36291.19781101427,13815.252390797186,0.44945284689807313,4.379123933778185e-121,0.0,point_mass_3dof,legacy_runner_defaults,-0.7562951013162765,0.0,0.0,0.0893225837337992,reduced_response_law,0.0,0
560.0,49297.43109497378,18672.602695272522,311.90950042611297,152.4,2,3,left-turn,49462.010552259715,17158.492002623858,300.0,152.4,-78.09206610430039,0.0,-6.000000000000001,0.0,2.145234829781838,-76.69496581665341,0.0,0.0,0.0,483.63584461138635,0.0,-36291.19781101427,13815.252390797186,0.44945284689807313,1.4597079779260617e-121,0.0,point_mass_3dof,legacy_runner_defaults,-0.7562951013162765,0.0,0.0,0.0893225837337992,reduced_response_law,0.0,0
562.0,49367.576316975516,18375.98393687999,311.90950042611297,152.4,2,3,left-turn,49523.08327506822,16859.875171655112,300.0,152.4,-78.7906162481239,0.0,-6.000000000000001,0.0,2.145234829781838,-77.39351596047689,0.0,0.0,0.0,483.63584461138635,0.0,-36291.19781101427,13815.252390797186,0.44945284689807313,4.865693259753538e-122,0.0,point_mass_3dof,legacy_runner_defaults,-0.7562951013162765,0.0,0.0,0.0893225837337992,reduced_response_law,0.0,0
564.0,49434.10003936797,18078.53203428219,311.90950042611297,152.4,2,3,left-turn,49580.510812651926,16560.53595415074,300.0,152.4,-79.48916639194742,0.0,-6.000000000000001,0.0,2.145234829781838,-78.0920661043004,0.0,0.0,0.0,483.63584461138635,0.0,-36291.19781101427,13815.252390797186,0.44945284689807313,1.6218977532511797e-122,0.0,point_mass_3dof,legacy_runner_defaults,-0.7562951013162765,0.0,0.0,0.0893225837337992,reduced_response_law,0.0,0
566.0,49496.99237386396,17780.29120162904,311.90950042611297,152.4,2,3,left-turn,49634.2846288081,16260.518844796854,300.0,152.4,-80.18771653577093,0.0,-6.000000000000001,0.0,2.145234829781838,-78.79061624812391,0.0,0.0,0.0,483.63584461138635,0.0,-36291.19781101427,13815.252390797186,0.44945284689807313,5.406325844170599e-123,0.0,point_mass_3dof,legacy_runner_defaults,-0.7562951013162765,0.0,0.0,0.0893225837337992,reduced_response_law,0.0,0
568.0,49556.243971956785,17481.305770339408,311.90950042611297,152.4,2,3,left-turn,49684.396730434135,15959.868439043481,300.0,152.4,-80.88626667959439,0.0,-6.000000000000001,0.0,2.145234829781838,-79.48916639194742,0.0,0.0,0.0,483.63584461138635,0.0,-36291.19781101427,13815.252390797186,0.44945284689807313,1.8021086147235334e-123,0.0,point_mass_3dof,legacy_runner_defaults,-0.7562951013162765,0.0,0.0,0.0893225837337992,reduced_response_law,0.0,0
570.0,49611.84602630979,17181.620182511557,311.90950042611297,152.4,2,3,left-turn,49730.83966871579,15658.629426475674,300.0,152.4,-81.5848168234179,0.0,-6.000000000000001,0.0,2.145234829781838,-80.18771653577092,0.0,0.0,0.0,483.63584461138635,0.0,-36291.19781101427,13815.252390797186,0.44945284689807313,6.007028715745111e-124,0.0,point_mass_3dof,legacy_runner_defaults,-0.7562951013162765,0.0,0.0,0.0893225837337992,reduced_response_law,0.0,0
572.0,49663.79027206555,16881.278984317127,311.90950042611297,152.4,2,3,left-turn,49773.606540234316,15356.846584170853,300.0,152.4,-82.2833669672414,0.0,-6.000000000000001,0.0,2.145234829781838,-80.8862666795944,0.0,0.0,0.0,483.63584461138635,0.0,-36291.19781101427,13815.252390797186,0.44945284689807313,2.00234290524837e-124,0.0,point_mass_3dof,legacy_runner_defaults,-0.7562951013162765,0.0,0.0,0.0893225837337992,reduced_response_law,0.0,0
574.0,49712.06898807437,16580.326819379672,311.90950042611297,152.4,2,3,left-turn,49812.69098799267,15054.564770042904,300.0,152.4,-82.98191711106492,0.0,-6.000000000000001,0.0,2.145234829781838,-81.58481682341791,0.0,0.0,0.0,483.63584461138635,0.0,-36291.19781101427,13815.252390797186,0.44945284689807313,6.674476350827901e-125,0.0,point_mass_3dof,legacy_runner_defaults,-0.7562951013162765,0.0,0.0,0.0893225837337992,reduced_response_law,0.0,0
576.0,49756.674998041955,16278.808422138689,311.90950042611297,152.4,2,3,left-turn,49848.087202360395,14751.828916174409,300.0,152.4,-83.6804672548884,0.0,-6.000000000000001,0.0,2.145234829781838,-82.28336696724142,0.0,0.0,0.0,483.63584461138635,0.0,-36291.19781101427,13815.252390797186,0.44945284689807313,2.2248254502759667e-125,0.0,point_mass_3dof,legacy_runner_defaults,-0.7562951013162765,0.0,0.0,0.0893225837337992,reduced_response_law,0.0,0
578.0,49797.60167159617,15976.768611200152,311.90950042611297,152.4,2,3,left-turn,49879.78992193719,14448.684022137764,300.0,152.4,-84.3790173987119,0.0,-6.000000000000001,0.0,2.145234829781838,-82.9819171110649,0.0,0.0,0.0,483.63584461138635,0.0,-36291.19781101427,13815.252390797186,0.44945284689807313,7.416084834253222e-126,0.0,point_mass_3dof,legacy_runner_defaults,-0.7562951013162765,0.0,0.0,0.0893225837337992,reduced_response_law,0.0,0
580.0,49834.84292527253,15674.252282674544,311.90950042611297,152.4,2,3,left-turn,49907.79443433498,14145.175148306338,300.0,152.4,-85.0775675425354,0.0,-6.000000000000001,0.0,2.145234829781838,-83.6804672548884,0.0,0.0,0.0,483.63584461138635,0.0,-36291.19781101427,13815.252390797186,0.44945284689807313,2.4720282780844075e-126,0.0,point_mass_3dof,legacy_runner_defaults,-0.7562951013162765,0.0,0.0,0.0893225837337992,reduced_response_law,0.0,0
582.0,49868.393223418534,15371.304403503367,311.90950042611297,152.4,2,3,left-turn,49932.096576878415,13841.347409156582,300.0,152.4,-85.77611768635889,0.0,-6.000000000000001,0.0,2.145234829781838,-84.37901739871191,0.0,0.0,0.0,483.63584461138635,0.0,-36291.19781101427,13815.252390797186,0.44945284689807313,8.24009426028136e-127,0.0,point_mass_3dof,legacy_runner_defaults,-0.7562951013162765,0.0,0.0,0.0893225837337992,reduced_response_law,0.0,0
584.0,49898.24757901644,15067.970004775108,311.90950042611297,152.4,2,3,left-turn,49952.692737223544,13537.245966562015,300.0,152.4,-86.4746678301824,0.0,-6.000000000000001,0.0,2.145234829781838,-85.07756754253539,0.0,0.0,0.0,483.63584461138635,0.0,-36291.19781101427,13815.252390797186,0.44945284689807313,2.746698086760453e-127,0.0,point_mass_3dof,legacy_runner_defaults,-0.7562951013162765,0.0,0.0,0.0893225837337992,reduced_response_law,0.0,0
586.0,49924.40155442459,14764.294175031697,311.90950042611297,152.4,2,3,left-turn,49969.57985389486,13232.916023080292,300.0,152.4,-87.17321797400591,0.0,-6.000000000000001,0.0,2.145234829781838,-85.7761176863589,0.0,0.0,0.0,483.63584461138635,0.0,-36291.19781101427,13815.252390797186,0.44945284689807313,9.155660289201509e-128,0.0,point_mass_3dof,legacy_runner_defaults,-0.7562951013162765,0.0,0.0,0.0893225837337992,reduced_response_law,0.0,0
588.0,49946.85126203703,14460.322053566395,311.90950042611297,152.4,2,3,left-turn,49982.75541674027,12928.40281523413,300.0,152.4,-87.87176811782939,0.0,-6.000000000000001,0.0,2.145234829781838,-86.47466783018241,0.0,0.0,0.0,483.63584461138635,0.0,-36291.19781101427,13815.252390797186,0.44945284689807313,3.0518867630671695e-128,0.0,point_mass_3dof,legacy_runner_defaults,-0.7562951013162765,0.0,0.0,0.0893225837337992,reduced_response_law,0.0,0
590.0,49965.59336486136,14156.098823714165,311.90950042611297,152.4,2,3,left-turn,49992.2174673043,12623.751606787197,300.0,152.4,-88.57031826165289,0.0,-6.000000000000001,0.0,2.145234829781838,-87.1732179740059,0.0,0.0,0.0,483.63584461138635,0.0,-36291.19781101427,13815.252390797186,0.44945284689807313,1.0172955876890565e-128,0.0,point_mass_3dof,legacy_runner_defaults,-0.7562951013162765,0.0,0.0,0.0893225837337992,reduced_response_law,0.0,0
592.0,49980.62507701475,13851.669706135479,311.90950042611297,152.4,2,3,left-turn,49997.96459911916,12319.007682015996,300.0,152.4,-89.26886840547637,0.0,-6.000000000000001,0.0,2.145234829781838,-87.87176811782939,0.0,0.0,0.0,483.63584461138635,0.0,-36291.19781101427,13815.252390797186,0.44945284689807313,3.390985292296855e-129,0.0,point_mass_3dof,legacy_runner_defaults,-0.7562951013162765,0.0,0.0,0.0893225837337992,reduced_response_law,0.0,0
594.0,49991.94416413808,13547.079952094582,311.90950042611297,152.4,2,3,left-turn,49999.995957913794,12014.216338978653,300.0,152.4,-89.96741854929988,0.0,-6.000000000000001,0.0,2.145234829781838,-88.57031826165287,0.0,0.0,0.0,483.63584461138635,0.0,-36291.19781101427,13815.252390797186,0.44945284689807313,1.1303284307656184e-129,0.0,point_mass_3dof,legacy_runner_defaults,-0.7562951013162765,0.0,0.0,0.0893225837337992,reduced_response_law,0.0,0
596.0,49999.548943728034,13242.374836733208,311.90950042611297,152.4,3,4,inbound-descent,50000.0,11709.416339744828,288.5596984151507,152.4,-90.0,-2.254574965935033,0.0,0.0,2.145234829781838,-89.26886840547638,0.0,0.0,0.0,483.63584461138635,0.0,-36291.19781101427,13815.252390797186,0.44945284689807313,3.767761435885395e-130,0.0,point_mass_3dof,legacy_runner_defaults,-0.7562951013162765,0.0,0.0,0.0893225837337992,reduced_response_law,0.0,0
598.0,50003.43828538717,12937.599652340747,311.90950042611297,152.4,3,4,inbound-descent,50000.0,11404.616339744827,276.5596984151507,152.4,-90.0,-2.254574965935033,0.0,0.0,2.145234829781838,-89.63443420273818,0.0,0.0,0.0,606.6787937898989,0.0,3178.8633658021868,13815.252390797186,0.44945284689807313,-1.503049977290022,0.0,point_mass_3dof,legacy_runner_defaults,-0.7562951013162765,0.0,0.0,0.0893225837337992,reduced_response_law,0.0,0
600.0,50005.38232668349,12632.910726675447,303.9145469950953,152.4,3,4,inbound-descent,50000.0,11099.816339744828,264.5596984151507,152.4,-90.0,-2.254574965935033,0.0,0.0,2.145234829781838,-89.8172171013691,0.0,0.0,0.0,648.2106069267502,0.0,16347.992778319509,13825.775100504115,0.4494120426995577,-2.004066636386696,0.0,point_mass_3dof,legacy_runner_defaults,-0.7562951013162765,0.0,0.0,0.0893225837337992,reduced_response_law,0.0,0
602.0,50006.35409209117,12328.298708413624,293.25556006149316,152.4,3,4,inbound-descent,50000.0,10795.016339744829,252.5596984151507,152.4,-90.0,-2.254574965935033,0.0,0.0,2.145234829781838,-89.90860855068456,0.0,0.0,0.0,662.5987066160633,0.0,20757.93724612866,13839.804128470312,0.44935765923614107,-2.171072189418921,0.0,point_mass_3dof,legacy_runner_defaults,-0.7562951013162765,0.0,0.0,0.0893225837337992,reduced_response_law,0.0,0
604.0,50006.83992379193,12023.717890316311,281.7087330198436,152.4,3,4,inbound-descent,50000.0,10490.216339744828,240.5596984151507,152.4,-90.0,-2.254574965935033,0.0,0.0,2.145234829781838,-89.95430427534228,0.0,0.0,0.0,667.9371721990719,0.0,22246.791838637364,13855.001704046426,0.44929876817551984,-2.226740707096329,0.0,point_mass_3dof,legacy_runner_defaults,-0.7562951013162765,0.0,0.0,0.0893225837337992,reduced_response_law,0.0,0
606.0,50007.08283065739,11719.14814425832,269.86598070353233,152.4,3,4,inbound-descent,50000.0,10185.416339744828,228.5596984151507,152.4,-90.0,-2.254574965935033,0.0,0.0,2.145234829781838,-89.97715213767115,0.0,0.0,0.0,670.2587248536511,0.0,22761.056281652214,13870.588767289608,0.4492383918838848,-2.2452968796554655,0.0,point_mass_3dof,legacy_runner_defaults,-0.7562951013162765,0.0,0.0,0.0893225837337992,reduced_response_law,0.0,0
608.0,50007.20428256394,11414.582176993435,257.9245890995634,152.4,3,4,inbound-descent,50000.0,9880.616339744827,216.5596984151507,152.4,-90.0,-2.254574965935033,0.0,0.0,2.145234829781838,-89.98857606883558,0.0,0.0,0.0,671.5759258149046,0.0,22950.110660214814,13886.305656503471,0.44917753735117655,-2.25148227050851,0.0,point_mass_3dof,legacy_runner_defaults,-0.7562951013162765,0.0,0.0,0.0893225837337992,reduced_response_law,0.0,0
610.0,50007.26500826103,11110.017482479636,245.95031801086986,152.4,3,4,inbound-descent,50000.0,9575.816339744828,204.5596984151507,152.4,-90.0,-2.254574965935033,0.0,0.0,2.145234829781838,-89.99428803441779,0.0,0.0,0.0,672.5603126897386,0.0,23030.640697401683,13902.065820675227,0.4491165400871481,-2.2535440674595253,0.0,point_mass_3dof,legacy_runner_defaults,-0.7562951013162765,0.0,0.0,0.0893225837337992,reduced_response_law,0.0,0
612.0,50007.29537106675,10805.453214518486,233.9650871249276,152.4,3,4,inbound-descent,50000.0,9271.016339744827,192.5596984151507,152.4,-90.0,-2.254574965935033,0.0,0.0,2.145234829781838,-89.99714401720891,0.0,0.0,0.0,673.4359731852946,0.0,23074.955022393824,13917.840409792154,0.4490555118708381,-2.254231333109864,0.0,point_mass_3dof,legacy_runner_defaults,-0.7562951013162765,0.0,0.0,0.0893225837337992,reduced_response_law,0.0,0
614.0,50007.31055246246,10500.889089207567,221.97620297668396,152.4,3,4,inbound-descent,50000.0,8966.216339744828,180.5596984151507,152.4,-90.0,-2.254574965935033,0.0,0.0,2.145234829781838,-89.99857200860446,0.0,0.0,0.0,674.2776845266999,0.0,23107.183732422665,13933.619807219598,0.44899448993536867,-2.254460421659976,0.0,point_mass_3dof,legacy_runner_defaults,-0.7562951013162765,0.0,0.0,0.0893225837337992,reduced_response_law,0.0,0
616.0,50007.31814315913,10196.325011551055,209.98610107472317,152.4,3,4,inbound-descent,50000.0,8661.416339744828,168.5596984151507,152.4,-90.0,-2.254574965935033,0.0,0.0,2.145234829781838,-89.99928600430223,0.0,0.0,0.0,675.1103988097238,0.0,23135.379326388105,13949.400807416714,0.4489334866754371,-2.2545367845100137,0.0,point_mass_3dof,legacy_runner_defaults,-0.7562951013162765,0.0,0.0,0.0893225837337992,reduced_response_law,0.0,0
618.0,50007.32193850726,9891.760949804075,197.99559325489923,152.4,3,4,inbound-descent,50000.0,8356.616339744827,156.5596984151507,152.4,-90.0,-2.254574965935033,0.0,0.0,2.145234829781838,-89.99964300215112,0.0,0.0,0.0,675.942441268804,0.0,23162.2290215913,13965.182341870328,0.4488725062096611,-2.25456223879336,0.0,point_mass_3dof,legacy_runner_defaults,-0.7562951013162765,0.0,0.0,0.0893225837337992,reduced_response_law,0.0,0
620.0,50007.32383618129,9587.196893366305,186.00495012912566,152.4,3,4,inbound-descent,50000.0,8051.816339744828,144.5596984151507,152.4,-90.0,-2.254574965935033,0.0,0.0,2.145234829781838,-89.99982150107557,0.0,0.0,0.0,676.7765886722518,0.0,23188.629574868148,13980.964054409436,0.44881154989910327,-2.2545707235544756,0.0,point_mass_3dof,legacy_runner_defaults,-0.7562951013162765,0.0,0.0,0.0893225837337992,reduced_response_law,0.0,0
622.0,50007.3247850183,9282.632838699763,174.0142619013694,152.4,3,4,inbound-descent,50000.0,7747.016339744828,132.5596984151507,152.4,-90.0,-2.254574965935033,0.0,0.0,2.145234829781838,-89.9999107505378,0.0,0.0,0.0,677.6137662388501,0.0,23214.880244490792,13996.745826310374,0.44875061818602596,-2.25457355180818,0.0,point_mass_3dof,legacy_runner_defaults,-0.7562951013162765,0.0,0.0,0.0893225837337992,reduced_response_law,0.0,0
624.0,50007.32525943681,8978.068784624002,162.02355863961895,152.4,3,4,inbound-descent,50000.0,7442.216339744828,120.5596984151507,152.4,-90.0,-2.254574965935033,0.0,0.0,2.145234829781838,-89.9999553752689,0.0,0.0,0.0,678.4542813178305,0.0,23241.080896334715,14012.527617998592,0.4486897112065611,-2.254574494559416,0.0,point_mass_3dof,legacy_runner_defaults,-0.7562951013162765,0.0,0.0,0.0893225837337992,reduced_response_law,0.0,0
626.0,50007.32549664606,8673.504730745259,150.03285036653713,152.4,3,4,inbound-descent,50000.0,7137.416339744827,108.5596984151507,152.4,-90.0,-2.254574965935033,0.0,0.0,2.145234829781838,-89.99997768763444,0.0,0.0,0.0,679.2982350739603,0.0,23267.264856731967,14028.309416282567,0.4486288289948487,-2.2545748088098274,0.0,point_mass_3dof,legacy_runner_defaults,-0.7562951013162765,0.0,0.0,0.0893225837337992,reduced_response_law,0.0,0
628.0,50007.32561525069,8368.940676932212,138.04214042301152,152.4,3,4,inbound-descent,50000.0,6832.616339744828,96.5596984151507,152.4,-90.0,-2.254574965935033,0.0,0.0,2.145234829781838,-89.99998884381723,0.0,0.0,0.0,680.1456598686709,0.0,23293.443247029114,14044.091216765128,0.4485679715510566,-2.254574913559965,0.0,point_mass_3dof,legacy_runner_defaults,-0.7562951013162765,0.0,0.0,0.0893225837337992,reduced_response_law,0.0,0
630.0,50007.325674553,8064.37662314107,126.0514299226713,152.4,3,4,inbound-descent,50000.0,6527.816339744828,84.5596984151507,152.4,-90.0,-2.254574965935033,0.0,0.0,2.145234829781838,-89.99999442190861,0.0,0.0,0.0,680.9965651047405,0.0,23319.619778531363,14059.873017980555,0.44850713886404353,-2.254574948476677,0.0,point_mass_3dof,legacy_runner_defaults,-0.7562951013162765,0.0,0.0,0.0893225837337992,reduced_response_law,0.0,0
632.0,50007.32570420416,7759.812569357231,114.06071923672623,152.4,3,4,inbound-descent,50000.0,6223.016339744828,72.5596984151507,152.4,-90.0,-2.254574965935033,0.0,0.0,2.145234829781838,-89.9999972109543,0.0,0.0,0.0,681.8509525248483,0.0,23345.795689737006,14075.654819440262,0.4484463309189104,-2.2545749601155807,0.0,point_mass_3dof,legacy_runner_defaults,-0.7562951013162765,0.0,0.0,0.0893225837337992,reduced_response_law,0.0,0
634.0,50007.32571902974,7455.248515575827,102.07000848891286,152.4,3,4,inbound-descent,50000.0,5918.216339744828,60.559698415150706,152.4,-90.0,-2.254574965935033,0.0,0.0,2.145234829781838,-89.99999860547716,0.0,0.0,0.0,682.7088213166699,0.0,23371.971393944368,14091.4366209814,0.44838554769951733,-2.2545749639952155,0.0,point_mass_3dof,legacy_runner_defaults,-0.7562951013162765,0.0,0.0,0.0893225837337992,reduced_response_law,0.0,0
636.0,50007.32572644253,7150.684461795234,90.07929772047673,152.4,3,4,inbound-descent,50000.0,5613.416339744827,48.559698415150706,152.4,-90.0,-2.254574965935033,0.0,0.0,2.145234829781838,-89.99999930273859,0.0,0.0,0.0,683.5701698165849,0.0,23398.147029074717,14107.218422549682,0.44832478918932106,-2.2545749652884273,0.0,point_mass_3dof,legacy_runner_defaults,-0.7562951013162765,0.0,0.0,0.0893225837337992,reduced_response_law,0.0,0
638.0,50007.32573014892,6846.120408014912,78.08858694516636,152.4,3,4,inbound-descent,50000.0,5308.616339744828,36.559698415150706,152.4,-90.0,-2.254574965935033,0.0,0.0,2.145234829781838,-89.9999996513693,0.0,0.0,0.0,684.4349960780874,0.0,23424.322641153532,14123.000224127014,0.4482640553716547,-2.254574965719498,0.0,point_mass_3dof,legacy_runner_defaults,-0.7562951013162765,0.0,0.0,0.0893225837337992,reduced_response_law,0.0,0
640.0,50007.325732002115,6541.55635423468,66.09787616756455,152.4,3,4,inbound-descent,50000.0,5003.816339744828,24.559698415150706,152.4,-90.0,-2.254574965935033,0.0,0.0,2.145234829781838,-89.99999982568465,0.0,0.0,0.0,685.3032980615681,0.0,23450.498245539853,14138.782025707356,0.4482033462298208,-2.2545749658631875,0.0,point_mass_3dof,legacy_runner_defaults,-0.7562951013162765,0.0,0.0,0.0893225837337992,reduced_response_law,0.0,0
642.0,50007.325732928715,6236.992300454478,54.10716538919895,152.4,3,4,inbound-descent,50000.0,4699.016339744828,12.559698415150706,152.4,-90.0,-2.254574965935033,0.0,0.0,2.145234829781838,-89.99999991284233,0.0,0.0,0.0,686.1750736975537,0.0,23476.6738473592,14154.56382728871,0.4481426617471219,-2.254574965911085,0.0,point_mass_3dof,legacy_runner_defaults,-0.7562951013162765,0.0,0.0,0.0893225837337992,reduced_response_law,0.0,0
644.0,50007.32573339201,5932.428246674286,42.11645461057874,152.4,3,4,inbound-descent,50000.0,4394.216339744828,0.5596984151507058,152.4,-90.0,-2.254574965935033,0.0,0.0,2.145234829781838,-89.99999995642118,0.0,0.0,0.0,687.050320907867,0.0,23502.84944832188,14170.345628870395,0.4480820019068717,-2.2545749659270506,0.0,point_mass_3dof,legacy_runner_defaults,-0.7562951013162765,0.0,0.0,0.0893225837337992,reduced_response_law,0.0,0
646.0,50007.325733623664,5627.864192894098,30.12574383187367,152.4,4,5,inbound-level,50000.0,4089.416339744828,0.0,152.4,-90.0,0.0,0.0,0.0,2.145234829781838,-89.9999999782106,0.0,0.0,0.0,687.929037612661,0.0,23529.025048998683,14186.127430452192,0.4480213666923978,-2.254574965932372,0.0,point_mass_3dof,legacy_runner_defaults,-0.7562951013162765,0.0,0.0,0.0893225837337992,reduced_response_law,0.0,0
648.0,50007.32573373949,5323.3001391139105,18.135033053140308,152.4,4,5,inbound-level,50000.0,3784.616339744828,0.0,152.4,-90.0,0.0,0.0,0.0,2.145234829781838,-89.99999998910529,0.0,0.0,0.0,562.3245860605293,0.0,-17019.53590676247,14201.909232034028,0.4479607560870429,-0.751524988644124,0.0,point_mass_3dof,legacy_runner_defaults,-0.7562951013162765,0.0,0.0,0.0893225837337992,reduced_response_law,0.0,0
650.0,50007.32573379744,5018.526358367685,14.137212440414446,152.4,4,5,inbound-level,50000.0,3479.816339744828,0.0,152.4,-90.0,0.0,0.0,0.0,2.145234829781838,-89.99999999455264,0.0,0.0,0.0,520.3947890095696,0.0,-30555.764810448414,14207.171039514336,0.4479405533839596,-0.25050832954804136,0.0,point_mass_3dof,legacy_runner_defaults,-0.7562951013162765,0.0,0.0,0.0893225837337992,reduced_response_law,0.0,0
652.0,50007.32573382642,4713.729271655231,12.804571603211855,152.4,4,5,inbound-level,50000.0,3175.0163397448277,0.0,152.4,-90.0,0.0,0.0,0.0,2.145234829781838,-89.99999999727632,0.0,0.0,0.0,506.41133480452845,0.0,-35070.06832427069,14208.925020046496,0.44793381958536543,-0.08350277651601379,0.0,point_mass_3dof,legacy_runner_defaults,-0.7562951013162765,0.0,0.0,0.0893225837337992,reduced_response_law,0.0,0
654.0,50007.32573384091,4408.929595354306,12.360356732789414,152.4,4,5,inbound-level,50000.0,2870.2163397448276,0.0,152.4,-90.0,0.0,0.0,0.0,2.145234829781838,-89.99999999863815,0.0,0.0,0.0,501.7494215514653,0.0,-36575.08362858655,14209.509681879648,0.44793157504696196,-0.02783425883867126,0.0,point_mass_3dof,legacy_runner_defaults,-0.7562951013162765,0.0,0.0,0.0893225837337992,reduced_response_law,0.0,0
656.0,50007.325733848156,4104.129631320876,12.212285062721833,152.4,4,5,inbound-level,50000.0,2565.416339744828,0.0,152.4,-90.0,0.0,0.0,0.0,2.145234829781838,-89.99999999931907,0.0,0.0,0.0,500.19536581142165,0.0,-37076.78289272007,14209.704569218691,0.44793082687475666,-0.009278086279557089,0.0,point_mass_3dof,legacy_runner_defaults,-0.7562951013162765,0.0,0.0,0.0893225837337992,reduced_response_law,0.0,0
658.0,50007.32573385178,3799.3296353171613,12.16292783764029,152.4,4,5,inbound-level,50000.0,2260.6163397448277,0.0,152.4,-90.0,0.0,0.0,0.0,2.145234829781838,-89.99999999965954,0.0,0.0,0.0,499.67733782502,0.0,-37244.01903586798,14209.76953166731,0.44793057748484594,-0.0030926954265190296,0.0,point_mass_3dof,legacy_runner_defaults,-0.7562951013162765,0.0,0.0,0.0893225837337992,reduced_response_law,0.0,0
660.0,50007.32573385359,3494.5296357611933,12.14647542921586,152.4,4,5,inbound-level,50000.0,1955.816339744828,0.0,152.4,-90.0,0.0,0.0,0.0,2.145234829781838,-89.99999999982977,0.0,0.0,0.0,499.5046607843906,0.0,-37299.764756372766,14209.791185816934,0.4479304943549679,-0.0010308984755063432,0.0,point_mass_3dof,legacy_runner_defaults,-0.7562951013162765,0.0,0.0,0.0893225837337992,reduced_response_law,0.0,0
662.0,50007.32573385449,3189.72963581053,12.140991293072016,152.4,4,5,inbound-level,50000.0,1651.0163397448277,0.0,152.4,-90.0,0.0,0.0,0.0,2.145234829781838,-89.99999999991488,0.0,0.0,0.0,499.44710165471224,0.0,-37318.34670092495,14209.798403866813,0.44793046664501895,-0.00034363282516878114,0.0,point_mass_3dof,legacy_runner_defaults,-0.7562951013162765,0.0,0.0,0.0893225837337992,reduced_response_law,0.0,0
664.0,50007.325733854945,2884.929635816012,12.139163247690647,152.4,4,5,inbound-level,50000.0,1346.216339744828,0.0,152.4,-90.0,0.0,0.0,0.0,2.145234829781838,-89.99999999995744,0.0,0.0,0.0,499.42791526525616,0.0,-37324.54068663316,14209.800809883433,0.44793045740837023,-0.0001145442750562604,0.0,point_mass_3dof,legacy_runner_defaults,-0.7562951013162765,0.0,0.0,0.0893225837337992,reduced_response_law,0.0,0
666.0,50007.32573385517,2580.129635816621,12.138553899230187,152.4,4,5,inbound-level,50000.0,1041.4163397448278,0.0,152.4,-90.0,0.0,0.0,0.0,2.145234829781838,-89.99999999997871,0.0,0.0,0.0,499.42151980066774,0.0,-37326.60534900154,14209.801611888977,0.44793045432948764,-3.8181425018753454e-05,0.0,point_mass_3dof,legacy_runner_defaults,-0.7562951013162765,0.0,0.0,0.0893225837337992,reduced_response_law,0.0,0
668.0,50007.32573385529,2275.3296358166886,12.138350783076701,152.4,4,5,inbound-level,50000.0,736.6163397448277,0.0,152.4,-90.0,0.0,0.0,0.0,2.145234829781838,-89.99999999998936,0.0,0.0,0.0,499.41938797897456,0.0,-37327.293569842754,14209.801879224162,0.44793045330319337,-1.2727141672917818e-05,0.0,point_mass_3dof,legacy_runner_defaults,-0.7562951013162765,0.0,0.0,0.0893225837337992,reduced_response_law,0.0,0
670.0,50007.325733855345,1970.529635816696,12.138283077692206,152.4,4,5,inbound-level,50000.0,431.8163397448279,0.0,152.4,-90.0,0.0,0.0,0.0,2.145234829781838,-89.99999999999467,0.0,0.0,0.0,499.4186773717338,0.0,-37327.52297679555,14209.801968335887,0.4479304529610953,-4.242380557639273e-06,0.0,point_mass_3dof,legacy_runner_defaults,-0.7562951013162765,0.0,0.0,0.0893225837337992,reduced_response_law,0.0,0
672.0,50007.325733855374,1665.7296358166968,12.138260509230708,152.4,4,5,inbound-level,50000.0,127.01633974482775,0.0,152.4,-90.0,0.0,0.0,0.0,2.145234829781838,-89.99999999999734,0.0,0.0,0.0,499.4184405026481,0.0,-37327.59944578046,14209.801998039797,0.4479304528470626,-1.414126852546424e-06,0.0,point_mass_3dof,legacy_runner_defaults,-0.7562951013162765,0.0,0.0,0.0893225837337992,reduced_response_law,0.0,0
674.0,50007.32573385539,1360.9296358166969,12.138252986410208,152.4,5,6,right-turn,49999.36786206694,-177.78216180203012,0.0,152.4,-90.40745013596035,0.0,-6.000000000000001,0.0,2.145234829781838,-89.99999999999866,0.0,0.0,0.0,499.418361546288,0.0,-37327.624935442174,14209.802007941098,0.44793045280905164,-4.713756175154747e-07,0.0,point_mass_3dof,legacy_runner_defaults,-0.7562951013162765,0.0,0.0,0.0893225837337992,reduced_response_law,0.0,0
676.0,50007.325733855396,1056.129635816697,12.138250478803375,152.4,5,6,right-turn,49995.34240484556,-482.55369082535503,0.0,152.4,-91.10600027978384,0.0,-6.000000000000001,0.0,2.145234829781838,-90.2037250679795,0.0,0.0,0.0,499.41833522750676,0.0,-37327.63343199608,14209.802011241532,0.4479304527963814,-1.5712520583849155e-07,0.0,point_mass_3dof,legacy_runner_defaults,-0.7562951013162765,0.0,0.0,0.0893225837337992,reduced_response_law,0.0,0
678.0,50006.24196694613,751.3315625792068,12.138249642934431,152.4,5,6,right-turn,49987.601564374854,-787.253491609444,0.0,152.4,-91.80455042360734,0.0,-6.000000000000001,0.0,2.145234829781838,-90.65486267388168,0.0,0.0,0.0,499.4183264545718,0.0,-37327.63626418072,14209.802012341677,0.44793045279215804,-5.2375068612830514e-08,0.0,point_mass_3dof,legacy_runner_defaults,-0.7562951013162765,0.0,0.0,0.0893225837337992,reduced_response_law,0.0,0
680.0,50002.75832820468,446.5514709375133,12.13824936431145,152.4,5,6,right-turn,49976.14649127673,-1091.8362726548821,0.0,152.4,-92.50310056743085,0.0,-6.000000000000001,0.0,2.145234829781838,-91.22970654874452,0.0,0.0,0.0,499.41832353026075,0.0,-37327.637208242275,14209.802012708395,0.4479304527907501,-1.7458356204276842e-08,0.0,point_mass_3dof,legacy_runner_defaults,-0.7562951013162765,0.0,0.0,0.0893225837337992,reduced_response_law,0.0,0
682.0,49996.21708233276,141.82166914181903,12.138249271437124,152.4,5,6,right-turn,49960.97888826789,-1396.2567598564215,0.0,152.4,-93.20165071125435,0.0,-6.000000000000001,0.0,2.145234829781838,-91.86640355808768,0.0,0.0,0.0,499.4183225554916,0.0,-37327.63752292945,14209.802012830634,0.4479304527902809,-5.8194520680922805e-09,0.0,point_mass_3dof,legacy_runner_defaults,-0.7562951013162765,0.0,0.0,0.0893225837337992,reduced_response_law,0.0,0
684.0,49986.29001255422,-162.81662996978645,12.138249240479015,152.4,5,6,right-turn,49942.101009906684,-1700.4697032326624,0.0,152.4,-93.90020085507784,0.0,-6.000000000000001,0.0,2.145234829781838,-92.534027134671,0.0,0.0,0.0,499.41832223056554,0.0,-37327.63762782519,14209.80201287138,0.4479304527901245,-1.93981735603076e-09,0.0,point_mass_3dof,legacy_runner_defaults,-0.7562951013162765,0.0,0.0,0.0893225837337992,reduced_response_law,0.0,0
686.0,49972.81398161685,-467.3185783874853,12.138249230159644,152.4,5,6,right-turn,49919.51566225801,-2004.429883652146,0.0,152.4,-94.59875099890134,0.0,-6.000000000000001,0.0,2.145234829781838,-93.21711399487442,0.0,0.0,0.0,499.41832212225745,0.0,-37327.63766279043,14209.80201288496,0.4479304527900724,-6.466057853435867e-10,0.0,point_mass_3dof,legacy_runner_defaults,-0.7562951013162765,0.0,0.0,0.0893225837337992,reduced_response_law,0.0,0
688.0,49955.708687205566,-771.6382276103107,12.138249226719854,152.4,5,6,right-turn,49893.226202476224,-2308.092119554865,0.0,152.4,-95.29730114272485,0.0,-6.000000000000001,0.0,2.145234829781838,-93.90793249688788,0.0,0.0,0.0,499.41832208615597,0.0,-37327.637674445505,14209.802012889486,0.44793045279005494,-2.1553526178119556e-10,0.0,point_mass_3dof,legacy_runner_defaults,-0.7562951013162765,0.0,0.0,0.0893225837337992,reduced_response_law,0.0,0
690.0,49934.93552552287,-1075.7295227072018,12.138249225573256,152.4,5,6,right-turn,49863.23653830609,-2611.4112736681823,0.0,152.4,-95.99585128654833,0.0,-6.000000000000001,0.0,2.145234829781838,-94.60261681980637,0.0,0.0,0.0,499.4183220741252,0.0,-37327.63767833054,14209.802012890994,0.4479304527900491,-7.184508726039853e-11,0.0,point_mass_3dof,legacy_runner_defaults,-0.7562951013162765,0.0,0.0,0.0893225837337992,reduced_response_law,0.0,0
692.0,49910.47701739108,-1379.5466081055824,12.138249225191057,152.4,5,6,right-turn,49829.55112750193,-2914.3422597161803,0.0,152.4,-96.69440143037184,0.0,-6.000000000000001,0.0,2.145234829781838,-95.29923405317734,0.0,0.0,0.0,499.41832207011066,0.0,-37327.63767962555,14209.8020128915,0.44793045279004734,-2.3948362420132843e-11,0.0,point_mass_3dof,legacy_runner_defaults,-0.7562951013162765,0.0,0.0,0.0893225837337992,reduced_response_law,0.0,0
694.0,49882.326519575494,-1683.0438724634919,12.138249225063657,152.4,5,6,right-turn,49792.17497716504,-3216.84004912141,0.0,152.4,-97.39295157419535,0.0,-6.000000000000001,0.0,2.145234829781838,-95.9968177417746,0.0,0.0,0.0,499.4183220687719,0.0,-37327.6376800572,14209.802012891669,0.44793045279004656,-7.982787473377615e-12,0.0,point_mass_3dof,legacy_runner_defaults,-0.7562951013162765,0.0,0.0,0.0893225837337992,reduced_response_law,0.0,0
696.0,49850.48308014392,-1986.1759152520556,12.13824922502119,152.4,5,6,right-turn,49751.11364299939,-3518.8596776980858,0.0,152.4,-98.09150171801885,0.0,-6.000000000000001,0.0,2.145234829781838,-96.69488465798497,0.0,0.0,0.0,499.4183220683244,0.0,-37327.6376802011,14209.802012891725,0.44793045279004645,-2.660929157792538e-12,0.0,point_mass_3dof,legacy_runner_defaults,-0.7562951013162765,0.0,0.0,0.0893225837337992,reduced_response_law,0.0,0
698.0,49814.94886618469,-2288.8975029168605,12.138249225007034,152.4,5,6,right-turn,49706.3732284858,-3820.3562523356895,0.0,152.4,-98.79005186184234,0.0,-6.000000000000001,0.0,2.145234829781838,-97.3931931880019,0.0,0.0,0.0,499.41832206818253,0.0,-37327.63768024906,14209.802012891741,0.4479304527900463,-8.86976385930846e-13,0.0,point_mass_3dof,legacy_runner_defaults,-0.7562951013162765,0.0,0.0,0.0893225837337992,reduced_response_law,0.0,0
700.0,49775.727877662765,-2591.163534847944,12.138249225002316,152.4,5,6,right-turn,49657.96038397471,-4121.284957672023,0.0,152.4,-99.48860200566584,0.0,-6.000000000000001,0.0,2.145234829781838,-98.09162252492212,0.0,0.0,0.0,499.4183220681316,0.0,-37327.63768026505,14209.802012891749,0.4479304527900463,-2.95658795310282e-13,0.0,point_mass_3dof,legacy_runner_defaults,-0.7562951013162765,0.0,0.0,0.0893225837337992,reduced_response_law,0.0,0
702.0,49732.82530420621,-2892.9290219249215,12.138249225000743,152.4,5,6,right-turn,49605.88230569769,-4421.601062754698,0.0,152.4,-100.18715214948934,0.0,-6.000000000000001,0.0,2.145234829781838,-98.79011226529398,0.0,0.0,0.0,499.41832206811705,0.0,-37327.63768027038,14209.80201289175,0.4479304527900463,-9.8552931770094e-14,0.0,point_mass_3dof,legacy_runner_defaults,-0.7562951013162765,0.0,0.0,0.0893225837337992,reduced_response_law,0.0,0
704.0,49686.24720321975,-3194.1490752223317,12.13824922500022,152.4,5,6,right-turn,49550.1467346977,-4721.259927690081,0.0,152.4,-100.88570229331283,0.0,-6.000000000000001,0.0,2.145234829781838,-99.48863220739166,0.0,0.0,0.0,499.41832206810795,0.0,-37327.63768027216,14209.80201289175,0.4479304527900463,-3.2850977256697996e-14,0.0,point_mass_3dof,legacy_runner_defaults,-0.7562951013162765,0.0,0.0,0.0893225837337992,reduced_response_law,0.0,0
706.0,49636.00033854794,-3494.778901737688,12.138249225000045,152.4,5,6,right-turn,49490.76195567848,-5020.217010278696,0.0,152.4,-101.58425243713634,0.0,-6.000000000000001,0.0,2.145234829781838,-100.18716725035225,0.0,0.0,0.0,499.41832206810614,0.0,-37327.63768027276,14209.80201289175,0.4479304527900463,-1.0950325752232664e-14,0.0,point_mass_3dof,legacy_runner_defaults,-0.7562951013162765,0.0,0.0,0.0893225837337992,reduced_response_law,0.0,0
708.0,49582.09209932425,-3794.773804600721,12.138249224999987,152.4,5,6,right-turn,49427.736795773104,-5318.42787263612,0.0,152.4,-102.28280258095985,0.0,-6.000000000000001,0.0,2.145234829781838,-100.88570984374431,0.0,0.0,0.0,499.41832206810614,0.0,-37327.63768027295,14209.80201289175,0.4479304527900463,-3.650108584077556e-15,0.0,point_mass_3dof,legacy_runner_defaults,-0.7562951013162765,0.0,0.0,0.0893225837337992,reduced_response_law,0.0,0
710.0,49524.5304588421,-4094.0891860046913,12.138249224999967,152.4,5,6,right-turn,49361.08062323184,-5615.848187798358,0.0,152.4,-102.98135272478333,0.0,-6.000000000000001,0.0,2.145234829781838,-101.58425621235207,0.0,0.0,0.0,499.41832206810614,0.0,-37327.63768027301,14209.80201289175,0.4479304527900463,-1.2167028613591852e-15,0.0,point_mass_3dof,legacy_runner_defaults,-0.7562951013162765,0.0,0.0,0.0893225837337992,reduced_response_law,0.0,0
712.0,49463.32395337861,-4392.6805517354305,12.13824922499996,152.4,5,6,right-turn,49290.803346029665,-5912.433746310745,0.0,152.4,-103.67990286860685,0.0,-6.000000000000001,0.0,2.145234829781838,-102.2828044685677,0.0,0.0,0.0,499.41832206810614,0.0,-37327.637680273045,14209.80201289175,0.4479304527900463,-4.0556762045306164e-16,0.0,point_mass_3dof,legacy_runner_defaults,-0.7562951013162765,0.0,0.0,0.0893225837337992,reduced_response_law,0.0,0
714.0,49398.48167094366,-4690.503516613269,12.138249224999958,152.4,5,6,right-turn,49216.91541039348,-6208.140462799364,0.0,152.4,-104.37845301243034,0.0,-6.000000000000001,0.0,2.145234829781838,-102.98135366858727,0.0,0.0,0.0,499.41832206810614,0.0,-37327.637680273045,14209.80201289175,0.4479304527900463,-1.3518920681768721e-16,0.0,point_mass_3dof,legacy_runner_defaults,-0.7562951013162765,0.0,0.0,0.0893225837337992,reduced_response_law,0.0,0
716.0,49330.01324494553,-4987.5138104438665,12.138249224999958,152.4,5,6,right-turn,49139.42779924939,-6502.924382524031,0.0,152.4,-105.07700315625384,0.0,-6.000000000000001,0.0,2.145234829781838,-103.67990334050882,0.0,0.0,0.0,499.41832206810614,0.0,-37327.637680273045,14209.80201289175,0.4479304527900463,-4.5063068939229065e-17,0.0,point_mass_3dof,legacy_runner_defaults,-0.7562951013162765,0.0,0.0,0.0893225837337992,reduced_response_law,0.0,0
718.0,49257.92885027132,-5283.667284244955,12.138249224999958,152.4,5,6,right-turn,49058.35203059015,-6796.741687911867,0.0,152.4,-105.77555330007733,0.0,-6.000000000000001,0.0,2.145234829781838,-104.37845324838132,0.0,0.0,0.0,499.41832206810614,0.0,-37327.637680273045,14209.80201289175,0.4479304527900463,-1.5021022979743023e-17,0.0,point_mass_3dof,legacy_runner_defaults,-0.7562951013162765,0.0,0.0,0.0893225837337992,reduced_response_law,0.0,0
720.0,49182.23920053298,-5578.919916616774,12.138249224999958,152.4,5,6,right-turn,48973.70015576306,-7089.548705070464,0.0,152.4,-106.47410344390084,0.0,-6.000000000000001,0.0,2.145234829781838,-105.07700327422933,0.0,0.0,0.0,499.41832206810614,0.0,-37327.637680273045,14209.80201289175,0.4479304527900463,-5.00700765991434e-18,0.0,point_mass_3dof,legacy_runner_defaults,-0.7562951013162765,0.0,0.0,0.0893225837337992,reduced_response_law,0.0,0
722.0,49102.95554585525,-5873.227820181973,12.138249224999958,152.4,5,6,right-turn,48885.484757678685,-7381.301910279718,0.0,152.4,-107.17265358772434,0.0,-6.000000000000001,0.0,2.145234829781838,-105.77555335906509,0.0,0.0,0.0,499.41832206810614,0.0,-37327.637680273045,14209.80201289175,0.4479304527900463,-1.6690025533047805e-18,0.0,point_mass_3dof,legacy_runner_defaults,-0.7562951013162765,0.0,0.0,0.0893225837337992,reduced_response_law,0.0,0
724.0,49020.089670894246,-6166.547248053615,12.138249224999958,152.4,5,6,right-turn,48793.718948940455,-7671.957936461311,0.0,152.4,-107.87120373154784,0.0,-6.000000000000001,0.0,2.145234829781838,-106.4741034733947,0.0,0.0,0.0,499.41832206810614,0.0,-37327.637680273045,14209.80201289175,0.4479304527900463,-5.563341844349268e-19,0.0,point_mass_3dof,legacy_runner_defaults,-0.7562951013162765,0.0,0.0,0.0893225837337992,reduced_response_law,0.0,0
726.0,48933.653892931565,-6458.834600308183,12.138249224999958,152.4,5,6,right-turn,48698.41636989557,-7961.473579624938,0.0,152.4,-108.56975387537133,0.0,-6.000000000000001,0.0,2.145234829781838,-107.17265360247127,0.0,0.0,0.0,499.41832206810614,0.0,-37327.637680273045,14209.80201289175,0.4479304527900463,-1.854447281449756e-19,0.0,point_mass_3dof,legacy_runner_defaults,-0.7562951013162765,0.0,0.0,0.0893225837337992,reduced_response_law,0.0,0
728.0,48843.66105996648,-6750.0464304506395,12.138249224999958,152.4,5,6,right-turn,48599.591186607424,-8249.805805290267,0.0,152.4,-109.26830401919483,0.0,-6.000000000000001,0.0,2.145234829781838,-107.87120373892131,0.0,0.0,0.0,499.41832206810614,0.0,-37327.637680273045,14209.80201289175,0.4479304527900463,-6.181490938165852e-20,0.0,point_mass_3dof,legacy_runner_defaults,-0.7562951013162765,0.0,0.0,0.0893225837337992,reduced_response_law,0.0,0
730.0,48750.12454876781,-7040.139451864085,12.138249224999958,152.4,5,6,right-turn,48497.258088750015,-8536.911754883726,0.0,152.4,-109.96685416301833,0.0,-6.000000000000001,0.0,2.145234829781838,-108.56975387905807,0.0,0.0,0.0,499.41832206810614,0.0,-37327.637680273045,14209.80201289175,0.4479304527900463,-2.0604969793886175e-20,0.0,point_mass_3dof,legacy_runner_defaults,-0.7562951013162765,0.0,0.0,0.0893225837337992,reduced_response_law,0.0,0
732.0,48653.058262866434,-7329.070544239606,12.138249224999958,152.4,5,6,right-turn,48391.432287424315,-8822.748752109123,0.0,152.4,-110.66540430684185,0.0,-6.000000000000001,0.0,2.145234829781838,-109.2683040210382,0.0,0.0,0.0,499.41832206810614,0.0,-37327.637680273045,14209.80201289175,0.4479304527900463,-6.868323264628723e-21,0.0,point_mass_3dof,legacy_runner_defaults,-0.7562951013162765,0.0,0.0,0.0893225837337992,reduced_response_law,0.0,0
734.0,48552.476630479076,-7616.796759983487,12.138249224999958,152.4,5,6,right-turn,48282.12951289733,-9107.274309291175,0.0,152.4,-111.36395445066533,0.0,-6.000000000000001,0.0,2.145234829781838,-109.96685416394001,0.0,0.0,0.0,499.41832206810614,0.0,-37327.637680273045,14209.80201289175,0.4479304527900463,-2.2894410882095745e-21,0.0,point_mass_3dof,legacy_runner_defaults,-0.7562951013162765,0.0,0.0,0.0893225837337992,reduced_response_law,0.0,0
736.0,48448.39460235892,-7903.275330599853,12.138249224999958,152.4,5,6,right-turn,48169.36601226385,-9390.446133691026,0.0,152.4,-112.06250459448884,0.0,-6.000000000000001,0.0,2.145234829781838,-110.66540430730268,0.0,0.0,0.0,499.41832206810614,0.0,-37327.637680273045,14209.80201289175,0.4479304527900463,-7.631470294031917e-22,0.0,point_mass_3dof,legacy_runner_defaults,-0.7562951013162765,0.0,0.0,0.0893225837337992,reduced_response_law,0.0,0
738.0,48340.827649570914,-8188.463673047265,12.138249224999958,152.4,5,6,right-turn,48053.15854703146,-9672.222133792739,0.0,152.4,-112.76105473831234,0.0,-6.000000000000001,0.0,2.145234829781838,-111.36395445089576,0.0,0.0,0.0,499.41832206810614,0.0,-37327.637680273045,14209.80201289175,0.4479304527900463,-2.5438234313439726e-22,0.0,point_mass_3dof,legacy_runner_defaults,-0.7562951013162765,0.0,0.0,0.0893225837337992,reduced_response_law,0.0,0
740.0,48229.79176119089,-8472.319396068062,12.138249224999958,152.4,5,6,right-turn,47933.52439062907,-9952.560425559925,0.0,152.4,-113.45960488213584,0.0,-6.000000000000001,0.0,2.145234829781838,-112.06250459460405,0.0,0.0,0.0,499.41832206810614,0.0,-37327.637680273045,14209.80201289175,0.4479304527900463,-8.479411437813242e-23,0.0,point_mass_3dof,legacy_runner_defaults,-0.7562951013162765,0.0,0.0,0.0893225837337992,reduced_response_law,0.0,0
742.0,48115.303441928365,-8754.800306489353,12.138249224999958,152.4,5,6,right-turn,47810.4813258393,-10231.419338661508,0.0,152.4,-114.15815502595933,0.0,-6.000000000000001,0.0,2.145234829781838,-112.76105473836995,0.0,0.0,0.0,499.41832206810614,0.0,-37327.637680273045,14209.80201289175,0.4479304527900463,-2.826470479271081e-23,0.0,point_mass_3dof,legacy_runner_defaults,-0.7562951013162765,0.0,0.0,0.0893225837337992,reduced_response_law,0.0,0
744.0,47997.37970967288,-9035.864415494641,12.138249224999958,152.4,5,6,right-turn,47684.04764215522,-10508.757422665729,0.0,152.4,-114.85670516978284,0.0,-6.000000000000001,0.0,2.145234829781838,-113.45960488216464,0.0,0.0,0.0,499.41832206810614,0.0,-37327.637680273045,14209.80201289175,0.4479304527900463,-9.421568264236936e-24,0.0,point_mass_3dof,legacy_runner_defaults,-0.7562951013162765,0.0,0.0,0.0893225837337992,reduced_response_law,0.0,0
746.0,47876.038092964314,-9315.46994486513,12.138249224999958,152.4,5,6,right-turn,47554.242133061765,-10784.53345320146,0.0,152.4,-115.55525531360634,0.0,-6.000000000000001,0.0,2.145234829781838,-114.15815502597376,0.0,0.0,0.0,499.41832206810614,0.0,-37327.637680273045,14209.80201289175,0.4479304527900463,-3.140522754745645e-24,0.0,point_mass_3dof,legacy_runner_defaults,-0.7562951013162765,0.0,0.0,0.0893225837337992,reduced_response_law,0.0,0
748.0,47751.29662838728,-9593.575333189732,12.138249224999958,152.4,5,6,right-turn,47421.08409324216,-11058.706438085926,0.0,152.4,-116.25380545742982,0.0,-6.000000000000001,0.0,2.145234829781838,-114.85670516979002,0.0,0.0,0.0,499.41832206810614,0.0,-37327.637680273045,14209.80201289175,0.4479304527900463,-1.0468409182485484e-24,0.0,point_mass_3dof,legacy_runner_defaults,-0.7562951013162765,0.0,0.0,0.0893225837337992,reduced_response_law,0.0,0
750.0,47623.173857890106,-9870.139242042873,12.138249224999958,152.4,5,6,right-turn,47284.59331570996,-11331.235623417904,0.0,152.4,-116.95235560125333,0.0,-6.000000000000001,0.0,2.145234829781838,-115.55525531360992,0.0,0.0,0.0,499.41832206810614,0.0,-37327.637680273045,14209.80201289175,0.4479304527900463,-3.4894697274951613e-25,0.0,point_mass_3dof,legacy_runner_defaults,-0.7562951013162765,0.0,0.0,0.0893225837337992,reduced_response_law,0.0,0
752.0,47491.68882602866,-10145.120562129154,12.138249224999958,152.4,5,6,right-turn,47144.7900888669,-11602.080499635498,0.0,152.4,-117.65090574507684,0.0,-6.000000000000001,0.0,2.145234829781838,-116.25380545743162,0.0,0.0,0.0,499.41832206810614,0.0,-37327.637680273045,14209.80201289175,0.4479304527900463,-1.1631565758317204e-25,0.0,point_mass_3dof,legacy_runner_defaults,-0.7562951013162765,0.0,0.0,0.0893225837337992,reduced_response_law,0.0,0
754.0,47356.86107713551,-10418.478419393958,12.138249224999958,152.4,5,6,right-turn,47001.695193487205,-11871.20080753762,0.0,152.4,-118.34945588890035,0.0,-6.000000000000001,0.0,2.145234829781838,-116.95235560125423,0.0,0.0,0.0,499.41832206810614,0.0,-37327.637680273045,14209.80201289175,0.4479304527900463,-3.877188586105735e-26,0.0,point_mass_3dof,legacy_runner_defaults,-0.7562951013162765,0.0,0.0,0.0893225837337992,reduced_response_law,0.0,0
756.0,47218.7106524148,-10690.172181099091,12.138249224999958,152.4,5,6,right-turn,46855.329899628676,-12138.55654426822,0.0,152.4,-119.04800603272383,0.0,-6.000000000000001,0.0,2.145234829781838,-117.6509057450773,0.0,0.0,0.0,499.41832206810614,0.0,-37327.637680273045,14209.80201289175,0.4479304527900463,-1.2923961953685783e-26,0.0,point_mass_3dof,legacy_runner_defaults,-0.7562951013162765,0.0,0.0,0.0893225837337992,reduced_response_law,0.0,0
758.0,47077.25808696324,-10960.161461862555,12.138249224999958,152.4,5,6,right-turn,46705.715963471004,-12404.107969262446,0.0,152.4,-119.74655617654733,0.0,-6.000000000000001,0.0,2.145234829781838,-118.34945588890058,0.0,0.0,0.0,499.41832206810614,0.0,-37327.637680273045,14209.80201289175,0.4479304527900463,-4.3079873178952614e-27,0.0,point_mass_3dof,legacy_runner_defaults,-0.7562951013162765,0.0,0.0,0.0893225837337992,reduced_response_law,0.0,0
760.0,46932.524406717734,-11228.406129661551,12.138249224999958,152.4,5,6,right-turn,46552.8756240819,-12667.815610153795,0.0,152.4,-120.44510632037084,0.0,-6.000000000000001,0.0,2.145234829781838,-119.04800603272396,0.0,0.0,0.0,499.41832206810614,0.0,-37327.637680273045,14209.80201289175,0.4479304527900463,-1.435995772631754e-27,0.0,point_mass_3dof,legacy_runner_defaults,-0.7562951013162765,0.0,0.0,0.0893225837337992,reduced_response_law,0.0,0
762.0,46784.53112533002,-11494.866311797823,12.138249224999958,152.4,5,6,right-turn,46396.83160011142,-12929.640268641408,0.0,152.4,-121.14365646419432,0.0,-6.000000000000001,0.0,2.145234829781838,-119.7465561765474,0.0,0.0,0.0,499.41832206810614,0.0,-37327.637680273045,14209.80201289175,0.4479304527900463,-4.786652575439179e-28,0.0,point_mass_3dof,legacy_runner_defaults,-0.7562951013162765,0.0,0.0,0.0893225837337992,reduced_response_law,0.0,0
764.0,46633.30024096877,-11759.502400824462,12.138249224999958,152.4,5,6,right-turn,46237.60708641496,-13189.54302631662,0.0,152.4,-121.84220660801783,0.0,-6.000000000000001,0.0,2.145234829781838,-120.44510632037087,0.0,0.0,0.0,499.41832206810614,0.0,-37327.637680273045,14209.80201289175,0.4479304527900463,-1.5955508584797265e-28,0.0,point_mass_3dof,legacy_runner_defaults,-0.7562951013162765,0.0,0.0,0.0893225837337992,reduced_response_law,0.0,0
766.0,46478.85423304977,-12022.275060433269,12.138249224999958,152.4,5,6,right-turn,46075.22575060552,-13447.485250447917,0.0,152.4,-122.54075675184131,0.0,-6.000000000000001,0.0,2.145234829781838,-121.14365646419435,0.0,0.0,0.0,499.41832206810614,0.0,-37327.637680273045,14209.80201289175,0.4479304527900463,-5.318502861599088e-29,0.0,point_mass_3dof,legacy_runner_defaults,-0.7562951013162765,0.0,0.0,0.0893225837337992,reduced_response_law,0.0,0
768.0,46321.2160588945,-12283.145231301827,12.138249224999958,152.4,5,6,right-turn,45909.711729535695,-13703.428599723407,0.0,152.4,-123.23930689566482,0.0,-6.000000000000001,0.0,2.145234829781838,-121.84220660801783,0.0,0.0,0.0,499.41832206810614,0.0,-37327.637680273045,14209.80201289175,0.4479304527900463,-1.772834287199696e-29,0.0,point_mass_3dof,legacy_runner_defaults,-0.7562951013162765,0.0,0.0,0.0893225837337992,reduced_response_law,0.0,0
770.0,46160.409150317646,-12542.074136899399,12.138249224999958,152.4,5,6,right-turn,45741.08962570989,-13957.335029950007,0.0,152.4,-123.93785703948834,0.0,-6.000000000000001,0.0,2.145234829781838,-122.54075675184134,0.0,0.0,0.0,499.41832206810614,0.0,-37327.637680273045,14209.80201289175,0.4479304527900463,-5.909447623998988e-30,0.0,point_mass_3dof,legacy_runner_defaults,-0.7562951013162765,0.0,0.0,0.0893225837337992,reduced_response_law,0.0,0
772.0,45996.45741014418,-12799.023289250781,12.138249224999958,152.4,5,6,right-turn,45569.38450362731,-14209.166799708439,0.0,152.4,-124.63640718331183,0.0,-6.000000000000001,0.0,2.145234829781838,-123.23930689566482,0.0,0.0,0.0,499.41832206810614,0.0,-37327.637680273045,14209.80201289175,0.4479304527900463,-1.969815874666329e-30,0.0,point_mass_3dof,legacy_runner_defaults,-0.7562951013162765,0.0,0.0,0.0893225837337992,reduced_response_law,0.0,0
774.0,45829.38520865636,-13053.95449465728,12.138249224999958,152.4,5,6,right-turn,45394.62188605633,-14458.886475963223,0.0,152.4,-125.33495732713534,0.0,-6.000000000000001,0.0,2.145234829781838,-123.93785703948832,0.0,0.0,0.0,499.41832206810614,0.0,-37327.637680273045,14209.80201289175,0.4479304527900463,-6.56605291555443e-31,0.0,point_mass_3dof,legacy_runner_defaults,-0.7562951013162765,0.0,0.0,0.0893225837337992,reduced_response_law,0.0,0
776.0,45659.2173799712,-13306.829859373936,12.138249224999958,152.4,5,6,right-turn,45216.82775024067,-14706.456939626847,0.0,152.4,-126.03350747095882,0.0,-6.000000000000001,0.0,2.145234829781838,-124.63640718331183,0.0,0.0,0.0,499.41832206810614,0.0,-37327.637680273045,14209.80201289175,0.4479304527900463,-2.1886843051848103e-31,0.0,point_mass_3dof,legacy_runner_defaults,-0.7562951013162765,0.0,0.0,0.0893225837337992,reduced_response_law,0.0,0
778.0,45485.97921834916,-13557.611795242161,12.138249224999958,152.4,5,6,right-turn,45036.02852403812,-14951.841391077247,0.0,152.4,-126.73205761478233,0.0,-6.000000000000001,0.0,2.145234829781838,-125.33495732713534,0.0,0.0,0.0,499.41832206810614,0.0,-37327.637680273045,14209.80201289175,0.4479304527900463,-7.295614350616034e-32,0.0,point_mass_3dof,legacy_runner_defaults,-0.7562951013162765,0.0,0.0,0.0893225837337992,reduced_response_law,0.0,0
780.0,45309.69647443422,-13806.26302527696,12.138249224999958,152.4,5,6,right-turn,44852.25108199216,-15195.003355627832,0.0,152.4,-127.43060775860582,0.0,-6.000000000000001,0.0,2.145234829781838,-126.03350747095882,0.0,0.0,0.0,499.41832206810614,0.0,-37327.637680273045,14209.80201289175,0.4479304527900463,-2.431871450205345e-32,0.0,point_mass_3dof,legacy_runner_defaults,-0.7562951013162765,0.0,0.0,0.0893225837337992,reduced_response_law,0.0,0
782.0,45130.39535142629,-14052.746589207894,12.138249224999958,152.4,5,6,right-turn,44665.52274133729,-15435.906688949175,0.0,152.4,-128.12915790242934,0.0,-6.000000000000001,0.0,2.145234829781838,-126.7320576147823,0.0,0.0,0.0,499.41832206810614,0.0,-37327.637680273045,14209.80201289175,0.4479304527900463,-8.106238167351152e-33,0.0,point_mass_3dof,legacy_runner_defaults,-0.7562951013162765,0.0,0.0,0.0893225837337992,reduced_response_law,0.0,0
784.0,44948.10250118627,-14297.025848972968,12.138249224999958,152.4,5,6,right-turn,44475.87125793849,-15674.51558244163,0.0,152.4,-128.82770804625284,0.0,-6.000000000000001,0.0,2.145234829781838,-127.43060775860582,0.0,0.0,0.0,499.41832206810614,0.0,-37327.637680273045,14209.80201289175,0.4479304527900463,-2.7020793891170507e-33,0.0,point_mass_3dof,legacy_runner_defaults,-0.7562951013162765,0.0,0.0,0.0893225837337992,reduced_response_law,0.0,0
786.0,44762.84502027446,-14539.064494164617,12.138249224999958,152.4,5,6,right-turn,44283.32482216552,-15910.794568558007,0.0,152.4,-129.52625819007633,0.0,-6.000000000000001,0.0,2.145234829781838,-128.12915790242934,0.0,0.0,0.0,499.41832206810614,0.0,-37327.637680273045,14209.80201289175,0.4479304527900463,-9.006931297056835e-34,0.0,point_mass_3dof,legacy_runner_defaults,-0.7562951013162765,0.0,0.0,0.0893225837337992,reduced_response_law,0.0,0
788.0,44574.65044592279,-14778.826547427001,12.138249224999958,152.4,5,6,right-turn,44087.912054702625,-16144.708526075605,0.0,152.4,-130.22480833389983,0.0,-6.000000000000001,0.0,2.145234829781838,-128.8277080462528,0.0,0.0,0.0,499.41832206810614,0.0,-37327.637680273045,14209.80201289175,0.4479304527900463,-3.0023104323522786e-34,0.0,point_mass_3dof,legacy_runner_defaults,-0.7562951013162765,0.0,0.0,0.0893225837337992,reduced_response_law,0.0,0
790.0,44383.546751941656,-15016.276369803787,12.138249224999958,152.4,5,6,right-turn,43889.662002294215,-16376.222685316721,0.0,152.4,-130.92335847772333,0.0,-6.000000000000001,0.0,2.145234829781838,-129.5262581900763,0.0,0.0,0.0,499.41832206810614,0.0,-37327.637680273045,14209.80201289175,0.4479304527900463,-1.0007701441174263e-34,0.0,point_mass_3dof,legacy_runner_defaults,-0.7562951013162765,0.0,0.0,0.0893225837337992,reduced_response_law,0.0,0
792.0,44189.5623445618,-15251.378666035629,12.138249224999958,152.4,5,6,right-turn,43688.604133427354,-16605.302633316922,0.0,152.4,-131.62190862154682,0.0,-6.000000000000001,0.0,2.145234829781838,-130.22480833389983,0.0,0.0,0.0,499.41832206810614,0.0,-37327.637680273045,14209.80201289175,0.4479304527900463,-3.3359004803914213e-35,0.0,point_mass_3dof,legacy_runner_defaults,-0.7562951013162765,0.0,0.0,0.0893225837337992,reduced_response_law,0.0,0
794.0,43992.72605821188,-15484.098489806564,12.138249224999958,152.4,5,6,right-turn,43484.76833395142,-16831.914318940282,0.0,152.4,-132.32045876537032,0.0,-6.000000000000001,0.0,2.145234829781838,-130.92335847772333,0.0,0.0,0.0,499.41832206810614,0.0,-37327.637680273045,14209.80201289175,0.4479304527900463,-1.1119668267971405e-35,0.0,point_mass_3dof,legacy_runner_defaults,-0.7562951013162765,0.0,0.0,0.0893225837337992,reduced_response_law,0.0,0
796.0,43793.0671512325,-15714.401248938535,12.138249224999958,152.4,5,6,right-turn,43278.184902635774,-17056.024057940867,0.0,152.4,-133.01900890919384,0.0,-6.000000000000001,0.0,2.145234829781838,-131.62190862154682,0.0,0.0,0.0,499.41832206810614,0.0,-37327.637680273045,14209.80201289175,0.4479304527900463,-3.7065560893238016e-36,0.0,point_mass_3dof,legacy_runner_defaults,-0.7562951013162765,0.0,0.0,0.0893225837337992,reduced_response_law,0.0,0
798.0,43590.6153015271,-15942.252710533281,12.138249224999958,152.4,5,6,right-turn,43068.8845466661,-17277.59853796965,0.0,152.4,-133.7175590530173,0.0,-6.000000000000001,0.0,2.145234829781838,-132.32045876537032,0.0,0.0,0.0,499.41832206810614,0.0,-37327.637680273045,14209.80201289175,0.4479304527900463,-1.2355186964412668e-36,0.0,point_mass_3dof,legacy_runner_defaults,-0.7562951013162765,0.0,0.0,0.0893225837337992,reduced_response_law,0.0,0
800.0,43385.40060215058,-16167.619006060817,12.138249224999958,152.4,5,6,right-turn,42856.898377079975,-17496.604823526155,0.0,152.4,-134.41610919684084,0.0,-6.000000000000001,0.0,2.145234829781838,-133.01900890919384,0.0,0.0,0.0,499.41832206810614,0.0,-37327.637680273045,14209.80201289175,0.4479304527900463,-4.118395654804224e-37,0.0,point_mass_3dof,legacy_runner_defaults,-0.7562951013162765,0.0,0.0,0.0893225837337992,reduced_response_law,0.0,0
802.0,43177.45355683616,-16390.46663639375,12.138249224999958,152.4,5,6,right-turn,42642.25790414241,-17713.0103608541,0.0,152.4,-135.11465934066433,0.0,-6.000000000000001,0.0,2.145234829781838,-133.7175590530173,0.0,0.0,0.0,499.41832206810614,0.0,-37327.637680273045,14209.80201289175,0.4479304527900463,-1.372798551601408e-37,0.0,point_mass_3dof,legacy_runner_defaults,-0.7562951013162765,0.0,0.0,0.0893225837337992,reduced_response_law,0.0,0
804.0,42966.805075461234,-16610.762476786702,12.138249224999958,152.4,5,6,right-turn,42424.99503266212,-17926.782982780278,0.0,152.4,-135.81320948448783,0.0,-6.000000000000001,0.0,2.145234829781838,-134.4161091968408,0.0,0.0,0.0,499.41832206810614,0.0,-37327.637680273045,14209.80201289175,0.4479304527900463,-4.5759951720046924e-38,0.0,point_mass_3dof,legacy_runner_defaults,-0.7562951013162765,0.0,0.0,0.0893225837337992,reduced_response_law,0.0,0
806.0,42753.4864694528,-16828.47378180006,12.138249224999958,152.4,5,6,right-turn,42205.14205724903,-18137.890913495994,0.0,152.4,-136.51175962831132,0.0,-6.000000000000001,0.0,2.145234829781838,-135.11465934066433,0.0,0.0,0.0,499.41832206810614,0.0,-37327.637680273045,14209.80201289175,0.4479304527900463,-1.525331724001564e-38,0.0,point_mass_3dof,legacy_runner_defaults,-0.7562951013162765,0.0,0.0,0.0893225837337992,reduced_response_law,0.0,0
808.0,42537.52944713327,-17043.568190167367,12.138249224999958,152.4,5,6,right-turn,41982.731657513985,-18346.3027732803,0.0,152.4,-137.21030977213482,0.0,-6.000000000000001,0.0,2.145234829781838,-135.81320948448783,0.0,0.0,0.0,499.41832206810614,0.0,-37327.637680273045,14209.80201289175,0.4479304527900463,-5.0844390800052135e-39,0.0,point_mass_3dof,legacy_runner_defaults,-0.7562951013162765,0.0,0.0,0.0893225837337992,reduced_response_law,0.0,0
810.0,42318.96610900721,-17256.013729605584,12.138249224999958,152.4,5,6,right-turn,41757.796893211074,-18551.987583164377,0.0,152.4,-137.90885991595832,0.0,-6.000000000000001,0.0,2.145234829781838,-136.51175962831132,0.0,0.0,0.0,499.41832206810614,0.0,-37327.637680273045,14209.80201289175,0.4479304527900463,-1.6948130266684044e-39,0.0,point_mass_3dof,legacy_runner_defaults,-0.7562951013162765,0.0,0.0,0.0893225837337992,reduced_response_law,0.0,0
812.0,42097.828942989865,-17465.778821567565,12.138249224999958,152.4,5,6,right-turn,41530.37119932359,-18754.914769536364,0.0,152.4,-138.6074100597818,0.0,-6.000000000000001,0.0,2.145234829781838,-137.2103097721348,0.0,0.0,0.0,499.41832206810614,0.0,-37327.637680273045,14209.80201289175,0.4479304527900463,-5.649376755561349e-40,0.0,point_mass_3dof,legacy_runner_defaults,-0.7562951013162765,0.0,0.0,0.0893225837337992,reduced_response_law,0.0,0
814.0,41874.15081957803,-17672.832285935976,12.138249224999958,152.4,5,6,right-turn,41300.4883810941,-18955.05416868588,0.0,152.4,-139.30596020360534,0.0,-6.000000000000001,0.0,2.145234829781838,-137.90885991595832,0.0,0.0,0.0,499.41832206810614,0.0,-37327.637680273045,14209.80201289175,0.4479304527900463,-1.8831255851871162e-40,0.0,point_mass_3dof,legacy_runner_defaults,-0.7562951013162765,0.0,0.0,0.0893225837337992,reduced_response_law,0.0,0
816.0,41647.96498696409,-17877.143345658005,12.138249224999958,152.4,5,6,right-turn,41068.18260899962,-19152.37603128767,0.0,152.4,-140.00451034742883,0.0,-6.000000000000001,0.0,2.145234829781838,-138.6074100597818,0.0,0.0,0.0,499.41832206810614,0.0,-37327.637680273045,14209.80201289175,0.4479304527900463,-6.277085283957054e-41,0.0,point_mass_3dof,legacy_runner_defaults,-0.7562951013162765,0.0,0.0,0.0893225837337992,reduced_response_law,0.0,0
818.0,41419.305066093904,-18078.68163132016,12.138249224999958,152.4,5,6,right-turn,40833.48841367227,-19346.851026823617,0.0,152.4,-140.70306049125233,0.0,-6.000000000000001,0.0,2.145234829781838,-139.3059602036053,0.0,0.0,0.0,499.41832206810614,0.0,-37327.637680273045,14209.80201289175,0.4479304527900463,-2.092361761319018e-41,0.0,point_mass_3dof,legacy_runner_defaults,-0.7562951013162765,0.0,0.0,0.0893225837337992,reduced_response_law,0.0,0
820.0,41188.20504566929,-18277.41718566246,12.138249224999958,152.4,5,6,right-turn,40596.44068076669,-19538.450247942543,0.0,152.4,-141.40161063507583,0.0,-6.000000000000001,0.0,2.145234829781838,-140.00451034742883,0.0,0.0,0.0,499.41832206810614,0.0,-37327.637680273045,14209.80201289175,0.4479304527900463,-6.974539204396726e-42,0.0,point_mass_3dof,legacy_runner_defaults,-0.7562951013162765,0.0,0.0,0.0893225837337992,reduced_response_law,0.0,0
822.0,40954.69927709583,-18473.320468031383,12.138249224999958,152.4,5,6,right-turn,40357.07464577442,-19727.145214757067,0.0,152.4,-142.10016077889932,0.0,-6.000000000000001,0.0,2.145234829781838,-140.70306049125233,0.0,0.0,0.0,499.41832206810614,0.0,-37327.637680273045,14209.80201289175,0.4479304527900463,-2.3248464014655755e-42,0.0,point_mass_3dof,legacy_runner_defaults,-0.7562951013162765,0.0,0.0,0.0893225837337992,reduced_response_law,0.0,0
824.0,40718.8224693768,-18666.362358770875,12.138249224999958,152.4,5,6,right-turn,40115.425888786434,-19912.90787907695,0.0,152.4,-142.79871092272282,0.0,-6.000000000000001,0.0,2.145234829781838,-141.40161063507583,0.0,0.0,0.0,499.41832206810614,0.0,-37327.637680273045,14209.80201289175,0.4479304527900463,-7.749488004885252e-43,0.0,point_mass_3dof,legacy_runner_defaults,-0.7562951013162765,0.0,0.0,0.0893225837337992,reduced_response_law,0.0,0
826.0,40480.60968395388,-18856.514163550783,12.138249224999958,152.4,5,6,right-turn,39871.53032920443,-20095.71062857825,0.0,152.4,-143.49726106654632,0.0,-6.000000000000001,0.0,2.145234829781838,-142.1001607788993,0.0,0.0,0.0,499.41832206810614,0.0,-37327.637680273045,14209.80201289175,0.4479304527900463,-2.5831626682950835e-43,0.0,point_mass_3dof,legacy_runner_defaults,-0.7562951013162765,0.0,0.0,0.0893225837337992,reduced_response_law,0.0,0
828.0,40240.096329495565,-19043.747617632063,12.138249224999958,152.4,5,6,right-turn,39625.4242204016,-20275.526290907725,0.0,152.4,-144.1958112103698,0.0,-6.000000000000001,0.0,2.145234829781838,-142.79871092272282,0.0,0.0,0.0,499.41832206810614,0.0,-37327.637680273045,14209.80201289175,0.4479304527900463,-8.610542227650278e-44,0.0,point_mass_3dof,legacy_runner_defaults,-0.7562951013162765,0.0,0.0,0.0893225837337992,reduced_response_law,0.0,0
830.0,39997.31815663386,-19228.03489006815,12.138249224999958,152.4,5,6,right-turn,39377.14414433388,-20452.328137721783,0.0,152.4,-144.89436135419334,0.0,-6.000000000000001,0.0,2.145234829781838,-143.49726106654632,0.0,0.0,0.0,499.41832206810614,0.0,-37327.637680273045,14209.80201289175,0.4479304527900463,-2.8701807425500927e-44,0.0,point_mass_3dof,legacy_runner_defaults,-0.7562951013162765,0.0,0.0,0.0893225837337992,reduced_response_law,0.0,0
832.0,39752.31125265024,-19409.34858784181,12.138249224999958,152.4,5,6,right-turn,39126.72700610225,-20626.089888659495,0.0,152.4,-145.5929114980168,0.0,-6.000000000000001,0.0,2.145234829781838,-144.1958112103698,0.0,0.0,0.0,499.41832206810614,0.0,-37327.637680273045,14209.80201289175,0.4479304527900463,-9.567269141833644e-45,0.0,point_mass_3dof,legacy_runner_defaults,-0.7562951013162765,0.0,0.0,0.0893225837337992,reduced_response_law,0.0,0
834.0,39505.11203611149,-19587.661759936946,12.138249224999958,152.4,5,6,right-turn,38874.21002846709,-20796.78571524896,0.0,152.4,-146.29146164184033,0.0,-6.000000000000001,0.0,2.145234829781838,-144.8943613541933,0.0,0.0,0.0,499.41832206810614,0.0,-37327.637680273045,14209.80201289175,0.4479304527900463,-3.189089713944548e-45,0.0,point_mass_3dof,legacy_runner_defaults,-0.7562951013162765,0.0,0.0,0.0893225837337992,reduced_response_law,0.0,0
836.0,39255.75725145639,-19762.947901344665,12.138249224999958,152.4,5,6,right-turn,38619.63074631525,-20964.39024474655,0.0,152.4,-146.99001178566382,0.0,-6.000000000000001,0.0,2.145234829781838,-145.5929114980168,0.0,0.0,0.0,499.41832206810614,0.0,-37327.637680273045,14209.80201289175,0.4479304527900463,-1.0630299046481826e-45,0.0,point_mass_3dof,legacy_runner_defaults,-0.7562951013162765,0.0,0.0,0.0893225837337992,reduced_response_law,0.0,0
838.0,39004.28396353385,-19935.180957003064,12.138249224999958,152.4,5,6,right-turn,38363.02700108074,-21128.87856390838,0.0,152.4,-147.68856192948732,0.0,-6.000000000000001,0.0,2.145234829781838,-146.29146164184033,0.0,0.0,0.0,499.41832206810614,0.0,-37327.637680273045,14209.80201289175,0.4479304527900463,-3.5434330154939426e-46,0.0,point_mass_3dof,legacy_runner_defaults,-0.7562951013162765,0.0,0.0,0.0893225837337992,reduced_response_law,0.0,0
840.0,38750.72955209354,-20104.335325670134,12.138249224999958,152.4,5,6,right-turn,38104.43693511992,-21290.226222693476,0.0,152.4,-148.38711207331082,0.0,-6.000000000000001,0.0,2.145234829781838,-146.9900117856638,0.0,0.0,0.0,499.41832206810614,0.0,-37327.637680273045,14209.80201289175,0.4479304527900463,-1.1811443384979806e-46,0.0,point_mass_3dof,legacy_runner_defaults,-0.7562951013162765,0.0,0.0,0.0893225837337992,reduced_response_law,0.0,0
842.0,38495.131706229586,-20270.38586372921,12.138249224999958,152.4,5,6,right-turn,37843.89898604182,-21448.40923789813,0.0,152.4,-149.0856622171343,0.0,-6.000000000000001,0.0,2.145234829781838,-147.68856192948732,0.0,0.0,0.0,499.41832206810614,0.0,-37327.637680273045,14209.80201289175,0.4479304527900463,-3.9371477949932685e-47,0.0,point_mass_3dof,legacy_runner_defaults,-0.7562951013162765,0.0,0.0,0.0893225837337992,reduced_response_law,0.0,0
844.0,38237.52841877841,-20433.307888926385,12.138249224999958,152.4,5,6,right-turn,37581.45188099474,-21603.404096720817,0.0,152.4,-149.7842123609578,0.0,-6.000000000000001,0.0,2.145234829781838,-148.38711207331082,0.0,0.0,0.0,499.41832206810614,0.0,-37327.637680273045,14209.80201289175,0.4479304527900463,-1.3123825983310898e-47,0.0,point_mass_3dof,legacy_runner_defaults,-0.7562951013162765,0.0,0.0,0.0893225837337992,reduced_response_law,0.0,0
846.0,37977.95798067134,-20593.077184039368,12.138249224999958,152.4,5,6,right-turn,37317.134630909684,-21755.18776025721,0.0,152.4,-150.4827625047813,0.0,-6.000000000000001,0.0,2.145234829781838,-149.0856622171343,0.0,0.0,0.0,499.41832206810614,0.0,-37327.637680273045,14209.80201289175,0.4479304527900463,-4.374608661103633e-48,0.0,point_mass_3dof,legacy_runner_defaults,-0.7562951013162765,0.0,0.0,0.0893225837337992,reduced_response_law,0.0,0
848.0,37716.45897524288,-20749.67000047719,12.138249224999958,152.4,5,6,right-turn,37050.98652470167,-21903.737666924768,0.0,152.4,-151.18131264860483,0.0,-6.000000000000001,0.0,2.145234829781838,-149.7842123609578,0.0,0.0,0.0,499.41832206810614,0.0,-37327.637680273045,14209.80201289175,0.4479304527900463,-1.458202887034544e-48,0.0,point_mass_3dof,legacy_runner_defaults,-0.7562951013162765,0.0,0.0,0.0893225837337992,reduced_response_law,0.0,0
850.0,37453.07027249566,-20903.063061810277,12.138249224999958,152.4,5,6,right-turn,36783.04712342968,-22049.031735816327,0.0,152.4,-151.8798627924283,0.0,-6.000000000000001,0.0,2.145234829781838,-150.4827625047813,0.0,0.0,0.0,499.41832206810614,0.0,-37327.637680273045,14209.80201289175,0.4479304527900463,-4.8606762901151465e-49,0.0,point_mass_3dof,legacy_runner_defaults,-0.7562951013162765,0.0,0.0,0.0893225837337992,reduced_response_law,0.0,0
852.0,37187.8310233226,-21053.233567230327,12.138249224999958,152.4,5,6,right-turn,36513.35625441624,-22191.04836998231,0.0,152.4,-152.57841293625182,0.0,-6.000000000000001,0.0,2.145234829781838,-151.18131264860483,0.0,0.0,0.0,499.41832206810614,0.0,-37327.637680273045,14209.80201289175,0.4479304527900463,-1.6202254300383822e-49,0.0,point_mass_3dof,legacy_runner_defaults,-0.7562951013162765,0.0,0.0,0.0893225837337992,reduced_response_law,0.0,0
854.0,36920.780653687456,-21200.15919493949,12.138249224999958,152.4,5,6,right-turn,36241.95400532732,-22329.766459640927,0.0,152.4,-153.27696308007532,0.0,-6.000000000000001,0.0,2.145234829781838,-151.8798627924283,0.0,0.0,0.0,499.41832206810614,0.0,-37327.637680273045,14209.80201289175,0.4479304527900463,-5.400751433461273e-50,0.0,point_mass_3dof,legacy_runner_defaults,-0.7562951013162765,0.0,0.0,0.0893225837337992,reduced_response_law,0.0,0
856.0,36651.95885876438,-21343.818105468345,12.138249224999958,152.4,5,6,right-turn,35968.88071821362,-22465.165385316028,0.0,152.4,-153.97551322389882,0.0,-6.000000000000001,0.0,2.145234829781838,-152.57841293625182,0.0,0.0,0.0,499.41832206810614,0.0,-37327.637680273045,14209.80201289175,0.4479304527900463,-1.8002504778204244e-50,0.0,point_mass_3dof,legacy_runner_defaults,-0.7562951013162765,0.0,0.0,0.0893225837337992,reduced_response_law,0.0,0
858.0,36381.405597037556,-21484.18894492219,12.138249224999958,152.4,5,6,right-turn,35694.17698351395,-22597.225020902028,0.0,152.4,-154.67406336772234,0.0,-6.000000000000001,0.0,2.145234829781838,-153.27696308007532,0.0,0.0,0.0,499.41832206810614,0.0,-37327.637680273045,14209.80201289175,0.4479304527900463,-6.00083492606808e-51,0.0,point_mass_3dof,legacy_runner_defaults,-0.7562951013162765,0.0,0.0,0.0893225837337992,reduced_response_law,0.0,0
860.0,36109.161084361614,-21621.25084815514,12.138249224999958,152.4,5,6,right-turn,35417.88363402178,-22725.925736655507,0.0,152.4,-155.3726135115458,0.0,-6.000000000000001,0.0,2.145234829781838,-153.97551322389882,0.0,0.0,0.0,499.41832206810614,0.0,-37327.637680273045,14209.80201289175,0.4479304527900463,-2.0002783086893604e-51,0.0,point_mass_3dof,legacy_runner_defaults,-0.7562951013162765,0.0,0.0,0.0893225837337992,reduced_response_law,0.0,0
862.0,35835.265787983844,-21754.983441871602,12.138249224999958,152.4,5,6,right-turn,35140.041738815766,-22851.24840211305,0.0,152.4,-156.07116365536933,0.0,-6.000000000000001,0.0,2.145234829781838,-154.6740633677223,0.0,0.0,0.0,499.41832206810614,0.0,-37327.637680273045,14209.80201289175,0.4479304527900463,-6.6675943622978664e-52,0.0,point_mass_3dof,legacy_runner_defaults,-0.7562951013162765,0.0,0.0,0.0893225837337992,reduced_response_law,0.0,0
864.0,35559.760420529004,-21885.366847654604,12.138249224999958,152.4,5,6,right-turn,34860.69259715503,-22973.174388934847,0.0,152.4,-156.7697137991928,0.0,-6.000000000000001,0.0,2.145234829781838,-155.3726135115458,0.0,0.0,0.0,499.41832206810614,0.0,-37327.637680273045,14209.80201289175,0.4479304527900463,-2.2225314540992886e-52,0.0,point_mass_3dof,legacy_runner_defaults,-0.7562951013162765,0.0,0.0,0.0893225837337992,reduced_response_law,0.0,0
866.0,35282.6859339477,-22012.381684920598,12.138249224999958,152.4,5,6,right-turn,34579.8777323404,-23091.685573673665,0.0,152.4,-157.46826394301632,0.0,-6.000000000000001,0.0,2.145234829781838,-156.07116365536933,0.0,0.0,0.0,499.41832206810614,0.0,-37327.637680273045,14209.80201289175,0.4479304527900463,-7.408438180330962e-53,0.0,point_mass_3dof,legacy_runner_defaults,-0.7562951013162765,0.0,0.0,0.0893225837337992,reduced_response_law,0.0,0
868.0,35004.08351342914,-22136.00907380024,12.138249224999958,152.4,5,6,right-turn,34297.63888554221,-23206.76434046878,0.0,152.4,-158.16681408683982,0.0,-6.000000000000001,0.0,2.145234829781838,-156.7697137991928,0.0,0.0,0.0,499.41832206810614,0.0,-37327.637680273045,14209.80201289175,0.4479304527900463,-2.469479393443654e-53,0.0,point_mass_3dof,legacy_runner_defaults,-0.7562951013162765,0.0,0.0,0.0893225837337992,reduced_response_law,0.0,0
870.0,34723.99457127925,-22256.230637944755,12.138249224999958,152.4,5,6,right-turn,34014.018009595784,-23318.39358366444,0.0,152.4,-158.86536423066332,0.0,-6.000000000000001,0.0,2.145234829781838,-157.4682639430163,0.0,0.0,0.0,499.41832206810614,0.0,-37327.637680273045,14209.80201289175,0.4479304527900463,-8.231597978145514e-54,0.0,point_mass_3dof,legacy_runner_defaults,-0.7562951013162765,0.0,0.0,0.0893225837337992,reduced_response_law,0.0,0
872.0,34442.46074076502,-22373.028507257448,12.138249224999958,152.4,5,6,right-turn,33729.05726276542,-23426.55671035251,0.0,152.4,-159.56391437448684,0.0,-6.000000000000001,0.0,2.145234829781838,-158.16681408683982,0.0,0.0,0.0,499.41832206810614,0.0,-37327.637680273045,14209.80201289175,0.4479304527900463,-2.7438659927151717e-54,0.0,point_mass_3dof,legacy_runner_defaults,-0.7562951013162765,0.0,0.0,0.0893225837337992,reduced_response_law,0.0,0
874.0,34159.52386992602,-22486.38532054998,12.138249224999958,152.4,5,6,right-turn,33442.7990024779,-23531.237642838896,0.0,152.4,-160.2624645183103,0.0,-6.000000000000001,0.0,2.145234829781838,-158.86536423066332,0.0,0.0,0.0,499.41832206810614,0.0,-37327.637680273045,14209.80201289175,0.4479304527900463,-9.146219975717239e-55,0.0,point_mass_3dof,legacy_runner_defaults,-0.7562951013162765,0.0,0.0,0.0893225837337992,reduced_response_law,0.0,0
876.0,33875.22601535398,-22596.28422812297,12.138249224999958,152.4,5,6,right-turn,33155.28577902631,-23632.420821033364,0.0,152.4,-160.9610146621338,0.0,-6.000000000000001,0.0,2.145234829781838,-159.5639143744868,0.0,0.0,0.0,499.41832206810614,0.0,-37327.637680273045,14209.80201289175,0.4479304527900463,-3.048739991905746e-55,0.0,point_mass_3dof,legacy_runner_defaults,-0.7562951013162765,0.0,0.0,0.0893225837337992,reduced_response_law,0.0,0
878.0,33589.60943594136,-22702.708894270607,12.138249224999958,152.4,5,6,right-turn,32866.560329245265,-23730.09120476246,0.0,152.4,-161.6595648059573,0.0,-6.000000000000001,0.0,2.145234829781838,-160.26246451831028,0.0,0.0,0.0,499.41832206810614,0.0,-37327.637680273045,14209.80201289175,0.4479304527900463,-1.016246663968582e-55,0.0,point_mass_3dof,legacy_runner_defaults,-0.7562951013162765,0.0,0.0,0.0893225837337992,reduced_response_law,0.0,0
880.0,33302.71658659987,-22805.643499708818,12.138249224999958,152.4,5,6,right-turn,32576.66557015836,-23824.234276005114,0.0,152.4,-162.35811494978083,0.0,-6.000000000000001,0.0,2.145234829781838,-160.9610146621338,0.0,0.0,0.0,499.41832206810614,0.0,-37327.637680273045,14209.80201289175,0.4479304527900463,-3.3874888798952735e-56,0.0,point_mass_3dof,legacy_runner_defaults,-0.7562951013162765,0.0,0.0,0.0893225837337992,reduced_response_law,0.0,0
882.0,33014.59011194983,-22905.072743926707,12.138249224999958,152.4,5,6,right-turn,32285.64459259885,-23914.83604105065,0.0,152.4,-163.05666509360432,0.0,-6.000000000000001,0.0,2.145234829781838,-161.6595648059573,0.0,0.0,0.0,499.41832206810614,0.0,-37327.637680273045,14209.80201289175,0.4479304527900463,-1.1291629599650912e-56,0.0,point_mass_3dof,legacy_runner_defaults,-0.7562951013162765,0.0,0.0,0.0893225837337992,reduced_response_law,0.0,0
884.0,32725.272839981368,-23000.981847460866,12.138249224999958,152.4,5,6,right-turn,31993.540654804532,-24001.883032578844,0.0,152.4,-163.75521523742782,0.0,-6.000000000000001,0.0,2.145234829781838,-162.3581149497808,0.0,0.0,0.0,499.41832206810614,0.0,-37327.637680273045,14209.80201289175,0.4479304527900463,-3.763876533216971e-57,0.0,point_mass_3dof,legacy_runner_defaults,-0.7562951013162765,0.0,0.0,0.0893225837337992,reduced_response_law,0.0,0
886.0,32434.807775688314,-23093.356554092235,12.138249224999958,152.4,5,6,right-turn,31700.39717598767,-24085.362311661753,0.0,152.4,-164.45376538125132,0.0,-6.000000000000001,0.0,2.145234829781838,-163.05666509360432,0.0,0.0,0.0,499.41832206810614,0.0,-37327.637680273045,14209.80201289175,0.4479304527900463,-1.2546255110723234e-57,0.0,point_mass_3dof,legacy_runner_defaults,-0.7562951013162765,0.0,0.0,0.0893225837337992,reduced_response_law,0.0,0
888.0,32143.238094675824,-23182.1831329652,12.138249224999958,152.4,5,6,right-turn,31406.25772988104,-24165.261469687008,0.0,152.4,-165.1523155250748,0.0,-6.000000000000001,0.0,2.145234829781838,-163.75521523742782,0.0,0.0,0.0,499.41832206810614,0.0,-37327.637680273045,14209.80201289175,0.4479304527900463,-4.182085036907745e-58,0.0,point_mass_3dof,legacy_runner_defaults,-0.7562951013162765,0.0,0.0,0.0893225837337992,reduced_response_law,0.0,0
890.0,31850.607136742623,-23267.44838062858,12.138249224999958,152.4,5,6,right-turn,31111.166038261035,-24241.568630202233,0.0,152.4,-165.8508656688983,0.0,-6.000000000000001,0.0,2.145234829781838,-164.45376538125132,0.0,0.0,0.0,499.41832206810614,0.0,-37327.637680273045,14209.80201289175,0.4479304527900463,-1.3940283456359148e-58,0.0,point_mass_3dof,legacy_runner_defaults,-0.7562951013162765,0.0,0.0,0.0893225837337992,reduced_response_law,0.0,0
892.0,31556.95839943884,-23349.13962299822,12.138249224999958,152.4,5,6,right-turn,30815.16596444866,-24314.27245068044,0.0,152.4,-166.5494158127218,0.0,-6.000000000000001,0.0,2.145234829781838,-165.15231552507478,0.0,0.0,0.0,499.41832206810614,0.0,-37327.637680273045,14209.80201289175,0.4479304527900463,-4.646761152119716e-59,0.0,point_mass_3dof,legacy_runner_defaults,-0.7562951013162765,0.0,0.0,0.0893225837337992,reduced_response_law,0.0,0
894.0,31262.335531600416,-23427.24471724093,12.138249224999958,152.4,5,6,right-turn,30518.301506789634,-24383.36212420599,0.0,152.4,-167.2479659565453,0.0,-6.000000000000001,0.0,2.145234829781838,-165.8508656688983,0.0,0.0,0.0,499.41832206810614,0.0,-37327.637680273045,14209.80201289175,0.4479304527900463,-1.5489203840399053e-59,0.0,point_mass_3dof,legacy_runner_defaults,-0.7562951013162765,0.0,0.0,0.0893225837337992,reduced_response_law,0.0,0
896.0,30966.78232686099,-23501.75205357941,12.138249224999958,152.4,5,6,right-turn,30220.61679211427,-24448.827381080966,0.0,152.4,-167.94651610036883,0.0,-6.000000000000001,0.0,2.145234829781838,-166.5494158127218,0.0,0.0,0.0,499.41832206810614,0.0,-37327.637680273045,14209.80201289175,0.4479304527900463,-5.163067946799685e-60,0.0,point_mass_3dof,legacy_runner_defaults,-0.7562951013162765,0.0,0.0,0.0893225837337992,reduced_response_law,0.0,0
898.0,30670.342717142295,-23572.65055701797,12.138249224999958,152.4,5,6,right-turn,29922.156069178396,-24510.658490351707,0.0,152.4,-168.64506624419232,0.0,-6.000000000000001,0.0,2.145234829781838,-167.2479659565453,0.0,0.0,0.0,499.41832206810614,0.0,-37327.637680273045,14209.80201289175,0.4479304527900463,-1.7210226489332281e-60,0.0,point_mass_3dof,legacy_runner_defaults,-0.7562951013162765,0.0,0.0,0.0893225837337992,reduced_response_law,0.0,0
900.0,30373.060766123977,-23639.92968898875,12.138249224999958,152.4,5,6,right-turn,29622.963702086032,-24568.84626125523,0.0,152.4,-169.34361638801582,0.0,-6.000000000000001,0.0,2.145234829781838,-167.94651610036883,0.0,0.0,0.0,499.41832206810614,0.0,-37327.637680273045,14209.80201289175,0.4479304527900463,-5.7367421631107605e-61,0.0,point_mass_3dof,legacy_runner_defaults,-0.7562951013162765,0.0,0.0,0.0893225837337992,reduced_response_law,0.0,0
902.0,30074.980662693837,-23703.579448918204,12.138249224999958,152.4,5,6,right-turn,29323.084163694984,-24623.382044585378,0.0,152.4,-170.0421665318393,0.0,-6.000000000000001,0.0,2.145234829781838,-168.64506624419232,0.0,0.0,0.0,499.41832206810614,0.0,-37327.637680273045,14209.80201289175,0.4479304527900463,-1.912247387703587e-61,0.0,point_mass_3dof,legacy_runner_defaults,-0.7562951013162765,0.0,0.0,0.0893225837337992,reduced_response_law,0.0,0
904.0,29776.14671437947,-23763.590375713626,12.138249224999958,152.4,5,6,right-turn,29022.56202900632,-24674.257733978473,0.0,152.4,-170.7407166756628,0.0,-6.000000000000001,0.0,2.145234829781838,-169.34361638801582,0.0,0.0,0.0,499.41832206810614,0.0,-37327.637680273045,14209.80201289175,0.4479304527900463,-6.374157959011956e-62,0.0,point_mass_3dof,legacy_runner_defaults,-0.7562951013162765,0.0,0.0,0.0893225837337992,reduced_response_law,0.0,0
906.0,29476.603340762245,-23819.95354916946,12.138249224999958,152.4,5,6,right-turn,28721.44196853852,-24721.46576711826,0.0,152.4,-171.43926681948633,0.0,-6.000000000000001,0.0,2.145234829781838,-170.04216653183929,0.0,0.0,0.0,499.41832206810614,0.0,-37327.637680273045,14209.80201289175,0.4479304527900463,-2.1247193196706516e-62,0.0,point_mass_3dof,legacy_runner_defaults,-0.7562951013162765,0.0,0.0,0.0893225837337992,reduced_response_law,0.0,0
908.0,29176.395066874662,-23872.66059129323,12.138249224999958,152.4,5,6,right-turn,28419.768741687585,-24764.99912686,0.0,152.4,-172.13781696330983,0.0,-6.000000000000001,0.0,2.145234829781838,-170.7407166756628,0.0,0.0,0.0,499.41832206810614,0.0,-37327.637680273045,14209.80201289175,0.4479304527900463,-7.082397732235505e-63,0.0,point_mass_3dof,legacy_runner_defaults,-0.7562951013162765,0.0,0.0,0.0893225837337992,reduced_response_law,0.0,0
910.0,28875.566516581996,-23921.70366755087,12.138249224999958,152.4,5,6,right-turn,28117.587190073846,-24804.8513422735,0.0,152.4,-172.83636710713333,0.0,-6.000000000000001,0.0,2.145234829781838,-171.43926681948633,0.0,0.0,0.0,499.41832206810614,0.0,-37327.637680273045,14209.80201289175,0.4479304527900463,-2.3607992440785024e-63,0.0,point_mass_3dof,legacy_runner_defaults,-0.7562951013162765,0.0,0.0,0.0893225837337992,reduced_response_law,0.0,0
912.0,28574.16240594929,-23967.075488031292,12.138249224999958,152.4,5,6,right-turn,27814.942230876528,-24841.01648960501,0.0,152.4,-173.5349172509568,0.0,-6.000000000000001,0.0,2.145234829781838,-172.1378169633098,0.0,0.0,0.0,499.41832206810614,0.0,-37327.637680273045,14209.80201289175,0.4479304527900463,-7.869330813595007e-64,0.0,point_mass_3dof,legacy_runner_defaults,-0.7562951013162765,0.0,0.0,0.0893225837337992,reduced_response_law,0.0,0
914.0,28272.22753659461,-24008.769308529947,12.138249224999958,152.4,5,6,right-turn,27511.878850157183,-24873.489193157704,0.0,152.4,-174.23346739478032,0.0,-6.000000000000001,0.0,2.145234829781838,-172.8363671071333,0.0,0.0,0.0,499.41832206810614,0.0,-37327.637680273045,14209.80201289175,0.4479304527900463,-2.623110271198336e-64,0.0,point_mass_3dof,legacy_runner_defaults,-0.7562951013162765,0.0,0.0,0.0893225837337992,reduced_response_law,0.0,0
916.0,27969.80678902961,-24046.77893155133,12.138249224999958,152.4,5,6,right-turn,27208.442096172817,-24902.26462609077,0.0,152.4,-174.9320175386038,0.0,-6.000000000000001,0.0,2.145234829781838,-173.5349172509568,0.0,0.0,0.0,499.41832206810614,0.0,-37327.637680273045,14209.80201289175,0.4479304527900463,-8.743700903994452e-65,0.0,point_mass_3dof,legacy_runner_defaults,-0.7562951013162765,0.0,0.0,0.0893225837337992,reduced_response_law,0.0,0
918.0,27666.945115988347,-24081.098707230176,12.138249224999958,152.4,5,6,right-turn,26904.677072679733,-24927.338511136888,0.0,152.4,-175.6305676824273,0.0,-6.000000000000001,0.0,2.145234829781838,-174.23346739478032,0.0,0.0,0.0,499.41832206810614,0.0,-37327.637680273045,14209.80201289175,0.4479304527900463,-2.9145669679981504e-65,0.0,point_mass_3dof,legacy_runner_defaults,-0.7562951013162765,0.0,0.0,0.0893225837337992,reduced_response_law,0.0,0
920.0,27363.68753574537,-24111.72353417129,12.138249224999958,152.4,5,6,right-turn,26600.628932229243,-24948.707121237978,0.0,152.4,-176.3291178262508,0.0,-6.000000000000001,0.0,2.145234829781838,-174.9320175386038,0.0,0.0,0.0,499.41832206810614,0.0,-37327.637680273045,14209.80201289175,0.4479304527900463,-9.715223226660505e-66,0.0,point_mass_3dof,legacy_runner_defaults,-0.7562951013162765,0.0,0.0,0.0893225837337992,reduced_response_law,0.0,0
922.0,27060.07912542407,-24138.64886020783,12.138249224999958,152.4,5,6,right-turn,26296.34286945598,-24966.367280099254,0.0,152.4,-177.0276679700743,0.0,-6.000000000000001,0.0,2.145234829781838,-175.63056768242728,0.0,0.0,0.0,499.41832206810614,0.0,-37327.637680273045,14209.80201289175,0.4479304527900463,-3.2384077422201683e-66,0.0,point_mass_3dof,legacy_runner_defaults,-0.7562951013162765,0.0,0.0,0.0893225837337992,reduced_response_law,0.0,0
924.0,26756.165014296286,-24161.870683077945,12.138249224999958,152.4,5,6,right-turn,25991.864114360113,-24980.316362661313,0.0,152.4,-177.7262181138978,0.0,-6.000000000000001,0.0,2.145234829781838,-176.3291178262508,0.0,0.0,0.0,499.41832206810614,0.0,-37327.637680273045,14209.80201289175,0.4479304527900463,-1.0794692474067229e-66,0.0,point_mass_3dof,legacy_runner_defaults,-0.7562951013162765,0.0,0.0,0.0893225837337992,reduced_response_law,0.0,0
926.0,26451.99037707415,-24181.385551019684,12.138249224999958,152.4,5,6,right-turn,25687.237925584133,-24990.552295490368,0.0,152.4,-178.4247682577213,0.0,-6.000000000000001,0.0,2.145234829781838,-177.0276679700743,0.0,0.0,0.0,499.41832206810614,0.0,-37327.637680273045,14209.80201289175,0.4479304527900463,-3.598230824689075e-67,0.0,point_mass_3dof,legacy_runner_defaults,-0.7562951013162765,0.0,0.0,0.0893225837337992,reduced_response_law,0.0,0
928.0,26147.600427195182,-24197.190563284094,12.138249224999958,152.4,5,6,right-turn,25382.509583685565,-24997.07355708641,0.0,152.4,-179.12331840154482,0.0,-6.000000000000001,0.0,2.145234829781838,-177.7262181138978,0.0,0.0,0.0,499.41832206810614,0.0,-37327.637680273045,14209.80201289175,0.4479304527900463,-1.1994102748963585e-67,0.0,point_mass_3dof,legacy_runner_defaults,-0.7562951013162765,0.0,0.0,0.0893225837337992,reduced_response_law,0.0,0
930.0,25843.040410101617,-24209.283370566372,12.138249224999958,152.4,5,6,right-turn,25077.724384406247,-24999.879178109415,0.0,152.4,-179.82186854536832,0.0,-6.000000000000001,0.0,2.145234829781838,-178.4247682577213,0.0,0.0,0.0,499.41832206810614,0.0,-37327.637680273045,14209.80201289175,0.4479304527900463,-3.998034249654528e-68,0.0,point_mass_3dof,legacy_runner_defaults,-0.7562951013162765,0.0,0.0,0.0893225837337992,reduced_response_law,0.0,0
932.0,25538.355596514997,-24217.662175355093,12.138249224999958,152.4,5,6,right-turn,24772.927631939496,-24998.968741523386,0.0,152.4,179.47958131080821,0.0,-6.000000000000001,0.0,2.145234829781838,-179.12331840154482,0.0,0.0,0.0,499.41832206810614,0.0,-37327.637680273045,14209.80201289175,0.4479304527900463,-1.332678083218176e-68,0.0,point_mass_3dof,legacy_runner_defaults,-0.7562951013162765,0.0,0.0,0.0893225837337992,reduced_response_law,0.0,0
934.0,25233.591275707,-24222.325732199388,12.138249224999958,152.4,5,6,right-turn,24468.16463219591,-24994.342382658375,0.0,152.4,178.78103116698472,0.0,-6.000000000000001,0.0,2.145234829781838,-179.82186854536832,0.0,0.0,0.0,499.41832206810614,0.0,-37327.637680273045,14209.80201289175,0.4479304527900463,-4.442260277393919e-69,0.0,point_mass_3dof,legacy_runner_defaults,-0.7562951013162765,0.0,0.0,0.0893225837337992,reduced_response_law,0.0,0
936.0,24928.79274876749,-24223.273347894068,12.138249224999958,152.4,5,6,right-turn,24163.480686068993,-24986.00078919034,0.0,152.4,178.0824810231612,0.0,-6.000000000000001,0.0,2.145234829781838,179.47958131080821,0.0,0.0,0.0,499.41832206810614,0.0,-37327.637680273045,14209.80201289175,0.4479304527900463,-1.4807534257979732e-69,0.0,point_mass_3dof,legacy_runner_defaults,-0.7562951013162765,0.0,0.0,0.0893225837337992,reduced_response_law,0.0,0
938.0,24624.005321870838,-24220.504881582674,12.138249224999958,152.4,5,6,right-turn,23858.92108270147,-24973.945201038958,0.0,152.4,177.3839308793377,0.0,-6.000000000000001,0.0,2.145234829781838,178.78103116698472,0.0,0.0,0.0,499.41832206810614,0.0,-37327.637680273045,14209.80201289175,0.4479304527900463,-4.9358447526599106e-70,0.0,point_mass_3dof,legacy_runner_defaults,-0.7562951013162765,0.0,0.0,0.0893225837337992,reduced_response_law,0.0,0
940.0,24319.274299541466,-24214.020744778405,12.138249224999958,152.4,5,6,right-turn,23554.5310927534,-24958.17741018329,0.0,152.4,176.6853807355142,0.0,-6.000000000000001,0.0,2.145234829781838,178.0824810231612,0.0,0.0,0.0,499.41832206810614,0.0,-37327.637680273045,14209.80201289175,0.4479304527900463,-1.64528158421997e-70,0.0,point_mass_3dof,legacy_runner_defaults,-0.7562951013162765,0.0,0.0,0.0893225837337992,reduced_response_law,0.0,0
942.0,24014.64497791966,-24203.82190130296,12.138249224999958,152.4,5,6,right-turn,23250.355961672965,-24938.699760395422,0.0,152.4,175.98683059169068,0.0,-6.000000000000001,0.0,2.145234829781838,177.3839308793377,0.0,0.0,0.0,499.41832206810614,0.0,-37327.637680273045,14209.80201289175,0.4479304527900463,-5.484271947399902e-71,0.0,point_mass_3dof,legacy_runner_defaults,-0.7562951013162765,0.0,0.0,0.0893225837337992,reduced_response_law,0.0,0
944.0,23710.162638028592,-24189.909867143255,12.138249224999958,152.4,5,6,right-turn,22946.440902971106,-24915.515146892103,0.0,152.4,175.28828044786724,0.0,-6.000000000000001,0.0,2.145234829781838,176.6853807355142,0.0,0.0,0.0,499.41832206810614,0.0,-37327.637680273045,14209.80201289175,0.4479304527900463,-1.8280906491333002e-71,0.0,point_mass_3dof,legacy_runner_defaults,-0.7562951013162765,0.0,0.0,0.0893225837337992,reduced_response_law,0.0,0
946.0,23405.872539043638,-24172.286710226104,12.138249224999958,152.4,5,6,right-turn,22642.831091500782,-24888.627015904367,0.0,152.4,174.5897303040437,0.0,-6.000000000000001,0.0,2.145234829781838,175.98683059169073,0.0,0.0,0.0,499.41832206810614,0.0,-37327.637680273045,14209.80201289175,0.4479304527900463,-6.093635497111001e-72,0.0,point_mass_3dof,legacy_runner_defaults,-0.7562951013162765,0.0,0.0,0.0893225837337992,reduced_response_law,0.0,0
948.0,23101.819911564897,-24150.95505011082,12.138249224999958,152.4,5,6,right-turn,22339.57165674212,-24858.03936416527,0.0,152.4,173.89118016022016,0.0,-6.000000000000001,0.0,2.145234829781838,175.28828044786724,0.0,0.0,0.0,499.41832206810614,0.0,-37327.637680273045,14209.80201289175,0.4479304527900463,-2.031211832370334e-72,0.0,point_mass_3dof,legacy_runner_defaults,-0.7562951013162765,0.0,0.0,0.0893225837337992,reduced_response_law,0.0,0
950.0,22798.049950893987,-24125.918057599843,12.138249224999958,152.4,5,6,right-turn,22036.707676094164,-24823.756738315835,0.0,152.4,173.19263001639675,0.0,-6.000000000000001,0.0,2.145234829781838,174.5897303040437,0.0,0.0,0.0,499.41832206810614,0.0,-37327.637680273045,14209.80201289175,0.4479304527900463,-6.770706107901114e-73,0.0,point_mass_3dof,legacy_runner_defaults,-0.7562951013162765,0.0,0.0,0.0893225837337992,reduced_response_law,0.0,0
952.0,22494.60781031608,-24097.17945426742,12.138249224999958,152.4,5,6,right-turn,21734.284168174483,-24785.784234229188,0.0,152.4,172.4940798725732,0.0,-6.000000000000001,0.0,2.145234829781838,173.89118016022022,0.0,0.0,0.0,499.41832206810614,0.0,-37327.637680273045,14209.80201289175,0.4479304527900463,-2.2569020359670377e-73,0.0,point_mass_3dof,legacy_runner_defaults,-0.7562951013162765,0.0,0.0,0.0893225837337992,reduced_response_law,0.0,0
954.0,22191.538594388177,-24064.74351190642,12.138249224999958,152.4,5,6,right-turn,21432.346086127436,-24744.12749625312,0.0,152.4,171.7955297287497,0.0,-6.000000000000001,0.0,2.145234829781838,173.19263001639675,0.0,0.0,0.0,499.41832206810614,0.0,-37327.637680273045,14209.80201289175,0.4479304527900463,-7.523006786556791e-74,0.0,point_mass_3dof,legacy_runner_defaults,-0.7562951013162765,0.0,0.0,0.0893225837337992,reduced_response_law,0.0,0
956.0,21888.88735223463,-24028.61505189336,12.138249224999958,152.4,5,6,right-turn,21130.938310942216,-24698.792716371085,0.0,152.4,171.09697958492623,0.0,-6.000000000000001,0.0,2.145234829781838,172.4940798725732,0.0,0.0,0.0,499.41832206810614,0.0,-37327.637680273045,14209.80201289175,0.4479304527900463,-2.5076689288522635e-74,0.0,point_mass_3dof,legacy_runner_defaults,-0.7562951013162765,0.0,0.0,0.0893225837337992,reduced_response_law,0.0,0
958.0,21586.699070850907,-23988.799444471744,12.138249224999958,152.4,5,6,right-turn,20830.1056447816,-24649.786633281794,0.0,152.4,170.39842944110268,0.0,-6.000000000000001,0.0,2.145234829781838,171.7955297287497,0.0,0.0,0.0,499.41832206810614,0.0,-37327.637680273045,14209.80201289175,0.4479304527900463,-8.358896429507547e-75,0.0,point_mass_3dof,legacy_runner_defaults,-0.7562951013162765,0.0,0.0,0.0893225837337992,reduced_response_law,0.0,0
960.0,21285.01866841659,-23945.30260795381,12.138249224999958,152.4,5,6,right-turn,20529.892804322437,-24597.11653139757,0.0,152.4,169.6998792972792,0.0,-6.000000000000001,0.0,2.145234829781838,171.09697958492623,0.0,0.0,0.0,499.41832206810614,0.0,-37327.637680273045,14209.80201289175,0.4479304527900463,-2.7862988098358494e-75,0.0,point_mass_3dof,legacy_runner_defaults,-0.7562951013162765,0.0,0.0,0.0893225837337992,reduced_response_law,0.0,0
962.0,20983.890987618593,-23898.131007840817,12.138249224999958,152.4,5,6,right-turn,20230.344414108775,-24540.79023976157,0.0,152.4,169.0013291534557,0.0,-6.000000000000001,0.0,2.145234829781838,170.39842944110268,0.0,0.0,0.0,499.41832206810614,0.0,-37327.637680273045,14209.80201289175,0.4479304527900463,-9.28766269945283e-76,0.0,point_mass_3dof,legacy_runner_defaults,-0.7562951013162765,0.0,0.0,0.0893225837337992,reduced_response_law,0.0,0
964.0,20683.36078898562,-23847.291655861995,12.138249224999958,152.4,5,6,right-turn,19931.504999918816,-24480.816130884035,0.0,152.4,168.3027790096322,0.0,-6.000000000000001,0.0,2.145234829781838,169.6998792972792,0.0,0.0,0.0,499.41832206810614,0.0,-37327.637680273045,14209.80201289175,0.4479304527900463,-3.095887566484277e-76,0.0,point_mass_3dof,legacy_runner_defaults,-0.7562951013162765,0.0,0.0,0.0893225837337992,reduced_response_law,0.0,0
966.0,20383.472744234823,-23792.792108932295,12.138249224999958,152.4,5,6,right-turn,19633.418982146373,-24417.203119497797,0.0,152.4,167.6042288658087,0.0,-6.000000000000001,0.0,2.145234829781838,169.0013291534557,0.0,0.0,0.0,499.41832206810614,0.0,-37327.637680273045,14209.80201289175,0.4479304527900463,-1.0319625221614258e-76,0.0,point_mass_3dof,legacy_runner_defaults,-0.7562951013162765,0.0,0.0,0.0893225837337992,reduced_response_law,0.0,0
968.0,20084.27142963165,-23734.64046802911,12.138249224999958,152.4,5,6,right-turn,19336.130669198177,-24349.960661233163,0.0,152.4,166.9056787219852,0.0,-6.000000000000001,0.0,2.145234829781838,168.3027790096322,0.0,0.0,0.0,499.41832206810614,0.0,-37327.637680273045,14209.80201289175,0.4479304527900463,-3.4398750738714196e-77,0.0,point_mass_3dof,legacy_runner_defaults,-0.7562951013162765,0.0,0.0,0.0893225837337992,reduced_response_law,0.0,0
970.0,19785.801319363913,-23672.84537698812,12.138249224999958,152.4,5,6,right-turn,19039.684250907685,-24279.098751212372,0.0,152.4,166.20712857816167,0.0,-6.000000000000001,0.0,2.145234829781838,167.6042288658087,0.0,0.0,0.0,499.41832206810614,0.0,-37327.637680273045,14209.80201289175,0.4479304527900463,-1.1466250246238065e-77,0.0,point_mass_3dof,legacy_runner_defaults,-0.7562951013162765,0.0,0.0,0.0893225837337992,reduced_response_law,0.0,0
972.0,19488.106778930996,-23607.416021218447,12.138249224999958,152.4,5,6,right-turn,18744.123791966587,-24204.62792256393,0.0,152.4,165.50857843433823,0.0,-6.000000000000001,0.0,2.145234829781838,166.9056787219852,0.0,0.0,0.0,499.41832206810614,0.0,-37327.637680273045,14209.80201289175,0.4479304527900463,-3.8220834154126886e-78,0.0,point_mass_3dof,legacy_runner_defaults,-0.7562951013162765,0.0,0.0,0.0893225837337992,reduced_response_law,0.0,0
974.0,19191.23205854924,-23538.36212633731,12.138249224999958,152.4,5,6,right-turn,18449.493225374914,-24126.55924485692,0.0,152.4,164.8100282905147,0.0,-6.000000000000001,0.0,2.145234829781838,166.20712857816173,0.0,0.0,0.0,499.41832206810614,0.0,-37327.637680273045,14209.80201289175,0.4479304527900463,-1.2740278051375629e-78,0.0,point_mass_3dof,legacy_runner_defaults,-0.7562951013162765,0.0,0.0,0.0893225837337992,reduced_response_law,0.0,0
976.0,18895.22128657446,-23465.693956724375,12.138249224999958,152.4,5,6,right-turn,18155.83634591065,-24044.904322455564,0.0,152.4,164.1114781466912,0.0,-6.000000000000001,0.0,2.145234829781838,165.50857843433823,0.0,0.0,0.0,499.41832206810614,0.0,-37327.637680273045,14209.80201289175,0.4479304527900463,-4.246759350458543e-79,0.0,point_mass_3dof,legacy_runner_defaults,-0.7562951013162765,0.0,0.0,0.0893225837337992,reduced_response_law,0.0,0
978.0,18600.11846294256,-23389.42231399603,12.138249224999958,152.4,5,6,right-turn,17863.19680362002,-23959.67529279436,0.0,152.4,163.41292800286772,0.0,-6.000000000000001,0.0,2.145234829781838,164.8100282905147,0.0,0.0,0.0,499.41832206810614,0.0,-37327.637680273045,14209.80201289175,0.4479304527900463,-1.4155864501528474e-79,0.0,point_mass_3dof,legacy_runner_defaults,-0.7562951013162765,0.0,0.0,0.0893225837337992,reduced_response_law,0.0,0
980.0,18305.967452629262,-23309.5585353998,12.138249224999958,152.4,5,6,right-turn,17571.618097329174,-23870.884824573903,0.0,152.4,162.7143778590442,0.0,-6.000000000000001,0.0,2.145234829781838,164.1114781466912,0.0,0.0,0.0,499.41832206810614,0.0,-37327.637680273045,14209.80201289175,0.4479304527900463,-4.7186215005094914e-80,0.0,point_mass_3dof,legacy_runner_defaults,-0.7562951013162765,0.0,0.0,0.0893225837337992,reduced_response_law,0.0,0
982.0,18012.811979129885,-23226.11449212914,12.138249224999958,152.4,5,6,right-turn,17281.14356817835,-23778.546115877765,0.0,152.4,162.0158277152207,0.0,-6.000000000000001,0.0,2.145234829781838,163.41292800286772,0.0,0.0,0.0,499.41832206810614,0.0,-37327.637680273045,14209.80201289175,0.4479304527900463,-1.572873833503164e-80,0.0,point_mass_3dof,legacy_runner_defaults,-0.7562951013162765,0.0,0.0,0.0893225837337992,reduced_response_law,0.0,0
984.0,17720.695617960137,-23139.10258755888,12.138249224999958,152.4,5,6,right-turn,16991.816393179626,-23682.67289221074,0.0,152.4,161.31727757139723,0.0,-6.000000000000001,0.0,2.145234829781838,162.7143778590442,0.0,0.0,0.0,499.41832206810614,0.0,-37327.637680273045,14209.80201289175,0.4479304527900463,-5.24291277834388e-81,0.0,point_mass_3dof,legacy_runner_defaults,-0.7562951013162765,0.0,0.0,0.0893225837337992,reduced_response_law,0.0,0
986.0,17429.661790178932,-23048.535755401517,12.138249224999958,152.4,5,6,right-turn,16703.679578798823,-23583.279404458583,0.0,152.4,160.61872742757367,0.0,-6.000000000000001,0.0,2.145234829781838,162.0158277152207,0.0,0.0,0.0,499.41832206810614,0.0,-37327.637680273045,14209.80201289175,0.4479304527900463,-1.7476375927812937e-81,0.0,point_mass_3dof,legacy_runner_defaults,-0.7562951013162765,0.0,0.0,0.0893225837337992,reduced_response_law,0.0,0
988.0,17139.75375593415,-22954.427457784746,12.138249224999958,152.4,5,6,right-turn,16416.775954562996,-23480.380426769752,0.0,152.4,159.9201772837502,0.0,-6.000000000000001,0.0,2.145234829781838,161.31727757139723,0.0,0.0,0.0,499.41832206810614,0.0,-37327.637680273045,14209.80201289175,0.4479304527900463,-5.825458642604311e-82,0.0,point_mass_3dof,legacy_runner_defaults,-0.7562951013162765,0.0,0.0,0.0893225837337992,reduced_response_law,0.0,0
990.0,16851.014608032317,-22856.79168325039,12.138249224999958,152.4,5,6,right-turn,16131.148166694098,-23373.991254359335,0.0,152.4,159.2216271399267,0.0,-6.000000000000001,0.0,2.145234829781838,160.61872742757367,0.0,0.0,0.0,499.41832206810614,0.0,-37327.637680273045,14209.80201289175,0.4479304527900463,-1.9418195475347703e-82,0.0,point_mass_3dof,legacy_runner_defaults,-0.7562951013162765,0.0,0.0,0.0893225837337992,reduced_response_law,0.0,0
992.0,16563.48726553316,-22755.642944675106,12.138249224999958,152.4,5,6,right-turn,15846.838671769878,-23264.12770123549,0.0,152.4,158.52307699610319,0.0,-6.000000000000001,0.0,2.145234829781838,159.9201772837502,0.0,0.0,0.0,499.41832206810614,0.0,-37327.637680273045,14209.80201289175,0.4479304527900463,-6.4727318251159026e-83,0.0,point_mass_3dof,legacy_runner_defaults,-0.7562951013162765,0.0,0.0,0.0893225837337992,reduced_response_law,0.0,0
994.0,16277.214467369984,-22650.99627711314,12.138249224999958,152.4,5,6,right-turn,15563.889730413071,-23150.806097848865,0.0,152.4,157.82452685227975,0.0,-6.000000000000001,0.0,2.145234829781838,159.2216271399267,0.0,0.0,0.0,499.41832206810614,0.0,-37327.637680273045,14209.80201289175,0.4479304527900463,-2.1575772750386343e-83,0.0,point_mass_3dof,legacy_runner_defaults,-0.7562951013162765,0.0,0.0,0.0893225837337992,reduced_response_law,0.0,0
996.0,15992.238765996835,-22542.867235561473,12.138249224999958,152.4,5,6,right-turn,15282.343401009584,-23034.043288665107,0.0,152.4,157.1259767084562,0.0,-6.000000000000001,0.0,2.145234829781838,158.5230769961032,0.0,0.0,0.0,499.41832206810614,0.0,-37327.637680273045,14209.80201289175,0.4479304527900463,-7.191924250128781e-84,0.0,point_mass_3dof,legacy_runner_defaults,-0.7562951013162765,0.0,0.0,0.0893225837337992,reduced_response_law,0.0,0
998.0,15708.602521063372,-22431.271892647692,12.138249224999958,152.4,5,6,right-turn,15002.241533456867,-22913.856629661124,0.0,152.4,156.42742656463267,0.0,-6.000000000000001,0.0,2.145234829781838,157.82452685227975,0.0,0.0,0.0,499.41832206810614,0.0,-37327.637680273045,14209.80201289175,0.4479304527900463,-2.3973080833762605e-84,0.0,point_mass_3dof,legacy_runner_defaults,-0.7562951013162765,0.0,0.0,0.0893225837337992,reduced_response_law,0.0,0
1000.0,15426.3478931184,-22316.226836240887,12.138249224999958,152.4,5,6,right-turn,14723.625762943197,-22790.263985745212,0.0,152.4,155.72887642080923,0.0,-6.000000000000001,0.0,2.145234829781838,157.1259767084562,0.0,0.0,0.0,499.41832206810614,0.0,-37327.637680273045,14209.80201289175,0.4479304527900463,-7.991026944587535e-85,0.0,point_mass_3dof,legacy_runner_defaults,-0.7562951013162765,0.0,0.0,0.0893225837337992,reduced_response_law,0.0,0
1002.0,15145.516837342995,-22197.749166985996,12.138249224999958,152.4,5,6,right-turn,14446.53750375886,-22663.283728101535,0.0,152.4,155.0303262769857,0.0,-6.000000000000001,0.0,2.145234829781838,156.42742656463273,0.0,0.0,0.0,499.41832206810614,0.0,-37327.637680273045,14209.80201289175,0.4479304527900463,-2.6636756481958457e-85,0.0,point_mass_3dof,legacy_runner_defaults,-0.7562951013162765,0.0,0.0,0.0893225837337992,reduced_response_law,0.0,0
1004.0,14866.151097314167,-22075.856495761902,12.138249224999958,152.4,5,6,right-turn,14171.017943140296,-22532.934731459427,0.0,152.4,154.3317761331622,0.0,-6.000000000000001,0.0,2.145234829781838,155.72887642080923,0.0,0.0,0.0,499.41832206810614,0.0,-37327.637680273045,14209.80201289175,0.4479304527900463,-8.878918827319484e-86,0.0,point_mass_3dof,legacy_runner_defaults,-0.7562951013162765,0.0,0.0,0.0893225837337992,reduced_response_law,0.0,0
1006.0,14588.292198799962,-21950.566941063706,12.138249224999958,152.4,5,6,right-turn,13897.108035147785,-22399.236371287752,0.0,152.4,153.6332259893387,0.0,-6.000000000000001,0.0,2.145234829781838,155.0303262769857,0.0,0.0,0.0,499.41832206810614,0.0,-37327.637680273045,14209.80201289175,0.4479304527900463,-2.9596396091064954e-86,0.0,point_mass_3dof,legacy_runner_defaults,-0.7562951013162765,0.0,0.0,0.0893225837337992,reduced_response_law,0.0,0
1008.0,14311.981443586948,-21821.899126309534,12.138249224999958,152.4,5,6,right-turn,13624.848494578035,-22262.20852091491,0.0,152.4,152.93467584551524,0.0,-6.000000000000001,0.0,2.145234829781838,154.3317761331622,0.0,0.0,0.0,499.41832206810614,0.0,-37327.637680273045,14209.80201289175,0.4479304527900463,-9.865465363688317e-87,0.0,point_mass_3dof,legacy_runner_defaults,-0.7562951013162765,0.0,0.0,0.0893225837337992,reduced_response_law,0.0,0
1010.0,14037.259903340995,-21689.8721770723,12.138249224999958,152.4,5,6,right-turn,13354.279790912105,-22121.871548574767,0.0,152.4,152.2361257016917,0.0,-6.000000000000001,0.0,2.145234829781838,153.6332259893387,0.0,0.0,0.0,499.41832206810614,0.0,-37327.637680273045,14209.80201289175,0.4479304527900463,-3.288488454562773e-87,0.0,point_mass_3dof,legacy_runner_defaults,-0.7562951013162765,0.0,0.0,0.0893225837337992,reduced_response_law,0.0,0
1012.0,13764.168413502255,-21554.505718236822,12.138249224999958,152.4,5,6,right-turn,13085.442142299986,-21978.246314379106,0.0,152.4,151.53757555786822,0.0,-6.000000000000001,0.0,2.145234829781838,152.9346758455152,0.0,0.0,0.0,499.41832206810614,0.0,-37327.637680273045,14209.80201289175,0.4479304527900463,-1.0961628181875909e-87,0.0,point_mass_3dof,legacy_runner_defaults,-0.7562951013162765,0.0,0.0,0.0893225837337992,reduced_response_law,0.0,0
1014.0,13492.747567215261,-21415.819871082716,12.138249224999958,152.4,5,6,right-turn,12818.375509582367,-21831.35416721687,0.0,152.4,150.83902541404467,0.0,-6.000000000000001,0.0,2.145234829781838,152.2361257016917,0.0,0.0,0.0,499.41832206810614,0.0,-37327.637680273045,14209.80201289175,0.4479304527900463,-3.6538760606253024e-88,0.0,point_mass_3dof,legacy_runner_defaults,-0.7562951013162765,0.0,0.0,0.0893225837337992,reduced_response_law,0.0,0
1016.0,13223.037709295038,-21273.835250293516,12.138249224999958,152.4,5,6,right-turn,12553.11959035083,-21681.216941580835,0.0,152.4,150.14047527022123,0.0,-6.000000000000001,0.0,2.145234829781838,151.53757555786822,0.0,0.0,0.0,499.41832206810614,0.0,-37327.637680273045,14209.80201289175,0.4479304527900463,-1.217958686875101e-88,0.0,point_mass_3dof,legacy_runner_defaults,-0.7562951013162765,0.0,0.0,0.0893225837337992,reduced_response_law,0.0,0
1018.0,12955.07893023013,-21128.572960892438,12.138249224999958,152.4,5,6,right-turn,12289.71381304699,-21527.856954322033,0.0,152.4,149.4419251263977,0.0,-6.000000000000001,0.0,2.145234829781838,150.83902541404473,0.0,0.0,0.0,499.41832206810614,0.0,-37327.637680273045,14209.80201289175,0.4479304527900463,-4.05986228958367e-89,0.0,point_mass_3dof,legacy_runner_defaults,-0.7562951013162765,0.0,0.0,0.0893225837337992,reduced_response_law,0.0,0
1020.0,12688.911060223421,-20980.054595105266,12.138249224999958,152.4,5,6,right-turn,12028.197331101808,-21371.297001332554,0.0,152.4,148.7433749825742,0.0,-6.000000000000001,0.0,2.145234829781838,150.14047527022123,0.0,0.0,0.0,499.41832206810614,0.0,-37327.637680273045,14209.80201289175,0.4479304527900463,-1.3532874298612234e-89,0.0,point_mass_3dof,legacy_runner_defaults,-0.7562951013162765,0.0,0.0,0.0893225837337992,reduced_response_law,0.0,0
1022.0,12424.573663271667,-20828.302229150824,12.138249224999958,152.4,5,6,right-turn,11768.60901711564,-21211.560354157034,0.0,152.4,148.04482483875074,0.0,-6.000000000000001,0.0,2.145234829781838,149.4419251263977,0.0,0.0,0.0,499.41832206810614,0.0,-37327.637680273045,14209.80201289175,0.4479304527900463,-4.51095809953741e-90,0.0,point_mass_3dof,legacy_runner_defaults,-0.7562951013162765,0.0,0.0,0.0893225837337992,reduced_response_law,0.0,0
1024.0,12162.106031284573,-20673.338419959495,12.138249224999958,152.4,5,6,right-turn,11510.987457080155,-21048.67075653356,0.0,152.4,147.3462746949272,0.0,-6.000000000000001,0.0,2.145234829781838,148.7433749825742,0.0,0.0,0.0,499.41832206810614,0.0,-37327.637680273045,14209.80201289175,0.4479304527900463,-1.5036526998458036e-90,0.0,point_mass_3dof,legacy_runner_defaults,-0.7562951013162765,0.0,0.0,0.0893225837337992,reduced_response_law,0.0,0
1026.0,11901.547178244327,-20515.18620182029,12.138249224999958,152.4,5,6,right-turn,11255.370944642746,-20882.652420864288,0.0,152.4,146.64772455110372,0.0,-6.000000000000001,0.0,2.145234829781838,148.04482483875074,0.0,0.0,0.0,499.41832206810614,0.0,-37327.637680273045,14209.80201289175,0.4479304527900463,-5.012175666152679e-91,0.0,point_mass_3dof,legacy_runner_defaults,-0.7562951013162765,0.0,0.0,0.0893225837337992,reduced_response_law,0.0,0
1028.0,11642.935834406444,-20353.86908295696,12.138249224999958,152.4,5,6,right-turn,11001.797475414487,-20713.530024616466,0.0,152.4,145.94917440728022,0.0,-6.000000000000001,0.0,2.145234829781838,147.3462746949272,0.0,0.0,0.0,499.41832206810614,0.0,-37327.637680273045,14209.80201289175,0.4479304527900463,-1.6707252220508933e-91,0.0,point_mass_3dof,legacy_runner_defaults,-0.7562951013162765,0.0,0.0,0.0893225837337992,reduced_response_law,0.0,0
1030.0,11386.310440542788,-20189.41104203368,12.138249224999958,152.4,5,6,right-turn,10750.304741322345,-20541.328706654287,0.0,152.4,145.2506242634567,0.0,-6.000000000000001,0.0,2.145234829781838,146.64772455110372,0.0,0.0,0.0,499.41832206810614,0.0,-37327.637680273045,14209.80201289175,0.4479304527900463,-5.569084073502977e-92,0.0,point_mass_3dof,legacy_runner_defaults,-0.7562951013162765,0.0,0.0,0.0893225837337992,reduced_response_law,0.0,0
1032.0,11131.70914222761,-20021.836524590766,12.138249224999958,152.4,5,6,right-turn,10500.930125006485,-20366.074063502165,0.0,152.4,144.5520741196332,0.0,-6.000000000000001,0.0,2.145234829781838,145.94917440728022,0.0,0.0,0.0,499.41832206810614,0.0,-37327.637680273045,14209.80201289175,0.4479304527900463,-1.8563613578343257e-92,0.0,point_mass_3dof,legacy_runner_defaults,-0.7562951013162765,0.0,0.0,0.0893225837337992,reduced_response_law,0.0,0
1034.0,10879.169784167485,-19851.17043941102,12.138249224999958,152.4,5,6,right-turn,10253.710694263696,-20187.792145540014,0.0,152.4,143.8535239758097,0.0,-6.000000000000001,0.0,2.145234829781838,145.2506242634567,0.0,0.0,0.0,499.41832206810614,0.0,-37327.637680273045,14209.80201289175,0.4479304527900463,-6.187871192781086e-93,0.0,point_mass_3dof,legacy_runner_defaults,-0.7562951013162765,0.0,0.0,0.0893225837337992,reduced_response_law,0.0,0
1036.0,10628.729904575956,-19677.43815481722,12.138249224999958,152.4,5,6,right-turn,10008.683196537415,-20006.509453131006,0.0,152.4,143.15497383198618,0.0,-6.000000000000001,0.0,2.145234829781838,144.5520741196332,0.0,0.0,0.0,499.41832206810614,0.0,-37327.637680273045,14209.80201289175,0.4479304527900463,-2.0626237309270287e-93,0.0,point_mass_3dof,legacy_runner_defaults,-0.7562951013162765,0.0,0.0,0.0893225837337992,reduced_response_law,0.0,0
1038.0,10380.426729593737,-19500.6654949013,12.138249224999958,152.4,5,6,right-turn,9765.884053455577,-19822.252932682524,0.0,152.4,142.45642368816274,0.0,-6.000000000000001,0.0,2.145234829781838,143.8535239758097,0.0,0.0,0.0,499.41832206810614,0.0,-37327.637680273045,14209.80201289175,0.4479304527900463,-6.87541243642343e-94,0.0,point_mass_3dof,legacy_runner_defaults,-0.7562951013162765,0.0,0.0,0.0893225837337992,reduced_response_law,0.0,0
1040.0,10134.297167755312,-19320.87873568576,12.138249224999958,152.4,5,6,right-turn,9525.349355416723,-19635.04997264072,0.0,152.4,141.75787354433922,0.0,-6.000000000000001,0.0,2.145234829781838,143.15497383198624,0.0,0.0,0.0,499.41832206810614,0.0,-37327.637680273045,14209.80201289175,0.4479304527900463,-2.2918041454744766e-94,0.0,point_mass_3dof,legacy_runner_defaults,-0.7562951013162765,0.0,0.0,0.0893225837337992,reduced_response_law,0.0,0
1042.0,9890.37780450274,-19138.104601217947,12.138249224999958,152.4,5,6,right-turn,9287.114856225437,-19444.92839941944,0.0,152.4,141.05932340051567,0.0,-6.000000000000001,0.0,2.145234829781838,142.45642368816274,0.0,0.0,0.0,499.41832206810614,0.0,-37327.637680273045,14209.80201289175,0.4479304527900463,-7.639347151581589e-95,0.0,point_mass_3dof,legacy_runner_defaults,-0.7562951013162765,0.0,0.0,0.0893225837337992,reduced_response_law,0.0,0
1044.0,9648.704896747473,-18952.370259597676,12.138249224999958,152.4,5,6,right-turn,9051.215967777807,-19251.91647326402,0.0,152.4,140.36077325669223,0.0,-6.000000000000001,0.0,2.145234829781838,141.75787354433922,0.0,0.0,0.0,499.41832206810614,0.0,-37327.637680273045,14209.80201289175,0.4479304527900463,-2.5464490505271964e-95,0.0,point_mass_3dof,legacy_runner_defaults,-0.7562951013162765,0.0,0.0,0.0893225837337992,reduced_response_law,0.0,0
1046.0,9409.314367481038,-18763.703318938915,12.138249224999958,152.4,5,6,right-turn,8817.68775479766,-19056.04288405057,0.0,152.4,139.6622231128687,0.0,-6.000000000000001,0.0,2.145234829781838,141.05932340051572,0.0,0.0,0.0,499.41832206810614,0.0,-37327.637680273045,14209.80201289175,0.4479304527900463,-8.488163501757322e-96,0.0,point_mass_3dof,legacy_runner_defaults,-0.7562951013162765,0.0,0.0,0.0893225837337992,reduced_response_law,0.0,0
1048.0,9172.241800435317,-18572.131823266016,12.138249224999958,152.4,5,6,right-turn,8586.56492962448,-18857.336747021487,0.0,152.4,138.9636729690452,0.0,-6.000000000000001,0.0,2.145234829781838,140.36077325669223,0.0,0.0,0.0,499.41832206810614,0.0,-37327.637680273045,14209.80201289175,0.4479304527900463,-2.8293878339191075e-96,0.0,point_mass_3dof,legacy_runner_defaults,-0.7562951013162765,0.0,0.0,0.0893225837337992,reduced_response_law,0.0,0
1050.0,8937.522434793282,-18377.684248345162,12.138249224999958,152.4,5,6,right-turn,8357.881847053617,-18655.827598457607,0.0,152.4,138.26512282522174,0.0,-6.000000000000001,0.0,2.145234829781838,139.6622231128687,0.0,0.0,0.0,499.41832206810614,0.0,-37327.637680273045,14209.80201289175,0.4479304527900463,-9.431292779730358e-97,0.0,point_mass_3dof,legacy_runner_defaults,-0.7562951013162765,0.0,0.0,0.0893225837337992,reduced_response_law,0.0,0
1052.0,8705.191159950937,-18180.389497451655,12.138249224999958,152.4,5,6,right-turn,8131.672499229703,-18451.54539128787,0.0,152.4,137.56657268139818,0.0,-6.000000000000001,0.0,2.145234829781838,138.9636729690452,0.0,0.0,0.0,499.41832206810614,0.0,-37327.637680273045,14209.80201289175,0.4479304527900463,-3.1437642599101196e-97,0.0,point_mass_3dof,legacy_runner_defaults,-0.7562951013162765,0.0,0.0,0.0893225837337992,reduced_response_law,0.0,0
1054.0,8475.282510331252,-17980.276897073636,12.138249224999958,152.4,5,6,right-turn,7907.970510593981,-18244.52049063705,0.0,152.4,136.86802253757472,0.0,-6.000000000000001,0.0,2.145234829781838,138.26512282522174,0.0,0.0,0.0,499.41832206810614,0.0,-37327.637680273045,14209.80201289175,0.4479304527900463,-1.0479214199700399e-97,0.0,point_mass_3dof,legacy_runner_defaults,-0.7562951013162765,0.0,0.0,0.0893225837337992,reduced_response_law,0.0,0
1056.0,8247.830660250856,-17777.376192552914,12.138249224999958,152.4,5,6,right-turn,7686.809132886238,-18034.783669312164,0.0,152.4,136.16947239375122,0.0,-6.000000000000001,0.0,2.145234829781838,137.56657268139818,0.0,0.0,0.0,499.41832206810614,0.0,-37327.637680273045,14209.80201289175,0.4479304527900463,-3.493071399900133e-98,0.0,point_mass_3dof,legacy_runner_defaults,-0.7562951013162765,0.0,0.0,0.0893225837337992,reduced_response_law,0.0,0
1058.0,8022.869418840275,-17571.717543663523,12.138249224999958,152.4,5,6,right-turn,7468.221240202155,-17822.3661032283,0.0,152.4,135.4709222499277,0.0,-6.000000000000001,0.0,2.145234829781838,136.86802253757472,0.0,0.0,0.0,499.41832206810614,0.0,-37327.637680273045,14209.80201289175,0.4479304527900463,-1.1643571333000444e-98,0.0,point_mass_3dof,legacy_runner_defaults,-0.7562951013162765,0.0,0.0,0.0893225837337992,reduced_response_law,0.0,0
1060.0,7800.432225018429,-17363.331520128686,12.138249224999958,152.4,5,6,right-turn,7252.2393241068485,-17607.299366774583,0.0,152.4,134.77237210610426,0.0,-6.000000000000001,0.0,2.145234829781838,136.16947239375122,0.0,0.0,0.0,499.41832206810614,0.0,-37327.637680273045,14209.80201289175,0.4479304527900463,-3.881190444333481e-99,0.0,point_mass_3dof,legacy_runner_defaults,-0.7562951013162765,0.0,0.0,0.0893225837337992,reduced_response_law,0.0,0
1062.0,7580.552142522175,-17152.249097076834,12.138249224999958,152.4,5,6,right-turn,7038.895488805169,-17389.615428120793,0.0,152.4,134.0738219622807,0.0,-6.000000000000001,0.0,2.145234829781838,135.47092224992772,0.0,0.0,0.0,499.41832206810614,0.0,-37327.637680273045,14209.80201289175,0.4479304527900463,-1.2937301481111604e-99,0.0,point_mass_3dof,legacy_runner_defaults,-0.7562951013162765,0.0,0.0,0.0893225837337992,reduced_response_law,0.0,0
1064.0,7363.261854991615,-16938.501650437378,12.138249224999958,152.4,5,6,right-turn,6828.221446369681,-17169.34664446557,0.0,152.4,133.37527181845718,0.0,-6.000000000000001,0.0,2.145234829781838,134.77237210610426,0.0,0.0,0.0,499.41832206810614,0.0,-37327.637680273045,14209.80201289175,0.4479304527900463,-4.312433827037201e-100,0.0,point_mass_3dof,legacy_runner_defaults,-0.7562951013162765,0.0,0.0,0.0893225837337992,reduced_response_law,0.0,0
1066.0,7148.5936611119,-16722.120952276888,12.138249224999958,152.4,5,6,right-turn,6620.248512026875,-16946.525757226747,0.0,152.4,132.67672167463374,0.0,-6.000000000000001,0.0,2.145234829781838,134.0738219622807,0.0,0.0,0.0,499.41832206810614,0.0,-37327.637680273045,14209.80201289175,0.4479304527900463,-1.4374779423457338e-100,0.0,point_mass_3dof,legacy_runner_defaults,-0.7562951013162765,0.0,0.0,0.0893225837337992,reduced_response_law,0.0,0
1068.0,6936.579469812251,-16503.139166076402,12.138249224999958,152.4,5,6,right-turn,6415.007599502343,-16721.18588717452,0.0,152.4,131.97817153081022,0.0,-6.000000000000001,0.0,2.145234829781838,133.37527181845724,0.0,0.0,0.0,499.41832206810614,0.0,-37327.637680273045,14209.80201289175,0.4479304527900463,-4.791593141152446e-101,0.0,point_mass_3dof,legacy_runner_defaults,-0.7562951013162765,0.0,0.0,0.0893225837337992,reduced_response_law,0.0,0
1070.0,6727.250795522927,-16281.58884195054,12.138249224999958,152.4,5,6,right-turn,6212.529216425724,-16493.360529508318,0.0,152.4,131.27962138698672,0.0,-6.000000000000001,0.0,2.145234829781838,132.67672167463374,0.0,0.0,0.0,499.41832206810614,0.0,-37327.637680273045,14209.80201289175,0.4479304527900463,-1.597197713717482e-101,0.0,point_mass_3dof,legacy_runner_defaults,-0.7562951013162765,0.0,0.0,0.0893225837337992,reduced_response_law,0.0,0
1072.0,6520.638753490818,-16057.502911809173,12.138249224999958,152.4,5,6,right-turn,6012.843459795905,-16263.083548877958,0.0,152.4,130.58107124316322,0.0,-6.000000000000001,0.0,2.145234829781838,131.97817153081022,0.0,0.0,0.0,499.41832206810614,0.0,-37327.637680273045,14209.80201289175,0.4479304527900463,-5.323992379058274e-102,0.0,point_mass_3dof,legacy_runner_defaults,-0.7562951013162765,0.0,0.0,0.0893225837337992,reduced_response_law,0.0,0
1074.0,6316.774055154387,-15830.914684462306,12.138249224999958,152.4,5,6,right-turn,5815.980011507355,-16030.389174349908,0.0,152.4,129.8825210993397,0.0,-6.000000000000001,0.0,2.145234829781838,131.27962138698672,0.0,0.0,0.0,499.41832206810614,0.0,-37327.637680273045,14209.80201289175,0.4479304527900463,-1.774664126352758e-102,0.0,point_mass_3dof,legacy_runner_defaults,-0.7562951013162765,0.0,0.0,0.0893225837337992,reduced_response_law,0.0,0
1076.0,6115.687003578621,-15601.857840668968,12.138249224999958,152.4,5,6,right-turn,5621.968133938101,-15795.311994319378,0.0,152.4,129.18397095551626,0.0,-6.000000000000001,0.0,2.145234829781838,130.58107124316322,0.0,0.0,0.0,499.41832206810614,0.0,-37327.637680273045,14209.80201289175,0.4479304527900463,-5.915547087842526e-103,0.0,point_mass_3dof,legacy_runner_defaults,-0.7562951013162765,0.0,0.0,0.0893225837337992,reduced_response_law,0.0,0
1078.0,5917.407488950701,-15370.366428130801,12.138249224999958,152.4,5,6,right-turn,5430.836665600055,-15557.886951368971,0.0,152.4,128.48542081169273,0.0,-6.000000000000001,0.0,2.145234829781838,129.88252109933975,0.0,0.0,0.0,499.41832206810614,0.0,-37327.637680273045,14209.80201289175,0.4479304527900463,-1.9718490292808422e-103,0.0,point_mass_3dof,legacy_runner_defaults,-0.7562951013162765,0.0,0.0,0.0893225837337992,reduced_response_law,0.0,0
1080.0,5721.9649841370265,-15136.4748564311,12.138249224999958,152.4,5,6,right-turn,5242.614016852429,-15318.14933707476,0.0,152.4,127.78687066786924,0.0,-6.000000000000001,0.0,2.145234829781838,129.18397095551626,0.0,0.0,0.0,499.41832206810614,0.0,-37327.637680273045,14209.80201289175,0.4479304527900463,-6.572830097602807e-104,0.0,point_mass_3dof,legacy_runner_defaults,-0.7562951013162765,0.0,0.0,0.0893225837337992,reduced_response_law,0.0,0
1082.0,5529.388540302284,-14900.217891920072,12.138249224999958,152.4,5,6,right-turn,5057.328165678668,-15076.134786760387,0.0,152.4,127.08832052404576,0.0,-6.000000000000001,0.0,2.145234829781838,128.48542081169273,0.0,0.0,0.0,499.41832206810614,0.0,-37327.637680273045,14209.80201289175,0.4479304527900463,-2.190943365867603e-104,0.0,point_mass_3dof,legacy_runner_defaults,-0.7562951013162765,0.0,0.0,0.0893225837337992,reduced_response_law,0.0,0
1084.0,5339.706782591194,-14661.630652547068,12.138249224999958,152.4,5,6,right-turn,4875.006653527758,-14831.87927420015,0.0,152.4,126.38977038022222,0.0,-6.000000000000001,0.0,2.145234829781838,127.78687066786924,0.0,0.0,0.0,499.41832206810614,0.0,-37327.637680273045,14209.80201289175,0.4479304527900463,-7.303144552892009e-105,0.0,point_mass_3dof,legacy_runner_defaults,-0.7562951013162765,0.0,0.0,0.0893225837337992,reduced_response_law,0.0,0
1086.0,5152.947905873578,-14420.748602640533,12.138249224999958,152.4,5,6,right-turn,4695.676581220381,-14585.41910627177,0.0,152.4,125.69122023639873,0.0,-6.000000000000001,0.0,2.145234829781838,127.08832052404576,0.0,0.0,0.0,499.41832206810614,0.0,-37327.637680273045,14209.80201289175,0.4479304527900463,-2.4343815176306696e-105,0.0,point_mass_3dof,legacy_runner_defaults,-0.7562951013162765,0.0,0.0,0.0893225837337992,reduced_response_law,0.0,0
1088.0,4969.139670553395,-14177.607547636488,12.138249224999958,152.4,5,6,right-turn,4519.364604920548,-14336.790917559578,0.0,152.4,124.99267009257524,0.0,-6.000000000000001,0.0,2.145234829781838,126.38977038022222,0.0,0.0,0.0,499.41832206810614,0.0,-37327.637680273045,14209.80201289175,0.4479304527900463,-8.1146050587689e-106,0.0,point_mass_3dof,legacy_runner_defaults,-0.7562951013162765,0.0,0.0,0.0893225837337992,reduced_response_law,0.0,0
1090.0,4788.309398442347,-13932.243628756298,12.138249224999958,152.4,5,6,right-turn,4346.096932173368,-14086.031664909093,0.0,152.4,124.29411994875176,0.0,-6.000000000000001,0.0,2.145234829781838,125.69122023639873,0.0,0.0,0.0,499.41832206810614,0.0,-37327.637680273045,14209.80201289175,0.4479304527900463,-2.7048683529229665e-106,0.0,point_mass_3dof,legacy_runner_defaults,-0.7562951013162765,0.0,0.0,0.0893225837337992,reduced_response_law,0.0,0
1092.0,4610.483968698682,-13684.693317634537,12.138249224999958,152.4,5,6,right-turn,4175.8993180094485,-13833.178621933595,0.0,152.4,123.59556980492822,0.0,-6.000000000000001,0.0,2.145234829781838,124.99267009257524,0.0,0.0,0.0,499.41832206810614,0.0,-37327.637680273045,14209.80201289175,0.4479304527900463,-9.016227843076553e-107,0.0,point_mass_3dof,legacy_runner_defaults,-0.7562951013162765,0.0,0.0,0.0893225837337992,reduced_response_law,0.0,0
1094.0,4435.689813831795,-13434.993410897729,12.138249224999958,152.4,5,6,right-turn,4008.7970611166256,-13578.269373473706,0.0,152.4,122.89701966110474,0.0,-6.000000000000001,0.0,2.145234829781838,124.29411994875171,0.0,0.0,0.0,499.41832206810614,0.0,-37327.637680273045,14209.80201289175,0.4479304527900463,-3.005409281025518e-107,0.0,point_mass_3dof,legacy_runner_defaults,-0.7562951013162765,0.0,0.0,0.0893225837337992,reduced_response_law,0.0,0
1096.0,4263.952915773223,-13183.181024694786,12.138249224999958,152.4,5,6,right-turn,3844.8150000794794,-13321.34181001065,0.0,152.4,122.1984695172812,0.0,-6.000000000000001,0.0,2.145234829781838,123.59556980492822,0.0,0.0,0.0,499.41832206810614,0.0,-37327.637680273045,14209.80201289175,0.4479304527900463,-1.0018030936751726e-107,0.0,point_mass_3dof,legacy_runner_defaults,-0.7562951013162765,0.0,0.0,0.0893225837337992,reduced_response_law,0.0,0
1098.0,4095.2988020146086,-12929.293589179957,12.138249224999958,152.4,5,6,right-turn,3683.977509687222,-13062.434122034067,0.0,152.4,121.49991937345771,0.0,-6.000000000000001,0.0,2.145234829781838,122.89701966110474,0.0,0.0,0.0,499.41832206810614,0.0,-37327.637680273045,14209.80201289175,0.4479304527900463,-3.3393436455839093e-108,0.0,point_mass_3dof,legacy_runner_defaults,-0.7562951013162765,0.0,0.0,0.0893225837337992,reduced_response_law,0.0,0
1100.0,3929.7525418132172,-12673.36884294909,12.138249224999958,152.4,5,6,right-turn,3526.3084973106097,-12801.584794365323,0.0,152.4,120.80136922963423,0.0,-6.000000000000001,0.0,2.145234829781838,122.1984695172812,0.0,0.0,0.0,499.41832206810614,0.0,-37327.637680273045,14209.80201289175,0.4479304527900463,-1.1131145485279698e-108,0.0,point_mass_3dof,legacy_runner_defaults,-0.7562951013162765,0.0,0.0,0.0893225837337992,reduced_response_law,0.0,0
1102.0,3767.3387424655675,-12415.44482743006,12.138249224999958,152.4,5,6,right-turn,3371.8313993482157,-12538.832600436945,0.0,152.4,120.1028190858107,0.0,-6.000000000000001,0.0,2.145234829781838,121.49991937345771,0.0,0.0,0.0,499.41832206810614,0.0,-37327.637680273045,14209.80201289175,0.4479304527900463,-3.710381828426566e-109,0.0,point_mass_3dof,legacy_runner_defaults,-0.7562951013162765,0.0,0.0,0.0893225837337992,reduced_response_law,0.0,0
1104.0,3608.081545649728,-12155.559881228166,12.138249224999958,152.4,5,6,right-turn,3220.569177742835,-12274.216596529272,0.0,152.4,119.4042689419872,0.0,-6.000000000000001,0.0,2.145234829781838,120.80136922963423,0.0,0.0,0.0,499.41832206810614,0.0,-37327.637680273045,14209.80201289175,0.4479304527900463,-1.2367939428088556e-109,0.0,point_mass_3dof,legacy_runner_defaults,-0.7562951013162765,0.0,0.0,0.0893225837337992,reduced_response_law,0.0,0
1106.0,3452.004623836826,-11893.752634427377,12.138249224999958,152.4,5,6,right-turn,3072.5443165683123,-12007.776115964996,0.0,152.4,118.70571879816372,0.0,-6.000000000000001,0.0,2.145234829781838,120.1028190858107,0.0,0.0,0.0,499.41832206810614,0.0,-37327.637680273045,14209.80201289175,0.4479304527900463,-4.122646476029519e-110,0.0,point_mass_3dof,legacy_runner_defaults,-0.7562951013162765,0.0,0.0,0.0893225837337992,reduced_response_law,0.0,0
1108.0,3299.1311767722987,-11630.06200284823,12.138249224999958,152.4,5,6,right-turn,2927.7788186874627,-11739.550763262543,0.0,152.4,118.00716865434023,0.0,-6.000000000000001,0.0,2.145234829781838,119.4042689419872,0.0,0.0,0.0,499.41832206810614,0.0,-37327.637680273045,14209.80201289175,0.4479304527900463,-1.3742154920098396e-110,0.0,point_mass_3dof,legacy_runner_defaults,-0.7562951013162765,0.0,0.0,0.0893225837337992,reduced_response_law,0.0,0
1110.0,3149.4839280274136,-11364.527182263271,12.138249224999958,152.4,5,6,right-turn,2786.2942024814542,-11469.580408249074,0.0,152.4,117.30861851051675,0.0,-6.000000000000001,0.0,2.145234829781838,118.70571879816372,0.0,0.0,0.0,499.41832206810614,0.0,-37327.637680273045,14209.80201289175,0.4479304527900463,-4.580718306699465e-111,0.0,point_mass_3dof,legacy_runner_defaults,-0.7562951013162765,0.0,0.0,0.0893225837337992,reduced_response_law,0.0,0
1112.0,3003.0851216215683,-11097.187642570872,12.138249224999958,152.4,5,6,right-turn,2648.111498651326,-11197.905180134227,0.0,152.4,116.61006836669321,0.0,-6.000000000000001,0.0,2.145234829781838,118.00716865434023,0.0,0.0,0.0,499.41832206810614,0.0,-37327.637680273045,14209.80201289175,0.4479304527900463,-1.5269061022331551e-111,0.0,point_mass_3dof,legacy_runner_defaults,-0.7562951013162765,0.0,0.0,0.0893225837337992,reduced_response_law,0.0,0
1114.0,2859.9565187158714,-10828.08312192831,12.138249224999958,152.4,5,6,right-turn,2513.251247091866,-10924.565461545119,0.0,152.4,115.91151822286973,0.0,-6.000000000000001,0.0,2.145234829781838,117.30861851051675,0.0,0.0,0.0,499.41832206810614,0.0,-37327.637680273045,14209.80201289175,0.4479304527900463,-5.08968700744385e-112,0.0,point_mass_3dof,legacy_runner_defaults,-0.7562951013162765,0.0,0.0,0.0893225837337992,reduced_response_law,0.0,0
1116.0,2720.119394378499,-10557.253620844964,12.138249224999958,152.4,5,6,right-turn,2381.733493838506,-10649.601882523737,0.0,152.4,115.21296807904623,0.0,-6.000000000000001,0.0,2.145234829781838,116.61006836669321,0.0,0.0,0.0,499.41832206810614,0.0,-37327.637680273045,14209.80201289175,0.4479304527900463,-1.6965623358146166e-112,0.0,point_mass_3dof,legacy_runner_defaults,-0.7562951013162765,0.0,0.0,0.0893225837337992,reduced_response_law,0.0,0
1118.0,2583.5945344223023,-10284.73939623652,12.138249224999958,152.4,5,6,right-turn,2253.577788087641,-10373.055314487628,0.0,152.4,114.51441793522275,0.0,-6.000000000000001,0.0,2.145234829781838,115.91151822286973,0.0,0.0,0.0,499.41832206810614,0.0,-37327.637680273045,14209.80201289175,0.4479304527900463,-5.655207786048723e-113,0.0,point_mass_3dof,legacy_runner_defaults,-0.7562951013162765,0.0,0.0,0.0893225837337992,reduced_response_law,0.0,0
1120.0,2450.4022323151444,-10010.580955441064,12.138249224999958,152.4,5,6,right-turn,2128.803179290742,-10094.96686415457,0.0,152.4,113.81586779139921,0.0,-6.000000000000001,0.0,2.145234829781838,115.21296807904623,0.0,0.0,0.0,499.41832206810614,0.0,-37327.637680273045,14209.80201289175,0.4479304527900463,-1.885069262016241e-113,0.0,point_mass_3dof,legacy_runner_defaults,-0.7562951013162765,0.0,0.0,0.0893225837337992,reduced_response_law,0.0,0
1122.0,2320.5622861634147,-9734.819050197944,12.138249224999958,152.4,5,6,right-turn,2007.4282143228372,-9815.377867432433,0.0,152.4,113.11731764757573,0.0,-6.000000000000001,0.0,2.145234829781838,114.5144179352227,0.0,0.0,0.0,499.41832206810614,0.0,-37327.637680273045,14209.80201289175,0.4479304527900463,-6.2835642067208025e-114,0.0,point_mass_3dof,legacy_runner_defaults,-0.7562951013162765,0.0,0.0,0.0893225837337992,reduced_response_law,0.0,0
1124.0,2194.0939957691817,-9457.49467059031,12.138249224999958,152.4,5,6,right-turn,1889.4709347255873,-9534.329883274788,0.0,152.4,112.41876750375225,0.0,-6.000000000000001,0.0,2.145234829781838,113.81586779139921,0.0,0.0,0.0,499.41832206810614,0.0,-37327.637680273045,14209.80201289175,0.4479304527900463,-2.0945214022402676e-114,0.0,point_mass_3dof,legacy_runner_defaults,-0.7562951013162765,0.0,0.0,0.0893225837337992,reduced_response_law,0.0,0
1126.0,2071.016159761409,-9178.649038952222,12.138249224999958,152.4,5,6,right-turn,1774.9488740255947,-9251.864687503545,0.0,152.4,111.72021735992871,0.0,-6.000000000000001,0.0,2.145234829781838,113.11731764757573,0.0,0.0,0.0,499.41832206810614,0.0,-37327.637680273045,14209.80201289175,0.4479304527900463,-6.98173800746756e-115,0.0,point_mass_3dof,legacy_runner_defaults,-0.7562951013162765,0.0,0.0,0.0893225837337992,reduced_response_law,0.0,0
1128.0,1951.347072801673,-8898.323603741246,12.138249224999958,152.4,5,6,right-turn,1663.8790551281395,-8968.024266599241,0.0,152.4,111.02166721610527,0.0,-6.000000000000001,0.0,2.145234829781838,112.41876750375219,0.0,0.0,0.0,499.41832206810614,0.0,-37327.637680273045,14209.80201289175,0.4479304527900463,-2.3272460024891867e-115,0.0,point_mass_3dof,legacy_runner_defaults,-0.7562951013162765,0.0,0.0,0.0893225837337992,reduced_response_law,0.0,0
1130.0,1835.104522864787,-8616.56003337742,12.138249224999958,152.4,5,6,right-turn,1556.2779877868165,-8682.850811459972,0.0,152.4,110.32311707228173,0.0,-6.000000000000001,0.0,2.145234829781838,111.72021735992875,0.0,0.0,0.0,499.41832206810614,0.0,-37327.637680273045,14209.80201289175,0.4479304527900463,-7.757486674963955e-116,0.0,point_mass_3dof,legacy_runner_defaults,-0.7562951013162765,0.0,0.0,0.0893225837337992,reduced_response_law,0.0,0
1132.0,1722.3057885947435,-8333.40021004954,12.138249224999958,152.4,5,6,right-turn,1452.1616661495402,-8396.386711130137,0.0,152.4,109.62456692845825,0.0,-6.000000000000001,0.0,2.145234829781838,111.02166721610521,0.0,0.0,0.0,499.41832206810614,0.0,-37327.637680273045,14209.80201289175,0.4479304527900463,-2.5858288916546517e-116,0.0,point_mass_3dof,legacy_runner_defaults,-0.7562951013162765,0.0,0.0,0.0893225837337992,reduced_response_law,0.0,0
1134.0,1612.9676367363656,-8048.886223489662,12.138249224999958,152.4,5,6,right-turn,1351.5455663810683,-8108.67454649951,0.0,152.4,108.92601678463471,0.0,-6.000000000000001,0.0,2.145234829781838,110.32311707228173,0.0,0.0,0.0,499.41832206810614,0.0,-37327.637680273045,14209.80201289175,0.4479304527900463,-8.619429638848838e-117,0.0,point_mass_3dof,legacy_runner_defaults,-0.7562951013162765,0.0,0.0,0.0893225837337992,reduced_response_law,0.0,0
1136.0,1507.1063196430457,-7763.060364716759,12.138249224999958,152.4,5,6,right-turn,1254.4446443626068,-7819.757083973922,0.0,152.4,108.22746664081123,0.0,-6.000000000000001,0.0,2.145234829781838,109.62456692845825,0.0,0.0,0.0,499.41832206810614,0.0,-37327.637680273045,14209.80201289175,0.4479304527900463,-2.873143212949613e-117,0.0,point_mass_3dof,legacy_runner_defaults,-0.7562951013162765,0.0,0.0,0.0893225837337992,reduced_response_law,0.0,0
1138.0,1404.737572860947,-7475.9651197504545,12.138249224999958,152.4,5,6,right-turn,1160.873333468726,-7529.677269118344,0.0,152.4,107.52891649698775,0.0,-6.000000000000001,0.0,2.145234829781838,108.92601678463471,0.0,0.0,0.0,499.41832206810614,0.0,-37327.637680273045,14209.80201289175,0.4479304527900463,-9.577144043165376e-118,0.0,point_mass_3dof,legacy_runner_defaults,-0.7562951013162765,0.0,0.0,0.0893225837337992,reduced_response_law,0.0,0
1140.0,1305.876612790025,-7187.643163295773,12.138249224999958,152.4,5,6,right-turn,1070.8455424218998,-7238.478220273248,0.0,152.4,106.83036635316425,0.0,-6.000000000000001,0.0,2.145234829781838,108.22746664081123,0.0,0.0,0.0,499.41832206810614,0.0,-37327.637680273045,14209.80201289175,0.4479304527900463,-3.1923813477217914e-118,0.0,point_mass_3dof,legacy_runner_defaults,-0.7562951013162765,0.0,0.0,0.0893225837337992,reduced_response_law,0.0,0
1142.0,1210.5381344222149,-6898.137352399842,12.138249224999958,152.4,5,6,right-turn,984.3746532251313,-6946.203222145492,0.0,152.4,106.13181620934071,0.0,-6.000000000000001,0.0,2.145234829781838,107.52891649698775,0.0,0.0,0.0,499.41832206810614,0.0,-37327.637680273045,14209.80201289175,0.4479304527900463,-1.064127115907264e-118,0.0,point_mass_3dof,legacy_runner_defaults,-0.7562951013162765,0.0,0.0,0.0893225837337992,reduced_response_law,0.0,0
1144.0,1118.736309157124,-6607.490720081492,12.138249224999958,152.4,5,6,right-turn,901.473519172763,-6652.895719374269,0.0,152.4,105.43326606551723,0.0,-6.000000000000001,0.0,2.145234829781838,106.83036635316421,0.0,0.0,0.0,499.41832206810614,0.0,-37327.637680273045,14209.80201289175,0.4479304527900463,-3.5470903863575464e-119,0.0,point_mass_3dof,legacy_runner_defaults,-0.7562951013162765,0.0,0.0,0.0893225837337992,reduced_response_law,0.0,0
1146.0,1030.4847826955527,-6315.7464689347,12.138249224999958,152.4,5,6,right-turn,822.1544629399585,-6358.599310073391,0.0,152.4,104.73471592169375,0.0,-6.000000000000001,0.0,2.145234829781838,106.13181620934071,0.0,0.0,0.0,499.41832206810614,0.0,-37327.637680273045,14209.80201289175,0.4479304527900463,-1.1823634621191822e-119,0.0,point_mass_3dof,legacy_runner_defaults,-0.7562951013162765,0.0,0.0,0.0893225837337992,reduced_response_law,0.0,0
1148.0,945.7966730111549,-6022.94796470682,12.138249224999958,152.4,5,6,right-turn,746.4292747509871,-6063.357739350707,0.0,152.4,104.03616577787027,0.0,-6.000000000000001,0.0,2.145234829781838,105.43326606551723,0.0,0.0,0.0,499.41832206810614,0.0,-37327.637680273045,14209.80201289175,0.4479304527900463,-3.941211540397274e-120,0.0,point_mass_3dof,legacy_runner_defaults,-0.7562951013162765,0.0,0.0,0.0893225837337992,reduced_response_law,0.0,0
1150.0,864.6845684005438,-5729.138729852574,12.138249224999958,152.4,5,6,right-turn,674.3092106267223,-5767.214892805714,0.0,152.4,103.33761563404673,0.0,-6.000000000000001,0.0,2.145234829781838,104.73471592169375,0.0,0.0,0.0,499.41832206810614,0.0,-37327.637680273045,14209.80201289175,0.4479304527900463,-1.3137371801324249e-120,0.0,point_mass_3dof,legacy_runner_defaults,-0.7562951013162765,0.0,0.0,0.0893225837337992,reduced_response_law,0.0,0
1152.0,787.1605256121289,-5434.3624370647385,12.138249224999958,152.4,5,6,right-turn,605.8049907114948,-5470.2147900063055,0.0,152.4,102.63906549022325,0.0,-6.000000000000001,0.0,2.145234829781838,104.03616577787027,0.0,0.0,0.0,499.41832206810614,0.0,-37327.637680273045,14209.80201289175,0.4479304527900463,-4.37912393377475e-121,0.0,point_mass_3dof,legacy_runner_defaults,-0.7562951013162765,0.0,0.0,0.0893225837337992,reduced_response_law,0.0,0
1154.0,713.236068053965,-5138.662902782503,12.138249224999958,152.4,5,6,right-turn,540.9267976796195,-5172.401577945494,0.0,152.4,101.94051534639975,0.0,-6.000000000000001,0.0,2.145234829781838,103.33761563404673,0.0,0.0,0.0,499.41832206810614,0.0,-37327.637680273045,14209.80201289175,0.4479304527900463,-1.4597079779249166e-121,0.0,point_mass_3dof,legacy_runner_defaults,-0.7562951013162765,0.0,0.0,0.0893225837337992,reduced_response_law,0.0,0
1156.0,642.9221840808779,-4842.084080678464,12.138249224999958,152.4,5,6,right-turn,479.68427522182276,-4873.819524479339,0.0,152.4,101.24196520257621,0.0,-6.000000000000001,0.0,2.145234829781838,102.63906549022325,0.0,0.0,0.0,499.41832206810614,0.0,-37327.637680273045,14209.80201289175,0.4479304527900463,-4.865693259749722e-122,0.0,point_mass_3dof,legacy_runner_defaults,-0.7562951013162765,0.0,0.0,0.0893225837337992,reduced_response_law,0.0,0
1158.0,576.229325361121,-4544.670055125218,12.138249224999958,152.4,5,6,right-turn,422.0865266117618,-4574.513011746813,0.0,152.4,100.54341505875273,0.0,-6.000000000000001,0.0,2.145234829781838,101.94051534639975,0.0,0.0,0.0,499.41832206810614,0.0,-37327.637680273045,14209.80201289175,0.4479304527900463,-1.6218977532499076e-122,0.0,point_mass_3dof,legacy_runner_defaults,-0.7562951013162765,0.0,0.0,0.0893225837337992,reduced_response_law,0.0,0
1160.0,513.1674053228095,-4246.465034642528,12.138249224999958,152.4,5,6,right-turn,368.1421133528928,-4274.526529572684,0.0,152.4,99.84486491492925,0.0,-6.000000000000001,0.0,2.145234829781838,101.24196520257621,0.0,0.0,0.0,499.41832206810614,0.0,-37327.637680273045,14209.80201289175,0.4479304527900463,-5.4063258441663586e-123,0.0,point_mass_3dof,legacy_runner_defaults,-0.7562951013162765,0.0,0.0,0.0893225837337992,reduced_response_law,0.0,0
1162.0,453.74579768035744,-3947.5133453260323,12.138249224999958,152.4,5,6,right-turn,317.85905390585845,-3973.90466885443,0.0,152.4,99.14631477110576,0.0,-6.000000000000001,0.0,2.145234829781838,100.54341505875273,0.0,0.0,0.0,499.41832206810614,0.0,-37327.637680273045,14209.80201289175,0.4479304527900463,-1.8021086147221193e-123,0.0,point_mass_3dof,legacy_runner_defaults,-0.7562951013162765,0.0,0.0,0.0893225837337992,reduced_response_law,0.0,0
1164.0,397.97333504114033,-3647.859424258483,12.138249224999958,152.4,5,6,right-turn,271.24482249661355,-3672.6921149341383,0.0,152.4,98.44776462728223,0.0,-6.000000000000001,0.0,2.145234829781838,99.84486491492925,0.0,0.0,0.0,499.41832206810614,0.0,-37327.637680273045,14209.80201289175,0.4479304527900463,-6.0070287157403966e-124,0.0,point_mass_3dof,legacy_runner_defaults,-0.7562951013162765,0.0,0.0,0.0893225837337992,reduced_response_law,0.0,0
1166.0,345.8583075925902,-3347.5478129044814,12.138249224999958,152.4,5,6,right-turn,228.30634800541094,-3370.9336409563093,0.0,152.4,97.74921448345873,0.0,-6.000000000000001,0.0,2.145234829781838,99.14631477110571,0.0,0.0,0.0,499.41832206810614,0.0,-37327.637680273045,14209.80201289175,0.4479304527900463,-2.0023429052467987e-124,0.0,point_mass_3dof,legacy_runner_defaults,-0.7562951013162765,0.0,0.0,0.0893225837337992,reduced_response_law,0.0,0
1168.0,297.4084618699172,-3046.6231504897014,12.138249224999958,152.4,5,6,right-turn,189.0500129368977,-3068.674101212673,0.0,152.4,97.05066433963525,0.0,-6.000000000000001,0.0,2.145234829781838,98.44776462728223,0.0,0.0,0.0,499.41832206810614,0.0,-37327.637680273045,14209.80201289175,0.4479304527900463,-6.674476350822662e-125,0.0,point_mass_3dof,legacy_runner_defaults,-0.7562951013162765,0.0,0.0,0.0893225837337992,reduced_response_law,0.0,0
1170.0,252.63099960464024,-2745.13016736558,12.138249224999958,152.4,5,6,right-turn,153.48165247137112,-2765.958424474824,0.0,152.4,96.35211419581177,0.0,-6.000000000000001,0.0,2.145234829781838,97.74921448345873,0.0,0.0,0.0,499.41832206810614,0.0,-37327.637680273045,14209.80201289175,0.4479304527900463,-2.2248254502742206e-125,0.0,point_mass_3dof,legacy_runner_defaults,-0.7562951013162765,0.0,0.0,0.0893225837337992,reduced_response_law,0.0,0
1172.0,211.53257665410084,-2443.1136783604616,12.138249224999958,152.4,5,6,right-turn,121.60655359745031,-2462.8316073160026,0.0,152.4,95.65356405198823,0.0,-6.000000000000001,0.0,2.145234829781838,97.05066433963525,0.0,0.0,0.0,499.41832206810614,0.0,-37327.637680273045,14209.80201289175,0.4479304527900463,-7.416084834247401e-126,0.0,point_mass_3dof,legacy_runner_defaults,-0.7562951013162765,0.0,0.0,0.0893225837337992,reduced_response_law,0.0,0
1174.0,174.11930201211598,-2140.6185761181882,12.138249224999958,152.4,5,6,right-turn,93.42945432618266,-2159.3387074225843,0.0,152.4,94.95501390816474,0.0,-6.000000000000001,0.0,2.145234829781838,96.35211419581177,0.0,0.0,0.0,499.41832206810614,0.0,-37327.637680273045,14209.80201289175,0.4479304527900463,-2.4720282780824672e-126,0.0,point_mass_3dof,legacy_runner_defaults,-0.7562951013162765,0.0,0.0,0.0893225837337992,reduced_response_law,0.0,0
1176.0,140.39673690091885,-1837.6898244251192,12.138249224999958,152.4,5,6,right-turn,68.95454298677106,-1855.5248368965865,0.0,152.4,94.2564637643412,0.0,-6.000000000000001,0.0,2.145234829781838,95.65356405198823,0.0,0.0,0.0,499.41832206810614,0.0,-37327.637680273045,14209.80201289175,0.4479304527900463,-8.24009426027489e-127,0.0,point_mass_3dof,legacy_runner_defaults,-0.7562951013162765,0.0,0.0,0.0893225837337992,reduced_response_law,0.0,0
1178.0,110.3698939445222,-1534.3724515265794,12.138249224999958,152.4,5,6,right-turn,48.185457604024705,-1551.435155550096,0.0,152.4,93.55791362051777,0.0,-6.000000000000001,0.0,2.145234829781838,94.95501390816469,0.0,0.0,0.0,499.41832206810614,0.0,-37327.637680273045,14209.80201289175,0.4479304527900463,-2.7466980867582963e-127,0.0,point_mass_3dof,legacy_runner_defaults,-0.7562951013162765,0.0,0.0,0.0893225837337992,reduced_response_law,0.0,0
1180.0,84.04323642362624,-1230.7115434337243,12.138249224999958,152.4,5,6,right-turn,31.12528535756942,-1247.1148641924856,0.0,152.4,92.85936347669423,0.0,-6.000000000000001,0.0,2.145234829781838,94.25646376434126,0.0,0.0,0.0,499.41832206810614,0.0,-37327.637680273045,14209.80201289175,0.4479304527900463,-9.155660289194322e-128,0.0,point_mass_3dof,legacy_runner_defaults,-0.7562951013162765,0.0,0.0,0.0893225837337992,reduced_response_law,0.0,0
1182.0,61.42067761218284,-926.7522372218191,12.138249224999958,152.4,5,6,right-turn,17.776562122975847,-942.6091979117647,0.0,152.4,92.16081333287075,0.0,-6.000000000000001,0.0,2.145234829781838,93.55791362051772,0.0,0.0,0.0,499.41832206810614,0.0,-37327.637680273045,14209.80201289175,0.4479304527900463,-3.0518867630647744e-128,0.0,point_mass_3dof,legacy_runner_defaults,-0.7562951013162765,0.0,0.0,0.0893225837337992,reduced_response_law,0.0,0
1184.0,42.50558019571626,-622.5397143209273,12.138249224999958,152.4,5,6,right-turn,8.141272094816522,-637.9634193506199,0.0,152.4,91.46226318904726,0.0,-6.000000000000001,0.0,2.145234829781838,92.85936347669423,0.0,0.0,0.0,499.41832206810614,0.0,-37327.637680273045,14209.80201289175,0.4479304527900463,-1.0172955876882581e-128,0.0,point_mass_3dof,legacy_runner_defaults,-0.7562951013162765,0.0,0.0,0.0893225837337992,reduced_response_law,0.0,0
1186.0,27.300755771481533,-318.1191938000067,12.138249224999958,152.4,5,6,right-turn,2.220847491726796,-333.2228119784177,0.0,152.4,90.76371304522372,0.0,-6.000000000000001,0.0,2.145234829781838,92.16081333287075,0.0,0.0,0.0,499.41832206810614,0.0,-37327.637680273045,14209.80201289175,0.4479304527900463,-3.390985292294194e-129,0.0,point_mass_3dof,legacy_runner_defaults,-0.7562951013162765,0.0,0.0,0.0893225837337992,reduced_response_law,0.0,0
1188.0,15.808464430541218,-13.535925645410032,12.138249224999958,152.4,5,6,right-turn,0.01616834351680918,-28.432673360210067,0.0,152.4,90.06516290140024,0.0,-6.000000000000001,0.0,2.145234829781838,91.4622631890472,0.0,0.0,0.0,499.41832206810614,0.0,-37327.637680273045,14209.80201289175,0.4479304527900463,-1.1303284307647314e-129,0.0,point_mass_3dof,legacy_runner_defaults,-0.7562951013162765,0.0,0.0,0.0893225837337992,reduced_response_law,0.0,0
1190.0,8.03041442181865,291.16481596521,12.138249224999958,152.4,5,6,right-turn,0.0,0.0,0.0,152.4,-91.57983457459248,0.0,0.0,0.0,2.145234829781838,90.76371304522372,0.0,0.0,0.0,499.41832206810614,0.0,-37327.637680273045,14209.80201289175,0.4479304527900463,-3.767761435882438e-130,0.0,point_mass_3dof,legacy_runner_defaults,-0.7562951013162765,0.0,0.0,0.0893225837337992,reduced_response_law,0.0,0
1192.0,3.9677618981778364,595.9377393925909,12.138249224999958,152.4,5,6,right-turn,0.0,0.0,0.0,152.4,-90.38147047373647,0.0,0.0,0.0,2.145234829781838,106.7637130452237,0.0,0.0,0.0,499.41832206810614,0.0,-37327.637680273045,14209.80201289175,0.4479304527900463,-1.2559204786274793e-130,0.0,point_mass_3dof,legacy_runner_defaults,-0.7562951013162765,0.0,0.0,0.0893225837337992,reduced_response_law,0.0,0
1194.0,-83.9443130948451,887.7844578432548,12.138249224999958,152.4,5,6,right-turn,0.0,0.0,0.0,152.4,-84.59846649080836,0.0,0.0,0.0,2.145234829781838,122.76371304522372,0.0,0.0,0.0,499.41832206810614,0.0,-37327.637680273045,14209.80201289175,0.4479304527900463,-4.18640159542493e-131,0.0,point_mass_3dof,legacy_runner_defaults,-0.7562951013162765,0.0,0.0,0.0893225837337992,reduced_response_law,0.0,0
1196.0,-248.89468117370438,1144.0936774797105,12.138249224999958,152.4,5,6,right-turn,0.0,0.0,0.0,152.4,-77.72668287233873,0.0,0.0,0.0,2.145234829781838,138.76371304522374,0.0,0.0,0.0,499.41832206810614,0.0,-37327.637680273045,14209.80201289175,0.4479304527900463,-1.3954671984749766e-131,0.0,point_mass_3dof,legacy_runner_defaults,-0.7562951013162765,0.0,0.0,0.0893225837337992,reduced_response_law,0.0,0
1198.0,-478.1035473109497,1345.0074293337793,12.138249224999958,152.4,5,6,right-turn,0.0,0.0,0.0,152.4,-70.43146223664581,0.0,0.0,0.0,2.145234829781838,154.76371304522377,0.0,0.0,0.0,499.41832206810614,0.0,-37327.637680273045,14209.80201289175,0.4479304527900463,-4.651557328249922e-132,0.0,point_mass_3dof,legacy_runner_defaults,-0.7562951013162765,0.0,0.0,0.0893225837337992,reduced_response_law,0.0,0
1200.0,-753.8125860064656,1474.959597386469,12.138249224999958,152.4,5,6,right-turn,0.0,0.0,0.0,152.4,-62.92963387399677,0.0,0.0,0.0,2.145234829781838,170.7637130452238,0.0,0.0,0.0,499.41832206810614,0.0,-37327.637680273045,14209.80201289175,0.4479304527900463,-1.5505191094166404e-132,0.0,point_mass_3dof,legacy_runner_defaults,-0.7562951013162765,0.0,0.0,0.0893225837337992,reduced_response_law,0.0,0
1202.0,-1054.6607961131706,1523.8819284387803,12.138249224999958,152.4,5,6,right-turn,0.0,0.0,0.0,152.4,-55.31334628512491,0.0,0.0,0.0,2.145234829781838,-173.23628695477618,0.0,0.0,0.0,499.41832206810614,0.0,-37327.637680273045,14209.80201289175,0.4479304527900463,-5.1683970313888015e-133,0.0,point_mass_3dof,legacy_runner_defaults,-0.7562951013162765,0.0,0.0,0.0893225837337992,reduced_response_law,0.0,0
1204.0,-1357.3394787520124,1487.9840862192914,12.138249224999958,152.4,5,6,right-turn,0.0,0.0,0.0,152.4,-47.628921025287966,0.0,0.0,0.0,2.145234829781838,-157.2362869547762,0.0,0.0,0.0,499.41832206810614,0.0,-37327.637680273045,14209.80201289175,0.4479304527900463,-1.722799010462934e-133,0.0,point_mass_3dof,legacy_runner_defaults,-0.7562951013162765,0.0,0.0,0.0893225837337992,reduced_response_law,0.0,0
1206.0,-1638.3981162408859,1370.0473137821164,12.138249224999958,152.4,5,6,right-turn,0.0,0.0,0.0,152.4,-39.90275481189526,0.0,0.0,0.0,2.145234829781838,-141.2362869547762,0.0,0.0,0.0,499.41832206810614,0.0,-37327.637680273045,14209.80201289175,0.4479304527900463,-5.74266336820978e-134,0.0,point_mass_3dof,legacy_runner_defaults,-0.7562951013162765,0.0,0.0,0.0893225837337992,reduced_response_law,0.0,0
1208.0,-1876.0612386633795,1179.2089522287044,12.138249224999958,152.4,5,6,right-turn,0.0,0.0,0.0,152.4,-32.15164845639971,0.0,0.0,0.0,2.145234829781838,-125.2362869547762,0.0,0.0,0.0,499.41832206810614,0.0,-37327.637680273045,14209.80201289175,0.4479304527900463,-1.9142211227365932e-134,0.0,point_mass_3dof,legacy_runner_defaults,-0.7562951013162765,0.0,0.0,0.0893225837337992,reduced_response_law,0.0,0
1210.0,-2051.915513418191,930.2545105120337,12.138249224999958,152.4,5,6,right-turn,0.0,0.0,0.0,152.4,-24.38759434529741,0.0,0.0,0.0,2.145234829781838,-109.2362869547762,0.0,0.0,0.0,499.41832206810614,0.0,-37327.637680273045,14209.80201289175,0.4479304527900463,-6.380737075788643e-135,0.0,point_mass_3dof,legacy_runner_defaults,-0.7562951013162765,0.0,0.0,0.0893225837337992,reduced_response_law,0.0,0
1212.0,-2152.336347773324,642.4721343535571,12.138249224999958,152.4,5,6,right-turn,0.0,0.0,0.0,152.4,-16.62035782730349,0.0,0.0,0.0,2.145234829781838,-93.2362869547762,0.0,0.0,0.0,499.41832206810614,0.0,-37327.637680273045,14209.80201289175,0.4479304527900463,-2.1269123585962144e-135,0.0,point_mass_3dof,legacy_runner_defaults,-0.7562951013162765,0.0,0.0,0.0893225837337992,reduced_response_law,0.0,0
1214.0,-2169.5434760980247,338.15822613571487,12.138249224999958,152.4,5,6,right-turn,0.0,0.0,0.0,152.4,-8.859184855305603,0.0,0.0,0.0,2.145234829781838,-77.2362869547762,0.0,0.0,0.0,499.41832206810614,0.0,-37327.637680273045,14209.80201289175,0.4479304527900463,-7.08970786198738e-136,0.0,point_mass_3dof,legacy_runner_defaults,-0.7562951013162765,0.0,0.0,0.0893225837337992,reduced_response_law,0.0,0
1216.0,-2102.2037484541515,40.889995271989676,12.138249224999958,152.4,5,6,right-turn,0.0,0.0,0.0,152.4,-1.1143205121185737,0.0,0.0,0.0,2.145234829781838,-61.23628695477621,0.0,0.0,0.0,499.41832206810614,0.0,-37327.637680273045,14209.80201289175,0.4479304527900463,-2.3632359539957933e-136,0.0,point_mass_3dof,legacy_runner_defaults,-0.7562951013162765,0.0,0.0,0.0893225837337992,reduced_response_law,0.0,0
1218.0,-1955.5344185315032,-226.30122400746444,12.138249224999958,152.4,5,6,right-turn,0.0,0.0,0.0,152.4,6.601103634478863,0.0,0.0,0.0,2.145234829781838,-45.23628695477621,0.0,0.0,0.0,499.41832206810614,0.0,-37327.637680273045,14209.80201289175,0.4479304527900463,-7.877453179985978e-137,0.0,point_mass_3dof,legacy_runner_defaults,-0.7562951013162765,0.0,0.0,0.0893225837337992,reduced_response_law,0.0,0
1220.0,-1740.8989285282128,-442.7143623125299,12.138249224999958,152.4,5,6,right-turn,0.0,0.0,0.0,152.4,14.268003604676682,0.0,0.0,0.0,2.145234829781838,-29.236286954776215,0.0,0.0,0.0,499.41832206810614,0.0,-37327.637680273045,14209.80201289175,0.4479304527900463,-2.6258177266619927e-137,0.0,point_mass_3dof,legacy_runner_defaults,-0.7562951013162765,0.0,0.0,0.0893225837337992,reduced_response_law,0.0,0
1222.0,-1474.926508192631,-591.5824637339981,12.138249224999958,152.4,5,6,right-turn,0.0,0.0,0.0,152.4,21.85536774744959,0.0,0.0,0.0,2.145234829781838,-13.236286954776219,0.0,0.0,0.0,499.41832206810614,0.0,-37327.637680273045,14209.80201289175,0.4479304527900463,-8.752725755539978e-138,0.0,point_mass_3dof,legacy_runner_defaults,-0.7562951013162765,0.0,0.0,0.0893225837337992,reduced_response_law,0.0,0
1224.0,-1178.2237985067197,-661.3717327159691,12.138249224999958,152.4,5,6,right-turn,0.0,0.0,0.0,152.4,29.306781174454905,0.0,0.0,0.0,2.145234829781838,2.763713045223779,0.0,0.0,0.0,499.41832206810614,0.0,-37327.637680273045,14209.80201289175,0.4479304527900463,-2.9175752518466584e-138,0.0,point_mass_3dof,legacy_runner_defaults,-0.7562951013162765,0.0,0.0,0.0893225837337992,reduced_response_law,0.0,0
1226.0,-873.7783190379542,-646.6751334143107,12.138249224999958,152.4,5,6,right-turn,0.0,0.0,0.0,152.4,36.5047957507756,0.0,0.0,0.0,2.145234829781838,16.03524710983934,0.0,0.0,0.0,499.41832206810614,0.0,-37327.637680273045,14209.80201289175,0.4479304527900463,-9.725250839488863e-139,0.0,point_mass_3dof,legacy_runner_defaults,-0.7562951013162765,0.0,0.0,0.0893225837337992,reduced_response_law,0.0,0
1228.0,-580.8374932914677,-562.4806406551842,12.138249224999958,152.4,5,6,right-turn,0.0,0.0,0.0,152.4,44.0801511966496,0.0,0.0,0.0,2.145234829781838,26.270021430307473,0.0,0.0,0.0,499.41832206810614,0.0,-37327.637680273045,14209.80201289175,0.4479304527900463,-3.241750279829621e-139,0.0,point_mass_3dof,legacy_runner_defaults,-0.7562951013162765,0.0,0.0,0.0893225837337992,reduced_response_law,0.0,0
1230.0,-307.51780620941383,-427.57553084325684,12.138249224999958,152.4,5,6,right-turn,0.0,0.0,0.0,152.4,54.275827273393254,0.0,0.0,0.0,2.145234829781838,35.17508631347853,0.0,0.0,0.0,499.41832206810614,0.0,-37327.637680273045,14209.80201289175,0.4479304527900463,-1.0805834266098736e-139,0.0,point_mass_3dof,legacy_runner_defaults,-0.7562951013162765,0.0,0.0,0.0893225837337992,reduced_response_law,0.0,0
1232.0,-58.3756673332538,-251.9872777161977,12.138249224999958,152.4,5,6,right-turn,0.0,0.0,0.0,152.4,76.95687232783214,0.0,0.0,0.0,2.145234829781838,44.72545679343589,0.0,0.0,0.0,499.41832206810614,0.0,-37327.637680273045,14209.80201289175,0.4479304527900463,-3.6019447553662464e-140,0.0,point_mass_3dof,legacy_runner_defaults,-0.7562951013162765,0.0,0.0,0.0893225837337992,reduced_response_law,0.0,0
1234.0,158.18073431200864,-37.49633406948851,12.138249224999958,152.4,5,6,right-turn,0.0,0.0,0.0,152.4,166.6643307137509,0.0,0.0,0.0,2.145234829781838,60.72545679343591,0.0,0.0,0.0,499.41832206810614,0.0,-37327.637680273045,14209.80201289175,0.4479304527900463,-1.2006482517887486e-140,0.0,point_mass_3dof,legacy_runner_defaults,-0.7562951013162765,0.0,0.0,0.0893225837337992,reduced_response_law,0.0,0
1236.0,307.22639167036135,228.3766281185018,12.138249224999958,152.4,5,6,right-turn,0.0,0.0,0.0,152.4,-143.37474579836015,0.0,0.0,0.0,2.145234829781838,76.72545679343594,0.0,0.0,0.0,499.41832206810614,0.0,-37327.637680273045,14209.80201289175,0.4479304527900463,-4.002160839295829e-141,0.0,point_mass_3dof,legacy_runner_defaults,-0.7562951013162765,0.0,0.0,0.0893225837337992,reduced_response_law,0.0,0
1238.0,377.2137527541623,525.0326735457368,12.138249224999958,152.4,5,6,right-turn,0.0,0.0,0.0,152.4,-125.69564602221885,0.0,0.0,0.0,2.145234829781838,92.72545679343595,0.0,0.0,0.0,499.41832206810614,0.0,-37327.637680273045,14209.80201289175,0.4479304527900463,-1.3340536130986092e-141,0.0,point_mass_3dof,legacy_runner_defaults,-0.7562951013162765,0.0,0.0,0.0893225837337992,reduced_response_law,0.0,0
1240.0,362.7204342151335,829.487898033224,12.138249224999958,152.4,5,6,right-turn,0.0,0.0,0.0,152.4,-113.61891089131227,0.0,0.0,0.0,2.145234829781838,108.72545679343598,0.0,0.0,0.0,499.41832206810614,0.0,-37327.637680273045,14209.80201289175,0.4479304527900463,-4.446845376995365e-142,0.0,point_mass_3dof,legacy_runner_defaults,-0.7562951013162765,0.0,0.0,0.0893225837337992,reduced_response_law,0.0,0
1242.0,264.8693292141304,1118.1541434622363,12.138249224999958,152.4,5,6,right-turn,0.0,0.0,0.0,152.4,-103.32663447010302,0.0,0.0,0.0,2.145234829781838,124.72545679343601,0.0,0.0,0.0,499.41832206810614,0.0,-37327.637680273045,14209.80201289175,0.4479304527900463,-1.4822817923317882e-142,0.0,point_mass_3dof,legacy_runner_defaults,-0.7562951013162765,0.0,0.0,0.0893225837337992,reduced_response_law,0.0,0
1244.0,91.24160946775373,1368.6665282572274,12.138249224999958,152.4,5,6,right-turn,0.0,0.0,0.0,152.4,-93.81395706480757,0.0,0.0,0.0,2.145234829781838,140.72545679343602,0.0,0.0,0.0,499.41832206810614,0.0,-37327.637680273045,14209.80201289175,0.4479304527900463,-4.940939307772627e-143,0.0,point_mass_3dof,legacy_runner_defaults,-0.7562951013162765,0.0,0.0,0.0893225837337992,reduced_response_law,0.0,0
1246.0,-144.7106382218535,1561.6162025513868,12.138249224999958,152.4,5,6,right-turn,0.0,0.0,0.0,152.4,-84.70567911582803,0.0,0.0,0.0,2.145234829781838,156.72545679343605,0.0,0.0,0.0,499.41832206810614,0.0,-37327.637680273045,14209.80201289175,0.4479304527900463,-1.6469797692575423e-143,0.0,point_mass_3dof,legacy_runner_defaults,-0.7562951013162765,0.0,0.0,0.0893225837337992,reduced_response_law,0.0,0
1248.0,-424.70663402461696,1682.0540800418958,12.138249224999958,152.4,5,6,right-turn,0.0,0.0,0.0,152.4,-75.8294073731343,0.0,0.0,0.0,2.145234829781838,172.72545679343608,0.0,0.0,0.0,499.41832206810614,0.0,-37327.637680273045,14209.80201289175,0.4479304527900463,-5.489932564191807e-144,0.0,point_mass_3dof,legacy_runner_defaults,-0.7562951013162765,0.0,0.0,0.0893225837337992,reduced_response_law,0.0,0
1250.0,-727.0532378976154,1720.6490424912124,12.138249224999958,152.4,5,6,right-turn,0.0,0.0,0.0,152.4,-67.09370957910133,0.0,0.0,0.0,2.145234829781838,-171.2745432065639,0.0,0.0,0.0,499.41832206810614,0.0,-37327.637680273045,14209.80201289175,0.4479304527900463,-1.829977521397269e-144,0.0,point_mass_3dof,legacy_runner_defaults,-0.7562951013162765,0.0,0.0,0.0893225837337992,reduced_response_law,0.0,0
1252.0,-1028.325660495151,1674.4108831181152,12.138249224999958,152.4,5,6,right-turn,0.0,0.0,0.0,152.4,-58.44417650518325,0.0,0.0,0.0,2.145234829781838,-155.27454320656392,0.0,0.0,0.0,499.41832206810614,0.0,-37327.637680273045,14209.80201289175,0.4479304527900463,-6.0999250713242295e-145,0.0,point_mass_3dof,legacy_runner_defaults,-0.7562951013162765,0.0,0.0,0.0893225837337992,reduced_response_law,0.0,0
1254.0,-1305.1823363932583,1546.921977676699,12.138249224999958,152.4,5,6,right-turn,0.0,0.0,0.0,152.4,-49.84471614288863,0.0,0.0,0.0,2.145234829781838,-139.27454320656392,0.0,0.0,0.0,499.41832206810614,0.0,-37327.637680273045,14209.80201289175,0.4479304527900463,-2.0333083571080766e-145,0.0,point_mass_3dof,legacy_runner_defaults,-0.7562951013162765,0.0,0.0,0.0893225837337992,reduced_response_law,0.0,0
1256.0,-1536.1733494070431,1348.0597341339253,12.138249224999958,152.4,5,6,right-turn,0.0,0.0,0.0,152.4,-41.26837635670707,0.0,0.0,0.0,2.145234829781838,-123.27454320656392,0.0,0.0,0.0,499.41832206810614,0.0,-37327.637680273045,14209.80201289175,0.4479304527900463,-6.77769452369359e-146,0.0,point_mass_3dof,legacy_runner_defaults,-0.7562951013162765,0.0,0.0,0.0893225837337992,reduced_response_law,0.0,0
1258.0,-1703.402299341218,1093.23132460329,12.138249224999958,152.4,5,6,right-turn,0.0,0.0,0.0,152.4,-32.69205525315873,0.0,0.0,0.0,2.145234829781838,-107.27454320656392,0.0,0.0,0.0,499.41832206810614,0.0,-37327.637680273045,14209.80201289175,0.4479304527900463,-2.2592315078978634e-146,0.0,point_mass_3dof,legacy_runner_defaults,-0.7562951013162765,0.0,0.0,0.0893225837337992,reduced_response_law,0.0,0
1260.0,-1793.9128543748513,802.1799899086976,12.138249224999958,152.4,5,6,right-turn,0.0,0.0,0.0,152.4,-24.092653955823852,0.0,0.0,0.0,2.145234829781838,-91.27454320656392,0.0,0.0,0.0,499.41832206810614,0.0,-37327.637680273045,14209.80201289175,0.4479304527900463,-7.530771692992879e-147,0.0,point_mass_3dof,legacy_runner_defaults,-0.7562951013162765,0.0,0.0,0.0893225837337992,reduced_response_law,0.0,0
1262.0,-1800.6925637045745,497.4554002520628,12.138249224999958,152.4,5,6,right-turn,0.0,0.0,0.0,152.4,-15.443230462201472,0.0,0.0,0.0,2.145234829781838,-75.27454320656392,0.0,0.0,0.0,499.41832206810614,0.0,-37327.637680273045,14209.80201289175,0.4479304527900463,-2.5102572309976256e-147,0.0,point_mass_3dof,legacy_runner_defaults,-0.7562951013162765,0.0,0.0,0.0893225837337992,reduced_response_law,0.0,0
1264.0,-1723.2161584474582,202.66658325176502,12.138249224999958,152.4,5,6,right-turn,0.0,0.0,0.0,152.4,-6.707713967636086,0.0,0.0,0.0,2.145234829781838,-59.274543206563926,0.0,0.0,0.0,499.41832206810614,0.0,-37327.637680273045,14209.80201289175,0.4479304527900463,-8.367524103325419e-148,0.0,point_mass_3dof,legacy_runner_defaults,-0.7562951013162765,0.0,0.0,0.0893225837337992,reduced_response_law,0.0,0
1266.0,-1567.4862476924147,-59.34722343831419,12.138249224999958,152.4,5,6,right-turn,0.0,0.0,0.0,152.4,2.1682627505095353,0.0,0.0,0.0,2.145234829781838,-43.274543206563926,0.0,0.0,0.0,499.41832206810614,0.0,-37327.637680273045,14209.80201289175,0.4479304527900463,-2.7891747011084727e-148,0.0,point_mass_3dof,legacy_runner_defaults,-0.7562951013162765,0.0,0.0,0.0893225837337992,reduced_response_law,0.0,0
1268.0,-1345.5682567080987,-268.2860787943371,12.138249224999958,152.4,5,6,right-turn,0.0,0.0,0.0,152.4,11.276044862906602,0.0,0.0,0.0,2.145234829781838,-27.27454320656393,0.0,0.0,0.0,499.41832206810614,0.0,-37327.637680273045,14209.80201289175,0.4479304527900463,-9.297249003694909e-149,0.0,point_mass_3dof,legacy_runner_defaults,-0.7562951013162765,0.0,0.0,0.0893225837337992,reduced_response_law,0.0,0
1270.0,-1074.655638717526,-407.9621089981413,12.138249224999958,152.4,5,6,right-turn,0.0,0.0,0.0,152.4,20.787825680600356,0.0,0.0,0.0,2.145234829781838,-11.274543206563933,0.0,0.0,0.0,499.41832206810614,0.0,-37327.637680273045,14209.80201289175,0.4479304527900463,-3.0990830012316367e-149,0.0,point_mass_3dof,legacy_runner_defaults,-0.7562951013162765,0.0,0.0,0.0893225837337992,reduced_response_law,0.0,0
1272.0,-775.7377844604263,-467.5536889933997,12.138249224999958,152.4,5,6,right-turn,0.0,0.0,0.0,152.4,31.078265397472823,0.0,0.0,0.0,2.145234829781838,4.725456793436064,0.0,0.0,0.0,499.41832206810614,0.0,-37327.637680273045,14209.80201289175,0.4479304527900463,-1.0330276670772124e-149,0.0,point_mass_3dof,legacy_runner_defaults,-0.7562951013162765,0.0,0.0,0.0893225837337992,reduced_response_law,0.0,0
1274.0,-471.97383539215315,-442.44386528936775,12.138249224999958,152.4,5,6,right-turn,0.0,0.0,0.0,152.4,43.1503476421501,0.0,0.0,0.0,2.145234829781838,17.901861095454436,0.0,0.0,0.0,499.41832206810614,0.0,-37327.637680273045,14209.80201289175,0.4479304527900463,-3.443425556924041e-150,0.0,point_mass_3dof,legacy_runner_defaults,-0.7562951013162765,0.0,0.0,0.0893225837337992,reduced_response_law,0.0,0
1276.0,-181.93090425388743,-348.75214688948324,12.138249224999958,152.4,5,6,right-turn,0.0,0.0,0.0,152.4,62.45064131096027,0.0,0.0,0.0,2.145234829781838,30.526104368802258,0.0,0.0,0.0,499.41832206810614,0.0,-37327.637680273045,14209.80201289175,0.4479304527900463,-1.1478085189746803e-150,0.0,point_mass_3dof,legacy_runner_defaults,-0.7562951013162765,0.0,0.0,0.0893225837337992,reduced_response_law,0.0,0
1278.0,80.62315521318988,-193.93481627899104,12.138249224999958,152.4,5,6,right-turn,0.0,0.0,0.0,152.4,112.5737775232631,0.0,0.0,0.0,2.145234829781838,46.48837283988127,0.0,0.0,0.0,499.41832206810614,0.0,-37327.637680273045,14209.80201289175,0.4479304527900463,-3.826028396582268e-151,0.0,point_mass_3dof,legacy_runner_defaults,-0.7562951013162765,0.0,0.0,0.0893225837337992,reduced_response_law,0.0,0
1280.0,290.47849268389507,27.116710146538225,12.138249224999958,152.4,5,6,right-turn,0.0,0.0,0.0,152.4,-174.6667882858563,0.0,0.0,0.0,2.145234829781838,62.48837283988129,0.0,0.0,0.0,499.41832206810614,0.0,-37327.637680273045,14209.80201289175,0.4479304527900463,-1.275342798860756e-151,0.0,point_mass_3dof,legacy_runner_defaults,-0.7562951013162765,0.0,0.0,0.0893225837337992,reduced_response_law,0.0,0
1282.0,431.27433203944884,297.44904565260583,12.138249224999958,152.4,5,6,right-turn,0.0,0.0,0.0,152.4,-145.40604830379883,0.0,0.0,0.0,2.145234829781838,78.48837283988132,0.0,0.0,0.0,499.41832206810614,0.0,-37327.637680273045,14209.80201289175,0.4479304527900463,-4.251142662869186e-152,0.0,point_mass_3dof,legacy_runner_defaults,-0.7562951013162765,0.0,0.0,0.0893225837337992,reduced_response_law,0.0,0
1284.0,492.10228920870105,596.1177578181348,12.138249224999958,152.4,5,6,right-turn,0.0,0.0,0.0,152.4,-129.54007777289533,0.0,0.0,0.0,2.145234829781838,94.48837283988134,0.0,0.0,0.0,499.41832206810614,0.0,-37327.637680273045,14209.80201289175,0.4479304527900463,-1.4170475542897287e-152,0.0,point_mass_3dof,legacy_runner_defaults,-0.7562951013162765,0.0,0.0,0.0893225837337992,reduced_response_law,0.0,0
1286.0,468.24962039110494,899.9830078719672,12.138249224999958,152.4,5,6,right-turn,0.0,0.0,0.0,152.4,-117.48738204771078,0.0,0.0,0.0,2.145234829781838,110.48837283988136,0.0,0.0,0.0,499.41832206810614,0.0,-37327.637680273045,14209.80201289175,0.4479304527900463,-4.7234918476324295e-153,0.0,point_mass_3dof,legacy_runner_defaults,-0.7562951013162765,0.0,0.0,0.0893225837337992,reduced_response_law,0.0,0
1288.0,361.5643494613377,1185.5023469133746,12.138249224999958,152.4,5,6,right-turn,0.0,0.0,0.0,152.4,-106.9610927550623,0.0,0.0,0.0,2.145234829781838,126.48837283988138,0.0,0.0,0.0,499.41832206810614,0.0,-37327.637680273045,14209.80201289175,0.4479304527900463,-1.574497282544143e-153,0.0,point_mass_3dof,legacy_runner_defaults,-0.7562951013162765,0.0,0.0,0.0893225837337992,reduced_response_law,0.0,0
1290.0,180.31208934775967,1430.5547049998045,12.138249224999958,152.4,5,6,right-turn,0.0,0.0,0.0,152.4,-97.18387581122695,0.0,0.0,0.0,2.145234829781838,142.4883728398814,0.0,0.0,0.0,499.41832206810614,0.0,-37327.637680273045,14209.80201289175,0.4479304527900463,-5.2483242751471436e-154,0.0,point_mass_3dof,legacy_runner_defaults,-0.7562951013162765,0.0,0.0,0.0893225837337992,reduced_response_law,0.0,0
1292.0,-61.464349621335714,1616.1542566140886,12.138249224999958,152.4,5,6,right-turn,0.0,0.0,0.0,152.4,-87.82202014029016,0.0,0.0,0.0,2.145234829781838,158.48837283988144,0.0,0.0,0.0,499.41832206810614,0.0,-37327.637680273045,14209.80201289175,0.4479304527900463,-1.749441425049048e-154,0.0,point_mass_3dof,legacy_runner_defaults,-0.7562951013162765,0.0,0.0,0.0893225837337992,reduced_response_law,0.0,0
1294.0,-345.03294903047777,1727.9213780279351,12.138249224999958,152.4,5,6,right-turn,0.0,0.0,0.0,152.4,-78.70764679763754,0.0,0.0,0.0,2.145234829781838,174.48837283988146,0.0,0.0,0.0,499.41832206810614,0.0,-37327.637680273045,14209.80201289175,0.4479304527900463,-5.831471416830161e-155,0.0,point_mass_3dof,legacy_runner_defaults,-0.7562951013162765,0.0,0.0,0.0893225837337992,reduced_response_law,0.0,0
1296.0,-648.4237756271536,1757.1967317744875,12.138249224999958,152.4,5,6,right-turn,0.0,0.0,0.0,152.4,-69.74541739578133,0.0,0.0,0.0,2.145234829781838,-169.51162716011854,0.0,0.0,0.0,499.41832206810614,0.0,-37327.637680273045,14209.80201289175,0.4479304527900463,-1.9438238056100533e-155,0.0,point_mass_3dof,legacy_runner_defaults,-0.7562951013162765,0.0,0.0,0.0893225837337992,reduced_response_law,0.0,0
1298.0,-948.1311372309096,1701.712162743851,12.138249224999958,152.4,5,6,right-turn,0.0,0.0,0.0,152.4,-60.875063648868114,0.0,0.0,0.0,2.145234829781838,-153.51162716011854,0.0,0.0,0.0,499.41832206810614,0.0,-37327.637680273045,14209.80201289175,0.4479304527900463,-6.479412685366844e-156,0.0,point_mass_3dof,legacy_runner_defaults,-0.7562951013162765,0.0,0.0,0.0893225837337992,reduced_response_law,0.0,0
1300.0,-1220.9347240350846,1565.766427147706,12.138249224999958,152.4,5,6,right-turn,0.0,0.0,0.0,152.4,-52.05403071584917,0.0,0.0,0.0,2.145234829781838,-137.51162716011854,0.0,0.0,0.0,499.41832206810614,0.0,-37327.637680273045,14209.80201289175,0.4479304527900463,-2.1598042284556144e-156,0.0,point_mass_3dof,legacy_runner_defaults,-0.7562951013162765,0.0,0.0,0.0893225837337992,reduced_response_law,0.0,0
1302.0,-1445.6986394502042,1359.8921394688775,12.138249224999958,152.4,5,6,right-turn,0.0,0.0,0.0,152.4,-43.24820558212756,0.0,0.0,0.0,2.145234829781838,-121.51162716011854,0.0,0.0,0.0,499.41832206810614,0.0,-37327.637680273045,14209.80201289175,0.4479304527900463,-7.19934742818538e-157,0.0,point_mass_3dof,legacy_runner_defaults,-0.7562951013162765,0.0,0.0,0.0893225837337992,reduced_response_law,0.0,0
1304.0,-1605.0089376813783,1100.0397412165344,12.138249224999958,152.4,5,6,right-turn,0.0,0.0,0.0,152.4,-34.425928526684295,0.0,0.0,0.0,2.145234829781838,-105.51162716011854,0.0,0.0,0.0,499.41832206810614,0.0,-37327.637680273045,14209.80201289175,0.4479304527900463,-2.3997824760617938e-157,0.0,point_mass_3dof,legacy_runner_defaults,-0.7562951013162765,0.0,0.0,0.0893225837337992,reduced_response_law,0.0,0
1306.0,-1686.5227971825343,806.3417148199891,12.138249224999958,152.4,5,6,right-turn,0.0,0.0,0.0,152.4,-25.552882717514454,0.0,0.0,0.0,2.145234829781838,-89.51162716011854,0.0,0.0,0.0,499.41832206810614,0.0,-37327.637680273045,14209.80201289175,0.4479304527900463,-7.999274920205978e-158,0.0,point_mass_3dof,legacy_runner_defaults,-0.7562951013162765,0.0,0.0,0.0893225837337992,reduced_response_law,0.0,0
1308.0,-1683.9248006044784,501.5527871769718,12.138249224999958,152.4,5,6,right-turn,0.0,0.0,0.0,152.4,-16.586031134827522,0.0,0.0,0.0,2.145234829781838,-73.51162716011854,0.0,0.0,0.0,499.41832206810614,0.0,-37327.637680273045,14209.80201289175,0.4479304527900463,-2.6664249734019926e-158,0.0,point_mass_3dof,legacy_runner_defaults,-0.7562951013162765,0.0,0.0,0.0893225837337992,reduced_response_law,0.0,0
