query_id,acceleration_ecic_x_m_s2,acceleration_ecic_y_m_s2,acceleration_ecic_z_m_s2,aero_force_body_x_n,aero_force_body_y_n,aero_force_body_z_n,aero_moment_body_x_nm,aero_moment_body_y_nm,aero_moment_body_z_nm,air_relative_speed_m_s,air_relative_velocity_m_s,angular_acceleration_body_x_rad_s2,angular_acceleration_body_y_rad_s2,angular_acceleration_body_z_rad_s2,angular_rate_norm_rad_s,attitude_quaternion,attitude_rate_rad_s,configuration_variant_id,drag_force_n,event_id,force_body_x_n,force_body_y_n,force_body_z_n,force_ecic_x_n,force_ecic_y_n,force_ecic_z_n,gravity_force_body_x_n,gravity_force_body_y_n,gravity_force_body_z_n,heat_rate_w_m2,inertia_x_kg_m2,inertia_xz_kg_m2,inertia_y_kg_m2,inertia_z_kg_m2,mass_kg,mass_property_profile_id,moment_body_x_nm,moment_body_y_nm,moment_body_z_nm,pitch_deg,position_m,projected_area_m2,projected_area_policy,projected_area_ratio_to_reference_average,projected_area_reference_average_m2,propellant_mass_rate_kg_s,propulsion_force_body_x_n,propulsion_force_body_y_n,propulsion_force_body_z_n,propulsion_moment_body_x_nm,propulsion_moment_body_y_nm,propulsion_moment_body_z_nm,query_id,realized_state_fidelity,requested_fidelity,roll_deg,rotation_equation_residual_nm,rotation_equation_residual_normalized,termination,time_s,total_force_body_x_n,total_force_body_y_n,total_force_body_z_n,total_force_ecic_n,total_force_ecic_x_n,total_force_ecic_y_n,total_force_ecic_z_n,total_moment_body_x_nm,total_moment_body_y_nm,total_moment_body_z_nm,translation_equation_residual_n,translation_equation_residual_normalized,velocity_m_s,wind_velocity_m_s,yaw_deg
query-000000,-449.62056247439665,0.0,-0.9871516212666478,-5395.44674969276,-0.0,105.83398054480023,-0.036449999999999996,-49.52069124516011,-2.8430999999999997,249.63310272568896,"[249.58509155282766, 0.0, -4.895717620636012]",-0.04999999999999878,-1.9447574652383712,-0.2169230769230769,0.7632168761236874,"[1.0, 0.0, 0.0, 0.0]","[0.25, 0.4, 0.6]",nominal-cone-pseudo_6dof,5396.484639115369,booster-release,-5395.44674969276,-0.0,105.83398054480023,-5395.44674969276,0.0,105.83398054480023,0.0,0.0,-117.6798,0.0,0.729,0.0,23.6925,23.6925,12.0,alpha3-passive-deployment-parent-v1,-0.036449999999999996,-49.52069124516011,-2.8430999999999997,0.0,"[124.89632360772165, 0.0, 998.7748546767486]",0.6360501592339908,native_rigid_body_reuse_instantaneous_projected_area,0.825342452863118,0.7706499974980432,0.0,0.0,0.0,0.0,0.0,0.0,0.0,query-000000,rigid_body_6dof,pseudo_6dof,0.0,4.440892098500626e-16,8.953004986073688e-18,,0.5,-5395.44674969276,0.0,-11.845819455199774,5395.459753552865,-5395.44674969276,0.0,-11.845819455199774,-0.036449999999999996,-49.52069124516011,-2.8430999999999997,0.0,0.0,"[249.58509155282766, 0.0, -4.895717620636012]","[0.0, 0.0, 0.0]",0.0
query-000000,-210.59543667557912,7.401486830834376e-15,-3.142780969763836,-2424.918050369521,678.4057908635648,-228.9011275096364,-0.0346723125231967,99.24249197131125,295.41373170589424,172.6095798654415,"[172.52322955460272, -4.175864900781948e-16, -5.459150609214309]",-0.047561471225235526,4.668814444359936,12.285619529796737,2.2416164883139524,"[0.9885104972957778, 0.03096691295757471, 0.0574125715891416, 0.13635191110304887]","[0.23780735612617762, 0.79413641617076, 2.0827000491104606]",nominal-cone-pseudo_6dof,2528.410111959751,booster-release,-2424.918050369521,678.4057908635648,-228.9011275096364,-2527.1452401069496,8.881784197001252e-14,79.96642836283397,12.363564982804897,-9.047089430343537,-116.67830887442328,0.0,0.729,0.0,23.6925,23.6925,12.0,alpha3-passive-deployment-parent-v1,-0.0346723125231967,99.24249197131125,295.41373170589424,6.03068472053054,"[176.43452032776935, -1.779633539299318e-17, 997.4918119186589]",0.6232136290050163,native_rigid_body_reuse_instantaneous_projected_area,0.8086856952291092,0.7706499974980432,0.0,0.0,0.0,0.0,0.0,0.0,0.0,query-000000,rigid_body_6dof,pseudo_6dof,4.433771279232444,1.4210854715202004e-14,4.560049532173189e-17,,0.7500000000000002,-2412.5544853867164,669.3587014332212,-345.5794363840597,2527.4266286077336,-2527.1452401069496,8.881784197001252e-14,-37.713371637166034,-0.0346723125231967,99.24249197131125,295.41373170589424,4.547473508864641e-13,1.79925045395667e-16,"[172.52322955460272, -4.175864900781948e-16, -5.459150609214309]","[0.0, 0.0, 0.0]",15.94093863731958
query-000000,-146.4281641756774,-5.329070518200751e-15,-2.7237000179230884,-67.75580999380789,1631.042187283526,-655.6436513028779,-0.03298132388768796,279.0494227011567,695.4417050026277,125.3793318259015,"[125.23290732107313, 1.1687988539973069e-15, -6.057703609539435]",-0.04524187090233422,13.560610860605163,28.612957709207524,8.806064594769277,"[0.7140145498237159, 0.05205125526988181, 0.24326307111051776, 0.6544440141820729]","[0.22620935451089133, 3.374532106180931, 8.130690993976762]",nominal-cone-pseudo_6dof,1759.1924465448099,booster-release,-67.75580999380789,1631.042187283526,-655.6436513028779,-1757.1379701081291,-6.394884621840902e-14,84.99539978492294,32.862964339753056,-46.216956096594444,-103.11427579151967,0.0,0.729,0.0,23.6925,23.6925,12.0,alpha3-passive-deployment-parent-v1,-0.03298132388768796,279.0494227011567,695.4417050026277,16.215893775331075,"[213.3960042998497, 6.864204420913783e-17, 996.0463980227676]",0.8216877511506357,native_rigid_body_reuse_instantaneous_projected_area,1.0662268913492368,0.7706499974980432,0.0,0.0,0.0,0.0,0.0,0.0,0.0,query-000000,rigid_body_6dof,pseudo_6dof,24.142448989821656,1.2710574864626038e-13,1.6962400647264482e-16,,1.0000000000000004,-34.89284565405483,1584.8252311869314,-758.7579270943975,1757.4419239374986,-1757.1379701081291,-6.394884621840902e-14,-32.68440021507706,-0.03298132388768796,279.0494227011567,695.4417050026277,5.684341886080802e-14,3.234440813466653e-17,"[125.23290732107313, 1.1687988539973069e-15, -6.057703609539435]","[0.0, 0.0, 0.0]",88.50497279301781
query-000000,-96.3842706794966,6.365278674517564e-15,-2.996183433005652,547.8262325589155,-910.1875906734703,464.62202009854127,-0.03137280574108924,-229.5885619165138,-453.48665814379063,98.87964804645979,"[98.63372695551867, 1.3559176929393385e-15, -6.969412073909129]",-0.043035398821639995,-7.758073050701831,-20.04316505028218,10.228345031098462,"[-0.5217446985854778, -0.02273803902544281, 0.29415687372917776, 0.8004606078484456]","[0.21517699410897972, 4.32808966385359, 9.26500840787781]",nominal-cone-pseudo_6dof,1159.4949990647306,booster-release,547.8262325589155,-910.1875906734703,464.62202009854127,-1156.6112481539592,7.638334409421077e-14,81.72559880393217,-31.838007436059076,-58.21018156654468,-97.19285659209402,0.0,0.729,0.0,23.6925,23.6925,12.0,alpha3-passive-deployment-parent-v1,-0.03137280574108924,-229.5885619165138,-453.48665814379063,-15.696864934670948,"[241.0164721646881, 3.182485139616474e-16, 994.425949869291]",0.8705979199984172,native_rigid_body_reuse_instantaneous_projected_area,1.129693016057692,0.7706499974980432,0.0,0.0,0.0,0.0,0.0,0.0,0.0,query-000000,rigid_body_6dof,pseudo_6dof,30.9179905122988,6.355287432313019e-14,1.2503214166643177e-16,,1.2500000000000007,515.9882251228564,-968.3977722400149,367.42916350644725,1157.1699460061634,-1156.6112481539592,7.638334409421077e-14,-35.95420119606783,-0.03137280574108924,-229.5885619165138,-453.48665814379063,5.684341886080802e-14,4.9122792254496774e-17,"[98.63372695551867, 1.3559176929393385e-15, -6.969412073909129]","[0.0, 0.0, 0.0]",-118.1732060350828
query-000000,-47.08612562159286,1.4802973661668753e-16,-5.172136019681105,-564.5619498503779,-18.015834343601348,57.454631681487946,-0.02984273595019459,-39.97856691374864,-36.55275464566466,81.16307045220654,"[80.77276072196312, 6.860831347488273e-16, -7.950165443708203]",-0.040936537654587914,-0.49647231816343007,-2.1341213106193413,6.705478639863816,"[-0.9953392219298681, -0.09308685987250413, 0.00013708312632087024, 0.025192280868122356]","[0.20468268827293956, 2.9806864317988944, 6.003087304219491]",nominal-cone-pseudo_6dof,567.763859546918,booster-release,-564.5619498503779,-18.015834343601348,57.454631681487946,-565.0335074591144,1.7763568394002505e-15,55.614167763826735,0.519821357033706,-21.80758644841176,-115.64036616636864,0.0,0.729,0.0,23.6925,23.6925,12.0,alpha3-passive-deployment-parent-v1,-0.02984273595019459,-39.97856691374864,-36.55275464566466,0.25309073193866294,"[263.1665798167422, 5.367687390246525e-16, 992.5741103101648]",0.6325848114059848,native_rigid_body_reuse_instantaneous_projected_area,0.8208457970021482,0.7706499974980432,0.0,0.0,0.0,0.0,0.0,0.0,0.0,query-000000,rigid_body_6dof,pseudo_6dof,10.67948181765638,0.0,0.0,,1.5000000000000009,-564.0421284933442,-39.82342079201311,-58.18573448488069,568.4320603699487,-565.0335074591144,1.7763568394002505e-15,-62.065632236173265,-0.02984273595019459,-39.97856691374864,-36.55275464566466,1.1413006294140622e-13,2.0078048178198772e-16,"[80.77276072196312, 6.860831347488273e-16, -7.950165443708203]","[0.0, 0.0, 0.0]",-2.8760658703754207
query-000000,-45.625466806367434,0.0,-3.8167496729945407,72.78967343307846,506.49350432762117,-207.59320758645475,-0.02838728854354964,75.84869663649869,193.87367720352205,69.23449606444994,"[68.6454530814239, 3.2102021658215264e-16, -9.012059506259671]",-0.03894003915438908,4.557347918648966,7.483263009777995,8.087953968953684,"[-0.6404306487319136, -0.08711992867789176, -0.2840788683040194, -0.7082075252177761]","[0.1947001957719454, 3.7075544533936835, 7.18548058328743]",nominal-cone-pseudo_6dof,552.2037181336259,booster-release,72.78967343307846,506.49350432762117,-207.59320758645475,-547.5056016764092,0.0,71.87880392406551,28.298184919130144,-60.48296060217186,-96.89973960294652,0.0,0.729,0.0,23.6925,23.6925,12.0,alpha3-passive-deployment-parent-v1,-0.02838728854354964,75.84869663649869,193.87367720352205,13.91414305862768,"[281.86288743234604, 6.773613306057218e-16, 990.4436801081887]",0.8453048423121399,native_rigid_body_reuse_instantaneous_projected_area,1.0968725686841856,0.7706499974980432,0.0,0.0,0.0,0.0,0.0,0.0,0.0,query-000000,rigid_body_6dof,pseudo_6dof,31.971620084038417,2.842170943040401e-14,1.365229298362129e-16,,1.750000000000001,101.0878583522086,446.01054372544934,-304.49294718940126,549.4179785087076,-547.5056016764092,0.0,-45.80099607593449,-0.02838728854354964,75.84869663649869,193.87367720352205,1.1368683772161603e-13,2.0692231082462517e-16,"[68.6454530814239, 3.2102021658215264e-16, -9.012059506259671]","[0.0, 0.0, 0.0]",99.75821124270024
query-000000,-32.730692484188125,-5.255055649892407e-15,-4.250931631472158,302.5355335303508,-202.02633833451873,162.38614383892565,-0.027002824144530802,-92.22415042452037,-125.95767837636741,60.77696601873451,"[59.91989623862909, 3.6882148569795797e-16, -10.170822640983037]",-0.03704091103486573,-2.5649246915231876,-6.041815747446314,8.430184918524676,"[0.3642683250161128, 0.01987603885178978, -0.3419087813958873, -0.8660322832746463]","[0.1852045551751084, 4.041444697056837, 7.395974702085889]",nominal-cone-pseudo_6dof,398.3863076716161,booster-release,302.5355335303508,-202.02633833451873,162.38614383892565,-392.76830981025756,-6.306066779870889e-14,66.6686204223341,-25.26191026846383,-71.39498228478078,-90.07290226357716,0.0,0.729,0.0,23.6925,23.6925,12.0,alpha3-passive-deployment-parent-v1,-0.027002824144530802,-92.22415042452037,-125.95767837636741,-12.39596207648819,"[297.8241757501103, 7.60966328530424e-16, 988.0547924520162]",0.7911583490379228,native_rigid_body_reuse_instantaneous_projected_area,1.0266117583941623,0.7706499974980432,0.0,0.0,0.0,0.0,0.0,0.0,0.0,query-000000,rigid_body_6dof,pseudo_6dof,38.40159380316753,3.469446951953614e-18,2.2224237063408e-20,,2.0000000000000013,277.27362326188694,-273.42132061929954,72.31324157534848,396.06702164294285,-392.76830981025756,-6.306066779870889e-14,-51.0111795776659,-0.027002824144530802,-92.22415042452037,-125.95767837636741,1.2710574864626038e-13,3.20919798167006e-16,"[59.91989623862909, 3.6882148569795797e-16, -10.170822640983037]","[0.0, 0.0, 0.0]",-138.7068303399847
query-000000,-24.09485823074012,5.921189464667501e-16,-4.658403617161062,-240.43411412679086,-115.62414490485695,127.43660844474994,-0.025685880871005408,-72.41756764909671,-79.09041218020819,53.44274111935259,"[52.26307021160066, -2.1606944628555367e-17, -11.166829022038437]",-0.035234404487053846,-2.081472933188822,-3.8812898551614303,6.5389332932006505,"[0.9567322062766912, 0.11555847346394993, -0.09338749381383209, -0.2501769387509324]","[0.17617202243487934, 3.180562171353642, 5.710572327323533]",nominal-cone-pseudo_6dof,295.66466696718174,booster-release,-240.43411412679086,-115.62414490485695,127.43660844474994,-289.13829876888144,7.105427357601002e-15,61.77895659406725,-14.224371154571353,-31.519807307956462,-112.48424040978495,0.0,0.729,0.0,23.6925,23.6925,12.0,alpha3-passive-deployment-parent-v1,-0.025685880871005408,-72.41756764909671,-79.09041218020819,-6.942518320901168,"[311.79985626375463, 8.072824816037403e-16, 985.3897126384707]",0.7591417097148138,native_rigid_body_reuse_instantaneous_projected_area,0.9850667776285061,0.7706499974980432,0.0,0.0,0.0,0.0,0.0,0.0,0.0,query-000000,rigid_body_6dof,pseudo_6dof,15.653685792923127,1.4210854715202004e-14,1.3251921937512654e-16,,2.2500000000000004,-254.6584852813622,-147.14395221281342,14.95236803496499,294.49254677912916,-289.13829876888144,7.105427357601002e-15,-55.90084340593275,-0.025685880871005408,-72.41756764909671,-79.09041218020819,1.0634429903501374e-13,3.611103241766336e-16,"[52.26307021160066, -2.1606944628555367e-17, -11.166829022038437]","[0.0, 0.0, 0.0]",-30.263888061340356
query-000000,-22.578960776652952,-3.3491727909525553e-15,-3.8688966548093022,-151.47601279207052,228.74618997820943,-56.74290698502348,-0.024433165678823584,10.642044842577588,76.35145046855177,48.806256791089545,"[47.20138589297009, 9.419548474554082e-17, -12.412891352972476]",-0.03351600230291301,1.3604168232486564,2.7121311671190025,6.432784122024714,"[0.8576963666488776, 0.1283193709345104, 0.19039916949965013, 0.46004264795139294]","[0.16758001151456506, 3.1428222645738058, 5.610284904852268]",nominal-cone-pseudo_6dof,280.159881806874,booster-release,-151.47601279207052,228.74618997820943,-56.74290698502348,-270.94752931983544,-4.0190073491430667e-14,71.25304014228837,24.541485102048057,-46.519012362866285,-105.27218210814027,0.0,0.729,0.0,23.6925,23.6925,12.0,alpha3-passive-deployment-parent-v1,-0.024433165678823584,10.642044842577588,76.35145046855177,12.037074860083349,"[324.23934060766334, 8.126900001724659e-16, 982.4351571288018]",0.8621937340602496,native_rigid_body_reuse_instantaneous_projected_area,1.1187876946206554,0.7706499974980432,0.0,0.0,0.0,0.0,0.0,0.0,0.0,query-000000,rigid_body_6dof,pseudo_6dof,23.84028702405386,1.6758116906701664e-14,2.173850844634554e-16,,2.4999999999999996,-126.93452769002246,182.22717761534315,-162.01508909316374,274.8963580613769,-270.94752931983544,-4.0190073491430667e-14,-46.42675985771163,-0.024433165678823584,10.642044842577588,76.35145046855177,4.0194366942304644e-14,1.4621644035506044e-16,"[47.20138589297009, 9.419548474554082e-17, -12.412891352972476]","[0.0, 0.0, 0.0]",58.96554911004913
query-000000,-15.279945351866068,-1.3692750637043596e-15,-4.947394693766984,166.9094925419668,95.70554831133902,-1.5806904697473787,-0.023241546127495606,-15.712925562469485,13.77357537582122,44.31956292788739,"[42.23528649952374, 2.623287389782723e-17, -13.431464269472555]",-0.031881407582376474,0.29194689458010903,0.04582343344655897,7.089280892726394,"[0.1897241089183066, 0.0561614910051179, 0.364011999155339, 0.9101351074945797]","[0.1594070379114925, 3.46612562495638, 6.18210855002244]",nominal-cone-pseudo_6dof,192.40797608350877,booster-release,166.9094925419668,95.70554831133902,-1.5806904697473787,-183.35934422239282,-1.6431300764452317e-14,58.31106367479619,4.224071119530041,-80.48245999386083,-85.75118765681175,0.0,0.729,0.0,23.6925,23.6925,12.0,alpha3-passive-deployment-parent-v1,-0.023241546127495606,-15.712925562469485,13.77357537582122,2.0570518362812837,"[335.38724000206986, 8.279478568789462e-16, 979.208189885226]",0.7178226780042112,native_rigid_body_reuse_instantaneous_projected_area,0.9314509574186223,0.7706499974980432,0.0,0.0,0.0,0.0,0.0,0.0,0.0,query-000000,rigid_body_6dof,pseudo_6dof,43.184634458639714,1.7763568394002505e-15,8.501281430993937e-17,,2.7499999999999987,171.13356366149685,15.223088317478187,-87.33187812655913,192.7311494453284,-183.35934422239282,-1.6431300764452317e-14,-59.36873632520381,-0.023241546127495606,-15.712925562469485,13.77357537582122,2.842170943040401e-14,1.4746816750795297e-16,"[42.23528649952374, 2.623287389782723e-17, -13.431464269472555]","[0.0, 0.0, 0.0]",157.26403091524315
query-000000,-15.83272727030846,1.0362081563168126e-15,-3.8127570166619797,65.13805993061594,-128.8088105612272,142.95458132413586,-0.02210804254745722,-79.34707423263693,-84.49976709134009,41.310604326804615,"[38.63471084815038, -2.4729446885313633e-17, -14.626180209665815]",-0.030326532986831793,-2.5260159130573596,-4.032295634876287,6.436431080675632,"[-0.6122228767544251, -0.05976968593748854, 0.2866214197496955, 0.7344786556205286]","[0.15163266493454886, 3.169254539785965, 5.600042701020965]",nominal-cone-pseudo_6dof,203.15188616225439,booster-release,65.13805993061594,-128.8088105612272,142.95458132413586,-189.99272724370152,1.2434497875801753e-14,71.92671580005624,-30.96782337433712,-58.15963640994144,-97.50377395854623,0.0,0.729,0.0,23.6925,23.6925,12.0,alpha3-passive-deployment-parent-v1,-0.02210804254745722,-79.34707423263693,-84.49976709134009,-15.257248223694067,"[345.5143796326491, 8.248552304153854e-16, 975.6899017947533]",0.8719730087533683,native_rigid_body_reuse_instantaneous_projected_area,1.1314773393684237,0.7706499974980432,0.0,0.0,0.0,0.0,0.0,0.0,0.0,query-000000,rigid_body_6dof,pseudo_6dof,30.815484943043174,1.4210854715202004e-14,1.22597740313201e-16,,2.999999999999998,34.17023655627882,-186.96844697116865,45.450807365589625,195.42410577844973,-189.99272724370152,1.2434497875801753e-14,-45.75308419994376,-0.02210804254745722,-79.34707423263693,-84.49976709134009,9.532931148469529e-14,4.87807331162969e-16,"[38.63471084815038, -2.4729446885313633e-17, -14.626180209665815]","[0.0, 0.0, 0.0]",-104.6022422274406
query-000000,-11.508181855276842,1.4802973661668753e-16,-4.682884820463617,-125.24713110062574,-24.624623996263544,80.98345271167001,-0.021029820589343853,-48.82494319861654,-33.74959320314375,38.453833998318856,"[35.12933388287071, -1.0306184917831078e-16, -15.640564251843815]",-0.028847490520361938,-1.3919900231936793,-1.7898003539461098,5.452984236878467,"[-0.9768686623771301, -0.12778663603009108, 0.06037909469817964, 0.16047603260629875]","[0.1442374526018097, 2.6131454000981393, 4.783900475852096]",nominal-cone-pseudo_6dof,151.16724370377992,booster-release,-125.24713110062574,-24.624623996263544,80.98345271167001,-138.09818226332212,1.7763568394002505e-15,61.4851821544366,-9.05563786005348,-31.66061052654629,-112.97847800388317,0.0,0.729,0.0,23.6925,23.6925,12.0,alpha3-passive-deployment-parent-v1,-0.021029820589343853,-48.82494319861654,-33.74959320314375,-4.413359506167712,"[354.71722647814363, 8.082182685455035e-16, 971.9090455597659]",0.748497755897098,native_rigid_body_reuse_instantaneous_projected_area,0.9712551201286399,0.7706499974980432,0.0,0.0,0.0,0.0,0.0,0.0,0.0,query-000000,rigid_body_6dof,pseudo_6dof,15.654772117355751,0.0,0.0,,3.249999999999997,-134.3027689606792,-56.28523452280983,-31.995025292213157,149.09373903434928,-138.09818226332212,1.7763568394002505e-15,-56.1946178455634,-0.021029820589343853,-48.82494319861654,-33.74959320314375,1.5888218580782548e-14,1.0656529699830057e-16,"[35.12933388287071, -1.0306184917831078e-16, -15.640564251843815]","[0.0, 0.0, 0.0]",-19.264989101271702
query-000000,-11.57982219920866,-1.0362081563168126e-15,-3.81100538950227,-89.15098048009712,128.2484301012391,9.49779481470846,-0.02000418413663906,-15.926469194834281,35.38133438067795,36.5559486175512,"[32.4626787968286, -9.56603623474764e-17, -16.808089262702598]",-0.027440581806089246,-0.04553355968279428,1.1663411658980445,5.31735115197268,"[-0.8714366378906105, -0.13167993632740083, -0.16454171594263522, -0.4429273125755215]","[0.1372029090304462, 2.4591034142060724, 4.7125586503914]",nominal-cone-pseudo_6dof,156.47928057841202,booster-release,-89.15098048009712,128.2484301012391,9.49779481470846,-138.95786639050394,-1.2434497875801753e-14,71.94773532597276,20.020402931778825,-44.160696158839414,-107.22663712555705,0.0,0.729,0.0,23.6925,23.6925,12.0,alpha3-passive-deployment-parent-v1,-0.02000418413663906,-15.926469194834281,35.38133438067795,9.795149624726847,"[363.1709778413084, 7.848891289994087e-16, 967.8465046226765]",0.8569298229892074,native_rigid_body_reuse_instantaneous_projected_area,1.111957212445697,0.7706499974980432,0.0,0.0,0.0,0.0,0.0,0.0,0.0,query-000000,rigid_body_6dof,pseudo_6dof,22.384041923819687,0.0,0.0,,3.499999999999996,-69.13057754831829,84.0877339423997,-97.72884231084859,146.2898163617364,-138.95786639050394,-1.2434497875801753e-14,-45.73206467402724,-0.02000418413663906,-15.926469194834281,35.38133438067795,2.0097183471152322e-14,1.3737923781008277e-16,"[32.4626787968286, -9.56603623474764e-17, -16.808089262702598]","[0.0, 0.0, 0.0]",55.82858304256911
query-000000,-10.0941247384867,3.608224830031759e-16,-3.783536194337838,78.91302947205263,116.32842949100849,11.696275885895659,-0.019028568563981524,-17.039285553443985,28.423106035146677,34.65855601003628,"[29.762775276477253, -1.9385263793497677e-16, -17.759299325782436]",-0.02610228883948083,-0.08050793989801756,0.8853039228010192,5.6289864344890015,"[-0.37579030969642674, -0.08342991028118726, -0.3093701785791016, -0.8695465403385096]","[0.13051144419740415, 2.485166488296072, 5.049000155282715]",nominal-cone-pseudo_6dof,141.05450222485123,booster-release,78.91302947205263,116.32842949100849,11.696275885895659,-121.12949686184041,4.3298697960381105e-15,72.27736566794594,10.288068343014636,-70.69353213385739,-93.5153222325023,0.0,0.729,0.0,23.6925,23.6925,12.0,alpha3-passive-deployment-parent-v1,-0.019028568563981524,-17.039285553443985,28.423106035146677,5.01544332319559,"[370.9412573310672, 7.421596522379461e-16, 963.5254844259241]",0.8589141958683475,native_rigid_body_reuse_instantaneous_projected_area,1.1145321464437277,0.7706499974980432,0.0,0.0,0.0,0.0,0.0,0.0,0.0,query-000000,rigid_body_6dof,pseudo_6dof,37.087700975789474,3.552713678800501e-15,1.0720558184881754e-16,,3.749999999999995,89.20109781506727,45.634897357151104,-81.81904634660664,129.3589426876978,-121.12949686184041,4.3298697960381105e-15,-45.40243433205406,-0.019028568563981524,-17.039285553443985,28.423106035146677,5.123796534383003e-14,3.960914048867132e-16,"[29.762775276477253, -1.9385263793497677e-16, -17.759299325782436]","[0.0, 0.0, 0.0]",134.93844221452002
query-000000,-8.210531573070384,-1.572815951552305e-16,-4.204933826092547,93.47892073804823,-17.575305579244667,71.96426623973701,-0.018100534324264294,-43.45191203701573,-31.292641221011735,33.485772360049744,"[27.6611728902109, -1.6143258363949915e-16, -18.872108119840057]",-0.024829265191034698,-1.240202298811904,-1.6018360949759793,5.461122266209095,"[0.30508323988539077, -0.005833063551621449, -0.3070323123268739, -0.9014551299415011]","[0.12414632595517348, 2.335758621744027, 4.934843032679463]",nominal-cone-pseudo_6dof,119.27302965875344,booster-release,93.47892073804823,-17.575305579244667,71.96426623973701,-98.52637887684462,-1.887379141862766e-15,67.22059408688943,-23.283809294469542,-64.72301518674267,-95.48471531043833,0.0,0.729,0.0,23.6925,23.6925,12.0,alpha3-passive-deployment-parent-v1,-0.018100534324264294,-43.45191203701573,-31.292641221011735,-11.411688556905638,"[378.10750589093726, 6.946602280186334e-16, 958.9501640997222]",0.7776274777117456,native_rigid_body_reuse_instantaneous_projected_area,1.009054019641024,0.7706499974980432,0.0,0.0,0.0,0.0,0.0,0.0,0.0,query-000000,rigid_body_6dof,pseudo_6dof,34.13084833332915,0.0,0.0,,3.9999999999999942,70.1951114435787,-82.29832076598734,-23.520449070701318,110.69588427744378,-98.52637887684462,-1.887379141862766e-15,-50.459205913110566,-0.018100534324264294,-43.45191203701573,-31.292641221011735,5.136098584586421e-14,4.3644691651298023e-16,"[27.6611728902109, -1.6143258363949915e-16, -18.872108119840057]","[0.0, 0.0, 0.0]",-146.11852794436712
query-000000,-7.931712622544193,4.440892098500626e-16,-3.663558857579237,-13.860157428834075,-61.71639993649381,102.4330478804067,-0.01721776084849791,-55.14572415330474,-48.56034445098351,32.329531472087,"[25.559966580930144, -1.4994485928747496e-16, -19.79612875252123]",-0.023618327638543088,-1.8254289262188104,-2.2682308376782068,4.786269545950056,"[0.8118321092095517, 0.05729076406883291, -0.18137037198841885, -0.5520427365463314]","[0.11809163819271543, 1.9100670269329383, 4.387034816832604]",nominal-cone-pseudo_6dof,120.38914935800075,booster-release,-13.860157428834075,-61.71639993649381,102.4330478804067,-95.18055147053032,5.329070518200751e-15,73.71709370904915,-27.21118052085171,-34.51187923390937,-109.16509137286366,0.0,0.729,0.0,23.6925,23.6925,12.0,alpha3-passive-deployment-parent-v1,-0.01721776084849791,-55.14572415330474,-48.56034445098351,-13.369538019050273,"[384.7560164197239, 6.53762390360677e-16, 954.1157042469865]",0.8415724372917937,native_rigid_body_reuse_instantaneous_projected_area,1.0920293778291106,0.7706499974980432,0.0,0.0,0.0,0.0,0.0,0.0,0.0,query-000000,rigid_body_6dof,pseudo_6dof,17.54403289058188,7.105427357601002e-15,9.670015621578551e-17,,4.249999999999994,-41.071337949685784,-96.22827917040317,-6.7320434924569525,104.84301084315865,-95.18055147053032,5.329070518200751e-15,-43.96270629095085,-0.01721776084849791,-55.14572415330474,-48.56034445098351,4.1469467965984394e-14,3.5239240690402594e-16,"[25.559966580930144, -1.4994485928747496e-16, -19.79612875252123]","[0.0, 0.0, 0.0]",-70.50331947959005
query-000000,-6.884965060198117,2.220446049250313e-16,-3.787237252722755,-78.63435189702837,3.671420373235683,76.46406991063711,-0.016378040743176638,-41.49414224847186,-17.155304599255505,31.42103480350018,"[23.655133647078763, -1.289739799334442e-16, -20.681297837940726]",-0.022466448207375363,-1.3192258631593623,-0.886879868405207,4.242871719593016,"[0.994663920577985, 0.08325141568380526, -0.02799429593790778, -0.054122142252640545]","[0.11233224103687682, 1.4952644905951593, 3.9690711759441943]",nominal-cone-pseudo_6dof,109.74331238449793,booster-release,-78.63435189702837,3.671420373235683,76.46406991063711,-82.6195807223774,2.6645352591003757e-15,72.23295296732694,-5.493097995385648,-19.846060630178975,-115.86412335108892,0.0,0.729,0.0,23.6925,23.6925,12.0,alpha3-passive-deployment-parent-v1,-0.016378040743176638,-41.49414224847186,-17.155304599255505,-2.675444186530717,"[390.90140927646536, 6.170471637503536e-16, 949.0574614172356]",0.8116739962494554,native_rigid_body_reuse_instantaneous_projected_area,1.0532329836950611,0.7706499974980432,0.0,0.0,0.0,0.0,0.0,0.0,0.0,query-000000,rigid_body_6dof,pseudo_6dof,9.719718925883027,0.0,0.0,,4.499999999999993,-84.12744989241402,-16.17464025694329,-39.40005344045181,94.29427885058891,-82.6195807223774,2.6645352591003757e-15,-45.44684703267306,-0.016378040743176638,-41.49414224847186,-17.155304599255505,2.040878629308206e-14,1.734264189188124e-16,"[23.655133647078763, -1.289739799334442e-16, -20.681297837940726]","[0.0, 0.0, 0.0]",-6.456589066752641
query-000000,-6.709818819460665,-2.220446049250313e-16,-3.219130595155825,-56.71136931895759,79.31173068363168,56.79374576323355,-0.015579274270646778,-31.362629960734232,17.017018090703314,30.808255157218397,"[21.98415668080799, -5.927664560975383e-17, -21.583452941222347]",-0.02137074659898627,-0.9156088335574676,0.5913595858211341,4.128193985346561,"[0.8922939261281317, 0.08349084147759668, 0.09646289263152207, 0.4330539679178177]","[0.10685373299483387, 1.2251650031189472, 3.9407535542747585]",nominal-cone-pseudo_6dof,112.83642847893995,booster-release,-56.71136931895759,79.31173068363168,56.79374576323355,-80.51782583352798,-2.6645352591003757e-15,79.0502328581301,11.748495286015494,-27.36573356443374,-113.84913180624127,0.0,0.729,0.0,23.6925,23.6925,12.0,alpha3-passive-deployment-parent-v1,-0.015579274270646778,-31.362629960734232,17.017018090703314,5.72963607395342,"[396.60604610837106, 5.912491302155107e-16, 943.7708543122095]",0.8675400856623132,native_rigid_body_reuse_instantaneous_projected_area,1.1257251521168221,0.7706499974980432,0.0,0.0,0.0,0.0,0.0,0.0,0.0,query-000000,rigid_body_6dof,pseudo_6dof,13.515689743494832,1.734723475976807e-18,4.861642438264998e-20,,4.749999999999992,-44.962874032942096,51.94599711919794,-57.05538604300772,89.30489199661226,-80.51782583352798,-2.6645352591003757e-15,-38.6295671418699,-0.015579274270646778,-31.362629960734232,17.017018090703314,2.929642751054232e-14,2.489503509569384e-16,"[21.98415668080799, -5.927664560975383e-17, -21.583452941222347]","[0.0, 0.0, 0.0]",52.456565211977534
query-000000,-6.0786115079739655,-7.031412489292658e-16,-3.1348039858335603,22.875266470831587,92.09638410968107,52.20782508823867,-0.01481946409866831,-28.350726994668115,21.812604175621786,30.30483999783214,"[20.4096735349261, -6.97620852867692e-17, -22.401530159610612]",-0.02032848298855158,-0.7884818162649969,0.8196715054790746,4.268963236089611,"[0.5496285715555951, 0.07429310942986717, 0.1691179026481638, 0.8147319204651823]","[0.10164241494285536, 1.0250513253056266, 4.142823398487853]",nominal-cone-pseudo_6dof,108.3082581460601,booster-release,22.875266470831587,92.09638410968107,52.20782508823867,-72.9433380956876,-8.43769498715119e-15,80.06215216999728,7.631079264104542,-42.03978329232896,-109.64925251928977,0.0,0.729,0.0,23.6925,23.6925,12.0,alpha3-passive-deployment-parent-v1,-0.01481946409866831,-28.350726994668115,21.812604175621786,3.718018233621932,"[401.90040390213505, 5.740861646499747e-16, 938.2739694314492]",0.8600647540503651,native_rigid_body_reuse_instantaneous_projected_area,1.116025117553509,0.7706499974980432,0.0,0.0,0.0,0.0,0.0,0.0,0.0,query-000000,rigid_body_6dof,pseudo_6dof,20.976942082157368,7.944109479793597e-15,2.22083335762524e-16,,4.999999999999991,30.50634573493613,50.056600817352106,-57.4414274310511,82.0720293449839,-72.9433380956876,-8.43769498715119e-15,-37.617647830002724,-0.01481946409866831,-28.350726994668115,21.812604175621786,2.1316282072803006e-14,1.8113798691706654e-16,"[20.4096735349261, -6.97620852867692e-17, -22.401530159610612]","[0.0, 0.0, 0.0]",112.68034166308391
query-000000,-5.275713739678716,2.5905203907920316e-16,-3.3581420104180078,71.49027030495198,31.6383997807529,62.32267692999364,-0.014096710306044457,-31.866085028186045,-5.797379226345381,29.949896541035574,"[18.9646779476704, -2.5353766636303202e-17, -23.180536947186507]",-0.019337051174291728,-0.9487733647970806,-0.32025573281568326,4.305349110176714,"[0.04389498024172825, 0.06735910087604449, 0.17968151971958643, 0.9804338497369464]","[0.09668525587136116, 0.8063480868816943, 4.2280593284128285]",nominal-cone-pseudo_6dof,99.9798137059787,booster-release,71.49027030495198,31.6383997807529,62.32267692999364,-63.3085648761446,3.1086244689504383e-15,77.3820958749839,-13.687108257461842,-42.158216545573154,-109.0132247632602,0.0,0.729,0.0,23.6925,23.6925,12.0,alpha3-passive-deployment-parent-v1,-0.014096710306044457,-31.866085028186045,-5.797379226345381,-6.679077211086697,"[406.817483025774, 5.595830782975428e-16, 932.5779510652134]",0.8123145094432517,native_rigid_body_reuse_instantaneous_projected_area,1.0540641174079992,0.7706499974980432,0.0,0.0,0.0,0.0,0.0,0.0,0.0,query-000000,rigid_body_6dof,pseudo_6dof,21.142767591262942,3.662053849689098e-15,1.1306420829181597e-16,,5.24999999999999,57.80316204749013,-10.519816764820256,-46.69054783326656,75.04584828239567,-63.3085648761446,3.1086244689504383e-15,-40.2977041250161,-0.014096710306044457,-31.866085028186045,-5.797379226345381,5.2214014291603906e-14,4.43695640981748e-16,"[18.9646779476704, -2.5353766636303202e-17, -23.180536947186507]","[0.0, 0.0, 0.0]",173.6251806779464
query-000000,-5.19911555763632,-3.700743415417188e-16,-2.755733947619492,56.280785529018075,-36.186021107047026,81.08329483948432,-0.013409205631828295,-38.998092364956946,-35.17618136260404,29.784432008741437,"[17.67625655700152, -1.4531320784005268e-18, -23.97211597282147]",-0.018393972060111372,-1.2906074037185558,-1.5319261509645539,4.023117118380674,"[-0.46102844355916583, 0.06847401460550101, 0.13938266619236364, 0.8736913390427578]","[0.09196986030060558, 0.5298321593730081, 3.9870152715907725]",nominal-cone-pseudo_6dof,105.12590377899119,booster-release,56.280785529018075,-36.186021107047026,81.08329483948432,-62.38938669163584,-4.440892098500626e-15,84.6109926285661,-29.204484679533053,-21.23154471545195,-112.00381650479011,0.0,0.729,0.0,23.6925,23.6925,12.0,alpha3-passive-deployment-parent-v1,-0.013409205631828295,-38.998092364956946,-35.17618136260404,-14.369192665885013,"[411.3976103884946, 5.572769049848487e-16, 926.6802386447046]",0.8630427395690282,native_rigid_body_reuse_instantaneous_projected_area,1.1198893691960592,0.7706499974980432,0.0,0.0,0.0,0.0,0.0,0.0,0.0,query-000000,rigid_body_6dof,pseudo_6dof,10.73368336260968,0.0,0.0,,5.499999999999989,27.076300849485023,-57.41756582249897,-30.920521665305785,70.61148343384005,-62.38938669163584,-4.440892098500626e-15,-33.068807371433905,-0.013409205631828295,-38.998092364956946,-35.17618136260404,6.833781207288092e-14,5.80709791084629e-16,"[17.67625655700152, -1.4531320784005268e-18, -23.97211597282147]","[0.0, 0.0, 0.0]",-125.71762943184791
query-000000,-4.521623750147029,2.220446049250313e-16,-3.023714296107827,0.29652176559716503,-53.72835049836594,81.74626201922277,-0.012755230956229352,-37.70928682348717,-40.99308745824091,29.62887878149966,"[16.434305978070086, -1.748968687854168e-17, -24.653276554404908]",-0.01749688745710961,-1.2907126083516987,-1.746738594440429,3.5550848771494548,"[-0.8139071203042411, 0.0797640986638174, 0.0847118449431113, 0.5692247283883058]","[0.08748443728552369, 0.1948863384693303, 3.548660912520046]",nominal-cone-pseudo_6dof,97.82267082097151,booster-release,0.29652176559716503,-53.72835049836594,81.74626201922277,-54.25948500176435,2.6645352591003757e-15,81.39522844670607,-26.91366944214667,3.9306208622914545,-114.49340568275443,0.0,0.729,0.0,23.6925,23.6925,12.0,alpha3-passive-deployment-parent-v1,-0.012755230956229352,-37.70928682348717,-40.99308745824091,-13.220697026769704,"[415.657806555223, 5.57484153241792e-16, 920.603547308255]",0.8109606998596481,native_rigid_body_reuse_instantaneous_projected_area,1.0523074060760083,0.7706499974980432,0.0,0.0,0.0,0.0,0.0,0.0,0.0,query-000000,rigid_body_6dof,pseudo_6dof,-1.9662230481225083,7.105427357601002e-15,1.2756738395031217e-16,,5.7499999999999885,-26.617147676549504,-49.797729636074486,-32.74714366353166,65.27374545299816,-54.25948500176435,2.6645352591003757e-15,-36.28457155329393,-0.012755230956229352,-37.70928682348717,-40.99308745824091,3.5704330589399866e-14,3.0340237312945694e-16,"[16.434305978070086, -1.748968687854168e-17, -24.653276554404908]","[0.0, 0.0, 0.0]",-69.70792976859477
query-000000,-4.523375415889323,-4.440892098500626e-16,-2.3215347379126534,-38.08555540615607,-35.47408344692325,91.13360502656107,-0.012133151001918705,-40.28311618303511,-30.908846759139358,29.554247397944557,"[15.285731905725163, -3.475982281715523e-17, -25.29426692681977]",-0.016643554186445413,-1.4458499420943358,-1.2922087284105994,3.1588848605205304,"[-0.9760510527211664, 0.09472928169011226, 0.050248218582200785, 0.18927710427226402]","[0.08321777093222706, -0.1534253622279988, 3.1540591343302506]",nominal-cone-pseudo_6dof,104.94881653516582,booster-release,-38.08555540615607,-35.47408344692325,91.13360502656107,-54.28050499067187,-5.329070518200751e-15,89.82138314504816,-15.763188209478688,19.523026525232826,-114.97351286625805,0.0,0.729,0.0,23.6925,23.6925,12.0,alpha3-passive-deployment-parent-v1,-0.012133151001918705,-40.28311618303511,-30.908846759139358,-7.697897551355374,"[419.62272781895115, 5.485166417813469e-16, 914.3565601623242]",0.8737944521901416,native_rigid_body_reuse_instantaneous_projected_area,1.133840855157286,0.7706499974980432,0.0,0.0,0.0,0.0,0.0,0.0,0.0,query-000000,rigid_body_6dof,pseudo_6dof,-9.637161491069607,0.0,0.0,,5.999999999999988,-53.84874361563476,-15.951056921690427,-23.839907839696977,61.01200383290667,-54.28050499067187,-5.329070518200751e-15,-27.85841685495184,-0.012133151001918705,-40.28311618303511,-30.908846759139358,7.944109290391274e-15,6.750614200900472e-17,"[15.285731905725163, -3.475982281715523e-17, -25.29426692681977]","[0.0, 0.0, 0.0]",-21.29941829484146
query-000000,-4.197326280408634,1.4802973661668753e-16,-2.1623478231171647,-40.30564469603982,-2.0723181348498887,96.55453708907744,-0.011541410244983896,-40.97821338167965,-14.77772310410698,29.49596745100958,"[14.196375428892981, -4.7095634201879193e-17, -25.854883882023916]",-0.015831838470485454,-1.5054113471066577,-0.5837154377601963,2.969086096870341,"[-0.9752613210947946, 0.10160325218802838, 0.05419609398220716, -0.18869265517852993]","[0.07915919235242727, -0.5215423252939115, 2.9218486743536]",nominal-cone-pseudo_6dof,104.64997911753954,booster-release,-40.30564469603982,-2.0723181348498887,96.55453708907744,-50.36791536490362,1.7763568394002505e-15,91.73162612259402,-7.927750805121989,25.728599884312665,-114.55882874403369,0.0,0.729,0.0,23.6925,23.6925,12.0,alpha3-passive-deployment-parent-v1,-0.011541410244983896,-40.97821338167965,-14.77772310410698,-3.8627779578585275,"[423.306284780233, 5.393949326785929e-16, 907.9621020670893]",0.8740951019109184,native_rigid_body_reuse_instantaneous_projected_area,1.134230980015202,0.7706499974980432,0.0,0.0,0.0,0.0,0.0,0.0,0.0,query-000000,rigid_body_6dof,pseudo_6dof,-12.657942467155396,1.734723475976807e-18,3.9822495205782634e-20,,6.249999999999987,-48.23339550116181,23.656281749462778,-18.004291654956248,56.65893244474509,-50.36791536490362,1.7763568394002505e-15,-25.948173877405978,-0.011541410244983896,-40.97821338167965,-14.77772310410698,5.2214014291603906e-14,4.43695640981748e-16,"[14.196375428892981, -4.7095634201879193e-17, -25.854883882023916]","[0.0, 0.0, 0.0]",22.329061160792403
query-000000,-3.7694331769046485,-1.4802973661668753e-16,-2.266119364980066,-12.55645252164595,17.065774305633145,98.918753454274,-0.010978529025308862,-40.24356893267182,-5.7619119635589495,29.508288799574995,"[13.194177680840543, -8.533664949452347e-17, -26.394180858771357]",-0.015059710597121752,-1.4915542577955037,-0.17743170235688932,2.9772958185267244,"[-0.8397166914091165, 0.08524983689498455, 0.09735239085987124, -0.5273811292340407]","[0.07529855298565749, -0.901101640129046, 2.8366593650087295]",nominal-cone-pseudo_6dof,101.16236917711349,booster-release,-12.55645252164595,17.065774305633145,98.918753454274,-45.23319812285578,-1.7763568394002505e-15,90.4863676202392,-8.658708413977863,28.93217306731514,-113.73869815610091,0.0,0.729,0.0,23.6925,23.6925,12.0,alpha3-passive-deployment-parent-v1,-0.010978529025308862,-40.24356893267182,-5.7619119635589495,-4.219553229676432,"[426.7279110929459, 5.23581045899626e-16, 901.4314257494357]",0.8436107352026398,native_rigid_body_reuse_instantaneous_projected_area,1.0946742852675893,0.7706499974980432,0.0,0.0,0.0,0.0,0.0,0.0,0.0,query-000000,rigid_body_6dof,pseudo_6dof,-14.271872094528907,0.0,0.0,,6.499999999999986,-21.215160935623814,45.99794737294829,-14.819944701826913,52.77807288082946,-45.23319812285578,-1.7763568394002505e-15,-27.193432379760793,-0.010978529025308862,-40.24356893267182,-5.7619119635589495,1.7852165294699933e-14,1.5170118656472847e-16,"[13.194177680840543, -8.533664949452347e-17, -26.394180858771357]","[0.0, 0.0, 0.0]",64.78995932981923
query-000000,-3.6214176440794668,7.401486830834377e-17,-1.8650291035337525,26.95008721183502,11.175457138327975,100.59472719846484,-0.010443099846652848,-39.27041931980188,-8.199775217239866,29.617998744763682,"[12.288600185451553, -4.37032860710801e-17, -26.948398006689434]",-0.014325239844516939,-1.4636941485388137,-0.2582283378970594,3.0660815707373352,"[-0.5876073151017588, 0.03315047723911968, 0.16605585321466743, -0.7912295132961547]","[0.07162619922258469, -1.2656342554621287, 2.791754970874212]",nominal-cone-pseudo_6dof,104.74014122154735,booster-release,26.95008721183502,11.175457138327975,100.59472719846484,-43.4570117289536,8.881784197001252e-16,95.29945075759497,-16.79196557275949,35.508174432944266,-110.93121638512245,0.0,0.729,0.0,23.6925,23.6925,12.0,alpha3-passive-deployment-parent-v1,-0.010443099846652848,-39.27041931980188,-8.199775217239866,-8.203650552973134,"[429.91292595206, 5.049761817948653e-16, 894.7606345725894]",0.8663074653421295,native_rigid_body_reuse_instantaneous_projected_area,1.1241256966906423,0.7706499974980432,0.0,0.0,0.0,0.0,0.0,0.0,0.0,query-000000,rigid_body_6dof,pseudo_6dof,-17.749443479628635,0.0,0.0,,6.749999999999985,10.158121639075528,46.683631571272244,-10.336489186657616,48.88140649185977,-43.4570117289536,8.881784197001252e-16,-22.380349242405032,-0.010443099846652848,-39.27041931980188,-8.199775217239866,1.6758116906701664e-14,1.4240436257286012e-16,"[12.288600185451553, -4.37032860710801e-17, -26.948398006689434]","[0.0, 0.0, 0.0]",108.08416968372843
query-000000,-3.3521100104945973,-2.9605947323337506e-16,-1.761417403432901,57.06947619572588,-19.896776680803264,85.35678103364931,-0.009933783857176774,-30.841814816514457,-21.584410251723387,29.669358891187933,"[11.411088149878266, -7.087580185172791e-17, -27.387185402114987]",-0.013626589653191735,-1.1257285001467092,-0.8055436942676376,3.108261651112841,"[-0.2511717848826328, -0.059261721308375315, 0.23680185263760162, -0.9366566422408162]","[0.06813294826595867, -1.5972853537253848, 2.665582092510693]",nominal-cone-pseudo_6dof,104.58769958253518,booster-release,57.06947619572588,-19.896776680803264,85.35678103364931,-40.22532012593517,-3.552713678800501e-15,96.54279115880519,-27.063018691951306,48.69993903439348,-103.65541126909612,0.0,0.729,0.0,23.6925,23.6925,12.0,alpha3-passive-deployment-parent-v1,-0.009933783857176774,-30.841814816514457,-21.584410251723387,-13.295403127959244,"[432.87392561348827, 4.898434149140354e-16, 887.968266120379]",0.8613656795877952,native_rigid_body_reuse_instantaneous_projected_area,1.1177132062340431,0.7706499974980432,0.0,0.0,0.0,0.0,0.0,0.0,0.0,query-000000,rigid_body_6dof,pseudo_6dof,-25.165327417871108,3.552713678800501e-15,9.437550401393829e-17,,6.999999999999984,30.006457503774577,28.803162353590217,-18.298630235446808,45.440615334595904,-40.22532012593517,-3.552713678800501e-15,-21.137008841194813,-0.009933783857176774,-30.841814816514457,-21.584410251723387,3.972054645195637e-14,3.375307100450236e-16,"[11.411088149878266, -7.087580185172791e-17, -27.387185402114987]","[0.0, 0.0, 0.0]",152.95806526378215
query-000000,-3.103030970166679,6.574421273590018e-16,-1.667620756557156,61.13734511397828,-58.7780571765539,61.09843837377675,-0.009449307501616514,-18.881111258501278,-37.725062233482625,29.780502567661433,"[10.609029434824652, -7.573611454898186e-17, -27.826728654901448]",-0.01296201303376751,-0.6474573942603044,-1.478097992060073,2.9949857112796767,"[0.10698992259197838, -0.1806108074939726, 0.2804630641838478, -0.9366287216975275]","[0.06481006516883756, -1.8177030726386538, 2.379431572023503]",nominal-cone-pseudo_6dof,104.52585395369951,booster-release,61.13734511397828,-58.7780571765539,61.09843837377675,-37.23637164200015,7.889305528308022e-15,97.66835092131413,-32.752300245851465,66.37453691850982,-91.48903215959264,0.0,0.729,0.0,23.6925,23.6925,12.0,alpha3-passive-deployment-parent-v1,-0.009449307501616514,-18.881111258501278,-37.725062233482625,-16.159789413952247,"[435.6251391988867, 4.675216648281784e-16, 881.0660602798134]",0.8537491780178988,native_rigid_body_reuse_instantaneous_projected_area,1.1078299886973875,0.7706499974980432,0.0,0.0,0.0,0.0,0.0,0.0,0.0,query-000000,rigid_body_6dof,pseudo_6dof,-35.96057506475935,0.0,0.0,,7.249999999999983,28.385044868126812,7.596479741955918,-30.390593785815888,42.27298744221883,-37.23637164200015,7.889305528308022e-15,-20.01144907868587,-0.009449307501616514,-18.881111258501278,-37.725062233482625,1.1374233532693354e-14,9.665408619570524e-17,"[10.609029434824652, -7.573611454898186e-17, -27.826728654901448]","[0.0, 0.0, 0.0]",-161.69103939739986
query-000000,-2.960068197852027,-8.881784197001252e-16,-1.3326412375585974,44.06594124137083,-89.40041786468461,40.84063387070427,-0.00898845933673072,-9.23300855789196,-49.42868964940952,29.868422406563248,"[9.849747276496029, -1.3008611537023473e-16, -28.1976086866608]",-0.012329848198533224,-0.27370891720770685,-1.9709372663199616,2.738071904793341,"[0.4152733199132129, -0.30903050129060644, 0.2760784811179614, -0.8098326316615886]","[0.06164924099266613, -1.9299940242534477, 1.9412264662448955]",nominal-cone-pseudo_6dof,107.71350549874924,booster-release,44.06594124137083,-89.40041786468461,40.84063387070427,-35.520818374224326,-1.0658141036401503e-14,101.68810514929683,-31.918281966087534,82.82527565741184,-77.26404284430807,0.0,0.729,0.0,23.6925,23.6925,12.0,alpha3-passive-deployment-parent-v1,-0.00898845933673072,-9.23300855789196,-49.42868964940952,-15.737466973105752,"[438.18176888879725, 4.434424569020401e-16, 874.0611946779684]",0.873893093880087,native_rigid_body_reuse_instantaneous_projected_area,1.1339688531982457,0.7706499974980432,0.0,0.0,0.0,0.0,0.0,0.0,0.0,query-000000,rigid_body_6dof,pseudo_6dof,-46.98955866479707,7.105427357601002e-15,1.4130695687883256e-16,,7.499999999999982,12.147659275283296,-6.575142207272776,-36.42340897360379,38.9546254271895,-35.520818374224326,-1.0658141036401503e-14,-15.991694850703169,-0.00898845933673072,-9.23300855789196,-49.42868964940952,2.5680492922932105e-14,2.1822345825649011e-16,"[9.849747276496029, -1.3008611537023473e-16, -28.1976086866608]","[0.0, 0.0, 0.0]",-118.82727720780832
query-000000,-2.6999600458757556,-2.9605947323337506e-16,-1.379395634541898,19.63411805717663,-100.23538325501332,29.047874413102882,-0.008550087002062265,-3.7388862373188694,-51.8712352315457,29.95712859235099,"[9.140150457842925, -1.2145104740092796e-16, -28.528708402355807]",-0.011728514406121077,-0.07665910045299897,-2.077407564675887,2.4332984948429153,"[0.6309779126546807, -0.42597384722363213, 0.2179890082797465, -0.6106504298636436]","[0.05864257203060538, -1.9695383029603097, 1.4277329886651273]",nominal-cone-pseudo_6dof,106.19044051176142,booster-release,19.63411805717663,-100.23538325501332,29.047874413102882,-32.39952055050907,-3.552713678800501e-15,101.12705238549722,-28.849170841475857,94.58988658922347,-63.78882366713772,0.0,0.729,0.0,23.6925,23.6925,12.0,alpha3-passive-deployment-parent-v1,-0.008550087002062265,-3.7388862373188694,-51.8712352315457,-14.190682297370081,"[440.5541364006285, 4.097490259779326e-16, 866.9706856014235]",0.8557275076656633,native_rigid_body_reuse_instantaneous_projected_area,1.1103970809626016,0.7706499974980432,0.0,0.0,0.0,0.0,0.0,0.0,0.0,query-000000,rigid_body_6dof,pseudo_6dof,-56.0053543863616,7.105427357601002e-15,1.3662756541499653e-16,,7.749999999999981,-9.215052784299228,-5.6454966657898495,-34.74094925403484,36.38299582898977,-32.39952055050907,-3.552713678800501e-15,-16.552747614502778,-0.008550087002062265,-3.7388862373188694,-51.8712352315457,7.078731856740914e-14,6.01524803470172e-16,"[9.140150457842925, -1.2145104740092796e-16, -28.528708402355807]","[0.0, 0.0, 0.0]",-80.55018172394581
query-000000,-2.4308024971664266,-5.921189464667501e-16,-1.543113223315148,4.523401895299297,-99.83521622666233,26.391769876385627,-0.008133094338436953,-2.478682352741073,-49.285811486743924,30.12140166378656,"[8.500373279473127, -1.68327130662879e-16, -28.897101797598715]",-0.011156508008829839,-0.05487178952071952,-1.9730018876838864,2.18700483718195,"[0.7505424581875737, -0.5196895653762824, 0.11093618429116589, -0.3928128525286326]","[0.0557825400441492, -1.983246616362237, 0.9201148432512147]",nominal-cone-pseudo_6dof,103.3637125926643,booster-release,4.523401895299297,-99.83521622666233,26.391769876385627,-29.16962996599712,-7.105427357601002e-15,99.16244132021822,-28.44989755539318,102.05809907656442,-51.217995568020825,0.0,0.729,0.0,23.6925,23.6925,12.0,alpha3-passive-deployment-parent-v1,-0.008133094338436953,-2.478682352741073,-49.285811486743924,-13.99025419412307,"[442.7577889962472, 3.7617895316767237e-16, 859.7933520489892]",0.8231926192082959,native_rigid_body_reuse_instantaneous_projected_area,1.0681796170516256,0.7706499974980432,0.0,0.0,0.0,0.0,0.0,0.0,0.0,query-000000,rigid_body_6dof,pseudo_6dof,-63.35015170274131,7.105427357601002e-15,1.4398582935767953e-16,,7.9999999999999805,-23.92649566009388,2.222882849902092,-24.826225691635198,34.550830450640206,-29.16962996599712,-7.105427357601002e-15,-18.51735867978178,-0.008133094338436953,-2.478682352741073,-49.285811486743924,5.607670446305897e-14,4.765193725946082e-16,"[8.500373279473127, -1.68327130662879e-16, -28.897101797598715]","[0.0, 0.0, 0.0]",-46.593814172978306
query-000000,-2.2690183110941975,-5.921189464667501e-16,-1.414787035954241,3.035878440197474,-100.51475211881309,27.747223563449182,-0.007736438646993829,-2.995525815518395,-47.30945383453492,30.32577138258268,"[7.915346856847384, -6.964063958508728e-17, -29.274557111670653]",-0.010612398692721303,-0.10388193262425008,-1.893803793537063,2.0510214183251243,"[0.7896958102013439, -0.5822429002343361, -0.03768294692279486, -0.18961468294508657]","[0.05306199346360651, -2.002896441497043, 0.4384964400272297]",nominal-cone-pseudo_6dof,104.31845650166673,booster-release,3.035878440197474,-100.51475211881309,27.747223563449182,-27.228219733130373,-7.105427357601002e-15,100.70235556854911,-32.98797052170808,106.53541439246598,-37.55708467286125,0.0,0.729,0.0,23.6925,23.6925,12.0,alpha3-passive-deployment-parent-v1,-0.007736438646993829,-2.995525815518395,-47.30945383453492,-16.27928849943042,"[444.80891440068086, 3.4544611697589864e-16, 852.521224149201]",0.8189353230957345,native_rigid_body_reuse_instantaneous_projected_area,1.0626553244072565,0.7706499974980432,0.0,0.0,0.0,0.0,0.0,0.0,0.0,query-000000,rigid_body_6dof,pseudo_6dof,-70.58084281102008,7.119291619286993e-15,1.5018273579547253e-16,,8.249999999999984,-29.952092081510603,6.0206622736528885,-9.809861109412068,32.08752980923638,-27.228219733130373,-7.105427357601002e-15,-16.97744443145089,-0.007736438646993829,-2.995525815518395,-47.30945383453492,2.869792300935272e-14,2.438644780952442e-16,"[7.915346856847384, -6.964063958508728e-17, -29.274557111670653]","[0.0, 0.0, 0.0]",-15.442444402072026
query-000000,-2.19002521167282,-5.921189464667501e-16,-1.0034339237965804,14.26287483912195,-104.65218045911016,26.356368130267654,-0.007359128081895932,-2.2388671421792843,-46.93789665711592,30.481540472941475,"[7.358766858766323, -1.1404956057009354e-16, -29.579940160890988]",-0.010094825901091814,-0.09610315343028357,-1.8817949222058736,2.0313871895771256,"[0.7649863466434235, -0.6048553737954423, -0.22048098017563286, -0.018275765940612396]","[0.05047412950545908, -2.0304945692605596, -0.03283413516590601]",nominal-cone-pseudo_6dof,108.85847056862777,booster-release,14.26287483912195,-104.65218045911016,26.356368130267654,-26.28030254007384,-7.105427357601002e-15,105.63859291444103,-42.2986236714192,107.95395142808403,-20.132216336174594,0.0,0.729,0.0,23.6925,23.6925,12.0,alpha3-passive-deployment-parent-v1,-0.007359128081895932,-2.2388671421792843,-46.93789665711592,-21.06570224699797,"[446.71777638641345, 3.26062227258071e-16, 845.1622372848465]",0.8451320535246803,native_rigid_body_reuse_instantaneous_projected_area,1.0966483569304446,0.7706499974980432,0.0,0.0,0.0,0.0,0.0,0.0,0.0,query-000000,rigid_body_6dof,pseudo_6dof,-79.43631784971635,7.119291619286993e-15,1.515024557012123e-16,,8.499999999999988,-28.03574883229725,3.3017709689738695,6.224151794093061,28.90752444736711,-26.28030254007384,-7.105427357601002e-15,-12.041207085558966,-0.007359128081895932,-2.2388671421792843,-46.93789665711592,2.02730493912521e-14,1.722729762563507e-16,"[7.358766858766323, -1.1404956057009354e-16, -29.579940160890988]","[0.0, 0.0, 0.0]",14.824308981668691
query-000000,-2.0996038847594303,-5.921189464667501e-16,-0.6403434411719573,35.03978058321143,-106.18982351649039,15.158659053286563,-0.007000219170198313,2.8231146282504778,-45.42295500331672,30.55164274298272,"[6.821396898825074, -5.977199047730811e-17, -29.780386475725066]",-0.0096024954323708,0.09595551079463749,-1.822471674715489,2.0960748067408543,"[0.6889456631919469, -0.5758014316375031, -0.425952209424455, 0.1112263448092914]","[0.048012477161854, -2.035351103140114, -0.4985682344843215]",nominal-cone-pseudo_6dof,112.84436089622179,booster-release,35.03978058321143,-106.18982351649039,15.158659053286563,-25.195246617113163,-7.105427357601002e-15,109.99567870593651,-53.99470227028164,104.51684518160147,3.0555732798934727,0.0,0.729,0.0,23.6925,23.6925,12.0,alpha3-passive-deployment-parent-v1,-0.007000219170198313,2.8231146282504778,-45.42295500331672,-27.311459730414132,"[448.48983169027974, 3.022374454417427e-16, 837.7402760607779]",0.8712999356823601,native_rigid_body_reuse_instantaneous_projected_area,1.1306039557660188,0.7706499974980432,0.0,0.0,0.0,0.0,0.0,0.0,0.0,query-000000,rigid_body_6dof,pseudo_6dof,-91.67457791548955,7.105427357601002e-15,1.561268604085538e-16,,8.749999999999991,-18.95492168707021,-1.6729783348889242,18.214232333180036,26.340959970339583,-25.195246617113163,-7.105427357601002e-15,-7.6841212940634875,-0.007000219170198313,2.8231146282504778,-45.42295500331672,4.391096978644924e-14,3.731393984902187e-16,"[6.821396898825074, -5.977199047730811e-17, -29.780386475725066]","[0.0, 0.0, 0.0]",46.431843563045135
query-000000,-1.939935489747855,5.921189464667501e-16,-0.612582774967315,56.44217738750942,-97.25607460162976,-8.360891710986875,-0.006658814452674642,13.06614934601102,-39.368457483057476,30.58841581854694,"[6.315069461827785, -9.431226235453523e-17, -29.929435009378693]",-0.009134176203953013,0.5104154977027676,-1.5747294060285897,2.1721280014034927,"[0.5735360732874352, -0.4844543750709853, -0.6319308676999131, 0.19241546081499197]","[0.04567088101971633, -1.9634373907495888, -0.9278835259419479]",nominal-cone-pseudo_6dof,112.75800612534658,booster-release,56.44217738750942,-97.25607460162976,-8.360891710986875,-23.27922587697426,7.105427357601002e-15,110.32880670039222,-63.36319062898364,94.01329287339055,31.545873968827877,0.0,0.729,0.0,23.6925,23.6925,12.0,alpha3-passive-deployment-parent-v1,-0.006658814452674642,13.06614934601102,-39.368457483057476,-32.577320501284575,"[450.131053881553, 2.7594550134846966e-16, 830.2764170315911]",0.8677787624835092,native_rigid_body_reuse_instantaneous_projected_area,1.126034860573282,0.7706499974980432,0.0,0.0,0.0,0.0,0.0,0.0,0.0,query-000000,rigid_body_6dof,pseudo_6dof,-108.54902087837932,8.673617379884035e-19,2.0910303324144775e-20,,8.999999999999995,-6.9210132414742205,-3.2427817282392084,23.184982257841,24.41228092420015,-23.27922587697426,7.105427357601002e-15,-7.350993299607779,-0.006658814452674642,13.06614934601102,-39.368457483057476,2.222665386185376e-14,1.88873994193173e-16,"[6.315069461827785, -9.431226235453523e-17, -29.929435009378693]","[0.0, 0.0, 0.0]",81.31258407097708
query-000000,-1.7568887832383333,2.9605947323337506e-16,-0.7713842427236651,68.58219908315355,-77.60820292311746,-38.38639759272921,-0.00633406023970136,25.667627522700837,-28.904192265190737,30.6672270400037,"[5.853544466937687, 1.9070664463116674e-18, -30.103402324267552]",-0.008688697173801592,1.0298752523558992,-1.1453845875066924,2.1802482858177386,"[0.4359065625629652, -0.33108330219404625, -0.8063338565473431, 0.22404246809101677]","[0.04344348586900796, -1.771393606831844, -1.2703385143425385]",nominal-cone-pseudo_6dof,110.453912163328,booster-release,68.58219908315355,-77.60820292311746,-38.38639759272921,-21.08266539886,3.552713678800501e-15,108.42318908731602,-65.26745288285396,76.48584750266808,61.144174326120734,0.0,0.729,0.0,23.6925,23.6925,12.0,alpha3-passive-deployment-parent-v1,-0.00633406023970136,25.667627522700837,-28.904192265190737,-33.68447639174233,"[451.6511678200338, 2.696375716984494e-16, 822.7731877263922]",0.8449369838273968,native_rigid_body_reuse_instantaneous_projected_area,1.0963952333361842,0.7706499974980432,0.0,0.0,0.0,0.0,0.0,0.0,0.0,query-000000,rigid_body_6dof,pseudo_6dof,-128.63947453346833,5.0242958677880805e-15,1.299748397465129e-16,,9.249999999999998,3.314746200299595,-1.1223554204493809,22.757776733391523,23.025282319856775,-21.08266539886,3.552713678800501e-15,-9.256610912683982,-0.00633406023970136,25.667627522700837,-28.904192265190737,1.499417746953758e-14,1.274150488829653e-16,"[5.853544466937687, 1.9070664463116674e-18, -30.103402324267552]","[0.0, 0.0, 0.0]",118.78972828218006
query-000000,-1.6344859913060061,-5.921189464667501e-16,-0.6900197708836739,69.61147820201222,-53.9176742320837,-67.82398719718834,-0.00602514447658919,37.39740049930507,-17.170444182633624,30.776238372384523,"[5.431156908653341, -3.6333948846332626e-17, -30.293223383909158]",-0.00826494441233085,1.5184979350342522,-0.6665946617321957,2.085211890531903,"[0.29994699720282036, -0.132497068593939, -0.920318080115563, 0.21328609212845648]","[0.04132472206165425, -1.4512200613211594, -1.4967836281110138]",nominal-cone-pseudo_6dof,111.1439010085155,booster-release,69.61147820201222,-53.9176742320837,-67.82398719718834,-19.613831895672075,-7.105427357601002e-15,109.39956274939591,-58.319016872263184,55.552666520025035,85.79818670349376,0.0,0.729,0.0,23.6925,23.6925,12.0,alpha3-passive-deployment-parent-v1,-0.00602514447658919,37.39740049930507,-17.170444182633624,-29.707589546097967,"[453.06112096324716, 2.6666031112230464e-16, 815.2231773197951]",0.8434532961287706,native_rigid_body_reuse_instantaneous_projected_area,1.094469991393093,0.7706499974980432,0.0,0.0,0.0,0.0,0.0,0.0,0.0,query-000000,rigid_body_6dof,pseudo_6dof,-147.07772385613424,7.105427357601002e-15,1.726679528157094e-16,,9.500000000000002,11.292461329749038,1.634992287941337,17.97419950630541,21.290014808777723,-19.613831895672075,-7.105427357601002e-15,-8.280237250604088,-0.00602514447658919,37.39740049930507,-17.170444182633624,1.9712009020592614e-14,1.675054599055455e-16,"[5.431156908653341, -3.6333948846332626e-17, -30.293223383909158]","[0.0, 0.0, 0.0]",154.65333136970548
query-000000,-1.5530415613359285,-2.5905203907920316e-16,-0.4159626901217438,61.776222444628445,-30.19565516540998,-91.20241777834812,-0.005731294713023694,45.888878019885254,-5.979201982183899,30.844895944901516,"[5.032799257145093, -2.8267484683040475e-17, -30.431538533059445]",-0.00786185831690493,1.8756738217331892,-0.2133883481750848,1.9043729621285586,"[0.19108149809538869, 0.08420563514681943, -0.9620455247472453, 0.17568631252587738]","[0.039309291584524654, -1.023064264984404, -1.605749254458287]",nominal-cone-pseudo_6dof,114.21891375342756,booster-release,61.776222444628445,-30.19565516540998,-91.20241777834812,-18.636498736031143,-3.1086244689504383e-15,112.68824771853907,-46.74780103161379,35.99309451785642,101.82178339519153,0.0,0.729,0.0,23.6925,23.6925,12.0,alpha3-passive-deployment-parent-v1,-0.005731294713023694,45.888878019885254,-5.979201982183899,-23.406109868675244,"[454.3686971588026, 2.570882101316547e-16, 807.6311209033181]",0.8621641893199085,native_rigid_body_reuse_instantaneous_projected_area,1.1187493571906455,0.7706499974980432,0.0,0.0,0.0,0.0,0.0,0.0,0.0,query-000000,rigid_body_6dof,pseudo_6dof,-160.5319517106504,8.881784197001252e-16,1.919274618296765e-17,,9.750000000000005,15.028421413014655,5.797439352446439,10.61936561684341,19.293384340665796,-18.636498736031143,-3.1086244689504383e-15,-4.991552281460926,-0.005731294713023694,45.888878019885254,-5.979201982183899,5.329070518200751e-15,4.5284496729266635e-17,"[5.032799257145093, -2.8267484683040475e-17, -30.431538533059445]","[0.0, 0.0, 0.0]",-174.0658211666776
query-000000,-1.457296527783882,2.9605947323337506e-16,-0.2567146478576004,50.24026315314804,-9.479550506809447,-104.04254403891639,-0.0054517761715363435,49.336347653879216,3.36372552581013,30.865196684220496,"[4.656054228943605, 3.49722963262372e-18, -30.51198986255653]",-0.007478430962326946,2.0240082716134316,0.16122668172811497,1.6958957577765779,"[0.12786293282373792, 0.29301058045344236, -0.9383587246814629, 0.13144875034106512]","[0.03739215481163473, -0.5312235594316432, -1.6101135916164149]",nominal-cone-pseudo_6dof,115.92582494681058,booster-release,50.24026315314804,-9.479550506809447,-104.04254403891639,-17.487558333406586,3.552713678800501e-15,114.5992242257088,-37.30383128920832,20.212891815862847,109.76519714201997,0.0,0.729,0.0,23.6925,23.6925,12.0,alpha3-passive-deployment-parent-v1,-0.0054517761715363435,49.336347653879216,3.36372552581013,-18.48125273070727,"[455.5793041869897, 2.545084903520879e-16, 800.012353299556]",0.8731149041564665,native_rigid_body_reuse_instantaneous_projected_area,1.1329590696049843,0.7706499974980432,0.0,0.0,0.0,0.0,0.0,0.0,0.0,query-000000,rigid_body_6dof,pseudo_6dof,-169.5660651866785,7.119291619286993e-15,1.4396692466061198e-16,,10.000000000000009,12.936431863939724,10.7333413090534,5.722653103103582,17.7568196354372,-17.487558333406586,3.552713678800501e-15,-3.080575774291205,-0.0054517761715363435,49.336347653879216,3.36372552581013,3.980981736442674e-14,3.3828930168496834e-16,"[4.656054228943605, 3.49722963262372e-18, -30.51198986255653]","[0.0, 0.0, 0.0]",-147.01925752220694
query-000000,-1.3501495800855623,1.4802973661668753e-16,-0.21935411079949435,42.60829919003964,6.650792185126371,-107.88297770575826,-0.005185889910179011,48.667690044272526,10.260995593279187,30.871997808003194,"[4.305128543870214, 1.030067355678929e-18, -30.570347019262112]",-0.007113703580492471,2.001261040427765,0.43396603977441917,1.5344706308826237,"[0.11676111014160404, 0.4762837682441568, -0.8657697139932686, 0.09981692039759782]","[0.035568517902462356, -0.025398348988351846, -1.533848076389642]",nominal-cone-pseudo_6dof,116.18277443415955,booster-release,42.60829919003964,6.650792185126371,-107.88297770575826,-16.20179496102675,1.7763568394002505e-15,115.04755067040607,-34.98135893639147,7.250733812318761,112.12611967862904,0.0,0.729,0.0,23.6925,23.6925,12.0,alpha3-passive-deployment-parent-v1,-0.005185889910179011,48.667690044272526,10.260995593279187,-17.293035885378142,"[456.6988920694012, 2.5519776058947295e-16, 792.376878858968]",0.873879305946405,native_rigid_body_reuse_instantaneous_projected_area,1.1339509618938575,0.7706499974980432,0.0,0.0,0.0,0.0,0.0,0.0,0.0,query-000000,rigid_body_6dof,pseudo_6dof,-176.30006975984588,0.0,0.0,,10.250000000000012,7.626940253648165,13.901525997445132,4.243141972870774,16.414228476912932,-16.20179496102675,1.7763568394002505e-15,-2.6322493295939324,-0.005185889910179011,48.667690044272526,10.260995593279187,7.377764055609925e-15,6.269354685859362e-17,"[4.305128543870214, 1.030067355678929e-18, -30.570347019262112]","[0.0, 0.0, 0.0]",-122.93001778610164
query-000000,-1.2498551024534295,-5.921189464667501e-16,-0.1911217840738028,43.28053125156819,20.11433299470874,-106.11863265294103,-0.00493297107480436,45.567810434075376,15.67665924586721,30.87958746228772,"[3.9803368867880757, 3.680392037137842e-17, -30.621982955203134]",-0.006766764162966507,1.877451314004227,0.6465465427706494,1.472668625283988,"[0.15372642411989834, 0.6242381884926727, -0.7600179315860156, 0.0952240212467956]","[0.03383382081484472, 0.4612375772392286, -1.3981659593222067]",nominal-cone-pseudo_6dof,116.35701514463939,booster-release,43.28053125156819,20.11433299470874,-106.11863265294103,-14.998261229441155,-7.105427357601002e-15,115.38633859111437,-41.48855703270989,-5.55211904266071,109.98367577745209,0.0,0.729,0.0,23.6925,23.6925,12.0,alpha3-passive-deployment-parent-v1,-0.00493297107480436,45.567810434075376,15.67665924586721,-20.64364684915329,"[457.734053158652, 2.6032792292535864e-16, 784.7276892465867]",0.8739728676607174,native_rigid_body_reuse_instantaneous_projected_area,1.1340723681283558,0.7706499974980432,0.0,0.0,0.0,0.0,0.0,0.0,0.0,query-000000,rigid_body_6dof,pseudo_6dof,177.11008768936213,7.32410687763558e-15,1.5198700283396774e-16,,10.500000000000016,1.7919742188583,14.56221395204803,3.865043124511061,15.17260047390049,-14.998261229441155,-7.105427357601002e-15,-2.2934614088856335,-0.00493297107480436,45.567810434075376,15.67665924586721,1.5819801584766036e-14,1.3443090135066541e-16,"[3.9803368867880757, 3.680392037137842e-17, -30.621982955203134]","[0.0, 0.0, 0.0]",-100.67785249583201
query-000000,-1.1545837354548398,-1.1842378929335002e-15,-0.1842469812212606,52.21648038590437,33.53389579940687,-98.35614015694175,-0.0046923872365845385,39.97277468125208,20.829136045481025,30.887290544460065,"[3.679744326182559, 3.433675809443363e-17, -30.667314829828506]",-0.006436745180500053,1.6493699136424744,0.8509202537960917,1.5121314537105761,"[0.22783807123544977, 0.7299789647500335, -0.6318430484517388, 0.12647089167628006]","[0.032183725902500265, 0.9048197508434538, -1.2111180617807182]",nominal-cone-pseudo_6dof,116.29709066846421,booster-release,52.21648038590437,33.53389579940687,-98.35614015694175,-13.855004825458078,-1.4210854715202004e-14,115.46883622534487,-55.610529059558985,-20.33677476950764,101.69768914646126,0.0,0.729,0.0,23.6925,23.6925,12.0,alpha3-passive-deployment-parent-v1,-0.0046923872365845385,39.97277468125208,20.829136045481025,-28.2004693428536,"[458.6910685579392, 2.6977561924589765e-16, 777.0664784391942]",0.8723005445631288,native_rigid_body_reuse_instantaneous_projected_area,1.1319023517746052,0.7706499974980432,0.0,0.0,0.0,0.0,0.0,0.0,0.0,query-000000,rigid_body_6dof,pseudo_6dof,168.69156435005345,3.552713678800501e-15,7.881938116704573e-17,,10.75000000000002,-3.3940486736546163,13.197121029899229,3.3415489895195094,14.030307178615296,-13.855004825458078,-1.4210854715202004e-14,-2.210963774655127,-0.0046923872365845385,39.97277468125208,20.829136045481025,1.2962537282957974e-14,1.1015091190635924e-16,"[3.679744326182559, 3.433675809443363e-17, -30.667314829828506]","[0.0, 0.0, 0.0]",-78.90732588706454
query-000000,-1.0507018961136838,5.921189464667501e-16,-0.32188439928316603,65.40435916183685,47.240960787005676,-81.26429631120637,-0.00446353681060956,30.53997420199805,25.867309931223886,30.914354741273357,"[3.403804006973162, 7.627851680249509e-17, -30.72639658911217]",-0.006122821413730536,1.2601539737972771,1.0540402869143544,1.6018150399917803,"[0.3227399873084076, 0.7863653658656925, -0.4889001286475041, 0.19607415986697105]","[0.030614107068652675, 1.2723349452452923, -0.9726448405764134]",nominal-cone-pseudo_6dof,114.51342466455844,booster-release,65.40435916183685,47.240960787005676,-81.26429631120637,-12.608422753364206,7.105427357601002e-15,113.81718720860201,-73.42596988571194,-37.17054550021631,84.11606755905125,0.0,0.729,0.0,23.6925,23.6925,12.0,alpha3-passive-deployment-parent-v1,-0.00446353681060956,30.53997420199805,25.867309931223886,-38.60494902104869,"[459.57597121842724, 2.871182348526601e-16, 769.3929763609558]",0.8566450007801175,native_rigid_body_reuse_instantaneous_projected_area,1.1115876254606654,0.7706499974980432,0.0,0.0,0.0,0.0,0.0,0.0,0.0,query-000000,rigid_body_6dof,pseudo_6dof,156.1595611416865,5.0242958677880805e-15,1.2553649772464666e-16,,11.000000000000023,-8.021610723875085,10.070415286789363,2.85177124784488,13.18681545725971,-12.608422753364206,7.105427357601002e-15,-3.862612791397993,-0.00446353681060956,30.53997420199805,25.867309931223886,1.2962537282957974e-14,1.1015091190635924e-16,"[3.403804006973162, 7.627851680249509e-17, -30.72639658911217]","[0.0, 0.0, 0.0]",-55.28303158808625
query-000000,-0.9384967000177632,0.0,-0.6323342489819931,76.41331094833399,58.94067709060977,-54.166744908476424,-0.004245847551611763,17.169086593049133,29.782135100146487,31.00458567712693,"[3.155182398701177, 8.614716591027427e-17, -30.843624252691683]",-0.00582420788972807,0.705252043046567,1.2141055326691053,1.6692594406402832,"[0.41757643307732917, 0.7879768744163992, -0.3399254505232674, 0.29861857947879045]","[0.029121039448640352, 1.5207235656358042, -0.687734601534682]",nominal-cone-pseudo_6dof,110.66631718805075,booster-release,76.41331094833399,58.94067709060977,-54.166744908476424,-11.261960400213159,0.0,110.09178901221608,-88.7892660112654,-53.55196228279286,55.652393523397414,0.0,0.729,0.0,23.6925,23.6925,12.0,alpha3-passive-deployment-parent-v1,-0.004245847551611763,17.169086593049133,29.782135100146487,-48.98159388486663,"[460.3952573721934, 3.034739855486446e-16, 761.6983652946823]",0.8223094911666016,native_rigid_body_reuse_instantaneous_projected_area,1.0670336648754606,0.7706499974980432,0.0,0.0,0.0,0.0,0.0,0.0,0.0,query-000000,rigid_body_6dof,pseudo_6dof,136.10188835606468,0.0,0.0,,11.250000000000027,-12.37595506293141,5.3887148078169105,1.48564861492099,13.579751942016422,-11.261960400213159,0.0,-7.5880109877839175,-0.004245847551611763,17.169086593049133,29.782135100146487,3.7118659388171244e-14,3.1542082318436337e-16,"[3.155182398701177, 8.614716591027427e-17, -30.843624252691683]","[0.0, 0.0, 0.0]",-25.8651628016734
query-000000,-0.8460683853959253,-5.921189464667501e-16,-0.8537142610458777,81.68218941593729,67.04877913347862,-21.860679709664986,-0.004038775123054413,2.1643452130329095,31.93274639632402,31.173746080615985,"[2.9329073873615505, 7.134419224860552e-17, -31.035471624511853]",-0.005540157919144292,0.08137477927247218,1.304324600686863,1.661601156529531,"[0.49106003283541894, 0.7367019909358917, -0.1970810629555787, 0.42105733021415254]","[0.027700789595709277, 1.6192805014912597, -0.37159349715282053]",nominal-cone-pseudo_6dof,107.91389237924656,booster-release,81.68218941593729,67.04877913347862,-21.860679709664986,-10.152820624751104,-7.105427357601002e-15,107.43522886744947,-95.78486285503797,-65.61413242790249,19.19846352225208,0.0,0.729,0.0,23.6925,23.6925,12.0,alpha3-passive-deployment-parent-v1,-0.004038775123054413,2.1643452130329095,31.93274639632402,-54.48316065468039,"[461.15578452837485, 3.21310033610796e-16, 753.9646652289749]",0.7924574240487429,native_rigid_body_reuse_instantaneous_projected_area,1.0282974458204095,0.7706499974980432,0.0,0.0,0.0,0.0,0.0,0.0,0.0,query-000000,rigid_body_6dof,pseudo_6dof,106.30928956214395,0.0,0.0,,11.50000000000003,-14.102673439100684,1.434646705576128,-2.6622161874129056,14.423279943489245,-10.152820624751104,-7.105427357601002e-15,-10.244571132550533,-0.004038775123054413,2.1643452130329095,31.93274639632402,3.25399531350754e-14,2.765126481781529e-16,"[2.9329073873615505, 7.134419224860552e-17, -31.035471624511853]","[0.0, 0.0, 0.0]",12.23848145170364
query-000000,-0.7968249299673291,-5.921189464667501e-16,-0.6841089766214653,82.21656301155184,72.05847054672849,11.10099926657944,-0.003841801736006998,-12.402134804439871,32.61677483814286,31.35506782664189,"[2.728377146513471, 8.12128413563847e-17, -31.236136709902144]",-0.005269961229090532,-0.524489016769959,1.336751148756908,1.563825175368656,"[0.527627556946082, 0.6452375315490115, -0.07442916018761608, 0.5474833231664811]","[0.02634980614545266, 1.5630864481331908, -0.04019480681967619]",nominal-cone-pseudo_6dof,109.88729951947498,booster-release,82.21656301155184,72.05847054672849,11.10099926657944,-9.56189915960795,-7.105427357601002e-15,109.47049228054242,-92.38515397844952,-70.5364197560576,-18.38836970520832,0.0,0.729,0.0,23.6925,23.6925,12.0,alpha3-passive-deployment-parent-v1,-0.003841801736006998,-12.402134804439871,32.61677483814286,-51.72579570733494,"[461.863191133163, 3.411198114945032e-16, 746.1798116574716]",0.7969128404434387,native_rigid_body_reuse_instantaneous_projected_area,1.034078820516005,0.7706499974980432,0.0,0.0,0.0,0.0,0.0,0.0,0.0,query-000000,rigid_body_6dof,pseudo_6dof,75.38858395228407,1.776356892339809e-15,5.090564725240267e-17,,11.750000000000034,-10.168590966897682,1.5220507906708889,-7.28737043862888,12.602485817141677,-9.56189915960795,-7.105427357601002e-15,-8.209307719457584,-0.003841801736006998,-12.402134804439871,32.61677483814286,1.6038016052761208e-14,1.3628520827500734e-16,"[2.728377146513471, 8.12128413563847e-17, -31.236136709902144]","[0.0, 0.0, 0.0]",51.04433032566937
query-000000,-0.768935039975387,-8.881784197001252e-16,-0.28627669345443607,78.35326028645169,72.32944664165758,42.025712198583,-0.0036544348544031435,-25.36736520974638,31.176047190617176,31.460161727748865,"[2.532705511587044, 9.354865274110866e-17, -31.35804806947797]",-0.005012942187109936,-1.0636567318751733,1.282763671986123,1.3930749991701217,"[0.5207887510683, 0.5351728014824586, 0.01588447526256855, 0.6649186662741317]","[0.02506471093554968, 1.3624131519223446, 0.2895861133541707]",nominal-cone-pseudo_6dof,114.61650289030356,booster-release,78.35326028645169,72.32944664165758,42.025712198583,-9.227220479704645,-1.0658141036401503e-14,114.24447967854677,-81.80486098331247,-68.08337974371364,-50.21108891683396,0.0,0.729,0.0,23.6925,23.6925,12.0,alpha3-passive-deployment-parent-v1,-0.0036544348544031435,-25.36736520974638,31.176047190617176,-44.03900080844357,"[462.5206840924871, 3.619164542889883e-16, 738.3534327633852]",0.8249054781862549,native_rigid_body_reuse_instantaneous_projected_area,1.0704022330037697,0.7706499974980432,0.0,0.0,0.0,0.0,0.0,0.0,0.0,query-000000,rigid_body_6dof,pseudo_6dof,53.59144545138567,3.552713678800501e-15,8.839212243584302e-17,,12.000000000000037,-3.4516006968607797,4.2460668979439475,-8.185376718250957,9.845964832969411,-9.227220479704645,-1.0658141036401503e-14,-3.435320321453233,-0.0036544348544031435,-25.36736520974638,31.176047190617176,2.2765799233284228e-14,1.9345545482983678e-16,"[2.532705511587044, 9.354865274110866e-17, -31.35804806947797]","[0.0, 0.0, 0.0]",80.77348137935923
query-000000,-0.7330312376733752,-5.921189464667501e-16,0.006712711677730946,71.83290818687152,66.01630902358309,66.53387922881045,-0.0034762059634438577,-34.884522225537914,26.905929349837525,31.47641432495846,"[2.3446695324682167, 1.13285950956667e-16, -31.388965952066105]",-0.00476845811171997,-1.458724820094708,1.111518446094527,1.1995111189503398,"[0.4725747959694659, 0.43116511820106523, 0.06750989124697127, 0.7656449031012362]","[0.023842290558599846, 1.0434265215940097, 0.5912017960905066]",nominal-cone-pseudo_6dof,118.0884280567519,booster-release,71.83290818687152,66.01630902358309,66.53387922881045,-8.796374852080502,-7.105427357601002e-15,117.76035254013277,-70.18797542335851,-60.12175591305472,-72.85298827049645,0.0,0.729,0.0,23.6925,23.6925,12.0,alpha3-passive-deployment-parent-v1,-0.0034762059634438577,-34.884522225537914,26.905929349837525,-36.61476961218328,"[463.1301690569298, 3.8777077975121023e-16, 730.5085251503195]",0.8482325762568792,native_rigid_body_reuse_instantaneous_projected_area,1.100671613586858,0.7706499974980432,0.0,0.0,0.0,0.0,0.0,0.0,0.0,query-000000,rigid_body_6dof,pseudo_6dof,39.53107243607118,3.552713678800501e-15,8.064235876239971e-17,,12.25000000000004,1.6449327635130118,5.894553110528371,-6.319109041686005,8.79674367308927,-8.796374852080502,-7.105427357601002e-15,0.08055254013277136,-0.0034762059634438577,-34.884522225537914,26.905929349837525,2.4526633361258486e-14,2.0841838073533848e-16,"[2.3446695324682167, 1.13285950956667e-16, -31.388965952066105]","[0.0, 0.0, 0.0]",103.07175713557953
query-000000,-0.6852562916994227,2.9605947323337506e-16,0.11255580631107638,67.36536293044597,54.25342880777711,82.18482233210393,-0.0033066693980665376,-40.05541515637459,20.444537687171433,31.445401856220005,"[2.1672020086908206, 1.1575311323361181e-16, -31.370631701524452]",-0.004535897665388634,-1.6722225860908417,0.8486598072084028,1.0595501455018956,"[0.39038233837394976, 0.3539179767838201, 0.08145396462764794, 0.84599583169267]","[0.022679488326930987, 0.648358152775736, 0.8377134697326718]",nominal-cone-pseudo_6dof,119.31417217544075,booster-release,67.36536293044597,54.25342880777711,82.18482233210393,-8.223075500393072,3.552713678800501e-15,119.03046967573292,-62.985746159516,-48.73662831690434,-86.63759096990715,0.0,0.729,0.0,23.6925,23.6925,12.0,alpha3-passive-deployment-parent-v1,-0.0033066693980665376,-40.05541515637459,20.444537687171433,-32.359503184837514,"[463.6939035230464, 4.1485868635190455e-16, 722.6630301479433]",0.8579362002368925,native_rigid_body_reuse_instantaneous_projected_area,1.1132630935213503,0.7706499974980432,0.0,0.0,0.0,0.0,0.0,0.0,0.0,query-000000,rigid_body_6dof,pseudo_6dof,29.35925229863692,7.105427357601002e-15,1.579992481415097e-16,,12.500000000000044,4.379616770929971,5.516800490872775,-4.452768637803217,8.333263421859964,-8.223075500393072,3.552713678800501e-15,1.3506696757329166,-0.0033066693980665376,-40.05541515637459,20.444537687171433,3.6099836778372163e-14,3.067632404063583e-16,"[2.1672020086908206, 1.1575311323361181e-16, -31.370631701524452]","[0.0, 0.0, 0.0]",121.76524469426265
query-000000,-0.6315963661515651,-1.4802973661668753e-16,0.079322233292352,68.26214314390536,38.58402944705656,89.34466108448308,-0.003145401228550151,-41.25267995845997,12.573923770315494,31.407984577852158,"[2.002515012711543, 1.5399412852625608e-16, -31.344081241383737]",-0.004314679325857546,-1.7200384571305798,0.5260905822176325,1.0347572174092101,"[0.2831823171452573, 0.3160709508660982, 0.06429691325211387, 0.9032014372337401]","[0.021573396629287728, 0.2210789216930647, 1.0106340573725776]",nominal-cone-pseudo_6dof,118.8735293464087,booster-release,68.26214314390536,38.58402944705656,89.34466108448308,-7.579156393818782,-1.7763568394002505e-15,118.63166679950822,-62.904086797927626,-34.73407997150591,-93.1941783626629,0.0,0.729,0.0,23.6925,23.6925,12.0,alpha3-passive-deployment-parent-v1,-0.003145401228550151,-41.25267995845997,12.573923770315494,-32.31244794934044,"[464.2148385300262, 4.470042756203357e-16, 714.8238641732813]",0.8560157351921961,native_rigid_body_reuse_instantaneous_projected_area,1.110771086707711,0.7706499974980432,0.0,0.0,0.0,0.0,0.0,0.0,0.0,query-000000,rigid_body_6dof,pseudo_6dof,20.440753663891286,7.105427357601002e-15,1.647581490161384e-16,,12.750000000000048,5.358056345977737,3.8499494755506447,-3.8495172781798175,7.638695048630372,-7.579156393818782,-1.7763568394002505e-15,0.951866799508224,-0.003145401228550151,-41.25267995845997,12.573923770315494,5.687116766346677e-14,4.832704309785262e-16,"[2.002515012711543, 1.5399412852625608e-16, -31.344081241383737]","[0.0, 0.0, 0.0]",139.2044331620296
query-000000,-0.5741006465873775,-6.661338147750939e-16,-0.08942687630365379,74.1734764867864,19.5326847456741,88.09851321094041,-0.0029919982004701666,-38.7027269459992,3.5928284979770986,31.39677972627216,"[1.8517157788762082, 1.490598039723665e-16, -31.342127015477356]",-0.004104249932057841,-1.6117295250352435,0.15559650519237395,1.1147808002068935,"[0.15996912786482523, 0.3218708962857874, 0.0256609249496173, 0.9328185896438178]","[0.020521249660289207, -0.1987135167086585, 1.0967351772873795]",nominal-cone-pseudo_6dof,116.81000991990362,booster-release,74.1734764867864,19.5326847456741,88.09851321094041,-6.8892077590485306,-7.993605777301127e-15,116.60667748435615,-69.6999096730568,-17.752326011746366,-93.14135945314737,0.0,0.729,0.0,23.6925,23.6925,12.0,alpha3-passive-deployment-parent-v1,-0.0029919982004701666,-38.7027269459992,3.5928284979770986,-36.319284248721715,"[464.6963180161668, 4.8510189388189625e-16, 706.9889629553977]",0.8409811572378832,native_rigid_body_reuse_instantaneous_projected_area,1.0912621293300122,0.7706499974980432,0.0,0.0,0.0,0.0,0.0,0.0,0.0,query-000000,rigid_body_6dof,pseudo_6dof,10.790895531222208,4.336808689942018e-19,1.1157461866110141e-20,,13.000000000000052,4.4735668137296045,1.7803587339277342,-5.042846242206963,6.972286244906778,-6.8892077590485306,-7.993605777301127e-15,-1.0731225156438455,-0.0029919982004701666,-38.7027269459992,3.5928284979770986,3.9171210913902624e-14,3.3286265709070397e-16,"[1.8517157788762082, 1.490598039723665e-16, -31.342127015477356]","[0.0, 0.0, 0.0]",156.9891867763904
query-000000,-0.5127508289076476,-5.551115123125783e-17,-0.4222427443173764,81.62309105589085,-1.8507917322005722,77.80596019384099,-0.0028460767263523584,-32.305567569003564,-5.979348576485774,31.44962782189246,"[1.715804230856429, 1.4088732892998687e-16, -31.402788187944832]",-0.0039040833008948676,-1.3429868036365216,-0.2415641409088833,1.227348216100992,"[0.030617745942556784, 0.3679247312852951, -0.023143763318503777, 0.9290631366928178]","[0.019520416504474336, -0.5713019981481235, 1.0861015715934403]",nominal-cone-pseudo_6dof,112.78085770750195,booster-release,81.62309105589085,-1.8507917322005722,77.80596019384099,-6.153009946891771,-6.661338147750939e-16,112.61288706819148,-80.61864516910643,2.4093741999515084,-85.69343204179839,0.0,0.729,0.0,23.6925,23.6925,12.0,alpha3-passive-deployment-parent-v1,-0.0028460767263523584,-32.305567569003564,-5.979348576485774,-43.24094179265686,"[465.1419380150487, 5.209019672730518e-16, 699.1475878719832]",0.8085002266262965,native_rigid_body_reuse_instantaneous_projected_area,1.0491146814392216,0.7706499974980432,0.0,0.0,0.0,0.0,0.0,0.0,0.0,query-000000,rigid_body_6dof,pseudo_6dof,-1.6105156548725126,7.160723346098895e-15,2.1795419022245121e-16,,13.250000000000055,1.0044458867844241,0.5585824677509361,-7.8874718479574,7.9707677211845445,-6.153009946891771,-6.661338147750939e-16,-5.066912931808517,-0.0028460767263523584,-32.305567569003564,-5.979348576485774,2.0093503229985284e-14,1.7074725849283636e-16,"[1.715804230856429, 1.4088732892998687e-16, -31.402788187944832]","[0.0, 0.0, 0.0]",176.86329281756136
query-000000,-0.45350535234432715,0.0,-0.8341520383629384,86.74737615316138,-22.899745350715136,59.77402520480894,-0.0027072719265044394,-22.826383789284293,-14.938930157751688,31.600833807785122,"[1.5951941718651605, 1.3784192549438313e-16, -31.560545827049673]",-0.0037136789115287234,-0.9458431105847643,-0.6150687579932476,1.3019938929842458,"[-0.09331945273338049, 0.44410969848958065, -0.07011073440144315, 0.8883369520461964]","[0.018568394557643617, -0.8593283851175967, 0.9779560514782897]",nominal-cone-pseudo_6dof,107.80741948386857,booster-release,86.74737615316138,-22.899745350715136,59.77402520480894,-5.442064228131926,0.0,107.66997553964474,-91.31396103210746,24.412916958756536,-70.10210648926052,0.0,0.729,0.0,23.6925,23.6925,12.0,alpha3-passive-deployment-parent-v1,-0.0027072719265044394,-22.826383789284293,-14.938930157751688,-50.89148957644098,"[465.5555028881208, 5.554684595257351e-16, 691.2793439415472]",0.7647602818481947,native_rigid_body_reuse_instantaneous_projected_area,0.9923574700980085,0.7706499974980432,0.0,0.0,0.0,0.0,0.0,0.0,0.0,query-000000,rigid_body_6dof,pseudo_6dof,-19.200569021582922,3.972054645195637e-15,1.4560150937384534e-16,,13.500000000000059,-4.566584878946074,1.5131716080414002,-10.328081284451578,11.393535394698155,-5.442064228131926,0.0,-10.009824460355262,-0.0027072719265044394,-22.826383789284293,-14.938930157751688,3.7366881087952617e-14,3.1753012061503006e-16,"[1.5951941718651605, 1.3784192549438313e-16, -31.560545827049673]","[0.0, 0.0, 0.0]",-158.80366303822305
query-000000,-0.4102300326671323,1.4802973661668753e-16,-1.0372286587710644,89.10417449988954,-41.46502989719362,37.93846395461189,-0.002575236716626601,-12.143259265715457,-22.37377523959751,31.837155568247155,"[1.4877025359755398, 1.816340559101532e-16, -31.802377518689116]",-0.0035325606538087802,-0.4991161530400128,-0.9265322382356199,1.3026338337810732,"[-0.1999373997786944, 0.5361805054422126, -0.10427521335692563, 0.8134261992540169]","[0.0176628032690439, -1.040213045026885, 0.7839003452274733]",nominal-cone-pseudo_6dof,105.34813555501256,booster-release,89.10417449988954,-41.46502989719362,37.93846395461189,-4.922760392005588,1.7763568394002505e-15,105.23305609474723,-97.74360756858776,45.19439211112141,-47.45723790133727,0.0,0.729,0.0,23.6925,23.6925,12.0,alpha3-passive-deployment-parent-v1,-0.002575236716626601,-12.143259265715457,-22.37377523959751,-56.15934276536446,"[465.94063880786035, 5.94616549225526e-16, 683.3600604980774]",0.7355758609479882,native_rigid_body_reuse_instantaneous_projected_area,0.9544875927283137,0.7706499974980432,0.0,0.0,0.0,0.0,0.0,0.0,0.0,query-000000,rigid_body_6dof,pseudo_6dof,-43.60093401459099,3.972054645195637e-15,1.5603167705926113e-16,,13.750000000000062,-8.639433068698224,3.729362213927793,-9.518773946725382,13.384879667746217,-4.922760392005588,1.7763568394002505e-15,-12.446743905252774,-0.002575236716626601,-12.143259265715457,-22.37377523959751,3.4857467051790546e-14,2.962060358004564e-16,"[1.4877025359755398, 1.816340559101532e-16, -31.802377518689116]","[0.0, 0.0, 0.0]",-128.29020311352423
query-000000,-0.38966068032387496,1.1842378929335002e-15,-0.8120967065749067,90.37613889405755,-57.3285566782714,14.742483526601344,-0.002449640939920148,-1.3799570993488421,-28.261050895941644,32.07201086139658,"[1.3881168280838034, 2.186414900643251e-16, -32.04195706203244]",-0.003360275637750546,-0.04977939181801361,-1.1747703411172783,1.2247416622923981,"[-0.2796356525633265, 0.6300703897482344, -0.11739967275407019, 0.7148653877585821]","[0.01680137818875273, -1.1088235702483409, 0.5198270319129504]",nominal-cone-pseudo_6dof,108.03587697030957,booster-release,90.37613889405755,-57.3285566782714,14.742483526601344,-4.6759281638865,1.4210854715202004e-14,107.93463952110112,-98.28296321662329,61.220587580817735,-21.00081249997974,0.0,0.729,0.0,23.6925,23.6925,12.0,alpha3-passive-deployment-parent-v1,-0.002449640939920148,-1.3799570993488421,-28.261050895941644,-56.633831302695384,"[466.30001044085463, 6.418137558538492e-16, 675.3783244554961]",0.7426376110607877,native_rigid_body_reuse_instantaneous_projected_area,0.9636509614893931,0.7706499974980432,0.0,0.0,0.0,0.0,0.0,0.0,0.0,query-000000,rigid_body_6dof,pseudo_6dof,-71.06623061560575,2.220446049250313e-16,7.847562736091135e-18,,14.000000000000066,-7.90682432256574,3.892030902546338,-6.258328973378397,10.808906371752864,-4.6759281638865,1.4210854715202004e-14,-9.745160478898882,-0.002449640939920148,-1.3799570993488421,-28.261050895941644,3.2137456964741464e-14,2.7309238259022757e-16,"[1.3881168280838034, 2.186414900643251e-16, -32.04195706203244]","[0.0, 0.0, 0.0]",-95.17736426989285
query-000000,-0.37931641989438647,8.881784197001252e-16,-0.35650577855110654,89.91811983790663,-68.6224304792478,-9.293284258482887,-0.002330170541523434,9.230845111917581,-31.848445720172876,32.214811942292975,"[1.2920200086430058, 2.137071655104355e-16, -32.18889238191597]",-0.003196393061075888,0.3927759841160912,-1.3277368614868437,1.0850373067485004,"[-0.32711204847116526, 0.7149731096617266, -0.10458661628153834, 0.6089932675329154]","[0.01598196530537335, -1.0654990388520171, 0.20435834219929622]",nominal-cone-pseudo_6dof,113.49304548020689,booster-release,89.91811983790663,-68.6224304792478,-9.293284258482887,-4.551797038732638,1.0658141036401503e-14,113.40173065738672,-94.42680530534469,70.03568873118056,5.207309460337459,0.0,0.729,0.0,23.6925,23.6925,12.0,alpha3-passive-deployment-parent-v1,-0.002330170541523434,9.230845111917581,-31.848445720172876,-53.360336009457214,"[466.6349750416902, 6.946237566622218e-16, 667.3470632424837]",0.7725187401946916,native_rigid_body_reuse_instantaneous_projected_area,1.0024248915885492,0.7706499974980432,0.0,0.0,0.0,0.0,0.0,0.0,0.0,query-000000,rigid_body_6dof,pseudo_6dof,-94.25224452143944,0.0,0.0,,14.25000000000007,-4.508685467438056,1.41325825193276,-4.085974798145427,6.246657792933981,-4.551797038732638,1.0658141036401503e-14,-4.2780693426132785,-0.002330170541523434,9.230845111917581,-31.848445720172876,1.8401590789008413e-14,1.5637000393447654e-16,"[1.2920200086430058, 2.137071655104355e-16, -32.18889238191597]","[0.0, 0.0, 0.0]",-66.66614384315629
query-000000,-0.3648245618672985,1.1842378929335002e-15,0.001125272127798856,87.60103797723455,-72.08219067729404,-31.640093685098105,-0.0022165267832111664,18.582427922598228,-31.815045531875853,32.25140786446004,"[1.1988421178613404, 2.1124000323349072e-16, -32.22911861680671]",-0.003040503131977518,0.7823829170843075,-1.3293227151717213,0.9262993557412568,"[-0.34237430715571365, 0.7838611288945053, -0.06457950075432738, 0.5139757314214345]","[0.015202515659884543, -0.9168272162718333, -0.13125256366075036]",nominal-cone-pseudo_6dof,117.77469845399071,booster-release,87.60103797723455,-72.08219067729404,-31.640093685098105,-4.377894742407582,1.4210854715202004e-14,117.69330326553359,-89.61910705344104,70.97650186400223,27.9157153254788,0.0,0.729,0.0,23.6925,23.6925,12.0,alpha3-passive-deployment-parent-v1,-0.0022165267832111664,18.582427922598228,-31.815045531875853,-49.60107525128558,"[466.94625754553533, 7.47680473698289e-16, 659.2929396549849]",0.7990870768697245,native_rigid_body_reuse_instantaneous_projected_area,1.0369001225770502,0.7706499974980432,0.0,0.0,0.0,0.0,0.0,0.0,0.0,query-000000,rigid_body_6dof,pseudo_6dof,-111.47017374593318,3.552713678800501e-15,9.642500907424162e-17,,14.500000000000073,-2.018069076206487,-1.1056888132918061,-3.7243783596193047,4.377915567228316,-4.377894742407582,1.4210854715202004e-14,0.013503265533586273,-0.0022165267832111664,18.582427922598228,-31.815045531875853,7.665911109218478e-14,6.514211537764747e-16,"[1.1988421178613404, 2.1124000323349072e-16, -32.22911861680671]","[0.0, 0.0, 0.0]",-44.36674400672242
query-000000,-0.34269195581591294,1.1842378929335002e-15,0.13447055352416726,85.88868761769943,-66.78805396170445,-49.09507754288864,-0.00210842549639323,25.331553144520658,-27.937688022360682,32.2265205842451,"[1.1102584792877792, 1.6189675769459487e-16, -32.20738975881068]",-0.0028922160444351578,1.0629185159805181,-1.1695985285151183,0.8166823690832371,"[-0.33027138927801863, 0.8324721558995396, 0.00017996089497785632, 0.4448717643213788]","[0.014461080222175791, -0.683500738676959, -0.4467524027448177]",nominal-cone-pseudo_6dof,119.36430560106547,booster-release,85.88868761769943,-66.78805396170445,-49.09507754288864,-4.112303469790955,1.4210854715202004e-14,119.29344664229001,-87.1778531236359,64.69133410535662,45.426738210693635,0.0,0.729,0.0,23.6925,23.6925,12.0,alpha3-passive-deployment-parent-v1,-0.00210842549639323,25.331553144520658,-27.937688022360682,-47.800084364792816,"[467.23477962025066, 7.929656295619801e-16, 651.2376836064179]",0.8103553981263016,native_rigid_body_reuse_instantaneous_projected_area,1.0515219629626473,0.7706499974980432,0.0,0.0,0.0,0.0,0.0,0.0,0.0,query-000000,rigid_body_6dof,pseudo_6dof,-125.07681733315243,5.0242958677880805e-15,1.332277100682174e-16,,14.750000000000076,-1.2891655059364666,-2.096719856347832,-3.6683393321950035,4.417566673388025,-4.112303469790955,1.4210854715202004e-14,1.613646642290007,-0.00210842549639323,25.331553144520658,-27.937688022360682,8.236627820231227e-15,6.999185773795696e-17,"[1.1102584792877792, 1.6189675769459487e-16, -32.20738975881068]","[0.0, 0.0, 0.0]",-25.91412240117296
query-000000,-0.31494434756805356,2.9605947323337506e-16,0.05251531482938413,86.74052409722296,-53.869442053626,-59.880717308386416,-0.0020055963715451897,28.826375553898316,-20.90082632255639,32.19623716270381,"[1.027962601195855, 1.7916689363320843e-16, -32.17982256519778]",-0.0027511610034901255,1.207288965108199,-0.8768807360975297,0.8090538982650916,"[-0.29845424683933874, 0.8576415815272338, 0.08414895983929936, 0.4102376539726606]","[0.013755805017456721, -0.39676116178631, -0.704953593241598]",nominal-cone-pseudo_6dof,118.37033248748087,booster-release,86.74052409722296,-53.869442053626,-59.880717308386416,-3.779332170816643,3.552713678800501e-15,118.30998377795261,-88.71915067870648,52.11937146882789,57.105330299222565,0.0,0.729,0.0,23.6925,23.6925,12.0,alpha3-passive-deployment-parent-v1,-0.0020055963715451897,28.826375553898316,-20.90082632255639,-48.92960578358354,"[467.50191255018893, 8.372639205148933e-16, 643.1897109860174]",0.8043578847562025,native_rigid_body_reuse_instantaneous_projected_area,1.0437395541005563,0.7706499974980432,0.0,0.0,0.0,0.0,0.0,0.0,0.0,query-000000,rigid_body_6dof,pseudo_6dof,-137.61365983749437,0.0,0.0,,15.00000000000008,-1.9786265814835247,-1.7500705847981095,-2.7753870091638504,3.8315118754043116,-3.779332170816643,3.552713678800501e-15,0.6301837779526096,-0.0020055963715451897,28.826375553898316,-20.90082632255639,3.07706077530412e-14,2.614773967413371e-16,"[1.027962601195855, 1.7916689363320843e-16, -32.17982256519778]","[0.0, 0.0, 0.0]",-8.802252773010686
query-000000,-0.28385471817775454,-5.921189464667501e-16,-0.21735251338128828,89.589504317306,-35.12766703242156,-63.18889534164104,-0.0019077822822936709,28.87053012281164,-11.650128363084937,32.210958048781286,"[0.9530655681836124, 2.2851013917210425e-16, -32.19685519492689]",-0.002616985298070575,1.207424621020533,-0.49055654319818365,0.8822480969730262,"[-0.25543390833695817, 0.856355226199728, 0.1792924551843503, 0.41141640772590365]","[0.013084926490354396, -0.0919124657746482, -0.8773497523487952]",nominal-cone-pseudo_6dof,115.12197344320555,booster-release,89.589504317306,-35.12766703242156,-63.18889534164104,-3.406256618133055,-7.105427357601002e-15,115.07156983942454,-93.70041391437533,34.122035757839576,62.48563383735066,0.0,0.729,0.0,23.6925,23.6925,12.0,alpha3-passive-deployment-parent-v1,-0.0019077822822936709,28.87053012281164,-11.650128363084937,-52.771769569620744,"[467.74937893552584, 8.861264616801543e-16, 635.144035940616]",0.7808301088387767,native_rigid_body_reuse_instantaneous_projected_area,1.0132097727551856,0.7706499974980432,0.0,0.0,0.0,0.0,0.0,0.0,0.0,query-000000,rigid_body_6dof,pseudo_6dof,-151.36201301119502,3.552713685417946e-15,1.1411588740527557e-16,,15.250000000000083,-4.1109095970693375,-1.0056312745819866,-0.7032615042903814,4.290157190489729,-3.406256618133055,-7.105427357601002e-15,-2.6082301605754594,-0.0019077822822936709,28.87053012281164,-11.650128363084937,4.674764082484279e-14,3.9724439389634235e-16,"[0.9530655681836124, 2.2851013917210425e-16, -32.19685519492689]","[0.0, 0.0, 0.0]",9.21630045654525
query-000000,-0.25216189757134266,-2.9605947323337506e-16,-0.614949190031839,92.24464543053449,-13.209167068191606,-59.09128538733653,-0.0018147386424664901,25.664515475018852,-1.45757110956092,32.31165178991747,"[0.8860931508975338, 1.9396986729487716e-16, -32.29949969149382]",-0.0024893534190212484,1.0718113855553852,-0.06387930408908528,0.9668907038551533,"[-0.20965167034648807, 0.8266854261835659, 0.2756532563414298, 0.44345537038690763]","[0.012446767095106243, 0.19553929498419012, -0.9468300245067643]",nominal-cone-pseudo_6dof,110.34190823965326,booster-release,92.24464543053449,-13.209167068191606,-59.09128538733653,-3.025942770856112,-3.552713678800501e-15,110.30040971961793,-99.88408588717195,12.02124188934732,61.05075313181535,0.0,0.729,0.0,23.6925,23.6925,12.0,alpha3-passive-deployment-parent-v1,-0.0018147386424664901,25.664515475018852,-1.45757110956092,-58.07906145544831,"[467.97910826419104, 9.406634760823885e-16, 627.0840775130948]",0.7430464595764295,native_rigid_body_reuse_instantaneous_projected_area,0.9641814857442028,0.7706499974980432,0.0,0.0,0.0,0.0,0.0,0.0,0.0,query-000000,rigid_body_6dof,pseudo_6dof,-168.86063944483075,2.2204471080412447e-16,8.637898301826544e-18,,15.500000000000087,-7.639440456637459,-1.1879251788442868,1.9594677444788218,7.975696243130985,-3.025942770856112,-3.552713678800501e-15,-7.379390280382069,-0.0018147386424664901,25.664515475018852,-1.45757110956092,3.8796218980226547e-14,3.296761124698253e-16,"[0.8860931508975338, 1.9396986729487716e-16, -32.29949969149382]","[0.0, 0.0, 0.0]",30.68310330951227
query-000000,-0.22488664714799592,1.4802973661668753e-16,-0.9646593458335744,93.56176043431076,8.68265045627961,-49.35712956561491,-0.001726232794499859,20.145153902502386,8.224471190237,32.51118167723236,"[0.8266200767309059, 1.84101218187098e-16, -32.50067127458684]",-0.002367946220164416,0.8398202271168647,0.34213171037687523,1.010085118182294,"[-0.16899882469648575, 0.7699657065137753, 0.362722214247622, 0.4970158984733299]","[0.011839731100822079, 0.43590891675093885, -0.9111065706259738]",nominal-cone-pseudo_6dof,106.13820082077038,booster-release,93.56176043431076,8.68265045627961,-49.35712956561491,-2.698639765775951,1.7763568394002505e-15,106.10388784999711,-104.49609089238511,-11.804556706604215,52.818129058221615,0.0,0.729,0.0,23.6925,23.6925,12.0,alpha3-passive-deployment-parent-v1,-0.001726232794499859,20.145153902502386,8.224471190237,-62.619212572642404,"[468.1930548130198, 9.906362402722747e-16, 618.9859025548913]",0.70532007739356,native_rigid_body_reuse_instantaneous_projected_area,0.9152275088346457,0.7706499974980432,0.0,0.0,0.0,0.0,0.0,0.0,0.0,query-000000,rigid_body_6dof,pseudo_6dof,167.40175008744555,2.168404344971009e-19,9.9653928322227e-21,,15.75000000000009,-10.934330458074356,-3.1219062503246047,3.460999492606703,11.886311399673655,-2.698639765775951,1.7763568394002505e-15,-11.575912150002893,-0.001726232794499859,20.145153902502386,8.224471190237,1.798424230098713e-14,1.5282352877033382e-16,"[0.8266200767309059, 1.84101218187098e-16, -32.50067127458684]","[0.0, 0.0, 0.0]",58.13144093777593
query-000000,-0.2074044920690537,-4.440892098500626e-16,-1.015653318443686,94.73767309802615,28.73087386640864,-36.52476199707453,-0.0016420434276732542,13.536989809025878,16.626275326351355,32.76543382309671,"[0.7728142642383047, 1.7793331249473601e-16, -32.756318653486076]",-0.002252460120265095,0.5628444013347423,0.6950740913684579,0.9916184407438089,"[-0.14031357091706273, 0.6921777156807867, 0.4315908258662607, 0.561187553995551]","[0.011262300601325473, 0.6118292897874139, -0.780285340607253]",nominal-cone-pseudo_6dof,105.52131564806645,booster-release,94.73767309802615,28.73087386640864,-36.52476199707453,-2.4888539048286447,-5.329070518200751e-15,105.49196017867577,-105.6763589942497,-34.14631742878299,38.92391917332145,0.0,0.729,0.0,23.6925,23.6925,12.0,alpha3-passive-deployment-parent-v1,-0.0016420434276732542,13.536989809025878,16.626275326351355,-63.89629667093333,"[468.3928931031516, 1.0378951259575216e-15, 610.8290504082921]",0.6897181037076998,native_rigid_body_reuse_instantaneous_projected_area,0.8949822953959733,0.7706499974980432,0.0,0.0,0.0,0.0,0.0,0.0,0.0,query-000000,rigid_body_6dof,pseudo_6dof,138.74088479138834,3.9720546511144596e-15,1.85261823233943e-16,,16.000000000000092,-10.938685896223546,-5.415443562374353,2.3991571762469235,12.43936627283872,-2.4888539048286447,-5.329070518200751e-15,-12.187839821324232,-0.0016420434276732542,13.536989809025878,16.626275326351355,5.889500318581186e-14,5.004682467663258e-16,"[0.7728142642383047, 1.7793331249473601e-16, -32.756318653486076]","[0.0, 0.0, 0.0]",90.3130759440857
query-000000,-0.19913598447294115,-4.440892098500626e-16,-0.7125680184999166,96.46135262369661,46.3665558014544,-21.452165245998103,-0.0015619600247173918,6.264962313287539,23.55898264816245,32.98592006350876,"[0.7221299992668776, 1.0145128190944745e-16, -32.97801465674288]",-0.0021426063439220415,0.25852469036120496,0.9869393803368599,0.9136329233419429,"[-0.12907234693093006, 0.6034887176541864, 0.47661622734289094, 0.6260819984277435]","[0.010713031719598023, 0.7151022575523073, -0.5685412129382645]",nominal-cone-pseudo_6dof,109.155143903639,booster-release,96.46135262369661,46.3665558014544,-21.452165245998103,-2.389631813675294,-5.329070518200751e-15,109.128983778001,-103.40556915763426,-51.89847108226496,21.50284387119588,0.0,0.729,0.0,23.6925,23.6925,12.0,alpha3-passive-deployment-parent-v1,-0.0015619600247173918,6.264962313287539,23.55898264816245,-61.486276090495345,"[468.5797187343674, 1.0759638321611489e-15, 602.6106563205262]",0.703283403819156,native_rigid_body_reuse_instantaneous_projected_area,0.9125847091447525,0.7706499974980432,0.0,0.0,0.0,0.0,0.0,0.0,0.0,query-000000,rigid_body_6dof,pseudo_6dof,112.50545891492096,0.0,0.0,,16.250000000000096,-6.944216533937649,-5.5319152808105585,0.05067862519777577,8.878445712360374,-2.389631813675294,-5.329070518200751e-15,-8.550816221999,-0.0015619600247173918,6.264962313287539,23.55898264816245,2.2456730749104993e-15,1.9082910362785282e-17,"[0.7221299992668776, 1.0145128190944745e-16, -32.97801465674288]","[0.0, 0.0, 0.0]",119.94440839354696
query-000000,-0.19351077451828358,-1.4802973661668753e-16,-0.2889674454848171,97.45081887366437,59.45483856853729,-4.275143287396007,-0.0014857823354112937,-1.5779279304309595,28.152147871406996,33.10941993361237,"[0.6730320752830696, 1.0761918760180944e-16, -33.10257869359921]",-0.002038110199466795,-0.06951322068047877,1.1809312820451188,0.7957379181875316,"[-0.13905490059814074, 0.5165835879044774, 0.49606105663835315, 0.6839068353322832]","[0.010190550997333977, 0.7389980816205894, -0.29491833186983485]",nominal-cone-pseudo_6dof,114.23579464636437,booster-release,97.45081887366437,59.45483856853729,-4.275143287396007,-2.322129294219403,-1.7763568394002505e-15,114.2121906541822,-99.386420418272,-62.94129237297319,3.044417662278133,0.0,0.729,0.0,23.6925,23.6925,12.0,alpha3-passive-deployment-parent-v1,-0.0014857823354112937,-1.5779279304309595,28.152147871406996,-57.62370440151859,"[468.754085179867, 1.1005248248985037e-15, 594.3483523285424]",0.7298275946298554,native_rigid_body_reuse_instantaneous_projected_area,0.9470286083167196,0.7706499974980432,0.0,0.0,0.0,0.0,0.0,0.0,0.0,query-000000,rigid_body_6dof,pseudo_6dof,92.76919069600318,3.552713678800501e-15,1.2599913148370042e-16,,16.5000000000001,-1.9356015446076213,-3.4864538044358966,-1.2307256251178744,4.173319905575763,-2.322129294219403,-1.7763568394002505e-15,-3.467609345817806,-0.0014857823354112937,-1.5779279304309595,28.152147871406996,2.738450105489827e-14,2.327034975832579e-16,"[0.6730320752830696, 1.0761918760180944e-16, -33.10257869359921]","[0.0, 0.0, 0.0]",142.99270554744646
query-000000,-0.18521544253376981,2.9605947323337506e-16,0.002853843388264702,97.28873876264535,64.97453850807698,13.219197978503548,-0.0014133198758525547,-9.17633628299894,29.19411997897226,33.13990902592673,"[0.6256105509177512, 8.048040255541673e-17, -33.13400340564478]",-0.0019387103921159872,-0.38722167263785984,1.2258096124163849,0.6812978056897288,"[-0.171504860365559, 0.4441010214173851, 0.4920429780573884, 0.7288717811737822]","[0.009693551960579937, 0.6811643331586671, 0.009374770425742356]",nominal-cone-pseudo_6dof,117.73502681682585,booster-release,97.28873876264535,64.97453850807698,13.219197978503548,-2.222585310405238,3.552713678800501e-15,117.71404612065918,-96.04565495070841,-66.48220465325818,-14.278793981697293,0.0,0.729,0.0,23.6925,23.6925,12.0,alpha3-passive-deployment-parent-v1,-0.0014133198758525547,-9.17633628299894,29.19411997897226,-54.70231421723327,"[468.91637237463704, 1.1219401857327538e-15, 586.0672520951468]",0.7500689198677616,native_rigid_body_reuse_instantaneous_projected_area,0.9732938718002995,0.7706499974980432,0.0,0.0,0.0,0.0,0.0,0.0,0.0,query-000000,rigid_body_6dof,pseudo_6dof,77.87837771524813,1.7763568394002505e-15,5.804648234576224e-17,,16.750000000000103,1.2430838119369412,-1.5076661451812043,-1.0595960031937448,2.2228491309149505,-2.222585310405238,3.552713678800501e-15,0.03424612065917643,-0.0014133198758525547,-9.17633628299894,29.19411997897226,9.373333628917206e-15,7.965116892548429e-17,"[0.6256105509177512, 8.048040255541673e-17, -33.13400340564478]","[0.0, 0.0, 0.0]",161.11509170547671
query-000000,-0.17310255937226193,-7.401486830834376e-16,0.06553027419187174,97.11499711831453,61.682515675775015,28.328277864617025,-0.0013443914521482961,-15.355762469076526,26.315998951719806,33.12561818342032,"[0.5807479037506414, 2.4969251324158907e-17, -33.120527047528036]",-0.0018441583705737946,-0.6454095133342357,1.105812295823272,0.6288992462674782,"[-0.22436709891683249, 0.3956375842954377, 0.4695806629136241, 0.7567194379914634]","[0.009220791852868972, 0.5503930421016914, 0.30413276403481104]",nominal-cone-pseudo_6dof,118.48437336694413,booster-release,97.11499711831453,61.682515675775015,28.328277864617025,-2.077230712467143,-8.881784197001252e-15,118.46616329030246,-95.26064518669625,-62.74045776928612,-28.94097036304747,0.0,0.729,0.0,23.6925,23.6925,12.0,alpha3-passive-deployment-parent-v1,-0.0013443914521482961,-15.355762469076526,26.315998951719806,-54.04615273369973,"[469.0671039943202, 1.1348438367115446e-15, 577.7851105313866]",0.7547585407814215,native_rigid_body_reuse_instantaneous_projected_area,0.9793791516664968,0.7706499974980432,0.0,0.0,0.0,0.0,0.0,0.0,0.0,query-000000,rigid_body_6dof,pseudo_6dof,65.23702966682318,1.7763568394002505e-15,5.830136579617729e-17,,17.000000000000107,1.8543519316182824,-1.0579420935111017,-0.6126924984304445,2.221093122125245,-2.077230712467143,-8.881784197001252e-15,0.7863632903024609,-0.0013443914521482961,-15.355762469076526,26.315998951719806,2.1688882371957405e-14,1.8430420830046792e-16,"[0.5807479037506414, 2.4969251324158907e-17, -33.120527047528036]","[0.0, 0.0, 0.0]",176.8755527304148
query-000000,-0.15816326811536832,1.4802973661668753e-16,-0.09336038772535223,97.62888823878377,50.43643046738438,38.91632312276519,-0.0012788247073360804,-19.249012146549212,20.08803777090083,33.1242023465526,"[0.5392959440327094, 2.1268507908741723e-17, -33.11981191039754]",-0.0017542177055364615,-0.8077721326651179,0.8447491373760069,0.6613672832668483,"[-0.2922736647957247, 0.3757738351612471, 0.43502909646075966, 0.7642773154474882]","[0.008771088527682307, 0.3665013699071172, 0.5504602594538661]",nominal-cone-pseudo_6dof,116.57492673138465,booster-release,97.62888823878377,50.43643046738438,38.91632312276519,-1.89795921738442,1.7763568394002505e-15,116.55947534729577,-97.51959480360384,-52.40377380622611,-39.903739777705255,0.0,0.729,0.0,23.6925,23.6925,12.0,alpha3-passive-deployment-parent-v1,-0.0012788247073360804,-19.249012146549212,20.08803777090083,-55.963987190547186,"[469.2070315304189, 1.1380021966964031e-15, 569.5059003885714]",0.7419356224358836,native_rigid_body_reuse_instantaneous_projected_area,0.9627400568930353,0.7706499974980432,0.0,0.0,0.0,0.0,0.0,0.0,0.0,query-000000,rigid_body_6dof,pseudo_6dof,52.71192790590491,0.0,0.0,,17.25000000000011,0.10929343517993573,-1.9673433388417294,-0.9874166549400627,2.2039456704536358,-1.89795921738442,1.7763568394002505e-15,-1.1203246527042268,-0.0012788247073360804,-19.249012146549212,20.08803777090083,3.4161873780663334e-14,2.902951379987333e-16,"[0.5392959440327094, 2.1268507908741723e-17, -33.11981191039754]","[0.0, 0.0, 0.0]",-167.6397395846229
query-000000,-0.14201263083462715,2.9605947323337506e-16,-0.4156293313497213,98.26485865240986,33.497565118599795,43.86772825641962,-0.001216455690401712,-20.47908917842329,11.668066491287773,33.184807860969784,"[0.5017690068811914, 1.0166277662490161e-17, -33.18101415920278]",-0.001668663498493432,-0.8585578110219155,0.4912188335501877,0.7355137399925282,"[-0.36724549040810667, 0.38376059658136863, 0.39488671158420524, 0.7496152608509474]","[0.00834331749246716, 0.15587453055491443, 0.7187586392491581]",nominal-cone-pseudo_6dof,112.70513252390948,booster-release,98.26485865240986,33.497565118599795,43.86772825641962,-1.7041515700155259,3.552713678800501e-15,112.69224802380334,-101.83848994576914,-36.49927417363706,-46.31695454585877,0.0,0.729,0.0,23.6925,23.6925,12.0,alpha3-passive-deployment-parent-v1,-0.001216455690401712,-20.47908917842329,11.668066491287773,-59.92684811843109,"[469.3370803399982, 1.1480069319997837e-15, 561.2199862584645]",0.7139925053618786,native_rigid_body_reuse_instantaneous_projected_area,0.9264809027183466,0.7706499974980432,0.0,0.0,0.0,0.0,0.0,0.0,0.0,query-000000,rigid_body_6dof,pseudo_6dof,38.23926533190758,3.972054645195637e-15,1.685228404575408e-16,,17.500000000000114,-3.573631293359284,-3.001709055037267,-2.449226289439153,5.270655299756336,-1.7041515700155259,3.552713678800501e-15,-4.987551976196656,-0.001216455690401712,-20.47908917842329,11.668066491287773,1.9337012930511257e-14,1.6431887996505142e-16,"[0.5017690068811914, 1.0166277662490161e-17, -33.18101415920278]","[0.0, 0.0, 0.0]",-150.40199226809375
query-000000,-0.12688915150978008,5.921189464667501e-16,-0.7736031637019872,98.36937836532525,13.96878397230751,43.364405436509706,-0.0011571284463163004,-19.257385065270153,2.5257562914867253,33.33416465191179,"[0.4682059876190546, 2.0034926770269343e-17, -33.330876319021726]",-0.0015872818193639238,-0.8067010203321566,0.1070222770337926,0.7954266327449804,"[-0.44006115440902316, 0.41447931373729585, 0.35528205777388894, 0.7129710641309431]","[0.007936409096819618, -0.05415160518290878, 0.7935415207453106]",nominal-cone-pseudo_6dof,108.40725614324667,booster-release,98.36937836532525,13.96878397230751,43.364405436509706,-1.522669818117361,7.105427357601002e-15,108.39656203557615,-106.3490216064922,-16.689250741722958,-47.538298676559336,0.0,0.729,0.0,23.6925,23.6925,12.0,alpha3-passive-deployment-parent-v1,-0.0011571284463163004,-19.257385065270153,2.5257562914867253,-64.65079148656322,"[469.458248196966, 1.1568397652216156e-15, 552.90788336412]",0.6799595527607002,native_rigid_body_reuse_instantaneous_projected_area,0.8823195419038806,0.7706499974980432,0.0,0.0,0.0,0.0,0.0,0.0,0.0,query-000000,rigid_body_6dof,pseudo_6dof,19.344622790286643,4.440892098500626e-16,2.2864895685724818e-17,,17.750000000000117,-7.979643241166954,-2.7204667694154487,-4.17389324004963,9.40728603153565,-1.522669818117361,7.105427357601002e-15,-9.283237964423847,-0.0011571284463163004,-19.257385065270153,2.5257562914867253,7.311170558657195e-14,6.212765962091365e-16,"[0.4682059876190546, 2.0034926770269343e-17, -33.330876319021726]","[0.0, 0.0, 0.0]",-128.94364147927212
query-000000,-0.11541882867933109,-2.9605947323337506e-16,-0.9650959251053852,98.61342637280026,-5.460819024927105,38.7867656501079,-0.0011006946260674853,-16.30976407574864,-6.12533211191351,33.55661912353465,"[0.43801527171544047, 2.496925132415893e-17, -33.553760290371564]",-0.001509869171561555,-0.6827295794097036,-0.25676768080693196,0.8109053483513909,"[-0.5021346572780054, 0.4602482203518746, 0.3217814656002694, 0.6576389967294937]","[0.007549345857801683, -0.2414858007386125, 0.7740769337757334]",nominal-cone-pseudo_6dof,106.10768867053459,booster-release,98.61342637280026,-5.460819024927105,38.7867656501079,-1.3850259441519732,-3.552713678800501e-15,106.09864889873538,-109.26682492664756,4.587286212607886,-43.45403437763826,0.0,0.729,0.0,23.6925,23.6925,12.0,alpha3-passive-deployment-parent-v1,-0.0011006946260674853,-16.30976407574864,-6.12533211191351,-68.20366926485296,"[469.5714660113906, 1.1650558078742114e-15, 544.5483143138972]",0.6560957396919969,native_rigid_body_reuse_instantaneous_projected_area,0.8513537167612367,0.7706499974980432,0.0,0.0,0.0,0.0,0.0,0.0,0.0,query-000000,rigid_body_6dof,pseudo_6dof,-6.026189812091946,8.881784197001252e-16,5.098010972989682e-17,,18.00000000000012,-10.653398553847296,-0.873532812319219,-4.667268727530356,11.663676851503427,-1.3850259441519732,-3.552713678800501e-15,-11.581151101264624,-0.0011006946260674853,-16.30976407574864,-6.12533211191351,7.464959971954173e-15,6.343450593860776e-17,"[0.43801527171544047, 2.496925132415893e-17, -33.553760290371564]","[0.0, 0.0, 0.0]",-101.19117259294076
query-000000,-0.10861113624461805,0.0,-0.8582281096253155,99.9828024162946,-23.58225806450194,31.300281586258556,-0.0010470131157096045,-12.229273099145976,-13.780359239293297,33.79037656790844,"[0.41009922628183626, 1.5100602216379758e-17, -33.787887877546574]",-0.001436231983140747,-0.511512570322354,-0.578907825978122,0.7749335049541852,"[-0.5471448186575145, 0.5128343215272158, 0.2992863077543001, 0.5899671279577822]","[0.007181159915703735, -0.3916542396687507, 0.6686384109459582]",nominal-cone-pseudo_6dof,107.38897197485245,booster-release,99.9828024162946,-23.58225806450194,31.300281586258556,-1.3033336349354165,0.0,107.38106268449621,-109.75014540817222,24.483413821970785,-34.69875154162165,0.0,0.729,0.0,23.6925,23.6925,12.0,alpha3-passive-deployment-parent-v1,-0.0010470131157096045,-12.229273099145976,-13.780359239293297,-68.8464536419159,"[469.6774450345178, 1.1689543165421535e-15, 536.1300442736447]",0.6542146472922449,native_rigid_body_reuse_instantaneous_projected_area,0.8489128001248142,0.7706499974980432,0.0,0.0,0.0,0.0,0.0,0.0,0.0,query-000000,rigid_body_6dof,pseudo_6dof,-35.20676613725373,0.0,0.0,,18.250000000000124,-9.767342991877612,0.901155757468846,-3.3984699553630904,10.380879965480002,-1.3033336349354165,0.0,-10.298737315503786,-0.0010470131157096045,-12.229273099145976,-13.780359239293297,6.800231578672314e-14,5.778588660647208e-16,"[0.41009922628183626, 1.5100602216379758e-17, -33.787887877546574]","[0.0, 0.0, 0.0]",-69.7787284148006
query-000000,-0.10476140585916452,5.921189464667501e-16,-0.5277227046169367,102.01689768325011,-39.369016106597726,21.03322047207989,-0.000995949683505328,-7.125711074725242,-20.03522516767704,33.965982890434645,"[0.3834599882164087, -1.9439669660847338e-17, -33.963818279909816]",-0.001366186122779446,-0.2975176929976685,-0.8423673160285814,0.6951947056724532,"[-0.5718090901989079, 0.5647487151970837, 0.2918696068092829, 0.5185608794251019]","[0.006830930613891139, -0.4936663791728836, 0.4894308155973547]",nominal-cone-pseudo_6dof,111.35422401302701,booster-release,102.01689768325011,-39.369016106597726,21.03322047207989,-1.2571368703099743,7.105427357601002e-15,111.34712754459676,-108.20664311467445,40.38212675873103,-22.564165225756902,0.0,0.729,0.0,23.6925,23.6925,12.0,alpha3-passive-deployment-parent-v1,-0.000995949683505328,-7.125711074725242,-20.03522516767704,-66.85317747155771,"[469.77662015185837, 1.1695221561362203e-15, 527.659339329922]",0.6707059620947095,native_rigid_body_reuse_instantaneous_projected_area,0.8703120278624441,0.7706499974980432,0.0,0.0,0.0,0.0,0.0,0.0,0.0,query-000000,rigid_body_6dof,pseudo_6dof,-60.805019558745336,0.0,0.0,,18.500000000000128,-6.189745431424342,1.0131106521333066,-1.5309447536770122,6.4562476360588645,-1.2571368703099743,7.105427357601002e-15,-6.332672455403241,-0.000995949683505328,-7.125711074725242,-20.03522516767704,1.4352397147370076e-14,1.2196143388559528e-16,"[0.3834599882164087, -1.9439669660847338e-17, -33.963818279909816]","[0.0, 0.0, 0.0]",-42.067117682431075
query-000000,-0.10109138582678885,-5.921189464667501e-16,-0.18358911054881233,103.49152512202444,-50.56770518605947,8.292065519937552,-0.0009473766442764196,-1.1849176199363214,-23.966567853384547,34.05264567337313,"[0.3577073083633523, -7.371723975363278e-17, -34.05076684654607]",-0.0012995564393366524,-0.048402700021219075,-1.0081831845144482,0.5951263548291066,"[-0.5760082527304516, 0.6096646695984811, 0.302213368699998, 0.45297964988372946]","[0.006497782196683262, -0.5374088559745863, 0.2555873208099152]",nominal-cone-pseudo_6dof,115.48310235897623,booster-release,103.49152512202444,-50.56770518605947,8.292065519937552,-1.2130966299214663,-7.105427357601002e-15,115.47673067341425,-105.96903192655967,50.431766583506814,-8.702673144181773,0.0,0.729,0.0,23.6925,23.6925,12.0,alpha3-passive-deployment-parent-v1,-0.0009473766442764196,-1.1849176199363214,-23.966567853384547,-64.22204536148416,"[469.8692471018375, 1.157260751890174e-15, 519.1557080695995]",0.6913470077206074,native_rigid_body_reuse_instantaneous_projected_area,0.8970959708883446,0.7706499974980432,0.0,0.0,0.0,0.0,0.0,0.0,0.0,query-000000,rigid_body_6dof,pseudo_6dof,-80.20927316300296,3.552713678800501e-15,1.4805539080649084e-16,,18.75000000000013,-2.477506804535224,-0.1359386025526561,-0.41060762424422137,2.5149787059277062,-1.2130966299214663,-7.105427357601002e-15,-2.203069326585748,-0.0009473766442764196,-1.1849176199363214,-23.966567853384547,9.370703256021602e-15,7.962881697641908e-17,"[0.3577073083633523, -7.371723975363278e-17, -34.05076684654607]","[0.0, 0.0, 0.0]",-20.646717739784112
query-000000,-0.09587326810459225,-5.921189464667501e-16,0.0007494221279304251,104.02769507353169,-54.783508127699854,-5.383447832220971,-0.0009011725401242588,4.874344092412189,-24.637763754446993,34.07093109811515,"[0.3330480696615962, -1.0825751163085989e-16, -34.069303263727086]",-0.0012361763239015896,0.20571490278217763,-1.036797466617595,0.5174659173345795,"[-0.5624259466434893, 0.6425025881329992, 0.3306900906118183, 0.40188498697478114]","[0.006180881619507948, -0.5174195563812921, -0.0031264963633942447]",nominal-cone-pseudo_6dof,117.69441624670084,booster-release,104.02769507353169,-54.783508127699854,-5.383447832220971,-1.150479217255107,-7.105427357601002e-15,117.68879306553517,-104.54693002646567,53.77042922783912,5.216865987855314,0.0,0.729,0.0,23.6925,23.6925,12.0,alpha3-passive-deployment-parent-v1,-0.0009011725401242588,4.874344092412189,-24.637763754446993,-62.67308269292915,"[469.9555643517395, 1.1282226441609032e-15, 510.63973496340134]",0.7031243012700754,native_rigid_body_reuse_instantaneous_projected_area,0.9123782567349723,0.7706499974980432,0.0,0.0,0.0,0.0,0.0,0.0,0.0,query-000000,rigid_body_6dof,pseudo_6dof,-95.54155504458657,3.66205343881779e-15,1.4580962410292253e-16,,19.000000000000135,-0.519234952933985,-1.0130788998607372,-0.16658184436565637,1.1505143652139436,-1.150479217255107,-7.105427357601002e-15,0.008993065535165101,-0.0009011725401242588,4.874344092412189,-24.637763754446993,4.6301791012254066e-14,3.934557248759266e-16,"[0.3330480696615962, -1.0825751163085989e-16, -34.069303263727086]","[0.0, 0.0, 0.0]",-3.3871236900034853
query-000000,-0.08894253523731135,0.0,-0.029346945794024748,104.06076003297078,-51.20800992767767,-17.776709879253897,-0.0008572218367218444,10.073025427671691,-21.856169622651553,34.069901259140224,"[0.3099155261319107, -3.4242643322516116e-17, -34.06849166274062]",-0.0011758872931712544,0.42372870139985214,-0.9199995751770024,0.5042953397527519,"[-0.535630487463626, 0.6594959488222398, 0.374728024371617, 0.3711387639914175]","[0.005879436465856272, -0.43758699630841796, -0.2505929819148254]",nominal-cone-pseudo_6dof,117.33249112468297,booster-release,104.06076003297078,-51.20800992767767,-17.776709879253897,-1.0673104228477364,0.0,117.3276366504717,-104.84805713449839,50.40697512283665,17.7357577263193,0.0,0.729,0.0,23.6925,23.6925,12.0,alpha3-passive-deployment-parent-v1,-0.0008572218367218444,10.073025427671691,-21.856169622651553,-62.994196057174044,"[470.03589864199967, 1.1117670640440507e-15, 502.12267029134847]",0.7003024225776454,native_rigid_body_reuse_instantaneous_projected_area,0.9087165702344969,0.7706499974980432,0.0,0.0,0.0,0.0,0.0,0.0,0.0,query-000000,rigid_body_6dof,pseudo_6dof,-109.38448552114113,1.776356842708973e-15,7.381280104159444e-17,,19.25000000000014,-0.7872971015276136,-0.8010348048410236,-0.04095215293459731,1.1239086099280509,-1.0673104228477364,0.0,-0.352163349528297,-0.0008572218367218444,10.073025427671691,-21.856169622651553,4.472153672578735e-14,3.800273005714434e-16,"[0.3099155261319107, -3.4242643322516116e-17, -34.06849166274062]","[0.0, 0.0, 0.0]",12.29273642501502
query-000000,-0.08097321693546267,0.0,-0.24145245874729443,103.7983344345384,-40.89464517259247,-27.00871156849843,-0.0008154146344177925,13.62927278845053,-16.255283383558254,34.10053861250271,"[0.28866433391375557, -3.917696787640569e-17, -34.099316804961276]",-0.001118538593165087,0.5728004313537199,-0.6844063238563522,0.549843958703969,"[-0.5009705209024047, 0.6583544659450078, 0.4289741760194205, 0.36273832257633865]","[0.005592692965828481, -0.31135434897673037, -0.45316174825543065]",nominal-cone-pseudo_6dof,114.78648324505309,booster-release,103.7983344345384,-40.89464517259247,-27.00871156849843,-0.971678603225552,0.0,114.78237049503247,-106.78590108359487,41.002185781776355,27.642854753469223,0.0,0.729,0.0,23.6925,23.6925,12.0,alpha3-passive-deployment-parent-v1,-0.0008154146344177925,13.62927278845053,-16.255283383558254,-65.15225380783976,"[470.11067952517595, 1.097285213748754e-15, 493.6028072892448]",0.6831908652504085,native_rigid_body_reuse_instantaneous_projected_area,0.886512512124083,0.7706499974980432,0.0,0.0,0.0,0.0,0.0,0.0,0.0,query-000000,rigid_body_6dof,pseudo_6dof,-123.98706227320558,1.7763568394002505e-15,8.373907252240921e-17,,19.500000000000142,-2.987566649056461,0.10754060918388575,0.6341431849707924,3.0560198042916484,-0.971678603225552,0.0,-2.8974295049675334,-0.0008154146344177925,13.62927278845053,-16.255283383558254,4.2482182091069824e-14,3.609980820078707e-16,"[0.28866433391375557, -3.917696787640569e-17, -34.099316804961276]","[0.0, 0.0, 0.0]",28.63749150941301
query-000000,-0.07303472034690905,5.921189464667501e-16,-0.5369000283609573,103.2273985794573,-26.190901701620124,-32.13376806403487,-0.0007756463934299651,15.209654358932937,-9.004467202991506,34.197428220549334,"[0.2694271256083064, -7.865156430752235e-17, -34.19636685268788]",-0.0010639868222627174,0.6389340711947354,-0.3792400651355004,0.6079456905832923,"[-0.4638110699128874, 0.6386473763012386, 0.48626986841146264, 0.3749005671440176]","[0.005319934111316633, -0.1581637079491918, -0.5869871399678277]",nominal-cone-pseudo_6dof,111.24045217194713,booster-release,103.2273985794573,-26.190901701620124,-32.13376806403487,-0.8764166441629087,7.105427357601002e-15,111.23699965966851,-109.43435569945342,26.809546890896925,33.969181859301656,0.0,0.729,0.0,23.6925,23.6925,12.0,alpha3-passive-deployment-parent-v1,-0.0007756463934299651,15.209654358932937,-9.004467202991506,-68.42440807257513,"[470.18039949540764, 1.0808296336319017e-15, 485.0674002133729]",0.6576783209152097,native_rigid_body_reuse_instantaneous_projected_area,0.8534072835274091,0.7706499974980432,0.0,0.0,0.0,0.0,0.0,0.0,0.0,query-000000,rigid_body_6dof,pseudo_6dof,-141.71838760015615,1.776356842708973e-15,1.0049974469752834e-16,,19.750000000000146,-6.206957119996119,0.6186451892768012,1.8354137952667884,6.502136753371256,-0.8764166441629087,7.105427357601002e-15,-6.4428003403314875,-0.0007756463934299651,15.209654358932937,-9.004467202991506,1.381681363641722e-14,1.1741024063957637e-16,"[0.2694271256083064, -7.865156430752235e-17, -34.19636685268788]","[0.0, 0.0, 0.0]",48.015930289735834
query-000000,-0.06639224662993826,0.0,-0.7551303577095159,102.92112878812367,-9.73215516243487,-33.33290078974688,-0.0007378176724415417,14.991299872359946,-1.3402561844265248,34.36221765377796,"[0.25203761923581924, -4.9045616984184836e-17, -34.36129332729052]",-0.0010120955726221422,0.6295986763752732,-0.05657759931002074,0.6414097572274754,"[-0.42917735259447876, 0.6022164059327303, 0.5391594730219353, 0.4030499511179338]","[0.005060477863110711, 0.0017949737313811207, -0.6413872826145757]",nominal-cone-pseudo_6dof,108.62115756235686,booster-release,102.92112878812367,-9.73215516243487,-33.33290078974688,-0.7967069595592591,0.0,108.61823570748581,-111.58830008520937,9.68491657201097,36.09416854737687,0.0,0.729,0.0,23.6925,23.6925,12.0,alpha3-passive-deployment-parent-v1,-0.0007378176724415417,14.991299872359946,-1.3402561844265248,-71.4842970465728,"[470.24554792007183, 1.0649908440842855e-15, 476.4988424173501]",0.6354069120401994,native_rigid_body_reuse_instantaneous_projected_area,0.8245077714955975,0.7706499974980432,0.0,0.0,0.0,0.0,0.0,0.0,0.0,query-000000,rigid_body_6dof,pseudo_6dof,-164.9799879048436,1.0842021724855044e-19,7.203478655466391e-21,,20.00000000000015,-8.667171297085702,-0.047238590423900106,2.7612677576299873,9.0965207308497,-0.7967069595592591,0.0,-9.061564292514191,-0.0007378176724415417,14.991299872359946,-1.3402561844265248,9.68124662951892e-15,8.226770124965305e-17,"[0.25203761923581924, -4.9045616984184836e-17, -34.36129332729052]","[0.0, 0.0, 0.0]",72.83603169885632
query-000000,-0.06173848607319391,2.9605947323337506e-16,-0.7689178973321115,103.63665543053555,6.709463934867028,-31.25671520995251,-0.0007018338799459717,13.34672131912796,5.94126653490604,34.55711419703369,"[0.23606078504082628, 2.2502089047214145e-17, -34.5563079181297]",-0.0009627350890891245,0.5604540370160145,0.2500579715752896,0.6350546617204511,"[-0.401613737125281, 0.5532039014687128, 0.5813741662156597, 0.441220951915372]","[0.004813675445445622, 0.15169368478435574, -0.6166524774118134]",nominal-cone-pseudo_6dof,108.45531568732311,booster-release,103.63665543053555,6.709463934867028,-31.25671520995251,-0.740861832878327,3.552713678800501e-15,108.45278523201466,-112.40139109133703,-8.082290269821236,33.898955629438746,0.0,0.729,0.0,23.6925,23.6925,12.0,alpha3-passive-deployment-parent-v1,-0.0007018338799459717,13.34672131912796,5.94126653490604,-72.77437368571846,"[470.30653604365386, 1.0591440617582958e-15, 467.884209759565]",0.6266652776078776,native_rigid_body_reuse_instantaneous_projected_area,0.8131645748944141,0.7706499974980432,0.0,0.0,0.0,0.0,0.0,0.0,0.0,query-000000,rigid_body_6dof,pseudo_6dof,166.58973234735785,1.7763568394002505e-15,1.215902632631573e-16,,20.250000000000153,-8.764735660801477,-1.3728263349542082,2.6422404194862352,9.256709879003196,-0.740861832878327,3.552713678800501e-15,-9.227014767985338,-0.0007018338799459717,13.34672131912796,5.94126653490604,2.1728627471029446e-14,1.846419476497194e-16,"[0.23606078504082628, 2.2502089047214145e-17, -34.5563079181297]","[0.0, 0.0, 0.0]",102.74750095517741
query-000000,-0.05860800620004003,0.0,-0.5980890406910433,105.09575959066615,21.976505821786166,-26.139296181088746,-0.0006676050377189157,10.447153869793821,12.350576253448134,34.731054122569915,"[0.22104176963255773, 3.730506270888291e-17, -34.73035071808171]",-0.0009157819447447404,0.43864263936325804,0.5200542164387528,0.5889542960392871,"[-0.3850544044412304, 0.49763151857278587, 0.6087682426424286, 0.48321548412007825]","[0.0045789097237237016, 0.2776257068051315, -0.5193940347460927]",nominal-cone-pseudo_6dof,110.5049695575578,booster-release,105.09575959066615,21.976505821786166,-26.139296181088746,-0.7032960744004804,0.0,110.50273151170748,-111.76571886890302,-24.136370122979923,27.82795448903592,0.0,0.729,0.0,23.6925,23.6925,12.0,alpha3-passive-deployment-parent-v1,-0.0006676050377189157,10.447153869793821,12.350576253448134,-71.75826607809034,"[470.3636576168966, 1.0658798070447246e-15, 459.2224817908648]",0.6314850121998449,native_rigid_body_reuse_instantaneous_projected_area,0.8194186910400247,0.7706499974980432,0.0,0.0,0.0,0.0,0.0,0.0,0.0,query-000000,rigid_body_6dof,pseudo_6dof,139.06350818553918,0.0,0.0,,20.500000000000156,-6.669959278236874,-2.159864301193757,1.6886583079471755,7.2114448936332165,-0.7032960744004804,0.0,-7.1770684882925195,-0.0006676050377189157,10.447153869793821,12.350576253448134,1.6300251950192426e-14,1.3851359324363593e-16,"[0.22104176963255773, 3.730506270888291e-17, -34.73035071808171]","[0.0, 0.0, 0.0]",131.68946734131364
query-000000,-0.0562237299686054,1.4802973661668753e-15,-0.3278003066032558,106.81918589590427,34.60905219709127,-18.18041274342283,-0.0006350455558258067,6.441551578121262,17.28823561652906,34.84738533345163,"[0.20669338386194083, 5.210803637055166e-17, -34.84677233867045]",-0.0008711187322707306,0.2703543000870701,0.7281424768502748,0.5154281726773053,"[-0.3824616962617104, 0.44264628822058283, 0.6196877132067958, 0.5232346056193989]","[0.004355593661356699, 0.367127605026699, -0.3617520582120899]",nominal-cone-pseudo_6dof,113.7481972471034,booster-release,106.81918589590427,34.60905219709127,-18.18041274342283,-0.6746847596232648,1.7763568394002505e-14,113.74619632076093,-110.29296128335471,-36.46821827911954,18.816670134083537,0.0,0.729,0.0,23.6925,23.6925,12.0,alpha3-passive-deployment-parent-v1,-0.0006350455558258067,6.441551578121262,17.28823561652906,-69.59134760707359,"[470.41711218518316, 1.0724921942173062e-15, 450.52391932043184]",0.6450254567504681,native_rigid_body_reuse_instantaneous_projected_area,0.8369888520658899,0.7706499974980432,0.0,0.0,0.0,0.0,0.0,0.0,0.0,query-000000,rigid_body_6dof,pseudo_6dof,117.29257951007446,8.881784197001252e-16,4.814157773314394e-17,,20.75000000000016,-3.473775387450445,-1.859166082028267,0.6362573906607061,3.9910446539961253,-0.6746847596232648,1.7763568394002505e-14,-3.93360367923907,-0.0006350455558258067,6.441551578121262,17.28823561652906,1.832675247689808e-14,1.5573405526605313e-16,"[0.20669338386194083, 5.210803637055166e-17, -34.84677233867045]","[0.0, 0.0, 0.0]",154.81897097823955
query-000000,-0.053649897377734845,-8.881784197001252e-16,-0.1030423006595953,108.05468541538656,42.659708128764805,-7.986806753226004,-0.0006040740186024598,1.6512685371375981,19.97048774562821,34.89873429920405,"[0.19294729916018286, 1.014512819094475e-16, -34.89820091388936]",-0.0008286337703737446,0.06904022275412909,0.8412569156946464,0.44133143503030553,"[-0.39522112921621483, 0.3954008370638972, 0.6148826311512907, 0.5562173918340698]","[0.004143168851868723, 0.4100020052367001, -0.16326244332258003]",nominal-cone-pseudo_6dof,116.44507211540953,booster-release,108.05468541538656,42.659708128764805,-7.986806753226004,-0.6437987685328181,-1.0658141036401503e-14,116.44329239208486,-108.95818054031699,-43.715138553663046,8.101659250902173,0.0,0.729,0.0,23.6925,23.6925,12.0,alpha3-passive-deployment-parent-v1,-0.0006040740186024598,1.6512685371375981,19.97048774562821,-67.80246814257077,"[470.467053909412, 1.0887265142699722e-15, 441.8046173127552]",0.6577017388882506,native_rigid_body_reuse_instantaneous_projected_area,0.8534376708278917,0.7706499974980432,0.0,0.0,0.0,0.0,0.0,0.0,0.0,query-000000,rigid_body_6dof,pseudo_6dof,100.49941359690992,0.0,0.0,,21.000000000000163,-0.9034951249304299,-1.0554304248982405,0.11485249767616956,1.3940688357453528,-0.6437987685328181,-1.0658141036401503e-14,-1.2365076079151436,-0.0006040740186024598,1.6512685371375981,19.97048774562821,1.1344266050340367e-14,9.639943346555966e-17,"[0.19294729916018286, 1.014512819094475e-16, -34.89820091388936]","[0.0, 0.0, 0.0]",172.91593459245416
query-000000,-0.050379311141482155,5.921189464667501e-16,-0.03158868059644485,108.4657311227929,44.56255905317606,3.0317672000402482,-0.0005746129810734662,-3.2653080479355943,19.82166245997073,34.911815861938834,"[0.1799282702687568, 9.651695735555791e-17, -34.91135220233502]",-0.0007882208245177103,-0.13763371496327878,0.8350893591659603,0.4041672217843214,"[-0.42250503717698973, 0.3617124078845372, 0.5970456260698959, 0.5780918161790971]","[0.003941104122588932, 0.401184511536875, 0.04885282556895523]",nominal-cone-pseudo_6dof,117.30229371041747,booster-release,108.4657311227929,44.56255905317606,3.0317672000402482,-0.6045517336977859,7.105427357601002e-15,117.30073583284266,-108.58497955626633,-45.2647998009368,-2.9892209330090402,0.0,0.729,0.0,23.6925,23.6925,12.0,alpha3-passive-deployment-parent-v1,-0.0005746129810734662,-3.2653080479355943,19.82166245997073,-67.32635990375768,"[470.5136463105813, 1.111375456242695e-15, 433.07805004113857]",0.6613677073126938,native_rigid_body_reuse_instantaneous_projected_area,0.8581946531627325,0.7706499974980432,0.0,0.0,0.0,0.0,0.0,0.0,0.0,query-000000,rigid_body_6dof,pseudo_6dof,86.22175687118782,4.440892098500626e-16,2.21062905644784e-17,,21.250000000000167,-0.11924843347343028,-0.7022407477607402,0.04254626703120801,0.7135632008026235,-0.6045517336977859,7.105427357601002e-15,-0.37906416715733826,-0.0005746129810734662,-3.2653080479355943,19.82166245997073,5.14422208354569e-14,4.371372218125532e-16,"[0.1799282702687568, 9.651695735555791e-17, -34.91135220233502]","[0.0, 0.0, 0.0]",-171.5604124887806
query-000000,-0.04650414884518798,1.1842378929335002e-15,-0.12717310550609184,108.20716395751131,40.15005480141596,13.083634519098078,-0.0005465887752994483,-7.515511174263427,16.908972206805743,34.92853269820356,"[0.1678089585839237, 7.184533458610998e-17, -34.92812958924217]",-0.0007497788412886809,-0.31632216608227753,0.7124363161802691,0.42168064637262936,"[-0.46105039202350495, 0.34492486743302125, 0.5700860372102634, 0.5860556987345001]","[0.003748894206443404, 0.343542395414011, 0.2444977216062978]",nominal-cone-pseudo_6dof,116.15506327540685,booster-release,108.20716395751131,40.15005480141596,13.083634519098078,-0.5580497861422558,1.4210854715202004e-14,116.1537227339269,-109.43834825088078,-41.2054467623571,-13.186903248052655,0.0,0.729,0.0,23.6925,23.6925,12.0,alpha3-passive-deployment-parent-v1,-0.0005465887752994483,-7.515511174263427,16.908972206805743,-68.42969489461402,"[470.5570932411129, 1.1392054389970015e-15, 424.3486183723804]",0.6536011430043481,native_rigid_body_reuse_instantaneous_projected_area,0.848116713328099,0.7706499974980432,0.0,0.0,0.0,0.0,0.0,0.0,0.0,query-000000,rigid_body_6dof,pseudo_6dof,72.25386488551005,3.66205343881779e-15,1.9790655452630266e-16,,21.50000000000017,-1.2311842933694663,-1.0553919609411366,-0.10326872895457662,1.6249096546696284,-0.5580497861422558,1.4210854715202004e-14,-1.5260772660731021,-0.0005465887752994483,-7.515511174263427,16.908972206805743,5.2890317671803175e-14,4.494426203290894e-16,"[0.1678089585839237, 7.184533458610998e-17, -34.92812958924217]","[0.0, 0.0, 0.0]",-156.4096343863439
query-000000,-0.042473295913299104,-1.4802973661668753e-15,-0.32378776893721073,107.59883752084801,30.69142251972013,20.734991646019314,-0.0005199313261688288,-10.503498018815018,11.9263454012903,34.98390373669951,"[0.15668969510237146, 7.677965913999957e-17, -34.98355283555555]",-0.0007132116957048406,-0.44195106561051134,0.5025251997214896,0.46848764464895626,"[-0.5056430999035738, 0.3454523785308918, 0.5384041373026339, 0.5788857353767328]","[0.0035660584785242033, 0.24749430792578367, 0.3977618935493844]",nominal-cone-pseudo_6dof,113.7954881824508,booster-release,107.59883752084801,30.69142251972013,20.734991646019314,-0.5096795509595893,-1.7763568394002505e-14,113.79434677275347,-111.14099044268062,-32.243997690958295,-21.366800985769036,0.0,0.729,0.0,23.6925,23.6925,12.0,alpha3-passive-deployment-parent-v1,-0.0005199313261688288,-10.503498018815018,11.9263454012903,-70.81031871467688,"[470.5976345226044, 1.1582769956681542e-15, 415.6106938698434]",0.6376427040550883,native_rigid_body_reuse_instantaneous_projected_area,0.827408948452903,0.7706499974980432,0.0,0.0,0.0,0.0,0.0,0.0,0.0,query-000000,rigid_body_6dof,pseudo_6dof,56.46916423954125,1.7763568394002505e-15,1.117755739867529e-16,,21.750000000000174,-3.54215292183261,-1.5525751712381641,-0.6318093397497222,3.9187395965778125,-0.5096795509595893,-1.7763568394002505e-14,-3.885453227246529,-0.0005199313261688288,-10.503498018815018,11.9263454012903,8.694740519394045e-14,7.3884732293852e-16,"[0.15668969510237146, 7.677965913999957e-17, -34.98355283555555]","[0.0, 0.0, 0.0]",-139.50874839750426
query-000000,-0.0389125607584478,-8.881784197001252e-16,-0.4889923421995471,107.36124590919204,18.211827903073072,25.37734054359436,-0.0004945739761735442,-12.025134157032477,5.8640261649694425,35.087785298776176,"[0.1465329293238803, 3.977222498582768e-17, -35.08747932345151]",-0.000678427950855342,-0.505932694708057,0.24708558541016887,0.50831626584249,"[-0.5501809689389328, 0.361111131833147, 0.5063987643791704, 0.5571893244839226]","[0.0033921397542767094, 0.12774736993036084, 0.49199037488940367]",nominal-cone-pseudo_6dof,111.81286693315168,booster-release,107.36124590919204,18.211827903073072,25.37734054359436,-0.4669507291013737,-1.0658141036401503e-14,111.81189189360543,-112.92982679503174,-19.64864623506021,-26.633066838304504,0.0,0.729,0.0,23.6925,23.6925,12.0,alpha3-passive-deployment-parent-v1,-0.0004945739761735442,-12.025134157032477,5.8640261649694425,-73.66556991780847,"[470.63551875621584, 1.17007042362232e-15, 406.8526890987407]",0.6221875013428086,native_rigid_body_reuse_instantaneous_projected_area,0.8073541858986232,0.7706499974980432,0.0,0.0,0.0,0.0,0.0,0.0,0.0,query-000000,rigid_body_6dof,pseudo_6dof,36.418192134565864,0.0,0.0,,22.000000000000178,-5.568580885839708,-1.436818331987137,-1.2557262947101435,5.886458063088479,-0.4669507291013737,-1.0658141036401503e-14,-5.867908106394566,-0.0004945739761735442,-12.025134157032477,5.8640261649694425,6.238939750940682e-14,5.301623346522243e-16,"[0.1465329293238803, 3.977222498582768e-17, -35.08747932345151]","[0.0, 0.0, 0.0]",-118.4076714911275
query-000000,-0.0362841715242516,8.881784197001252e-16,-0.49074467587266685,108.37259136846201,4.452201268801028,27.07297868784056,-0.00047045331873056626,-12.179498829914795,-0.4625330088620294,35.214065083394374,"[0.13715290589391466, -7.103858276123377e-18, -35.21379798854335]",-0.000645340629260036,-0.5124380024452039,-0.019520133217174808,0.5204333106875326,"[-0.5888960272393962, 0.3879779611027996, 0.4782168792582851, 0.5234340332770099]","[0.0032267031463001803, -0.0007051977658449858, 0.5204228299720359]",nominal-cone-pseudo_6dof,111.79171181749489,booster-release,108.37259136846201,4.452201268801028,27.07297868784056,-0.4354100582910192,1.0658141036401503e-14,111.790863889528,-114.07900743862666,-5.139385173290833,-28.42713685720615,0.0,0.729,0.0,23.6925,23.6925,12.0,alpha3-passive-deployment-parent-v1,-0.00047045331873056626,-12.179498829914795,-0.4625330088620294,-75.78982676666797,"[470.6709658336913, 1.1754492296564291e-15, 398.0650328803874]",0.6169780345770719,native_rigid_body_reuse_instantaneous_projected_area,0.8005943509766098,0.7706499974980432,0.0,0.0,0.0,0.0,0.0,0.0,0.0,query-000000,rigid_body_6dof,pseudo_6dof,10.247894944616615,1.7772239903101136e-15,1.4581419471803634e-16,,22.25000000000018,-5.70641607016465,-0.6871839044898049,-1.35415816936559,5.9050106208272055,-0.4354100582910192,1.0658141036401503e-14,-5.888936110472002,-0.00047045331873056626,-12.179498829914795,-0.4625330088620294,5.800902023471521e-14,4.92939486935865e-16,"[0.13715290589391466, -7.103858276123377e-18, -35.21379798854335]","[0.0, 0.0, 0.0]",-91.24860723970352
query-000000,-0.034119229673225185,5.921189464667501e-16,-0.4160294442616568,109.35434351926102,-9.328770196800873,25.558362044112943,-0.00044750903963240745,-10.91594797246909,-6.487685269227049,35.325952432536376,"[0.1283500192341567, -2.6841156491681717e-17, -35.32571926427522]",-0.0006138669953805315,-0.4592967953695321,-0.27346118053782015,0.4987676100878501,"[-0.6172939312670516, 0.42128246776947176, 0.457609323661741, 0.4817291683807164]","[0.0030693349769026577, -0.12352325575218674, 0.48322014997713525]",nominal-cone-pseudo_6dof,112.688190465067,booster-release,109.35434351926102,-9.328770196800873,25.558362044112943,-0.4094307560787023,7.105427357601002e-15,112.68744666886012,-114.24908343594218,9.322911908627727,-26.62265155147191,0.0,0.729,0.0,23.6925,23.6925,12.0,alpha3-passive-deployment-parent-v1,-0.00044750903963240745,-10.91594797246909,-6.487685269227049,-76.13116902052852,"[470.7041424647092, 1.1728097582904677e-15, 389.2471922863728]",0.6173515358276214,native_rigid_body_reuse_instantaneous_projected_area,0.8010790084109342,0.7706499974980432,0.0,0.0,0.0,0.0,0.0,0.0,0.0,query-000000,rigid_body_6dof,pseudo_6dof,-19.299601114753685,1.9860273225978185e-15,1.564004783106792e-16,,22.500000000000185,-4.894739916681161,-0.005858288173145709,-1.0642895073589678,5.009114225785498,-0.4094307560787023,7.105427357601002e-15,-4.992353331139881,-0.00044750903963240745,-10.91594797246909,-6.487685269227049,1.1082367241230877e-14,9.417391295048833e-17,"[0.1283500192341567, -2.6841156491681717e-17, -35.32571926427522]","[0.0, 0.0, 0.0]",-60.76672390571923
query-000000,-0.03211173096414447,-5.921189464667501e-16,-0.3343115031254887,109.6458258890376,-21.46060355670541,20.923961334135992,-0.0004256837662301936,-8.3461136917708,-11.492722972915153,35.42191157142054,"[0.12008147290642013, -1.2038182830012963e-17, -35.42170803071756]",-0.0005839283487376537,-0.3511720514767322,-0.4844397253205987,0.44833693489394927,"[-0.6327849670548475, 0.4559929528698385, 0.4475651798715839, 0.43742316144547894]","[0.002919641743691314, -0.22573998281954138, 0.38734860660498444]",nominal-cone-pseudo_6dof,113.66871512346587,booster-release,109.6458258890376,-21.46060355670541,20.923961334135992,-0.3853407715697337,-7.105427357601002e-15,113.66806196249414,-113.60205292369562,21.83433591721827,-21.595617023274237,0.0,0.729,0.0,23.6925,23.6925,12.0,alpha3-passive-deployment-parent-v1,-0.0004256837662301936,-8.3461136917708,-11.492722972915153,-74.87278691047344,"[470.73518595614763, 1.166962975964478e-15, 380.4033373485184]",0.6187097871692925,native_rigid_body_reuse_instantaneous_projected_area,0.8028414833944945,0.7706499974980432,0.0,0.0,0.0,0.0,0.0,0.0,0.0,query-000000,rigid_body_6dof,pseudo_6dof,-45.31493120397759,1.776356840227431e-15,1.2506445261077332e-16,,22.75000000000019,-3.9562270346580277,0.3737323605128573,-0.6716556891382446,4.030202177534691,-0.3853407715697337,-7.105427357601002e-15,-4.011738037505864,-0.0004256837662301936,-8.3461136917708,-11.492722972915153,7.917883021975843e-15,6.728328074976201e-17,"[0.12008147290642013, -1.2038182830012963e-17, -35.42170803071756]","[0.0, 0.0, 0.0]",-33.864457847990536
query-000000,-0.030446060225484572,0.0,-0.18269873275185705,110.4707777856918,-30.641657455643834,13.95609678943755,-0.00040492292397214803,-4.877868965100118,-14.956300765442295,35.48685100225098,"[0.1122646370777579, -6.13814283689088e-17, -35.48667342407884]",-0.0005554498271222882,-0.20521915673334726,-0.6304706653445918,0.3851075418160974,"[-0.6348963565197191, 0.48736855339550034, 0.4498241920396702, 0.39627857107724224]","[0.0027772491356114408, -0.2959532742738799, 0.24639757526697698]",nominal-cone-pseudo_6dof,115.48799311530553,booster-release,110.4707777856918,-30.641657455643834,13.95609678943755,-0.36535272270581487,0.0,115.48741520697772,-112.67263148751994,30.87278498222087,-14.152193793157643,0.0,0.729,0.0,23.6925,23.6925,12.0,alpha3-passive-deployment-parent-v1,-0.00040492292397214803,-4.877868965100118,-14.956300765442295,-73.22606980904774,"[470.7642205847865, 1.1535913486938067e-15, 371.5389881814464]",0.6256609103469636,native_rigid_body_reuse_instantaneous_projected_area,0.8118613019894966,0.7706499974980432,0.0,0.0,0.0,0.0,0.0,0.0,0.0,query-000000,rigid_body_6dof,pseudo_6dof,-65.37311127806552,1.9860273225978185e-15,1.2624412692375868e-16,,23.000000000000192,-2.201853701828142,0.23112752657703695,-0.19609700372009264,2.2226186565994444,-0.36535272270581487,0.0,-2.192384793022285,-0.00040492292397214803,-4.877868965100118,-14.956300765442295,1.2118638649751869e-14,1.0297976925310774e-16,"[0.1122646370777579, -6.13814283689088e-17, -35.48667342407884]","[0.0, 0.0, 0.0]",-12.961553354043598
query-000000,-0.028735763981754776,0.0,-0.07392560986830787,111.12799476862477,-35.53010803487409,5.3695598240160685,-0.00038517459993879196,-0.869555949293783,-16.364629391981033,35.51698010203202,"[0.10486304432952337, -6.13814283689088e-17, -35.51682529886465]",-0.0005283602193946241,-0.03649851839694898,-0.6898734646565646,0.3359416407528852,"[-0.6249478144215815, 0.5113870414937094, 0.46454717415154084, 0.3634823875097905]","[0.0026418010969738817, -0.3264210132981846, 0.07936705208139563]",nominal-cone-pseudo_6dof,116.7932017326736,booster-release,111.12799476862477,-35.53010803487409,5.3695598240160685,-0.3448291677810573,0.0,116.7926926815803,-112.07775290533382,35.4770464994256,-5.3377713896844625,0.0,0.729,0.0,23.6925,23.6925,12.0,alpha3-passive-deployment-parent-v1,-0.00038517459993879196,-0.869555949293783,-16.364629391981033,-72.25000907510403,"[470.79135265073154, 1.1407131538785244e-15, 362.66297841859125]",0.630999634977111,native_rigid_body_reuse_instantaneous_projected_area,0.8187888626817431,0.7706499974980432,0.0,0.0,0.0,0.0,0.0,0.0,0.0,query-000000,rigid_body_6dof,pseudo_6dof,-81.44362589890876,0.0,0.0,,23.250000000000195,-0.9497581367090504,-0.053061535448492236,0.03178843433160594,0.9517702187746566,-0.3448291677810573,0.0,-0.8871073184196945,-0.00038517459993879196,-0.869555949293783,-16.364629391981033,5.3010034097915536e-14,4.50459926834644e-16,"[0.10486304432952337, -6.13814283689088e-17, -35.51682529886465]","[0.0, 0.0, 0.0]",3.9143804945703824
query-000000,-0.02681898015451741,-1.1842378929335002e-15,-0.0741211553631255,111.25963697108457,-35.3320131742221,-3.609785272083906,-0.00036638941303360954,3.113640063768055,-15.471103779478524,35.53310907926182,"[0.0979147500484651, -4.657845470724004e-17, -35.532974172456235]",-0.0005025917874260762,0.13119865445595566,-0.6522303504746975,0.32703355303578296,"[-0.6055878382469295, 0.5250209288215538, 0.49002958790592976, 0.34276434680915724]","[0.002512958937130381, -0.3142844130695995, -0.09038770685267952]",nominal-cone-pseudo_6dof,116.79078954948238,booster-release,111.25963697108457,-35.3320131742221,-3.609785272083906,-0.3218277618542089,-1.4210854715202004e-14,116.7903461356425,-112.19931392169664,35.29961355009653,3.7130266299085974,0.0,0.729,0.0,23.6925,23.6925,12.0,alpha3-passive-deployment-parent-v1,-0.00036638941303360954,3.113640063768055,-15.471103779478524,-72.44518512662178,"[470.81668988079747, 1.1251210805586029e-15, 353.78175661005736]",0.629755561563435,native_rigid_body_reuse_instantaneous_projected_area,0.8171745456536307,0.7706499974980432,0.0,0.0,0.0,0.0,0.0,0.0,0.0,query-000000,rigid_body_6dof,pseudo_6dof,-96.00463592239791,1.831026719408895e-15,1.1602500005554305e-16,,23.5000000000002,-0.9396769506120677,-0.03239962412556707,0.10324135782469135,0.9458865075264528,-0.3218277618542089,-1.4210854715202004e-14,-0.8894538643575061,-0.00036638941303360954,3.113640063768055,-15.471103779478524,2.049961596221745e-14,1.7419825630411888e-16,"[0.0979147500484651, -4.657845470724004e-17, -35.532974172456235]","[0.0, 0.0, 0.0]",19.242571211878975
query-000000,-0.02481230116393185,-5.921189464667501e-16,-0.1593662167335559,111.10625851959117,-30.370234259731244,-11.628800251554269,-0.0003485203905045806,6.479252895848331,-12.531689074803925,35.561332368088685,"[0.09146155435910068, 7.699115385545407e-18, -35.56121475115475]",-0.00047808009671379775,0.2729178323485526,-0.5283212708455977,0.35573451029926456,"[-0.580252815524965, 0.5265197680159887, 0.5228071187452523, 0.3357920793482604]","[0.0023904004835705117, -0.2630141991450693, -0.23950962162607065]",nominal-cone-pseudo_6dof,115.76778829408347,booster-release,111.10625851959117,-30.370234259731244,-11.628800251554269,-0.2977476139671822,-7.105427357601002e-15,115.76740539919733,-113.01061159663004,30.5873544027922,11.897510043434067,0.0,0.729,0.0,23.6925,23.6925,12.0,alpha3-passive-deployment-parent-v1,-0.0003485203905045806,6.479252895848331,-12.531689074803925,-73.80600912268002,"[470.8403514404218, 1.121124669940322e-15, 344.8954366570547]",0.622597668916626,native_rigid_body_reuse_instantaneous_projected_area,0.8078864217711321,0.7706499974980432,0.0,0.0,0.0,0.0,0.0,0.0,0.0,query-000000,rigid_body_6dof,pseudo_6dof,-111.25445565913662,1.7763568394002505e-15,1.2591502109332465e-16,,23.750000000000203,-1.904353077038877,0.2171201430609564,0.2687097918797985,1.9354345121451038,-0.2977476139671822,-7.105427357601002e-15,-1.9123946008026707,-0.0003485203905045806,6.479252895848331,-12.531689074803925,1.6474401343385382e-14,1.399934512412953e-16,"[0.09146155435910068, 7.699115385545407e-18, -35.56121475115475]","[0.0, 0.0, 0.0]",35.22175865393252
query-000000,-0.023039223293975414,-5.921189464667501e-16,-0.2098304849858176,111.65091449704306,-21.912087196219314,-17.78365020058906,-0.00033152285048783175,8.861858607149786,-8.203614367008862,35.61039506029765,"[0.0854901436715855, 5.210803637055167e-17, -35.61029244173384]",-0.00045476385526451547,0.3732658686607023,-0.34585402244717817,0.39387923840548117,"[-0.5526723984164229, 0.5156195824135001, 0.5582698896642767, 0.3420882876606607]","[0.002273819276322577, -0.18132658370469731, -0.3496517613780373]",nominal-cone-pseudo_6dof,115.16216604326978,booster-release,111.65091449704306,-21.912087196219314,-17.78365020058906,-0.276470679527705,-7.105427357601002e-15,115.16183418017019,-114.1324080746916,22.121712565663316,18.247152881319685,0.0,0.729,0.0,23.6925,23.6925,12.0,alpha3-passive-deployment-parent-v1,-0.00033152285048783175,8.861858607149786,-8.203614367008862,-75.89612989468324,"[470.86246110438475, 1.126503475974431e-15, 335.99928955080475]",0.6169891241608783,native_rigid_body_reuse_instantaneous_projected_area,0.8006087408862217,0.7706499974980432,0.0,0.0,0.0,0.0,0.0,0.0,0.0,query-000000,rigid_body_6dof,pseudo_6dof,-129.51760691829725,1.7763568394002505e-15,1.4709708093023318e-16,,24.000000000000206,-2.4814935776485356,0.20962536944400156,0.46350268073062395,2.5330984794258837,-0.276470679527705,-7.105427357601002e-15,-2.5179658198298114,-0.00033152285048783175,8.861858607149786,-8.203614367008862,4.573677580411725e-14,3.8865443180662485e-16,"[0.0854901436715855, 5.210803637055167e-17, -35.61029244173384]","[0.0, 0.0, 0.0]",54.1774206922479
query-000000,-0.02175077204824068,2.9605947323337506e-16,-0.10119149204860989,113.86823665254533,-11.255805429640242,-21.716648681224186,-0.0003153542902797012,10.151813268150342,-3.1226172026782355,35.648619077383465,"[0.07989143836794291, 2.4969251324158954e-17, -35.64852955568383]",-0.0004325847603288083,0.42762276256506493,-0.1316298916831003,0.4176873129123862,"[-0.5265465931432565, 0.4935647615837948, 0.5915457435805045, 0.35946647218308103]","[0.0021629238016440413, -0.08005093628774018, -0.40993884998625596]",nominal-cone-pseudo_6dof,116.46579456721918,booster-release,113.86823665254533,-11.255805429640242,-21.716648681224186,-0.2610092645788882,3.552713678800501e-15,116.46550209541668,-115.06645634672117,11.119324735984826,22.013781348596765,0.0,0.729,0.0,23.6925,23.6925,12.0,alpha3-passive-deployment-parent-v1,-0.0003153542902797012,10.151813268150342,-3.1226172026782355,-77.90260308432504,"[470.88312712843907, 1.1339793699439432e-15, 327.09135482211065]",0.6219838404702163,native_rigid_body_reuse_instantaneous_projected_area,0.807089914344411,0.7706499974980432,0.0,0.0,0.0,0.0,0.0,0.0,0.0,query-000000,rigid_body_6dof,pseudo_6dof,-153.2013196262562,1.831026719408895e-15,1.723934592013698e-16,,24.25000000000021,-1.1982196941758332,-0.13648069365541637,0.2971326673725798,1.2420327037849892,-0.2610092645788882,3.552713678800501e-15,-1.2142979045833187,-0.0003153542902797012,10.151813268150342,-3.1226172026782355,7.1028790255212905e-15,6.035767417620773e-17,"[0.07989143836794291, 2.4969251324158954e-17, -35.64852955568383]","[0.0, 0.0, 0.0]",78.51879956945164
query-000000,-0.020419519524470076,-8.881784197001252e-16,-0.04672332225674225,114.91826603009011,0.6476834071275633,-22.590285109459685,-0.0002999742800578513,10.03528887982369,2.255084344331772,35.66581037502564,"[0.07461911768850336, 6.937817230916523e-17, -35.66573231681304]",-0.00041148735261708,0.42273758506611525,0.09512650733088243,0.4153153882527468,"[-0.5053588101866139, 0.46305378180300266, 0.6183072539763247, 0.38456443908006377]","[0.0020574367630853997, 0.027506472392776034, -0.41439839846457077]",nominal-cone-pseudo_6dof,117.11937646045209,booster-release,114.91826603009011,0.6476834071275633,-22.590285109459685,-0.2450342342936409,-1.0658141036401503e-14,117.1191201329191,-115.4535420311854,-0.8874643432374114,22.764607783416594,0.0,0.729,0.0,23.6925,23.6925,12.0,alpha3-passive-deployment-parent-v1,-0.0002999742800578513,10.03528887982369,2.255084344331772,-78.83750023786494,"[470.9024340119801, 1.1483633182889007e-15, 318.1767886197597]",0.6242164552521905,native_rigid_body_reuse_instantaneous_projected_area,0.8099869685054731,0.7706499974980432,0.0,0.0,0.0,0.0,0.0,0.0,0.0,query-000000,rigid_body_6dof,pseudo_6dof,177.76748951706438,1.7763568394002505e-15,1.7270420797654583e-16,,24.500000000000213,-0.5352760010952977,-0.23978093610984808,0.17432267395690815,0.6118853563583087,-0.2450342342936409,-1.0658141036401503e-14,-0.560679867080907,-0.0002999742800578513,10.03528887982369,2.255084344331772,3.5640623285352366e-14,3.0286101170593737e-16,"[0.07461911768850336, 6.937817230916523e-17, -35.66573231681304]","[0.0, 0.0, 0.0]",108.17561060689164
query-000000,-0.019061361266177336,0.0,-0.0476832755466899,114.70538314530909,11.953687341328536,-20.347650894360367,-0.0002853443617856439,8.556998446688416,7.105142963587974,35.67665004519233,"[0.06968403902582172, 6.444384775527565e-17, -35.67658199129826]",-0.0003914188776209107,0.36047814966452874,0.2996499991255916,0.38559452074597644,"[-0.4920286598311786, 0.428118198254678, 0.6354965518272331, 0.4132393239317859]","[0.0019570943881045536, 0.12650510831987954, -0.36424684182550005]",nominal-cone-pseudo_6dof,117.10782407885974,booster-release,114.70538314530909,11.953687341328536,-20.347650894360367,-0.22873633519412806,0.0,117.10760069343972,-115.23154037598343,-12.23063627470723,20.509484804205076,0.0,0.729,0.0,23.6925,23.6925,12.0,alpha3-passive-deployment-parent-v1,-0.0002853443617856439,8.556998446688416,7.105142963587974,-78.29230958382502,"[470.92046482680155, 1.1633640572030945e-15, 309.2590067739593]",0.6231215749231509,native_rigid_body_reuse_instantaneous_projected_area,0.8085662453074012,0.7706499974980432,0.0,0.0,0.0,0.0,0.0,0.0,0.0,query-000000,rigid_body_6dof,pseudo_6dof,149.19066469936524,1.7763568394002505e-15,1.5971146590551415e-16,,24.750000000000217,-0.5261572306743432,-0.2769489333786943,0.16183390984470947,0.6162242752976423,-0.22873633519412806,0.0,-0.5721993065602788,-0.0002853443617856439,8.556998446688416,7.105142963587974,2.416361581758801e-14,2.053335901113701e-16,"[0.06968403902582172, 6.444384775527565e-17, -35.67658199129826]","[0.0, 0.0, 0.0]",137.34885228437727
query-000000,-0.017740817604267413,-8.881784197001252e-16,-0.07778993859536361,113.78060874022586,21.043239119965495,-15.521078883508322,-0.00027142795304702425,6.017810773683961,10.743486354486599,35.69208796327996,"[0.0650852993767973, 5.2108036370551684e-17, -35.6920286210005]",-0.00037232915369992634,0.25351131004863764,0.4530870607739965,0.33750702843198904,"[-0.4884643528131896, 0.393472327137994, 0.6418007045336783, 0.44121872066751366]","[0.0018616457684981086, 0.20400437351372452, -0.26886752147348864]",nominal-cone-pseudo_6dof,116.74651484161956,booster-release,113.78060874022586,21.043239119965495,-15.521078883508322,-0.21288981125120898,-1.0658141036401503e-14,116.74632073685564,-114.64463144712929,-21.412376265780022,15.705220502895056,0.0,0.729,0.0,23.6925,23.6925,12.0,alpha3-passive-deployment-parent-v1,-0.00027142795304702425,6.017810773683961,10.743486354486599,-76.95884801024476,"[470.9373041103282, 1.1779947217757468e-15, 300.3380904984827]",0.6200107627829353,native_rigid_body_reuse_instantaneous_projected_area,0.8045296370542188,0.7706499974980432,0.0,0.0,0.0,0.0,0.0,0.0,0.0,query-000000,rigid_body_6dof,pseudo_6dof,126.25872915932777,0.0,0.0,,25.00000000000022,-0.8640227069034268,-0.36913714581452695,0.18414161938673423,0.9574474431816709,-0.21288981125120898,-1.0658141036401503e-14,-0.9334792631443634,-0.00027142795304702425,6.017810773683961,10.743486354486599,3.8871165892285847e-14,3.303129839809878e-16,"[0.0650852993767973, 5.2108036370551684e-17, -35.6920286210005]","[0.0, 0.0, 0.0]",160.8501714920116
query-000000,-0.016523795703675976,-2.9605947323337506e-16,-0.10109429095925174,112.96455309117094,26.886517086289476,-8.980486317881773,-0.00025819025557141103,2.8515823315314037,12.778309308841132,35.71498395067646,"[0.06080499260146979, -9.571020553068122e-18, -35.71493219019115]",-0.00035417044659986284,0.12011193593174992,0.5389089399441354,0.2891177975313719,"[-0.4952345288533728, 0.36364197050945124, 0.6376271046000913, 0.4646923220741715]","[0.0017708522330000757, 0.2510576155989015, -0.14337377229310266]",nominal-cone-pseudo_6dof,116.46683729982955,booster-release,112.96455309117094,26.886517086289476,-8.980486317881773,-0.19828554844411173,-3.552713678800501e-15,116.46666850848898,-114.09211721636282,-27.351694545235745,9.13284854970501,0.0,0.729,0.0,23.6925,23.6925,12.0,alpha3-passive-deployment-parent-v1,-0.00025819025557141103,2.8515823315314037,12.778309308841132,-75.81585175111503,"[470.95303405048037, 1.1816465142159946e-15, 291.41234692620935]",0.6170843459153984,native_rigid_body_reuse_instantaneous_projected_area,0.8007323011987232,0.7706499974980432,0.0,0.0,0.0,0.0,0.0,0.0,0.0,query-000000,rigid_body_6dof,pseudo_6dof,108.46438660287028,1.831026719408895e-15,1.3985181379383802e-16,,25.250000000000224,-1.1275641251918813,-0.4651774589462683,0.15236223182323627,1.2292295043715542,-0.19828554844411173,-3.552713678800501e-15,-1.213131491511021,-0.00025819025557141103,2.8515823315314037,12.778309308841132,2.5829467513581894e-14,2.1948938996821793e-16,"[0.06080499260146979, -9.571020553068122e-18, -35.71493219019115]","[0.0, 0.0, 0.0]",179.1880022556984
query-000000,-0.015462325525308646,-1.1842378929335002e-15,-0.07945093565624362,113.03716288600458,29.067611531016585,-1.6607318782992562,-0.00024559816821991725,-0.5009106332481169,13.105871238912455,35.73768285797404,"[0.056808438284434645, 3.730506270888293e-17, -35.73763770674373]",-0.00033689735009589895,-0.02115092778424719,0.5527353172537106,0.263485244747891,"[-0.5114622474753483, 0.34221937307540684, 0.6246967986025366, 0.4806726327918857]","[0.0016844867504795422, 0.26342512999531126, -0.005370064356862159]",nominal-cone-pseudo_6dof,116.72653624522067,booster-release,113.03716288600458,29.067611531016585,-1.6607318782992562,-0.18554790630370377,-1.4210854715202004e-14,116.72638877212508,-113.91506213023501,-29.476992976100238,1.7322912548513685,0.0,0.729,0.0,23.6925,23.6925,12.0,alpha3-passive-deployment-parent-v1,-0.00024559816821991725,-0.5009106332481169,13.105871238912455,-75.46822388899199,"[470.96773021534005, 1.1795004753054221e-15, 282.4806545669587]",0.6170262380415176,native_rigid_body_reuse_instantaneous_projected_area,0.8006569000775016,0.7706499974980432,0.0,0.0,0.0,0.0,0.0,0.0,0.0,query-000000,rigid_body_6dof,pseudo_6dof,93.36326548388068,1.7798229048217483e-15,1.3570439676211343e-16,,25.500000000000227,-0.8778992442304343,-0.40938144508365326,0.07155937655211231,0.9712986126684507,-0.18554790630370377,-1.4210854715202004e-14,-0.9534112278749234,-0.00024559816821991725,-0.5009106332481169,13.105871238912455,1.5263150400686795e-14,1.2970068270584072e-16,"[0.056808438284434645, 3.730506270888293e-17, -35.73763770674373]","[0.0, 0.0, 0.0]",-165.1930421331087
query-000000,-0.014483541967416969,0.0,-0.04836437427820783,113.71013101735981,27.41220376546693,5.557276212491026,-0.0002336202042152428,-3.643823861821163,11.733920129878966,35.7547153060302,"[0.0530681688494994, 2.990357587804855e-17, -35.75467592336316]",-0.00032046667244889273,-0.15359934856973448,0.49488421120538106,0.2725983994646745,"[-0.5349285400845547, 0.33140020245909285, 0.6055461800506425, 0.48717469827481197]","[0.0016023333622444639, 0.2412260348633959, 0.12695400750894875]",nominal-cone-pseudo_6dof,117.09955649005052,booster-release,113.71013101735981,27.41220376546693,5.557276212491026,-0.17380250360900362,0.0,117.0994275086615,-114.23736639950712,-27.70920369587573,-5.528062652071725,0.0,0.729,0.0,23.6925,23.6925,12.0,alpha3-passive-deployment-parent-v1,-0.0002336202042152428,-3.643823861821163,11.733920129878966,-76.10738935634315,"[470.9814596700934, 1.184755923225684e-15, 273.543969761779]",0.6177586141013921,native_rigid_body_reuse_instantaneous_projected_area,0.8016072355894099,0.7706499974980432,0.0,0.0,0.0,0.0,0.0,0.0,0.0,query-000000,rigid_body_6dof,pseudo_6dof,78.71746406303996,2.710505431213761e-20,2.2060531975280594e-21,,25.75000000000023,-0.5272353821473104,-0.29699993040879846,0.029213560419301565,0.6058378817499018,-0.17380250360900362,0.0,-0.580372491338494,-0.0002336202042152428,-3.643823861821163,11.733920129878966,1.773382686960545e-14,1.506955898090025e-16,"[0.0530681688494994, 2.990357587804855e-17, -35.75467592336316]","[0.0, 0.0, 0.0]",-150.05519791494245
query-000000,-0.013620726364655647,0.0,0.021583107680600712,115.20195262367298,22.325307786478366,11.818517933218164,-0.00022222641240834002,-6.212204986737023,8.923299233455323,35.758267685336996,"[0.04955652825378277, 2.250208904721417e-17, -35.75823334571667]",-0.00030483732840680665,-0.2618511913856512,0.37635102667640025,0.30292400645421363,"[-0.5623497560816605, 0.33177438110302787, 0.5831410884887288, 0.48335802754767665]","[0.0015241866420325103, 0.1886402694500049, 0.23701366897962292]",nominal-cone-pseudo_6dof,117.9389105520556,booster-release,115.20195262367298,22.325307786478366,11.818517933218164,-0.16344871637586778,0.0,117.93879729216721,-114.92492984203491,-22.428047995400018,-11.737908329825796,0.0,0.729,0.0,23.6925,23.6925,12.0,alpha3-passive-deployment-parent-v1,-0.00022222641240834002,-6.212204986737023,8.923299233455323,-77.57809714958516,"[470.994283267547, 1.1898880130320986e-15, 264.604489297069]",0.6214091285513662,native_rigid_body_reuse_instantaneous_projected_area,0.806344164755472,0.7706499974980432,0.0,0.0,0.0,0.0,0.0,0.0,0.0,query-000000,rigid_body_6dof,pseudo_6dof,62.374308821167034,8.881784201137155e-16,8.168845660649511e-17,,26.000000000000234,0.2770227816380668,-0.10274020892165225,0.080609603392368,0.30625982471565755,-0.16344871637586778,0.0,0.25899729216720857,-0.00022222641240834002,-6.212204986737023,8.923299233455323,6.383879686213395e-14,5.424788014776874e-16,"[0.04955652825378277, 2.250208904721417e-17, -35.75823334571667]","[0.0, 0.0, 0.0]",-133.24569289676728
query-000000,-0.01280274877604981,-8.881784197001252e-16,0.08706178321767173,116.71055379662282,14.414612047793836,16.32194612790192,-0.00021138830238493083,-7.882526653824869,5.011783737421705,35.744295213463914,"[0.04625411156837042, 3.483790043193813e-17, -35.74426528639835]",-0.0002899702364676692,-0.33226398521541295,0.21137516486996302,0.33127646857485404,"[-0.5898794766030304, 0.3423771290642006, 0.5605881000953482, 0.4696393154408801]","[0.001449851182338346, 0.11346436557328378, 0.31123597849224877]",nominal-cone-pseudo_6dof,118.72464080133042,booster-release,116.71055379662282,14.414612047793836,16.32194612790192,-0.15363298531259773,-1.0658141036401503e-14,118.72454139861206,-115.67293001769954,-14.430596065732153,-16.12657701894793,0.0,0.729,0.0,23.6925,23.6925,12.0,alpha3-passive-deployment-parent-v1,-0.00021138830238493083,-7.882526653824869,5.011783737421705,-79.40342737752694,"[471.0062553400613, 1.1967471164323747e-15, 255.66633370103446]",0.6253802557383773,native_rigid_body_reuse_instantaneous_projected_area,0.811497122907556,0.7706499974980432,0.0,0.0,0.0,0.0,0.0,0.0,0.0,query-000000,rigid_body_6dof,pseudo_6dof,41.82323506249382,1.2560739669470201e-15,1.3447049846773657e-16,,26.250000000000238,1.037623778923276,-0.015984017938317052,0.19536910895399018,1.0559771229292545,-0.15363298531259773,-1.0658141036401503e-14,1.0447413986120608,-0.00021138830238493083,-7.882526653824869,5.011783737421705,1.1972606503758805e-14,1.0173884136239869e-16,"[0.04625411156837042, 3.483790043193813e-17, -35.74426528639835]","[0.0, 0.0, 0.0]",-112.25321445011717
query-000000,-0.01199795256047409,-2.9605947323337506e-16,0.12363350458836209,117.62983243517544,4.798855946508927,18.442630537366693,-0.0002010787732246463,-8.424715240951533,0.5449237776336076,35.7171834729233,"[0.04315413149278535, -4.636695999178543e-18, -35.71715740312211]",-0.00027582822115856075,-0.355130284750482,0.022964431110959957,0.3417636895832138,"[-0.6137405643866215, 0.3608978089954029, 0.5409018700106004, 0.447772775085472]","[0.0013791411057931845, 0.02649182212441072, 0.34073259434323305]",nominal-cone-pseudo_6dof,119.16348903192036,booster-release,117.62983243517544,4.798855946508927,18.442630537366693,-0.14397543072568908,-3.552713678800501e-15,119.16340205506035,-116.16729270026576,-4.87276898603918,-18.164568729795914,0.0,0.729,0.0,23.6925,23.6925,12.0,alpha3-passive-deployment-parent-v1,-0.0002010787732246463,-8.424715240951533,0.5449237776336076,-80.80394277638112,"[471.01742717927976, 1.1992886858479975e-15, 246.73346457951533]",0.627984852036155,native_rigid_body_reuse_instantaneous_projected_area,0.8148768624861372,0.7706499974980432,0.0,0.0,0.0,0.0,0.0,0.0,0.0,query-000000,rigid_body_6dof,pseudo_6dof,15.016442446207964,0.0,0.0,,26.50000000000024,1.462539734909683,-0.07391303953025297,0.27806180757077925,1.490571696508399,-0.14397543072568908,-3.552713678800501e-15,1.483602055060345,-0.0002010787732246463,-8.424715240951533,0.5449237776336076,3.771088069503845e-14,3.2045330375339226e-16,"[0.04315413149278535, -4.636695999178543e-18, -35.71715740312211]","[0.0, 0.0, 0.0]",-85.028511530937
query-000000,-0.011200155268137852,-2.9605947323337506e-16,0.12227311257444029,117.68161213478888,-5.064984993254164,17.928418711526113,-0.00019127204573459394,-7.7838610580579815,-3.8103172789862545,35.68568891248813,"[0.04025461752975222, 8.17139836938892e-17, -35.685666208222116]",-0.0002623759200748888,-0.3281260798630842,-0.16074758640081271,0.3286251184374778,"[-0.6309064160426483, 0.38409048474637636, 0.5267167844687605, 0.4207148947712738]","[0.0013118796003744441, -0.05991924915664666, 0.32311365031589756]",nominal-cone-pseudo_6dof,119.14715315575337,booster-release,117.68161213478888,-5.064984993254164,17.928418711526113,-0.13440186321765424,-3.552713678800501e-15,119.14707735089328,-116.24447986893472,4.8784289632543505,-17.66230899093666,0.0,0.729,0.0,23.6925,23.6925,12.0,alpha3-passive-deployment-parent-v1,-0.00019127204573459394,-7.7838610580579815,-3.8103172789862545,-81.04215660325464,"[471.02784911616783, 1.2029404782882453e-15, 237.80811965992052]",0.6283474247307201,native_rigid_body_reuse_instantaneous_projected_area,0.8153473389615051,0.7706499974980432,0.0,0.0,0.0,0.0,0.0,0.0,0.0,query-000000,rigid_body_6dof,pseudo_6dof,-15.440451584947532,9.930136612989092e-16,1.1458162694506469e-16,,26.750000000000245,1.43713226585416,-0.1865560299998137,0.2661097205894549,1.4734200640960435,-0.13440186321765424,-3.552713678800501e-15,1.4672773508932835,-0.00019127204573459394,-7.7838610580579815,-3.8103172789862545,6.426317298373943e-14,5.460849949077024e-16,"[0.04025461752975222, 8.17139836938892e-17, -35.685666208222116]","[0.0, 0.0, 0.0]",-54.17531886188946
query-000000,-0.01042540454053468,-1.1842378929335002e-15,0.09299626224358566,117.0448605904032,-13.71742308889314,14.992665050806973,-0.00018194359798795614,-6.11207125857745,-7.419088275665292,35.65840283352484,"[0.037552156796003884, 9.651695735555795e-17, -35.65838306027704]",-0.00024957969545672995,-0.2576568350538067,-0.31297880585284427,0.29514458694271895,"[-0.6396137323067127, 0.4083235850954615, 0.5199526301160722, 0.39219304651516346]","[0.0012478984772836498, -0.13393014968569966, 0.26300472420879567]",nominal-cone-pseudo_6dof,118.79582102141607,booster-release,117.0448605904032,-13.71742308889314,14.992665050806973,-0.12510485448641617,-1.4210854715202004e-14,118.79575514692303,-115.96414929638388,13.473764282504892,-14.809087820169118,0.0,0.729,0.0,23.6925,23.6925,12.0,alpha3-passive-deployment-parent-v1,-0.00018194359798795614,-6.11207125857745,-7.419088275665292,-80.20442007772238,"[471.03757092552206, 1.225219345919426e-15, 228.8902680430337]",0.6267958113295509,native_rigid_body_reuse_instantaneous_projected_area,0.8133339562245862,0.7706499974980432,0.0,0.0,0.0,0.0,0.0,0.0,0.0,query-000000,rigid_body_6dof,pseudo_6dof,-42.29689103780109,1.2560739669470201e-15,1.3067080212428548e-16,,27.00000000000025,1.0807112940193235,-0.24365880638824855,0.18357723063785514,1.122945730906024,-0.12510485448641617,-1.4210854715202004e-14,1.115955146923028,-0.00018194359798795614,-6.11207125857745,-7.419088275665292,3.5230846503469045e-14,2.9937887813770115e-16,"[0.037552156796003884, 9.651695735555795e-17, -35.65838306027704]","[0.0, 0.0, 0.0]",-26.942295390906132
query-000000,-0.009698138647953769,5.921189464667501e-16,0.05803387689386478,116.21994186499542,-20.034245440509984,10.222227594721183,-0.0001730701040063983,-3.7176868872679436,-9.825126873352108,35.63965776778501,"[0.03503793732044969, 1.2859006695584024e-16, -35.63964054459285]",-0.00023740755007736392,-0.15671748185410297,-0.4144793201922497,0.2527300371957078,"[-0.6395317666328005, 0.4301286947504118, 0.5215223304050957, 0.36606404399868947]","[0.0011870377503868197, -0.1862014414596578, 0.17088032607842435]",nominal-cone-pseudo_6dof,118.37626372914367,booster-release,116.21994186499542,-20.034245440509984,10.222227594721183,-0.11637766377544523,7.105427357601002e-15,118.37620652272638,-115.55797359944893,19.81030949393446,-10.121348891506017,0.0,0.729,0.0,23.6925,23.6925,12.0,alpha3-passive-deployment-parent-v1,-0.0001730701040063983,-3.7176868872679436,-9.825126873352108,-79.10326705474941,"[471.04664089780886, 1.2520624637629547e-15, 219.9781992085572]",0.6245841021881066,native_rigid_body_reuse_instantaneous_projected_area,0.8104640293464641,0.7706499974980432,0.0,0.0,0.0,0.0,0.0,0.0,0.0,query-000000,rigid_body_6dof,pseudo_6dof,-62.93691062358942,0.0,0.0,,27.250000000000252,0.6619682655464914,-0.22393594657552285,0.1008787032151659,0.7060635987796531,-0.11637766377544523,7.105427357601002e-15,0.6964065227263774,-0.0001730701040063983,-3.7176868872679436,-9.825126873352108,1.4198326657844447e-14,1.2065219908467253e-16,"[0.03503793732044969, 1.2859006695584024e-16, -35.63964054459285]","[0.0, 0.0, 0.0]",-5.943844342997095
query-000000,-0.009036221458960842,-5.921189464667501e-16,0.03940209753905084,115.73583039491267,-23.36776527272585,4.384028023062636,-0.0001646293754329767,-0.9727145965818285,-10.803626637790687,35.627987116286505,"[0.032697597265374204, 2.568825053569694e-16, -35.62797211216785]",-0.00022582904723316422,-0.0409892553975093,-0.4557625446841385,0.21964556312897462,"[-0.6315873278329566, 0.4466175343350594, 0.5311747286438309, 0.3456640464315752]","[0.001129145236165821, -0.2110579326361418, 0.06080664030052836]",nominal-cone-pseudo_6dof,118.15267492845093,booster-release,115.73583039491267,-23.36776527272585,4.384028023062636,-0.10843465750753012,-7.105427357601002e-15,118.15262517046861,-115.29392480793021,23.175852517924362,-4.327365305905403,0.0,0.729,0.0,23.6925,23.6925,12.0,alpha3-passive-deployment-parent-v1,-0.0001646293754329767,-0.9727145965818285,-10.803626637790687,-78.44294915112388,"[471.05510439188754, 1.3032071300343897e-15, 211.06984566427874]",0.6231594336400363,native_rigid_body_reuse_instantaneous_projected_area,0.8086153710026044,0.7706499974980432,0.0,0.0,0.0,0.0,0.0,0.0,0.0,query-000000,rigid_body_6dof,pseudo_6dof,-79.42359509879678,0.0,0.0,,27.500000000000256,0.4419055869824575,-0.19191275480148917,0.05666271715723337,0.48509969777092793,-0.10843465750753012,-7.105427357601002e-15,0.47282517046861017,-0.0001646293754329767,-0.9727145965818285,-10.803626637790687,5.1599249920116966e-15,4.3847159767536114e-17,"[0.032697597265374204, 2.568825053569694e-16, -35.62797211216785]","[0.0, 0.0, 0.0]",10.884208130963595
query-000000,-0.008442670581003378,0.0,0.048071172711762714,115.88565056699981,-23.49848434203283,-1.7273456093030215,-0.00015660030604968048,1.7570040429369427,-10.328514500675936,35.61763231932172,"[0.030514087707184504, 2.223422334797423e-16, -35.61761924841191]",-0.00021481523463605005,0.0741046576743321,-0.4357250199142088,0.2131637536770742,"[-0.6176027163284377, 0.4557331123856001, 0.547512794253715, 0.33332259927517494]","[0.0010740761731802503, -0.20675287933957645, -0.05187368433868095]",nominal-cone-pseudo_6dof,118.25669747022158,booster-release,115.88565056699981,-23.49848434203283,-1.7273456093030215,-0.10131204697204055,0.0,118.25665407254115,-115.33833315149803,23.292038114978432,1.756472124584306,0.0,0.729,0.0,23.6925,23.6925,12.0,alpha3-passive-deployment-parent-v1,-0.00015660030604968048,1.7570040429369427,-10.328514500675936,-78.55137286613925,"[471.06300276213057, 1.3587926884043251e-15, 202.16410119233691]",0.6234172528394076,native_rigid_body_reuse_instantaneous_projected_area,0.8089499187223324,0.7706499974980432,0.0,0.0,0.0,0.0,0.0,0.0,0.0,query-000000,rigid_body_6dof,pseudo_6dof,-94.31256025433116,0.0,0.0,,27.75000000000026,0.5473174155017801,-0.20644622705439986,0.029126515281284515,0.5856831497225938,-0.10131204697204055,0.0,0.5768540725411526,-0.00015660030604968048,1.7570040429369427,-10.328514500675936,1.380376751364967e-14,1.172993794487216e-16,"[0.030514087707184504, 2.223422334797423e-16, -35.61761924841191]","[0.0, 0.0, 0.0]",26.098183127612927
query-000000,-0.007906310937429476,-5.921189464667501e-16,0.07974870318065304,116.61212605542741,-20.549938503151267,-7.348993644199868,-0.0001489628190008991,4.137406703068654,-8.525460811068875,35.60199607019433,"[0.028471475748167992, 3.111600754497548e-16, -35.601984685649214]",-0.00020433857201769423,0.17447849831496196,-0.3596644283093936,0.23221972155767961,"[-0.5999239853958335, 0.45639166936455805, 0.5681825580966289, 0.3301006461008262]","[0.0010216928600884712, -0.17523679712540133, -0.15237132327723885]",nominal-cone-pseudo_6dof,118.63682237498047,booster-release,116.61212605542741,-20.549938503151267,-7.348993644199868,-0.09487573124915372,-7.105427357601002e-15,118.63678443816784,-115.68431060228171,20.29808965861975,7.325514638948846,0.0,0.729,0.0,23.6925,23.6925,12.0,alpha3-passive-deployment-parent-v1,-0.0001489628190008991,4.137406703068654,-8.525460811068875,-79.43360137560433,"[471.0703731656845, 1.4185724226450668e-15, 193.2614842460788]",0.625315376105578,native_rigid_body_reuse_instantaneous_projected_area,0.8114129347118642,0.7706499974980432,0.0,0.0,0.0,0.0,0.0,0.0,0.0,query-000000,rigid_body_6dof,pseudo_6dof,-109.84434859304012,0.0,0.0,,28.000000000000263,0.9278154531456977,-0.2518488445315157,-0.023479005251021867,0.9616759429638819,-0.09487573124915372,-7.105427357601002e-15,0.9569844381678365,-0.0001489628190008991,4.137406703068654,-8.525460811068875,4.477685817268756e-14,3.804974020408563e-16,"[0.028471475748167992, 3.111600754497548e-16, -35.601984685649214]","[0.0, 0.0, 0.0]",41.93916656216495
query-000000,-0.007408901179625596,2.9605947323337506e-16,0.11844430994627922,117.56774727039465,-14.97492875523386,-11.775559086222747,-0.00014169781659082516,5.876037741738525,-5.658584742877386,35.57716231495628,"[0.026557692871370067, 3.2596304911142354e-16, -35.57715240254193]",-0.0001943728622645064,0.24779784852248576,-0.23871972209405068,0.25843918606409855,"[-0.5811234928490453, 0.44857737540162956, 0.5902178229401348, 0.33573314674085886]","[0.000971864311322532, -0.12177612175546859, -0.22794833744388532]",nominal-cone-pseudo_6dof,119.10116490300521,booster-release,117.56774727039465,-14.97492875523386,-11.775559086222747,-0.08890681415550716,3.552713678800501e-15,119.10113171935535,-116.17155369161722,14.71542692819579,11.668832471015286,0.0,0.729,0.0,23.6925,23.6925,12.0,alpha3-passive-deployment-parent-v1,-0.00014169781659082516,5.876037741738525,-5.658584742877386,-80.8169331838351,"[471.07724922254926, 1.4964857996213528e-15, 184.36388886611874]",0.6279818439515268,native_rigid_body_reuse_instantaneous_projected_area,0.814872959177712,0.7706499974980432,0.0,0.0,0.0,0.0,0.0,0.0,0.0,query-000000,rigid_body_6dof,pseudo_6dof,-128.41321886621472,1.2560739669470201e-15,1.5397480604185675e-16,,28.250000000000266,1.396193578777428,-0.25950182703807023,-0.10672661520746196,1.4241096439701963,-0.08890681415550716,3.552713678800501e-15,1.4213317193553507,-0.00014169781659082516,5.876037741738525,-5.658584742877386,4.978958051645775e-14,4.2309368741668284e-16,"[0.026557692871370067, 3.2596304911142354e-16, -35.57715240254193]","[0.0, 0.0, 0.0]",60.802015181122
query-000000,-0.006934191032073636,5.921189464667501e-16,0.1455238287366723,118.30862654260537,-7.578359332659365,-14.430325134400494,-0.00013478713252926378,6.751352806072714,-2.1336930938242293,35.543760626896365,"[0.024765158909125642, 3.6297048326559545e-16, -35.54375199931786]",-0.0001848931859111986,0.28471599222546723,-0.0900090130586276,0.2748397993093634,"[-0.5637589334437784, 0.43338318658174657, 0.6105152032218839, 0.34874928700361013]","[0.0009244659295559929, -0.054385669640707276, -0.2694035255613558]",nominal-cone-pseudo_6dof,119.42611493328029,booster-release,118.30862654260537,-7.578359332659365,-14.430325134400494,-0.08321029238488364,7.105427357601002e-15,119.42608594484007,-116.57960616931891,7.3919157063299785,14.250976655549401,0.0,0.729,0.0,23.6925,23.6925,12.0,alpha3-passive-deployment-parent-v1,-0.00013478713252926378,6.751352806072714,-2.1336930938242293,-82.15920305866787,"[471.08366210725126, 1.5820473796561675e-15, 175.4736337364433]",0.6302197490269522,native_rigid_body_reuse_instantaneous_projected_area,0.8177768780548818,0.7706499974980432,0.0,0.0,0.0,0.0,0.0,0.0,0.0,query-000000,rigid_body_6dof,pseudo_6dof,-152.58443905552997,8.881784197001252e-16,1.2544015727415553e-16,,28.50000000000027,1.7290203732864597,-0.18644362632938627,-0.17934847885109306,1.7482673004734561,-0.08321029238488364,7.105427357601002e-15,1.7462859448400678,-0.00013478713252926378,6.751352806072714,-2.1336930938242293,2.181994298626709e-14,1.8541791357792153e-16,"[0.024765158909125642, 3.6297048326559545e-16, -35.54375199931786]","[0.0, 0.0, 0.0]",85.25275403358609
query-000000,-0.0064743826361214705,-2.9605947323337506e-16,0.14951465839226566,118.52918684076178,0.5400144195715566,-14.985900205059371,-0.00012821348650645162,6.662276768088925,1.5340004177101425,35.50635945416609,"[0.02308938395494713, 3.407660227730923e-16, -35.50635194678268]",-0.00017587583882915176,0.280965497921292,0.06473160769379373,0.27298996631058975,"[-0.5501348865272323, 0.41292458419743866, 0.6263665509995862, 0.3667558291014943]","[0.0008793791941457587, 0.017173857589488764, -0.27244780603628616]",nominal-cone-pseudo_6dof,119.47400116201666,booster-release,118.52918684076178,0.5400144195715566,-14.985900205059371,-0.07769259163345765,-3.552713678800501e-15,119.47397590070719,-116.74509045855152,-0.6023709959208929,14.790413484683114,0.0,0.729,0.0,23.6925,23.6925,12.0,alpha3-passive-deployment-parent-v1,-0.00012821348650645162,6.662276768088925,1.5340004177101425,-82.77375158399317,"[471.08964153007247, 1.669459331398691e-15, 166.59235007482678]",0.6311415860029971,native_rigid_body_reuse_instantaneous_projected_area,0.818973059173467,0.7706499974980432,0.0,0.0,0.0,0.0,0.0,0.0,0.0,query-000000,rigid_body_6dof,pseudo_6dof,177.66779661868352,9.155133597044475e-16,1.339135627078582e-16,,28.750000000000274,1.7840963822102651,-0.062356576349336335,-0.19548672037625714,1.7958572608849437,-0.07769259163345765,-3.552713678800501e-15,1.794175900707188,-0.00012821348650645162,6.662276768088925,1.5340004177101425,2.8024391125052397e-14,2.381410499087558e-16,"[0.02308938395494713, 3.407660227730923e-16, -35.50635194678268]","[0.0, 0.0, 0.0]",115.26645699583652
query-000000,-0.006031270372391262,5.921189464667501e-16,0.13149279886859824,118.21347029452372,8.179634641118257,-13.456467073527513,-0.00012196044098327476,5.662684657526469,4.8106074957827065,35.47086773018531,"[0.021526592901430434, 3.506346718808715e-16, -35.470861198145435]",-0.00016729827295373768,0.23881417439090416,0.20297627850420452,0.2524197470570835,"[-0.542046102530835, 0.390059877363391, 0.635915484196761, 0.38684727188024354]","[0.0008364913647686884, 0.08287971416290203, -0.23842395426390012]",nominal-cone-pseudo_6dof,119.25773554800271,booster-release,118.21347029452372,8.179634641118257,-13.456467073527513,-0.07237524446869514,7.105427357601002e-15,119.25771358642318,-116.64165449998043,-8.136789468939327,13.306104639801767,0.0,0.729,0.0,23.6925,23.6925,12.0,alpha3-passive-deployment-parent-v1,-0.00012196044098327476,5.662684657526469,4.8106074957827065,-82.38384856219537,"[471.0952162185851, 1.7567479250273671e-15, 157.72029340838517]",0.6306019483393357,native_rigid_body_reuse_instantaneous_projected_area,0.8182728221457457,0.7706499974980432,0.0,0.0,0.0,0.0,0.0,0.0,0.0,query-000000,rigid_body_6dof,pseudo_6dof,148.5538803994613,8.881784197001252e-16,1.1953619778115438e-16,,29.000000000000277,1.5718157945432836,0.04284517217893047,-0.15036243372574631,1.5795725568111023,-0.07237524446869514,7.105427357601002e-15,1.577913586423179,-0.00012196044098327476,5.662684657526469,4.8106074957827065,2.1470480656421974e-14,1.8244831021485398e-16,"[0.021526592901430434, 3.506346718808715e-16, -35.470861198145435]","[0.0, 0.0, 0.0]",144.63360487909975
query-000000,-0.005612408502371953,-2.9605947323337506e-16,0.1034051667429973,117.61863653962698,14.291440224148968,-10.185257065455131,-0.00011601236008886086,3.948133401939356,7.255197474614126,35.44146058803721,"[0.02007172709887915, 3.259630491114235e-16, -35.441454904379505]",-0.00015913903990241545,0.16650652387876066,0.30611999493424435,0.21957932621451506,"[-0.5405379925593105, 0.3679364681453828, 0.6384021635884002, 0.4060592463351896]","[0.0007956951995120771, 0.13405767173482186, -0.17390511211292392]",nominal-cone-pseudo_6dof,118.92068107192583,booster-release,117.61863653962698,14.291440224148968,-10.185257065455131,-0.06734890202846344,-3.552713678800501e-15,118.92066200091597,-116.38170446545047,-14.202883686290505,10.105062530744256,0.0,0.729,0.0,23.6925,23.6925,12.0,alpha3-passive-deployment-parent-v1,-0.00011601236008886086,3.948133401939356,7.255197474614126,-81.48195317606127,"[471.1004138263182, 1.8419394307206404e-15, 148.85640162644054]",0.629207155831601,native_rigid_body_reuse_instantaneous_projected_area,0.8164629311287304,0.7706499974980432,0.0,0.0,0.0,0.0,0.0,0.0,0.0,query-000000,rigid_body_6dof,pseudo_6dof,125.43107639795714,8.881784197001252e-16,1.0752919212174673e-16,,29.25000000000028,1.236932074176508,0.08855653785846229,-0.08019453471087523,1.2426883679835496,-0.06734890202846344,-3.552713678800501e-15,1.2408620009159677,-0.00011601236008886086,3.948133401939356,7.255197474614126,2.4471230982134593e-14,2.079475915334203e-16,"[0.02007172709887915, 3.259630491114235e-16, -35.441454904379505]","[0.0, 0.0, 0.0]",167.99766524940267
query-000000,-0.005225272544424915,2.9605947323337506e-16,0.08088702736287345,117.11324464765285,18.152801951893693,-5.735466886873393,-0.0001103543705227603,1.8009585540767392,8.591816456953216,35.4186855104299,"[0.018717731079180528, 3.481675096039266e-16, -35.41868056454504]",-0.00015137773734260671,0.07594837128327234,0.36251790279836754,0.187264053506266,"[-0.5457469973371165, 0.34947508064338006, 0.6341464858641189, 0.4217648839970121]","[0.0007568886867130335, 0.16460937955392796, -0.08928048509044101]",nominal-cone-pseudo_6dof,118.6504608967706,booster-release,117.11324464765285,18.152801951893693,-5.735466886873393,-0.06270327053309899,3.552713678800501e-15,118.65044432835448,-116.14522184092647,-18.060493811679578,5.713259563529242,0.0,0.729,0.0,23.6925,23.6925,12.0,alpha3-passive-deployment-parent-v1,-0.0001103543705227603,1.8009585540767392,8.591816456953216,-80.73694480515756,"[471.10526049198694, 1.927871085096997e-15, 139.99900298681274]",0.6279303638104262,native_rigid_body_reuse_instantaneous_projected_area,0.8148061582417907,0.7706499974980432,0.0,0.0,0.0,0.0,0.0,0.0,0.0,query-000000,rigid_body_6dof,pseudo_6dof,107.55425487539733,2.220446049250313e-16,2.5294024851998887e-17,,29.500000000000284,0.9680228067263812,0.09230814021411504,-0.02220732334415132,0.972667524029804,-0.06270327053309899,3.552713678800501e-15,0.9706443283544814,-0.0001103543705227603,1.8009585540767392,8.591816456953216,2.8710258610665414e-14,2.439693015340391e-16,"[0.018717731079180528, 3.481675096039266e-16, -35.41868056454504]","[0.0, 0.0, 0.0]",-173.89570702686436
query-000000,-0.004872821776009673,2.9605947323337506e-16,0.07500176444322666,116.97813530343521,19.409084558602316,-0.7620408236622238,-0.00010497232436394496,-0.4701962798298032,8.719467418825985,35.39960099641054,"[0.01745618341313094, 4.073794042506016e-16, -35.39959669243042]",-0.00014399495797523315,-0.019843632662449946,0.3679067373011958,0.17162672632350387,"[-0.5568673393434413, 0.33692581229299234, 0.6243347427024148, 0.43195589177365495]","[0.0007199747898761656, 0.17159747820571994, 0.0030854980574142217]",nominal-cone-pseudo_6dof,118.57983559057878,booster-release,116.97813530343521,19.409084558602316,-0.7620408236622238,-0.05847386131211607,3.552713678800501e-15,118.57982117331872,-116.0814062881922,-19.31410065439771,0.7797166840939198,0.0,0.729,0.0,23.6925,23.6925,12.0,alpha3-passive-deployment-parent-v1,-0.00010497232436394496,-0.4701962798298032,8.719467418825985,-80.54587481241569,"[471.1097803958726, 2.0216976587595767e-15, 131.1467491090846]",0.6275795024980059,native_rigid_body_reuse_instantaneous_projected_area,0.8143508785252405,0.7706499974980432,0.0,0.0,0.0,0.0,0.0,0.0,0.0,query-000000,rigid_body_6dof,pseudo_6dof,92.3117943777763,0.0,0.0,,29.750000000000288,0.896729015243011,0.09498390420460723,0.017675860431696,0.9019186797482099,-0.05847386131211607,3.552713678800501e-15,0.90002117331872,-0.00010497232436394496,-0.4701962798298032,8.719467418825985,5.753507390406209e-14,4.889120639571285e-16,"[0.01745618341313094, 4.073794042506016e-16, -35.39959669243042]","[0.0, 0.0, 0.0]",-158.434540048225
query-000000,-0.004552290551803395,0.0,0.08719481674137222,117.27715494239796,18.037915534695898,4.074470893220735,-9.985276369363718e-05,-2.5693796331357523,7.687840690893681,35.37964913229314,"[0.016278648837324015, 4.14780891081436e-16, -35.37964538728113]",-0.00013697224100636102,-0.10838683432349429,0.32438106523215565,0.1797837666285044,"[-0.5722580159250309, 0.33157822368617357, 0.6107300104588553, 0.4354141696265698]","[0.000684861205031805, 0.15529550093625025, 0.09058168190766537]",nominal-cone-pseudo_6dof,118.72615036831489,booster-release,117.27715494239796,18.037915534695898,4.074470893220735,-0.05462748662164074,0.0,118.72613780089647,-116.23681052390592,-17.92785945499645,-4.016349416011714,0.0,0.729,0.0,23.6925,23.6925,12.0,alpha3-passive-deployment-parent-v1,-9.985276369363718e-05,-2.5693796331357523,7.687840690893681,-81.0182072689753,"[471.11399558107877, 2.125146165302241e-15, 122.29927961132141]",0.6284083335452221,native_rigid_body_reuse_instantaneous_projected_area,0.815426374599862,0.7706499974980432,0.0,0.0,0.0,0.0,0.0,0.0,0.0,query-000000,rigid_body_6dof,pseudo_6dof,77.37261444605612,4.440892098500626e-16,5.478634308085694e-17,,30.00000000000029,1.0403444184920403,0.1100560796994472,0.0581214772090215,1.0477628337937226,-0.05462748662164074,0.0,1.0463378008964668,-9.985276369363718e-05,-2.5693796331357523,7.687840690893681,6.819158717684951e-14,5.79467225274427e-16,"[0.016278648837324015, 4.14780891081436e-16, -35.37964538728113]","[0.0, 0.0, 0.0]",-143.28747482831434
query-000000,-0.004257001125172502,-2.9605947323337506e-16,0.10951436121745672,117.84758211961189,14.317348121781611,8.156530688184445,-9.49828869435029e-05,-4.234023778691643,5.6760446892136045,35.35514537122429,"[0.015177933147772391, 4.394525138508839e-16, -35.35514211328739]",-0.0001302920259856007,-0.17860517264456824,0.23949627133590573,0.20082514081331912,"[-0.5896820867202542, 0.333643251870397, 0.5953974998402122, 0.4318090252259879]","[0.0006514601299280034, 0.11893742091561527, 0.16181533514574672]",nominal-cone-pseudo_6dof,118.99398329977126,booster-release,117.84758211961189,14.317348121781611,8.156530688184445,-0.051084013502070036,-3.552713678800501e-15,118.99397233460948,-116.54193224237409,-14.20502628714759,-8.04553201692272,0.0,0.729,0.0,23.6925,23.6925,12.0,alpha3-passive-deployment-parent-v1,-9.49828869435029e-05,-4.234023778691643,5.6760446892136045,-82.02587339515512,"[471.1179261165167, 2.2300749692110723e-15, 113.45731378216445]",0.6300435560911116,native_rigid_body_reuse_instantaneous_projected_area,0.8175482490580446,0.7706499974980432,0.0,0.0,0.0,0.0,0.0,0.0,0.0,query-000000,rigid_body_6dof,pseudo_6dof,60.47337933720693,0.0,0.0,,30.250000000000295,1.3056498772377978,0.11232183463402201,0.11099867126172391,1.3151648191342453,-0.051084013502070036,-3.552713678800501e-15,1.3141723346094807,-9.49828869435029e-05,-4.234023778691643,5.6760446892136045,3.4567251744294865e-14,2.937398920145587e-16,"[0.015177933147772391, 4.394525138508839e-16, -35.35514211328739]","[0.0, 0.0, 0.0]",-126.19085342910135
query-000000,-0.0039796868744777685,2.9605947323337506e-16,0.12947311523864258,118.40071684396094,8.815282172685055,10.962912957818128,-9.035051688506389e-05,-5.256757593332647,2.9816587789849596,35.32509456291844,"[0.014148657606690315, 3.999779174197672e-16, -35.32509172945794]",-0.00012393760889583524,-0.22174945155695305,0.1258072147240093,0.21883670527480265,"[-0.6066555474675996, 0.3422940333315786, 0.5804701181669866, 0.4217324784594989]","[0.0006196880444791762, 0.06825931461738723, 0.20791773741127262]",nominal-cone-pseudo_6dof,119.2334869466987,booster-release,118.40071684396094,8.815282172685055,10.962912957818128,-0.047756242493733225,3.552713678800501e-15,119.23347738286371,-116.8564952589798,-8.743262554296702,-10.800472384792343,0.0,0.729,0.0,23.6925,23.6925,12.0,alpha3-passive-deployment-parent-v1,-9.035051688506389e-05,-5.256757593332647,2.9816587789849596,-83.21858220064856,"[471.1215904964471, 2.337100861055307e-15, 104.6221796659737]",0.6317292518046081,native_rigid_body_reuse_instantaneous_projected_area,0.8197356177973805,0.7706499974980432,0.0,0.0,0.0,0.0,0.0,0.0,0.0,query-000000,rigid_body_6dof,pseudo_6dof,38.991067766997226,0.0,0.0,,30.5000000000003,1.5442215849811305,0.07201961838835302,0.16244057302578518,1.5544111646277348,-0.047756242493733225,3.552713678800501e-15,1.553677382863711,-9.035051688506389e-05,-5.256757593332647,2.9816587789849596,1.2119377618992758e-14,1.0298604874407297e-16,"[0.014148657606690315, 3.999779174197672e-16, -35.32509172945794]","[0.0, 0.0, 0.0]",-104.52121645779428
query-000000,-0.0037154745067423294,8.881784197001252e-16,0.13681719670396691,118.67847938366856,2.3499057294882157,12.146777620603604,-8.594407018028208e-05,-5.517020730726979,-0.0025199275377951746,35.29148112591668,"[0.013187008784828399, 3.7530629465031927e-16, -35.29147866218887]",-0.00011789310038447473,-0.2327315714274528,-0.00011250534110055314,0.22395399018600606,"[-0.6208561329005966, 0.3558483027103028, 0.5679351624196449, 0.4066439462051354]","[0.0005894655019223736, 0.01075673767127925, 0.22369473584625774]",nominal-cone-pseudo_6dof,119.32161469038931,booster-release,118.67847938366856,2.3499057294882157,12.146777620603604,-0.044585694080907956,1.0658141036401503e-14,119.3216063604476,-117.04658541191543,-2.357548750337166,-11.961360095782254,0.0,0.729,0.0,23.6925,23.6925,12.0,alpha3-passive-deployment-parent-v1,-8.594407018028208e-05,-5.517020730726979,-0.0025199275377951746,-84.05355979369436,"[471.12500607873386, 2.434134745677915e-15, 95.7950698597441]",0.6327435862104258,native_rigid_body_reuse_instantaneous_projected_area,0.8210518241285435,0.7706499974980432,0.0,0.0,0.0,0.0,0.0,0.0,0.0,query-000000,rigid_body_6dof,pseudo_6dof,11.149913781136188,8.673617379884035e-19,1.5721558604549633e-19,,30.750000000000302,1.6318939717531293,-0.00764302084895041,0.1854175248213501,1.6424116442971541,-0.044585694080907956,1.0658141036401503e-14,1.6418063604476032,-8.594407018028208e-05,-5.517020730726979,-0.0025199275377951746,3.2674867534403895e-14,2.776591015144816e-16,"[0.013187008784828399, 3.7530629465031927e-16, -35.29147866218887]","[0.0, 0.0, 0.0]",-76.50224199979426
query-000000,-0.0034631536960028813,0.0,0.12862242285277975,118.58494973833702,-4.127035994768882,11.608914042899672,-8.175252841718243e-05,-5.00892546841032,-2.84450898299709,35.25800443674045,"[0.012289937886351746, 3.629704832655953e-16, -35.258002294778926]",-0.0001121433860318384,-0.21130072983482376,-0.12003480113130904,0.2132536099619528,"[-0.6305059760116631, 0.372064760883171, 0.5594235851683241, 0.38868403656433803]","[0.0005607169301590016, -0.045391126072498206, 0.2083661043264943]",nominal-cone-pseudo_6dof,119.22327631717494,booster-release,118.58494973833702,-4.127035994768882,11.608914042899672,-0.04155784435203458,0.0,119.22326907423336,-117.05269533566099,4.0364260760560455,-11.441551784153845,0.0,0.729,0.0,23.6925,23.6925,12.0,alpha3-passive-deployment-parent-v1,-8.175252841718243e-05,-5.00892546841032,-2.84450898299709,-84.08234375929644,"[471.1281893827275, 2.5282080355681894e-15, 86.97642791555184]",0.6327664172008484,native_rigid_body_reuse_instantaneous_projected_area,0.8210814497569048,0.7706499974980432,0.0,0.0,0.0,0.0,0.0,0.0,0.0,query-000000,rigid_body_6dof,pseudo_6dof,-19.432158562117028,4.440892098500626e-16,7.709537549617027e-17,,31.000000000000306,1.5322544026760312,-0.09060991871283619,0.16736225874582722,1.5440284445378474,-0.04155784435203458,0.0,1.5434690742333572,-8.175252841718243e-05,-5.00892546841032,-2.84450898299709,7.666990832669701e-14,6.515129047355366e-16,"[0.012289937886351746, 3.629704832655953e-16, -35.258002294778926]","[0.0, 0.0, 0.0]",-45.751237973989696
query-000000,-0.003224418459571036,-2.9605947323337506e-16,0.11014233373311791,118.22267152982016,-9.705289341229475,9.51670634836678,-7.776541055808124e-05,-3.8438592422760265,-5.151933979014036,35.228040135901956,"[0.011454302266456655, 3.8764210603504323e-16, -35.22803827373416]",-0.00010667408855703874,-0.16215390234990995,-0.21740213723004728,0.18969330409362695,"[-0.6346295671967016, 0.3884999631857695, 0.5560126555854992, 0.37035525900565264]","[0.0005333704427851936, -0.09257330684584256, 0.16557006973953192]",nominal-cone-pseudo_6dof,119.00151429526336,booster-release,118.22267152982016,-9.705289341229475,9.51670634836678,-0.03869302151485243,-3.552713678800501e-15,119.00150800479742,-116.91372226210979,9.562978853673027,-9.39501518372682,0.0,0.729,0.0,23.6925,23.6925,12.0,alpha3-passive-deployment-parent-v1,-7.776541055808124e-05,-3.8438592422760265,-5.151933979014036,-83.45877675485661,"[471.1311561690879, 2.6203075956369076e-15, 78.16577001476043]",0.6320088816472871,native_rigid_body_reuse_instantaneous_projected_area,0.8200984671370116,0.7706499974980432,0.0,0.0,0.0,0.0,0.0,0.0,0.0,query-000000,rigid_body_6dof,pseudo_6dof,-45.507614760733134,9.930136612989092e-16,1.5448533964012017e-16,,31.25000000000031,1.308949267710375,-0.1423104875564487,0.12169116463996055,1.3222742528914009,-0.03869302151485243,-3.552713678800501e-15,1.321708004797415,-7.776541055808124e-05,-3.8438592422760265,-5.151933979014036,1.2046463404901154e-14,1.0236645035852503e-16,"[0.011454302266456655, 3.8764210603504323e-16, -35.22803827373416]","[0.0, 0.0, 0.0]",-19.51514293452859
query-000000,-0.0030018629490028794,-5.921189464667501e-16,0.09131934514782476,117.82009137769228,-13.67421388969186,6.252521934329807,-7.397274673153632e-05,-2.222000701031213,-6.639400087358582,35.20295855227695,"[0.010676376984867432, 4.2464954018921513e-16, -35.202956933307505]",-0.00010147153186760057,-0.09373454668045929,-0.2801707467232786,0.16158295357981262,"[-0.6331274781232478, 0.4028542432845132, 0.5580785114049119, 0.3541277032668249]","[0.0005073576593383835, -0.12485684698052137, 0.10256491231344206]",nominal-cone-pseudo_6dof,118.77563760421609,booster-release,117.82009137769228,-13.67421388969186,6.252521934329807,-0.036022355388034555,-7.105427357601002e-15,118.7756321417739,-116.73758219402401,13.516002719511803,-6.179797894724636,0.0,0.729,0.0,23.6925,23.6925,12.0,alpha3-passive-deployment-parent-v1,-7.397274673153632e-05,-2.222000701031213,-6.639400087358582,-82.74474771416922,"[471.1339213447085, 2.7223991629272526e-15, 69.3619944856974]",0.6310545247253655,native_rigid_body_reuse_instantaneous_projected_area,0.8188600879440966,0.7706499974980432,0.0,0.0,0.0,0.0,0.0,0.0,0.0,query-000000,rigid_body_6dof,pseudo_6dof,-65.42913381533633,8.881784197001252e-16,1.268581415318735e-16,,31.500000000000313,1.0825091836682645,-0.15821117018005637,0.07272403960517071,1.0964240479998917,-0.036022355388034555,-7.105427357601002e-15,1.0958321417738972,-7.397274673153632e-05,-2.222000701031213,-6.639400087358582,4.620722353445473e-14,3.926521249564898e-16,"[0.010676376984867432, 4.2464954018921513e-16, -35.202956933307505]","[0.0, 0.0, 0.0]",0.559235617133227
query-000000,-0.002797007615063407,-2.9605947323337506e-16,0.08125061169249173,117.60129641273814,-15.604448665980158,2.323939626665008,-7.036505330247186e-05,-0.38856195036002505,-7.1589645698483295,35.18163446194752,"[0.009951889630354645, 4.443868384047735e-16, -35.181633054393394]",-9.652270686212036e-05,-0.016386688589432208,-0.30209675940762376,0.14167660660788758,"[-0.6266791233241393, 0.4132490450848283, 0.565236747974256, 0.34206128378647765]","[0.00048261353431050666, -0.13869597586561752, 0.028904224998893835]",nominal-cone-pseudo_6dof,118.65481208747619,booster-release,117.60129641273814,-15.604448665980158,2.323939626665008,-0.033564091380760885,-3.552713678800501e-15,118.6548073403099,-116.63917366870152,15.446401451149793,-2.2906715461649156,0.0,0.729,0.0,23.6925,23.6925,12.0,alpha3-passive-deployment-parent-v1,-7.036505330247186e-05,-0.38856195036002505,-7.1589645698483295,-82.37474048617179,"[471.1364988111281, 2.824614088331445e-15, 60.56397351891676]",0.630524045999754,native_rigid_body_reuse_instantaneous_projected_area,0.8181717356086217,0.7706499974980432,0.0,0.0,0.0,0.0,0.0,0.0,0.0,query-000000,rigid_body_6dof,pseudo_6dof,-81.56462567101794,8.899114524108741e-16,1.2412458970613967e-16,,31.750000000000316,0.9621227440366198,-0.15804721483036488,0.033268080500092445,0.9755848819494913,-0.033564091380760885,-3.552713678800501e-15,0.9750073403099009,-7.036505330247186e-05,-0.38856195036002505,-7.1589645698483295,2.7610691533236307e-14,2.346255817331123e-16,"[0.009951889630354645, 4.443868384047735e-16, -35.181633054393394]","[0.0, 0.0, 0.0]",16.840218984454783
query-000000,-0.0026093208758132627,-5.921189464667501e-16,0.08368121844437344,117.67364817341108,-15.357205525756836,-1.7191789752668294,-6.693330915815355e-05,1.404767428171228,-6.697418229343604,35.16127134509243,"[0.009276437170958168, 4.0984656652754633e-16, -35.16127012141244]",-9.181523890011153e-05,0.0592716190442241,-0.2826216779617758,0.14059670568582983,"[-0.6165434368856474, 0.4184159706476065, 0.5763917667165825, 0.3355216791827197]","[0.0004590761945003673, -0.13319339227628038, -0.04501936419689186]",nominal-cone-pseudo_6dof,118.68397875176353,booster-release,117.67364817341108,-15.357205525756836,-1.7191789752668294,-0.031311850509759154,-7.105427357601002e-15,118.68397462133248,-116.68144927454995,15.199449336944127,1.717982271241958,0.0,0.729,0.0,23.6925,23.6925,12.0,alpha3-passive-deployment-parent-v1,-6.693330915815355e-05,1.404767428171228,-6.697418229343604,-82.53145934425864,"[471.13890137465455, 2.927199088077179e-15, 51.771097687506575]",0.6307569158316916,native_rigid_body_reuse_instantaneous_projected_area,0.8184739088814351,0.7706499974980432,0.0,0.0,0.0,0.0,0.0,0.0,0.0,query-000000,rigid_body_6dof,pseudo_6dof,-96.44872944284987,9.155133597044475e-16,1.3378525567004733e-16,,32.00000000000032,0.9921988988611332,-0.1577561888127086,-0.0011967040248714866,1.004662680759357,-0.031311850509759154,-7.105427357601002e-15,1.0041746213324814,-6.693330915815355e-05,1.404767428171228,-6.697418229343604,5.270751654351262e-14,4.478892430435183e-16,"[0.009276437170958168, 4.0984656652754633e-16, -35.16127012141244]","[0.0, 0.0, 0.0]",31.862777898693338
query-000000,-0.0024364723837925575,-5.921189464667501e-16,0.09564674547672543,117.98617728322594,-13.064926769396331,-5.344132647279505,-6.3668933150706e-05,2.9261926939869385,-5.361211871434794,35.138985436314385,"[0.008645990644303861, 3.9504359286587763e-16, -35.138984372636045]",-8.733735685967901e-05,0.12346086165841601,-0.22623651365493674,0.15509755270722742,"[-0.6043317726822477, 0.4178079475381098, 0.5898955135246066, 0.33502673120851884]","[0.0004366867842983951, -0.11002068222246734, -0.1093183865766709]",nominal-cone-pseudo_6dof,118.82756454270286,booster-release,117.98617728322594,-13.064926769396331,-5.344132647279505,-0.02923766860551069,-7.105427357601002e-15,118.8275609457207,-116.84884700359501,12.912734243696192,5.305051962245486,0.0,0.729,0.0,23.6925,23.6925,12.0,alpha3-passive-deployment-parent-v1,-6.3668933150706e-05,2.9261926939869385,-5.361211871434794,-83.18711934831178,"[471.1411407781533, 3.0243563308136347e-15, 42.98350286255348]",0.63166793928606,native_rigid_body_reuse_instantaneous_projected_area,0.8196560583102629,0.7706499974980432,0.0,0.0,0.0,0.0,0.0,0.0,0.0,query-000000,rigid_body_6dof,pseudo_6dof,-112.33475946384384,0.0,0.0,,32.250000000000306,1.1373302796309304,-0.15219252570013886,-0.03908068503401907,1.1481332804980322,-0.02923766860551069,-7.105427357601002e-15,1.1477609457207052,-6.3668933150706e-05,2.9261926939869385,-5.361211871434794,4.2843983375538104e-14,3.640725373049419e-16,"[0.008645990644303861, 3.9504359286587763e-16, -35.138984372636045]","[0.0, 0.0, 0.0]",47.88052273495496
query-000000,-0.0022754185482257343,-2.9605947323337506e-16,0.10960052952714368,118.36986714328103,-9.110891945749518,-8.085696214003326,-6.056376263977487e-05,3.984933774415379,-3.361668557829348,35.11328113265297,"[0.008057219695781903, 3.777734569272641e-16, -35.11328020823367]",-8.307786370339489e-05,0.16813116732394764,-0.14185802680231316,0.17209101921802528,"[-0.5917944137295844, 0.4116438779294258, 0.6037997293648555, 0.3402272423845703]","[0.0004153893185169744, -0.07309707251532818, -0.1557946222977599]",nominal-cone-pseudo_6dof,118.99500948708001,booster-release,118.36986714328103,-9.110891945749518,-8.085696214003326,-0.027305022578708815,-3.552713678800501e-15,118.99500635432572,-117.0626325917384,8.98589549783037,8.008062239626646,0.0,0.729,0.0,23.6925,23.6925,12.0,alpha3-passive-deployment-parent-v1,-6.056376263977487e-05,3.984933774415379,-3.361668557829348,-84.12945870417246,"[471.1432278408487, 3.1258311075347434e-15, 34.20189639469396]",0.6328303690372981,native_rigid_body_reuse_instantaneous_projected_area,0.8211644340385597,0.7706499974980432,0.0,0.0,0.0,0.0,0.0,0.0,0.0,query-000000,rigid_body_6dof,pseudo_6dof,-131.70682891523523,4.440892098500626e-16,8.518073811483918e-17,,32.50000000000029,1.3072345515426207,-0.12499644791914832,-0.0776339743766794,1.3154897638206031,-0.027305022578708815,-3.552713678800501e-15,1.3152063543257242,-6.056376263977487e-05,3.984933774415379,-3.361668557829348,2.391535863309705e-14,2.032239911445894e-16,"[0.008057219695781903, 3.777734569272641e-16, -35.11328020823367]","[0.0, 0.0, 0.0]",67.37786666372165
query-000000,-0.002123631413681437,-5.921189464667501e-16,0.11766736886284215,118.63333849353724,-4.094840208193278,-9.603268465438948,-5.7610033081672566e-05,4.454325921509677,-0.9947259010465281,35.08468669030762,"[0.007507512942169687, 3.6050332098865056e-16, -35.08468588706899]",-7.902610847967962e-05,0.18793720413181073,-0.04197410579952444,0.18113302628414296,"[-0.5806263955552045, 0.4008787186290752, 0.6161668160775291, 0.35001099482696585]","[0.0003951305423983029, -0.028037377242197056, -0.17894949723339604]",nominal-cone-pseudo_6dof,119.09181115287524,booster-release,118.63333849353724,-4.094840208193278,-9.603268465438948,-0.025483576964177246,-7.105427357601002e-15,119.0918084263541,-117.22665665285649,4.023614796388198,9.500359046035712,0.0,0.729,0.0,23.6925,23.6925,12.0,alpha3-passive-deployment-parent-v1,-5.7610033081672566e-05,4.454325921509677,-0.9947259010465281,-84.97027857954414,"[471.1451726419779, 3.2168204445788362e-15, 25.427108245193782]",0.6337234127815073,native_rigid_body_reuse_instantaneous_projected_area,0.8223232528890217,0.7706499974980432,0.0,0.0,0.0,0.0,0.0,0.0,0.0,query-000000,rigid_body_6dof,pseudo_6dof,-157.04625445043305,1.1102230246251565e-16,2.4325422525429915e-17,,32.75000000000028,1.406681840680747,-0.07122541180507991,-0.10290941940323606,1.4122383682614943,-0.025483576964177246,-7.105427357601002e-15,1.412008426354106,-5.7610033081672566e-05,4.454325921509677,-0.9947259010465281,7.092377436072116e-14,6.026843550101305e-16,"[0.007507512942169687, 3.6050332098865056e-16, -35.08468588706899]","[0.0, 0.0, 0.0]",92.8364467040002
query-000000,-0.001979852986751851,-2.9605947323337506e-16,0.11571073874169831,118.663015282393,1.2436177191115605,-9.737028406711856,-5.480035861397667e-05,4.293319446211498,1.3969007147925248,35.055298940555716,"[0.006994740340000272, 3.703719700964297e-16, -35.05529824270982]",-7.517195968995428e-05,0.18114569485453233,0.05895282471944376,0.17767699048427438,"[-0.5722852898920681, 0.3870786265413121, 0.6253814370683339, 0.3627088943193819]","[0.00037585979844977145, 0.018643734685836556, -0.17669573518884085]",nominal-cone-pseudo_6dof,119.06833123519385,booster-release,118.663015282393,1.2436177191115605,-9.737028406711856,-0.023758235841022213,-3.552713678800501e-15,119.06832886490038,-117.27814887588207,-1.2502315051416701,9.633693241431054,0.0,0.729,0.0,23.6925,23.6925,12.0,alpha3-passive-deployment-parent-v1,-5.480035861397667e-05,4.293319446211498,1.3969007147925248,-85.26483884931723,"[471.1469846747837, 3.304972545004443e-15, 16.65962055553944]",0.634006941831924,native_rigid_body_reuse_instantaneous_projected_area,0.8226911618637017,0.7706499974980432,0.0,0.0,0.0,0.0,0.0,0.0,0.0,query-000000,rigid_body_6dof,pseudo_6dof,172.60565461650282,8.881784197001252e-16,1.9672353810535546e-16,,33.00000000000026,1.3848664065109375,-0.006613786030109647,-0.10333516528080189,1.388732106070791,-0.023758235841022213,-3.552713678800501e-15,1.3885288649003797,-5.480035861397667e-05,4.293319446211498,1.3969007147925248,1.4111062665270492e-14,1.199106615176988e-16,"[0.006994740340000272, 3.703719700964297e-16, -35.05529824270982]","[0.0, 0.0, 0.0]",123.29790327470941
query-000000,-0.0018440966290314738,-5.921189464667501e-16,0.10511992962049513,118.47526309324314,6.145444329300953,-8.536065282960626,-5.212771358702482e-05,3.554577013665856,3.478923949090157,35.02756326920963,"[0.006516919852724688, 3.6543764554254013e-16, -35.027562662969274]",-7.150577995476656e-05,0.14997745362605433,0.14681554431671007,0.16226796557684225,"[-0.5678238808609279, 0.3721953884612776, 0.6303924707396568, 0.37636679711013893]","[0.0003575288997738328, 0.060494325982151764, -0.15056958972348383]",nominal-cone-pseudo_6dof,118.94124121402417,booster-release,118.47526309324314,6.145444329300953,-8.536065282960626,-0.022129159548377686,-7.105427357601002e-15,118.94123915544594,-117.21705606719013,-6.09990071123508,8.455075771055029,0.0,0.729,0.0,23.6925,23.6925,12.0,alpha3-passive-deployment-parent-v1,-5.212771358702482e-05,3.554577013665856,3.478923949090157,-84.917241785802,"[471.14867292517573, 3.397442179414703e-15, 7.899318630013293]",0.6336801684956515,native_rigid_body_reuse_instantaneous_projected_area,0.8222671388476329,0.7706499974980432,0.0,0.0,0.0,0.0,0.0,0.0,0.0,query-000000,rigid_body_6dof,pseudo_6dof,144.19149667862672,6.280369834735101e-16,1.2627097806056343e-16,,33.25000000000025,1.2582070260530145,0.04554361806587348,-0.08098951190559767,1.2616332440905669,-0.022129159548377686,-7.105427357601002e-15,1.2614391554459417,-5.212771358702482e-05,3.554577013665856,3.478923949090157,3.410794364852985e-14,2.8983685941452865e-16,"[0.006516919852724688, 3.6543764554254013e-16, -35.027562662969274]","[0.0, 0.0, 0.0]",151.81995508357335
query-000000,-0.001716871882972389,-8.881784197001252e-16,0.09057964431047812,118.18390926010908,9.958806215988501,-6.239267765656591,-4.958541499613209e-05,2.371422959437978,4.980614149688014,35.00299638843718,"[0.006071967770237466, 4.1231372880449117e-16, -35.00299586178523]",-6.801840191509512e-05,0.10005699225603995,0.21018867377696054,0.13990139429932824,"[-0.5677577329328591, 0.3582696261698105, 0.6308309770956232, 0.3890325307678856]","[0.0003400920095756659, 0.09206447928827444, -0.10533952780272]",nominal-cone-pseudo_6dof,118.76675751867973,booster-release,118.18390926010908,9.958806215988501,-6.239267765656591,-0.02060246259566867,-1.0658141036401503e-14,118.76675573172574,-117.10027518328917,-9.885908311862355,6.1910981972025425,0.0,0.729,0.0,23.6925,23.6925,12.0,alpha3-passive-deployment-parent-v1,-4.958541499613209e-05,2.371422959437978,4.980614149688014,-84.31145659029613,"[471.15024587415945, 3.4911453949634355e-15, -0.8544289647458732]",0.633050493626142,native_rigid_body_reuse_instantaneous_projected_area,0.8214500690084663,0.7706499974980432,0.0,0.0,0.0,0.0,0.0,0.0,0.0,query-000000,rigid_body_6dof,pseudo_6dof,122.05705641202265,8.881784197001252e-16,1.6100822756381912e-16,ground_contact,33.500000000000234,1.083634076819905,0.07289790412614572,-0.04816956845404885,1.087150966607876,-0.02060246259566867,-1.0658141036401503e-14,1.0869557317257375,-4.958541499613209e-05,2.371422959437978,4.980614149688014,3.734838872159129e-14,3.173729792334053e-16,"[0.006071967770237466, 4.1231372880449117e-16, -35.00299586178523]","[0.0, 0.0, 0.0]",174.05709743821456
